Comp_meetnet,Typeklasse,Vegcode,Waterhuishoudingsklasse_2,Standplaatsfactor,Compartiment
Atmosferisch meetnet,Kust- en zilte habitats,1140,Tijdelijk tot permanent nat,luchtvochtigheid (relatieve),Atmosfeer
Atmosferisch meetnet,Kust- en zilte habitats,1140,Tijdelijk tot permanent nat,neerslag,Atmosfeer
Atmosferisch meetnet,Kust- en zilte habitats,1140,Tijdelijk tot permanent nat,temperatuur,Atmosfeer
Atmosferisch meetnet,Kust- en zilte habitats,1310_pol,Tijdelijk tot permanent nat,luchtvochtigheid (relatieve),Atmosfeer
Atmosferisch meetnet,Kust- en zilte habitats,1310_pol,Tijdelijk tot permanent nat,neerslag,Atmosfeer
Atmosferisch meetnet,Kust- en zilte habitats,1310_pol,Tijdelijk tot permanent nat,NHy,Atmosfeer
Atmosferisch meetnet,Kust- en zilte habitats,1310_pol,Tijdelijk tot permanent nat,NOx,Atmosfeer
Atmosferisch meetnet,Kust- en zilte habitats,1310_pol,Tijdelijk tot permanent nat,temperatuur,Atmosfeer
Atmosferisch meetnet,Kust- en zilte habitats,1310_zk,Tijdelijk tot permanent nat,luchtvochtigheid (relatieve),Atmosfeer
Atmosferisch meetnet,Kust- en zilte habitats,1310_zk,Tijdelijk tot permanent nat,neerslag,Atmosfeer
Atmosferisch meetnet,Kust- en zilte habitats,1310_zk,Tijdelijk tot permanent nat,NHy,Atmosfeer
Atmosferisch meetnet,Kust- en zilte habitats,1310_zk,Tijdelijk tot permanent nat,NOx,Atmosfeer
Atmosferisch meetnet,Kust- en zilte habitats,1310_zk,Tijdelijk tot permanent nat,temperatuur,Atmosfeer
Atmosferisch meetnet,Kust- en zilte habitats,1310_zv,Tijdelijk tot permanent nat,luchtvochtigheid (relatieve),Atmosfeer
Atmosferisch meetnet,Kust- en zilte habitats,1310_zv,Tijdelijk tot permanent nat,neerslag,Atmosfeer
Atmosferisch meetnet,Kust- en zilte habitats,1310_zv,Tijdelijk tot permanent nat,NHy,Atmosfeer
Atmosferisch meetnet,Kust- en zilte habitats,1310_zv,Tijdelijk tot permanent nat,NOx,Atmosfeer
Atmosferisch meetnet,Kust- en zilte habitats,1310_zv,Tijdelijk tot permanent nat,temperatuur,Atmosfeer
Atmosferisch meetnet,Kust- en zilte habitats,1320,Tijdelijk tot permanent nat,luchtvochtigheid (relatieve),Atmosfeer
Atmosferisch meetnet,Kust- en zilte habitats,1320,Tijdelijk tot permanent nat,neerslag,Atmosfeer
Atmosferisch meetnet,Kust- en zilte habitats,1320,Tijdelijk tot permanent nat,NHy,Atmosfeer
Atmosferisch meetnet,Kust- en zilte habitats,1320,Tijdelijk tot permanent nat,NOx,Atmosfeer
Atmosferisch meetnet,Kust- en zilte habitats,1320,Tijdelijk tot permanent nat,temperatuur,Atmosfeer
Atmosferisch meetnet,Kust- en zilte habitats,1330_da,Tijdelijk tot permanent nat,luchtvochtigheid (relatieve),Atmosfeer
Atmosferisch meetnet,Kust- en zilte habitats,1330_da,Tijdelijk tot permanent nat,neerslag,Atmosfeer
Atmosferisch meetnet,Kust- en zilte habitats,1330_da,Tijdelijk tot permanent nat,NHy,Atmosfeer
Atmosferisch meetnet,Kust- en zilte habitats,1330_da,Tijdelijk tot permanent nat,NOx,Atmosfeer
Atmosferisch meetnet,Kust- en zilte habitats,1330_da,Tijdelijk tot permanent nat,temperatuur,Atmosfeer
Atmosferisch meetnet,Kust- en zilte habitats,1330_hpr,Tijdelijk tot permanent nat,luchtvochtigheid (relatieve),Atmosfeer
Atmosferisch meetnet,Kust- en zilte habitats,1330_hpr,Tijdelijk tot permanent nat,neerslag,Atmosfeer
Atmosferisch meetnet,Kust- en zilte habitats,1330_hpr,Tijdelijk tot permanent nat,NHy,Atmosfeer
Atmosferisch meetnet,Kust- en zilte habitats,1330_hpr,Tijdelijk tot permanent nat,NOx,Atmosfeer
Atmosferisch meetnet,Kust- en zilte habitats,1330_hpr,Tijdelijk tot permanent nat,temperatuur,Atmosfeer
Atmosferisch meetnet,Kustduinen,2110,Droog tot vochtig + Tijdelijk tot permanent nat,NHy,Atmosfeer
Atmosferisch meetnet,Kustduinen,2110,Droog tot vochtig + Tijdelijk tot permanent nat,NOx,Atmosfeer
Atmosferisch meetnet,Kustduinen,2120,Droog tot vochtig,CO2,Atmosfeer
Atmosferisch meetnet,Kustduinen,2120,Droog tot vochtig,luchtvochtigheid (relatieve),Atmosfeer
Atmosferisch meetnet,Kustduinen,2120,Droog tot vochtig,neerslag,Atmosfeer
Atmosferisch meetnet,Kustduinen,2120,Droog tot vochtig,NHy,Atmosfeer
Atmosferisch meetnet,Kustduinen,2120,Droog tot vochtig,NOx,Atmosfeer
Atmosferisch meetnet,Kustduinen,2120,Droog tot vochtig,O3,Atmosfeer
Atmosferisch meetnet,Kustduinen,2120,Droog tot vochtig,organische polluenten (en pesticiden) + zware metalen,Atmosfeer
Atmosferisch meetnet,Kustduinen,2120,Droog tot vochtig,temperatuur,Atmosfeer
Atmosferisch meetnet,Kustduinen,2130_had,Droog tot vochtig + Tijdelijk tot permanent nat,luchtvochtigheid (relatieve),Atmosfeer
Atmosferisch meetnet,Kustduinen,2130_had,Droog tot vochtig + Tijdelijk tot permanent nat,neerslag,Atmosfeer
Atmosferisch meetnet,Kustduinen,2130_had,Droog tot vochtig + Tijdelijk tot permanent nat,NHy,Atmosfeer
Atmosferisch meetnet,Kustduinen,2130_had,Droog tot vochtig + Tijdelijk tot permanent nat,NOx,Atmosfeer
Atmosferisch meetnet,Kustduinen,2130_had,Droog tot vochtig + Tijdelijk tot permanent nat,SOx,Atmosfeer
Atmosferisch meetnet,Kustduinen,2130_had,Droog tot vochtig + Tijdelijk tot permanent nat,temperatuur,Atmosfeer
Atmosferisch meetnet,Kustduinen,2130_hd,Droog tot vochtig + Tijdelijk tot permanent nat,luchtvochtigheid (relatieve),Atmosfeer
Atmosferisch meetnet,Kustduinen,2130_hd,Droog tot vochtig + Tijdelijk tot permanent nat,neerslag,Atmosfeer
Atmosferisch meetnet,Kustduinen,2130_hd,Droog tot vochtig + Tijdelijk tot permanent nat,NHy,Atmosfeer
Atmosferisch meetnet,Kustduinen,2130_hd,Droog tot vochtig + Tijdelijk tot permanent nat,NOx,Atmosfeer
Atmosferisch meetnet,Kustduinen,2130_hd,Droog tot vochtig + Tijdelijk tot permanent nat,SOx,Atmosfeer
Atmosferisch meetnet,Kustduinen,2130_hd,Droog tot vochtig + Tijdelijk tot permanent nat,temperatuur,Atmosfeer
Atmosferisch meetnet,Kustduinen,2150,Droog tot vochtig,NHy,Atmosfeer
Atmosferisch meetnet,Kustduinen,2150,Droog tot vochtig,NOx,Atmosfeer
Atmosferisch meetnet,Kustduinen,2150,Droog tot vochtig,SOx,Atmosfeer
Atmosferisch meetnet,Kustduinen,2160,Droog tot vochtig + Tijdelijk tot permanent nat,NHy,Atmosfeer
Atmosferisch meetnet,Kustduinen,2160,Droog tot vochtig + Tijdelijk tot permanent nat,NOx,Atmosfeer
Atmosferisch meetnet,Kustduinen,2160,Droog tot vochtig + Tijdelijk tot permanent nat,SOx,Atmosfeer
Atmosferisch meetnet,Kustduinen,2170,Tijdelijk tot permanent nat,NHy,Atmosfeer
Atmosferisch meetnet,Kustduinen,2170,Tijdelijk tot permanent nat,NOx,Atmosfeer
Atmosferisch meetnet,Kustduinen,2180,Droog tot vochtig + Tijdelijk tot permanent nat,luchtvochtigheid (relatieve),Atmosfeer
Atmosferisch meetnet,Kustduinen,2180,Droog tot vochtig + Tijdelijk tot permanent nat,neerslag,Atmosfeer
Atmosferisch meetnet,Kustduinen,2180,Droog tot vochtig + Tijdelijk tot permanent nat,NHy,Atmosfeer
Atmosferisch meetnet,Kustduinen,2180,Droog tot vochtig + Tijdelijk tot permanent nat,NOx,Atmosfeer
Atmosferisch meetnet,Kustduinen,2180,Droog tot vochtig + Tijdelijk tot permanent nat,SOx,Atmosfeer
Atmosferisch meetnet,Kustduinen,2180,Droog tot vochtig + Tijdelijk tot permanent nat,temperatuur,Atmosfeer
Atmosferisch meetnet,Kustduinen,2190_a,Oppervlaktewater,NHy,Atmosfeer
Atmosferisch meetnet,Kustduinen,2190_a,Oppervlaktewater,NOx,Atmosfeer
Atmosferisch meetnet,Kustduinen,2190_mp,Tijdelijk tot permanent nat,CO2,Atmosfeer
Atmosferisch meetnet,Kustduinen,2190_mp,Tijdelijk tot permanent nat,luchtvochtigheid (relatieve),Atmosfeer
Atmosferisch meetnet,Kustduinen,2190_mp,Tijdelijk tot permanent nat,neerslag,Atmosfeer
Atmosferisch meetnet,Kustduinen,2190_mp,Tijdelijk tot permanent nat,NHy,Atmosfeer
Atmosferisch meetnet,Kustduinen,2190_mp,Tijdelijk tot permanent nat,NOx,Atmosfeer
Atmosferisch meetnet,Kustduinen,2190_mp,Tijdelijk tot permanent nat,O3,Atmosfeer
Atmosferisch meetnet,Kustduinen,2190_mp,Tijdelijk tot permanent nat,organische polluenten (en pesticiden) + zware metalen,Atmosfeer
Atmosferisch meetnet,Kustduinen,2190_mp,Tijdelijk tot permanent nat,temperatuur,Atmosfeer
Atmosferisch meetnet,Kustduinen,2190_overig,Tijdelijk tot permanent nat,CO2,Atmosfeer
Atmosferisch meetnet,Kustduinen,2190_overig,Tijdelijk tot permanent nat,luchtvochtigheid (relatieve),Atmosfeer
Atmosferisch meetnet,Kustduinen,2190_overig,Tijdelijk tot permanent nat,neerslag,Atmosfeer
Atmosferisch meetnet,Kustduinen,2190_overig,Tijdelijk tot permanent nat,NHy,Atmosfeer
Atmosferisch meetnet,Kustduinen,2190_overig,Tijdelijk tot permanent nat,NOx,Atmosfeer
Atmosferisch meetnet,Kustduinen,2190_overig,Tijdelijk tot permanent nat,O3,Atmosfeer
Atmosferisch meetnet,Kustduinen,2190_overig,Tijdelijk tot permanent nat,organische polluenten (en pesticiden) + zware metalen,Atmosfeer
Atmosferisch meetnet,Kustduinen,2190_overig,Tijdelijk tot permanent nat,temperatuur,Atmosfeer
Atmosferisch meetnet,Binnenlandse duinen,2310,Droog tot vochtig,CO2,Atmosfeer
Atmosferisch meetnet,Binnenlandse duinen,2310,Droog tot vochtig,NHy,Atmosfeer
Atmosferisch meetnet,Binnenlandse duinen,2310,Droog tot vochtig,NOx,Atmosfeer
Atmosferisch meetnet,Binnenlandse duinen,2310,Droog tot vochtig,O3,Atmosfeer
Atmosferisch meetnet,Binnenlandse duinen,2310,Droog tot vochtig,organische polluenten (en pesticiden) + zware metalen,Atmosfeer
Atmosferisch meetnet,Binnenlandse duinen,2310,Droog tot vochtig,SOx,Atmosfeer
Atmosferisch meetnet,Binnenlandse duinen,2330_bu,Droog tot vochtig,CO2,Atmosfeer
Atmosferisch meetnet,Binnenlandse duinen,2330_bu,Droog tot vochtig,NHy,Atmosfeer
Atmosferisch meetnet,Binnenlandse duinen,2330_bu,Droog tot vochtig,NOx,Atmosfeer
Atmosferisch meetnet,Binnenlandse duinen,2330_bu,Droog tot vochtig,O3,Atmosfeer
Atmosferisch meetnet,Binnenlandse duinen,2330_bu,Droog tot vochtig,organische polluenten (en pesticiden) + zware metalen,Atmosfeer
Atmosferisch meetnet,Binnenlandse duinen,2330_bu,Droog tot vochtig,SOx,Atmosfeer
Atmosferisch meetnet,Binnenlandse duinen,2330_dw,Droog tot vochtig,CO2,Atmosfeer
Atmosferisch meetnet,Binnenlandse duinen,2330_dw,Droog tot vochtig,NHy,Atmosfeer
Atmosferisch meetnet,Binnenlandse duinen,2330_dw,Droog tot vochtig,NOx,Atmosfeer
Atmosferisch meetnet,Binnenlandse duinen,2330_dw,Droog tot vochtig,O3,Atmosfeer
Atmosferisch meetnet,Binnenlandse duinen,2330_dw,Droog tot vochtig,organische polluenten (en pesticiden) + zware metalen,Atmosfeer
Atmosferisch meetnet,Binnenlandse duinen,2330_dw,Droog tot vochtig,SOx,Atmosfeer
Atmosferisch meetnet,Zoete en brakke wateren,3110,Oppervlaktewater,NHy,Atmosfeer
Atmosferisch meetnet,Zoete en brakke wateren,3110,Oppervlaktewater,NOx,Atmosfeer
Atmosferisch meetnet,Zoete en brakke wateren,3110,Oppervlaktewater,SOx,Atmosfeer
Atmosferisch meetnet,Zoete en brakke wateren,3130_aom,Oppervlaktewater,NHy,Atmosfeer
Atmosferisch meetnet,Zoete en brakke wateren,3130_aom,Oppervlaktewater,NOx,Atmosfeer
Atmosferisch meetnet,Zoete en brakke wateren,3130_aom,Oppervlaktewater,SOx,Atmosfeer
Atmosferisch meetnet,Zoete en brakke wateren,3130_na,Oppervlaktewater,NHy,Atmosfeer
Atmosferisch meetnet,Zoete en brakke wateren,3130_na,Oppervlaktewater,NOx,Atmosfeer
Atmosferisch meetnet,Zoete en brakke wateren,3130_na,Oppervlaktewater,SOx,Atmosfeer
Atmosferisch meetnet,Zoete en brakke wateren,3140,Oppervlaktewater,NHy,Atmosfeer
Atmosferisch meetnet,Zoete en brakke wateren,3140,Oppervlaktewater,NOx,Atmosfeer
Atmosferisch meetnet,Zoete en brakke wateren,3150,Oppervlaktewater,CO2,Atmosfeer
Atmosferisch meetnet,Zoete en brakke wateren,3150,Oppervlaktewater,NHy,Atmosfeer
Atmosferisch meetnet,Zoete en brakke wateren,3150,Oppervlaktewater,NOx,Atmosfeer
Atmosferisch meetnet,Zoete en brakke wateren,3150,Oppervlaktewater,O3,Atmosfeer
Atmosferisch meetnet,Zoete en brakke wateren,3150,Oppervlaktewater,organische polluenten (en pesticiden) + zware metalen,Atmosfeer
Atmosferisch meetnet,Zoete en brakke wateren,3160,Oppervlaktewater,NHy,Atmosfeer
Atmosferisch meetnet,Zoete en brakke wateren,3160,Oppervlaktewater,NOx,Atmosfeer
Atmosferisch meetnet,Zoete en brakke wateren,3160,Oppervlaktewater,SOx,Atmosfeer
Atmosferisch meetnet,Zoete en brakke wateren,3260,Oppervlaktewater,CO2,Atmosfeer
Atmosferisch meetnet,Zoete en brakke wateren,3260,Oppervlaktewater,O3,Atmosfeer
Atmosferisch meetnet,Zoete en brakke wateren,3260,Oppervlaktewater,organische polluenten (en pesticiden) + zware metalen,Atmosfeer
Atmosferisch meetnet,Zoete en brakke wateren,3270,Tijdelijk tot permanent nat,luchtvochtigheid (relatieve),Atmosfeer
Atmosferisch meetnet,Zoete en brakke wateren,3270,Tijdelijk tot permanent nat,neerslag,Atmosfeer
Atmosferisch meetnet,Zoete en brakke wateren,3270,Tijdelijk tot permanent nat,temperatuur,Atmosfeer
Atmosferisch meetnet,Zoete en brakke wateren,rbbah,Oppervlaktewater,NHy,Atmosfeer
Atmosferisch meetnet,Zoete en brakke wateren,rbbah,Oppervlaktewater,NOx,Atmosfeer
Atmosferisch meetnet,Heiden,4010,Tijdelijk tot permanent nat,luchtvochtigheid (relatieve),Atmosfeer
Atmosferisch meetnet,Heiden,4010,Tijdelijk tot permanent nat,neerslag,Atmosfeer
Atmosferisch meetnet,Heiden,4010,Tijdelijk tot permanent nat,NHy,Atmosfeer
Atmosferisch meetnet,Heiden,4010,Tijdelijk tot permanent nat,NOx,Atmosfeer
Atmosferisch meetnet,Heiden,4010,Tijdelijk tot permanent nat,SOx,Atmosfeer
Atmosferisch meetnet,Heiden,4010,Tijdelijk tot permanent nat,temperatuur,Atmosfeer
Atmosferisch meetnet,Heiden,4030,Droog tot vochtig,luchtvochtigheid (relatieve),Atmosfeer
Atmosferisch meetnet,Heiden,4030,Droog tot vochtig,neerslag,Atmosfeer
Atmosferisch meetnet,Heiden,4030,Droog tot vochtig,NHy,Atmosfeer
Atmosferisch meetnet,Heiden,4030,Droog tot vochtig,NOx,Atmosfeer
Atmosferisch meetnet,Heiden,4030,Droog tot vochtig,SOx,Atmosfeer
Atmosferisch meetnet,Heiden,4030,Droog tot vochtig,temperatuur,Atmosfeer
Atmosferisch meetnet,Heiden,rbbsg,Droog tot vochtig,luchtvochtigheid (relatieve),Atmosfeer
Atmosferisch meetnet,Heiden,rbbsg,Droog tot vochtig,neerslag,Atmosfeer
Atmosferisch meetnet,Heiden,rbbsg,Droog tot vochtig,NHy,Atmosfeer
Atmosferisch meetnet,Heiden,rbbsg,Droog tot vochtig,NOx,Atmosfeer
Atmosferisch meetnet,Heiden,rbbsg,Droog tot vochtig,SOx,Atmosfeer
Atmosferisch meetnet,Heiden,rbbsg,Droog tot vochtig,temperatuur,Atmosfeer
Atmosferisch meetnet,Heiden,rbbsm,Tijdelijk tot permanent nat,NHy,Atmosfeer
Atmosferisch meetnet,Heiden,rbbsm,Tijdelijk tot permanent nat,NOx,Atmosfeer
Atmosferisch meetnet,Thermofiel struikgewas,5130,Droog tot vochtig,luchtvochtigheid (relatieve),Atmosfeer
Atmosferisch meetnet,Thermofiel struikgewas,5130,Droog tot vochtig,neerslag,Atmosfeer
Atmosferisch meetnet,Thermofiel struikgewas,5130,Droog tot vochtig,NHy,Atmosfeer
Atmosferisch meetnet,Thermofiel struikgewas,5130,Droog tot vochtig,NOx,Atmosfeer
Atmosferisch meetnet,Thermofiel struikgewas,5130,Droog tot vochtig,SOx,Atmosfeer
Atmosferisch meetnet,Thermofiel struikgewas,5130,Droog tot vochtig,temperatuur,Atmosfeer
Atmosferisch meetnet,(Half-)natuurlijke graslanden,6120,Tijdelijk tot permanent nat,CO2,Atmosfeer
Atmosferisch meetnet,(Half-)natuurlijke graslanden,6120,Tijdelijk tot permanent nat,NHy,Atmosfeer
Atmosferisch meetnet,(Half-)natuurlijke graslanden,6120,Tijdelijk tot permanent nat,NOx,Atmosfeer
Atmosferisch meetnet,(Half-)natuurlijke graslanden,6120,Tijdelijk tot permanent nat,O3,Atmosfeer
Atmosferisch meetnet,(Half-)natuurlijke graslanden,6120,Tijdelijk tot permanent nat,organische polluenten (en pesticiden) + zware metalen,Atmosfeer
Atmosferisch meetnet,(Half-)natuurlijke graslanden,6210_hk,Droog tot vochtig,CO2,Atmosfeer
Atmosferisch meetnet,(Half-)natuurlijke graslanden,6210_hk,Droog tot vochtig,luchtvochtigheid (relatieve),Atmosfeer
Atmosferisch meetnet,(Half-)natuurlijke graslanden,6210_hk,Droog tot vochtig,neerslag,Atmosfeer
Atmosferisch meetnet,(Half-)natuurlijke graslanden,6210_hk,Droog tot vochtig,NHy,Atmosfeer
Atmosferisch meetnet,(Half-)natuurlijke graslanden,6210_hk,Droog tot vochtig,NOx,Atmosfeer
Atmosferisch meetnet,(Half-)natuurlijke graslanden,6210_hk,Droog tot vochtig,O3,Atmosfeer
Atmosferisch meetnet,(Half-)natuurlijke graslanden,6210_hk,Droog tot vochtig,organische polluenten (en pesticiden) + zware metalen,Atmosfeer
Atmosferisch meetnet,(Half-)natuurlijke graslanden,6210_hk,Droog tot vochtig,SOx,Atmosfeer
Atmosferisch meetnet,(Half-)natuurlijke graslanden,6210_hk,Droog tot vochtig,temperatuur,Atmosfeer
Atmosferisch meetnet,(Half-)natuurlijke graslanden,6210_sk,Droog tot vochtig,CO2,Atmosfeer
Atmosferisch meetnet,(Half-)natuurlijke graslanden,6210_sk,Droog tot vochtig,luchtvochtigheid (relatieve),Atmosfeer
Atmosferisch meetnet,(Half-)natuurlijke graslanden,6210_sk,Droog tot vochtig,neerslag,Atmosfeer
Atmosferisch meetnet,(Half-)natuurlijke graslanden,6210_sk,Droog tot vochtig,NHy,Atmosfeer
Atmosferisch meetnet,(Half-)natuurlijke graslanden,6210_sk,Droog tot vochtig,NOx,Atmosfeer
Atmosferisch meetnet,(Half-)natuurlijke graslanden,6210_sk,Droog tot vochtig,O3,Atmosfeer
Atmosferisch meetnet,(Half-)natuurlijke graslanden,6210_sk,Droog tot vochtig,organische polluenten (en pesticiden) + zware metalen,Atmosfeer
Atmosferisch meetnet,(Half-)natuurlijke graslanden,6210_sk,Droog tot vochtig,SOx,Atmosfeer
Atmosferisch meetnet,(Half-)natuurlijke graslanden,6210_sk,Droog tot vochtig,temperatuur,Atmosfeer
Atmosferisch meetnet,(Half-)natuurlijke graslanden,6230_ha,Droog tot vochtig,CO2,Atmosfeer
Atmosferisch meetnet,(Half-)natuurlijke graslanden,6230_ha,Droog tot vochtig,luchtvochtigheid (relatieve),Atmosfeer
Atmosferisch meetnet,(Half-)natuurlijke graslanden,6230_ha,Droog tot vochtig,neerslag,Atmosfeer
Atmosferisch meetnet,(Half-)natuurlijke graslanden,6230_ha,Droog tot vochtig,NHy,Atmosfeer
Atmosferisch meetnet,(Half-)natuurlijke graslanden,6230_ha,Droog tot vochtig,NOx,Atmosfeer
Atmosferisch meetnet,(Half-)natuurlijke graslanden,6230_ha,Droog tot vochtig,O3,Atmosfeer
Atmosferisch meetnet,(Half-)natuurlijke graslanden,6230_ha,Droog tot vochtig,organische polluenten (en pesticiden) + zware metalen,Atmosfeer
Atmosferisch meetnet,(Half-)natuurlijke graslanden,6230_ha,Droog tot vochtig,SOx,Atmosfeer
Atmosferisch meetnet,(Half-)natuurlijke graslanden,6230_ha,Droog tot vochtig,temperatuur,Atmosfeer
Atmosferisch meetnet,(Half-)natuurlijke graslanden,6230_hmo,Tijdelijk tot permanent nat,CO2,Atmosfeer
Atmosferisch meetnet,(Half-)natuurlijke graslanden,6230_hmo,Tijdelijk tot permanent nat,luchtvochtigheid (relatieve),Atmosfeer
Atmosferisch meetnet,(Half-)natuurlijke graslanden,6230_hmo,Tijdelijk tot permanent nat,neerslag,Atmosfeer
Atmosferisch meetnet,(Half-)natuurlijke graslanden,6230_hmo,Tijdelijk tot permanent nat,NHy,Atmosfeer
Atmosferisch meetnet,(Half-)natuurlijke graslanden,6230_hmo,Tijdelijk tot permanent nat,NOx,Atmosfeer
Atmosferisch meetnet,(Half-)natuurlijke graslanden,6230_hmo,Tijdelijk tot permanent nat,O3,Atmosfeer
Atmosferisch meetnet,(Half-)natuurlijke graslanden,6230_hmo,Tijdelijk tot permanent nat,organische polluenten (en pesticiden) + zware metalen,Atmosfeer
Atmosferisch meetnet,(Half-)natuurlijke graslanden,6230_hmo,Tijdelijk tot permanent nat,temperatuur,Atmosfeer
Atmosferisch meetnet,(Half-)natuurlijke graslanden,6230_hn,Droog tot vochtig,CO2,Atmosfeer
Atmosferisch meetnet,(Half-)natuurlijke graslanden,6230_hn,Droog tot vochtig,luchtvochtigheid (relatieve),Atmosfeer
Atmosferisch meetnet,(Half-)natuurlijke graslanden,6230_hn,Droog tot vochtig,neerslag,Atmosfeer
Atmosferisch meetnet,(Half-)natuurlijke graslanden,6230_hn,Droog tot vochtig,NHy,Atmosfeer
Atmosferisch meetnet,(Half-)natuurlijke graslanden,6230_hn,Droog tot vochtig,NOx,Atmosfeer
Atmosferisch meetnet,(Half-)natuurlijke graslanden,6230_hn,Droog tot vochtig,O3,Atmosfeer
Atmosferisch meetnet,(Half-)natuurlijke graslanden,6230_hn,Droog tot vochtig,organische polluenten (en pesticiden) + zware metalen,Atmosfeer
Atmosferisch meetnet,(Half-)natuurlijke graslanden,6230_hn,Droog tot vochtig,SOx,Atmosfeer
Atmosferisch meetnet,(Half-)natuurlijke graslanden,6230_hn,Droog tot vochtig,temperatuur,Atmosfeer
Atmosferisch meetnet,(Half-)natuurlijke graslanden,6230_hnk,Droog tot vochtig,CO2,Atmosfeer
Atmosferisch meetnet,(Half-)natuurlijke graslanden,6230_hnk,Droog tot vochtig,luchtvochtigheid (relatieve),Atmosfeer
Atmosferisch meetnet,(Half-)natuurlijke graslanden,6230_hnk,Droog tot vochtig,neerslag,Atmosfeer
Atmosferisch meetnet,(Half-)natuurlijke graslanden,6230_hnk,Droog tot vochtig,NHy,Atmosfeer
Atmosferisch meetnet,(Half-)natuurlijke graslanden,6230_hnk,Droog tot vochtig,NOx,Atmosfeer
Atmosferisch meetnet,(Half-)natuurlijke graslanden,6230_hnk,Droog tot vochtig,O3,Atmosfeer
Atmosferisch meetnet,(Half-)natuurlijke graslanden,6230_hnk,Droog tot vochtig,organische polluenten (en pesticiden) + zware metalen,Atmosfeer
Atmosferisch meetnet,(Half-)natuurlijke graslanden,6230_hnk,Droog tot vochtig,SOx,Atmosfeer
Atmosferisch meetnet,(Half-)natuurlijke graslanden,6230_hnk,Droog tot vochtig,temperatuur,Atmosfeer
Atmosferisch meetnet,(Half-)natuurlijke graslanden,6410_mo,Tijdelijk tot permanent nat,CO2,Atmosfeer
Atmosferisch meetnet,(Half-)natuurlijke graslanden,6410_mo,Tijdelijk tot permanent nat,luchtvochtigheid (relatieve),Atmosfeer
Atmosferisch meetnet,(Half-)natuurlijke graslanden,6410_mo,Tijdelijk tot permanent nat,neerslag,Atmosfeer
Atmosferisch meetnet,(Half-)natuurlijke graslanden,6410_mo,Tijdelijk tot permanent nat,NHy,Atmosfeer
Atmosferisch meetnet,(Half-)natuurlijke graslanden,6410_mo,Tijdelijk tot permanent nat,NOx,Atmosfeer
Atmosferisch meetnet,(Half-)natuurlijke graslanden,6410_mo,Tijdelijk tot permanent nat,O3,Atmosfeer
Atmosferisch meetnet,(Half-)natuurlijke graslanden,6410_mo,Tijdelijk tot permanent nat,organische polluenten (en pesticiden) + zware metalen,Atmosfeer
Atmosferisch meetnet,(Half-)natuurlijke graslanden,6410_mo,Tijdelijk tot permanent nat,temperatuur,Atmosfeer
Atmosferisch meetnet,(Half-)natuurlijke graslanden,6410_ve,Tijdelijk tot permanent nat,CO2,Atmosfeer
Atmosferisch meetnet,(Half-)natuurlijke graslanden,6410_ve,Tijdelijk tot permanent nat,NHy,Atmosfeer
Atmosferisch meetnet,(Half-)natuurlijke graslanden,6410_ve,Tijdelijk tot permanent nat,NOx,Atmosfeer
Atmosferisch meetnet,(Half-)natuurlijke graslanden,6410_ve,Tijdelijk tot permanent nat,O3,Atmosfeer
Atmosferisch meetnet,(Half-)natuurlijke graslanden,6410_ve,Tijdelijk tot permanent nat,organische polluenten (en pesticiden) + zware metalen,Atmosfeer
Atmosferisch meetnet,(Half-)natuurlijke graslanden,6430_bz,Droog tot vochtig + Tijdelijk tot permanent nat,CO2,Atmosfeer
Atmosferisch meetnet,(Half-)natuurlijke graslanden,6430_bz,Droog tot vochtig + Tijdelijk tot permanent nat,luchtvochtigheid (relatieve),Atmosfeer
Atmosferisch meetnet,(Half-)natuurlijke graslanden,6430_bz,Droog tot vochtig + Tijdelijk tot permanent nat,neerslag,Atmosfeer
Atmosferisch meetnet,(Half-)natuurlijke graslanden,6430_bz,Droog tot vochtig + Tijdelijk tot permanent nat,NHy,Atmosfeer
Atmosferisch meetnet,(Half-)natuurlijke graslanden,6430_bz,Droog tot vochtig + Tijdelijk tot permanent nat,NOx,Atmosfeer
Atmosferisch meetnet,(Half-)natuurlijke graslanden,6430_bz,Droog tot vochtig + Tijdelijk tot permanent nat,O3,Atmosfeer
Atmosferisch meetnet,(Half-)natuurlijke graslanden,6430_bz,Droog tot vochtig + Tijdelijk tot permanent nat,organische polluenten (en pesticiden) + zware metalen,Atmosfeer
Atmosferisch meetnet,(Half-)natuurlijke graslanden,6430_bz,Droog tot vochtig + Tijdelijk tot permanent nat,SOx,Atmosfeer
Atmosferisch meetnet,(Half-)natuurlijke graslanden,6430_bz,Droog tot vochtig + Tijdelijk tot permanent nat,temperatuur,Atmosfeer
Atmosferisch meetnet,(Half-)natuurlijke graslanden,6430_hf,Tijdelijk tot permanent nat,CO2,Atmosfeer
Atmosferisch meetnet,(Half-)natuurlijke graslanden,6430_hf,Tijdelijk tot permanent nat,luchtvochtigheid (relatieve),Atmosfeer
Atmosferisch meetnet,(Half-)natuurlijke graslanden,6430_hf,Tijdelijk tot permanent nat,neerslag,Atmosfeer
Atmosferisch meetnet,(Half-)natuurlijke graslanden,6430_hf,Tijdelijk tot permanent nat,O3,Atmosfeer
Atmosferisch meetnet,(Half-)natuurlijke graslanden,6430_hf,Tijdelijk tot permanent nat,organische polluenten (en pesticiden) + zware metalen,Atmosfeer
Atmosferisch meetnet,(Half-)natuurlijke graslanden,6430_hf,Tijdelijk tot permanent nat,temperatuur,Atmosfeer
Atmosferisch meetnet,(Half-)natuurlijke graslanden,6510_hu,Droog tot vochtig + Tijdelijk tot permanent nat,CO2,Atmosfeer
Atmosferisch meetnet,(Half-)natuurlijke graslanden,6510_hu,Droog tot vochtig + Tijdelijk tot permanent nat,NHy,Atmosfeer
Atmosferisch meetnet,(Half-)natuurlijke graslanden,6510_hu,Droog tot vochtig + Tijdelijk tot permanent nat,NOx,Atmosfeer
Atmosferisch meetnet,(Half-)natuurlijke graslanden,6510_hu,Droog tot vochtig + Tijdelijk tot permanent nat,O3,Atmosfeer
Atmosferisch meetnet,(Half-)natuurlijke graslanden,6510_hu,Droog tot vochtig + Tijdelijk tot permanent nat,organische polluenten (en pesticiden) + zware metalen,Atmosfeer
Atmosferisch meetnet,(Half-)natuurlijke graslanden,6510_hu,Droog tot vochtig + Tijdelijk tot permanent nat,SOx,Atmosfeer
Atmosferisch meetnet,(Half-)natuurlijke graslanden,6510_hua,Tijdelijk tot permanent nat,CO2,Atmosfeer
Atmosferisch meetnet,(Half-)natuurlijke graslanden,6510_hua,Tijdelijk tot permanent nat,luchtvochtigheid (relatieve),Atmosfeer
Atmosferisch meetnet,(Half-)natuurlijke graslanden,6510_hua,Tijdelijk tot permanent nat,neerslag,Atmosfeer
Atmosferisch meetnet,(Half-)natuurlijke graslanden,6510_hua,Tijdelijk tot permanent nat,NHy,Atmosfeer
Atmosferisch meetnet,(Half-)natuurlijke graslanden,6510_hua,Tijdelijk tot permanent nat,NOx,Atmosfeer
Atmosferisch meetnet,(Half-)natuurlijke graslanden,6510_hua,Tijdelijk tot permanent nat,O3,Atmosfeer
Atmosferisch meetnet,(Half-)natuurlijke graslanden,6510_hua,Tijdelijk tot permanent nat,organische polluenten (en pesticiden) + zware metalen,Atmosfeer
Atmosferisch meetnet,(Half-)natuurlijke graslanden,6510_hua,Tijdelijk tot permanent nat,temperatuur,Atmosfeer
Atmosferisch meetnet,(Half-)natuurlijke graslanden,6510_huk,Droog tot vochtig,CO2,Atmosfeer
Atmosferisch meetnet,(Half-)natuurlijke graslanden,6510_huk,Droog tot vochtig,luchtvochtigheid (relatieve),Atmosfeer
Atmosferisch meetnet,(Half-)natuurlijke graslanden,6510_huk,Droog tot vochtig,neerslag,Atmosfeer
Atmosferisch meetnet,(Half-)natuurlijke graslanden,6510_huk,Droog tot vochtig,NHy,Atmosfeer
Atmosferisch meetnet,(Half-)natuurlijke graslanden,6510_huk,Droog tot vochtig,NOx,Atmosfeer
Atmosferisch meetnet,(Half-)natuurlijke graslanden,6510_huk,Droog tot vochtig,O3,Atmosfeer
Atmosferisch meetnet,(Half-)natuurlijke graslanden,6510_huk,Droog tot vochtig,organische polluenten (en pesticiden) + zware metalen,Atmosfeer
Atmosferisch meetnet,(Half-)natuurlijke graslanden,6510_huk,Droog tot vochtig,SOx,Atmosfeer
Atmosferisch meetnet,(Half-)natuurlijke graslanden,6510_huk,Droog tot vochtig,temperatuur,Atmosfeer
Atmosferisch meetnet,(Half-)natuurlijke graslanden,6510_hus,Tijdelijk tot permanent nat,CO2,Atmosfeer
Atmosferisch meetnet,(Half-)natuurlijke graslanden,6510_hus,Tijdelijk tot permanent nat,luchtvochtigheid (relatieve),Atmosfeer
Atmosferisch meetnet,(Half-)natuurlijke graslanden,6510_hus,Tijdelijk tot permanent nat,neerslag,Atmosfeer
Atmosferisch meetnet,(Half-)natuurlijke graslanden,6510_hus,Tijdelijk tot permanent nat,NHy,Atmosfeer
Atmosferisch meetnet,(Half-)natuurlijke graslanden,6510_hus,Tijdelijk tot permanent nat,NOx,Atmosfeer
Atmosferisch meetnet,(Half-)natuurlijke graslanden,6510_hus,Tijdelijk tot permanent nat,O3,Atmosfeer
Atmosferisch meetnet,(Half-)natuurlijke graslanden,6510_hus,Tijdelijk tot permanent nat,organische polluenten (en pesticiden) + zware metalen,Atmosfeer
Atmosferisch meetnet,(Half-)natuurlijke graslanden,6510_hus,Tijdelijk tot permanent nat,temperatuur,Atmosfeer
Atmosferisch meetnet,(Half-)natuurlijke graslanden,rbbha,Droog tot vochtig,NHy,Atmosfeer
Atmosferisch meetnet,(Half-)natuurlijke graslanden,rbbha,Droog tot vochtig,NOx,Atmosfeer
Atmosferisch meetnet,(Half-)natuurlijke graslanden,rbbha,Droog tot vochtig,SOx,Atmosfeer
Atmosferisch meetnet,(Half-)natuurlijke graslanden,rbbhc,Tijdelijk tot permanent nat,CO2,Atmosfeer
Atmosferisch meetnet,(Half-)natuurlijke graslanden,rbbhc,Tijdelijk tot permanent nat,luchtvochtigheid (relatieve),Atmosfeer
Atmosferisch meetnet,(Half-)natuurlijke graslanden,rbbhc,Tijdelijk tot permanent nat,neerslag,Atmosfeer
Atmosferisch meetnet,(Half-)natuurlijke graslanden,rbbhc,Tijdelijk tot permanent nat,NHy,Atmosfeer
Atmosferisch meetnet,(Half-)natuurlijke graslanden,rbbhc,Tijdelijk tot permanent nat,NOx,Atmosfeer
Atmosferisch meetnet,(Half-)natuurlijke graslanden,rbbhc,Tijdelijk tot permanent nat,O3,Atmosfeer
Atmosferisch meetnet,(Half-)natuurlijke graslanden,rbbhc,Tijdelijk tot permanent nat,organische polluenten (en pesticiden) + zware metalen,Atmosfeer
Atmosferisch meetnet,(Half-)natuurlijke graslanden,rbbhc,Tijdelijk tot permanent nat,temperatuur,Atmosfeer
Atmosferisch meetnet,(Half-)natuurlijke graslanden,rbbkam,Droog tot vochtig + Tijdelijk tot permanent nat,NHy,Atmosfeer
Atmosferisch meetnet,(Half-)natuurlijke graslanden,rbbkam,Droog tot vochtig + Tijdelijk tot permanent nat,NOx,Atmosfeer
Atmosferisch meetnet,(Half-)natuurlijke graslanden,rbbkam,Droog tot vochtig + Tijdelijk tot permanent nat,SOx,Atmosfeer
Atmosferisch meetnet,(Half-)natuurlijke graslanden,rbbvos,Tijdelijk tot permanent nat,CO2,Atmosfeer
Atmosferisch meetnet,(Half-)natuurlijke graslanden,rbbvos,Tijdelijk tot permanent nat,NHy,Atmosfeer
Atmosferisch meetnet,(Half-)natuurlijke graslanden,rbbvos,Tijdelijk tot permanent nat,NOx,Atmosfeer
Atmosferisch meetnet,(Half-)natuurlijke graslanden,rbbvos,Tijdelijk tot permanent nat,O3,Atmosfeer
Atmosferisch meetnet,(Half-)natuurlijke graslanden,rbbvos,Tijdelijk tot permanent nat,organische polluenten (en pesticiden) + zware metalen,Atmosfeer
Atmosferisch meetnet,(Half-)natuurlijke graslanden,rbbzil,Tijdelijk tot permanent nat,luchtvochtigheid (relatieve),Atmosfeer
Atmosferisch meetnet,(Half-)natuurlijke graslanden,rbbzil,Tijdelijk tot permanent nat,neerslag,Atmosfeer
Atmosferisch meetnet,(Half-)natuurlijke graslanden,rbbzil,Tijdelijk tot permanent nat,NHy,Atmosfeer
Atmosferisch meetnet,(Half-)natuurlijke graslanden,rbbzil,Tijdelijk tot permanent nat,NOx,Atmosfeer
Atmosferisch meetnet,(Half-)natuurlijke graslanden,rbbzil,Tijdelijk tot permanent nat,temperatuur,Atmosfeer
Atmosferisch meetnet,Moerassen,7140_base,Tijdelijk tot permanent nat,CO2,Atmosfeer
Atmosferisch meetnet,Moerassen,7140_base,Tijdelijk tot permanent nat,luchtvochtigheid (relatieve),Atmosfeer
Atmosferisch meetnet,Moerassen,7140_base,Tijdelijk tot permanent nat,neerslag,Atmosfeer
Atmosferisch meetnet,Moerassen,7140_base,Tijdelijk tot permanent nat,NHy,Atmosfeer
Atmosferisch meetnet,Moerassen,7140_base,Tijdelijk tot permanent nat,NOx,Atmosfeer
Atmosferisch meetnet,Moerassen,7140_base,Tijdelijk tot permanent nat,O3,Atmosfeer
Atmosferisch meetnet,Moerassen,7140_base,Tijdelijk tot permanent nat,organische polluenten (en pesticiden) + zware metalen,Atmosfeer
Atmosferisch meetnet,Moerassen,7140_base,Tijdelijk tot permanent nat,temperatuur,Atmosfeer
Atmosferisch meetnet,Moerassen,7140_meso,Tijdelijk tot permanent nat,CO2,Atmosfeer
Atmosferisch meetnet,Moerassen,7140_meso,Tijdelijk tot permanent nat,luchtvochtigheid (relatieve),Atmosfeer
Atmosferisch meetnet,Moerassen,7140_meso,Tijdelijk tot permanent nat,neerslag,Atmosfeer
Atmosferisch meetnet,Moerassen,7140_meso,Tijdelijk tot permanent nat,NHy,Atmosfeer
Atmosferisch meetnet,Moerassen,7140_meso,Tijdelijk tot permanent nat,NOx,Atmosfeer
Atmosferisch meetnet,Moerassen,7140_meso,Tijdelijk tot permanent nat,O3,Atmosfeer
Atmosferisch meetnet,Moerassen,7140_meso,Tijdelijk tot permanent nat,organische polluenten (en pesticiden) + zware metalen,Atmosfeer
Atmosferisch meetnet,Moerassen,7140_meso,Tijdelijk tot permanent nat,temperatuur,Atmosfeer
Atmosferisch meetnet,Moerassen,7140_mrd,Tijdelijk tot permanent nat,CO2,Atmosfeer
Atmosferisch meetnet,Moerassen,7140_mrd,Tijdelijk tot permanent nat,luchtvochtigheid (relatieve),Atmosfeer
Atmosferisch meetnet,Moerassen,7140_mrd,Tijdelijk tot permanent nat,neerslag,Atmosfeer
Atmosferisch meetnet,Moerassen,7140_mrd,Tijdelijk tot permanent nat,NHy,Atmosfeer
Atmosferisch meetnet,Moerassen,7140_mrd,Tijdelijk tot permanent nat,NOx,Atmosfeer
Atmosferisch meetnet,Moerassen,7140_mrd,Tijdelijk tot permanent nat,O3,Atmosfeer
Atmosferisch meetnet,Moerassen,7140_mrd,Tijdelijk tot permanent nat,organische polluenten (en pesticiden) + zware metalen,Atmosfeer
Atmosferisch meetnet,Moerassen,7140_mrd,Tijdelijk tot permanent nat,temperatuur,Atmosfeer
Atmosferisch meetnet,Moerassen,7140_oli,Tijdelijk tot permanent nat,CO2,Atmosfeer
Atmosferisch meetnet,Moerassen,7140_oli,Tijdelijk tot permanent nat,luchtvochtigheid (relatieve),Atmosfeer
Atmosferisch meetnet,Moerassen,7140_oli,Tijdelijk tot permanent nat,neerslag,Atmosfeer
Atmosferisch meetnet,Moerassen,7140_oli,Tijdelijk tot permanent nat,NHy,Atmosfeer
Atmosferisch meetnet,Moerassen,7140_oli,Tijdelijk tot permanent nat,NOx,Atmosfeer
Atmosferisch meetnet,Moerassen,7140_oli,Tijdelijk tot permanent nat,O3,Atmosfeer
Atmosferisch meetnet,Moerassen,7140_oli,Tijdelijk tot permanent nat,organische polluenten (en pesticiden) + zware metalen,Atmosfeer
Atmosferisch meetnet,Moerassen,7140_oli,Tijdelijk tot permanent nat,temperatuur,Atmosfeer
Atmosferisch meetnet,Moerassen,7150,Tijdelijk tot permanent nat,CO2,Atmosfeer
Atmosferisch meetnet,Moerassen,7150,Tijdelijk tot permanent nat,luchtvochtigheid (relatieve),Atmosfeer
Atmosferisch meetnet,Moerassen,7150,Tijdelijk tot permanent nat,neerslag,Atmosfeer
Atmosferisch meetnet,Moerassen,7150,Tijdelijk tot permanent nat,NHy,Atmosfeer
Atmosferisch meetnet,Moerassen,7150,Tijdelijk tot permanent nat,NOx,Atmosfeer
Atmosferisch meetnet,Moerassen,7150,Tijdelijk tot permanent nat,O3,Atmosfeer
Atmosferisch meetnet,Moerassen,7150,Tijdelijk tot permanent nat,organische polluenten (en pesticiden) + zware metalen,Atmosfeer
Atmosferisch meetnet,Moerassen,7150,Tijdelijk tot permanent nat,temperatuur,Atmosfeer
Atmosferisch meetnet,Moerassen,7210,Tijdelijk tot permanent nat,CO2,Atmosfeer
Atmosferisch meetnet,Moerassen,7210,Tijdelijk tot permanent nat,luchtvochtigheid (relatieve),Atmosfeer
Atmosferisch meetnet,Moerassen,7210,Tijdelijk tot permanent nat,neerslag,Atmosfeer
Atmosferisch meetnet,Moerassen,7210,Tijdelijk tot permanent nat,NHy,Atmosfeer
Atmosferisch meetnet,Moerassen,7210,Tijdelijk tot permanent nat,NOx,Atmosfeer
Atmosferisch meetnet,Moerassen,7210,Tijdelijk tot permanent nat,O3,Atmosfeer
Atmosferisch meetnet,Moerassen,7210,Tijdelijk tot permanent nat,organische polluenten (en pesticiden) + zware metalen,Atmosfeer
Atmosferisch meetnet,Moerassen,7210,Tijdelijk tot permanent nat,temperatuur,Atmosfeer
Atmosferisch meetnet,Moerassen,7220,Oppervlaktewater,NHy,Atmosfeer
Atmosferisch meetnet,Moerassen,7220,Oppervlaktewater,NOx,Atmosfeer
Atmosferisch meetnet,Moerassen,7230,Tijdelijk tot permanent nat,CO2,Atmosfeer
Atmosferisch meetnet,Moerassen,7230,Tijdelijk tot permanent nat,luchtvochtigheid (relatieve),Atmosfeer
Atmosferisch meetnet,Moerassen,7230,Tijdelijk tot permanent nat,neerslag,Atmosfeer
Atmosferisch meetnet,Moerassen,7230,Tijdelijk tot permanent nat,NHy,Atmosfeer
Atmosferisch meetnet,Moerassen,7230,Tijdelijk tot permanent nat,NOx,Atmosfeer
Atmosferisch meetnet,Moerassen,7230,Tijdelijk tot permanent nat,O3,Atmosfeer
Atmosferisch meetnet,Moerassen,7230,Tijdelijk tot permanent nat,organische polluenten (en pesticiden) + zware metalen,Atmosfeer
Atmosferisch meetnet,Moerassen,7230,Tijdelijk tot permanent nat,temperatuur,Atmosfeer
Atmosferisch meetnet,Moerassen,rbbmc,Tijdelijk tot permanent nat,CO2,Atmosfeer
Atmosferisch meetnet,Moerassen,rbbmc,Tijdelijk tot permanent nat,luchtvochtigheid (relatieve),Atmosfeer
Atmosferisch meetnet,Moerassen,rbbmc,Tijdelijk tot permanent nat,neerslag,Atmosfeer
Atmosferisch meetnet,Moerassen,rbbmc,Tijdelijk tot permanent nat,NHy,Atmosfeer
Atmosferisch meetnet,Moerassen,rbbmc,Tijdelijk tot permanent nat,NOx,Atmosfeer
Atmosferisch meetnet,Moerassen,rbbmc,Tijdelijk tot permanent nat,O3,Atmosfeer
Atmosferisch meetnet,Moerassen,rbbmc,Tijdelijk tot permanent nat,organische polluenten (en pesticiden) + zware metalen,Atmosfeer
Atmosferisch meetnet,Moerassen,rbbmc,Tijdelijk tot permanent nat,temperatuur,Atmosfeer
Atmosferisch meetnet,Moerassen,rbbmr,Tijdelijk tot permanent nat,CO2,Atmosfeer
Atmosferisch meetnet,Moerassen,rbbmr,Tijdelijk tot permanent nat,luchtvochtigheid (relatieve),Atmosfeer
Atmosferisch meetnet,Moerassen,rbbmr,Tijdelijk tot permanent nat,neerslag,Atmosfeer
Atmosferisch meetnet,Moerassen,rbbmr,Tijdelijk tot permanent nat,NHy,Atmosfeer
Atmosferisch meetnet,Moerassen,rbbmr,Tijdelijk tot permanent nat,NOx,Atmosfeer
Atmosferisch meetnet,Moerassen,rbbmr,Tijdelijk tot permanent nat,O3,Atmosfeer
Atmosferisch meetnet,Moerassen,rbbmr,Tijdelijk tot permanent nat,organische polluenten (en pesticiden) + zware metalen,Atmosfeer
Atmosferisch meetnet,Moerassen,rbbmr,Tijdelijk tot permanent nat,temperatuur,Atmosfeer
Atmosferisch meetnet,Moerassen,rbbms,Tijdelijk tot permanent nat,CO2,Atmosfeer
Atmosferisch meetnet,Moerassen,rbbms,Tijdelijk tot permanent nat,luchtvochtigheid (relatieve),Atmosfeer
Atmosferisch meetnet,Moerassen,rbbms,Tijdelijk tot permanent nat,neerslag,Atmosfeer
Atmosferisch meetnet,Moerassen,rbbms,Tijdelijk tot permanent nat,NHy,Atmosfeer
Atmosferisch meetnet,Moerassen,rbbms,Tijdelijk tot permanent nat,NOx,Atmosfeer
Atmosferisch meetnet,Moerassen,rbbms,Tijdelijk tot permanent nat,O3,Atmosfeer
Atmosferisch meetnet,Moerassen,rbbms,Tijdelijk tot permanent nat,organische polluenten (en pesticiden) + zware metalen,Atmosfeer
Atmosferisch meetnet,Moerassen,rbbms,Tijdelijk tot permanent nat,temperatuur,Atmosfeer
Atmosferisch meetnet,Rotsachtige habitats en grotten,8310,Droog tot vochtig + Tijdelijk tot permanent nat,CO2,Atmosfeer
Atmosferisch meetnet,Rotsachtige habitats en grotten,8310,Droog tot vochtig + Tijdelijk tot permanent nat,luchtvochtigheid (relatieve),Atmosfeer
Atmosferisch meetnet,Rotsachtige habitats en grotten,8310,Droog tot vochtig + Tijdelijk tot permanent nat,neerslag,Atmosfeer
Atmosferisch meetnet,Rotsachtige habitats en grotten,8310,Droog tot vochtig + Tijdelijk tot permanent nat,O3,Atmosfeer
Atmosferisch meetnet,Rotsachtige habitats en grotten,8310,Droog tot vochtig + Tijdelijk tot permanent nat,organische polluenten (en pesticiden) + zware metalen,Atmosfeer
Atmosferisch meetnet,Rotsachtige habitats en grotten,8310,Droog tot vochtig + Tijdelijk tot permanent nat,temperatuur,Atmosfeer
Atmosferisch meetnet,Bossen en struwelen,9110,Droog tot vochtig,luchtvochtigheid (relatieve),Atmosfeer
Atmosferisch meetnet,Bossen en struwelen,9110,Droog tot vochtig,neerslag,Atmosfeer
Atmosferisch meetnet,Bossen en struwelen,9110,Droog tot vochtig,NHy,Atmosfeer
Atmosferisch meetnet,Bossen en struwelen,9110,Droog tot vochtig,NOx,Atmosfeer
Atmosferisch meetnet,Bossen en struwelen,9110,Droog tot vochtig,SOx,Atmosfeer
Atmosferisch meetnet,Bossen en struwelen,9110,Droog tot vochtig,temperatuur,Atmosfeer
Atmosferisch meetnet,Bossen en struwelen,9120,Droog tot vochtig + Tijdelijk tot permanent nat,luchtvochtigheid (relatieve),Atmosfeer
Atmosferisch meetnet,Bossen en struwelen,9120,Droog tot vochtig + Tijdelijk tot permanent nat,neerslag,Atmosfeer
Atmosferisch meetnet,Bossen en struwelen,9120,Droog tot vochtig + Tijdelijk tot permanent nat,NHy,Atmosfeer
Atmosferisch meetnet,Bossen en struwelen,9120,Droog tot vochtig + Tijdelijk tot permanent nat,NOx,Atmosfeer
Atmosferisch meetnet,Bossen en struwelen,9120,Droog tot vochtig + Tijdelijk tot permanent nat,SOx,Atmosfeer
Atmosferisch meetnet,Bossen en struwelen,9120,Droog tot vochtig + Tijdelijk tot permanent nat,temperatuur,Atmosfeer
Atmosferisch meetnet,Bossen en struwelen,9130_end,Droog tot vochtig + Tijdelijk tot permanent nat,luchtvochtigheid (relatieve),Atmosfeer
Atmosferisch meetnet,Bossen en struwelen,9130_end,Droog tot vochtig + Tijdelijk tot permanent nat,neerslag,Atmosfeer
Atmosferisch meetnet,Bossen en struwelen,9130_end,Droog tot vochtig + Tijdelijk tot permanent nat,NHy,Atmosfeer
Atmosferisch meetnet,Bossen en struwelen,9130_end,Droog tot vochtig + Tijdelijk tot permanent nat,NOx,Atmosfeer
Atmosferisch meetnet,Bossen en struwelen,9130_end,Droog tot vochtig + Tijdelijk tot permanent nat,SOx,Atmosfeer
Atmosferisch meetnet,Bossen en struwelen,9130_end,Droog tot vochtig + Tijdelijk tot permanent nat,temperatuur,Atmosfeer
Atmosferisch meetnet,Bossen en struwelen,9130_fm,Droog tot vochtig + Tijdelijk tot permanent nat,luchtvochtigheid (relatieve),Atmosfeer
Atmosferisch meetnet,Bossen en struwelen,9130_fm,Droog tot vochtig + Tijdelijk tot permanent nat,neerslag,Atmosfeer
Atmosferisch meetnet,Bossen en struwelen,9130_fm,Droog tot vochtig + Tijdelijk tot permanent nat,NHy,Atmosfeer
Atmosferisch meetnet,Bossen en struwelen,9130_fm,Droog tot vochtig + Tijdelijk tot permanent nat,NOx,Atmosfeer
Atmosferisch meetnet,Bossen en struwelen,9130_fm,Droog tot vochtig + Tijdelijk tot permanent nat,SOx,Atmosfeer
Atmosferisch meetnet,Bossen en struwelen,9130_fm,Droog tot vochtig + Tijdelijk tot permanent nat,temperatuur,Atmosfeer
Atmosferisch meetnet,Bossen en struwelen,9150,Droog tot vochtig,luchtvochtigheid (relatieve),Atmosfeer
Atmosferisch meetnet,Bossen en struwelen,9150,Droog tot vochtig,neerslag,Atmosfeer
Atmosferisch meetnet,Bossen en struwelen,9150,Droog tot vochtig,NHy,Atmosfeer
Atmosferisch meetnet,Bossen en struwelen,9150,Droog tot vochtig,NOx,Atmosfeer
Atmosferisch meetnet,Bossen en struwelen,9150,Droog tot vochtig,SOx,Atmosfeer
Atmosferisch meetnet,Bossen en struwelen,9150,Droog tot vochtig,temperatuur,Atmosfeer
Atmosferisch meetnet,Bossen en struwelen,9160,Droog tot vochtig + Tijdelijk tot permanent nat,luchtvochtigheid (relatieve),Atmosfeer
Atmosferisch meetnet,Bossen en struwelen,9160,Droog tot vochtig + Tijdelijk tot permanent nat,neerslag,Atmosfeer
Atmosferisch meetnet,Bossen en struwelen,9160,Droog tot vochtig + Tijdelijk tot permanent nat,NHy,Atmosfeer
Atmosferisch meetnet,Bossen en struwelen,9160,Droog tot vochtig + Tijdelijk tot permanent nat,NOx,Atmosfeer
Atmosferisch meetnet,Bossen en struwelen,9160,Droog tot vochtig + Tijdelijk tot permanent nat,SOx,Atmosfeer
Atmosferisch meetnet,Bossen en struwelen,9160,Droog tot vochtig + Tijdelijk tot permanent nat,temperatuur,Atmosfeer
Atmosferisch meetnet,Bossen en struwelen,9190,Droog tot vochtig + Tijdelijk tot permanent nat,luchtvochtigheid (relatieve),Atmosfeer
Atmosferisch meetnet,Bossen en struwelen,9190,Droog tot vochtig + Tijdelijk tot permanent nat,neerslag,Atmosfeer
Atmosferisch meetnet,Bossen en struwelen,9190,Droog tot vochtig + Tijdelijk tot permanent nat,NHy,Atmosfeer
Atmosferisch meetnet,Bossen en struwelen,9190,Droog tot vochtig + Tijdelijk tot permanent nat,NOx,Atmosfeer
Atmosferisch meetnet,Bossen en struwelen,9190,Droog tot vochtig + Tijdelijk tot permanent nat,SOx,Atmosfeer
Atmosferisch meetnet,Bossen en struwelen,9190,Droog tot vochtig + Tijdelijk tot permanent nat,temperatuur,Atmosfeer
Atmosferisch meetnet,Bossen en struwelen,91E0_va,Tijdelijk tot permanent nat,NHy,Atmosfeer
Atmosferisch meetnet,Bossen en struwelen,91E0_va,Tijdelijk tot permanent nat,NOx,Atmosfeer
Atmosferisch meetnet,Bossen en struwelen,91E0_va,Tijdelijk tot permanent nat,SOx,Atmosfeer
Atmosferisch meetnet,Bossen en struwelen,91E0_vc,Tijdelijk tot permanent nat,NHy,Atmosfeer
Atmosferisch meetnet,Bossen en struwelen,91E0_vc,Tijdelijk tot permanent nat,NOx,Atmosfeer
Atmosferisch meetnet,Bossen en struwelen,91E0_vc,Tijdelijk tot permanent nat,SOx,Atmosfeer
Atmosferisch meetnet,Bossen en struwelen,91E0_vm,Tijdelijk tot permanent nat,NHy,Atmosfeer
Atmosferisch meetnet,Bossen en struwelen,91E0_vm,Tijdelijk tot permanent nat,NOx,Atmosfeer
Atmosferisch meetnet,Bossen en struwelen,91E0_vm,Tijdelijk tot permanent nat,SOx,Atmosfeer
Atmosferisch meetnet,Bossen en struwelen,91E0_vn,Tijdelijk tot permanent nat,NHy,Atmosfeer
Atmosferisch meetnet,Bossen en struwelen,91E0_vn,Tijdelijk tot permanent nat,NOx,Atmosfeer
Atmosferisch meetnet,Bossen en struwelen,91E0_vn,Tijdelijk tot permanent nat,SOx,Atmosfeer
Atmosferisch meetnet,Bossen en struwelen,91E0_vo,Tijdelijk tot permanent nat,NHy,Atmosfeer
Atmosferisch meetnet,Bossen en struwelen,91E0_vo,Tijdelijk tot permanent nat,NOx,Atmosfeer
Atmosferisch meetnet,Bossen en struwelen,91E0_vo,Tijdelijk tot permanent nat,SOx,Atmosfeer
Atmosferisch meetnet,Bossen en struwelen,91F0,Tijdelijk tot permanent nat,luchtvochtigheid (relatieve),Atmosfeer
Atmosferisch meetnet,Bossen en struwelen,91F0,Tijdelijk tot permanent nat,neerslag,Atmosfeer
Atmosferisch meetnet,Bossen en struwelen,91F0,Tijdelijk tot permanent nat,NHy,Atmosfeer
Atmosferisch meetnet,Bossen en struwelen,91F0,Tijdelijk tot permanent nat,NOx,Atmosfeer
Atmosferisch meetnet,Bossen en struwelen,91F0,Tijdelijk tot permanent nat,SOx,Atmosfeer
Atmosferisch meetnet,Bossen en struwelen,91F0,Tijdelijk tot permanent nat,temperatuur,Atmosfeer
Atmosferisch meetnet,Bossen en struwelen,rbbppm,Droog tot vochtig + Tijdelijk tot permanent nat,luchtvochtigheid (relatieve),Atmosfeer
Atmosferisch meetnet,Bossen en struwelen,rbbppm,Droog tot vochtig + Tijdelijk tot permanent nat,neerslag,Atmosfeer
Atmosferisch meetnet,Bossen en struwelen,rbbppm,Droog tot vochtig + Tijdelijk tot permanent nat,NHy,Atmosfeer
Atmosferisch meetnet,Bossen en struwelen,rbbppm,Droog tot vochtig + Tijdelijk tot permanent nat,NOx,Atmosfeer
Atmosferisch meetnet,Bossen en struwelen,rbbppm,Droog tot vochtig + Tijdelijk tot permanent nat,SOx,Atmosfeer
Atmosferisch meetnet,Bossen en struwelen,rbbppm,Droog tot vochtig + Tijdelijk tot permanent nat,temperatuur,Atmosfeer
Atmosferisch meetnet,Bossen en struwelen,rbbsf,Tijdelijk tot permanent nat,NHy,Atmosfeer
Atmosferisch meetnet,Bossen en struwelen,rbbsf,Tijdelijk tot permanent nat,NOx,Atmosfeer
Atmosferisch meetnet,Bossen en struwelen,rbbso,Tijdelijk tot permanent nat,NHy,Atmosfeer
Atmosferisch meetnet,Bossen en struwelen,rbbso,Tijdelijk tot permanent nat,NOx,Atmosfeer
Atmosferisch meetnet,Bossen en struwelen,rbbso,Tijdelijk tot permanent nat,SOx,Atmosfeer
Atmosferisch meetnet,Bossen en struwelen,rbbsp,Droog tot vochtig,NHy,Atmosfeer
Atmosferisch meetnet,Bossen en struwelen,rbbsp,Droog tot vochtig,NOx,Atmosfeer
Atmosferisch meetnet,Bossen en struwelen,rbbsp,Droog tot vochtig,SOx,Atmosfeer
Bodemmeetnet,Kust- en zilte habitats,1140,Tijdelijk tot permanent nat,bodemmobilisatie,Bodem
Bodemmeetnet,Kust- en zilte habitats,1310_pol,Tijdelijk tot permanent nat,N,Bodem
Bodemmeetnet,Kust- en zilte habitats,1310_pol,Tijdelijk tot permanent nat,P,Bodem
Bodemmeetnet,Kust- en zilte habitats,1310_pol,Tijdelijk tot permanent nat,polluenten (milieuvreemde): zware metalen & organische,Bodem
Bodemmeetnet,Kust- en zilte habitats,1310_zk,Tijdelijk tot permanent nat,bodemmobilisatie,Bodem
Bodemmeetnet,Kust- en zilte habitats,1310_zv,Tijdelijk tot permanent nat,bodemmobilisatie,Bodem
Bodemmeetnet,Kust- en zilte habitats,1320,Tijdelijk tot permanent nat,bodemmobilisatie,Bodem
Bodemmeetnet,Kust- en zilte habitats,1330_da,Tijdelijk tot permanent nat,bodemmobilisatie,Bodem
Bodemmeetnet,Kust- en zilte habitats,1330_hpr,Tijdelijk tot permanent nat,N,Bodem
Bodemmeetnet,Kust- en zilte habitats,1330_hpr,Tijdelijk tot permanent nat,P,Bodem
Bodemmeetnet,Kust- en zilte habitats,1330_hpr,Tijdelijk tot permanent nat,polluenten (milieuvreemde): zware metalen & organische,Bodem
Bodemmeetnet,Kustduinen,2110,Droog tot vochtig + Tijdelijk tot permanent nat,bodemmobilisatie,Bodem
Bodemmeetnet,Kustduinen,2110,Droog tot vochtig + Tijdelijk tot permanent nat,N,Bodem
Bodemmeetnet,Kustduinen,2110,Droog tot vochtig + Tijdelijk tot permanent nat,P,Bodem
Bodemmeetnet,Kustduinen,2120,Droog tot vochtig,bodemmobilisatie,Bodem
Bodemmeetnet,Kustduinen,2120,Droog tot vochtig,N,Bodem
Bodemmeetnet,Kustduinen,2120,Droog tot vochtig,P,Bodem
Bodemmeetnet,Kustduinen,2130_had,Droog tot vochtig + Tijdelijk tot permanent nat,bodemmobilisatie,Bodem
Bodemmeetnet,Kustduinen,2130_had,Droog tot vochtig + Tijdelijk tot permanent nat,N,Bodem
Bodemmeetnet,Kustduinen,2130_had,Droog tot vochtig + Tijdelijk tot permanent nat,P,Bodem
Bodemmeetnet,Kustduinen,2130_hd,Droog tot vochtig + Tijdelijk tot permanent nat,bodemmobilisatie,Bodem
Bodemmeetnet,Kustduinen,2130_hd,Droog tot vochtig + Tijdelijk tot permanent nat,N,Bodem
Bodemmeetnet,Kustduinen,2130_hd,Droog tot vochtig + Tijdelijk tot permanent nat,P,Bodem
Bodemmeetnet,Kustduinen,2150,Droog tot vochtig,bodemmobilisatie,Bodem
Bodemmeetnet,Kustduinen,2150,Droog tot vochtig,N,Bodem
Bodemmeetnet,Kustduinen,2150,Droog tot vochtig,P,Bodem
Bodemmeetnet,Kustduinen,2170,Tijdelijk tot permanent nat,bodemmobilisatie,Bodem
Bodemmeetnet,Kustduinen,2190_mp,Tijdelijk tot permanent nat,bodemmobilisatie,Bodem
Bodemmeetnet,Kustduinen,2190_mp,Tijdelijk tot permanent nat,N,Bodem
Bodemmeetnet,Kustduinen,2190_mp,Tijdelijk tot permanent nat,P,Bodem
Bodemmeetnet,Kustduinen,2190_overig,Tijdelijk tot permanent nat,N,Bodem
Bodemmeetnet,Kustduinen,2190_overig,Tijdelijk tot permanent nat,P,Bodem
Bodemmeetnet,Binnenlandse duinen,2310,Droog tot vochtig,bodemmobilisatie,Bodem
Bodemmeetnet,Binnenlandse duinen,2310,Droog tot vochtig,N,Bodem
Bodemmeetnet,Binnenlandse duinen,2310,Droog tot vochtig,P,Bodem
Bodemmeetnet,Binnenlandse duinen,2330_bu,Droog tot vochtig,bodemmobilisatie,Bodem
Bodemmeetnet,Binnenlandse duinen,2330_bu,Droog tot vochtig,N,Bodem
Bodemmeetnet,Binnenlandse duinen,2330_bu,Droog tot vochtig,P,Bodem
Bodemmeetnet,Binnenlandse duinen,2330_dw,Droog tot vochtig,bodemmobilisatie,Bodem
Bodemmeetnet,Binnenlandse duinen,2330_dw,Droog tot vochtig,N,Bodem
Bodemmeetnet,Binnenlandse duinen,2330_dw,Droog tot vochtig,P,Bodem
Bodemmeetnet,Zoete en brakke wateren,3270,Tijdelijk tot permanent nat,bodemmobilisatie,Bodem
Bodemmeetnet,Heiden,4010,Tijdelijk tot permanent nat,N,Bodem
Bodemmeetnet,Heiden,4010,Tijdelijk tot permanent nat,P,Bodem
Bodemmeetnet,Heiden,4030,Droog tot vochtig,N,Bodem
Bodemmeetnet,Heiden,4030,Droog tot vochtig,P,Bodem
Bodemmeetnet,Heiden,rbbsg,Droog tot vochtig,N,Bodem
Bodemmeetnet,Heiden,rbbsg,Droog tot vochtig,P,Bodem
Bodemmeetnet,Heiden,rbbsm,Tijdelijk tot permanent nat,N,Bodem
Bodemmeetnet,Heiden,rbbsm,Tijdelijk tot permanent nat,P,Bodem
Bodemmeetnet,Thermofiel struikgewas,5130,Droog tot vochtig,bodemmobilisatie,Bodem
Bodemmeetnet,Thermofiel struikgewas,5130,Droog tot vochtig,N,Bodem
Bodemmeetnet,Thermofiel struikgewas,5130,Droog tot vochtig,P,Bodem
Bodemmeetnet,(Half-)natuurlijke graslanden,6120,Tijdelijk tot permanent nat,bodemmobilisatie,Bodem
Bodemmeetnet,(Half-)natuurlijke graslanden,6120,Tijdelijk tot permanent nat,N,Bodem
Bodemmeetnet,(Half-)natuurlijke graslanden,6120,Tijdelijk tot permanent nat,P,Bodem
Bodemmeetnet,(Half-)natuurlijke graslanden,6120,Tijdelijk tot permanent nat,polluenten (milieuvreemde): zware metalen & organische,Bodem
Bodemmeetnet,(Half-)natuurlijke graslanden,6210_hk,Droog tot vochtig,N,Bodem
Bodemmeetnet,(Half-)natuurlijke graslanden,6210_hk,Droog tot vochtig,P,Bodem
Bodemmeetnet,(Half-)natuurlijke graslanden,6210_hk,Droog tot vochtig,polluenten (milieuvreemde): zware metalen & organische,Bodem
Bodemmeetnet,(Half-)natuurlijke graslanden,6210_sk,Droog tot vochtig,N,Bodem
Bodemmeetnet,(Half-)natuurlijke graslanden,6210_sk,Droog tot vochtig,P,Bodem
Bodemmeetnet,(Half-)natuurlijke graslanden,6210_sk,Droog tot vochtig,polluenten (milieuvreemde): zware metalen & organische,Bodem
Bodemmeetnet,(Half-)natuurlijke graslanden,6230_ha,Droog tot vochtig,N,Bodem
Bodemmeetnet,(Half-)natuurlijke graslanden,6230_ha,Droog tot vochtig,P,Bodem
Bodemmeetnet,(Half-)natuurlijke graslanden,6230_ha,Droog tot vochtig,polluenten (milieuvreemde): zware metalen & organische,Bodem
Bodemmeetnet,(Half-)natuurlijke graslanden,6230_hmo,Tijdelijk tot permanent nat,N,Bodem
Bodemmeetnet,(Half-)natuurlijke graslanden,6230_hmo,Tijdelijk tot permanent nat,P,Bodem
Bodemmeetnet,(Half-)natuurlijke graslanden,6230_hmo,Tijdelijk tot permanent nat,polluenten (milieuvreemde): zware metalen & organische,Bodem
Bodemmeetnet,(Half-)natuurlijke graslanden,6230_hn,Droog tot vochtig,N,Bodem
Bodemmeetnet,(Half-)natuurlijke graslanden,6230_hn,Droog tot vochtig,P,Bodem
Bodemmeetnet,(Half-)natuurlijke graslanden,6230_hn,Droog tot vochtig,polluenten (milieuvreemde): zware metalen & organische,Bodem
Bodemmeetnet,(Half-)natuurlijke graslanden,6230_hnk,Droog tot vochtig,N,Bodem
Bodemmeetnet,(Half-)natuurlijke graslanden,6230_hnk,Droog tot vochtig,P,Bodem
Bodemmeetnet,(Half-)natuurlijke graslanden,6230_hnk,Droog tot vochtig,polluenten (milieuvreemde): zware metalen & organische,Bodem
Bodemmeetnet,(Half-)natuurlijke graslanden,6410_mo,Tijdelijk tot permanent nat,N,Bodem
Bodemmeetnet,(Half-)natuurlijke graslanden,6410_mo,Tijdelijk tot permanent nat,P,Bodem
Bodemmeetnet,(Half-)natuurlijke graslanden,6410_mo,Tijdelijk tot permanent nat,polluenten (milieuvreemde): zware metalen & organische,Bodem
Bodemmeetnet,(Half-)natuurlijke graslanden,6410_ve,Tijdelijk tot permanent nat,N,Bodem
Bodemmeetnet,(Half-)natuurlijke graslanden,6410_ve,Tijdelijk tot permanent nat,P,Bodem
Bodemmeetnet,(Half-)natuurlijke graslanden,6410_ve,Tijdelijk tot permanent nat,polluenten (milieuvreemde): zware metalen & organische,Bodem
Bodemmeetnet,(Half-)natuurlijke graslanden,6430_bz,Droog tot vochtig + Tijdelijk tot permanent nat,N,Bodem
Bodemmeetnet,(Half-)natuurlijke graslanden,6430_bz,Droog tot vochtig + Tijdelijk tot permanent nat,P,Bodem
Bodemmeetnet,(Half-)natuurlijke graslanden,6430_bz,Droog tot vochtig + Tijdelijk tot permanent nat,polluenten (milieuvreemde): zware metalen & organische,Bodem
Bodemmeetnet,(Half-)natuurlijke graslanden,6430_hf,Tijdelijk tot permanent nat,N,Bodem
Bodemmeetnet,(Half-)natuurlijke graslanden,6430_hf,Tijdelijk tot permanent nat,P,Bodem
Bodemmeetnet,(Half-)natuurlijke graslanden,6430_hf,Tijdelijk tot permanent nat,polluenten (milieuvreemde): zware metalen & organische,Bodem
Bodemmeetnet,(Half-)natuurlijke graslanden,6430_hw,Tijdelijk tot permanent nat,bodemmobilisatie,Bodem
Bodemmeetnet,(Half-)natuurlijke graslanden,6430_mr,Tijdelijk tot permanent nat,bodemmobilisatie,Bodem
Bodemmeetnet,(Half-)natuurlijke graslanden,6510_hu,Droog tot vochtig + Tijdelijk tot permanent nat,N,Bodem
Bodemmeetnet,(Half-)natuurlijke graslanden,6510_hu,Droog tot vochtig + Tijdelijk tot permanent nat,P,Bodem
Bodemmeetnet,(Half-)natuurlijke graslanden,6510_hu,Droog tot vochtig + Tijdelijk tot permanent nat,polluenten (milieuvreemde): zware metalen & organische,Bodem
Bodemmeetnet,(Half-)natuurlijke graslanden,6510_hua,Tijdelijk tot permanent nat,N,Bodem
Bodemmeetnet,(Half-)natuurlijke graslanden,6510_hua,Tijdelijk tot permanent nat,P,Bodem
Bodemmeetnet,(Half-)natuurlijke graslanden,6510_hua,Tijdelijk tot permanent nat,polluenten (milieuvreemde): zware metalen & organische,Bodem
Bodemmeetnet,(Half-)natuurlijke graslanden,6510_huk,Droog tot vochtig,N,Bodem
Bodemmeetnet,(Half-)natuurlijke graslanden,6510_huk,Droog tot vochtig,P,Bodem
Bodemmeetnet,(Half-)natuurlijke graslanden,6510_huk,Droog tot vochtig,polluenten (milieuvreemde): zware metalen & organische,Bodem
Bodemmeetnet,(Half-)natuurlijke graslanden,6510_hus,Tijdelijk tot permanent nat,N,Bodem
Bodemmeetnet,(Half-)natuurlijke graslanden,6510_hus,Tijdelijk tot permanent nat,P,Bodem
Bodemmeetnet,(Half-)natuurlijke graslanden,6510_hus,Tijdelijk tot permanent nat,polluenten (milieuvreemde): zware metalen & organische,Bodem
Bodemmeetnet,(Half-)natuurlijke graslanden,rbbha,Droog tot vochtig,N,Bodem
Bodemmeetnet,(Half-)natuurlijke graslanden,rbbha,Droog tot vochtig,P,Bodem
Bodemmeetnet,(Half-)natuurlijke graslanden,rbbhc,Tijdelijk tot permanent nat,N,Bodem
Bodemmeetnet,(Half-)natuurlijke graslanden,rbbhc,Tijdelijk tot permanent nat,P,Bodem
Bodemmeetnet,(Half-)natuurlijke graslanden,rbbhc,Tijdelijk tot permanent nat,polluenten (milieuvreemde): zware metalen & organische,Bodem
Bodemmeetnet,(Half-)natuurlijke graslanden,rbbhf,Tijdelijk tot permanent nat,N,Bodem
Bodemmeetnet,(Half-)natuurlijke graslanden,rbbhf,Tijdelijk tot permanent nat,P,Bodem
Bodemmeetnet,(Half-)natuurlijke graslanden,rbbhf,Tijdelijk tot permanent nat,polluenten (milieuvreemde): zware metalen & organische,Bodem
Bodemmeetnet,(Half-)natuurlijke graslanden,rbbkam,Droog tot vochtig + Tijdelijk tot permanent nat,N,Bodem
Bodemmeetnet,(Half-)natuurlijke graslanden,rbbkam,Droog tot vochtig + Tijdelijk tot permanent nat,P,Bodem
Bodemmeetnet,(Half-)natuurlijke graslanden,rbbkam,Droog tot vochtig + Tijdelijk tot permanent nat,polluenten (milieuvreemde): zware metalen & organische,Bodem
Bodemmeetnet,(Half-)natuurlijke graslanden,rbbvos,Tijdelijk tot permanent nat,N,Bodem
Bodemmeetnet,(Half-)natuurlijke graslanden,rbbvos,Tijdelijk tot permanent nat,P,Bodem
Bodemmeetnet,(Half-)natuurlijke graslanden,rbbvos,Tijdelijk tot permanent nat,polluenten (milieuvreemde): zware metalen & organische,Bodem
Bodemmeetnet,(Half-)natuurlijke graslanden,rbbzil,Tijdelijk tot permanent nat,N,Bodem
Bodemmeetnet,(Half-)natuurlijke graslanden,rbbzil,Tijdelijk tot permanent nat,P,Bodem
Bodemmeetnet,(Half-)natuurlijke graslanden,rbbzil,Tijdelijk tot permanent nat,polluenten (milieuvreemde): zware metalen & organische,Bodem
Bodemmeetnet,Moerassen,7140_base,Tijdelijk tot permanent nat,N,Bodem
Bodemmeetnet,Moerassen,7140_base,Tijdelijk tot permanent nat,P,Bodem
Bodemmeetnet,Moerassen,7140_meso,Tijdelijk tot permanent nat,N,Bodem
Bodemmeetnet,Moerassen,7140_meso,Tijdelijk tot permanent nat,P,Bodem
Bodemmeetnet,Moerassen,7140_mrd,Tijdelijk tot permanent nat,N,Bodem
Bodemmeetnet,Moerassen,7140_mrd,Tijdelijk tot permanent nat,P,Bodem
Bodemmeetnet,Moerassen,7140_mrd,Tijdelijk tot permanent nat,polluenten (milieuvreemde): zware metalen & organische,Bodem
Bodemmeetnet,Moerassen,7140_oli,Tijdelijk tot permanent nat,N,Bodem
Bodemmeetnet,Moerassen,7140_oli,Tijdelijk tot permanent nat,P,Bodem
Bodemmeetnet,Moerassen,7150,Tijdelijk tot permanent nat,N,Bodem
Bodemmeetnet,Moerassen,7150,Tijdelijk tot permanent nat,P,Bodem
Bodemmeetnet,Moerassen,7210,Tijdelijk tot permanent nat,N,Bodem
Bodemmeetnet,Moerassen,7210,Tijdelijk tot permanent nat,P,Bodem
Bodemmeetnet,Moerassen,7230,Tijdelijk tot permanent nat,N,Bodem
Bodemmeetnet,Moerassen,7230,Tijdelijk tot permanent nat,P,Bodem
Bodemmeetnet,Moerassen,7230,Tijdelijk tot permanent nat,polluenten (milieuvreemde): zware metalen & organische,Bodem
Bodemmeetnet,Moerassen,rbbmc,Tijdelijk tot permanent nat,N,Bodem
Bodemmeetnet,Moerassen,rbbmc,Tijdelijk tot permanent nat,P,Bodem
Bodemmeetnet,Moerassen,rbbmr,Tijdelijk tot permanent nat,N,Bodem
Bodemmeetnet,Moerassen,rbbmr,Tijdelijk tot permanent nat,P,Bodem
Bodemmeetnet,Moerassen,rbbms,Tijdelijk tot permanent nat,N,Bodem
Bodemmeetnet,Moerassen,rbbms,Tijdelijk tot permanent nat,P,Bodem
Bodemmeetnet,Moerassen,rbbms,Tijdelijk tot permanent nat,polluenten (milieuvreemde): zware metalen & organische,Bodem
Bodemmeetnet,Rotsachtige habitats en grotten,8310,Droog tot vochtig + Tijdelijk tot permanent nat,polluenten (milieuvreemde): zware metalen & organische,Bodem
Bodemmeetnet,Bossen en struwelen,9110,Droog tot vochtig,N,Bodem
Bodemmeetnet,Bossen en struwelen,9110,Droog tot vochtig,P,Bodem
Bodemmeetnet,Bossen en struwelen,9120,Droog tot vochtig + Tijdelijk tot permanent nat,N,Bodem
Bodemmeetnet,Bossen en struwelen,9120,Droog tot vochtig + Tijdelijk tot permanent nat,P,Bodem
Bodemmeetnet,Bossen en struwelen,9130_end,Droog tot vochtig + Tijdelijk tot permanent nat,N,Bodem
Bodemmeetnet,Bossen en struwelen,9130_end,Droog tot vochtig + Tijdelijk tot permanent nat,P,Bodem
Bodemmeetnet,Bossen en struwelen,9130_fm,Droog tot vochtig + Tijdelijk tot permanent nat,N,Bodem
Bodemmeetnet,Bossen en struwelen,9130_fm,Droog tot vochtig + Tijdelijk tot permanent nat,P,Bodem
Bodemmeetnet,Bossen en struwelen,9150,Droog tot vochtig,bodemmobilisatie,Bodem
Bodemmeetnet,Bossen en struwelen,9150,Droog tot vochtig,N,Bodem
Bodemmeetnet,Bossen en struwelen,9150,Droog tot vochtig,P,Bodem
Bodemmeetnet,Bossen en struwelen,9160,Droog tot vochtig + Tijdelijk tot permanent nat,N,Bodem
Bodemmeetnet,Bossen en struwelen,9160,Droog tot vochtig + Tijdelijk tot permanent nat,P,Bodem
Bodemmeetnet,Bossen en struwelen,9190,Droog tot vochtig + Tijdelijk tot permanent nat,N,Bodem
Bodemmeetnet,Bossen en struwelen,9190,Droog tot vochtig + Tijdelijk tot permanent nat,P,Bodem
Bodemmeetnet,Bossen en struwelen,91E0_sf,Tijdelijk tot permanent nat,N,Bodem
Bodemmeetnet,Bossen en struwelen,91E0_sf,Tijdelijk tot permanent nat,P,Bodem
Bodemmeetnet,Bossen en struwelen,91E0_va,Tijdelijk tot permanent nat,N,Bodem
Bodemmeetnet,Bossen en struwelen,91E0_va,Tijdelijk tot permanent nat,P,Bodem
Bodemmeetnet,Bossen en struwelen,91E0_vc,Tijdelijk tot permanent nat,N,Bodem
Bodemmeetnet,Bossen en struwelen,91E0_vc,Tijdelijk tot permanent nat,P,Bodem
Bodemmeetnet,Bossen en struwelen,91E0_vm,Tijdelijk tot permanent nat,N,Bodem
Bodemmeetnet,Bossen en struwelen,91E0_vm,Tijdelijk tot permanent nat,P,Bodem
Bodemmeetnet,Bossen en struwelen,91E0_vn,Tijdelijk tot permanent nat,polluenten (milieuvreemde): zware metalen & organische,Bodem
Bodemmeetnet,Bossen en struwelen,91E0_vo,Tijdelijk tot permanent nat,N,Bodem
Bodemmeetnet,Bossen en struwelen,91E0_vo,Tijdelijk tot permanent nat,P,Bodem
Bodemmeetnet,Bossen en struwelen,rbbppm,Droog tot vochtig + Tijdelijk tot permanent nat,N,Bodem
Bodemmeetnet,Bossen en struwelen,rbbppm,Droog tot vochtig + Tijdelijk tot permanent nat,P,Bodem
Bodemmeetnet,Bossen en struwelen,rbbsf,Tijdelijk tot permanent nat,N,Bodem
Bodemmeetnet,Bossen en struwelen,rbbsf,Tijdelijk tot permanent nat,P,Bodem
Bodemmeetnet,Bossen en struwelen,rbbsf,Tijdelijk tot permanent nat,polluenten (milieuvreemde): zware metalen & organische,Bodem
Bodemmeetnet,Bossen en struwelen,rbbso,Tijdelijk tot permanent nat,N,Bodem
Bodemmeetnet,Bossen en struwelen,rbbso,Tijdelijk tot permanent nat,P,Bodem
Bodemmeetnet,Bossen en struwelen,rbbsp,Droog tot vochtig,N,Bodem
Bodemmeetnet,Bossen en struwelen,rbbsp,Droog tot vochtig,P,Bodem
Grondwatermeetnet,Kust- en zilte habitats,1310_pol,Tijdelijk tot permanent nat,Cl-,Grondwater
Grondwatermeetnet,Kust- en zilte habitats,1310_pol,Tijdelijk tot permanent nat,N,Grondwater
Grondwatermeetnet,Kust- en zilte habitats,1310_pol,Tijdelijk tot permanent nat,Na+,Grondwater
Grondwatermeetnet,Kust- en zilte habitats,1310_pol,Tijdelijk tot permanent nat,P,Grondwater
Grondwatermeetnet,Kust- en zilte habitats,1310_pol,Tijdelijk tot permanent nat,polluenten (milieuvreemde): zware metalen & organische,Grondwater
Grondwatermeetnet,Kust- en zilte habitats,1310_pol,Tijdelijk tot permanent nat,"waterpeil (ook waterregime bv. GxG, Pxx duurlijn, amplitude,?)",Grondwater
Grondwatermeetnet,Kust- en zilte habitats,1310_zk,Tijdelijk tot permanent nat,"waterpeil (ook waterregime bv. GxG, Pxx duurlijn, amplitude,?)",Grondwater
Grondwatermeetnet,Kust- en zilte habitats,1310_zv,Tijdelijk tot permanent nat,"waterpeil (ook waterregime bv. GxG, Pxx duurlijn, amplitude,?)",Grondwater
Grondwatermeetnet,Kust- en zilte habitats,1320,Tijdelijk tot permanent nat,"waterpeil (ook waterregime bv. GxG, Pxx duurlijn, amplitude,?)",Grondwater
Grondwatermeetnet,Kust- en zilte habitats,1330_da,Tijdelijk tot permanent nat,"waterpeil (ook waterregime bv. GxG, Pxx duurlijn, amplitude,?)",Grondwater
Grondwatermeetnet,Kust- en zilte habitats,1330_hpr,Tijdelijk tot permanent nat,Cl-,Grondwater
Grondwatermeetnet,Kust- en zilte habitats,1330_hpr,Tijdelijk tot permanent nat,N,Grondwater
Grondwatermeetnet,Kust- en zilte habitats,1330_hpr,Tijdelijk tot permanent nat,Na+,Grondwater
Grondwatermeetnet,Kust- en zilte habitats,1330_hpr,Tijdelijk tot permanent nat,P,Grondwater
Grondwatermeetnet,Kust- en zilte habitats,1330_hpr,Tijdelijk tot permanent nat,polluenten (milieuvreemde): zware metalen & organische,Grondwater
Grondwatermeetnet,Kust- en zilte habitats,1330_hpr,Tijdelijk tot permanent nat,"waterpeil (ook waterregime bv. GxG, Pxx duurlijn, amplitude,?)",Grondwater
Grondwatermeetnet,Kustduinen,2130_had,Droog tot vochtig + Tijdelijk tot permanent nat,"waterpeil (ook waterregime bv. GxG, Pxx duurlijn, amplitude,?)",Grondwater
Grondwatermeetnet,Kustduinen,2130_hd,Droog tot vochtig + Tijdelijk tot permanent nat,"waterpeil (ook waterregime bv. GxG, Pxx duurlijn, amplitude,?)",Grondwater
Grondwatermeetnet,Kustduinen,2160,Droog tot vochtig + Tijdelijk tot permanent nat,"waterpeil (ook waterregime bv. GxG, Pxx duurlijn, amplitude,?)",Grondwater
Grondwatermeetnet,Kustduinen,2170,Tijdelijk tot permanent nat,"waterpeil (ook waterregime bv. GxG, Pxx duurlijn, amplitude,?)",Grondwater
Grondwatermeetnet,Kustduinen,2180,Droog tot vochtig + Tijdelijk tot permanent nat,"waterpeil (ook waterregime bv. GxG, Pxx duurlijn, amplitude,?)",Grondwater
Grondwatermeetnet,Kustduinen,2190_a,Oppervlaktewater,N,Grondwater
Grondwatermeetnet,Kustduinen,2190_a,Oppervlaktewater,P,Grondwater
Grondwatermeetnet,Kustduinen,2190_a,Oppervlaktewater,"waterpeil (ook waterregime bv. GxG, Pxx duurlijn, amplitude,?)",Grondwater
Grondwatermeetnet,Kustduinen,2190_mp,Tijdelijk tot permanent nat,N,Grondwater
Grondwatermeetnet,Kustduinen,2190_mp,Tijdelijk tot permanent nat,P,Grondwater
Grondwatermeetnet,Kustduinen,2190_mp,Tijdelijk tot permanent nat,"waterpeil (ook waterregime bv. GxG, Pxx duurlijn, amplitude,?)",Grondwater
Grondwatermeetnet,Kustduinen,2190_overig,Tijdelijk tot permanent nat,N,Grondwater
Grondwatermeetnet,Kustduinen,2190_overig,Tijdelijk tot permanent nat,P,Grondwater
Grondwatermeetnet,Kustduinen,2190_overig,Tijdelijk tot permanent nat,"waterpeil (ook waterregime bv. GxG, Pxx duurlijn, amplitude,?)",Grondwater
Grondwatermeetnet,Zoete en brakke wateren,3110,Oppervlaktewater,N,Grondwater
Grondwatermeetnet,Zoete en brakke wateren,3110,Oppervlaktewater,P,Grondwater
Grondwatermeetnet,Zoete en brakke wateren,3110,Oppervlaktewater,"waterpeil (ook waterregime bv. GxG, Pxx duurlijn, amplitude,?)",Grondwater
Grondwatermeetnet,Zoete en brakke wateren,3130_aom,Oppervlaktewater,N,Grondwater
Grondwatermeetnet,Zoete en brakke wateren,3130_aom,Oppervlaktewater,P,Grondwater
Grondwatermeetnet,Zoete en brakke wateren,3130_aom,Oppervlaktewater,polluenten (milieuvreemde): zware metalen & organische,Grondwater
Grondwatermeetnet,Zoete en brakke wateren,3130_aom,Oppervlaktewater,"waterpeil (ook waterregime bv. GxG, Pxx duurlijn, amplitude,?)",Grondwater
Grondwatermeetnet,Zoete en brakke wateren,3130_na,Oppervlaktewater,N,Grondwater
Grondwatermeetnet,Zoete en brakke wateren,3130_na,Oppervlaktewater,P,Grondwater
Grondwatermeetnet,Zoete en brakke wateren,3130_na,Oppervlaktewater,"waterpeil (ook waterregime bv. GxG, Pxx duurlijn, amplitude,?)",Grondwater
Grondwatermeetnet,Zoete en brakke wateren,3140,Oppervlaktewater,N,Grondwater
Grondwatermeetnet,Zoete en brakke wateren,3140,Oppervlaktewater,P,Grondwater
Grondwatermeetnet,Zoete en brakke wateren,3140,Oppervlaktewater,polluenten (milieuvreemde): zware metalen & organische,Grondwater
Grondwatermeetnet,Zoete en brakke wateren,3140,Oppervlaktewater,"waterpeil (ook waterregime bv. GxG, Pxx duurlijn, amplitude,?)",Grondwater
Grondwatermeetnet,Zoete en brakke wateren,3150,Oppervlaktewater,N,Grondwater
Grondwatermeetnet,Zoete en brakke wateren,3150,Oppervlaktewater,P,Grondwater
Grondwatermeetnet,Zoete en brakke wateren,3150,Oppervlaktewater,polluenten (milieuvreemde): zware metalen & organische,Grondwater
Grondwatermeetnet,Zoete en brakke wateren,3150,Oppervlaktewater,"waterpeil (ook waterregime bv. GxG, Pxx duurlijn, amplitude,?)",Grondwater
Grondwatermeetnet,Zoete en brakke wateren,3160,Oppervlaktewater,alkaliniteit,Grondwater
Grondwatermeetnet,Zoete en brakke wateren,3160,Oppervlaktewater,H+,Grondwater
Grondwatermeetnet,Zoete en brakke wateren,3160,Oppervlaktewater,N,Grondwater
Grondwatermeetnet,Zoete en brakke wateren,3160,Oppervlaktewater,P,Grondwater
Grondwatermeetnet,Zoete en brakke wateren,3160,Oppervlaktewater,polluenten (milieuvreemde): zware metalen & organische,Grondwater
Grondwatermeetnet,Zoete en brakke wateren,3160,Oppervlaktewater,"waterpeil (ook waterregime bv. GxG, Pxx duurlijn, amplitude,?)",Grondwater
Grondwatermeetnet,Zoete en brakke wateren,3260,Oppervlaktewater,N,Grondwater
Grondwatermeetnet,Zoete en brakke wateren,3260,Oppervlaktewater,P,Grondwater
Grondwatermeetnet,Zoete en brakke wateren,3260,Oppervlaktewater,polluenten (milieuvreemde): zware metalen & organische,Grondwater
Grondwatermeetnet,Zoete en brakke wateren,3260,Oppervlaktewater,"waterpeil (ook waterregime bv. GxG, Pxx duurlijn, amplitude,?)",Grondwater
Grondwatermeetnet,Zoete en brakke wateren,3270,Tijdelijk tot permanent nat,"waterpeil (ook waterregime bv. GxG, Pxx duurlijn, amplitude,?)",Grondwater
Grondwatermeetnet,Zoete en brakke wateren,rbbah,Oppervlaktewater,Cl-,Grondwater
Grondwatermeetnet,Zoete en brakke wateren,rbbah,Oppervlaktewater,N,Grondwater
Grondwatermeetnet,Zoete en brakke wateren,rbbah,Oppervlaktewater,Na+,Grondwater
Grondwatermeetnet,Zoete en brakke wateren,rbbah,Oppervlaktewater,P,Grondwater
Grondwatermeetnet,Zoete en brakke wateren,rbbah,Oppervlaktewater,polluenten (milieuvreemde): zware metalen & organische,Grondwater
Grondwatermeetnet,Zoete en brakke wateren,rbbah,Oppervlaktewater,"waterpeil (ook waterregime bv. GxG, Pxx duurlijn, amplitude,?)",Grondwater
Grondwatermeetnet,Heiden,4010,Tijdelijk tot permanent nat,N,Grondwater
Grondwatermeetnet,Heiden,4010,Tijdelijk tot permanent nat,P,Grondwater
Grondwatermeetnet,Heiden,4010,Tijdelijk tot permanent nat,"waterpeil (ook waterregime bv. GxG, Pxx duurlijn, amplitude,?)",Grondwater
Grondwatermeetnet,Heiden,rbbsm,Tijdelijk tot permanent nat,N,Grondwater
Grondwatermeetnet,Heiden,rbbsm,Tijdelijk tot permanent nat,P,Grondwater
Grondwatermeetnet,Heiden,rbbsm,Tijdelijk tot permanent nat,"waterpeil (ook waterregime bv. GxG, Pxx duurlijn, amplitude,?)",Grondwater
Grondwatermeetnet,(Half-)natuurlijke graslanden,6230_hmo,Tijdelijk tot permanent nat,alkaliniteit,Grondwater
Grondwatermeetnet,(Half-)natuurlijke graslanden,6230_hmo,Tijdelijk tot permanent nat,H+,Grondwater
Grondwatermeetnet,(Half-)natuurlijke graslanden,6230_hmo,Tijdelijk tot permanent nat,N,Grondwater
Grondwatermeetnet,(Half-)natuurlijke graslanden,6230_hmo,Tijdelijk tot permanent nat,P,Grondwater
Grondwatermeetnet,(Half-)natuurlijke graslanden,6230_hmo,Tijdelijk tot permanent nat,polluenten (milieuvreemde): zware metalen & organische,Grondwater
Grondwatermeetnet,(Half-)natuurlijke graslanden,6230_hmo,Tijdelijk tot permanent nat,"waterpeil (ook waterregime bv. GxG, Pxx duurlijn, amplitude,?)",Grondwater
Grondwatermeetnet,(Half-)natuurlijke graslanden,6410_mo,Tijdelijk tot permanent nat,alkaliniteit,Grondwater
Grondwatermeetnet,(Half-)natuurlijke graslanden,6410_mo,Tijdelijk tot permanent nat,H+,Grondwater
Grondwatermeetnet,(Half-)natuurlijke graslanden,6410_mo,Tijdelijk tot permanent nat,N,Grondwater
Grondwatermeetnet,(Half-)natuurlijke graslanden,6410_mo,Tijdelijk tot permanent nat,P,Grondwater
Grondwatermeetnet,(Half-)natuurlijke graslanden,6410_mo,Tijdelijk tot permanent nat,polluenten (milieuvreemde): zware metalen & organische,Grondwater
Grondwatermeetnet,(Half-)natuurlijke graslanden,6410_mo,Tijdelijk tot permanent nat,"waterpeil (ook waterregime bv. GxG, Pxx duurlijn, amplitude,?)",Grondwater
Grondwatermeetnet,(Half-)natuurlijke graslanden,6410_ve,Tijdelijk tot permanent nat,alkaliniteit,Grondwater
Grondwatermeetnet,(Half-)natuurlijke graslanden,6410_ve,Tijdelijk tot permanent nat,H+,Grondwater
Grondwatermeetnet,(Half-)natuurlijke graslanden,6410_ve,Tijdelijk tot permanent nat,N,Grondwater
Grondwatermeetnet,(Half-)natuurlijke graslanden,6410_ve,Tijdelijk tot permanent nat,P,Grondwater
Grondwatermeetnet,(Half-)natuurlijke graslanden,6410_ve,Tijdelijk tot permanent nat,polluenten (milieuvreemde): zware metalen & organische,Grondwater
Grondwatermeetnet,(Half-)natuurlijke graslanden,6410_ve,Tijdelijk tot permanent nat,"waterpeil (ook waterregime bv. GxG, Pxx duurlijn, amplitude,?)",Grondwater
Grondwatermeetnet,(Half-)natuurlijke graslanden,6430_bz,Droog tot vochtig + Tijdelijk tot permanent nat,"waterpeil (ook waterregime bv. GxG, Pxx duurlijn, amplitude,?)",Grondwater
Grondwatermeetnet,(Half-)natuurlijke graslanden,6430_hf,Tijdelijk tot permanent nat,N,Grondwater
Grondwatermeetnet,(Half-)natuurlijke graslanden,6430_hf,Tijdelijk tot permanent nat,P,Grondwater
Grondwatermeetnet,(Half-)natuurlijke graslanden,6430_hf,Tijdelijk tot permanent nat,polluenten (milieuvreemde): zware metalen & organische,Grondwater
Grondwatermeetnet,(Half-)natuurlijke graslanden,6430_hf,Tijdelijk tot permanent nat,"waterpeil (ook waterregime bv. GxG, Pxx duurlijn, amplitude,?)",Grondwater
Grondwatermeetnet,(Half-)natuurlijke graslanden,6430_hw,Tijdelijk tot permanent nat,N,Grondwater
Grondwatermeetnet,(Half-)natuurlijke graslanden,6430_hw,Tijdelijk tot permanent nat,P,Grondwater
Grondwatermeetnet,(Half-)natuurlijke graslanden,6430_hw,Tijdelijk tot permanent nat,polluenten (milieuvreemde): zware metalen & organische,Grondwater
Grondwatermeetnet,(Half-)natuurlijke graslanden,6430_hw,Tijdelijk tot permanent nat,"waterpeil (ook waterregime bv. GxG, Pxx duurlijn, amplitude,?)",Grondwater
Grondwatermeetnet,(Half-)natuurlijke graslanden,6430_mr,Tijdelijk tot permanent nat,"waterpeil (ook waterregime bv. GxG, Pxx duurlijn, amplitude,?)",Grondwater
Grondwatermeetnet,(Half-)natuurlijke graslanden,6510_hu,Droog tot vochtig + Tijdelijk tot permanent nat,N,Grondwater
Grondwatermeetnet,(Half-)natuurlijke graslanden,6510_hu,Droog tot vochtig + Tijdelijk tot permanent nat,P,Grondwater
Grondwatermeetnet,(Half-)natuurlijke graslanden,6510_hu,Droog tot vochtig + Tijdelijk tot permanent nat,polluenten (milieuvreemde): zware metalen & organische,Grondwater
Grondwatermeetnet,(Half-)natuurlijke graslanden,6510_hua,Tijdelijk tot permanent nat,N,Grondwater
Grondwatermeetnet,(Half-)natuurlijke graslanden,6510_hua,Tijdelijk tot permanent nat,P,Grondwater
Grondwatermeetnet,(Half-)natuurlijke graslanden,6510_hua,Tijdelijk tot permanent nat,polluenten (milieuvreemde): zware metalen & organische,Grondwater
Grondwatermeetnet,(Half-)natuurlijke graslanden,6510_hua,Tijdelijk tot permanent nat,"waterpeil (ook waterregime bv. GxG, Pxx duurlijn, amplitude,?)",Grondwater
Grondwatermeetnet,(Half-)natuurlijke graslanden,6510_hus,Tijdelijk tot permanent nat,N,Grondwater
Grondwatermeetnet,(Half-)natuurlijke graslanden,6510_hus,Tijdelijk tot permanent nat,P,Grondwater
Grondwatermeetnet,(Half-)natuurlijke graslanden,6510_hus,Tijdelijk tot permanent nat,polluenten (milieuvreemde): zware metalen & organische,Grondwater
Grondwatermeetnet,(Half-)natuurlijke graslanden,6510_hus,Tijdelijk tot permanent nat,"waterpeil (ook waterregime bv. GxG, Pxx duurlijn, amplitude,?)",Grondwater
Grondwatermeetnet,(Half-)natuurlijke graslanden,rbbhc,Tijdelijk tot permanent nat,alkaliniteit,Grondwater
Grondwatermeetnet,(Half-)natuurlijke graslanden,rbbhc,Tijdelijk tot permanent nat,H+,Grondwater
Grondwatermeetnet,(Half-)natuurlijke graslanden,rbbhc,Tijdelijk tot permanent nat,N,Grondwater
Grondwatermeetnet,(Half-)natuurlijke graslanden,rbbhc,Tijdelijk tot permanent nat,P,Grondwater
Grondwatermeetnet,(Half-)natuurlijke graslanden,rbbhc,Tijdelijk tot permanent nat,polluenten (milieuvreemde): zware metalen & organische,Grondwater
Grondwatermeetnet,(Half-)natuurlijke graslanden,rbbhc,Tijdelijk tot permanent nat,"waterpeil (ook waterregime bv. GxG, Pxx duurlijn, amplitude,?)",Grondwater
Grondwatermeetnet,(Half-)natuurlijke graslanden,rbbhf,Tijdelijk tot permanent nat,N,Grondwater
Grondwatermeetnet,(Half-)natuurlijke graslanden,rbbhf,Tijdelijk tot permanent nat,P,Grondwater
Grondwatermeetnet,(Half-)natuurlijke graslanden,rbbhf,Tijdelijk tot permanent nat,"waterpeil (ook waterregime bv. GxG, Pxx duurlijn, amplitude,?)",Grondwater
Grondwatermeetnet,(Half-)natuurlijke graslanden,rbbhfl,Tijdelijk tot permanent nat,N,Grondwater
Grondwatermeetnet,(Half-)natuurlijke graslanden,rbbhfl,Tijdelijk tot permanent nat,P,Grondwater
Grondwatermeetnet,(Half-)natuurlijke graslanden,rbbhfl,Tijdelijk tot permanent nat,"waterpeil (ook waterregime bv. GxG, Pxx duurlijn, amplitude,?)",Grondwater
Grondwatermeetnet,(Half-)natuurlijke graslanden,rbbkam,Droog tot vochtig + Tijdelijk tot permanent nat,N,Grondwater
Grondwatermeetnet,(Half-)natuurlijke graslanden,rbbkam,Droog tot vochtig + Tijdelijk tot permanent nat,P,Grondwater
Grondwatermeetnet,(Half-)natuurlijke graslanden,rbbkam,Droog tot vochtig + Tijdelijk tot permanent nat,polluenten (milieuvreemde): zware metalen & organische,Grondwater
Grondwatermeetnet,(Half-)natuurlijke graslanden,rbbkam,Droog tot vochtig + Tijdelijk tot permanent nat,"waterpeil (ook waterregime bv. GxG, Pxx duurlijn, amplitude,?)",Grondwater
Grondwatermeetnet,(Half-)natuurlijke graslanden,rbbvos,Tijdelijk tot permanent nat,N,Grondwater
Grondwatermeetnet,(Half-)natuurlijke graslanden,rbbvos,Tijdelijk tot permanent nat,P,Grondwater
Grondwatermeetnet,(Half-)natuurlijke graslanden,rbbvos,Tijdelijk tot permanent nat,polluenten (milieuvreemde): zware metalen & organische,Grondwater
Grondwatermeetnet,(Half-)natuurlijke graslanden,rbbvos,Tijdelijk tot permanent nat,"waterpeil (ook waterregime bv. GxG, Pxx duurlijn, amplitude,?)",Grondwater
Grondwatermeetnet,(Half-)natuurlijke graslanden,rbbzil,Tijdelijk tot permanent nat,N,Grondwater
Grondwatermeetnet,(Half-)natuurlijke graslanden,rbbzil,Tijdelijk tot permanent nat,P,Grondwater
Grondwatermeetnet,(Half-)natuurlijke graslanden,rbbzil,Tijdelijk tot permanent nat,polluenten (milieuvreemde): zware metalen & organische,Grondwater
Grondwatermeetnet,(Half-)natuurlijke graslanden,rbbzil,Tijdelijk tot permanent nat,"waterpeil (ook waterregime bv. GxG, Pxx duurlijn, amplitude,?)",Grondwater
Grondwatermeetnet,Moerassen,7140_base,Tijdelijk tot permanent nat,N,Grondwater
Grondwatermeetnet,Moerassen,7140_base,Tijdelijk tot permanent nat,P,Grondwater
Grondwatermeetnet,Moerassen,7140_base,Tijdelijk tot permanent nat,polluenten (milieuvreemde): zware metalen & organische,Grondwater
Grondwatermeetnet,Moerassen,7140_base,Tijdelijk tot permanent nat,"waterpeil (ook waterregime bv. GxG, Pxx duurlijn, amplitude,?)",Grondwater
Grondwatermeetnet,Moerassen,7140_meso,Tijdelijk tot permanent nat,N,Grondwater
Grondwatermeetnet,Moerassen,7140_meso,Tijdelijk tot permanent nat,P,Grondwater
Grondwatermeetnet,Moerassen,7140_meso,Tijdelijk tot permanent nat,polluenten (milieuvreemde): zware metalen & organische,Grondwater
Grondwatermeetnet,Moerassen,7140_meso,Tijdelijk tot permanent nat,"waterpeil (ook waterregime bv. GxG, Pxx duurlijn, amplitude,?)",Grondwater
Grondwatermeetnet,Moerassen,7140_mrd,Tijdelijk tot permanent nat,N,Grondwater
Grondwatermeetnet,Moerassen,7140_mrd,Tijdelijk tot permanent nat,P,Grondwater
Grondwatermeetnet,Moerassen,7140_mrd,Tijdelijk tot permanent nat,polluenten (milieuvreemde): zware metalen & organische,Grondwater
Grondwatermeetnet,Moerassen,7140_mrd,Tijdelijk tot permanent nat,"waterpeil (ook waterregime bv. GxG, Pxx duurlijn, amplitude,?)",Grondwater
Grondwatermeetnet,Moerassen,7140_oli,Tijdelijk tot permanent nat,N,Grondwater
Grondwatermeetnet,Moerassen,7140_oli,Tijdelijk tot permanent nat,P,Grondwater
Grondwatermeetnet,Moerassen,7140_oli,Tijdelijk tot permanent nat,polluenten (milieuvreemde): zware metalen & organische,Grondwater
Grondwatermeetnet,Moerassen,7140_oli,Tijdelijk tot permanent nat,"waterpeil (ook waterregime bv. GxG, Pxx duurlijn, amplitude,?)",Grondwater
Grondwatermeetnet,Moerassen,7150,Tijdelijk tot permanent nat,N,Grondwater
Grondwatermeetnet,Moerassen,7150,Tijdelijk tot permanent nat,P,Grondwater
Grondwatermeetnet,Moerassen,7150,Tijdelijk tot permanent nat,polluenten (milieuvreemde): zware metalen & organische,Grondwater
Grondwatermeetnet,Moerassen,7150,Tijdelijk tot permanent nat,"waterpeil (ook waterregime bv. GxG, Pxx duurlijn, amplitude,?)",Grondwater
Grondwatermeetnet,Moerassen,7210,Tijdelijk tot permanent nat,N,Grondwater
Grondwatermeetnet,Moerassen,7210,Tijdelijk tot permanent nat,P,Grondwater
Grondwatermeetnet,Moerassen,7210,Tijdelijk tot permanent nat,polluenten (milieuvreemde): zware metalen & organische,Grondwater
Grondwatermeetnet,Moerassen,7210,Tijdelijk tot permanent nat,"waterpeil (ook waterregime bv. GxG, Pxx duurlijn, amplitude,?)",Grondwater
Grondwatermeetnet,Moerassen,7220,Oppervlaktewater,N,Grondwater
Grondwatermeetnet,Moerassen,7220,Oppervlaktewater,P,Grondwater
Grondwatermeetnet,Moerassen,7220,Oppervlaktewater,polluenten (milieuvreemde): zware metalen & organische,Grondwater
Grondwatermeetnet,Moerassen,7220,Oppervlaktewater,"waterpeil (ook waterregime bv. GxG, Pxx duurlijn, amplitude,?)",Grondwater
Grondwatermeetnet,Moerassen,7230,Tijdelijk tot permanent nat,N,Grondwater
Grondwatermeetnet,Moerassen,7230,Tijdelijk tot permanent nat,P,Grondwater
Grondwatermeetnet,Moerassen,7230,Tijdelijk tot permanent nat,polluenten (milieuvreemde): zware metalen & organische,Grondwater
Grondwatermeetnet,Moerassen,7230,Tijdelijk tot permanent nat,"waterpeil (ook waterregime bv. GxG, Pxx duurlijn, amplitude,?)",Grondwater
Grondwatermeetnet,Moerassen,rbbmc,Tijdelijk tot permanent nat,N,Grondwater
Grondwatermeetnet,Moerassen,rbbmc,Tijdelijk tot permanent nat,P,Grondwater
Grondwatermeetnet,Moerassen,rbbmc,Tijdelijk tot permanent nat,polluenten (milieuvreemde): zware metalen & organische,Grondwater
Grondwatermeetnet,Moerassen,rbbmc,Tijdelijk tot permanent nat,"waterpeil (ook waterregime bv. GxG, Pxx duurlijn, amplitude,?)",Grondwater
Grondwatermeetnet,Moerassen,rbbmr,Tijdelijk tot permanent nat,N,Grondwater
Grondwatermeetnet,Moerassen,rbbmr,Tijdelijk tot permanent nat,P,Grondwater
Grondwatermeetnet,Moerassen,rbbmr,Tijdelijk tot permanent nat,polluenten (milieuvreemde): zware metalen & organische,Grondwater
Grondwatermeetnet,Moerassen,rbbmr,Tijdelijk tot permanent nat,"waterpeil (ook waterregime bv. GxG, Pxx duurlijn, amplitude,?)",Grondwater
Grondwatermeetnet,Moerassen,rbbms,Tijdelijk tot permanent nat,N,Grondwater
Grondwatermeetnet,Moerassen,rbbms,Tijdelijk tot permanent nat,P,Grondwater
Grondwatermeetnet,Moerassen,rbbms,Tijdelijk tot permanent nat,polluenten (milieuvreemde): zware metalen & organische,Grondwater
Grondwatermeetnet,Moerassen,rbbms,Tijdelijk tot permanent nat,"waterpeil (ook waterregime bv. GxG, Pxx duurlijn, amplitude,?)",Grondwater
Grondwatermeetnet,Rotsachtige habitats en grotten,8310,Droog tot vochtig + Tijdelijk tot permanent nat,polluenten (milieuvreemde): zware metalen & organische,Grondwater
Grondwatermeetnet,Rotsachtige habitats en grotten,8310,Droog tot vochtig + Tijdelijk tot permanent nat,"waterpeil (ook waterregime bv. GxG, Pxx duurlijn, amplitude,?)",Grondwater
Grondwatermeetnet,Bossen en struwelen,9120,Droog tot vochtig + Tijdelijk tot permanent nat,N,Grondwater
Grondwatermeetnet,Bossen en struwelen,9120,Droog tot vochtig + Tijdelijk tot permanent nat,P,Grondwater
Grondwatermeetnet,Bossen en struwelen,9120,Droog tot vochtig + Tijdelijk tot permanent nat,"waterpeil (ook waterregime bv. GxG, Pxx duurlijn, amplitude,?)",Grondwater
Grondwatermeetnet,Bossen en struwelen,9130_end,Droog tot vochtig + Tijdelijk tot permanent nat,N,Grondwater
Grondwatermeetnet,Bossen en struwelen,9130_end,Droog tot vochtig + Tijdelijk tot permanent nat,P,Grondwater
Grondwatermeetnet,Bossen en struwelen,9130_end,Droog tot vochtig + Tijdelijk tot permanent nat,"waterpeil (ook waterregime bv. GxG, Pxx duurlijn, amplitude,?)",Grondwater
Grondwatermeetnet,Bossen en struwelen,9130_fm,Droog tot vochtig + Tijdelijk tot permanent nat,N,Grondwater
Grondwatermeetnet,Bossen en struwelen,9130_fm,Droog tot vochtig + Tijdelijk tot permanent nat,P,Grondwater
Grondwatermeetnet,Bossen en struwelen,9130_fm,Droog tot vochtig + Tijdelijk tot permanent nat,"waterpeil (ook waterregime bv. GxG, Pxx duurlijn, amplitude,?)",Grondwater
Grondwatermeetnet,Bossen en struwelen,9160,Droog tot vochtig + Tijdelijk tot permanent nat,N,Grondwater
Grondwatermeetnet,Bossen en struwelen,9160,Droog tot vochtig + Tijdelijk tot permanent nat,P,Grondwater
Grondwatermeetnet,Bossen en struwelen,9160,Droog tot vochtig + Tijdelijk tot permanent nat,"waterpeil (ook waterregime bv. GxG, Pxx duurlijn, amplitude,?)",Grondwater
Grondwatermeetnet,Bossen en struwelen,9190,Droog tot vochtig + Tijdelijk tot permanent nat,N,Grondwater
Grondwatermeetnet,Bossen en struwelen,9190,Droog tot vochtig + Tijdelijk tot permanent nat,P,Grondwater
Grondwatermeetnet,Bossen en struwelen,9190,Droog tot vochtig + Tijdelijk tot permanent nat,"waterpeil (ook waterregime bv. GxG, Pxx duurlijn, amplitude,?)",Grondwater
Grondwatermeetnet,Bossen en struwelen,91E0_sf,Tijdelijk tot permanent nat,N,Grondwater
Grondwatermeetnet,Bossen en struwelen,91E0_sf,Tijdelijk tot permanent nat,P,Grondwater
Grondwatermeetnet,Bossen en struwelen,91E0_sf,Tijdelijk tot permanent nat,"waterpeil (ook waterregime bv. GxG, Pxx duurlijn, amplitude,?)",Grondwater
Grondwatermeetnet,Bossen en struwelen,91E0_va,Tijdelijk tot permanent nat,N,Grondwater
Grondwatermeetnet,Bossen en struwelen,91E0_va,Tijdelijk tot permanent nat,P,Grondwater
Grondwatermeetnet,Bossen en struwelen,91E0_va,Tijdelijk tot permanent nat,"waterpeil (ook waterregime bv. GxG, Pxx duurlijn, amplitude,?)",Grondwater
Grondwatermeetnet,Bossen en struwelen,91E0_vc,Tijdelijk tot permanent nat,N,Grondwater
Grondwatermeetnet,Bossen en struwelen,91E0_vc,Tijdelijk tot permanent nat,P,Grondwater
Grondwatermeetnet,Bossen en struwelen,91E0_vc,Tijdelijk tot permanent nat,"waterpeil (ook waterregime bv. GxG, Pxx duurlijn, amplitude,?)",Grondwater
Grondwatermeetnet,Bossen en struwelen,91E0_vm,Tijdelijk tot permanent nat,N,Grondwater
Grondwatermeetnet,Bossen en struwelen,91E0_vm,Tijdelijk tot permanent nat,P,Grondwater
Grondwatermeetnet,Bossen en struwelen,91E0_vm,Tijdelijk tot permanent nat,"waterpeil (ook waterregime bv. GxG, Pxx duurlijn, amplitude,?)",Grondwater
Grondwatermeetnet,Bossen en struwelen,91E0_vn,Tijdelijk tot permanent nat,N,Grondwater
Grondwatermeetnet,Bossen en struwelen,91E0_vn,Tijdelijk tot permanent nat,P,Grondwater
Grondwatermeetnet,Bossen en struwelen,91E0_vn,Tijdelijk tot permanent nat,"waterpeil (ook waterregime bv. GxG, Pxx duurlijn, amplitude,?)",Grondwater
Grondwatermeetnet,Bossen en struwelen,91E0_vo,Tijdelijk tot permanent nat,N,Grondwater
Grondwatermeetnet,Bossen en struwelen,91E0_vo,Tijdelijk tot permanent nat,P,Grondwater
Grondwatermeetnet,Bossen en struwelen,91E0_vo,Tijdelijk tot permanent nat,"waterpeil (ook waterregime bv. GxG, Pxx duurlijn, amplitude,?)",Grondwater
Grondwatermeetnet,Bossen en struwelen,91F0,Tijdelijk tot permanent nat,"waterpeil (ook waterregime bv. GxG, Pxx duurlijn, amplitude,?)",Grondwater
Grondwatermeetnet,Bossen en struwelen,rbbppm,Droog tot vochtig + Tijdelijk tot permanent nat,"waterpeil (ook waterregime bv. GxG, Pxx duurlijn, amplitude,?)",Grondwater
Grondwatermeetnet,Bossen en struwelen,rbbsf,Tijdelijk tot permanent nat,N,Grondwater
Grondwatermeetnet,Bossen en struwelen,rbbsf,Tijdelijk tot permanent nat,P,Grondwater
Grondwatermeetnet,Bossen en struwelen,rbbsf,Tijdelijk tot permanent nat,"waterpeil (ook waterregime bv. GxG, Pxx duurlijn, amplitude,?)",Grondwater
Grondwatermeetnet,Bossen en struwelen,rbbso,Tijdelijk tot permanent nat,N,Grondwater
Grondwatermeetnet,Bossen en struwelen,rbbso,Tijdelijk tot permanent nat,P,Grondwater
Grondwatermeetnet,Bossen en struwelen,rbbso,Tijdelijk tot permanent nat,"waterpeil (ook waterregime bv. GxG, Pxx duurlijn, amplitude,?)",Grondwater
Oppervlaktewatermeetnet,Kustduinen,2190_a,Oppervlaktewater,N,Waterbodem
Oppervlaktewatermeetnet,Kustduinen,2190_a,Oppervlaktewater,N,Waterkolom
Oppervlaktewatermeetnet,Kustduinen,2190_a,Oppervlaktewater,P,Waterbodem
Oppervlaktewatermeetnet,Kustduinen,2190_a,Oppervlaktewater,P,Waterkolom
Oppervlaktewatermeetnet,Zoete en brakke wateren,3110,Oppervlaktewater,N,Waterbodem
Oppervlaktewatermeetnet,Zoete en brakke wateren,3110,Oppervlaktewater,N,Waterkolom
Oppervlaktewatermeetnet,Zoete en brakke wateren,3110,Oppervlaktewater,P,Waterbodem
Oppervlaktewatermeetnet,Zoete en brakke wateren,3110,Oppervlaktewater,P,Waterkolom
Oppervlaktewatermeetnet,Zoete en brakke wateren,3110,Oppervlaktewater,polluenten (milieuvreemde): zware metalen & organische,Waterbodem
Oppervlaktewatermeetnet,Zoete en brakke wateren,3110,Oppervlaktewater,polluenten (milieuvreemde): zware metalen & organische,Waterkolom
Oppervlaktewatermeetnet,Zoete en brakke wateren,3130_aom,Oppervlaktewater,N,Waterbodem
Oppervlaktewatermeetnet,Zoete en brakke wateren,3130_aom,Oppervlaktewater,N,Waterkolom
Oppervlaktewatermeetnet,Zoete en brakke wateren,3130_aom,Oppervlaktewater,P,Waterbodem
Oppervlaktewatermeetnet,Zoete en brakke wateren,3130_aom,Oppervlaktewater,P,Waterkolom
Oppervlaktewatermeetnet,Zoete en brakke wateren,3130_aom,Oppervlaktewater,polluenten (milieuvreemde): zware metalen & organische,Waterbodem
Oppervlaktewatermeetnet,Zoete en brakke wateren,3130_aom,Oppervlaktewater,polluenten (milieuvreemde): zware metalen & organische,Waterkolom
Oppervlaktewatermeetnet,Zoete en brakke wateren,3130_aom,Oppervlaktewater,stroming water / golfslag,Waterkolom
Oppervlaktewatermeetnet,Zoete en brakke wateren,3130_na,Oppervlaktewater,N,Waterbodem
Oppervlaktewatermeetnet,Zoete en brakke wateren,3130_na,Oppervlaktewater,N,Waterkolom
Oppervlaktewatermeetnet,Zoete en brakke wateren,3130_na,Oppervlaktewater,P,Waterbodem
Oppervlaktewatermeetnet,Zoete en brakke wateren,3130_na,Oppervlaktewater,P,Waterkolom
Oppervlaktewatermeetnet,Zoete en brakke wateren,3130_na,Oppervlaktewater,polluenten (milieuvreemde): zware metalen & organische,Waterbodem
Oppervlaktewatermeetnet,Zoete en brakke wateren,3130_na,Oppervlaktewater,polluenten (milieuvreemde): zware metalen & organische,Waterkolom
Oppervlaktewatermeetnet,Zoete en brakke wateren,3140,Oppervlaktewater,N,Waterbodem
Oppervlaktewatermeetnet,Zoete en brakke wateren,3140,Oppervlaktewater,N,Waterkolom
Oppervlaktewatermeetnet,Zoete en brakke wateren,3140,Oppervlaktewater,P,Waterbodem
Oppervlaktewatermeetnet,Zoete en brakke wateren,3140,Oppervlaktewater,P,Waterkolom
Oppervlaktewatermeetnet,Zoete en brakke wateren,3140,Oppervlaktewater,polluenten (milieuvreemde): zware metalen & organische,Waterbodem
Oppervlaktewatermeetnet,Zoete en brakke wateren,3140,Oppervlaktewater,polluenten (milieuvreemde): zware metalen & organische,Waterkolom
Oppervlaktewatermeetnet,Zoete en brakke wateren,3150,Oppervlaktewater,bodemmobilisatie,Waterbodem
Oppervlaktewatermeetnet,Zoete en brakke wateren,3150,Oppervlaktewater,N,Waterbodem
Oppervlaktewatermeetnet,Zoete en brakke wateren,3150,Oppervlaktewater,N,Waterkolom
Oppervlaktewatermeetnet,Zoete en brakke wateren,3150,Oppervlaktewater,P,Waterbodem
Oppervlaktewatermeetnet,Zoete en brakke wateren,3150,Oppervlaktewater,P,Waterkolom
Oppervlaktewatermeetnet,Zoete en brakke wateren,3150,Oppervlaktewater,polluenten (milieuvreemde): zware metalen & organische,Waterbodem
Oppervlaktewatermeetnet,Zoete en brakke wateren,3150,Oppervlaktewater,polluenten (milieuvreemde): zware metalen & organische,Waterkolom
Oppervlaktewatermeetnet,Zoete en brakke wateren,3150,Oppervlaktewater,turbiditeit,Waterkolom
Oppervlaktewatermeetnet,Zoete en brakke wateren,3160,Oppervlaktewater,N,Waterbodem
Oppervlaktewatermeetnet,Zoete en brakke wateren,3160,Oppervlaktewater,N,Waterkolom
Oppervlaktewatermeetnet,Zoete en brakke wateren,3160,Oppervlaktewater,P,Waterbodem
Oppervlaktewatermeetnet,Zoete en brakke wateren,3160,Oppervlaktewater,P,Waterkolom
Oppervlaktewatermeetnet,Zoete en brakke wateren,3160,Oppervlaktewater,polluenten (milieuvreemde): zware metalen & organische,Waterbodem
Oppervlaktewatermeetnet,Zoete en brakke wateren,3160,Oppervlaktewater,polluenten (milieuvreemde): zware metalen & organische,Waterkolom
Oppervlaktewatermeetnet,Zoete en brakke wateren,3260,Oppervlaktewater,bodemmobilisatie,Waterbodem
Oppervlaktewatermeetnet,Zoete en brakke wateren,3260,Oppervlaktewater,N,Waterbodem
Oppervlaktewatermeetnet,Zoete en brakke wateren,3260,Oppervlaktewater,N,Waterkolom
Oppervlaktewatermeetnet,Zoete en brakke wateren,3260,Oppervlaktewater,P,Waterbodem
Oppervlaktewatermeetnet,Zoete en brakke wateren,3260,Oppervlaktewater,P,Waterkolom
Oppervlaktewatermeetnet,Zoete en brakke wateren,3260,Oppervlaktewater,polluenten (milieuvreemde): zware metalen & organische,Waterbodem
Oppervlaktewatermeetnet,Zoete en brakke wateren,3260,Oppervlaktewater,polluenten (milieuvreemde): zware metalen & organische,Waterkolom
Oppervlaktewatermeetnet,Zoete en brakke wateren,3260,Oppervlaktewater,stroming water / golfslag,Waterkolom
Oppervlaktewatermeetnet,Zoete en brakke wateren,3260,Oppervlaktewater,turbiditeit,Waterkolom
Oppervlaktewatermeetnet,Zoete en brakke wateren,3260,Oppervlaktewater,waterpeil (waterregime / droogval),Waterkolom
Oppervlaktewatermeetnet,Zoete en brakke wateren,rbbah,Oppervlaktewater,Cl-,Waterkolom
Oppervlaktewatermeetnet,Zoete en brakke wateren,rbbah,Oppervlaktewater,N,Waterbodem
Oppervlaktewatermeetnet,Zoete en brakke wateren,rbbah,Oppervlaktewater,N,Waterkolom
Oppervlaktewatermeetnet,Zoete en brakke wateren,rbbah,Oppervlaktewater,Na+,Waterkolom
Oppervlaktewatermeetnet,Zoete en brakke wateren,rbbah,Oppervlaktewater,P,Waterbodem
Oppervlaktewatermeetnet,Zoete en brakke wateren,rbbah,Oppervlaktewater,P,Waterkolom
Oppervlaktewatermeetnet,Zoete en brakke wateren,rbbah,Oppervlaktewater,polluenten (milieuvreemde): zware metalen & organische,Waterbodem
Oppervlaktewatermeetnet,Zoete en brakke wateren,rbbah,Oppervlaktewater,polluenten (milieuvreemde): zware metalen & organische,Waterkolom
Oppervlaktewatermeetnet,Moerassen,7220,Oppervlaktewater,N,Waterkolom
Oppervlaktewatermeetnet,Moerassen,7220,Oppervlaktewater,P,Waterkolom
Oppervlaktewatermeetnet,Moerassen,7220,Oppervlaktewater,stroming water / golfslag,Waterkolom
Oppervlaktewatermeetnet,Moerassen,7220,Oppervlaktewater,waterpeil (waterregime / droogval),Waterkolom
Inundatiemeetnet,Kust- en zilte habitats,1140,Tijdelijk tot permanent nat,dikte afgezet sediment,Inundatiewater
Inundatiemeetnet,Kust- en zilte habitats,1140,Tijdelijk tot permanent nat,N,Inundatiewater
Inundatiemeetnet,Kust- en zilte habitats,1140,Tijdelijk tot permanent nat,P,Inundatiewater
Inundatiemeetnet,Kust- en zilte habitats,1140,Tijdelijk tot permanent nat,polluenten (milieuvreemde): zware metalen & organische,Inundatiewater
Inundatiemeetnet,Kust- en zilte habitats,1140,Tijdelijk tot permanent nat,stroming water / golfslag,Inundatiewater
Inundatiemeetnet,Kust- en zilte habitats,1140,Tijdelijk tot permanent nat,waterpeil,Inundatiewater
Inundatiemeetnet,Kust- en zilte habitats,1310_pol,Tijdelijk tot permanent nat,Cl-,Inundatiewater
Inundatiemeetnet,Kust- en zilte habitats,1310_pol,Tijdelijk tot permanent nat,dikte afgezet sediment,Inundatiewater
Inundatiemeetnet,Kust- en zilte habitats,1310_pol,Tijdelijk tot permanent nat,N,Inundatiewater
Inundatiemeetnet,Kust- en zilte habitats,1310_pol,Tijdelijk tot permanent nat,Na+,Inundatiewater
Inundatiemeetnet,Kust- en zilte habitats,1310_pol,Tijdelijk tot permanent nat,P,Inundatiewater
Inundatiemeetnet,Kust- en zilte habitats,1310_pol,Tijdelijk tot permanent nat,polluenten (milieuvreemde): zware metalen & organische,Inundatiewater
Inundatiemeetnet,Kust- en zilte habitats,1310_pol,Tijdelijk tot permanent nat,waterpeil,Inundatiewater
Inundatiemeetnet,Kust- en zilte habitats,1310_zk,Tijdelijk tot permanent nat,dikte afgezet sediment,Inundatiewater
Inundatiemeetnet,Kust- en zilte habitats,1310_zk,Tijdelijk tot permanent nat,N,Inundatiewater
Inundatiemeetnet,Kust- en zilte habitats,1310_zk,Tijdelijk tot permanent nat,P,Inundatiewater
Inundatiemeetnet,Kust- en zilte habitats,1310_zk,Tijdelijk tot permanent nat,polluenten (milieuvreemde): zware metalen & organische,Inundatiewater
Inundatiemeetnet,Kust- en zilte habitats,1310_zk,Tijdelijk tot permanent nat,stroming water / golfslag,Inundatiewater
Inundatiemeetnet,Kust- en zilte habitats,1310_zk,Tijdelijk tot permanent nat,waterpeil,Inundatiewater
Inundatiemeetnet,Kust- en zilte habitats,1310_zv,Tijdelijk tot permanent nat,dikte afgezet sediment,Inundatiewater
Inundatiemeetnet,Kust- en zilte habitats,1310_zv,Tijdelijk tot permanent nat,N,Inundatiewater
Inundatiemeetnet,Kust- en zilte habitats,1310_zv,Tijdelijk tot permanent nat,P,Inundatiewater
Inundatiemeetnet,Kust- en zilte habitats,1310_zv,Tijdelijk tot permanent nat,polluenten (milieuvreemde): zware metalen & organische,Inundatiewater
Inundatiemeetnet,Kust- en zilte habitats,1310_zv,Tijdelijk tot permanent nat,stroming water / golfslag,Inundatiewater
Inundatiemeetnet,Kust- en zilte habitats,1310_zv,Tijdelijk tot permanent nat,waterpeil,Inundatiewater
Inundatiemeetnet,Kust- en zilte habitats,1320,Tijdelijk tot permanent nat,dikte afgezet sediment,Inundatiewater
Inundatiemeetnet,Kust- en zilte habitats,1320,Tijdelijk tot permanent nat,N,Inundatiewater
Inundatiemeetnet,Kust- en zilte habitats,1320,Tijdelijk tot permanent nat,P,Inundatiewater
Inundatiemeetnet,Kust- en zilte habitats,1320,Tijdelijk tot permanent nat,stroming water / golfslag,Inundatiewater
Inundatiemeetnet,Kust- en zilte habitats,1320,Tijdelijk tot permanent nat,waterpeil,Inundatiewater
Inundatiemeetnet,Kust- en zilte habitats,1330_da,Tijdelijk tot permanent nat,dikte afgezet sediment,Inundatiewater
Inundatiemeetnet,Kust- en zilte habitats,1330_da,Tijdelijk tot permanent nat,N,Inundatiewater
Inundatiemeetnet,Kust- en zilte habitats,1330_da,Tijdelijk tot permanent nat,P,Inundatiewater
Inundatiemeetnet,Kust- en zilte habitats,1330_da,Tijdelijk tot permanent nat,stroming water / golfslag,Inundatiewater
Inundatiemeetnet,Kust- en zilte habitats,1330_da,Tijdelijk tot permanent nat,waterpeil,Inundatiewater
Inundatiemeetnet,Kust- en zilte habitats,1330_hpr,Tijdelijk tot permanent nat,Cl-,Inundatiewater
Inundatiemeetnet,Kust- en zilte habitats,1330_hpr,Tijdelijk tot permanent nat,dikte afgezet sediment,Inundatiewater
Inundatiemeetnet,Kust- en zilte habitats,1330_hpr,Tijdelijk tot permanent nat,N,Inundatiewater
Inundatiemeetnet,Kust- en zilte habitats,1330_hpr,Tijdelijk tot permanent nat,Na+,Inundatiewater
Inundatiemeetnet,Kust- en zilte habitats,1330_hpr,Tijdelijk tot permanent nat,P,Inundatiewater
Inundatiemeetnet,Kust- en zilte habitats,1330_hpr,Tijdelijk tot permanent nat,polluenten (milieuvreemde): zware metalen & organische,Inundatiewater
Inundatiemeetnet,Kust- en zilte habitats,1330_hpr,Tijdelijk tot permanent nat,waterpeil,Inundatiewater
Inundatiemeetnet,Kustduinen,2110,Droog tot vochtig + Tijdelijk tot permanent nat,N,Inundatiewater
Inundatiemeetnet,Kustduinen,2110,Droog tot vochtig + Tijdelijk tot permanent nat,P,Inundatiewater
Inundatiemeetnet,Kustduinen,2110,Droog tot vochtig + Tijdelijk tot permanent nat,waterpeil,Inundatiewater
Inundatiemeetnet,Kustduinen,2160,Droog tot vochtig + Tijdelijk tot permanent nat,N,Inundatiewater
Inundatiemeetnet,Kustduinen,2160,Droog tot vochtig + Tijdelijk tot permanent nat,P,Inundatiewater
Inundatiemeetnet,Kustduinen,2170,Tijdelijk tot permanent nat,N,Inundatiewater
Inundatiemeetnet,Kustduinen,2170,Tijdelijk tot permanent nat,P,Inundatiewater
Inundatiemeetnet,Kustduinen,2180,Droog tot vochtig + Tijdelijk tot permanent nat,N,Inundatiewater
Inundatiemeetnet,Kustduinen,2180,Droog tot vochtig + Tijdelijk tot permanent nat,P,Inundatiewater
Inundatiemeetnet,Kustduinen,2190_mp,Tijdelijk tot permanent nat,N,Inundatiewater
Inundatiemeetnet,Kustduinen,2190_mp,Tijdelijk tot permanent nat,P,Inundatiewater
Inundatiemeetnet,Kustduinen,2190_overig,Tijdelijk tot permanent nat,N,Inundatiewater
Inundatiemeetnet,Kustduinen,2190_overig,Tijdelijk tot permanent nat,P,Inundatiewater
Inundatiemeetnet,Zoete en brakke wateren,3270,Tijdelijk tot permanent nat,dikte afgezet sediment,Inundatiewater
Inundatiemeetnet,Zoete en brakke wateren,3270,Tijdelijk tot permanent nat,stroming water / golfslag,Inundatiewater
Inundatiemeetnet,Zoete en brakke wateren,3270,Tijdelijk tot permanent nat,waterpeil,Inundatiewater
Inundatiemeetnet,Heiden,4010,Tijdelijk tot permanent nat,N,Inundatiewater
Inundatiemeetnet,Heiden,4010,Tijdelijk tot permanent nat,P,Inundatiewater
Inundatiemeetnet,Heiden,rbbsm,Tijdelijk tot permanent nat,N,Inundatiewater
Inundatiemeetnet,Heiden,rbbsm,Tijdelijk tot permanent nat,P,Inundatiewater
Inundatiemeetnet,(Half-)natuurlijke graslanden,6120,Tijdelijk tot permanent nat,dikte afgezet sediment,Inundatiewater
Inundatiemeetnet,(Half-)natuurlijke graslanden,6120,Tijdelijk tot permanent nat,N,Inundatiewater
Inundatiemeetnet,(Half-)natuurlijke graslanden,6120,Tijdelijk tot permanent nat,P,Inundatiewater
Inundatiemeetnet,(Half-)natuurlijke graslanden,6120,Tijdelijk tot permanent nat,polluenten (milieuvreemde): zware metalen & organische,Inundatiewater
Inundatiemeetnet,(Half-)natuurlijke graslanden,6120,Tijdelijk tot permanent nat,waterpeil,Inundatiewater
Inundatiemeetnet,(Half-)natuurlijke graslanden,6210_hk,Droog tot vochtig,N,Inundatiewater
Inundatiemeetnet,(Half-)natuurlijke graslanden,6210_hk,Droog tot vochtig,P,Inundatiewater
Inundatiemeetnet,(Half-)natuurlijke graslanden,6210_hk,Droog tot vochtig,polluenten (milieuvreemde): zware metalen & organische,Inundatiewater
Inundatiemeetnet,(Half-)natuurlijke graslanden,6210_sk,Droog tot vochtig,N,Inundatiewater
Inundatiemeetnet,(Half-)natuurlijke graslanden,6210_sk,Droog tot vochtig,P,Inundatiewater
Inundatiemeetnet,(Half-)natuurlijke graslanden,6210_sk,Droog tot vochtig,polluenten (milieuvreemde): zware metalen & organische,Inundatiewater
Inundatiemeetnet,(Half-)natuurlijke graslanden,6230_ha,Droog tot vochtig,polluenten (milieuvreemde): zware metalen & organische,Inundatiewater
Inundatiemeetnet,(Half-)natuurlijke graslanden,6230_hmo,Tijdelijk tot permanent nat,dikte afgezet sediment,Inundatiewater
Inundatiemeetnet,(Half-)natuurlijke graslanden,6230_hmo,Tijdelijk tot permanent nat,N,Inundatiewater
Inundatiemeetnet,(Half-)natuurlijke graslanden,6230_hmo,Tijdelijk tot permanent nat,P,Inundatiewater
Inundatiemeetnet,(Half-)natuurlijke graslanden,6230_hmo,Tijdelijk tot permanent nat,polluenten (milieuvreemde): zware metalen & organische,Inundatiewater
Inundatiemeetnet,(Half-)natuurlijke graslanden,6230_hmo,Tijdelijk tot permanent nat,waterpeil,Inundatiewater
Inundatiemeetnet,(Half-)natuurlijke graslanden,6230_hn,Droog tot vochtig,polluenten (milieuvreemde): zware metalen & organische,Inundatiewater
Inundatiemeetnet,(Half-)natuurlijke graslanden,6230_hnk,Droog tot vochtig,N,Inundatiewater
Inundatiemeetnet,(Half-)natuurlijke graslanden,6230_hnk,Droog tot vochtig,P,Inundatiewater
Inundatiemeetnet,(Half-)natuurlijke graslanden,6230_hnk,Droog tot vochtig,polluenten (milieuvreemde): zware metalen & organische,Inundatiewater
Inundatiemeetnet,(Half-)natuurlijke graslanden,6410_mo,Tijdelijk tot permanent nat,dikte afgezet sediment,Inundatiewater
Inundatiemeetnet,(Half-)natuurlijke graslanden,6410_mo,Tijdelijk tot permanent nat,N,Inundatiewater
Inundatiemeetnet,(Half-)natuurlijke graslanden,6410_mo,Tijdelijk tot permanent nat,P,Inundatiewater
Inundatiemeetnet,(Half-)natuurlijke graslanden,6410_mo,Tijdelijk tot permanent nat,polluenten (milieuvreemde): zware metalen & organische,Inundatiewater
Inundatiemeetnet,(Half-)natuurlijke graslanden,6410_mo,Tijdelijk tot permanent nat,waterpeil,Inundatiewater
Inundatiemeetnet,(Half-)natuurlijke graslanden,6410_ve,Tijdelijk tot permanent nat,dikte afgezet sediment,Inundatiewater
Inundatiemeetnet,(Half-)natuurlijke graslanden,6410_ve,Tijdelijk tot permanent nat,N,Inundatiewater
Inundatiemeetnet,(Half-)natuurlijke graslanden,6410_ve,Tijdelijk tot permanent nat,P,Inundatiewater
Inundatiemeetnet,(Half-)natuurlijke graslanden,6410_ve,Tijdelijk tot permanent nat,polluenten (milieuvreemde): zware metalen & organische,Inundatiewater
Inundatiemeetnet,(Half-)natuurlijke graslanden,6410_ve,Tijdelijk tot permanent nat,waterpeil,Inundatiewater
Inundatiemeetnet,(Half-)natuurlijke graslanden,6430_bz,Droog tot vochtig + Tijdelijk tot permanent nat,N,Inundatiewater
Inundatiemeetnet,(Half-)natuurlijke graslanden,6430_bz,Droog tot vochtig + Tijdelijk tot permanent nat,P,Inundatiewater
Inundatiemeetnet,(Half-)natuurlijke graslanden,6430_bz,Droog tot vochtig + Tijdelijk tot permanent nat,polluenten (milieuvreemde): zware metalen & organische,Inundatiewater
Inundatiemeetnet,(Half-)natuurlijke graslanden,6430_hf,Tijdelijk tot permanent nat,dikte afgezet sediment,Inundatiewater
Inundatiemeetnet,(Half-)natuurlijke graslanden,6430_hf,Tijdelijk tot permanent nat,N,Inundatiewater
Inundatiemeetnet,(Half-)natuurlijke graslanden,6430_hf,Tijdelijk tot permanent nat,P,Inundatiewater
Inundatiemeetnet,(Half-)natuurlijke graslanden,6430_hf,Tijdelijk tot permanent nat,polluenten (milieuvreemde): zware metalen & organische,Inundatiewater
Inundatiemeetnet,(Half-)natuurlijke graslanden,6430_hf,Tijdelijk tot permanent nat,waterpeil,Inundatiewater
Inundatiemeetnet,(Half-)natuurlijke graslanden,6430_hw,Tijdelijk tot permanent nat,dikte afgezet sediment,Inundatiewater
Inundatiemeetnet,(Half-)natuurlijke graslanden,6430_hw,Tijdelijk tot permanent nat,N,Inundatiewater
Inundatiemeetnet,(Half-)natuurlijke graslanden,6430_hw,Tijdelijk tot permanent nat,P,Inundatiewater
Inundatiemeetnet,(Half-)natuurlijke graslanden,6430_hw,Tijdelijk tot permanent nat,polluenten (milieuvreemde): zware metalen & organische,Inundatiewater
Inundatiemeetnet,(Half-)natuurlijke graslanden,6430_hw,Tijdelijk tot permanent nat,stroming water / golfslag,Inundatiewater
Inundatiemeetnet,(Half-)natuurlijke graslanden,6430_hw,Tijdelijk tot permanent nat,waterpeil,Inundatiewater
Inundatiemeetnet,(Half-)natuurlijke graslanden,6430_mr,Tijdelijk tot permanent nat,dikte afgezet sediment,Inundatiewater
Inundatiemeetnet,(Half-)natuurlijke graslanden,6430_mr,Tijdelijk tot permanent nat,N,Inundatiewater
Inundatiemeetnet,(Half-)natuurlijke graslanden,6430_mr,Tijdelijk tot permanent nat,P,Inundatiewater
Inundatiemeetnet,(Half-)natuurlijke graslanden,6430_mr,Tijdelijk tot permanent nat,stroming water / golfslag,Inundatiewater
Inundatiemeetnet,(Half-)natuurlijke graslanden,6430_mr,Tijdelijk tot permanent nat,waterpeil,Inundatiewater
Inundatiemeetnet,(Half-)natuurlijke graslanden,6510_hu,Droog tot vochtig + Tijdelijk tot permanent nat,dikte afgezet sediment,Inundatiewater
Inundatiemeetnet,(Half-)natuurlijke graslanden,6510_hu,Droog tot vochtig + Tijdelijk tot permanent nat,N,Inundatiewater
Inundatiemeetnet,(Half-)natuurlijke graslanden,6510_hu,Droog tot vochtig + Tijdelijk tot permanent nat,P,Inundatiewater
Inundatiemeetnet,(Half-)natuurlijke graslanden,6510_hu,Droog tot vochtig + Tijdelijk tot permanent nat,polluenten (milieuvreemde): zware metalen & organische,Inundatiewater
Inundatiemeetnet,(Half-)natuurlijke graslanden,6510_hu,Droog tot vochtig + Tijdelijk tot permanent nat,waterpeil,Inundatiewater
Inundatiemeetnet,(Half-)natuurlijke graslanden,6510_hua,Tijdelijk tot permanent nat,dikte afgezet sediment,Inundatiewater
Inundatiemeetnet,(Half-)natuurlijke graslanden,6510_hua,Tijdelijk tot permanent nat,N,Inundatiewater
Inundatiemeetnet,(Half-)natuurlijke graslanden,6510_hua,Tijdelijk tot permanent nat,P,Inundatiewater
Inundatiemeetnet,(Half-)natuurlijke graslanden,6510_hua,Tijdelijk tot permanent nat,polluenten (milieuvreemde): zware metalen & organische,Inundatiewater
Inundatiemeetnet,(Half-)natuurlijke graslanden,6510_hua,Tijdelijk tot permanent nat,waterpeil,Inundatiewater
Inundatiemeetnet,(Half-)natuurlijke graslanden,6510_huk,Droog tot vochtig,N,Inundatiewater
Inundatiemeetnet,(Half-)natuurlijke graslanden,6510_huk,Droog tot vochtig,P,Inundatiewater
Inundatiemeetnet,(Half-)natuurlijke graslanden,6510_huk,Droog tot vochtig,polluenten (milieuvreemde): zware metalen & organische,Inundatiewater
Inundatiemeetnet,(Half-)natuurlijke graslanden,6510_hus,Tijdelijk tot permanent nat,dikte afgezet sediment,Inundatiewater
Inundatiemeetnet,(Half-)natuurlijke graslanden,6510_hus,Tijdelijk tot permanent nat,N,Inundatiewater
Inundatiemeetnet,(Half-)natuurlijke graslanden,6510_hus,Tijdelijk tot permanent nat,P,Inundatiewater
Inundatiemeetnet,(Half-)natuurlijke graslanden,6510_hus,Tijdelijk tot permanent nat,polluenten (milieuvreemde): zware metalen & organische,Inundatiewater
Inundatiemeetnet,(Half-)natuurlijke graslanden,6510_hus,Tijdelijk tot permanent nat,waterpeil,Inundatiewater
Inundatiemeetnet,(Half-)natuurlijke graslanden,rbbhc,Tijdelijk tot permanent nat,dikte afgezet sediment,Inundatiewater
Inundatiemeetnet,(Half-)natuurlijke graslanden,rbbhc,Tijdelijk tot permanent nat,N,Inundatiewater
Inundatiemeetnet,(Half-)natuurlijke graslanden,rbbhc,Tijdelijk tot permanent nat,P,Inundatiewater
Inundatiemeetnet,(Half-)natuurlijke graslanden,rbbhc,Tijdelijk tot permanent nat,polluenten (milieuvreemde): zware metalen & organische,Inundatiewater
Inundatiemeetnet,(Half-)natuurlijke graslanden,rbbhc,Tijdelijk tot permanent nat,waterpeil,Inundatiewater
Inundatiemeetnet,(Half-)natuurlijke graslanden,rbbhf,Tijdelijk tot permanent nat,dikte afgezet sediment,Inundatiewater
Inundatiemeetnet,(Half-)natuurlijke graslanden,rbbhf,Tijdelijk tot permanent nat,N,Inundatiewater
Inundatiemeetnet,(Half-)natuurlijke graslanden,rbbhf,Tijdelijk tot permanent nat,P,Inundatiewater
Inundatiemeetnet,(Half-)natuurlijke graslanden,rbbhf,Tijdelijk tot permanent nat,waterpeil,Inundatiewater
Inundatiemeetnet,(Half-)natuurlijke graslanden,rbbhfl,Tijdelijk tot permanent nat,dikte afgezet sediment,Inundatiewater
Inundatiemeetnet,(Half-)natuurlijke graslanden,rbbhfl,Tijdelijk tot permanent nat,N,Inundatiewater
Inundatiemeetnet,(Half-)natuurlijke graslanden,rbbhfl,Tijdelijk tot permanent nat,P,Inundatiewater
Inundatiemeetnet,(Half-)natuurlijke graslanden,rbbhfl,Tijdelijk tot permanent nat,waterpeil,Inundatiewater
Inundatiemeetnet,(Half-)natuurlijke graslanden,rbbkam,Droog tot vochtig + Tijdelijk tot permanent nat,dikte afgezet sediment,Inundatiewater
Inundatiemeetnet,(Half-)natuurlijke graslanden,rbbkam,Droog tot vochtig + Tijdelijk tot permanent nat,N,Inundatiewater
Inundatiemeetnet,(Half-)natuurlijke graslanden,rbbkam,Droog tot vochtig + Tijdelijk tot permanent nat,P,Inundatiewater
Inundatiemeetnet,(Half-)natuurlijke graslanden,rbbkam,Droog tot vochtig + Tijdelijk tot permanent nat,polluenten (milieuvreemde): zware metalen & organische,Inundatiewater
Inundatiemeetnet,(Half-)natuurlijke graslanden,rbbkam,Droog tot vochtig + Tijdelijk tot permanent nat,waterpeil,Inundatiewater
Inundatiemeetnet,(Half-)natuurlijke graslanden,rbbvos,Tijdelijk tot permanent nat,dikte afgezet sediment,Inundatiewater
Inundatiemeetnet,(Half-)natuurlijke graslanden,rbbvos,Tijdelijk tot permanent nat,N,Inundatiewater
Inundatiemeetnet,(Half-)natuurlijke graslanden,rbbvos,Tijdelijk tot permanent nat,P,Inundatiewater
Inundatiemeetnet,(Half-)natuurlijke graslanden,rbbvos,Tijdelijk tot permanent nat,polluenten (milieuvreemde): zware metalen & organische,Inundatiewater
Inundatiemeetnet,(Half-)natuurlijke graslanden,rbbvos,Tijdelijk tot permanent nat,waterpeil,Inundatiewater
Inundatiemeetnet,(Half-)natuurlijke graslanden,rbbzil,Tijdelijk tot permanent nat,dikte afgezet sediment,Inundatiewater
Inundatiemeetnet,(Half-)natuurlijke graslanden,rbbzil,Tijdelijk tot permanent nat,N,Inundatiewater
Inundatiemeetnet,(Half-)natuurlijke graslanden,rbbzil,Tijdelijk tot permanent nat,P,Inundatiewater
Inundatiemeetnet,(Half-)natuurlijke graslanden,rbbzil,Tijdelijk tot permanent nat,polluenten (milieuvreemde): zware metalen & organische,Inundatiewater
Inundatiemeetnet,(Half-)natuurlijke graslanden,rbbzil,Tijdelijk tot permanent nat,waterpeil,Inundatiewater
Inundatiemeetnet,Moerassen,7140_base,Tijdelijk tot permanent nat,dikte afgezet sediment,Inundatiewater
Inundatiemeetnet,Moerassen,7140_base,Tijdelijk tot permanent nat,N,Inundatiewater
Inundatiemeetnet,Moerassen,7140_base,Tijdelijk tot permanent nat,P,Inundatiewater
Inundatiemeetnet,Moerassen,7140_base,Tijdelijk tot permanent nat,polluenten (milieuvreemde): zware metalen & organische,Inundatiewater
Inundatiemeetnet,Moerassen,7140_base,Tijdelijk tot permanent nat,waterpeil,Inundatiewater
Inundatiemeetnet,Moerassen,7140_meso,Tijdelijk tot permanent nat,dikte afgezet sediment,Inundatiewater
Inundatiemeetnet,Moerassen,7140_meso,Tijdelijk tot permanent nat,N,Inundatiewater
Inundatiemeetnet,Moerassen,7140_meso,Tijdelijk tot permanent nat,P,Inundatiewater
Inundatiemeetnet,Moerassen,7140_meso,Tijdelijk tot permanent nat,polluenten (milieuvreemde): zware metalen & organische,Inundatiewater
Inundatiemeetnet,Moerassen,7140_meso,Tijdelijk tot permanent nat,waterpeil,Inundatiewater
Inundatiemeetnet,Moerassen,7140_mrd,Tijdelijk tot permanent nat,dikte afgezet sediment,Inundatiewater
Inundatiemeetnet,Moerassen,7140_mrd,Tijdelijk tot permanent nat,N,Inundatiewater
Inundatiemeetnet,Moerassen,7140_mrd,Tijdelijk tot permanent nat,P,Inundatiewater
Inundatiemeetnet,Moerassen,7140_mrd,Tijdelijk tot permanent nat,polluenten (milieuvreemde): zware metalen & organische,Inundatiewater
Inundatiemeetnet,Moerassen,7140_mrd,Tijdelijk tot permanent nat,waterpeil,Inundatiewater
Inundatiemeetnet,Moerassen,7140_oli,Tijdelijk tot permanent nat,N,Inundatiewater
Inundatiemeetnet,Moerassen,7140_oli,Tijdelijk tot permanent nat,P,Inundatiewater
Inundatiemeetnet,Moerassen,7150,Tijdelijk tot permanent nat,N,Inundatiewater
Inundatiemeetnet,Moerassen,7150,Tijdelijk tot permanent nat,P,Inundatiewater
Inundatiemeetnet,Moerassen,7210,Tijdelijk tot permanent nat,N,Inundatiewater
Inundatiemeetnet,Moerassen,7210,Tijdelijk tot permanent nat,P,Inundatiewater
Inundatiemeetnet,Moerassen,7210,Tijdelijk tot permanent nat,polluenten (milieuvreemde): zware metalen & organische,Inundatiewater
Inundatiemeetnet,Moerassen,7210,Tijdelijk tot permanent nat,stroming water / golfslag,Inundatiewater
Inundatiemeetnet,Moerassen,7210,Tijdelijk tot permanent nat,waterpeil,Inundatiewater
Inundatiemeetnet,Moerassen,7230,Tijdelijk tot permanent nat,dikte afgezet sediment,Inundatiewater
Inundatiemeetnet,Moerassen,7230,Tijdelijk tot permanent nat,N,Inundatiewater
Inundatiemeetnet,Moerassen,7230,Tijdelijk tot permanent nat,P,Inundatiewater
Inundatiemeetnet,Moerassen,7230,Tijdelijk tot permanent nat,polluenten (milieuvreemde): zware metalen & organische,Inundatiewater
Inundatiemeetnet,Moerassen,7230,Tijdelijk tot permanent nat,waterpeil,Inundatiewater
Inundatiemeetnet,Moerassen,rbbmc,Tijdelijk tot permanent nat,dikte afgezet sediment,Inundatiewater
Inundatiemeetnet,Moerassen,rbbmc,Tijdelijk tot permanent nat,N,Inundatiewater
Inundatiemeetnet,Moerassen,rbbmc,Tijdelijk tot permanent nat,P,Inundatiewater
Inundatiemeetnet,Moerassen,rbbmc,Tijdelijk tot permanent nat,polluenten (milieuvreemde): zware metalen & organische,Inundatiewater
Inundatiemeetnet,Moerassen,rbbmc,Tijdelijk tot permanent nat,waterpeil,Inundatiewater
Inundatiemeetnet,Moerassen,rbbmr,Tijdelijk tot permanent nat,dikte afgezet sediment,Inundatiewater
Inundatiemeetnet,Moerassen,rbbmr,Tijdelijk tot permanent nat,N,Inundatiewater
Inundatiemeetnet,Moerassen,rbbmr,Tijdelijk tot permanent nat,P,Inundatiewater
Inundatiemeetnet,Moerassen,rbbmr,Tijdelijk tot permanent nat,polluenten (milieuvreemde): zware metalen & organische,Inundatiewater
Inundatiemeetnet,Moerassen,rbbmr,Tijdelijk tot permanent nat,waterpeil,Inundatiewater
Inundatiemeetnet,Moerassen,rbbms,Tijdelijk tot permanent nat,dikte afgezet sediment,Inundatiewater
Inundatiemeetnet,Moerassen,rbbms,Tijdelijk tot permanent nat,N,Inundatiewater
Inundatiemeetnet,Moerassen,rbbms,Tijdelijk tot permanent nat,P,Inundatiewater
Inundatiemeetnet,Moerassen,rbbms,Tijdelijk tot permanent nat,waterpeil,Inundatiewater
Inundatiemeetnet,Bossen en struwelen,9120,Droog tot vochtig + Tijdelijk tot permanent nat,N,Inundatiewater
Inundatiemeetnet,Bossen en struwelen,9120,Droog tot vochtig + Tijdelijk tot permanent nat,P,Inundatiewater
Inundatiemeetnet,Bossen en struwelen,9130_end,Droog tot vochtig + Tijdelijk tot permanent nat,N,Inundatiewater
Inundatiemeetnet,Bossen en struwelen,9130_end,Droog tot vochtig + Tijdelijk tot permanent nat,P,Inundatiewater
Inundatiemeetnet,Bossen en struwelen,9130_fm,Droog tot vochtig + Tijdelijk tot permanent nat,N,Inundatiewater
Inundatiemeetnet,Bossen en struwelen,9130_fm,Droog tot vochtig + Tijdelijk tot permanent nat,P,Inundatiewater
Inundatiemeetnet,Bossen en struwelen,9160,Droog tot vochtig + Tijdelijk tot permanent nat,N,Inundatiewater
Inundatiemeetnet,Bossen en struwelen,9160,Droog tot vochtig + Tijdelijk tot permanent nat,P,Inundatiewater
Inundatiemeetnet,Bossen en struwelen,9190,Droog tot vochtig + Tijdelijk tot permanent nat,N,Inundatiewater
Inundatiemeetnet,Bossen en struwelen,9190,Droog tot vochtig + Tijdelijk tot permanent nat,P,Inundatiewater
Inundatiemeetnet,Bossen en struwelen,91E0_sf,Tijdelijk tot permanent nat,dikte afgezet sediment,Inundatiewater
Inundatiemeetnet,Bossen en struwelen,91E0_sf,Tijdelijk tot permanent nat,N,Inundatiewater
Inundatiemeetnet,Bossen en struwelen,91E0_sf,Tijdelijk tot permanent nat,P,Inundatiewater
Inundatiemeetnet,Bossen en struwelen,91E0_sf,Tijdelijk tot permanent nat,stroming water / golfslag,Inundatiewater
Inundatiemeetnet,Bossen en struwelen,91E0_sf,Tijdelijk tot permanent nat,waterpeil,Inundatiewater
Inundatiemeetnet,Bossen en struwelen,91E0_va,Tijdelijk tot permanent nat,dikte afgezet sediment,Inundatiewater
Inundatiemeetnet,Bossen en struwelen,91E0_va,Tijdelijk tot permanent nat,N,Inundatiewater
Inundatiemeetnet,Bossen en struwelen,91E0_va,Tijdelijk tot permanent nat,P,Inundatiewater
Inundatiemeetnet,Bossen en struwelen,91E0_va,Tijdelijk tot permanent nat,waterpeil,Inundatiewater
Inundatiemeetnet,Bossen en struwelen,91E0_vc,Tijdelijk tot permanent nat,N,Inundatiewater
Inundatiemeetnet,Bossen en struwelen,91E0_vc,Tijdelijk tot permanent nat,P,Inundatiewater
Inundatiemeetnet,Bossen en struwelen,91E0_vm,Tijdelijk tot permanent nat,dikte afgezet sediment,Inundatiewater
Inundatiemeetnet,Bossen en struwelen,91E0_vm,Tijdelijk tot permanent nat,N,Inundatiewater
Inundatiemeetnet,Bossen en struwelen,91E0_vm,Tijdelijk tot permanent nat,P,Inundatiewater
Inundatiemeetnet,Bossen en struwelen,91E0_vm,Tijdelijk tot permanent nat,waterpeil,Inundatiewater
Inundatiemeetnet,Bossen en struwelen,91E0_vn,Tijdelijk tot permanent nat,dikte afgezet sediment,Inundatiewater
Inundatiemeetnet,Bossen en struwelen,91E0_vn,Tijdelijk tot permanent nat,N,Inundatiewater
Inundatiemeetnet,Bossen en struwelen,91E0_vn,Tijdelijk tot permanent nat,P,Inundatiewater
Inundatiemeetnet,Bossen en struwelen,91E0_vn,Tijdelijk tot permanent nat,waterpeil,Inundatiewater
Inundatiemeetnet,Bossen en struwelen,91E0_vo,Tijdelijk tot permanent nat,dikte afgezet sediment,Inundatiewater
Inundatiemeetnet,Bossen en struwelen,91E0_vo,Tijdelijk tot permanent nat,N,Inundatiewater
Inundatiemeetnet,Bossen en struwelen,91E0_vo,Tijdelijk tot permanent nat,P,Inundatiewater
Inundatiemeetnet,Bossen en struwelen,91E0_vo,Tijdelijk tot permanent nat,waterpeil,Inundatiewater
Inundatiemeetnet,Bossen en struwelen,91F0,Tijdelijk tot permanent nat,dikte afgezet sediment,Inundatiewater
Inundatiemeetnet,Bossen en struwelen,91F0,Tijdelijk tot permanent nat,N,Inundatiewater
Inundatiemeetnet,Bossen en struwelen,91F0,Tijdelijk tot permanent nat,P,Inundatiewater
Inundatiemeetnet,Bossen en struwelen,91F0,Tijdelijk tot permanent nat,waterpeil,Inundatiewater
Inundatiemeetnet,Bossen en struwelen,rbbppm,Droog tot vochtig + Tijdelijk tot permanent nat,N,Inundatiewater
Inundatiemeetnet,Bossen en struwelen,rbbppm,Droog tot vochtig + Tijdelijk tot permanent nat,P,Inundatiewater
Inundatiemeetnet,Bossen en struwelen,rbbsf,Tijdelijk tot permanent nat,dikte afgezet sediment,Inundatiewater
Inundatiemeetnet,Bossen en struwelen,rbbsf,Tijdelijk tot permanent nat,N,Inundatiewater
Inundatiemeetnet,Bossen en struwelen,rbbsf,Tijdelijk tot permanent nat,P,Inundatiewater
Inundatiemeetnet,Bossen en struwelen,rbbsf,Tijdelijk tot permanent nat,waterpeil,Inundatiewater
Inundatiemeetnet,Bossen en struwelen,rbbso,Tijdelijk tot permanent nat,dikte afgezet sediment,Inundatiewater
Inundatiemeetnet,Bossen en struwelen,rbbso,Tijdelijk tot permanent nat,N,Inundatiewater
Inundatiemeetnet,Bossen en struwelen,rbbso,Tijdelijk tot permanent nat,P,Inundatiewater
Inundatiemeetnet,Bossen en struwelen,rbbso,Tijdelijk tot permanent nat,waterpeil,Inundatiewater
