"Typeklasse","Hoofdtype","Vegcode","HoofdLogical","Druk","Milieudruk","EffIndActie","Categorie_voorstel","Rang_voorstel","Categorie","Rang"
"Kust- en zilte habitats","1140","1140",TRUE,"Druk12","12 Toename bodemdynamiek (erosie, omwoeling, verstuiving)","","H",1,"H",1
"Kust- en zilte habitats","1140","1140",TRUE,"Druk63","63 Toename van stroomsnelheid, waterpeil en/of de fluctuatie ervan","","H",2,"H",2
"Kust- en zilte habitats","1140","1140",TRUE,"Druk11","11 Aanpassing van de fysische structuur naar een blijvende nieuwe toestand (bodemcompactie, verharding, herprofilering, nieuw substraat, grondverzet, ...)","","H",3,"H",3
"Kust- en zilte habitats","1140","1140",TRUE,"Druk61","61 Toename overstromingsduur of -frequentie (incl. getijden)","","H",4,"H",4
"Kust- en zilte habitats","1140","1140",TRUE,"Druk8.4","8.4 Verontreiniging via het oppervlaktewater (incl. overstromingswater)","","H",5,"H",5
"Kust- en zilte habitats","1140","1140",TRUE,"Druk3.4","3.4 Eutrofiëring via het oppervlaktewater (incl. overstromingswater en afspoeling)","","M",6,"M",6
"Kust- en zilte habitats","1140","1140",TRUE,"Druk65","65  Toename golfslagwerking","","M",7,"M",7
"Kust- en zilte habitats","1140","1140",TRUE,"Druk103","103 Klimaatverandering: zeespiegelstijging","","M",8,"M",8
"Kust- en zilte habitats","1140","1140",TRUE,"Druk101","101 Klimaatverandering in droge perioden","","L",9,"L",9
"Kust- en zilte habitats","1140","1140",TRUE,"Druk102","102 Klimaatverandering in natte perioden","","L",9,"L",9
"Kust- en zilte habitats","1140","1140",TRUE,"Druk62","62 Afname overstromingsduur of -frequentie (incl. getijden)","","L",9,"L",9
"Kust- en zilte habitats","1140","1140",TRUE,"Druk8.5","8.5 Thermische verontreiniging: toename temperatuur oppervlaktewater","","L",9,"L",9
"Kust- en zilte habitats","1140","1140",TRUE,"Druk13","13 Afname bodemdynamiek (erosie, omwoeling, verstuiving)","",,,"S",
"Kust- en zilte habitats","1140","1140",TRUE,"Druk14","14 Verlies van aquatische connectiviteit","",,,"S",
"Kust- en zilte habitats","1140","1140",TRUE,"Druk15","15 Verlies van terrestrische connectiviteit","",,,"S",
"Kust- en zilte habitats","1140","1140",TRUE,"Druk64","64 Afname van stroomsnelheid, waterpeil en/of de fluctuatie ervan","",,,"S",
"Kust- en zilte habitats","1140","1140",TRUE,"Druk66","66  Afname golfslagwerking","",,,"S",
"Kust- en zilte habitats","1140","1140",TRUE,"Druk8.1","8.1 Verontreiniging via de lucht","",,,"S",
"Kust- en zilte habitats","1140","1140",TRUE,"Druk9.1","9.1 Geluid en trillingen","",,,"S",
"Kust- en zilte habitats","1140","1140",TRUE,"Druk9.2","9.2 Licht en straling","",,,"S",
"Kust- en zilte habitats","1140","1140",TRUE,"Druk9.3","9.3 Beweging en andere visuele verstoring","",,,"S",
"Kust- en zilte habitats","1310","1310_pol",FALSE,"Druk62","62 Afname overstromingsduur of -frequentie (incl. getijden)","","H",1,"H",1
"Kust- en zilte habitats","1310","1310_pol",FALSE,"Druk7.2","7.2 Verzoeting via het oppervlaktewater (incl. overstromingswater)","","H",2,"H",2
"Kust- en zilte habitats","1310","1310_pol",FALSE,"Druk5.1","5.1 Verdroging via het grondwater","","H",3,"H",3
"Kust- en zilte habitats","1310","1310_pol",FALSE,"Druk11","11 Aanpassing van de fysische structuur naar een blijvende nieuwe toestand (bodemcompactie, verharding, herprofilering, nieuw substraat, grondverzet, ...)","","H",4,"H",4
"Kust- en zilte habitats","1310","1310_pol",FALSE,"Druk7.1","7.1 Verzoeting via het grondwater","","H",5,"H",5
"Kust- en zilte habitats","1310","1310_pol",FALSE,"Druk61","61 Toename overstromingsduur of -frequentie (incl. getijden)","","M",6,"M",6
"Kust- en zilte habitats","1310","1310_pol",FALSE,"Druk102","102 Klimaatverandering in natte perioden","","M",7,"M",7
"Kust- en zilte habitats","1310","1310_pol",FALSE,"Druk5.2","5.2 Vernatting via het grondwater","","M",7,"M",7
"Kust- en zilte habitats","1310","1310_pol",FALSE,"Druk3.4","3.4 Eutrofiëring via het oppervlaktewater (incl. overstromingswater en afspoeling)","","M",8,"M",8
"Kust- en zilte habitats","1310","1310_pol",FALSE,"Druk101","101 Klimaatverandering in droge perioden","","L",9,"L",9
"Kust- en zilte habitats","1310","1310_pol",FALSE,"Druk15","15 Verlies van terrestrische connectiviteit","","L",9,"L",9
"Kust- en zilte habitats","1310","1310_pol",FALSE,"Druk3.1","3.1 Eutrofiëring via de lucht","","L",9,"L",9
"Kust- en zilte habitats","1310","1310_pol",FALSE,"Druk3.2","3.2 Eutrofiëring via de bodem","","L",9,"L",9
"Kust- en zilte habitats","1310","1310_pol",FALSE,"Druk8.2","8.2 Verontreiniging via de bodem","","L",9,"L",9
"Kust- en zilte habitats","1310","1310_pol",FALSE,"Druk8.3","8.3 Verontreiniging via het grondwater","","L",9,"L",9
"Kust- en zilte habitats","1310","1310_pol",FALSE,"Druk8.4","8.4 Verontreiniging via het oppervlaktewater (incl. overstromingswater)","","L",9,"L",9
"Kust- en zilte habitats","1310","1310_pol",FALSE,"Druk14","14 Verlies van aquatische connectiviteit","","L",10,"L",10
"Kust- en zilte habitats","1310","1310_pol",FALSE,"Druk3.3","3.3 Eutrofiëring via het grondwater","","L",10,"L",10
"Kust- en zilte habitats","1310","1310_pol",FALSE,"Druk12","12 Toename bodemdynamiek (erosie, omwoeling, verstuiving)","",,,"S",
"Kust- en zilte habitats","1310","1310_pol",FALSE,"Druk13","13 Afname bodemdynamiek (erosie, omwoeling, verstuiving)","",,,"S",
"Kust- en zilte habitats","1310","1310_pol",FALSE,"Druk4.2","4.2 Verzuring via het grondwater","",,,"S",
"Kust- en zilte habitats","1310","1310_pol",FALSE,"Druk4.3","4.3 Verzuring via het oppervlaktewater (incl. overstromingswater)","",,,"S",
"Kust- en zilte habitats","1310","1310_pol",FALSE,"Druk8.1","8.1 Verontreiniging via de lucht","",,,"S",
"Kust- en zilte habitats","1310","1310_pol",FALSE,"Druk9.3","9.3 Beweging en andere visuele verstoring","",,,"S",
"Kust- en zilte habitats","1310","1310_pol",FALSE,"Druk8.5","8.5 Thermische verontreiniging: toename temperatuur oppervlaktewater","",,,"P",
"Kust- en zilte habitats","1310","1310_zk",FALSE,"Druk63","63 Toename van stroomsnelheid, waterpeil en/of de fluctuatie ervan","","H",1,"H",1
"Kust- en zilte habitats","1310","1310_zk",FALSE,"Druk12","12 Toename bodemdynamiek (erosie, omwoeling, verstuiving)","","H",2,"H",2
"Kust- en zilte habitats","1310","1310_zk",FALSE,"Druk61","61 Toename overstromingsduur of -frequentie (incl. getijden)","","H",3,"H",3
"Kust- en zilte habitats","1310","1310_zk",FALSE,"Druk65","65  Toename golfslagwerking","","H",4,"H",4
"Kust- en zilte habitats","1310","1310_zk",FALSE,"Druk62","62 Afname overstromingsduur of -frequentie (incl. getijden)","","H",5,"H",5
"Kust- en zilte habitats","1310","1310_zk",FALSE,"Druk11","11 Aanpassing van de fysische structuur naar een blijvende nieuwe toestand (bodemcompactie, verharding, herprofilering, nieuw substraat, grondverzet, ...)","","M",6,"M",6
"Kust- en zilte habitats","1310","1310_zk",FALSE,"Druk101","101 Klimaatverandering in droge perioden","","L",7,"L",7
"Kust- en zilte habitats","1310","1310_zk",FALSE,"Druk102","102 Klimaatverandering in natte perioden","","L",7,"L",7
"Kust- en zilte habitats","1310","1310_zk",FALSE,"Druk103","103 Klimaatverandering: zeespiegelstijging","","L",7,"L",7
"Kust- en zilte habitats","1310","1310_zk",FALSE,"Druk13","13 Afname bodemdynamiek (erosie, omwoeling, verstuiving)","","L",7,"L",7
"Kust- en zilte habitats","1310","1310_zk",FALSE,"Druk15","15 Verlies van terrestrische connectiviteit","","L",7,"L",7
"Kust- en zilte habitats","1310","1310_zk",FALSE,"Druk3.4","3.4 Eutrofiëring via het oppervlaktewater (incl. overstromingswater en afspoeling)","","L",7,"L",7
"Kust- en zilte habitats","1310","1310_zk",FALSE,"Druk64","64 Afname van stroomsnelheid, waterpeil en/of de fluctuatie ervan","","L",7,"L",7
"Kust- en zilte habitats","1310","1310_zk",FALSE,"Druk7.2","7.2 Verzoeting via het oppervlaktewater (incl. overstromingswater)","","L",7,"L",7
"Kust- en zilte habitats","1310","1310_zk",FALSE,"Druk8.4","8.4 Verontreiniging via het oppervlaktewater (incl. overstromingswater)","","L",7,"L",7
"Kust- en zilte habitats","1310","1310_zk",FALSE,"Druk3.1","3.1 Eutrofiëring via de lucht","","L",8,"L",8
"Kust- en zilte habitats","1310","1310_zk",FALSE,"Druk14","14 Verlies van aquatische connectiviteit","",,,"S",
"Kust- en zilte habitats","1310","1310_zk",FALSE,"Druk3.2","3.2 Eutrofiëring via de bodem","",,,"S",
"Kust- en zilte habitats","1310","1310_zk",FALSE,"Druk3.3","3.3 Eutrofiëring via het grondwater","",,,"S",
"Kust- en zilte habitats","1310","1310_zk",FALSE,"Druk4.3","4.3 Verzuring via het oppervlaktewater (incl. overstromingswater)","",,,"S",
"Kust- en zilte habitats","1310","1310_zk",FALSE,"Druk5.1","5.1 Verdroging via het grondwater","",,,"S",
"Kust- en zilte habitats","1310","1310_zk",FALSE,"Druk5.2","5.2 Vernatting via het grondwater","",,,"S",
"Kust- en zilte habitats","1310","1310_zk",FALSE,"Druk66","66  Afname golfslagwerking","",,,"S",
"Kust- en zilte habitats","1310","1310_zk",FALSE,"Druk7.1","7.1 Verzoeting via het grondwater","",,,"S",
"Kust- en zilte habitats","1310","1310_zk",FALSE,"Druk8.1","8.1 Verontreiniging via de lucht","",,,"S",
"Kust- en zilte habitats","1310","1310_zk",FALSE,"Druk8.2","8.2 Verontreiniging via de bodem","",,,"S",
"Kust- en zilte habitats","1310","1310_zk",FALSE,"Druk8.3","8.3 Verontreiniging via het grondwater","",,,"S",
"Kust- en zilte habitats","1310","1310_zk",FALSE,"Druk9.3","9.3 Beweging en andere visuele verstoring","",,,"S",
"Kust- en zilte habitats","1310","1310_zk",FALSE,"Druk8.5","8.5 Thermische verontreiniging: toename temperatuur oppervlaktewater","",,,"P",
"Kust- en zilte habitats","1310","1310_zv",FALSE,"Druk66","66  Afname golfslagwerking","","H",1,"H",1
"Kust- en zilte habitats","1310","1310_zv",FALSE,"Druk62","62 Afname overstromingsduur of -frequentie (incl. getijden)","","H",2,"H",2
"Kust- en zilte habitats","1310","1310_zv",FALSE,"Druk11","11 Aanpassing van de fysische structuur naar een blijvende nieuwe toestand (bodemcompactie, verharding, herprofilering, nieuw substraat, grondverzet, ...)","","H",3,"H",3
"Kust- en zilte habitats","1310","1310_zv",FALSE,"Druk14","14 Verlies van aquatische connectiviteit","","M",4,"M",4
"Kust- en zilte habitats","1310","1310_zv",FALSE,"Druk64","64 Afname van stroomsnelheid, waterpeil en/of de fluctuatie ervan","","M",4,"M",4
"Kust- en zilte habitats","1310","1310_zv",FALSE,"Druk103","103 Klimaatverandering: zeespiegelstijging","","M",5,"M",5
"Kust- en zilte habitats","1310","1310_zv",FALSE,"Druk12","12 Toename bodemdynamiek (erosie, omwoeling, verstuiving)","","M",5,"M",5
"Kust- en zilte habitats","1310","1310_zv",FALSE,"Druk15","15 Verlies van terrestrische connectiviteit","","M",6,"M",6
"Kust- en zilte habitats","1310","1310_zv",FALSE,"Druk101","101 Klimaatverandering in droge perioden","","L",7,"L",7
"Kust- en zilte habitats","1310","1310_zv",FALSE,"Druk102","102 Klimaatverandering in natte perioden","","L",7,"L",7
"Kust- en zilte habitats","1310","1310_zv",FALSE,"Druk3.4","3.4 Eutrofiëring via het oppervlaktewater (incl. overstromingswater en afspoeling)","","L",7,"L",7
"Kust- en zilte habitats","1310","1310_zv",FALSE,"Druk63","63 Toename van stroomsnelheid, waterpeil en/of de fluctuatie ervan","","L",7,"L",7
"Kust- en zilte habitats","1310","1310_zv",FALSE,"Druk7.2","7.2 Verzoeting via het oppervlaktewater (incl. overstromingswater)","","L",7,"L",7
"Kust- en zilte habitats","1310","1310_zv",FALSE,"Druk8.4","8.4 Verontreiniging via het oppervlaktewater (incl. overstromingswater)","","L",7,"L",7
"Kust- en zilte habitats","1310","1310_zv",FALSE,"Druk65","65  Toename golfslagwerking","","L",8,"L",8
"Kust- en zilte habitats","1310","1310_zv",FALSE,"Druk13","13 Afname bodemdynamiek (erosie, omwoeling, verstuiving)","",,,"S",
"Kust- en zilte habitats","1310","1310_zv",FALSE,"Druk3.1","3.1 Eutrofiëring via de lucht","",,,"S",
"Kust- en zilte habitats","1310","1310_zv",FALSE,"Druk3.2","3.2 Eutrofiëring via de bodem","",,,"S",
"Kust- en zilte habitats","1310","1310_zv",FALSE,"Druk3.3","3.3 Eutrofiëring via het grondwater","",,,"S",
"Kust- en zilte habitats","1310","1310_zv",FALSE,"Druk4.3","4.3 Verzuring via het oppervlaktewater (incl. overstromingswater)","",,,"S",
"Kust- en zilte habitats","1310","1310_zv",FALSE,"Druk5.1","5.1 Verdroging via het grondwater","",,,"S",
"Kust- en zilte habitats","1310","1310_zv",FALSE,"Druk5.2","5.2 Vernatting via het grondwater","",,,"S",
"Kust- en zilte habitats","1310","1310_zv",FALSE,"Druk61","61 Toename overstromingsduur of -frequentie (incl. getijden)","",,,"S",
"Kust- en zilte habitats","1310","1310_zv",FALSE,"Druk7.1","7.1 Verzoeting via het grondwater","",,,"S",
"Kust- en zilte habitats","1310","1310_zv",FALSE,"Druk8.1","8.1 Verontreiniging via de lucht","",,,"S",
"Kust- en zilte habitats","1310","1310_zv",FALSE,"Druk8.2","8.2 Verontreiniging via de bodem","",,,"S",
"Kust- en zilte habitats","1310","1310_zv",FALSE,"Druk8.3","8.3 Verontreiniging via het grondwater","",,,"S",
"Kust- en zilte habitats","1310","1310_zv",FALSE,"Druk9.3","9.3 Beweging en andere visuele verstoring","",,,"S",
"Kust- en zilte habitats","1310","1310_zv",FALSE,"Druk8.5","8.5 Thermische verontreiniging: toename temperatuur oppervlaktewater","",,,"P",
"Kust- en zilte habitats","1320","1320",TRUE,"Druk63","63 Toename van stroomsnelheid, waterpeil en/of de fluctuatie ervan","","H",1,"H",1
"Kust- en zilte habitats","1320","1320",TRUE,"Druk12","12 Toename bodemdynamiek (erosie, omwoeling, verstuiving)","","H",2,"H",2
"Kust- en zilte habitats","1320","1320",TRUE,"Druk62","62 Afname overstromingsduur of -frequentie (incl. getijden)","","H",3,"H",3
"Kust- en zilte habitats","1320","1320",TRUE,"Druk65","65  Toename golfslagwerking","","H",4,"H",4
"Kust- en zilte habitats","1320","1320",TRUE,"Druk11","11 Aanpassing van de fysische structuur naar een blijvende nieuwe toestand (bodemcompactie, verharding, herprofilering, nieuw substraat, grondverzet, ...)","","H",5,"H",5
"Kust- en zilte habitats","1320","1320",TRUE,"Druk61","61 Toename overstromingsduur of -frequentie (incl. getijden)","","M",5,"M",6
"Kust- en zilte habitats","1320","1320",TRUE,"Druk101","101 Klimaatverandering in droge perioden","","L",6,"L",7
"Kust- en zilte habitats","1320","1320",TRUE,"Druk102","102 Klimaatverandering in natte perioden","","L",6,"L",7
"Kust- en zilte habitats","1320","1320",TRUE,"Druk103","103 Klimaatverandering: zeespiegelstijging","","L",6,"L",7
"Kust- en zilte habitats","1320","1320",TRUE,"Druk15","15 Verlies van terrestrische connectiviteit","","L",6,"L",7
"Kust- en zilte habitats","1320","1320",TRUE,"Druk3.4","3.4 Eutrofiëring via het oppervlaktewater (incl. overstromingswater en afspoeling)","","L",6,"L",7
"Kust- en zilte habitats","1320","1320",TRUE,"Druk7.2","7.2 Verzoeting via het oppervlaktewater (incl. overstromingswater)","","L",6,"L",7
"Kust- en zilte habitats","1320","1320",TRUE,"Druk3.1","3.1 Eutrofiëring via de lucht","","L",7,"L",8
"Kust- en zilte habitats","1320","1320",TRUE,"Druk13","13 Afname bodemdynamiek (erosie, omwoeling, verstuiving)","",,,"S",
"Kust- en zilte habitats","1320","1320",TRUE,"Druk14","14 Verlies van aquatische connectiviteit","",,,"S",
"Kust- en zilte habitats","1320","1320",TRUE,"Druk3.2","3.2 Eutrofiëring via de bodem","",,,"S",
"Kust- en zilte habitats","1320","1320",TRUE,"Druk3.3","3.3 Eutrofiëring via het grondwater","",,,"S",
"Kust- en zilte habitats","1320","1320",TRUE,"Druk4.3","4.3 Verzuring via het oppervlaktewater (incl. overstromingswater)","",,,"S",
"Kust- en zilte habitats","1320","1320",TRUE,"Druk5.1","5.1 Verdroging via het grondwater","",,,"S",
"Kust- en zilte habitats","1320","1320",TRUE,"Druk5.2","5.2 Vernatting via het grondwater","",,,"S",
"Kust- en zilte habitats","1320","1320",TRUE,"Druk64","64 Afname van stroomsnelheid, waterpeil en/of de fluctuatie ervan","",,,"S",
"Kust- en zilte habitats","1320","1320",TRUE,"Druk66","66  Afname golfslagwerking","",,,"S",
"Kust- en zilte habitats","1320","1320",TRUE,"Druk7.1","7.1 Verzoeting via het grondwater","",,,"S",
"Kust- en zilte habitats","1320","1320",TRUE,"Druk8.1","8.1 Verontreiniging via de lucht","",,,"S",
"Kust- en zilte habitats","1320","1320",TRUE,"Druk8.2","8.2 Verontreiniging via de bodem","",,,"S",
"Kust- en zilte habitats","1320","1320",TRUE,"Druk8.3","8.3 Verontreiniging via het grondwater","",,,"S",
"Kust- en zilte habitats","1320","1320",TRUE,"Druk8.4","8.4 Verontreiniging via het oppervlaktewater (incl. overstromingswater)","",,,"S",
"Kust- en zilte habitats","1320","1320",TRUE,"Druk9.3","9.3 Beweging en andere visuele verstoring","",,,"S",
"Kust- en zilte habitats","1320","1320",TRUE,"Druk8.5","8.5 Thermische verontreiniging: toename temperatuur oppervlaktewater","",,,"P",
"Kust- en zilte habitats","1330","1330_da",FALSE,"Druk63","63 Toename van stroomsnelheid, waterpeil en/of de fluctuatie ervan","","H",1,"H",1
"Kust- en zilte habitats","1330","1330_da",FALSE,"Druk12","12 Toename bodemdynamiek (erosie, omwoeling, verstuiving)","","H",2,"H",2
"Kust- en zilte habitats","1330","1330_da",FALSE,"Druk62","62 Afname overstromingsduur of -frequentie (incl. getijden)","","H",3,"H",3
"Kust- en zilte habitats","1330","1330_da",FALSE,"Druk11","11 Aanpassing van de fysische structuur naar een blijvende nieuwe toestand (bodemcompactie, verharding, herprofilering, nieuw substraat, grondverzet, ...)","","H",4,"H",4
"Kust- en zilte habitats","1330","1330_da",FALSE,"Druk65","65  Toename golfslagwerking","","M",5,"M",5
"Kust- en zilte habitats","1330","1330_da",FALSE,"Druk61","61 Toename overstromingsduur of -frequentie (incl. getijden)","","M",6,"M",6
"Kust- en zilte habitats","1330","1330_da",FALSE,"Druk101","101 Klimaatverandering in droge perioden","","L",7,"L",7
"Kust- en zilte habitats","1330","1330_da",FALSE,"Druk102","102 Klimaatverandering in natte perioden","","L",7,"L",7
"Kust- en zilte habitats","1330","1330_da",FALSE,"Druk103","103 Klimaatverandering: zeespiegelstijging","","L",7,"L",7
"Kust- en zilte habitats","1330","1330_da",FALSE,"Druk15","15 Verlies van terrestrische connectiviteit","","L",7,"L",7
"Kust- en zilte habitats","1330","1330_da",FALSE,"Druk3.4","3.4 Eutrofiëring via het oppervlaktewater (incl. overstromingswater en afspoeling)","","L",7,"L",7
"Kust- en zilte habitats","1330","1330_da",FALSE,"Druk5.1","5.1 Verdroging via het grondwater","","L",7,"L",7
"Kust- en zilte habitats","1330","1330_da",FALSE,"Druk7.2","7.2 Verzoeting via het oppervlaktewater (incl. overstromingswater)","","L",7,"L",7
"Kust- en zilte habitats","1330","1330_da",FALSE,"Druk3.1","3.1 Eutrofiëring via de lucht","","L",8,"L",8
"Kust- en zilte habitats","1330","1330_da",FALSE,"Druk5.2","5.2 Vernatting via het grondwater","","L",8,"L",8
"Kust- en zilte habitats","1330","1330_da",FALSE,"Druk13","13 Afname bodemdynamiek (erosie, omwoeling, verstuiving)","",,,"S",
"Kust- en zilte habitats","1330","1330_da",FALSE,"Druk14","14 Verlies van aquatische connectiviteit","",,,"S",
"Kust- en zilte habitats","1330","1330_da",FALSE,"Druk3.2","3.2 Eutrofiëring via de bodem","",,,"S",
"Kust- en zilte habitats","1330","1330_da",FALSE,"Druk3.3","3.3 Eutrofiëring via het grondwater","",,,"S",
"Kust- en zilte habitats","1330","1330_da",FALSE,"Druk4.3","4.3 Verzuring via het oppervlaktewater (incl. overstromingswater)","",,,"S",
"Kust- en zilte habitats","1330","1330_da",FALSE,"Druk64","64 Afname van stroomsnelheid, waterpeil en/of de fluctuatie ervan","",,,"S",
"Kust- en zilte habitats","1330","1330_da",FALSE,"Druk66","66  Afname golfslagwerking","",,,"S",
"Kust- en zilte habitats","1330","1330_da",FALSE,"Druk7.1","7.1 Verzoeting via het grondwater","",,,"S",
"Kust- en zilte habitats","1330","1330_da",FALSE,"Druk8.1","8.1 Verontreiniging via de lucht","",,,"S",
"Kust- en zilte habitats","1330","1330_da",FALSE,"Druk8.2","8.2 Verontreiniging via de bodem","",,,"S",
"Kust- en zilte habitats","1330","1330_da",FALSE,"Druk8.3","8.3 Verontreiniging via het grondwater","",,,"S",
"Kust- en zilte habitats","1330","1330_da",FALSE,"Druk8.4","8.4 Verontreiniging via het oppervlaktewater (incl. overstromingswater)","",,,"S",
"Kust- en zilte habitats","1330","1330_da",FALSE,"Druk9.3","9.3 Beweging en andere visuele verstoring","",,,"S",
"Kust- en zilte habitats","1330","1330_da",FALSE,"Druk8.5","8.5 Thermische verontreiniging: toename temperatuur oppervlaktewater","",,,"P",
"Kust- en zilte habitats","1330","1330_hpr",FALSE,"Druk11","11 Aanpassing van de fysische structuur naar een blijvende nieuwe toestand (bodemcompactie, verharding, herprofilering, nieuw substraat, grondverzet, ...)","","H",1,"H",1
"Kust- en zilte habitats","1330","1330_hpr",FALSE,"Druk5.1","5.1 Verdroging via het grondwater","","H",2,"H",2
"Kust- en zilte habitats","1330","1330_hpr",FALSE,"Druk7.2","7.2 Verzoeting via het oppervlaktewater (incl. overstromingswater)","","H",2,"H",2
"Kust- en zilte habitats","1330","1330_hpr",FALSE,"Druk7.1","7.1 Verzoeting via het grondwater","","H",3,"H",3
"Kust- en zilte habitats","1330","1330_hpr",FALSE,"Druk62","62 Afname overstromingsduur of -frequentie (incl. getijden)","","H",4,"H",4
"Kust- en zilte habitats","1330","1330_hpr",FALSE,"Druk101","101 Klimaatverandering in droge perioden","","M",5,"M",5
"Kust- en zilte habitats","1330","1330_hpr",FALSE,"Druk3.4","3.4 Eutrofiëring via het oppervlaktewater (incl. overstromingswater en afspoeling)","","M",5,"M",5
"Kust- en zilte habitats","1330","1330_hpr",FALSE,"Druk5.2","5.2 Vernatting via het grondwater","","M",5,"M",5
"Kust- en zilte habitats","1330","1330_hpr",FALSE,"Druk61","61 Toename overstromingsduur of -frequentie (incl. getijden)","","M",5,"M",5
"Kust- en zilte habitats","1330","1330_hpr",FALSE,"Druk15","15 Verlies van terrestrische connectiviteit","","M",6,"M",6
"Kust- en zilte habitats","1330","1330_hpr",FALSE,"Druk3.2","3.2 Eutrofiëring via de bodem","","M",6,"M",6
"Kust- en zilte habitats","1330","1330_hpr",FALSE,"Druk102","102 Klimaatverandering in natte perioden","","L",7,"L",7
"Kust- en zilte habitats","1330","1330_hpr",FALSE,"Druk14","14 Verlies van aquatische connectiviteit","","L",7,"L",7
"Kust- en zilte habitats","1330","1330_hpr",FALSE,"Druk3.1","3.1 Eutrofiëring via de lucht","","L",7,"L",7
"Kust- en zilte habitats","1330","1330_hpr",FALSE,"Druk8.2","8.2 Verontreiniging via de bodem","","L",7,"L",7
"Kust- en zilte habitats","1330","1330_hpr",FALSE,"Druk8.3","8.3 Verontreiniging via het grondwater","","L",7,"L",7
"Kust- en zilte habitats","1330","1330_hpr",FALSE,"Druk8.4","8.4 Verontreiniging via het oppervlaktewater (incl. overstromingswater)","","L",7,"L",7
"Kust- en zilte habitats","1330","1330_hpr",FALSE,"Druk3.3","3.3 Eutrofiëring via het grondwater","","L",8,"L",8
"Kust- en zilte habitats","1330","1330_hpr",FALSE,"Druk12","12 Toename bodemdynamiek (erosie, omwoeling, verstuiving)","",,,"S",
"Kust- en zilte habitats","1330","1330_hpr",FALSE,"Druk13","13 Afname bodemdynamiek (erosie, omwoeling, verstuiving)","",,,"S",
"Kust- en zilte habitats","1330","1330_hpr",FALSE,"Druk4.2","4.2 Verzuring via het grondwater","",,,"S",
"Kust- en zilte habitats","1330","1330_hpr",FALSE,"Druk4.3","4.3 Verzuring via het oppervlaktewater (incl. overstromingswater)","",,,"S",
"Kust- en zilte habitats","1330","1330_hpr",FALSE,"Druk8.1","8.1 Verontreiniging via de lucht","",,,"S",
"Kust- en zilte habitats","1330","1330_hpr",FALSE,"Druk9.3","9.3 Beweging en andere visuele verstoring","",,,"S",
"Kust- en zilte habitats","1330","1330_hpr",FALSE,"Druk8.5","8.5 Thermische verontreiniging: toename temperatuur oppervlaktewater","",,,"P",
"Kustduinen","2110","2110",TRUE,"Druk12","12 Toename bodemdynamiek (erosie, omwoeling, verstuiving)","","H",1,"H",1
"Kustduinen","2110","2110",TRUE,"Druk11","11 Aanpassing van de fysische structuur naar een blijvende nieuwe toestand (bodemcompactie, verharding, herprofilering, nieuw substraat, grondverzet, ...)","","H",2,"H",2
"Kustduinen","2110","2110",TRUE,"Druk103","103 Klimaatverandering: zeespiegelstijging","","M",3,"M",3
"Kustduinen","2110","2110",TRUE,"Druk13","13 Afname bodemdynamiek (erosie, omwoeling, verstuiving)","",,,"S",
"Kustduinen","2110","2110",TRUE,"Druk14","14 Verlies van aquatische connectiviteit","",,,"S",
"Kustduinen","2110","2110",TRUE,"Druk15","15 Verlies van terrestrische connectiviteit","",,,"S",
"Kustduinen","2110","2110",TRUE,"Druk3.1","3.1 Eutrofiëring via de lucht","",,,"S",
"Kustduinen","2110","2110",TRUE,"Druk3.2","3.2 Eutrofiëring via de bodem","",,,"S",
"Kustduinen","2110","2110",TRUE,"Druk3.3","3.3 Eutrofiëring via het grondwater","",,,"S",
"Kustduinen","2110","2110",TRUE,"Druk3.4","3.4 Eutrofiëring via het oppervlaktewater (incl. overstromingswater en afspoeling)","",,,"S",
"Kustduinen","2110","2110",TRUE,"Druk5.2","5.2 Vernatting via het grondwater","",,,"S",
"Kustduinen","2110","2110",TRUE,"Druk61","61 Toename overstromingsduur of -frequentie (incl. getijden)","",,,"S",
"Kustduinen","2110","2110",TRUE,"Druk62","62 Afname overstromingsduur of -frequentie (incl. getijden)","",,,"S",
"Kustduinen","2110","2110",TRUE,"Druk63","63 Toename van stroomsnelheid, waterpeil en/of de fluctuatie ervan","",,,"S",
"Kustduinen","2110","2110",TRUE,"Druk64","64 Afname van stroomsnelheid, waterpeil en/of de fluctuatie ervan","",,,"S",
"Kustduinen","2110","2110",TRUE,"Druk65","65  Toename golfslagwerking","",,,"S",
"Kustduinen","2110","2110",TRUE,"Druk66","66  Afname golfslagwerking","",,,"S",
"Kustduinen","2110","2110",TRUE,"Druk7.1","7.1 Verzoeting via het grondwater","",,,"S",
"Kustduinen","2110","2110",TRUE,"Druk7.2","7.2 Verzoeting via het oppervlaktewater (incl. overstromingswater)","",,,"S",
"Kustduinen","2110","2110",TRUE,"Druk8.1","8.1 Verontreiniging via de lucht","",,,"S",
"Kustduinen","2110","2110",TRUE,"Druk8.2","8.2 Verontreiniging via de bodem","",,,"S",
"Kustduinen","2110","2110",TRUE,"Druk8.3","8.3 Verontreiniging via het grondwater","",,,"S",
"Kustduinen","2110","2110",TRUE,"Druk8.4","8.4 Verontreiniging via het oppervlaktewater (incl. overstromingswater)","",,,"S",
"Kustduinen","2110","2110",TRUE,"Druk9.3","9.3 Beweging en andere visuele verstoring","",,,"S",
"Kustduinen","2110","2110",TRUE,"Druk8.5","8.5 Thermische verontreiniging: toename temperatuur oppervlaktewater","",,,"P",
"Kustduinen","2120","2120",TRUE,"Druk13","13 Afname bodemdynamiek (erosie, omwoeling, verstuiving)","","H",1,"H",1
"Kustduinen","2120","2120",TRUE,"Druk102","102 Klimaatverandering in natte perioden","","H",2,"H",2
"Kustduinen","2120","2120",TRUE,"Druk15","15 Verlies van terrestrische connectiviteit","","H",3,"H",3
"Kustduinen","2120","2120",TRUE,"Druk11","11 Aanpassing van de fysische structuur naar een blijvende nieuwe toestand (bodemcompactie, verharding, herprofilering, nieuw substraat, grondverzet, ...)","","H",4,"H",4
"Kustduinen","2120","2120",TRUE,"Druk3.1","3.1 Eutrofiëring via de lucht","","M",5,"M",5
"Kustduinen","2120","2120",TRUE,"Druk12","12 Toename bodemdynamiek (erosie, omwoeling, verstuiving)","",,,"S",
"Kustduinen","2120","2120",TRUE,"Druk14","14 Verlies van aquatische connectiviteit","",,,"S",
"Kustduinen","2120","2120",TRUE,"Druk3.2","3.2 Eutrofiëring via de bodem","",,,"S",
"Kustduinen","2120","2120",TRUE,"Druk3.4","3.4 Eutrofiëring via het oppervlaktewater (incl. overstromingswater en afspoeling)","",,,"S",
"Kustduinen","2120","2120",TRUE,"Druk5.2","5.2 Vernatting via het grondwater","",,,"S",
"Kustduinen","2120","2120",TRUE,"Druk61","61 Toename overstromingsduur of -frequentie (incl. getijden)","",,,"S",
"Kustduinen","2120","2120",TRUE,"Druk7.4","7.4 Verzilting via het oppervlaktewater (incl. overstromingswater)","",,,"S",
"Kustduinen","2120","2120",TRUE,"Druk8.1","8.1 Verontreiniging via de lucht","",,,"S",
"Kustduinen","2120","2120",TRUE,"Druk8.2","8.2 Verontreiniging via de bodem","",,,"S",
"Kustduinen","2120","2120",TRUE,"Druk8.4","8.4 Verontreiniging via het oppervlaktewater (incl. overstromingswater)","",,,"S",
"Kustduinen","2120","2120",TRUE,"Druk9.3","9.3 Beweging en andere visuele verstoring","",,,"S",
"Kustduinen","2120","2120",TRUE,"Druk8.5","8.5 Thermische verontreiniging: toename temperatuur oppervlaktewater","",,,"P",
"Kustduinen","2130","2130_had",FALSE,"Druk3.1","3.1 Eutrofiëring via de lucht","","H",1,"H",1
"Kustduinen","2130","2130_had",FALSE,"Druk15","15 Verlies van terrestrische connectiviteit","","H",2,"H",2
"Kustduinen","2130","2130_had",FALSE,"Druk3.2","3.2 Eutrofiëring via de bodem","","H",3,"H",3
"Kustduinen","2130","2130_had",FALSE,"Druk13","13 Afname bodemdynamiek (erosie, omwoeling, verstuiving)","","H",4,"H",4
"Kustduinen","2130","2130_had",FALSE,"Druk11","11 Aanpassing van de fysische structuur naar een blijvende nieuwe toestand (bodemcompactie, verharding, herprofilering, nieuw substraat, grondverzet, ...)","",,,"S",
"Kustduinen","2130","2130_had",FALSE,"Druk12","12 Toename bodemdynamiek (erosie, omwoeling, verstuiving)","",,,"S",
"Kustduinen","2130","2130_had",FALSE,"Druk14","14 Verlies van aquatische connectiviteit","",,,"S",
"Kustduinen","2130","2130_had",FALSE,"Druk3.3","3.3 Eutrofiëring via het grondwater","",,,"S",
"Kustduinen","2130","2130_had",FALSE,"Druk3.4","3.4 Eutrofiëring via het oppervlaktewater (incl. overstromingswater en afspoeling)","",,,"S",
"Kustduinen","2130","2130_had",FALSE,"Druk4.1","4.1 Verzuring via de lucht","",,,"S",
"Kustduinen","2130","2130_had",FALSE,"Druk5.1","5.1 Verdroging via het grondwater","",,,"S",
"Kustduinen","2130","2130_had",FALSE,"Druk5.2","5.2 Vernatting via het grondwater","",,,"S",
"Kustduinen","2130","2130_had",FALSE,"Druk61","61 Toename overstromingsduur of -frequentie (incl. getijden)","",,,"S",
"Kustduinen","2130","2130_had",FALSE,"Druk7.3","7.3 Verzilting via het grondwater","",,,"S",
"Kustduinen","2130","2130_had",FALSE,"Druk7.4","7.4 Verzilting via het oppervlaktewater (incl. overstromingswater)","",,,"S",
"Kustduinen","2130","2130_had",FALSE,"Druk8.1","8.1 Verontreiniging via de lucht","",,,"S",
"Kustduinen","2130","2130_had",FALSE,"Druk8.2","8.2 Verontreiniging via de bodem","",,,"S",
"Kustduinen","2130","2130_had",FALSE,"Druk8.3","8.3 Verontreiniging via het grondwater","",,,"S",
"Kustduinen","2130","2130_had",FALSE,"Druk8.4","8.4 Verontreiniging via het oppervlaktewater (incl. overstromingswater)","",,,"S",
"Kustduinen","2130","2130_had",FALSE,"Druk9.3","9.3 Beweging en andere visuele verstoring","",,,"S",
"Kustduinen","2130","2130_had",FALSE,"Druk4.2","4.2 Verzuring via het grondwater","",,,"P",
"Kustduinen","2130","2130_had",FALSE,"Druk8.5","8.5 Thermische verontreiniging: toename temperatuur oppervlaktewater","",,,"P",
"Kustduinen","2130","2130_hd",FALSE,"Druk15","15 Verlies van terrestrische connectiviteit","","H",1,"H",1
"Kustduinen","2130","2130_hd",FALSE,"Druk13","13 Afname bodemdynamiek (erosie, omwoeling, verstuiving)","","H",2,"H",2
"Kustduinen","2130","2130_hd",FALSE,"Druk3.2","3.2 Eutrofiëring via de bodem","","H",3,"H",3
"Kustduinen","2130","2130_hd",FALSE,"Druk3.1","3.1 Eutrofiëring via de lucht","","H",4,"H",4
"Kustduinen","2130","2130_hd",FALSE,"Druk11","11 Aanpassing van de fysische structuur naar een blijvende nieuwe toestand (bodemcompactie, verharding, herprofilering, nieuw substraat, grondverzet, ...)","",,,"S",
"Kustduinen","2130","2130_hd",FALSE,"Druk12","12 Toename bodemdynamiek (erosie, omwoeling, verstuiving)","",,,"S",
"Kustduinen","2130","2130_hd",FALSE,"Druk14","14 Verlies van aquatische connectiviteit","",,,"S",
"Kustduinen","2130","2130_hd",FALSE,"Druk3.3","3.3 Eutrofiëring via het grondwater","",,,"S",
"Kustduinen","2130","2130_hd",FALSE,"Druk3.4","3.4 Eutrofiëring via het oppervlaktewater (incl. overstromingswater en afspoeling)","",,,"S",
"Kustduinen","2130","2130_hd",FALSE,"Druk4.1","4.1 Verzuring via de lucht","",,,"S",
"Kustduinen","2130","2130_hd",FALSE,"Druk4.2","4.2 Verzuring via het grondwater","",,,"S",
"Kustduinen","2130","2130_hd",FALSE,"Druk5.1","5.1 Verdroging via het grondwater","",,,"S",
"Kustduinen","2130","2130_hd",FALSE,"Druk5.2","5.2 Vernatting via het grondwater","",,,"S",
"Kustduinen","2130","2130_hd",FALSE,"Druk61","61 Toename overstromingsduur of -frequentie (incl. getijden)","",,,"S",
"Kustduinen","2130","2130_hd",FALSE,"Druk7.3","7.3 Verzilting via het grondwater","",,,"S",
"Kustduinen","2130","2130_hd",FALSE,"Druk7.4","7.4 Verzilting via het oppervlaktewater (incl. overstromingswater)","",,,"S",
"Kustduinen","2130","2130_hd",FALSE,"Druk8.1","8.1 Verontreiniging via de lucht","",,,"S",
"Kustduinen","2130","2130_hd",FALSE,"Druk8.2","8.2 Verontreiniging via de bodem","",,,"S",
"Kustduinen","2130","2130_hd",FALSE,"Druk8.3","8.3 Verontreiniging via het grondwater","",,,"S",
"Kustduinen","2130","2130_hd",FALSE,"Druk8.4","8.4 Verontreiniging via het oppervlaktewater (incl. overstromingswater)","",,,"S",
"Kustduinen","2130","2130_hd",FALSE,"Druk9.3","9.3 Beweging en andere visuele verstoring","",,,"S",
"Kustduinen","2130","2130_hd",FALSE,"Druk8.5","8.5 Thermische verontreiniging: toename temperatuur oppervlaktewater","",,,"P",
"Kustduinen","2150","2150",TRUE,"Druk3.1","3.1 Eutrofiëring via de lucht","","H",1,"H",1
"Kustduinen","2150","2150",TRUE,"Druk15","15 Verlies van terrestrische connectiviteit","","H",2,"H",2
"Kustduinen","2150","2150",TRUE,"Druk11","11 Aanpassing van de fysische structuur naar een blijvende nieuwe toestand (bodemcompactie, verharding, herprofilering, nieuw substraat, grondverzet, ...)","","M",3,"M",3
"Kustduinen","2150","2150",TRUE,"Druk12","12 Toename bodemdynamiek (erosie, omwoeling, verstuiving)","","M",3,"M",3
"Kustduinen","2150","2150",TRUE,"Druk13","13 Afname bodemdynamiek (erosie, omwoeling, verstuiving)","","M",3,"M",3
"Kustduinen","2150","2150",TRUE,"Druk3.2","3.2 Eutrofiëring via de bodem","","M",3,"M",3
"Kustduinen","2150","2150",TRUE,"Druk14","14 Verlies van aquatische connectiviteit","",,,"S",
"Kustduinen","2150","2150",TRUE,"Druk3.4","3.4 Eutrofiëring via het oppervlaktewater (incl. overstromingswater en afspoeling)","",,,"S",
"Kustduinen","2150","2150",TRUE,"Druk4.1","4.1 Verzuring via de lucht","",,,"S",
"Kustduinen","2150","2150",TRUE,"Druk5.2","5.2 Vernatting via het grondwater","",,,"S",
"Kustduinen","2150","2150",TRUE,"Druk61","61 Toename overstromingsduur of -frequentie (incl. getijden)","",,,"S",
"Kustduinen","2150","2150",TRUE,"Druk7.4","7.4 Verzilting via het oppervlaktewater (incl. overstromingswater)","",,,"S",
"Kustduinen","2150","2150",TRUE,"Druk8.1","8.1 Verontreiniging via de lucht","",,,"S",
"Kustduinen","2150","2150",TRUE,"Druk8.2","8.2 Verontreiniging via de bodem","",,,"S",
"Kustduinen","2150","2150",TRUE,"Druk8.4","8.4 Verontreiniging via het oppervlaktewater (incl. overstromingswater)","",,,"S",
"Kustduinen","2150","2150",TRUE,"Druk9.3","9.3 Beweging en andere visuele verstoring","",,,"S",
"Kustduinen","2150","2150",TRUE,"Druk8.5","8.5 Thermische verontreiniging: toename temperatuur oppervlaktewater","",,,"P",
"Kustduinen","2160","2160",TRUE,"Druk11","11 Aanpassing van de fysische structuur naar een blijvende nieuwe toestand (bodemcompactie, verharding, herprofilering, nieuw substraat, grondverzet, ...)","","M",1,"M",1
"Kustduinen","2160","2160",TRUE,"Druk5.1","5.1 Verdroging via het grondwater","","M",1,"M",1
"Kustduinen","2160","2160",TRUE,"Druk12","12 Toename bodemdynamiek (erosie, omwoeling, verstuiving)","",,,"S",
"Kustduinen","2160","2160",TRUE,"Druk13","13 Afname bodemdynamiek (erosie, omwoeling, verstuiving)","",,,"S",
"Kustduinen","2160","2160",TRUE,"Druk14","14 Verlies van aquatische connectiviteit","",,,"S",
"Kustduinen","2160","2160",TRUE,"Druk15","15 Verlies van terrestrische connectiviteit","",,,"S",
"Kustduinen","2160","2160",TRUE,"Druk3.1","3.1 Eutrofiëring via de lucht","",,,"S",
"Kustduinen","2160","2160",TRUE,"Druk3.2","3.2 Eutrofiëring via de bodem","",,,"S",
"Kustduinen","2160","2160",TRUE,"Druk3.3","3.3 Eutrofiëring via het grondwater","",,,"S",
"Kustduinen","2160","2160",TRUE,"Druk3.4","3.4 Eutrofiëring via het oppervlaktewater (incl. overstromingswater en afspoeling)","",,,"S",
"Kustduinen","2160","2160",TRUE,"Druk4.1","4.1 Verzuring via de lucht","",,,"S",
"Kustduinen","2160","2160",TRUE,"Druk4.2","4.2 Verzuring via het grondwater","",,,"S",
"Kustduinen","2160","2160",TRUE,"Druk5.2","5.2 Vernatting via het grondwater","",,,"S",
"Kustduinen","2160","2160",TRUE,"Druk61","61 Toename overstromingsduur of -frequentie (incl. getijden)","",,,"S",
"Kustduinen","2160","2160",TRUE,"Druk7.3","7.3 Verzilting via het grondwater","",,,"S",
"Kustduinen","2160","2160",TRUE,"Druk7.4","7.4 Verzilting via het oppervlaktewater (incl. overstromingswater)","",,,"S",
"Kustduinen","2160","2160",TRUE,"Druk8.1","8.1 Verontreiniging via de lucht","",,,"S",
"Kustduinen","2160","2160",TRUE,"Druk8.2","8.2 Verontreiniging via de bodem","",,,"S",
"Kustduinen","2160","2160",TRUE,"Druk8.3","8.3 Verontreiniging via het grondwater","",,,"S",
"Kustduinen","2160","2160",TRUE,"Druk8.4","8.4 Verontreiniging via het oppervlaktewater (incl. overstromingswater)","",,,"S",
"Kustduinen","2160","2160",TRUE,"Druk9.3","9.3 Beweging en andere visuele verstoring","",,,"S",
"Kustduinen","2160","2160",TRUE,"Druk8.5","8.5 Thermische verontreiniging: toename temperatuur oppervlaktewater","",,,"P",
"Kustduinen","2170","2170",TRUE,"Druk13","13 Afname bodemdynamiek (erosie, omwoeling, verstuiving)","","H",1,"H",1
"Kustduinen","2170","2170",TRUE,"Druk5.1","5.1 Verdroging via het grondwater","","H",2,"H",2
"Kustduinen","2170","2170",TRUE,"Druk15","15 Verlies van terrestrische connectiviteit","","H",3,"H",3
"Kustduinen","2170","2170",TRUE,"Druk11","11 Aanpassing van de fysische structuur naar een blijvende nieuwe toestand (bodemcompactie, verharding, herprofilering, nieuw substraat, grondverzet, ...)","","M",4,"M",4
"Kustduinen","2170","2170",TRUE,"Druk12","12 Toename bodemdynamiek (erosie, omwoeling, verstuiving)","",,,"S",
"Kustduinen","2170","2170",TRUE,"Druk14","14 Verlies van aquatische connectiviteit","",,,"S",
"Kustduinen","2170","2170",TRUE,"Druk3.1","3.1 Eutrofiëring via de lucht","",,,"S",
"Kustduinen","2170","2170",TRUE,"Druk3.2","3.2 Eutrofiëring via de bodem","",,,"S",
"Kustduinen","2170","2170",TRUE,"Druk3.3","3.3 Eutrofiëring via het grondwater","",,,"S",
"Kustduinen","2170","2170",TRUE,"Druk3.4","3.4 Eutrofiëring via het oppervlaktewater (incl. overstromingswater en afspoeling)","",,,"S",
"Kustduinen","2170","2170",TRUE,"Druk4.1","4.1 Verzuring via de lucht","",,,"S",
"Kustduinen","2170","2170",TRUE,"Druk4.2","4.2 Verzuring via het grondwater","",,,"S",
"Kustduinen","2170","2170",TRUE,"Druk4.3","4.3 Verzuring via het oppervlaktewater (incl. overstromingswater)","",,,"S",
"Kustduinen","2170","2170",TRUE,"Druk5.2","5.2 Vernatting via het grondwater","",,,"S",
"Kustduinen","2170","2170",TRUE,"Druk61","61 Toename overstromingsduur of -frequentie (incl. getijden)","",,,"S",
"Kustduinen","2170","2170",TRUE,"Druk7.3","7.3 Verzilting via het grondwater","",,,"S",
"Kustduinen","2170","2170",TRUE,"Druk7.4","7.4 Verzilting via het oppervlaktewater (incl. overstromingswater)","",,,"S",
"Kustduinen","2170","2170",TRUE,"Druk8.1","8.1 Verontreiniging via de lucht","",,,"S",
"Kustduinen","2170","2170",TRUE,"Druk8.2","8.2 Verontreiniging via de bodem","",,,"S",
"Kustduinen","2170","2170",TRUE,"Druk8.3","8.3 Verontreiniging via het grondwater","",,,"S",
"Kustduinen","2170","2170",TRUE,"Druk8.4","8.4 Verontreiniging via het oppervlaktewater (incl. overstromingswater)","",,,"S",
"Kustduinen","2170","2170",TRUE,"Druk9.3","9.3 Beweging en andere visuele verstoring","",,,"S",
"Kustduinen","2170","2170",TRUE,"Druk8.5","8.5 Thermische verontreiniging: toename temperatuur oppervlaktewater","",,,"P",
"Kustduinen","2180","2180",TRUE,"Druk15","15 Verlies van terrestrische connectiviteit","","H",1,"H",1
"Kustduinen","2180","2180",TRUE,"Druk3.1","3.1 Eutrofiëring via de lucht","","M",1,"M",2
"Kustduinen","2180","2180",TRUE,"Druk11","11 Aanpassing van de fysische structuur naar een blijvende nieuwe toestand (bodemcompactie, verharding, herprofilering, nieuw substraat, grondverzet, ...)","","M",2,"M",3
"Kustduinen","2180","2180",TRUE,"Druk4.1","4.1 Verzuring via de lucht","","M",3,"M",4
"Kustduinen","2180","2180",TRUE,"Druk101","101 Klimaatverandering in droge perioden","","L",4,"L",5
"Kustduinen","2180","2180",TRUE,"Druk7.4","7.4 Verzilting via het oppervlaktewater (incl. overstromingswater)","","L",4,"L",5
"Kustduinen","2180","2180",TRUE,"Druk5.1","5.1 Verdroging via het grondwater","","L",5,"L",6
"Kustduinen","2180","2180",TRUE,"Druk12","12 Toename bodemdynamiek (erosie, omwoeling, verstuiving)","",,,"S",
"Kustduinen","2180","2180",TRUE,"Druk13","13 Afname bodemdynamiek (erosie, omwoeling, verstuiving)","",,,"S",
"Kustduinen","2180","2180",TRUE,"Druk14","14 Verlies van aquatische connectiviteit","",,,"S",
"Kustduinen","2180","2180",TRUE,"Druk3.2","3.2 Eutrofiëring via de bodem","",,,"S",
"Kustduinen","2180","2180",TRUE,"Druk3.3","3.3 Eutrofiëring via het grondwater","",,,"S",
"Kustduinen","2180","2180",TRUE,"Druk3.4","3.4 Eutrofiëring via het oppervlaktewater (incl. overstromingswater en afspoeling)","",,,"S",
"Kustduinen","2180","2180",TRUE,"Druk4.2","4.2 Verzuring via het grondwater","",,,"S",
"Kustduinen","2180","2180",TRUE,"Druk4.3","4.3 Verzuring via het oppervlaktewater (incl. overstromingswater)","",,,"S",
"Kustduinen","2180","2180",TRUE,"Druk5.2","5.2 Vernatting via het grondwater","",,,"S",
"Kustduinen","2180","2180",TRUE,"Druk61","61 Toename overstromingsduur of -frequentie (incl. getijden)","",,,"S",
"Kustduinen","2180","2180",TRUE,"Druk7.3","7.3 Verzilting via het grondwater","",,,"S",
"Kustduinen","2180","2180",TRUE,"Druk8.1","8.1 Verontreiniging via de lucht","",,,"S",
"Kustduinen","2180","2180",TRUE,"Druk8.2","8.2 Verontreiniging via de bodem","",,,"S",
"Kustduinen","2180","2180",TRUE,"Druk8.3","8.3 Verontreiniging via het grondwater","",,,"S",
"Kustduinen","2180","2180",TRUE,"Druk8.4","8.4 Verontreiniging via het oppervlaktewater (incl. overstromingswater)","",,,"S",
"Kustduinen","2180","2180",TRUE,"Druk9.3","9.3 Beweging en andere visuele verstoring","",,,"S",
"Kustduinen","2180","2180",TRUE,"Druk8.5","8.5 Thermische verontreiniging: toename temperatuur oppervlaktewater","",,,"P",
"Kustduinen","2190","2190_a",FALSE,"Druk5.1","5.1 Verdroging via het grondwater","","H",1,"H",1
"Kustduinen","2190","2190_a",FALSE,"Druk3.1","3.1 Eutrofiëring via de lucht","","L",2,"L",2
"Kustduinen","2190","2190_a",FALSE,"Druk3.2","3.2 Eutrofiëring via de bodem","","L",3,"L",3
"Kustduinen","2190","2190_a",FALSE,"Druk11","11 Aanpassing van de fysische structuur naar een blijvende nieuwe toestand (bodemcompactie, verharding, herprofilering, nieuw substraat, grondverzet, ...)","","L",4,"L",4
"Kustduinen","2190","2190_a",FALSE,"Druk3.3","3.3 Eutrofiëring via het grondwater","","L",4,"L",4
"Kustduinen","2190","2190_a",FALSE,"Druk12","12 Toename bodemdynamiek (erosie, omwoeling, verstuiving)","",,,"S",
"Kustduinen","2190","2190_a",FALSE,"Druk13","13 Afname bodemdynamiek (erosie, omwoeling, verstuiving)","",,,"S",
"Kustduinen","2190","2190_a",FALSE,"Druk14","14 Verlies van aquatische connectiviteit","",,,"S",
"Kustduinen","2190","2190_a",FALSE,"Druk15","15 Verlies van terrestrische connectiviteit","",,,"S",
"Kustduinen","2190","2190_a",FALSE,"Druk3.4","3.4 Eutrofiëring via het oppervlaktewater (incl. overstromingswater en afspoeling)","",,,"S",
"Kustduinen","2190","2190_a",FALSE,"Druk4.1","4.1 Verzuring via de lucht","",,,"S",
"Kustduinen","2190","2190_a",FALSE,"Druk4.2","4.2 Verzuring via het grondwater","",,,"S",
"Kustduinen","2190","2190_a",FALSE,"Druk4.3","4.3 Verzuring via het oppervlaktewater (incl. overstromingswater)","",,,"S",
"Kustduinen","2190","2190_a",FALSE,"Druk5.2","5.2 Vernatting via het grondwater","",,,"S",
"Kustduinen","2190","2190_a",FALSE,"Druk63","63 Toename van stroomsnelheid, waterpeil en/of de fluctuatie ervan","",,,"S",
"Kustduinen","2190","2190_a",FALSE,"Druk64","64 Afname van stroomsnelheid, waterpeil en/of de fluctuatie ervan","",,,"S",
"Kustduinen","2190","2190_a",FALSE,"Druk65","65  Toename golfslagwerking","",,,"S",
"Kustduinen","2190","2190_a",FALSE,"Druk66","66  Afname golfslagwerking","",,,"S",
"Kustduinen","2190","2190_a",FALSE,"Druk7.3","7.3 Verzilting via het grondwater","",,,"S",
"Kustduinen","2190","2190_a",FALSE,"Druk7.4","7.4 Verzilting via het oppervlaktewater (incl. overstromingswater)","",,,"S",
"Kustduinen","2190","2190_a",FALSE,"Druk8.1","8.1 Verontreiniging via de lucht","",,,"S",
"Kustduinen","2190","2190_a",FALSE,"Druk8.2","8.2 Verontreiniging via de bodem","",,,"S",
"Kustduinen","2190","2190_a",FALSE,"Druk8.3","8.3 Verontreiniging via het grondwater","",,,"S",
"Kustduinen","2190","2190_a",FALSE,"Druk8.4","8.4 Verontreiniging via het oppervlaktewater (incl. overstromingswater)","",,,"S",
"Kustduinen","2190","2190_a",FALSE,"Druk9.3","9.3 Beweging en andere visuele verstoring","",,,"S",
"Kustduinen","2190","2190_a",FALSE,"Druk8.5","8.5 Thermische verontreiniging: toename temperatuur oppervlaktewater","",,,"P",
"Kustduinen","2190","2190_mp",FALSE,"Druk5.1","5.1 Verdroging via het grondwater","","H",1,"H",1
"Kustduinen","2190","2190_mp",FALSE,"Druk13","13 Afname bodemdynamiek (erosie, omwoeling, verstuiving)","","H",2,"H",2
"Kustduinen","2190","2190_mp",FALSE,"Druk15","15 Verlies van terrestrische connectiviteit","","H",3,"H",3
"Kustduinen","2190","2190_mp",FALSE,"Druk101","101 Klimaatverandering in droge perioden","","M",4,"M",4
"Kustduinen","2190","2190_mp",FALSE,"Druk102","102 Klimaatverandering in natte perioden","","L",5,"L",5
"Kustduinen","2190","2190_mp",FALSE,"Druk3.2","3.2 Eutrofiëring via de bodem","","L",6,"L",6
"Kustduinen","2190","2190_mp",FALSE,"Druk3.3","3.3 Eutrofiëring via het grondwater","","L",6,"L",6
"Kustduinen","2190","2190_mp",FALSE,"Druk11","11 Aanpassing van de fysische structuur naar een blijvende nieuwe toestand (bodemcompactie, verharding, herprofilering, nieuw substraat, grondverzet, ...)","","L",7,"L",7
"Kustduinen","2190","2190_mp",FALSE,"Druk3.1","3.1 Eutrofiëring via de lucht","","L",7,"L",7
"Kustduinen","2190","2190_mp",FALSE,"Druk7.3","7.3 Verzilting via het grondwater","","L",7,"L",7
"Kustduinen","2190","2190_mp",FALSE,"Druk8.1","8.1 Verontreiniging via de lucht","","L",7,"L",7
"Kustduinen","2190","2190_mp",FALSE,"Druk3.4","3.4 Eutrofiëring via het oppervlaktewater (incl. overstromingswater en afspoeling)","","L",8,"L",8
"Kustduinen","2190","2190_mp",FALSE,"Druk4.2","4.2 Verzuring via het grondwater","","L",8,"L",8
"Kustduinen","2190","2190_mp",FALSE,"Druk7.4","7.4 Verzilting via het oppervlaktewater (incl. overstromingswater)","","L",8,"L",8
"Kustduinen","2190","2190_mp",FALSE,"Druk8.3","8.3 Verontreiniging via het grondwater","","L",8,"L",8
"Kustduinen","2190","2190_mp",FALSE,"Druk12","12 Toename bodemdynamiek (erosie, omwoeling, verstuiving)","",,,"S",
"Kustduinen","2190","2190_mp",FALSE,"Druk14","14 Verlies van aquatische connectiviteit","",,,"S",
"Kustduinen","2190","2190_mp",FALSE,"Druk4.1","4.1 Verzuring via de lucht","",,,"S",
"Kustduinen","2190","2190_mp",FALSE,"Druk4.3","4.3 Verzuring via het oppervlaktewater (incl. overstromingswater)","",,,"S",
"Kustduinen","2190","2190_mp",FALSE,"Druk5.2","5.2 Vernatting via het grondwater","",,,"S",
"Kustduinen","2190","2190_mp",FALSE,"Druk61","61 Toename overstromingsduur of -frequentie (incl. getijden)","",,,"S",
"Kustduinen","2190","2190_mp",FALSE,"Druk8.2","8.2 Verontreiniging via de bodem","",,,"S",
"Kustduinen","2190","2190_mp",FALSE,"Druk8.4","8.4 Verontreiniging via het oppervlaktewater (incl. overstromingswater)","",,,"S",
"Kustduinen","2190","2190_mp",FALSE,"Druk9.3","9.3 Beweging en andere visuele verstoring","",,,"S",
"Kustduinen","2190","2190_mp",FALSE,"Druk8.5","8.5 Thermische verontreiniging: toename temperatuur oppervlaktewater","",,,"P",
"Kustduinen","2190","2190_overig",FALSE,"Druk5.1","5.1 Verdroging via het grondwater","","H",1,"H",1
"Kustduinen","2190","2190_overig",FALSE,"Druk3.2","3.2 Eutrofiëring via de bodem","","M",2,"M",2
"Kustduinen","2190","2190_overig",FALSE,"Druk102","102 Klimaatverandering in natte perioden","","L",3,"L",3
"Kustduinen","2190","2190_overig",FALSE,"Druk3.3","3.3 Eutrofiëring via het grondwater","","L",3,"L",3
"Kustduinen","2190","2190_overig",FALSE,"Druk11","11 Aanpassing van de fysische structuur naar een blijvende nieuwe toestand (bodemcompactie, verharding, herprofilering, nieuw substraat, grondverzet, ...)","","L",4,"L",4
"Kustduinen","2190","2190_overig",FALSE,"Druk3.4","3.4 Eutrofiëring via het oppervlaktewater (incl. overstromingswater en afspoeling)","","L",4,"L",4
"Kustduinen","2190","2190_overig",FALSE,"Druk7.3","7.3 Verzilting via het grondwater","","L",4,"L",4
"Kustduinen","2190","2190_overig",FALSE,"Druk12","12 Toename bodemdynamiek (erosie, omwoeling, verstuiving)","",,,"S",
"Kustduinen","2190","2190_overig",FALSE,"Druk13","13 Afname bodemdynamiek (erosie, omwoeling, verstuiving)","",,,"S",
"Kustduinen","2190","2190_overig",FALSE,"Druk14","14 Verlies van aquatische connectiviteit","",,,"S",
"Kustduinen","2190","2190_overig",FALSE,"Druk15","15 Verlies van terrestrische connectiviteit","",,,"S",
"Kustduinen","2190","2190_overig",FALSE,"Druk3.1","3.1 Eutrofiëring via de lucht","",,,"S",
"Kustduinen","2190","2190_overig",FALSE,"Druk4.1","4.1 Verzuring via de lucht","",,,"S",
"Kustduinen","2190","2190_overig",FALSE,"Druk4.2","4.2 Verzuring via het grondwater","",,,"S",
"Kustduinen","2190","2190_overig",FALSE,"Druk4.3","4.3 Verzuring via het oppervlaktewater (incl. overstromingswater)","",,,"S",
"Kustduinen","2190","2190_overig",FALSE,"Druk5.2","5.2 Vernatting via het grondwater","",,,"S",
"Kustduinen","2190","2190_overig",FALSE,"Druk61","61 Toename overstromingsduur of -frequentie (incl. getijden)","",,,"S",
"Kustduinen","2190","2190_overig",FALSE,"Druk62","62 Afname overstromingsduur of -frequentie (incl. getijden)","",,,"S",
"Kustduinen","2190","2190_overig",FALSE,"Druk7.4","7.4 Verzilting via het oppervlaktewater (incl. overstromingswater)","",,,"S",
"Kustduinen","2190","2190_overig",FALSE,"Druk8.1","8.1 Verontreiniging via de lucht","",,,"S",
"Kustduinen","2190","2190_overig",FALSE,"Druk8.2","8.2 Verontreiniging via de bodem","",,,"S",
"Kustduinen","2190","2190_overig",FALSE,"Druk8.3","8.3 Verontreiniging via het grondwater","",,,"S",
"Kustduinen","2190","2190_overig",FALSE,"Druk8.4","8.4 Verontreiniging via het oppervlaktewater (incl. overstromingswater)","",,,"S",
"Kustduinen","2190","2190_overig",FALSE,"Druk9.3","9.3 Beweging en andere visuele verstoring","",,,"S",
"Kustduinen","2190","2190_overig",FALSE,"Druk8.5","8.5 Thermische verontreiniging: toename temperatuur oppervlaktewater","",,,"P",
"Binnenlandse duinen","2310","2310",TRUE,"Druk3.1","3.1 Eutrofiëring via de lucht","","H",1,"H",1
"Binnenlandse duinen","2310","2310",TRUE,"Druk4.1","4.1 Verzuring via de lucht","","M",2,"M",2
"Binnenlandse duinen","2310","2310",TRUE,"Druk13","13 Afname bodemdynamiek (erosie, omwoeling, verstuiving)","","M",3,"M",3
"Binnenlandse duinen","2310","2310",TRUE,"Druk15","15 Verlies van terrestrische connectiviteit","","M",3,"M",3
"Binnenlandse duinen","2310","2310",TRUE,"Druk8.1","8.1 Verontreiniging via de lucht","","L",4,"L",4
"Binnenlandse duinen","2310","2310",TRUE,"Druk102","102 Klimaatverandering in natte perioden","","L",5,"L",5
"Binnenlandse duinen","2310","2310",TRUE,"Druk11","11 Aanpassing van de fysische structuur naar een blijvende nieuwe toestand (bodemcompactie, verharding, herprofilering, nieuw substraat, grondverzet, ...)","","L",5,"L",5
"Binnenlandse duinen","2310","2310",TRUE,"Druk3.2","3.2 Eutrofiëring via de bodem","","L",5,"L",5
"Binnenlandse duinen","2310","2310",TRUE,"Druk12","12 Toename bodemdynamiek (erosie, omwoeling, verstuiving)","","L",6,"L",6
"Binnenlandse duinen","2310","2310",TRUE,"Druk14","14 Verlies van aquatische connectiviteit","",,,"S",
"Binnenlandse duinen","2310","2310",TRUE,"Druk3.4","3.4 Eutrofiëring via het oppervlaktewater (incl. overstromingswater en afspoeling)","",,,"S",
"Binnenlandse duinen","2310","2310",TRUE,"Druk5.2","5.2 Vernatting via het grondwater","",,,"S",
"Binnenlandse duinen","2310","2310",TRUE,"Druk61","61 Toename overstromingsduur of -frequentie (incl. getijden)","",,,"S",
"Binnenlandse duinen","2310","2310",TRUE,"Druk7.4","7.4 Verzilting via het oppervlaktewater (incl. overstromingswater)","",,,"S",
"Binnenlandse duinen","2310","2310",TRUE,"Druk8.2","8.2 Verontreiniging via de bodem","",,,"S",
"Binnenlandse duinen","2310","2310",TRUE,"Druk8.4","8.4 Verontreiniging via het oppervlaktewater (incl. overstromingswater)","",,,"S",
"Binnenlandse duinen","2310","2310",TRUE,"Druk9.1","9.1 Geluid en trillingen","",,,"S",
"Binnenlandse duinen","2310","2310",TRUE,"Druk9.3","9.3 Beweging en andere visuele verstoring","",,,"S",
"Binnenlandse duinen","2310","2310",TRUE,"Druk8.5","8.5 Thermische verontreiniging: toename temperatuur oppervlaktewater","",,,"P",
"Binnenlandse duinen","2330","2330_bu",FALSE,"Druk13","13 Afname bodemdynamiek (erosie, omwoeling, verstuiving)","","H",1,"H",1
"Binnenlandse duinen","2330","2330_bu",FALSE,"Druk3.1","3.1 Eutrofiëring via de lucht","","H",1,"H",1
"Binnenlandse duinen","2330","2330_bu",FALSE,"Druk11","11 Aanpassing van de fysische structuur naar een blijvende nieuwe toestand (bodemcompactie, verharding, herprofilering, nieuw substraat, grondverzet, ...)","","M",2,"M",2
"Binnenlandse duinen","2330","2330_bu",FALSE,"Druk15","15 Verlies van terrestrische connectiviteit","","M",2,"M",2
"Binnenlandse duinen","2330","2330_bu",FALSE,"Druk3.2","3.2 Eutrofiëring via de bodem","","M",2,"M",2
"Binnenlandse duinen","2330","2330_bu",FALSE,"Druk4.1","4.1 Verzuring via de lucht","","L",3,"L",3
"Binnenlandse duinen","2330","2330_bu",FALSE,"Druk12","12 Toename bodemdynamiek (erosie, omwoeling, verstuiving)","",,,"S",
"Binnenlandse duinen","2330","2330_bu",FALSE,"Druk14","14 Verlies van aquatische connectiviteit","",,,"S",
"Binnenlandse duinen","2330","2330_bu",FALSE,"Druk3.4","3.4 Eutrofiëring via het oppervlaktewater (incl. overstromingswater en afspoeling)","",,,"S",
"Binnenlandse duinen","2330","2330_bu",FALSE,"Druk5.2","5.2 Vernatting via het grondwater","",,,"S",
"Binnenlandse duinen","2330","2330_bu",FALSE,"Druk61","61 Toename overstromingsduur of -frequentie (incl. getijden)","",,,"S",
"Binnenlandse duinen","2330","2330_bu",FALSE,"Druk7.4","7.4 Verzilting via het oppervlaktewater (incl. overstromingswater)","",,,"S",
"Binnenlandse duinen","2330","2330_bu",FALSE,"Druk8.1","8.1 Verontreiniging via de lucht","",,,"S",
"Binnenlandse duinen","2330","2330_bu",FALSE,"Druk8.2","8.2 Verontreiniging via de bodem","",,,"S",
"Binnenlandse duinen","2330","2330_bu",FALSE,"Druk8.4","8.4 Verontreiniging via het oppervlaktewater (incl. overstromingswater)","",,,"S",
"Binnenlandse duinen","2330","2330_bu",FALSE,"Druk9.1","9.1 Geluid en trillingen","",,,"S",
"Binnenlandse duinen","2330","2330_bu",FALSE,"Druk9.3","9.3 Beweging en andere visuele verstoring","",,,"S",
"Binnenlandse duinen","2330","2330_bu",FALSE,"Druk8.5","8.5 Thermische verontreiniging: toename temperatuur oppervlaktewater","",,,"P",
"Binnenlandse duinen","2330","2330_dw",FALSE,"Druk13","13 Afname bodemdynamiek (erosie, omwoeling, verstuiving)","","M",1,"M",1
"Binnenlandse duinen","2330","2330_dw",FALSE,"Druk3.1","3.1 Eutrofiëring via de lucht","","M",1,"M",1
"Binnenlandse duinen","2330","2330_dw",FALSE,"Druk3.2","3.2 Eutrofiëring via de bodem","","M",1,"M",1
"Binnenlandse duinen","2330","2330_dw",FALSE,"Druk11","11 Aanpassing van de fysische structuur naar een blijvende nieuwe toestand (bodemcompactie, verharding, herprofilering, nieuw substraat, grondverzet, ...)","","L",2,"L",2
"Binnenlandse duinen","2330","2330_dw",FALSE,"Druk15","15 Verlies van terrestrische connectiviteit","","L",2,"L",2
"Binnenlandse duinen","2330","2330_dw",FALSE,"Druk4.1","4.1 Verzuring via de lucht","","L",2,"L",2
"Binnenlandse duinen","2330","2330_dw",FALSE,"Druk12","12 Toename bodemdynamiek (erosie, omwoeling, verstuiving)","",,,"S",
"Binnenlandse duinen","2330","2330_dw",FALSE,"Druk14","14 Verlies van aquatische connectiviteit","",,,"S",
"Binnenlandse duinen","2330","2330_dw",FALSE,"Druk3.4","3.4 Eutrofiëring via het oppervlaktewater (incl. overstromingswater en afspoeling)","",,,"S",
"Binnenlandse duinen","2330","2330_dw",FALSE,"Druk5.2","5.2 Vernatting via het grondwater","",,,"S",
"Binnenlandse duinen","2330","2330_dw",FALSE,"Druk61","61 Toename overstromingsduur of -frequentie (incl. getijden)","",,,"S",
"Binnenlandse duinen","2330","2330_dw",FALSE,"Druk7.4","7.4 Verzilting via het oppervlaktewater (incl. overstromingswater)","",,,"S",
"Binnenlandse duinen","2330","2330_dw",FALSE,"Druk8.1","8.1 Verontreiniging via de lucht","",,,"S",
"Binnenlandse duinen","2330","2330_dw",FALSE,"Druk8.2","8.2 Verontreiniging via de bodem","",,,"S",
"Binnenlandse duinen","2330","2330_dw",FALSE,"Druk8.4","8.4 Verontreiniging via het oppervlaktewater (incl. overstromingswater)","",,,"S",
"Binnenlandse duinen","2330","2330_dw",FALSE,"Druk9.1","9.1 Geluid en trillingen","",,,"S",
"Binnenlandse duinen","2330","2330_dw",FALSE,"Druk9.3","9.3 Beweging en andere visuele verstoring","",,,"S",
"Binnenlandse duinen","2330","2330_dw",FALSE,"Druk8.5","8.5 Thermische verontreiniging: toename temperatuur oppervlaktewater","",,,"P",
"Zoete en brakke wateren","3110","3110",TRUE,"Druk3.1","3.1 Eutrofiëring via de lucht","","H",1,"H",1
"Zoete en brakke wateren","3110","3110",TRUE,"Druk3.3","3.3 Eutrofiëring via het grondwater","","H",1,"H",1
"Zoete en brakke wateren","3110","3110",TRUE,"Druk4.1","4.1 Verzuring via de lucht","","H",2,"H",2
"Zoete en brakke wateren","3110","3110",TRUE,"Druk14","14 Verlies van aquatische connectiviteit","","M",3,"M",3
"Zoete en brakke wateren","3110","3110",TRUE,"Druk3.2","3.2 Eutrofiëring via de bodem","","M",3,"M",3
"Zoete en brakke wateren","3110","3110",TRUE,"Druk3.4","3.4 Eutrofiëring via het oppervlaktewater (incl. overstromingswater en afspoeling)","","M",4,"M",4
"Zoete en brakke wateren","3110","3110",TRUE,"Druk11","11 Aanpassing van de fysische structuur naar een blijvende nieuwe toestand (bodemcompactie, verharding, herprofilering, nieuw substraat, grondverzet, ...)","","L",5,"L",5
"Zoete en brakke wateren","3110","3110",TRUE,"Druk5.1","5.1 Verdroging via het grondwater","","L",5,"L",5
"Zoete en brakke wateren","3110","3110",TRUE,"Druk8.4","8.4 Verontreiniging via het oppervlaktewater (incl. overstromingswater)","","L",5,"L",5
"Zoete en brakke wateren","3110","3110",TRUE,"Druk12","12 Toename bodemdynamiek (erosie, omwoeling, verstuiving)","","L",6,"L",6
"Zoete en brakke wateren","3110","3110",TRUE,"Druk4.2","4.2 Verzuring via het grondwater","","L",6,"L",6
"Zoete en brakke wateren","3110","3110",TRUE,"Druk66","66  Afname golfslagwerking","","L",6,"L",6
"Zoete en brakke wateren","3110","3110",TRUE,"Druk13","13 Afname bodemdynamiek (erosie, omwoeling, verstuiving)","",,,"S",
"Zoete en brakke wateren","3110","3110",TRUE,"Druk15","15 Verlies van terrestrische connectiviteit","",,,"S",
"Zoete en brakke wateren","3110","3110",TRUE,"Druk4.3","4.3 Verzuring via het oppervlaktewater (incl. overstromingswater)","",,,"S",
"Zoete en brakke wateren","3110","3110",TRUE,"Druk5.2","5.2 Vernatting via het grondwater","",,,"S",
"Zoete en brakke wateren","3110","3110",TRUE,"Druk63","63 Toename van stroomsnelheid, waterpeil en/of de fluctuatie ervan","",,,"S",
"Zoete en brakke wateren","3110","3110",TRUE,"Druk64","64 Afname van stroomsnelheid, waterpeil en/of de fluctuatie ervan","",,,"S",
"Zoete en brakke wateren","3110","3110",TRUE,"Druk65","65  Toename golfslagwerking","",,,"S",
"Zoete en brakke wateren","3110","3110",TRUE,"Druk7.3","7.3 Verzilting via het grondwater","",,,"S",
"Zoete en brakke wateren","3110","3110",TRUE,"Druk7.4","7.4 Verzilting via het oppervlaktewater (incl. overstromingswater)","",,,"S",
"Zoete en brakke wateren","3110","3110",TRUE,"Druk8.1","8.1 Verontreiniging via de lucht","",,,"S",
"Zoete en brakke wateren","3110","3110",TRUE,"Druk8.2","8.2 Verontreiniging via de bodem","",,,"S",
"Zoete en brakke wateren","3110","3110",TRUE,"Druk8.3","8.3 Verontreiniging via het grondwater","",,,"S",
"Zoete en brakke wateren","3110","3110",TRUE,"Druk9.3","9.3 Beweging en andere visuele verstoring","",,,"S",
"Zoete en brakke wateren","3110","3110",TRUE,"Druk8.5","8.5 Thermische verontreiniging: toename temperatuur oppervlaktewater","",,,"P",
"Zoete en brakke wateren","3130","3130_aom",FALSE,"Druk3.1","3.1 Eutrofiëring via de lucht","","H",1,"H",1
"Zoete en brakke wateren","3130","3130_aom",FALSE,"Druk3.3","3.3 Eutrofiëring via het grondwater","","H",1,"H",1
"Zoete en brakke wateren","3130","3130_aom",FALSE,"Druk3.4","3.4 Eutrofiëring via het oppervlaktewater (incl. overstromingswater en afspoeling)","","H",2,"H",2
"Zoete en brakke wateren","3130","3130_aom",FALSE,"Druk4.1","4.1 Verzuring via de lucht","","H",3,"H",3
"Zoete en brakke wateren","3130","3130_aom",FALSE,"Druk3.2","3.2 Eutrofiëring via de bodem","","H",4,"H",4
"Zoete en brakke wateren","3130","3130_aom",FALSE,"Druk11","11 Aanpassing van de fysische structuur naar een blijvende nieuwe toestand (bodemcompactie, verharding, herprofilering, nieuw substraat, grondverzet, ...)","","M",5,"M",5
"Zoete en brakke wateren","3130","3130_aom",FALSE,"Druk14","14 Verlies van aquatische connectiviteit","","M",6,"M",6
"Zoete en brakke wateren","3130","3130_aom",FALSE,"Druk5.1","5.1 Verdroging via het grondwater","","M",6,"M",6
"Zoete en brakke wateren","3130","3130_aom",FALSE,"Druk66","66  Afname golfslagwerking","","M",6,"M",6
"Zoete en brakke wateren","3130","3130_aom",FALSE,"Druk8.4","8.4 Verontreiniging via het oppervlaktewater (incl. overstromingswater)","","M",6,"M",6
"Zoete en brakke wateren","3130","3130_aom",FALSE,"Druk12","12 Toename bodemdynamiek (erosie, omwoeling, verstuiving)","","L",7,"L",7
"Zoete en brakke wateren","3130","3130_aom",FALSE,"Druk4.2","4.2 Verzuring via het grondwater","","L",7,"L",7
"Zoete en brakke wateren","3130","3130_aom",FALSE,"Druk8.3","8.3 Verontreiniging via het grondwater","","L",7,"L",7
"Zoete en brakke wateren","3130","3130_aom",FALSE,"Druk13","13 Afname bodemdynamiek (erosie, omwoeling, verstuiving)","",,,"S",
"Zoete en brakke wateren","3130","3130_aom",FALSE,"Druk15","15 Verlies van terrestrische connectiviteit","",,,"S",
"Zoete en brakke wateren","3130","3130_aom",FALSE,"Druk4.3","4.3 Verzuring via het oppervlaktewater (incl. overstromingswater)","",,,"S",
"Zoete en brakke wateren","3130","3130_aom",FALSE,"Druk5.2","5.2 Vernatting via het grondwater","",,,"S",
"Zoete en brakke wateren","3130","3130_aom",FALSE,"Druk63","63 Toename van stroomsnelheid, waterpeil en/of de fluctuatie ervan","",,,"S",
"Zoete en brakke wateren","3130","3130_aom",FALSE,"Druk64","64 Afname van stroomsnelheid, waterpeil en/of de fluctuatie ervan","",,,"S",
"Zoete en brakke wateren","3130","3130_aom",FALSE,"Druk65","65  Toename golfslagwerking","",,,"S",
"Zoete en brakke wateren","3130","3130_aom",FALSE,"Druk7.3","7.3 Verzilting via het grondwater","",,,"S",
"Zoete en brakke wateren","3130","3130_aom",FALSE,"Druk7.4","7.4 Verzilting via het oppervlaktewater (incl. overstromingswater)","",,,"S",
"Zoete en brakke wateren","3130","3130_aom",FALSE,"Druk8.1","8.1 Verontreiniging via de lucht","",,,"S",
"Zoete en brakke wateren","3130","3130_aom",FALSE,"Druk8.2","8.2 Verontreiniging via de bodem","",,,"S",
"Zoete en brakke wateren","3130","3130_aom",FALSE,"Druk9.3","9.3 Beweging en andere visuele verstoring","",,,"S",
"Zoete en brakke wateren","3130","3130_aom",FALSE,"Druk8.5","8.5 Thermische verontreiniging: toename temperatuur oppervlaktewater","",,,"P",
"Zoete en brakke wateren","3130","3130_na",FALSE,"Druk11","11 Aanpassing van de fysische structuur naar een blijvende nieuwe toestand (bodemcompactie, verharding, herprofilering, nieuw substraat, grondverzet, ...)","","H",1,"H",1
"Zoete en brakke wateren","3130","3130_na",FALSE,"Druk3.1","3.1 Eutrofiëring via de lucht","","H",2,"H",2
"Zoete en brakke wateren","3130","3130_na",FALSE,"Druk4.1","4.1 Verzuring via de lucht","","H",3,"H",3
"Zoete en brakke wateren","3130","3130_na",FALSE,"Druk15","15 Verlies van terrestrische connectiviteit","","M",4,"M",4
"Zoete en brakke wateren","3130","3130_na",FALSE,"Druk3.4","3.4 Eutrofiëring via het oppervlaktewater (incl. overstromingswater en afspoeling)","","M",5,"M",5
"Zoete en brakke wateren","3130","3130_na",FALSE,"Druk3.3","3.3 Eutrofiëring via het grondwater","","L",6,"L",6
"Zoete en brakke wateren","3130","3130_na",FALSE,"Druk8.4","8.4 Verontreiniging via het oppervlaktewater (incl. overstromingswater)","","L",6,"L",6
"Zoete en brakke wateren","3130","3130_na",FALSE,"Druk14","14 Verlies van aquatische connectiviteit","","L",7,"L",7
"Zoete en brakke wateren","3130","3130_na",FALSE,"Druk3.2","3.2 Eutrofiëring via de bodem","","L",7,"L",7
"Zoete en brakke wateren","3130","3130_na",FALSE,"Druk4.2","4.2 Verzuring via het grondwater","","L",7,"L",7
"Zoete en brakke wateren","3130","3130_na",FALSE,"Druk5.1","5.1 Verdroging via het grondwater","","L",7,"L",7
"Zoete en brakke wateren","3130","3130_na",FALSE,"Druk12","12 Toename bodemdynamiek (erosie, omwoeling, verstuiving)","",,,"S",
"Zoete en brakke wateren","3130","3130_na",FALSE,"Druk13","13 Afname bodemdynamiek (erosie, omwoeling, verstuiving)","",,,"S",
"Zoete en brakke wateren","3130","3130_na",FALSE,"Druk4.3","4.3 Verzuring via het oppervlaktewater (incl. overstromingswater)","",,,"S",
"Zoete en brakke wateren","3130","3130_na",FALSE,"Druk5.2","5.2 Vernatting via het grondwater","",,,"S",
"Zoete en brakke wateren","3130","3130_na",FALSE,"Druk63","63 Toename van stroomsnelheid, waterpeil en/of de fluctuatie ervan","",,,"S",
"Zoete en brakke wateren","3130","3130_na",FALSE,"Druk64","64 Afname van stroomsnelheid, waterpeil en/of de fluctuatie ervan","",,,"S",
"Zoete en brakke wateren","3130","3130_na",FALSE,"Druk65","65  Toename golfslagwerking","",,,"S",
"Zoete en brakke wateren","3130","3130_na",FALSE,"Druk66","66  Afname golfslagwerking","",,,"S",
"Zoete en brakke wateren","3130","3130_na",FALSE,"Druk7.3","7.3 Verzilting via het grondwater","",,,"S",
"Zoete en brakke wateren","3130","3130_na",FALSE,"Druk7.4","7.4 Verzilting via het oppervlaktewater (incl. overstromingswater)","",,,"S",
"Zoete en brakke wateren","3130","3130_na",FALSE,"Druk8.1","8.1 Verontreiniging via de lucht","",,,"S",
"Zoete en brakke wateren","3130","3130_na",FALSE,"Druk8.2","8.2 Verontreiniging via de bodem","",,,"S",
"Zoete en brakke wateren","3130","3130_na",FALSE,"Druk8.3","8.3 Verontreiniging via het grondwater","",,,"S",
"Zoete en brakke wateren","3130","3130_na",FALSE,"Druk9.3","9.3 Beweging en andere visuele verstoring","",,,"S",
"Zoete en brakke wateren","3130","3130_na",FALSE,"Druk8.5","8.5 Thermische verontreiniging: toename temperatuur oppervlaktewater","",,,"P",
"Zoete en brakke wateren","3140","3140",TRUE,"Druk3.4","3.4 Eutrofiëring via het oppervlaktewater (incl. overstromingswater en afspoeling)","","H",1,"H",1
"Zoete en brakke wateren","3140","3140",TRUE,"Druk3.2","3.2 Eutrofiëring via de bodem","","M",2,"M",2
"Zoete en brakke wateren","3140","3140",TRUE,"Druk3.3","3.3 Eutrofiëring via het grondwater","","M",2,"M",2
"Zoete en brakke wateren","3140","3140",TRUE,"Druk3.1","3.1 Eutrofiëring via de lucht","","L",3,"L",3
"Zoete en brakke wateren","3140","3140",TRUE,"Druk8.3","8.3 Verontreiniging via het grondwater","","L",3,"L",3
"Zoete en brakke wateren","3140","3140",TRUE,"Druk8.4","8.4 Verontreiniging via het oppervlaktewater (incl. overstromingswater)","","L",3,"L",3
"Zoete en brakke wateren","3140","3140",TRUE,"Druk11","11 Aanpassing van de fysische structuur naar een blijvende nieuwe toestand (bodemcompactie, verharding, herprofilering, nieuw substraat, grondverzet, ...)","",,,"S",
"Zoete en brakke wateren","3140","3140",TRUE,"Druk12","12 Toename bodemdynamiek (erosie, omwoeling, verstuiving)","",,,"S",
"Zoete en brakke wateren","3140","3140",TRUE,"Druk13","13 Afname bodemdynamiek (erosie, omwoeling, verstuiving)","",,,"S",
"Zoete en brakke wateren","3140","3140",TRUE,"Druk14","14 Verlies van aquatische connectiviteit","",,,"S",
"Zoete en brakke wateren","3140","3140",TRUE,"Druk15","15 Verlies van terrestrische connectiviteit","",,,"S",
"Zoete en brakke wateren","3140","3140",TRUE,"Druk4.1","4.1 Verzuring via de lucht","",,,"S",
"Zoete en brakke wateren","3140","3140",TRUE,"Druk4.2","4.2 Verzuring via het grondwater","",,,"S",
"Zoete en brakke wateren","3140","3140",TRUE,"Druk4.3","4.3 Verzuring via het oppervlaktewater (incl. overstromingswater)","",,,"S",
"Zoete en brakke wateren","3140","3140",TRUE,"Druk5.1","5.1 Verdroging via het grondwater","",,,"S",
"Zoete en brakke wateren","3140","3140",TRUE,"Druk5.2","5.2 Vernatting via het grondwater","",,,"S",
"Zoete en brakke wateren","3140","3140",TRUE,"Druk63","63 Toename van stroomsnelheid, waterpeil en/of de fluctuatie ervan","",,,"S",
"Zoete en brakke wateren","3140","3140",TRUE,"Druk64","64 Afname van stroomsnelheid, waterpeil en/of de fluctuatie ervan","",,,"S",
"Zoete en brakke wateren","3140","3140",TRUE,"Druk65","65  Toename golfslagwerking","",,,"S",
"Zoete en brakke wateren","3140","3140",TRUE,"Druk66","66  Afname golfslagwerking","",,,"S",
"Zoete en brakke wateren","3140","3140",TRUE,"Druk7.3","7.3 Verzilting via het grondwater","",,,"S",
"Zoete en brakke wateren","3140","3140",TRUE,"Druk7.4","7.4 Verzilting via het oppervlaktewater (incl. overstromingswater)","",,,"S",
"Zoete en brakke wateren","3140","3140",TRUE,"Druk8.1","8.1 Verontreiniging via de lucht","",,,"S",
"Zoete en brakke wateren","3140","3140",TRUE,"Druk8.2","8.2 Verontreiniging via de bodem","",,,"S",
"Zoete en brakke wateren","3140","3140",TRUE,"Druk9.3","9.3 Beweging en andere visuele verstoring","",,,"S",
"Zoete en brakke wateren","3140","3140",TRUE,"Druk8.5","8.5 Thermische verontreiniging: toename temperatuur oppervlaktewater","",,,"P",
"Zoete en brakke wateren","3150","3150",TRUE,"Druk3.4","3.4 Eutrofiëring via het oppervlaktewater (incl. overstromingswater en afspoeling)","","H",1,"H",1
"Zoete en brakke wateren","3150","3150",TRUE,"Druk3.3","3.3 Eutrofiëring via het grondwater","","H",2,"H",2
"Zoete en brakke wateren","3150","3150",TRUE,"Druk8.4","8.4 Verontreiniging via het oppervlaktewater (incl. overstromingswater)","","M",3,"M",3
"Zoete en brakke wateren","3150","3150",TRUE,"Druk12","12 Toename bodemdynamiek (erosie, omwoeling, verstuiving)","","M",4,"M",4
"Zoete en brakke wateren","3150","3150",TRUE,"Druk3.1","3.1 Eutrofiëring via de lucht","","M",5,"M",5
"Zoete en brakke wateren","3150","3150",TRUE,"Druk14","14 Verlies van aquatische connectiviteit","","M",6,"M",6
"Zoete en brakke wateren","3150","3150",TRUE,"Druk3.2","3.2 Eutrofiëring via de bodem","","M",6,"M",6
"Zoete en brakke wateren","3150","3150",TRUE,"Druk8.3","8.3 Verontreiniging via het grondwater","","M",6,"M",6
"Zoete en brakke wateren","3150","3150",TRUE,"Druk101","101 Klimaatverandering in droge perioden","","L",7,"L",7
"Zoete en brakke wateren","3150","3150",TRUE,"Druk102","102 Klimaatverandering in natte perioden","","L",8,"L",8
"Zoete en brakke wateren","3150","3150",TRUE,"Druk11","11 Aanpassing van de fysische structuur naar een blijvende nieuwe toestand (bodemcompactie, verharding, herprofilering, nieuw substraat, grondverzet, ...)","","L",8,"L",8
"Zoete en brakke wateren","3150","3150",TRUE,"Druk8.1","8.1 Verontreiniging via de lucht","","L",8,"L",8
"Zoete en brakke wateren","3150","3150",TRUE,"Druk13","13 Afname bodemdynamiek (erosie, omwoeling, verstuiving)","",,,"S",
"Zoete en brakke wateren","3150","3150",TRUE,"Druk15","15 Verlies van terrestrische connectiviteit","",,,"S",
"Zoete en brakke wateren","3150","3150",TRUE,"Druk4.3","4.3 Verzuring via het oppervlaktewater (incl. overstromingswater)","",,,"S",
"Zoete en brakke wateren","3150","3150",TRUE,"Druk5.1","5.1 Verdroging via het grondwater","",,,"S",
"Zoete en brakke wateren","3150","3150",TRUE,"Druk5.2","5.2 Vernatting via het grondwater","",,,"S",
"Zoete en brakke wateren","3150","3150",TRUE,"Druk63","63 Toename van stroomsnelheid, waterpeil en/of de fluctuatie ervan","",,,"S",
"Zoete en brakke wateren","3150","3150",TRUE,"Druk64","64 Afname van stroomsnelheid, waterpeil en/of de fluctuatie ervan","",,,"S",
"Zoete en brakke wateren","3150","3150",TRUE,"Druk65","65  Toename golfslagwerking","",,,"S",
"Zoete en brakke wateren","3150","3150",TRUE,"Druk66","66  Afname golfslagwerking","",,,"S",
"Zoete en brakke wateren","3150","3150",TRUE,"Druk7.3","7.3 Verzilting via het grondwater","",,,"S",
"Zoete en brakke wateren","3150","3150",TRUE,"Druk7.4","7.4 Verzilting via het oppervlaktewater (incl. overstromingswater)","",,,"S",
"Zoete en brakke wateren","3150","3150",TRUE,"Druk8.2","8.2 Verontreiniging via de bodem","",,,"S",
"Zoete en brakke wateren","3150","3150",TRUE,"Druk9.3","9.3 Beweging en andere visuele verstoring","",,,"S",
"Zoete en brakke wateren","3150","3150",TRUE,"Druk8.5","8.5 Thermische verontreiniging: toename temperatuur oppervlaktewater","",,,"P",
"Zoete en brakke wateren","3160","3160",TRUE,"Druk3.1","3.1 Eutrofiëring via de lucht","","H",1,"H",1
"Zoete en brakke wateren","3160","3160",TRUE,"Druk4.1","4.1 Verzuring via de lucht","","H",2,"H",2
"Zoete en brakke wateren","3160","3160",TRUE,"Druk5.1","5.1 Verdroging via het grondwater","","H",3,"H",3
"Zoete en brakke wateren","3160","3160",TRUE,"Druk3.3","3.3 Eutrofiëring via het grondwater","","M",4,"M",4
"Zoete en brakke wateren","3160","3160",TRUE,"Druk4.2","4.2 Verzuring via het grondwater","","M",4,"M",4
"Zoete en brakke wateren","3160","3160",TRUE,"Druk3.2","3.2 Eutrofiëring via de bodem","","L",5,"L",5
"Zoete en brakke wateren","3160","3160",TRUE,"Druk11","11 Aanpassing van de fysische structuur naar een blijvende nieuwe toestand (bodemcompactie, verharding, herprofilering, nieuw substraat, grondverzet, ...)","",,,"S",
"Zoete en brakke wateren","3160","3160",TRUE,"Druk12","12 Toename bodemdynamiek (erosie, omwoeling, verstuiving)","",,,"S",
"Zoete en brakke wateren","3160","3160",TRUE,"Druk13","13 Afname bodemdynamiek (erosie, omwoeling, verstuiving)","",,,"S",
"Zoete en brakke wateren","3160","3160",TRUE,"Druk14","14 Verlies van aquatische connectiviteit","",,,"S",
"Zoete en brakke wateren","3160","3160",TRUE,"Druk15","15 Verlies van terrestrische connectiviteit","",,,"S",
"Zoete en brakke wateren","3160","3160",TRUE,"Druk3.4","3.4 Eutrofiëring via het oppervlaktewater (incl. overstromingswater en afspoeling)","",,,"S",
"Zoete en brakke wateren","3160","3160",TRUE,"Druk4.3","4.3 Verzuring via het oppervlaktewater (incl. overstromingswater)","",,,"S",
"Zoete en brakke wateren","3160","3160",TRUE,"Druk5.2","5.2 Vernatting via het grondwater","",,,"S",
"Zoete en brakke wateren","3160","3160",TRUE,"Druk63","63 Toename van stroomsnelheid, waterpeil en/of de fluctuatie ervan","",,,"S",
"Zoete en brakke wateren","3160","3160",TRUE,"Druk64","64 Afname van stroomsnelheid, waterpeil en/of de fluctuatie ervan","",,,"S",
"Zoete en brakke wateren","3160","3160",TRUE,"Druk65","65  Toename golfslagwerking","",,,"S",
"Zoete en brakke wateren","3160","3160",TRUE,"Druk66","66  Afname golfslagwerking","",,,"S",
"Zoete en brakke wateren","3160","3160",TRUE,"Druk7.3","7.3 Verzilting via het grondwater","",,,"S",
"Zoete en brakke wateren","3160","3160",TRUE,"Druk7.4","7.4 Verzilting via het oppervlaktewater (incl. overstromingswater)","",,,"S",
"Zoete en brakke wateren","3160","3160",TRUE,"Druk8.1","8.1 Verontreiniging via de lucht","",,,"S",
"Zoete en brakke wateren","3160","3160",TRUE,"Druk8.4","8.4 Verontreiniging via het oppervlaktewater (incl. overstromingswater)","",,,"S",
"Zoete en brakke wateren","3160","3160",TRUE,"Druk9.3","9.3 Beweging en andere visuele verstoring","",,,"S",
"Zoete en brakke wateren","3160","3160",TRUE,"Druk8.5","8.5 Thermische verontreiniging: toename temperatuur oppervlaktewater","",,,"P",
"Zoete en brakke wateren","3160","3160",TRUE,"Druk9.2","9.2 Licht en straling","",,,"P",
"Zoete en brakke wateren","3260","3260",TRUE,"Druk3.4","3.4 Eutrofiëring via het oppervlaktewater (incl. overstromingswater en afspoeling)","","H",1,"H",1
"Zoete en brakke wateren","3260","3260",TRUE,"Druk3.3","3.3 Eutrofiëring via het grondwater","","H",2,"H",2
"Zoete en brakke wateren","3260","3260",TRUE,"Druk8.4","8.4 Verontreiniging via het oppervlaktewater (incl. overstromingswater)","","H",3,"H",3
"Zoete en brakke wateren","3260","3260",TRUE,"Druk11","11 Aanpassing van de fysische structuur naar een blijvende nieuwe toestand (bodemcompactie, verharding, herprofilering, nieuw substraat, grondverzet, ...)","","M",4,"M",4
"Zoete en brakke wateren","3260","3260",TRUE,"Druk12","12 Toename bodemdynamiek (erosie, omwoeling, verstuiving)","","M",4,"M",4
"Zoete en brakke wateren","3260","3260",TRUE,"Druk64","64 Afname van stroomsnelheid, waterpeil en/of de fluctuatie ervan","","M",4,"M",4
"Zoete en brakke wateren","3260","3260",TRUE,"Druk8.3","8.3 Verontreiniging via het grondwater","","M",4,"M",4
"Zoete en brakke wateren","3260","3260",TRUE,"Druk14","14 Verlies van aquatische connectiviteit","","L",5,"L",5
"Zoete en brakke wateren","3260","3260",TRUE,"Druk63","63 Toename van stroomsnelheid, waterpeil en/of de fluctuatie ervan","","L",5,"L",5
"Zoete en brakke wateren","3260","3260",TRUE,"Druk101","101 Klimaatverandering in droge perioden","","L",6,"L",6
"Zoete en brakke wateren","3260","3260",TRUE,"Druk102","102 Klimaatverandering in natte perioden","","L",6,"L",6
"Zoete en brakke wateren","3260","3260",TRUE,"Druk8.1","8.1 Verontreiniging via de lucht","","L",6,"L",6
"Zoete en brakke wateren","3260","3260",TRUE,"Druk13","13 Afname bodemdynamiek (erosie, omwoeling, verstuiving)","",,,"S",
"Zoete en brakke wateren","3260","3260",TRUE,"Druk15","15 Verlies van terrestrische connectiviteit","",,,"S",
"Zoete en brakke wateren","3260","3260",TRUE,"Druk3.2","3.2 Eutrofiëring via de bodem","",,,"S",
"Zoete en brakke wateren","3260","3260",TRUE,"Druk4.2","4.2 Verzuring via het grondwater","",,,"S",
"Zoete en brakke wateren","3260","3260",TRUE,"Druk4.3","4.3 Verzuring via het oppervlaktewater (incl. overstromingswater)","",,,"S",
"Zoete en brakke wateren","3260","3260",TRUE,"Druk5.1","5.1 Verdroging via het grondwater","",,,"S",
"Zoete en brakke wateren","3260","3260",TRUE,"Druk65","65  Toename golfslagwerking","",,,"S",
"Zoete en brakke wateren","3260","3260",TRUE,"Druk66","66  Afname golfslagwerking","",,,"S",
"Zoete en brakke wateren","3260","3260",TRUE,"Druk7.3","7.3 Verzilting via het grondwater","",,,"S",
"Zoete en brakke wateren","3260","3260",TRUE,"Druk7.4","7.4 Verzilting via het oppervlaktewater (incl. overstromingswater)","",,,"S",
"Zoete en brakke wateren","3260","3260",TRUE,"Druk8.2","8.2 Verontreiniging via de bodem","",,,"S",
"Zoete en brakke wateren","3260","3260",TRUE,"Druk9.1","9.1 Geluid en trillingen","",,,"S",
"Zoete en brakke wateren","3260","3260",TRUE,"Druk9.3","9.3 Beweging en andere visuele verstoring","",,,"S",
"Zoete en brakke wateren","3260","3260",TRUE,"Druk8.5","8.5 Thermische verontreiniging: toename temperatuur oppervlaktewater","",,,"P",
"Zoete en brakke wateren","3270","3270",TRUE,"Druk62","62 Afname overstromingsduur of -frequentie (incl. getijden)","","H",1,"H",1
"Zoete en brakke wateren","3270","3270",TRUE,"Druk63","63 Toename van stroomsnelheid, waterpeil en/of de fluctuatie ervan","","H",1,"H",1
"Zoete en brakke wateren","3270","3270",TRUE,"Druk11","11 Aanpassing van de fysische structuur naar een blijvende nieuwe toestand (bodemcompactie, verharding, herprofilering, nieuw substraat, grondverzet, ...)","","H",2,"H",2
"Zoete en brakke wateren","3270","3270",TRUE,"Druk12","12 Toename bodemdynamiek (erosie, omwoeling, verstuiving)","","H",2,"H",2
"Zoete en brakke wateren","3270","3270",TRUE,"Druk61","61 Toename overstromingsduur of -frequentie (incl. getijden)","","H",3,"H",3
"Zoete en brakke wateren","3270","3270",TRUE,"Druk101","101 Klimaatverandering in droge perioden","","M",4,"M",4
"Zoete en brakke wateren","3270","3270",TRUE,"Druk65","65  Toename golfslagwerking","","M",4,"M",4
"Zoete en brakke wateren","3270","3270",TRUE,"Druk102","102 Klimaatverandering in natte perioden","","L",5,"L",5
"Zoete en brakke wateren","3270","3270",TRUE,"Druk103","103 Klimaatverandering: zeespiegelstijging","","L",5,"L",5
"Zoete en brakke wateren","3270","3270",TRUE,"Druk15","15 Verlies van terrestrische connectiviteit","","L",5,"L",5
"Zoete en brakke wateren","3270","3270",TRUE,"Druk5.1","5.1 Verdroging via het grondwater","","L",5,"L",5
"Zoete en brakke wateren","3270","3270",TRUE,"Druk8.5","8.5 Thermische verontreiniging: toename temperatuur oppervlaktewater","","L",5,"L",5
"Zoete en brakke wateren","3270","3270",TRUE,"Druk5.2","5.2 Vernatting via het grondwater","","L",6,"L",6
"Zoete en brakke wateren","3270","3270",TRUE,"Druk7.4","7.4 Verzilting via het oppervlaktewater (incl. overstromingswater)","","L",6,"L",6
"Zoete en brakke wateren","3270","3270",TRUE,"Druk13","13 Afname bodemdynamiek (erosie, omwoeling, verstuiving)","",,,"S",
"Zoete en brakke wateren","3270","3270",TRUE,"Druk14","14 Verlies van aquatische connectiviteit","",,,"S",
"Zoete en brakke wateren","3270","3270",TRUE,"Druk64","64 Afname van stroomsnelheid, waterpeil en/of de fluctuatie ervan","",,,"S",
"Zoete en brakke wateren","3270","3270",TRUE,"Druk66","66  Afname golfslagwerking","",,,"S",
"Zoete en brakke wateren","3270","3270",TRUE,"Druk7.3","7.3 Verzilting via het grondwater","",,,"S",
"Zoete en brakke wateren","3270","3270",TRUE,"Druk8.1","8.1 Verontreiniging via de lucht","",,,"S",
"Zoete en brakke wateren","3270","3270",TRUE,"Druk8.4","8.4 Verontreiniging via het oppervlaktewater (incl. overstromingswater)","",,,"S",
"Zoete en brakke wateren","3270","3270",TRUE,"Druk9.3","9.3 Beweging en andere visuele verstoring","",,,"S",
"Zoete en brakke wateren","3270","3270",TRUE,"Druk8.2","8.2 Verontreiniging via de bodem","",,,"P",
"Zoete en brakke wateren","3270","3270",TRUE,"Druk8.3","8.3 Verontreiniging via het grondwater","",,,"P",
"Heiden","4010","4010",TRUE,"Druk3.1","3.1 Eutrofiëring via de lucht","","H",1,"H",1
"Heiden","4010","4010",TRUE,"Druk5.1","5.1 Verdroging via het grondwater","","H",1,"H",1
"Heiden","4010","4010",TRUE,"Druk4.1","4.1 Verzuring via de lucht","","H",2,"H",2
"Heiden","4010","4010",TRUE,"Druk3.2","3.2 Eutrofiëring via de bodem","","M",3,"M",3
"Heiden","4010","4010",TRUE,"Druk3.3","3.3 Eutrofiëring via het grondwater","","L",4,"L",4
"Heiden","4010","4010",TRUE,"Druk11","11 Aanpassing van de fysische structuur naar een blijvende nieuwe toestand (bodemcompactie, verharding, herprofilering, nieuw substraat, grondverzet, ...)","","L",5,"L",5
"Heiden","4010","4010",TRUE,"Druk15","15 Verlies van terrestrische connectiviteit","","L",5,"L",5
"Heiden","4010","4010",TRUE,"Druk4.2","4.2 Verzuring via het grondwater","","L",6,"L",6
"Heiden","4010","4010",TRUE,"Druk101","101 Klimaatverandering in droge perioden","","L",7,"L",7
"Heiden","4010","4010",TRUE,"Druk102","102 Klimaatverandering in natte perioden","","L",8,"L",8
"Heiden","4010","4010",TRUE,"Druk12","12 Toename bodemdynamiek (erosie, omwoeling, verstuiving)","",,,"S",
"Heiden","4010","4010",TRUE,"Druk13","13 Afname bodemdynamiek (erosie, omwoeling, verstuiving)","",,,"S",
"Heiden","4010","4010",TRUE,"Druk14","14 Verlies van aquatische connectiviteit","",,,"S",
"Heiden","4010","4010",TRUE,"Druk3.4","3.4 Eutrofiëring via het oppervlaktewater (incl. overstromingswater en afspoeling)","",,,"S",
"Heiden","4010","4010",TRUE,"Druk4.3","4.3 Verzuring via het oppervlaktewater (incl. overstromingswater)","",,,"S",
"Heiden","4010","4010",TRUE,"Druk5.2","5.2 Vernatting via het grondwater","",,,"S",
"Heiden","4010","4010",TRUE,"Druk61","61 Toename overstromingsduur of -frequentie (incl. getijden)","",,,"S",
"Heiden","4010","4010",TRUE,"Druk7.3","7.3 Verzilting via het grondwater","",,,"S",
"Heiden","4010","4010",TRUE,"Druk7.4","7.4 Verzilting via het oppervlaktewater (incl. overstromingswater)","",,,"S",
"Heiden","4010","4010",TRUE,"Druk8.1","8.1 Verontreiniging via de lucht","",,,"S",
"Heiden","4010","4010",TRUE,"Druk8.2","8.2 Verontreiniging via de bodem","",,,"S",
"Heiden","4010","4010",TRUE,"Druk8.3","8.3 Verontreiniging via het grondwater","",,,"S",
"Heiden","4010","4010",TRUE,"Druk8.4","8.4 Verontreiniging via het oppervlaktewater (incl. overstromingswater)","",,,"S",
"Heiden","4010","4010",TRUE,"Druk9.1","9.1 Geluid en trillingen","",,,"S",
"Heiden","4010","4010",TRUE,"Druk9.3","9.3 Beweging en andere visuele verstoring","",,,"S",
"Heiden","4010","4010",TRUE,"Druk8.5","8.5 Thermische verontreiniging: toename temperatuur oppervlaktewater","",,,"P",
"Heiden","4030","4030",TRUE,"Druk3.1","3.1 Eutrofiëring via de lucht","","H",1,"H",1
"Heiden","4030","4030",TRUE,"Druk4.1","4.1 Verzuring via de lucht","","H",2,"H",2
"Heiden","4030","4030",TRUE,"Druk3.2","3.2 Eutrofiëring via de bodem","","H",3,"H",3
"Heiden","4030","4030",TRUE,"Druk15","15 Verlies van terrestrische connectiviteit","","L",4,"L",4
"Heiden","4030","4030",TRUE,"Druk101","101 Klimaatverandering in droge perioden","","L",5,"L",5
"Heiden","4030","4030",TRUE,"Druk102","102 Klimaatverandering in natte perioden","","L",5,"L",5
"Heiden","4030","4030",TRUE,"Druk11","11 Aanpassing van de fysische structuur naar een blijvende nieuwe toestand (bodemcompactie, verharding, herprofilering, nieuw substraat, grondverzet, ...)","","L",5,"L",5
"Heiden","4030","4030",TRUE,"Druk12","12 Toename bodemdynamiek (erosie, omwoeling, verstuiving)","",,,"S",
"Heiden","4030","4030",TRUE,"Druk13","13 Afname bodemdynamiek (erosie, omwoeling, verstuiving)","",,,"S",
"Heiden","4030","4030",TRUE,"Druk14","14 Verlies van aquatische connectiviteit","",,,"S",
"Heiden","4030","4030",TRUE,"Druk3.4","3.4 Eutrofiëring via het oppervlaktewater (incl. overstromingswater en afspoeling)","",,,"S",
"Heiden","4030","4030",TRUE,"Druk5.2","5.2 Vernatting via het grondwater","",,,"S",
"Heiden","4030","4030",TRUE,"Druk61","61 Toename overstromingsduur of -frequentie (incl. getijden)","",,,"S",
"Heiden","4030","4030",TRUE,"Druk7.4","7.4 Verzilting via het oppervlaktewater (incl. overstromingswater)","",,,"S",
"Heiden","4030","4030",TRUE,"Druk8.1","8.1 Verontreiniging via de lucht","",,,"S",
"Heiden","4030","4030",TRUE,"Druk8.2","8.2 Verontreiniging via de bodem","",,,"S",
"Heiden","4030","4030",TRUE,"Druk8.4","8.4 Verontreiniging via het oppervlaktewater (incl. overstromingswater)","",,,"S",
"Heiden","4030","4030",TRUE,"Druk9.1","9.1 Geluid en trillingen","",,,"S",
"Heiden","4030","4030",TRUE,"Druk9.3","9.3 Beweging en andere visuele verstoring","",,,"S",
"Heiden","4030","4030",TRUE,"Druk8.5","8.5 Thermische verontreiniging: toename temperatuur oppervlaktewater","",,,"P",
"Thermofiel struikgewas","5130","5130",TRUE,"Druk15","15 Verlies van terrestrische connectiviteit","","H",1,"H",1
"Thermofiel struikgewas","5130","5130",TRUE,"Druk13","13 Afname bodemdynamiek (erosie, omwoeling, verstuiving)","","H",2,"H",2
"Thermofiel struikgewas","5130","5130",TRUE,"Druk3.1","3.1 Eutrofiëring via de lucht","","H",3,"H",3
"Thermofiel struikgewas","5130","5130",TRUE,"Druk4.1","4.1 Verzuring via de lucht","","M",4,"M",4
"Thermofiel struikgewas","5130","5130",TRUE,"Druk101","101 Klimaatverandering in droge perioden","","M",5,"M",5
"Thermofiel struikgewas","5130","5130",TRUE,"Druk102","102 Klimaatverandering in natte perioden","","M",6,"M",6
"Thermofiel struikgewas","5130","5130",TRUE,"Druk11","11 Aanpassing van de fysische structuur naar een blijvende nieuwe toestand (bodemcompactie, verharding, herprofilering, nieuw substraat, grondverzet, ...)","","L",7,"L",7
"Thermofiel struikgewas","5130","5130",TRUE,"Druk3.2","3.2 Eutrofiëring via de bodem","","L",8,"L",8
"Thermofiel struikgewas","5130","5130",TRUE,"Druk12","12 Toename bodemdynamiek (erosie, omwoeling, verstuiving)","",,,"S",
"Thermofiel struikgewas","5130","5130",TRUE,"Druk14","14 Verlies van aquatische connectiviteit","",,,"S",
"Thermofiel struikgewas","5130","5130",TRUE,"Druk3.4","3.4 Eutrofiëring via het oppervlaktewater (incl. overstromingswater en afspoeling)","",,,"S",
"Thermofiel struikgewas","5130","5130",TRUE,"Druk5.2","5.2 Vernatting via het grondwater","",,,"S",
"Thermofiel struikgewas","5130","5130",TRUE,"Druk61","61 Toename overstromingsduur of -frequentie (incl. getijden)","",,,"S",
"Thermofiel struikgewas","5130","5130",TRUE,"Druk7.4","7.4 Verzilting via het oppervlaktewater (incl. overstromingswater)","",,,"S",
"Thermofiel struikgewas","5130","5130",TRUE,"Druk8.1","8.1 Verontreiniging via de lucht","",,,"S",
"Thermofiel struikgewas","5130","5130",TRUE,"Druk8.2","8.2 Verontreiniging via de bodem","",,,"S",
"Thermofiel struikgewas","5130","5130",TRUE,"Druk8.4","8.4 Verontreiniging via het oppervlaktewater (incl. overstromingswater)","",,,"S",
"Thermofiel struikgewas","5130","5130",TRUE,"Druk9.3","9.3 Beweging en andere visuele verstoring","",,,"S",
"Thermofiel struikgewas","5130","5130",TRUE,"Druk8.5","8.5 Thermische verontreiniging: toename temperatuur oppervlaktewater","",,,"P",
"(Half-)natuurlijke graslanden","6120","6120",TRUE,"Druk62","62 Afname overstromingsduur of -frequentie (incl. getijden)","","M",5,"H",1
"(Half-)natuurlijke graslanden","6120","6120",TRUE,"Druk14","14 Verlies van aquatische connectiviteit","","M",6,"H",2
"(Half-)natuurlijke graslanden","6120","6120",TRUE,"Druk61","61 Toename overstromingsduur of -frequentie (incl. getijden)","","M",7,"H",3
"(Half-)natuurlijke graslanden","6120","6120",TRUE,"Druk3.4","3.4 Eutrofiëring via het oppervlaktewater (incl. overstromingswater en afspoeling)","","M",4,"M",4
"(Half-)natuurlijke graslanden","6120","6120",TRUE,"Druk11","11 Aanpassing van de fysische structuur naar een blijvende nieuwe toestand (bodemcompactie, verharding, herprofilering, nieuw substraat, grondverzet, ...)","","H",1,"M",5
"(Half-)natuurlijke graslanden","6120","6120",TRUE,"Druk15","15 Verlies van terrestrische connectiviteit","","H",1,"M",6
"(Half-)natuurlijke graslanden","6120","6120",TRUE,"Druk13","13 Afname bodemdynamiek (erosie, omwoeling, verstuiving)","","L",10,"M",7
"(Half-)natuurlijke graslanden","6120","6120",TRUE,"Druk3.2","3.2 Eutrofiëring via de bodem","","M",3,"L",8
"(Half-)natuurlijke graslanden","6120","6120",TRUE,"Druk3.1","3.1 Eutrofiëring via de lucht","","M",8,"L",9
"(Half-)natuurlijke graslanden","6120","6120",TRUE,"Druk4.1","4.1 Verzuring via de lucht","","L",9,"L",9
"(Half-)natuurlijke graslanden","6120","6120",TRUE,"Druk4.3","4.3 Verzuring via het oppervlaktewater (incl. overstromingswater)","","L",11,"L",10
"(Half-)natuurlijke graslanden","6120","6120",TRUE,"Druk102","102 Klimaatverandering in natte perioden","","L",12,"L",11
"(Half-)natuurlijke graslanden","6120","6120",TRUE,"Druk12","12 Toename bodemdynamiek (erosie, omwoeling, verstuiving)","","L",12,"L",11
"(Half-)natuurlijke graslanden","6120","6120",TRUE,"Druk8.1","8.1 Verontreiniging via de lucht","","L",12,"L",11
"(Half-)natuurlijke graslanden","6120","6120",TRUE,"Druk8.2","8.2 Verontreiniging via de bodem","","L",12,"L",11
"(Half-)natuurlijke graslanden","6120","6120",TRUE,"Druk8.4","8.4 Verontreiniging via het oppervlaktewater (incl. overstromingswater)","","L",12,"L",11
"(Half-)natuurlijke graslanden","6120","6120",TRUE,"Druk5.2","5.2 Vernatting via het grondwater","",,,"S",
"(Half-)natuurlijke graslanden","6120","6120",TRUE,"Druk7.4","7.4 Verzilting via het oppervlaktewater (incl. overstromingswater)","",,,"S",
"(Half-)natuurlijke graslanden","6120","6120",TRUE,"Druk9.3","9.3 Beweging en andere visuele verstoring","",,,"S",
"(Half-)natuurlijke graslanden","6120","6120",TRUE,"Druk8.5","8.5 Thermische verontreiniging: toename temperatuur oppervlaktewater","",,,"P",
"(Half-)natuurlijke graslanden","6210","6210_hk",FALSE,"Druk11","11 Aanpassing van de fysische structuur naar een blijvende nieuwe toestand (bodemcompactie, verharding, herprofilering, nieuw substraat, grondverzet, ...)","","H",1,"H",1
"(Half-)natuurlijke graslanden","6210","6210_hk",FALSE,"Druk15","15 Verlies van terrestrische connectiviteit","","H",2,"H",2
"(Half-)natuurlijke graslanden","6210","6210_hk",FALSE,"Druk3.1","3.1 Eutrofiëring via de lucht","","H",3,"H",3
"(Half-)natuurlijke graslanden","6210","6210_hk",FALSE,"Druk3.2","3.2 Eutrofiëring via de bodem","","H",4,"H",4
"(Half-)natuurlijke graslanden","6210","6210_hk",FALSE,"Druk3.4","3.4 Eutrofiëring via het oppervlaktewater (incl. overstromingswater en afspoeling)","","M",5,"M",5
"(Half-)natuurlijke graslanden","6210","6210_hk",FALSE,"Druk8.4","8.4 Verontreiniging via het oppervlaktewater (incl. overstromingswater)","","L",8,"M",6
"(Half-)natuurlijke graslanden","6210","6210_hk",FALSE,"Druk4.1","4.1 Verzuring via de lucht","","L",6,"L",7
"(Half-)natuurlijke graslanden","6210","6210_hk",FALSE,"Druk101","101 Klimaatverandering in droge perioden","","L",7,"L",8
"(Half-)natuurlijke graslanden","6210","6210_hk",FALSE,"Druk102","102 Klimaatverandering in natte perioden","","L",7,"L",8
"(Half-)natuurlijke graslanden","6210","6210_hk",FALSE,"Druk8.1","8.1 Verontreiniging via de lucht","","L",7,"L",8
"(Half-)natuurlijke graslanden","6210","6210_hk",FALSE,"Druk12","12 Toename bodemdynamiek (erosie, omwoeling, verstuiving)","","L",8,"L",9
"(Half-)natuurlijke graslanden","6210","6210_hk",FALSE,"Druk8.2","8.2 Verontreiniging via de bodem","","L",8,"L",9
"(Half-)natuurlijke graslanden","6210","6210_hk",FALSE,"Druk14","14 Verlies van aquatische connectiviteit","","L",9,"L",10
"(Half-)natuurlijke graslanden","6210","6210_hk",FALSE,"Druk5.2","5.2 Vernatting via het grondwater","","L",9,"L",10
"(Half-)natuurlijke graslanden","6210","6210_hk",FALSE,"Druk13","13 Afname bodemdynamiek (erosie, omwoeling, verstuiving)","",,,"S",
"(Half-)natuurlijke graslanden","6210","6210_hk",FALSE,"Druk61","61 Toename overstromingsduur of -frequentie (incl. getijden)","",,,"S",
"(Half-)natuurlijke graslanden","6210","6210_hk",FALSE,"Druk7.4","7.4 Verzilting via het oppervlaktewater (incl. overstromingswater)","",,,"S",
"(Half-)natuurlijke graslanden","6210","6210_hk",FALSE,"Druk9.3","9.3 Beweging en andere visuele verstoring","",,,"S",
"(Half-)natuurlijke graslanden","6210","6210_hk",FALSE,"Druk8.5","8.5 Thermische verontreiniging: toename temperatuur oppervlaktewater","",,,"P",
"(Half-)natuurlijke graslanden","6210","6210_sk",FALSE,"Druk11","11 Aanpassing van de fysische structuur naar een blijvende nieuwe toestand (bodemcompactie, verharding, herprofilering, nieuw substraat, grondverzet, ...)","","H",1,"H",1
"(Half-)natuurlijke graslanden","6210","6210_sk",FALSE,"Druk15","15 Verlies van terrestrische connectiviteit","","H",2,"H",2
"(Half-)natuurlijke graslanden","6210","6210_sk",FALSE,"Druk3.1","3.1 Eutrofiëring via de lucht","","H",3,"H",3
"(Half-)natuurlijke graslanden","6210","6210_sk",FALSE,"Druk3.2","3.2 Eutrofiëring via de bodem","","H",4,"H",4
"(Half-)natuurlijke graslanden","6210","6210_sk",FALSE,"Druk3.4","3.4 Eutrofiëring via het oppervlaktewater (incl. overstromingswater en afspoeling)","","M",5,"M",5
"(Half-)natuurlijke graslanden","6210","6210_sk",FALSE,"Druk8.4","8.4 Verontreiniging via het oppervlaktewater (incl. overstromingswater)","","L",8,"M",6
"(Half-)natuurlijke graslanden","6210","6210_sk",FALSE,"Druk4.1","4.1 Verzuring via de lucht","","L",6,"L",7
"(Half-)natuurlijke graslanden","6210","6210_sk",FALSE,"Druk101","101 Klimaatverandering in droge perioden","","L",7,"L",8
"(Half-)natuurlijke graslanden","6210","6210_sk",FALSE,"Druk102","102 Klimaatverandering in natte perioden","","L",7,"L",8
"(Half-)natuurlijke graslanden","6210","6210_sk",FALSE,"Druk8.1","8.1 Verontreiniging via de lucht","","L",7,"L",8
"(Half-)natuurlijke graslanden","6210","6210_sk",FALSE,"Druk12","12 Toename bodemdynamiek (erosie, omwoeling, verstuiving)","","L",8,"L",9
"(Half-)natuurlijke graslanden","6210","6210_sk",FALSE,"Druk8.2","8.2 Verontreiniging via de bodem","","L",8,"L",9
"(Half-)natuurlijke graslanden","6210","6210_sk",FALSE,"Druk14","14 Verlies van aquatische connectiviteit","","L",9,"L",10
"(Half-)natuurlijke graslanden","6210","6210_sk",FALSE,"Druk5.2","5.2 Vernatting via het grondwater","","L",9,"L",10
"(Half-)natuurlijke graslanden","6210","6210_sk",FALSE,"Druk13","13 Afname bodemdynamiek (erosie, omwoeling, verstuiving)","",,,"S",
"(Half-)natuurlijke graslanden","6210","6210_sk",FALSE,"Druk61","61 Toename overstromingsduur of -frequentie (incl. getijden)","",,,"S",
"(Half-)natuurlijke graslanden","6210","6210_sk",FALSE,"Druk7.4","7.4 Verzilting via het oppervlaktewater (incl. overstromingswater)","",,,"S",
"(Half-)natuurlijke graslanden","6210","6210_sk",FALSE,"Druk9.3","9.3 Beweging en andere visuele verstoring","",,,"S",
"(Half-)natuurlijke graslanden","6210","6210_sk",FALSE,"Druk8.5","8.5 Thermische verontreiniging: toename temperatuur oppervlaktewater","",,,"P",
"(Half-)natuurlijke graslanden","6230","6230_ha",FALSE,"Druk3.1","3.1 Eutrofiëring via de lucht","","H",1,"H",1
"(Half-)natuurlijke graslanden","6230","6230_ha",FALSE,"Druk3.2","3.2 Eutrofiëring via de bodem","","H",2,"H",2
"(Half-)natuurlijke graslanden","6230","6230_ha",FALSE,"Druk15","15 Verlies van terrestrische connectiviteit","","H",3,"H",3
"(Half-)natuurlijke graslanden","6230","6230_ha",FALSE,"Druk11","11 Aanpassing van de fysische structuur naar een blijvende nieuwe toestand (bodemcompactie, verharding, herprofilering, nieuw substraat, grondverzet, ...)","","M",4,"M",4
"(Half-)natuurlijke graslanden","6230","6230_ha",FALSE,"Druk4.1","4.1 Verzuring via de lucht","","M",5,"M",5
"(Half-)natuurlijke graslanden","6230","6230_ha",FALSE,"Druk8.1","8.1 Verontreiniging via de lucht","","L",6,"L",6
"(Half-)natuurlijke graslanden","6230","6230_ha",FALSE,"Druk8.2","8.2 Verontreiniging via de bodem","","L",6,"L",6
"(Half-)natuurlijke graslanden","6230","6230_ha",FALSE,"Druk101","101 Klimaatverandering in droge perioden","","L",7,"L",7
"(Half-)natuurlijke graslanden","6230","6230_ha",FALSE,"Druk102","102 Klimaatverandering in natte perioden","","L",7,"L",7
"(Half-)natuurlijke graslanden","6230","6230_ha",FALSE,"Druk12","12 Toename bodemdynamiek (erosie, omwoeling, verstuiving)","","L",7,"L",7
"(Half-)natuurlijke graslanden","6230","6230_ha",FALSE,"Druk3.4","3.4 Eutrofiëring via het oppervlaktewater (incl. overstromingswater en afspoeling)","","L",7,"L",7
"(Half-)natuurlijke graslanden","6230","6230_ha",FALSE,"Druk8.4","8.4 Verontreiniging via het oppervlaktewater (incl. overstromingswater)","","L",7,"L",7
"(Half-)natuurlijke graslanden","6230","6230_ha",FALSE,"Druk14","14 Verlies van aquatische connectiviteit","","L",8,"L",8
"(Half-)natuurlijke graslanden","6230","6230_ha",FALSE,"Druk5.2","5.2 Vernatting via het grondwater","","L",8,"L",8
"(Half-)natuurlijke graslanden","6230","6230_ha",FALSE,"Druk13","13 Afname bodemdynamiek (erosie, omwoeling, verstuiving)","",,,"S",
"(Half-)natuurlijke graslanden","6230","6230_ha",FALSE,"Druk61","61 Toename overstromingsduur of -frequentie (incl. getijden)","",,,"S",
"(Half-)natuurlijke graslanden","6230","6230_ha",FALSE,"Druk7.4","7.4 Verzilting via het oppervlaktewater (incl. overstromingswater)","",,,"S",
"(Half-)natuurlijke graslanden","6230","6230_ha",FALSE,"Druk9.3","9.3 Beweging en andere visuele verstoring","",,,"S",
"(Half-)natuurlijke graslanden","6230","6230_ha",FALSE,"Druk8.5","8.5 Thermische verontreiniging: toename temperatuur oppervlaktewater","",,,"P",
"(Half-)natuurlijke graslanden","6230","6230_hmo",FALSE,"Druk15","15 Verlies van terrestrische connectiviteit","","H",1,"H",1
"(Half-)natuurlijke graslanden","6230","6230_hmo",FALSE,"Druk3.1","3.1 Eutrofiëring via de lucht","","H",2,"H",2
"(Half-)natuurlijke graslanden","6230","6230_hmo",FALSE,"Druk3.2","3.2 Eutrofiëring via de bodem","","H",2,"H",2
"(Half-)natuurlijke graslanden","6230","6230_hmo",FALSE,"Druk3.3","3.3 Eutrofiëring via het grondwater","","H",2,"H",2
"(Half-)natuurlijke graslanden","6230","6230_hmo",FALSE,"Druk11","11 Aanpassing van de fysische structuur naar een blijvende nieuwe toestand (bodemcompactie, verharding, herprofilering, nieuw substraat, grondverzet, ...)","","M",3,"M",3
"(Half-)natuurlijke graslanden","6230","6230_hmo",FALSE,"Druk5.1","5.1 Verdroging via het grondwater","","M",4,"M",4
"(Half-)natuurlijke graslanden","6230","6230_hmo",FALSE,"Druk3.4","3.4 Eutrofiëring via het oppervlaktewater (incl. overstromingswater en afspoeling)","","L",5,"L",5
"(Half-)natuurlijke graslanden","6230","6230_hmo",FALSE,"Druk8.4","8.4 Verontreiniging via het oppervlaktewater (incl. overstromingswater)","","L",6,"L",6
"(Half-)natuurlijke graslanden","6230","6230_hmo",FALSE,"Druk4.1","4.1 Verzuring via de lucht","","L",7,"L",7
"(Half-)natuurlijke graslanden","6230","6230_hmo",FALSE,"Druk101","101 Klimaatverandering in droge perioden","","L",8,"L",8
"(Half-)natuurlijke graslanden","6230","6230_hmo",FALSE,"Druk4.2","4.2 Verzuring via het grondwater","","L",8,"L",8
"(Half-)natuurlijke graslanden","6230","6230_hmo",FALSE,"Druk102","102 Klimaatverandering in natte perioden","","L",9,"L",9
"(Half-)natuurlijke graslanden","6230","6230_hmo",FALSE,"Druk5.2","5.2 Vernatting via het grondwater","","L",9,"L",9
"(Half-)natuurlijke graslanden","6230","6230_hmo",FALSE,"Druk8.1","8.1 Verontreiniging via de lucht","","L",9,"L",9
"(Half-)natuurlijke graslanden","6230","6230_hmo",FALSE,"Druk8.2","8.2 Verontreiniging via de bodem","","L",9,"L",9
"(Half-)natuurlijke graslanden","6230","6230_hmo",FALSE,"Druk8.3","8.3 Verontreiniging via het grondwater","","L",9,"L",9
"(Half-)natuurlijke graslanden","6230","6230_hmo",FALSE,"Druk12","12 Toename bodemdynamiek (erosie, omwoeling, verstuiving)","","L",10,"L",10
"(Half-)natuurlijke graslanden","6230","6230_hmo",FALSE,"Druk4.3","4.3 Verzuring via het oppervlaktewater (incl. overstromingswater)","","L",10,"L",10
"(Half-)natuurlijke graslanden","6230","6230_hmo",FALSE,"Druk61","61 Toename overstromingsduur of -frequentie (incl. getijden)","","L",11,"L",11
"(Half-)natuurlijke graslanden","6230","6230_hmo",FALSE,"Druk14","14 Verlies van aquatische connectiviteit","","L",12,"L",12
"(Half-)natuurlijke graslanden","6230","6230_hmo",FALSE,"Druk13","13 Afname bodemdynamiek (erosie, omwoeling, verstuiving)","",,,"S",
"(Half-)natuurlijke graslanden","6230","6230_hmo",FALSE,"Druk7.3","7.3 Verzilting via het grondwater","",,,"S",
"(Half-)natuurlijke graslanden","6230","6230_hmo",FALSE,"Druk7.4","7.4 Verzilting via het oppervlaktewater (incl. overstromingswater)","",,,"S",
"(Half-)natuurlijke graslanden","6230","6230_hmo",FALSE,"Druk9.3","9.3 Beweging en andere visuele verstoring","",,,"S",
"(Half-)natuurlijke graslanden","6230","6230_hmo",FALSE,"Druk8.5","8.5 Thermische verontreiniging: toename temperatuur oppervlaktewater","",,,"P",
"(Half-)natuurlijke graslanden","6230","6230_hn",FALSE,"Druk3.1","3.1 Eutrofiëring via de lucht","","H",1,"H",1
"(Half-)natuurlijke graslanden","6230","6230_hn",FALSE,"Druk15","15 Verlies van terrestrische connectiviteit","","H",2,"H",2
"(Half-)natuurlijke graslanden","6230","6230_hn",FALSE,"Druk3.2","3.2 Eutrofiëring via de bodem","","H",3,"H",3
"(Half-)natuurlijke graslanden","6230","6230_hn",FALSE,"Druk11","11 Aanpassing van de fysische structuur naar een blijvende nieuwe toestand (bodemcompactie, verharding, herprofilering, nieuw substraat, grondverzet, ...)","","M",4,"M",4
"(Half-)natuurlijke graslanden","6230","6230_hn",FALSE,"Druk4.1","4.1 Verzuring via de lucht","","M",5,"M",5
"(Half-)natuurlijke graslanden","6230","6230_hn",FALSE,"Druk8.1","8.1 Verontreiniging via de lucht","","L",6,"L",6
"(Half-)natuurlijke graslanden","6230","6230_hn",FALSE,"Druk8.2","8.2 Verontreiniging via de bodem","","L",6,"L",6
"(Half-)natuurlijke graslanden","6230","6230_hn",FALSE,"Druk101","101 Klimaatverandering in droge perioden","","L",7,"L",7
"(Half-)natuurlijke graslanden","6230","6230_hn",FALSE,"Druk102","102 Klimaatverandering in natte perioden","","L",7,"L",7
"(Half-)natuurlijke graslanden","6230","6230_hn",FALSE,"Druk12","12 Toename bodemdynamiek (erosie, omwoeling, verstuiving)","","L",7,"L",7
"(Half-)natuurlijke graslanden","6230","6230_hn",FALSE,"Druk3.4","3.4 Eutrofiëring via het oppervlaktewater (incl. overstromingswater en afspoeling)","","L",7,"L",7
"(Half-)natuurlijke graslanden","6230","6230_hn",FALSE,"Druk8.4","8.4 Verontreiniging via het oppervlaktewater (incl. overstromingswater)","","L",7,"L",7
"(Half-)natuurlijke graslanden","6230","6230_hn",FALSE,"Druk14","14 Verlies van aquatische connectiviteit","","L",8,"L",8
"(Half-)natuurlijke graslanden","6230","6230_hn",FALSE,"Druk5.2","5.2 Vernatting via het grondwater","","L",8,"L",8
"(Half-)natuurlijke graslanden","6230","6230_hn",FALSE,"Druk13","13 Afname bodemdynamiek (erosie, omwoeling, verstuiving)","",,,"S",
"(Half-)natuurlijke graslanden","6230","6230_hn",FALSE,"Druk61","61 Toename overstromingsduur of -frequentie (incl. getijden)","",,,"S",
"(Half-)natuurlijke graslanden","6230","6230_hn",FALSE,"Druk7.4","7.4 Verzilting via het oppervlaktewater (incl. overstromingswater)","",,,"S",
"(Half-)natuurlijke graslanden","6230","6230_hn",FALSE,"Druk9.3","9.3 Beweging en andere visuele verstoring","",,,"S",
"(Half-)natuurlijke graslanden","6230","6230_hn",FALSE,"Druk8.5","8.5 Thermische verontreiniging: toename temperatuur oppervlaktewater","",,,"P",
"(Half-)natuurlijke graslanden","6230","6230_hnk",FALSE,"Druk11","11 Aanpassing van de fysische structuur naar een blijvende nieuwe toestand (bodemcompactie, verharding, herprofilering, nieuw substraat, grondverzet, ...)","","H",1,"H",1
"(Half-)natuurlijke graslanden","6230","6230_hnk",FALSE,"Druk15","15 Verlies van terrestrische connectiviteit","","H",2,"H",2
"(Half-)natuurlijke graslanden","6230","6230_hnk",FALSE,"Druk3.1","3.1 Eutrofiëring via de lucht","","H",3,"H",3
"(Half-)natuurlijke graslanden","6230","6230_hnk",FALSE,"Druk3.2","3.2 Eutrofiëring via de bodem","","H",4,"H",4
"(Half-)natuurlijke graslanden","6230","6230_hnk",FALSE,"Druk3.4","3.4 Eutrofiëring via het oppervlaktewater (incl. overstromingswater en afspoeling)","","M",5,"M",5
"(Half-)natuurlijke graslanden","6230","6230_hnk",FALSE,"Druk8.4","8.4 Verontreiniging via het oppervlaktewater (incl. overstromingswater)","","L",7,"M",6
"(Half-)natuurlijke graslanden","6230","6230_hnk",FALSE,"Druk101","101 Klimaatverandering in droge perioden","","L",6,"L",7
"(Half-)natuurlijke graslanden","6230","6230_hnk",FALSE,"Druk102","102 Klimaatverandering in natte perioden","","L",6,"L",7
"(Half-)natuurlijke graslanden","6230","6230_hnk",FALSE,"Druk12","12 Toename bodemdynamiek (erosie, omwoeling, verstuiving)","","L",6,"L",7
"(Half-)natuurlijke graslanden","6230","6230_hnk",FALSE,"Druk4.1","4.1 Verzuring via de lucht","","L",6,"L",7
"(Half-)natuurlijke graslanden","6230","6230_hnk",FALSE,"Druk8.1","8.1 Verontreiniging via de lucht","","L",6,"L",7
"(Half-)natuurlijke graslanden","6230","6230_hnk",FALSE,"Druk8.2","8.2 Verontreiniging via de bodem","","L",7,"L",8
"(Half-)natuurlijke graslanden","6230","6230_hnk",FALSE,"Druk14","14 Verlies van aquatische connectiviteit","","L",8,"L",9
"(Half-)natuurlijke graslanden","6230","6230_hnk",FALSE,"Druk5.2","5.2 Vernatting via het grondwater","","L",8,"L",9
"(Half-)natuurlijke graslanden","6230","6230_hnk",FALSE,"Druk13","13 Afname bodemdynamiek (erosie, omwoeling, verstuiving)","",,,"S",
"(Half-)natuurlijke graslanden","6230","6230_hnk",FALSE,"Druk61","61 Toename overstromingsduur of -frequentie (incl. getijden)","",,,"S",
"(Half-)natuurlijke graslanden","6230","6230_hnk",FALSE,"Druk7.4","7.4 Verzilting via het oppervlaktewater (incl. overstromingswater)","",,,"S",
"(Half-)natuurlijke graslanden","6230","6230_hnk",FALSE,"Druk9.3","9.3 Beweging en andere visuele verstoring","",,,"S",
"(Half-)natuurlijke graslanden","6230","6230_hnk",FALSE,"Druk8.5","8.5 Thermische verontreiniging: toename temperatuur oppervlaktewater","",,,"P",
"(Half-)natuurlijke graslanden","6410","6410_mo",FALSE,"Druk5.1","5.1 Verdroging via het grondwater","","H",1,"H",1
"(Half-)natuurlijke graslanden","6410","6410_mo",FALSE,"Druk15","15 Verlies van terrestrische connectiviteit","","H",2,"H",2
"(Half-)natuurlijke graslanden","6410","6410_mo",FALSE,"Druk11","11 Aanpassing van de fysische structuur naar een blijvende nieuwe toestand (bodemcompactie, verharding, herprofilering, nieuw substraat, grondverzet, ...)","","H",3,"H",3
"(Half-)natuurlijke graslanden","6410","6410_mo",FALSE,"Druk3.1","3.1 Eutrofiëring via de lucht","","H",3,"H",3
"(Half-)natuurlijke graslanden","6410","6410_mo",FALSE,"Druk3.3","3.3 Eutrofiëring via het grondwater","","M",4,"M",4
"(Half-)natuurlijke graslanden","6410","6410_mo",FALSE,"Druk3.2","3.2 Eutrofiëring via de bodem","","M",5,"M",5
"(Half-)natuurlijke graslanden","6410","6410_mo",FALSE,"Druk4.2","4.2 Verzuring via het grondwater","","M",6,"M",6
"(Half-)natuurlijke graslanden","6410","6410_mo",FALSE,"Druk3.4","3.4 Eutrofiëring via het oppervlaktewater (incl. overstromingswater en afspoeling)","","M",7,"M",7
"(Half-)natuurlijke graslanden","6410","6410_mo",FALSE,"Druk61","61 Toename overstromingsduur of -frequentie (incl. getijden)","","L",8,"L",8
"(Half-)natuurlijke graslanden","6410","6410_mo",FALSE,"Druk4.1","4.1 Verzuring via de lucht","","L",9,"L",9
"(Half-)natuurlijke graslanden","6410","6410_mo",FALSE,"Druk5.2","5.2 Vernatting via het grondwater","","L",9,"L",9
"(Half-)natuurlijke graslanden","6410","6410_mo",FALSE,"Druk101","101 Klimaatverandering in droge perioden","","L",10,"L",10
"(Half-)natuurlijke graslanden","6410","6410_mo",FALSE,"Druk102","102 Klimaatverandering in natte perioden","","L",10,"L",10
"(Half-)natuurlijke graslanden","6410","6410_mo",FALSE,"Druk8.4","8.4 Verontreiniging via het oppervlaktewater (incl. overstromingswater)","","L",10,"L",10
"(Half-)natuurlijke graslanden","6410","6410_mo",FALSE,"Druk12","12 Toename bodemdynamiek (erosie, omwoeling, verstuiving)","","L",11,"L",11
"(Half-)natuurlijke graslanden","6410","6410_mo",FALSE,"Druk14","14 Verlies van aquatische connectiviteit","","L",11,"L",11
"(Half-)natuurlijke graslanden","6410","6410_mo",FALSE,"Druk8.1","8.1 Verontreiniging via de lucht","","L",11,"L",11
"(Half-)natuurlijke graslanden","6410","6410_mo",FALSE,"Druk8.2","8.2 Verontreiniging via de bodem","","L",11,"L",11
"(Half-)natuurlijke graslanden","6410","6410_mo",FALSE,"Druk8.3","8.3 Verontreiniging via het grondwater","","L",12,"L",12
"(Half-)natuurlijke graslanden","6410","6410_mo",FALSE,"Druk13","13 Afname bodemdynamiek (erosie, omwoeling, verstuiving)","",,,"S",
"(Half-)natuurlijke graslanden","6410","6410_mo",FALSE,"Druk7.3","7.3 Verzilting via het grondwater","",,,"S",
"(Half-)natuurlijke graslanden","6410","6410_mo",FALSE,"Druk7.4","7.4 Verzilting via het oppervlaktewater (incl. overstromingswater)","",,,"S",
"(Half-)natuurlijke graslanden","6410","6410_mo",FALSE,"Druk9.3","9.3 Beweging en andere visuele verstoring","",,,"S",
"(Half-)natuurlijke graslanden","6410","6410_mo",FALSE,"Druk8.5","8.5 Thermische verontreiniging: toename temperatuur oppervlaktewater","",,,"P",
"(Half-)natuurlijke graslanden","6410","6410_ve",FALSE,"Druk5.1","5.1 Verdroging via het grondwater","","H",1,"H",1
"(Half-)natuurlijke graslanden","6410","6410_ve",FALSE,"Druk15","15 Verlies van terrestrische connectiviteit","","H",2,"H",2
"(Half-)natuurlijke graslanden","6410","6410_ve",FALSE,"Druk3.4","3.4 Eutrofiëring via het oppervlaktewater (incl. overstromingswater en afspoeling)","","H",3,"H",3
"(Half-)natuurlijke graslanden","6410","6410_ve",FALSE,"Druk11","11 Aanpassing van de fysische structuur naar een blijvende nieuwe toestand (bodemcompactie, verharding, herprofilering, nieuw substraat, grondverzet, ...)","","M",4,"M",4
"(Half-)natuurlijke graslanden","6410","6410_ve",FALSE,"Druk3.1","3.1 Eutrofiëring via de lucht","","M",5,"M",5
"(Half-)natuurlijke graslanden","6410","6410_ve",FALSE,"Druk3.2","3.2 Eutrofiëring via de bodem","","M",5,"M",5
"(Half-)natuurlijke graslanden","6410","6410_ve",FALSE,"Druk3.3","3.3 Eutrofiëring via het grondwater","","M",6,"M",6
"(Half-)natuurlijke graslanden","6410","6410_ve",FALSE,"Druk61","61 Toename overstromingsduur of -frequentie (incl. getijden)","","L",7,"L",7
"(Half-)natuurlijke graslanden","6410","6410_ve",FALSE,"Druk4.1","4.1 Verzuring via de lucht","","L",8,"L",8
"(Half-)natuurlijke graslanden","6410","6410_ve",FALSE,"Druk4.2","4.2 Verzuring via het grondwater","","L",8,"L",8
"(Half-)natuurlijke graslanden","6410","6410_ve",FALSE,"Druk5.2","5.2 Vernatting via het grondwater","","L",8,"L",8
"(Half-)natuurlijke graslanden","6410","6410_ve",FALSE,"Druk8.3","8.3 Verontreiniging via het grondwater","","L",9,"L",9
"(Half-)natuurlijke graslanden","6410","6410_ve",FALSE,"Druk8.4","8.4 Verontreiniging via het oppervlaktewater (incl. overstromingswater)","","L",9,"L",9
"(Half-)natuurlijke graslanden","6410","6410_ve",FALSE,"Druk12","12 Toename bodemdynamiek (erosie, omwoeling, verstuiving)","",,,"S",
"(Half-)natuurlijke graslanden","6410","6410_ve",FALSE,"Druk13","13 Afname bodemdynamiek (erosie, omwoeling, verstuiving)","",,,"S",
"(Half-)natuurlijke graslanden","6410","6410_ve",FALSE,"Druk14","14 Verlies van aquatische connectiviteit","",,,"S",
"(Half-)natuurlijke graslanden","6410","6410_ve",FALSE,"Druk7.3","7.3 Verzilting via het grondwater","",,,"S",
"(Half-)natuurlijke graslanden","6410","6410_ve",FALSE,"Druk7.4","7.4 Verzilting via het oppervlaktewater (incl. overstromingswater)","",,,"S",
"(Half-)natuurlijke graslanden","6410","6410_ve",FALSE,"Druk8.1","8.1 Verontreiniging via de lucht","",,,"S",
"(Half-)natuurlijke graslanden","6410","6410_ve",FALSE,"Druk8.2","8.2 Verontreiniging via de bodem","",,,"S",
"(Half-)natuurlijke graslanden","6410","6410_ve",FALSE,"Druk9.3","9.3 Beweging en andere visuele verstoring","",,,"S",
"(Half-)natuurlijke graslanden","6410","6410_ve",FALSE,"Druk8.5","8.5 Thermische verontreiniging: toename temperatuur oppervlaktewater","",,,"P",
"(Half-)natuurlijke graslanden","6430","6430_bz",FALSE,"Druk11","11 Aanpassing van de fysische structuur naar een blijvende nieuwe toestand (bodemcompactie, verharding, herprofilering, nieuw substraat, grondverzet, ...)","","M",1,"M",1
"(Half-)natuurlijke graslanden","6430","6430_bz",FALSE,"Druk3.1","3.1 Eutrofiëring via de lucht","","M",2,"M",2
"(Half-)natuurlijke graslanden","6430","6430_bz",FALSE,"Druk4.1","4.1 Verzuring via de lucht","","M",3,"M",3
"(Half-)natuurlijke graslanden","6430","6430_bz",FALSE,"Druk15","15 Verlies van terrestrische connectiviteit","","L",4,"L",4
"(Half-)natuurlijke graslanden","6430","6430_bz",FALSE,"Druk101","101 Klimaatverandering in droge perioden","","L",5,"L",5
"(Half-)natuurlijke graslanden","6430","6430_bz",FALSE,"Druk102","102 Klimaatverandering in natte perioden","","L",5,"L",5
"(Half-)natuurlijke graslanden","6430","6430_bz",FALSE,"Druk12","12 Toename bodemdynamiek (erosie, omwoeling, verstuiving)","","L",5,"L",5
"(Half-)natuurlijke graslanden","6430","6430_bz",FALSE,"Druk3.2","3.2 Eutrofiëring via de bodem","","L",5,"L",5
"(Half-)natuurlijke graslanden","6430","6430_bz",FALSE,"Druk3.4","3.4 Eutrofiëring via het oppervlaktewater (incl. overstromingswater en afspoeling)","","L",5,"L",5
"(Half-)natuurlijke graslanden","6430","6430_bz",FALSE,"Druk4.2","4.2 Verzuring via het grondwater","","L",5,"L",5
"(Half-)natuurlijke graslanden","6430","6430_bz",FALSE,"Druk4.3","4.3 Verzuring via het oppervlaktewater (incl. overstromingswater)","","L",5,"L",5
"(Half-)natuurlijke graslanden","6430","6430_bz",FALSE,"Druk8.2","8.2 Verontreiniging via de bodem","","L",5,"L",5
"(Half-)natuurlijke graslanden","6430","6430_bz",FALSE,"Druk14","14 Verlies van aquatische connectiviteit","","L",6,"L",6
"(Half-)natuurlijke graslanden","6430","6430_bz",FALSE,"Druk5.1","5.1 Verdroging via het grondwater","","L",6,"L",6
"(Half-)natuurlijke graslanden","6430","6430_bz",FALSE,"Druk5.2","5.2 Vernatting via het grondwater","","L",6,"L",6
"(Half-)natuurlijke graslanden","6430","6430_bz",FALSE,"Druk8.1","8.1 Verontreiniging via de lucht","","L",6,"L",6
"(Half-)natuurlijke graslanden","6430","6430_bz",FALSE,"Druk8.4","8.4 Verontreiniging via het oppervlaktewater (incl. overstromingswater)","","L",6,"L",6
"(Half-)natuurlijke graslanden","6430","6430_bz",FALSE,"Druk13","13 Afname bodemdynamiek (erosie, omwoeling, verstuiving)","",,,"S",
"(Half-)natuurlijke graslanden","6430","6430_bz",FALSE,"Druk61","61 Toename overstromingsduur of -frequentie (incl. getijden)","",,,"S",
"(Half-)natuurlijke graslanden","6430","6430_bz",FALSE,"Druk62","62 Afname overstromingsduur of -frequentie (incl. getijden)","",,,"S",
"(Half-)natuurlijke graslanden","6430","6430_bz",FALSE,"Druk7.3","7.3 Verzilting via het grondwater","",,,"S",
"(Half-)natuurlijke graslanden","6430","6430_bz",FALSE,"Druk7.4","7.4 Verzilting via het oppervlaktewater (incl. overstromingswater)","",,,"S",
"(Half-)natuurlijke graslanden","6430","6430_bz",FALSE,"Druk8.3","8.3 Verontreiniging via het grondwater","",,,"S",
"(Half-)natuurlijke graslanden","6430","6430_bz",FALSE,"Druk9.3","9.3 Beweging en andere visuele verstoring","",,,"S",
"(Half-)natuurlijke graslanden","6430","6430_bz",FALSE,"Druk8.5","8.5 Thermische verontreiniging: toename temperatuur oppervlaktewater","",,,"P",
"(Half-)natuurlijke graslanden","6430","6430_hf",FALSE,"Druk11","11 Aanpassing van de fysische structuur naar een blijvende nieuwe toestand (bodemcompactie, verharding, herprofilering, nieuw substraat, grondverzet, ...)","","H",1,"H",1
"(Half-)natuurlijke graslanden","6430","6430_hf",FALSE,"Druk5.1","5.1 Verdroging via het grondwater","","H",2,"H",2
"(Half-)natuurlijke graslanden","6430","6430_hf",FALSE,"Druk3.4","3.4 Eutrofiëring via het oppervlaktewater (incl. overstromingswater en afspoeling)","BEHOUD","H",3,"H",3
"(Half-)natuurlijke graslanden","6430","6430_hf",FALSE,"Druk15","15 Verlies van terrestrische connectiviteit","","M",4,"M",4
"(Half-)natuurlijke graslanden","6430","6430_hf",FALSE,"Druk3.2","3.2 Eutrofiëring via de bodem","BEHOUD","M",5,"M",5
"(Half-)natuurlijke graslanden","6430","6430_hf",FALSE,"Druk3.3","3.3 Eutrofiëring via het grondwater","BEHOUD","M",6,"M",6
"(Half-)natuurlijke graslanden","6430","6430_hf",FALSE,"Druk14","14 Verlies van aquatische connectiviteit","","L",7,"L",7
"(Half-)natuurlijke graslanden","6430","6430_hf",FALSE,"Druk8.4","8.4 Verontreiniging via het oppervlaktewater (incl. overstromingswater)","","L",8,"L",8
"(Half-)natuurlijke graslanden","6430","6430_hf",FALSE,"Druk61","61 Toename overstromingsduur of -frequentie (incl. getijden)","","L",9,"L",9
"(Half-)natuurlijke graslanden","6430","6430_hf",FALSE,"Druk4.2","4.2 Verzuring via het grondwater","","L",11,"L",10
"(Half-)natuurlijke graslanden","6430","6430_hf",FALSE,"Druk101","101 Klimaatverandering in droge perioden","","L",12,"L",11
"(Half-)natuurlijke graslanden","6430","6430_hf",FALSE,"Druk102","102 Klimaatverandering in natte perioden","","L",12,"L",11
"(Half-)natuurlijke graslanden","6430","6430_hf",FALSE,"Druk12","12 Toename bodemdynamiek (erosie, omwoeling, verstuiving)","","L",12,"L",11
"(Half-)natuurlijke graslanden","6430","6430_hf",FALSE,"Druk4.3","4.3 Verzuring via het oppervlaktewater (incl. overstromingswater)","","L",12,"L",11
"(Half-)natuurlijke graslanden","6430","6430_hf",FALSE,"Druk8.2","8.2 Verontreiniging via de bodem","","L",12,"L",11
"(Half-)natuurlijke graslanden","6430","6430_hf",FALSE,"Druk5.2","5.2 Vernatting via het grondwater","","L",13,"L",12
"(Half-)natuurlijke graslanden","6430","6430_hf",FALSE,"Druk8.1","8.1 Verontreiniging via de lucht","","L",13,"L",12
"(Half-)natuurlijke graslanden","6430","6430_hf",FALSE,"Druk8.3","8.3 Verontreiniging via het grondwater","","L",13,"L",12
"(Half-)natuurlijke graslanden","6430","6430_hf",FALSE,"Druk13","13 Afname bodemdynamiek (erosie, omwoeling, verstuiving)","",,,"S",
"(Half-)natuurlijke graslanden","6430","6430_hf",FALSE,"Druk62","62 Afname overstromingsduur of -frequentie (incl. getijden)","",,,"S",
"(Half-)natuurlijke graslanden","6430","6430_hf",FALSE,"Druk7.3","7.3 Verzilting via het grondwater","",,,"S",
"(Half-)natuurlijke graslanden","6430","6430_hf",FALSE,"Druk7.4","7.4 Verzilting via het oppervlaktewater (incl. overstromingswater)","",,,"S",
"(Half-)natuurlijke graslanden","6430","6430_hf",FALSE,"Druk9.3","9.3 Beweging en andere visuele verstoring","",,,"S",
"(Half-)natuurlijke graslanden","6430","6430_hf",FALSE,"Druk8.5","8.5 Thermische verontreiniging: toename temperatuur oppervlaktewater","",,,"P",
"(Half-)natuurlijke graslanden","6430","6430_hw",FALSE,"Druk5.1","5.1 Verdroging via het grondwater","","H",1,"H",1
"(Half-)natuurlijke graslanden","6430","6430_hw",FALSE,"Druk62","62 Afname overstromingsduur of -frequentie (incl. getijden)","","H",2,"H",2
"(Half-)natuurlijke graslanden","6430","6430_hw",FALSE,"Druk3.4","3.4 Eutrofiëring via het oppervlaktewater (incl. overstromingswater en afspoeling)","BEHOUD","H",3,"H",3
"(Half-)natuurlijke graslanden","6430","6430_hw",FALSE,"Druk12","12 Toename bodemdynamiek (erosie, omwoeling, verstuiving)","","M",4,"M",4
"(Half-)natuurlijke graslanden","6430","6430_hw",FALSE,"Druk3.3","3.3 Eutrofiëring via het grondwater","BEHOUD","M",4,"M",4
"(Half-)natuurlijke graslanden","6430","6430_hw",FALSE,"Druk63","63 Toename van stroomsnelheid, waterpeil en/of de fluctuatie ervan","","M",4,"M",4
"(Half-)natuurlijke graslanden","6430","6430_hw",FALSE,"Druk61","61 Toename overstromingsduur of -frequentie (incl. getijden)","","M",5,"M",5
"(Half-)natuurlijke graslanden","6430","6430_hw",FALSE,"Druk11","11 Aanpassing van de fysische structuur naar een blijvende nieuwe toestand (bodemcompactie, verharding, herprofilering, nieuw substraat, grondverzet, ...)","","M",6,"M",6
"(Half-)natuurlijke graslanden","6430","6430_hw",FALSE,"Druk14","14 Verlies van aquatische connectiviteit","","L",7,"L",7
"(Half-)natuurlijke graslanden","6430","6430_hw",FALSE,"Druk5.2","5.2 Vernatting via het grondwater","","L",7,"L",7
"(Half-)natuurlijke graslanden","6430","6430_hw",FALSE,"Druk65","65  Toename golfslagwerking","","L",8,"L",8
"(Half-)natuurlijke graslanden","6430","6430_hw",FALSE,"Druk7.4","7.4 Verzilting via het oppervlaktewater (incl. overstromingswater)","","L",8,"L",8
"(Half-)natuurlijke graslanden","6430","6430_hw",FALSE,"Druk13","13 Afname bodemdynamiek (erosie, omwoeling, verstuiving)","",,,"S",
"(Half-)natuurlijke graslanden","6430","6430_hw",FALSE,"Druk15","15 Verlies van terrestrische connectiviteit","",,,"S",
"(Half-)natuurlijke graslanden","6430","6430_hw",FALSE,"Druk64","64 Afname van stroomsnelheid, waterpeil en/of de fluctuatie ervan","",,,"S",
"(Half-)natuurlijke graslanden","6430","6430_hw",FALSE,"Druk66","66  Afname golfslagwerking","",,,"S",
"(Half-)natuurlijke graslanden","6430","6430_hw",FALSE,"Druk7.3","7.3 Verzilting via het grondwater","",,,"S",
"(Half-)natuurlijke graslanden","6430","6430_hw",FALSE,"Druk8.1","8.1 Verontreiniging via de lucht","",,,"S",
"(Half-)natuurlijke graslanden","6430","6430_hw",FALSE,"Druk8.2","8.2 Verontreiniging via de bodem","",,,"S",
"(Half-)natuurlijke graslanden","6430","6430_hw",FALSE,"Druk8.3","8.3 Verontreiniging via het grondwater","",,,"S",
"(Half-)natuurlijke graslanden","6430","6430_hw",FALSE,"Druk8.4","8.4 Verontreiniging via het oppervlaktewater (incl. overstromingswater)","",,,"S",
"(Half-)natuurlijke graslanden","6430","6430_hw",FALSE,"Druk9.3","9.3 Beweging en andere visuele verstoring","",,,"S",
"(Half-)natuurlijke graslanden","6430","6430_hw",FALSE,"Druk4.2","4.2 Verzuring via het grondwater","",,,"P",
"(Half-)natuurlijke graslanden","6430","6430_hw",FALSE,"Druk4.3","4.3 Verzuring via het oppervlaktewater (incl. overstromingswater)","",,,"P",
"(Half-)natuurlijke graslanden","6430","6430_hw",FALSE,"Druk8.5","8.5 Thermische verontreiniging: toename temperatuur oppervlaktewater","",,,"P",
"(Half-)natuurlijke graslanden","6430","6430_mr",FALSE,"Druk62","62 Afname overstromingsduur of -frequentie (incl. getijden)","","H",1,"H",1
"(Half-)natuurlijke graslanden","6430","6430_mr",FALSE,"Druk5.1","5.1 Verdroging via het grondwater","","H",2,"H",2
"(Half-)natuurlijke graslanden","6430","6430_mr",FALSE,"Druk12","12 Toename bodemdynamiek (erosie, omwoeling, verstuiving)","","H",3,"H",3
"(Half-)natuurlijke graslanden","6430","6430_mr",FALSE,"Druk63","63 Toename van stroomsnelheid, waterpeil en/of de fluctuatie ervan","","H",3,"H",3
"(Half-)natuurlijke graslanden","6430","6430_mr",FALSE,"Druk61","61 Toename overstromingsduur of -frequentie (incl. getijden)","","H",4,"H",4
"(Half-)natuurlijke graslanden","6430","6430_mr",FALSE,"Druk11","11 Aanpassing van de fysische structuur naar een blijvende nieuwe toestand (bodemcompactie, verharding, herprofilering, nieuw substraat, grondverzet, ...)","","M",5,"M",5
"(Half-)natuurlijke graslanden","6430","6430_mr",FALSE,"Druk3.4","3.4 Eutrofiëring via het oppervlaktewater (incl. overstromingswater en afspoeling)","BEHOUD","M",5,"M",5
"(Half-)natuurlijke graslanden","6430","6430_mr",FALSE,"Druk5.2","5.2 Vernatting via het grondwater","","M",5,"M",5
"(Half-)natuurlijke graslanden","6430","6430_mr",FALSE,"Druk65","65  Toename golfslagwerking","","L",6,"L",6
"(Half-)natuurlijke graslanden","6430","6430_mr",FALSE,"Druk7.4","7.4 Verzilting via het oppervlaktewater (incl. overstromingswater)","","L",6,"L",6
"(Half-)natuurlijke graslanden","6430","6430_mr",FALSE,"Druk13","13 Afname bodemdynamiek (erosie, omwoeling, verstuiving)","",,,"S",
"(Half-)natuurlijke graslanden","6430","6430_mr",FALSE,"Druk14","14 Verlies van aquatische connectiviteit","",,,"S",
"(Half-)natuurlijke graslanden","6430","6430_mr",FALSE,"Druk15","15 Verlies van terrestrische connectiviteit","",,,"S",
"(Half-)natuurlijke graslanden","6430","6430_mr",FALSE,"Druk64","64 Afname van stroomsnelheid, waterpeil en/of de fluctuatie ervan","",,,"S",
"(Half-)natuurlijke graslanden","6430","6430_mr",FALSE,"Druk66","66  Afname golfslagwerking","",,,"S",
"(Half-)natuurlijke graslanden","6430","6430_mr",FALSE,"Druk7.3","7.3 Verzilting via het grondwater","",,,"S",
"(Half-)natuurlijke graslanden","6430","6430_mr",FALSE,"Druk8.1","8.1 Verontreiniging via de lucht","",,,"S",
"(Half-)natuurlijke graslanden","6430","6430_mr",FALSE,"Druk8.2","8.2 Verontreiniging via de bodem","",,,"S",
"(Half-)natuurlijke graslanden","6430","6430_mr",FALSE,"Druk8.3","8.3 Verontreiniging via het grondwater","",,,"S",
"(Half-)natuurlijke graslanden","6430","6430_mr",FALSE,"Druk8.4","8.4 Verontreiniging via het oppervlaktewater (incl. overstromingswater)","",,,"S",
"(Half-)natuurlijke graslanden","6430","6430_mr",FALSE,"Druk9.3","9.3 Beweging en andere visuele verstoring","",,,"S",
"(Half-)natuurlijke graslanden","6430","6430_mr",FALSE,"Druk4.2","4.2 Verzuring via het grondwater","",,,"P",
"(Half-)natuurlijke graslanden","6430","6430_mr",FALSE,"Druk4.3","4.3 Verzuring via het oppervlaktewater (incl. overstromingswater)","",,,"P",
"(Half-)natuurlijke graslanden","6430","6430_mr",FALSE,"Druk8.5","8.5 Thermische verontreiniging: toename temperatuur oppervlaktewater","",,,"P",
"(Half-)natuurlijke graslanden","6510","6510_hu",FALSE,"Druk3.2","3.2 Eutrofiëring via de bodem","","H",1,"H",1
"(Half-)natuurlijke graslanden","6510","6510_hu",FALSE,"Druk11","11 Aanpassing van de fysische structuur naar een blijvende nieuwe toestand (bodemcompactie, verharding, herprofilering, nieuw substraat, grondverzet, ...)","","H",2,"H",2
"(Half-)natuurlijke graslanden","6510","6510_hu",FALSE,"Druk15","15 Verlies van terrestrische connectiviteit","","M",3,"M",3
"(Half-)natuurlijke graslanden","6510","6510_hu",FALSE,"Druk3.1","3.1 Eutrofiëring via de lucht","","M",3,"M",3
"(Half-)natuurlijke graslanden","6510","6510_hu",FALSE,"Druk61","61 Toename overstromingsduur of -frequentie (incl. getijden)","","L",4,"L",4
"(Half-)natuurlijke graslanden","6510","6510_hu",FALSE,"Druk8.1","8.1 Verontreiniging via de lucht","","L",5,"L",5
"(Half-)natuurlijke graslanden","6510","6510_hu",FALSE,"Druk4.1","4.1 Verzuring via de lucht","","L",6,"L",6
"(Half-)natuurlijke graslanden","6510","6510_hu",FALSE,"Druk8.2","8.2 Verontreiniging via de bodem","","L",6,"L",6
"(Half-)natuurlijke graslanden","6510","6510_hu",FALSE,"Druk3.4","3.4 Eutrofiëring via het oppervlaktewater (incl. overstromingswater en afspoeling)","","L",7,"L",7
"(Half-)natuurlijke graslanden","6510","6510_hu",FALSE,"Druk102","102 Klimaatverandering in natte perioden","","L",8,"L",8
"(Half-)natuurlijke graslanden","6510","6510_hu",FALSE,"Druk3.3","3.3 Eutrofiëring via het grondwater","","L",8,"L",8
"(Half-)natuurlijke graslanden","6510","6510_hu",FALSE,"Druk8.3","8.3 Verontreiniging via het grondwater","","L",8,"L",8
"(Half-)natuurlijke graslanden","6510","6510_hu",FALSE,"Druk8.4","8.4 Verontreiniging via het oppervlaktewater (incl. overstromingswater)","","L",8,"L",8
"(Half-)natuurlijke graslanden","6510","6510_hu",FALSE,"Druk12","12 Toename bodemdynamiek (erosie, omwoeling, verstuiving)","",,,"S",
"(Half-)natuurlijke graslanden","6510","6510_hu",FALSE,"Druk13","13 Afname bodemdynamiek (erosie, omwoeling, verstuiving)","",,,"S",
"(Half-)natuurlijke graslanden","6510","6510_hu",FALSE,"Druk14","14 Verlies van aquatische connectiviteit","",,,"S",
"(Half-)natuurlijke graslanden","6510","6510_hu",FALSE,"Druk5.2","5.2 Vernatting via het grondwater","",,,"S",
"(Half-)natuurlijke graslanden","6510","6510_hu",FALSE,"Druk7.3","7.3 Verzilting via het grondwater","",,,"S",
"(Half-)natuurlijke graslanden","6510","6510_hu",FALSE,"Druk7.4","7.4 Verzilting via het oppervlaktewater (incl. overstromingswater)","",,,"S",
"(Half-)natuurlijke graslanden","6510","6510_hu",FALSE,"Druk9.3","9.3 Beweging en andere visuele verstoring","",,,"S",
"(Half-)natuurlijke graslanden","6510","6510_hu",FALSE,"Druk4.2","4.2 Verzuring via het grondwater","",,,"P",
"(Half-)natuurlijke graslanden","6510","6510_hu",FALSE,"Druk4.3","4.3 Verzuring via het oppervlaktewater (incl. overstromingswater)","",,,"P",
"(Half-)natuurlijke graslanden","6510","6510_hu",FALSE,"Druk8.5","8.5 Thermische verontreiniging: toename temperatuur oppervlaktewater","",,,"P",
"(Half-)natuurlijke graslanden","6510","6510_hua",FALSE,"Druk3.4","3.4 Eutrofiëring via het oppervlaktewater (incl. overstromingswater en afspoeling)","","H",1,"H",1
"(Half-)natuurlijke graslanden","6510","6510_hua",FALSE,"Druk15","15 Verlies van terrestrische connectiviteit","","H",2,"H",2
"(Half-)natuurlijke graslanden","6510","6510_hua",FALSE,"Druk5.1","5.1 Verdroging via het grondwater","","H",3,"H",3
"(Half-)natuurlijke graslanden","6510","6510_hua",FALSE,"Druk3.2","3.2 Eutrofiëring via de bodem","","H",4,"H",4
"(Half-)natuurlijke graslanden","6510","6510_hua",FALSE,"Druk8.4","8.4 Verontreiniging via het oppervlaktewater (incl. overstromingswater)","","M",5,"M",5
"(Half-)natuurlijke graslanden","6510","6510_hua",FALSE,"Druk11","11 Aanpassing van de fysische structuur naar een blijvende nieuwe toestand (bodemcompactie, verharding, herprofilering, nieuw substraat, grondverzet, ...)","","M",6,"M",6
"(Half-)natuurlijke graslanden","6510","6510_hua",FALSE,"Druk3.1","3.1 Eutrofiëring via de lucht","","M",7,"M",7
"(Half-)natuurlijke graslanden","6510","6510_hua",FALSE,"Druk61","61 Toename overstromingsduur of -frequentie (incl. getijden)","","M",7,"M",7
"(Half-)natuurlijke graslanden","6510","6510_hua",FALSE,"Druk62","62 Afname overstromingsduur of -frequentie (incl. getijden)","","L",8,"L",8
"(Half-)natuurlijke graslanden","6510","6510_hua",FALSE,"Druk63","63 Toename van stroomsnelheid, waterpeil en/of de fluctuatie ervan","","L",9,"L",9
"(Half-)natuurlijke graslanden","6510","6510_hua",FALSE,"Druk3.3","3.3 Eutrofiëring via het grondwater","","L",10,"L",10
"(Half-)natuurlijke graslanden","6510","6510_hua",FALSE,"Druk8.3","8.3 Verontreiniging via het grondwater","","L",10,"L",10
"(Half-)natuurlijke graslanden","6510","6510_hua",FALSE,"Druk101","101 Klimaatverandering in droge perioden","","L",11,"L",11
"(Half-)natuurlijke graslanden","6510","6510_hua",FALSE,"Druk14","14 Verlies van aquatische connectiviteit","","L",11,"L",11
"(Half-)natuurlijke graslanden","6510","6510_hua",FALSE,"Druk4.2","4.2 Verzuring via het grondwater","","L",11,"L",11
"(Half-)natuurlijke graslanden","6510","6510_hua",FALSE,"Druk8.1","8.1 Verontreiniging via de lucht","","L",11,"L",11
"(Half-)natuurlijke graslanden","6510","6510_hua",FALSE,"Druk4.1","4.1 Verzuring via de lucht","","L",12,"L",12
"(Half-)natuurlijke graslanden","6510","6510_hua",FALSE,"Druk5.2","5.2 Vernatting via het grondwater","","L",12,"L",12
"(Half-)natuurlijke graslanden","6510","6510_hua",FALSE,"Druk8.2","8.2 Verontreiniging via de bodem","","L",12,"L",12
"(Half-)natuurlijke graslanden","6510","6510_hua",FALSE,"Druk102","102 Klimaatverandering in natte perioden","","L",13,"L",13
"(Half-)natuurlijke graslanden","6510","6510_hua",FALSE,"Druk12","12 Toename bodemdynamiek (erosie, omwoeling, verstuiving)","",,,"S",
"(Half-)natuurlijke graslanden","6510","6510_hua",FALSE,"Druk13","13 Afname bodemdynamiek (erosie, omwoeling, verstuiving)","",,,"S",
"(Half-)natuurlijke graslanden","6510","6510_hua",FALSE,"Druk4.3","4.3 Verzuring via het oppervlaktewater (incl. overstromingswater)","",,,"S",
"(Half-)natuurlijke graslanden","6510","6510_hua",FALSE,"Druk7.3","7.3 Verzilting via het grondwater","",,,"S",
"(Half-)natuurlijke graslanden","6510","6510_hua",FALSE,"Druk7.4","7.4 Verzilting via het oppervlaktewater (incl. overstromingswater)","",,,"S",
"(Half-)natuurlijke graslanden","6510","6510_hua",FALSE,"Druk9.3","9.3 Beweging en andere visuele verstoring","",,,"S",
"(Half-)natuurlijke graslanden","6510","6510_hua",FALSE,"Druk8.5","8.5 Thermische verontreiniging: toename temperatuur oppervlaktewater","",,,"P",
"(Half-)natuurlijke graslanden","6510","6510_huk",FALSE,"Druk15","15 Verlies van terrestrische connectiviteit","","H",1,"H",1
"(Half-)natuurlijke graslanden","6510","6510_huk",FALSE,"Druk3.2","3.2 Eutrofiëring via de bodem","","H",2,"H",2
"(Half-)natuurlijke graslanden","6510","6510_huk",FALSE,"Druk3.1","3.1 Eutrofiëring via de lucht","","H",3,"H",3
"(Half-)natuurlijke graslanden","6510","6510_huk",FALSE,"Druk11","11 Aanpassing van de fysische structuur naar een blijvende nieuwe toestand (bodemcompactie, verharding, herprofilering, nieuw substraat, grondverzet, ...)","","H",4,"H",4
"(Half-)natuurlijke graslanden","6510","6510_huk",FALSE,"Druk3.4","3.4 Eutrofiëring via het oppervlaktewater (incl. overstromingswater en afspoeling)","","L",5,"L",5
"(Half-)natuurlijke graslanden","6510","6510_huk",FALSE,"Druk4.1","4.1 Verzuring via de lucht","","L",6,"L",6
"(Half-)natuurlijke graslanden","6510","6510_huk",FALSE,"Druk8.1","8.1 Verontreiniging via de lucht","","L",6,"L",6
"(Half-)natuurlijke graslanden","6510","6510_huk",FALSE,"Druk101","101 Klimaatverandering in droge perioden","","L",7,"L",7
"(Half-)natuurlijke graslanden","6510","6510_huk",FALSE,"Druk102","102 Klimaatverandering in natte perioden","","L",7,"L",7
"(Half-)natuurlijke graslanden","6510","6510_huk",FALSE,"Druk12","12 Toename bodemdynamiek (erosie, omwoeling, verstuiving)","","L",7,"L",7
"(Half-)natuurlijke graslanden","6510","6510_huk",FALSE,"Druk4.3","4.3 Verzuring via het oppervlaktewater (incl. overstromingswater)","","L",7,"L",7
"(Half-)natuurlijke graslanden","6510","6510_huk",FALSE,"Druk8.2","8.2 Verontreiniging via de bodem","","L",7,"L",7
"(Half-)natuurlijke graslanden","6510","6510_huk",FALSE,"Druk13","13 Afname bodemdynamiek (erosie, omwoeling, verstuiving)","",,,"S",
"(Half-)natuurlijke graslanden","6510","6510_huk",FALSE,"Druk14","14 Verlies van aquatische connectiviteit","",,,"S",
"(Half-)natuurlijke graslanden","6510","6510_huk",FALSE,"Druk5.2","5.2 Vernatting via het grondwater","",,,"S",
"(Half-)natuurlijke graslanden","6510","6510_huk",FALSE,"Druk61","61 Toename overstromingsduur of -frequentie (incl. getijden)","",,,"S",
"(Half-)natuurlijke graslanden","6510","6510_huk",FALSE,"Druk7.4","7.4 Verzilting via het oppervlaktewater (incl. overstromingswater)","",,,"S",
"(Half-)natuurlijke graslanden","6510","6510_huk",FALSE,"Druk8.4","8.4 Verontreiniging via het oppervlaktewater (incl. overstromingswater)","",,,"S",
"(Half-)natuurlijke graslanden","6510","6510_huk",FALSE,"Druk9.3","9.3 Beweging en andere visuele verstoring","",,,"S",
"(Half-)natuurlijke graslanden","6510","6510_huk",FALSE,"Druk8.5","8.5 Thermische verontreiniging: toename temperatuur oppervlaktewater","",,,"P",
"(Half-)natuurlijke graslanden","6510","6510_hus",FALSE,"Druk15","15 Verlies van terrestrische connectiviteit","","H",1,"H",1
"(Half-)natuurlijke graslanden","6510","6510_hus",FALSE,"Druk3.2","3.2 Eutrofiëring via de bodem","","H",2,"H",2
"(Half-)natuurlijke graslanden","6510","6510_hus",FALSE,"Druk5.1","5.1 Verdroging via het grondwater","","H",3,"H",3
"(Half-)natuurlijke graslanden","6510","6510_hus",FALSE,"Druk3.4","3.4 Eutrofiëring via het oppervlaktewater (incl. overstromingswater en afspoeling)","","H",4,"H",4
"(Half-)natuurlijke graslanden","6510","6510_hus",FALSE,"Druk11","11 Aanpassing van de fysische structuur naar een blijvende nieuwe toestand (bodemcompactie, verharding, herprofilering, nieuw substraat, grondverzet, ...)","","M",5,"M",5
"(Half-)natuurlijke graslanden","6510","6510_hus",FALSE,"Druk3.1","3.1 Eutrofiëring via de lucht","","M",6,"M",6
"(Half-)natuurlijke graslanden","6510","6510_hus",FALSE,"Druk61","61 Toename overstromingsduur of -frequentie (incl. getijden)","","M",7,"M",7
"(Half-)natuurlijke graslanden","6510","6510_hus",FALSE,"Druk3.3","3.3 Eutrofiëring via het grondwater","","L",8,"L",8
"(Half-)natuurlijke graslanden","6510","6510_hus",FALSE,"Druk8.1","8.1 Verontreiniging via de lucht","","L",9,"L",9
"(Half-)natuurlijke graslanden","6510","6510_hus",FALSE,"Druk8.4","8.4 Verontreiniging via het oppervlaktewater (incl. overstromingswater)","","L",9,"L",9
"(Half-)natuurlijke graslanden","6510","6510_hus",FALSE,"Druk4.1","4.1 Verzuring via de lucht","","L",10,"L",10
"(Half-)natuurlijke graslanden","6510","6510_hus",FALSE,"Druk4.2","4.2 Verzuring via het grondwater","","L",10,"L",10
"(Half-)natuurlijke graslanden","6510","6510_hus",FALSE,"Druk5.2","5.2 Vernatting via het grondwater","","L",10,"L",10
"(Half-)natuurlijke graslanden","6510","6510_hus",FALSE,"Druk8.2","8.2 Verontreiniging via de bodem","","L",10,"L",10
"(Half-)natuurlijke graslanden","6510","6510_hus",FALSE,"Druk8.3","8.3 Verontreiniging via het grondwater","","L",10,"L",10
"(Half-)natuurlijke graslanden","6510","6510_hus",FALSE,"Druk101","101 Klimaatverandering in droge perioden","","L",11,"L",11
"(Half-)natuurlijke graslanden","6510","6510_hus",FALSE,"Druk102","102 Klimaatverandering in natte perioden","","L",11,"L",11
"(Half-)natuurlijke graslanden","6510","6510_hus",FALSE,"Druk4.3","4.3 Verzuring via het oppervlaktewater (incl. overstromingswater)","","L",11,"L",11
"(Half-)natuurlijke graslanden","6510","6510_hus",FALSE,"Druk62","62 Afname overstromingsduur of -frequentie (incl. getijden)","","L",11,"L",11
"(Half-)natuurlijke graslanden","6510","6510_hus",FALSE,"Druk12","12 Toename bodemdynamiek (erosie, omwoeling, verstuiving)","",,,"S",
"(Half-)natuurlijke graslanden","6510","6510_hus",FALSE,"Druk13","13 Afname bodemdynamiek (erosie, omwoeling, verstuiving)","",,,"S",
"(Half-)natuurlijke graslanden","6510","6510_hus",FALSE,"Druk14","14 Verlies van aquatische connectiviteit","",,,"S",
"(Half-)natuurlijke graslanden","6510","6510_hus",FALSE,"Druk7.3","7.3 Verzilting via het grondwater","",,,"S",
"(Half-)natuurlijke graslanden","6510","6510_hus",FALSE,"Druk7.4","7.4 Verzilting via het oppervlaktewater (incl. overstromingswater)","",,,"S",
"(Half-)natuurlijke graslanden","6510","6510_hus",FALSE,"Druk9.3","9.3 Beweging en andere visuele verstoring","",,,"S",
"(Half-)natuurlijke graslanden","6510","6510_hus",FALSE,"Druk8.5","8.5 Thermische verontreiniging: toename temperatuur oppervlaktewater","",,,"P",
"Moerassen","7140","7140_base",FALSE,"Druk15","15 Verlies van terrestrische connectiviteit","","H",1,"H",1
"Moerassen","7140","7140_base",FALSE,"Druk3.1","3.1 Eutrofiëring via de lucht","","H",2,"M",2
"Moerassen","7140","7140_base",FALSE,"Druk3.3","3.3 Eutrofiëring via het grondwater","","M",3,"M",3
"Moerassen","7140","7140_base",FALSE,"Druk5.1","5.1 Verdroging via het grondwater","","H",1,"L",4
"Moerassen","7140","7140_base",FALSE,"Druk3.4","3.4 Eutrofiëring via het oppervlaktewater (incl. overstromingswater en afspoeling)","","L",4,"L",5
"Moerassen","7140","7140_base",FALSE,"Druk8.1","8.1 Verontreiniging via de lucht","","L",4,"L",5
"Moerassen","7140","7140_base",FALSE,"Druk8.4","8.4 Verontreiniging via het oppervlaktewater (incl. overstromingswater)","","L",4,"L",5
"Moerassen","7140","7140_base",FALSE,"Druk101","101 Klimaatverandering in droge perioden","","L",5,"L",6
"Moerassen","7140","7140_base",FALSE,"Druk11","11 Aanpassing van de fysische structuur naar een blijvende nieuwe toestand (bodemcompactie, verharding, herprofilering, nieuw substraat, grondverzet, ...)","","L",5,"L",6
"Moerassen","7140","7140_base",FALSE,"Druk3.2","3.2 Eutrofiëring via de bodem","","L",5,"L",6
"Moerassen","7140","7140_base",FALSE,"Druk61","61 Toename overstromingsduur of -frequentie (incl. getijden)","","L",5,"L",6
"Moerassen","7140","7140_base",FALSE,"Druk8.3","8.3 Verontreiniging via het grondwater","","L",5,"L",6
"Moerassen","7140","7140_base",FALSE,"Druk14","14 Verlies van aquatische connectiviteit","","L",6,"L",7
"Moerassen","7140","7140_base",FALSE,"Druk65","65  Toename golfslagwerking","","L",6,"L",7
"Moerassen","7140","7140_base",FALSE,"Druk12","12 Toename bodemdynamiek (erosie, omwoeling, verstuiving)","",,,"S",
"Moerassen","7140","7140_base",FALSE,"Druk13","13 Afname bodemdynamiek (erosie, omwoeling, verstuiving)","",,,"S",
"Moerassen","7140","7140_base",FALSE,"Druk4.1","4.1 Verzuring via de lucht","",,,"S",
"Moerassen","7140","7140_base",FALSE,"Druk4.2","4.2 Verzuring via het grondwater","",,,"S",
"Moerassen","7140","7140_base",FALSE,"Druk4.3","4.3 Verzuring via het oppervlaktewater (incl. overstromingswater)","",,,"S",
"Moerassen","7140","7140_base",FALSE,"Druk5.2","5.2 Vernatting via het grondwater","",,,"S",
"Moerassen","7140","7140_base",FALSE,"Druk62","62 Afname overstromingsduur of -frequentie (incl. getijden)","",,,"S",
"Moerassen","7140","7140_base",FALSE,"Druk7.3","7.3 Verzilting via het grondwater","",,,"S",
"Moerassen","7140","7140_base",FALSE,"Druk7.4","7.4 Verzilting via het oppervlaktewater (incl. overstromingswater)","",,,"S",
"Moerassen","7140","7140_base",FALSE,"Druk8.2","8.2 Verontreiniging via de bodem","",,,"S",
"Moerassen","7140","7140_base",FALSE,"Druk9.3","9.3 Beweging en andere visuele verstoring","",,,"S",
"Moerassen","7140","7140_base",FALSE,"Druk8.5","8.5 Thermische verontreiniging: toename temperatuur oppervlaktewater","",,,"P",
"Moerassen","7140","7140_meso",FALSE,"Druk5.1","5.1 Verdroging via het grondwater","","H",1,"H",1
"Moerassen","7140","7140_meso",FALSE,"Druk61","61 Toename overstromingsduur of -frequentie (incl. getijden)","","M",5,"H",2
"Moerassen","7140","7140_meso",FALSE,"Druk3.4","3.4 Eutrofiëring via het oppervlaktewater (incl. overstromingswater en afspoeling)","","M",6,"H",3
"Moerassen","7140","7140_meso",FALSE,"Druk3.3","3.3 Eutrofiëring via het grondwater","","H",2,"M",4
"Moerassen","7140","7140_meso",FALSE,"Druk15","15 Verlies van terrestrische connectiviteit","","H",3,"M",5
"Moerassen","7140","7140_meso",FALSE,"Druk3.1","3.1 Eutrofiëring via de lucht","","H",4,"M",6
"Moerassen","7140","7140_meso",FALSE,"Druk101","101 Klimaatverandering in droge perioden","","M",8,"M",7
"Moerassen","7140","7140_meso",FALSE,"Druk4.1","4.1 Verzuring via de lucht","","M",7,"L",8
"Moerassen","7140","7140_meso",FALSE,"Druk8.1","8.1 Verontreiniging via de lucht","","L",10,"L",9
"Moerassen","7140","7140_meso",FALSE,"Druk8.3","8.3 Verontreiniging via het grondwater","","L",10,"L",9
"Moerassen","7140","7140_meso",FALSE,"Druk3.2","3.2 Eutrofiëring via de bodem","","L",11,"L",10
"Moerassen","7140","7140_meso",FALSE,"Druk4.2","4.2 Verzuring via het grondwater","","L",12,"L",11
"Moerassen","7140","7140_meso",FALSE,"Druk8.4","8.4 Verontreiniging via het oppervlaktewater (incl. overstromingswater)","","L",12,"L",11
"Moerassen","7140","7140_meso",FALSE,"Druk14","14 Verlies van aquatische connectiviteit","","L",13,"L",12
"Moerassen","7140","7140_meso",FALSE,"Druk65","65  Toename golfslagwerking","","L",13,"L",12
"Moerassen","7140","7140_meso",FALSE,"Druk11","11 Aanpassing van de fysische structuur naar een blijvende nieuwe toestand (bodemcompactie, verharding, herprofilering, nieuw substraat, grondverzet, ...)","",,,"S",
"Moerassen","7140","7140_meso",FALSE,"Druk12","12 Toename bodemdynamiek (erosie, omwoeling, verstuiving)","",,,"S",
"Moerassen","7140","7140_meso",FALSE,"Druk13","13 Afname bodemdynamiek (erosie, omwoeling, verstuiving)","",,,"S",
"Moerassen","7140","7140_meso",FALSE,"Druk4.3","4.3 Verzuring via het oppervlaktewater (incl. overstromingswater)","",,,"S",
"Moerassen","7140","7140_meso",FALSE,"Druk5.2","5.2 Vernatting via het grondwater","",,,"S",
"Moerassen","7140","7140_meso",FALSE,"Druk62","62 Afname overstromingsduur of -frequentie (incl. getijden)","",,,"S",
"Moerassen","7140","7140_meso",FALSE,"Druk7.3","7.3 Verzilting via het grondwater","",,,"S",
"Moerassen","7140","7140_meso",FALSE,"Druk7.4","7.4 Verzilting via het oppervlaktewater (incl. overstromingswater)","",,,"S",
"Moerassen","7140","7140_meso",FALSE,"Druk8.2","8.2 Verontreiniging via de bodem","",,,"S",
"Moerassen","7140","7140_meso",FALSE,"Druk9.3","9.3 Beweging en andere visuele verstoring","",,,"S",
"Moerassen","7140","7140_meso",FALSE,"Druk8.5","8.5 Thermische verontreiniging: toename temperatuur oppervlaktewater","",,,"P",
"Moerassen","7140","7140_mrd",FALSE,"Druk3.4","3.4 Eutrofiëring via het oppervlaktewater (incl. overstromingswater en afspoeling)","","H",1,"H",1
"Moerassen","7140","7140_mrd",FALSE,"Druk63","63 Toename van stroomsnelheid, waterpeil en/of de fluctuatie ervan","","H",2,"H",2
"Moerassen","7140","7140_mrd",FALSE,"Druk61","61 Toename overstromingsduur of -frequentie (incl. getijden)","","H",3,"H",3
"Moerassen","7140","7140_mrd",FALSE,"Druk15","15 Verlies van terrestrische connectiviteit","","M",4,"M",4
"Moerassen","7140","7140_mrd",FALSE,"Druk64","64 Afname van stroomsnelheid, waterpeil en/of de fluctuatie ervan","","M",5,"M",5
"Moerassen","7140","7140_mrd",FALSE,"Druk11","11 Aanpassing van de fysische structuur naar een blijvende nieuwe toestand (bodemcompactie, verharding, herprofilering, nieuw substraat, grondverzet, ...)","","M",6,"M",6
"Moerassen","7140","7140_mrd",FALSE,"Druk3.1","3.1 Eutrofiëring via de lucht","","M",7,"M",7
"Moerassen","7140","7140_mrd",FALSE,"Druk8.4","8.4 Verontreiniging via het oppervlaktewater (incl. overstromingswater)","","M",8,"M",8
"Moerassen","7140","7140_mrd",FALSE,"Druk14","14 Verlies van aquatische connectiviteit","","M",9,"M",9
"Moerassen","7140","7140_mrd",FALSE,"Druk3.2","3.2 Eutrofiëring via de bodem","","M",10,"M",10
"Moerassen","7140","7140_mrd",FALSE,"Druk3.3","3.3 Eutrofiëring via het grondwater","","L",11,"L",11
"Moerassen","7140","7140_mrd",FALSE,"Druk5.1","5.1 Verdroging via het grondwater","","L",11,"L",11
"Moerassen","7140","7140_mrd",FALSE,"Druk8.1","8.1 Verontreiniging via de lucht","","L",11,"L",11
"Moerassen","7140","7140_mrd",FALSE,"Druk4.1","4.1 Verzuring via de lucht","","L",12,"L",12
"Moerassen","7140","7140_mrd",FALSE,"Druk65","65  Toename golfslagwerking","","L",12,"L",12
"Moerassen","7140","7140_mrd",FALSE,"Druk101","101 Klimaatverandering in droge perioden","","L",13,"L",13
"Moerassen","7140","7140_mrd",FALSE,"Druk7.3","7.3 Verzilting via het grondwater","","L",13,"L",13
"Moerassen","7140","7140_mrd",FALSE,"Druk8.3","8.3 Verontreiniging via het grondwater","","L",13,"L",13
"Moerassen","7140","7140_mrd",FALSE,"Druk7.4","7.4 Verzilting via het oppervlaktewater (incl. overstromingswater)","","L",14,"L",14
"Moerassen","7140","7140_mrd",FALSE,"Druk8.2","8.2 Verontreiniging via de bodem","","L",14,"L",14
"Moerassen","7140","7140_mrd",FALSE,"Druk12","12 Toename bodemdynamiek (erosie, omwoeling, verstuiving)","",,,"S",
"Moerassen","7140","7140_mrd",FALSE,"Druk13","13 Afname bodemdynamiek (erosie, omwoeling, verstuiving)","",,,"S",
"Moerassen","7140","7140_mrd",FALSE,"Druk4.2","4.2 Verzuring via het grondwater","",,,"S",
"Moerassen","7140","7140_mrd",FALSE,"Druk4.3","4.3 Verzuring via het oppervlaktewater (incl. overstromingswater)","",,,"S",
"Moerassen","7140","7140_mrd",FALSE,"Druk5.2","5.2 Vernatting via het grondwater","",,,"S",
"Moerassen","7140","7140_mrd",FALSE,"Druk62","62 Afname overstromingsduur of -frequentie (incl. getijden)","",,,"S",
"Moerassen","7140","7140_mrd",FALSE,"Druk66","66  Afname golfslagwerking","",,,"S",
"Moerassen","7140","7140_mrd",FALSE,"Druk9.3","9.3 Beweging en andere visuele verstoring","",,,"S",
"Moerassen","7140","7140_mrd",FALSE,"Druk8.5","8.5 Thermische verontreiniging: toename temperatuur oppervlaktewater","",,,"P",
"Moerassen","7140","7140_oli",FALSE,"Druk5.1","5.1 Verdroging via het grondwater","","H",1,"H",1
"Moerassen","7140","7140_oli",FALSE,"Druk3.1","3.1 Eutrofiëring via de lucht","","H",2,"M",2
"Moerassen","7140","7140_oli",FALSE,"Druk15","15 Verlies van terrestrische connectiviteit","","H",3,"M",3
"Moerassen","7140","7140_oli",FALSE,"Druk3.3","3.3 Eutrofiëring via het grondwater","","M",4,"M",4
"Moerassen","7140","7140_oli",FALSE,"Druk101","101 Klimaatverandering in droge perioden","","M",5,"M",5
"Moerassen","7140","7140_oli",FALSE,"Druk4.1","4.1 Verzuring via de lucht","","L",6,"L",6
"Moerassen","7140","7140_oli",FALSE,"Druk3.4","3.4 Eutrofiëring via het oppervlaktewater (incl. overstromingswater en afspoeling)","","L",7,"L",7
"Moerassen","7140","7140_oli",FALSE,"Druk8.1","8.1 Verontreiniging via de lucht","","L",7,"L",7
"Moerassen","7140","7140_oli",FALSE,"Druk8.3","8.3 Verontreiniging via het grondwater","","L",7,"L",7
"Moerassen","7140","7140_oli",FALSE,"Druk3.2","3.2 Eutrofiëring via de bodem","","L",8,"L",8
"Moerassen","7140","7140_oli",FALSE,"Druk11","11 Aanpassing van de fysische structuur naar een blijvende nieuwe toestand (bodemcompactie, verharding, herprofilering, nieuw substraat, grondverzet, ...)","","L",9,"L",9
"Moerassen","7140","7140_oli",FALSE,"Druk4.2","4.2 Verzuring via het grondwater","","L",9,"L",9
"Moerassen","7140","7140_oli",FALSE,"Druk61","61 Toename overstromingsduur of -frequentie (incl. getijden)","","L",9,"L",9
"Moerassen","7140","7140_oli",FALSE,"Druk63","63 Toename van stroomsnelheid, waterpeil en/of de fluctuatie ervan","","L",9,"L",9
"Moerassen","7140","7140_oli",FALSE,"Druk64","64 Afname van stroomsnelheid, waterpeil en/of de fluctuatie ervan","","L",9,"L",9
"Moerassen","7140","7140_oli",FALSE,"Druk8.4","8.4 Verontreiniging via het oppervlaktewater (incl. overstromingswater)","","L",9,"L",9
"Moerassen","7140","7140_oli",FALSE,"Druk14","14 Verlies van aquatische connectiviteit","","L",10,"L",10
"Moerassen","7140","7140_oli",FALSE,"Druk12","12 Toename bodemdynamiek (erosie, omwoeling, verstuiving)","",,,"S",
"Moerassen","7140","7140_oli",FALSE,"Druk13","13 Afname bodemdynamiek (erosie, omwoeling, verstuiving)","",,,"S",
"Moerassen","7140","7140_oli",FALSE,"Druk5.2","5.2 Vernatting via het grondwater","",,,"S",
"Moerassen","7140","7140_oli",FALSE,"Druk62","62 Afname overstromingsduur of -frequentie (incl. getijden)","",,,"S",
"Moerassen","7140","7140_oli",FALSE,"Druk7.3","7.3 Verzilting via het grondwater","",,,"S",
"Moerassen","7140","7140_oli",FALSE,"Druk7.4","7.4 Verzilting via het oppervlaktewater (incl. overstromingswater)","",,,"S",
"Moerassen","7140","7140_oli",FALSE,"Druk8.2","8.2 Verontreiniging via de bodem","",,,"S",
"Moerassen","7140","7140_oli",FALSE,"Druk9.3","9.3 Beweging en andere visuele verstoring","",,,"S",
"Moerassen","7140","7140_oli",FALSE,"Druk8.5","8.5 Thermische verontreiniging: toename temperatuur oppervlaktewater","",,,"P",
"Moerassen","7150","7150",TRUE,"Druk5.1","5.1 Verdroging via het grondwater","","H",1,"H",1
"Moerassen","7150","7150",TRUE,"Druk3.1","3.1 Eutrofiëring via de lucht","","H",2,"H",2
"Moerassen","7150","7150",TRUE,"Druk3.4","3.4 Eutrofiëring via het oppervlaktewater (incl. overstromingswater en afspoeling)","","M",3,"M",3
"Moerassen","7150","7150",TRUE,"Druk15","15 Verlies van terrestrische connectiviteit","","L",4,"L",4
"Moerassen","7150","7150",TRUE,"Druk11","11 Aanpassing van de fysische structuur naar een blijvende nieuwe toestand (bodemcompactie, verharding, herprofilering, nieuw substraat, grondverzet, ...)","","L",5,"L",5
"Moerassen","7150","7150",TRUE,"Druk3.2","3.2 Eutrofiëring via de bodem","","L",5,"L",5
"Moerassen","7150","7150",TRUE,"Druk8.1","8.1 Verontreiniging via de lucht","","L",5,"L",5
"Moerassen","7150","7150",TRUE,"Druk3.3","3.3 Eutrofiëring via het grondwater","","L",6,"L",6
"Moerassen","7150","7150",TRUE,"Druk61","61 Toename overstromingsduur of -frequentie (incl. getijden)","","L",6,"L",6
"Moerassen","7150","7150",TRUE,"Druk4.1","4.1 Verzuring via de lucht","","L",7,"L",7
"Moerassen","7150","7150",TRUE,"Druk5.2","5.2 Vernatting via het grondwater","","L",7,"L",7
"Moerassen","7150","7150",TRUE,"Druk8.3","8.3 Verontreiniging via het grondwater","","L",7,"L",7
"Moerassen","7150","7150",TRUE,"Druk8.4","8.4 Verontreiniging via het oppervlaktewater (incl. overstromingswater)","","L",7,"L",7
"Moerassen","7150","7150",TRUE,"Druk12","12 Toename bodemdynamiek (erosie, omwoeling, verstuiving)","",,,"S",
"Moerassen","7150","7150",TRUE,"Druk13","13 Afname bodemdynamiek (erosie, omwoeling, verstuiving)","",,,"S",
"Moerassen","7150","7150",TRUE,"Druk14","14 Verlies van aquatische connectiviteit","",,,"S",
"Moerassen","7150","7150",TRUE,"Druk62","62 Afname overstromingsduur of -frequentie (incl. getijden)","",,,"S",
"Moerassen","7150","7150",TRUE,"Druk7.3","7.3 Verzilting via het grondwater","",,,"S",
"Moerassen","7150","7150",TRUE,"Druk7.4","7.4 Verzilting via het oppervlaktewater (incl. overstromingswater)","",,,"S",
"Moerassen","7150","7150",TRUE,"Druk8.2","8.2 Verontreiniging via de bodem","",,,"S",
"Moerassen","7150","7150",TRUE,"Druk9.3","9.3 Beweging en andere visuele verstoring","",,,"S",
"Moerassen","7150","7150",TRUE,"Druk8.5","8.5 Thermische verontreiniging: toename temperatuur oppervlaktewater","",,,"P",
"Moerassen","7210","7210",TRUE,"Druk3.4","3.4 Eutrofiëring via het oppervlaktewater (incl. overstromingswater en afspoeling)","","H",1,"H",1
"Moerassen","7210","7210",TRUE,"Druk3.3","3.3 Eutrofiëring via het grondwater","","M",2,"M",2
"Moerassen","7210","7210",TRUE,"Druk15","15 Verlies van terrestrische connectiviteit","","M",3,"M",3
"Moerassen","7210","7210",TRUE,"Druk11","11 Aanpassing van de fysische structuur naar een blijvende nieuwe toestand (bodemcompactie, verharding, herprofilering, nieuw substraat, grondverzet, ...)","","M",4,"M",4
"Moerassen","7210","7210",TRUE,"Druk8.4","8.4 Verontreiniging via het oppervlaktewater (incl. overstromingswater)","","M",4,"M",4
"Moerassen","7210","7210",TRUE,"Druk5.1","5.1 Verdroging via het grondwater","","H",1,"L",5
"Moerassen","7210","7210",TRUE,"Druk64","64 Afname van stroomsnelheid, waterpeil en/of de fluctuatie ervan","","L",5,"L",6
"Moerassen","7210","7210",TRUE,"Druk3.1","3.1 Eutrofiëring via de lucht","","L",6,"L",7
"Moerassen","7210","7210",TRUE,"Druk8.1","8.1 Verontreiniging via de lucht","","L",6,"L",7
"Moerassen","7210","7210",TRUE,"Druk8.3","8.3 Verontreiniging via het grondwater","","L",6,"L",7
"Moerassen","7210","7210",TRUE,"Druk101","101 Klimaatverandering in droge perioden","","L",7,"L",8
"Moerassen","7210","7210",TRUE,"Druk3.2","3.2 Eutrofiëring via de bodem","","L",7,"L",8
"Moerassen","7210","7210",TRUE,"Druk14","14 Verlies van aquatische connectiviteit","","L",8,"L",9
"Moerassen","7210","7210",TRUE,"Druk4.2","4.2 Verzuring via het grondwater","","L",8,"L",9
"Moerassen","7210","7210",TRUE,"Druk12","12 Toename bodemdynamiek (erosie, omwoeling, verstuiving)","",,,"S",
"Moerassen","7210","7210",TRUE,"Druk13","13 Afname bodemdynamiek (erosie, omwoeling, verstuiving)","",,,"S",
"Moerassen","7210","7210",TRUE,"Druk4.3","4.3 Verzuring via het oppervlaktewater (incl. overstromingswater)","",,,"S",
"Moerassen","7210","7210",TRUE,"Druk61","61 Toename overstromingsduur of -frequentie (incl. getijden)","",,,"S",
"Moerassen","7210","7210",TRUE,"Druk62","62 Afname overstromingsduur of -frequentie (incl. getijden)","",,,"S",
"Moerassen","7210","7210",TRUE,"Druk63","63 Toename van stroomsnelheid, waterpeil en/of de fluctuatie ervan","",,,"S",
"Moerassen","7210","7210",TRUE,"Druk65","65  Toename golfslagwerking","",,,"S",
"Moerassen","7210","7210",TRUE,"Druk66","66  Afname golfslagwerking","",,,"S",
"Moerassen","7210","7210",TRUE,"Druk7.3","7.3 Verzilting via het grondwater","",,,"S",
"Moerassen","7210","7210",TRUE,"Druk7.4","7.4 Verzilting via het oppervlaktewater (incl. overstromingswater)","",,,"S",
"Moerassen","7210","7210",TRUE,"Druk8.2","8.2 Verontreiniging via de bodem","",,,"S",
"Moerassen","7210","7210",TRUE,"Druk9.3","9.3 Beweging en andere visuele verstoring","",,,"S",
"Moerassen","7210","7210",TRUE,"Druk8.5","8.5 Thermische verontreiniging: toename temperatuur oppervlaktewater","",,,"P",
"Moerassen","7220","7220",TRUE,"Druk5.1","5.1 Verdroging via het grondwater","","H",1,"H",1
"Moerassen","7220","7220",TRUE,"Druk3.3","3.3 Eutrofiëring via het grondwater","","H",2,"H",2
"Moerassen","7220","7220",TRUE,"Druk64","64 Afname van stroomsnelheid, waterpeil en/of de fluctuatie ervan","","H",3,"H",3
"Moerassen","7220","7220",TRUE,"Druk11","11 Aanpassing van de fysische structuur naar een blijvende nieuwe toestand (bodemcompactie, verharding, herprofilering, nieuw substraat, grondverzet, ...)","","M",4,"M",4
"Moerassen","7220","7220",TRUE,"Druk14","14 Verlies van aquatische connectiviteit","","M",4,"M",4
"Moerassen","7220","7220",TRUE,"Druk3.4","3.4 Eutrofiëring via het oppervlaktewater (incl. overstromingswater en afspoeling)","","M",4,"L",5
"Moerassen","7220","7220",TRUE,"Druk12","12 Toename bodemdynamiek (erosie, omwoeling, verstuiving)","","L",5,"L",6
"Moerassen","7220","7220",TRUE,"Druk3.1","3.1 Eutrofiëring via de lucht","","L",5,"L",6
"Moerassen","7220","7220",TRUE,"Druk63","63 Toename van stroomsnelheid, waterpeil en/of de fluctuatie ervan","","L",5,"L",6
"Moerassen","7220","7220",TRUE,"Druk13","13 Afname bodemdynamiek (erosie, omwoeling, verstuiving)","",,,"S",
"Moerassen","7220","7220",TRUE,"Druk15","15 Verlies van terrestrische connectiviteit","",,,"S",
"Moerassen","7220","7220",TRUE,"Druk3.2","3.2 Eutrofiëring via de bodem","",,,"S",
"Moerassen","7220","7220",TRUE,"Druk4.2","4.2 Verzuring via het grondwater","",,,"S",
"Moerassen","7220","7220",TRUE,"Druk4.3","4.3 Verzuring via het oppervlaktewater (incl. overstromingswater)","",,,"S",
"Moerassen","7220","7220",TRUE,"Druk5.2","5.2 Vernatting via het grondwater","",,,"S",
"Moerassen","7220","7220",TRUE,"Druk65","65  Toename golfslagwerking","",,,"S",
"Moerassen","7220","7220",TRUE,"Druk66","66  Afname golfslagwerking","",,,"S",
"Moerassen","7220","7220",TRUE,"Druk7.3","7.3 Verzilting via het grondwater","",,,"S",
"Moerassen","7220","7220",TRUE,"Druk7.4","7.4 Verzilting via het oppervlaktewater (incl. overstromingswater)","",,,"S",
"Moerassen","7220","7220",TRUE,"Druk8.1","8.1 Verontreiniging via de lucht","",,,"S",
"Moerassen","7220","7220",TRUE,"Druk8.2","8.2 Verontreiniging via de bodem","",,,"S",
"Moerassen","7220","7220",TRUE,"Druk8.3","8.3 Verontreiniging via het grondwater","",,,"S",
"Moerassen","7220","7220",TRUE,"Druk8.4","8.4 Verontreiniging via het oppervlaktewater (incl. overstromingswater)","",,,"S",
"Moerassen","7220","7220",TRUE,"Druk9.3","9.3 Beweging en andere visuele verstoring","",,,"S",
"Moerassen","7220","7220",TRUE,"Druk8.5","8.5 Thermische verontreiniging: toename temperatuur oppervlaktewater","",,,"P",
"Moerassen","7230","7230",TRUE,"Druk3.3","3.3 Eutrofiëring via het grondwater","","H",1,"H",1
"Moerassen","7230","7230",TRUE,"Druk5.1","5.1 Verdroging via het grondwater","","H",2,"M",2
"Moerassen","7230","7230",TRUE,"Druk15","15 Verlies van terrestrische connectiviteit","","H",3,"M",3
"Moerassen","7230","7230",TRUE,"Druk3.1","3.1 Eutrofiëring via de lucht","","M",4,"M",4
"Moerassen","7230","7230",TRUE,"Druk8.1","8.1 Verontreiniging via de lucht","","M",4,"M",4
"Moerassen","7230","7230",TRUE,"Druk101","101 Klimaatverandering in droge perioden","","L",6,"L",5
"Moerassen","7230","7230",TRUE,"Druk3.2","3.2 Eutrofiëring via de bodem","","L",6,"L",5
"Moerassen","7230","7230",TRUE,"Druk3.4","3.4 Eutrofiëring via het oppervlaktewater (incl. overstromingswater en afspoeling)","","L",6,"L",5
"Moerassen","7230","7230",TRUE,"Druk5.2","5.2 Vernatting via het grondwater","","L",6,"L",5
"Moerassen","7230","7230",TRUE,"Druk8.3","8.3 Verontreiniging via het grondwater","","L",6,"L",5
"Moerassen","7230","7230",TRUE,"Druk8.4","8.4 Verontreiniging via het oppervlaktewater (incl. overstromingswater)","","L",6,"L",5
"Moerassen","7230","7230",TRUE,"Druk102","102 Klimaatverandering in natte perioden","","L",7,"L",6
"Moerassen","7230","7230",TRUE,"Druk12","12 Toename bodemdynamiek (erosie, omwoeling, verstuiving)","","L",7,"L",6
"Moerassen","7230","7230",TRUE,"Druk4.2","4.2 Verzuring via het grondwater","","L",7,"L",6
"Moerassen","7230","7230",TRUE,"Druk4.3","4.3 Verzuring via het oppervlaktewater (incl. overstromingswater)","","L",7,"L",6
"Moerassen","7230","7230",TRUE,"Druk61","61 Toename overstromingsduur of -frequentie (incl. getijden)","","L",7,"L",6
"Moerassen","7230","7230",TRUE,"Druk8.2","8.2 Verontreiniging via de bodem","","L",7,"L",6
"Moerassen","7230","7230",TRUE,"Druk4.1","4.1 Verzuring via de lucht","","L",7,"L",7
"Moerassen","7230","7230",TRUE,"Druk11","11 Aanpassing van de fysische structuur naar een blijvende nieuwe toestand (bodemcompactie, verharding, herprofilering, nieuw substraat, grondverzet, ...)","",,,"S",
"Moerassen","7230","7230",TRUE,"Druk13","13 Afname bodemdynamiek (erosie, omwoeling, verstuiving)","",,,"S",
"Moerassen","7230","7230",TRUE,"Druk14","14 Verlies van aquatische connectiviteit","",,,"S",
"Moerassen","7230","7230",TRUE,"Druk7.3","7.3 Verzilting via het grondwater","",,,"S",
"Moerassen","7230","7230",TRUE,"Druk7.4","7.4 Verzilting via het oppervlaktewater (incl. overstromingswater)","",,,"S",
"Moerassen","7230","7230",TRUE,"Druk9.3","9.3 Beweging en andere visuele verstoring","",,,"S",
"Moerassen","7230","7230",TRUE,"Druk8.5","8.5 Thermische verontreiniging: toename temperatuur oppervlaktewater","",,,"P",
"Rotsachtige habitats en grotten","8310","8310",TRUE,"Druk11","11 Aanpassing van de fysische structuur naar een blijvende nieuwe toestand (bodemcompactie, verharding, herprofilering, nieuw substraat, grondverzet, ...)","","H",1,"H",1
"Rotsachtige habitats en grotten","8310","8310",TRUE,"Druk9.2","9.2 Licht en straling","","H",2,"H",2
"Rotsachtige habitats en grotten","8310","8310",TRUE,"Druk15","15 Verlies van terrestrische connectiviteit","","H",3,"H",3
"Rotsachtige habitats en grotten","8310","8310",TRUE,"Druk9.1","9.1 Geluid en trillingen","","H",3,"H",3
"Rotsachtige habitats en grotten","8310","8310",TRUE,"Druk9.3","9.3 Beweging en andere visuele verstoring","","M",4,"M",4
"Rotsachtige habitats en grotten","8310","8310",TRUE,"Druk101","101 Klimaatverandering in droge perioden","","M",5,"M",5
"Rotsachtige habitats en grotten","8310","8310",TRUE,"Druk102","102 Klimaatverandering in natte perioden","","M",5,"M",5
"Rotsachtige habitats en grotten","8310","8310",TRUE,"Druk5.1","5.1 Verdroging via het grondwater","","M",6,"M",6
"Rotsachtige habitats en grotten","8310","8310",TRUE,"Druk8.2","8.2 Verontreiniging via de bodem","","L",7,"L",7
"Rotsachtige habitats en grotten","8310","8310",TRUE,"Druk8.3","8.3 Verontreiniging via het grondwater","","L",7,"L",7
"Rotsachtige habitats en grotten","8310","8310",TRUE,"Druk12","12 Toename bodemdynamiek (erosie, omwoeling, verstuiving)","","L",9,"L",8
"Rotsachtige habitats en grotten","8310","8310",TRUE,"Druk14","14 Verlies van aquatische connectiviteit","","L",9,"L",8
"Rotsachtige habitats en grotten","8310","8310",TRUE,"Druk8.1","8.1 Verontreiniging via de lucht","","L",9,"L",8
"Rotsachtige habitats en grotten","8310","8310",TRUE,"Druk13","13 Afname bodemdynamiek (erosie, omwoeling, verstuiving)","",,,"S",
"Rotsachtige habitats en grotten","8310","8310",TRUE,"Druk61","61 Toename overstromingsduur of -frequentie (incl. getijden)","",,,"S",
"Bossen en struwelen","9110","9110",TRUE,"Druk4.1","4.1 Verzuring via de lucht","BEHOUD","H",1,"H",1
"Bossen en struwelen","9110","9110",TRUE,"Druk3.1","3.1 Eutrofiëring via de lucht","","H",2,"H",2
"Bossen en struwelen","9110","9110",TRUE,"Druk15","15 Verlies van terrestrische connectiviteit","","H",3,"H",3
"Bossen en struwelen","9110","9110",TRUE,"Druk101","101 Klimaatverandering in droge perioden","","M",4,"M",4
"Bossen en struwelen","9110","9110",TRUE,"Druk11","11 Aanpassing van de fysische structuur naar een blijvende nieuwe toestand (bodemcompactie, verharding, herprofilering, nieuw substraat, grondverzet, ...)","","M",4,"M",4
"Bossen en struwelen","9110","9110",TRUE,"Druk102","102 Klimaatverandering in natte perioden","","L",5,"L",5
"Bossen en struwelen","9110","9110",TRUE,"Druk5.2","5.2 Vernatting via het grondwater","","L",5,"L",5
"Bossen en struwelen","9110","9110",TRUE,"Druk12","12 Toename bodemdynamiek (erosie, omwoeling, verstuiving)","",,,"S",
"Bossen en struwelen","9110","9110",TRUE,"Druk13","13 Afname bodemdynamiek (erosie, omwoeling, verstuiving)","",,,"S",
"Bossen en struwelen","9110","9110",TRUE,"Druk14","14 Verlies van aquatische connectiviteit","",,,"S",
"Bossen en struwelen","9110","9110",TRUE,"Druk3.2","3.2 Eutrofiëring via de bodem","",,,"S",
"Bossen en struwelen","9110","9110",TRUE,"Druk3.4","3.4 Eutrofiëring via het oppervlaktewater (incl. overstromingswater en afspoeling)","",,,"S",
"Bossen en struwelen","9110","9110",TRUE,"Druk4.3","4.3 Verzuring via het oppervlaktewater (incl. overstromingswater)","",,,"S",
"Bossen en struwelen","9110","9110",TRUE,"Druk61","61 Toename overstromingsduur of -frequentie (incl. getijden)","",,,"S",
"Bossen en struwelen","9110","9110",TRUE,"Druk7.4","7.4 Verzilting via het oppervlaktewater (incl. overstromingswater)","",,,"S",
"Bossen en struwelen","9110","9110",TRUE,"Druk8.1","8.1 Verontreiniging via de lucht","",,,"S",
"Bossen en struwelen","9110","9110",TRUE,"Druk8.2","8.2 Verontreiniging via de bodem","",,,"S",
"Bossen en struwelen","9110","9110",TRUE,"Druk8.4","8.4 Verontreiniging via het oppervlaktewater (incl. overstromingswater)","",,,"S",
"Bossen en struwelen","9110","9110",TRUE,"Druk9.3","9.3 Beweging en andere visuele verstoring","",,,"S",
"Bossen en struwelen","9110","9110",TRUE,"Druk8.5","8.5 Thermische verontreiniging: toename temperatuur oppervlaktewater","",,,"P",
"Bossen en struwelen","9120","9120",TRUE,"Druk4.1","4.1 Verzuring via de lucht","","H",1,"H",1
"Bossen en struwelen","9120","9120",TRUE,"Druk3.1","3.1 Eutrofiëring via de lucht","","H",2,"H",2
"Bossen en struwelen","9120","9120",TRUE,"Druk15","15 Verlies van terrestrische connectiviteit","","H",3,"H",3
"Bossen en struwelen","9120","9120",TRUE,"Druk101","101 Klimaatverandering in droge perioden","","M",4,"M",4
"Bossen en struwelen","9120","9120",TRUE,"Druk11","11 Aanpassing van de fysische structuur naar een blijvende nieuwe toestand (bodemcompactie, verharding, herprofilering, nieuw substraat, grondverzet, ...)","","M",4,"M",4
"Bossen en struwelen","9120","9120",TRUE,"Druk5.2","5.2 Vernatting via het grondwater","","L",5,"M",5
"Bossen en struwelen","9120","9120",TRUE,"Druk102","102 Klimaatverandering in natte perioden","","L",5,"L",6
"Bossen en struwelen","9120","9120",TRUE,"Druk12","12 Toename bodemdynamiek (erosie, omwoeling, verstuiving)","",,,"S",
"Bossen en struwelen","9120","9120",TRUE,"Druk13","13 Afname bodemdynamiek (erosie, omwoeling, verstuiving)","",,,"S",
"Bossen en struwelen","9120","9120",TRUE,"Druk14","14 Verlies van aquatische connectiviteit","",,,"S",
"Bossen en struwelen","9120","9120",TRUE,"Druk3.2","3.2 Eutrofiëring via de bodem","",,,"S",
"Bossen en struwelen","9120","9120",TRUE,"Druk3.3","3.3 Eutrofiëring via het grondwater","",,,"S",
"Bossen en struwelen","9120","9120",TRUE,"Druk3.4","3.4 Eutrofiëring via het oppervlaktewater (incl. overstromingswater en afspoeling)","",,,"S",
"Bossen en struwelen","9120","9120",TRUE,"Druk4.2","4.2 Verzuring via het grondwater","",,,"S",
"Bossen en struwelen","9120","9120",TRUE,"Druk4.3","4.3 Verzuring via het oppervlaktewater (incl. overstromingswater)","",,,"S",
"Bossen en struwelen","9120","9120",TRUE,"Druk61","61 Toename overstromingsduur of -frequentie (incl. getijden)","",,,"S",
"Bossen en struwelen","9120","9120",TRUE,"Druk7.3","7.3 Verzilting via het grondwater","",,,"S",
"Bossen en struwelen","9120","9120",TRUE,"Druk7.4","7.4 Verzilting via het oppervlaktewater (incl. overstromingswater)","",,,"S",
"Bossen en struwelen","9120","9120",TRUE,"Druk8.1","8.1 Verontreiniging via de lucht","",,,"S",
"Bossen en struwelen","9120","9120",TRUE,"Druk8.2","8.2 Verontreiniging via de bodem","",,,"S",
"Bossen en struwelen","9120","9120",TRUE,"Druk8.3","8.3 Verontreiniging via het grondwater","",,,"S",
"Bossen en struwelen","9120","9120",TRUE,"Druk8.4","8.4 Verontreiniging via het oppervlaktewater (incl. overstromingswater)","",,,"S",
"Bossen en struwelen","9120","9120",TRUE,"Druk9.3","9.3 Beweging en andere visuele verstoring","",,,"S",
"Bossen en struwelen","9120","9120",TRUE,"Druk8.5","8.5 Thermische verontreiniging: toename temperatuur oppervlaktewater","",,,"P",
"Bossen en struwelen","9130","9130_end",TRUE,"Druk4.1","4.1 Verzuring via de lucht","","H",1,"H",1
"Bossen en struwelen","9130","9130_end",TRUE,"Druk3.1","3.1 Eutrofiëring via de lucht","","H",2,"H",2
"Bossen en struwelen","9130","9130_end",TRUE,"Druk15","15 Verlies van terrestrische connectiviteit","","H",3,"H",3
"Bossen en struwelen","9130","9130_end",TRUE,"Druk101","101 Klimaatverandering in droge perioden","","M",4,"M",4
"Bossen en struwelen","9130","9130_end",TRUE,"Druk11","11 Aanpassing van de fysische structuur naar een blijvende nieuwe toestand (bodemcompactie, verharding, herprofilering, nieuw substraat, grondverzet, ...)","","M",4,"M",4
"Bossen en struwelen","9130","9130_end",TRUE,"Druk3.3","3.3 Eutrofiëring via het grondwater","","M",4,"M",4
"Bossen en struwelen","9130","9130_end",TRUE,"Druk102","102 Klimaatverandering in natte perioden","","L",5,"L",5
"Bossen en struwelen","9130","9130_end",TRUE,"Druk3.4","3.4 Eutrofiëring via het oppervlaktewater (incl. overstromingswater en afspoeling)","","L",5,"L",5
"Bossen en struwelen","9130","9130_end",TRUE,"Druk5.1","5.1 Verdroging via het grondwater","","L",5,"L",5
"Bossen en struwelen","9130","9130_end",TRUE,"Druk12","12 Toename bodemdynamiek (erosie, omwoeling, verstuiving)","",,,"S",
"Bossen en struwelen","9130","9130_end",TRUE,"Druk13","13 Afname bodemdynamiek (erosie, omwoeling, verstuiving)","",,,"S",
"Bossen en struwelen","9130","9130_end",TRUE,"Druk14","14 Verlies van aquatische connectiviteit","",,,"S",
"Bossen en struwelen","9130","9130_end",TRUE,"Druk3.2","3.2 Eutrofiëring via de bodem","",,,"S",
"Bossen en struwelen","9130","9130_end",TRUE,"Druk4.2","4.2 Verzuring via het grondwater","",,,"S",
"Bossen en struwelen","9130","9130_end",TRUE,"Druk5.2","5.2 Vernatting via het grondwater","",,,"S",
"Bossen en struwelen","9130","9130_end",TRUE,"Druk61","61 Toename overstromingsduur of -frequentie (incl. getijden)","",,,"S",
"Bossen en struwelen","9130","9130_end",TRUE,"Druk7.3","7.3 Verzilting via het grondwater","",,,"S",
"Bossen en struwelen","9130","9130_end",TRUE,"Druk7.4","7.4 Verzilting via het oppervlaktewater (incl. overstromingswater)","",,,"S",
"Bossen en struwelen","9130","9130_end",TRUE,"Druk8.1","8.1 Verontreiniging via de lucht","",,,"S",
"Bossen en struwelen","9130","9130_end",TRUE,"Druk8.2","8.2 Verontreiniging via de bodem","",,,"S",
"Bossen en struwelen","9130","9130_end",TRUE,"Druk8.3","8.3 Verontreiniging via het grondwater","",,,"S",
"Bossen en struwelen","9130","9130_end",TRUE,"Druk8.4","8.4 Verontreiniging via het oppervlaktewater (incl. overstromingswater)","",,,"S",
"Bossen en struwelen","9130","9130_end",TRUE,"Druk9.3","9.3 Beweging en andere visuele verstoring","",,,"S",
"Bossen en struwelen","9130","9130_end",TRUE,"Druk8.5","8.5 Thermische verontreiniging: toename temperatuur oppervlaktewater","",,,"P",
"Bossen en struwelen","9130","9130_end",TRUE,"Druk9.1","9.1 Geluid en trillingen","",,,"P",
"Bossen en struwelen","9130","9130_end",TRUE,"Druk9.2","9.2 Licht en straling","",,,"P",
"Bossen en struwelen","9130","9130_fm",TRUE,"Druk4.1","4.1 Verzuring via de lucht","","H",1,"H",1
"Bossen en struwelen","9130","9130_fm",TRUE,"Druk3.1","3.1 Eutrofiëring via de lucht","","H",2,"H",2
"Bossen en struwelen","9130","9130_fm",TRUE,"Druk15","15 Verlies van terrestrische connectiviteit","","H",3,"H",3
"Bossen en struwelen","9130","9130_fm",TRUE,"Druk101","101 Klimaatverandering in droge perioden","","M",4,"M",4
"Bossen en struwelen","9130","9130_fm",TRUE,"Druk11","11 Aanpassing van de fysische structuur naar een blijvende nieuwe toestand (bodemcompactie, verharding, herprofilering, nieuw substraat, grondverzet, ...)","","M",4,"M",4
"Bossen en struwelen","9130","9130_fm",TRUE,"Druk3.3","3.3 Eutrofiëring via het grondwater","","M",4,"M",4
"Bossen en struwelen","9130","9130_fm",TRUE,"Druk102","102 Klimaatverandering in natte perioden","","L",5,"L",5
"Bossen en struwelen","9130","9130_fm",TRUE,"Druk3.4","3.4 Eutrofiëring via het oppervlaktewater (incl. overstromingswater en afspoeling)","","L",5,"L",5
"Bossen en struwelen","9130","9130_fm",TRUE,"Druk5.1","5.1 Verdroging via het grondwater","","L",5,"L",5
"Bossen en struwelen","9130","9130_fm",TRUE,"Druk12","12 Toename bodemdynamiek (erosie, omwoeling, verstuiving)","",,,"S",
"Bossen en struwelen","9130","9130_fm",TRUE,"Druk13","13 Afname bodemdynamiek (erosie, omwoeling, verstuiving)","",,,"S",
"Bossen en struwelen","9130","9130_fm",TRUE,"Druk14","14 Verlies van aquatische connectiviteit","",,,"S",
"Bossen en struwelen","9130","9130_fm",TRUE,"Druk3.2","3.2 Eutrofiëring via de bodem","",,,"S",
"Bossen en struwelen","9130","9130_fm",TRUE,"Druk4.2","4.2 Verzuring via het grondwater","",,,"S",
"Bossen en struwelen","9130","9130_fm",TRUE,"Druk5.2","5.2 Vernatting via het grondwater","",,,"S",
"Bossen en struwelen","9130","9130_fm",TRUE,"Druk61","61 Toename overstromingsduur of -frequentie (incl. getijden)","",,,"S",
"Bossen en struwelen","9130","9130_fm",TRUE,"Druk7.3","7.3 Verzilting via het grondwater","",,,"S",
"Bossen en struwelen","9130","9130_fm",TRUE,"Druk7.4","7.4 Verzilting via het oppervlaktewater (incl. overstromingswater)","",,,"S",
"Bossen en struwelen","9130","9130_fm",TRUE,"Druk8.1","8.1 Verontreiniging via de lucht","",,,"S",
"Bossen en struwelen","9130","9130_fm",TRUE,"Druk8.2","8.2 Verontreiniging via de bodem","",,,"S",
"Bossen en struwelen","9130","9130_fm",TRUE,"Druk8.3","8.3 Verontreiniging via het grondwater","",,,"S",
"Bossen en struwelen","9130","9130_fm",TRUE,"Druk8.4","8.4 Verontreiniging via het oppervlaktewater (incl. overstromingswater)","",,,"S",
"Bossen en struwelen","9130","9130_fm",TRUE,"Druk9.3","9.3 Beweging en andere visuele verstoring","",,,"S",
"Bossen en struwelen","9130","9130_fm",TRUE,"Druk8.5","8.5 Thermische verontreiniging: toename temperatuur oppervlaktewater","",,,"P",
"Bossen en struwelen","9130","9130_fm",TRUE,"Druk9.1","9.1 Geluid en trillingen","",,,"P",
"Bossen en struwelen","9130","9130_fm",TRUE,"Druk9.2","9.2 Licht en straling","",,,"P",
"Bossen en struwelen","9150","9150",TRUE,"Druk3.1","3.1 Eutrofiëring via de lucht","","H",1,"H",1
"Bossen en struwelen","9150","9150",TRUE,"Druk15","15 Verlies van terrestrische connectiviteit","","H",2,"H",2
"Bossen en struwelen","9150","9150",TRUE,"Druk11","11 Aanpassing van de fysische structuur naar een blijvende nieuwe toestand (bodemcompactie, verharding, herprofilering, nieuw substraat, grondverzet, ...)","","M",3,"M",3
"Bossen en struwelen","9150","9150",TRUE,"Druk13","13 Afname bodemdynamiek (erosie, omwoeling, verstuiving)","","M",3,"M",3
"Bossen en struwelen","9150","9150",TRUE,"Druk4.1","4.1 Verzuring via de lucht","","M",3,"M",3
"Bossen en struwelen","9150","9150",TRUE,"Druk101","101 Klimaatverandering in droge perioden","","L",4,"L",4
"Bossen en struwelen","9150","9150",TRUE,"Druk12","12 Toename bodemdynamiek (erosie, omwoeling, verstuiving)","",,,"S",
"Bossen en struwelen","9150","9150",TRUE,"Druk14","14 Verlies van aquatische connectiviteit","",,,"S",
"Bossen en struwelen","9150","9150",TRUE,"Druk3.2","3.2 Eutrofiëring via de bodem","",,,"S",
"Bossen en struwelen","9150","9150",TRUE,"Druk5.2","5.2 Vernatting via het grondwater","",,,"S",
"Bossen en struwelen","9150","9150",TRUE,"Druk61","61 Toename overstromingsduur of -frequentie (incl. getijden)","",,,"S",
"Bossen en struwelen","9150","9150",TRUE,"Druk8.1","8.1 Verontreiniging via de lucht","",,,"S",
"Bossen en struwelen","9150","9150",TRUE,"Druk8.2","8.2 Verontreiniging via de bodem","",,,"S",
"Bossen en struwelen","9150","9150",TRUE,"Druk9.3","9.3 Beweging en andere visuele verstoring","",,,"S",
"Bossen en struwelen","9150","9150",TRUE,"Druk8.5","8.5 Thermische verontreiniging: toename temperatuur oppervlaktewater","",,,"P",
"Bossen en struwelen","9150","9150",TRUE,"Druk9.1","9.1 Geluid en trillingen","",,,"P",
"Bossen en struwelen","9150","9150",TRUE,"Druk9.2","9.2 Licht en straling","",,,"P",
"Bossen en struwelen","9160","9160",TRUE,"Druk4.1","4.1 Verzuring via de lucht","","H",1,"H",1
"Bossen en struwelen","9160","9160",TRUE,"Druk3.1","3.1 Eutrofiëring via de lucht","","H",2,"H",2
"Bossen en struwelen","9160","9160",TRUE,"Druk15","15 Verlies van terrestrische connectiviteit","","H",3,"H",3
"Bossen en struwelen","9160","9160",TRUE,"Druk11","11 Aanpassing van de fysische structuur naar een blijvende nieuwe toestand (bodemcompactie, verharding, herprofilering, nieuw substraat, grondverzet, ...)","","M",4,"M",4
"Bossen en struwelen","9160","9160",TRUE,"Druk3.3","3.3 Eutrofiëring via het grondwater","","M",4,"M",4
"Bossen en struwelen","9160","9160",TRUE,"Druk5.2","5.2 Vernatting via het grondwater","",,,"M",5
"Bossen en struwelen","9160","9160",TRUE,"Druk101","101 Klimaatverandering in droge perioden","","L",5,"L",6
"Bossen en struwelen","9160","9160",TRUE,"Druk3.4","3.4 Eutrofiëring via het oppervlaktewater (incl. overstromingswater en afspoeling)","","L",5,"L",6
"Bossen en struwelen","9160","9160",TRUE,"Druk5.1","5.1 Verdroging via het grondwater","","L",5,"L",6
"Bossen en struwelen","9160","9160",TRUE,"Druk12","12 Toename bodemdynamiek (erosie, omwoeling, verstuiving)","",,,"S",
"Bossen en struwelen","9160","9160",TRUE,"Druk13","13 Afname bodemdynamiek (erosie, omwoeling, verstuiving)","",,,"S",
"Bossen en struwelen","9160","9160",TRUE,"Druk14","14 Verlies van aquatische connectiviteit","",,,"S",
"Bossen en struwelen","9160","9160",TRUE,"Druk3.2","3.2 Eutrofiëring via de bodem","",,,"S",
"Bossen en struwelen","9160","9160",TRUE,"Druk4.2","4.2 Verzuring via het grondwater","",,,"S",
"Bossen en struwelen","9160","9160",TRUE,"Druk61","61 Toename overstromingsduur of -frequentie (incl. getijden)","",,,"S",
"Bossen en struwelen","9160","9160",TRUE,"Druk7.3","7.3 Verzilting via het grondwater","",,,"S",
"Bossen en struwelen","9160","9160",TRUE,"Druk7.4","7.4 Verzilting via het oppervlaktewater (incl. overstromingswater)","",,,"S",
"Bossen en struwelen","9160","9160",TRUE,"Druk8.1","8.1 Verontreiniging via de lucht","",,,"S",
"Bossen en struwelen","9160","9160",TRUE,"Druk8.2","8.2 Verontreiniging via de bodem","",,,"S",
"Bossen en struwelen","9160","9160",TRUE,"Druk8.3","8.3 Verontreiniging via het grondwater","",,,"S",
"Bossen en struwelen","9160","9160",TRUE,"Druk8.4","8.4 Verontreiniging via het oppervlaktewater (incl. overstromingswater)","",,,"S",
"Bossen en struwelen","9160","9160",TRUE,"Druk9.3","9.3 Beweging en andere visuele verstoring","",,,"S",
"Bossen en struwelen","9160","9160",TRUE,"Druk8.5","8.5 Thermische verontreiniging: toename temperatuur oppervlaktewater","",,,"P",
"Bossen en struwelen","9190","9190",TRUE,"Druk3.1","3.1 Eutrofiëring via de lucht","","H",1,"H",1
"Bossen en struwelen","9190","9190",TRUE,"Druk4.1","4.1 Verzuring via de lucht","","H",2,"H",2
"Bossen en struwelen","9190","9190",TRUE,"Druk15","15 Verlies van terrestrische connectiviteit","","H",3,"H",3
"Bossen en struwelen","9190","9190",TRUE,"Druk11","11 Aanpassing van de fysische structuur naar een blijvende nieuwe toestand (bodemcompactie, verharding, herprofilering, nieuw substraat, grondverzet, ...)","","M",4,"M",4
"Bossen en struwelen","9190","9190",TRUE,"Druk5.1","5.1 Verdroging via het grondwater","","M",4,"M",4
"Bossen en struwelen","9190","9190",TRUE,"Druk5.2","5.2 Vernatting via het grondwater","",,,"L",5
"Bossen en struwelen","9190","9190",TRUE,"Druk101","101 Klimaatverandering in droge perioden","","L",5,"L",6
"Bossen en struwelen","9190","9190",TRUE,"Druk12","12 Toename bodemdynamiek (erosie, omwoeling, verstuiving)","","L",5,"L",6
"Bossen en struwelen","9190","9190",TRUE,"Druk3.3","3.3 Eutrofiëring via het grondwater","","L",5,"L",6
"Bossen en struwelen","9190","9190",TRUE,"Druk13","13 Afname bodemdynamiek (erosie, omwoeling, verstuiving)","",,,"S",
"Bossen en struwelen","9190","9190",TRUE,"Druk14","14 Verlies van aquatische connectiviteit","",,,"S",
"Bossen en struwelen","9190","9190",TRUE,"Druk3.2","3.2 Eutrofiëring via de bodem","",,,"S",
"Bossen en struwelen","9190","9190",TRUE,"Druk3.4","3.4 Eutrofiëring via het oppervlaktewater (incl. overstromingswater en afspoeling)","",,,"S",
"Bossen en struwelen","9190","9190",TRUE,"Druk4.2","4.2 Verzuring via het grondwater","",,,"S",
"Bossen en struwelen","9190","9190",TRUE,"Druk4.3","4.3 Verzuring via het oppervlaktewater (incl. overstromingswater)","",,,"S",
"Bossen en struwelen","9190","9190",TRUE,"Druk61","61 Toename overstromingsduur of -frequentie (incl. getijden)","",,,"S",
"Bossen en struwelen","9190","9190",TRUE,"Druk7.3","7.3 Verzilting via het grondwater","",,,"S",
"Bossen en struwelen","9190","9190",TRUE,"Druk7.4","7.4 Verzilting via het oppervlaktewater (incl. overstromingswater)","",,,"S",
"Bossen en struwelen","9190","9190",TRUE,"Druk8.1","8.1 Verontreiniging via de lucht","",,,"S",
"Bossen en struwelen","9190","9190",TRUE,"Druk8.2","8.2 Verontreiniging via de bodem","",,,"S",
"Bossen en struwelen","9190","9190",TRUE,"Druk8.3","8.3 Verontreiniging via het grondwater","",,,"S",
"Bossen en struwelen","9190","9190",TRUE,"Druk8.4","8.4 Verontreiniging via het oppervlaktewater (incl. overstromingswater)","",,,"S",
"Bossen en struwelen","9190","9190",TRUE,"Druk9.3","9.3 Beweging en andere visuele verstoring","",,,"S",
"Bossen en struwelen","9190","9190",TRUE,"Druk8.5","8.5 Thermische verontreiniging: toename temperatuur oppervlaktewater","",,,"P",
"Bossen en struwelen","91E0","91E0_sf",FALSE,"Druk62","62 Afname overstromingsduur of -frequentie (incl. getijden)","","H",1,"H",1
"Bossen en struwelen","91E0","91E0_sf",FALSE,"Druk61","61 Toename overstromingsduur of -frequentie (incl. getijden)","","H",2,"H",2
"Bossen en struwelen","91E0","91E0_sf",FALSE,"Druk5.1","5.1 Verdroging via het grondwater","","H",3,"H",3
"Bossen en struwelen","91E0","91E0_sf",FALSE,"Druk14","14 Verlies van aquatische connectiviteit","","M",4,"M",4
"Bossen en struwelen","91E0","91E0_sf",FALSE,"Druk3.4","3.4 Eutrofiëring via het oppervlaktewater (incl. overstromingswater en afspoeling)","","M",4,"M",4
"Bossen en struwelen","91E0","91E0_sf",FALSE,"Druk63","63 Toename van stroomsnelheid, waterpeil en/of de fluctuatie ervan","","M",5,"M",5
"Bossen en struwelen","91E0","91E0_sf",FALSE,"Druk11","11 Aanpassing van de fysische structuur naar een blijvende nieuwe toestand (bodemcompactie, verharding, herprofilering, nieuw substraat, grondverzet, ...)","","M",6,"M",6
"Bossen en struwelen","91E0","91E0_sf",FALSE,"Druk15","15 Verlies van terrestrische connectiviteit","","L",7,"L",7
"Bossen en struwelen","91E0","91E0_sf",FALSE,"Druk3.3","3.3 Eutrofiëring via het grondwater","","L",7,"L",7
"Bossen en struwelen","91E0","91E0_sf",FALSE,"Druk12","12 Toename bodemdynamiek (erosie, omwoeling, verstuiving)","","L",8,"L",8
"Bossen en struwelen","91E0","91E0_sf",FALSE,"Druk5.2","5.2 Vernatting via het grondwater","","L",9,"L",9
"Bossen en struwelen","91E0","91E0_sf",FALSE,"Druk7.4","7.4 Verzilting via het oppervlaktewater (incl. overstromingswater)","","L",10,"L",10
"Bossen en struwelen","91E0","91E0_sf",FALSE,"Druk64","64 Afname van stroomsnelheid, waterpeil en/of de fluctuatie ervan","","L",11,"L",11
"Bossen en struwelen","91E0","91E0_sf",FALSE,"Druk65","65  Toename golfslagwerking","","L",12,"L",12
"Bossen en struwelen","91E0","91E0_sf",FALSE,"Druk13","13 Afname bodemdynamiek (erosie, omwoeling, verstuiving)","",,,"S",
"Bossen en struwelen","91E0","91E0_sf",FALSE,"Druk3.2","3.2 Eutrofiëring via de bodem","",,,"S",
"Bossen en struwelen","91E0","91E0_sf",FALSE,"Druk4.2","4.2 Verzuring via het grondwater","",,,"S",
"Bossen en struwelen","91E0","91E0_sf",FALSE,"Druk4.3","4.3 Verzuring via het oppervlaktewater (incl. overstromingswater)","",,,"S",
"Bossen en struwelen","91E0","91E0_sf",FALSE,"Druk66","66  Afname golfslagwerking","",,,"S",
"Bossen en struwelen","91E0","91E0_sf",FALSE,"Druk7.3","7.3 Verzilting via het grondwater","",,,"S",
"Bossen en struwelen","91E0","91E0_sf",FALSE,"Druk8.1","8.1 Verontreiniging via de lucht","",,,"S",
"Bossen en struwelen","91E0","91E0_sf",FALSE,"Druk8.2","8.2 Verontreiniging via de bodem","",,,"S",
"Bossen en struwelen","91E0","91E0_sf",FALSE,"Druk8.3","8.3 Verontreiniging via het grondwater","",,,"S",
"Bossen en struwelen","91E0","91E0_sf",FALSE,"Druk8.4","8.4 Verontreiniging via het oppervlaktewater (incl. overstromingswater)","",,,"S",
"Bossen en struwelen","91E0","91E0_sf",FALSE,"Druk9.3","9.3 Beweging en andere visuele verstoring","",,,"S",
"Bossen en struwelen","91E0","91E0_sf",FALSE,"Druk8.5","8.5 Thermische verontreiniging: toename temperatuur oppervlaktewater","",,,"P",
"Bossen en struwelen","91E0","91E0_va",FALSE,"Druk3.3","3.3 Eutrofiëring via het grondwater","","H",1,"H",1
"Bossen en struwelen","91E0","91E0_va",FALSE,"Druk3.4","3.4 Eutrofiëring via het oppervlaktewater (incl. overstromingswater en afspoeling)","","H",2,"H",2
"Bossen en struwelen","91E0","91E0_va",FALSE,"Druk5.1","5.1 Verdroging via het grondwater","","H",2,"H",2
"Bossen en struwelen","91E0","91E0_va",FALSE,"Druk5.2","5.2 Vernatting via het grondwater","","H",3,"H",3
"Bossen en struwelen","91E0","91E0_va",FALSE,"Druk14","14 Verlies van aquatische connectiviteit","","M",4,"M",4
"Bossen en struwelen","91E0","91E0_va",FALSE,"Druk15","15 Verlies van terrestrische connectiviteit","","M",5,"M",5
"Bossen en struwelen","91E0","91E0_va",FALSE,"Druk11","11 Aanpassing van de fysische structuur naar een blijvende nieuwe toestand (bodemcompactie, verharding, herprofilering, nieuw substraat, grondverzet, ...)","","M",6,"M",6
"Bossen en struwelen","91E0","91E0_va",FALSE,"Druk3.1","3.1 Eutrofiëring via de lucht","","M",6,"M",6
"Bossen en struwelen","91E0","91E0_va",FALSE,"Druk4.1","4.1 Verzuring via de lucht","","M",6,"M",6
"Bossen en struwelen","91E0","91E0_va",FALSE,"Druk61","61 Toename overstromingsduur of -frequentie (incl. getijden)","","M",6,"M",6
"Bossen en struwelen","91E0","91E0_va",FALSE,"Druk62","62 Afname overstromingsduur of -frequentie (incl. getijden)","","L",7,"L",7
"Bossen en struwelen","91E0","91E0_va",FALSE,"Druk63","63 Toename van stroomsnelheid, waterpeil en/of de fluctuatie ervan","","L",7,"L",7
"Bossen en struwelen","91E0","91E0_va",FALSE,"Druk64","64 Afname van stroomsnelheid, waterpeil en/of de fluctuatie ervan","","L",7,"L",7
"Bossen en struwelen","91E0","91E0_va",FALSE,"Druk12","12 Toename bodemdynamiek (erosie, omwoeling, verstuiving)","",,,"S",
"Bossen en struwelen","91E0","91E0_va",FALSE,"Druk13","13 Afname bodemdynamiek (erosie, omwoeling, verstuiving)","",,,"S",
"Bossen en struwelen","91E0","91E0_va",FALSE,"Druk3.2","3.2 Eutrofiëring via de bodem","",,,"S",
"Bossen en struwelen","91E0","91E0_va",FALSE,"Druk4.2","4.2 Verzuring via het grondwater","",,,"S",
"Bossen en struwelen","91E0","91E0_va",FALSE,"Druk4.3","4.3 Verzuring via het oppervlaktewater (incl. overstromingswater)","",,,"S",
"Bossen en struwelen","91E0","91E0_va",FALSE,"Druk7.3","7.3 Verzilting via het grondwater","",,,"S",
"Bossen en struwelen","91E0","91E0_va",FALSE,"Druk7.4","7.4 Verzilting via het oppervlaktewater (incl. overstromingswater)","",,,"S",
"Bossen en struwelen","91E0","91E0_va",FALSE,"Druk8.1","8.1 Verontreiniging via de lucht","",,,"S",
"Bossen en struwelen","91E0","91E0_va",FALSE,"Druk8.2","8.2 Verontreiniging via de bodem","",,,"S",
"Bossen en struwelen","91E0","91E0_va",FALSE,"Druk8.3","8.3 Verontreiniging via het grondwater","",,,"S",
"Bossen en struwelen","91E0","91E0_va",FALSE,"Druk8.4","8.4 Verontreiniging via het oppervlaktewater (incl. overstromingswater)","",,,"S",
"Bossen en struwelen","91E0","91E0_va",FALSE,"Druk9.3","9.3 Beweging en andere visuele verstoring","",,,"S",
"Bossen en struwelen","91E0","91E0_va",FALSE,"Druk8.5","8.5 Thermische verontreiniging: toename temperatuur oppervlaktewater","",,,"P",
"Bossen en struwelen","91E0","91E0_vc",FALSE,"Druk3.3","3.3 Eutrofiëring via het grondwater","","H",1,"H",1
"Bossen en struwelen","91E0","91E0_vc",FALSE,"Druk5.2","5.2 Vernatting via het grondwater","","H",1,"H",1
"Bossen en struwelen","91E0","91E0_vc",FALSE,"Druk5.1","5.1 Verdroging via het grondwater","","H",2,"H",2
"Bossen en struwelen","91E0","91E0_vc",FALSE,"Druk3.4","3.4 Eutrofiëring via het oppervlaktewater (incl. overstromingswater en afspoeling)","","M",3,"M",3
"Bossen en struwelen","91E0","91E0_vc",FALSE,"Druk14","14 Verlies van aquatische connectiviteit","","M",4,"M",4
"Bossen en struwelen","91E0","91E0_vc",FALSE,"Druk15","15 Verlies van terrestrische connectiviteit","","M",4,"M",4
"Bossen en struwelen","91E0","91E0_vc",FALSE,"Druk11","11 Aanpassing van de fysische structuur naar een blijvende nieuwe toestand (bodemcompactie, verharding, herprofilering, nieuw substraat, grondverzet, ...)","","M",5,"M",5
"Bossen en struwelen","91E0","91E0_vc",FALSE,"Druk3.1","3.1 Eutrofiëring via de lucht","","M",5,"M",5
"Bossen en struwelen","91E0","91E0_vc",FALSE,"Druk4.1","4.1 Verzuring via de lucht","BEHOUD","M",5,"M",5
"Bossen en struwelen","91E0","91E0_vc",FALSE,"Druk12","12 Toename bodemdynamiek (erosie, omwoeling, verstuiving)","",,,"S",
"Bossen en struwelen","91E0","91E0_vc",FALSE,"Druk13","13 Afname bodemdynamiek (erosie, omwoeling, verstuiving)","",,,"S",
"Bossen en struwelen","91E0","91E0_vc",FALSE,"Druk3.2","3.2 Eutrofiëring via de bodem","",,,"S",
"Bossen en struwelen","91E0","91E0_vc",FALSE,"Druk4.2","4.2 Verzuring via het grondwater","",,,"S",
"Bossen en struwelen","91E0","91E0_vc",FALSE,"Druk4.3","4.3 Verzuring via het oppervlaktewater (incl. overstromingswater)","",,,"S",
"Bossen en struwelen","91E0","91E0_vc",FALSE,"Druk61","61 Toename overstromingsduur of -frequentie (incl. getijden)","",,,"S",
"Bossen en struwelen","91E0","91E0_vc",FALSE,"Druk7.3","7.3 Verzilting via het grondwater","",,,"S",
"Bossen en struwelen","91E0","91E0_vc",FALSE,"Druk7.4","7.4 Verzilting via het oppervlaktewater (incl. overstromingswater)","",,,"S",
"Bossen en struwelen","91E0","91E0_vc",FALSE,"Druk8.1","8.1 Verontreiniging via de lucht","",,,"S",
"Bossen en struwelen","91E0","91E0_vc",FALSE,"Druk8.2","8.2 Verontreiniging via de bodem","",,,"S",
"Bossen en struwelen","91E0","91E0_vc",FALSE,"Druk8.3","8.3 Verontreiniging via het grondwater","",,,"S",
"Bossen en struwelen","91E0","91E0_vc",FALSE,"Druk8.4","8.4 Verontreiniging via het oppervlaktewater (incl. overstromingswater)","",,,"S",
"Bossen en struwelen","91E0","91E0_vc",FALSE,"Druk9.3","9.3 Beweging en andere visuele verstoring","",,,"S",
"Bossen en struwelen","91E0","91E0_vc",FALSE,"Druk8.5","8.5 Thermische verontreiniging: toename temperatuur oppervlaktewater","",,,"P",
"Bossen en struwelen","91E0","91E0_vm",FALSE,"Druk5.1","5.1 Verdroging via het grondwater","","H",1,"H",1
"Bossen en struwelen","91E0","91E0_vm",FALSE,"Druk5.2","5.2 Vernatting via het grondwater","","H",1,"H",1
"Bossen en struwelen","91E0","91E0_vm",FALSE,"Druk3.3","3.3 Eutrofiëring via het grondwater","","H",2,"H",2
"Bossen en struwelen","91E0","91E0_vm",FALSE,"Druk3.4","3.4 Eutrofiëring via het oppervlaktewater (incl. overstromingswater en afspoeling)","","M",3,"M",3
"Bossen en struwelen","91E0","91E0_vm",FALSE,"Druk15","15 Verlies van terrestrische connectiviteit","","M",4,"M",4
"Bossen en struwelen","91E0","91E0_vm",FALSE,"Druk11","11 Aanpassing van de fysische structuur naar een blijvende nieuwe toestand (bodemcompactie, verharding, herprofilering, nieuw substraat, grondverzet, ...)","","M",5,"M",5
"Bossen en struwelen","91E0","91E0_vm",FALSE,"Druk14","14 Verlies van aquatische connectiviteit","","M",5,"M",5
"Bossen en struwelen","91E0","91E0_vm",FALSE,"Druk3.1","3.1 Eutrofiëring via de lucht","","M",5,"M",5
"Bossen en struwelen","91E0","91E0_vm",FALSE,"Druk4.1","4.1 Verzuring via de lucht","","M",5,"M",5
"Bossen en struwelen","91E0","91E0_vm",FALSE,"Druk61","61 Toename overstromingsduur of -frequentie (incl. getijden)","","L",6,"L",6
"Bossen en struwelen","91E0","91E0_vm",FALSE,"Druk12","12 Toename bodemdynamiek (erosie, omwoeling, verstuiving)","",,,"S",
"Bossen en struwelen","91E0","91E0_vm",FALSE,"Druk13","13 Afname bodemdynamiek (erosie, omwoeling, verstuiving)","",,,"S",
"Bossen en struwelen","91E0","91E0_vm",FALSE,"Druk3.2","3.2 Eutrofiëring via de bodem","",,,"S",
"Bossen en struwelen","91E0","91E0_vm",FALSE,"Druk4.2","4.2 Verzuring via het grondwater","",,,"S",
"Bossen en struwelen","91E0","91E0_vm",FALSE,"Druk4.3","4.3 Verzuring via het oppervlaktewater (incl. overstromingswater)","",,,"S",
"Bossen en struwelen","91E0","91E0_vm",FALSE,"Druk62","62 Afname overstromingsduur of -frequentie (incl. getijden)","",,,"S",
"Bossen en struwelen","91E0","91E0_vm",FALSE,"Druk7.3","7.3 Verzilting via het grondwater","",,,"S",
"Bossen en struwelen","91E0","91E0_vm",FALSE,"Druk7.4","7.4 Verzilting via het oppervlaktewater (incl. overstromingswater)","",,,"S",
"Bossen en struwelen","91E0","91E0_vm",FALSE,"Druk8.1","8.1 Verontreiniging via de lucht","",,,"S",
"Bossen en struwelen","91E0","91E0_vm",FALSE,"Druk8.2","8.2 Verontreiniging via de bodem","",,,"S",
"Bossen en struwelen","91E0","91E0_vm",FALSE,"Druk8.3","8.3 Verontreiniging via het grondwater","",,,"S",
"Bossen en struwelen","91E0","91E0_vm",FALSE,"Druk8.4","8.4 Verontreiniging via het oppervlaktewater (incl. overstromingswater)","",,,"S",
"Bossen en struwelen","91E0","91E0_vm",FALSE,"Druk9.3","9.3 Beweging en andere visuele verstoring","",,,"S",
"Bossen en struwelen","91E0","91E0_vm",FALSE,"Druk8.5","8.5 Thermische verontreiniging: toename temperatuur oppervlaktewater","",,,"P",
"Bossen en struwelen","91E0","91E0_vn",FALSE,"Druk5.1","5.1 Verdroging via het grondwater","","H",1,"H",1
"Bossen en struwelen","91E0","91E0_vn",FALSE,"Druk5.2","5.2 Vernatting via het grondwater","","H",2,"H",2
"Bossen en struwelen","91E0","91E0_vn",FALSE,"Druk3.4","3.4 Eutrofiëring via het oppervlaktewater (incl. overstromingswater en afspoeling)","","M",3,"M",3
"Bossen en struwelen","91E0","91E0_vn",FALSE,"Druk3.3","3.3 Eutrofiëring via het grondwater","","M",4,"M",4
"Bossen en struwelen","91E0","91E0_vn",FALSE,"Druk15","15 Verlies van terrestrische connectiviteit","","M",5,"M",5
"Bossen en struwelen","91E0","91E0_vn",FALSE,"Druk11","11 Aanpassing van de fysische structuur naar een blijvende nieuwe toestand (bodemcompactie, verharding, herprofilering, nieuw substraat, grondverzet, ...)","","M",6,"M",6
"Bossen en struwelen","91E0","91E0_vn",FALSE,"Druk14","14 Verlies van aquatische connectiviteit","","M",6,"M",6
"Bossen en struwelen","91E0","91E0_vn",FALSE,"Druk3.1","3.1 Eutrofiëring via de lucht","","M",6,"M",6
"Bossen en struwelen","91E0","91E0_vn",FALSE,"Druk4.1","4.1 Verzuring via de lucht","","M",6,"M",6
"Bossen en struwelen","91E0","91E0_vn",FALSE,"Druk61","61 Toename overstromingsduur of -frequentie (incl. getijden)","","L",7,"L",7
"Bossen en struwelen","91E0","91E0_vn",FALSE,"Druk8.2","8.2 Verontreiniging via de bodem","","L",7,"L",7
"Bossen en struwelen","91E0","91E0_vn",FALSE,"Druk12","12 Toename bodemdynamiek (erosie, omwoeling, verstuiving)","",,,"S",
"Bossen en struwelen","91E0","91E0_vn",FALSE,"Druk13","13 Afname bodemdynamiek (erosie, omwoeling, verstuiving)","",,,"S",
"Bossen en struwelen","91E0","91E0_vn",FALSE,"Druk3.2","3.2 Eutrofiëring via de bodem","",,,"S",
"Bossen en struwelen","91E0","91E0_vn",FALSE,"Druk4.2","4.2 Verzuring via het grondwater","",,,"S",
"Bossen en struwelen","91E0","91E0_vn",FALSE,"Druk4.3","4.3 Verzuring via het oppervlaktewater (incl. overstromingswater)","",,,"S",
"Bossen en struwelen","91E0","91E0_vn",FALSE,"Druk62","62 Afname overstromingsduur of -frequentie (incl. getijden)","",,,"S",
"Bossen en struwelen","91E0","91E0_vn",FALSE,"Druk7.3","7.3 Verzilting via het grondwater","",,,"S",
"Bossen en struwelen","91E0","91E0_vn",FALSE,"Druk7.4","7.4 Verzilting via het oppervlaktewater (incl. overstromingswater)","",,,"S",
"Bossen en struwelen","91E0","91E0_vn",FALSE,"Druk8.1","8.1 Verontreiniging via de lucht","",,,"S",
"Bossen en struwelen","91E0","91E0_vn",FALSE,"Druk8.3","8.3 Verontreiniging via het grondwater","",,,"S",
"Bossen en struwelen","91E0","91E0_vn",FALSE,"Druk8.4","8.4 Verontreiniging via het oppervlaktewater (incl. overstromingswater)","",,,"S",
"Bossen en struwelen","91E0","91E0_vn",FALSE,"Druk9.3","9.3 Beweging en andere visuele verstoring","",,,"S",
"Bossen en struwelen","91E0","91E0_vn",FALSE,"Druk8.5","8.5 Thermische verontreiniging: toename temperatuur oppervlaktewater","",,,"P",
"Bossen en struwelen","91E0","91E0_vo",FALSE,"Druk3.3","3.3 Eutrofiëring via het grondwater","","H",1,"H",1
"Bossen en struwelen","91E0","91E0_vo",FALSE,"Druk5.1","5.1 Verdroging via het grondwater","","H",1,"H",1
"Bossen en struwelen","91E0","91E0_vo",FALSE,"Druk5.2","5.2 Vernatting via het grondwater","","H",1,"H",1
"Bossen en struwelen","91E0","91E0_vo",FALSE,"Druk3.1","3.1 Eutrofiëring via de lucht","","M",2,"M",2
"Bossen en struwelen","91E0","91E0_vo",FALSE,"Druk3.4","3.4 Eutrofiëring via het oppervlaktewater (incl. overstromingswater en afspoeling)","","M",2,"M",2
"Bossen en struwelen","91E0","91E0_vo",FALSE,"Druk15","15 Verlies van terrestrische connectiviteit","","M",3,"M",3
"Bossen en struwelen","91E0","91E0_vo",FALSE,"Druk11","11 Aanpassing van de fysische structuur naar een blijvende nieuwe toestand (bodemcompactie, verharding, herprofilering, nieuw substraat, grondverzet, ...)","","M",4,"M",4
"Bossen en struwelen","91E0","91E0_vo",FALSE,"Druk14","14 Verlies van aquatische connectiviteit","","M",4,"M",4
"Bossen en struwelen","91E0","91E0_vo",FALSE,"Druk4.1","4.1 Verzuring via de lucht","","M",4,"M",4
"Bossen en struwelen","91E0","91E0_vo",FALSE,"Druk61","61 Toename overstromingsduur of -frequentie (incl. getijden)","","L",5,"L",5
"Bossen en struwelen","91E0","91E0_vo",FALSE,"Druk12","12 Toename bodemdynamiek (erosie, omwoeling, verstuiving)","",,,"S",
"Bossen en struwelen","91E0","91E0_vo",FALSE,"Druk13","13 Afname bodemdynamiek (erosie, omwoeling, verstuiving)","",,,"S",
"Bossen en struwelen","91E0","91E0_vo",FALSE,"Druk3.2","3.2 Eutrofiëring via de bodem","",,,"S",
"Bossen en struwelen","91E0","91E0_vo",FALSE,"Druk4.2","4.2 Verzuring via het grondwater","",,,"S",
"Bossen en struwelen","91E0","91E0_vo",FALSE,"Druk7.3","7.3 Verzilting via het grondwater","",,,"S",
"Bossen en struwelen","91E0","91E0_vo",FALSE,"Druk7.4","7.4 Verzilting via het oppervlaktewater (incl. overstromingswater)","",,,"S",
"Bossen en struwelen","91E0","91E0_vo",FALSE,"Druk8.1","8.1 Verontreiniging via de lucht","",,,"S",
"Bossen en struwelen","91E0","91E0_vo",FALSE,"Druk8.2","8.2 Verontreiniging via de bodem","",,,"S",
"Bossen en struwelen","91E0","91E0_vo",FALSE,"Druk8.3","8.3 Verontreiniging via het grondwater","",,,"S",
"Bossen en struwelen","91E0","91E0_vo",FALSE,"Druk8.4","8.4 Verontreiniging via het oppervlaktewater (incl. overstromingswater)","",,,"S",
"Bossen en struwelen","91E0","91E0_vo",FALSE,"Druk9.3","9.3 Beweging en andere visuele verstoring","",,,"S",
"Bossen en struwelen","91E0","91E0_vo",FALSE,"Druk8.5","8.5 Thermische verontreiniging: toename temperatuur oppervlaktewater","",,,"P",
"Bossen en struwelen","91F0","91F0",TRUE,"Druk3.4","3.4 Eutrofiëring via het oppervlaktewater (incl. overstromingswater en afspoeling)","","H",1,"H",1
"Bossen en struwelen","91F0","91F0",TRUE,"Druk61","61 Toename overstromingsduur of -frequentie (incl. getijden)","","H",2,"H",2
"Bossen en struwelen","91F0","91F0",TRUE,"Druk62","62 Afname overstromingsduur of -frequentie (incl. getijden)","","H",3,"H",3
"Bossen en struwelen","91F0","91F0",TRUE,"Druk14","14 Verlies van aquatische connectiviteit","","H",4,"H",4
"Bossen en struwelen","91F0","91F0",TRUE,"Druk15","15 Verlies van terrestrische connectiviteit","","H",4,"H",4
"Bossen en struwelen","91F0","91F0",TRUE,"Druk11","11 Aanpassing van de fysische structuur naar een blijvende nieuwe toestand (bodemcompactie, verharding, herprofilering, nieuw substraat, grondverzet, ...)","","M",5,"M",5
"Bossen en struwelen","91F0","91F0",TRUE,"Druk3.1","3.1 Eutrofiëring via de lucht","","M",5,"M",5
"Bossen en struwelen","91F0","91F0",TRUE,"Druk4.1","4.1 Verzuring via de lucht","BEHOUD","M",5,"M",5
"Bossen en struwelen","91F0","91F0",TRUE,"Druk5.1","5.1 Verdroging via het grondwater","","M",5,"M",5
"Bossen en struwelen","91F0","91F0",TRUE,"Druk101","101 Klimaatverandering in droge perioden","","L",6,"L",6
"Bossen en struwelen","91F0","91F0",TRUE,"Druk5.2","5.2 Vernatting via het grondwater","","L",6,"L",6
"Bossen en struwelen","91F0","91F0",TRUE,"Druk12","12 Toename bodemdynamiek (erosie, omwoeling, verstuiving)","",,,"S",
"Bossen en struwelen","91F0","91F0",TRUE,"Druk13","13 Afname bodemdynamiek (erosie, omwoeling, verstuiving)","",,,"S",
"Bossen en struwelen","91F0","91F0",TRUE,"Druk4.3","4.3 Verzuring via het oppervlaktewater (incl. overstromingswater)","",,,"S",
"Bossen en struwelen","91F0","91F0",TRUE,"Druk7.3","7.3 Verzilting via het grondwater","",,,"S",
"Bossen en struwelen","91F0","91F0",TRUE,"Druk7.4","7.4 Verzilting via het oppervlaktewater (incl. overstromingswater)","",,,"S",
"Bossen en struwelen","91F0","91F0",TRUE,"Druk8.1","8.1 Verontreiniging via de lucht","",,,"S",
"Bossen en struwelen","91F0","91F0",TRUE,"Druk8.2","8.2 Verontreiniging via de bodem","",,,"S",
"Bossen en struwelen","91F0","91F0",TRUE,"Druk8.3","8.3 Verontreiniging via het grondwater","",,,"S",
"Bossen en struwelen","91F0","91F0",TRUE,"Druk8.4","8.4 Verontreiniging via het oppervlaktewater (incl. overstromingswater)","",,,"S",
"Bossen en struwelen","91F0","91F0",TRUE,"Druk9.3","9.3 Beweging en andere visuele verstoring","",,,"S",
"Bossen en struwelen","91F0","91F0",TRUE,"Druk4.2","4.2 Verzuring via het grondwater","",,,"P",
"Bossen en struwelen","91F0","91F0",TRUE,"Druk8.5","8.5 Thermische verontreiniging: toename temperatuur oppervlaktewater","",,,"P",
"Zoete en brakke wateren","rbbah","rbbah",TRUE,"Druk3.4","3.4 Eutrofiëring via het oppervlaktewater (incl. overstromingswater en afspoeling)","","H",1,"H",1
"Zoete en brakke wateren","rbbah","rbbah",TRUE,"Druk7.2","7.2 Verzoeting via het oppervlaktewater (incl. overstromingswater)","","H",2,"H",2
"Zoete en brakke wateren","rbbah","rbbah",TRUE,"Druk3.3","3.3 Eutrofiëring via het grondwater","","M",3,"M",3
"Zoete en brakke wateren","rbbah","rbbah",TRUE,"Druk7.1","7.1 Verzoeting via het grondwater","","M",3,"M",3
"Zoete en brakke wateren","rbbah","rbbah",TRUE,"Druk8.3","8.3 Verontreiniging via het grondwater","","M",3,"M",3
"Zoete en brakke wateren","rbbah","rbbah",TRUE,"Druk8.4","8.4 Verontreiniging via het oppervlaktewater (incl. overstromingswater)","","M",3,"M",3
"Zoete en brakke wateren","rbbah","rbbah",TRUE,"Druk11","11 Aanpassing van de fysische structuur naar een blijvende nieuwe toestand (bodemcompactie, verharding, herprofilering, nieuw substraat, grondverzet, ...)","",,,"S",
"Zoete en brakke wateren","rbbah","rbbah",TRUE,"Druk12","12 Toename bodemdynamiek (erosie, omwoeling, verstuiving)","",,,"S",
"Zoete en brakke wateren","rbbah","rbbah",TRUE,"Druk13","13 Afname bodemdynamiek (erosie, omwoeling, verstuiving)","",,,"S",
"Zoete en brakke wateren","rbbah","rbbah",TRUE,"Druk14","14 Verlies van aquatische connectiviteit","",,,"S",
"Zoete en brakke wateren","rbbah","rbbah",TRUE,"Druk15","15 Verlies van terrestrische connectiviteit","",,,"S",
"Zoete en brakke wateren","rbbah","rbbah",TRUE,"Druk3.1","3.1 Eutrofiëring via de lucht","",,,"S",
"Zoete en brakke wateren","rbbah","rbbah",TRUE,"Druk3.2","3.2 Eutrofiëring via de bodem","",,,"S",
"Zoete en brakke wateren","rbbah","rbbah",TRUE,"Druk4.2","4.2 Verzuring via het grondwater","",,,"S",
"Zoete en brakke wateren","rbbah","rbbah",TRUE,"Druk4.3","4.3 Verzuring via het oppervlaktewater (incl. overstromingswater)","",,,"S",
"Zoete en brakke wateren","rbbah","rbbah",TRUE,"Druk5.1","5.1 Verdroging via het grondwater","",,,"S",
"Zoete en brakke wateren","rbbah","rbbah",TRUE,"Druk63","63 Toename van stroomsnelheid, waterpeil en/of de fluctuatie ervan","",,,"S",
"Zoete en brakke wateren","rbbah","rbbah",TRUE,"Druk64","64 Afname van stroomsnelheid, waterpeil en/of de fluctuatie ervan","",,,"S",
"Zoete en brakke wateren","rbbah","rbbah",TRUE,"Druk65","65  Toename golfslagwerking","",,,"S",
"Zoete en brakke wateren","rbbah","rbbah",TRUE,"Druk66","66  Afname golfslagwerking","",,,"S",
"Zoete en brakke wateren","rbbah","rbbah",TRUE,"Druk8.1","8.1 Verontreiniging via de lucht","",,,"S",
"Zoete en brakke wateren","rbbah","rbbah",TRUE,"Druk8.2","8.2 Verontreiniging via de bodem","",,,"S",
"Zoete en brakke wateren","rbbah","rbbah",TRUE,"Druk9.3","9.3 Beweging en andere visuele verstoring","",,,"S",
"Zoete en brakke wateren","rbbah","rbbah",TRUE,"Druk8.5","8.5 Thermische verontreiniging: toename temperatuur oppervlaktewater","",,,"P",
"Zoete en brakke wateren","rbbah","rbbah",TRUE,"Druk9.1","9.1 Geluid en trillingen","",,,"P",
"Zoete en brakke wateren","rbbah","rbbah",TRUE,"Druk9.2","9.2 Licht en straling","",,,"P",
"(Half-)natuurlijke graslanden","rbbhc","rbbhc",TRUE,"Druk5.1","5.1 Verdroging via het grondwater","","H",1,"H",1
"(Half-)natuurlijke graslanden","rbbhc","rbbhc",TRUE,"Druk3.4","3.4 Eutrofiëring via het oppervlaktewater (incl. overstromingswater en afspoeling)","","H",2,"H",2
"(Half-)natuurlijke graslanden","rbbhc","rbbhc",TRUE,"Druk15","15 Verlies van terrestrische connectiviteit","","H",3,"H",3
"(Half-)natuurlijke graslanden","rbbhc","rbbhc",TRUE,"Druk3.2","3.2 Eutrofiëring via de bodem","","H",4,"H",4
"(Half-)natuurlijke graslanden","rbbhc","rbbhc",TRUE,"Druk11","11 Aanpassing van de fysische structuur naar een blijvende nieuwe toestand (bodemcompactie, verharding, herprofilering, nieuw substraat, grondverzet, ...)","","M",5,"M",5
"(Half-)natuurlijke graslanden","rbbhc","rbbhc",TRUE,"Druk3.3","3.3 Eutrofiëring via het grondwater","","M",5,"M",5
"(Half-)natuurlijke graslanden","rbbhc","rbbhc",TRUE,"Druk61","61 Toename overstromingsduur of -frequentie (incl. getijden)","","M",6,"M",6
"(Half-)natuurlijke graslanden","rbbhc","rbbhc",TRUE,"Druk8.2","8.2 Verontreiniging via de bodem","","L",9,"M",7
"(Half-)natuurlijke graslanden","rbbhc","rbbhc",TRUE,"Druk5.2","5.2 Vernatting via het grondwater","","L",7,"L",8
"(Half-)natuurlijke graslanden","rbbhc","rbbhc",TRUE,"Druk3.1","3.1 Eutrofiëring via de lucht","","L",8,"L",9
"(Half-)natuurlijke graslanden","rbbhc","rbbhc",TRUE,"Druk101","101 Klimaatverandering in droge perioden","","L",9,"L",10
"(Half-)natuurlijke graslanden","rbbhc","rbbhc",TRUE,"Druk8.3","8.3 Verontreiniging via het grondwater","","L",9,"L",10
"(Half-)natuurlijke graslanden","rbbhc","rbbhc",TRUE,"Druk8.4","8.4 Verontreiniging via het oppervlaktewater (incl. overstromingswater)","","L",9,"L",10
"(Half-)natuurlijke graslanden","rbbhc","rbbhc",TRUE,"Druk102","102 Klimaatverandering in natte perioden","","L",10,"L",11
"(Half-)natuurlijke graslanden","rbbhc","rbbhc",TRUE,"Druk62","62 Afname overstromingsduur of -frequentie (incl. getijden)","","L",10,"L",11
"(Half-)natuurlijke graslanden","rbbhc","rbbhc",TRUE,"Druk8.1","8.1 Verontreiniging via de lucht","","L",10,"L",11
"(Half-)natuurlijke graslanden","rbbhc","rbbhc",TRUE,"Druk4.1","4.1 Verzuring via de lucht","","L",11,"L",12
"(Half-)natuurlijke graslanden","rbbhc","rbbhc",TRUE,"Druk4.2","4.2 Verzuring via het grondwater","","L",11,"L",12
"(Half-)natuurlijke graslanden","rbbhc","rbbhc",TRUE,"Druk12","12 Toename bodemdynamiek (erosie, omwoeling, verstuiving)","",,,"S",
"(Half-)natuurlijke graslanden","rbbhc","rbbhc",TRUE,"Druk13","13 Afname bodemdynamiek (erosie, omwoeling, verstuiving)","",,,"S",
"(Half-)natuurlijke graslanden","rbbhc","rbbhc",TRUE,"Druk14","14 Verlies van aquatische connectiviteit","",,,"S",
"(Half-)natuurlijke graslanden","rbbhc","rbbhc",TRUE,"Druk4.3","4.3 Verzuring via het oppervlaktewater (incl. overstromingswater)","",,,"S",
"(Half-)natuurlijke graslanden","rbbhc","rbbhc",TRUE,"Druk7.3","7.3 Verzilting via het grondwater","",,,"S",
"(Half-)natuurlijke graslanden","rbbhc","rbbhc",TRUE,"Druk7.4","7.4 Verzilting via het oppervlaktewater (incl. overstromingswater)","",,,"S",
"(Half-)natuurlijke graslanden","rbbhc","rbbhc",TRUE,"Druk9.3","9.3 Beweging en andere visuele verstoring","",,,"S",
"(Half-)natuurlijke graslanden","rbbhc","rbbhc",TRUE,"Druk8.5","8.5 Thermische verontreiniging: toename temperatuur oppervlaktewater","",,,"P",
"(Half-)natuurlijke graslanden","rbbhc","rbbhc",TRUE,"Druk9.1","9.1 Geluid en trillingen","",,,"P",
"(Half-)natuurlijke graslanden","rbbhc","rbbhc",TRUE,"Druk9.2","9.2 Licht en straling","",,,"P",
"(Half-)natuurlijke graslanden","rbbhf","rbbhf",TRUE,"Druk3.3","3.3 Eutrofiëring via het grondwater","","H",1,"H",1
"(Half-)natuurlijke graslanden","rbbhf","rbbhf",TRUE,"Druk5.1","5.1 Verdroging via het grondwater","","H",2,"H",2
"(Half-)natuurlijke graslanden","rbbhf","rbbhf",TRUE,"Druk61","61 Toename overstromingsduur of -frequentie (incl. getijden)","","H",2,"H",2
"(Half-)natuurlijke graslanden","rbbhf","rbbhf",TRUE,"Druk11","11 Aanpassing van de fysische structuur naar een blijvende nieuwe toestand (bodemcompactie, verharding, herprofilering, nieuw substraat, grondverzet, ...)","","H",3,"H",3
"(Half-)natuurlijke graslanden","rbbhf","rbbhf",TRUE,"Druk3.4","3.4 Eutrofiëring via het oppervlaktewater (incl. overstromingswater en afspoeling)","","H",3,"H",3
"(Half-)natuurlijke graslanden","rbbhf","rbbhf",TRUE,"Druk15","15 Verlies van terrestrische connectiviteit","","M",4,"M",4
"(Half-)natuurlijke graslanden","rbbhf","rbbhf",TRUE,"Druk3.2","3.2 Eutrofiëring via de bodem","","L",5,"L",5
"(Half-)natuurlijke graslanden","rbbhf","rbbhf",TRUE,"Druk5.2","5.2 Vernatting via het grondwater","","L",7,"L",6
"(Half-)natuurlijke graslanden","rbbhf","rbbhf",TRUE,"Druk12","12 Toename bodemdynamiek (erosie, omwoeling, verstuiving)","",,,"S",
"(Half-)natuurlijke graslanden","rbbhf","rbbhf",TRUE,"Druk13","13 Afname bodemdynamiek (erosie, omwoeling, verstuiving)","",,,"S",
"(Half-)natuurlijke graslanden","rbbhf","rbbhf",TRUE,"Druk14","14 Verlies van aquatische connectiviteit","",,,"S",
"(Half-)natuurlijke graslanden","rbbhf","rbbhf",TRUE,"Druk4.2","4.2 Verzuring via het grondwater","",,,"S",
"(Half-)natuurlijke graslanden","rbbhf","rbbhf",TRUE,"Druk4.3","4.3 Verzuring via het oppervlaktewater (incl. overstromingswater)","",,,"S",
"(Half-)natuurlijke graslanden","rbbhf","rbbhf",TRUE,"Druk62","62 Afname overstromingsduur of -frequentie (incl. getijden)","",,,"S",
"(Half-)natuurlijke graslanden","rbbhf","rbbhf",TRUE,"Druk8.1","8.1 Verontreiniging via de lucht","",,,"S",
"(Half-)natuurlijke graslanden","rbbhf","rbbhf",TRUE,"Druk8.2","8.2 Verontreiniging via de bodem","",,,"S",
"(Half-)natuurlijke graslanden","rbbhf","rbbhf",TRUE,"Druk8.3","8.3 Verontreiniging via het grondwater","",,,"S",
"(Half-)natuurlijke graslanden","rbbhf","rbbhf",TRUE,"Druk8.4","8.4 Verontreiniging via het oppervlaktewater (incl. overstromingswater)","",,,"S",
"(Half-)natuurlijke graslanden","rbbhf","rbbhf",TRUE,"Druk9.3","9.3 Beweging en andere visuele verstoring","",,,"S",
"(Half-)natuurlijke graslanden","rbbhf","rbbhf",TRUE,"Druk8.5","8.5 Thermische verontreiniging: toename temperatuur oppervlaktewater","",,,"P",
"(Half-)natuurlijke graslanden","rbbhf","rbbhf",TRUE,"Druk9.1","9.1 Geluid en trillingen","",,,"P",
"(Half-)natuurlijke graslanden","rbbhf","rbbhf",TRUE,"Druk9.2","9.2 Licht en straling","",,,"P",
"(Half-)natuurlijke graslanden","rbbkam","rbbkam",TRUE,"Druk3.2","3.2 Eutrofiëring via de bodem","","H",1,"H",1
"(Half-)natuurlijke graslanden","rbbkam","rbbkam",TRUE,"Druk11","11 Aanpassing van de fysische structuur naar een blijvende nieuwe toestand (bodemcompactie, verharding, herprofilering, nieuw substraat, grondverzet, ...)","","H",2,"H",2
"(Half-)natuurlijke graslanden","rbbkam","rbbkam",TRUE,"Druk8.2","8.2 Verontreiniging via de bodem","","M",3,"M",3
"(Half-)natuurlijke graslanden","rbbkam","rbbkam",TRUE,"Druk15","15 Verlies van terrestrische connectiviteit","","M",4,"M",4
"(Half-)natuurlijke graslanden","rbbkam","rbbkam",TRUE,"Druk3.4","3.4 Eutrofiëring via het oppervlaktewater (incl. overstromingswater en afspoeling)","","M",5,"M",5
"(Half-)natuurlijke graslanden","rbbkam","rbbkam",TRUE,"Druk61","61 Toename overstromingsduur of -frequentie (incl. getijden)","","M",5,"M",5
"(Half-)natuurlijke graslanden","rbbkam","rbbkam",TRUE,"Druk8.4","8.4 Verontreiniging via het oppervlaktewater (incl. overstromingswater)","BEHOUD","M",5,"M",5
"(Half-)natuurlijke graslanden","rbbkam","rbbkam",TRUE,"Druk3.1","3.1 Eutrofiëring via de lucht","","L",6,"L",6
"(Half-)natuurlijke graslanden","rbbkam","rbbkam",TRUE,"Druk3.3","3.3 Eutrofiëring via het grondwater","","L",7,"L",7
"(Half-)natuurlijke graslanden","rbbkam","rbbkam",TRUE,"Druk4.1","4.1 Verzuring via de lucht","","L",8,"L",8
"(Half-)natuurlijke graslanden","rbbkam","rbbkam",TRUE,"Druk12","12 Toename bodemdynamiek (erosie, omwoeling, verstuiving)","",,,"S",
"(Half-)natuurlijke graslanden","rbbkam","rbbkam",TRUE,"Druk13","13 Afname bodemdynamiek (erosie, omwoeling, verstuiving)","",,,"S",
"(Half-)natuurlijke graslanden","rbbkam","rbbkam",TRUE,"Druk14","14 Verlies van aquatische connectiviteit","",,,"S",
"(Half-)natuurlijke graslanden","rbbkam","rbbkam",TRUE,"Druk7.3","7.3 Verzilting via het grondwater","",,,"S",
"(Half-)natuurlijke graslanden","rbbkam","rbbkam",TRUE,"Druk7.4","7.4 Verzilting via het oppervlaktewater (incl. overstromingswater)","",,,"S",
"(Half-)natuurlijke graslanden","rbbkam","rbbkam",TRUE,"Druk8.1","8.1 Verontreiniging via de lucht","",,,"S",
"(Half-)natuurlijke graslanden","rbbkam","rbbkam",TRUE,"Druk8.3","8.3 Verontreiniging via het grondwater","",,,"S",
"(Half-)natuurlijke graslanden","rbbkam","rbbkam",TRUE,"Druk9.3","9.3 Beweging en andere visuele verstoring","",,,"S",
"(Half-)natuurlijke graslanden","rbbkam","rbbkam",TRUE,"Druk4.2","4.2 Verzuring via het grondwater","",,,"P",
"(Half-)natuurlijke graslanden","rbbkam","rbbkam",TRUE,"Druk4.3","4.3 Verzuring via het oppervlaktewater (incl. overstromingswater)","",,,"P",
"(Half-)natuurlijke graslanden","rbbkam","rbbkam",TRUE,"Druk5.1","5.1 Verdroging via het grondwater","",,,"P",
"(Half-)natuurlijke graslanden","rbbkam","rbbkam",TRUE,"Druk8.5","8.5 Thermische verontreiniging: toename temperatuur oppervlaktewater","",,,"P",
"(Half-)natuurlijke graslanden","rbbkam","rbbkam",TRUE,"Druk9.1","9.1 Geluid en trillingen","",,,"P",
"(Half-)natuurlijke graslanden","rbbkam","rbbkam",TRUE,"Druk9.2","9.2 Licht en straling","",,,"P",
"Moerassen","rbbmc","rbbmc",TRUE,"Druk5.1","5.1 Verdroging via het grondwater","","H",1,"H",1
"Moerassen","rbbmc","rbbmc",TRUE,"Druk5.2","5.2 Vernatting via het grondwater","","M",5,"H",2
"Moerassen","rbbmc","rbbmc",TRUE,"Druk62","62 Afname overstromingsduur of -frequentie (incl. getijden)","","M",4,"M",3
"Moerassen","rbbmc","rbbmc",TRUE,"Druk11","11 Aanpassing van de fysische structuur naar een blijvende nieuwe toestand (bodemcompactie, verharding, herprofilering, nieuw substraat, grondverzet, ...)","","M",6,"M",4
"Moerassen","rbbmc","rbbmc",TRUE,"Druk15","15 Verlies van terrestrische connectiviteit","","M",3,"L",5
"Moerassen","rbbmc","rbbmc",TRUE,"Druk3.3","3.3 Eutrofiëring via het grondwater","","L",7,"L",6
"Moerassen","rbbmc","rbbmc",TRUE,"Druk14","14 Verlies van aquatische connectiviteit","","L",8,"L",7
"Moerassen","rbbmc","rbbmc",TRUE,"Druk3.2","3.2 Eutrofiëring via de bodem","","L",8,"L",7
"Moerassen","rbbmc","rbbmc",TRUE,"Druk8.1","8.1 Verontreiniging via de lucht","","L",8,"L",7
"Moerassen","rbbmc","rbbmc",TRUE,"Druk8.3","8.3 Verontreiniging via het grondwater","","L",8,"L",7
"Moerassen","rbbmc","rbbmc",TRUE,"Druk8.4","8.4 Verontreiniging via het oppervlaktewater (incl. overstromingswater)","","L",8,"L",7
"Moerassen","rbbmc","rbbmc",TRUE,"Druk101","101 Klimaatverandering in droge perioden","","L",9,"L",8
"Moerassen","rbbmc","rbbmc",TRUE,"Druk3.1","3.1 Eutrofiëring via de lucht","","L",9,"L",8
"Moerassen","rbbmc","rbbmc",TRUE,"Druk61","61 Toename overstromingsduur of -frequentie (incl. getijden)","","L",9,"L",8
"Moerassen","rbbmc","rbbmc",TRUE,"Druk12","12 Toename bodemdynamiek (erosie, omwoeling, verstuiving)","",,,"S",
"Moerassen","rbbmc","rbbmc",TRUE,"Druk13","13 Afname bodemdynamiek (erosie, omwoeling, verstuiving)","",,,"S",
"Moerassen","rbbmc","rbbmc",TRUE,"Druk3.4","3.4 Eutrofiëring via het oppervlaktewater (incl. overstromingswater en afspoeling)","",,,"S",
"Moerassen","rbbmc","rbbmc",TRUE,"Druk4.2","4.2 Verzuring via het grondwater","",,,"S",
"Moerassen","rbbmc","rbbmc",TRUE,"Druk4.3","4.3 Verzuring via het oppervlaktewater (incl. overstromingswater)","",,,"S",
"Moerassen","rbbmc","rbbmc",TRUE,"Druk7.3","7.3 Verzilting via het grondwater","",,,"S",
"Moerassen","rbbmc","rbbmc",TRUE,"Druk7.4","7.4 Verzilting via het oppervlaktewater (incl. overstromingswater)","",,,"S",
"Moerassen","rbbmc","rbbmc",TRUE,"Druk8.2","8.2 Verontreiniging via de bodem","",,,"S",
"Moerassen","rbbmc","rbbmc",TRUE,"Druk9.3","9.3 Beweging en andere visuele verstoring","",,,"S",
"Moerassen","rbbmc","rbbmc",TRUE,"Druk4.1","4.1 Verzuring via de lucht","",,,"P",
"Moerassen","rbbmc","rbbmc",TRUE,"Druk8.5","8.5 Thermische verontreiniging: toename temperatuur oppervlaktewater","",,,"P",
"Moerassen","rbbmc","rbbmc",TRUE,"Druk9.1","9.1 Geluid en trillingen","",,,"P",
"Moerassen","rbbmc","rbbmc",TRUE,"Druk9.2","9.2 Licht en straling","",,,"P",
"Moerassen","rbbmr","rbbmr",TRUE,"Druk5.1","5.1 Verdroging via het grondwater","","H",1,"H",1
"Moerassen","rbbmr","rbbmr",TRUE,"Druk15","15 Verlies van terrestrische connectiviteit","","M",2,"M",2
"Moerassen","rbbmr","rbbmr",TRUE,"Druk11","11 Aanpassing van de fysische structuur naar een blijvende nieuwe toestand (bodemcompactie, verharding, herprofilering, nieuw substraat, grondverzet, ...)","","M",3,"M",3
"Moerassen","rbbmr","rbbmr",TRUE,"Druk3.3","3.3 Eutrofiëring via het grondwater","","M",4,"M",4
"Moerassen","rbbmr","rbbmr",TRUE,"Druk3.4","3.4 Eutrofiëring via het oppervlaktewater (incl. overstromingswater en afspoeling)","","L",5,"L",5
"Moerassen","rbbmr","rbbmr",TRUE,"Druk14","14 Verlies van aquatische connectiviteit","","L",6,"L",6
"Moerassen","rbbmr","rbbmr",TRUE,"Druk3.2","3.2 Eutrofiëring via de bodem","","L",6,"L",6
"Moerassen","rbbmr","rbbmr",TRUE,"Druk8.1","8.1 Verontreiniging via de lucht","","L",6,"L",6
"Moerassen","rbbmr","rbbmr",TRUE,"Druk8.3","8.3 Verontreiniging via het grondwater","","L",6,"L",6
"Moerassen","rbbmr","rbbmr",TRUE,"Druk8.4","8.4 Verontreiniging via het oppervlaktewater (incl. overstromingswater)","","L",6,"L",6
"Moerassen","rbbmr","rbbmr",TRUE,"Druk101","101 Klimaatverandering in droge perioden","","L",7,"L",7
"Moerassen","rbbmr","rbbmr",TRUE,"Druk3.1","3.1 Eutrofiëring via de lucht","","L",7,"L",7
"Moerassen","rbbmr","rbbmr",TRUE,"Druk61","61 Toename overstromingsduur of -frequentie (incl. getijden)","","L",7,"L",7
"Moerassen","rbbmr","rbbmr",TRUE,"Druk12","12 Toename bodemdynamiek (erosie, omwoeling, verstuiving)","",,,"S",
"Moerassen","rbbmr","rbbmr",TRUE,"Druk13","13 Afname bodemdynamiek (erosie, omwoeling, verstuiving)","",,,"S",
"Moerassen","rbbmr","rbbmr",TRUE,"Druk4.2","4.2 Verzuring via het grondwater","",,,"S",
"Moerassen","rbbmr","rbbmr",TRUE,"Druk4.3","4.3 Verzuring via het oppervlaktewater (incl. overstromingswater)","",,,"S",
"Moerassen","rbbmr","rbbmr",TRUE,"Druk62","62 Afname overstromingsduur of -frequentie (incl. getijden)","",,,"S",
"Moerassen","rbbmr","rbbmr",TRUE,"Druk8.2","8.2 Verontreiniging via de bodem","",,,"S",
"Moerassen","rbbmr","rbbmr",TRUE,"Druk9.3","9.3 Beweging en andere visuele verstoring","",,,"S",
"Moerassen","rbbmr","rbbmr",TRUE,"Druk8.5","8.5 Thermische verontreiniging: toename temperatuur oppervlaktewater","",,,"P",
"Moerassen","rbbmr","rbbmr",TRUE,"Druk9.1","9.1 Geluid en trillingen","",,,"P",
"Moerassen","rbbmr","rbbmr",TRUE,"Druk9.2","9.2 Licht en straling","",,,"P",
"Moerassen","rbbms","rbbms",TRUE,"Druk5.1","5.1 Verdroging via het grondwater","","H",1,"H",1
"Moerassen","rbbms","rbbms",TRUE,"Druk3.3","3.3 Eutrofiëring via het grondwater","","H",2,"H",2
"Moerassen","rbbms","rbbms",TRUE,"Druk61","61 Toename overstromingsduur of -frequentie (incl. getijden)","","M",5,"H",3
"Moerassen","rbbms","rbbms",TRUE,"Druk15","15 Verlies van terrestrische connectiviteit","","H",3,"M",4
"Moerassen","rbbms","rbbms",TRUE,"Druk3.4","3.4 Eutrofiëring via het oppervlaktewater (incl. overstromingswater en afspoeling)","","M",4,"M",5
"Moerassen","rbbms","rbbms",TRUE,"Druk11","11 Aanpassing van de fysische structuur naar een blijvende nieuwe toestand (bodemcompactie, verharding, herprofilering, nieuw substraat, grondverzet, ...)","","M",6,"M",6
"Moerassen","rbbms","rbbms",TRUE,"Druk3.1","3.1 Eutrofiëring via de lucht","","M",8,"M",7
"Moerassen","rbbms","rbbms",TRUE,"Druk3.2","3.2 Eutrofiëring via de bodem","","M",7,"L",8
"Moerassen","rbbms","rbbms",TRUE,"Druk4.1","4.1 Verzuring via de lucht","","L",9,"L",9
"Moerassen","rbbms","rbbms",TRUE,"Druk4.2","4.2 Verzuring via het grondwater","","L",9,"L",9
"Moerassen","rbbms","rbbms",TRUE,"Druk5.2","5.2 Vernatting via het grondwater","","L",9,"L",9
"Moerassen","rbbms","rbbms",TRUE,"Druk8.1","8.1 Verontreiniging via de lucht","","L",9,"L",9
"Moerassen","rbbms","rbbms",TRUE,"Druk8.3","8.3 Verontreiniging via het grondwater","","L",9,"L",9
"Moerassen","rbbms","rbbms",TRUE,"Druk101","101 Klimaatverandering in droge perioden","","L",10,"L",10
"Moerassen","rbbms","rbbms",TRUE,"Druk14","14 Verlies van aquatische connectiviteit","","L",10,"L",10
"Moerassen","rbbms","rbbms",TRUE,"Druk8.2","8.2 Verontreiniging via de bodem","","L",10,"L",10
"Moerassen","rbbms","rbbms",TRUE,"Druk12","12 Toename bodemdynamiek (erosie, omwoeling, verstuiving)","",,,"S",
"Moerassen","rbbms","rbbms",TRUE,"Druk13","13 Afname bodemdynamiek (erosie, omwoeling, verstuiving)","",,,"S",
"Moerassen","rbbms","rbbms",TRUE,"Druk7.3","7.3 Verzilting via het grondwater","",,,"S",
"Moerassen","rbbms","rbbms",TRUE,"Druk7.4","7.4 Verzilting via het oppervlaktewater (incl. overstromingswater)","",,,"S",
"Moerassen","rbbms","rbbms",TRUE,"Druk9.3","9.3 Beweging en andere visuele verstoring","",,,"S",
"Moerassen","rbbms","rbbms",TRUE,"Druk4.3","4.3 Verzuring via het oppervlaktewater (incl. overstromingswater)","",,,"P",
"Moerassen","rbbms","rbbms",TRUE,"Druk8.5","8.5 Thermische verontreiniging: toename temperatuur oppervlaktewater","",,,"P",
"Moerassen","rbbms","rbbms",TRUE,"Druk9.1","9.1 Geluid en trillingen","",,,"P",
"Moerassen","rbbms","rbbms",TRUE,"Druk9.2","9.2 Licht en straling","",,,"P",
"Bossen en struwelen","rbbppm","rbbppm",TRUE,"Druk3.1","3.1 Eutrofiëring via de lucht","","H",1,"H",1
"Bossen en struwelen","rbbppm","rbbppm",TRUE,"Druk4.1","4.1 Verzuring via de lucht","","H",2,"H",2
"Bossen en struwelen","rbbppm","rbbppm",TRUE,"Druk15","15 Verlies van terrestrische connectiviteit","","H",3,"H",3
"Bossen en struwelen","rbbppm","rbbppm",TRUE,"Druk11","11 Aanpassing van de fysische structuur naar een blijvende nieuwe toestand (bodemcompactie, verharding, herprofilering, nieuw substraat, grondverzet, ...)","","M",4,"M",4
"Bossen en struwelen","rbbppm","rbbppm",TRUE,"Druk5.1","5.1 Verdroging via het grondwater","",,,"M",5
"Bossen en struwelen","rbbppm","rbbppm",TRUE,"Druk5.2","5.2 Vernatting via het grondwater","",,,"L",6
"Bossen en struwelen","rbbppm","rbbppm",TRUE,"Druk101","101 Klimaatverandering in droge perioden","","L",5,"L",7
"Bossen en struwelen","rbbppm","rbbppm",TRUE,"Druk12","12 Toename bodemdynamiek (erosie, omwoeling, verstuiving)","","L",5,"L",7
"Bossen en struwelen","rbbppm","rbbppm",TRUE,"Druk13","13 Afname bodemdynamiek (erosie, omwoeling, verstuiving)","",,,"S",
"Bossen en struwelen","rbbppm","rbbppm",TRUE,"Druk14","14 Verlies van aquatische connectiviteit","",,,"S",
"Bossen en struwelen","rbbppm","rbbppm",TRUE,"Druk3.2","3.2 Eutrofiëring via de bodem","",,,"S",
"Bossen en struwelen","rbbppm","rbbppm",TRUE,"Druk3.3","3.3 Eutrofiëring via het grondwater","",,,"S",
"Bossen en struwelen","rbbppm","rbbppm",TRUE,"Druk3.4","3.4 Eutrofiëring via het oppervlaktewater (incl. overstromingswater en afspoeling)","",,,"S",
"Bossen en struwelen","rbbppm","rbbppm",TRUE,"Druk4.2","4.2 Verzuring via het grondwater","",,,"S",
"Bossen en struwelen","rbbppm","rbbppm",TRUE,"Druk4.3","4.3 Verzuring via het oppervlaktewater (incl. overstromingswater)","",,,"S",
"Bossen en struwelen","rbbppm","rbbppm",TRUE,"Druk61","61 Toename overstromingsduur of -frequentie (incl. getijden)","",,,"S",
"Bossen en struwelen","rbbppm","rbbppm",TRUE,"Druk7.3","7.3 Verzilting via het grondwater","",,,"S",
"Bossen en struwelen","rbbppm","rbbppm",TRUE,"Druk7.4","7.4 Verzilting via het oppervlaktewater (incl. overstromingswater)","",,,"S",
"Bossen en struwelen","rbbppm","rbbppm",TRUE,"Druk8.1","8.1 Verontreiniging via de lucht","",,,"S",
"Bossen en struwelen","rbbppm","rbbppm",TRUE,"Druk8.2","8.2 Verontreiniging via de bodem","",,,"S",
"Bossen en struwelen","rbbppm","rbbppm",TRUE,"Druk8.3","8.3 Verontreiniging via het grondwater","",,,"S",
"Bossen en struwelen","rbbppm","rbbppm",TRUE,"Druk8.4","8.4 Verontreiniging via het oppervlaktewater (incl. overstromingswater)","",,,"S",
"Bossen en struwelen","rbbppm","rbbppm",TRUE,"Druk9.3","9.3 Beweging en andere visuele verstoring","",,,"S",
"Bossen en struwelen","rbbppm","rbbppm",TRUE,"Druk8.5","8.5 Thermische verontreiniging: toename temperatuur oppervlaktewater","",,,"P",
"Bossen en struwelen","rbbsf","rbbsf",TRUE,"Druk5.1","5.1 Verdroging via het grondwater","","H",1,"H",1
"Bossen en struwelen","rbbsf","rbbsf",TRUE,"Druk3.3","3.3 Eutrofiëring via het grondwater","","H",2,"H",2
"Bossen en struwelen","rbbsf","rbbsf",TRUE,"Druk3.4","3.4 Eutrofiëring via het oppervlaktewater (incl. overstromingswater en afspoeling)","","H",3,"H",3
"Bossen en struwelen","rbbsf","rbbsf",TRUE,"Druk14","14 Verlies van aquatische connectiviteit","","H",4,"H",4
"Bossen en struwelen","rbbsf","rbbsf",TRUE,"Druk15","15 Verlies van terrestrische connectiviteit","","H",5,"H",5
"Bossen en struwelen","rbbsf","rbbsf",TRUE,"Druk11","11 Aanpassing van de fysische structuur naar een blijvende nieuwe toestand (bodemcompactie, verharding, herprofilering, nieuw substraat, grondverzet, ...)","","M",6,"M",6
"Bossen en struwelen","rbbsf","rbbsf",TRUE,"Druk3.1","3.1 Eutrofiëring via de lucht","BEHOUD","M",6,"M",6
"Bossen en struwelen","rbbsf","rbbsf",TRUE,"Druk61","61 Toename overstromingsduur of -frequentie (incl. getijden)","","L",7,"L",7
"Bossen en struwelen","rbbsf","rbbsf",TRUE,"Druk8.2","8.2 Verontreiniging via de bodem","","L",7,"L",7
"Bossen en struwelen","rbbsf","rbbsf",TRUE,"Druk12","12 Toename bodemdynamiek (erosie, omwoeling, verstuiving)","",,,"S",
"Bossen en struwelen","rbbsf","rbbsf",TRUE,"Druk13","13 Afname bodemdynamiek (erosie, omwoeling, verstuiving)","",,,"S",
"Bossen en struwelen","rbbsf","rbbsf",TRUE,"Druk3.2","3.2 Eutrofiëring via de bodem","",,,"S",
"Bossen en struwelen","rbbsf","rbbsf",TRUE,"Druk4.3","4.3 Verzuring via het oppervlaktewater (incl. overstromingswater)","",,,"S",
"Bossen en struwelen","rbbsf","rbbsf",TRUE,"Druk62","62 Afname overstromingsduur of -frequentie (incl. getijden)","",,,"S",
"Bossen en struwelen","rbbsf","rbbsf",TRUE,"Druk7.3","7.3 Verzilting via het grondwater","",,,"S",
"Bossen en struwelen","rbbsf","rbbsf",TRUE,"Druk7.4","7.4 Verzilting via het oppervlaktewater (incl. overstromingswater)","",,,"S",
"Bossen en struwelen","rbbsf","rbbsf",TRUE,"Druk8.1","8.1 Verontreiniging via de lucht","",,,"S",
"Bossen en struwelen","rbbsf","rbbsf",TRUE,"Druk8.3","8.3 Verontreiniging via het grondwater","",,,"S",
"Bossen en struwelen","rbbsf","rbbsf",TRUE,"Druk8.4","8.4 Verontreiniging via het oppervlaktewater (incl. overstromingswater)","",,,"S",
"Bossen en struwelen","rbbsf","rbbsf",TRUE,"Druk9.3","9.3 Beweging en andere visuele verstoring","",,,"S",
"Bossen en struwelen","rbbsf","rbbsf",TRUE,"Druk8.5","8.5 Thermische verontreiniging: toename temperatuur oppervlaktewater","",,,"P",
"Bossen en struwelen","rbbsf","rbbsf",TRUE,"Druk9.1","9.1 Geluid en trillingen","",,,"P",
"Bossen en struwelen","rbbsf","rbbsf",TRUE,"Druk9.2","9.2 Licht en straling","",,,"P",
"Heiden","rbbsg","rbbsg",TRUE,"Druk15","15 Verlies van terrestrische connectiviteit","","M",1,"M",1
"Heiden","rbbsg","rbbsg",TRUE,"Druk101","101 Klimaatverandering in droge perioden","","L",2,"L",2
"Heiden","rbbsg","rbbsg",TRUE,"Druk11","11 Aanpassing van de fysische structuur naar een blijvende nieuwe toestand (bodemcompactie, verharding, herprofilering, nieuw substraat, grondverzet, ...)","","L",2,"L",2
"Heiden","rbbsg","rbbsg",TRUE,"Druk3.1","3.1 Eutrofiëring via de lucht","","L",2,"L",2
"Heiden","rbbsg","rbbsg",TRUE,"Druk12","12 Toename bodemdynamiek (erosie, omwoeling, verstuiving)","",,,"S",
"Heiden","rbbsg","rbbsg",TRUE,"Druk13","13 Afname bodemdynamiek (erosie, omwoeling, verstuiving)","",,,"S",
"Heiden","rbbsg","rbbsg",TRUE,"Druk14","14 Verlies van aquatische connectiviteit","",,,"S",
"Heiden","rbbsg","rbbsg",TRUE,"Druk3.2","3.2 Eutrofiëring via de bodem","",,,"S",
"Heiden","rbbsg","rbbsg",TRUE,"Druk3.4","3.4 Eutrofiëring via het oppervlaktewater (incl. overstromingswater en afspoeling)","",,,"S",
"Heiden","rbbsg","rbbsg",TRUE,"Druk4.1","4.1 Verzuring via de lucht","",,,"S",
"Heiden","rbbsg","rbbsg",TRUE,"Druk5.2","5.2 Vernatting via het grondwater","",,,"S",
"Heiden","rbbsg","rbbsg",TRUE,"Druk61","61 Toename overstromingsduur of -frequentie (incl. getijden)","",,,"S",
"Heiden","rbbsg","rbbsg",TRUE,"Druk7.4","7.4 Verzilting via het oppervlaktewater (incl. overstromingswater)","",,,"S",
"Heiden","rbbsg","rbbsg",TRUE,"Druk8.1","8.1 Verontreiniging via de lucht","",,,"S",
"Heiden","rbbsg","rbbsg",TRUE,"Druk8.2","8.2 Verontreiniging via de bodem","",,,"S",
"Heiden","rbbsg","rbbsg",TRUE,"Druk8.4","8.4 Verontreiniging via het oppervlaktewater (incl. overstromingswater)","",,,"S",
"Heiden","rbbsg","rbbsg",TRUE,"Druk9.1","9.1 Geluid en trillingen","",,,"S",
"Heiden","rbbsg","rbbsg",TRUE,"Druk9.3","9.3 Beweging en andere visuele verstoring","",,,"S",
"Heiden","rbbsg","rbbsg",TRUE,"Druk8.5","8.5 Thermische verontreiniging: toename temperatuur oppervlaktewater","",,,"P",
"Heiden","rbbsm","rbbsm",TRUE,"Druk5.1","5.1 Verdroging via het grondwater","","H",1,"H",1
"Heiden","rbbsm","rbbsm",TRUE,"Druk3.3","3.3 Eutrofiëring via het grondwater","","H",2,"H",2
"Heiden","rbbsm","rbbsm",TRUE,"Druk3.4","3.4 Eutrofiëring via het oppervlaktewater (incl. overstromingswater en afspoeling)","","M",3,"M",3
"Heiden","rbbsm","rbbsm",TRUE,"Druk11","11 Aanpassing van de fysische structuur naar een blijvende nieuwe toestand (bodemcompactie, verharding, herprofilering, nieuw substraat, grondverzet, ...)","","M",4,"M",4
"Heiden","rbbsm","rbbsm",TRUE,"Druk5.2","5.2 Vernatting via het grondwater","",,,"M",5
"Heiden","rbbsm","rbbsm",TRUE,"Druk15","15 Verlies van terrestrische connectiviteit","","L",5,"L",6
"Heiden","rbbsm","rbbsm",TRUE,"Druk3.1","3.1 Eutrofiëring via de lucht","","L",5,"L",6
"Heiden","rbbsm","rbbsm",TRUE,"Druk3.2","3.2 Eutrofiëring via de bodem","","L",5,"L",6
"Heiden","rbbsm","rbbsm",TRUE,"Druk12","12 Toename bodemdynamiek (erosie, omwoeling, verstuiving)","",,,"S",
"Heiden","rbbsm","rbbsm",TRUE,"Druk13","13 Afname bodemdynamiek (erosie, omwoeling, verstuiving)","",,,"S",
"Heiden","rbbsm","rbbsm",TRUE,"Druk14","14 Verlies van aquatische connectiviteit","",,,"S",
"Heiden","rbbsm","rbbsm",TRUE,"Druk61","61 Toename overstromingsduur of -frequentie (incl. getijden)","",,,"S",
"Heiden","rbbsm","rbbsm",TRUE,"Druk7.3","7.3 Verzilting via het grondwater","",,,"S",
"Heiden","rbbsm","rbbsm",TRUE,"Druk7.4","7.4 Verzilting via het oppervlaktewater (incl. overstromingswater)","",,,"S",
"Heiden","rbbsm","rbbsm",TRUE,"Druk8.1","8.1 Verontreiniging via de lucht","",,,"S",
"Heiden","rbbsm","rbbsm",TRUE,"Druk8.2","8.2 Verontreiniging via de bodem","",,,"S",
"Heiden","rbbsm","rbbsm",TRUE,"Druk8.3","8.3 Verontreiniging via het grondwater","",,,"S",
"Heiden","rbbsm","rbbsm",TRUE,"Druk9.3","9.3 Beweging en andere visuele verstoring","",,,"S",
"Heiden","rbbsm","rbbsm",TRUE,"Druk4.1","4.1 Verzuring via de lucht","",,,"P",
"Heiden","rbbsm","rbbsm",TRUE,"Druk8.5","8.5 Thermische verontreiniging: toename temperatuur oppervlaktewater","",,,"P",
"Heiden","rbbsm","rbbsm",TRUE,"Druk9.1","9.1 Geluid en trillingen","",,,"P",
"Heiden","rbbsm","rbbsm",TRUE,"Druk9.2","9.2 Licht en straling","",,,"P",
"Bossen en struwelen","rbbso","rbbso",TRUE,"Druk3.3","3.3 Eutrofiëring via het grondwater","","H",1,"H",1
"Bossen en struwelen","rbbso","rbbso",TRUE,"Druk5.1","5.1 Verdroging via het grondwater","","H",2,"H",2
"Bossen en struwelen","rbbso","rbbso",TRUE,"Druk3.4","3.4 Eutrofiëring via het oppervlaktewater (incl. overstromingswater en afspoeling)","","H",3,"H",3
"Bossen en struwelen","rbbso","rbbso",TRUE,"Druk15","15 Verlies van terrestrische connectiviteit","","H",4,"H",4
"Bossen en struwelen","rbbso","rbbso",TRUE,"Druk3.1","3.1 Eutrofiëring via de lucht","","H",4,"H",4
"Bossen en struwelen","rbbso","rbbso",TRUE,"Druk11","11 Aanpassing van de fysische structuur naar een blijvende nieuwe toestand (bodemcompactie, verharding, herprofilering, nieuw substraat, grondverzet, ...)","","M",5,"M",5
"Bossen en struwelen","rbbso","rbbso",TRUE,"Druk14","14 Verlies van aquatische connectiviteit","","M",5,"M",5
"Bossen en struwelen","rbbso","rbbso",TRUE,"Druk4.1","4.1 Verzuring via de lucht","","M",5,"M",5
"Bossen en struwelen","rbbso","rbbso",TRUE,"Druk61","61 Toename overstromingsduur of -frequentie (incl. getijden)","","L",6,"L",6
"Bossen en struwelen","rbbso","rbbso",TRUE,"Druk12","12 Toename bodemdynamiek (erosie, omwoeling, verstuiving)","",,,"S",
"Bossen en struwelen","rbbso","rbbso",TRUE,"Druk13","13 Afname bodemdynamiek (erosie, omwoeling, verstuiving)","",,,"S",
"Bossen en struwelen","rbbso","rbbso",TRUE,"Druk3.2","3.2 Eutrofiëring via de bodem","",,,"S",
"Bossen en struwelen","rbbso","rbbso",TRUE,"Druk7.3","7.3 Verzilting via het grondwater","",,,"S",
"Bossen en struwelen","rbbso","rbbso",TRUE,"Druk7.4","7.4 Verzilting via het oppervlaktewater (incl. overstromingswater)","",,,"S",
"Bossen en struwelen","rbbso","rbbso",TRUE,"Druk8.1","8.1 Verontreiniging via de lucht","",,,"S",
"Bossen en struwelen","rbbso","rbbso",TRUE,"Druk8.2","8.2 Verontreiniging via de bodem","",,,"S",
"Bossen en struwelen","rbbso","rbbso",TRUE,"Druk8.3","8.3 Verontreiniging via het grondwater","",,,"S",
"Bossen en struwelen","rbbso","rbbso",TRUE,"Druk9.3","9.3 Beweging en andere visuele verstoring","",,,"S",
"Bossen en struwelen","rbbso","rbbso",TRUE,"Druk8.5","8.5 Thermische verontreiniging: toename temperatuur oppervlaktewater","",,,"P",
"Bossen en struwelen","rbbso","rbbso",TRUE,"Druk9.1","9.1 Geluid en trillingen","",,,"P",
"Bossen en struwelen","rbbso","rbbso",TRUE,"Druk9.2","9.2 Licht en straling","",,,"P",
"Bossen en struwelen","rbbsp","rbbsp",TRUE,"Druk3.1","3.1 Eutrofiëring via de lucht","","H",1,"H",1
"Bossen en struwelen","rbbsp","rbbsp",TRUE,"Druk15","15 Verlies van terrestrische connectiviteit","","H",2,"H",2
"Bossen en struwelen","rbbsp","rbbsp",TRUE,"Druk3.2","3.2 Eutrofiëring via de bodem","","M",3,"M",3
"Bossen en struwelen","rbbsp","rbbsp",TRUE,"Druk11","11 Aanpassing van de fysische structuur naar een blijvende nieuwe toestand (bodemcompactie, verharding, herprofilering, nieuw substraat, grondverzet, ...)","","L",4,"L",4
"Bossen en struwelen","rbbsp","rbbsp",TRUE,"Druk4.1","4.1 Verzuring via de lucht","","L",4,"L",4
"Bossen en struwelen","rbbsp","rbbsp",TRUE,"Druk12","12 Toename bodemdynamiek (erosie, omwoeling, verstuiving)","",,,"S",
"Bossen en struwelen","rbbsp","rbbsp",TRUE,"Druk13","13 Afname bodemdynamiek (erosie, omwoeling, verstuiving)","",,,"S",
"Bossen en struwelen","rbbsp","rbbsp",TRUE,"Druk14","14 Verlies van aquatische connectiviteit","",,,"S",
"Bossen en struwelen","rbbsp","rbbsp",TRUE,"Druk3.3","3.3 Eutrofiëring via het grondwater","",,,"S",
"Bossen en struwelen","rbbsp","rbbsp",TRUE,"Druk3.4","3.4 Eutrofiëring via het oppervlaktewater (incl. overstromingswater en afspoeling)","",,,"S",
"Bossen en struwelen","rbbsp","rbbsp",TRUE,"Druk5.1","5.1 Verdroging via het grondwater","",,,"S",
"Bossen en struwelen","rbbsp","rbbsp",TRUE,"Druk5.2","5.2 Vernatting via het grondwater","",,,"S",
"Bossen en struwelen","rbbsp","rbbsp",TRUE,"Druk61","61 Toename overstromingsduur of -frequentie (incl. getijden)","",,,"S",
"Bossen en struwelen","rbbsp","rbbsp",TRUE,"Druk7.3","7.3 Verzilting via het grondwater","",,,"S",
"Bossen en struwelen","rbbsp","rbbsp",TRUE,"Druk7.4","7.4 Verzilting via het oppervlaktewater (incl. overstromingswater)","",,,"S",
"Bossen en struwelen","rbbsp","rbbsp",TRUE,"Druk8.1","8.1 Verontreiniging via de lucht","",,,"S",
"Bossen en struwelen","rbbsp","rbbsp",TRUE,"Druk8.2","8.2 Verontreiniging via de bodem","",,,"S",
"Bossen en struwelen","rbbsp","rbbsp",TRUE,"Druk8.3","8.3 Verontreiniging via het grondwater","",,,"S",
"Bossen en struwelen","rbbsp","rbbsp",TRUE,"Druk8.4","8.4 Verontreiniging via het oppervlaktewater (incl. overstromingswater)","",,,"S",
"Bossen en struwelen","rbbsp","rbbsp",TRUE,"Druk9.3","9.3 Beweging en andere visuele verstoring","",,,"S",
"Bossen en struwelen","rbbsp","rbbsp",TRUE,"Druk8.5","8.5 Thermische verontreiniging: toename temperatuur oppervlaktewater","",,,"P",
"Bossen en struwelen","rbbsp","rbbsp",TRUE,"Druk9.1","9.1 Geluid en trillingen","",,,"P",
"Bossen en struwelen","rbbsp","rbbsp",TRUE,"Druk9.2","9.2 Licht en straling","",,,"P",
"(Half-)natuurlijke graslanden","rbbvos","rbbvos",TRUE,"Druk5.1","5.1 Verdroging via het grondwater","","H",1,"H",1
"(Half-)natuurlijke graslanden","rbbvos","rbbvos",TRUE,"Druk3.2","3.2 Eutrofiëring via de bodem","","H",2,"H",2
"(Half-)natuurlijke graslanden","rbbvos","rbbvos",TRUE,"Druk3.4","3.4 Eutrofiëring via het oppervlaktewater (incl. overstromingswater en afspoeling)","","H",3,"H",3
"(Half-)natuurlijke graslanden","rbbvos","rbbvos",TRUE,"Druk15","15 Verlies van terrestrische connectiviteit","","H",4,"H",4
"(Half-)natuurlijke graslanden","rbbvos","rbbvos",TRUE,"Druk11","11 Aanpassing van de fysische structuur naar een blijvende nieuwe toestand (bodemcompactie, verharding, herprofilering, nieuw substraat, grondverzet, ...)","","M",5,"M",5
"(Half-)natuurlijke graslanden","rbbvos","rbbvos",TRUE,"Druk8.2","8.2 Verontreiniging via de bodem","","L",6,"M",6
"(Half-)natuurlijke graslanden","rbbvos","rbbvos",TRUE,"Druk3.3","3.3 Eutrofiëring via het grondwater","","L",7,"L",7
"(Half-)natuurlijke graslanden","rbbvos","rbbvos",TRUE,"Druk3.1","3.1 Eutrofiëring via de lucht","","L",8,"L",8
"(Half-)natuurlijke graslanden","rbbvos","rbbvos",TRUE,"Druk62","62 Afname overstromingsduur of -frequentie (incl. getijden)","","L",8,"L",8
"(Half-)natuurlijke graslanden","rbbvos","rbbvos",TRUE,"Druk8.4","8.4 Verontreiniging via het oppervlaktewater (incl. overstromingswater)","","L",8,"L",8
"(Half-)natuurlijke graslanden","rbbvos","rbbvos",TRUE,"Druk4.1","4.1 Verzuring via de lucht","","L",9,"L",9
"(Half-)natuurlijke graslanden","rbbvos","rbbvos",TRUE,"Druk4.2","4.2 Verzuring via het grondwater","","L",9,"L",9
"(Half-)natuurlijke graslanden","rbbvos","rbbvos",TRUE,"Druk5.2","5.2 Vernatting via het grondwater","","L",9,"L",9
"(Half-)natuurlijke graslanden","rbbvos","rbbvos",TRUE,"Druk61","61 Toename overstromingsduur of -frequentie (incl. getijden)","","L",9,"L",9
"(Half-)natuurlijke graslanden","rbbvos","rbbvos",TRUE,"Druk8.1","8.1 Verontreiniging via de lucht","","L",9,"L",9
"(Half-)natuurlijke graslanden","rbbvos","rbbvos",TRUE,"Druk8.3","8.3 Verontreiniging via het grondwater","","L",9,"L",9
"(Half-)natuurlijke graslanden","rbbvos","rbbvos",TRUE,"Druk12","12 Toename bodemdynamiek (erosie, omwoeling, verstuiving)","",,,"S",
"(Half-)natuurlijke graslanden","rbbvos","rbbvos",TRUE,"Druk13","13 Afname bodemdynamiek (erosie, omwoeling, verstuiving)","",,,"S",
"(Half-)natuurlijke graslanden","rbbvos","rbbvos",TRUE,"Druk14","14 Verlies van aquatische connectiviteit","",,,"S",
"(Half-)natuurlijke graslanden","rbbvos","rbbvos",TRUE,"Druk4.3","4.3 Verzuring via het oppervlaktewater (incl. overstromingswater)","",,,"S",
"(Half-)natuurlijke graslanden","rbbvos","rbbvos",TRUE,"Druk7.3","7.3 Verzilting via het grondwater","",,,"S",
"(Half-)natuurlijke graslanden","rbbvos","rbbvos",TRUE,"Druk7.4","7.4 Verzilting via het oppervlaktewater (incl. overstromingswater)","",,,"S",
"(Half-)natuurlijke graslanden","rbbvos","rbbvos",TRUE,"Druk9.3","9.3 Beweging en andere visuele verstoring","",,,"S",
"(Half-)natuurlijke graslanden","rbbvos","rbbvos",TRUE,"Druk8.5","8.5 Thermische verontreiniging: toename temperatuur oppervlaktewater","",,,"P",
"(Half-)natuurlijke graslanden","rbbzil","rbbzil",TRUE,"Druk3.4","3.4 Eutrofiëring via het oppervlaktewater (incl. overstromingswater en afspoeling)","","H",1,"H",1
"(Half-)natuurlijke graslanden","rbbzil","rbbzil",TRUE,"Druk5.1","5.1 Verdroging via het grondwater","","H",2,"H",2
"(Half-)natuurlijke graslanden","rbbzil","rbbzil",TRUE,"Druk3.2","3.2 Eutrofiëring via de bodem","","H",3,"H",3
"(Half-)natuurlijke graslanden","rbbzil","rbbzil",TRUE,"Druk11","11 Aanpassing van de fysische structuur naar een blijvende nieuwe toestand (bodemcompactie, verharding, herprofilering, nieuw substraat, grondverzet, ...)","","H",4,"H",4
"(Half-)natuurlijke graslanden","rbbzil","rbbzil",TRUE,"Druk15","15 Verlies van terrestrische connectiviteit","","H",5,"H",5
"(Half-)natuurlijke graslanden","rbbzil","rbbzil",TRUE,"Druk3.3","3.3 Eutrofiëring via het grondwater","","M",6,"M",6
"(Half-)natuurlijke graslanden","rbbzil","rbbzil",TRUE,"Druk62","62 Afname overstromingsduur of -frequentie (incl. getijden)","","M",7,"M",7
"(Half-)natuurlijke graslanden","rbbzil","rbbzil",TRUE,"Druk8.2","8.2 Verontreiniging via de bodem","","L",11,"M",8
"(Half-)natuurlijke graslanden","rbbzil","rbbzil",TRUE,"Druk3.1","3.1 Eutrofiëring via de lucht","","L",8,"L",9
"(Half-)natuurlijke graslanden","rbbzil","rbbzil",TRUE,"Druk5.2","5.2 Vernatting via het grondwater","","L",9,"L",10
"(Half-)natuurlijke graslanden","rbbzil","rbbzil",TRUE,"Druk61","61 Toename overstromingsduur of -frequentie (incl. getijden)","","L",10,"L",11
"(Half-)natuurlijke graslanden","rbbzil","rbbzil",TRUE,"Druk101","101 Klimaatverandering in droge perioden","","L",11,"L",12
"(Half-)natuurlijke graslanden","rbbzil","rbbzil",TRUE,"Druk102","102 Klimaatverandering in natte perioden","","L",11,"L",12
"(Half-)natuurlijke graslanden","rbbzil","rbbzil",TRUE,"Druk8.3","8.3 Verontreiniging via het grondwater","","L",11,"L",12
"(Half-)natuurlijke graslanden","rbbzil","rbbzil",TRUE,"Druk8.4","8.4 Verontreiniging via het oppervlaktewater (incl. overstromingswater)","","L",11,"L",12
"(Half-)natuurlijke graslanden","rbbzil","rbbzil",TRUE,"Druk12","12 Toename bodemdynamiek (erosie, omwoeling, verstuiving)","",,,"S",
"(Half-)natuurlijke graslanden","rbbzil","rbbzil",TRUE,"Druk13","13 Afname bodemdynamiek (erosie, omwoeling, verstuiving)","",,,"S",
"(Half-)natuurlijke graslanden","rbbzil","rbbzil",TRUE,"Druk14","14 Verlies van aquatische connectiviteit","",,,"S",
"(Half-)natuurlijke graslanden","rbbzil","rbbzil",TRUE,"Druk4.3","4.3 Verzuring via het oppervlaktewater (incl. overstromingswater)","",,,"S",
"(Half-)natuurlijke graslanden","rbbzil","rbbzil",TRUE,"Druk9.3","9.3 Beweging en andere visuele verstoring","",,,"S",
"(Half-)natuurlijke graslanden","rbbzil","rbbzil",TRUE,"Druk8.1","8.1 Verontreiniging via de lucht","",,,"P",
"(Half-)natuurlijke graslanden","rbbzil","rbbzil",TRUE,"Druk8.5","8.5 Thermische verontreiniging: toename temperatuur oppervlaktewater","",,,"P",
"(Half-)natuurlijke graslanden","rbbzil","rbbzil",TRUE,"Druk9.1","9.1 Geluid en trillingen","",,,"P",
"(Half-)natuurlijke graslanden","rbbzil","rbbzil",TRUE,"Druk9.2","9.2 Licht en straling","",,,"P",
