Typeklasse,Hoofdtype,Vegcode,HoofdLogical,Druk,Milieudruk,EffIndActie,Categorie_voorstel,Rang_voorstel,Rang,Categorie
Kust- en zilte habitats,1140,1140,TRUE,Druk101,101 Klimaatverandering in droge perioden,0nvt,L,9,9,L
Kust- en zilte habitats,1140,1140,TRUE,Druk102,102 Klimaatverandering in natte perioden,0nvt,L,9,9,L
Kust- en zilte habitats,1140,1140,TRUE,Druk103,103 Klimaatverandering: zeespiegelstijging,0nvt,M,8,8,M
Kust- en zilte habitats,1140,1140,TRUE,Druk11,"11 Aanpassing van de fysische structuur naar een blijvende nieuwe toestand (bodemcompactie, verharding, herprofilering, nieuw substraat, grondverzet, ...)",0nvt,H,3,3,H
Kust- en zilte habitats,1140,1140,TRUE,Druk12,"12 Toename bodemdynamiek (erosie, omwoeling, verstuiving)",0nvt,H,1,1,H
Kust- en zilte habitats,1140,1140,TRUE,Druk13,"13 Afname bodemdynamiek (erosie, omwoeling, verstuiving)",0nvt,NA,NA,NA,S
Kust- en zilte habitats,1140,1140,TRUE,Druk14,14 Verlies van aquatische connectiviteit,0nvt,NA,NA,NA,S
Kust- en zilte habitats,1140,1140,TRUE,Druk15,15 Verlies van terrestrische connectiviteit,0nvt,NA,NA,NA,S
Kust- en zilte habitats,1140,1140,TRUE,Druk3.4,3.4 Eutrofiëring via het oppervlaktewater (incl. overstromingswater en afspoeling),0nvt,M,6,6,M
Kust- en zilte habitats,1140,1140,TRUE,Druk61,61 Toename overstromingsduur of -frequentie (incl. getijden),0nvt,H,4,4,H
Kust- en zilte habitats,1140,1140,TRUE,Druk62,62 Afname overstromingsduur of -frequentie (incl. getijden),0nvt,L,9,9,L
Kust- en zilte habitats,1140,1140,TRUE,Druk63,"63 Toename van stroomsnelheid, waterpeil en/of de fluctuatie ervan",0nvt,H,2,2,H
Kust- en zilte habitats,1140,1140,TRUE,Druk64,"64 Afname van stroomsnelheid, waterpeil en/of de fluctuatie ervan",0nvt,NA,NA,NA,S
Kust- en zilte habitats,1140,1140,TRUE,Druk65,65  Toename golfslagwerking,0nvt,M,7,7,M
Kust- en zilte habitats,1140,1140,TRUE,Druk66,66  Afname golfslagwerking,0nvt,NA,NA,NA,S
Kust- en zilte habitats,1140,1140,TRUE,Druk8.1,8.1 Verontreiniging via de lucht,0nvt,NA,NA,NA,S
Kust- en zilte habitats,1140,1140,TRUE,Druk8.4,8.4 Verontreiniging via het oppervlaktewater (incl. overstromingswater),0nvt,H,5,5,H
Kust- en zilte habitats,1140,1140,TRUE,Druk8.5,8.5 Thermische verontreiniging: toename temperatuur oppervlaktewater,0nvt,L,9,9,L
Kust- en zilte habitats,1140,1140,TRUE,Druk9.1,9.1 Geluid en trillingen,0nvt,NA,NA,NA,S
Kust- en zilte habitats,1140,1140,TRUE,Druk9.2,9.2 Licht en straling,0nvt,NA,NA,NA,S
Kust- en zilte habitats,1140,1140,TRUE,Druk9.3,9.3 Beweging en andere visuele verstoring,0nvt,NA,NA,NA,S
Kust- en zilte habitats,1310,1310_pol,FALSE,Druk101,101 Klimaatverandering in droge perioden,0nvt,L,9,9,L
Kust- en zilte habitats,1310,1310_pol,FALSE,Druk102,102 Klimaatverandering in natte perioden,0nvt,M,7,7,M
Kust- en zilte habitats,1310,1310_pol,FALSE,Druk11,"11 Aanpassing van de fysische structuur naar een blijvende nieuwe toestand (bodemcompactie, verharding, herprofilering, nieuw substraat, grondverzet, ...)",0nvt,H,4,4,H
Kust- en zilte habitats,1310,1310_pol,FALSE,Druk12,"12 Toename bodemdynamiek (erosie, omwoeling, verstuiving)",0nvt,NA,NA,NA,S
Kust- en zilte habitats,1310,1310_pol,FALSE,Druk13,"13 Afname bodemdynamiek (erosie, omwoeling, verstuiving)",0nvt,NA,NA,NA,S
Kust- en zilte habitats,1310,1310_pol,FALSE,Druk14,14 Verlies van aquatische connectiviteit,0nvt,L,10,10,L
Kust- en zilte habitats,1310,1310_pol,FALSE,Druk15,15 Verlies van terrestrische connectiviteit,0nvt,L,9,9,L
Kust- en zilte habitats,1310,1310_pol,FALSE,Druk3.1,3.1 Eutrofiëring via de lucht,0nvt,L,9,9,L
Kust- en zilte habitats,1310,1310_pol,FALSE,Druk3.2,3.2 Eutrofiëring via de bodem,0nvt,L,9,9,L
Kust- en zilte habitats,1310,1310_pol,FALSE,Druk3.3,3.3 Eutrofiëring via het grondwater,0nvt,L,10,10,L
Kust- en zilte habitats,1310,1310_pol,FALSE,Druk3.4,3.4 Eutrofiëring via het oppervlaktewater (incl. overstromingswater en afspoeling),0nvt,M,8,8,M
Kust- en zilte habitats,1310,1310_pol,FALSE,Druk4.2,4.2 Verzuring via het grondwater,0nvt,NA,NA,NA,S
Kust- en zilte habitats,1310,1310_pol,FALSE,Druk4.3,4.3 Verzuring via het oppervlaktewater (incl. overstromingswater),0nvt,NA,NA,NA,S
Kust- en zilte habitats,1310,1310_pol,FALSE,Druk5.1,5.1 Verdroging via het grondwater,0nvt,H,3,3,H
Kust- en zilte habitats,1310,1310_pol,FALSE,Druk5.2,5.2 Vernatting via het grondwater,0nvt,M,7,7,M
Kust- en zilte habitats,1310,1310_pol,FALSE,Druk61,61 Toename overstromingsduur of -frequentie (incl. getijden),0nvt,M,6,6,M
Kust- en zilte habitats,1310,1310_pol,FALSE,Druk62,62 Afname overstromingsduur of -frequentie (incl. getijden),0nvt,H,1,1,H
Kust- en zilte habitats,1310,1310_pol,FALSE,Druk7.1,7.1 Verzoeting via het grondwater,0nvt,H,5,5,H
Kust- en zilte habitats,1310,1310_pol,FALSE,Druk7.2,7.2 Verzoeting via het oppervlaktewater (incl. overstromingswater),0nvt,H,2,2,H
Kust- en zilte habitats,1310,1310_pol,FALSE,Druk8.1,8.1 Verontreiniging via de lucht,0nvt,NA,NA,NA,S
Kust- en zilte habitats,1310,1310_pol,FALSE,Druk8.2,8.2 Verontreiniging via de bodem,0nvt,L,9,9,L
Kust- en zilte habitats,1310,1310_pol,FALSE,Druk8.3,8.3 Verontreiniging via het grondwater,0nvt,L,9,9,L
Kust- en zilte habitats,1310,1310_pol,FALSE,Druk8.4,8.4 Verontreiniging via het oppervlaktewater (incl. overstromingswater),0nvt,L,9,9,L
Kust- en zilte habitats,1310,1310_pol,FALSE,Druk8.5,8.5 Thermische verontreiniging: toename temperatuur oppervlaktewater,0nvt,NA,NA,NA,P
Kust- en zilte habitats,1310,1310_pol,FALSE,Druk9.3,9.3 Beweging en andere visuele verstoring,0nvt,NA,NA,NA,S
Kust- en zilte habitats,1310,1310_zk,FALSE,Druk101,101 Klimaatverandering in droge perioden,0nvt,L,7,7,L
Kust- en zilte habitats,1310,1310_zk,FALSE,Druk102,102 Klimaatverandering in natte perioden,0nvt,L,7,7,L
Kust- en zilte habitats,1310,1310_zk,FALSE,Druk103,103 Klimaatverandering: zeespiegelstijging,0nvt,L,7,7,L
Kust- en zilte habitats,1310,1310_zk,FALSE,Druk11,"11 Aanpassing van de fysische structuur naar een blijvende nieuwe toestand (bodemcompactie, verharding, herprofilering, nieuw substraat, grondverzet, ...)",0nvt,M,6,6,M
Kust- en zilte habitats,1310,1310_zk,FALSE,Druk12,"12 Toename bodemdynamiek (erosie, omwoeling, verstuiving)",0nvt,H,2,2,H
Kust- en zilte habitats,1310,1310_zk,FALSE,Druk13,"13 Afname bodemdynamiek (erosie, omwoeling, verstuiving)",0nvt,L,7,7,L
Kust- en zilte habitats,1310,1310_zk,FALSE,Druk14,14 Verlies van aquatische connectiviteit,0nvt,NA,NA,NA,S
Kust- en zilte habitats,1310,1310_zk,FALSE,Druk15,15 Verlies van terrestrische connectiviteit,0nvt,L,7,7,L
Kust- en zilte habitats,1310,1310_zk,FALSE,Druk3.1,3.1 Eutrofiëring via de lucht,0nvt,L,8,8,L
Kust- en zilte habitats,1310,1310_zk,FALSE,Druk3.2,3.2 Eutrofiëring via de bodem,0nvt,NA,NA,NA,S
Kust- en zilte habitats,1310,1310_zk,FALSE,Druk3.3,3.3 Eutrofiëring via het grondwater,0nvt,NA,NA,NA,S
Kust- en zilte habitats,1310,1310_zk,FALSE,Druk3.4,3.4 Eutrofiëring via het oppervlaktewater (incl. overstromingswater en afspoeling),0nvt,L,7,7,L
Kust- en zilte habitats,1310,1310_zk,FALSE,Druk4.3,4.3 Verzuring via het oppervlaktewater (incl. overstromingswater),0nvt,NA,NA,NA,S
Kust- en zilte habitats,1310,1310_zk,FALSE,Druk5.1,5.1 Verdroging via het grondwater,0nvt,NA,NA,NA,S
Kust- en zilte habitats,1310,1310_zk,FALSE,Druk5.2,5.2 Vernatting via het grondwater,0nvt,NA,NA,NA,S
Kust- en zilte habitats,1310,1310_zk,FALSE,Druk61,61 Toename overstromingsduur of -frequentie (incl. getijden),0nvt,H,3,3,H
Kust- en zilte habitats,1310,1310_zk,FALSE,Druk62,62 Afname overstromingsduur of -frequentie (incl. getijden),0nvt,H,5,5,H
Kust- en zilte habitats,1310,1310_zk,FALSE,Druk63,"63 Toename van stroomsnelheid, waterpeil en/of de fluctuatie ervan",0nvt,H,1,1,H
Kust- en zilte habitats,1310,1310_zk,FALSE,Druk64,"64 Afname van stroomsnelheid, waterpeil en/of de fluctuatie ervan",0nvt,L,7,7,L
Kust- en zilte habitats,1310,1310_zk,FALSE,Druk65,65  Toename golfslagwerking,0nvt,H,4,4,H
Kust- en zilte habitats,1310,1310_zk,FALSE,Druk66,66  Afname golfslagwerking,0nvt,NA,NA,NA,S
Kust- en zilte habitats,1310,1310_zk,FALSE,Druk7.1,7.1 Verzoeting via het grondwater,0nvt,NA,NA,NA,S
Kust- en zilte habitats,1310,1310_zk,FALSE,Druk7.2,7.2 Verzoeting via het oppervlaktewater (incl. overstromingswater),0nvt,L,7,7,L
Kust- en zilte habitats,1310,1310_zk,FALSE,Druk8.1,8.1 Verontreiniging via de lucht,0nvt,NA,NA,NA,S
Kust- en zilte habitats,1310,1310_zk,FALSE,Druk8.2,8.2 Verontreiniging via de bodem,0nvt,NA,NA,NA,S
Kust- en zilte habitats,1310,1310_zk,FALSE,Druk8.3,8.3 Verontreiniging via het grondwater,0nvt,NA,NA,NA,S
Kust- en zilte habitats,1310,1310_zk,FALSE,Druk8.4,8.4 Verontreiniging via het oppervlaktewater (incl. overstromingswater),0nvt,L,7,7,L
Kust- en zilte habitats,1310,1310_zk,FALSE,Druk8.5,8.5 Thermische verontreiniging: toename temperatuur oppervlaktewater,0nvt,NA,NA,NA,P
Kust- en zilte habitats,1310,1310_zk,FALSE,Druk9.3,9.3 Beweging en andere visuele verstoring,0nvt,NA,NA,NA,S
Kust- en zilte habitats,1310,1310_zv,FALSE,Druk101,101 Klimaatverandering in droge perioden,0nvt,L,7,7,L
Kust- en zilte habitats,1310,1310_zv,FALSE,Druk102,102 Klimaatverandering in natte perioden,0nvt,L,7,7,L
Kust- en zilte habitats,1310,1310_zv,FALSE,Druk103,103 Klimaatverandering: zeespiegelstijging,0nvt,M,5,5,M
Kust- en zilte habitats,1310,1310_zv,FALSE,Druk11,"11 Aanpassing van de fysische structuur naar een blijvende nieuwe toestand (bodemcompactie, verharding, herprofilering, nieuw substraat, grondverzet, ...)",0nvt,H,3,3,H
Kust- en zilte habitats,1310,1310_zv,FALSE,Druk12,"12 Toename bodemdynamiek (erosie, omwoeling, verstuiving)",0nvt,M,5,5,M
Kust- en zilte habitats,1310,1310_zv,FALSE,Druk13,"13 Afname bodemdynamiek (erosie, omwoeling, verstuiving)",0nvt,NA,NA,NA,S
Kust- en zilte habitats,1310,1310_zv,FALSE,Druk14,14 Verlies van aquatische connectiviteit,0nvt,M,4,4,M
Kust- en zilte habitats,1310,1310_zv,FALSE,Druk15,15 Verlies van terrestrische connectiviteit,0nvt,M,6,6,M
Kust- en zilte habitats,1310,1310_zv,FALSE,Druk3.1,3.1 Eutrofiëring via de lucht,0nvt,NA,NA,NA,S
Kust- en zilte habitats,1310,1310_zv,FALSE,Druk3.2,3.2 Eutrofiëring via de bodem,0nvt,NA,NA,NA,S
Kust- en zilte habitats,1310,1310_zv,FALSE,Druk3.3,3.3 Eutrofiëring via het grondwater,0nvt,NA,NA,NA,S
Kust- en zilte habitats,1310,1310_zv,FALSE,Druk3.4,3.4 Eutrofiëring via het oppervlaktewater (incl. overstromingswater en afspoeling),0nvt,L,7,7,L
Kust- en zilte habitats,1310,1310_zv,FALSE,Druk4.3,4.3 Verzuring via het oppervlaktewater (incl. overstromingswater),0nvt,NA,NA,NA,S
Kust- en zilte habitats,1310,1310_zv,FALSE,Druk5.1,5.1 Verdroging via het grondwater,0nvt,NA,NA,NA,S
Kust- en zilte habitats,1310,1310_zv,FALSE,Druk5.2,5.2 Vernatting via het grondwater,0nvt,NA,NA,NA,S
Kust- en zilte habitats,1310,1310_zv,FALSE,Druk61,61 Toename overstromingsduur of -frequentie (incl. getijden),0nvt,NA,NA,NA,S
Kust- en zilte habitats,1310,1310_zv,FALSE,Druk62,62 Afname overstromingsduur of -frequentie (incl. getijden),0nvt,H,2,2,H
Kust- en zilte habitats,1310,1310_zv,FALSE,Druk63,"63 Toename van stroomsnelheid, waterpeil en/of de fluctuatie ervan",0nvt,L,7,7,L
Kust- en zilte habitats,1310,1310_zv,FALSE,Druk64,"64 Afname van stroomsnelheid, waterpeil en/of de fluctuatie ervan",0nvt,M,4,4,M
Kust- en zilte habitats,1310,1310_zv,FALSE,Druk65,65  Toename golfslagwerking,0nvt,L,8,8,L
Kust- en zilte habitats,1310,1310_zv,FALSE,Druk66,66  Afname golfslagwerking,0nvt,H,1,1,H
Kust- en zilte habitats,1310,1310_zv,FALSE,Druk7.1,7.1 Verzoeting via het grondwater,0nvt,NA,NA,NA,S
Kust- en zilte habitats,1310,1310_zv,FALSE,Druk7.2,7.2 Verzoeting via het oppervlaktewater (incl. overstromingswater),0nvt,L,7,7,L
Kust- en zilte habitats,1310,1310_zv,FALSE,Druk8.1,8.1 Verontreiniging via de lucht,0nvt,NA,NA,NA,S
Kust- en zilte habitats,1310,1310_zv,FALSE,Druk8.2,8.2 Verontreiniging via de bodem,0nvt,NA,NA,NA,S
Kust- en zilte habitats,1310,1310_zv,FALSE,Druk8.3,8.3 Verontreiniging via het grondwater,0nvt,NA,NA,NA,S
Kust- en zilte habitats,1310,1310_zv,FALSE,Druk8.4,8.4 Verontreiniging via het oppervlaktewater (incl. overstromingswater),0nvt,L,7,7,L
Kust- en zilte habitats,1310,1310_zv,FALSE,Druk8.5,8.5 Thermische verontreiniging: toename temperatuur oppervlaktewater,0nvt,NA,NA,NA,P
Kust- en zilte habitats,1310,1310_zv,FALSE,Druk9.3,9.3 Beweging en andere visuele verstoring,0nvt,NA,NA,NA,S
Kust- en zilte habitats,1320,1320,TRUE,Druk101,101 Klimaatverandering in droge perioden,0nvt,L,6,7,L
Kust- en zilte habitats,1320,1320,TRUE,Druk102,102 Klimaatverandering in natte perioden,0nvt,L,6,7,L
Kust- en zilte habitats,1320,1320,TRUE,Druk103,103 Klimaatverandering: zeespiegelstijging,0nvt,L,6,7,L
Kust- en zilte habitats,1320,1320,TRUE,Druk11,"11 Aanpassing van de fysische structuur naar een blijvende nieuwe toestand (bodemcompactie, verharding, herprofilering, nieuw substraat, grondverzet, ...)",0nvt,H,5,5,H
Kust- en zilte habitats,1320,1320,TRUE,Druk12,"12 Toename bodemdynamiek (erosie, omwoeling, verstuiving)",0nvt,H,2,2,H
Kust- en zilte habitats,1320,1320,TRUE,Druk13,"13 Afname bodemdynamiek (erosie, omwoeling, verstuiving)",0nvt,NA,NA,NA,S
Kust- en zilte habitats,1320,1320,TRUE,Druk14,14 Verlies van aquatische connectiviteit,0nvt,NA,NA,NA,S
Kust- en zilte habitats,1320,1320,TRUE,Druk15,15 Verlies van terrestrische connectiviteit,0nvt,L,6,7,L
Kust- en zilte habitats,1320,1320,TRUE,Druk3.1,3.1 Eutrofiëring via de lucht,0nvt,L,7,8,L
Kust- en zilte habitats,1320,1320,TRUE,Druk3.2,3.2 Eutrofiëring via de bodem,0nvt,NA,NA,NA,S
Kust- en zilte habitats,1320,1320,TRUE,Druk3.3,3.3 Eutrofiëring via het grondwater,0nvt,NA,NA,NA,S
Kust- en zilte habitats,1320,1320,TRUE,Druk3.4,3.4 Eutrofiëring via het oppervlaktewater (incl. overstromingswater en afspoeling),0nvt,L,6,7,L
Kust- en zilte habitats,1320,1320,TRUE,Druk4.3,4.3 Verzuring via het oppervlaktewater (incl. overstromingswater),0nvt,NA,NA,NA,S
Kust- en zilte habitats,1320,1320,TRUE,Druk5.1,5.1 Verdroging via het grondwater,0nvt,NA,NA,NA,S
Kust- en zilte habitats,1320,1320,TRUE,Druk5.2,5.2 Vernatting via het grondwater,0nvt,NA,NA,NA,S
Kust- en zilte habitats,1320,1320,TRUE,Druk61,61 Toename overstromingsduur of -frequentie (incl. getijden),0nvt,M,5,6,M
Kust- en zilte habitats,1320,1320,TRUE,Druk62,62 Afname overstromingsduur of -frequentie (incl. getijden),0nvt,H,3,3,H
Kust- en zilte habitats,1320,1320,TRUE,Druk63,"63 Toename van stroomsnelheid, waterpeil en/of de fluctuatie ervan",0nvt,H,1,1,H
Kust- en zilte habitats,1320,1320,TRUE,Druk64,"64 Afname van stroomsnelheid, waterpeil en/of de fluctuatie ervan",0nvt,NA,NA,NA,S
Kust- en zilte habitats,1320,1320,TRUE,Druk65,65  Toename golfslagwerking,0nvt,H,4,4,H
Kust- en zilte habitats,1320,1320,TRUE,Druk66,66  Afname golfslagwerking,0nvt,NA,NA,NA,S
Kust- en zilte habitats,1320,1320,TRUE,Druk7.1,7.1 Verzoeting via het grondwater,0nvt,NA,NA,NA,S
Kust- en zilte habitats,1320,1320,TRUE,Druk7.2,7.2 Verzoeting via het oppervlaktewater (incl. overstromingswater),0nvt,L,6,7,L
Kust- en zilte habitats,1320,1320,TRUE,Druk8.1,8.1 Verontreiniging via de lucht,0nvt,NA,NA,NA,S
Kust- en zilte habitats,1320,1320,TRUE,Druk8.2,8.2 Verontreiniging via de bodem,0nvt,NA,NA,NA,S
Kust- en zilte habitats,1320,1320,TRUE,Druk8.3,8.3 Verontreiniging via het grondwater,0nvt,NA,NA,NA,S
Kust- en zilte habitats,1320,1320,TRUE,Druk8.4,8.4 Verontreiniging via het oppervlaktewater (incl. overstromingswater),0nvt,NA,NA,NA,S
Kust- en zilte habitats,1320,1320,TRUE,Druk8.5,8.5 Thermische verontreiniging: toename temperatuur oppervlaktewater,0nvt,NA,NA,NA,P
Kust- en zilte habitats,1320,1320,TRUE,Druk9.3,9.3 Beweging en andere visuele verstoring,0nvt,NA,NA,NA,S
Kust- en zilte habitats,1330,1330_da,FALSE,Druk101,101 Klimaatverandering in droge perioden,0nvt,L,7,7,L
Kust- en zilte habitats,1330,1330_da,FALSE,Druk102,102 Klimaatverandering in natte perioden,0nvt,L,7,7,L
Kust- en zilte habitats,1330,1330_da,FALSE,Druk103,103 Klimaatverandering: zeespiegelstijging,0nvt,L,7,7,L
Kust- en zilte habitats,1330,1330_da,FALSE,Druk11,"11 Aanpassing van de fysische structuur naar een blijvende nieuwe toestand (bodemcompactie, verharding, herprofilering, nieuw substraat, grondverzet, ...)",0nvt,H,4,4,H
Kust- en zilte habitats,1330,1330_da,FALSE,Druk12,"12 Toename bodemdynamiek (erosie, omwoeling, verstuiving)",0nvt,H,2,2,H
Kust- en zilte habitats,1330,1330_da,FALSE,Druk13,"13 Afname bodemdynamiek (erosie, omwoeling, verstuiving)",0nvt,NA,NA,NA,S
Kust- en zilte habitats,1330,1330_da,FALSE,Druk14,14 Verlies van aquatische connectiviteit,0nvt,NA,NA,NA,S
Kust- en zilte habitats,1330,1330_da,FALSE,Druk15,15 Verlies van terrestrische connectiviteit,0nvt,L,7,7,L
Kust- en zilte habitats,1330,1330_da,FALSE,Druk3.1,3.1 Eutrofiëring via de lucht,0nvt,L,8,8,L
Kust- en zilte habitats,1330,1330_da,FALSE,Druk3.2,3.2 Eutrofiëring via de bodem,0nvt,NA,NA,NA,S
Kust- en zilte habitats,1330,1330_da,FALSE,Druk3.3,3.3 Eutrofiëring via het grondwater,0nvt,NA,NA,NA,S
Kust- en zilte habitats,1330,1330_da,FALSE,Druk3.4,3.4 Eutrofiëring via het oppervlaktewater (incl. overstromingswater en afspoeling),0nvt,L,7,7,L
Kust- en zilte habitats,1330,1330_da,FALSE,Druk4.3,4.3 Verzuring via het oppervlaktewater (incl. overstromingswater),0nvt,NA,NA,NA,S
Kust- en zilte habitats,1330,1330_da,FALSE,Druk5.1,5.1 Verdroging via het grondwater,0nvt,L,7,7,L
Kust- en zilte habitats,1330,1330_da,FALSE,Druk5.2,5.2 Vernatting via het grondwater,0nvt,L,8,8,L
Kust- en zilte habitats,1330,1330_da,FALSE,Druk61,61 Toename overstromingsduur of -frequentie (incl. getijden),0nvt,M,6,6,M
Kust- en zilte habitats,1330,1330_da,FALSE,Druk62,62 Afname overstromingsduur of -frequentie (incl. getijden),0nvt,H,3,3,H
Kust- en zilte habitats,1330,1330_da,FALSE,Druk63,"63 Toename van stroomsnelheid, waterpeil en/of de fluctuatie ervan",0nvt,H,1,1,H
Kust- en zilte habitats,1330,1330_da,FALSE,Druk64,"64 Afname van stroomsnelheid, waterpeil en/of de fluctuatie ervan",0nvt,NA,NA,NA,S
Kust- en zilte habitats,1330,1330_da,FALSE,Druk65,65  Toename golfslagwerking,0nvt,M,5,5,M
Kust- en zilte habitats,1330,1330_da,FALSE,Druk66,66  Afname golfslagwerking,0nvt,NA,NA,NA,S
Kust- en zilte habitats,1330,1330_da,FALSE,Druk7.1,7.1 Verzoeting via het grondwater,0nvt,NA,NA,NA,S
Kust- en zilte habitats,1330,1330_da,FALSE,Druk7.2,7.2 Verzoeting via het oppervlaktewater (incl. overstromingswater),0nvt,L,7,7,L
Kust- en zilte habitats,1330,1330_da,FALSE,Druk8.1,8.1 Verontreiniging via de lucht,0nvt,NA,NA,NA,S
Kust- en zilte habitats,1330,1330_da,FALSE,Druk8.2,8.2 Verontreiniging via de bodem,0nvt,NA,NA,NA,S
Kust- en zilte habitats,1330,1330_da,FALSE,Druk8.3,8.3 Verontreiniging via het grondwater,0nvt,NA,NA,NA,S
Kust- en zilte habitats,1330,1330_da,FALSE,Druk8.4,8.4 Verontreiniging via het oppervlaktewater (incl. overstromingswater),0nvt,NA,NA,NA,S
Kust- en zilte habitats,1330,1330_da,FALSE,Druk8.5,8.5 Thermische verontreiniging: toename temperatuur oppervlaktewater,0nvt,NA,NA,NA,P
Kust- en zilte habitats,1330,1330_da,FALSE,Druk9.3,9.3 Beweging en andere visuele verstoring,0nvt,NA,NA,NA,S
Kust- en zilte habitats,1330,1330_hpr,FALSE,Druk101,101 Klimaatverandering in droge perioden,0nvt,M,5,5,M
Kust- en zilte habitats,1330,1330_hpr,FALSE,Druk102,102 Klimaatverandering in natte perioden,0nvt,L,7,8,L
Kust- en zilte habitats,1330,1330_hpr,FALSE,Druk11,"11 Aanpassing van de fysische structuur naar een blijvende nieuwe toestand (bodemcompactie, verharding, herprofilering, nieuw substraat, grondverzet, ...)",0nvt,H,1,1,H
Kust- en zilte habitats,1330,1330_hpr,FALSE,Druk12,"12 Toename bodemdynamiek (erosie, omwoeling, verstuiving)",0nvt,NA,NA,NA,S
Kust- en zilte habitats,1330,1330_hpr,FALSE,Druk13,"13 Afname bodemdynamiek (erosie, omwoeling, verstuiving)",0nvt,NA,NA,NA,S
Kust- en zilte habitats,1330,1330_hpr,FALSE,Druk14,14 Verlies van aquatische connectiviteit,0nvt,L,7,8,L
Kust- en zilte habitats,1330,1330_hpr,FALSE,Druk15,15 Verlies van terrestrische connectiviteit,0nvt,M,6,6,M
Kust- en zilte habitats,1330,1330_hpr,FALSE,Druk3.1,3.1 Eutrofiëring via de lucht,0nvt,L,7,7,M
Kust- en zilte habitats,1330,1330_hpr,FALSE,Druk3.2,3.2 Eutrofiëring via de bodem,0nvt,M,6,6,M
Kust- en zilte habitats,1330,1330_hpr,FALSE,Druk3.3,3.3 Eutrofiëring via het grondwater,0nvt,L,8,9,L
Kust- en zilte habitats,1330,1330_hpr,FALSE,Druk3.4,3.4 Eutrofiëring via het oppervlaktewater (incl. overstromingswater en afspoeling),0nvt,M,5,5,M
Kust- en zilte habitats,1330,1330_hpr,FALSE,Druk4.2,4.2 Verzuring via het grondwater,0nvt,NA,NA,NA,S
Kust- en zilte habitats,1330,1330_hpr,FALSE,Druk4.3,4.3 Verzuring via het oppervlaktewater (incl. overstromingswater),0nvt,NA,NA,NA,S
Kust- en zilte habitats,1330,1330_hpr,FALSE,Druk5.1,5.1 Verdroging via het grondwater,0nvt,H,2,2,H
Kust- en zilte habitats,1330,1330_hpr,FALSE,Druk5.2,5.2 Vernatting via het grondwater,0nvt,M,5,5,M
Kust- en zilte habitats,1330,1330_hpr,FALSE,Druk61,61 Toename overstromingsduur of -frequentie (incl. getijden),0nvt,M,5,5,M
Kust- en zilte habitats,1330,1330_hpr,FALSE,Druk62,62 Afname overstromingsduur of -frequentie (incl. getijden),0nvt,H,4,4,H
Kust- en zilte habitats,1330,1330_hpr,FALSE,Druk7.1,7.1 Verzoeting via het grondwater,0nvt,H,3,3,H
Kust- en zilte habitats,1330,1330_hpr,FALSE,Druk7.2,7.2 Verzoeting via het oppervlaktewater (incl. overstromingswater),0nvt,H,2,2,H
Kust- en zilte habitats,1330,1330_hpr,FALSE,Druk8.1,8.1 Verontreiniging via de lucht,0nvt,NA,NA,NA,S
Kust- en zilte habitats,1330,1330_hpr,FALSE,Druk8.2,8.2 Verontreiniging via de bodem,0nvt,L,7,8,L
Kust- en zilte habitats,1330,1330_hpr,FALSE,Druk8.3,8.3 Verontreiniging via het grondwater,0nvt,L,7,8,L
Kust- en zilte habitats,1330,1330_hpr,FALSE,Druk8.4,8.4 Verontreiniging via het oppervlaktewater (incl. overstromingswater),0nvt,L,7,8,L
Kust- en zilte habitats,1330,1330_hpr,FALSE,Druk8.5,8.5 Thermische verontreiniging: toename temperatuur oppervlaktewater,0nvt,NA,NA,NA,P
Kust- en zilte habitats,1330,1330_hpr,FALSE,Druk9.3,9.3 Beweging en andere visuele verstoring,0nvt,NA,NA,NA,S
Kustduinen,2110,2110,TRUE,Druk103,103 Klimaatverandering: zeespiegelstijging,0nvt,M,3,3,M
Kustduinen,2110,2110,TRUE,Druk11,"11 Aanpassing van de fysische structuur naar een blijvende nieuwe toestand (bodemcompactie, verharding, herprofilering, nieuw substraat, grondverzet, ...)",0nvt,H,2,2,H
Kustduinen,2110,2110,TRUE,Druk12,"12 Toename bodemdynamiek (erosie, omwoeling, verstuiving)",0nvt,H,1,1,H
Kustduinen,2110,2110,TRUE,Druk13,"13 Afname bodemdynamiek (erosie, omwoeling, verstuiving)",0nvt,NA,NA,NA,S
Kustduinen,2110,2110,TRUE,Druk14,14 Verlies van aquatische connectiviteit,0nvt,NA,NA,NA,S
Kustduinen,2110,2110,TRUE,Druk15,15 Verlies van terrestrische connectiviteit,0nvt,NA,NA,NA,S
Kustduinen,2110,2110,TRUE,Druk3.1,3.1 Eutrofiëring via de lucht,0nvt,NA,NA,NA,S
Kustduinen,2110,2110,TRUE,Druk3.2,3.2 Eutrofiëring via de bodem,0nvt,NA,NA,NA,S
Kustduinen,2110,2110,TRUE,Druk3.3,3.3 Eutrofiëring via het grondwater,0nvt,NA,NA,NA,S
Kustduinen,2110,2110,TRUE,Druk3.4,3.4 Eutrofiëring via het oppervlaktewater (incl. overstromingswater en afspoeling),0nvt,NA,NA,NA,S
Kustduinen,2110,2110,TRUE,Druk5.2,5.2 Vernatting via het grondwater,0nvt,NA,NA,NA,S
Kustduinen,2110,2110,TRUE,Druk61,61 Toename overstromingsduur of -frequentie (incl. getijden),0nvt,NA,NA,NA,S
Kustduinen,2110,2110,TRUE,Druk62,62 Afname overstromingsduur of -frequentie (incl. getijden),0nvt,NA,NA,NA,S
Kustduinen,2110,2110,TRUE,Druk63,"63 Toename van stroomsnelheid, waterpeil en/of de fluctuatie ervan",0nvt,NA,NA,NA,S
Kustduinen,2110,2110,TRUE,Druk64,"64 Afname van stroomsnelheid, waterpeil en/of de fluctuatie ervan",0nvt,NA,NA,NA,S
Kustduinen,2110,2110,TRUE,Druk65,65  Toename golfslagwerking,0nvt,NA,NA,NA,S
Kustduinen,2110,2110,TRUE,Druk66,66  Afname golfslagwerking,0nvt,NA,NA,NA,S
Kustduinen,2110,2110,TRUE,Druk7.1,7.1 Verzoeting via het grondwater,0nvt,NA,NA,NA,S
Kustduinen,2110,2110,TRUE,Druk7.2,7.2 Verzoeting via het oppervlaktewater (incl. overstromingswater),0nvt,NA,NA,NA,S
Kustduinen,2110,2110,TRUE,Druk8.1,8.1 Verontreiniging via de lucht,0nvt,NA,NA,NA,S
Kustduinen,2110,2110,TRUE,Druk8.2,8.2 Verontreiniging via de bodem,0nvt,NA,NA,NA,S
Kustduinen,2110,2110,TRUE,Druk8.3,8.3 Verontreiniging via het grondwater,0nvt,NA,NA,NA,S
Kustduinen,2110,2110,TRUE,Druk8.4,8.4 Verontreiniging via het oppervlaktewater (incl. overstromingswater),0nvt,NA,NA,NA,S
Kustduinen,2110,2110,TRUE,Druk8.5,8.5 Thermische verontreiniging: toename temperatuur oppervlaktewater,0nvt,NA,NA,NA,P
Kustduinen,2110,2110,TRUE,Druk9.3,9.3 Beweging en andere visuele verstoring,0nvt,NA,NA,NA,S
Kustduinen,2120,2120,TRUE,Druk102,102 Klimaatverandering in natte perioden,0nvt,H,2,2,H
Kustduinen,2120,2120,TRUE,Druk11,"11 Aanpassing van de fysische structuur naar een blijvende nieuwe toestand (bodemcompactie, verharding, herprofilering, nieuw substraat, grondverzet, ...)",0nvt,H,4,4,H
Kustduinen,2120,2120,TRUE,Druk12,"12 Toename bodemdynamiek (erosie, omwoeling, verstuiving)",NA,NA,NA,6,M
Kustduinen,2120,2120,TRUE,Druk13,"13 Afname bodemdynamiek (erosie, omwoeling, verstuiving)",0nvt,H,1,1,H
Kustduinen,2120,2120,TRUE,Druk14,14 Verlies van aquatische connectiviteit,0nvt,NA,NA,NA,S
Kustduinen,2120,2120,TRUE,Druk15,15 Verlies van terrestrische connectiviteit,0nvt,H,3,3,H
Kustduinen,2120,2120,TRUE,Druk3.1,3.1 Eutrofiëring via de lucht,0nvt,M,5,5,M
Kustduinen,2120,2120,TRUE,Druk3.2,3.2 Eutrofiëring via de bodem,0nvt,NA,NA,NA,S
Kustduinen,2120,2120,TRUE,Druk3.4,3.4 Eutrofiëring via het oppervlaktewater (incl. overstromingswater en afspoeling),0nvt,NA,NA,NA,S
Kustduinen,2120,2120,TRUE,Druk5.2,5.2 Vernatting via het grondwater,0nvt,NA,NA,NA,S
Kustduinen,2120,2120,TRUE,Druk61,61 Toename overstromingsduur of -frequentie (incl. getijden),0nvt,NA,NA,NA,S
Kustduinen,2120,2120,TRUE,Druk7.4,7.4 Verzilting via het oppervlaktewater (incl. overstromingswater),0nvt,NA,NA,NA,S
Kustduinen,2120,2120,TRUE,Druk8.1,8.1 Verontreiniging via de lucht,NA,NA,NA,7,L
Kustduinen,2120,2120,TRUE,Druk8.2,8.2 Verontreiniging via de bodem,0nvt,NA,NA,NA,S
Kustduinen,2120,2120,TRUE,Druk8.4,8.4 Verontreiniging via het oppervlaktewater (incl. overstromingswater),0nvt,NA,NA,NA,S
Kustduinen,2120,2120,TRUE,Druk8.5,8.5 Thermische verontreiniging: toename temperatuur oppervlaktewater,0nvt,NA,NA,NA,P
Kustduinen,2120,2120,TRUE,Druk9.3,9.3 Beweging en andere visuele verstoring,0nvt,NA,NA,NA,S
Kustduinen,2130,2130_had,FALSE,Druk102,102 Klimaatverandering in natte perioden,NA,NA,NA,5,M
Kustduinen,2130,2130_had,FALSE,Druk11,"11 Aanpassing van de fysische structuur naar een blijvende nieuwe toestand (bodemcompactie, verharding, herprofilering, nieuw substraat, grondverzet, ...)",NA,NA,NA,5,M
Kustduinen,2130,2130_had,FALSE,Druk12,"12 Toename bodemdynamiek (erosie, omwoeling, verstuiving)",NA,NA,NA,5,M
Kustduinen,2130,2130_had,FALSE,Druk13,"13 Afname bodemdynamiek (erosie, omwoeling, verstuiving)",0nvt,H,4,4,H
Kustduinen,2130,2130_had,FALSE,Druk14,14 Verlies van aquatische connectiviteit,0nvt,NA,NA,NA,S
Kustduinen,2130,2130_had,FALSE,Druk15,15 Verlies van terrestrische connectiviteit,0nvt,H,2,2,H
Kustduinen,2130,2130_had,FALSE,Druk3.1,3.1 Eutrofiëring via de lucht,0nvt,H,1,1,H
Kustduinen,2130,2130_had,FALSE,Druk3.2,3.2 Eutrofiëring via de bodem,0nvt,H,3,3,H
Kustduinen,2130,2130_had,FALSE,Druk3.3,3.3 Eutrofiëring via het grondwater,0nvt,NA,NA,NA,S
Kustduinen,2130,2130_had,FALSE,Druk3.4,3.4 Eutrofiëring via het oppervlaktewater (incl. overstromingswater en afspoeling),0nvt,NA,NA,NA,S
Kustduinen,2130,2130_had,FALSE,Druk4.1,4.1 Verzuring via de lucht,0nvt,NA,NA,NA,S
Kustduinen,2130,2130_had,FALSE,Druk4.2,4.2 Verzuring via het grondwater,0nvt,NA,NA,NA,P
Kustduinen,2130,2130_had,FALSE,Druk5.1,5.1 Verdroging via het grondwater,NA,NA,NA,6,L
Kustduinen,2130,2130_had,FALSE,Druk5.2,5.2 Vernatting via het grondwater,0nvt,NA,NA,NA,S
Kustduinen,2130,2130_had,FALSE,Druk61,61 Toename overstromingsduur of -frequentie (incl. getijden),0nvt,NA,NA,NA,S
Kustduinen,2130,2130_had,FALSE,Druk7.3,7.3 Verzilting via het grondwater,0nvt,NA,NA,NA,S
Kustduinen,2130,2130_had,FALSE,Druk7.4,7.4 Verzilting via het oppervlaktewater (incl. overstromingswater),0nvt,NA,NA,NA,S
Kustduinen,2130,2130_had,FALSE,Druk8.1,8.1 Verontreiniging via de lucht,0nvt,NA,NA,NA,S
Kustduinen,2130,2130_had,FALSE,Druk8.2,8.2 Verontreiniging via de bodem,0nvt,NA,NA,NA,S
Kustduinen,2130,2130_had,FALSE,Druk8.3,8.3 Verontreiniging via het grondwater,0nvt,NA,NA,NA,S
Kustduinen,2130,2130_had,FALSE,Druk8.4,8.4 Verontreiniging via het oppervlaktewater (incl. overstromingswater),0nvt,NA,NA,NA,S
Kustduinen,2130,2130_had,FALSE,Druk8.5,8.5 Thermische verontreiniging: toename temperatuur oppervlaktewater,0nvt,NA,NA,NA,P
Kustduinen,2130,2130_had,FALSE,Druk9.3,9.3 Beweging en andere visuele verstoring,0nvt,NA,NA,NA,S
Kustduinen,2130,2130_hd,FALSE,Druk102,102 Klimaatverandering in natte perioden,NA,NA,NA,5,M
Kustduinen,2130,2130_hd,FALSE,Druk11,"11 Aanpassing van de fysische structuur naar een blijvende nieuwe toestand (bodemcompactie, verharding, herprofilering, nieuw substraat, grondverzet, ...)",NA,NA,NA,5,M
Kustduinen,2130,2130_hd,FALSE,Druk12,"12 Toename bodemdynamiek (erosie, omwoeling, verstuiving)",NA,NA,NA,5,M
Kustduinen,2130,2130_hd,FALSE,Druk13,"13 Afname bodemdynamiek (erosie, omwoeling, verstuiving)",0nvt,H,2,2,H
Kustduinen,2130,2130_hd,FALSE,Druk14,14 Verlies van aquatische connectiviteit,0nvt,NA,NA,NA,S
Kustduinen,2130,2130_hd,FALSE,Druk15,15 Verlies van terrestrische connectiviteit,0nvt,H,1,1,H
Kustduinen,2130,2130_hd,FALSE,Druk3.1,3.1 Eutrofiëring via de lucht,0nvt,H,4,4,H
Kustduinen,2130,2130_hd,FALSE,Druk3.2,3.2 Eutrofiëring via de bodem,0nvt,H,3,3,H
Kustduinen,2130,2130_hd,FALSE,Druk3.3,3.3 Eutrofiëring via het grondwater,0nvt,NA,NA,NA,S
Kustduinen,2130,2130_hd,FALSE,Druk3.4,3.4 Eutrofiëring via het oppervlaktewater (incl. overstromingswater en afspoeling),0nvt,NA,NA,NA,S
Kustduinen,2130,2130_hd,FALSE,Druk4.1,4.1 Verzuring via de lucht,0nvt,NA,NA,NA,S
Kustduinen,2130,2130_hd,FALSE,Druk4.2,4.2 Verzuring via het grondwater,0nvt,NA,NA,NA,S
Kustduinen,2130,2130_hd,FALSE,Druk5.1,5.1 Verdroging via het grondwater,NA,NA,NA,6,L
Kustduinen,2130,2130_hd,FALSE,Druk5.2,5.2 Vernatting via het grondwater,0nvt,NA,NA,NA,S
Kustduinen,2130,2130_hd,FALSE,Druk61,61 Toename overstromingsduur of -frequentie (incl. getijden),0nvt,NA,NA,NA,S
Kustduinen,2130,2130_hd,FALSE,Druk7.3,7.3 Verzilting via het grondwater,0nvt,NA,NA,NA,S
Kustduinen,2130,2130_hd,FALSE,Druk7.4,7.4 Verzilting via het oppervlaktewater (incl. overstromingswater),0nvt,NA,NA,NA,S
Kustduinen,2130,2130_hd,FALSE,Druk8.1,8.1 Verontreiniging via de lucht,0nvt,NA,NA,NA,S
Kustduinen,2130,2130_hd,FALSE,Druk8.2,8.2 Verontreiniging via de bodem,0nvt,NA,NA,NA,S
Kustduinen,2130,2130_hd,FALSE,Druk8.3,8.3 Verontreiniging via het grondwater,0nvt,NA,NA,NA,S
Kustduinen,2130,2130_hd,FALSE,Druk8.4,8.4 Verontreiniging via het oppervlaktewater (incl. overstromingswater),0nvt,NA,NA,NA,S
Kustduinen,2130,2130_hd,FALSE,Druk8.5,8.5 Thermische verontreiniging: toename temperatuur oppervlaktewater,0nvt,NA,NA,NA,P
Kustduinen,2130,2130_hd,FALSE,Druk9.3,9.3 Beweging en andere visuele verstoring,0nvt,NA,NA,NA,S
Kustduinen,2150,2150,TRUE,Druk11,"11 Aanpassing van de fysische structuur naar een blijvende nieuwe toestand (bodemcompactie, verharding, herprofilering, nieuw substraat, grondverzet, ...)",0nvt,M,3,3,M
Kustduinen,2150,2150,TRUE,Druk12,"12 Toename bodemdynamiek (erosie, omwoeling, verstuiving)",0nvt,M,3,3,M
Kustduinen,2150,2150,TRUE,Druk13,"13 Afname bodemdynamiek (erosie, omwoeling, verstuiving)",0nvt,M,3,3,M
Kustduinen,2150,2150,TRUE,Druk14,14 Verlies van aquatische connectiviteit,0nvt,NA,NA,NA,S
Kustduinen,2150,2150,TRUE,Druk15,15 Verlies van terrestrische connectiviteit,0nvt,H,2,2,H
Kustduinen,2150,2150,TRUE,Druk3.1,3.1 Eutrofiëring via de lucht,0nvt,H,1,1,H
Kustduinen,2150,2150,TRUE,Druk3.2,3.2 Eutrofiëring via de bodem,0nvt,M,3,3,M
Kustduinen,2150,2150,TRUE,Druk3.4,3.4 Eutrofiëring via het oppervlaktewater (incl. overstromingswater en afspoeling),0nvt,NA,NA,NA,S
Kustduinen,2150,2150,TRUE,Druk4.1,4.1 Verzuring via de lucht,0nvt,NA,NA,NA,S
Kustduinen,2150,2150,TRUE,Druk5.2,5.2 Vernatting via het grondwater,0nvt,NA,NA,NA,S
Kustduinen,2150,2150,TRUE,Druk61,61 Toename overstromingsduur of -frequentie (incl. getijden),0nvt,NA,NA,NA,S
Kustduinen,2150,2150,TRUE,Druk7.4,7.4 Verzilting via het oppervlaktewater (incl. overstromingswater),0nvt,NA,NA,NA,S
Kustduinen,2150,2150,TRUE,Druk8.1,8.1 Verontreiniging via de lucht,0nvt,NA,NA,NA,S
Kustduinen,2150,2150,TRUE,Druk8.2,8.2 Verontreiniging via de bodem,0nvt,NA,NA,NA,S
Kustduinen,2150,2150,TRUE,Druk8.4,8.4 Verontreiniging via het oppervlaktewater (incl. overstromingswater),0nvt,NA,NA,NA,S
Kustduinen,2150,2150,TRUE,Druk8.5,8.5 Thermische verontreiniging: toename temperatuur oppervlaktewater,0nvt,NA,NA,NA,P
Kustduinen,2150,2150,TRUE,Druk9.3,9.3 Beweging en andere visuele verstoring,0nvt,NA,NA,NA,S
Kustduinen,2160,2160,TRUE,Druk11,"11 Aanpassing van de fysische structuur naar een blijvende nieuwe toestand (bodemcompactie, verharding, herprofilering, nieuw substraat, grondverzet, ...)",0nvt,M,1,1,M
Kustduinen,2160,2160,TRUE,Druk12,"12 Toename bodemdynamiek (erosie, omwoeling, verstuiving)",0nvt,NA,NA,NA,S
Kustduinen,2160,2160,TRUE,Druk13,"13 Afname bodemdynamiek (erosie, omwoeling, verstuiving)",0nvt,NA,NA,NA,S
Kustduinen,2160,2160,TRUE,Druk14,14 Verlies van aquatische connectiviteit,0nvt,NA,NA,NA,S
Kustduinen,2160,2160,TRUE,Druk15,15 Verlies van terrestrische connectiviteit,0nvt,NA,NA,NA,S
Kustduinen,2160,2160,TRUE,Druk3.1,3.1 Eutrofiëring via de lucht,0nvt,NA,NA,NA,S
Kustduinen,2160,2160,TRUE,Druk3.2,3.2 Eutrofiëring via de bodem,0nvt,NA,NA,NA,S
Kustduinen,2160,2160,TRUE,Druk3.3,3.3 Eutrofiëring via het grondwater,0nvt,NA,NA,NA,S
Kustduinen,2160,2160,TRUE,Druk3.4,3.4 Eutrofiëring via het oppervlaktewater (incl. overstromingswater en afspoeling),0nvt,NA,NA,NA,S
Kustduinen,2160,2160,TRUE,Druk4.1,4.1 Verzuring via de lucht,0nvt,NA,NA,NA,S
Kustduinen,2160,2160,TRUE,Druk4.2,4.2 Verzuring via het grondwater,0nvt,NA,NA,NA,S
Kustduinen,2160,2160,TRUE,Druk5.1,5.1 Verdroging via het grondwater,0nvt,M,1,1,M
Kustduinen,2160,2160,TRUE,Druk5.2,5.2 Vernatting via het grondwater,0nvt,NA,NA,NA,S
Kustduinen,2160,2160,TRUE,Druk61,61 Toename overstromingsduur of -frequentie (incl. getijden),0nvt,NA,NA,NA,S
Kustduinen,2160,2160,TRUE,Druk7.3,7.3 Verzilting via het grondwater,0nvt,NA,NA,NA,S
Kustduinen,2160,2160,TRUE,Druk7.4,7.4 Verzilting via het oppervlaktewater (incl. overstromingswater),0nvt,NA,NA,NA,S
Kustduinen,2160,2160,TRUE,Druk8.1,8.1 Verontreiniging via de lucht,0nvt,NA,NA,NA,S
Kustduinen,2160,2160,TRUE,Druk8.2,8.2 Verontreiniging via de bodem,0nvt,NA,NA,NA,S
Kustduinen,2160,2160,TRUE,Druk8.3,8.3 Verontreiniging via het grondwater,0nvt,NA,NA,NA,S
Kustduinen,2160,2160,TRUE,Druk8.4,8.4 Verontreiniging via het oppervlaktewater (incl. overstromingswater),0nvt,NA,NA,NA,S
Kustduinen,2160,2160,TRUE,Druk8.5,8.5 Thermische verontreiniging: toename temperatuur oppervlaktewater,0nvt,NA,NA,NA,P
Kustduinen,2160,2160,TRUE,Druk9.3,9.3 Beweging en andere visuele verstoring,0nvt,NA,NA,NA,S
Kustduinen,2170,2170,TRUE,Druk11,"11 Aanpassing van de fysische structuur naar een blijvende nieuwe toestand (bodemcompactie, verharding, herprofilering, nieuw substraat, grondverzet, ...)",0nvt,M,4,4,M
Kustduinen,2170,2170,TRUE,Druk12,"12 Toename bodemdynamiek (erosie, omwoeling, verstuiving)",0nvt,NA,NA,NA,S
Kustduinen,2170,2170,TRUE,Druk13,"13 Afname bodemdynamiek (erosie, omwoeling, verstuiving)",0nvt,H,1,1,H
Kustduinen,2170,2170,TRUE,Druk14,14 Verlies van aquatische connectiviteit,0nvt,NA,NA,NA,S
Kustduinen,2170,2170,TRUE,Druk15,15 Verlies van terrestrische connectiviteit,0nvt,H,3,3,H
Kustduinen,2170,2170,TRUE,Druk3.1,3.1 Eutrofiëring via de lucht,0nvt,NA,NA,NA,S
Kustduinen,2170,2170,TRUE,Druk3.2,3.2 Eutrofiëring via de bodem,0nvt,NA,NA,NA,S
Kustduinen,2170,2170,TRUE,Druk3.3,3.3 Eutrofiëring via het grondwater,0nvt,NA,NA,NA,S
Kustduinen,2170,2170,TRUE,Druk3.4,3.4 Eutrofiëring via het oppervlaktewater (incl. overstromingswater en afspoeling),0nvt,NA,NA,NA,S
Kustduinen,2170,2170,TRUE,Druk4.1,4.1 Verzuring via de lucht,0nvt,NA,NA,NA,S
Kustduinen,2170,2170,TRUE,Druk4.2,4.2 Verzuring via het grondwater,0nvt,NA,NA,NA,S
Kustduinen,2170,2170,TRUE,Druk4.3,4.3 Verzuring via het oppervlaktewater (incl. overstromingswater),0nvt,NA,NA,NA,S
Kustduinen,2170,2170,TRUE,Druk5.1,5.1 Verdroging via het grondwater,0nvt,H,2,2,H
Kustduinen,2170,2170,TRUE,Druk5.2,5.2 Vernatting via het grondwater,0nvt,NA,NA,NA,S
Kustduinen,2170,2170,TRUE,Druk61,61 Toename overstromingsduur of -frequentie (incl. getijden),0nvt,NA,NA,NA,S
Kustduinen,2170,2170,TRUE,Druk7.3,7.3 Verzilting via het grondwater,0nvt,NA,NA,NA,S
Kustduinen,2170,2170,TRUE,Druk7.4,7.4 Verzilting via het oppervlaktewater (incl. overstromingswater),0nvt,NA,NA,NA,S
Kustduinen,2170,2170,TRUE,Druk8.1,8.1 Verontreiniging via de lucht,0nvt,NA,NA,NA,S
Kustduinen,2170,2170,TRUE,Druk8.2,8.2 Verontreiniging via de bodem,0nvt,NA,NA,NA,S
Kustduinen,2170,2170,TRUE,Druk8.3,8.3 Verontreiniging via het grondwater,0nvt,NA,NA,NA,S
Kustduinen,2170,2170,TRUE,Druk8.4,8.4 Verontreiniging via het oppervlaktewater (incl. overstromingswater),0nvt,NA,NA,NA,S
Kustduinen,2170,2170,TRUE,Druk8.5,8.5 Thermische verontreiniging: toename temperatuur oppervlaktewater,0nvt,NA,NA,NA,P
Kustduinen,2170,2170,TRUE,Druk9.3,9.3 Beweging en andere visuele verstoring,0nvt,NA,NA,NA,S
Kustduinen,2180,2180,TRUE,Druk101,101 Klimaatverandering in droge perioden,0nvt,L,4,5,L
Kustduinen,2180,2180,TRUE,Druk11,"11 Aanpassing van de fysische structuur naar een blijvende nieuwe toestand (bodemcompactie, verharding, herprofilering, nieuw substraat, grondverzet, ...)",0nvt,M,2,3,M
Kustduinen,2180,2180,TRUE,Druk12,"12 Toename bodemdynamiek (erosie, omwoeling, verstuiving)",0nvt,NA,NA,NA,S
Kustduinen,2180,2180,TRUE,Druk13,"13 Afname bodemdynamiek (erosie, omwoeling, verstuiving)",0nvt,NA,NA,NA,S
Kustduinen,2180,2180,TRUE,Druk14,14 Verlies van aquatische connectiviteit,0nvt,NA,NA,NA,S
Kustduinen,2180,2180,TRUE,Druk15,15 Verlies van terrestrische connectiviteit,0nvt,H,1,1,H
Kustduinen,2180,2180,TRUE,Druk3.1,3.1 Eutrofiëring via de lucht,0nvt,M,1,2,M
Kustduinen,2180,2180,TRUE,Druk3.2,3.2 Eutrofiëring via de bodem,0nvt,NA,NA,NA,S
Kustduinen,2180,2180,TRUE,Druk3.3,3.3 Eutrofiëring via het grondwater,0nvt,NA,NA,NA,S
Kustduinen,2180,2180,TRUE,Druk3.4,3.4 Eutrofiëring via het oppervlaktewater (incl. overstromingswater en afspoeling),0nvt,NA,NA,NA,S
Kustduinen,2180,2180,TRUE,Druk4.1,4.1 Verzuring via de lucht,0nvt,M,3,4,M
Kustduinen,2180,2180,TRUE,Druk4.2,4.2 Verzuring via het grondwater,0nvt,NA,NA,NA,S
Kustduinen,2180,2180,TRUE,Druk4.3,4.3 Verzuring via het oppervlaktewater (incl. overstromingswater),0nvt,NA,NA,NA,S
Kustduinen,2180,2180,TRUE,Druk5.1,5.1 Verdroging via het grondwater,0nvt,L,5,6,L
Kustduinen,2180,2180,TRUE,Druk5.2,5.2 Vernatting via het grondwater,0nvt,NA,NA,NA,S
Kustduinen,2180,2180,TRUE,Druk61,61 Toename overstromingsduur of -frequentie (incl. getijden),0nvt,NA,NA,NA,S
Kustduinen,2180,2180,TRUE,Druk7.3,7.3 Verzilting via het grondwater,0nvt,NA,NA,NA,S
Kustduinen,2180,2180,TRUE,Druk7.4,7.4 Verzilting via het oppervlaktewater (incl. overstromingswater),0nvt,NA,NA,NA,S
Kustduinen,2180,2180,TRUE,Druk8.1,8.1 Verontreiniging via de lucht,0nvt,NA,NA,NA,S
Kustduinen,2180,2180,TRUE,Druk8.2,8.2 Verontreiniging via de bodem,0nvt,NA,NA,NA,S
Kustduinen,2180,2180,TRUE,Druk8.3,8.3 Verontreiniging via het grondwater,0nvt,NA,NA,NA,S
Kustduinen,2180,2180,TRUE,Druk8.4,8.4 Verontreiniging via het oppervlaktewater (incl. overstromingswater),0nvt,NA,NA,NA,S
Kustduinen,2180,2180,TRUE,Druk8.5,8.5 Thermische verontreiniging: toename temperatuur oppervlaktewater,0nvt,NA,NA,NA,P
Kustduinen,2180,2180,TRUE,Druk9.3,9.3 Beweging en andere visuele verstoring,0nvt,NA,NA,NA,S
Kustduinen,2190,2190_a,FALSE,Druk11,"11 Aanpassing van de fysische structuur naar een blijvende nieuwe toestand (bodemcompactie, verharding, herprofilering, nieuw substraat, grondverzet, ...)",0nvt,L,4,4,L
Kustduinen,2190,2190_a,FALSE,Druk12,"12 Toename bodemdynamiek (erosie, omwoeling, verstuiving)",0nvt,NA,NA,NA,S
Kustduinen,2190,2190_a,FALSE,Druk13,"13 Afname bodemdynamiek (erosie, omwoeling, verstuiving)",0nvt,NA,NA,NA,S
Kustduinen,2190,2190_a,FALSE,Druk14,14 Verlies van aquatische connectiviteit,0nvt,NA,NA,NA,S
Kustduinen,2190,2190_a,FALSE,Druk15,15 Verlies van terrestrische connectiviteit,0nvt,NA,NA,NA,S
Kustduinen,2190,2190_a,FALSE,Druk3.1,3.1 Eutrofiëring via de lucht,0nvt,L,2,2,L
Kustduinen,2190,2190_a,FALSE,Druk3.2,3.2 Eutrofiëring via de bodem,0nvt,L,3,3,L
Kustduinen,2190,2190_a,FALSE,Druk3.3,3.3 Eutrofiëring via het grondwater,0nvt,L,4,4,L
Kustduinen,2190,2190_a,FALSE,Druk3.4,3.4 Eutrofiëring via het oppervlaktewater (incl. overstromingswater en afspoeling),0nvt,NA,NA,NA,S
Kustduinen,2190,2190_a,FALSE,Druk4.1,4.1 Verzuring via de lucht,0nvt,NA,NA,NA,S
Kustduinen,2190,2190_a,FALSE,Druk4.2,4.2 Verzuring via het grondwater,0nvt,NA,NA,NA,S
Kustduinen,2190,2190_a,FALSE,Druk4.3,4.3 Verzuring via het oppervlaktewater (incl. overstromingswater),0nvt,NA,NA,NA,S
Kustduinen,2190,2190_a,FALSE,Druk5.1,5.1 Verdroging via het grondwater,0nvt,H,1,1,H
Kustduinen,2190,2190_a,FALSE,Druk5.2,5.2 Vernatting via het grondwater,0nvt,NA,NA,NA,S
Kustduinen,2190,2190_a,FALSE,Druk63,"63 Toename van stroomsnelheid, waterpeil en/of de fluctuatie ervan",0nvt,NA,NA,NA,S
Kustduinen,2190,2190_a,FALSE,Druk64,"64 Afname van stroomsnelheid, waterpeil en/of de fluctuatie ervan",0nvt,NA,NA,NA,S
Kustduinen,2190,2190_a,FALSE,Druk65,65  Toename golfslagwerking,0nvt,NA,NA,NA,S
Kustduinen,2190,2190_a,FALSE,Druk66,66  Afname golfslagwerking,0nvt,NA,NA,NA,S
Kustduinen,2190,2190_a,FALSE,Druk7.3,7.3 Verzilting via het grondwater,0nvt,NA,NA,NA,S
Kustduinen,2190,2190_a,FALSE,Druk7.4,7.4 Verzilting via het oppervlaktewater (incl. overstromingswater),0nvt,NA,NA,NA,S
Kustduinen,2190,2190_a,FALSE,Druk8.1,8.1 Verontreiniging via de lucht,0nvt,NA,NA,NA,S
Kustduinen,2190,2190_a,FALSE,Druk8.2,8.2 Verontreiniging via de bodem,0nvt,NA,NA,NA,S
Kustduinen,2190,2190_a,FALSE,Druk8.3,8.3 Verontreiniging via het grondwater,0nvt,NA,NA,NA,S
Kustduinen,2190,2190_a,FALSE,Druk8.4,8.4 Verontreiniging via het oppervlaktewater (incl. overstromingswater),0nvt,NA,NA,NA,S
Kustduinen,2190,2190_a,FALSE,Druk8.5,8.5 Thermische verontreiniging: toename temperatuur oppervlaktewater,0nvt,NA,NA,NA,P
Kustduinen,2190,2190_a,FALSE,Druk9.3,9.3 Beweging en andere visuele verstoring,0nvt,NA,NA,NA,S
Kustduinen,2190,2190_mp,FALSE,Druk101,101 Klimaatverandering in droge perioden,0nvt,M,4,5,M
Kustduinen,2190,2190_mp,FALSE,Druk102,102 Klimaatverandering in natte perioden,0nvt,L,5,4,H
Kustduinen,2190,2190_mp,FALSE,Druk11,"11 Aanpassing van de fysische structuur naar een blijvende nieuwe toestand (bodemcompactie, verharding, herprofilering, nieuw substraat, grondverzet, ...)",0nvt,L,7,7,L
Kustduinen,2190,2190_mp,FALSE,Druk12,"12 Toename bodemdynamiek (erosie, omwoeling, verstuiving)",0nvt,NA,NA,NA,S
Kustduinen,2190,2190_mp,FALSE,Druk13,"13 Afname bodemdynamiek (erosie, omwoeling, verstuiving)",0nvt,H,2,2,H
Kustduinen,2190,2190_mp,FALSE,Druk14,14 Verlies van aquatische connectiviteit,0nvt,NA,NA,NA,S
Kustduinen,2190,2190_mp,FALSE,Druk15,15 Verlies van terrestrische connectiviteit,0nvt,H,3,3,H
Kustduinen,2190,2190_mp,FALSE,Druk3.1,3.1 Eutrofiëring via de lucht,0nvt,L,7,7,L
Kustduinen,2190,2190_mp,FALSE,Druk3.2,3.2 Eutrofiëring via de bodem,0nvt,L,6,6,L
Kustduinen,2190,2190_mp,FALSE,Druk3.3,3.3 Eutrofiëring via het grondwater,0nvt,L,6,6,L
Kustduinen,2190,2190_mp,FALSE,Druk3.4,3.4 Eutrofiëring via het oppervlaktewater (incl. overstromingswater en afspoeling),0nvt,L,8,8,L
Kustduinen,2190,2190_mp,FALSE,Druk4.1,4.1 Verzuring via de lucht,0nvt,NA,NA,NA,S
Kustduinen,2190,2190_mp,FALSE,Druk4.2,4.2 Verzuring via het grondwater,0nvt,L,8,8,L
Kustduinen,2190,2190_mp,FALSE,Druk4.3,4.3 Verzuring via het oppervlaktewater (incl. overstromingswater),0nvt,NA,NA,NA,S
Kustduinen,2190,2190_mp,FALSE,Druk5.1,5.1 Verdroging via het grondwater,0nvt,H,1,1,H
Kustduinen,2190,2190_mp,FALSE,Druk5.2,5.2 Vernatting via het grondwater,0nvt,NA,NA,NA,S
Kustduinen,2190,2190_mp,FALSE,Druk61,61 Toename overstromingsduur of -frequentie (incl. getijden),0nvt,NA,NA,NA,S
Kustduinen,2190,2190_mp,FALSE,Druk7.3,7.3 Verzilting via het grondwater,0nvt,L,7,7,L
Kustduinen,2190,2190_mp,FALSE,Druk7.4,7.4 Verzilting via het oppervlaktewater (incl. overstromingswater),0nvt,NA,NA,NA,S
Kustduinen,2190,2190_mp,FALSE,Druk8.1,8.1 Verontreiniging via de lucht,0nvt,L,7,7,L
Kustduinen,2190,2190_mp,FALSE,Druk8.2,8.2 Verontreiniging via de bodem,0nvt,NA,NA,NA,S
Kustduinen,2190,2190_mp,FALSE,Druk8.3,8.3 Verontreiniging via het grondwater,0nvt,NA,NA,NA,S
Kustduinen,2190,2190_mp,FALSE,Druk8.4,8.4 Verontreiniging via het oppervlaktewater (incl. overstromingswater),0nvt,NA,NA,NA,S
Kustduinen,2190,2190_mp,FALSE,Druk8.5,8.5 Thermische verontreiniging: toename temperatuur oppervlaktewater,0nvt,NA,NA,NA,P
Kustduinen,2190,2190_mp,FALSE,Druk9.3,9.3 Beweging en andere visuele verstoring,0nvt,NA,NA,NA,S
Kustduinen,2190,2190_overig,FALSE,Druk101,101 Klimaatverandering in droge perioden,NA,NA,NA,4,M
Kustduinen,2190,2190_overig,FALSE,Druk102,102 Klimaatverandering in natte perioden,0nvt,L,3,2,H
Kustduinen,2190,2190_overig,FALSE,Druk11,"11 Aanpassing van de fysische structuur naar een blijvende nieuwe toestand (bodemcompactie, verharding, herprofilering, nieuw substraat, grondverzet, ...)",0nvt,L,4,6,L
Kustduinen,2190,2190_overig,FALSE,Druk12,"12 Toename bodemdynamiek (erosie, omwoeling, verstuiving)",0nvt,NA,NA,NA,S
Kustduinen,2190,2190_overig,FALSE,Druk13,"13 Afname bodemdynamiek (erosie, omwoeling, verstuiving)",0nvt,NA,NA,NA,S
Kustduinen,2190,2190_overig,FALSE,Druk14,14 Verlies van aquatische connectiviteit,0nvt,NA,NA,NA,S
Kustduinen,2190,2190_overig,FALSE,Druk15,15 Verlies van terrestrische connectiviteit,0nvt,NA,NA,NA,S
Kustduinen,2190,2190_overig,FALSE,Druk3.1,3.1 Eutrofiëring via de lucht,0nvt,NA,NA,NA,S
Kustduinen,2190,2190_overig,FALSE,Druk3.2,3.2 Eutrofiëring via de bodem,0nvt,M,2,3,M
Kustduinen,2190,2190_overig,FALSE,Druk3.3,3.3 Eutrofiëring via het grondwater,0nvt,L,3,5,L
Kustduinen,2190,2190_overig,FALSE,Druk3.4,3.4 Eutrofiëring via het oppervlaktewater (incl. overstromingswater en afspoeling),0nvt,L,4,6,L
Kustduinen,2190,2190_overig,FALSE,Druk4.1,4.1 Verzuring via de lucht,0nvt,NA,NA,NA,S
Kustduinen,2190,2190_overig,FALSE,Druk4.2,4.2 Verzuring via het grondwater,0nvt,NA,NA,NA,S
Kustduinen,2190,2190_overig,FALSE,Druk4.3,4.3 Verzuring via het oppervlaktewater (incl. overstromingswater),0nvt,NA,NA,NA,S
Kustduinen,2190,2190_overig,FALSE,Druk5.1,5.1 Verdroging via het grondwater,0nvt,H,1,1,H
Kustduinen,2190,2190_overig,FALSE,Druk5.2,5.2 Vernatting via het grondwater,0nvt,NA,NA,NA,S
Kustduinen,2190,2190_overig,FALSE,Druk61,61 Toename overstromingsduur of -frequentie (incl. getijden),0nvt,NA,NA,NA,S
Kustduinen,2190,2190_overig,FALSE,Druk62,62 Afname overstromingsduur of -frequentie (incl. getijden),0nvt,NA,NA,NA,S
Kustduinen,2190,2190_overig,FALSE,Druk7.3,7.3 Verzilting via het grondwater,0nvt,L,4,6,L
Kustduinen,2190,2190_overig,FALSE,Druk7.4,7.4 Verzilting via het oppervlaktewater (incl. overstromingswater),0nvt,NA,NA,NA,S
Kustduinen,2190,2190_overig,FALSE,Druk8.1,8.1 Verontreiniging via de lucht,NA,NA,NA,5,L
Kustduinen,2190,2190_overig,FALSE,Druk8.2,8.2 Verontreiniging via de bodem,0nvt,NA,NA,NA,S
Kustduinen,2190,2190_overig,FALSE,Druk8.3,8.3 Verontreiniging via het grondwater,0nvt,NA,NA,NA,S
Kustduinen,2190,2190_overig,FALSE,Druk8.4,8.4 Verontreiniging via het oppervlaktewater (incl. overstromingswater),0nvt,NA,NA,NA,S
Kustduinen,2190,2190_overig,FALSE,Druk8.5,8.5 Thermische verontreiniging: toename temperatuur oppervlaktewater,0nvt,NA,NA,NA,P
Kustduinen,2190,2190_overig,FALSE,Druk9.3,9.3 Beweging en andere visuele verstoring,0nvt,NA,NA,NA,S
Binnenlandse duinen,2310,2310,TRUE,Druk102,102 Klimaatverandering in natte perioden,0nvt,L,5,5,L
Binnenlandse duinen,2310,2310,TRUE,Druk11,"11 Aanpassing van de fysische structuur naar een blijvende nieuwe toestand (bodemcompactie, verharding, herprofilering, nieuw substraat, grondverzet, ...)",0nvt,L,5,5,L
Binnenlandse duinen,2310,2310,TRUE,Druk12,"12 Toename bodemdynamiek (erosie, omwoeling, verstuiving)",0nvt,L,6,6,L
Binnenlandse duinen,2310,2310,TRUE,Druk13,"13 Afname bodemdynamiek (erosie, omwoeling, verstuiving)",0nvt,M,3,3,M
Binnenlandse duinen,2310,2310,TRUE,Druk14,14 Verlies van aquatische connectiviteit,0nvt,NA,NA,NA,S
Binnenlandse duinen,2310,2310,TRUE,Druk15,15 Verlies van terrestrische connectiviteit,0nvt,M,3,3,M
Binnenlandse duinen,2310,2310,TRUE,Druk3.1,3.1 Eutrofiëring via de lucht,0nvt,H,1,1,H
Binnenlandse duinen,2310,2310,TRUE,Druk3.2,3.2 Eutrofiëring via de bodem,0nvt,L,5,5,L
Binnenlandse duinen,2310,2310,TRUE,Druk3.4,3.4 Eutrofiëring via het oppervlaktewater (incl. overstromingswater en afspoeling),0nvt,NA,NA,NA,S
Binnenlandse duinen,2310,2310,TRUE,Druk4.1,4.1 Verzuring via de lucht,0nvt,M,2,2,M
Binnenlandse duinen,2310,2310,TRUE,Druk5.2,5.2 Vernatting via het grondwater,0nvt,NA,NA,NA,S
Binnenlandse duinen,2310,2310,TRUE,Druk61,61 Toename overstromingsduur of -frequentie (incl. getijden),0nvt,NA,NA,NA,S
Binnenlandse duinen,2310,2310,TRUE,Druk7.4,7.4 Verzilting via het oppervlaktewater (incl. overstromingswater),0nvt,NA,NA,NA,S
Binnenlandse duinen,2310,2310,TRUE,Druk8.1,8.1 Verontreiniging via de lucht,0nvt,L,4,4,L
Binnenlandse duinen,2310,2310,TRUE,Druk8.2,8.2 Verontreiniging via de bodem,0nvt,NA,NA,NA,S
Binnenlandse duinen,2310,2310,TRUE,Druk8.4,8.4 Verontreiniging via het oppervlaktewater (incl. overstromingswater),0nvt,NA,NA,NA,S
Binnenlandse duinen,2310,2310,TRUE,Druk8.5,8.5 Thermische verontreiniging: toename temperatuur oppervlaktewater,0nvt,NA,NA,NA,P
Binnenlandse duinen,2310,2310,TRUE,Druk9.1,9.1 Geluid en trillingen,0nvt,NA,NA,NA,S
Binnenlandse duinen,2310,2310,TRUE,Druk9.3,9.3 Beweging en andere visuele verstoring,0nvt,NA,NA,NA,S
Binnenlandse duinen,2330,2330_bu,FALSE,Druk102,102 Klimaatverandering in natte perioden,NA,NA,NA,4,L
Binnenlandse duinen,2330,2330_bu,FALSE,Druk11,"11 Aanpassing van de fysische structuur naar een blijvende nieuwe toestand (bodemcompactie, verharding, herprofilering, nieuw substraat, grondverzet, ...)",0nvt,M,2,2,M
Binnenlandse duinen,2330,2330_bu,FALSE,Druk12,"12 Toename bodemdynamiek (erosie, omwoeling, verstuiving)",NA,NA,NA,4,L
Binnenlandse duinen,2330,2330_bu,FALSE,Druk13,"13 Afname bodemdynamiek (erosie, omwoeling, verstuiving)",0nvt,H,1,1,H
Binnenlandse duinen,2330,2330_bu,FALSE,Druk14,14 Verlies van aquatische connectiviteit,0nvt,NA,NA,NA,S
Binnenlandse duinen,2330,2330_bu,FALSE,Druk15,15 Verlies van terrestrische connectiviteit,0nvt,M,2,2,M
Binnenlandse duinen,2330,2330_bu,FALSE,Druk3.1,3.1 Eutrofiëring via de lucht,0nvt,H,1,1,H
Binnenlandse duinen,2330,2330_bu,FALSE,Druk3.2,3.2 Eutrofiëring via de bodem,0nvt,M,2,2,M
Binnenlandse duinen,2330,2330_bu,FALSE,Druk3.4,3.4 Eutrofiëring via het oppervlaktewater (incl. overstromingswater en afspoeling),0nvt,NA,NA,NA,S
Binnenlandse duinen,2330,2330_bu,FALSE,Druk4.1,4.1 Verzuring via de lucht,0nvt,L,3,4,L
Binnenlandse duinen,2330,2330_bu,FALSE,Druk5.2,5.2 Vernatting via het grondwater,0nvt,NA,NA,NA,S
Binnenlandse duinen,2330,2330_bu,FALSE,Druk61,61 Toename overstromingsduur of -frequentie (incl. getijden),0nvt,NA,NA,NA,S
Binnenlandse duinen,2330,2330_bu,FALSE,Druk7.4,7.4 Verzilting via het oppervlaktewater (incl. overstromingswater),0nvt,NA,NA,NA,S
Binnenlandse duinen,2330,2330_bu,FALSE,Druk8.1,8.1 Verontreiniging via de lucht,NA,NA,NA,3,M
Binnenlandse duinen,2330,2330_bu,FALSE,Druk8.2,8.2 Verontreiniging via de bodem,0nvt,NA,NA,NA,S
Binnenlandse duinen,2330,2330_bu,FALSE,Druk8.4,8.4 Verontreiniging via het oppervlaktewater (incl. overstromingswater),0nvt,NA,NA,NA,S
Binnenlandse duinen,2330,2330_bu,FALSE,Druk8.5,8.5 Thermische verontreiniging: toename temperatuur oppervlaktewater,0nvt,NA,NA,NA,P
Binnenlandse duinen,2330,2330_bu,FALSE,Druk9.1,9.1 Geluid en trillingen,0nvt,NA,NA,NA,S
Binnenlandse duinen,2330,2330_bu,FALSE,Druk9.3,9.3 Beweging en andere visuele verstoring,0nvt,NA,NA,NA,S
Binnenlandse duinen,2330,2330_dw,FALSE,Druk102,102 Klimaatverandering in natte perioden,NA,NA,NA,4,L
Binnenlandse duinen,2330,2330_dw,FALSE,Druk11,"11 Aanpassing van de fysische structuur naar een blijvende nieuwe toestand (bodemcompactie, verharding, herprofilering, nieuw substraat, grondverzet, ...)",0nvt,L,2,3,L
Binnenlandse duinen,2330,2330_dw,FALSE,Druk12,"12 Toename bodemdynamiek (erosie, omwoeling, verstuiving)",NA,NA,NA,4,L
Binnenlandse duinen,2330,2330_dw,FALSE,Druk13,"13 Afname bodemdynamiek (erosie, omwoeling, verstuiving)",0nvt,M,1,1,M
Binnenlandse duinen,2330,2330_dw,FALSE,Druk14,14 Verlies van aquatische connectiviteit,0nvt,NA,NA,NA,S
Binnenlandse duinen,2330,2330_dw,FALSE,Druk15,15 Verlies van terrestrische connectiviteit,0nvt,L,2,3,L
Binnenlandse duinen,2330,2330_dw,FALSE,Druk3.1,3.1 Eutrofiëring via de lucht,0nvt,M,1,1,M
Binnenlandse duinen,2330,2330_dw,FALSE,Druk3.2,3.2 Eutrofiëring via de bodem,0nvt,M,1,1,M
Binnenlandse duinen,2330,2330_dw,FALSE,Druk3.4,3.4 Eutrofiëring via het oppervlaktewater (incl. overstromingswater en afspoeling),0nvt,NA,NA,NA,S
Binnenlandse duinen,2330,2330_dw,FALSE,Druk4.1,4.1 Verzuring via de lucht,0nvt,L,2,3,L
Binnenlandse duinen,2330,2330_dw,FALSE,Druk5.2,5.2 Vernatting via het grondwater,0nvt,NA,NA,NA,S
Binnenlandse duinen,2330,2330_dw,FALSE,Druk61,61 Toename overstromingsduur of -frequentie (incl. getijden),0nvt,NA,NA,NA,S
Binnenlandse duinen,2330,2330_dw,FALSE,Druk7.4,7.4 Verzilting via het oppervlaktewater (incl. overstromingswater),0nvt,NA,NA,NA,S
Binnenlandse duinen,2330,2330_dw,FALSE,Druk8.1,8.1 Verontreiniging via de lucht,NA,NA,NA,2,M
Binnenlandse duinen,2330,2330_dw,FALSE,Druk8.2,8.2 Verontreiniging via de bodem,0nvt,NA,NA,NA,S
Binnenlandse duinen,2330,2330_dw,FALSE,Druk8.4,8.4 Verontreiniging via het oppervlaktewater (incl. overstromingswater),0nvt,NA,NA,NA,S
Binnenlandse duinen,2330,2330_dw,FALSE,Druk8.5,8.5 Thermische verontreiniging: toename temperatuur oppervlaktewater,0nvt,NA,NA,NA,P
Binnenlandse duinen,2330,2330_dw,FALSE,Druk9.1,9.1 Geluid en trillingen,0nvt,NA,NA,NA,S
Binnenlandse duinen,2330,2330_dw,FALSE,Druk9.3,9.3 Beweging en andere visuele verstoring,0nvt,NA,NA,NA,S
Zoete en brakke wateren,3110,3110,TRUE,Druk11,"11 Aanpassing van de fysische structuur naar een blijvende nieuwe toestand (bodemcompactie, verharding, herprofilering, nieuw substraat, grondverzet, ...)",0nvt,L,5,6,L
Zoete en brakke wateren,3110,3110,TRUE,Druk12,"12 Toename bodemdynamiek (erosie, omwoeling, verstuiving)",0nvt,L,6,7,L
Zoete en brakke wateren,3110,3110,TRUE,Druk13,"13 Afname bodemdynamiek (erosie, omwoeling, verstuiving)",0nvt,NA,NA,NA,S
Zoete en brakke wateren,3110,3110,TRUE,Druk14,14 Verlies van aquatische connectiviteit,0nvt,M,3,3,M
Zoete en brakke wateren,3110,3110,TRUE,Druk15,15 Verlies van terrestrische connectiviteit,0nvt,NA,NA,NA,S
Zoete en brakke wateren,3110,3110,TRUE,Druk3.1,3.1 Eutrofiëring via de lucht,0nvt,H,1,1,H
Zoete en brakke wateren,3110,3110,TRUE,Druk3.2,3.2 Eutrofiëring via de bodem,0nvt,M,3,3,M
Zoete en brakke wateren,3110,3110,TRUE,Druk3.3,3.3 Eutrofiëring via het grondwater,0nvt,H,1,1,H
Zoete en brakke wateren,3110,3110,TRUE,Druk3.4,3.4 Eutrofiëring via het oppervlaktewater (incl. overstromingswater en afspoeling),0nvt,M,4,4,M
Zoete en brakke wateren,3110,3110,TRUE,Druk4.1,4.1 Verzuring via de lucht,0nvt,H,2,2,H
Zoete en brakke wateren,3110,3110,TRUE,Druk4.2,4.2 Verzuring via het grondwater,0nvt,L,6,7,L
Zoete en brakke wateren,3110,3110,TRUE,Druk4.3,4.3 Verzuring via het oppervlaktewater (incl. overstromingswater),0nvt,NA,NA,NA,S
Zoete en brakke wateren,3110,3110,TRUE,Druk5.1,5.1 Verdroging via het grondwater,0nvt,L,5,6,L
Zoete en brakke wateren,3110,3110,TRUE,Druk5.2,5.2 Vernatting via het grondwater,0nvt,NA,NA,NA,S
Zoete en brakke wateren,3110,3110,TRUE,Druk63,"63 Toename van stroomsnelheid, waterpeil en/of de fluctuatie ervan",0nvt,NA,NA,NA,S
Zoete en brakke wateren,3110,3110,TRUE,Druk64,"64 Afname van stroomsnelheid, waterpeil en/of de fluctuatie ervan",0nvt,NA,NA,NA,S
Zoete en brakke wateren,3110,3110,TRUE,Druk65,65  Toename golfslagwerking,0nvt,NA,NA,NA,S
Zoete en brakke wateren,3110,3110,TRUE,Druk66,66  Afname golfslagwerking,0nvt,L,6,7,L
Zoete en brakke wateren,3110,3110,TRUE,Druk7.3,7.3 Verzilting via het grondwater,0nvt,NA,NA,NA,S
Zoete en brakke wateren,3110,3110,TRUE,Druk7.4,7.4 Verzilting via het oppervlaktewater (incl. overstromingswater),0nvt,NA,NA,NA,S
Zoete en brakke wateren,3110,3110,TRUE,Druk8.1,8.1 Verontreiniging via de lucht,0nvt,NA,NA,NA,S
Zoete en brakke wateren,3110,3110,TRUE,Druk8.2,8.2 Verontreiniging via de bodem,NA,NA,NA,5,L
Zoete en brakke wateren,3110,3110,TRUE,Druk8.3,8.3 Verontreiniging via het grondwater,0nvt,NA,NA,NA,S
Zoete en brakke wateren,3110,3110,TRUE,Druk8.4,8.4 Verontreiniging via het oppervlaktewater (incl. overstromingswater),0nvt,L,5,6,L
Zoete en brakke wateren,3110,3110,TRUE,Druk8.5,8.5 Thermische verontreiniging: toename temperatuur oppervlaktewater,0nvt,NA,NA,NA,P
Zoete en brakke wateren,3110,3110,TRUE,Druk9.3,9.3 Beweging en andere visuele verstoring,0nvt,NA,NA,NA,S
Zoete en brakke wateren,3130,3130_aom,FALSE,Druk11,"11 Aanpassing van de fysische structuur naar een blijvende nieuwe toestand (bodemcompactie, verharding, herprofilering, nieuw substraat, grondverzet, ...)",0nvt,M,5,5,M
Zoete en brakke wateren,3130,3130_aom,FALSE,Druk12,"12 Toename bodemdynamiek (erosie, omwoeling, verstuiving)",0nvt,L,7,8,L
Zoete en brakke wateren,3130,3130_aom,FALSE,Druk13,"13 Afname bodemdynamiek (erosie, omwoeling, verstuiving)",0nvt,NA,NA,NA,S
Zoete en brakke wateren,3130,3130_aom,FALSE,Druk14,14 Verlies van aquatische connectiviteit,0nvt,M,6,6,M
Zoete en brakke wateren,3130,3130_aom,FALSE,Druk15,15 Verlies van terrestrische connectiviteit,0nvt,NA,NA,NA,S
Zoete en brakke wateren,3130,3130_aom,FALSE,Druk3.1,3.1 Eutrofiëring via de lucht,0nvt,H,1,1,H
Zoete en brakke wateren,3130,3130_aom,FALSE,Druk3.2,3.2 Eutrofiëring via de bodem,0nvt,H,4,4,H
Zoete en brakke wateren,3130,3130_aom,FALSE,Druk3.3,3.3 Eutrofiëring via het grondwater,0nvt,H,1,1,H
Zoete en brakke wateren,3130,3130_aom,FALSE,Druk3.4,3.4 Eutrofiëring via het oppervlaktewater (incl. overstromingswater en afspoeling),0nvt,H,2,2,H
Zoete en brakke wateren,3130,3130_aom,FALSE,Druk4.1,4.1 Verzuring via de lucht,0nvt,H,3,3,H
Zoete en brakke wateren,3130,3130_aom,FALSE,Druk4.2,4.2 Verzuring via het grondwater,0nvt,L,7,8,L
Zoete en brakke wateren,3130,3130_aom,FALSE,Druk4.3,4.3 Verzuring via het oppervlaktewater (incl. overstromingswater),0nvt,NA,NA,NA,S
Zoete en brakke wateren,3130,3130_aom,FALSE,Druk5.1,5.1 Verdroging via het grondwater,0nvt,M,6,6,M
Zoete en brakke wateren,3130,3130_aom,FALSE,Druk5.2,5.2 Vernatting via het grondwater,0nvt,NA,NA,NA,S
Zoete en brakke wateren,3130,3130_aom,FALSE,Druk63,"63 Toename van stroomsnelheid, waterpeil en/of de fluctuatie ervan",0nvt,NA,NA,NA,S
Zoete en brakke wateren,3130,3130_aom,FALSE,Druk64,"64 Afname van stroomsnelheid, waterpeil en/of de fluctuatie ervan",0nvt,NA,NA,NA,S
Zoete en brakke wateren,3130,3130_aom,FALSE,Druk65,65  Toename golfslagwerking,0nvt,NA,NA,NA,S
Zoete en brakke wateren,3130,3130_aom,FALSE,Druk66,66  Afname golfslagwerking,0nvt,M,6,6,M
Zoete en brakke wateren,3130,3130_aom,FALSE,Druk7.3,7.3 Verzilting via het grondwater,0nvt,NA,NA,NA,S
Zoete en brakke wateren,3130,3130_aom,FALSE,Druk7.4,7.4 Verzilting via het oppervlaktewater (incl. overstromingswater),0nvt,NA,NA,NA,S
Zoete en brakke wateren,3130,3130_aom,FALSE,Druk8.1,8.1 Verontreiniging via de lucht,0nvt,NA,NA,NA,S
Zoete en brakke wateren,3130,3130_aom,FALSE,Druk8.2,8.2 Verontreiniging via de bodem,NA,NA,NA,7,L
Zoete en brakke wateren,3130,3130_aom,FALSE,Druk8.3,8.3 Verontreiniging via het grondwater,0nvt,L,7,8,L
Zoete en brakke wateren,3130,3130_aom,FALSE,Druk8.4,8.4 Verontreiniging via het oppervlaktewater (incl. overstromingswater),0nvt,M,6,6,M
Zoete en brakke wateren,3130,3130_aom,FALSE,Druk8.5,8.5 Thermische verontreiniging: toename temperatuur oppervlaktewater,0nvt,NA,NA,NA,P
Zoete en brakke wateren,3130,3130_aom,FALSE,Druk9.3,9.3 Beweging en andere visuele verstoring,0nvt,NA,NA,NA,S
Zoete en brakke wateren,3130,3130_na,FALSE,Druk11,"11 Aanpassing van de fysische structuur naar een blijvende nieuwe toestand (bodemcompactie, verharding, herprofilering, nieuw substraat, grondverzet, ...)",0nvt,H,1,1,H
Zoete en brakke wateren,3130,3130_na,FALSE,Druk12,"12 Toename bodemdynamiek (erosie, omwoeling, verstuiving)",0nvt,NA,NA,NA,S
Zoete en brakke wateren,3130,3130_na,FALSE,Druk13,"13 Afname bodemdynamiek (erosie, omwoeling, verstuiving)",0nvt,NA,NA,NA,S
Zoete en brakke wateren,3130,3130_na,FALSE,Druk14,14 Verlies van aquatische connectiviteit,0nvt,L,7,8,L
Zoete en brakke wateren,3130,3130_na,FALSE,Druk15,15 Verlies van terrestrische connectiviteit,0nvt,M,4,4,M
Zoete en brakke wateren,3130,3130_na,FALSE,Druk3.1,3.1 Eutrofiëring via de lucht,0nvt,H,2,2,H
Zoete en brakke wateren,3130,3130_na,FALSE,Druk3.2,3.2 Eutrofiëring via de bodem,0nvt,L,7,8,L
Zoete en brakke wateren,3130,3130_na,FALSE,Druk3.3,3.3 Eutrofiëring via het grondwater,0nvt,L,6,7,L
Zoete en brakke wateren,3130,3130_na,FALSE,Druk3.4,3.4 Eutrofiëring via het oppervlaktewater (incl. overstromingswater en afspoeling),0nvt,M,5,5,M
Zoete en brakke wateren,3130,3130_na,FALSE,Druk4.1,4.1 Verzuring via de lucht,0nvt,H,3,3,H
Zoete en brakke wateren,3130,3130_na,FALSE,Druk4.2,4.2 Verzuring via het grondwater,0nvt,L,7,8,L
Zoete en brakke wateren,3130,3130_na,FALSE,Druk4.3,4.3 Verzuring via het oppervlaktewater (incl. overstromingswater),0nvt,NA,NA,NA,S
Zoete en brakke wateren,3130,3130_na,FALSE,Druk5.1,5.1 Verdroging via het grondwater,0nvt,L,7,8,L
Zoete en brakke wateren,3130,3130_na,FALSE,Druk5.2,5.2 Vernatting via het grondwater,0nvt,NA,NA,NA,S
Zoete en brakke wateren,3130,3130_na,FALSE,Druk63,"63 Toename van stroomsnelheid, waterpeil en/of de fluctuatie ervan",0nvt,NA,NA,NA,S
Zoete en brakke wateren,3130,3130_na,FALSE,Druk64,"64 Afname van stroomsnelheid, waterpeil en/of de fluctuatie ervan",0nvt,NA,NA,NA,S
Zoete en brakke wateren,3130,3130_na,FALSE,Druk65,65  Toename golfslagwerking,0nvt,NA,NA,NA,S
Zoete en brakke wateren,3130,3130_na,FALSE,Druk66,66  Afname golfslagwerking,0nvt,NA,NA,NA,S
Zoete en brakke wateren,3130,3130_na,FALSE,Druk7.3,7.3 Verzilting via het grondwater,0nvt,NA,NA,NA,S
Zoete en brakke wateren,3130,3130_na,FALSE,Druk7.4,7.4 Verzilting via het oppervlaktewater (incl. overstromingswater),0nvt,NA,NA,NA,S
Zoete en brakke wateren,3130,3130_na,FALSE,Druk8.1,8.1 Verontreiniging via de lucht,0nvt,NA,NA,NA,S
Zoete en brakke wateren,3130,3130_na,FALSE,Druk8.2,8.2 Verontreiniging via de bodem,NA,NA,NA,6,L
Zoete en brakke wateren,3130,3130_na,FALSE,Druk8.3,8.3 Verontreiniging via het grondwater,0nvt,NA,NA,NA,S
Zoete en brakke wateren,3130,3130_na,FALSE,Druk8.4,8.4 Verontreiniging via het oppervlaktewater (incl. overstromingswater),0nvt,L,6,7,L
Zoete en brakke wateren,3130,3130_na,FALSE,Druk8.5,8.5 Thermische verontreiniging: toename temperatuur oppervlaktewater,0nvt,NA,NA,NA,P
Zoete en brakke wateren,3130,3130_na,FALSE,Druk9.3,9.3 Beweging en andere visuele verstoring,0nvt,NA,NA,NA,S
Zoete en brakke wateren,3140,3140,TRUE,Druk11,"11 Aanpassing van de fysische structuur naar een blijvende nieuwe toestand (bodemcompactie, verharding, herprofilering, nieuw substraat, grondverzet, ...)",0nvt,NA,NA,NA,S
Zoete en brakke wateren,3140,3140,TRUE,Druk12,"12 Toename bodemdynamiek (erosie, omwoeling, verstuiving)",0nvt,NA,NA,NA,S
Zoete en brakke wateren,3140,3140,TRUE,Druk13,"13 Afname bodemdynamiek (erosie, omwoeling, verstuiving)",0nvt,NA,NA,NA,S
Zoete en brakke wateren,3140,3140,TRUE,Druk14,14 Verlies van aquatische connectiviteit,0nvt,NA,NA,NA,S
Zoete en brakke wateren,3140,3140,TRUE,Druk15,15 Verlies van terrestrische connectiviteit,0nvt,NA,NA,NA,S
Zoete en brakke wateren,3140,3140,TRUE,Druk3.1,3.1 Eutrofiëring via de lucht,0nvt,L,3,3,M
Zoete en brakke wateren,3140,3140,TRUE,Druk3.2,3.2 Eutrofiëring via de bodem,0nvt,M,2,2,M
Zoete en brakke wateren,3140,3140,TRUE,Druk3.3,3.3 Eutrofiëring via het grondwater,0nvt,M,2,2,M
Zoete en brakke wateren,3140,3140,TRUE,Druk3.4,3.4 Eutrofiëring via het oppervlaktewater (incl. overstromingswater en afspoeling),0nvt,H,1,1,H
Zoete en brakke wateren,3140,3140,TRUE,Druk4.1,4.1 Verzuring via de lucht,0nvt,NA,NA,NA,S
Zoete en brakke wateren,3140,3140,TRUE,Druk4.2,4.2 Verzuring via het grondwater,0nvt,NA,NA,NA,S
Zoete en brakke wateren,3140,3140,TRUE,Druk4.3,4.3 Verzuring via het oppervlaktewater (incl. overstromingswater),0nvt,NA,NA,NA,S
Zoete en brakke wateren,3140,3140,TRUE,Druk5.1,5.1 Verdroging via het grondwater,0nvt,NA,NA,NA,S
Zoete en brakke wateren,3140,3140,TRUE,Druk5.2,5.2 Vernatting via het grondwater,0nvt,NA,NA,NA,S
Zoete en brakke wateren,3140,3140,TRUE,Druk63,"63 Toename van stroomsnelheid, waterpeil en/of de fluctuatie ervan",0nvt,NA,NA,NA,S
Zoete en brakke wateren,3140,3140,TRUE,Druk64,"64 Afname van stroomsnelheid, waterpeil en/of de fluctuatie ervan",0nvt,NA,NA,NA,S
Zoete en brakke wateren,3140,3140,TRUE,Druk65,65  Toename golfslagwerking,0nvt,NA,NA,NA,S
Zoete en brakke wateren,3140,3140,TRUE,Druk66,66  Afname golfslagwerking,0nvt,NA,NA,NA,S
Zoete en brakke wateren,3140,3140,TRUE,Druk7.3,7.3 Verzilting via het grondwater,0nvt,NA,NA,NA,S
Zoete en brakke wateren,3140,3140,TRUE,Druk7.4,7.4 Verzilting via het oppervlaktewater (incl. overstromingswater),0nvt,NA,NA,NA,S
Zoete en brakke wateren,3140,3140,TRUE,Druk8.1,8.1 Verontreiniging via de lucht,0nvt,NA,NA,NA,S
Zoete en brakke wateren,3140,3140,TRUE,Druk8.2,8.2 Verontreiniging via de bodem,NA,NA,NA,4,L
Zoete en brakke wateren,3140,3140,TRUE,Druk8.3,8.3 Verontreiniging via het grondwater,0nvt,L,3,4,L
Zoete en brakke wateren,3140,3140,TRUE,Druk8.4,8.4 Verontreiniging via het oppervlaktewater (incl. overstromingswater),0nvt,L,3,4,L
Zoete en brakke wateren,3140,3140,TRUE,Druk8.5,8.5 Thermische verontreiniging: toename temperatuur oppervlaktewater,0nvt,NA,NA,NA,P
Zoete en brakke wateren,3140,3140,TRUE,Druk9.3,9.3 Beweging en andere visuele verstoring,0nvt,NA,NA,NA,S
Zoete en brakke wateren,3150,3150,TRUE,Druk101,101 Klimaatverandering in droge perioden,0nvt,L,7,8,L
Zoete en brakke wateren,3150,3150,TRUE,Druk102,102 Klimaatverandering in natte perioden,0nvt,L,8,9,L
Zoete en brakke wateren,3150,3150,TRUE,Druk11,"11 Aanpassing van de fysische structuur naar een blijvende nieuwe toestand (bodemcompactie, verharding, herprofilering, nieuw substraat, grondverzet, ...)",0nvt,L,8,9,L
Zoete en brakke wateren,3150,3150,TRUE,Druk12,"12 Toename bodemdynamiek (erosie, omwoeling, verstuiving)",0nvt,M,4,4,M
Zoete en brakke wateren,3150,3150,TRUE,Druk13,"13 Afname bodemdynamiek (erosie, omwoeling, verstuiving)",0nvt,NA,NA,NA,S
Zoete en brakke wateren,3150,3150,TRUE,Druk14,14 Verlies van aquatische connectiviteit,0nvt,M,6,6,M
Zoete en brakke wateren,3150,3150,TRUE,Druk15,15 Verlies van terrestrische connectiviteit,0nvt,NA,NA,NA,S
Zoete en brakke wateren,3150,3150,TRUE,Druk3.1,3.1 Eutrofiëring via de lucht,0nvt,M,5,5,M
Zoete en brakke wateren,3150,3150,TRUE,Druk3.2,3.2 Eutrofiëring via de bodem,0nvt,M,6,6,M
Zoete en brakke wateren,3150,3150,TRUE,Druk3.3,3.3 Eutrofiëring via het grondwater,0nvt,H,2,2,H
Zoete en brakke wateren,3150,3150,TRUE,Druk3.4,3.4 Eutrofiëring via het oppervlaktewater (incl. overstromingswater en afspoeling),0nvt,H,1,1,H
Zoete en brakke wateren,3150,3150,TRUE,Druk4.3,4.3 Verzuring via het oppervlaktewater (incl. overstromingswater),0nvt,NA,NA,NA,S
Zoete en brakke wateren,3150,3150,TRUE,Druk5.1,5.1 Verdroging via het grondwater,0nvt,NA,NA,NA,S
Zoete en brakke wateren,3150,3150,TRUE,Druk5.2,5.2 Vernatting via het grondwater,0nvt,NA,NA,NA,S
Zoete en brakke wateren,3150,3150,TRUE,Druk63,"63 Toename van stroomsnelheid, waterpeil en/of de fluctuatie ervan",0nvt,NA,NA,NA,S
Zoete en brakke wateren,3150,3150,TRUE,Druk64,"64 Afname van stroomsnelheid, waterpeil en/of de fluctuatie ervan",0nvt,NA,NA,NA,S
Zoete en brakke wateren,3150,3150,TRUE,Druk65,65  Toename golfslagwerking,0nvt,NA,NA,NA,S
Zoete en brakke wateren,3150,3150,TRUE,Druk66,66  Afname golfslagwerking,0nvt,NA,NA,NA,S
Zoete en brakke wateren,3150,3150,TRUE,Druk7.3,7.3 Verzilting via het grondwater,0nvt,NA,NA,NA,S
Zoete en brakke wateren,3150,3150,TRUE,Druk7.4,7.4 Verzilting via het oppervlaktewater (incl. overstromingswater),0nvt,NA,NA,NA,S
Zoete en brakke wateren,3150,3150,TRUE,Druk8.1,8.1 Verontreiniging via de lucht,0nvt,L,8,9,L
Zoete en brakke wateren,3150,3150,TRUE,Druk8.2,8.2 Verontreiniging via de bodem,NA,NA,NA,7,L
Zoete en brakke wateren,3150,3150,TRUE,Druk8.3,8.3 Verontreiniging via het grondwater,0nvt,M,6,6,M
Zoete en brakke wateren,3150,3150,TRUE,Druk8.4,8.4 Verontreiniging via het oppervlaktewater (incl. overstromingswater),0nvt,M,3,3,M
Zoete en brakke wateren,3150,3150,TRUE,Druk8.5,8.5 Thermische verontreiniging: toename temperatuur oppervlaktewater,0nvt,NA,NA,NA,P
Zoete en brakke wateren,3150,3150,TRUE,Druk9.3,9.3 Beweging en andere visuele verstoring,0nvt,NA,NA,NA,S
Zoete en brakke wateren,3160,3160,TRUE,Druk11,"11 Aanpassing van de fysische structuur naar een blijvende nieuwe toestand (bodemcompactie, verharding, herprofilering, nieuw substraat, grondverzet, ...)",0nvt,NA,NA,NA,S
Zoete en brakke wateren,3160,3160,TRUE,Druk12,"12 Toename bodemdynamiek (erosie, omwoeling, verstuiving)",0nvt,NA,NA,NA,S
Zoete en brakke wateren,3160,3160,TRUE,Druk13,"13 Afname bodemdynamiek (erosie, omwoeling, verstuiving)",0nvt,NA,NA,NA,S
Zoete en brakke wateren,3160,3160,TRUE,Druk14,14 Verlies van aquatische connectiviteit,0nvt,NA,NA,NA,S
Zoete en brakke wateren,3160,3160,TRUE,Druk15,15 Verlies van terrestrische connectiviteit,0nvt,NA,NA,NA,S
Zoete en brakke wateren,3160,3160,TRUE,Druk3.1,3.1 Eutrofiëring via de lucht,0nvt,H,1,1,H
Zoete en brakke wateren,3160,3160,TRUE,Druk3.2,3.2 Eutrofiëring via de bodem,0nvt,L,5,6,L
Zoete en brakke wateren,3160,3160,TRUE,Druk3.3,3.3 Eutrofiëring via het grondwater,0nvt,M,4,4,M
Zoete en brakke wateren,3160,3160,TRUE,Druk3.4,3.4 Eutrofiëring via het oppervlaktewater (incl. overstromingswater en afspoeling),0nvt,NA,NA,NA,S
Zoete en brakke wateren,3160,3160,TRUE,Druk4.1,4.1 Verzuring via de lucht,0nvt,H,2,2,H
Zoete en brakke wateren,3160,3160,TRUE,Druk4.2,4.2 Verzuring via het grondwater,0nvt,M,4,4,M
Zoete en brakke wateren,3160,3160,TRUE,Druk4.3,4.3 Verzuring via het oppervlaktewater (incl. overstromingswater),0nvt,NA,NA,NA,S
Zoete en brakke wateren,3160,3160,TRUE,Druk5.1,5.1 Verdroging via het grondwater,0nvt,H,3,3,H
Zoete en brakke wateren,3160,3160,TRUE,Druk5.2,5.2 Vernatting via het grondwater,0nvt,NA,NA,NA,S
Zoete en brakke wateren,3160,3160,TRUE,Druk63,"63 Toename van stroomsnelheid, waterpeil en/of de fluctuatie ervan",0nvt,NA,NA,NA,S
Zoete en brakke wateren,3160,3160,TRUE,Druk64,"64 Afname van stroomsnelheid, waterpeil en/of de fluctuatie ervan",0nvt,NA,NA,NA,S
Zoete en brakke wateren,3160,3160,TRUE,Druk65,65  Toename golfslagwerking,0nvt,NA,NA,NA,S
Zoete en brakke wateren,3160,3160,TRUE,Druk66,66  Afname golfslagwerking,0nvt,NA,NA,NA,S
Zoete en brakke wateren,3160,3160,TRUE,Druk7.3,7.3 Verzilting via het grondwater,0nvt,NA,NA,NA,S
Zoete en brakke wateren,3160,3160,TRUE,Druk7.4,7.4 Verzilting via het oppervlaktewater (incl. overstromingswater),0nvt,NA,NA,NA,S
Zoete en brakke wateren,3160,3160,TRUE,Druk8.1,8.1 Verontreiniging via de lucht,0nvt,NA,NA,NA,S
Zoete en brakke wateren,3160,3160,TRUE,Druk8.2,8.2 Verontreiniging via de bodem,NA,NA,NA,5,L
Zoete en brakke wateren,3160,3160,TRUE,Druk8.3,8.3 Verontreiniging via het grondwater,NA,NA,NA,5,L
Zoete en brakke wateren,3160,3160,TRUE,Druk8.4,8.4 Verontreiniging via het oppervlaktewater (incl. overstromingswater),NA,NA,NA,5,L
Zoete en brakke wateren,3160,3160,TRUE,Druk8.5,8.5 Thermische verontreiniging: toename temperatuur oppervlaktewater,0nvt,NA,NA,NA,P
Zoete en brakke wateren,3160,3160,TRUE,Druk9.2,9.2 Licht en straling,0nvt,NA,NA,NA,P
Zoete en brakke wateren,3160,3160,TRUE,Druk9.3,9.3 Beweging en andere visuele verstoring,0nvt,NA,NA,NA,S
Zoete en brakke wateren,3260,3260,TRUE,Druk101,101 Klimaatverandering in droge perioden,0nvt,L,6,7,L
Zoete en brakke wateren,3260,3260,TRUE,Druk102,102 Klimaatverandering in natte perioden,0nvt,L,6,7,L
Zoete en brakke wateren,3260,3260,TRUE,Druk11,"11 Aanpassing van de fysische structuur naar een blijvende nieuwe toestand (bodemcompactie, verharding, herprofilering, nieuw substraat, grondverzet, ...)",0nvt,M,4,4,M
Zoete en brakke wateren,3260,3260,TRUE,Druk12,"12 Toename bodemdynamiek (erosie, omwoeling, verstuiving)",0nvt,M,4,4,M
Zoete en brakke wateren,3260,3260,TRUE,Druk13,"13 Afname bodemdynamiek (erosie, omwoeling, verstuiving)",0nvt,NA,NA,NA,S
Zoete en brakke wateren,3260,3260,TRUE,Druk14,14 Verlies van aquatische connectiviteit,0nvt,L,5,6,L
Zoete en brakke wateren,3260,3260,TRUE,Druk15,15 Verlies van terrestrische connectiviteit,0nvt,NA,NA,NA,S
Zoete en brakke wateren,3260,3260,TRUE,Druk3.2,3.2 Eutrofiëring via de bodem,NA,NA,NA,5,L
Zoete en brakke wateren,3260,3260,TRUE,Druk3.3,3.3 Eutrofiëring via het grondwater,0nvt,H,2,2,H
Zoete en brakke wateren,3260,3260,TRUE,Druk3.4,3.4 Eutrofiëring via het oppervlaktewater (incl. overstromingswater en afspoeling),0nvt,H,1,1,H
Zoete en brakke wateren,3260,3260,TRUE,Druk4.2,4.2 Verzuring via het grondwater,0nvt,NA,NA,NA,S
Zoete en brakke wateren,3260,3260,TRUE,Druk4.3,4.3 Verzuring via het oppervlaktewater (incl. overstromingswater),0nvt,NA,NA,NA,S
Zoete en brakke wateren,3260,3260,TRUE,Druk5.1,5.1 Verdroging via het grondwater,0nvt,NA,NA,NA,S
Zoete en brakke wateren,3260,3260,TRUE,Druk63,"63 Toename van stroomsnelheid, waterpeil en/of de fluctuatie ervan",0nvt,L,5,6,L
Zoete en brakke wateren,3260,3260,TRUE,Druk64,"64 Afname van stroomsnelheid, waterpeil en/of de fluctuatie ervan",0nvt,M,4,4,M
Zoete en brakke wateren,3260,3260,TRUE,Druk65,65  Toename golfslagwerking,0nvt,NA,NA,NA,S
Zoete en brakke wateren,3260,3260,TRUE,Druk66,66  Afname golfslagwerking,0nvt,NA,NA,NA,S
Zoete en brakke wateren,3260,3260,TRUE,Druk7.3,7.3 Verzilting via het grondwater,0nvt,NA,NA,NA,S
Zoete en brakke wateren,3260,3260,TRUE,Druk7.4,7.4 Verzilting via het oppervlaktewater (incl. overstromingswater),0nvt,NA,NA,NA,S
Zoete en brakke wateren,3260,3260,TRUE,Druk8.1,8.1 Verontreiniging via de lucht,0nvt,L,6,7,L
Zoete en brakke wateren,3260,3260,TRUE,Druk8.2,8.2 Verontreiniging via de bodem,NA,NA,NA,5,L
Zoete en brakke wateren,3260,3260,TRUE,Druk8.3,8.3 Verontreiniging via het grondwater,0nvt,M,4,4,M
Zoete en brakke wateren,3260,3260,TRUE,Druk8.4,8.4 Verontreiniging via het oppervlaktewater (incl. overstromingswater),0nvt,H,3,3,H
Zoete en brakke wateren,3260,3260,TRUE,Druk8.5,8.5 Thermische verontreiniging: toename temperatuur oppervlaktewater,0nvt,NA,NA,NA,P
Zoete en brakke wateren,3260,3260,TRUE,Druk9.1,9.1 Geluid en trillingen,0nvt,NA,NA,NA,S
Zoete en brakke wateren,3260,3260,TRUE,Druk9.3,9.3 Beweging en andere visuele verstoring,0nvt,NA,NA,NA,S
Zoete en brakke wateren,3270,3270,TRUE,Druk101,101 Klimaatverandering in droge perioden,0nvt,M,4,4,M
Zoete en brakke wateren,3270,3270,TRUE,Druk102,102 Klimaatverandering in natte perioden,0nvt,L,5,5,L
Zoete en brakke wateren,3270,3270,TRUE,Druk103,103 Klimaatverandering: zeespiegelstijging,0nvt,L,5,5,L
Zoete en brakke wateren,3270,3270,TRUE,Druk11,"11 Aanpassing van de fysische structuur naar een blijvende nieuwe toestand (bodemcompactie, verharding, herprofilering, nieuw substraat, grondverzet, ...)",0nvt,H,2,2,H
Zoete en brakke wateren,3270,3270,TRUE,Druk12,"12 Toename bodemdynamiek (erosie, omwoeling, verstuiving)",0nvt,H,2,2,H
Zoete en brakke wateren,3270,3270,TRUE,Druk13,"13 Afname bodemdynamiek (erosie, omwoeling, verstuiving)",0nvt,NA,NA,NA,S
Zoete en brakke wateren,3270,3270,TRUE,Druk14,14 Verlies van aquatische connectiviteit,0nvt,NA,NA,NA,S
Zoete en brakke wateren,3270,3270,TRUE,Druk15,15 Verlies van terrestrische connectiviteit,0nvt,L,5,5,L
Zoete en brakke wateren,3270,3270,TRUE,Druk5.1,5.1 Verdroging via het grondwater,0nvt,L,5,5,L
Zoete en brakke wateren,3270,3270,TRUE,Druk5.2,5.2 Vernatting via het grondwater,0nvt,L,6,6,L
Zoete en brakke wateren,3270,3270,TRUE,Druk61,61 Toename overstromingsduur of -frequentie (incl. getijden),0nvt,H,3,3,H
Zoete en brakke wateren,3270,3270,TRUE,Druk62,62 Afname overstromingsduur of -frequentie (incl. getijden),0nvt,H,1,1,H
Zoete en brakke wateren,3270,3270,TRUE,Druk63,"63 Toename van stroomsnelheid, waterpeil en/of de fluctuatie ervan",0nvt,H,1,1,H
Zoete en brakke wateren,3270,3270,TRUE,Druk64,"64 Afname van stroomsnelheid, waterpeil en/of de fluctuatie ervan",0nvt,NA,NA,NA,S
Zoete en brakke wateren,3270,3270,TRUE,Druk65,65  Toename golfslagwerking,0nvt,M,4,4,M
Zoete en brakke wateren,3270,3270,TRUE,Druk66,66  Afname golfslagwerking,0nvt,NA,NA,NA,S
Zoete en brakke wateren,3270,3270,TRUE,Druk7.3,7.3 Verzilting via het grondwater,0nvt,NA,NA,NA,S
Zoete en brakke wateren,3270,3270,TRUE,Druk7.4,7.4 Verzilting via het oppervlaktewater (incl. overstromingswater),0nvt,L,6,6,L
Zoete en brakke wateren,3270,3270,TRUE,Druk8.1,8.1 Verontreiniging via de lucht,0nvt,NA,NA,NA,S
Zoete en brakke wateren,3270,3270,TRUE,Druk8.2,8.2 Verontreiniging via de bodem,0nvt,NA,NA,NA,P
Zoete en brakke wateren,3270,3270,TRUE,Druk8.3,8.3 Verontreiniging via het grondwater,0nvt,NA,NA,NA,P
Zoete en brakke wateren,3270,3270,TRUE,Druk8.4,8.4 Verontreiniging via het oppervlaktewater (incl. overstromingswater),0nvt,NA,NA,NA,S
Zoete en brakke wateren,3270,3270,TRUE,Druk8.5,8.5 Thermische verontreiniging: toename temperatuur oppervlaktewater,0nvt,L,5,5,L
Zoete en brakke wateren,3270,3270,TRUE,Druk9.3,9.3 Beweging en andere visuele verstoring,0nvt,NA,NA,NA,S
Heiden,4010,4010,TRUE,Druk101,101 Klimaatverandering in droge perioden,0nvt,L,7,7,L
Heiden,4010,4010,TRUE,Druk102,102 Klimaatverandering in natte perioden,0nvt,L,8,8,L
Heiden,4010,4010,TRUE,Druk11,"11 Aanpassing van de fysische structuur naar een blijvende nieuwe toestand (bodemcompactie, verharding, herprofilering, nieuw substraat, grondverzet, ...)",0nvt,L,5,5,L
Heiden,4010,4010,TRUE,Druk12,"12 Toename bodemdynamiek (erosie, omwoeling, verstuiving)",0nvt,NA,NA,NA,S
Heiden,4010,4010,TRUE,Druk13,"13 Afname bodemdynamiek (erosie, omwoeling, verstuiving)",0nvt,NA,NA,NA,S
Heiden,4010,4010,TRUE,Druk14,14 Verlies van aquatische connectiviteit,0nvt,NA,NA,NA,S
Heiden,4010,4010,TRUE,Druk15,15 Verlies van terrestrische connectiviteit,0nvt,L,5,5,L
Heiden,4010,4010,TRUE,Druk3.1,3.1 Eutrofiëring via de lucht,0nvt,H,1,1,H
Heiden,4010,4010,TRUE,Druk3.2,3.2 Eutrofiëring via de bodem,0nvt,M,3,3,M
Heiden,4010,4010,TRUE,Druk3.3,3.3 Eutrofiëring via het grondwater,0nvt,L,4,4,L
Heiden,4010,4010,TRUE,Druk3.4,3.4 Eutrofiëring via het oppervlaktewater (incl. overstromingswater en afspoeling),0nvt,NA,NA,NA,S
Heiden,4010,4010,TRUE,Druk4.1,4.1 Verzuring via de lucht,0nvt,H,2,2,H
Heiden,4010,4010,TRUE,Druk4.2,4.2 Verzuring via het grondwater,0nvt,L,6,6,L
Heiden,4010,4010,TRUE,Druk4.3,4.3 Verzuring via het oppervlaktewater (incl. overstromingswater),0nvt,NA,NA,NA,S
Heiden,4010,4010,TRUE,Druk5.1,5.1 Verdroging via het grondwater,0nvt,H,1,1,H
Heiden,4010,4010,TRUE,Druk5.2,5.2 Vernatting via het grondwater,0nvt,NA,NA,NA,S
Heiden,4010,4010,TRUE,Druk61,61 Toename overstromingsduur of -frequentie (incl. getijden),0nvt,NA,NA,NA,S
Heiden,4010,4010,TRUE,Druk7.3,7.3 Verzilting via het grondwater,0nvt,NA,NA,NA,S
Heiden,4010,4010,TRUE,Druk7.4,7.4 Verzilting via het oppervlaktewater (incl. overstromingswater),0nvt,NA,NA,NA,S
Heiden,4010,4010,TRUE,Druk8.1,8.1 Verontreiniging via de lucht,0nvt,NA,NA,NA,S
Heiden,4010,4010,TRUE,Druk8.2,8.2 Verontreiniging via de bodem,0nvt,NA,NA,NA,S
Heiden,4010,4010,TRUE,Druk8.3,8.3 Verontreiniging via het grondwater,0nvt,NA,NA,NA,S
Heiden,4010,4010,TRUE,Druk8.4,8.4 Verontreiniging via het oppervlaktewater (incl. overstromingswater),0nvt,NA,NA,NA,S
Heiden,4010,4010,TRUE,Druk8.5,8.5 Thermische verontreiniging: toename temperatuur oppervlaktewater,0nvt,NA,NA,NA,P
Heiden,4010,4010,TRUE,Druk9.1,9.1 Geluid en trillingen,0nvt,NA,NA,NA,S
Heiden,4010,4010,TRUE,Druk9.3,9.3 Beweging en andere visuele verstoring,0nvt,NA,NA,NA,S
Heiden,4030,4030,TRUE,Druk101,101 Klimaatverandering in droge perioden,0nvt,L,5,4,L
Heiden,4030,4030,TRUE,Druk102,102 Klimaatverandering in natte perioden,0nvt,L,5,4,L
Heiden,4030,4030,TRUE,Druk11,"11 Aanpassing van de fysische structuur naar een blijvende nieuwe toestand (bodemcompactie, verharding, herprofilering, nieuw substraat, grondverzet, ...)",0nvt,L,5,4,L
Heiden,4030,4030,TRUE,Druk12,"12 Toename bodemdynamiek (erosie, omwoeling, verstuiving)",0nvt,NA,NA,NA,S
Heiden,4030,4030,TRUE,Druk13,"13 Afname bodemdynamiek (erosie, omwoeling, verstuiving)",0nvt,NA,NA,NA,S
Heiden,4030,4030,TRUE,Druk14,14 Verlies van aquatische connectiviteit,0nvt,NA,NA,NA,S
Heiden,4030,4030,TRUE,Druk15,15 Verlies van terrestrische connectiviteit,0nvt,L,4,3,L
Heiden,4030,4030,TRUE,Druk3.1,3.1 Eutrofiëring via de lucht,0nvt,H,1,1,H
Heiden,4030,4030,TRUE,Druk3.2,3.2 Eutrofiëring via de bodem,0nvt,NA,NA,NA,S
Heiden,4030,4030,TRUE,Druk3.4,3.4 Eutrofiëring via het oppervlaktewater (incl. overstromingswater en afspoeling),0nvt,NA,NA,NA,S
Heiden,4030,4030,TRUE,Druk4.1,4.1 Verzuring via de lucht,0nvt,H,2,2,H
Heiden,4030,4030,TRUE,Druk5.2,5.2 Vernatting via het grondwater,0nvt,NA,NA,NA,S
Heiden,4030,4030,TRUE,Druk61,61 Toename overstromingsduur of -frequentie (incl. getijden),0nvt,NA,NA,NA,S
Heiden,4030,4030,TRUE,Druk7.4,7.4 Verzilting via het oppervlaktewater (incl. overstromingswater),0nvt,NA,NA,NA,S
Heiden,4030,4030,TRUE,Druk8.1,8.1 Verontreiniging via de lucht,0nvt,NA,NA,NA,S
Heiden,4030,4030,TRUE,Druk8.2,8.2 Verontreiniging via de bodem,0nvt,NA,NA,NA,S
Heiden,4030,4030,TRUE,Druk8.4,8.4 Verontreiniging via het oppervlaktewater (incl. overstromingswater),0nvt,NA,NA,NA,S
Heiden,4030,4030,TRUE,Druk8.5,8.5 Thermische verontreiniging: toename temperatuur oppervlaktewater,0nvt,NA,NA,NA,P
Heiden,4030,4030,TRUE,Druk9.1,9.1 Geluid en trillingen,0nvt,NA,NA,NA,S
Heiden,4030,4030,TRUE,Druk9.3,9.3 Beweging en andere visuele verstoring,0nvt,NA,NA,NA,S
Thermofiel struikgewas,5130,5130,TRUE,Druk101,101 Klimaatverandering in droge perioden,0nvt,M,5,5,M
Thermofiel struikgewas,5130,5130,TRUE,Druk102,102 Klimaatverandering in natte perioden,0nvt,M,6,6,M
Thermofiel struikgewas,5130,5130,TRUE,Druk11,"11 Aanpassing van de fysische structuur naar een blijvende nieuwe toestand (bodemcompactie, verharding, herprofilering, nieuw substraat, grondverzet, ...)",0nvt,L,7,7,L
Thermofiel struikgewas,5130,5130,TRUE,Druk12,"12 Toename bodemdynamiek (erosie, omwoeling, verstuiving)",0nvt,NA,NA,NA,S
Thermofiel struikgewas,5130,5130,TRUE,Druk13,"13 Afname bodemdynamiek (erosie, omwoeling, verstuiving)",0nvt,H,2,2,H
Thermofiel struikgewas,5130,5130,TRUE,Druk14,14 Verlies van aquatische connectiviteit,0nvt,NA,NA,NA,S
Thermofiel struikgewas,5130,5130,TRUE,Druk15,15 Verlies van terrestrische connectiviteit,0nvt,H,1,1,H
Thermofiel struikgewas,5130,5130,TRUE,Druk3.1,3.1 Eutrofiëring via de lucht,0nvt,H,3,3,H
Thermofiel struikgewas,5130,5130,TRUE,Druk3.2,3.2 Eutrofiëring via de bodem,0nvt,L,8,8,L
Thermofiel struikgewas,5130,5130,TRUE,Druk3.4,3.4 Eutrofiëring via het oppervlaktewater (incl. overstromingswater en afspoeling),0nvt,NA,NA,NA,S
Thermofiel struikgewas,5130,5130,TRUE,Druk4.1,4.1 Verzuring via de lucht,0nvt,M,4,4,M
Thermofiel struikgewas,5130,5130,TRUE,Druk5.2,5.2 Vernatting via het grondwater,0nvt,NA,NA,NA,S
Thermofiel struikgewas,5130,5130,TRUE,Druk61,61 Toename overstromingsduur of -frequentie (incl. getijden),0nvt,NA,NA,NA,S
Thermofiel struikgewas,5130,5130,TRUE,Druk7.4,7.4 Verzilting via het oppervlaktewater (incl. overstromingswater),0nvt,NA,NA,NA,S
Thermofiel struikgewas,5130,5130,TRUE,Druk8.1,8.1 Verontreiniging via de lucht,0nvt,NA,NA,NA,S
Thermofiel struikgewas,5130,5130,TRUE,Druk8.2,8.2 Verontreiniging via de bodem,0nvt,NA,NA,NA,S
Thermofiel struikgewas,5130,5130,TRUE,Druk8.4,8.4 Verontreiniging via het oppervlaktewater (incl. overstromingswater),0nvt,NA,NA,NA,S
Thermofiel struikgewas,5130,5130,TRUE,Druk8.5,8.5 Thermische verontreiniging: toename temperatuur oppervlaktewater,0nvt,NA,NA,NA,P
Thermofiel struikgewas,5130,5130,TRUE,Druk9.3,9.3 Beweging en andere visuele verstoring,0nvt,NA,NA,NA,S
(Half-)natuurlijke graslanden,6120,6120,TRUE,Druk102,102 Klimaatverandering in natte perioden,0nvt,L,12,13,L
(Half-)natuurlijke graslanden,6120,6120,TRUE,Druk11,"11 Aanpassing van de fysische structuur naar een blijvende nieuwe toestand (bodemcompactie, verharding, herprofilering, nieuw substraat, grondverzet, ...)",0nvt,H,1,5,M
(Half-)natuurlijke graslanden,6120,6120,TRUE,Druk12,"12 Toename bodemdynamiek (erosie, omwoeling, verstuiving)",0nvt,L,12,9,M
(Half-)natuurlijke graslanden,6120,6120,TRUE,Druk13,"13 Afname bodemdynamiek (erosie, omwoeling, verstuiving)",0nvt,L,10,7,M
(Half-)natuurlijke graslanden,6120,6120,TRUE,Druk14,14 Verlies van aquatische connectiviteit,0nvt,M,6,2,H
(Half-)natuurlijke graslanden,6120,6120,TRUE,Druk15,15 Verlies van terrestrische connectiviteit,0nvt,H,1,6,M
(Half-)natuurlijke graslanden,6120,6120,TRUE,Druk3.1,3.1 Eutrofiëring via de lucht,0nvt,M,8,8,M
(Half-)natuurlijke graslanden,6120,6120,TRUE,Druk3.2,3.2 Eutrofiëring via de bodem,0nvt,M,3,10,L
(Half-)natuurlijke graslanden,6120,6120,TRUE,Druk3.4,3.4 Eutrofiëring via het oppervlaktewater (incl. overstromingswater en afspoeling),0nvt,M,4,4,M
(Half-)natuurlijke graslanden,6120,6120,TRUE,Druk4.1,4.1 Verzuring via de lucht,0nvt,L,9,11,L
(Half-)natuurlijke graslanden,6120,6120,TRUE,Druk4.3,4.3 Verzuring via het oppervlaktewater (incl. overstromingswater),0nvt,L,11,12,L
(Half-)natuurlijke graslanden,6120,6120,TRUE,Druk5.2,5.2 Vernatting via het grondwater,0nvt,NA,NA,NA,S
(Half-)natuurlijke graslanden,6120,6120,TRUE,Druk61,61 Toename overstromingsduur of -frequentie (incl. getijden),0nvt,M,7,3,H
(Half-)natuurlijke graslanden,6120,6120,TRUE,Druk62,62 Afname overstromingsduur of -frequentie (incl. getijden),0nvt,M,5,1,H
(Half-)natuurlijke graslanden,6120,6120,TRUE,Druk7.4,7.4 Verzilting via het oppervlaktewater (incl. overstromingswater),0nvt,NA,NA,NA,S
(Half-)natuurlijke graslanden,6120,6120,TRUE,Druk8.1,8.1 Verontreiniging via de lucht,0nvt,L,12,13,L
(Half-)natuurlijke graslanden,6120,6120,TRUE,Druk8.2,8.2 Verontreiniging via de bodem,0nvt,L,12,13,L
(Half-)natuurlijke graslanden,6120,6120,TRUE,Druk8.4,8.4 Verontreiniging via het oppervlaktewater (incl. overstromingswater),0nvt,L,12,13,L
(Half-)natuurlijke graslanden,6120,6120,TRUE,Druk8.5,8.5 Thermische verontreiniging: toename temperatuur oppervlaktewater,0nvt,NA,NA,NA,P
(Half-)natuurlijke graslanden,6120,6120,TRUE,Druk9.3,9.3 Beweging en andere visuele verstoring,0nvt,NA,NA,NA,S
(Half-)natuurlijke graslanden,6210,6210_hk,FALSE,Druk101,101 Klimaatverandering in droge perioden,0nvt,L,7,8,L
(Half-)natuurlijke graslanden,6210,6210_hk,FALSE,Druk102,102 Klimaatverandering in natte perioden,0nvt,L,7,8,L
(Half-)natuurlijke graslanden,6210,6210_hk,FALSE,Druk11,"11 Aanpassing van de fysische structuur naar een blijvende nieuwe toestand (bodemcompactie, verharding, herprofilering, nieuw substraat, grondverzet, ...)",0nvt,H,1,1,H
(Half-)natuurlijke graslanden,6210,6210_hk,FALSE,Druk12,"12 Toename bodemdynamiek (erosie, omwoeling, verstuiving)",0nvt,L,8,9,L
(Half-)natuurlijke graslanden,6210,6210_hk,FALSE,Druk13,"13 Afname bodemdynamiek (erosie, omwoeling, verstuiving)",0nvt,NA,NA,NA,S
(Half-)natuurlijke graslanden,6210,6210_hk,FALSE,Druk14,14 Verlies van aquatische connectiviteit,0nvt,L,9,10,L
(Half-)natuurlijke graslanden,6210,6210_hk,FALSE,Druk15,15 Verlies van terrestrische connectiviteit,0nvt,H,2,2,H
(Half-)natuurlijke graslanden,6210,6210_hk,FALSE,Druk3.1,3.1 Eutrofiëring via de lucht,0nvt,H,3,3,H
(Half-)natuurlijke graslanden,6210,6210_hk,FALSE,Druk3.2,3.2 Eutrofiëring via de bodem,0nvt,H,4,4,H
(Half-)natuurlijke graslanden,6210,6210_hk,FALSE,Druk3.4,3.4 Eutrofiëring via het oppervlaktewater (incl. overstromingswater en afspoeling),0nvt,M,5,5,M
(Half-)natuurlijke graslanden,6210,6210_hk,FALSE,Druk4.1,4.1 Verzuring via de lucht,0nvt,L,6,7,L
(Half-)natuurlijke graslanden,6210,6210_hk,FALSE,Druk5.2,5.2 Vernatting via het grondwater,0nvt,L,9,10,L
(Half-)natuurlijke graslanden,6210,6210_hk,FALSE,Druk61,61 Toename overstromingsduur of -frequentie (incl. getijden),0nvt,NA,NA,NA,S
(Half-)natuurlijke graslanden,6210,6210_hk,FALSE,Druk7.4,7.4 Verzilting via het oppervlaktewater (incl. overstromingswater),0nvt,NA,NA,NA,S
(Half-)natuurlijke graslanden,6210,6210_hk,FALSE,Druk8.1,8.1 Verontreiniging via de lucht,0nvt,L,7,8,L
(Half-)natuurlijke graslanden,6210,6210_hk,FALSE,Druk8.2,8.2 Verontreiniging via de bodem,0nvt,L,8,9,L
(Half-)natuurlijke graslanden,6210,6210_hk,FALSE,Druk8.4,8.4 Verontreiniging via het oppervlaktewater (incl. overstromingswater),0nvt,L,8,6,M
(Half-)natuurlijke graslanden,6210,6210_hk,FALSE,Druk8.5,8.5 Thermische verontreiniging: toename temperatuur oppervlaktewater,0nvt,NA,NA,NA,P
(Half-)natuurlijke graslanden,6210,6210_hk,FALSE,Druk9.3,9.3 Beweging en andere visuele verstoring,0nvt,NA,NA,NA,S
(Half-)natuurlijke graslanden,6210,6210_sk,FALSE,Druk101,101 Klimaatverandering in droge perioden,0nvt,L,7,8,L
(Half-)natuurlijke graslanden,6210,6210_sk,FALSE,Druk102,102 Klimaatverandering in natte perioden,0nvt,L,7,8,L
(Half-)natuurlijke graslanden,6210,6210_sk,FALSE,Druk11,"11 Aanpassing van de fysische structuur naar een blijvende nieuwe toestand (bodemcompactie, verharding, herprofilering, nieuw substraat, grondverzet, ...)",0nvt,H,1,1,H
(Half-)natuurlijke graslanden,6210,6210_sk,FALSE,Druk12,"12 Toename bodemdynamiek (erosie, omwoeling, verstuiving)",0nvt,L,8,9,L
(Half-)natuurlijke graslanden,6210,6210_sk,FALSE,Druk13,"13 Afname bodemdynamiek (erosie, omwoeling, verstuiving)",0nvt,NA,NA,NA,S
(Half-)natuurlijke graslanden,6210,6210_sk,FALSE,Druk14,14 Verlies van aquatische connectiviteit,0nvt,L,9,10,L
(Half-)natuurlijke graslanden,6210,6210_sk,FALSE,Druk15,15 Verlies van terrestrische connectiviteit,0nvt,H,2,2,H
(Half-)natuurlijke graslanden,6210,6210_sk,FALSE,Druk3.1,3.1 Eutrofiëring via de lucht,0nvt,H,3,3,H
(Half-)natuurlijke graslanden,6210,6210_sk,FALSE,Druk3.2,3.2 Eutrofiëring via de bodem,0nvt,H,4,4,H
(Half-)natuurlijke graslanden,6210,6210_sk,FALSE,Druk3.4,3.4 Eutrofiëring via het oppervlaktewater (incl. overstromingswater en afspoeling),0nvt,M,5,5,M
(Half-)natuurlijke graslanden,6210,6210_sk,FALSE,Druk4.1,4.1 Verzuring via de lucht,0nvt,L,6,7,L
(Half-)natuurlijke graslanden,6210,6210_sk,FALSE,Druk5.2,5.2 Vernatting via het grondwater,0nvt,L,9,10,L
(Half-)natuurlijke graslanden,6210,6210_sk,FALSE,Druk61,61 Toename overstromingsduur of -frequentie (incl. getijden),0nvt,NA,NA,NA,S
(Half-)natuurlijke graslanden,6210,6210_sk,FALSE,Druk7.4,7.4 Verzilting via het oppervlaktewater (incl. overstromingswater),0nvt,NA,NA,NA,S
(Half-)natuurlijke graslanden,6210,6210_sk,FALSE,Druk8.1,8.1 Verontreiniging via de lucht,0nvt,L,7,8,L
(Half-)natuurlijke graslanden,6210,6210_sk,FALSE,Druk8.2,8.2 Verontreiniging via de bodem,0nvt,L,8,9,L
(Half-)natuurlijke graslanden,6210,6210_sk,FALSE,Druk8.4,8.4 Verontreiniging via het oppervlaktewater (incl. overstromingswater),0nvt,L,8,6,M
(Half-)natuurlijke graslanden,6210,6210_sk,FALSE,Druk8.5,8.5 Thermische verontreiniging: toename temperatuur oppervlaktewater,0nvt,NA,NA,NA,P
(Half-)natuurlijke graslanden,6210,6210_sk,FALSE,Druk9.3,9.3 Beweging en andere visuele verstoring,0nvt,NA,NA,NA,S
(Half-)natuurlijke graslanden,6230,6230_ha,FALSE,Druk101,101 Klimaatverandering in droge perioden,0nvt,L,7,7,L
(Half-)natuurlijke graslanden,6230,6230_ha,FALSE,Druk102,102 Klimaatverandering in natte perioden,0nvt,L,7,7,L
(Half-)natuurlijke graslanden,6230,6230_ha,FALSE,Druk11,"11 Aanpassing van de fysische structuur naar een blijvende nieuwe toestand (bodemcompactie, verharding, herprofilering, nieuw substraat, grondverzet, ...)",0nvt,M,4,4,M
(Half-)natuurlijke graslanden,6230,6230_ha,FALSE,Druk12,"12 Toename bodemdynamiek (erosie, omwoeling, verstuiving)",0nvt,L,7,7,L
(Half-)natuurlijke graslanden,6230,6230_ha,FALSE,Druk13,"13 Afname bodemdynamiek (erosie, omwoeling, verstuiving)",0nvt,NA,NA,NA,S
(Half-)natuurlijke graslanden,6230,6230_ha,FALSE,Druk14,14 Verlies van aquatische connectiviteit,0nvt,L,8,8,L
(Half-)natuurlijke graslanden,6230,6230_ha,FALSE,Druk15,15 Verlies van terrestrische connectiviteit,0nvt,H,3,3,H
(Half-)natuurlijke graslanden,6230,6230_ha,FALSE,Druk3.1,3.1 Eutrofiëring via de lucht,0nvt,H,1,1,H
(Half-)natuurlijke graslanden,6230,6230_ha,FALSE,Druk3.2,3.2 Eutrofiëring via de bodem,0nvt,H,2,2,H
(Half-)natuurlijke graslanden,6230,6230_ha,FALSE,Druk3.4,3.4 Eutrofiëring via het oppervlaktewater (incl. overstromingswater en afspoeling),0nvt,L,7,7,L
(Half-)natuurlijke graslanden,6230,6230_ha,FALSE,Druk4.1,4.1 Verzuring via de lucht,0nvt,M,5,5,M
(Half-)natuurlijke graslanden,6230,6230_ha,FALSE,Druk5.2,5.2 Vernatting via het grondwater,0nvt,L,8,8,L
(Half-)natuurlijke graslanden,6230,6230_ha,FALSE,Druk61,61 Toename overstromingsduur of -frequentie (incl. getijden),0nvt,NA,NA,NA,S
(Half-)natuurlijke graslanden,6230,6230_ha,FALSE,Druk7.4,7.4 Verzilting via het oppervlaktewater (incl. overstromingswater),0nvt,NA,NA,NA,S
(Half-)natuurlijke graslanden,6230,6230_ha,FALSE,Druk8.1,8.1 Verontreiniging via de lucht,0nvt,L,6,6,L
(Half-)natuurlijke graslanden,6230,6230_ha,FALSE,Druk8.2,8.2 Verontreiniging via de bodem,0nvt,L,6,6,L
(Half-)natuurlijke graslanden,6230,6230_ha,FALSE,Druk8.4,8.4 Verontreiniging via het oppervlaktewater (incl. overstromingswater),0nvt,L,7,7,L
(Half-)natuurlijke graslanden,6230,6230_ha,FALSE,Druk8.5,8.5 Thermische verontreiniging: toename temperatuur oppervlaktewater,0nvt,NA,NA,NA,P
(Half-)natuurlijke graslanden,6230,6230_ha,FALSE,Druk9.3,9.3 Beweging en andere visuele verstoring,0nvt,NA,NA,NA,S
(Half-)natuurlijke graslanden,6230,6230_hmo,FALSE,Druk101,101 Klimaatverandering in droge perioden,0nvt,L,8,9,L
(Half-)natuurlijke graslanden,6230,6230_hmo,FALSE,Druk102,102 Klimaatverandering in natte perioden,0nvt,L,9,10,L
(Half-)natuurlijke graslanden,6230,6230_hmo,FALSE,Druk11,"11 Aanpassing van de fysische structuur naar een blijvende nieuwe toestand (bodemcompactie, verharding, herprofilering, nieuw substraat, grondverzet, ...)",0nvt,M,3,4,M
(Half-)natuurlijke graslanden,6230,6230_hmo,FALSE,Druk12,"12 Toename bodemdynamiek (erosie, omwoeling, verstuiving)",0nvt,L,10,11,L
(Half-)natuurlijke graslanden,6230,6230_hmo,FALSE,Druk13,"13 Afname bodemdynamiek (erosie, omwoeling, verstuiving)",0nvt,NA,NA,NA,S
(Half-)natuurlijke graslanden,6230,6230_hmo,FALSE,Druk14,14 Verlies van aquatische connectiviteit,0nvt,L,12,13,L
(Half-)natuurlijke graslanden,6230,6230_hmo,FALSE,Druk15,15 Verlies van terrestrische connectiviteit,0nvt,H,1,1,H
(Half-)natuurlijke graslanden,6230,6230_hmo,FALSE,Druk3.1,3.1 Eutrofiëring via de lucht,0nvt,H,2,2,H
(Half-)natuurlijke graslanden,6230,6230_hmo,FALSE,Druk3.2,3.2 Eutrofiëring via de bodem,0nvt,H,2,2,H
(Half-)natuurlijke graslanden,6230,6230_hmo,FALSE,Druk3.3,3.3 Eutrofiëring via het grondwater,0nvt,H,2,2,H
(Half-)natuurlijke graslanden,6230,6230_hmo,FALSE,Druk3.4,3.4 Eutrofiëring via het oppervlaktewater (incl. overstromingswater en afspoeling),0nvt,L,5,5,M
(Half-)natuurlijke graslanden,6230,6230_hmo,FALSE,Druk4.1,4.1 Verzuring via de lucht,0nvt,L,7,8,L
(Half-)natuurlijke graslanden,6230,6230_hmo,FALSE,Druk4.2,4.2 Verzuring via het grondwater,0nvt,L,8,6,M
(Half-)natuurlijke graslanden,6230,6230_hmo,FALSE,Druk4.3,4.3 Verzuring via het oppervlaktewater (incl. overstromingswater),0nvt,L,10,11,L
(Half-)natuurlijke graslanden,6230,6230_hmo,FALSE,Druk5.1,5.1 Verdroging via het grondwater,0nvt,M,4,3,H
(Half-)natuurlijke graslanden,6230,6230_hmo,FALSE,Druk5.2,5.2 Vernatting via het grondwater,0nvt,L,9,10,L
(Half-)natuurlijke graslanden,6230,6230_hmo,FALSE,Druk61,61 Toename overstromingsduur of -frequentie (incl. getijden),0nvt,L,11,12,L
(Half-)natuurlijke graslanden,6230,6230_hmo,FALSE,Druk7.3,7.3 Verzilting via het grondwater,0nvt,NA,NA,NA,S
(Half-)natuurlijke graslanden,6230,6230_hmo,FALSE,Druk7.4,7.4 Verzilting via het oppervlaktewater (incl. overstromingswater),0nvt,NA,NA,NA,S
(Half-)natuurlijke graslanden,6230,6230_hmo,FALSE,Druk8.1,8.1 Verontreiniging via de lucht,0nvt,L,9,10,L
(Half-)natuurlijke graslanden,6230,6230_hmo,FALSE,Druk8.2,8.2 Verontreiniging via de bodem,0nvt,L,9,10,L
(Half-)natuurlijke graslanden,6230,6230_hmo,FALSE,Druk8.3,8.3 Verontreiniging via het grondwater,0nvt,L,9,10,L
(Half-)natuurlijke graslanden,6230,6230_hmo,FALSE,Druk8.4,8.4 Verontreiniging via het oppervlaktewater (incl. overstromingswater),0nvt,L,6,7,L
(Half-)natuurlijke graslanden,6230,6230_hmo,FALSE,Druk8.5,8.5 Thermische verontreiniging: toename temperatuur oppervlaktewater,0nvt,NA,NA,NA,P
(Half-)natuurlijke graslanden,6230,6230_hmo,FALSE,Druk9.3,9.3 Beweging en andere visuele verstoring,0nvt,NA,NA,NA,S
(Half-)natuurlijke graslanden,6230,6230_hn,FALSE,Druk101,101 Klimaatverandering in droge perioden,0nvt,L,7,7,L
(Half-)natuurlijke graslanden,6230,6230_hn,FALSE,Druk102,102 Klimaatverandering in natte perioden,0nvt,L,7,7,L
(Half-)natuurlijke graslanden,6230,6230_hn,FALSE,Druk11,"11 Aanpassing van de fysische structuur naar een blijvende nieuwe toestand (bodemcompactie, verharding, herprofilering, nieuw substraat, grondverzet, ...)",0nvt,M,4,4,M
(Half-)natuurlijke graslanden,6230,6230_hn,FALSE,Druk12,"12 Toename bodemdynamiek (erosie, omwoeling, verstuiving)",0nvt,L,7,7,L
(Half-)natuurlijke graslanden,6230,6230_hn,FALSE,Druk13,"13 Afname bodemdynamiek (erosie, omwoeling, verstuiving)",0nvt,NA,NA,NA,S
(Half-)natuurlijke graslanden,6230,6230_hn,FALSE,Druk14,14 Verlies van aquatische connectiviteit,0nvt,L,8,8,L
(Half-)natuurlijke graslanden,6230,6230_hn,FALSE,Druk15,15 Verlies van terrestrische connectiviteit,0nvt,H,2,2,H
(Half-)natuurlijke graslanden,6230,6230_hn,FALSE,Druk3.1,3.1 Eutrofiëring via de lucht,0nvt,H,1,1,H
(Half-)natuurlijke graslanden,6230,6230_hn,FALSE,Druk3.2,3.2 Eutrofiëring via de bodem,0nvt,H,3,3,H
(Half-)natuurlijke graslanden,6230,6230_hn,FALSE,Druk3.4,3.4 Eutrofiëring via het oppervlaktewater (incl. overstromingswater en afspoeling),0nvt,L,7,7,L
(Half-)natuurlijke graslanden,6230,6230_hn,FALSE,Druk4.1,4.1 Verzuring via de lucht,0nvt,M,5,5,M
(Half-)natuurlijke graslanden,6230,6230_hn,FALSE,Druk5.2,5.2 Vernatting via het grondwater,0nvt,L,8,8,L
(Half-)natuurlijke graslanden,6230,6230_hn,FALSE,Druk61,61 Toename overstromingsduur of -frequentie (incl. getijden),0nvt,NA,NA,NA,S
(Half-)natuurlijke graslanden,6230,6230_hn,FALSE,Druk7.4,7.4 Verzilting via het oppervlaktewater (incl. overstromingswater),0nvt,NA,NA,NA,S
(Half-)natuurlijke graslanden,6230,6230_hn,FALSE,Druk8.1,8.1 Verontreiniging via de lucht,0nvt,L,6,6,L
(Half-)natuurlijke graslanden,6230,6230_hn,FALSE,Druk8.2,8.2 Verontreiniging via de bodem,0nvt,L,6,6,L
(Half-)natuurlijke graslanden,6230,6230_hn,FALSE,Druk8.4,8.4 Verontreiniging via het oppervlaktewater (incl. overstromingswater),0nvt,L,7,7,L
(Half-)natuurlijke graslanden,6230,6230_hn,FALSE,Druk8.5,8.5 Thermische verontreiniging: toename temperatuur oppervlaktewater,0nvt,NA,NA,NA,P
(Half-)natuurlijke graslanden,6230,6230_hn,FALSE,Druk9.3,9.3 Beweging en andere visuele verstoring,0nvt,NA,NA,NA,S
(Half-)natuurlijke graslanden,6230,6230_hnk,FALSE,Druk101,101 Klimaatverandering in droge perioden,0nvt,L,6,7,L
(Half-)natuurlijke graslanden,6230,6230_hnk,FALSE,Druk102,102 Klimaatverandering in natte perioden,0nvt,L,6,7,L
(Half-)natuurlijke graslanden,6230,6230_hnk,FALSE,Druk11,"11 Aanpassing van de fysische structuur naar een blijvende nieuwe toestand (bodemcompactie, verharding, herprofilering, nieuw substraat, grondverzet, ...)",0nvt,H,1,1,H
(Half-)natuurlijke graslanden,6230,6230_hnk,FALSE,Druk12,"12 Toename bodemdynamiek (erosie, omwoeling, verstuiving)",0nvt,L,6,7,L
(Half-)natuurlijke graslanden,6230,6230_hnk,FALSE,Druk13,"13 Afname bodemdynamiek (erosie, omwoeling, verstuiving)",0nvt,NA,NA,NA,S
(Half-)natuurlijke graslanden,6230,6230_hnk,FALSE,Druk14,14 Verlies van aquatische connectiviteit,0nvt,L,8,9,L
(Half-)natuurlijke graslanden,6230,6230_hnk,FALSE,Druk15,15 Verlies van terrestrische connectiviteit,0nvt,H,2,2,H
(Half-)natuurlijke graslanden,6230,6230_hnk,FALSE,Druk3.1,3.1 Eutrofiëring via de lucht,0nvt,H,3,3,H
(Half-)natuurlijke graslanden,6230,6230_hnk,FALSE,Druk3.2,3.2 Eutrofiëring via de bodem,0nvt,H,4,4,H
(Half-)natuurlijke graslanden,6230,6230_hnk,FALSE,Druk3.4,3.4 Eutrofiëring via het oppervlaktewater (incl. overstromingswater en afspoeling),0nvt,M,5,5,M
(Half-)natuurlijke graslanden,6230,6230_hnk,FALSE,Druk4.1,4.1 Verzuring via de lucht,0nvt,L,6,7,L
(Half-)natuurlijke graslanden,6230,6230_hnk,FALSE,Druk5.2,5.2 Vernatting via het grondwater,0nvt,L,8,9,L
(Half-)natuurlijke graslanden,6230,6230_hnk,FALSE,Druk61,61 Toename overstromingsduur of -frequentie (incl. getijden),0nvt,NA,NA,NA,S
(Half-)natuurlijke graslanden,6230,6230_hnk,FALSE,Druk7.4,7.4 Verzilting via het oppervlaktewater (incl. overstromingswater),0nvt,NA,NA,NA,S
(Half-)natuurlijke graslanden,6230,6230_hnk,FALSE,Druk8.1,8.1 Verontreiniging via de lucht,0nvt,L,6,7,L
(Half-)natuurlijke graslanden,6230,6230_hnk,FALSE,Druk8.2,8.2 Verontreiniging via de bodem,0nvt,L,7,8,L
(Half-)natuurlijke graslanden,6230,6230_hnk,FALSE,Druk8.4,8.4 Verontreiniging via het oppervlaktewater (incl. overstromingswater),0nvt,L,7,6,M
(Half-)natuurlijke graslanden,6230,6230_hnk,FALSE,Druk8.5,8.5 Thermische verontreiniging: toename temperatuur oppervlaktewater,0nvt,NA,NA,NA,P
(Half-)natuurlijke graslanden,6230,6230_hnk,FALSE,Druk9.3,9.3 Beweging en andere visuele verstoring,0nvt,NA,NA,NA,S
(Half-)natuurlijke graslanden,6410,6410_mo,FALSE,Druk101,101 Klimaatverandering in droge perioden,0nvt,L,10,10,L
(Half-)natuurlijke graslanden,6410,6410_mo,FALSE,Druk102,102 Klimaatverandering in natte perioden,0nvt,L,10,10,L
(Half-)natuurlijke graslanden,6410,6410_mo,FALSE,Druk11,"11 Aanpassing van de fysische structuur naar een blijvende nieuwe toestand (bodemcompactie, verharding, herprofilering, nieuw substraat, grondverzet, ...)",0nvt,H,3,3,H
(Half-)natuurlijke graslanden,6410,6410_mo,FALSE,Druk12,"12 Toename bodemdynamiek (erosie, omwoeling, verstuiving)",0nvt,L,11,11,L
(Half-)natuurlijke graslanden,6410,6410_mo,FALSE,Druk13,"13 Afname bodemdynamiek (erosie, omwoeling, verstuiving)",0nvt,NA,NA,NA,S
(Half-)natuurlijke graslanden,6410,6410_mo,FALSE,Druk14,14 Verlies van aquatische connectiviteit,0nvt,L,11,11,L
(Half-)natuurlijke graslanden,6410,6410_mo,FALSE,Druk15,15 Verlies van terrestrische connectiviteit,0nvt,H,2,2,H
(Half-)natuurlijke graslanden,6410,6410_mo,FALSE,Druk3.1,3.1 Eutrofiëring via de lucht,0nvt,H,3,3,H
(Half-)natuurlijke graslanden,6410,6410_mo,FALSE,Druk3.2,3.2 Eutrofiëring via de bodem,0nvt,M,5,4,H
(Half-)natuurlijke graslanden,6410,6410_mo,FALSE,Druk3.3,3.3 Eutrofiëring via het grondwater,0nvt,M,4,5,M
(Half-)natuurlijke graslanden,6410,6410_mo,FALSE,Druk3.4,3.4 Eutrofiëring via het oppervlaktewater (incl. overstromingswater en afspoeling),0nvt,M,7,7,M
(Half-)natuurlijke graslanden,6410,6410_mo,FALSE,Druk4.1,4.1 Verzuring via de lucht,0nvt,L,9,9,L
(Half-)natuurlijke graslanden,6410,6410_mo,FALSE,Druk4.2,4.2 Verzuring via het grondwater,0nvt,M,6,6,M
(Half-)natuurlijke graslanden,6410,6410_mo,FALSE,Druk5.1,5.1 Verdroging via het grondwater,0nvt,H,1,1,H
(Half-)natuurlijke graslanden,6410,6410_mo,FALSE,Druk5.2,5.2 Vernatting via het grondwater,0nvt,L,9,9,L
(Half-)natuurlijke graslanden,6410,6410_mo,FALSE,Druk61,61 Toename overstromingsduur of -frequentie (incl. getijden),0nvt,L,8,8,L
(Half-)natuurlijke graslanden,6410,6410_mo,FALSE,Druk7.3,7.3 Verzilting via het grondwater,0nvt,NA,NA,NA,S
(Half-)natuurlijke graslanden,6410,6410_mo,FALSE,Druk7.4,7.4 Verzilting via het oppervlaktewater (incl. overstromingswater),0nvt,NA,NA,NA,S
(Half-)natuurlijke graslanden,6410,6410_mo,FALSE,Druk8.1,8.1 Verontreiniging via de lucht,0nvt,L,11,11,L
(Half-)natuurlijke graslanden,6410,6410_mo,FALSE,Druk8.2,8.2 Verontreiniging via de bodem,0nvt,L,11,11,L
(Half-)natuurlijke graslanden,6410,6410_mo,FALSE,Druk8.3,8.3 Verontreiniging via het grondwater,0nvt,L,12,12,L
(Half-)natuurlijke graslanden,6410,6410_mo,FALSE,Druk8.4,8.4 Verontreiniging via het oppervlaktewater (incl. overstromingswater),0nvt,L,10,10,L
(Half-)natuurlijke graslanden,6410,6410_mo,FALSE,Druk8.5,8.5 Thermische verontreiniging: toename temperatuur oppervlaktewater,0nvt,NA,NA,NA,P
(Half-)natuurlijke graslanden,6410,6410_mo,FALSE,Druk9.3,9.3 Beweging en andere visuele verstoring,0nvt,NA,NA,NA,S
(Half-)natuurlijke graslanden,6410,6410_ve,FALSE,Druk11,"11 Aanpassing van de fysische structuur naar een blijvende nieuwe toestand (bodemcompactie, verharding, herprofilering, nieuw substraat, grondverzet, ...)",0nvt,M,4,4,M
(Half-)natuurlijke graslanden,6410,6410_ve,FALSE,Druk12,"12 Toename bodemdynamiek (erosie, omwoeling, verstuiving)",0nvt,NA,NA,NA,S
(Half-)natuurlijke graslanden,6410,6410_ve,FALSE,Druk13,"13 Afname bodemdynamiek (erosie, omwoeling, verstuiving)",0nvt,NA,NA,NA,S
(Half-)natuurlijke graslanden,6410,6410_ve,FALSE,Druk14,14 Verlies van aquatische connectiviteit,0nvt,NA,NA,NA,S
(Half-)natuurlijke graslanden,6410,6410_ve,FALSE,Druk15,15 Verlies van terrestrische connectiviteit,0nvt,H,2,2,H
(Half-)natuurlijke graslanden,6410,6410_ve,FALSE,Druk3.1,3.1 Eutrofiëring via de lucht,0nvt,M,5,5,M
(Half-)natuurlijke graslanden,6410,6410_ve,FALSE,Druk3.2,3.2 Eutrofiëring via de bodem,0nvt,M,5,5,M
(Half-)natuurlijke graslanden,6410,6410_ve,FALSE,Druk3.3,3.3 Eutrofiëring via het grondwater,0nvt,M,6,6,M
(Half-)natuurlijke graslanden,6410,6410_ve,FALSE,Druk3.4,3.4 Eutrofiëring via het oppervlaktewater (incl. overstromingswater en afspoeling),0nvt,H,3,3,H
(Half-)natuurlijke graslanden,6410,6410_ve,FALSE,Druk4.1,4.1 Verzuring via de lucht,0nvt,L,8,10,L
(Half-)natuurlijke graslanden,6410,6410_ve,FALSE,Druk4.2,4.2 Verzuring via het grondwater,0nvt,L,8,7,M
(Half-)natuurlijke graslanden,6410,6410_ve,FALSE,Druk5.1,5.1 Verdroging via het grondwater,0nvt,H,1,1,H
(Half-)natuurlijke graslanden,6410,6410_ve,FALSE,Druk5.2,5.2 Vernatting via het grondwater,0nvt,L,8,10,L
(Half-)natuurlijke graslanden,6410,6410_ve,FALSE,Druk61,61 Toename overstromingsduur of -frequentie (incl. getijden),0nvt,L,7,9,L
(Half-)natuurlijke graslanden,6410,6410_ve,FALSE,Druk7.3,7.3 Verzilting via het grondwater,0nvt,NA,NA,NA,S
(Half-)natuurlijke graslanden,6410,6410_ve,FALSE,Druk7.4,7.4 Verzilting via het oppervlaktewater (incl. overstromingswater),0nvt,NA,NA,NA,S
(Half-)natuurlijke graslanden,6410,6410_ve,FALSE,Druk8.1,8.1 Verontreiniging via de lucht,NA,NA,NA,8,L
(Half-)natuurlijke graslanden,6410,6410_ve,FALSE,Druk8.2,8.2 Verontreiniging via de bodem,NA,NA,NA,8,L
(Half-)natuurlijke graslanden,6410,6410_ve,FALSE,Druk8.3,8.3 Verontreiniging via het grondwater,0nvt,L,9,11,L
(Half-)natuurlijke graslanden,6410,6410_ve,FALSE,Druk8.4,8.4 Verontreiniging via het oppervlaktewater (incl. overstromingswater),0nvt,L,9,11,L
(Half-)natuurlijke graslanden,6410,6410_ve,FALSE,Druk8.5,8.5 Thermische verontreiniging: toename temperatuur oppervlaktewater,0nvt,NA,NA,NA,P
(Half-)natuurlijke graslanden,6410,6410_ve,FALSE,Druk9.3,9.3 Beweging en andere visuele verstoring,0nvt,NA,NA,NA,S
(Half-)natuurlijke graslanden,6430,6430_bz,FALSE,Druk101,101 Klimaatverandering in droge perioden,0nvt,L,5,5,L
(Half-)natuurlijke graslanden,6430,6430_bz,FALSE,Druk102,102 Klimaatverandering in natte perioden,0nvt,L,5,5,L
(Half-)natuurlijke graslanden,6430,6430_bz,FALSE,Druk11,"11 Aanpassing van de fysische structuur naar een blijvende nieuwe toestand (bodemcompactie, verharding, herprofilering, nieuw substraat, grondverzet, ...)",0nvt,M,1,1,M
(Half-)natuurlijke graslanden,6430,6430_bz,FALSE,Druk12,"12 Toename bodemdynamiek (erosie, omwoeling, verstuiving)",0nvt,L,5,5,L
(Half-)natuurlijke graslanden,6430,6430_bz,FALSE,Druk13,"13 Afname bodemdynamiek (erosie, omwoeling, verstuiving)",0nvt,NA,NA,NA,S
(Half-)natuurlijke graslanden,6430,6430_bz,FALSE,Druk14,14 Verlies van aquatische connectiviteit,0nvt,L,6,6,L
(Half-)natuurlijke graslanden,6430,6430_bz,FALSE,Druk15,15 Verlies van terrestrische connectiviteit,0nvt,L,4,4,L
(Half-)natuurlijke graslanden,6430,6430_bz,FALSE,Druk3.1,3.1 Eutrofiëring via de lucht,0nvt,M,2,2,M
(Half-)natuurlijke graslanden,6430,6430_bz,FALSE,Druk3.2,3.2 Eutrofiëring via de bodem,0nvt,L,5,5,L
(Half-)natuurlijke graslanden,6430,6430_bz,FALSE,Druk3.4,3.4 Eutrofiëring via het oppervlaktewater (incl. overstromingswater en afspoeling),0nvt,L,5,5,L
(Half-)natuurlijke graslanden,6430,6430_bz,FALSE,Druk4.1,4.1 Verzuring via de lucht,0nvt,M,3,3,M
(Half-)natuurlijke graslanden,6430,6430_bz,FALSE,Druk4.2,4.2 Verzuring via het grondwater,0nvt,L,5,5,L
(Half-)natuurlijke graslanden,6430,6430_bz,FALSE,Druk4.3,4.3 Verzuring via het oppervlaktewater (incl. overstromingswater),0nvt,L,5,5,L
(Half-)natuurlijke graslanden,6430,6430_bz,FALSE,Druk5.1,5.1 Verdroging via het grondwater,0nvt,L,6,6,L
(Half-)natuurlijke graslanden,6430,6430_bz,FALSE,Druk5.2,5.2 Vernatting via het grondwater,0nvt,L,6,6,L
(Half-)natuurlijke graslanden,6430,6430_bz,FALSE,Druk61,61 Toename overstromingsduur of -frequentie (incl. getijden),0nvt,NA,NA,NA,S
(Half-)natuurlijke graslanden,6430,6430_bz,FALSE,Druk62,62 Afname overstromingsduur of -frequentie (incl. getijden),0nvt,NA,NA,NA,S
(Half-)natuurlijke graslanden,6430,6430_bz,FALSE,Druk7.3,7.3 Verzilting via het grondwater,0nvt,NA,NA,NA,S
(Half-)natuurlijke graslanden,6430,6430_bz,FALSE,Druk7.4,7.4 Verzilting via het oppervlaktewater (incl. overstromingswater),0nvt,NA,NA,NA,S
(Half-)natuurlijke graslanden,6430,6430_bz,FALSE,Druk8.1,8.1 Verontreiniging via de lucht,0nvt,L,6,6,L
(Half-)natuurlijke graslanden,6430,6430_bz,FALSE,Druk8.2,8.2 Verontreiniging via de bodem,0nvt,L,5,5,L
(Half-)natuurlijke graslanden,6430,6430_bz,FALSE,Druk8.3,8.3 Verontreiniging via het grondwater,0nvt,NA,NA,NA,S
(Half-)natuurlijke graslanden,6430,6430_bz,FALSE,Druk8.4,8.4 Verontreiniging via het oppervlaktewater (incl. overstromingswater),0nvt,L,6,6,L
(Half-)natuurlijke graslanden,6430,6430_bz,FALSE,Druk8.5,8.5 Thermische verontreiniging: toename temperatuur oppervlaktewater,0nvt,NA,NA,NA,P
(Half-)natuurlijke graslanden,6430,6430_bz,FALSE,Druk9.3,9.3 Beweging en andere visuele verstoring,0nvt,NA,NA,NA,S
(Half-)natuurlijke graslanden,6430,6430_hf,FALSE,Druk101,101 Klimaatverandering in droge perioden,0nvt,L,12,11,L
(Half-)natuurlijke graslanden,6430,6430_hf,FALSE,Druk102,102 Klimaatverandering in natte perioden,0nvt,L,12,11,L
(Half-)natuurlijke graslanden,6430,6430_hf,FALSE,Druk11,"11 Aanpassing van de fysische structuur naar een blijvende nieuwe toestand (bodemcompactie, verharding, herprofilering, nieuw substraat, grondverzet, ...)",0nvt,H,1,1,H
(Half-)natuurlijke graslanden,6430,6430_hf,FALSE,Druk12,"12 Toename bodemdynamiek (erosie, omwoeling, verstuiving)",0nvt,L,12,11,L
(Half-)natuurlijke graslanden,6430,6430_hf,FALSE,Druk13,"13 Afname bodemdynamiek (erosie, omwoeling, verstuiving)",0nvt,NA,NA,NA,S
(Half-)natuurlijke graslanden,6430,6430_hf,FALSE,Druk14,14 Verlies van aquatische connectiviteit,0nvt,L,7,7,L
(Half-)natuurlijke graslanden,6430,6430_hf,FALSE,Druk15,15 Verlies van terrestrische connectiviteit,0nvt,M,4,4,M
(Half-)natuurlijke graslanden,6430,6430_hf,FALSE,Druk3.2,3.2 Eutrofiëring via de bodem,BEHOUD,M,5,5,M
(Half-)natuurlijke graslanden,6430,6430_hf,FALSE,Druk3.3,3.3 Eutrofiëring via het grondwater,BEHOUD,M,6,6,M
(Half-)natuurlijke graslanden,6430,6430_hf,FALSE,Druk3.4,3.4 Eutrofiëring via het oppervlaktewater (incl. overstromingswater en afspoeling),BEHOUD,H,3,3,H
(Half-)natuurlijke graslanden,6430,6430_hf,FALSE,Druk4.2,4.2 Verzuring via het grondwater,0nvt,L,11,10,L
(Half-)natuurlijke graslanden,6430,6430_hf,FALSE,Druk4.3,4.3 Verzuring via het oppervlaktewater (incl. overstromingswater),0nvt,L,12,11,L
(Half-)natuurlijke graslanden,6430,6430_hf,FALSE,Druk5.1,5.1 Verdroging via het grondwater,0nvt,H,2,2,H
(Half-)natuurlijke graslanden,6430,6430_hf,FALSE,Druk5.2,5.2 Vernatting via het grondwater,0nvt,L,13,12,L
(Half-)natuurlijke graslanden,6430,6430_hf,FALSE,Druk61,61 Toename overstromingsduur of -frequentie (incl. getijden),0nvt,L,9,9,L
(Half-)natuurlijke graslanden,6430,6430_hf,FALSE,Druk62,62 Afname overstromingsduur of -frequentie (incl. getijden),0nvt,NA,NA,NA,S
(Half-)natuurlijke graslanden,6430,6430_hf,FALSE,Druk7.3,7.3 Verzilting via het grondwater,0nvt,NA,NA,NA,S
(Half-)natuurlijke graslanden,6430,6430_hf,FALSE,Druk7.4,7.4 Verzilting via het oppervlaktewater (incl. overstromingswater),0nvt,NA,NA,NA,S
(Half-)natuurlijke graslanden,6430,6430_hf,FALSE,Druk8.1,8.1 Verontreiniging via de lucht,0nvt,L,13,12,L
(Half-)natuurlijke graslanden,6430,6430_hf,FALSE,Druk8.2,8.2 Verontreiniging via de bodem,0nvt,L,12,11,L
(Half-)natuurlijke graslanden,6430,6430_hf,FALSE,Druk8.3,8.3 Verontreiniging via het grondwater,0nvt,L,13,12,L
(Half-)natuurlijke graslanden,6430,6430_hf,FALSE,Druk8.4,8.4 Verontreiniging via het oppervlaktewater (incl. overstromingswater),0nvt,L,8,8,L
(Half-)natuurlijke graslanden,6430,6430_hf,FALSE,Druk8.5,8.5 Thermische verontreiniging: toename temperatuur oppervlaktewater,0nvt,NA,NA,NA,P
(Half-)natuurlijke graslanden,6430,6430_hf,FALSE,Druk9.3,9.3 Beweging en andere visuele verstoring,0nvt,NA,NA,NA,S
(Half-)natuurlijke graslanden,6430,6430_hw,FALSE,Druk11,"11 Aanpassing van de fysische structuur naar een blijvende nieuwe toestand (bodemcompactie, verharding, herprofilering, nieuw substraat, grondverzet, ...)",0nvt,M,6,6,M
(Half-)natuurlijke graslanden,6430,6430_hw,FALSE,Druk12,"12 Toename bodemdynamiek (erosie, omwoeling, verstuiving)",0nvt,M,4,4,M
(Half-)natuurlijke graslanden,6430,6430_hw,FALSE,Druk13,"13 Afname bodemdynamiek (erosie, omwoeling, verstuiving)",0nvt,NA,NA,NA,S
(Half-)natuurlijke graslanden,6430,6430_hw,FALSE,Druk14,14 Verlies van aquatische connectiviteit,0nvt,L,7,8,L
(Half-)natuurlijke graslanden,6430,6430_hw,FALSE,Druk15,15 Verlies van terrestrische connectiviteit,0nvt,NA,NA,NA,S
(Half-)natuurlijke graslanden,6430,6430_hw,FALSE,Druk3.3,3.3 Eutrofiëring via het grondwater,BEHOUD,M,4,4,M
(Half-)natuurlijke graslanden,6430,6430_hw,FALSE,Druk3.4,3.4 Eutrofiëring via het oppervlaktewater (incl. overstromingswater en afspoeling),BEHOUD,H,3,3,H
(Half-)natuurlijke graslanden,6430,6430_hw,FALSE,Druk4.2,4.2 Verzuring via het grondwater,0nvt,NA,NA,NA,P
(Half-)natuurlijke graslanden,6430,6430_hw,FALSE,Druk4.3,4.3 Verzuring via het oppervlaktewater (incl. overstromingswater),0nvt,NA,NA,NA,P
(Half-)natuurlijke graslanden,6430,6430_hw,FALSE,Druk5.1,5.1 Verdroging via het grondwater,0nvt,H,1,1,H
(Half-)natuurlijke graslanden,6430,6430_hw,FALSE,Druk5.2,5.2 Vernatting via het grondwater,0nvt,L,7,8,L
(Half-)natuurlijke graslanden,6430,6430_hw,FALSE,Druk61,61 Toename overstromingsduur of -frequentie (incl. getijden),0nvt,M,5,5,M
(Half-)natuurlijke graslanden,6430,6430_hw,FALSE,Druk62,62 Afname overstromingsduur of -frequentie (incl. getijden),0nvt,H,2,2,H
(Half-)natuurlijke graslanden,6430,6430_hw,FALSE,Druk63,"63 Toename van stroomsnelheid, waterpeil en/of de fluctuatie ervan",0nvt,M,4,4,M
(Half-)natuurlijke graslanden,6430,6430_hw,FALSE,Druk64,"64 Afname van stroomsnelheid, waterpeil en/of de fluctuatie ervan",0nvt,NA,NA,NA,S
(Half-)natuurlijke graslanden,6430,6430_hw,FALSE,Druk65,65  Toename golfslagwerking,0nvt,L,8,9,L
(Half-)natuurlijke graslanden,6430,6430_hw,FALSE,Druk66,66  Afname golfslagwerking,0nvt,NA,NA,NA,S
(Half-)natuurlijke graslanden,6430,6430_hw,FALSE,Druk7.3,7.3 Verzilting via het grondwater,0nvt,NA,NA,NA,S
(Half-)natuurlijke graslanden,6430,6430_hw,FALSE,Druk7.4,7.4 Verzilting via het oppervlaktewater (incl. overstromingswater),0nvt,L,8,9,L
(Half-)natuurlijke graslanden,6430,6430_hw,FALSE,Druk8.1,8.1 Verontreiniging via de lucht,0nvt,NA,NA,NA,S
(Half-)natuurlijke graslanden,6430,6430_hw,FALSE,Druk8.2,8.2 Verontreiniging via de bodem,0nvt,NA,NA,NA,S
(Half-)natuurlijke graslanden,6430,6430_hw,FALSE,Druk8.3,8.3 Verontreiniging via het grondwater,NA,NA,NA,7,L
(Half-)natuurlijke graslanden,6430,6430_hw,FALSE,Druk8.4,8.4 Verontreiniging via het oppervlaktewater (incl. overstromingswater),NA,NA,NA,7,L
(Half-)natuurlijke graslanden,6430,6430_hw,FALSE,Druk8.5,8.5 Thermische verontreiniging: toename temperatuur oppervlaktewater,0nvt,NA,NA,NA,P
(Half-)natuurlijke graslanden,6430,6430_hw,FALSE,Druk9.3,9.3 Beweging en andere visuele verstoring,0nvt,NA,NA,NA,S
(Half-)natuurlijke graslanden,6430,6430_mr,FALSE,Druk11,"11 Aanpassing van de fysische structuur naar een blijvende nieuwe toestand (bodemcompactie, verharding, herprofilering, nieuw substraat, grondverzet, ...)",0nvt,M,5,5,M
(Half-)natuurlijke graslanden,6430,6430_mr,FALSE,Druk12,"12 Toename bodemdynamiek (erosie, omwoeling, verstuiving)",0nvt,H,3,3,H
(Half-)natuurlijke graslanden,6430,6430_mr,FALSE,Druk13,"13 Afname bodemdynamiek (erosie, omwoeling, verstuiving)",0nvt,NA,NA,NA,S
(Half-)natuurlijke graslanden,6430,6430_mr,FALSE,Druk14,14 Verlies van aquatische connectiviteit,0nvt,NA,NA,NA,S
(Half-)natuurlijke graslanden,6430,6430_mr,FALSE,Druk15,15 Verlies van terrestrische connectiviteit,0nvt,NA,NA,NA,S
(Half-)natuurlijke graslanden,6430,6430_mr,FALSE,Druk3.4,3.4 Eutrofiëring via het oppervlaktewater (incl. overstromingswater en afspoeling),BEHOUD,M,5,5,M
(Half-)natuurlijke graslanden,6430,6430_mr,FALSE,Druk4.2,4.2 Verzuring via het grondwater,0nvt,NA,NA,NA,P
(Half-)natuurlijke graslanden,6430,6430_mr,FALSE,Druk4.3,4.3 Verzuring via het oppervlaktewater (incl. overstromingswater),0nvt,NA,NA,NA,P
(Half-)natuurlijke graslanden,6430,6430_mr,FALSE,Druk5.1,5.1 Verdroging via het grondwater,0nvt,H,2,2,H
(Half-)natuurlijke graslanden,6430,6430_mr,FALSE,Druk5.2,5.2 Vernatting via het grondwater,0nvt,M,5,5,M
(Half-)natuurlijke graslanden,6430,6430_mr,FALSE,Druk61,61 Toename overstromingsduur of -frequentie (incl. getijden),0nvt,H,4,4,H
(Half-)natuurlijke graslanden,6430,6430_mr,FALSE,Druk62,62 Afname overstromingsduur of -frequentie (incl. getijden),0nvt,H,1,1,H
(Half-)natuurlijke graslanden,6430,6430_mr,FALSE,Druk63,"63 Toename van stroomsnelheid, waterpeil en/of de fluctuatie ervan",0nvt,H,3,3,H
(Half-)natuurlijke graslanden,6430,6430_mr,FALSE,Druk64,"64 Afname van stroomsnelheid, waterpeil en/of de fluctuatie ervan",0nvt,NA,NA,NA,S
(Half-)natuurlijke graslanden,6430,6430_mr,FALSE,Druk65,65  Toename golfslagwerking,0nvt,L,6,6,L
(Half-)natuurlijke graslanden,6430,6430_mr,FALSE,Druk66,66  Afname golfslagwerking,0nvt,NA,NA,NA,S
(Half-)natuurlijke graslanden,6430,6430_mr,FALSE,Druk7.3,7.3 Verzilting via het grondwater,0nvt,NA,NA,NA,S
(Half-)natuurlijke graslanden,6430,6430_mr,FALSE,Druk7.4,7.4 Verzilting via het oppervlaktewater (incl. overstromingswater),0nvt,L,6,6,L
(Half-)natuurlijke graslanden,6430,6430_mr,FALSE,Druk8.1,8.1 Verontreiniging via de lucht,0nvt,NA,NA,NA,S
(Half-)natuurlijke graslanden,6430,6430_mr,FALSE,Druk8.2,8.2 Verontreiniging via de bodem,0nvt,NA,NA,NA,S
(Half-)natuurlijke graslanden,6430,6430_mr,FALSE,Druk8.3,8.3 Verontreiniging via het grondwater,0nvt,NA,NA,NA,S
(Half-)natuurlijke graslanden,6430,6430_mr,FALSE,Druk8.4,8.4 Verontreiniging via het oppervlaktewater (incl. overstromingswater),0nvt,NA,NA,NA,S
(Half-)natuurlijke graslanden,6430,6430_mr,FALSE,Druk8.5,8.5 Thermische verontreiniging: toename temperatuur oppervlaktewater,0nvt,NA,NA,NA,P
(Half-)natuurlijke graslanden,6430,6430_mr,FALSE,Druk9.3,9.3 Beweging en andere visuele verstoring,0nvt,NA,NA,NA,S
(Half-)natuurlijke graslanden,6510,6510_hu,FALSE,Druk102,102 Klimaatverandering in natte perioden,0nvt,L,8,8,L
(Half-)natuurlijke graslanden,6510,6510_hu,FALSE,Druk11,"11 Aanpassing van de fysische structuur naar een blijvende nieuwe toestand (bodemcompactie, verharding, herprofilering, nieuw substraat, grondverzet, ...)",0nvt,H,2,2,H
(Half-)natuurlijke graslanden,6510,6510_hu,FALSE,Druk12,"12 Toename bodemdynamiek (erosie, omwoeling, verstuiving)",0nvt,NA,NA,NA,S
(Half-)natuurlijke graslanden,6510,6510_hu,FALSE,Druk13,"13 Afname bodemdynamiek (erosie, omwoeling, verstuiving)",0nvt,NA,NA,NA,S
(Half-)natuurlijke graslanden,6510,6510_hu,FALSE,Druk14,14 Verlies van aquatische connectiviteit,0nvt,NA,NA,NA,S
(Half-)natuurlijke graslanden,6510,6510_hu,FALSE,Druk15,15 Verlies van terrestrische connectiviteit,0nvt,M,3,3,M
(Half-)natuurlijke graslanden,6510,6510_hu,FALSE,Druk3.1,3.1 Eutrofiëring via de lucht,0nvt,M,3,3,M
(Half-)natuurlijke graslanden,6510,6510_hu,FALSE,Druk3.2,3.2 Eutrofiëring via de bodem,0nvt,H,1,1,H
(Half-)natuurlijke graslanden,6510,6510_hu,FALSE,Druk3.3,3.3 Eutrofiëring via het grondwater,0nvt,L,8,8,L
(Half-)natuurlijke graslanden,6510,6510_hu,FALSE,Druk3.4,3.4 Eutrofiëring via het oppervlaktewater (incl. overstromingswater en afspoeling),0nvt,L,7,7,L
(Half-)natuurlijke graslanden,6510,6510_hu,FALSE,Druk4.1,4.1 Verzuring via de lucht,0nvt,L,6,6,L
(Half-)natuurlijke graslanden,6510,6510_hu,FALSE,Druk4.2,4.2 Verzuring via het grondwater,0nvt,NA,NA,NA,P
(Half-)natuurlijke graslanden,6510,6510_hu,FALSE,Druk4.3,4.3 Verzuring via het oppervlaktewater (incl. overstromingswater),0nvt,NA,NA,NA,P
(Half-)natuurlijke graslanden,6510,6510_hu,FALSE,Druk5.2,5.2 Vernatting via het grondwater,0nvt,NA,NA,NA,S
(Half-)natuurlijke graslanden,6510,6510_hu,FALSE,Druk61,61 Toename overstromingsduur of -frequentie (incl. getijden),0nvt,L,4,4,L
(Half-)natuurlijke graslanden,6510,6510_hu,FALSE,Druk7.3,7.3 Verzilting via het grondwater,0nvt,NA,NA,NA,S
(Half-)natuurlijke graslanden,6510,6510_hu,FALSE,Druk7.4,7.4 Verzilting via het oppervlaktewater (incl. overstromingswater),0nvt,NA,NA,NA,S
(Half-)natuurlijke graslanden,6510,6510_hu,FALSE,Druk8.1,8.1 Verontreiniging via de lucht,0nvt,L,5,5,L
(Half-)natuurlijke graslanden,6510,6510_hu,FALSE,Druk8.2,8.2 Verontreiniging via de bodem,0nvt,L,6,6,L
(Half-)natuurlijke graslanden,6510,6510_hu,FALSE,Druk8.3,8.3 Verontreiniging via het grondwater,0nvt,L,8,8,L
(Half-)natuurlijke graslanden,6510,6510_hu,FALSE,Druk8.4,8.4 Verontreiniging via het oppervlaktewater (incl. overstromingswater),0nvt,L,8,8,L
(Half-)natuurlijke graslanden,6510,6510_hu,FALSE,Druk8.5,8.5 Thermische verontreiniging: toename temperatuur oppervlaktewater,0nvt,NA,NA,NA,P
(Half-)natuurlijke graslanden,6510,6510_hu,FALSE,Druk9.3,9.3 Beweging en andere visuele verstoring,0nvt,NA,NA,NA,S
(Half-)natuurlijke graslanden,6510,6510_hua,FALSE,Druk101,101 Klimaatverandering in droge perioden,0nvt,L,11,12,L
(Half-)natuurlijke graslanden,6510,6510_hua,FALSE,Druk102,102 Klimaatverandering in natte perioden,0nvt,L,13,14,L
(Half-)natuurlijke graslanden,6510,6510_hua,FALSE,Druk11,"11 Aanpassing van de fysische structuur naar een blijvende nieuwe toestand (bodemcompactie, verharding, herprofilering, nieuw substraat, grondverzet, ...)",0nvt,M,6,6,M
(Half-)natuurlijke graslanden,6510,6510_hua,FALSE,Druk12,"12 Toename bodemdynamiek (erosie, omwoeling, verstuiving)",0nvt,NA,NA,NA,S
(Half-)natuurlijke graslanden,6510,6510_hua,FALSE,Druk13,"13 Afname bodemdynamiek (erosie, omwoeling, verstuiving)",0nvt,NA,NA,NA,S
(Half-)natuurlijke graslanden,6510,6510_hua,FALSE,Druk14,14 Verlies van aquatische connectiviteit,0nvt,L,11,12,L
(Half-)natuurlijke graslanden,6510,6510_hua,FALSE,Druk15,15 Verlies van terrestrische connectiviteit,0nvt,H,2,2,H
(Half-)natuurlijke graslanden,6510,6510_hua,FALSE,Druk3.1,3.1 Eutrofiëring via de lucht,0nvt,M,7,7,M
(Half-)natuurlijke graslanden,6510,6510_hua,FALSE,Druk3.2,3.2 Eutrofiëring via de bodem,0nvt,H,4,4,H
(Half-)natuurlijke graslanden,6510,6510_hua,FALSE,Druk3.3,3.3 Eutrofiëring via het grondwater,0nvt,L,10,8,M
(Half-)natuurlijke graslanden,6510,6510_hua,FALSE,Druk3.4,3.4 Eutrofiëring via het oppervlaktewater (incl. overstromingswater en afspoeling),0nvt,H,1,1,H
(Half-)natuurlijke graslanden,6510,6510_hua,FALSE,Druk4.1,4.1 Verzuring via de lucht,0nvt,L,12,13,L
(Half-)natuurlijke graslanden,6510,6510_hua,FALSE,Druk4.2,4.2 Verzuring via het grondwater,0nvt,L,11,12,L
(Half-)natuurlijke graslanden,6510,6510_hua,FALSE,Druk4.3,4.3 Verzuring via het oppervlaktewater (incl. overstromingswater),0nvt,NA,NA,NA,S
(Half-)natuurlijke graslanden,6510,6510_hua,FALSE,Druk5.1,5.1 Verdroging via het grondwater,0nvt,H,3,3,H
(Half-)natuurlijke graslanden,6510,6510_hua,FALSE,Druk5.2,5.2 Vernatting via het grondwater,0nvt,L,12,13,L
(Half-)natuurlijke graslanden,6510,6510_hua,FALSE,Druk61,61 Toename overstromingsduur of -frequentie (incl. getijden),0nvt,M,7,7,M
(Half-)natuurlijke graslanden,6510,6510_hua,FALSE,Druk62,62 Afname overstromingsduur of -frequentie (incl. getijden),0nvt,L,8,9,L
(Half-)natuurlijke graslanden,6510,6510_hua,FALSE,Druk63,"63 Toename van stroomsnelheid, waterpeil en/of de fluctuatie ervan",0nvt,L,9,10,L
(Half-)natuurlijke graslanden,6510,6510_hua,FALSE,Druk7.3,7.3 Verzilting via het grondwater,0nvt,NA,NA,NA,S
(Half-)natuurlijke graslanden,6510,6510_hua,FALSE,Druk7.4,7.4 Verzilting via het oppervlaktewater (incl. overstromingswater),0nvt,NA,NA,NA,S
(Half-)natuurlijke graslanden,6510,6510_hua,FALSE,Druk8.1,8.1 Verontreiniging via de lucht,0nvt,L,11,12,L
(Half-)natuurlijke graslanden,6510,6510_hua,FALSE,Druk8.2,8.2 Verontreiniging via de bodem,0nvt,L,12,13,L
(Half-)natuurlijke graslanden,6510,6510_hua,FALSE,Druk8.3,8.3 Verontreiniging via het grondwater,0nvt,L,10,11,L
(Half-)natuurlijke graslanden,6510,6510_hua,FALSE,Druk8.4,8.4 Verontreiniging via het oppervlaktewater (incl. overstromingswater),0nvt,M,5,5,M
(Half-)natuurlijke graslanden,6510,6510_hua,FALSE,Druk8.5,8.5 Thermische verontreiniging: toename temperatuur oppervlaktewater,0nvt,NA,NA,NA,P
(Half-)natuurlijke graslanden,6510,6510_hua,FALSE,Druk9.3,9.3 Beweging en andere visuele verstoring,0nvt,NA,NA,NA,S
(Half-)natuurlijke graslanden,6510,6510_huk,FALSE,Druk101,101 Klimaatverandering in droge perioden,0nvt,L,7,8,L
(Half-)natuurlijke graslanden,6510,6510_huk,FALSE,Druk102,102 Klimaatverandering in natte perioden,0nvt,L,7,8,L
(Half-)natuurlijke graslanden,6510,6510_huk,FALSE,Druk11,"11 Aanpassing van de fysische structuur naar een blijvende nieuwe toestand (bodemcompactie, verharding, herprofilering, nieuw substraat, grondverzet, ...)",0nvt,H,4,4,H
(Half-)natuurlijke graslanden,6510,6510_huk,FALSE,Druk12,"12 Toename bodemdynamiek (erosie, omwoeling, verstuiving)",0nvt,L,7,8,L
(Half-)natuurlijke graslanden,6510,6510_huk,FALSE,Druk13,"13 Afname bodemdynamiek (erosie, omwoeling, verstuiving)",0nvt,NA,NA,NA,S
(Half-)natuurlijke graslanden,6510,6510_huk,FALSE,Druk14,14 Verlies van aquatische connectiviteit,0nvt,NA,NA,NA,S
(Half-)natuurlijke graslanden,6510,6510_huk,FALSE,Druk15,15 Verlies van terrestrische connectiviteit,0nvt,H,1,1,H
(Half-)natuurlijke graslanden,6510,6510_huk,FALSE,Druk3.1,3.1 Eutrofiëring via de lucht,0nvt,H,3,3,H
(Half-)natuurlijke graslanden,6510,6510_huk,FALSE,Druk3.2,3.2 Eutrofiëring via de bodem,0nvt,H,2,2,H
(Half-)natuurlijke graslanden,6510,6510_huk,FALSE,Druk3.4,3.4 Eutrofiëring via het oppervlaktewater (incl. overstromingswater en afspoeling),0nvt,L,5,5,M
(Half-)natuurlijke graslanden,6510,6510_huk,FALSE,Druk4.1,4.1 Verzuring via de lucht,0nvt,L,6,7,L
(Half-)natuurlijke graslanden,6510,6510_huk,FALSE,Druk4.3,4.3 Verzuring via het oppervlaktewater (incl. overstromingswater),0nvt,L,7,8,L
(Half-)natuurlijke graslanden,6510,6510_huk,FALSE,Druk5.2,5.2 Vernatting via het grondwater,0nvt,NA,NA,NA,S
(Half-)natuurlijke graslanden,6510,6510_huk,FALSE,Druk61,61 Toename overstromingsduur of -frequentie (incl. getijden),0nvt,NA,NA,NA,S
(Half-)natuurlijke graslanden,6510,6510_huk,FALSE,Druk7.4,7.4 Verzilting via het oppervlaktewater (incl. overstromingswater),0nvt,NA,NA,NA,S
(Half-)natuurlijke graslanden,6510,6510_huk,FALSE,Druk8.1,8.1 Verontreiniging via de lucht,0nvt,L,6,7,L
(Half-)natuurlijke graslanden,6510,6510_huk,FALSE,Druk8.2,8.2 Verontreiniging via de bodem,0nvt,L,7,8,L
(Half-)natuurlijke graslanden,6510,6510_huk,FALSE,Druk8.4,8.4 Verontreiniging via het oppervlaktewater (incl. overstromingswater),NA,NA,NA,6,M
(Half-)natuurlijke graslanden,6510,6510_huk,FALSE,Druk8.5,8.5 Thermische verontreiniging: toename temperatuur oppervlaktewater,0nvt,NA,NA,NA,P
(Half-)natuurlijke graslanden,6510,6510_huk,FALSE,Druk9.3,9.3 Beweging en andere visuele verstoring,0nvt,NA,NA,NA,S
(Half-)natuurlijke graslanden,6510,6510_hus,FALSE,Druk101,101 Klimaatverandering in droge perioden,0nvt,L,11,12,L
(Half-)natuurlijke graslanden,6510,6510_hus,FALSE,Druk102,102 Klimaatverandering in natte perioden,0nvt,L,11,12,L
(Half-)natuurlijke graslanden,6510,6510_hus,FALSE,Druk11,"11 Aanpassing van de fysische structuur naar een blijvende nieuwe toestand (bodemcompactie, verharding, herprofilering, nieuw substraat, grondverzet, ...)",0nvt,M,5,5,M
(Half-)natuurlijke graslanden,6510,6510_hus,FALSE,Druk12,"12 Toename bodemdynamiek (erosie, omwoeling, verstuiving)",0nvt,NA,NA,NA,S
(Half-)natuurlijke graslanden,6510,6510_hus,FALSE,Druk13,"13 Afname bodemdynamiek (erosie, omwoeling, verstuiving)",0nvt,NA,NA,NA,S
(Half-)natuurlijke graslanden,6510,6510_hus,FALSE,Druk14,14 Verlies van aquatische connectiviteit,0nvt,NA,NA,NA,S
(Half-)natuurlijke graslanden,6510,6510_hus,FALSE,Druk15,15 Verlies van terrestrische connectiviteit,0nvt,H,1,1,H
(Half-)natuurlijke graslanden,6510,6510_hus,FALSE,Druk3.1,3.1 Eutrofiëring via de lucht,0nvt,M,6,6,M
(Half-)natuurlijke graslanden,6510,6510_hus,FALSE,Druk3.2,3.2 Eutrofiëring via de bodem,0nvt,H,2,2,H
(Half-)natuurlijke graslanden,6510,6510_hus,FALSE,Druk3.3,3.3 Eutrofiëring via het grondwater,0nvt,L,8,8,M
(Half-)natuurlijke graslanden,6510,6510_hus,FALSE,Druk3.4,3.4 Eutrofiëring via het oppervlaktewater (incl. overstromingswater en afspoeling),0nvt,H,4,4,H
(Half-)natuurlijke graslanden,6510,6510_hus,FALSE,Druk4.1,4.1 Verzuring via de lucht,0nvt,L,10,11,L
(Half-)natuurlijke graslanden,6510,6510_hus,FALSE,Druk4.2,4.2 Verzuring via het grondwater,0nvt,L,10,11,L
(Half-)natuurlijke graslanden,6510,6510_hus,FALSE,Druk4.3,4.3 Verzuring via het oppervlaktewater (incl. overstromingswater),0nvt,L,11,12,L
(Half-)natuurlijke graslanden,6510,6510_hus,FALSE,Druk5.1,5.1 Verdroging via het grondwater,0nvt,H,3,3,H
(Half-)natuurlijke graslanden,6510,6510_hus,FALSE,Druk5.2,5.2 Vernatting via het grondwater,0nvt,L,10,11,L
(Half-)natuurlijke graslanden,6510,6510_hus,FALSE,Druk61,61 Toename overstromingsduur of -frequentie (incl. getijden),0nvt,M,7,7,M
(Half-)natuurlijke graslanden,6510,6510_hus,FALSE,Druk62,62 Afname overstromingsduur of -frequentie (incl. getijden),0nvt,L,11,12,L
(Half-)natuurlijke graslanden,6510,6510_hus,FALSE,Druk7.3,7.3 Verzilting via het grondwater,0nvt,NA,NA,NA,S
(Half-)natuurlijke graslanden,6510,6510_hus,FALSE,Druk7.4,7.4 Verzilting via het oppervlaktewater (incl. overstromingswater),0nvt,NA,NA,NA,S
(Half-)natuurlijke graslanden,6510,6510_hus,FALSE,Druk8.1,8.1 Verontreiniging via de lucht,0nvt,L,9,10,L
(Half-)natuurlijke graslanden,6510,6510_hus,FALSE,Druk8.2,8.2 Verontreiniging via de bodem,0nvt,L,10,11,L
(Half-)natuurlijke graslanden,6510,6510_hus,FALSE,Druk8.3,8.3 Verontreiniging via het grondwater,0nvt,L,10,11,L
(Half-)natuurlijke graslanden,6510,6510_hus,FALSE,Druk8.4,8.4 Verontreiniging via het oppervlaktewater (incl. overstromingswater),0nvt,L,9,9,M
(Half-)natuurlijke graslanden,6510,6510_hus,FALSE,Druk8.5,8.5 Thermische verontreiniging: toename temperatuur oppervlaktewater,0nvt,NA,NA,NA,P
(Half-)natuurlijke graslanden,6510,6510_hus,FALSE,Druk9.3,9.3 Beweging en andere visuele verstoring,0nvt,NA,NA,NA,S
Moerassen,7140,7140_base,FALSE,Druk101,101 Klimaatverandering in droge perioden,0nvt,L,5,4,M
Moerassen,7140,7140_base,FALSE,Druk11,"11 Aanpassing van de fysische structuur naar een blijvende nieuwe toestand (bodemcompactie, verharding, herprofilering, nieuw substraat, grondverzet, ...)",0nvt,L,5,7,L
Moerassen,7140,7140_base,FALSE,Druk12,"12 Toename bodemdynamiek (erosie, omwoeling, verstuiving)",0nvt,NA,NA,NA,S
Moerassen,7140,7140_base,FALSE,Druk13,"13 Afname bodemdynamiek (erosie, omwoeling, verstuiving)",0nvt,NA,NA,NA,S
Moerassen,7140,7140_base,FALSE,Druk14,14 Verlies van aquatische connectiviteit,0nvt,L,6,8,L
Moerassen,7140,7140_base,FALSE,Druk15,15 Verlies van terrestrische connectiviteit,0nvt,H,1,1,H
Moerassen,7140,7140_base,FALSE,Druk3.1,3.1 Eutrofiëring via de lucht,0nvt,H,2,2,M
Moerassen,7140,7140_base,FALSE,Druk3.2,3.2 Eutrofiëring via de bodem,0nvt,L,5,7,L
Moerassen,7140,7140_base,FALSE,Druk3.3,3.3 Eutrofiëring via het grondwater,0nvt,M,3,3,M
Moerassen,7140,7140_base,FALSE,Druk3.4,3.4 Eutrofiëring via het oppervlaktewater (incl. overstromingswater en afspoeling),0nvt,L,4,6,L
Moerassen,7140,7140_base,FALSE,Druk4.1,4.1 Verzuring via de lucht,0nvt,NA,NA,NA,S
Moerassen,7140,7140_base,FALSE,Druk4.2,4.2 Verzuring via het grondwater,0nvt,NA,NA,NA,S
Moerassen,7140,7140_base,FALSE,Druk4.3,4.3 Verzuring via het oppervlaktewater (incl. overstromingswater),0nvt,NA,NA,NA,S
Moerassen,7140,7140_base,FALSE,Druk5.1,5.1 Verdroging via het grondwater,0nvt,H,1,5,L
Moerassen,7140,7140_base,FALSE,Druk5.2,5.2 Vernatting via het grondwater,0nvt,NA,NA,NA,S
Moerassen,7140,7140_base,FALSE,Druk61,61 Toename overstromingsduur of -frequentie (incl. getijden),0nvt,L,5,7,L
Moerassen,7140,7140_base,FALSE,Druk62,62 Afname overstromingsduur of -frequentie (incl. getijden),0nvt,NA,NA,NA,S
Moerassen,7140,7140_base,FALSE,Druk65,65  Toename golfslagwerking,0nvt,L,6,8,L
Moerassen,7140,7140_base,FALSE,Druk7.3,7.3 Verzilting via het grondwater,0nvt,NA,NA,NA,S
Moerassen,7140,7140_base,FALSE,Druk7.4,7.4 Verzilting via het oppervlaktewater (incl. overstromingswater),0nvt,NA,NA,NA,S
Moerassen,7140,7140_base,FALSE,Druk8.1,8.1 Verontreiniging via de lucht,0nvt,L,4,6,L
Moerassen,7140,7140_base,FALSE,Druk8.2,8.2 Verontreiniging via de bodem,0nvt,NA,NA,NA,S
Moerassen,7140,7140_base,FALSE,Druk8.3,8.3 Verontreiniging via het grondwater,0nvt,L,5,7,L
Moerassen,7140,7140_base,FALSE,Druk8.4,8.4 Verontreiniging via het oppervlaktewater (incl. overstromingswater),0nvt,L,4,6,L
Moerassen,7140,7140_base,FALSE,Druk8.5,8.5 Thermische verontreiniging: toename temperatuur oppervlaktewater,0nvt,NA,NA,NA,P
Moerassen,7140,7140_base,FALSE,Druk9.3,9.3 Beweging en andere visuele verstoring,0nvt,NA,NA,NA,S
Moerassen,7140,7140_meso,FALSE,Druk101,101 Klimaatverandering in droge perioden,0nvt,M,8,7,M
Moerassen,7140,7140_meso,FALSE,Druk11,"11 Aanpassing van de fysische structuur naar een blijvende nieuwe toestand (bodemcompactie, verharding, herprofilering, nieuw substraat, grondverzet, ...)",0nvt,NA,NA,NA,S
Moerassen,7140,7140_meso,FALSE,Druk12,"12 Toename bodemdynamiek (erosie, omwoeling, verstuiving)",0nvt,NA,NA,NA,S
Moerassen,7140,7140_meso,FALSE,Druk13,"13 Afname bodemdynamiek (erosie, omwoeling, verstuiving)",0nvt,NA,NA,NA,S
Moerassen,7140,7140_meso,FALSE,Druk14,14 Verlies van aquatische connectiviteit,0nvt,L,13,12,L
Moerassen,7140,7140_meso,FALSE,Druk15,15 Verlies van terrestrische connectiviteit,0nvt,H,3,5,M
Moerassen,7140,7140_meso,FALSE,Druk3.1,3.1 Eutrofiëring via de lucht,0nvt,H,4,6,M
Moerassen,7140,7140_meso,FALSE,Druk3.2,3.2 Eutrofiëring via de bodem,0nvt,L,11,10,L
Moerassen,7140,7140_meso,FALSE,Druk3.3,3.3 Eutrofiëring via het grondwater,0nvt,H,2,4,M
Moerassen,7140,7140_meso,FALSE,Druk3.4,3.4 Eutrofiëring via het oppervlaktewater (incl. overstromingswater en afspoeling),0nvt,M,6,3,H
Moerassen,7140,7140_meso,FALSE,Druk4.1,4.1 Verzuring via de lucht,0nvt,M,7,8,L
Moerassen,7140,7140_meso,FALSE,Druk4.2,4.2 Verzuring via het grondwater,0nvt,L,12,11,L
Moerassen,7140,7140_meso,FALSE,Druk4.3,4.3 Verzuring via het oppervlaktewater (incl. overstromingswater),0nvt,NA,NA,NA,S
Moerassen,7140,7140_meso,FALSE,Druk5.1,5.1 Verdroging via het grondwater,0nvt,H,1,1,H
Moerassen,7140,7140_meso,FALSE,Druk5.2,5.2 Vernatting via het grondwater,0nvt,NA,NA,NA,S
Moerassen,7140,7140_meso,FALSE,Druk61,61 Toename overstromingsduur of -frequentie (incl. getijden),0nvt,M,5,2,H
Moerassen,7140,7140_meso,FALSE,Druk62,62 Afname overstromingsduur of -frequentie (incl. getijden),0nvt,NA,NA,NA,S
Moerassen,7140,7140_meso,FALSE,Druk65,65  Toename golfslagwerking,0nvt,L,13,12,L
Moerassen,7140,7140_meso,FALSE,Druk7.3,7.3 Verzilting via het grondwater,0nvt,NA,NA,NA,S
Moerassen,7140,7140_meso,FALSE,Druk7.4,7.4 Verzilting via het oppervlaktewater (incl. overstromingswater),0nvt,NA,NA,NA,S
Moerassen,7140,7140_meso,FALSE,Druk8.1,8.1 Verontreiniging via de lucht,0nvt,L,10,9,L
Moerassen,7140,7140_meso,FALSE,Druk8.2,8.2 Verontreiniging via de bodem,0nvt,NA,NA,NA,S
Moerassen,7140,7140_meso,FALSE,Druk8.3,8.3 Verontreiniging via het grondwater,0nvt,L,10,9,L
Moerassen,7140,7140_meso,FALSE,Druk8.4,8.4 Verontreiniging via het oppervlaktewater (incl. overstromingswater),0nvt,L,12,11,L
Moerassen,7140,7140_meso,FALSE,Druk8.5,8.5 Thermische verontreiniging: toename temperatuur oppervlaktewater,0nvt,NA,NA,NA,P
Moerassen,7140,7140_meso,FALSE,Druk9.3,9.3 Beweging en andere visuele verstoring,0nvt,NA,NA,NA,S
Moerassen,7140,7140_mrd,FALSE,Druk101,101 Klimaatverandering in droge perioden,0nvt,L,13,9,M
Moerassen,7140,7140_mrd,FALSE,Druk11,"11 Aanpassing van de fysische structuur naar een blijvende nieuwe toestand (bodemcompactie, verharding, herprofilering, nieuw substraat, grondverzet, ...)",0nvt,M,6,4,M
Moerassen,7140,7140_mrd,FALSE,Druk12,"12 Toename bodemdynamiek (erosie, omwoeling, verstuiving)",0nvt,NA,NA,NA,S
Moerassen,7140,7140_mrd,FALSE,Druk13,"13 Afname bodemdynamiek (erosie, omwoeling, verstuiving)",0nvt,NA,NA,NA,S
Moerassen,7140,7140_mrd,FALSE,Druk14,14 Verlies van aquatische connectiviteit,0nvt,M,9,7,M
Moerassen,7140,7140_mrd,FALSE,Druk15,15 Verlies van terrestrische connectiviteit,0nvt,M,4,3,M
Moerassen,7140,7140_mrd,FALSE,Druk3.1,3.1 Eutrofiëring via de lucht,0nvt,M,7,5,M
Moerassen,7140,7140_mrd,FALSE,Druk3.2,3.2 Eutrofiëring via de bodem,0nvt,M,10,8,M
Moerassen,7140,7140_mrd,FALSE,Druk3.3,3.3 Eutrofiëring via het grondwater,0nvt,L,11,10,L
Moerassen,7140,7140_mrd,FALSE,Druk3.4,3.4 Eutrofiëring via het oppervlaktewater (incl. overstromingswater en afspoeling),0nvt,H,1,1,H
Moerassen,7140,7140_mrd,FALSE,Druk4.1,4.1 Verzuring via de lucht,0nvt,L,12,11,L
Moerassen,7140,7140_mrd,FALSE,Druk4.2,4.2 Verzuring via het grondwater,0nvt,NA,NA,NA,S
Moerassen,7140,7140_mrd,FALSE,Druk4.3,4.3 Verzuring via het oppervlaktewater (incl. overstromingswater),0nvt,NA,NA,NA,S
Moerassen,7140,7140_mrd,FALSE,Druk5.1,5.1 Verdroging via het grondwater,0nvt,L,11,10,L
Moerassen,7140,7140_mrd,FALSE,Druk5.2,5.2 Vernatting via het grondwater,0nvt,NA,NA,NA,S
Moerassen,7140,7140_mrd,FALSE,Druk61,61 Toename overstromingsduur of -frequentie (incl. getijden),0nvt,H,3,2,H
Moerassen,7140,7140_mrd,FALSE,Druk62,62 Afname overstromingsduur of -frequentie (incl. getijden),0nvt,NA,NA,NA,S
Moerassen,7140,7140_mrd,FALSE,Druk63,"63 Toename van stroomsnelheid, waterpeil en/of de fluctuatie ervan",0nvt,NA,NA,NA,S
Moerassen,7140,7140_mrd,FALSE,Druk64,"64 Afname van stroomsnelheid, waterpeil en/of de fluctuatie ervan",0nvt,NA,NA,NA,S
Moerassen,7140,7140_mrd,FALSE,Druk65,65  Toename golfslagwerking,0nvt,L,12,11,L
Moerassen,7140,7140_mrd,FALSE,Druk66,66  Afname golfslagwerking,0nvt,NA,NA,NA,S
Moerassen,7140,7140_mrd,FALSE,Druk7.3,7.3 Verzilting via het grondwater,0nvt,L,13,12,L
Moerassen,7140,7140_mrd,FALSE,Druk7.4,7.4 Verzilting via het oppervlaktewater (incl. overstromingswater),0nvt,L,14,13,L
Moerassen,7140,7140_mrd,FALSE,Druk8.1,8.1 Verontreiniging via de lucht,0nvt,L,11,10,L
Moerassen,7140,7140_mrd,FALSE,Druk8.2,8.2 Verontreiniging via de bodem,0nvt,L,14,13,L
Moerassen,7140,7140_mrd,FALSE,Druk8.3,8.3 Verontreiniging via het grondwater,0nvt,L,13,12,L
Moerassen,7140,7140_mrd,FALSE,Druk8.4,8.4 Verontreiniging via het oppervlaktewater (incl. overstromingswater),0nvt,M,8,6,M
Moerassen,7140,7140_mrd,FALSE,Druk8.5,8.5 Thermische verontreiniging: toename temperatuur oppervlaktewater,0nvt,NA,NA,NA,P
Moerassen,7140,7140_mrd,FALSE,Druk9.3,9.3 Beweging en andere visuele verstoring,0nvt,NA,NA,NA,S
Moerassen,7140,7140_oli,FALSE,Druk101,101 Klimaatverandering in droge perioden,0nvt,M,5,5,M
Moerassen,7140,7140_oli,FALSE,Druk11,"11 Aanpassing van de fysische structuur naar een blijvende nieuwe toestand (bodemcompactie, verharding, herprofilering, nieuw substraat, grondverzet, ...)",0nvt,L,9,9,L
Moerassen,7140,7140_oli,FALSE,Druk12,"12 Toename bodemdynamiek (erosie, omwoeling, verstuiving)",0nvt,NA,NA,NA,S
Moerassen,7140,7140_oli,FALSE,Druk13,"13 Afname bodemdynamiek (erosie, omwoeling, verstuiving)",0nvt,NA,NA,NA,S
Moerassen,7140,7140_oli,FALSE,Druk14,14 Verlies van aquatische connectiviteit,0nvt,L,10,10,L
Moerassen,7140,7140_oli,FALSE,Druk15,15 Verlies van terrestrische connectiviteit,0nvt,H,3,3,M
Moerassen,7140,7140_oli,FALSE,Druk3.1,3.1 Eutrofiëring via de lucht,0nvt,H,2,2,M
Moerassen,7140,7140_oli,FALSE,Druk3.2,3.2 Eutrofiëring via de bodem,0nvt,L,8,8,L
Moerassen,7140,7140_oli,FALSE,Druk3.3,3.3 Eutrofiëring via het grondwater,0nvt,M,4,4,M
Moerassen,7140,7140_oli,FALSE,Druk3.4,3.4 Eutrofiëring via het oppervlaktewater (incl. overstromingswater en afspoeling),0nvt,L,7,7,L
Moerassen,7140,7140_oli,FALSE,Druk4.1,4.1 Verzuring via de lucht,0nvt,L,6,6,L
Moerassen,7140,7140_oli,FALSE,Druk4.2,4.2 Verzuring via het grondwater,0nvt,L,9,9,L
Moerassen,7140,7140_oli,FALSE,Druk5.1,5.1 Verdroging via het grondwater,0nvt,H,1,1,H
Moerassen,7140,7140_oli,FALSE,Druk5.2,5.2 Vernatting via het grondwater,0nvt,NA,NA,NA,S
Moerassen,7140,7140_oli,FALSE,Druk61,61 Toename overstromingsduur of -frequentie (incl. getijden),0nvt,NA,NA,NA,S
Moerassen,7140,7140_oli,FALSE,Druk62,62 Afname overstromingsduur of -frequentie (incl. getijden),0nvt,NA,NA,NA,S
Moerassen,7140,7140_oli,FALSE,Druk63,"63 Toename van stroomsnelheid, waterpeil en/of de fluctuatie ervan",0nvt,L,9,9,L
Moerassen,7140,7140_oli,FALSE,Druk64,"64 Afname van stroomsnelheid, waterpeil en/of de fluctuatie ervan",0nvt,L,9,9,L
Moerassen,7140,7140_oli,FALSE,Druk7.3,7.3 Verzilting via het grondwater,0nvt,NA,NA,NA,S
Moerassen,7140,7140_oli,FALSE,Druk7.4,7.4 Verzilting via het oppervlaktewater (incl. overstromingswater),0nvt,NA,NA,NA,S
Moerassen,7140,7140_oli,FALSE,Druk8.1,8.1 Verontreiniging via de lucht,0nvt,L,7,7,L
Moerassen,7140,7140_oli,FALSE,Druk8.2,8.2 Verontreiniging via de bodem,0nvt,NA,NA,NA,S
Moerassen,7140,7140_oli,FALSE,Druk8.3,8.3 Verontreiniging via het grondwater,0nvt,L,7,7,L
Moerassen,7140,7140_oli,FALSE,Druk8.4,8.4 Verontreiniging via het oppervlaktewater (incl. overstromingswater),0nvt,NA,NA,NA,S
Moerassen,7140,7140_oli,FALSE,Druk8.5,8.5 Thermische verontreiniging: toename temperatuur oppervlaktewater,0nvt,NA,NA,NA,P
Moerassen,7140,7140_oli,FALSE,Druk9.3,9.3 Beweging en andere visuele verstoring,0nvt,NA,NA,NA,S
Moerassen,7150,7150,TRUE,Druk101,101 Klimaatverandering in droge perioden,NA,NA,NA,4,M
Moerassen,7150,7150,TRUE,Druk11,"11 Aanpassing van de fysische structuur naar een blijvende nieuwe toestand (bodemcompactie, verharding, herprofilering, nieuw substraat, grondverzet, ...)",0nvt,L,5,6,L
Moerassen,7150,7150,TRUE,Druk12,"12 Toename bodemdynamiek (erosie, omwoeling, verstuiving)",0nvt,NA,NA,NA,S
Moerassen,7150,7150,TRUE,Druk13,"13 Afname bodemdynamiek (erosie, omwoeling, verstuiving)",0nvt,NA,NA,NA,S
Moerassen,7150,7150,TRUE,Druk14,14 Verlies van aquatische connectiviteit,0nvt,NA,NA,NA,S
Moerassen,7150,7150,TRUE,Druk15,15 Verlies van terrestrische connectiviteit,0nvt,L,4,5,L
Moerassen,7150,7150,TRUE,Druk3.1,3.1 Eutrofiëring via de lucht,0nvt,H,2,2,H
Moerassen,7150,7150,TRUE,Druk3.2,3.2 Eutrofiëring via de bodem,0nvt,L,5,6,L
Moerassen,7150,7150,TRUE,Druk3.3,3.3 Eutrofiëring via het grondwater,0nvt,L,6,7,L
Moerassen,7150,7150,TRUE,Druk3.4,3.4 Eutrofiëring via het oppervlaktewater (incl. overstromingswater en afspoeling),0nvt,M,3,3,M
Moerassen,7150,7150,TRUE,Druk4.1,4.1 Verzuring via de lucht,0nvt,L,7,8,L
Moerassen,7150,7150,TRUE,Druk5.1,5.1 Verdroging via het grondwater,0nvt,H,1,1,H
Moerassen,7150,7150,TRUE,Druk5.2,5.2 Vernatting via het grondwater,0nvt,L,7,8,L
Moerassen,7150,7150,TRUE,Druk61,61 Toename overstromingsduur of -frequentie (incl. getijden),0nvt,NA,NA,NA,S
Moerassen,7150,7150,TRUE,Druk62,62 Afname overstromingsduur of -frequentie (incl. getijden),0nvt,NA,NA,NA,S
Moerassen,7150,7150,TRUE,Druk7.3,7.3 Verzilting via het grondwater,0nvt,NA,NA,NA,S
Moerassen,7150,7150,TRUE,Druk7.4,7.4 Verzilting via het oppervlaktewater (incl. overstromingswater),0nvt,NA,NA,NA,S
Moerassen,7150,7150,TRUE,Druk8.1,8.1 Verontreiniging via de lucht,0nvt,L,5,6,L
Moerassen,7150,7150,TRUE,Druk8.2,8.2 Verontreiniging via de bodem,0nvt,NA,NA,NA,S
Moerassen,7150,7150,TRUE,Druk8.3,8.3 Verontreiniging via het grondwater,0nvt,L,7,8,L
Moerassen,7150,7150,TRUE,Druk8.4,8.4 Verontreiniging via het oppervlaktewater (incl. overstromingswater),0nvt,NA,NA,NA,S
Moerassen,7150,7150,TRUE,Druk8.5,8.5 Thermische verontreiniging: toename temperatuur oppervlaktewater,0nvt,NA,NA,NA,P
Moerassen,7150,7150,TRUE,Druk9.3,9.3 Beweging en andere visuele verstoring,0nvt,NA,NA,NA,S
Moerassen,7210,7210,TRUE,Druk101,101 Klimaatverandering in droge perioden,0nvt,L,7,9,L
Moerassen,7210,7210,TRUE,Druk11,"11 Aanpassing van de fysische structuur naar een blijvende nieuwe toestand (bodemcompactie, verharding, herprofilering, nieuw substraat, grondverzet, ...)",0nvt,M,4,4,M
Moerassen,7210,7210,TRUE,Druk12,"12 Toename bodemdynamiek (erosie, omwoeling, verstuiving)",0nvt,NA,NA,NA,S
Moerassen,7210,7210,TRUE,Druk13,"13 Afname bodemdynamiek (erosie, omwoeling, verstuiving)",0nvt,NA,NA,NA,S
Moerassen,7210,7210,TRUE,Druk14,14 Verlies van aquatische connectiviteit,0nvt,L,8,10,L
Moerassen,7210,7210,TRUE,Druk15,15 Verlies van terrestrische connectiviteit,0nvt,M,3,3,M
Moerassen,7210,7210,TRUE,Druk3.1,3.1 Eutrofiëring via de lucht,0nvt,L,6,6,M
Moerassen,7210,7210,TRUE,Druk3.2,3.2 Eutrofiëring via de bodem,0nvt,L,7,9,L
Moerassen,7210,7210,TRUE,Druk3.3,3.3 Eutrofiëring via het grondwater,0nvt,M,2,2,M
Moerassen,7210,7210,TRUE,Druk3.4,3.4 Eutrofiëring via het oppervlaktewater (incl. overstromingswater en afspoeling),0nvt,H,1,1,H
Moerassen,7210,7210,TRUE,Druk4.2,4.2 Verzuring via het grondwater,0nvt,L,8,10,L
Moerassen,7210,7210,TRUE,Druk4.3,4.3 Verzuring via het oppervlaktewater (incl. overstromingswater),0nvt,NA,NA,NA,S
Moerassen,7210,7210,TRUE,Druk5.1,5.1 Verdroging via het grondwater,0nvt,H,1,7,L
Moerassen,7210,7210,TRUE,Druk61,61 Toename overstromingsduur of -frequentie (incl. getijden),0nvt,NA,NA,NA,S
Moerassen,7210,7210,TRUE,Druk62,62 Afname overstromingsduur of -frequentie (incl. getijden),0nvt,NA,NA,NA,S
Moerassen,7210,7210,TRUE,Druk63,"63 Toename van stroomsnelheid, waterpeil en/of de fluctuatie ervan",0nvt,NA,NA,NA,S
Moerassen,7210,7210,TRUE,Druk64,"64 Afname van stroomsnelheid, waterpeil en/of de fluctuatie ervan",0nvt,L,5,5,M
Moerassen,7210,7210,TRUE,Druk65,65  Toename golfslagwerking,0nvt,NA,NA,NA,S
Moerassen,7210,7210,TRUE,Druk66,66  Afname golfslagwerking,0nvt,NA,NA,NA,S
Moerassen,7210,7210,TRUE,Druk7.3,7.3 Verzilting via het grondwater,0nvt,NA,NA,NA,S
Moerassen,7210,7210,TRUE,Druk7.4,7.4 Verzilting via het oppervlaktewater (incl. overstromingswater),0nvt,NA,NA,NA,S
Moerassen,7210,7210,TRUE,Druk8.1,8.1 Verontreiniging via de lucht,0nvt,L,6,8,L
Moerassen,7210,7210,TRUE,Druk8.2,8.2 Verontreiniging via de bodem,0nvt,NA,NA,NA,S
Moerassen,7210,7210,TRUE,Druk8.3,8.3 Verontreiniging via het grondwater,0nvt,L,6,8,L
Moerassen,7210,7210,TRUE,Druk8.4,8.4 Verontreiniging via het oppervlaktewater (incl. overstromingswater),0nvt,M,4,4,M
Moerassen,7210,7210,TRUE,Druk8.5,8.5 Thermische verontreiniging: toename temperatuur oppervlaktewater,0nvt,NA,NA,NA,P
Moerassen,7210,7210,TRUE,Druk9.3,9.3 Beweging en andere visuele verstoring,0nvt,NA,NA,NA,S
Moerassen,7220,7220,TRUE,Druk11,"11 Aanpassing van de fysische structuur naar een blijvende nieuwe toestand (bodemcompactie, verharding, herprofilering, nieuw substraat, grondverzet, ...)",0nvt,M,4,4,M
Moerassen,7220,7220,TRUE,Druk12,"12 Toename bodemdynamiek (erosie, omwoeling, verstuiving)",0nvt,L,5,7,L
Moerassen,7220,7220,TRUE,Druk13,"13 Afname bodemdynamiek (erosie, omwoeling, verstuiving)",0nvt,NA,NA,NA,S
Moerassen,7220,7220,TRUE,Druk14,14 Verlies van aquatische connectiviteit,0nvt,M,4,4,M
Moerassen,7220,7220,TRUE,Druk15,15 Verlies van terrestrische connectiviteit,0nvt,NA,NA,NA,S
Moerassen,7220,7220,TRUE,Druk3.1,3.1 Eutrofiëring via de lucht,0nvt,L,5,7,L
Moerassen,7220,7220,TRUE,Druk3.2,3.2 Eutrofiëring via de bodem,0nvt,NA,NA,NA,S
Moerassen,7220,7220,TRUE,Druk3.3,3.3 Eutrofiëring via het grondwater,0nvt,H,2,2,H
Moerassen,7220,7220,TRUE,Druk3.4,3.4 Eutrofiëring via het oppervlaktewater (incl. overstromingswater en afspoeling),0nvt,M,4,6,L
Moerassen,7220,7220,TRUE,Druk4.2,4.2 Verzuring via het grondwater,0nvt,NA,NA,NA,S
Moerassen,7220,7220,TRUE,Druk4.3,4.3 Verzuring via het oppervlaktewater (incl. overstromingswater),0nvt,NA,NA,NA,S
Moerassen,7220,7220,TRUE,Druk5.1,5.1 Verdroging via het grondwater,0nvt,H,1,1,H
Moerassen,7220,7220,TRUE,Druk5.2,5.2 Vernatting via het grondwater,0nvt,NA,NA,NA,S
Moerassen,7220,7220,TRUE,Druk63,"63 Toename van stroomsnelheid, waterpeil en/of de fluctuatie ervan",0nvt,L,5,7,L
Moerassen,7220,7220,TRUE,Druk64,"64 Afname van stroomsnelheid, waterpeil en/of de fluctuatie ervan",0nvt,H,3,3,H
Moerassen,7220,7220,TRUE,Druk65,65  Toename golfslagwerking,0nvt,NA,NA,NA,S
Moerassen,7220,7220,TRUE,Druk66,66  Afname golfslagwerking,0nvt,NA,NA,NA,S
Moerassen,7220,7220,TRUE,Druk7.3,7.3 Verzilting via het grondwater,0nvt,NA,NA,NA,S
Moerassen,7220,7220,TRUE,Druk7.4,7.4 Verzilting via het oppervlaktewater (incl. overstromingswater),0nvt,NA,NA,NA,S
Moerassen,7220,7220,TRUE,Druk8.1,8.1 Verontreiniging via de lucht,0nvt,NA,NA,NA,S
Moerassen,7220,7220,TRUE,Druk8.2,8.2 Verontreiniging via de bodem,0nvt,NA,NA,NA,S
Moerassen,7220,7220,TRUE,Druk8.3,8.3 Verontreiniging via het grondwater,NA,NA,NA,5,L
Moerassen,7220,7220,TRUE,Druk8.4,8.4 Verontreiniging via het oppervlaktewater (incl. overstromingswater),0nvt,NA,NA,NA,S
Moerassen,7220,7220,TRUE,Druk8.5,8.5 Thermische verontreiniging: toename temperatuur oppervlaktewater,0nvt,NA,NA,NA,P
Moerassen,7220,7220,TRUE,Druk9.3,9.3 Beweging en andere visuele verstoring,0nvt,NA,NA,NA,S
Moerassen,7230,7230,TRUE,Druk101,101 Klimaatverandering in droge perioden,0nvt,L,6,5,L
Moerassen,7230,7230,TRUE,Druk102,102 Klimaatverandering in natte perioden,0nvt,L,7,6,L
Moerassen,7230,7230,TRUE,Druk11,"11 Aanpassing van de fysische structuur naar een blijvende nieuwe toestand (bodemcompactie, verharding, herprofilering, nieuw substraat, grondverzet, ...)",0nvt,NA,NA,NA,S
Moerassen,7230,7230,TRUE,Druk12,"12 Toename bodemdynamiek (erosie, omwoeling, verstuiving)",0nvt,L,7,6,L
Moerassen,7230,7230,TRUE,Druk13,"13 Afname bodemdynamiek (erosie, omwoeling, verstuiving)",0nvt,NA,NA,NA,S
Moerassen,7230,7230,TRUE,Druk14,14 Verlies van aquatische connectiviteit,0nvt,NA,NA,NA,S
Moerassen,7230,7230,TRUE,Druk15,15 Verlies van terrestrische connectiviteit,0nvt,H,3,3,M
Moerassen,7230,7230,TRUE,Druk3.1,3.1 Eutrofiëring via de lucht,0nvt,M,4,4,M
Moerassen,7230,7230,TRUE,Druk3.2,3.2 Eutrofiëring via de bodem,0nvt,L,6,5,L
Moerassen,7230,7230,TRUE,Druk3.3,3.3 Eutrofiëring via het grondwater,0nvt,H,1,1,H
Moerassen,7230,7230,TRUE,Druk3.4,3.4 Eutrofiëring via het oppervlaktewater (incl. overstromingswater en afspoeling),0nvt,L,6,5,L
Moerassen,7230,7230,TRUE,Druk4.1,4.1 Verzuring via de lucht,0nvt,L,7,7,L
Moerassen,7230,7230,TRUE,Druk4.2,4.2 Verzuring via het grondwater,0nvt,L,7,6,L
Moerassen,7230,7230,TRUE,Druk4.3,4.3 Verzuring via het oppervlaktewater (incl. overstromingswater),0nvt,L,7,6,L
Moerassen,7230,7230,TRUE,Druk5.1,5.1 Verdroging via het grondwater,0nvt,H,2,2,M
Moerassen,7230,7230,TRUE,Druk5.2,5.2 Vernatting via het grondwater,0nvt,L,6,5,L
Moerassen,7230,7230,TRUE,Druk61,61 Toename overstromingsduur of -frequentie (incl. getijden),0nvt,L,7,6,L
Moerassen,7230,7230,TRUE,Druk7.3,7.3 Verzilting via het grondwater,0nvt,NA,NA,NA,S
Moerassen,7230,7230,TRUE,Druk7.4,7.4 Verzilting via het oppervlaktewater (incl. overstromingswater),0nvt,NA,NA,NA,S
Moerassen,7230,7230,TRUE,Druk8.1,8.1 Verontreiniging via de lucht,0nvt,M,4,4,M
Moerassen,7230,7230,TRUE,Druk8.2,8.2 Verontreiniging via de bodem,0nvt,L,7,6,L
Moerassen,7230,7230,TRUE,Druk8.3,8.3 Verontreiniging via het grondwater,0nvt,L,6,5,L
Moerassen,7230,7230,TRUE,Druk8.4,8.4 Verontreiniging via het oppervlaktewater (incl. overstromingswater),0nvt,L,6,5,L
Moerassen,7230,7230,TRUE,Druk8.5,8.5 Thermische verontreiniging: toename temperatuur oppervlaktewater,0nvt,NA,NA,NA,P
Moerassen,7230,7230,TRUE,Druk9.3,9.3 Beweging en andere visuele verstoring,0nvt,NA,NA,NA,S
Rotsachtige habitats en grotten,8310,8310,TRUE,Druk101,101 Klimaatverandering in droge perioden,0nvt,M,5,5,M
Rotsachtige habitats en grotten,8310,8310,TRUE,Druk102,102 Klimaatverandering in natte perioden,0nvt,M,5,5,M
Rotsachtige habitats en grotten,8310,8310,TRUE,Druk11,"11 Aanpassing van de fysische structuur naar een blijvende nieuwe toestand (bodemcompactie, verharding, herprofilering, nieuw substraat, grondverzet, ...)",0nvt,H,1,1,H
Rotsachtige habitats en grotten,8310,8310,TRUE,Druk12,"12 Toename bodemdynamiek (erosie, omwoeling, verstuiving)",0nvt,L,9,8,L
Rotsachtige habitats en grotten,8310,8310,TRUE,Druk13,"13 Afname bodemdynamiek (erosie, omwoeling, verstuiving)",0nvt,NA,NA,NA,S
Rotsachtige habitats en grotten,8310,8310,TRUE,Druk14,14 Verlies van aquatische connectiviteit,0nvt,L,9,8,L
Rotsachtige habitats en grotten,8310,8310,TRUE,Druk15,15 Verlies van terrestrische connectiviteit,0nvt,H,3,3,H
Rotsachtige habitats en grotten,8310,8310,TRUE,Druk5.1,5.1 Verdroging via het grondwater,0nvt,M,6,6,M
Rotsachtige habitats en grotten,8310,8310,TRUE,Druk61,61 Toename overstromingsduur of -frequentie (incl. getijden),0nvt,NA,NA,NA,S
Rotsachtige habitats en grotten,8310,8310,TRUE,Druk8.1,8.1 Verontreiniging via de lucht,0nvt,L,9,8,L
Rotsachtige habitats en grotten,8310,8310,TRUE,Druk8.2,8.2 Verontreiniging via de bodem,0nvt,L,7,7,L
Rotsachtige habitats en grotten,8310,8310,TRUE,Druk8.3,8.3 Verontreiniging via het grondwater,0nvt,L,7,7,L
Rotsachtige habitats en grotten,8310,8310,TRUE,Druk9.1,9.1 Geluid en trillingen,0nvt,H,3,3,H
Rotsachtige habitats en grotten,8310,8310,TRUE,Druk9.2,9.2 Licht en straling,0nvt,H,2,2,H
Rotsachtige habitats en grotten,8310,8310,TRUE,Druk9.3,9.3 Beweging en andere visuele verstoring,0nvt,M,4,4,M
Bossen en struwelen,9110,9110,TRUE,Druk101,101 Klimaatverandering in droge perioden,0nvt,M,4,4,M
Bossen en struwelen,9110,9110,TRUE,Druk102,102 Klimaatverandering in natte perioden,0nvt,L,5,5,L
Bossen en struwelen,9110,9110,TRUE,Druk11,"11 Aanpassing van de fysische structuur naar een blijvende nieuwe toestand (bodemcompactie, verharding, herprofilering, nieuw substraat, grondverzet, ...)",0nvt,M,4,4,M
Bossen en struwelen,9110,9110,TRUE,Druk12,"12 Toename bodemdynamiek (erosie, omwoeling, verstuiving)",0nvt,NA,NA,NA,S
Bossen en struwelen,9110,9110,TRUE,Druk13,"13 Afname bodemdynamiek (erosie, omwoeling, verstuiving)",0nvt,NA,NA,NA,S
Bossen en struwelen,9110,9110,TRUE,Druk14,14 Verlies van aquatische connectiviteit,0nvt,NA,NA,NA,S
Bossen en struwelen,9110,9110,TRUE,Druk15,15 Verlies van terrestrische connectiviteit,0nvt,H,3,3,H
Bossen en struwelen,9110,9110,TRUE,Druk3.1,3.1 Eutrofiëring via de lucht,0nvt,H,2,2,H
Bossen en struwelen,9110,9110,TRUE,Druk3.2,3.2 Eutrofiëring via de bodem,0nvt,NA,NA,NA,S
Bossen en struwelen,9110,9110,TRUE,Druk3.4,3.4 Eutrofiëring via het oppervlaktewater (incl. overstromingswater en afspoeling),0nvt,NA,NA,NA,S
Bossen en struwelen,9110,9110,TRUE,Druk4.1,4.1 Verzuring via de lucht,BEHOUD,H,1,1,H
Bossen en struwelen,9110,9110,TRUE,Druk4.3,4.3 Verzuring via het oppervlaktewater (incl. overstromingswater),0nvt,NA,NA,NA,S
Bossen en struwelen,9110,9110,TRUE,Druk5.2,5.2 Vernatting via het grondwater,0nvt,L,5,5,L
Bossen en struwelen,9110,9110,TRUE,Druk61,61 Toename overstromingsduur of -frequentie (incl. getijden),0nvt,NA,NA,NA,S
Bossen en struwelen,9110,9110,TRUE,Druk7.4,7.4 Verzilting via het oppervlaktewater (incl. overstromingswater),0nvt,NA,NA,NA,S
Bossen en struwelen,9110,9110,TRUE,Druk8.1,8.1 Verontreiniging via de lucht,0nvt,NA,NA,NA,S
Bossen en struwelen,9110,9110,TRUE,Druk8.2,8.2 Verontreiniging via de bodem,0nvt,NA,NA,NA,S
Bossen en struwelen,9110,9110,TRUE,Druk8.4,8.4 Verontreiniging via het oppervlaktewater (incl. overstromingswater),0nvt,NA,NA,NA,S
Bossen en struwelen,9110,9110,TRUE,Druk8.5,8.5 Thermische verontreiniging: toename temperatuur oppervlaktewater,0nvt,NA,NA,NA,P
Bossen en struwelen,9110,9110,TRUE,Druk9.3,9.3 Beweging en andere visuele verstoring,0nvt,NA,NA,NA,S
Bossen en struwelen,9120,9120,TRUE,Druk101,101 Klimaatverandering in droge perioden,0nvt,M,4,4,M
Bossen en struwelen,9120,9120,TRUE,Druk102,102 Klimaatverandering in natte perioden,0nvt,L,5,6,L
Bossen en struwelen,9120,9120,TRUE,Druk11,"11 Aanpassing van de fysische structuur naar een blijvende nieuwe toestand (bodemcompactie, verharding, herprofilering, nieuw substraat, grondverzet, ...)",0nvt,M,4,4,M
Bossen en struwelen,9120,9120,TRUE,Druk12,"12 Toename bodemdynamiek (erosie, omwoeling, verstuiving)",0nvt,NA,NA,NA,S
Bossen en struwelen,9120,9120,TRUE,Druk13,"13 Afname bodemdynamiek (erosie, omwoeling, verstuiving)",0nvt,NA,NA,NA,S
Bossen en struwelen,9120,9120,TRUE,Druk14,14 Verlies van aquatische connectiviteit,0nvt,NA,NA,NA,S
Bossen en struwelen,9120,9120,TRUE,Druk15,15 Verlies van terrestrische connectiviteit,0nvt,H,3,3,H
Bossen en struwelen,9120,9120,TRUE,Druk3.1,3.1 Eutrofiëring via de lucht,0nvt,H,2,2,H
Bossen en struwelen,9120,9120,TRUE,Druk3.2,3.2 Eutrofiëring via de bodem,0nvt,NA,NA,NA,S
Bossen en struwelen,9120,9120,TRUE,Druk3.3,3.3 Eutrofiëring via het grondwater,0nvt,NA,NA,NA,S
Bossen en struwelen,9120,9120,TRUE,Druk3.4,3.4 Eutrofiëring via het oppervlaktewater (incl. overstromingswater en afspoeling),0nvt,NA,NA,NA,S
Bossen en struwelen,9120,9120,TRUE,Druk4.1,4.1 Verzuring via de lucht,0nvt,H,1,1,H
Bossen en struwelen,9120,9120,TRUE,Druk4.2,4.2 Verzuring via het grondwater,0nvt,NA,NA,NA,S
Bossen en struwelen,9120,9120,TRUE,Druk4.3,4.3 Verzuring via het oppervlaktewater (incl. overstromingswater),0nvt,NA,NA,NA,S
Bossen en struwelen,9120,9120,TRUE,Druk5.2,5.2 Vernatting via het grondwater,0nvt,L,5,5,M
Bossen en struwelen,9120,9120,TRUE,Druk61,61 Toename overstromingsduur of -frequentie (incl. getijden),0nvt,NA,NA,NA,S
Bossen en struwelen,9120,9120,TRUE,Druk7.3,7.3 Verzilting via het grondwater,0nvt,NA,NA,NA,S
Bossen en struwelen,9120,9120,TRUE,Druk7.4,7.4 Verzilting via het oppervlaktewater (incl. overstromingswater),0nvt,NA,NA,NA,S
Bossen en struwelen,9120,9120,TRUE,Druk8.1,8.1 Verontreiniging via de lucht,0nvt,NA,NA,NA,S
Bossen en struwelen,9120,9120,TRUE,Druk8.2,8.2 Verontreiniging via de bodem,0nvt,NA,NA,NA,S
Bossen en struwelen,9120,9120,TRUE,Druk8.3,8.3 Verontreiniging via het grondwater,0nvt,NA,NA,NA,S
Bossen en struwelen,9120,9120,TRUE,Druk8.4,8.4 Verontreiniging via het oppervlaktewater (incl. overstromingswater),0nvt,NA,NA,NA,S
Bossen en struwelen,9120,9120,TRUE,Druk8.5,8.5 Thermische verontreiniging: toename temperatuur oppervlaktewater,0nvt,NA,NA,NA,P
Bossen en struwelen,9120,9120,TRUE,Druk9.3,9.3 Beweging en andere visuele verstoring,0nvt,NA,NA,NA,S
Bossen en struwelen,9130,9130_end,TRUE,Druk101,101 Klimaatverandering in droge perioden,0nvt,M,4,4,M
Bossen en struwelen,9130,9130_end,TRUE,Druk102,102 Klimaatverandering in natte perioden,0nvt,L,5,5,L
Bossen en struwelen,9130,9130_end,TRUE,Druk11,"11 Aanpassing van de fysische structuur naar een blijvende nieuwe toestand (bodemcompactie, verharding, herprofilering, nieuw substraat, grondverzet, ...)",0nvt,M,4,4,M
Bossen en struwelen,9130,9130_end,TRUE,Druk12,"12 Toename bodemdynamiek (erosie, omwoeling, verstuiving)",0nvt,NA,NA,NA,S
Bossen en struwelen,9130,9130_end,TRUE,Druk13,"13 Afname bodemdynamiek (erosie, omwoeling, verstuiving)",0nvt,NA,NA,NA,S
Bossen en struwelen,9130,9130_end,TRUE,Druk14,14 Verlies van aquatische connectiviteit,0nvt,NA,NA,NA,S
Bossen en struwelen,9130,9130_end,TRUE,Druk15,15 Verlies van terrestrische connectiviteit,0nvt,H,3,3,H
Bossen en struwelen,9130,9130_end,TRUE,Druk3.1,3.1 Eutrofiëring via de lucht,0nvt,H,2,2,H
Bossen en struwelen,9130,9130_end,TRUE,Druk3.2,3.2 Eutrofiëring via de bodem,0nvt,NA,NA,NA,S
Bossen en struwelen,9130,9130_end,TRUE,Druk3.3,3.3 Eutrofiëring via het grondwater,0nvt,M,4,4,M
Bossen en struwelen,9130,9130_end,TRUE,Druk3.4,3.4 Eutrofiëring via het oppervlaktewater (incl. overstromingswater en afspoeling),0nvt,L,5,5,L
Bossen en struwelen,9130,9130_end,TRUE,Druk4.1,4.1 Verzuring via de lucht,0nvt,H,1,1,H
Bossen en struwelen,9130,9130_end,TRUE,Druk4.2,4.2 Verzuring via het grondwater,0nvt,NA,NA,NA,S
Bossen en struwelen,9130,9130_end,TRUE,Druk5.1,5.1 Verdroging via het grondwater,0nvt,L,5,5,L
Bossen en struwelen,9130,9130_end,TRUE,Druk5.2,5.2 Vernatting via het grondwater,0nvt,NA,NA,NA,S
Bossen en struwelen,9130,9130_end,TRUE,Druk61,61 Toename overstromingsduur of -frequentie (incl. getijden),0nvt,NA,NA,NA,S
Bossen en struwelen,9130,9130_end,TRUE,Druk7.3,7.3 Verzilting via het grondwater,0nvt,NA,NA,NA,S
Bossen en struwelen,9130,9130_end,TRUE,Druk7.4,7.4 Verzilting via het oppervlaktewater (incl. overstromingswater),0nvt,NA,NA,NA,S
Bossen en struwelen,9130,9130_end,TRUE,Druk8.1,8.1 Verontreiniging via de lucht,0nvt,NA,NA,NA,S
Bossen en struwelen,9130,9130_end,TRUE,Druk8.2,8.2 Verontreiniging via de bodem,0nvt,NA,NA,NA,S
Bossen en struwelen,9130,9130_end,TRUE,Druk8.3,8.3 Verontreiniging via het grondwater,0nvt,NA,NA,NA,S
Bossen en struwelen,9130,9130_end,TRUE,Druk8.4,8.4 Verontreiniging via het oppervlaktewater (incl. overstromingswater),0nvt,NA,NA,NA,S
Bossen en struwelen,9130,9130_end,TRUE,Druk8.5,8.5 Thermische verontreiniging: toename temperatuur oppervlaktewater,0nvt,NA,NA,NA,P
Bossen en struwelen,9130,9130_end,TRUE,Druk9.1,9.1 Geluid en trillingen,0nvt,NA,NA,NA,P
Bossen en struwelen,9130,9130_end,TRUE,Druk9.2,9.2 Licht en straling,0nvt,NA,NA,NA,P
Bossen en struwelen,9130,9130_end,TRUE,Druk9.3,9.3 Beweging en andere visuele verstoring,0nvt,NA,NA,NA,S
Bossen en struwelen,9130,9130_fm,TRUE,Druk101,101 Klimaatverandering in droge perioden,0nvt,M,4,4,M
Bossen en struwelen,9130,9130_fm,TRUE,Druk102,102 Klimaatverandering in natte perioden,0nvt,L,5,5,L
Bossen en struwelen,9130,9130_fm,TRUE,Druk11,"11 Aanpassing van de fysische structuur naar een blijvende nieuwe toestand (bodemcompactie, verharding, herprofilering, nieuw substraat, grondverzet, ...)",0nvt,M,4,4,M
Bossen en struwelen,9130,9130_fm,TRUE,Druk12,"12 Toename bodemdynamiek (erosie, omwoeling, verstuiving)",0nvt,NA,NA,NA,S
Bossen en struwelen,9130,9130_fm,TRUE,Druk13,"13 Afname bodemdynamiek (erosie, omwoeling, verstuiving)",0nvt,NA,NA,NA,S
Bossen en struwelen,9130,9130_fm,TRUE,Druk14,14 Verlies van aquatische connectiviteit,0nvt,NA,NA,NA,S
Bossen en struwelen,9130,9130_fm,TRUE,Druk15,15 Verlies van terrestrische connectiviteit,0nvt,H,3,3,H
Bossen en struwelen,9130,9130_fm,TRUE,Druk3.1,3.1 Eutrofiëring via de lucht,0nvt,H,2,2,H
Bossen en struwelen,9130,9130_fm,TRUE,Druk3.2,3.2 Eutrofiëring via de bodem,0nvt,NA,NA,NA,S
Bossen en struwelen,9130,9130_fm,TRUE,Druk3.3,3.3 Eutrofiëring via het grondwater,0nvt,M,4,4,M
Bossen en struwelen,9130,9130_fm,TRUE,Druk3.4,3.4 Eutrofiëring via het oppervlaktewater (incl. overstromingswater en afspoeling),0nvt,L,5,5,L
Bossen en struwelen,9130,9130_fm,TRUE,Druk4.1,4.1 Verzuring via de lucht,0nvt,H,1,1,H
Bossen en struwelen,9130,9130_fm,TRUE,Druk4.2,4.2 Verzuring via het grondwater,0nvt,NA,NA,NA,S
Bossen en struwelen,9130,9130_fm,TRUE,Druk5.1,5.1 Verdroging via het grondwater,0nvt,L,5,5,L
Bossen en struwelen,9130,9130_fm,TRUE,Druk5.2,5.2 Vernatting via het grondwater,0nvt,NA,NA,NA,S
Bossen en struwelen,9130,9130_fm,TRUE,Druk61,61 Toename overstromingsduur of -frequentie (incl. getijden),0nvt,NA,NA,NA,S
Bossen en struwelen,9130,9130_fm,TRUE,Druk7.3,7.3 Verzilting via het grondwater,0nvt,NA,NA,NA,S
Bossen en struwelen,9130,9130_fm,TRUE,Druk7.4,7.4 Verzilting via het oppervlaktewater (incl. overstromingswater),0nvt,NA,NA,NA,S
Bossen en struwelen,9130,9130_fm,TRUE,Druk8.1,8.1 Verontreiniging via de lucht,0nvt,NA,NA,NA,S
Bossen en struwelen,9130,9130_fm,TRUE,Druk8.2,8.2 Verontreiniging via de bodem,0nvt,NA,NA,NA,S
Bossen en struwelen,9130,9130_fm,TRUE,Druk8.3,8.3 Verontreiniging via het grondwater,0nvt,NA,NA,NA,S
Bossen en struwelen,9130,9130_fm,TRUE,Druk8.4,8.4 Verontreiniging via het oppervlaktewater (incl. overstromingswater),0nvt,NA,NA,NA,S
Bossen en struwelen,9130,9130_fm,TRUE,Druk8.5,8.5 Thermische verontreiniging: toename temperatuur oppervlaktewater,0nvt,NA,NA,NA,P
Bossen en struwelen,9130,9130_fm,TRUE,Druk9.1,9.1 Geluid en trillingen,0nvt,NA,NA,NA,P
Bossen en struwelen,9130,9130_fm,TRUE,Druk9.2,9.2 Licht en straling,0nvt,NA,NA,NA,P
Bossen en struwelen,9130,9130_fm,TRUE,Druk9.3,9.3 Beweging en andere visuele verstoring,0nvt,NA,NA,NA,S
Bossen en struwelen,9150,9150,TRUE,Druk101,101 Klimaatverandering in droge perioden,0nvt,L,4,4,L
Bossen en struwelen,9150,9150,TRUE,Druk11,"11 Aanpassing van de fysische structuur naar een blijvende nieuwe toestand (bodemcompactie, verharding, herprofilering, nieuw substraat, grondverzet, ...)",0nvt,M,3,3,M
Bossen en struwelen,9150,9150,TRUE,Druk12,"12 Toename bodemdynamiek (erosie, omwoeling, verstuiving)",0nvt,NA,NA,NA,S
Bossen en struwelen,9150,9150,TRUE,Druk13,"13 Afname bodemdynamiek (erosie, omwoeling, verstuiving)",0nvt,M,3,3,M
Bossen en struwelen,9150,9150,TRUE,Druk14,14 Verlies van aquatische connectiviteit,0nvt,NA,NA,NA,S
Bossen en struwelen,9150,9150,TRUE,Druk15,15 Verlies van terrestrische connectiviteit,0nvt,H,2,2,H
Bossen en struwelen,9150,9150,TRUE,Druk3.1,3.1 Eutrofiëring via de lucht,0nvt,H,1,1,H
Bossen en struwelen,9150,9150,TRUE,Druk3.2,3.2 Eutrofiëring via de bodem,0nvt,NA,NA,NA,S
Bossen en struwelen,9150,9150,TRUE,Druk4.1,4.1 Verzuring via de lucht,0nvt,M,3,3,M
Bossen en struwelen,9150,9150,TRUE,Druk5.2,5.2 Vernatting via het grondwater,0nvt,NA,NA,NA,S
Bossen en struwelen,9150,9150,TRUE,Druk61,61 Toename overstromingsduur of -frequentie (incl. getijden),0nvt,NA,NA,NA,S
Bossen en struwelen,9150,9150,TRUE,Druk8.1,8.1 Verontreiniging via de lucht,0nvt,NA,NA,NA,S
Bossen en struwelen,9150,9150,TRUE,Druk8.2,8.2 Verontreiniging via de bodem,0nvt,NA,NA,NA,S
Bossen en struwelen,9150,9150,TRUE,Druk8.5,8.5 Thermische verontreiniging: toename temperatuur oppervlaktewater,0nvt,NA,NA,NA,P
Bossen en struwelen,9150,9150,TRUE,Druk9.1,9.1 Geluid en trillingen,0nvt,NA,NA,NA,P
Bossen en struwelen,9150,9150,TRUE,Druk9.2,9.2 Licht en straling,0nvt,NA,NA,NA,P
Bossen en struwelen,9150,9150,TRUE,Druk9.3,9.3 Beweging en andere visuele verstoring,0nvt,NA,NA,NA,S
Bossen en struwelen,9160,9160,TRUE,Druk101,101 Klimaatverandering in droge perioden,0nvt,L,5,6,L
Bossen en struwelen,9160,9160,TRUE,Druk11,"11 Aanpassing van de fysische structuur naar een blijvende nieuwe toestand (bodemcompactie, verharding, herprofilering, nieuw substraat, grondverzet, ...)",0nvt,M,4,4,M
Bossen en struwelen,9160,9160,TRUE,Druk12,"12 Toename bodemdynamiek (erosie, omwoeling, verstuiving)",0nvt,NA,NA,NA,S
Bossen en struwelen,9160,9160,TRUE,Druk13,"13 Afname bodemdynamiek (erosie, omwoeling, verstuiving)",0nvt,NA,NA,NA,S
Bossen en struwelen,9160,9160,TRUE,Druk14,14 Verlies van aquatische connectiviteit,0nvt,NA,NA,NA,S
Bossen en struwelen,9160,9160,TRUE,Druk15,15 Verlies van terrestrische connectiviteit,0nvt,H,3,3,H
Bossen en struwelen,9160,9160,TRUE,Druk3.1,3.1 Eutrofiëring via de lucht,0nvt,H,2,2,H
Bossen en struwelen,9160,9160,TRUE,Druk3.2,3.2 Eutrofiëring via de bodem,0nvt,NA,NA,NA,S
Bossen en struwelen,9160,9160,TRUE,Druk3.3,3.3 Eutrofiëring via het grondwater,0nvt,M,4,4,M
Bossen en struwelen,9160,9160,TRUE,Druk3.4,3.4 Eutrofiëring via het oppervlaktewater (incl. overstromingswater en afspoeling),0nvt,L,5,6,L
Bossen en struwelen,9160,9160,TRUE,Druk4.1,4.1 Verzuring via de lucht,0nvt,H,1,1,H
Bossen en struwelen,9160,9160,TRUE,Druk4.2,4.2 Verzuring via het grondwater,0nvt,NA,NA,NA,S
Bossen en struwelen,9160,9160,TRUE,Druk5.1,5.1 Verdroging via het grondwater,0nvt,L,5,6,L
Bossen en struwelen,9160,9160,TRUE,Druk5.2,5.2 Vernatting via het grondwater,0nvt,NA,NA,5,M
Bossen en struwelen,9160,9160,TRUE,Druk61,61 Toename overstromingsduur of -frequentie (incl. getijden),0nvt,NA,NA,NA,S
Bossen en struwelen,9160,9160,TRUE,Druk7.3,7.3 Verzilting via het grondwater,0nvt,NA,NA,NA,S
Bossen en struwelen,9160,9160,TRUE,Druk7.4,7.4 Verzilting via het oppervlaktewater (incl. overstromingswater),0nvt,NA,NA,NA,S
Bossen en struwelen,9160,9160,TRUE,Druk8.1,8.1 Verontreiniging via de lucht,0nvt,NA,NA,NA,S
Bossen en struwelen,9160,9160,TRUE,Druk8.2,8.2 Verontreiniging via de bodem,0nvt,NA,NA,NA,S
Bossen en struwelen,9160,9160,TRUE,Druk8.3,8.3 Verontreiniging via het grondwater,0nvt,NA,NA,NA,S
Bossen en struwelen,9160,9160,TRUE,Druk8.4,8.4 Verontreiniging via het oppervlaktewater (incl. overstromingswater),0nvt,NA,NA,NA,S
Bossen en struwelen,9160,9160,TRUE,Druk8.5,8.5 Thermische verontreiniging: toename temperatuur oppervlaktewater,0nvt,NA,NA,NA,P
Bossen en struwelen,9160,9160,TRUE,Druk9.3,9.3 Beweging en andere visuele verstoring,0nvt,NA,NA,NA,S
Bossen en struwelen,9190,9190,TRUE,Druk101,101 Klimaatverandering in droge perioden,0nvt,L,5,6,L
Bossen en struwelen,9190,9190,TRUE,Druk11,"11 Aanpassing van de fysische structuur naar een blijvende nieuwe toestand (bodemcompactie, verharding, herprofilering, nieuw substraat, grondverzet, ...)",0nvt,M,4,4,M
Bossen en struwelen,9190,9190,TRUE,Druk12,"12 Toename bodemdynamiek (erosie, omwoeling, verstuiving)",0nvt,L,5,6,L
Bossen en struwelen,9190,9190,TRUE,Druk13,"13 Afname bodemdynamiek (erosie, omwoeling, verstuiving)",0nvt,NA,NA,NA,S
Bossen en struwelen,9190,9190,TRUE,Druk14,14 Verlies van aquatische connectiviteit,0nvt,NA,NA,NA,S
Bossen en struwelen,9190,9190,TRUE,Druk15,15 Verlies van terrestrische connectiviteit,0nvt,H,3,3,H
Bossen en struwelen,9190,9190,TRUE,Druk3.1,3.1 Eutrofiëring via de lucht,0nvt,H,1,1,H
Bossen en struwelen,9190,9190,TRUE,Druk3.2,3.2 Eutrofiëring via de bodem,0nvt,NA,NA,NA,S
Bossen en struwelen,9190,9190,TRUE,Druk3.3,3.3 Eutrofiëring via het grondwater,0nvt,L,5,6,L
Bossen en struwelen,9190,9190,TRUE,Druk3.4,3.4 Eutrofiëring via het oppervlaktewater (incl. overstromingswater en afspoeling),0nvt,NA,NA,NA,S
Bossen en struwelen,9190,9190,TRUE,Druk4.1,4.1 Verzuring via de lucht,0nvt,H,2,2,H
Bossen en struwelen,9190,9190,TRUE,Druk4.2,4.2 Verzuring via het grondwater,0nvt,NA,NA,NA,S
Bossen en struwelen,9190,9190,TRUE,Druk4.3,4.3 Verzuring via het oppervlaktewater (incl. overstromingswater),0nvt,NA,NA,NA,S
Bossen en struwelen,9190,9190,TRUE,Druk5.1,5.1 Verdroging via het grondwater,0nvt,M,4,4,M
Bossen en struwelen,9190,9190,TRUE,Druk5.2,5.2 Vernatting via het grondwater,0nvt,NA,NA,5,L
Bossen en struwelen,9190,9190,TRUE,Druk61,61 Toename overstromingsduur of -frequentie (incl. getijden),0nvt,NA,NA,NA,S
Bossen en struwelen,9190,9190,TRUE,Druk7.3,7.3 Verzilting via het grondwater,0nvt,NA,NA,NA,S
Bossen en struwelen,9190,9190,TRUE,Druk7.4,7.4 Verzilting via het oppervlaktewater (incl. overstromingswater),0nvt,NA,NA,NA,S
Bossen en struwelen,9190,9190,TRUE,Druk8.1,8.1 Verontreiniging via de lucht,0nvt,NA,NA,NA,S
Bossen en struwelen,9190,9190,TRUE,Druk8.2,8.2 Verontreiniging via de bodem,0nvt,NA,NA,NA,S
Bossen en struwelen,9190,9190,TRUE,Druk8.3,8.3 Verontreiniging via het grondwater,0nvt,NA,NA,NA,S
Bossen en struwelen,9190,9190,TRUE,Druk8.4,8.4 Verontreiniging via het oppervlaktewater (incl. overstromingswater),0nvt,NA,NA,NA,S
Bossen en struwelen,9190,9190,TRUE,Druk8.5,8.5 Thermische verontreiniging: toename temperatuur oppervlaktewater,0nvt,NA,NA,NA,P
Bossen en struwelen,9190,9190,TRUE,Druk9.3,9.3 Beweging en andere visuele verstoring,0nvt,NA,NA,NA,S
Bossen en struwelen,91E0,91E0_sf,FALSE,Druk11,"11 Aanpassing van de fysische structuur naar een blijvende nieuwe toestand (bodemcompactie, verharding, herprofilering, nieuw substraat, grondverzet, ...)",0nvt,M,6,6,M
Bossen en struwelen,91E0,91E0_sf,FALSE,Druk12,"12 Toename bodemdynamiek (erosie, omwoeling, verstuiving)",0nvt,L,8,9,L
Bossen en struwelen,91E0,91E0_sf,FALSE,Druk13,"13 Afname bodemdynamiek (erosie, omwoeling, verstuiving)",0nvt,NA,NA,NA,S
Bossen en struwelen,91E0,91E0_sf,FALSE,Druk14,14 Verlies van aquatische connectiviteit,0nvt,M,4,4,M
Bossen en struwelen,91E0,91E0_sf,FALSE,Druk15,15 Verlies van terrestrische connectiviteit,0nvt,L,7,8,L
Bossen en struwelen,91E0,91E0_sf,FALSE,Druk3.2,3.2 Eutrofiëring via de bodem,NA,NA,NA,7,L
Bossen en struwelen,91E0,91E0_sf,FALSE,Druk3.3,3.3 Eutrofiëring via het grondwater,0nvt,L,7,8,L
Bossen en struwelen,91E0,91E0_sf,FALSE,Druk3.4,3.4 Eutrofiëring via het oppervlaktewater (incl. overstromingswater en afspoeling),0nvt,M,4,4,M
Bossen en struwelen,91E0,91E0_sf,FALSE,Druk4.2,4.2 Verzuring via het grondwater,0nvt,NA,NA,NA,S
Bossen en struwelen,91E0,91E0_sf,FALSE,Druk4.3,4.3 Verzuring via het oppervlaktewater (incl. overstromingswater),0nvt,NA,NA,NA,S
Bossen en struwelen,91E0,91E0_sf,FALSE,Druk5.1,5.1 Verdroging via het grondwater,0nvt,H,3,3,H
Bossen en struwelen,91E0,91E0_sf,FALSE,Druk5.2,5.2 Vernatting via het grondwater,0nvt,L,9,10,L
Bossen en struwelen,91E0,91E0_sf,FALSE,Druk61,61 Toename overstromingsduur of -frequentie (incl. getijden),0nvt,H,2,2,H
Bossen en struwelen,91E0,91E0_sf,FALSE,Druk62,62 Afname overstromingsduur of -frequentie (incl. getijden),0nvt,H,1,1,H
Bossen en struwelen,91E0,91E0_sf,FALSE,Druk63,"63 Toename van stroomsnelheid, waterpeil en/of de fluctuatie ervan",0nvt,M,5,5,M
Bossen en struwelen,91E0,91E0_sf,FALSE,Druk64,"64 Afname van stroomsnelheid, waterpeil en/of de fluctuatie ervan",0nvt,L,11,12,L
Bossen en struwelen,91E0,91E0_sf,FALSE,Druk65,65  Toename golfslagwerking,0nvt,L,12,13,L
Bossen en struwelen,91E0,91E0_sf,FALSE,Druk66,66  Afname golfslagwerking,0nvt,NA,NA,NA,S
Bossen en struwelen,91E0,91E0_sf,FALSE,Druk7.3,7.3 Verzilting via het grondwater,0nvt,NA,NA,NA,S
Bossen en struwelen,91E0,91E0_sf,FALSE,Druk7.4,7.4 Verzilting via het oppervlaktewater (incl. overstromingswater),0nvt,L,10,11,L
Bossen en struwelen,91E0,91E0_sf,FALSE,Druk8.1,8.1 Verontreiniging via de lucht,0nvt,NA,NA,NA,S
Bossen en struwelen,91E0,91E0_sf,FALSE,Druk8.2,8.2 Verontreiniging via de bodem,0nvt,NA,NA,NA,S
Bossen en struwelen,91E0,91E0_sf,FALSE,Druk8.3,8.3 Verontreiniging via het grondwater,0nvt,NA,NA,NA,S
Bossen en struwelen,91E0,91E0_sf,FALSE,Druk8.4,8.4 Verontreiniging via het oppervlaktewater (incl. overstromingswater),0nvt,NA,NA,NA,S
Bossen en struwelen,91E0,91E0_sf,FALSE,Druk8.5,8.5 Thermische verontreiniging: toename temperatuur oppervlaktewater,0nvt,NA,NA,NA,P
Bossen en struwelen,91E0,91E0_sf,FALSE,Druk9.3,9.3 Beweging en andere visuele verstoring,0nvt,NA,NA,NA,S
Bossen en struwelen,91E0,91E0_va,FALSE,Druk11,"11 Aanpassing van de fysische structuur naar een blijvende nieuwe toestand (bodemcompactie, verharding, herprofilering, nieuw substraat, grondverzet, ...)",0nvt,M,6,6,M
Bossen en struwelen,91E0,91E0_va,FALSE,Druk12,"12 Toename bodemdynamiek (erosie, omwoeling, verstuiving)",0nvt,NA,NA,NA,S
Bossen en struwelen,91E0,91E0_va,FALSE,Druk13,"13 Afname bodemdynamiek (erosie, omwoeling, verstuiving)",0nvt,NA,NA,NA,S
Bossen en struwelen,91E0,91E0_va,FALSE,Druk14,14 Verlies van aquatische connectiviteit,0nvt,M,4,4,M
Bossen en struwelen,91E0,91E0_va,FALSE,Druk15,15 Verlies van terrestrische connectiviteit,0nvt,M,5,5,M
Bossen en struwelen,91E0,91E0_va,FALSE,Druk3.1,3.1 Eutrofiëring via de lucht,0nvt,M,6,6,M
Bossen en struwelen,91E0,91E0_va,FALSE,Druk3.2,3.2 Eutrofiëring via de bodem,NA,NA,NA,6,M
Bossen en struwelen,91E0,91E0_va,FALSE,Druk3.3,3.3 Eutrofiëring via het grondwater,0nvt,H,1,1,H
Bossen en struwelen,91E0,91E0_va,FALSE,Druk3.4,3.4 Eutrofiëring via het oppervlaktewater (incl. overstromingswater en afspoeling),0nvt,H,2,2,H
Bossen en struwelen,91E0,91E0_va,FALSE,Druk4.1,4.1 Verzuring via de lucht,0nvt,M,6,6,M
Bossen en struwelen,91E0,91E0_va,FALSE,Druk4.2,4.2 Verzuring via het grondwater,0nvt,NA,NA,NA,S
Bossen en struwelen,91E0,91E0_va,FALSE,Druk4.3,4.3 Verzuring via het oppervlaktewater (incl. overstromingswater),0nvt,NA,NA,NA,S
Bossen en struwelen,91E0,91E0_va,FALSE,Druk5.1,5.1 Verdroging via het grondwater,0nvt,H,2,2,H
Bossen en struwelen,91E0,91E0_va,FALSE,Druk5.2,5.2 Vernatting via het grondwater,0nvt,H,3,3,H
Bossen en struwelen,91E0,91E0_va,FALSE,Druk61,61 Toename overstromingsduur of -frequentie (incl. getijden),0nvt,M,6,6,M
Bossen en struwelen,91E0,91E0_va,FALSE,Druk62,62 Afname overstromingsduur of -frequentie (incl. getijden),0nvt,L,7,7,L
Bossen en struwelen,91E0,91E0_va,FALSE,Druk63,"63 Toename van stroomsnelheid, waterpeil en/of de fluctuatie ervan",0nvt,L,7,7,L
Bossen en struwelen,91E0,91E0_va,FALSE,Druk64,"64 Afname van stroomsnelheid, waterpeil en/of de fluctuatie ervan",0nvt,L,7,7,L
Bossen en struwelen,91E0,91E0_va,FALSE,Druk7.3,7.3 Verzilting via het grondwater,0nvt,NA,NA,NA,S
Bossen en struwelen,91E0,91E0_va,FALSE,Druk7.4,7.4 Verzilting via het oppervlaktewater (incl. overstromingswater),0nvt,NA,NA,NA,S
Bossen en struwelen,91E0,91E0_va,FALSE,Druk8.1,8.1 Verontreiniging via de lucht,0nvt,NA,NA,NA,S
Bossen en struwelen,91E0,91E0_va,FALSE,Druk8.2,8.2 Verontreiniging via de bodem,0nvt,NA,NA,NA,S
Bossen en struwelen,91E0,91E0_va,FALSE,Druk8.3,8.3 Verontreiniging via het grondwater,0nvt,NA,NA,NA,S
Bossen en struwelen,91E0,91E0_va,FALSE,Druk8.4,8.4 Verontreiniging via het oppervlaktewater (incl. overstromingswater),0nvt,NA,NA,NA,S
Bossen en struwelen,91E0,91E0_va,FALSE,Druk8.5,8.5 Thermische verontreiniging: toename temperatuur oppervlaktewater,0nvt,NA,NA,NA,P
Bossen en struwelen,91E0,91E0_va,FALSE,Druk9.3,9.3 Beweging en andere visuele verstoring,0nvt,NA,NA,NA,S
Bossen en struwelen,91E0,91E0_vc,FALSE,Druk11,"11 Aanpassing van de fysische structuur naar een blijvende nieuwe toestand (bodemcompactie, verharding, herprofilering, nieuw substraat, grondverzet, ...)",0nvt,M,5,5,M
Bossen en struwelen,91E0,91E0_vc,FALSE,Druk12,"12 Toename bodemdynamiek (erosie, omwoeling, verstuiving)",0nvt,NA,NA,NA,S
Bossen en struwelen,91E0,91E0_vc,FALSE,Druk13,"13 Afname bodemdynamiek (erosie, omwoeling, verstuiving)",0nvt,NA,NA,NA,S
Bossen en struwelen,91E0,91E0_vc,FALSE,Druk14,14 Verlies van aquatische connectiviteit,0nvt,M,4,4,M
Bossen en struwelen,91E0,91E0_vc,FALSE,Druk15,15 Verlies van terrestrische connectiviteit,0nvt,M,4,4,M
Bossen en struwelen,91E0,91E0_vc,FALSE,Druk3.1,3.1 Eutrofiëring via de lucht,0nvt,M,5,5,M
Bossen en struwelen,91E0,91E0_vc,FALSE,Druk3.2,3.2 Eutrofiëring via de bodem,NA,NA,NA,6,M
Bossen en struwelen,91E0,91E0_vc,FALSE,Druk3.3,3.3 Eutrofiëring via het grondwater,0nvt,H,1,1,H
Bossen en struwelen,91E0,91E0_vc,FALSE,Druk3.4,3.4 Eutrofiëring via het oppervlaktewater (incl. overstromingswater en afspoeling),0nvt,M,3,3,M
Bossen en struwelen,91E0,91E0_vc,FALSE,Druk4.1,4.1 Verzuring via de lucht,BEHOUD,M,5,5,M
Bossen en struwelen,91E0,91E0_vc,FALSE,Druk4.2,4.2 Verzuring via het grondwater,0nvt,NA,NA,NA,S
Bossen en struwelen,91E0,91E0_vc,FALSE,Druk4.3,4.3 Verzuring via het oppervlaktewater (incl. overstromingswater),0nvt,NA,NA,NA,S
Bossen en struwelen,91E0,91E0_vc,FALSE,Druk5.1,5.1 Verdroging via het grondwater,0nvt,H,2,2,H
Bossen en struwelen,91E0,91E0_vc,FALSE,Druk5.2,5.2 Vernatting via het grondwater,0nvt,H,1,1,H
Bossen en struwelen,91E0,91E0_vc,FALSE,Druk61,61 Toename overstromingsduur of -frequentie (incl. getijden),0nvt,NA,NA,NA,S
Bossen en struwelen,91E0,91E0_vc,FALSE,Druk7.3,7.3 Verzilting via het grondwater,0nvt,NA,NA,NA,S
Bossen en struwelen,91E0,91E0_vc,FALSE,Druk7.4,7.4 Verzilting via het oppervlaktewater (incl. overstromingswater),0nvt,NA,NA,NA,S
Bossen en struwelen,91E0,91E0_vc,FALSE,Druk8.1,8.1 Verontreiniging via de lucht,0nvt,NA,NA,NA,S
Bossen en struwelen,91E0,91E0_vc,FALSE,Druk8.2,8.2 Verontreiniging via de bodem,0nvt,NA,NA,NA,S
Bossen en struwelen,91E0,91E0_vc,FALSE,Druk8.3,8.3 Verontreiniging via het grondwater,0nvt,NA,NA,NA,S
Bossen en struwelen,91E0,91E0_vc,FALSE,Druk8.4,8.4 Verontreiniging via het oppervlaktewater (incl. overstromingswater),0nvt,NA,NA,NA,S
Bossen en struwelen,91E0,91E0_vc,FALSE,Druk8.5,8.5 Thermische verontreiniging: toename temperatuur oppervlaktewater,0nvt,NA,NA,NA,P
Bossen en struwelen,91E0,91E0_vc,FALSE,Druk9.3,9.3 Beweging en andere visuele verstoring,0nvt,NA,NA,NA,S
Bossen en struwelen,91E0,91E0_vm,FALSE,Druk11,"11 Aanpassing van de fysische structuur naar een blijvende nieuwe toestand (bodemcompactie, verharding, herprofilering, nieuw substraat, grondverzet, ...)",0nvt,M,5,5,M
Bossen en struwelen,91E0,91E0_vm,FALSE,Druk12,"12 Toename bodemdynamiek (erosie, omwoeling, verstuiving)",0nvt,NA,NA,NA,S
Bossen en struwelen,91E0,91E0_vm,FALSE,Druk13,"13 Afname bodemdynamiek (erosie, omwoeling, verstuiving)",0nvt,NA,NA,NA,S
Bossen en struwelen,91E0,91E0_vm,FALSE,Druk14,14 Verlies van aquatische connectiviteit,0nvt,M,5,5,M
Bossen en struwelen,91E0,91E0_vm,FALSE,Druk15,15 Verlies van terrestrische connectiviteit,0nvt,M,4,4,M
Bossen en struwelen,91E0,91E0_vm,FALSE,Druk3.1,3.1 Eutrofiëring via de lucht,0nvt,M,5,5,M
Bossen en struwelen,91E0,91E0_vm,FALSE,Druk3.2,3.2 Eutrofiëring via de bodem,NA,NA,NA,6,M
Bossen en struwelen,91E0,91E0_vm,FALSE,Druk3.3,3.3 Eutrofiëring via het grondwater,0nvt,H,2,2,H
Bossen en struwelen,91E0,91E0_vm,FALSE,Druk3.4,3.4 Eutrofiëring via het oppervlaktewater (incl. overstromingswater en afspoeling),0nvt,M,3,3,M
Bossen en struwelen,91E0,91E0_vm,FALSE,Druk4.1,4.1 Verzuring via de lucht,0nvt,M,5,5,M
Bossen en struwelen,91E0,91E0_vm,FALSE,Druk4.2,4.2 Verzuring via het grondwater,0nvt,NA,NA,NA,S
Bossen en struwelen,91E0,91E0_vm,FALSE,Druk4.3,4.3 Verzuring via het oppervlaktewater (incl. overstromingswater),0nvt,NA,NA,NA,S
Bossen en struwelen,91E0,91E0_vm,FALSE,Druk5.1,5.1 Verdroging via het grondwater,0nvt,H,1,1,H
Bossen en struwelen,91E0,91E0_vm,FALSE,Druk5.2,5.2 Vernatting via het grondwater,0nvt,H,1,1,H
Bossen en struwelen,91E0,91E0_vm,FALSE,Druk61,61 Toename overstromingsduur of -frequentie (incl. getijden),0nvt,L,6,7,L
Bossen en struwelen,91E0,91E0_vm,FALSE,Druk62,62 Afname overstromingsduur of -frequentie (incl. getijden),0nvt,NA,NA,NA,S
Bossen en struwelen,91E0,91E0_vm,FALSE,Druk7.3,7.3 Verzilting via het grondwater,0nvt,NA,NA,NA,S
Bossen en struwelen,91E0,91E0_vm,FALSE,Druk7.4,7.4 Verzilting via het oppervlaktewater (incl. overstromingswater),0nvt,NA,NA,NA,S
Bossen en struwelen,91E0,91E0_vm,FALSE,Druk8.1,8.1 Verontreiniging via de lucht,0nvt,NA,NA,NA,S
Bossen en struwelen,91E0,91E0_vm,FALSE,Druk8.2,8.2 Verontreiniging via de bodem,0nvt,NA,NA,NA,S
Bossen en struwelen,91E0,91E0_vm,FALSE,Druk8.3,8.3 Verontreiniging via het grondwater,0nvt,NA,NA,NA,S
Bossen en struwelen,91E0,91E0_vm,FALSE,Druk8.4,8.4 Verontreiniging via het oppervlaktewater (incl. overstromingswater),0nvt,NA,NA,NA,S
Bossen en struwelen,91E0,91E0_vm,FALSE,Druk8.5,8.5 Thermische verontreiniging: toename temperatuur oppervlaktewater,0nvt,NA,NA,NA,P
Bossen en struwelen,91E0,91E0_vm,FALSE,Druk9.3,9.3 Beweging en andere visuele verstoring,0nvt,NA,NA,NA,S
Bossen en struwelen,91E0,91E0_vn,FALSE,Druk11,"11 Aanpassing van de fysische structuur naar een blijvende nieuwe toestand (bodemcompactie, verharding, herprofilering, nieuw substraat, grondverzet, ...)",0nvt,M,6,6,M
Bossen en struwelen,91E0,91E0_vn,FALSE,Druk12,"12 Toename bodemdynamiek (erosie, omwoeling, verstuiving)",0nvt,NA,NA,NA,S
Bossen en struwelen,91E0,91E0_vn,FALSE,Druk13,"13 Afname bodemdynamiek (erosie, omwoeling, verstuiving)",0nvt,NA,NA,NA,S
Bossen en struwelen,91E0,91E0_vn,FALSE,Druk14,14 Verlies van aquatische connectiviteit,0nvt,M,6,6,M
Bossen en struwelen,91E0,91E0_vn,FALSE,Druk15,15 Verlies van terrestrische connectiviteit,0nvt,M,5,5,M
Bossen en struwelen,91E0,91E0_vn,FALSE,Druk3.1,3.1 Eutrofiëring via de lucht,0nvt,M,6,6,M
Bossen en struwelen,91E0,91E0_vn,FALSE,Druk3.2,3.2 Eutrofiëring via de bodem,0nvt,NA,NA,NA,S
Bossen en struwelen,91E0,91E0_vn,FALSE,Druk3.3,3.3 Eutrofiëring via het grondwater,0nvt,M,4,4,M
Bossen en struwelen,91E0,91E0_vn,FALSE,Druk3.4,3.4 Eutrofiëring via het oppervlaktewater (incl. overstromingswater en afspoeling),0nvt,M,3,3,M
Bossen en struwelen,91E0,91E0_vn,FALSE,Druk4.1,4.1 Verzuring via de lucht,0nvt,M,6,6,M
Bossen en struwelen,91E0,91E0_vn,FALSE,Druk4.2,4.2 Verzuring via het grondwater,0nvt,NA,NA,NA,S
Bossen en struwelen,91E0,91E0_vn,FALSE,Druk4.3,4.3 Verzuring via het oppervlaktewater (incl. overstromingswater),0nvt,NA,NA,NA,S
Bossen en struwelen,91E0,91E0_vn,FALSE,Druk5.1,5.1 Verdroging via het grondwater,0nvt,H,1,1,H
Bossen en struwelen,91E0,91E0_vn,FALSE,Druk5.2,5.2 Vernatting via het grondwater,0nvt,H,2,2,H
Bossen en struwelen,91E0,91E0_vn,FALSE,Druk61,61 Toename overstromingsduur of -frequentie (incl. getijden),0nvt,L,7,7,L
Bossen en struwelen,91E0,91E0_vn,FALSE,Druk62,62 Afname overstromingsduur of -frequentie (incl. getijden),0nvt,NA,NA,NA,S
Bossen en struwelen,91E0,91E0_vn,FALSE,Druk7.3,7.3 Verzilting via het grondwater,0nvt,NA,NA,NA,S
Bossen en struwelen,91E0,91E0_vn,FALSE,Druk7.4,7.4 Verzilting via het oppervlaktewater (incl. overstromingswater),0nvt,NA,NA,NA,S
Bossen en struwelen,91E0,91E0_vn,FALSE,Druk8.1,8.1 Verontreiniging via de lucht,0nvt,NA,NA,NA,S
Bossen en struwelen,91E0,91E0_vn,FALSE,Druk8.2,8.2 Verontreiniging via de bodem,0nvt,L,7,7,L
Bossen en struwelen,91E0,91E0_vn,FALSE,Druk8.3,8.3 Verontreiniging via het grondwater,0nvt,NA,NA,NA,S
Bossen en struwelen,91E0,91E0_vn,FALSE,Druk8.4,8.4 Verontreiniging via het oppervlaktewater (incl. overstromingswater),0nvt,NA,NA,NA,S
Bossen en struwelen,91E0,91E0_vn,FALSE,Druk8.5,8.5 Thermische verontreiniging: toename temperatuur oppervlaktewater,0nvt,NA,NA,NA,P
Bossen en struwelen,91E0,91E0_vn,FALSE,Druk9.3,9.3 Beweging en andere visuele verstoring,0nvt,NA,NA,NA,S
Bossen en struwelen,91E0,91E0_vo,FALSE,Druk11,"11 Aanpassing van de fysische structuur naar een blijvende nieuwe toestand (bodemcompactie, verharding, herprofilering, nieuw substraat, grondverzet, ...)",0nvt,M,4,4,M
Bossen en struwelen,91E0,91E0_vo,FALSE,Druk12,"12 Toename bodemdynamiek (erosie, omwoeling, verstuiving)",0nvt,NA,NA,NA,S
Bossen en struwelen,91E0,91E0_vo,FALSE,Druk13,"13 Afname bodemdynamiek (erosie, omwoeling, verstuiving)",0nvt,NA,NA,NA,S
Bossen en struwelen,91E0,91E0_vo,FALSE,Druk14,14 Verlies van aquatische connectiviteit,0nvt,M,4,4,M
Bossen en struwelen,91E0,91E0_vo,FALSE,Druk15,15 Verlies van terrestrische connectiviteit,0nvt,M,3,3,M
Bossen en struwelen,91E0,91E0_vo,FALSE,Druk3.1,3.1 Eutrofiëring via de lucht,0nvt,M,2,2,M
Bossen en struwelen,91E0,91E0_vo,FALSE,Druk3.2,3.2 Eutrofiëring via de bodem,NA,NA,NA,5,M
Bossen en struwelen,91E0,91E0_vo,FALSE,Druk3.3,3.3 Eutrofiëring via het grondwater,0nvt,H,1,1,H
Bossen en struwelen,91E0,91E0_vo,FALSE,Druk3.4,3.4 Eutrofiëring via het oppervlaktewater (incl. overstromingswater en afspoeling),0nvt,M,2,2,M
Bossen en struwelen,91E0,91E0_vo,FALSE,Druk4.1,4.1 Verzuring via de lucht,0nvt,M,4,4,M
Bossen en struwelen,91E0,91E0_vo,FALSE,Druk4.2,4.2 Verzuring via het grondwater,0nvt,NA,NA,NA,S
Bossen en struwelen,91E0,91E0_vo,FALSE,Druk5.1,5.1 Verdroging via het grondwater,0nvt,H,1,1,H
Bossen en struwelen,91E0,91E0_vo,FALSE,Druk5.2,5.2 Vernatting via het grondwater,0nvt,H,1,1,H
Bossen en struwelen,91E0,91E0_vo,FALSE,Druk61,61 Toename overstromingsduur of -frequentie (incl. getijden),0nvt,L,5,6,L
Bossen en struwelen,91E0,91E0_vo,FALSE,Druk7.3,7.3 Verzilting via het grondwater,0nvt,NA,NA,NA,S
Bossen en struwelen,91E0,91E0_vo,FALSE,Druk7.4,7.4 Verzilting via het oppervlaktewater (incl. overstromingswater),0nvt,NA,NA,NA,S
Bossen en struwelen,91E0,91E0_vo,FALSE,Druk8.1,8.1 Verontreiniging via de lucht,0nvt,NA,NA,NA,S
Bossen en struwelen,91E0,91E0_vo,FALSE,Druk8.2,8.2 Verontreiniging via de bodem,0nvt,NA,NA,NA,S
Bossen en struwelen,91E0,91E0_vo,FALSE,Druk8.3,8.3 Verontreiniging via het grondwater,0nvt,NA,NA,NA,S
Bossen en struwelen,91E0,91E0_vo,FALSE,Druk8.4,8.4 Verontreiniging via het oppervlaktewater (incl. overstromingswater),0nvt,NA,NA,NA,S
Bossen en struwelen,91E0,91E0_vo,FALSE,Druk8.5,8.5 Thermische verontreiniging: toename temperatuur oppervlaktewater,0nvt,NA,NA,NA,P
Bossen en struwelen,91E0,91E0_vo,FALSE,Druk9.3,9.3 Beweging en andere visuele verstoring,0nvt,NA,NA,NA,S
Bossen en struwelen,91F0,91F0,TRUE,Druk101,101 Klimaatverandering in droge perioden,0nvt,L,6,6,L
Bossen en struwelen,91F0,91F0,TRUE,Druk11,"11 Aanpassing van de fysische structuur naar een blijvende nieuwe toestand (bodemcompactie, verharding, herprofilering, nieuw substraat, grondverzet, ...)",0nvt,M,5,5,M
Bossen en struwelen,91F0,91F0,TRUE,Druk12,"12 Toename bodemdynamiek (erosie, omwoeling, verstuiving)",0nvt,NA,NA,NA,S
Bossen en struwelen,91F0,91F0,TRUE,Druk13,"13 Afname bodemdynamiek (erosie, omwoeling, verstuiving)",0nvt,NA,NA,NA,S
Bossen en struwelen,91F0,91F0,TRUE,Druk14,14 Verlies van aquatische connectiviteit,0nvt,H,4,4,H
Bossen en struwelen,91F0,91F0,TRUE,Druk15,15 Verlies van terrestrische connectiviteit,0nvt,H,4,4,H
Bossen en struwelen,91F0,91F0,TRUE,Druk3.1,3.1 Eutrofiëring via de lucht,0nvt,M,5,5,M
Bossen en struwelen,91F0,91F0,TRUE,Druk3.2,3.2 Eutrofiëring via de bodem,0nvt,NA,NA,NA,S
Bossen en struwelen,91F0,91F0,TRUE,Druk3.4,3.4 Eutrofiëring via het oppervlaktewater (incl. overstromingswater en afspoeling),0nvt,H,1,1,H
Bossen en struwelen,91F0,91F0,TRUE,Druk4.1,4.1 Verzuring via de lucht,BEHOUD,M,5,5,M
Bossen en struwelen,91F0,91F0,TRUE,Druk4.2,4.2 Verzuring via het grondwater,0nvt,NA,NA,NA,P
Bossen en struwelen,91F0,91F0,TRUE,Druk4.3,4.3 Verzuring via het oppervlaktewater (incl. overstromingswater),0nvt,NA,NA,NA,S
Bossen en struwelen,91F0,91F0,TRUE,Druk5.1,5.1 Verdroging via het grondwater,0nvt,M,5,5,M
Bossen en struwelen,91F0,91F0,TRUE,Druk5.2,5.2 Vernatting via het grondwater,0nvt,L,6,6,L
Bossen en struwelen,91F0,91F0,TRUE,Druk61,61 Toename overstromingsduur of -frequentie (incl. getijden),0nvt,H,2,2,H
Bossen en struwelen,91F0,91F0,TRUE,Druk62,62 Afname overstromingsduur of -frequentie (incl. getijden),0nvt,H,3,3,H
Bossen en struwelen,91F0,91F0,TRUE,Druk7.3,7.3 Verzilting via het grondwater,0nvt,NA,NA,NA,S
Bossen en struwelen,91F0,91F0,TRUE,Druk7.4,7.4 Verzilting via het oppervlaktewater (incl. overstromingswater),0nvt,NA,NA,NA,S
Bossen en struwelen,91F0,91F0,TRUE,Druk8.1,8.1 Verontreiniging via de lucht,0nvt,NA,NA,NA,S
Bossen en struwelen,91F0,91F0,TRUE,Druk8.2,8.2 Verontreiniging via de bodem,0nvt,NA,NA,NA,S
Bossen en struwelen,91F0,91F0,TRUE,Druk8.3,8.3 Verontreiniging via het grondwater,0nvt,NA,NA,NA,S
Bossen en struwelen,91F0,91F0,TRUE,Druk8.4,8.4 Verontreiniging via het oppervlaktewater (incl. overstromingswater),0nvt,NA,NA,NA,S
Bossen en struwelen,91F0,91F0,TRUE,Druk8.5,8.5 Thermische verontreiniging: toename temperatuur oppervlaktewater,0nvt,NA,NA,NA,P
Bossen en struwelen,91F0,91F0,TRUE,Druk9.3,9.3 Beweging en andere visuele verstoring,0nvt,NA,NA,NA,S
Zoete en brakke wateren,rbbah,rbbah,TRUE,Druk11,"11 Aanpassing van de fysische structuur naar een blijvende nieuwe toestand (bodemcompactie, verharding, herprofilering, nieuw substraat, grondverzet, ...)",0nvt,NA,NA,NA,S
Zoete en brakke wateren,rbbah,rbbah,TRUE,Druk12,"12 Toename bodemdynamiek (erosie, omwoeling, verstuiving)",0nvt,NA,NA,NA,S
Zoete en brakke wateren,rbbah,rbbah,TRUE,Druk13,"13 Afname bodemdynamiek (erosie, omwoeling, verstuiving)",0nvt,NA,NA,NA,S
Zoete en brakke wateren,rbbah,rbbah,TRUE,Druk14,14 Verlies van aquatische connectiviteit,0nvt,NA,NA,NA,S
Zoete en brakke wateren,rbbah,rbbah,TRUE,Druk15,15 Verlies van terrestrische connectiviteit,0nvt,NA,NA,NA,S
Zoete en brakke wateren,rbbah,rbbah,TRUE,Druk3.1,3.1 Eutrofiëring via de lucht,0nvt,NA,NA,NA,S
Zoete en brakke wateren,rbbah,rbbah,TRUE,Druk3.2,3.2 Eutrofiëring via de bodem,NA,NA,NA,4,L
Zoete en brakke wateren,rbbah,rbbah,TRUE,Druk3.3,3.3 Eutrofiëring via het grondwater,0nvt,M,3,3,M
Zoete en brakke wateren,rbbah,rbbah,TRUE,Druk3.4,3.4 Eutrofiëring via het oppervlaktewater (incl. overstromingswater en afspoeling),0nvt,H,1,1,H
Zoete en brakke wateren,rbbah,rbbah,TRUE,Druk4.2,4.2 Verzuring via het grondwater,0nvt,NA,NA,NA,S
Zoete en brakke wateren,rbbah,rbbah,TRUE,Druk4.3,4.3 Verzuring via het oppervlaktewater (incl. overstromingswater),0nvt,NA,NA,NA,S
Zoete en brakke wateren,rbbah,rbbah,TRUE,Druk5.1,5.1 Verdroging via het grondwater,0nvt,NA,NA,NA,S
Zoete en brakke wateren,rbbah,rbbah,TRUE,Druk63,"63 Toename van stroomsnelheid, waterpeil en/of de fluctuatie ervan",0nvt,NA,NA,NA,S
Zoete en brakke wateren,rbbah,rbbah,TRUE,Druk64,"64 Afname van stroomsnelheid, waterpeil en/of de fluctuatie ervan",0nvt,NA,NA,NA,S
Zoete en brakke wateren,rbbah,rbbah,TRUE,Druk65,65  Toename golfslagwerking,0nvt,NA,NA,NA,S
Zoete en brakke wateren,rbbah,rbbah,TRUE,Druk66,66  Afname golfslagwerking,0nvt,NA,NA,NA,S
Zoete en brakke wateren,rbbah,rbbah,TRUE,Druk7.1,7.1 Verzoeting via het grondwater,0nvt,M,3,3,M
Zoete en brakke wateren,rbbah,rbbah,TRUE,Druk7.2,7.2 Verzoeting via het oppervlaktewater (incl. overstromingswater),0nvt,H,2,2,H
Zoete en brakke wateren,rbbah,rbbah,TRUE,Druk8.1,8.1 Verontreiniging via de lucht,0nvt,NA,NA,NA,S
Zoete en brakke wateren,rbbah,rbbah,TRUE,Druk8.2,8.2 Verontreiniging via de bodem,NA,NA,NA,4,L
Zoete en brakke wateren,rbbah,rbbah,TRUE,Druk8.3,8.3 Verontreiniging via het grondwater,0nvt,M,3,3,M
Zoete en brakke wateren,rbbah,rbbah,TRUE,Druk8.4,8.4 Verontreiniging via het oppervlaktewater (incl. overstromingswater),0nvt,M,3,3,M
Zoete en brakke wateren,rbbah,rbbah,TRUE,Druk8.5,8.5 Thermische verontreiniging: toename temperatuur oppervlaktewater,0nvt,NA,NA,NA,P
Zoete en brakke wateren,rbbah,rbbah,TRUE,Druk9.1,9.1 Geluid en trillingen,0nvt,NA,NA,NA,P
Zoete en brakke wateren,rbbah,rbbah,TRUE,Druk9.2,9.2 Licht en straling,0nvt,NA,NA,NA,P
Zoete en brakke wateren,rbbah,rbbah,TRUE,Druk9.3,9.3 Beweging en andere visuele verstoring,0nvt,NA,NA,NA,S
(Half-)natuurlijke graslanden,rbbha,rbbha,TRUE,Druk11,"11 Aanpassing van de fysische structuur naar een blijvende nieuwe toestand (bodemcompactie, verharding, herprofilering, nieuw substraat, grondverzet, ...)",NA,NA,NA,1,H
(Half-)natuurlijke graslanden,rbbha,rbbha,TRUE,Druk12,"12 Toename bodemdynamiek (erosie, omwoeling, verstuiving)",0nvt,NA,NA,NA,S
(Half-)natuurlijke graslanden,rbbha,rbbha,TRUE,Druk13,"13 Afname bodemdynamiek (erosie, omwoeling, verstuiving)",0nvt,NA,NA,NA,S
(Half-)natuurlijke graslanden,rbbha,rbbha,TRUE,Druk14,14 Verlies van aquatische connectiviteit,0nvt,NA,NA,NA,S
(Half-)natuurlijke graslanden,rbbha,rbbha,TRUE,Druk15,15 Verlies van terrestrische connectiviteit,NA,NA,NA,3,L
(Half-)natuurlijke graslanden,rbbha,rbbha,TRUE,Druk3.1,3.1 Eutrofiëring via de lucht,NA,NA,NA,1,H
(Half-)natuurlijke graslanden,rbbha,rbbha,TRUE,Druk3.2,3.2 Eutrofiëring via de bodem,NA,NA,NA,1,H
(Half-)natuurlijke graslanden,rbbha,rbbha,TRUE,Druk3.4,3.4 Eutrofiëring via het oppervlaktewater (incl. overstromingswater en afspoeling),0nvt,NA,NA,NA,S
(Half-)natuurlijke graslanden,rbbha,rbbha,TRUE,Druk4.1,4.1 Verzuring via de lucht,NA,NA,NA,2,M
(Half-)natuurlijke graslanden,rbbha,rbbha,TRUE,Druk5.2,5.2 Vernatting via het grondwater,0nvt,NA,NA,NA,S
(Half-)natuurlijke graslanden,rbbha,rbbha,TRUE,Druk61,61 Toename overstromingsduur of -frequentie (incl. getijden),0nvt,NA,NA,NA,S
(Half-)natuurlijke graslanden,rbbha,rbbha,TRUE,Druk7.4,7.4 Verzilting via het oppervlaktewater (incl. overstromingswater),0nvt,NA,NA,NA,S
(Half-)natuurlijke graslanden,rbbha,rbbha,TRUE,Druk8.1,8.1 Verontreiniging via de lucht,0nvt,NA,NA,NA,S
(Half-)natuurlijke graslanden,rbbha,rbbha,TRUE,Druk8.2,8.2 Verontreiniging via de bodem,0nvt,NA,NA,NA,S
(Half-)natuurlijke graslanden,rbbha,rbbha,TRUE,Druk8.4,8.4 Verontreiniging via het oppervlaktewater (incl. overstromingswater),0nvt,NA,NA,NA,S
(Half-)natuurlijke graslanden,rbbha,rbbha,TRUE,Druk8.5,8.5 Thermische verontreiniging: toename temperatuur oppervlaktewater,0nvt,NA,NA,NA,P
(Half-)natuurlijke graslanden,rbbha,rbbha,TRUE,Druk9.3,9.3 Beweging en andere visuele verstoring,0nvt,NA,NA,NA,S
(Half-)natuurlijke graslanden,rbbhc,rbbhc,TRUE,Druk101,101 Klimaatverandering in droge perioden,0nvt,L,9,11,L
(Half-)natuurlijke graslanden,rbbhc,rbbhc,TRUE,Druk102,102 Klimaatverandering in natte perioden,0nvt,L,10,12,L
(Half-)natuurlijke graslanden,rbbhc,rbbhc,TRUE,Druk11,"11 Aanpassing van de fysische structuur naar een blijvende nieuwe toestand (bodemcompactie, verharding, herprofilering, nieuw substraat, grondverzet, ...)",0nvt,M,5,5,M
(Half-)natuurlijke graslanden,rbbhc,rbbhc,TRUE,Druk12,"12 Toename bodemdynamiek (erosie, omwoeling, verstuiving)",0nvt,NA,NA,NA,S
(Half-)natuurlijke graslanden,rbbhc,rbbhc,TRUE,Druk13,"13 Afname bodemdynamiek (erosie, omwoeling, verstuiving)",0nvt,NA,NA,NA,S
(Half-)natuurlijke graslanden,rbbhc,rbbhc,TRUE,Druk14,14 Verlies van aquatische connectiviteit,0nvt,NA,NA,NA,S
(Half-)natuurlijke graslanden,rbbhc,rbbhc,TRUE,Druk15,15 Verlies van terrestrische connectiviteit,0nvt,H,3,3,H
(Half-)natuurlijke graslanden,rbbhc,rbbhc,TRUE,Druk3.1,3.1 Eutrofiëring via de lucht,0nvt,L,8,10,L
(Half-)natuurlijke graslanden,rbbhc,rbbhc,TRUE,Druk3.2,3.2 Eutrofiëring via de bodem,0nvt,H,4,4,H
(Half-)natuurlijke graslanden,rbbhc,rbbhc,TRUE,Druk3.3,3.3 Eutrofiëring via het grondwater,0nvt,M,5,5,M
(Half-)natuurlijke graslanden,rbbhc,rbbhc,TRUE,Druk3.4,3.4 Eutrofiëring via het oppervlaktewater (incl. overstromingswater en afspoeling),0nvt,H,2,2,H
(Half-)natuurlijke graslanden,rbbhc,rbbhc,TRUE,Druk4.1,4.1 Verzuring via de lucht,0nvt,L,11,13,L
(Half-)natuurlijke graslanden,rbbhc,rbbhc,TRUE,Druk4.2,4.2 Verzuring via het grondwater,0nvt,L,11,8,M
(Half-)natuurlijke graslanden,rbbhc,rbbhc,TRUE,Druk4.3,4.3 Verzuring via het oppervlaktewater (incl. overstromingswater),0nvt,NA,NA,NA,S
(Half-)natuurlijke graslanden,rbbhc,rbbhc,TRUE,Druk5.1,5.1 Verdroging via het grondwater,0nvt,H,1,1,H
(Half-)natuurlijke graslanden,rbbhc,rbbhc,TRUE,Druk5.2,5.2 Vernatting via het grondwater,0nvt,L,7,9,L
(Half-)natuurlijke graslanden,rbbhc,rbbhc,TRUE,Druk61,61 Toename overstromingsduur of -frequentie (incl. getijden),0nvt,M,6,6,M
(Half-)natuurlijke graslanden,rbbhc,rbbhc,TRUE,Druk62,62 Afname overstromingsduur of -frequentie (incl. getijden),0nvt,L,10,12,L
(Half-)natuurlijke graslanden,rbbhc,rbbhc,TRUE,Druk7.3,7.3 Verzilting via het grondwater,0nvt,NA,NA,NA,S
(Half-)natuurlijke graslanden,rbbhc,rbbhc,TRUE,Druk7.4,7.4 Verzilting via het oppervlaktewater (incl. overstromingswater),0nvt,NA,NA,NA,S
(Half-)natuurlijke graslanden,rbbhc,rbbhc,TRUE,Druk8.1,8.1 Verontreiniging via de lucht,0nvt,L,10,12,L
(Half-)natuurlijke graslanden,rbbhc,rbbhc,TRUE,Druk8.2,8.2 Verontreiniging via de bodem,0nvt,L,9,7,M
(Half-)natuurlijke graslanden,rbbhc,rbbhc,TRUE,Druk8.3,8.3 Verontreiniging via het grondwater,0nvt,L,9,11,L
(Half-)natuurlijke graslanden,rbbhc,rbbhc,TRUE,Druk8.4,8.4 Verontreiniging via het oppervlaktewater (incl. overstromingswater),0nvt,L,9,11,L
(Half-)natuurlijke graslanden,rbbhc,rbbhc,TRUE,Druk8.5,8.5 Thermische verontreiniging: toename temperatuur oppervlaktewater,0nvt,NA,NA,NA,P
(Half-)natuurlijke graslanden,rbbhc,rbbhc,TRUE,Druk9.1,9.1 Geluid en trillingen,0nvt,NA,NA,NA,P
(Half-)natuurlijke graslanden,rbbhc,rbbhc,TRUE,Druk9.2,9.2 Licht en straling,0nvt,NA,NA,NA,P
(Half-)natuurlijke graslanden,rbbhc,rbbhc,TRUE,Druk9.3,9.3 Beweging en andere visuele verstoring,0nvt,NA,NA,NA,S
(Half-)natuurlijke graslanden,rbbhf,rbbhf,TRUE,Druk11,"11 Aanpassing van de fysische structuur naar een blijvende nieuwe toestand (bodemcompactie, verharding, herprofilering, nieuw substraat, grondverzet, ...)",0nvt,H,3,3,H
(Half-)natuurlijke graslanden,rbbhf,rbbhf,TRUE,Druk12,"12 Toename bodemdynamiek (erosie, omwoeling, verstuiving)",0nvt,NA,NA,NA,S
(Half-)natuurlijke graslanden,rbbhf,rbbhf,TRUE,Druk13,"13 Afname bodemdynamiek (erosie, omwoeling, verstuiving)",0nvt,NA,NA,NA,S
(Half-)natuurlijke graslanden,rbbhf,rbbhf,TRUE,Druk14,14 Verlies van aquatische connectiviteit,0nvt,NA,NA,NA,S
(Half-)natuurlijke graslanden,rbbhf,rbbhf,TRUE,Druk15,15 Verlies van terrestrische connectiviteit,0nvt,M,4,4,M
(Half-)natuurlijke graslanden,rbbhf,rbbhf,TRUE,Druk3.2,3.2 Eutrofiëring via de bodem,0nvt,L,5,6,L
(Half-)natuurlijke graslanden,rbbhf,rbbhf,TRUE,Druk3.3,3.3 Eutrofiëring via het grondwater,0nvt,H,1,1,H
(Half-)natuurlijke graslanden,rbbhf,rbbhf,TRUE,Druk3.4,3.4 Eutrofiëring via het oppervlaktewater (incl. overstromingswater en afspoeling),0nvt,H,3,3,H
(Half-)natuurlijke graslanden,rbbhf,rbbhf,TRUE,Druk4.2,4.2 Verzuring via het grondwater,0nvt,NA,NA,NA,S
(Half-)natuurlijke graslanden,rbbhf,rbbhf,TRUE,Druk4.3,4.3 Verzuring via het oppervlaktewater (incl. overstromingswater),0nvt,NA,NA,NA,S
(Half-)natuurlijke graslanden,rbbhf,rbbhf,TRUE,Druk5.1,5.1 Verdroging via het grondwater,0nvt,H,2,2,H
(Half-)natuurlijke graslanden,rbbhf,rbbhf,TRUE,Druk5.2,5.2 Vernatting via het grondwater,0nvt,L,7,7,L
(Half-)natuurlijke graslanden,rbbhf,rbbhf,TRUE,Druk61,61 Toename overstromingsduur of -frequentie (incl. getijden),0nvt,H,2,2,H
(Half-)natuurlijke graslanden,rbbhf,rbbhf,TRUE,Druk62,62 Afname overstromingsduur of -frequentie (incl. getijden),0nvt,NA,NA,NA,S
(Half-)natuurlijke graslanden,rbbhf,rbbhf,TRUE,Druk8.1,8.1 Verontreiniging via de lucht,0nvt,NA,NA,NA,S
(Half-)natuurlijke graslanden,rbbhf,rbbhf,TRUE,Druk8.2,8.2 Verontreiniging via de bodem,NA,NA,NA,5,L
(Half-)natuurlijke graslanden,rbbhf,rbbhf,TRUE,Druk8.3,8.3 Verontreiniging via het grondwater,0nvt,NA,NA,NA,S
(Half-)natuurlijke graslanden,rbbhf,rbbhf,TRUE,Druk8.4,8.4 Verontreiniging via het oppervlaktewater (incl. overstromingswater),0nvt,NA,NA,NA,S
(Half-)natuurlijke graslanden,rbbhf,rbbhf,TRUE,Druk8.5,8.5 Thermische verontreiniging: toename temperatuur oppervlaktewater,0nvt,NA,NA,NA,P
(Half-)natuurlijke graslanden,rbbhf,rbbhf,TRUE,Druk9.1,9.1 Geluid en trillingen,0nvt,NA,NA,NA,P
(Half-)natuurlijke graslanden,rbbhf,rbbhf,TRUE,Druk9.2,9.2 Licht en straling,0nvt,NA,NA,NA,P
(Half-)natuurlijke graslanden,rbbhf,rbbhf,TRUE,Druk9.3,9.3 Beweging en andere visuele verstoring,0nvt,NA,NA,NA,S
(Half-)natuurlijke graslanden,rbbhfl,rbbhfl,TRUE,Druk11,"11 Aanpassing van de fysische structuur naar een blijvende nieuwe toestand (bodemcompactie, verharding, herprofilering, nieuw substraat, grondverzet, ...)",NA,NA,NA,1,H
(Half-)natuurlijke graslanden,rbbhfl,rbbhfl,TRUE,Druk12,"12 Toename bodemdynamiek (erosie, omwoeling, verstuiving)",0nvt,NA,NA,NA,S
(Half-)natuurlijke graslanden,rbbhfl,rbbhfl,TRUE,Druk13,"13 Afname bodemdynamiek (erosie, omwoeling, verstuiving)",0nvt,NA,NA,NA,S
(Half-)natuurlijke graslanden,rbbhfl,rbbhfl,TRUE,Druk14,14 Verlies van aquatische connectiviteit,0nvt,NA,NA,NA,S
(Half-)natuurlijke graslanden,rbbhfl,rbbhfl,TRUE,Druk15,15 Verlies van terrestrische connectiviteit,NA,NA,NA,2,M
(Half-)natuurlijke graslanden,rbbhfl,rbbhfl,TRUE,Druk3.2,3.2 Eutrofiëring via de bodem,0nvt,NA,NA,NA,S
(Half-)natuurlijke graslanden,rbbhfl,rbbhfl,TRUE,Druk3.3,3.3 Eutrofiëring via het grondwater,NA,NA,NA,1,H
(Half-)natuurlijke graslanden,rbbhfl,rbbhfl,TRUE,Druk3.4,3.4 Eutrofiëring via het oppervlaktewater (incl. overstromingswater en afspoeling),NA,NA,NA,2,M
(Half-)natuurlijke graslanden,rbbhfl,rbbhfl,TRUE,Druk5.1,5.1 Verdroging via het grondwater,NA,NA,NA,1,H
(Half-)natuurlijke graslanden,rbbhfl,rbbhfl,TRUE,Druk5.2,5.2 Vernatting via het grondwater,NA,NA,NA,3,L
(Half-)natuurlijke graslanden,rbbhfl,rbbhfl,TRUE,Druk61,61 Toename overstromingsduur of -frequentie (incl. getijden),NA,NA,NA,2,M
(Half-)natuurlijke graslanden,rbbhfl,rbbhfl,TRUE,Druk62,62 Afname overstromingsduur of -frequentie (incl. getijden),0nvt,NA,NA,NA,S
(Half-)natuurlijke graslanden,rbbhfl,rbbhfl,TRUE,Druk7.3,7.3 Verzilting via het grondwater,0nvt,NA,NA,NA,S
(Half-)natuurlijke graslanden,rbbhfl,rbbhfl,TRUE,Druk7.4,7.4 Verzilting via het oppervlaktewater (incl. overstromingswater),0nvt,NA,NA,NA,S
(Half-)natuurlijke graslanden,rbbhfl,rbbhfl,TRUE,Druk8.1,8.1 Verontreiniging via de lucht,0nvt,NA,NA,NA,S
(Half-)natuurlijke graslanden,rbbhfl,rbbhfl,TRUE,Druk8.2,8.2 Verontreiniging via de bodem,0nvt,NA,NA,NA,S
(Half-)natuurlijke graslanden,rbbhfl,rbbhfl,TRUE,Druk8.3,8.3 Verontreiniging via het grondwater,0nvt,NA,NA,NA,S
(Half-)natuurlijke graslanden,rbbhfl,rbbhfl,TRUE,Druk8.4,8.4 Verontreiniging via het oppervlaktewater (incl. overstromingswater),0nvt,NA,NA,NA,S
(Half-)natuurlijke graslanden,rbbhfl,rbbhfl,TRUE,Druk8.5,8.5 Thermische verontreiniging: toename temperatuur oppervlaktewater,0nvt,NA,NA,NA,P
(Half-)natuurlijke graslanden,rbbhfl,rbbhfl,TRUE,Druk9.1,9.1 Geluid en trillingen,0nvt,NA,NA,NA,P
(Half-)natuurlijke graslanden,rbbhfl,rbbhfl,TRUE,Druk9.2,9.2 Licht en straling,0nvt,NA,NA,NA,P
(Half-)natuurlijke graslanden,rbbhfl,rbbhfl,TRUE,Druk9.3,9.3 Beweging en andere visuele verstoring,0nvt,NA,NA,NA,S
(Half-)natuurlijke graslanden,rbbkam,rbbkam,TRUE,Druk11,"11 Aanpassing van de fysische structuur naar een blijvende nieuwe toestand (bodemcompactie, verharding, herprofilering, nieuw substraat, grondverzet, ...)",0nvt,H,2,2,H
(Half-)natuurlijke graslanden,rbbkam,rbbkam,TRUE,Druk12,"12 Toename bodemdynamiek (erosie, omwoeling, verstuiving)",0nvt,NA,NA,NA,S
(Half-)natuurlijke graslanden,rbbkam,rbbkam,TRUE,Druk13,"13 Afname bodemdynamiek (erosie, omwoeling, verstuiving)",0nvt,NA,NA,NA,S
(Half-)natuurlijke graslanden,rbbkam,rbbkam,TRUE,Druk14,14 Verlies van aquatische connectiviteit,0nvt,NA,NA,NA,S
(Half-)natuurlijke graslanden,rbbkam,rbbkam,TRUE,Druk15,15 Verlies van terrestrische connectiviteit,0nvt,M,4,4,M
(Half-)natuurlijke graslanden,rbbkam,rbbkam,TRUE,Druk3.1,3.1 Eutrofiëring via de lucht,0nvt,L,6,7,L
(Half-)natuurlijke graslanden,rbbkam,rbbkam,TRUE,Druk3.2,3.2 Eutrofiëring via de bodem,0nvt,H,1,1,H
(Half-)natuurlijke graslanden,rbbkam,rbbkam,TRUE,Druk3.3,3.3 Eutrofiëring via het grondwater,0nvt,L,7,8,L
(Half-)natuurlijke graslanden,rbbkam,rbbkam,TRUE,Druk3.4,3.4 Eutrofiëring via het oppervlaktewater (incl. overstromingswater en afspoeling),0nvt,M,5,5,M
(Half-)natuurlijke graslanden,rbbkam,rbbkam,TRUE,Druk4.1,4.1 Verzuring via de lucht,0nvt,L,8,9,L
(Half-)natuurlijke graslanden,rbbkam,rbbkam,TRUE,Druk4.2,4.2 Verzuring via het grondwater,0nvt,NA,NA,NA,P
(Half-)natuurlijke graslanden,rbbkam,rbbkam,TRUE,Druk4.3,4.3 Verzuring via het oppervlaktewater (incl. overstromingswater),0nvt,NA,NA,NA,P
(Half-)natuurlijke graslanden,rbbkam,rbbkam,TRUE,Druk5.1,5.1 Verdroging via het grondwater,0nvt,NA,NA,NA,P
(Half-)natuurlijke graslanden,rbbkam,rbbkam,TRUE,Druk61,61 Toename overstromingsduur of -frequentie (incl. getijden),0nvt,M,5,5,M
(Half-)natuurlijke graslanden,rbbkam,rbbkam,TRUE,Druk7.3,7.3 Verzilting via het grondwater,0nvt,NA,NA,NA,S
(Half-)natuurlijke graslanden,rbbkam,rbbkam,TRUE,Druk7.4,7.4 Verzilting via het oppervlaktewater (incl. overstromingswater),0nvt,NA,NA,NA,S
(Half-)natuurlijke graslanden,rbbkam,rbbkam,TRUE,Druk8.1,8.1 Verontreiniging via de lucht,0nvt,NA,NA,NA,S
(Half-)natuurlijke graslanden,rbbkam,rbbkam,TRUE,Druk8.2,8.2 Verontreiniging via de bodem,0nvt,M,3,3,M
(Half-)natuurlijke graslanden,rbbkam,rbbkam,TRUE,Druk8.3,8.3 Verontreiniging via het grondwater,NA,NA,NA,6,L
(Half-)natuurlijke graslanden,rbbkam,rbbkam,TRUE,Druk8.4,8.4 Verontreiniging via het oppervlaktewater (incl. overstromingswater),BEHOUD,M,5,5,M
(Half-)natuurlijke graslanden,rbbkam,rbbkam,TRUE,Druk8.5,8.5 Thermische verontreiniging: toename temperatuur oppervlaktewater,0nvt,NA,NA,NA,P
(Half-)natuurlijke graslanden,rbbkam,rbbkam,TRUE,Druk9.1,9.1 Geluid en trillingen,0nvt,NA,NA,NA,P
(Half-)natuurlijke graslanden,rbbkam,rbbkam,TRUE,Druk9.2,9.2 Licht en straling,0nvt,NA,NA,NA,P
(Half-)natuurlijke graslanden,rbbkam,rbbkam,TRUE,Druk9.3,9.3 Beweging en andere visuele verstoring,0nvt,NA,NA,NA,S
Moerassen,rbbmc,rbbmc,TRUE,Druk101,101 Klimaatverandering in droge perioden,0nvt,L,9,8,L
Moerassen,rbbmc,rbbmc,TRUE,Druk11,"11 Aanpassing van de fysische structuur naar een blijvende nieuwe toestand (bodemcompactie, verharding, herprofilering, nieuw substraat, grondverzet, ...)",0nvt,M,6,4,M
Moerassen,rbbmc,rbbmc,TRUE,Druk12,"12 Toename bodemdynamiek (erosie, omwoeling, verstuiving)",0nvt,NA,NA,NA,S
Moerassen,rbbmc,rbbmc,TRUE,Druk13,"13 Afname bodemdynamiek (erosie, omwoeling, verstuiving)",0nvt,NA,NA,NA,S
Moerassen,rbbmc,rbbmc,TRUE,Druk14,14 Verlies van aquatische connectiviteit,0nvt,L,8,7,L
Moerassen,rbbmc,rbbmc,TRUE,Druk15,15 Verlies van terrestrische connectiviteit,0nvt,M,3,5,L
Moerassen,rbbmc,rbbmc,TRUE,Druk3.1,3.1 Eutrofiëring via de lucht,0nvt,L,9,8,L
Moerassen,rbbmc,rbbmc,TRUE,Druk3.2,3.2 Eutrofiëring via de bodem,0nvt,L,8,7,L
Moerassen,rbbmc,rbbmc,TRUE,Druk3.3,3.3 Eutrofiëring via het grondwater,0nvt,L,7,6,L
Moerassen,rbbmc,rbbmc,TRUE,Druk3.4,3.4 Eutrofiëring via het oppervlaktewater (incl. overstromingswater en afspoeling),0nvt,NA,NA,NA,S
Moerassen,rbbmc,rbbmc,TRUE,Druk4.1,4.1 Verzuring via de lucht,0nvt,NA,NA,NA,P
Moerassen,rbbmc,rbbmc,TRUE,Druk4.2,4.2 Verzuring via het grondwater,0nvt,NA,NA,NA,S
Moerassen,rbbmc,rbbmc,TRUE,Druk4.3,4.3 Verzuring via het oppervlaktewater (incl. overstromingswater),0nvt,NA,NA,NA,S
Moerassen,rbbmc,rbbmc,TRUE,Druk5.1,5.1 Verdroging via het grondwater,0nvt,H,1,1,H
Moerassen,rbbmc,rbbmc,TRUE,Druk5.2,5.2 Vernatting via het grondwater,0nvt,M,5,2,H
Moerassen,rbbmc,rbbmc,TRUE,Druk61,61 Toename overstromingsduur of -frequentie (incl. getijden),0nvt,L,9,8,L
Moerassen,rbbmc,rbbmc,TRUE,Druk62,62 Afname overstromingsduur of -frequentie (incl. getijden),0nvt,M,4,3,M
Moerassen,rbbmc,rbbmc,TRUE,Druk7.3,7.3 Verzilting via het grondwater,0nvt,NA,NA,NA,S
Moerassen,rbbmc,rbbmc,TRUE,Druk7.4,7.4 Verzilting via het oppervlaktewater (incl. overstromingswater),0nvt,NA,NA,NA,S
Moerassen,rbbmc,rbbmc,TRUE,Druk8.1,8.1 Verontreiniging via de lucht,0nvt,L,8,7,L
Moerassen,rbbmc,rbbmc,TRUE,Druk8.2,8.2 Verontreiniging via de bodem,0nvt,NA,NA,NA,S
Moerassen,rbbmc,rbbmc,TRUE,Druk8.3,8.3 Verontreiniging via het grondwater,0nvt,L,8,7,L
Moerassen,rbbmc,rbbmc,TRUE,Druk8.4,8.4 Verontreiniging via het oppervlaktewater (incl. overstromingswater),0nvt,L,8,7,L
Moerassen,rbbmc,rbbmc,TRUE,Druk8.5,8.5 Thermische verontreiniging: toename temperatuur oppervlaktewater,0nvt,NA,NA,NA,P
Moerassen,rbbmc,rbbmc,TRUE,Druk9.1,9.1 Geluid en trillingen,0nvt,NA,NA,NA,P
Moerassen,rbbmc,rbbmc,TRUE,Druk9.2,9.2 Licht en straling,0nvt,NA,NA,NA,P
Moerassen,rbbmc,rbbmc,TRUE,Druk9.3,9.3 Beweging en andere visuele verstoring,0nvt,NA,NA,NA,S
Moerassen,rbbmr,rbbmr,TRUE,Druk101,101 Klimaatverandering in droge perioden,0nvt,L,7,7,L
Moerassen,rbbmr,rbbmr,TRUE,Druk11,"11 Aanpassing van de fysische structuur naar een blijvende nieuwe toestand (bodemcompactie, verharding, herprofilering, nieuw substraat, grondverzet, ...)",0nvt,M,3,3,M
Moerassen,rbbmr,rbbmr,TRUE,Druk12,"12 Toename bodemdynamiek (erosie, omwoeling, verstuiving)",0nvt,NA,NA,NA,S
Moerassen,rbbmr,rbbmr,TRUE,Druk13,"13 Afname bodemdynamiek (erosie, omwoeling, verstuiving)",0nvt,NA,NA,NA,S
Moerassen,rbbmr,rbbmr,TRUE,Druk14,14 Verlies van aquatische connectiviteit,0nvt,L,6,6,L
Moerassen,rbbmr,rbbmr,TRUE,Druk15,15 Verlies van terrestrische connectiviteit,0nvt,M,2,2,M
Moerassen,rbbmr,rbbmr,TRUE,Druk3.1,3.1 Eutrofiëring via de lucht,0nvt,L,7,7,L
Moerassen,rbbmr,rbbmr,TRUE,Druk3.2,3.2 Eutrofiëring via de bodem,0nvt,L,6,6,L
Moerassen,rbbmr,rbbmr,TRUE,Druk3.3,3.3 Eutrofiëring via het grondwater,0nvt,M,4,4,M
Moerassen,rbbmr,rbbmr,TRUE,Druk3.4,3.4 Eutrofiëring via het oppervlaktewater (incl. overstromingswater en afspoeling),0nvt,L,5,5,L
Moerassen,rbbmr,rbbmr,TRUE,Druk4.2,4.2 Verzuring via het grondwater,0nvt,NA,NA,NA,S
Moerassen,rbbmr,rbbmr,TRUE,Druk4.3,4.3 Verzuring via het oppervlaktewater (incl. overstromingswater),0nvt,NA,NA,NA,S
Moerassen,rbbmr,rbbmr,TRUE,Druk5.1,5.1 Verdroging via het grondwater,0nvt,H,1,1,H
Moerassen,rbbmr,rbbmr,TRUE,Druk61,61 Toename overstromingsduur of -frequentie (incl. getijden),0nvt,L,7,7,L
Moerassen,rbbmr,rbbmr,TRUE,Druk62,62 Afname overstromingsduur of -frequentie (incl. getijden),0nvt,NA,NA,NA,S
Moerassen,rbbmr,rbbmr,TRUE,Druk8.1,8.1 Verontreiniging via de lucht,0nvt,L,6,6,L
Moerassen,rbbmr,rbbmr,TRUE,Druk8.2,8.2 Verontreiniging via de bodem,0nvt,NA,NA,NA,S
Moerassen,rbbmr,rbbmr,TRUE,Druk8.3,8.3 Verontreiniging via het grondwater,0nvt,L,6,6,L
Moerassen,rbbmr,rbbmr,TRUE,Druk8.4,8.4 Verontreiniging via het oppervlaktewater (incl. overstromingswater),0nvt,L,6,6,L
Moerassen,rbbmr,rbbmr,TRUE,Druk8.5,8.5 Thermische verontreiniging: toename temperatuur oppervlaktewater,0nvt,NA,NA,NA,P
Moerassen,rbbmr,rbbmr,TRUE,Druk9.1,9.1 Geluid en trillingen,0nvt,NA,NA,NA,P
Moerassen,rbbmr,rbbmr,TRUE,Druk9.2,9.2 Licht en straling,0nvt,NA,NA,NA,P
Moerassen,rbbmr,rbbmr,TRUE,Druk9.3,9.3 Beweging en andere visuele verstoring,0nvt,NA,NA,NA,S
Moerassen,rbbms,rbbms,TRUE,Druk101,101 Klimaatverandering in droge perioden,0nvt,L,10,10,L
Moerassen,rbbms,rbbms,TRUE,Druk11,"11 Aanpassing van de fysische structuur naar een blijvende nieuwe toestand (bodemcompactie, verharding, herprofilering, nieuw substraat, grondverzet, ...)",0nvt,M,6,6,M
Moerassen,rbbms,rbbms,TRUE,Druk12,"12 Toename bodemdynamiek (erosie, omwoeling, verstuiving)",0nvt,NA,NA,NA,S
Moerassen,rbbms,rbbms,TRUE,Druk13,"13 Afname bodemdynamiek (erosie, omwoeling, verstuiving)",0nvt,NA,NA,NA,S
Moerassen,rbbms,rbbms,TRUE,Druk14,14 Verlies van aquatische connectiviteit,0nvt,L,10,10,L
Moerassen,rbbms,rbbms,TRUE,Druk15,15 Verlies van terrestrische connectiviteit,0nvt,H,3,4,M
Moerassen,rbbms,rbbms,TRUE,Druk3.1,3.1 Eutrofiëring via de lucht,0nvt,M,8,7,M
Moerassen,rbbms,rbbms,TRUE,Druk3.2,3.2 Eutrofiëring via de bodem,0nvt,M,7,8,L
Moerassen,rbbms,rbbms,TRUE,Druk3.3,3.3 Eutrofiëring via het grondwater,0nvt,H,2,2,H
Moerassen,rbbms,rbbms,TRUE,Druk3.4,3.4 Eutrofiëring via het oppervlaktewater (incl. overstromingswater en afspoeling),0nvt,M,4,5,M
Moerassen,rbbms,rbbms,TRUE,Druk4.1,4.1 Verzuring via de lucht,0nvt,L,9,9,L
Moerassen,rbbms,rbbms,TRUE,Druk4.2,4.2 Verzuring via het grondwater,0nvt,L,9,9,L
Moerassen,rbbms,rbbms,TRUE,Druk4.3,4.3 Verzuring via het oppervlaktewater (incl. overstromingswater),0nvt,NA,NA,NA,P
Moerassen,rbbms,rbbms,TRUE,Druk5.1,5.1 Verdroging via het grondwater,0nvt,H,1,1,H
Moerassen,rbbms,rbbms,TRUE,Druk5.2,5.2 Vernatting via het grondwater,0nvt,L,9,9,L
Moerassen,rbbms,rbbms,TRUE,Druk61,61 Toename overstromingsduur of -frequentie (incl. getijden),0nvt,M,5,3,H
Moerassen,rbbms,rbbms,TRUE,Druk7.3,7.3 Verzilting via het grondwater,0nvt,NA,NA,NA,S
Moerassen,rbbms,rbbms,TRUE,Druk7.4,7.4 Verzilting via het oppervlaktewater (incl. overstromingswater),0nvt,NA,NA,NA,S
Moerassen,rbbms,rbbms,TRUE,Druk8.1,8.1 Verontreiniging via de lucht,0nvt,L,9,9,L
Moerassen,rbbms,rbbms,TRUE,Druk8.2,8.2 Verontreiniging via de bodem,0nvt,L,10,10,L
Moerassen,rbbms,rbbms,TRUE,Druk8.3,8.3 Verontreiniging via het grondwater,0nvt,L,9,9,L
Moerassen,rbbms,rbbms,TRUE,Druk8.5,8.5 Thermische verontreiniging: toename temperatuur oppervlaktewater,0nvt,NA,NA,NA,P
Moerassen,rbbms,rbbms,TRUE,Druk9.1,9.1 Geluid en trillingen,0nvt,NA,NA,NA,P
Moerassen,rbbms,rbbms,TRUE,Druk9.2,9.2 Licht en straling,0nvt,NA,NA,NA,P
Moerassen,rbbms,rbbms,TRUE,Druk9.3,9.3 Beweging en andere visuele verstoring,0nvt,NA,NA,NA,S
Bossen en struwelen,rbbppm,rbbppm,TRUE,Druk101,101 Klimaatverandering in droge perioden,0nvt,L,5,7,L
Bossen en struwelen,rbbppm,rbbppm,TRUE,Druk11,"11 Aanpassing van de fysische structuur naar een blijvende nieuwe toestand (bodemcompactie, verharding, herprofilering, nieuw substraat, grondverzet, ...)",0nvt,M,4,4,M
Bossen en struwelen,rbbppm,rbbppm,TRUE,Druk12,"12 Toename bodemdynamiek (erosie, omwoeling, verstuiving)",0nvt,L,5,7,L
Bossen en struwelen,rbbppm,rbbppm,TRUE,Druk13,"13 Afname bodemdynamiek (erosie, omwoeling, verstuiving)",0nvt,NA,NA,NA,S
Bossen en struwelen,rbbppm,rbbppm,TRUE,Druk14,14 Verlies van aquatische connectiviteit,0nvt,NA,NA,NA,S
Bossen en struwelen,rbbppm,rbbppm,TRUE,Druk15,15 Verlies van terrestrische connectiviteit,0nvt,H,3,3,H
Bossen en struwelen,rbbppm,rbbppm,TRUE,Druk3.1,3.1 Eutrofiëring via de lucht,0nvt,H,1,1,H
Bossen en struwelen,rbbppm,rbbppm,TRUE,Druk3.2,3.2 Eutrofiëring via de bodem,0nvt,NA,NA,NA,S
Bossen en struwelen,rbbppm,rbbppm,TRUE,Druk3.3,3.3 Eutrofiëring via het grondwater,0nvt,NA,NA,NA,S
Bossen en struwelen,rbbppm,rbbppm,TRUE,Druk3.4,3.4 Eutrofiëring via het oppervlaktewater (incl. overstromingswater en afspoeling),0nvt,NA,NA,NA,S
Bossen en struwelen,rbbppm,rbbppm,TRUE,Druk4.1,4.1 Verzuring via de lucht,0nvt,H,2,2,H
Bossen en struwelen,rbbppm,rbbppm,TRUE,Druk4.2,4.2 Verzuring via het grondwater,0nvt,NA,NA,NA,S
Bossen en struwelen,rbbppm,rbbppm,TRUE,Druk4.3,4.3 Verzuring via het oppervlaktewater (incl. overstromingswater),0nvt,NA,NA,NA,S
Bossen en struwelen,rbbppm,rbbppm,TRUE,Druk5.1,5.1 Verdroging via het grondwater,0nvt,NA,NA,5,M
Bossen en struwelen,rbbppm,rbbppm,TRUE,Druk5.2,5.2 Vernatting via het grondwater,0nvt,NA,NA,6,L
Bossen en struwelen,rbbppm,rbbppm,TRUE,Druk61,61 Toename overstromingsduur of -frequentie (incl. getijden),0nvt,NA,NA,NA,S
Bossen en struwelen,rbbppm,rbbppm,TRUE,Druk7.3,7.3 Verzilting via het grondwater,0nvt,NA,NA,NA,S
Bossen en struwelen,rbbppm,rbbppm,TRUE,Druk7.4,7.4 Verzilting via het oppervlaktewater (incl. overstromingswater),0nvt,NA,NA,NA,S
Bossen en struwelen,rbbppm,rbbppm,TRUE,Druk8.1,8.1 Verontreiniging via de lucht,0nvt,NA,NA,NA,S
Bossen en struwelen,rbbppm,rbbppm,TRUE,Druk8.2,8.2 Verontreiniging via de bodem,0nvt,NA,NA,NA,S
Bossen en struwelen,rbbppm,rbbppm,TRUE,Druk8.3,8.3 Verontreiniging via het grondwater,0nvt,NA,NA,NA,S
Bossen en struwelen,rbbppm,rbbppm,TRUE,Druk8.4,8.4 Verontreiniging via het oppervlaktewater (incl. overstromingswater),0nvt,NA,NA,NA,S
Bossen en struwelen,rbbppm,rbbppm,TRUE,Druk8.5,8.5 Thermische verontreiniging: toename temperatuur oppervlaktewater,0nvt,NA,NA,NA,P
Bossen en struwelen,rbbppm,rbbppm,TRUE,Druk9.3,9.3 Beweging en andere visuele verstoring,0nvt,NA,NA,NA,S
Bossen en struwelen,rbbsf,rbbsf,TRUE,Druk11,"11 Aanpassing van de fysische structuur naar een blijvende nieuwe toestand (bodemcompactie, verharding, herprofilering, nieuw substraat, grondverzet, ...)",0nvt,M,6,6,M
Bossen en struwelen,rbbsf,rbbsf,TRUE,Druk12,"12 Toename bodemdynamiek (erosie, omwoeling, verstuiving)",0nvt,NA,NA,NA,S
Bossen en struwelen,rbbsf,rbbsf,TRUE,Druk13,"13 Afname bodemdynamiek (erosie, omwoeling, verstuiving)",0nvt,NA,NA,NA,S
Bossen en struwelen,rbbsf,rbbsf,TRUE,Druk14,14 Verlies van aquatische connectiviteit,0nvt,H,4,4,H
Bossen en struwelen,rbbsf,rbbsf,TRUE,Druk15,15 Verlies van terrestrische connectiviteit,0nvt,H,5,5,H
Bossen en struwelen,rbbsf,rbbsf,TRUE,Druk3.1,3.1 Eutrofiëring via de lucht,BEHOUD,M,6,6,M
Bossen en struwelen,rbbsf,rbbsf,TRUE,Druk3.2,3.2 Eutrofiëring via de bodem,NA,NA,NA,6,M
Bossen en struwelen,rbbsf,rbbsf,TRUE,Druk3.3,3.3 Eutrofiëring via het grondwater,0nvt,H,2,2,H
Bossen en struwelen,rbbsf,rbbsf,TRUE,Druk3.4,3.4 Eutrofiëring via het oppervlaktewater (incl. overstromingswater en afspoeling),0nvt,H,3,3,H
Bossen en struwelen,rbbsf,rbbsf,TRUE,Druk4.3,4.3 Verzuring via het oppervlaktewater (incl. overstromingswater),0nvt,NA,NA,NA,S
Bossen en struwelen,rbbsf,rbbsf,TRUE,Druk5.1,5.1 Verdroging via het grondwater,0nvt,H,1,1,H
Bossen en struwelen,rbbsf,rbbsf,TRUE,Druk61,61 Toename overstromingsduur of -frequentie (incl. getijden),0nvt,L,7,7,L
Bossen en struwelen,rbbsf,rbbsf,TRUE,Druk62,62 Afname overstromingsduur of -frequentie (incl. getijden),0nvt,NA,NA,NA,S
Bossen en struwelen,rbbsf,rbbsf,TRUE,Druk7.3,7.3 Verzilting via het grondwater,0nvt,NA,NA,NA,S
Bossen en struwelen,rbbsf,rbbsf,TRUE,Druk7.4,7.4 Verzilting via het oppervlaktewater (incl. overstromingswater),0nvt,NA,NA,NA,S
Bossen en struwelen,rbbsf,rbbsf,TRUE,Druk8.1,8.1 Verontreiniging via de lucht,0nvt,NA,NA,NA,S
Bossen en struwelen,rbbsf,rbbsf,TRUE,Druk8.2,8.2 Verontreiniging via de bodem,0nvt,L,7,7,L
Bossen en struwelen,rbbsf,rbbsf,TRUE,Druk8.3,8.3 Verontreiniging via het grondwater,0nvt,NA,NA,NA,S
Bossen en struwelen,rbbsf,rbbsf,TRUE,Druk8.4,8.4 Verontreiniging via het oppervlaktewater (incl. overstromingswater),0nvt,NA,NA,NA,S
Bossen en struwelen,rbbsf,rbbsf,TRUE,Druk8.5,8.5 Thermische verontreiniging: toename temperatuur oppervlaktewater,0nvt,NA,NA,NA,P
Bossen en struwelen,rbbsf,rbbsf,TRUE,Druk9.1,9.1 Geluid en trillingen,0nvt,NA,NA,NA,P
Bossen en struwelen,rbbsf,rbbsf,TRUE,Druk9.2,9.2 Licht en straling,0nvt,NA,NA,NA,P
Bossen en struwelen,rbbsf,rbbsf,TRUE,Druk9.3,9.3 Beweging en andere visuele verstoring,0nvt,NA,NA,NA,S
Heiden,rbbsg,rbbsg,TRUE,Druk101,101 Klimaatverandering in droge perioden,0nvt,L,2,2,L
Heiden,rbbsg,rbbsg,TRUE,Druk11,"11 Aanpassing van de fysische structuur naar een blijvende nieuwe toestand (bodemcompactie, verharding, herprofilering, nieuw substraat, grondverzet, ...)",0nvt,L,2,2,L
Heiden,rbbsg,rbbsg,TRUE,Druk12,"12 Toename bodemdynamiek (erosie, omwoeling, verstuiving)",0nvt,NA,NA,NA,S
Heiden,rbbsg,rbbsg,TRUE,Druk13,"13 Afname bodemdynamiek (erosie, omwoeling, verstuiving)",0nvt,NA,NA,NA,S
Heiden,rbbsg,rbbsg,TRUE,Druk14,14 Verlies van aquatische connectiviteit,0nvt,NA,NA,NA,S
Heiden,rbbsg,rbbsg,TRUE,Druk15,15 Verlies van terrestrische connectiviteit,0nvt,M,1,1,M
Heiden,rbbsg,rbbsg,TRUE,Druk3.1,3.1 Eutrofiëring via de lucht,0nvt,L,2,2,L
Heiden,rbbsg,rbbsg,TRUE,Druk3.2,3.2 Eutrofiëring via de bodem,0nvt,NA,NA,NA,S
Heiden,rbbsg,rbbsg,TRUE,Druk3.4,3.4 Eutrofiëring via het oppervlaktewater (incl. overstromingswater en afspoeling),0nvt,NA,NA,NA,S
Heiden,rbbsg,rbbsg,TRUE,Druk4.1,4.1 Verzuring via de lucht,0nvt,NA,NA,NA,S
Heiden,rbbsg,rbbsg,TRUE,Druk5.2,5.2 Vernatting via het grondwater,0nvt,NA,NA,NA,S
Heiden,rbbsg,rbbsg,TRUE,Druk61,61 Toename overstromingsduur of -frequentie (incl. getijden),0nvt,NA,NA,NA,S
Heiden,rbbsg,rbbsg,TRUE,Druk7.4,7.4 Verzilting via het oppervlaktewater (incl. overstromingswater),0nvt,NA,NA,NA,S
Heiden,rbbsg,rbbsg,TRUE,Druk8.1,8.1 Verontreiniging via de lucht,0nvt,NA,NA,NA,S
Heiden,rbbsg,rbbsg,TRUE,Druk8.2,8.2 Verontreiniging via de bodem,0nvt,NA,NA,NA,S
Heiden,rbbsg,rbbsg,TRUE,Druk8.4,8.4 Verontreiniging via het oppervlaktewater (incl. overstromingswater),0nvt,NA,NA,NA,S
Heiden,rbbsg,rbbsg,TRUE,Druk8.5,8.5 Thermische verontreiniging: toename temperatuur oppervlaktewater,0nvt,NA,NA,NA,P
Heiden,rbbsg,rbbsg,TRUE,Druk9.1,9.1 Geluid en trillingen,0nvt,NA,NA,NA,S
Heiden,rbbsg,rbbsg,TRUE,Druk9.3,9.3 Beweging en andere visuele verstoring,0nvt,NA,NA,NA,S
Heiden,rbbsm,rbbsm,TRUE,Druk11,"11 Aanpassing van de fysische structuur naar een blijvende nieuwe toestand (bodemcompactie, verharding, herprofilering, nieuw substraat, grondverzet, ...)",0nvt,M,4,4,M
Heiden,rbbsm,rbbsm,TRUE,Druk12,"12 Toename bodemdynamiek (erosie, omwoeling, verstuiving)",0nvt,NA,NA,NA,S
Heiden,rbbsm,rbbsm,TRUE,Druk13,"13 Afname bodemdynamiek (erosie, omwoeling, verstuiving)",0nvt,NA,NA,NA,S
Heiden,rbbsm,rbbsm,TRUE,Druk14,14 Verlies van aquatische connectiviteit,0nvt,NA,NA,NA,S
Heiden,rbbsm,rbbsm,TRUE,Druk15,15 Verlies van terrestrische connectiviteit,0nvt,L,5,6,L
Heiden,rbbsm,rbbsm,TRUE,Druk3.1,3.1 Eutrofiëring via de lucht,0nvt,L,5,6,L
Heiden,rbbsm,rbbsm,TRUE,Druk3.2,3.2 Eutrofiëring via de bodem,0nvt,L,5,6,L
Heiden,rbbsm,rbbsm,TRUE,Druk3.3,3.3 Eutrofiëring via het grondwater,0nvt,H,2,2,H
Heiden,rbbsm,rbbsm,TRUE,Druk3.4,3.4 Eutrofiëring via het oppervlaktewater (incl. overstromingswater en afspoeling),0nvt,M,3,3,M
Heiden,rbbsm,rbbsm,TRUE,Druk4.1,4.1 Verzuring via de lucht,0nvt,NA,NA,NA,P
Heiden,rbbsm,rbbsm,TRUE,Druk5.1,5.1 Verdroging via het grondwater,0nvt,H,1,1,H
Heiden,rbbsm,rbbsm,TRUE,Druk5.2,5.2 Vernatting via het grondwater,0nvt,NA,NA,5,M
Heiden,rbbsm,rbbsm,TRUE,Druk61,61 Toename overstromingsduur of -frequentie (incl. getijden),0nvt,NA,NA,NA,S
Heiden,rbbsm,rbbsm,TRUE,Druk7.3,7.3 Verzilting via het grondwater,0nvt,NA,NA,NA,S
Heiden,rbbsm,rbbsm,TRUE,Druk7.4,7.4 Verzilting via het oppervlaktewater (incl. overstromingswater),0nvt,NA,NA,NA,S
Heiden,rbbsm,rbbsm,TRUE,Druk8.1,8.1 Verontreiniging via de lucht,0nvt,NA,NA,NA,S
Heiden,rbbsm,rbbsm,TRUE,Druk8.2,8.2 Verontreiniging via de bodem,0nvt,NA,NA,NA,S
Heiden,rbbsm,rbbsm,TRUE,Druk8.3,8.3 Verontreiniging via het grondwater,0nvt,NA,NA,NA,S
Heiden,rbbsm,rbbsm,TRUE,Druk8.5,8.5 Thermische verontreiniging: toename temperatuur oppervlaktewater,0nvt,NA,NA,NA,P
Heiden,rbbsm,rbbsm,TRUE,Druk9.1,9.1 Geluid en trillingen,0nvt,NA,NA,NA,P
Heiden,rbbsm,rbbsm,TRUE,Druk9.2,9.2 Licht en straling,0nvt,NA,NA,NA,P
Heiden,rbbsm,rbbsm,TRUE,Druk9.3,9.3 Beweging en andere visuele verstoring,0nvt,NA,NA,NA,S
Bossen en struwelen,rbbso,rbbso,TRUE,Druk11,"11 Aanpassing van de fysische structuur naar een blijvende nieuwe toestand (bodemcompactie, verharding, herprofilering, nieuw substraat, grondverzet, ...)",0nvt,M,5,5,M
Bossen en struwelen,rbbso,rbbso,TRUE,Druk12,"12 Toename bodemdynamiek (erosie, omwoeling, verstuiving)",0nvt,NA,NA,NA,S
Bossen en struwelen,rbbso,rbbso,TRUE,Druk13,"13 Afname bodemdynamiek (erosie, omwoeling, verstuiving)",0nvt,NA,NA,NA,S
Bossen en struwelen,rbbso,rbbso,TRUE,Druk14,14 Verlies van aquatische connectiviteit,0nvt,M,5,5,M
Bossen en struwelen,rbbso,rbbso,TRUE,Druk15,15 Verlies van terrestrische connectiviteit,0nvt,H,4,4,H
Bossen en struwelen,rbbso,rbbso,TRUE,Druk3.1,3.1 Eutrofiëring via de lucht,0nvt,H,4,4,H
Bossen en struwelen,rbbso,rbbso,TRUE,Druk3.2,3.2 Eutrofiëring via de bodem,NA,NA,NA,6,M
Bossen en struwelen,rbbso,rbbso,TRUE,Druk3.3,3.3 Eutrofiëring via het grondwater,0nvt,H,1,1,H
Bossen en struwelen,rbbso,rbbso,TRUE,Druk3.4,3.4 Eutrofiëring via het oppervlaktewater (incl. overstromingswater en afspoeling),0nvt,H,3,3,H
Bossen en struwelen,rbbso,rbbso,TRUE,Druk4.1,4.1 Verzuring via de lucht,0nvt,M,5,5,M
Bossen en struwelen,rbbso,rbbso,TRUE,Druk5.1,5.1 Verdroging via het grondwater,0nvt,H,2,2,H
Bossen en struwelen,rbbso,rbbso,TRUE,Druk61,61 Toename overstromingsduur of -frequentie (incl. getijden),0nvt,L,6,7,L
Bossen en struwelen,rbbso,rbbso,TRUE,Druk7.3,7.3 Verzilting via het grondwater,0nvt,NA,NA,NA,S
Bossen en struwelen,rbbso,rbbso,TRUE,Druk7.4,7.4 Verzilting via het oppervlaktewater (incl. overstromingswater),0nvt,NA,NA,NA,S
Bossen en struwelen,rbbso,rbbso,TRUE,Druk8.1,8.1 Verontreiniging via de lucht,0nvt,NA,NA,NA,S
Bossen en struwelen,rbbso,rbbso,TRUE,Druk8.2,8.2 Verontreiniging via de bodem,0nvt,NA,NA,NA,S
Bossen en struwelen,rbbso,rbbso,TRUE,Druk8.3,8.3 Verontreiniging via het grondwater,0nvt,NA,NA,NA,S
Bossen en struwelen,rbbso,rbbso,TRUE,Druk8.5,8.5 Thermische verontreiniging: toename temperatuur oppervlaktewater,0nvt,NA,NA,NA,P
Bossen en struwelen,rbbso,rbbso,TRUE,Druk9.1,9.1 Geluid en trillingen,0nvt,NA,NA,NA,P
Bossen en struwelen,rbbso,rbbso,TRUE,Druk9.2,9.2 Licht en straling,0nvt,NA,NA,NA,P
Bossen en struwelen,rbbso,rbbso,TRUE,Druk9.3,9.3 Beweging en andere visuele verstoring,0nvt,NA,NA,NA,S
Bossen en struwelen,rbbsp,rbbsp,TRUE,Druk11,"11 Aanpassing van de fysische structuur naar een blijvende nieuwe toestand (bodemcompactie, verharding, herprofilering, nieuw substraat, grondverzet, ...)",0nvt,L,4,4,L
Bossen en struwelen,rbbsp,rbbsp,TRUE,Druk12,"12 Toename bodemdynamiek (erosie, omwoeling, verstuiving)",0nvt,NA,NA,NA,S
Bossen en struwelen,rbbsp,rbbsp,TRUE,Druk13,"13 Afname bodemdynamiek (erosie, omwoeling, verstuiving)",0nvt,NA,NA,NA,S
Bossen en struwelen,rbbsp,rbbsp,TRUE,Druk14,14 Verlies van aquatische connectiviteit,0nvt,NA,NA,NA,S
Bossen en struwelen,rbbsp,rbbsp,TRUE,Druk15,15 Verlies van terrestrische connectiviteit,0nvt,H,2,2,H
Bossen en struwelen,rbbsp,rbbsp,TRUE,Druk3.1,3.1 Eutrofiëring via de lucht,0nvt,H,1,1,H
Bossen en struwelen,rbbsp,rbbsp,TRUE,Druk3.2,3.2 Eutrofiëring via de bodem,0nvt,M,3,3,M
Bossen en struwelen,rbbsp,rbbsp,TRUE,Druk3.3,3.3 Eutrofiëring via het grondwater,0nvt,NA,NA,NA,S
Bossen en struwelen,rbbsp,rbbsp,TRUE,Druk3.4,3.4 Eutrofiëring via het oppervlaktewater (incl. overstromingswater en afspoeling),0nvt,NA,NA,NA,S
Bossen en struwelen,rbbsp,rbbsp,TRUE,Druk4.1,4.1 Verzuring via de lucht,0nvt,L,4,4,L
Bossen en struwelen,rbbsp,rbbsp,TRUE,Druk5.1,5.1 Verdroging via het grondwater,0nvt,NA,NA,NA,S
Bossen en struwelen,rbbsp,rbbsp,TRUE,Druk5.2,5.2 Vernatting via het grondwater,0nvt,NA,NA,NA,S
Bossen en struwelen,rbbsp,rbbsp,TRUE,Druk61,61 Toename overstromingsduur of -frequentie (incl. getijden),0nvt,NA,NA,NA,S
Bossen en struwelen,rbbsp,rbbsp,TRUE,Druk7.3,7.3 Verzilting via het grondwater,0nvt,NA,NA,NA,S
Bossen en struwelen,rbbsp,rbbsp,TRUE,Druk7.4,7.4 Verzilting via het oppervlaktewater (incl. overstromingswater),0nvt,NA,NA,NA,S
Bossen en struwelen,rbbsp,rbbsp,TRUE,Druk8.1,8.1 Verontreiniging via de lucht,0nvt,NA,NA,NA,S
Bossen en struwelen,rbbsp,rbbsp,TRUE,Druk8.2,8.2 Verontreiniging via de bodem,0nvt,NA,NA,NA,S
Bossen en struwelen,rbbsp,rbbsp,TRUE,Druk8.3,8.3 Verontreiniging via het grondwater,0nvt,NA,NA,NA,S
Bossen en struwelen,rbbsp,rbbsp,TRUE,Druk8.4,8.4 Verontreiniging via het oppervlaktewater (incl. overstromingswater),0nvt,NA,NA,NA,S
Bossen en struwelen,rbbsp,rbbsp,TRUE,Druk8.5,8.5 Thermische verontreiniging: toename temperatuur oppervlaktewater,0nvt,NA,NA,NA,P
Bossen en struwelen,rbbsp,rbbsp,TRUE,Druk9.1,9.1 Geluid en trillingen,0nvt,NA,NA,NA,P
Bossen en struwelen,rbbsp,rbbsp,TRUE,Druk9.2,9.2 Licht en straling,0nvt,NA,NA,NA,P
Bossen en struwelen,rbbsp,rbbsp,TRUE,Druk9.3,9.3 Beweging en andere visuele verstoring,0nvt,NA,NA,NA,S
(Half-)natuurlijke graslanden,rbbvos,rbbvos,TRUE,Druk11,"11 Aanpassing van de fysische structuur naar een blijvende nieuwe toestand (bodemcompactie, verharding, herprofilering, nieuw substraat, grondverzet, ...)",0nvt,M,5,5,M
(Half-)natuurlijke graslanden,rbbvos,rbbvos,TRUE,Druk12,"12 Toename bodemdynamiek (erosie, omwoeling, verstuiving)",0nvt,NA,NA,NA,S
(Half-)natuurlijke graslanden,rbbvos,rbbvos,TRUE,Druk13,"13 Afname bodemdynamiek (erosie, omwoeling, verstuiving)",0nvt,NA,NA,NA,S
(Half-)natuurlijke graslanden,rbbvos,rbbvos,TRUE,Druk14,14 Verlies van aquatische connectiviteit,0nvt,NA,NA,NA,S
(Half-)natuurlijke graslanden,rbbvos,rbbvos,TRUE,Druk15,15 Verlies van terrestrische connectiviteit,0nvt,H,4,4,H
(Half-)natuurlijke graslanden,rbbvos,rbbvos,TRUE,Druk3.1,3.1 Eutrofiëring via de lucht,0nvt,L,8,8,L
(Half-)natuurlijke graslanden,rbbvos,rbbvos,TRUE,Druk3.2,3.2 Eutrofiëring via de bodem,0nvt,H,2,2,H
(Half-)natuurlijke graslanden,rbbvos,rbbvos,TRUE,Druk3.3,3.3 Eutrofiëring via het grondwater,0nvt,L,7,7,L
(Half-)natuurlijke graslanden,rbbvos,rbbvos,TRUE,Druk3.4,3.4 Eutrofiëring via het oppervlaktewater (incl. overstromingswater en afspoeling),0nvt,H,3,3,H
(Half-)natuurlijke graslanden,rbbvos,rbbvos,TRUE,Druk4.1,4.1 Verzuring via de lucht,0nvt,L,9,9,L
(Half-)natuurlijke graslanden,rbbvos,rbbvos,TRUE,Druk4.2,4.2 Verzuring via het grondwater,0nvt,L,9,9,L
(Half-)natuurlijke graslanden,rbbvos,rbbvos,TRUE,Druk4.3,4.3 Verzuring via het oppervlaktewater (incl. overstromingswater),0nvt,NA,NA,NA,S
(Half-)natuurlijke graslanden,rbbvos,rbbvos,TRUE,Druk5.1,5.1 Verdroging via het grondwater,0nvt,H,1,1,H
(Half-)natuurlijke graslanden,rbbvos,rbbvos,TRUE,Druk5.2,5.2 Vernatting via het grondwater,0nvt,L,9,9,L
(Half-)natuurlijke graslanden,rbbvos,rbbvos,TRUE,Druk61,61 Toename overstromingsduur of -frequentie (incl. getijden),0nvt,L,9,9,L
(Half-)natuurlijke graslanden,rbbvos,rbbvos,TRUE,Druk62,62 Afname overstromingsduur of -frequentie (incl. getijden),0nvt,L,8,8,L
(Half-)natuurlijke graslanden,rbbvos,rbbvos,TRUE,Druk7.3,7.3 Verzilting via het grondwater,0nvt,NA,NA,NA,S
(Half-)natuurlijke graslanden,rbbvos,rbbvos,TRUE,Druk7.4,7.4 Verzilting via het oppervlaktewater (incl. overstromingswater),0nvt,NA,NA,NA,S
(Half-)natuurlijke graslanden,rbbvos,rbbvos,TRUE,Druk8.1,8.1 Verontreiniging via de lucht,0nvt,L,9,9,L
(Half-)natuurlijke graslanden,rbbvos,rbbvos,TRUE,Druk8.2,8.2 Verontreiniging via de bodem,0nvt,L,6,6,M
(Half-)natuurlijke graslanden,rbbvos,rbbvos,TRUE,Druk8.3,8.3 Verontreiniging via het grondwater,0nvt,L,9,9,L
(Half-)natuurlijke graslanden,rbbvos,rbbvos,TRUE,Druk8.4,8.4 Verontreiniging via het oppervlaktewater (incl. overstromingswater),0nvt,L,8,8,L
(Half-)natuurlijke graslanden,rbbvos,rbbvos,TRUE,Druk8.5,8.5 Thermische verontreiniging: toename temperatuur oppervlaktewater,0nvt,NA,NA,NA,P
(Half-)natuurlijke graslanden,rbbvos,rbbvos,TRUE,Druk9.3,9.3 Beweging en andere visuele verstoring,0nvt,NA,NA,NA,S
(Half-)natuurlijke graslanden,rbbzil,rbbzil,TRUE,Druk101,101 Klimaatverandering in droge perioden,0nvt,L,11,12,L
(Half-)natuurlijke graslanden,rbbzil,rbbzil,TRUE,Druk102,102 Klimaatverandering in natte perioden,0nvt,L,11,12,L
(Half-)natuurlijke graslanden,rbbzil,rbbzil,TRUE,Druk11,"11 Aanpassing van de fysische structuur naar een blijvende nieuwe toestand (bodemcompactie, verharding, herprofilering, nieuw substraat, grondverzet, ...)",0nvt,H,4,4,H
(Half-)natuurlijke graslanden,rbbzil,rbbzil,TRUE,Druk12,"12 Toename bodemdynamiek (erosie, omwoeling, verstuiving)",0nvt,NA,NA,NA,S
(Half-)natuurlijke graslanden,rbbzil,rbbzil,TRUE,Druk13,"13 Afname bodemdynamiek (erosie, omwoeling, verstuiving)",0nvt,NA,NA,NA,S
(Half-)natuurlijke graslanden,rbbzil,rbbzil,TRUE,Druk14,14 Verlies van aquatische connectiviteit,0nvt,NA,NA,NA,S
(Half-)natuurlijke graslanden,rbbzil,rbbzil,TRUE,Druk15,15 Verlies van terrestrische connectiviteit,0nvt,H,5,5,H
(Half-)natuurlijke graslanden,rbbzil,rbbzil,TRUE,Druk3.1,3.1 Eutrofiëring via de lucht,0nvt,L,8,9,L
(Half-)natuurlijke graslanden,rbbzil,rbbzil,TRUE,Druk3.2,3.2 Eutrofiëring via de bodem,0nvt,H,3,3,H
(Half-)natuurlijke graslanden,rbbzil,rbbzil,TRUE,Druk3.3,3.3 Eutrofiëring via het grondwater,0nvt,M,6,6,M
(Half-)natuurlijke graslanden,rbbzil,rbbzil,TRUE,Druk3.4,3.4 Eutrofiëring via het oppervlaktewater (incl. overstromingswater en afspoeling),0nvt,H,1,1,H
(Half-)natuurlijke graslanden,rbbzil,rbbzil,TRUE,Druk4.3,4.3 Verzuring via het oppervlaktewater (incl. overstromingswater),0nvt,NA,NA,NA,S
(Half-)natuurlijke graslanden,rbbzil,rbbzil,TRUE,Druk5.1,5.1 Verdroging via het grondwater,0nvt,H,2,2,H
(Half-)natuurlijke graslanden,rbbzil,rbbzil,TRUE,Druk5.2,5.2 Vernatting via het grondwater,0nvt,L,9,10,L
(Half-)natuurlijke graslanden,rbbzil,rbbzil,TRUE,Druk61,61 Toename overstromingsduur of -frequentie (incl. getijden),0nvt,L,10,11,L
(Half-)natuurlijke graslanden,rbbzil,rbbzil,TRUE,Druk62,62 Afname overstromingsduur of -frequentie (incl. getijden),0nvt,M,7,7,M
(Half-)natuurlijke graslanden,rbbzil,rbbzil,TRUE,Druk8.1,8.1 Verontreiniging via de lucht,0nvt,NA,NA,NA,P
(Half-)natuurlijke graslanden,rbbzil,rbbzil,TRUE,Druk8.2,8.2 Verontreiniging via de bodem,0nvt,L,11,8,M
(Half-)natuurlijke graslanden,rbbzil,rbbzil,TRUE,Druk8.3,8.3 Verontreiniging via het grondwater,0nvt,L,11,12,L
(Half-)natuurlijke graslanden,rbbzil,rbbzil,TRUE,Druk8.4,8.4 Verontreiniging via het oppervlaktewater (incl. overstromingswater),0nvt,L,11,12,L
(Half-)natuurlijke graslanden,rbbzil,rbbzil,TRUE,Druk8.5,8.5 Thermische verontreiniging: toename temperatuur oppervlaktewater,0nvt,NA,NA,NA,P
(Half-)natuurlijke graslanden,rbbzil,rbbzil,TRUE,Druk9.1,9.1 Geluid en trillingen,0nvt,NA,NA,NA,P
(Half-)natuurlijke graslanden,rbbzil,rbbzil,TRUE,Druk9.2,9.2 Licht en straling,0nvt,NA,NA,NA,P
(Half-)natuurlijke graslanden,rbbzil,rbbzil,TRUE,Druk9.3,9.3 Beweging en andere visuele verstoring,0nvt,NA,NA,NA,S
