rank,x,y,date,nh4,no3,po4,po4f,period_min,period_max,source
238515,223950,218080,2000-04-03,2.5,5.5,0.08,NA,2000-01-01,2006-12-31,H3260_v1_0
123574,187346,210000,2000-04-05,0.7,1.88,NA,NA,2000-01-01,2006-12-31,H3260_v1_0
40171,250075,162498,2000-04-25,0.33,13.7,0.16,NA,2000-01-01,2006-12-31,H3260_v1_0
238759,225609,198258,2000-04-27,NA,16.6,NA,NA,2000-01-01,2006-12-31,H3260_v1_0
238515,223950,218080,2000-04-27,2.38,5.09,0.17,NA,2000-01-01,2006-12-31,H3260_v1_0
213836,241452,197091,2000-04-25,0.41,3.58,0.18,NA,2000-01-01,2006-12-31,H3260_v1_0
123574,187346,210000,2000-05-03,0.55,1.67,NA,NA,2000-01-01,2006-12-31,H3260_v1_0
213836,241452,197091,2000-01-20,1,4.18,0.16,NA,2000-01-01,2006-12-31,H3260_v1_0
238515,223950,218080,2000-02-28,2,6.4,0.05,NA,2000-01-01,2006-12-31,H3260_v1_0
123574,187346,210000,2000-03-09,0.89,2.89,NA,NA,2000-01-01,2006-12-31,H3260_v1_0
238759,225609,198258,2000-03-20,NA,17.6,NA,NA,2000-01-01,2006-12-31,H3260_v1_0
238515,223950,218080,2000-03-20,9.84,1.47,0.23,NA,2000-01-01,2006-12-31,H3260_v1_0
213836,241452,197091,2000-03-21,0.25,4.14,0,NA,2000-01-01,2006-12-31,H3260_v1_0
40171,250075,162498,2000-03-21,0.05,14.2,0,NA,2000-01-01,2006-12-31,H3260_v1_0
40171,250075,162498,2000-05-30,0.28,14.8,0,NA,2000-01-01,2006-12-31,H3260_v1_0
123574,187346,210000,2000-06-20,0.17,1.25,NA,NA,2000-01-01,2006-12-31,H3260_v1_0
213836,241452,197091,2000-06-27,0.37,3.3,0,NA,2000-01-01,2006-12-31,H3260_v1_0
40171,250075,162498,2000-06-27,0.09,14.4,0,NA,2000-01-01,2006-12-31,H3260_v1_0
238759,225609,198258,2000-06-29,NA,10.9,NA,NA,2000-01-01,2006-12-31,H3260_v1_0
238515,223950,218080,2000-06-29,2.56,3.67,0.21,NA,2000-01-01,2006-12-31,H3260_v1_0
38402,197860,216731,2000-01-17,0.82,1.64,NA,NA,2000-01-01,2006-12-31,H3260_v1_0
123559,185896,209550,2000-01-14,2.29,2.36,NA,NA,2000-01-01,2006-12-31,H3260_v1_0
212371,244877,161556,2000-01-20,0.35,9.25,0.17,NA,2000-01-01,2006-12-31,H3260_v1_0
123559,185896,209550,2000-02-07,0.89,2.17,NA,NA,2000-01-01,2006-12-31,H3260_v1_0
38402,197860,216731,2000-02-07,1.02,1.75,NA,NA,2000-01-01,2006-12-31,H3260_v1_0
124176,204796,204545,2000-02-08,0.36,1.86,0.15,NA,2000-01-01,2006-12-31,H3260_v1_0
124176,204796,204545,2000-02-18,0.2,1.3,0.06,NA,2000-01-01,2006-12-31,H3260_v1_0
204986,244766,184401,2000-02-17,4.03,1.12,NA,NA,2000-01-01,2006-12-31,H3260_v1_0
212371,244877,161556,2000-02-17,0.23,8.8,0.16,NA,2000-01-01,2006-12-31,H3260_v1_0
204986,244766,184401,2000-05-30,2.92,1.16,NA,NA,2000-01-01,2006-12-31,H3260_v1_0
38402,197860,216731,2000-07-12,0.51,1.44,NA,NA,2000-01-01,2006-12-31,H3260_v1_0
124176,204796,204545,2000-01-13,0.43,1.53,0,NA,2000-01-01,2006-12-31,H3260_v1_0
241434,238265,208445,2000-01-19,0.38,8.4,0.2,NA,2000-01-01,2006-12-31,H3260_v1_0
204986,244766,184401,2000-01-20,7.51,0.18,NA,NA,2000-01-01,2006-12-31,H3260_v1_0
241434,238265,208445,2000-02-18,0.24,7.58,0.2,NA,2000-01-01,2006-12-31,H3260_v1_0
124176,204796,204545,2000-03-07,0.5,1.48,0,NA,2000-01-01,2006-12-31,H3260_v1_0
38402,197860,216731,2000-03-09,0.62,2.48,NA,NA,2000-01-01,2006-12-31,H3260_v1_0
123559,185896,209550,2000-03-09,0.98,2.87,NA,NA,2000-01-01,2006-12-31,H3260_v1_0
204986,244766,184401,2000-03-21,3.73,0.88,NA,NA,2000-01-01,2006-12-31,H3260_v1_0
212371,244877,161556,2000-03-21,0.15,7.94,0,NA,2000-01-01,2006-12-31,H3260_v1_0
241434,238265,208445,2000-03-22,0.26,7.38,0,NA,2000-01-01,2006-12-31,H3260_v1_0
212371,244877,161556,2000-05-30,0.35,6.17,0.37,NA,2000-01-01,2006-12-31,H3260_v1_0
241434,238265,208445,2000-05-31,0.32,6.32,0,NA,2000-01-01,2006-12-31,H3260_v1_0
124176,204796,204545,2000-06-13,NA,0.45,0,NA,2000-01-01,2006-12-31,H3260_v1_0
124176,204796,204545,2000-06-19,0.16,0.51,0,NA,2000-01-01,2006-12-31,H3260_v1_0
38402,197860,216731,2000-06-20,0.17,0.44,NA,NA,2000-01-01,2006-12-31,H3260_v1_0
123559,185896,209550,2000-06-20,0.45,1.37,NA,NA,2000-01-01,2006-12-31,H3260_v1_0
204986,244766,184401,2000-06-27,4.96,0.9,NA,NA,2000-01-01,2006-12-31,H3260_v1_0
212371,244877,161556,2000-06-27,0.15,5.57,0.3,NA,2000-01-01,2006-12-31,H3260_v1_0
241434,238265,208445,2000-06-30,2.23,5.52,0.26,NA,2000-01-01,2006-12-31,H3260_v1_0
123574,187346,210000,2000-01-14,2.26,2.4,NA,NA,2000-01-01,2006-12-31,H3260_v1_0
40171,250075,162498,2000-01-20,0.08,16.3,0,NA,2000-01-01,2006-12-31,H3260_v1_0
238515,223950,218080,2000-01-19,4.45,5.02,0.28,NA,2000-01-01,2006-12-31,H3260_v1_0
238759,225609,198258,2000-01-19,NA,19.3,NA,NA,2000-01-01,2006-12-31,H3260_v1_0
123574,187346,210000,2000-02-07,0.89,2.23,NA,NA,2000-01-01,2006-12-31,H3260_v1_0
238759,225609,198258,2000-02-18,0.26,17,0.07,NA,2000-01-01,2006-12-31,H3260_v1_0
238759,225609,198258,2000-02-16,NA,16.6,NA,NA,2000-01-01,2006-12-31,H3260_v1_0
238515,223950,218080,2000-02-16,8.13,1.89,0.43,NA,2000-01-01,2006-12-31,H3260_v1_0
213836,241452,197091,2000-02-17,0.86,4.12,0.37,NA,2000-01-01,2006-12-31,H3260_v1_0
40171,250075,162498,2000-02-17,0.05,13.5,0,NA,2000-01-01,2006-12-31,H3260_v1_0
238515,223950,218080,2000-05-22,1.3,3.8,0.1,NA,2000-01-01,2006-12-31,H3260_v1_0
238759,225609,198258,2000-05-29,NA,15.3,NA,NA,2000-01-01,2006-12-31,H3260_v1_0
238515,223950,218080,2000-05-29,0.97,4.32,0.2,NA,2000-01-01,2006-12-31,H3260_v1_0
213836,241452,197091,2000-05-30,0.46,3.09,0,NA,2000-01-01,2006-12-31,H3260_v1_0
238515,223950,218080,2000-07-17,1.4,4,0.07,NA,2000-01-01,2006-12-31,H3260_v1_0
213836,241452,197091,2000-07-26,NA,2.85,0.41,NA,2000-01-01,2006-12-31,H3260_v1_0
124176,204796,204545,2000-07-06,0.42,1.01,0.15,NA,2000-01-01,2006-12-31,H3260_v1_0
40171,250075,162498,2000-07-26,0.1,13.6,0,NA,2000-01-01,2006-12-31,H3260_v1_0
238759,225609,198258,2000-07-28,NA,8.87,NA,NA,2000-01-01,2006-12-31,H3260_v1_0
238515,223950,218080,2000-07-28,1.09,3.33,0.29,NA,2000-01-01,2006-12-31,H3260_v1_0
123574,187346,210000,2000-09-18,0.65,1.57,NA,NA,2000-01-01,2006-12-31,H3260_v1_0
238515,223950,218080,2000-09-18,1.5,4.4,0.21,NA,2000-01-01,2006-12-31,H3260_v1_0
213836,241452,197091,2000-09-19,0.41,3.03,0,NA,2000-01-01,2006-12-31,H3260_v1_0
40171,250075,162498,2000-09-19,0.16,12.6,0,NA,2000-01-01,2006-12-31,H3260_v1_0
238759,225609,198258,2000-09-21,NA,16.2,NA,NA,2000-01-01,2006-12-31,H3260_v1_0
238515,223950,218080,2000-09-21,2.09,7.19,0.17,NA,2000-01-01,2006-12-31,H3260_v1_0
123559,185896,209550,2000-07-10,0.39,1.81,NA,NA,2000-01-01,2006-12-31,H3260_v1_0
123559,185896,209550,2000-08-18,0.3,1.69,NA,NA,2000-01-01,2006-12-31,H3260_v1_0
38402,197860,216731,2000-08-18,0.1,0.68,NA,NA,2000-01-01,2006-12-31,H3260_v1_0
124176,204796,204545,2000-08-25,0.2,0.74,0.16,NA,2000-01-01,2006-12-31,H3260_v1_0
204986,244766,184401,2000-08-22,1.65,0.27,NA,NA,2000-01-01,2006-12-31,H3260_v1_0
212371,244877,161556,2000-08-22,0.13,5.33,0.23,NA,2000-01-01,2006-12-31,H3260_v1_0
241434,238265,208445,2000-08-25,0.19,6.42,0,NA,2000-01-01,2006-12-31,H3260_v1_0
124176,204796,204545,2000-09-15,0.12,0.4,0,NA,2000-01-01,2006-12-31,H3260_v1_0
124176,204796,204545,2001-01-15,0.93,1.1,0,NA,2000-01-01,2006-12-31,H3260_v1_0
221004,245672,183550,2000-01-20,3.79,1.75,NA,NA,2000-01-01,2006-12-31,H3260_v1_0
38434,200014,218405,2000-03-09,NA,2.49,NA,NA,2000-01-01,2006-12-31,H3260_v1_0
259130,199929,215582,2000-03-09,0.66,2.44,0,NA,2000-01-01,2006-12-31,H3260_v1_0
123478,178983,208404,2000-03-09,0.94,2.9,NA,NA,2000-01-01,2006-12-31,H3260_v1_0
206652,203131,209305,2000-03-10,0.43,1.98,NA,NA,2000-01-01,2006-12-31,H3260_v1_0
47686,179707,243397,2000-03-17,0.43,15.1,0,NA,2000-01-01,2006-12-31,H3260_v1_0
111617,186904,232114,2000-03-17,3.91,5.95,NA,NA,2000-01-01,2006-12-31,H3260_v1_0
144658,222498,199266,2000-03-20,NA,16.8,NA,NA,2000-01-01,2006-12-31,H3260_v1_0
238572,223886,213548,2000-03-20,1.28,7.69,NA,NA,2000-01-01,2006-12-31,H3260_v1_0
221004,245672,183550,2000-03-21,5.22,0.98,NA,NA,2000-01-01,2006-12-31,H3260_v1_0
144658,222498,199266,2000-06-13,NA,16,0,NA,2000-01-01,2006-12-31,H3260_v1_0
38434,200014,218405,2000-06-07,0.95,3.02,0.29,NA,2000-01-01,2006-12-31,H3260_v1_0
38434,200014,218405,2000-06-20,NA,1.17,NA,NA,2000-01-01,2006-12-31,H3260_v1_0
259130,199929,215582,2000-06-20,0.13,0.86,0,NA,2000-01-01,2006-12-31,H3260_v1_0
123478,178983,208404,2000-06-20,0.25,1.52,NA,NA,2000-01-01,2006-12-31,H3260_v1_0
206652,203131,209305,2000-06-21,0.38,1.15,NA,NA,2000-01-01,2006-12-31,H3260_v1_0
221004,245672,183550,2000-06-27,5.34,0,NA,NA,2000-01-01,2006-12-31,H3260_v1_0
47686,179707,243397,2000-06-28,0.13,4.08,0,NA,2000-01-01,2006-12-31,H3260_v1_0
111617,186904,232114,2000-06-28,0.49,2.28,NA,NA,2000-01-01,2006-12-31,H3260_v1_0
144658,222498,199266,2000-06-29,NA,14.7,NA,NA,2000-01-01,2006-12-31,H3260_v1_0
238572,223886,213548,2000-06-29,0.21,5.86,NA,NA,2000-01-01,2006-12-31,H3260_v1_0
204986,244766,184401,2000-10-18,2.42,0.49,NA,NA,2000-01-01,2006-12-31,H3260_v1_0
212371,244877,161556,2000-10-18,0.08,6.16,0.29,NA,2000-01-01,2006-12-31,H3260_v1_0
241434,238265,208445,2000-10-23,0.24,6.3,0,NA,2000-01-01,2006-12-31,H3260_v1_0
124176,204796,204545,2000-10-24,0.21,0.86,0,NA,2000-01-01,2006-12-31,H3260_v1_0
38402,197860,216731,2000-10-26,0.35,1.05,NA,NA,2000-01-01,2006-12-31,H3260_v1_0
123559,185896,209550,2000-10-26,0.46,1.62,NA,NA,2000-01-01,2006-12-31,H3260_v1_0
241434,238265,208445,2000-11-13,0.97,5.1,0,NA,2000-01-01,2006-12-31,H3260_v1_0
204986,244766,184401,2000-11-14,7.59,0.95,NA,NA,2000-01-01,2006-12-31,H3260_v1_0
212371,244877,161556,2000-11-14,0.15,6.26,0.21,NA,2000-01-01,2006-12-31,H3260_v1_0
124176,204796,204545,2000-11-15,0.27,1.08,0,NA,2000-01-01,2006-12-31,H3260_v1_0
38402,197860,216731,2000-11-16,0.53,1.85,NA,NA,2000-01-01,2006-12-31,H3260_v1_0
123559,185896,209550,2000-11-16,0.67,1.93,NA,NA,2000-01-01,2006-12-31,H3260_v1_0
124176,204796,204545,2001-10-16,0,0,0,NA,2000-01-01,2006-12-31,H3260_v1_0
213836,241452,197091,2000-10-18,0.25,3.48,0,NA,2000-01-01,2006-12-31,H3260_v1_0
40171,250075,162498,2000-10-18,0.07,14.4,0,NA,2000-01-01,2006-12-31,H3260_v1_0
238759,225609,198258,2000-10-20,NA,13.1,NA,NA,2000-01-01,2006-12-31,H3260_v1_0
238515,223950,218080,2000-10-20,0.84,4.13,0.17,NA,2000-01-01,2006-12-31,H3260_v1_0
123574,187346,210000,2000-10-26,0.31,1.76,NA,NA,2000-01-01,2006-12-31,H3260_v1_0
124176,204796,204545,2001-11-12,0.25,0.9,0,NA,2000-01-01,2006-12-31,H3260_v1_0
212371,244877,161556,2001-11-28,0.22,7.39,0.15,NA,2000-01-01,2006-12-31,H3260_v1_0
204986,244766,184401,2001-11-29,2.94,0.27,NA,NA,2000-01-01,2006-12-31,H3260_v1_0
241434,238265,208445,2001-11-29,0.21,5.65,0.18,NA,2000-01-01,2006-12-31,H3260_v1_0
124176,204796,204545,2001-12-04,0.25,1.39,0,NA,2000-01-01,2006-12-31,H3260_v1_0
238759,225609,198258,2000-11-10,NA,15.4,NA,NA,2000-01-01,2006-12-31,H3260_v1_0
238515,223950,218080,2000-11-10,1.13,5.08,0,NA,2000-01-01,2006-12-31,H3260_v1_0
238515,223950,218080,2000-11-13,1,4.8,0.16,NA,2000-01-01,2006-12-31,H3260_v1_0
213836,241452,197091,2000-11-14,0.42,3.51,0,NA,2000-01-01,2006-12-31,H3260_v1_0
40171,250075,162498,2000-11-14,0.1,14,0,NA,2000-01-01,2006-12-31,H3260_v1_0
123574,187346,210000,2000-11-16,0.61,1.88,NA,NA,2000-01-01,2006-12-31,H3260_v1_0
123574,187346,210000,2001-11-14,0.57,1.68,NA,NA,2000-01-01,2006-12-31,H3260_v1_0
40171,250075,162498,2001-11-28,0.15,8.88,0,NA,2000-01-01,2006-12-31,H3260_v1_0
238759,225609,198258,2001-11-30,NA,10.4,NA,NA,2000-01-01,2006-12-31,H3260_v1_0
238515,223950,218080,2001-11-30,0.6,3.82,0.22,NA,2000-01-01,2006-12-31,H3260_v1_0
238515,223950,218080,2001-11-27,1.1,4,0.1,NA,2000-01-01,2006-12-31,H3260_v1_0
123574,187346,210000,2001-12-06,0.59,2.29,NA,NA,2000-01-01,2006-12-31,H3260_v1_0
213836,241452,197091,2001-12-28,0.34,3.33,0,NA,2000-01-01,2006-12-31,H3260_v1_0
238515,223950,218080,2001-12-31,1.23,6.9,0,NA,2000-01-01,2006-12-31,H3260_v1_0
238759,225609,198258,2001-12-31,NA,17,NA,NA,2000-01-01,2006-12-31,H3260_v1_0
238759,225609,198258,2002-01-22,0,16,0,NA,2000-01-01,2006-12-31,H3260_v1_0
123574,187346,210000,2002-01-08,0.92,1.8,NA,NA,2000-01-01,2006-12-31,H3260_v1_0
123574,187346,210000,2002-02-05,0.85,2.04,NA,NA,2000-01-01,2006-12-31,H3260_v1_0
238515,223950,218080,2002-02-19,1.2,6.6,0.09,NA,2000-01-01,2006-12-31,H3260_v1_0
206698,206838,210770,2002-02-08,0.21,1.97,NA,NA,2000-01-01,2006-12-31,H3260_v1_0
40171,250075,162498,2002-02-21,0.09,13.3,0,NA,2000-01-01,2006-12-31,H3260_v1_0
40171,250075,162498,2002-01-29,0.04,13.7,0,NA,2000-01-01,2006-12-31,H3260_v1_0
213836,241452,197091,2002-02-22,0.93,3.34,0,NA,2000-01-01,2006-12-31,H3260_v1_0
238515,223950,218080,2002-02-25,0.94,4.02,0,NA,2000-01-01,2006-12-31,H3260_v1_0
238759,225609,198258,2002-02-25,0.37,3.85,0.29,NA,2000-01-01,2006-12-31,H3260_v1_0
35602,224807,211917,2002-02-25,0.76,5.77,NA,NA,2000-01-01,2006-12-31,H3260_v1_0
238515,223950,218080,2002-01-31,1.13,6.43,0,NA,2000-01-01,2006-12-31,H3260_v1_0
238759,225609,198258,2002-01-31,0.24,15.1,0,NA,2000-01-01,2006-12-31,H3260_v1_0
35602,224807,211917,2002-01-31,1.57,3.36,NA,NA,2000-01-01,2006-12-31,H3260_v1_0
123574,187346,210000,2002-03-05,0.57,2.25,NA,NA,2000-01-01,2006-12-31,H3260_v1_0
40171,250075,162498,2002-03-22,0.09,15.1,0,NA,2000-01-01,2006-12-31,H3260_v1_0
238515,223950,218080,2002-03-26,0.92,5.62,0.18,NA,2000-01-01,2006-12-31,H3260_v1_0
238759,225609,198258,2002-03-26,0.15,15.5,0,NA,2000-01-01,2006-12-31,H3260_v1_0
123574,187346,210000,2002-04-03,0.32,1.72,NA,NA,2000-01-01,2006-12-31,H3260_v1_0
206698,206838,210770,2002-04-05,0.24,1.52,NA,NA,2000-01-01,2006-12-31,H3260_v1_0
238515,223950,218080,2002-04-16,4.3,3.6,0.16,NA,2000-01-01,2006-12-31,H3260_v1_0
40171,250075,162498,2002-04-22,0,15.3,0,NA,2000-01-01,2006-12-31,H3260_v1_0
213836,241452,197091,2002-04-23,0.35,2.5,0,NA,2000-01-01,2006-12-31,H3260_v1_0
238515,223950,218080,2002-04-29,0.62,5.15,0.18,NA,2000-01-01,2006-12-31,H3260_v1_0
204986,244766,184401,2001-12-28,2.43,0.93,NA,NA,2000-01-01,2006-12-31,H3260_v1_0
241434,238265,208445,2001-12-28,0.5,4.71,0.18,NA,2000-01-01,2006-12-31,H3260_v1_0
124176,204796,204545,2002-01-22,0,1.4,0,NA,2000-01-01,2006-12-31,H3260_v1_0
123559,185896,209550,2002-01-08,0.93,1.68,NA,NA,2000-01-01,2006-12-31,H3260_v1_0
123559,185896,209550,2002-02-05,1.01,2.22,NA,NA,2000-01-01,2006-12-31,H3260_v1_0
124176,204796,204545,2002-01-10,1.97,0.41,0.43,NA,2000-01-01,2006-12-31,H3260_v1_0
124176,204796,204545,2002-02-06,0.47,1.62,0,NA,2000-01-01,2006-12-31,H3260_v1_0
212371,244877,161556,2002-02-21,0.15,7.03,0.18,NA,2000-01-01,2006-12-31,H3260_v1_0
212371,244877,161556,2002-01-29,0.13,8.89,0.15,NA,2000-01-01,2006-12-31,H3260_v1_0
241434,238265,208445,2002-02-22,0.34,6.28,0.15,NA,2000-01-01,2006-12-31,H3260_v1_0
241434,238265,208445,2002-01-30,0.22,6.49,0,NA,2000-01-01,2006-12-31,H3260_v1_0
124176,204796,204545,2002-03-04,0.29,1.24,0,NA,2000-01-01,2006-12-31,H3260_v1_0
238759,225609,198258,2002-04-29,0.06,14,0,NA,2000-01-01,2006-12-31,H3260_v1_0
40171,250075,162498,2002-05-28,0.1,15.6,0,NA,2000-01-01,2006-12-31,H3260_v1_0
213836,241452,197091,2002-05-29,0.31,3.5,0,NA,2000-01-01,2006-12-31,H3260_v1_0
238515,223950,218080,2002-05-30,0.88,4.58,0.16,NA,2000-01-01,2006-12-31,H3260_v1_0
238759,225609,198258,2002-05-30,0.05,11.2,0,NA,2000-01-01,2006-12-31,H3260_v1_0
35602,224807,211917,2002-05-30,0.59,6.66,NA,NA,2000-01-01,2006-12-31,H3260_v1_0
123574,187346,210000,2002-05-03,0.35,1.15,NA,NA,2000-01-01,2006-12-31,H3260_v1_0
123559,185896,209550,2002-03-05,0.72,2.23,NA,NA,2000-01-01,2006-12-31,H3260_v1_0
38402,197860,216731,2002-03-05,0.63,1.7,NA,NA,2000-01-01,2006-12-31,H3260_v1_0
212371,244877,161556,2002-03-22,0.18,7.59,0,NA,2000-01-01,2006-12-31,H3260_v1_0
241434,238265,208445,2002-03-25,0.26,7.4,0.22,NA,2000-01-01,2006-12-31,H3260_v1_0
204986,244766,184401,2002-03-25,4.16,0.97,0.28,NA,2000-01-01,2006-12-31,H3260_v1_0
123574,187346,210000,2002-06-04,0.19,0.97,NA,NA,2000-01-01,2006-12-31,H3260_v1_0
238515,223950,218080,2002-06-11,0,4.7,NA,NA,2000-01-01,2006-12-31,H3260_v1_0
206698,206838,210770,2002-06-07,0.23,1.37,NA,NA,2000-01-01,2006-12-31,H3260_v1_0
40171,250075,162498,2002-06-26,0.08,15.8,0,NA,2000-01-01,2006-12-31,H3260_v1_0
238515,223950,218080,2002-06-28,1.43,5.87,0,NA,2000-01-01,2006-12-31,H3260_v1_0
238759,225609,198258,2002-06-28,0.24,10.6,0,NA,2000-01-01,2006-12-31,H3260_v1_0
35602,224807,211917,2002-06-28,0.33,6.81,NA,NA,2000-01-01,2006-12-31,H3260_v1_0
123574,187346,210000,2002-07-12,0.11,1.03,NA,NA,2000-01-01,2006-12-31,H3260_v1_0
40171,250075,162498,2002-07-29,0.07,14.9,0,NA,2000-01-01,2006-12-31,H3260_v1_0
213836,241452,197091,2002-07-30,0.82,0.65,0.28,NA,2000-01-01,2006-12-31,H3260_v1_0
238515,223950,218080,2002-07-31,1.25,3.92,0.22,NA,2000-01-01,2006-12-31,H3260_v1_0
238759,225609,198258,2002-07-31,0.32,6.23,0,NA,2000-01-01,2006-12-31,H3260_v1_0
35602,224807,211917,2002-07-31,1.79,4.81,NA,NA,2000-01-01,2006-12-31,H3260_v1_0
238515,223950,218080,2002-08-06,0,3.8,0.13,NA,2000-01-01,2006-12-31,H3260_v1_0
213836,241452,197091,2002-06-27,0.21,3.12,0,NA,2000-01-01,2006-12-31,H3260_v1_0
206698,206838,210770,2002-08-09,0.17,1.08,NA,NA,2000-01-01,2006-12-31,H3260_v1_0
123574,187346,210000,2002-08-13,0.11,1.21,NA,NA,2000-01-01,2006-12-31,H3260_v1_0
238515,223950,218080,2003-05-05,0,3.5,0,NA,2000-01-01,2006-12-31,H3260_v1_0
238759,225609,198258,2003-05-07,0,11,0,NA,2000-01-01,2006-12-31,H3260_v1_0
123574,187346,210000,2003-05-12,0.7,0.83,0,NA,2000-01-01,2006-12-31,H3260_v1_0
213836,241452,197091,2003-05-15,0.18,3.42,0,NA,2000-01-01,2006-12-31,H3260_v1_0
238515,223950,218080,2003-05-16,0.69,3.64,0.15,NA,2000-01-01,2006-12-31,H3260_v1_0
238759,225609,198258,2003-05-16,NA,10.5,NA,NA,2000-01-01,2006-12-31,H3260_v1_0
40171,250075,162498,2003-05-19,0,14,0,NA,2000-01-01,2006-12-31,H3260_v1_0
123574,187346,210000,2003-06-10,0.62,1.33,0,NA,2000-01-01,2006-12-31,H3260_v1_0
213836,241452,197091,2003-06-16,0.1,3.32,0,NA,2000-01-01,2006-12-31,H3260_v1_0
238515,223950,218080,2003-06-17,0.35,4.37,0,NA,2000-01-01,2006-12-31,H3260_v1_0
238759,225609,198258,2003-06-17,NA,8.62,NA,NA,2000-01-01,2006-12-31,H3260_v1_0
40171,250075,162498,2003-06-18,0.06,14.4,0,NA,2000-01-01,2006-12-31,H3260_v1_0
238515,223950,218080,2003-06-30,2.4,3.7,0.12,NA,2000-01-01,2006-12-31,H3260_v1_0
123574,187346,210000,2003-07-11,1.27,0.48,0,NA,2000-01-01,2006-12-31,H3260_v1_0
238515,223950,218080,2003-07-15,0.28,4.24,0.2,NA,2000-01-01,2006-12-31,H3260_v1_0
238759,225609,198258,2003-07-15,NA,6.99,NA,NA,2000-01-01,2006-12-31,H3260_v1_0
213836,241452,197091,2003-07-16,0,3.44,0,NA,2000-01-01,2006-12-31,H3260_v1_0
40171,250075,162498,2003-07-17,0.23,15.3,0,NA,2000-01-01,2006-12-31,H3260_v1_0
123574,187346,210000,2003-08-05,0.15,5.44,0,NA,2000-01-01,2006-12-31,H3260_v1_0
40171,250075,162498,2003-08-13,0.11,14.2,0,NA,2000-01-01,2006-12-31,H3260_v1_0
238515,223950,218080,2003-08-14,0.39,5.15,0.24,NA,2000-01-01,2006-12-31,H3260_v1_0
238759,225609,198258,2003-08-14,NA,5.69,NA,NA,2000-01-01,2006-12-31,H3260_v1_0
213836,241452,197091,2003-08-18,0.37,3.41,0,NA,2000-01-01,2006-12-31,H3260_v1_0
238515,223950,218080,2003-08-25,0,5.2,0.15,NA,2000-01-01,2006-12-31,H3260_v1_0
123574,187346,210000,2003-09-03,0.29,5.62,0,NA,2000-01-01,2006-12-31,H3260_v1_0
40171,250075,162498,2003-09-12,0,13.9,0,NA,2000-01-01,2006-12-31,H3260_v1_0
238759,225609,198258,2003-09-15,NA,5.84,NA,NA,2000-01-01,2006-12-31,H3260_v1_0
238515,223950,218080,2003-09-15,0.21,4.06,0.15,NA,2000-01-01,2006-12-31,H3260_v1_0
213836,241452,197091,2003-09-16,1.92,3.53,0.17,NA,2000-01-01,2006-12-31,H3260_v1_0
123574,187346,210000,2003-10-03,0,0.98,0,NA,2000-01-01,2006-12-31,H3260_v1_0
238759,225609,198258,2003-10-07,0,5.4,0,NA,2000-01-01,2006-12-31,H3260_v1_0
238515,223950,218080,2003-10-16,0.38,4.24,0,NA,2000-01-01,2006-12-31,H3260_v1_0
238759,225609,198258,2003-10-16,NA,6.55,NA,NA,2000-01-01,2006-12-31,H3260_v1_0
213836,241452,197091,2003-10-17,0.12,3.82,0,NA,2000-01-01,2006-12-31,H3260_v1_0
40171,250075,162498,2003-10-20,0,13.7,0,NA,2000-01-01,2006-12-31,H3260_v1_0
238515,223950,218080,2003-10-20,0,3.5,0.11,NA,2000-01-01,2006-12-31,H3260_v1_0
40171,250075,162498,2003-11-17,0.15,12.4,0,NA,2000-01-01,2006-12-31,H3260_v1_0
238759,225609,198258,2003-11-18,NA,5.89,NA,NA,2000-01-01,2006-12-31,H3260_v1_0
238515,223950,218080,2003-11-18,1.25,3.9,0.23,NA,2000-01-01,2006-12-31,H3260_v1_0
213836,241452,197091,2003-11-19,0.15,3.83,0.38,NA,2000-01-01,2006-12-31,H3260_v1_0
123574,187346,210000,2003-11-05,0.4,1.36,0.28,NA,2000-01-01,2006-12-31,H3260_v1_0
213836,241452,197091,2003-12-16,0.21,3.94,0,NA,2000-01-01,2006-12-31,H3260_v1_0
40171,250075,162498,2003-12-15,0.14,12,0,NA,2000-01-01,2006-12-31,H3260_v1_0
238759,225609,198258,2003-12-12,NA,7.19,NA,NA,2000-01-01,2006-12-31,H3260_v1_0
238515,223950,218080,2003-12-12,3.27,3.81,0,NA,2000-01-01,2006-12-31,H3260_v1_0
123574,187346,210000,2003-12-03,0.34,1.3,0,NA,2000-01-01,2006-12-31,H3260_v1_0
123574,187346,210000,2004-01-07,0.73,2.08,0,NA,2000-01-01,2006-12-31,H3260_v1_0
213836,241452,197091,2004-01-19,0.29,4.82,0,NA,2000-01-01,2006-12-31,H3260_v1_0
238759,225609,198258,2004-01-20,NA,6.87,NA,NA,2000-01-01,2006-12-31,H3260_v1_0
238515,223950,218080,2004-01-20,0.66,3.4,0,NA,2000-01-01,2006-12-31,H3260_v1_0
123574,187346,210000,2004-02-04,0.67,3.08,0.11,NA,2000-01-01,2006-12-31,H3260_v1_0
221004,245672,183550,2000-10-18,1.21,2.06,NA,NA,2000-01-01,2006-12-31,H3260_v1_0
47686,179707,243397,2000-10-19,0.11,10.4,0,NA,2000-01-01,2006-12-31,H3260_v1_0
111617,186904,232114,2000-10-19,0.98,3.18,NA,NA,2000-01-01,2006-12-31,H3260_v1_0
144658,222498,199266,2000-10-20,NA,8.17,NA,NA,2000-01-01,2006-12-31,H3260_v1_0
238572,223886,213548,2000-10-20,0.29,4.98,NA,NA,2000-01-01,2006-12-31,H3260_v1_0
38434,200014,218405,2000-10-26,NA,1.67,NA,NA,2000-01-01,2006-12-31,H3260_v1_0
259130,199929,215582,2000-10-26,0.17,1.31,0,NA,2000-01-01,2006-12-31,H3260_v1_0
204986,244766,184401,2000-07-26,1.69,0.55,NA,NA,2000-01-01,2006-12-31,H3260_v1_0
212371,244877,161556,2000-07-26,0.13,6.27,0.21,NA,2000-01-01,2006-12-31,H3260_v1_0
241434,238265,208445,2000-07-31,0.39,4.7,0,NA,2000-01-01,2006-12-31,H3260_v1_0
123559,185896,209550,2000-09-18,0.74,1.59,NA,NA,2000-01-01,2006-12-31,H3260_v1_0
38402,197860,216731,2000-09-18,0.77,1.19,NA,NA,2000-01-01,2006-12-31,H3260_v1_0
204986,244766,184401,2000-09-19,2.28,0.28,NA,NA,2000-01-01,2006-12-31,H3260_v1_0
212371,244877,161556,2000-09-19,0.16,6.76,0.19,NA,2000-01-01,2006-12-31,H3260_v1_0
241434,238265,208445,2000-09-20,0.73,6.32,0.15,NA,2000-01-01,2006-12-31,H3260_v1_0
124176,204796,204545,2000-10-09,0.9,0.56,0.09,NA,2000-01-01,2006-12-31,H3260_v1_0
241434,238265,208445,2001-02-21,0.39,7.7,NA,NA,2000-01-01,2006-12-31,H3260_v1_0
212371,244877,161556,2001-02-23,0.3,6.79,0,NA,2000-01-01,2006-12-31,H3260_v1_0
238759,225609,198258,2000-10-09,0.63,15,0.05,NA,2000-01-01,2006-12-31,H3260_v1_0
238515,223950,218080,2001-02-20,1.5,6.1,0.12,NA,2000-01-01,2006-12-31,H3260_v1_0
40171,250075,162498,2001-02-23,0.15,9.46,0,NA,2000-01-01,2006-12-31,H3260_v1_0
213836,241452,197091,2001-02-27,0.41,4.38,0,NA,2000-01-01,2006-12-31,H3260_v1_0
204986,244766,184401,2001-02-27,2.33,0.67,NA,NA,2000-01-01,2006-12-31,H3260_v1_0
241434,238265,208445,2001-02-27,0.26,8.06,0,NA,2000-01-01,2006-12-31,H3260_v1_0
38402,197860,216731,2001-03-07,1.65,1.23,NA,NA,2000-01-01,2006-12-31,H3260_v1_0
123559,185896,209550,2001-03-07,2.12,1.76,NA,NA,2000-01-01,2006-12-31,H3260_v1_0
124176,204796,204545,2001-03-09,0.32,1.32,0,NA,2000-01-01,2006-12-31,H3260_v1_0
238759,225609,198258,2001-02-28,NA,16.7,NA,NA,2000-01-01,2006-12-31,H3260_v1_0
238515,223950,218080,2001-02-28,1.33,5.95,0,NA,2000-01-01,2006-12-31,H3260_v1_0
40171,250075,162498,2002-08-27,0.33,13.8,0,NA,2000-01-01,2006-12-31,H3260_v1_0
213836,241452,197091,2002-08-29,1.24,0.59,0.3,NA,2000-01-01,2006-12-31,H3260_v1_0
238515,223950,218080,2002-08-30,0.72,4.37,0.15,NA,2000-01-01,2006-12-31,H3260_v1_0
238759,225609,198258,2002-08-30,0.07,12.9,0,NA,2000-01-01,2006-12-31,H3260_v1_0
35602,224807,211917,2002-08-30,1.97,4.71,NA,NA,2000-01-01,2006-12-31,H3260_v1_0
123574,187346,210000,2002-09-10,0.13,1.17,NA,NA,2000-01-01,2006-12-31,H3260_v1_0
40171,250075,162498,2002-09-25,0.08,13.6,0,NA,2000-01-01,2006-12-31,H3260_v1_0
213836,241452,197091,2002-09-26,0.58,1.09,0.15,NA,2000-01-01,2006-12-31,H3260_v1_0
238515,223950,218080,2002-09-27,1.22,3.64,0.17,NA,2000-01-01,2006-12-31,H3260_v1_0
238759,225609,198258,2002-09-27,0.1,10.7,0,NA,2000-01-01,2006-12-31,H3260_v1_0
212371,244877,161556,2002-08-27,0.08,5.7,0.31,NA,2000-01-01,2006-12-31,H3260_v1_0
241434,238265,208445,2002-08-29,0.11,6.11,0.26,NA,2000-01-01,2006-12-31,H3260_v1_0
204986,244766,184401,2002-08-29,5.92,0.41,3.12,NA,2000-01-01,2006-12-31,H3260_v1_0
123559,185896,209550,2002-09-10,0.17,1.18,NA,NA,2000-01-01,2006-12-31,H3260_v1_0
38402,197860,216731,2002-09-10,0,0.59,NA,NA,2000-01-01,2006-12-31,H3260_v1_0
212371,244877,161556,2002-09-25,0.48,5.6,0.45,NA,2000-01-01,2006-12-31,H3260_v1_0
35602,224807,211917,2002-09-27,0.71,4.43,NA,NA,2000-01-01,2006-12-31,H3260_v1_0
206698,206838,210770,2002-10-03,0.21,0.87,NA,NA,2000-01-01,2006-12-31,H3260_v1_0
123574,187346,210000,2002-10-11,0.06,1.17,NA,NA,2000-01-01,2006-12-31,H3260_v1_0
238515,223950,218080,2002-10-08,0,3.6,0.14,NA,2000-01-01,2006-12-31,H3260_v1_0
40171,250075,162498,2002-10-29,0.13,13.4,0,NA,2000-01-01,2006-12-31,H3260_v1_0
213836,241452,197091,2002-10-30,0.19,3.17,0,NA,2000-01-01,2006-12-31,H3260_v1_0
204986,244766,184401,2002-09-26,3.64,0.26,0.55,NA,2000-01-01,2006-12-31,H3260_v1_0
241434,238265,208445,2002-09-26,0.86,6.11,0.23,NA,2000-01-01,2006-12-31,H3260_v1_0
124176,204796,204545,2002-10-10,0.18,0.56,0,NA,2000-01-01,2006-12-31,H3260_v1_0
38402,197860,216731,2002-10-11,0.12,0.5,NA,NA,2000-01-01,2006-12-31,H3260_v1_0
123559,185896,209550,2002-10-11,0.33,1.2,NA,NA,2000-01-01,2006-12-31,H3260_v1_0
238515,223950,218080,2002-10-31,0.97,4.01,0,NA,2000-01-01,2006-12-31,H3260_v1_0
238759,225609,198258,2002-10-31,0.1,12.4,0,NA,2000-01-01,2006-12-31,H3260_v1_0
35602,224807,211917,2002-10-31,0.49,5.75,NA,NA,2000-01-01,2006-12-31,H3260_v1_0
238759,225609,198258,2002-10-22,0,12,0,NA,2000-01-01,2006-12-31,H3260_v1_0
123574,187346,210000,2002-11-12,0.44,2.02,NA,NA,2000-01-01,2006-12-31,H3260_v1_0
38434,200014,218405,2000-01-17,NA,2.7,NA,NA,2000-01-01,2006-12-31,H3260_v1_0
259130,199929,215582,2000-01-17,0.33,1.8,0,NA,2000-01-01,2006-12-31,H3260_v1_0
123478,178983,208404,2000-01-14,2.06,2.3,NA,NA,2000-01-01,2006-12-31,H3260_v1_0
206652,203131,209305,2000-01-17,0.45,1.79,NA,NA,2000-01-01,2006-12-31,H3260_v1_0
47686,179707,243397,2000-01-18,0.43,19.6,0,NA,2000-01-01,2006-12-31,H3260_v1_0
124176,204796,204545,2002-09-09,0.08,0.58,0.18,NA,2000-01-01,2006-12-31,H3260_v1_0
212371,244877,161556,2002-10-29,0.18,6.73,0,NA,2000-01-01,2006-12-31,H3260_v1_0
204986,244766,184401,2002-10-30,4.3,0.37,0.94,NA,2000-01-01,2006-12-31,H3260_v1_0
241434,238265,208445,2002-10-30,0.26,5.11,0.15,NA,2000-01-01,2006-12-31,H3260_v1_0
123574,187346,210000,2004-03-05,0.48,1.98,0.08,NA,2000-01-01,2006-12-31,H3260_v1_0
238759,225609,198258,2004-03-16,0,14,0,NA,2000-01-01,2006-12-31,H3260_v1_0
213836,241452,197091,2004-03-17,0,3.61,0,NA,2000-01-01,2006-12-31,H3260_v1_0
238759,225609,198258,2004-03-18,NA,13.6,NA,NA,2000-01-01,2006-12-31,H3260_v1_0
238515,223950,218080,2004-03-18,0.92,5.3,0.16,NA,2000-01-01,2006-12-31,H3260_v1_0
111617,186904,232114,2000-01-18,0.85,8.53,NA,NA,2000-01-01,2006-12-31,H3260_v1_0
238572,223886,213548,2000-01-19,1.86,8.08,NA,NA,2000-01-01,2006-12-31,H3260_v1_0
144658,222498,199266,2000-01-19,NA,17.5,NA,NA,2000-01-01,2006-12-31,H3260_v1_0
206652,203131,209305,2000-02-03,0.39,3.23,NA,NA,2000-01-01,2006-12-31,H3260_v1_0
123478,178983,208404,2000-02-07,1,2.23,NA,NA,2000-01-01,2006-12-31,H3260_v1_0
38434,200014,218405,2000-02-07,NA,2.57,NA,NA,2000-01-01,2006-12-31,H3260_v1_0
259130,199929,215582,2000-02-07,0.49,1.62,0,NA,2000-01-01,2006-12-31,H3260_v1_0
123574,187346,210000,2004-04-08,0.47,1.51,0.06,NA,2000-01-01,2006-12-31,H3260_v1_0
238515,223950,218080,2004-04-13,1.3,3.3,0.07,NA,2000-01-01,2006-12-31,H3260_v1_0
213836,241452,197091,2004-04-19,0,3.53,0.06,NA,2000-01-01,2006-12-31,H3260_v1_0
238759,225609,198258,2004-04-20,NA,11.2,NA,NA,2000-01-01,2006-12-31,H3260_v1_0
238515,223950,218080,2004-04-20,0.73,5.18,0.13,NA,2000-01-01,2006-12-31,H3260_v1_0
38434,200014,218405,2000-02-18,0.34,2.8,0.13,NA,2000-01-01,2006-12-31,H3260_v1_0
144658,222498,199266,2000-02-18,0,14,0.05,NA,2000-01-01,2006-12-31,H3260_v1_0
47686,179707,243397,2000-02-15,0.48,16.3,0.2,NA,2000-01-01,2006-12-31,H3260_v1_0
111617,186904,232114,2000-02-15,0.72,9.02,NA,NA,2000-01-01,2006-12-31,H3260_v1_0
144658,222498,199266,2000-02-16,NA,14.6,NA,NA,2000-01-01,2006-12-31,H3260_v1_0
238572,223886,213548,2000-02-16,0.35,8.23,NA,NA,2000-01-01,2006-12-31,H3260_v1_0
123574,187346,210000,2004-05-07,0,1.13,0,NA,2000-01-01,2006-12-31,H3260_v1_0
213836,241452,197091,2004-05-14,0.18,3.64,0.14,NA,2000-01-01,2006-12-31,H3260_v1_0
238759,225609,198258,2004-05-15,NA,9.59,NA,NA,2000-01-01,2006-12-31,H3260_v1_0
238515,223950,218080,2004-05-15,0.46,3.9,0.24,NA,2000-01-01,2006-12-31,H3260_v1_0
123574,187346,210000,2004-06-07,0,0.8,0.07,NA,2000-01-01,2006-12-31,H3260_v1_0
221004,245672,183550,2000-02-17,4.98,1.48,NA,NA,2000-01-01,2006-12-31,H3260_v1_0
47686,179707,243397,2000-05-26,0.35,12.5,0.15,NA,2000-01-01,2006-12-31,H3260_v1_0
111617,186904,232114,2000-05-26,0.74,3.5,NA,NA,2000-01-01,2006-12-31,H3260_v1_0
144658,222498,199266,2000-05-29,NA,15.2,NA,NA,2000-01-01,2006-12-31,H3260_v1_0
238572,223886,213548,2000-05-29,0.44,5.94,NA,NA,2000-01-01,2006-12-31,H3260_v1_0
221004,245672,183550,2000-05-30,7.4,0.21,NA,NA,2000-01-01,2006-12-31,H3260_v1_0
238515,223950,218080,2004-06-08,0.44,2.6,0.09,NA,2000-01-01,2006-12-31,H3260_v1_0
213836,241452,197091,2004-06-14,0.19,2.95,0.1,NA,2000-01-01,2006-12-31,H3260_v1_0
238515,223950,218080,2004-06-15,0.39,2.84,0.19,NA,2000-01-01,2006-12-31,H3260_v1_0
124176,204796,204545,2002-11-11,0.19,1.86,0.15,NA,2000-01-01,2006-12-31,H3260_v1_0
38402,197860,216731,2002-11-12,0.31,1.6,NA,NA,2000-01-01,2006-12-31,H3260_v1_0
123559,185896,209550,2002-11-12,0.42,2.09,NA,NA,2000-01-01,2006-12-31,H3260_v1_0
38402,197860,216731,2004-03-05,0.68,1.27,0.07,NA,2000-01-01,2006-12-31,H3260_v1_0
123559,185896,209550,2004-03-05,0.56,1.95,0.1,NA,2000-01-01,2006-12-31,H3260_v1_0
124176,204796,204545,2004-03-15,0,2.3,0,NA,2000-01-01,2006-12-31,H3260_v1_0
238759,225609,198258,2004-06-15,NA,6.62,NA,NA,2000-01-01,2006-12-31,H3260_v1_0
123574,187346,210000,2004-07-06,0,0.54,0,NA,2000-01-01,2006-12-31,H3260_v1_0
213836,241452,197091,2004-07-15,0.23,2.92,0.12,NA,2000-01-01,2006-12-31,H3260_v1_0
238759,225609,198258,2004-07-16,NA,6.13,NA,NA,2000-01-01,2006-12-31,H3260_v1_0
212371,244877,161556,2004-03-16,0,7.03,0.12,NA,2000-01-01,2006-12-31,H3260_v1_0
204986,244766,184401,2004-03-17,10.2,0.83,0.88,NA,2000-01-01,2006-12-31,H3260_v1_0
255345,228587,215507,2004-03-18,0.19,4.56,0.04,NA,2000-01-01,2006-12-31,H3260_v1_0
238515,223950,218080,2004-07-16,0.29,4.89,0.15,NA,2000-01-01,2006-12-31,H3260_v1_0
123574,187346,210000,2004-08-03,0.16,0.91,0.11,NA,2000-01-01,2006-12-31,H3260_v1_0
238515,223950,218080,2004-08-03,0,4.1,0.07,NA,2000-01-01,2006-12-31,H3260_v1_0
38402,197860,216731,2004-04-08,0.46,1.33,0.04,NA,2000-01-01,2006-12-31,H3260_v1_0
123559,185896,209550,2004-04-08,0.87,2.3,0.05,NA,2000-01-01,2006-12-31,H3260_v1_0
204986,244766,184401,2004-04-19,11.3,0,1.09,NA,2000-01-01,2006-12-31,H3260_v1_0
255345,228587,215507,2004-04-20,0,3.77,0,NA,2000-01-01,2006-12-31,H3260_v1_0
213836,241452,197091,2004-08-17,0.19,2.7,0.11,NA,2000-01-01,2006-12-31,H3260_v1_0
238759,225609,198258,2004-08-18,NA,4.55,NA,NA,2000-01-01,2006-12-31,H3260_v1_0
238515,223950,218080,2004-08-18,0,4.4,0.15,NA,2000-01-01,2006-12-31,H3260_v1_0
123574,187346,210000,2004-09-02,0,0.95,0.09,NA,2000-01-01,2006-12-31,H3260_v1_0
212371,244877,161556,2004-04-21,0,5.76,0.25,NA,2000-01-01,2006-12-31,H3260_v1_0
38402,197860,216731,2004-05-07,0.18,0,0,NA,2000-01-01,2006-12-31,H3260_v1_0
123559,185896,209550,2004-05-07,0.18,1.1,0,NA,2000-01-01,2006-12-31,H3260_v1_0
204986,244766,184401,2004-05-14,5.28,1.56,0.75,NA,2000-01-01,2006-12-31,H3260_v1_0
238759,225609,198258,2004-09-14,NA,5.06,NA,NA,2000-01-01,2006-12-31,H3260_v1_0
238515,223950,218080,2004-09-14,0.65,3.54,0.12,NA,2000-01-01,2006-12-31,H3260_v1_0
213836,241452,197091,2004-09-16,0.27,2.66,0.09,NA,2000-01-01,2006-12-31,H3260_v1_0
123574,187346,210000,2004-10-04,0,1.19,0.11,NA,2000-01-01,2006-12-31,H3260_v1_0
38434,200014,218405,2000-07-12,NA,1.94,NA,NA,2000-01-01,2006-12-31,H3260_v1_0
259130,199929,215582,2000-07-12,0.18,1.87,0,NA,2000-01-01,2006-12-31,H3260_v1_0
255345,228587,215507,2004-05-15,0.16,3.21,0.13,NA,2000-01-01,2006-12-31,H3260_v1_0
212371,244877,161556,2004-05-17,0.25,6.59,0.42,NA,2000-01-01,2006-12-31,H3260_v1_0
38402,197860,216731,2004-06-07,0.22,0,0.05,NA,2000-01-01,2006-12-31,H3260_v1_0
123559,185896,209550,2004-06-07,0,0.79,0.07,NA,2000-01-01,2006-12-31,H3260_v1_0
238515,223950,218080,2004-09-28,0.36,3.8,0.04,NA,2000-01-01,2006-12-31,H3260_v1_0
238759,225609,198258,2004-10-14,NA,5.76,NA,NA,2000-01-01,2006-12-31,H3260_v1_0
238515,223950,218080,2004-10-14,0.39,4.4,0.15,NA,2000-01-01,2006-12-31,H3260_v1_0
213836,241452,197091,2004-10-15,0,3.17,0.07,NA,2000-01-01,2006-12-31,H3260_v1_0
123574,187346,210000,2004-11-03,0.28,1.15,0,NA,2000-01-01,2006-12-31,H3260_v1_0
213836,241452,197091,2004-11-16,0,3.32,0,NA,2000-01-01,2006-12-31,H3260_v1_0
206652,203131,209305,2000-07-13,0.36,1.15,NA,NA,2000-01-01,2006-12-31,H3260_v1_0
221004,245672,183550,2000-07-26,2.86,0.37,NA,NA,2000-01-01,2006-12-31,H3260_v1_0
47686,179707,243397,2000-07-27,0.17,10.1,0,NA,2000-01-01,2006-12-31,H3260_v1_0
111617,186904,232114,2000-07-27,0.51,2.72,NA,NA,2000-01-01,2006-12-31,H3260_v1_0
144658,222498,199266,2000-07-28,NA,4.29,NA,NA,2000-01-01,2006-12-31,H3260_v1_0
238572,223886,213548,2000-07-28,0.72,3.73,NA,NA,2000-01-01,2006-12-31,H3260_v1_0
123478,178983,208404,2000-09-18,0.76,1.74,NA,NA,2000-01-01,2006-12-31,H3260_v1_0
38434,200014,218405,2000-09-18,NA,1.28,NA,NA,2000-01-01,2006-12-31,H3260_v1_0
204986,244766,184401,2004-06-14,12.3,0,1.87,NA,2000-01-01,2006-12-31,H3260_v1_0
255345,228587,215507,2004-06-15,0,2.28,0.13,NA,2000-01-01,2006-12-31,H3260_v1_0
238759,225609,198258,2004-11-18,NA,4.59,NA,NA,2000-01-01,2006-12-31,H3260_v1_0
238515,223950,218080,2004-11-18,3.19,4.39,0.264,NA,2000-01-01,2006-12-31,H3260_v1_0
238515,223950,218080,2004-11-23,0.34,4.3,0.18,NA,2000-01-01,2006-12-31,H3260_v1_0
238759,225609,198258,2004-11-24,0.38,8.6,0,NA,2000-01-01,2006-12-31,H3260_v1_0
213836,241452,197091,2004-12-16,0,3.68,0,NA,2000-01-01,2006-12-31,H3260_v1_0
259130,199929,215582,2000-09-18,0.24,1.9,0,NA,2000-01-01,2006-12-31,H3260_v1_0
221004,245672,183550,2000-09-19,2.34,0.2,NA,NA,2000-01-01,2006-12-31,H3260_v1_0
144658,222498,199266,2000-09-21,NA,13,NA,NA,2000-01-01,2006-12-31,H3260_v1_0
238572,223886,213548,2000-09-21,0.55,5.34,NA,NA,2000-01-01,2006-12-31,H3260_v1_0
47686,179707,243397,2000-09-22,0.13,11.2,0,NA,2000-01-01,2006-12-31,H3260_v1_0
111617,186904,232114,2000-09-22,0,2.37,NA,NA,2000-01-01,2006-12-31,H3260_v1_0
238759,225609,198258,2004-12-17,NA,9.55,NA,NA,2000-01-01,2006-12-31,H3260_v1_0
238515,223950,218080,2004-12-17,1.17,5.53,0.138,NA,2000-01-01,2006-12-31,H3260_v1_0
123574,187346,210000,2004-12-02,0.47,1.82,0.088,NA,2000-01-01,2006-12-31,H3260_v1_0
38434,200014,218405,2000-10-06,0.72,1.2,0.07,NA,2000-01-01,2006-12-31,H3260_v1_0
144658,222498,199266,2000-10-09,0.77,14,0,NA,2000-01-01,2006-12-31,H3260_v1_0
47686,179707,243397,2001-02-22,0.51,12.6,0,NA,2000-01-01,2006-12-31,H3260_v1_0
111617,186904,232114,2001-02-22,0.78,4.98,NA,NA,2000-01-01,2006-12-31,H3260_v1_0
221004,245672,183550,2001-02-27,4.81,0.49,NA,NA,2000-01-01,2006-12-31,H3260_v1_0
144658,222498,199266,2001-02-28,NA,16.9,NA,NA,2000-01-01,2006-12-31,H3260_v1_0
238572,223886,213548,2001-02-28,0.83,9.11,NA,NA,2000-01-01,2006-12-31,H3260_v1_0
38434,200014,218405,2001-03-07,NA,1.87,NA,NA,2000-01-01,2006-12-31,H3260_v1_0
259130,199929,215582,2001-03-07,0.44,1.88,0.17,NA,2000-01-01,2006-12-31,H3260_v1_0
123478,178983,208404,2001-03-07,0.78,1.78,NA,NA,2000-01-01,2006-12-31,H3260_v1_0
206652,203131,209305,2001-03-08,0.41,1.71,NA,NA,2000-01-01,2006-12-31,H3260_v1_0
38434,200014,218405,2000-04-05,NA,1.58,NA,NA,2000-01-01,2006-12-31,H3260_v1_0
259130,199929,215582,2000-04-05,0.43,1.43,0,NA,2000-01-01,2006-12-31,H3260_v1_0
123478,178983,208404,2000-04-05,0.66,2.16,NA,NA,2000-01-01,2006-12-31,H3260_v1_0
206652,203131,209305,2000-04-06,0.4,1.93,NA,NA,2000-01-01,2006-12-31,H3260_v1_0
47686,179707,243397,2000-04-26,0.21,10.1,0,NA,2000-01-01,2006-12-31,H3260_v1_0
111617,186904,232114,2000-04-26,0.6,3.6,NA,NA,2000-01-01,2006-12-31,H3260_v1_0
144658,222498,199266,2000-04-27,NA,16.3,NA,NA,2000-01-01,2006-12-31,H3260_v1_0
238572,223886,213548,2000-04-27,0.58,7.26,NA,NA,2000-01-01,2006-12-31,H3260_v1_0
221004,245672,183550,2000-04-25,5.45,0.94,NA,NA,2000-01-01,2006-12-31,H3260_v1_0
38434,200014,218405,2000-05-03,NA,1.44,NA,NA,2000-01-01,2006-12-31,H3260_v1_0
259130,199929,215582,2000-05-03,0.21,1.44,0,NA,2000-01-01,2006-12-31,H3260_v1_0
123478,178983,208404,2000-05-03,0.54,1.91,NA,NA,2000-01-01,2006-12-31,H3260_v1_0
206652,203131,209305,2000-05-05,0.39,1.24,NA,NA,2000-01-01,2006-12-31,H3260_v1_0
212371,244877,161556,2004-06-16,0,5.42,0.31,NA,2000-01-01,2006-12-31,H3260_v1_0
38402,197860,216731,2004-07-06,0.27,0,0,NA,2000-01-01,2006-12-31,H3260_v1_0
123559,185896,209550,2004-07-06,0,0.56,0,NA,2000-01-01,2006-12-31,H3260_v1_0
212371,244877,161556,2004-07-14,0.16,5.35,0.37,NA,2000-01-01,2006-12-31,H3260_v1_0
206652,203131,209305,2000-11-20,0.37,1.54,NA,NA,2000-01-01,2006-12-31,H3260_v1_0
47686,179707,243397,2000-12-07,0.41,15.4,0,NA,2000-01-01,2006-12-31,H3260_v1_0
111617,186904,232114,2000-12-07,0.6,4.54,NA,NA,2000-01-01,2006-12-31,H3260_v1_0
144658,222498,199266,2000-12-08,NA,12.7,NA,NA,2000-01-01,2006-12-31,H3260_v1_0
238572,223886,213548,2000-12-08,0.64,7.21,NA,NA,2000-01-01,2006-12-31,H3260_v1_0
221004,245672,183550,2000-12-11,4.7,0.52,NA,NA,2000-01-01,2006-12-31,H3260_v1_0
204986,244766,184401,2004-07-15,1.15,0.78,0.08,NA,2000-01-01,2006-12-31,H3260_v1_0
255345,228587,215507,2004-07-16,0,2.25,0.07,NA,2000-01-01,2006-12-31,H3260_v1_0
123559,185896,209550,2004-08-03,0,0.9,0.11,NA,2000-01-01,2006-12-31,H3260_v1_0
38402,197860,216731,2004-08-03,0,0.57,0.1,NA,2000-01-01,2006-12-31,H3260_v1_0
204986,244766,184401,2004-08-17,0.95,0.56,0.07,NA,2000-01-01,2006-12-31,H3260_v1_0
255345,228587,215507,2004-08-18,0,1.9,0.08,NA,2000-01-01,2006-12-31,H3260_v1_0
212371,244877,161556,2004-08-19,0,3.61,0.38,NA,2000-01-01,2006-12-31,H3260_v1_0
38434,200014,218405,2000-12-14,NA,2.46,NA,NA,2000-01-01,2006-12-31,H3260_v1_0
259130,199929,215582,2000-12-14,0.41,2.13,0,NA,2000-01-01,2006-12-31,H3260_v1_0
123478,178983,208404,2000-12-14,0.51,2.49,NA,NA,2000-01-01,2006-12-31,H3260_v1_0
206652,203131,209305,2000-12-15,0.41,1.67,NA,NA,2000-01-01,2006-12-31,H3260_v1_0
123478,178983,208404,2000-07-10,0.8,1.93,NA,NA,2000-01-01,2006-12-31,H3260_v1_0
123478,178983,208404,2000-08-18,0.24,1.72,NA,NA,2000-01-01,2006-12-31,H3260_v1_0
38434,200014,218405,2000-08-18,NA,0.84,NA,NA,2000-01-01,2006-12-31,H3260_v1_0
259130,199929,215582,2000-08-18,0.14,1.06,0,NA,2000-01-01,2006-12-31,H3260_v1_0
206652,203131,209305,2000-08-21,0.13,1.42,NA,NA,2000-01-01,2006-12-31,H3260_v1_0
221004,245672,183550,2000-08-22,2.88,0.72,NA,NA,2000-01-01,2006-12-31,H3260_v1_0
123559,185896,209550,2004-09-02,0,0.98,0.08,NA,2000-01-01,2006-12-31,H3260_v1_0
38402,197860,216731,2004-09-02,0.24,1.06,0.05,NA,2000-01-01,2006-12-31,H3260_v1_0
255345,228587,215507,2004-09-14,0,1.81,0,NA,2000-01-01,2006-12-31,H3260_v1_0
47686,179707,243397,2000-08-23,0.43,8.23,0,NA,2000-01-01,2006-12-31,H3260_v1_0
111617,186904,232114,2000-08-23,0.24,1.84,NA,NA,2000-01-01,2006-12-31,H3260_v1_0
144658,222498,199266,2000-08-24,NA,14,NA,NA,2000-01-01,2006-12-31,H3260_v1_0
238572,223886,213548,2000-08-24,0.39,6.46,NA,NA,2000-01-01,2006-12-31,H3260_v1_0
206652,203131,209305,2000-09-14,0.1,1.45,NA,NA,2000-01-01,2006-12-31,H3260_v1_0
38434,200014,218405,2001-01-15,1,2,0.08,NA,2000-01-01,2006-12-31,H3260_v1_0
144658,222498,199266,2001-01-16,0.39,18,0.05,NA,2000-01-01,2006-12-31,H3260_v1_0
206652,203131,209305,2001-01-09,0.35,2.01,NA,NA,2000-01-01,2006-12-31,H3260_v1_0
123478,178983,208404,2001-01-08,0.49,2.9,NA,NA,2000-01-01,2006-12-31,H3260_v1_0
38434,200014,218405,2001-01-08,NA,2.73,NA,NA,2000-01-01,2006-12-31,H3260_v1_0
259130,199929,215582,2001-01-08,0.17,2.29,0,NA,2000-01-01,2006-12-31,H3260_v1_0
212371,244877,161556,2004-09-15,0,5.91,0.61,NA,2000-01-01,2006-12-31,H3260_v1_0
204986,244766,184401,2004-09-16,1.2,1.27,0.05,NA,2000-01-01,2006-12-31,H3260_v1_0
38402,197860,216731,2004-10-04,0,0.78,0,NA,2000-01-01,2006-12-31,H3260_v1_0
123559,185896,209550,2004-10-04,0,1.23,0.08,NA,2000-01-01,2006-12-31,H3260_v1_0
47686,179707,243397,2001-01-31,0.43,16.6,0,NA,2000-01-01,2006-12-31,H3260_v1_0
111617,186904,232114,2001-01-31,0.69,5.57,NA,NA,2000-01-01,2006-12-31,H3260_v1_0
221004,245672,183550,2001-01-29,2.3,1.12,NA,NA,2000-01-01,2006-12-31,H3260_v1_0
38434,200014,218405,2001-02-02,NA,2.53,NA,NA,2000-01-01,2006-12-31,H3260_v1_0
259130,199929,215582,2001-02-02,0.44,1.96,0,NA,2000-01-01,2006-12-31,H3260_v1_0
123478,178983,208404,2001-02-02,1,2.3,NA,NA,2000-01-01,2006-12-31,H3260_v1_0
144658,222498,199266,2001-01-26,NA,12.2,NA,NA,2000-01-01,2006-12-31,H3260_v1_0
238572,223886,213548,2001-01-26,0.67,7.4,NA,NA,2000-01-01,2006-12-31,H3260_v1_0
206652,203131,209305,2001-02-06,0.37,1.98,NA,NA,2000-01-01,2006-12-31,H3260_v1_0
38434,200014,218405,2001-04-09,0,1.5,0,NA,2000-01-01,2006-12-31,H3260_v1_0
47686,179707,243397,2001-04-25,0.46,9.3,0,NA,2000-01-01,2006-12-31,H3260_v1_0
111617,186904,232114,2001-04-25,0.64,3.34,NA,NA,2000-01-01,2006-12-31,H3260_v1_0
221004,245672,183550,2001-04-27,3.78,1.14,NA,NA,2000-01-01,2006-12-31,H3260_v1_0
238572,223886,213548,2001-04-30,0.59,7.98,NA,NA,2000-01-01,2006-12-31,H3260_v1_0
144658,222498,199266,2001-04-30,NA,13.9,NA,NA,2000-01-01,2006-12-31,H3260_v1_0
206652,203131,209305,2001-05-03,0.28,1.28,NA,NA,2000-01-01,2006-12-31,H3260_v1_0
123478,178983,208404,2001-05-04,0.65,1.6,NA,NA,2000-01-01,2006-12-31,H3260_v1_0
38434,200014,218405,2001-05-04,NA,1.86,NA,NA,2000-01-01,2006-12-31,H3260_v1_0
259130,199929,215582,2001-05-04,0.25,1.28,0,NA,2000-01-01,2006-12-31,H3260_v1_0
47686,179707,243397,2001-05-28,0.26,3.39,0,NA,2000-01-01,2006-12-31,H3260_v1_0
111617,186904,232114,2001-05-28,0.79,1.89,NA,NA,2000-01-01,2006-12-31,H3260_v1_0
221004,245672,183550,2001-05-30,9.32,0.93,NA,NA,2000-01-01,2006-12-31,H3260_v1_0
144658,222498,199266,2001-05-31,NA,19.4,NA,NA,2000-01-01,2006-12-31,H3260_v1_0
238572,223886,213548,2001-05-31,0.36,6.39,NA,NA,2000-01-01,2006-12-31,H3260_v1_0
206652,203131,209305,2001-06-12,0.26,1.52,NA,NA,2000-01-01,2006-12-31,H3260_v1_0
123478,178983,208404,2001-06-13,0.63,1.43,NA,NA,2000-01-01,2006-12-31,H3260_v1_0
38434,200014,218405,2001-06-13,NA,1.09,NA,NA,2000-01-01,2006-12-31,H3260_v1_0
259130,199929,215582,2001-06-13,0.06,1.2,0,NA,2000-01-01,2006-12-31,H3260_v1_0
47686,179707,243397,2001-06-26,0.19,2.4,0,NA,2000-01-01,2006-12-31,H3260_v1_0
111617,186904,232114,2001-06-26,0.57,1.57,NA,NA,2000-01-01,2006-12-31,H3260_v1_0
221004,245672,183550,2001-06-28,9.57,0,NA,NA,2000-01-01,2006-12-31,H3260_v1_0
144658,222498,199266,2001-06-29,NA,13.8,NA,NA,2000-01-01,2006-12-31,H3260_v1_0
238572,223886,213548,2001-06-29,0.26,5.78,NA,NA,2000-01-01,2006-12-31,H3260_v1_0
124176,204796,204545,2004-09-27,1.3,0,0.06,NA,2000-01-01,2006-12-31,H3260_v1_0
255345,228587,215507,2004-10-14,0.24,1.94,0.13,NA,2000-01-01,2006-12-31,H3260_v1_0
204986,244766,184401,2004-10-15,1.36,1.49,0,NA,2000-01-01,2006-12-31,H3260_v1_0
212371,244877,161556,2004-10-18,0,5.95,0.34,NA,2000-01-01,2006-12-31,H3260_v1_0
38402,197860,216731,2004-11-03,0.32,0.63,0,NA,2000-01-01,2006-12-31,H3260_v1_0
123559,185896,209550,2004-11-03,0.33,1.13,0.075,NA,2000-01-01,2006-12-31,H3260_v1_0
204986,244766,184401,2004-11-16,0.72,0.6,0,NA,2000-01-01,2006-12-31,H3260_v1_0
206652,203131,209305,2001-07-10,0.23,1.41,NA,NA,2000-01-01,2006-12-31,H3260_v1_0
123478,178983,208404,2001-07-12,0.06,1.49,NA,NA,2000-01-01,2006-12-31,H3260_v1_0
38434,200014,218405,2001-07-12,NA,0.66,NA,NA,2000-01-01,2006-12-31,H3260_v1_0
259130,199929,215582,2001-07-12,0.06,1.03,0,NA,2000-01-01,2006-12-31,H3260_v1_0
47686,179707,243397,2001-07-20,1.11,3.38,0,NA,2000-01-01,2006-12-31,H3260_v1_0
111617,186904,232114,2001-07-20,0.57,1.57,NA,NA,2000-01-01,2006-12-31,H3260_v1_0
221004,245672,183550,2001-07-24,9.66,0,NA,NA,2000-01-01,2006-12-31,H3260_v1_0
144658,222498,199266,2001-07-25,NA,14.4,NA,NA,2000-01-01,2006-12-31,H3260_v1_0
238572,223886,213548,2001-07-25,1.4,4.51,NA,NA,2000-01-01,2006-12-31,H3260_v1_0
123478,178983,208404,2001-08-16,0.07,1.02,NA,NA,2000-01-01,2006-12-31,H3260_v1_0
38434,200014,218405,2001-08-16,NA,0.4,NA,NA,2000-01-01,2006-12-31,H3260_v1_0
259130,199929,215582,2001-08-16,0.13,0.97,0,NA,2000-01-01,2006-12-31,H3260_v1_0
206652,203131,209305,2001-08-20,0.16,0.99,NA,NA,2000-01-01,2006-12-31,H3260_v1_0
47686,179707,243397,2001-08-22,0.06,1.59,0,NA,2000-01-01,2006-12-31,H3260_v1_0
111617,186904,232114,2001-08-22,0.16,0.86,NA,NA,2000-01-01,2006-12-31,H3260_v1_0
221004,245672,183550,2001-08-24,4.9,0.13,NA,NA,2000-01-01,2006-12-31,H3260_v1_0
144658,222498,199266,2001-08-27,NA,14,NA,NA,2000-01-01,2006-12-31,H3260_v1_0
238572,223886,213548,2001-08-27,0.39,5.29,NA,NA,2000-01-01,2006-12-31,H3260_v1_0
206652,203131,209305,2001-09-13,0.35,1.12,NA,NA,2000-01-01,2006-12-31,H3260_v1_0
123478,178983,208404,2001-09-14,0.14,1.86,NA,NA,2000-01-01,2006-12-31,H3260_v1_0
259130,199929,215582,2001-09-14,0.09,1.59,0,NA,2000-01-01,2006-12-31,H3260_v1_0
38434,200014,218405,2001-09-14,NA,0.66,NA,NA,2000-01-01,2006-12-31,H3260_v1_0
221004,245672,183550,2001-09-19,1.77,0.57,NA,NA,2000-01-01,2006-12-31,H3260_v1_0
111617,186904,232114,2001-09-25,0.53,3.28,NA,NA,2000-01-01,2006-12-31,H3260_v1_0
47686,179707,243397,2001-09-25,0.19,13,0,NA,2000-01-01,2006-12-31,H3260_v1_0
238572,223886,213548,2001-09-28,0.28,5.39,NA,NA,2000-01-01,2006-12-31,H3260_v1_0
144658,222498,199266,2001-09-28,NA,13.2,NA,NA,2000-01-01,2006-12-31,H3260_v1_0
123574,187346,210000,2005-01-13,0.57,1.68,0.15,NA,2000-01-01,2006-12-31,H3260_v1_0
40171,250075,162498,2005-01-11,0,12.3,0,NA,2000-01-01,2006-12-31,H3260_v1_0
123574,187346,210000,2000-07-10,0.27,1.82,NA,NA,2000-01-01,2006-12-31,H3260_v1_0
123574,187346,210000,2000-08-18,0.1,1.62,NA,NA,2000-01-01,2006-12-31,H3260_v1_0
213836,241452,197091,2000-08-22,1.3,2.43,0.19,NA,2000-01-01,2006-12-31,H3260_v1_0
212371,244877,161556,2004-11-17,0,5.94,0.265,NA,2000-01-01,2006-12-31,H3260_v1_0
241434,238265,208445,2001-01-09,0.98,7.44,NA,NA,2000-01-01,2006-12-31,H3260_v1_0
123559,185896,209550,2001-01-08,0.58,2.84,NA,NA,2000-01-01,2006-12-31,H3260_v1_0
38402,197860,216731,2001-01-08,0.49,2.06,NA,NA,2000-01-01,2006-12-31,H3260_v1_0
124176,204796,204545,2001-01-09,0.35,1.83,0,NA,2000-01-01,2006-12-31,H3260_v1_0
241434,238265,208445,2001-01-29,0.3,6.86,0,NA,2000-01-01,2006-12-31,H3260_v1_0
204986,244766,184401,2001-01-29,1.84,1.14,NA,NA,2000-01-01,2006-12-31,H3260_v1_0
212371,244877,161556,2001-01-30,0.38,7.55,0.27,NA,2000-01-01,2006-12-31,H3260_v1_0
40171,250075,162498,2000-08-22,0.14,12.2,0,NA,2000-01-01,2006-12-31,H3260_v1_0
238759,225609,198258,2000-08-24,NA,12.7,NA,NA,2000-01-01,2006-12-31,H3260_v1_0
238515,223950,218080,2000-08-24,1.02,4.66,0,NA,2000-01-01,2006-12-31,H3260_v1_0
238759,225609,198258,2001-01-16,0.29,19,0,NA,2000-01-01,2006-12-31,H3260_v1_0
123574,187346,210000,2001-01-08,0.45,3.1,NA,NA,2000-01-01,2006-12-31,H3260_v1_0
206652,203131,209305,2001-10-12,0.25,1.1,NA,NA,2000-01-01,2006-12-31,H3260_v1_0
259130,199929,215582,2001-10-15,0.13,1.18,0,NA,2000-01-01,2006-12-31,H3260_v1_0
38434,200014,218405,2001-10-15,NA,1.51,NA,NA,2000-01-01,2006-12-31,H3260_v1_0
123478,178983,208404,2001-10-15,0.24,1.57,NA,NA,2000-01-01,2006-12-31,H3260_v1_0
213836,241452,197091,2001-01-29,0.69,4.6,0,NA,2000-01-01,2006-12-31,H3260_v1_0
40171,250075,162498,2001-01-30,0.09,12.6,0.24,NA,2000-01-01,2006-12-31,H3260_v1_0
123574,187346,210000,2001-02-02,0.91,2.45,NA,NA,2000-01-01,2006-12-31,H3260_v1_0
238759,225609,198258,2001-01-26,NA,15.4,NA,NA,2000-01-01,2006-12-31,H3260_v1_0
238515,223950,218080,2001-01-26,0.91,5.59,0.19,NA,2000-01-01,2006-12-31,H3260_v1_0
238515,223950,218080,2001-04-17,0,3,0,NA,2000-01-01,2006-12-31,H3260_v1_0
40171,250075,162498,2001-04-26,0.11,9.78,0,NA,2000-01-01,2006-12-31,H3260_v1_0
38402,197860,216731,2001-02-02,0.76,1.74,NA,NA,2000-01-01,2006-12-31,H3260_v1_0
123559,185896,209550,2001-02-02,1.03,2.42,NA,NA,2000-01-01,2006-12-31,H3260_v1_0
124176,204796,204545,2001-02-05,0.27,1.64,0,NA,2000-01-01,2006-12-31,H3260_v1_0
124176,204796,204545,2001-04-09,0,1.2,0.12,NA,2000-01-01,2006-12-31,H3260_v1_0
111617,186904,232114,2001-10-24,0.39,2.32,NA,NA,2000-01-01,2006-12-31,H3260_v1_0
47686,179707,243397,2001-10-24,0.17,7.19,0,NA,2000-01-01,2006-12-31,H3260_v1_0
144658,222498,199266,2001-10-29,NA,9.6,NA,NA,2000-01-01,2006-12-31,H3260_v1_0
238572,223886,213548,2001-10-29,0.36,3.92,NA,NA,2000-01-01,2006-12-31,H3260_v1_0
123478,178983,208404,2000-10-26,0.29,1.85,NA,NA,2000-01-01,2006-12-31,H3260_v1_0
206652,203131,209305,2000-10-27,0.18,1.8,NA,NA,2000-01-01,2006-12-31,H3260_v1_0
47686,179707,243397,2000-11-09,0.24,17.2,0,NA,2000-01-01,2006-12-31,H3260_v1_0
111617,186904,232114,2000-11-09,0.49,4.57,NA,NA,2000-01-01,2006-12-31,H3260_v1_0
144658,222498,199266,2000-11-10,NA,11.2,NA,NA,2000-01-01,2006-12-31,H3260_v1_0
238572,223886,213548,2000-11-10,0.27,6.14,NA,NA,2000-01-01,2006-12-31,H3260_v1_0
221004,245672,183550,2000-11-14,2.87,0.67,NA,NA,2000-01-01,2006-12-31,H3260_v1_0
213836,241452,197091,2001-04-27,0.42,3.9,0,NA,2000-01-01,2006-12-31,H3260_v1_0
238515,223950,218080,2001-04-30,0.67,6.22,0,NA,2000-01-01,2006-12-31,H3260_v1_0
238759,225609,198258,2001-04-30,NA,16.2,NA,NA,2000-01-01,2006-12-31,H3260_v1_0
123574,187346,210000,2001-05-04,0.56,1.66,NA,NA,2000-01-01,2006-12-31,H3260_v1_0
40171,250075,162498,2001-05-29,0.14,10.4,0,NA,2000-01-01,2006-12-31,H3260_v1_0
213836,241452,197091,2001-05-30,0.32,4.45,0,NA,2000-01-01,2006-12-31,H3260_v1_0
238759,225609,198258,2001-05-31,NA,13.3,NA,NA,2000-01-01,2006-12-31,H3260_v1_0
238515,223950,218080,2001-05-31,0.89,6.37,0.19,NA,2000-01-01,2006-12-31,H3260_v1_0
212371,244877,161556,2001-04-26,0.14,6.7,0,NA,2000-01-01,2006-12-31,H3260_v1_0
204986,244766,184401,2001-04-27,11.7,0,NA,NA,2000-01-01,2006-12-31,H3260_v1_0
241434,238265,208445,2001-04-27,0.24,7.26,0.17,NA,2000-01-01,2006-12-31,H3260_v1_0
123559,185896,209550,2001-05-04,0.61,1.63,NA,NA,2000-01-01,2006-12-31,H3260_v1_0
38402,197860,216731,2001-05-04,0.74,1.16,NA,NA,2000-01-01,2006-12-31,H3260_v1_0
124176,204796,204545,2001-05-07,0.29,0.94,0.15,NA,2000-01-01,2006-12-31,H3260_v1_0
38434,200014,218405,2000-11-16,NA,2.94,NA,NA,2000-01-01,2006-12-31,H3260_v1_0
259130,199929,215582,2000-11-16,0.37,1.64,0,NA,2000-01-01,2006-12-31,H3260_v1_0
123478,178983,208404,2000-11-16,0.59,1.93,NA,NA,2000-01-01,2006-12-31,H3260_v1_0
38434,200014,218405,2001-10-16,0,1,0,NA,2000-01-01,2006-12-31,H3260_v1_0
123574,187346,210000,2001-06-13,0.13,1.24,NA,NA,2000-01-01,2006-12-31,H3260_v1_0
238515,223950,218080,2001-06-12,0,5.2,0.18,NA,2000-01-01,2006-12-31,H3260_v1_0
40171,250075,162498,2001-06-27,0.2,10.4,0,NA,2000-01-01,2006-12-31,H3260_v1_0
213836,241452,197091,2001-06-28,0.28,4.12,0,NA,2000-01-01,2006-12-31,H3260_v1_0
238759,225609,198258,2001-06-29,NA,10.6,NA,NA,2000-01-01,2006-12-31,H3260_v1_0
238515,223950,218080,2001-06-29,0.78,4.61,0.23,NA,2000-01-01,2006-12-31,H3260_v1_0
238515,223950,218080,2001-08-07,1.8,3.3,0,NA,2000-01-01,2006-12-31,H3260_v1_0
123574,187346,210000,2001-07-12,0.13,1.38,NA,NA,2000-01-01,2006-12-31,H3260_v1_0
212371,244877,161556,2001-05-29,0.26,7.28,0.33,NA,2000-01-01,2006-12-31,H3260_v1_0
204986,244766,184401,2001-05-30,10.7,0.74,NA,NA,2000-01-01,2006-12-31,H3260_v1_0
241434,238265,208445,2001-05-30,0.11,7.24,0.21,NA,2000-01-01,2006-12-31,H3260_v1_0
123559,185896,209550,2001-06-13,0.28,1.29,NA,NA,2000-01-01,2006-12-31,H3260_v1_0
38402,197860,216731,2001-06-13,0.13,0.45,NA,NA,2000-01-01,2006-12-31,H3260_v1_0
124176,204796,204545,2001-06-14,0.18,1.5,0,NA,2000-01-01,2006-12-31,H3260_v1_0
206652,203131,209305,2001-11-13,0.26,1.52,NA,NA,2000-01-01,2006-12-31,H3260_v1_0
123478,178983,208404,2001-11-14,0.59,1.81,NA,NA,2000-01-01,2006-12-31,H3260_v1_0
38434,200014,218405,2001-11-14,NA,1.94,NA,NA,2000-01-01,2006-12-31,H3260_v1_0
259130,199929,215582,2001-11-14,0.23,1.52,0,NA,2000-01-01,2006-12-31,H3260_v1_0
47686,179707,243397,2001-11-27,0.25,12.6,0,NA,2000-01-01,2006-12-31,H3260_v1_0
40171,250075,162498,2001-07-23,0.1,9.81,0,NA,2000-01-01,2006-12-31,H3260_v1_0
213836,241452,197091,2001-07-24,0.56,3.1,0,NA,2000-01-01,2006-12-31,H3260_v1_0
238759,225609,198258,2001-07-25,NA,9.37,NA,NA,2000-01-01,2006-12-31,H3260_v1_0
238515,223950,218080,2001-07-25,1.21,3.69,0,NA,2000-01-01,2006-12-31,H3260_v1_0
123574,187346,210000,2001-08-16,0.08,0.95,NA,NA,2000-01-01,2006-12-31,H3260_v1_0
111617,186904,232114,2001-11-27,0.5,3.99,NA,NA,2000-01-01,2006-12-31,H3260_v1_0
221004,245672,183550,2001-11-29,4.03,0.11,NA,NA,2000-01-01,2006-12-31,H3260_v1_0
144658,222498,199266,2001-11-30,NA,6.09,NA,NA,2000-01-01,2006-12-31,H3260_v1_0
238572,223886,213548,2001-11-30,0.41,3.92,NA,NA,2000-01-01,2006-12-31,H3260_v1_0
206652,203131,209305,2001-12-05,0.36,1.49,NA,NA,2000-01-01,2006-12-31,H3260_v1_0
38434,200014,218405,2001-12-06,NA,2.02,NA,NA,2000-01-01,2006-12-31,H3260_v1_0
259130,199929,215582,2001-12-06,0.25,2.01,0,NA,2000-01-01,2006-12-31,H3260_v1_0
123478,178983,208404,2001-12-06,0.56,2.23,NA,NA,2000-01-01,2006-12-31,H3260_v1_0
212371,244877,161556,2001-06-27,0.17,6.46,0.32,NA,2000-01-01,2006-12-31,H3260_v1_0
204986,244766,184401,2001-06-28,6.26,0.42,NA,NA,2000-01-01,2006-12-31,H3260_v1_0
241434,238265,208445,2001-06-28,0.2,6.46,0.16,NA,2000-01-01,2006-12-31,H3260_v1_0
124176,204796,204545,2001-07-06,2.59,1.41,0,NA,2000-01-01,2006-12-31,H3260_v1_0
123559,185896,209550,2001-07-12,0.3,1.33,NA,NA,2000-01-01,2006-12-31,H3260_v1_0
40171,250075,162498,2001-08-23,0.13,9.53,0,NA,2000-01-01,2006-12-31,H3260_v1_0
213836,241452,197091,2001-08-24,1.26,3.84,0,NA,2000-01-01,2006-12-31,H3260_v1_0
238759,225609,198258,2001-08-27,NA,6.29,NA,NA,2000-01-01,2006-12-31,H3260_v1_0
238515,223950,218080,2001-08-27,0.4,5.04,0.19,NA,2000-01-01,2006-12-31,H3260_v1_0
123574,187346,210000,2001-09-14,0.16,1.56,NA,NA,2000-01-01,2006-12-31,H3260_v1_0
213836,241452,197091,2001-09-19,0.57,3.55,0.15,NA,2000-01-01,2006-12-31,H3260_v1_0
40171,250075,162498,2001-09-26,0,14,0,NA,2000-01-01,2006-12-31,H3260_v1_0
238515,223950,218080,2001-09-28,0.67,4,0,NA,2000-01-01,2006-12-31,H3260_v1_0
221004,245672,183550,2001-12-28,1.89,2.36,NA,NA,2000-01-01,2006-12-31,H3260_v1_0
238572,223886,213548,2001-12-31,0.82,7.9,NA,NA,2000-01-01,2006-12-31,H3260_v1_0
144658,222498,199266,2001-12-31,NA,13.3,NA,NA,2000-01-01,2006-12-31,H3260_v1_0
38434,200014,218405,2002-01-22,0,1.9,0.13,NA,2000-01-01,2006-12-31,H3260_v1_0
144658,222498,199266,2002-01-22,0,12,0,NA,2000-01-01,2006-12-31,H3260_v1_0
38434,200014,218405,2002-01-08,0.78,1.77,0.15,NA,2000-01-01,2006-12-31,H3260_v1_0
259130,199929,215582,2002-01-08,0.36,1.56,0,NA,2000-01-01,2006-12-31,H3260_v1_0
38434,200014,218405,2002-02-05,0.98,2.03,0.19,NA,2000-01-01,2006-12-31,H3260_v1_0
38402,197860,216731,2001-07-12,0.08,0.49,NA,NA,2000-01-01,2006-12-31,H3260_v1_0
212371,244877,161556,2001-07-23,0.22,5.59,0.25,NA,2000-01-01,2006-12-31,H3260_v1_0
241434,238265,208445,2001-07-24,0.25,6.36,0,NA,2000-01-01,2006-12-31,H3260_v1_0
204986,244766,184401,2001-07-24,2.81,0.69,NA,NA,2000-01-01,2006-12-31,H3260_v1_0
123559,185896,209550,2001-08-16,0.16,1,NA,NA,2000-01-01,2006-12-31,H3260_v1_0
38402,197860,216731,2001-08-16,0.06,0.22,NA,NA,2000-01-01,2006-12-31,H3260_v1_0
238759,225609,198258,2001-09-28,NA,13.1,NA,NA,2000-01-01,2006-12-31,H3260_v1_0
123574,187346,210000,2001-10-15,0.13,1.58,NA,NA,2000-01-01,2006-12-31,H3260_v1_0
238515,223950,218080,2001-10-02,0,3.3,0.2,NA,2000-01-01,2006-12-31,H3260_v1_0
40171,250075,162498,2001-10-25,0.14,8.82,0,NA,2000-01-01,2006-12-31,H3260_v1_0
238759,225609,198258,2001-10-29,NA,10.2,NA,NA,2000-01-01,2006-12-31,H3260_v1_0
238515,223950,218080,2001-10-29,0.58,3.6,0.15,NA,2000-01-01,2006-12-31,H3260_v1_0
213836,241452,197091,2001-10-30,0.53,3.08,0,NA,2000-01-01,2006-12-31,H3260_v1_0
238759,225609,198258,2001-10-08,0,14,0,NA,2000-01-01,2006-12-31,H3260_v1_0
238515,223950,218080,2002-11-26,1.3,4.6,0.12,NA,2000-01-01,2006-12-31,H3260_v1_0
259130,199929,215582,2002-02-05,0.53,1.89,0,NA,2000-01-01,2006-12-31,H3260_v1_0
123478,178983,208404,2002-01-08,0.88,1.7,NA,NA,2000-01-01,2006-12-31,H3260_v1_0
123478,178983,208404,2002-02-05,0.89,2.05,0,NA,2000-01-01,2006-12-31,H3260_v1_0
221004,245672,183550,2002-02-22,1.49,3.79,NA,NA,2000-01-01,2006-12-31,H3260_v1_0
221004,245672,183550,2002-01-30,3.08,2.1,NA,NA,2000-01-01,2006-12-31,H3260_v1_0
238572,223886,213548,2002-02-25,0.55,4.87,NA,NA,2000-01-01,2006-12-31,H3260_v1_0
144658,222498,199266,2002-02-25,NA,3.38,NA,NA,2000-01-01,2006-12-31,H3260_v1_0
238572,223886,213548,2002-01-31,0.6,8.84,NA,NA,2000-01-01,2006-12-31,H3260_v1_0
144658,222498,199266,2002-01-31,NA,12.6,NA,NA,2000-01-01,2006-12-31,H3260_v1_0
47686,179707,243397,2002-01-28,0.28,9.55,0.2,NA,2000-01-01,2006-12-31,H3260_v1_0
111617,186904,232114,2002-01-28,0.39,3.13,NA,NA,2000-01-01,2006-12-31,H3260_v1_0
47686,179707,243397,2002-02-20,0.81,3.12,0.42,NA,2000-01-01,2006-12-31,H3260_v1_0
111617,186904,232114,2002-02-20,0.65,1.55,NA,NA,2000-01-01,2006-12-31,H3260_v1_0
123478,178983,208404,2002-03-05,0.65,2.22,0,NA,2000-01-01,2006-12-31,H3260_v1_0
40171,250075,162498,2002-11-26,0.08,14.2,0,NA,2000-01-01,2006-12-31,H3260_v1_0
213836,241452,197091,2002-11-27,0.23,3.68,0,NA,2000-01-01,2006-12-31,H3260_v1_0
238515,223950,218080,2002-11-28,0.84,4.76,0,NA,2000-01-01,2006-12-31,H3260_v1_0
238759,225609,198258,2002-11-28,0.2,14.8,0,NA,2000-01-01,2006-12-31,H3260_v1_0
35602,224807,211917,2002-11-28,0.93,6.29,NA,NA,2000-01-01,2006-12-31,H3260_v1_0
40171,250075,162498,2002-12-23,0.09,13.2,0,NA,2000-01-01,2006-12-31,H3260_v1_0
206698,206838,210770,2002-12-02,0.33,1.5,NA,NA,2000-01-01,2006-12-31,H3260_v1_0
123574,187346,210000,2002-12-10,0.6,1.58,NA,NA,2000-01-01,2006-12-31,H3260_v1_0
124176,204796,204545,2001-08-21,0.1,0.28,0,NA,2000-01-01,2006-12-31,H3260_v1_0
212371,244877,161556,2001-08-23,0.73,5.61,0.57,NA,2000-01-01,2006-12-31,H3260_v1_0
241434,238265,208445,2001-08-24,0.11,5.68,0.29,NA,2000-01-01,2006-12-31,H3260_v1_0
204986,244766,184401,2001-08-24,3.02,0,NA,NA,2000-01-01,2006-12-31,H3260_v1_0
123559,185896,209550,2001-09-14,0.27,1.69,NA,NA,2000-01-01,2006-12-31,H3260_v1_0
38402,197860,216731,2001-09-14,0.16,0.82,NA,NA,2000-01-01,2006-12-31,H3260_v1_0
213836,241452,197091,2002-12-24,0.99,3.28,0,NA,2000-01-01,2006-12-31,H3260_v1_0
238515,223950,218080,2002-12-30,0.53,2.85,0.18,NA,2000-01-01,2006-12-31,H3260_v1_0
238759,225609,198258,2002-12-30,0.16,5.21,0.26,NA,2000-01-01,2006-12-31,H3260_v1_0
35602,224807,211917,2002-12-30,2.01,1.08,NA,NA,2000-01-01,2006-12-31,H3260_v1_0
238515,223950,218080,2003-01-06,1.1,6.5,0.1,NA,2000-01-01,2006-12-31,H3260_v1_0
238515,223950,218080,2003-01-17,1.47,5.64,0.17,NA,2000-01-01,2006-12-31,H3260_v1_0
38434,200014,218405,2002-03-05,0.5,1.99,0,NA,2000-01-01,2006-12-31,H3260_v1_0
259130,199929,215582,2002-03-05,0.26,2.17,0,NA,2000-01-01,2006-12-31,H3260_v1_0
47686,179707,243397,2002-03-21,0.4,5.58,0.28,NA,2000-01-01,2006-12-31,H3260_v1_0
111617,186904,232114,2002-03-21,0.48,2.45,NA,NA,2000-01-01,2006-12-31,H3260_v1_0
124176,204796,204545,2001-09-18,0.25,1.26,0,NA,2000-01-01,2006-12-31,H3260_v1_0
204986,244766,184401,2001-09-19,2.21,0.4,NA,NA,2000-01-01,2006-12-31,H3260_v1_0
212371,244877,161556,2001-09-26,0.19,5.88,0.27,NA,2000-01-01,2006-12-31,H3260_v1_0
38402,197860,216731,2001-10-15,0.27,1.1,NA,NA,2000-01-01,2006-12-31,H3260_v1_0
238759,225609,198258,2003-01-17,NA,15.1,NA,NA,2000-01-01,2006-12-31,H3260_v1_0
123574,187346,210000,2003-01-09,0.69,2.29,0,NA,2000-01-01,2006-12-31,H3260_v1_0
213836,241452,197091,2003-01-20,0.48,4.17,0,NA,2000-01-01,2006-12-31,H3260_v1_0
40171,250075,162498,2003-01-21,0.08,14.3,0,NA,2000-01-01,2006-12-31,H3260_v1_0
123574,187346,210000,2003-02-05,0.74,2.54,0.25,NA,2000-01-01,2006-12-31,H3260_v1_0
238515,223950,218080,2003-02-14,2.15,5.96,0.15,NA,2000-01-01,2006-12-31,H3260_v1_0
221004,245672,183550,2002-03-25,1.59,2.76,NA,NA,2000-01-01,2006-12-31,H3260_v1_0
238572,223886,213548,2002-03-26,0.51,7.77,NA,NA,2000-01-01,2006-12-31,H3260_v1_0
144658,222498,199266,2002-03-26,NA,15.8,NA,NA,2000-01-01,2006-12-31,H3260_v1_0
38434,200014,218405,2002-03-20,0,1.2,0.16,NA,2000-01-01,2006-12-31,H3260_v1_0
123478,178983,208404,2002-04-03,0.32,1.86,0,NA,2000-01-01,2006-12-31,H3260_v1_0
123559,185896,209550,2001-10-15,0.14,1.56,NA,NA,2000-01-01,2006-12-31,H3260_v1_0
124176,204796,204545,2001-10-17,0.15,0.51,0,NA,2000-01-01,2006-12-31,H3260_v1_0
212371,244877,161556,2001-10-25,0.21,4.87,0.31,NA,2000-01-01,2006-12-31,H3260_v1_0
241434,238265,208445,2001-10-30,0.26,5.55,0,NA,2000-01-01,2006-12-31,H3260_v1_0
204986,244766,184401,2001-10-30,4.05,0.56,NA,NA,2000-01-01,2006-12-31,H3260_v1_0
124176,204796,204545,2002-11-18,0,1.1,0,NA,2000-01-01,2006-12-31,H3260_v1_0
238759,225609,198258,2003-02-14,NA,16.6,NA,NA,2000-01-01,2006-12-31,H3260_v1_0
213836,241452,197091,2003-02-17,0.33,4.56,0,NA,2000-01-01,2006-12-31,H3260_v1_0
40171,250075,162498,2003-02-18,0.08,15.2,0,NA,2000-01-01,2006-12-31,H3260_v1_0
238515,223950,218080,2003-03-03,1.2,3.9,0.12,NA,2000-01-01,2006-12-31,H3260_v1_0
38434,200014,218405,2002-04-03,0.35,1.26,0,NA,2000-01-01,2006-12-31,H3260_v1_0
259130,199929,215582,2002-04-03,0.22,1.28,0,NA,2000-01-01,2006-12-31,H3260_v1_0
47686,179707,243397,2002-04-19,0.28,6.17,0,NA,2000-01-01,2006-12-31,H3260_v1_0
111617,186904,232114,2002-04-19,0.54,1.92,NA,NA,2000-01-01,2006-12-31,H3260_v1_0
212371,244877,161556,2002-11-26,0.21,6.88,0,NA,2000-01-01,2006-12-31,H3260_v1_0
204986,244766,184401,2002-11-27,5.15,0.72,0.45,NA,2000-01-01,2006-12-31,H3260_v1_0
241434,238265,208445,2002-11-27,0.4,6.13,0.2,NA,2000-01-01,2006-12-31,H3260_v1_0
123574,187346,210000,2003-03-07,0.57,1.61,0,NA,2000-01-01,2006-12-31,H3260_v1_0
213836,241452,197091,2003-03-17,0.13,4.08,0,NA,2000-01-01,2006-12-31,H3260_v1_0
40171,250075,162498,2003-03-18,0.04,15,0,NA,2000-01-01,2006-12-31,H3260_v1_0
238515,223950,218080,2003-03-19,1.61,4.95,0.18,NA,2000-01-01,2006-12-31,H3260_v1_0
238759,225609,198258,2003-03-19,NA,14.2,NA,NA,2000-01-01,2006-12-31,H3260_v1_0
238515,223950,218080,2003-04-15,1.28,4.22,0.15,NA,2000-01-01,2006-12-31,H3260_v1_0
238759,225609,198258,2003-04-15,NA,11.8,NA,NA,2000-01-01,2006-12-31,H3260_v1_0
213836,241452,197091,2003-04-16,0.1,3.63,0,NA,2000-01-01,2006-12-31,H3260_v1_0
221004,245672,183550,2002-04-23,3.16,1.27,NA,NA,2000-01-01,2006-12-31,H3260_v1_0
238572,223886,213548,2002-04-29,0.84,6.23,NA,NA,2000-01-01,2006-12-31,H3260_v1_0
144658,222498,199266,2002-04-29,NA,12.6,NA,NA,2000-01-01,2006-12-31,H3260_v1_0
38434,200014,218405,2002-05-06,0,1.2,0.09,NA,2000-01-01,2006-12-31,H3260_v1_0
212371,244877,161556,2002-12-23,0.23,8.98,0,NA,2000-01-01,2006-12-31,H3260_v1_0
124176,204796,204545,2002-12-09,0.4,0.85,0,NA,2000-01-01,2006-12-31,H3260_v1_0
123559,185896,209550,2002-12-10,0.67,1.57,NA,NA,2000-01-01,2006-12-31,H3260_v1_0
38402,197860,216731,2002-12-10,0.66,0.74,NA,NA,2000-01-01,2006-12-31,H3260_v1_0
204986,244766,184401,2002-12-24,4.76,0.2,0.32,NA,2000-01-01,2006-12-31,H3260_v1_0
241434,238265,208445,2002-12-24,0.51,5.91,0.24,NA,2000-01-01,2006-12-31,H3260_v1_0
40171,250075,162498,2003-04-17,0.06,14.9,0,NA,2000-01-01,2006-12-31,H3260_v1_0
123574,187346,210000,2003-04-04,1.54,1.49,0,NA,2000-01-01,2006-12-31,H3260_v1_0
213836,241452,197091,2005-05-09,0,2.78,0.138,NA,2000-01-01,2006-12-31,H3260_v1_0
238759,225609,198258,2005-05-10,NA,10.8,NA,NA,2000-01-01,2006-12-31,H3260_v1_0
238515,223950,218080,2005-05-10,0.37,3,0.06,NA,2000-01-01,2006-12-31,H3260_v1_0
221004,245672,183550,2002-05-29,3.14,0.15,NA,NA,2000-01-01,2006-12-31,H3260_v1_0
238572,223886,213548,2002-05-30,0,6.32,NA,NA,2000-01-01,2006-12-31,H3260_v1_0
144658,222498,199266,2002-05-30,NA,13,NA,NA,2000-01-01,2006-12-31,H3260_v1_0
123478,178983,208404,2002-05-03,0.41,1.13,0,NA,2000-01-01,2006-12-31,H3260_v1_0
38434,200014,218405,2002-05-03,0.35,0.89,0,NA,2000-01-01,2006-12-31,H3260_v1_0
259130,199929,215582,2002-05-03,0.09,1.45,0,NA,2000-01-01,2006-12-31,H3260_v1_0
40171,250075,162498,2005-05-11,0,12.8,0.091,NA,2000-01-01,2006-12-31,H3260_v1_0
123574,187346,210000,2005-05-10,0.21,1.52,0,NA,2000-01-01,2006-12-31,H3260_v1_0
213836,241452,197091,2005-06-06,3.08,2.37,0.201,NA,2000-01-01,2006-12-31,H3260_v1_0
238759,225609,198258,2005-06-07,NA,7.46,NA,NA,2000-01-01,2006-12-31,H3260_v1_0
238515,223950,218080,2005-06-07,0.51,3.3,0.11,NA,2000-01-01,2006-12-31,H3260_v1_0
124176,204796,204545,2002-12-18,0,1.1,0,NA,2000-01-01,2006-12-31,H3260_v1_0
38402,197860,216731,2003-01-09,0.79,1.46,0,NA,2000-01-01,2006-12-31,H3260_v1_0
123559,185896,209550,2003-01-09,0.69,2.29,0,NA,2000-01-01,2006-12-31,H3260_v1_0
204986,244766,184401,2003-01-20,2.99,1.87,0.21,NA,2000-01-01,2006-12-31,H3260_v1_0
47686,179707,243397,2002-05-27,0,2.67,0,NA,2000-01-01,2006-12-31,H3260_v1_0
111617,186904,232114,2002-05-27,0.49,1.83,NA,NA,2000-01-01,2006-12-31,H3260_v1_0
123478,178983,208404,2002-06-04,0.48,1.07,0,NA,2000-01-01,2006-12-31,H3260_v1_0
38434,200014,218405,2002-06-04,0.14,0.55,0,NA,2000-01-01,2006-12-31,H3260_v1_0
259130,199929,215582,2002-06-04,0.04,1.07,0,NA,2000-01-01,2006-12-31,H3260_v1_0
212371,244877,161556,2003-01-21,0.33,7.44,0,NA,2000-01-01,2006-12-31,H3260_v1_0
38402,197860,216731,2003-02-05,0.63,1.96,0,NA,2000-01-01,2006-12-31,H3260_v1_0
47686,179707,243397,2002-06-20,1.62,4.19,0.6,NA,2000-01-01,2006-12-31,H3260_v1_0
111617,186904,232114,2002-06-20,1.3,2.53,NA,NA,2000-01-01,2006-12-31,H3260_v1_0
238572,223886,213548,2002-06-28,0.37,6.52,NA,NA,2000-01-01,2006-12-31,H3260_v1_0
144658,222498,199266,2002-06-28,NA,13,NA,NA,2000-01-01,2006-12-31,H3260_v1_0
123478,178983,208404,2002-07-12,0.16,1.3,0,NA,2000-01-01,2006-12-31,H3260_v1_0
204986,244766,184401,2003-02-17,3.79,1.39,0.42,NA,2000-01-01,2006-12-31,H3260_v1_0
212371,244877,161556,2003-02-18,0.46,8.58,0,NA,2000-01-01,2006-12-31,H3260_v1_0
38434,200014,218405,2002-07-12,0.28,0.59,0,NA,2000-01-01,2006-12-31,H3260_v1_0
259130,199929,215582,2002-07-12,0.17,1.18,0,NA,2000-01-01,2006-12-31,H3260_v1_0
47686,179707,243397,2002-07-26,0.09,1.69,0,NA,2000-01-01,2006-12-31,H3260_v1_0
111617,186904,232114,2002-07-26,0.33,1.07,NA,NA,2000-01-01,2006-12-31,H3260_v1_0
221004,245672,183550,2002-07-30,8.31,0,NA,NA,2000-01-01,2006-12-31,H3260_v1_0
238572,223886,213548,2002-07-31,2.03,4.37,NA,NA,2000-01-01,2006-12-31,H3260_v1_0
124176,204796,204545,2003-03-12,1.6,1.8,0.17,NA,2000-01-01,2006-12-31,H3260_v1_0
38402,197860,216731,2003-03-07,0.62,1.06,0,NA,2000-01-01,2006-12-31,H3260_v1_0
123559,185896,209550,2003-03-07,0.6,1.61,0,NA,2000-01-01,2006-12-31,H3260_v1_0
204986,244766,184401,2003-03-17,4.23,0.83,0.31,NA,2000-01-01,2006-12-31,H3260_v1_0
212371,244877,161556,2003-03-18,0.1,7.55,0,NA,2000-01-01,2006-12-31,H3260_v1_0
144658,222498,199266,2002-07-31,NA,6.43,NA,NA,2000-01-01,2006-12-31,H3260_v1_0
221004,245672,183550,2002-06-27,5.37,0.22,NA,NA,2000-01-01,2006-12-31,H3260_v1_0
123478,178983,208404,2002-08-13,0.14,1.3,0,NA,2000-01-01,2006-12-31,H3260_v1_0
38434,200014,218405,2002-08-13,0.23,0.67,0,NA,2000-01-01,2006-12-31,H3260_v1_0
259130,199929,215582,2002-08-13,0.06,0.98,0,NA,2000-01-01,2006-12-31,H3260_v1_0
204986,244766,184401,2003-04-16,3.53,1.16,0.9,NA,2000-01-01,2006-12-31,H3260_v1_0
212371,244877,161556,2003-04-17,0.11,5.87,0.46,NA,2000-01-01,2006-12-31,H3260_v1_0
111617,186904,232114,2002-08-26,0.45,1.6,NA,NA,2000-01-01,2006-12-31,H3260_v1_0
47686,179707,243397,2002-08-26,0.14,5.53,0,NA,2000-01-01,2006-12-31,H3260_v1_0
47686,179707,243397,2003-05-05,0.08,6.17,0,NA,2000-01-01,2006-12-31,H3260_v1_0
84207,151545,223322,2003-05-06,NA,0.43,NA,NA,2000-01-01,2006-12-31,H3260_v1_0
38402,197860,216731,2003-04-04,0.72,1.15,0,NA,2000-01-01,2006-12-31,H3260_v1_0
123559,185896,209550,2003-04-04,0.57,1.44,0,NA,2000-01-01,2006-12-31,H3260_v1_0
38402,197860,216731,2005-04-14,0.33,0.96,0,NA,2000-01-01,2006-12-31,H3260_v1_0
204986,244766,184401,2005-05-10,0.86,0.76,0.081,NA,2000-01-01,2006-12-31,H3260_v1_0
259130,199929,215582,2003-05-12,0.17,1.09,0,NA,2000-01-01,2006-12-31,H3260_v1_0
123478,178983,208404,2003-05-12,0.24,1.05,0,NA,2000-01-01,2006-12-31,H3260_v1_0
221004,245672,183550,2003-05-15,10.6,0.67,1.58,NA,2000-01-01,2006-12-31,H3260_v1_0
238572,223886,213548,2003-05-16,0.62,5.47,0.17,NA,2000-01-01,2006-12-31,H3260_v1_0
144658,222498,199266,2003-05-16,NA,11.5,NA,NA,2000-01-01,2006-12-31,H3260_v1_0
84207,151545,223322,2003-06-02,NA,0.11,NA,NA,2000-01-01,2006-12-31,H3260_v1_0
212371,244877,161556,2005-05-11,0,5.96,0.219,NA,2000-01-01,2006-12-31,H3260_v1_0
123559,185896,209550,2005-05-10,0.3,1.44,0,NA,2000-01-01,2006-12-31,H3260_v1_0
111617,186904,232114,2003-06-02,0.57,2.02,0,NA,2000-01-01,2006-12-31,H3260_v1_0
47686,179707,243397,2003-06-02,0.18,5.67,0,NA,2000-01-01,2006-12-31,H3260_v1_0
259130,199929,215582,2003-06-10,0.12,1,0,NA,2000-01-01,2006-12-31,H3260_v1_0
123478,178983,208404,2003-06-10,0.66,1.33,0.15,NA,2000-01-01,2006-12-31,H3260_v1_0
38402,197860,216731,2005-05-18,0,0.4,0,NA,2000-01-01,2006-12-31,H3260_v1_0
204986,244766,184401,2005-06-07,1.29,0,0.309,NA,2000-01-01,2006-12-31,H3260_v1_0
221004,245672,183550,2003-06-16,3.13,0,0.94,NA,2000-01-01,2006-12-31,H3260_v1_0
238572,223886,213548,2003-06-17,0.25,5.99,0,NA,2000-01-01,2006-12-31,H3260_v1_0
144658,222498,199266,2003-06-17,NA,12.1,NA,NA,2000-01-01,2006-12-31,H3260_v1_0
47686,179707,243397,2003-07-02,0.31,1.88,0,NA,2000-01-01,2006-12-31,H3260_v1_0
84207,151545,223322,2003-07-03,NA,0.57,NA,NA,2000-01-01,2006-12-31,H3260_v1_0
212371,244877,161556,2005-06-08,0,6.66,0.391,NA,2000-01-01,2006-12-31,H3260_v1_0
123559,185896,209550,2005-06-07,0.52,1.2,0.092,NA,2000-01-01,2006-12-31,H3260_v1_0
259130,199929,215582,2003-07-11,0,0.86,0,NA,2000-01-01,2006-12-31,H3260_v1_0
123478,178983,208404,2003-07-11,0.17,1.08,0,NA,2000-01-01,2006-12-31,H3260_v1_0
238572,223886,213548,2003-07-15,0.21,5.82,0.24,NA,2000-01-01,2006-12-31,H3260_v1_0
221004,245672,183550,2003-07-16,3.8,2.92,1.8,NA,2000-01-01,2006-12-31,H3260_v1_0
38402,197860,216731,2005-06-14,0,0.32,0,NA,2000-01-01,2006-12-31,H3260_v1_0
212371,244877,161556,2005-07-04,0.28,4.49,0.416,NA,2000-01-01,2006-12-31,H3260_v1_0
204986,244766,184401,2005-07-05,3.07,0,0.111,NA,2000-01-01,2006-12-31,H3260_v1_0
123559,185896,209550,2005-07-06,0.26,1.44,0.085,NA,2000-01-01,2006-12-31,H3260_v1_0
144658,222498,199266,2003-07-16,NA,11.6,NA,NA,2000-01-01,2006-12-31,H3260_v1_0
259130,199929,215582,2003-08-05,0.11,0.59,0,NA,2000-01-01,2006-12-31,H3260_v1_0
123478,178983,208404,2003-08-05,0.11,0.66,0,NA,2000-01-01,2006-12-31,H3260_v1_0
111617,186904,232114,2003-08-12,1.38,0,0,NA,2000-01-01,2006-12-31,H3260_v1_0
38402,197860,216731,2005-07-15,0,0.2,0,NA,2000-01-01,2006-12-31,H3260_v1_0
47686,179707,243397,2003-08-12,0,1.04,0,NA,2000-01-01,2006-12-31,H3260_v1_0
84207,151545,223322,2003-08-13,NA,0,NA,NA,2000-01-01,2006-12-31,H3260_v1_0
238572,223886,213548,2003-08-14,0.39,4.69,0.15,NA,2000-01-01,2006-12-31,H3260_v1_0
144658,222498,199266,2003-08-14,NA,12.3,NA,NA,2000-01-01,2006-12-31,H3260_v1_0
221004,245672,183550,2003-08-18,7.49,1.66,2.28,NA,2000-01-01,2006-12-31,H3260_v1_0
259130,199929,215582,2003-09-03,0,0.86,0,NA,2000-01-01,2006-12-31,H3260_v1_0
123478,178983,208404,2003-09-03,0,1.07,0,NA,2000-01-01,2006-12-31,H3260_v1_0
47686,179707,243397,2003-09-10,0.28,0.94,0,NA,2000-01-01,2006-12-31,H3260_v1_0
84207,151545,223322,2003-09-11,NA,0.36,NA,NA,2000-01-01,2006-12-31,H3260_v1_0
38434,200014,218405,2003-09-01,0,0,0,NA,2000-01-01,2006-12-31,H3260_v1_0
144658,222498,199266,2003-09-01,0,12,0,NA,2000-01-01,2006-12-31,H3260_v1_0
123559,185896,209550,2005-08-05,0,1.13,0,NA,2000-01-01,2006-12-31,H3260_v1_0
204986,244766,184401,2005-08-02,7.38,0.14,0.392,NA,2000-01-01,2006-12-31,H3260_v1_0
212371,244877,161556,2005-08-10,0,5.06,0.464,NA,2000-01-01,2006-12-31,H3260_v1_0
38402,197860,216731,2005-08-16,0,0.27,0,NA,2000-01-01,2006-12-31,H3260_v1_0
238572,223886,213548,2003-09-15,0.29,4.01,0.2,NA,2000-01-01,2006-12-31,H3260_v1_0
144658,222498,199266,2003-09-15,NA,11.8,NA,NA,2000-01-01,2006-12-31,H3260_v1_0
221004,245672,183550,2003-09-16,0.73,3.59,2.08,NA,2000-01-01,2006-12-31,H3260_v1_0
123478,178983,208404,2003-10-03,0.14,1.04,0,NA,2000-01-01,2006-12-31,H3260_v1_0
259130,199929,215582,2003-10-03,0,0.7,0,NA,2000-01-01,2006-12-31,H3260_v1_0
84207,151545,223322,2003-10-10,NA,0.24,NA,NA,2000-01-01,2006-12-31,H3260_v1_0
47686,179707,243397,2003-10-10,0,2.47,0,NA,2000-01-01,2006-12-31,H3260_v1_0
111617,186904,232114,2003-09-30,0,0,0,NA,2000-01-01,2006-12-31,H3260_v1_0
84207,151545,223322,2003-10-13,0,0,0,NA,2000-01-01,2006-12-31,H3260_v1_0
204986,244766,184401,2005-08-30,2.87,0,0.175,NA,2000-01-01,2006-12-31,H3260_v1_0
144658,222498,199266,2003-10-16,NA,12.1,NA,NA,2000-01-01,2006-12-31,H3260_v1_0
238572,223886,213548,2003-10-16,0.32,4.72,0,NA,2000-01-01,2006-12-31,H3260_v1_0
221004,245672,183550,2003-10-17,2.34,2.09,1.38,NA,2000-01-01,2006-12-31,H3260_v1_0
144658,222498,199266,2003-11-18,NA,8.95,NA,NA,2000-01-01,2006-12-31,H3260_v1_0
238572,223886,213548,2003-11-18,0.53,4.22,0.15,NA,2000-01-01,2006-12-31,H3260_v1_0
212371,244877,161556,2005-09-07,0,6.45,0.524,NA,2000-01-01,2006-12-31,H3260_v1_0
123559,185896,209550,2005-09-06,0,0.84,0,NA,2000-01-01,2006-12-31,H3260_v1_0
38402,197860,216731,2005-09-15,0,0.19,0,NA,2000-01-01,2006-12-31,H3260_v1_0
221004,245672,183550,2003-11-19,11,0.66,1.98,NA,2000-01-01,2006-12-31,H3260_v1_0
123478,178983,208404,2003-11-05,0.4,1.32,0.23,NA,2000-01-01,2006-12-31,H3260_v1_0
259130,199929,215582,2003-11-05,0.12,1.18,0,NA,2000-01-01,2006-12-31,H3260_v1_0
111617,186904,232114,2003-11-05,0,0.99,0,NA,2000-01-01,2006-12-31,H3260_v1_0
204986,244766,184401,2005-09-27,1.54,0.45,0.113,NA,2000-01-01,2006-12-31,H3260_v1_0
212371,244877,161556,2005-10-05,0,5.31,0.459,NA,2000-01-01,2006-12-31,H3260_v1_0
47686,179707,243397,2003-11-13,0.89,2.5,0,NA,2000-01-01,2006-12-31,H3260_v1_0
84207,151545,223322,2003-11-14,NA,0,NA,NA,2000-01-01,2006-12-31,H3260_v1_0
144658,222498,199266,2003-12-12,NA,9.78,NA,NA,2000-01-01,2006-12-31,H3260_v1_0
221004,245672,183550,2003-12-16,1.02,3.05,0.46,NA,2000-01-01,2006-12-31,H3260_v1_0
238572,223886,213548,2003-12-12,3.07,5.16,0.15,NA,2000-01-01,2006-12-31,H3260_v1_0
259130,199929,215582,2003-12-03,0.24,1.29,0,NA,2000-01-01,2006-12-31,H3260_v1_0
123478,178983,208404,2003-12-03,0.38,1.36,0,NA,2000-01-01,2006-12-31,H3260_v1_0
84207,151545,223322,2003-12-10,NA,0.31,NA,NA,2000-01-01,2006-12-31,H3260_v1_0
111617,186904,232114,2003-12-10,0.56,1,0,NA,2000-01-01,2006-12-31,H3260_v1_0
47686,179707,243397,2003-12-10,0.37,3.57,0,NA,2000-01-01,2006-12-31,H3260_v1_0
84207,151545,223322,2003-12-09,0,0,0,NA,2000-01-01,2006-12-31,H3260_v1_0
38434,200014,218405,2003-12-10,0,0,0,NA,2000-01-01,2006-12-31,H3260_v1_0
111617,186904,232114,2003-12-16,0,5.7,0,NA,2000-01-01,2006-12-31,H3260_v1_0
111617,186904,232114,2004-01-06,NA,4.62,NA,NA,2000-01-01,2006-12-31,H3260_v1_0
47686,179707,243397,2004-01-06,0.44,17,0,NA,2000-01-01,2006-12-31,H3260_v1_0
259130,199929,215582,2004-01-07,0.32,1.46,0,NA,2000-01-01,2006-12-31,H3260_v1_0
123478,178983,208404,2004-01-07,0.93,2.02,0,NA,2000-01-01,2006-12-31,H3260_v1_0
221004,245672,183550,2004-01-19,4.71,0.88,0.44,NA,2000-01-01,2006-12-31,H3260_v1_0
255415,228750,210246,2004-01-20,0.19,4,0,NA,2000-01-01,2006-12-31,H3260_v1_0
144658,222498,199266,2004-01-20,NA,5.87,NA,NA,2000-01-01,2006-12-31,H3260_v1_0
238572,223886,213548,2004-01-20,0.44,3.81,0,NA,2000-01-01,2006-12-31,H3260_v1_0
111617,186904,232114,2004-02-02,0.88,4.29,0.25,NA,2000-01-01,2006-12-31,H3260_v1_0
47686,179707,243397,2004-02-02,1.62,6.45,0.08,NA,2000-01-01,2006-12-31,H3260_v1_0
259130,199929,215582,2004-02-04,0.21,2.34,0.06,NA,2000-01-01,2006-12-31,H3260_v1_0
123478,178983,208404,2004-02-04,0.58,2.75,0.11,NA,2000-01-01,2006-12-31,H3260_v1_0
221004,245672,183550,2002-08-29,1.72,2.41,NA,NA,2000-01-01,2006-12-31,H3260_v1_0
238572,223886,213548,2002-08-30,0.31,6.68,NA,NA,2000-01-01,2006-12-31,H3260_v1_0
144658,222498,199266,2002-08-30,NA,11.3,NA,NA,2000-01-01,2006-12-31,H3260_v1_0
123478,178983,208404,2002-09-10,0.1,1.66,0,NA,2000-01-01,2006-12-31,H3260_v1_0
38434,200014,218405,2002-09-10,0.06,0.63,0,NA,2000-01-01,2006-12-31,H3260_v1_0
259130,199929,215582,2002-09-10,0,0.85,0,NA,2000-01-01,2006-12-31,H3260_v1_0
47686,179707,243397,2002-09-24,0.07,1.77,0,NA,2000-01-01,2006-12-31,H3260_v1_0
111617,186904,232114,2002-09-24,0.29,0.57,NA,NA,2000-01-01,2006-12-31,H3260_v1_0
221004,245672,183550,2002-09-26,6.59,0.51,NA,NA,2000-01-01,2006-12-31,H3260_v1_0
238572,223886,213548,2002-09-27,0.56,4.67,NA,NA,2000-01-01,2006-12-31,H3260_v1_0
144658,222498,199266,2002-09-27,NA,12.4,NA,NA,2000-01-01,2006-12-31,H3260_v1_0
259130,199929,215582,2002-10-11,0.18,1.1,0,NA,2000-01-01,2006-12-31,H3260_v1_0
38434,200014,218405,2002-10-11,0.06,0.88,0,NA,2000-01-01,2006-12-31,H3260_v1_0
123478,178983,208404,2002-10-11,0.19,1.3,0,NA,2000-01-01,2006-12-31,H3260_v1_0
111617,186904,232114,2002-10-28,0.36,1.28,NA,NA,2000-01-01,2006-12-31,H3260_v1_0
47686,179707,243397,2002-10-28,0.08,2.41,0,NA,2000-01-01,2006-12-31,H3260_v1_0
221004,245672,183550,2002-10-30,10,1.96,NA,NA,2000-01-01,2006-12-31,H3260_v1_0
238572,223886,213548,2002-10-31,0.49,5.82,NA,NA,2000-01-01,2006-12-31,H3260_v1_0
144658,222498,199266,2002-10-31,NA,10.8,NA,NA,2000-01-01,2006-12-31,H3260_v1_0
144658,222498,199266,2002-10-22,0,12,0,NA,2000-01-01,2006-12-31,H3260_v1_0
38434,200014,218405,2002-11-12,0.24,1.94,0.24,NA,2000-01-01,2006-12-31,H3260_v1_0
259130,199929,215582,2002-11-12,0.25,1.93,0,NA,2000-01-01,2006-12-31,H3260_v1_0
123478,178983,208404,2002-11-12,0.41,2.04,0.17,NA,2000-01-01,2006-12-31,H3260_v1_0
111617,186904,232114,2002-11-25,0.71,2.77,NA,NA,2000-01-01,2006-12-31,H3260_v1_0
47686,179707,243397,2002-11-25,0.34,10.7,0,NA,2000-01-01,2006-12-31,H3260_v1_0
259130,199929,215582,2004-03-05,0.2,1.7,0.07,NA,2000-01-01,2006-12-31,H3260_v1_0
123478,178983,208404,2004-03-05,0.63,2.04,0.11,NA,2000-01-01,2006-12-31,H3260_v1_0
111617,186904,232114,2004-03-15,0.3,3,0.03,NA,2000-01-01,2006-12-31,H3260_v1_0
84207,151545,223322,2004-03-15,0.34,0.9,0,NA,2000-01-01,2006-12-31,H3260_v1_0
221004,245672,183550,2004-03-17,0.47,5.54,0.38,NA,2000-01-01,2006-12-31,H3260_v1_0
38434,200014,218405,2004-03-16,0,1.8,0.02,NA,2000-01-01,2006-12-31,H3260_v1_0
255415,228750,210246,2004-03-18,0.47,8.37,0,NA,2000-01-01,2006-12-31,H3260_v1_0
144658,222498,199266,2004-03-18,NA,13.5,NA,NA,2000-01-01,2006-12-31,H3260_v1_0
238572,223886,213548,2004-03-18,0.35,6.23,0.09,NA,2000-01-01,2006-12-31,H3260_v1_0
111617,186904,232114,2004-04-01,0.37,2.04,0.09,NA,2000-01-01,2006-12-31,H3260_v1_0
47686,179707,243397,2004-04-01,0.59,2.9,0.06,NA,2000-01-01,2006-12-31,H3260_v1_0
259130,199929,215582,2004-04-08,0,1.19,0,NA,2000-01-01,2006-12-31,H3260_v1_0
123478,178983,208404,2004-04-08,0.51,1.64,0.06,NA,2000-01-01,2006-12-31,H3260_v1_0
221004,245672,183550,2004-04-19,4.44,5.36,0.5,NA,2000-01-01,2006-12-31,H3260_v1_0
255415,228750,210246,2004-04-20,0.42,7.4,0,NA,2000-01-01,2006-12-31,H3260_v1_0
144658,222498,199266,2004-04-20,NA,12.1,NA,NA,2000-01-01,2006-12-31,H3260_v1_0
238572,223886,213548,2004-04-20,0.28,5.7,0.06,NA,2000-01-01,2006-12-31,H3260_v1_0
111617,186904,232114,2004-05-03,NA,2.36,NA,NA,2000-01-01,2006-12-31,H3260_v1_0
47686,179707,243397,2004-05-03,0,4.95,0,NA,2000-01-01,2006-12-31,H3260_v1_0
259130,199929,215582,2004-05-07,0,0.88,0,NA,2000-01-01,2006-12-31,H3260_v1_0
123478,178983,208404,2004-05-07,0.25,1.1,0,NA,2000-01-01,2006-12-31,H3260_v1_0
221004,245672,183550,2004-05-14,1.14,4.25,0.33,NA,2000-01-01,2006-12-31,H3260_v1_0
255415,228750,210246,2004-05-15,0,6.62,0.11,NA,2000-01-01,2006-12-31,H3260_v1_0
144658,222498,199266,2004-05-15,NA,11,NA,NA,2000-01-01,2006-12-31,H3260_v1_0
238572,223886,213548,2004-05-15,0.37,5.16,0.14,NA,2000-01-01,2006-12-31,H3260_v1_0
111617,186904,232114,2004-06-02,0.5,1.64,0.13,NA,2000-01-01,2006-12-31,H3260_v1_0
259130,199929,215582,2004-06-07,0,0.86,0,NA,2000-01-01,2006-12-31,H3260_v1_0
123478,178983,208404,2004-06-07,0.17,0.85,0.07,NA,2000-01-01,2006-12-31,H3260_v1_0
47686,179707,243397,2004-06-03,0,2.29,0.04,NA,2000-01-01,2006-12-31,H3260_v1_0
221004,245672,183550,2004-06-14,1.45,0.64,0.82,NA,2000-01-01,2006-12-31,H3260_v1_0
238572,223886,213548,2004-06-15,0,3.77,0.07,NA,2000-01-01,2006-12-31,H3260_v1_0
144658,222498,199266,2004-06-15,NA,9.09,NA,NA,2000-01-01,2006-12-31,H3260_v1_0
255415,228750,210246,2004-06-15,0,5.52,0.05,NA,2000-01-01,2006-12-31,H3260_v1_0
111617,186904,232114,2004-07-01,NA,0.76,NA,NA,2000-01-01,2006-12-31,H3260_v1_0
47686,179707,243397,2004-07-01,0,4.82,0,NA,2000-01-01,2006-12-31,H3260_v1_0
259130,199929,215582,2004-07-06,0,0.64,0,NA,2000-01-01,2006-12-31,H3260_v1_0
123478,178983,208404,2004-07-06,0,0.69,0,NA,2000-01-01,2006-12-31,H3260_v1_0
221004,245672,183550,2004-07-15,3.9,1.09,0.4,NA,2000-01-01,2006-12-31,H3260_v1_0
144658,222498,199266,2004-07-16,NA,7.19,NA,NA,2000-01-01,2006-12-31,H3260_v1_0
238572,223886,213548,2004-07-16,0.26,4.59,0.14,NA,2000-01-01,2006-12-31,H3260_v1_0
255415,228750,210246,2004-07-16,0,5.2,0,NA,2000-01-01,2006-12-31,H3260_v1_0
123478,178983,208404,2004-08-03,0,0.97,0.12,NA,2000-01-01,2006-12-31,H3260_v1_0
259130,199929,215582,2004-08-03,0,0.86,0.06,NA,2000-01-01,2006-12-31,H3260_v1_0
111617,186904,232114,2004-08-12,0.26,0.94,0.1,NA,2000-01-01,2006-12-31,H3260_v1_0
47686,179707,243397,2004-08-12,0,1.8,0.1,NA,2000-01-01,2006-12-31,H3260_v1_0
221004,245672,183550,2004-08-17,2.56,0.66,0.42,NA,2000-01-01,2006-12-31,H3260_v1_0
144658,222498,199266,2004-08-18,NA,8.21,NA,NA,2000-01-01,2006-12-31,H3260_v1_0
238572,223886,213548,2004-08-18,0.25,3.55,0.14,NA,2000-01-01,2006-12-31,H3260_v1_0
255415,228750,210246,2004-08-18,0,4.43,0.07,NA,2000-01-01,2006-12-31,H3260_v1_0
123478,178983,208404,2004-09-02,0,1.08,0.09,NA,2000-01-01,2006-12-31,H3260_v1_0
259130,199929,215582,2004-09-02,0,0.92,0.05,NA,2000-01-01,2006-12-31,H3260_v1_0
221004,245672,183550,2001-10-30,5.47,0,NA,NA,2000-01-01,2006-12-31,H3260_v1_0
38434,200014,218405,2002-11-18,0,1.7,0,NA,2000-01-01,2006-12-31,H3260_v1_0
221004,245672,183550,2002-11-27,1.58,2.77,NA,NA,2000-01-01,2006-12-31,H3260_v1_0
238572,223886,213548,2002-11-28,0.5,6.7,NA,NA,2000-01-01,2006-12-31,H3260_v1_0
144658,222498,199266,2002-11-28,NA,13.3,NA,NA,2000-01-01,2006-12-31,H3260_v1_0
123478,178983,208404,2002-12-10,0.65,1.54,0,NA,2000-01-01,2006-12-31,H3260_v1_0
259130,199929,215582,2002-12-10,0.3,1.44,0,NA,2000-01-01,2006-12-31,H3260_v1_0
47686,179707,243397,2002-12-21,0.43,11.2,0,NA,2000-01-01,2006-12-31,H3260_v1_0
111617,186904,232114,2002-12-21,0.71,3.35,NA,NA,2000-01-01,2006-12-31,H3260_v1_0
221004,245672,183550,2002-12-24,2.68,2.05,NA,NA,2000-01-01,2006-12-31,H3260_v1_0
238572,223886,213548,2002-12-30,0.33,3.26,NA,NA,2000-01-01,2006-12-31,H3260_v1_0
144658,222498,199266,2002-12-30,NA,2.99,NA,NA,2000-01-01,2006-12-31,H3260_v1_0
38434,200014,218405,2002-12-16,0,1.8,0.23,NA,2000-01-01,2006-12-31,H3260_v1_0
84207,151545,223322,2003-01-13,0,0.48,0,NA,2000-01-01,2006-12-31,H3260_v1_0
259130,199929,215582,2003-01-09,0.32,1.83,0,NA,2000-01-01,2006-12-31,H3260_v1_0
144658,222498,199266,2003-01-17,NA,13.9,NA,NA,2000-01-01,2006-12-31,H3260_v1_0
238572,223886,213548,2003-01-17,0.69,8.33,0,NA,2000-01-01,2006-12-31,H3260_v1_0
123478,178983,208404,2003-01-09,0.7,2.28,0,NA,2000-01-01,2006-12-31,H3260_v1_0
221004,245672,183550,2003-01-20,2.02,2.44,0.49,NA,2000-01-01,2006-12-31,H3260_v1_0
47686,179707,243397,2003-01-16,0.74,12.3,0,NA,2000-01-01,2006-12-31,H3260_v1_0
144658,222498,199266,2003-02-11,0,16,0,NA,2000-01-01,2006-12-31,H3260_v1_0
84207,151545,223322,2003-02-12,NA,0.39,NA,NA,2000-01-01,2006-12-31,H3260_v1_0
259130,199929,215582,2003-02-05,0.43,2.13,0,NA,2000-01-01,2006-12-31,H3260_v1_0
123478,178983,208404,2003-02-05,0.89,2.52,0.15,NA,2000-01-01,2006-12-31,H3260_v1_0
144658,222498,199266,2003-02-14,NA,16.5,NA,NA,2000-01-01,2006-12-31,H3260_v1_0
238572,223886,213548,2003-02-14,0.53,9.3,0,NA,2000-01-01,2006-12-31,H3260_v1_0
221004,245672,183550,2003-02-17,5.02,1.6,0.49,NA,2000-01-01,2006-12-31,H3260_v1_0
47686,179707,243397,2003-02-13,0.52,11.8,0,NA,2000-01-01,2006-12-31,H3260_v1_0
111617,186904,232114,2003-02-13,0.53,3.64,0,NA,2000-01-01,2006-12-31,H3260_v1_0
84207,151545,223322,2003-03-13,NA,0.42,NA,NA,2000-01-01,2006-12-31,H3260_v1_0
38434,200014,218405,2003-03-11,1.4,1.4,0.13,NA,2000-01-01,2006-12-31,H3260_v1_0
144658,222498,199266,2003-03-31,NA,14.3,NA,NA,2000-01-01,2006-12-31,H3260_v1_0
84207,151545,223322,2003-03-17,0,0,0,NA,2000-01-01,2006-12-31,H3260_v1_0
47686,179707,243397,2003-03-13,0.4,9.93,0,NA,2000-01-01,2006-12-31,H3260_v1_0
259130,199929,215582,2003-03-07,0.33,1.25,0,NA,2000-01-01,2006-12-31,H3260_v1_0
123478,178983,208404,2003-03-07,0.58,1.69,0,NA,2000-01-01,2006-12-31,H3260_v1_0
221004,245672,183550,2003-03-17,1.27,5.73,0.5,NA,2000-01-01,2006-12-31,H3260_v1_0
238572,223886,213548,2003-03-19,0.48,7.09,0.16,NA,2000-01-01,2006-12-31,H3260_v1_0
238572,223886,213548,2003-04-15,0.27,6.32,0,NA,2000-01-01,2006-12-31,H3260_v1_0
144658,222498,199266,2003-04-15,NA,13.4,NA,NA,2000-01-01,2006-12-31,H3260_v1_0
221004,245672,183550,2003-04-16,3.37,0.61,0.96,NA,2000-01-01,2006-12-31,H3260_v1_0
84207,151545,223322,2003-04-02,NA,0.41,NA,NA,2000-01-01,2006-12-31,H3260_v1_0
47686,179707,243397,2003-04-02,1.42,6.51,0.19,NA,2000-01-01,2006-12-31,H3260_v1_0
111617,186904,232114,2003-04-02,3.73,1.99,0.3,NA,2000-01-01,2006-12-31,H3260_v1_0
259130,199929,215582,2003-04-04,0.38,1.3,0,NA,2000-01-01,2006-12-31,H3260_v1_0
123478,178983,208404,2003-04-04,0.62,1.4,0,NA,2000-01-01,2006-12-31,H3260_v1_0
206652,203131,209305,2005-04-13,0,1.31,0.086,NA,2000-01-01,2006-12-31,H3260_v1_0
38434,200014,218405,2005-04-13,0,1.3,0,NA,2000-01-01,2006-12-31,H3260_v1_0
259130,199929,215582,2005-04-14,0,1.27,0,NA,2000-01-01,2006-12-31,H3260_v1_0
221004,245672,183550,2005-05-10,0.85,1.43,0.62,NA,2000-01-01,2006-12-31,H3260_v1_0
144658,222498,199266,2005-05-10,NA,10.4,NA,NA,2000-01-01,2006-12-31,H3260_v1_0
238572,223886,213548,2005-05-10,0.21,4.51,0.114,NA,2000-01-01,2006-12-31,H3260_v1_0
47686,179707,243397,2005-05-09,0,13.2,0,NA,2000-01-01,2006-12-31,H3260_v1_0
123478,178983,208404,2005-05-10,0.24,1.35,0,NA,2000-01-01,2006-12-31,H3260_v1_0
206652,203131,209305,2005-05-13,NA,0.92,0.146,NA,2000-01-01,2006-12-31,H3260_v1_0
259130,199929,215582,2005-05-18,0,1.02,0,NA,2000-01-01,2006-12-31,H3260_v1_0
204986,244766,184401,2005-10-25,2.23,0.51,0.404,NA,2000-01-01,2006-12-31,H3260_v1_0
123559,185896,209550,2005-10-04,0,0.99,0,NA,2000-01-01,2006-12-31,H3260_v1_0
255345,228587,215507,2004-11-18,0.27,1.93,0.07,NA,2000-01-01,2006-12-31,H3260_v1_0
212371,244877,161556,2004-12-15,0.44,7.14,0.235,NA,2000-01-01,2006-12-31,H3260_v1_0
204986,244766,184401,2004-12-16,1.06,0.95,0,NA,2000-01-01,2006-12-31,H3260_v1_0
213910,237472,193248,2005-06-06,1.07,3.56,0.152,NA,2000-01-01,2006-12-31,H3260_v1_0
221004,245672,183550,2005-06-07,1.46,0,2.18,NA,2000-01-01,2006-12-31,H3260_v1_0
144658,222498,199266,2005-06-07,NA,11.5,NA,NA,2000-01-01,2006-12-31,H3260_v1_0
238572,223886,213548,2005-06-07,0.34,4.58,0.214,NA,2000-01-01,2006-12-31,H3260_v1_0
255345,228587,215507,2004-12-17,0,3.19,0.082,NA,2000-01-01,2006-12-31,H3260_v1_0
38402,197860,216731,2004-12-02,0.47,0.87,0,NA,2000-01-01,2006-12-31,H3260_v1_0
123559,185896,209550,2004-12-02,0.48,1.78,0.075,NA,2000-01-01,2006-12-31,H3260_v1_0
47686,179707,243397,2005-06-07,0,3.72,0,NA,2000-01-01,2006-12-31,H3260_v1_0
123478,178983,208404,2005-06-07,0,1.16,0,NA,2000-01-01,2006-12-31,H3260_v1_0
111617,186904,232114,2005-06-08,0.52,1.9,0.094,NA,2000-01-01,2006-12-31,H3260_v1_0
206652,203131,209305,2005-06-13,0.36,1.03,0.1,NA,2000-01-01,2006-12-31,H3260_v1_0
259130,199929,215582,2005-06-14,0,0.8,0,NA,2000-01-01,2006-12-31,H3260_v1_0
123559,185896,209550,2005-01-13,0.7,1.64,0.15,NA,2000-01-01,2006-12-31,H3260_v1_0
212371,244877,161556,2005-01-11,0,7.39,0.18,NA,2000-01-01,2006-12-31,H3260_v1_0
204986,244766,184401,2005-01-18,1.13,0.76,0.092,NA,2000-01-01,2006-12-31,H3260_v1_0
221004,245672,183550,2005-07-05,0.88,0,0.86,NA,2000-01-01,2006-12-31,H3260_v1_0
47686,179707,243397,2005-07-05,0.42,5.02,0.137,NA,2000-01-01,2006-12-31,H3260_v1_0
123478,178983,208404,2005-07-06,0.38,1.51,0.085,NA,2000-01-01,2006-12-31,H3260_v1_0
38402,197860,216731,2005-01-19,0.45,2.23,0.167,NA,2000-01-01,2006-12-31,H3260_v1_0
124176,204796,204545,2005-01-18,0.48,1,0.03,NA,2000-01-01,2006-12-31,H3260_v1_0
206652,203131,209305,2005-07-12,0,0.73,0,NA,2000-01-01,2006-12-31,H3260_v1_0
259130,199929,215582,2005-07-15,0,0.74,0,NA,2000-01-01,2006-12-31,H3260_v1_0
111617,186904,232114,2004-09-13,NA,0.76,NA,NA,2000-01-01,2006-12-31,H3260_v1_0
47686,179707,243397,2004-09-13,0,1.99,0,NA,2000-01-01,2006-12-31,H3260_v1_0
255415,228750,210246,2004-09-14,0,4.55,0,NA,2000-01-01,2006-12-31,H3260_v1_0
212371,244877,161556,2005-02-02,0.2,7.51,0.181,NA,2000-01-01,2006-12-31,H3260_v1_0
204986,244766,184401,2005-02-15,0.4,1.53,0.071,NA,2000-01-01,2006-12-31,H3260_v1_0
123559,185896,209550,2005-02-10,0.65,1.65,0.131,NA,2000-01-01,2006-12-31,H3260_v1_0
38402,197860,216731,2005-02-15,0.45,2.71,0.083,NA,2000-01-01,2006-12-31,H3260_v1_0
144658,222498,199266,2004-09-14,NA,8.38,NA,NA,2000-01-01,2006-12-31,H3260_v1_0
238572,223886,213548,2004-09-14,0.9,4.04,0.28,NA,2000-01-01,2006-12-31,H3260_v1_0
221004,245672,183550,2004-09-16,4.42,0.49,1.01,NA,2000-01-01,2006-12-31,H3260_v1_0
123559,185896,209550,2005-11-04,0,1.05,0,NA,2000-01-01,2006-12-31,H3260_v1_0
259130,199929,215582,2004-10-04,0,1.02,0,NA,2000-01-01,2006-12-31,H3260_v1_0
123478,178983,208404,2004-10-04,0,1.25,0.08,NA,2000-01-01,2006-12-31,H3260_v1_0
111617,186904,232114,2004-10-13,0,0.5,0,NA,2000-01-01,2006-12-31,H3260_v1_0
47686,179707,243397,2004-10-13,0,1.26,0,NA,2000-01-01,2006-12-31,H3260_v1_0
38402,197860,216731,2005-11-22,0.33,0.43,0,NA,2000-01-01,2006-12-31,H3260_v1_0
124176,204796,204545,2005-11-21,0,0,0,NA,2000-01-01,2006-12-31,H3260_v1_0
38434,200014,218405,2004-09-27,0,0,0.04,NA,2000-01-01,2006-12-31,H3260_v1_0
111617,186904,232114,2004-09-28,0.31,0.86,0,NA,2000-01-01,2006-12-31,H3260_v1_0
84207,151545,223322,2004-09-29,0,0,0,NA,2000-01-01,2006-12-31,H3260_v1_0
255415,228750,210246,2004-10-14,0,4.64,0,NA,2000-01-01,2006-12-31,H3260_v1_0
144658,222498,199266,2004-10-14,NA,8.25,NA,NA,2000-01-01,2006-12-31,H3260_v1_0
238572,223886,213548,2004-10-14,0.32,4.16,0.19,NA,2000-01-01,2006-12-31,H3260_v1_0
221004,245672,183550,2004-10-15,2.82,1.92,1.14,NA,2000-01-01,2006-12-31,H3260_v1_0
144658,222498,199266,2004-10-18,0.38,8,0,NA,2000-01-01,2006-12-31,H3260_v1_0
259130,199929,215582,2004-11-03,0,0.86,0,NA,2000-01-01,2006-12-31,H3260_v1_0
212371,244877,161556,2005-11-30,0.2,6.72,0.249,NA,2000-01-01,2006-12-31,H3260_v1_0
123559,185896,209550,2005-12-06,0.59,1.41,0.108,NA,2000-01-01,2006-12-31,H3260_v1_0
123478,178983,208404,2004-11-03,0.21,1.21,0,NA,2000-01-01,2006-12-31,H3260_v1_0
221004,245672,183550,2004-11-16,2.75,2.46,0.419,NA,2000-01-01,2006-12-31,H3260_v1_0
204986,244766,184401,2005-12-13,5.09,4.73,0.1,NA,2000-01-01,2006-12-31,H3260_v1_0
38402,197860,216731,2005-12-13,0.5,0.55,0,NA,2000-01-01,2006-12-31,H3260_v1_0
212371,244877,161556,2006-01-11,0.428,7.04,0.351,NA,2000-01-01,2006-12-31,H3260_v1_0
144658,222498,199266,2004-11-18,NA,6.32,NA,NA,2000-01-01,2006-12-31,H3260_v1_0
238572,223886,213548,2004-11-18,3,5.02,0.585,NA,2000-01-01,2006-12-31,H3260_v1_0
255415,228750,210246,2004-11-18,0.28,3.06,0,NA,2000-01-01,2006-12-31,H3260_v1_0
111617,186904,232114,2004-11-08,NA,1.68,NA,NA,2000-01-01,2006-12-31,H3260_v1_0
47686,179707,243397,2004-11-08,0,3.6,0,NA,2000-01-01,2006-12-31,H3260_v1_0
204986,244766,184401,2006-01-17,3.85,0.729,0.293,NA,2000-01-01,2006-12-31,H3260_v1_0
123559,185896,209550,2006-01-16,0.582,1.23,0.102,NA,2000-01-01,2006-12-31,H3260_v1_0
38402,197860,216731,2006-01-19,0.571,1.33,0,NA,2000-01-01,2006-12-31,H3260_v1_0
221004,245672,183550,2004-12-16,1.68,4.69,1.78,NA,2000-01-01,2006-12-31,H3260_v1_0
144658,222498,199266,2004-12-17,NA,10.2,NA,NA,2000-01-01,2006-12-31,H3260_v1_0
238572,223886,213548,2004-12-17,1.44,5.45,0.246,NA,2000-01-01,2006-12-31,H3260_v1_0
255415,228750,210246,2004-12-17,0.23,5.82,0,NA,2000-01-01,2006-12-31,H3260_v1_0
259130,199929,215582,2004-12-02,0.22,1.56,0,NA,2000-01-01,2006-12-31,H3260_v1_0
212371,244877,161556,2006-02-06,0.83,6.63,0.413,NA,2000-01-01,2006-12-31,H3260_v1_0
204986,244766,184401,2006-02-14,13.8,0.18,0.137,NA,2000-01-01,2006-12-31,H3260_v1_0
123559,185896,209550,2006-02-13,1.1,1.67,0,NA,2000-01-01,2006-12-31,H3260_v1_0
38402,197860,216731,2006-02-15,1.06,1.72,0.122,NA,2000-01-01,2006-12-31,H3260_v1_0
123478,178983,208404,2004-12-02,0.54,1.86,0.087,NA,2000-01-01,2006-12-31,H3260_v1_0
111617,186904,232114,2004-12-07,0.67,2.94,0.129,NA,2000-01-01,2006-12-31,H3260_v1_0
47686,179707,243397,2004-12-07,0.38,11.3,0,NA,2000-01-01,2006-12-31,H3260_v1_0
206652,203131,209305,2005-01-07,0.25,1.55,0,NA,2000-01-01,2006-12-31,H3260_v1_0
45938,206821,205572,2000-01-13,0.46,3.98,0,NA,2000-01-01,2006-12-31,H3260_v1_0
45938,206821,205572,2000-03-07,1.22,0.95,0.23,NA,2000-01-01,2006-12-31,H3260_v1_0
123717,198919,214642,2000-03-09,0.78,2.58,0,NA,2000-01-01,2006-12-31,H3260_v1_0
123530,183551,208274,2000-03-09,0.97,2.86,NA,NA,2000-01-01,2006-12-31,H3260_v1_0
111580,184931,233174,2000-03-17,1.15,5.77,NA,NA,2000-01-01,2006-12-31,H3260_v1_0
47686,179707,243397,2005-01-11,0.65,12.3,0.086,NA,2000-01-01,2006-12-31,H3260_v1_0
123478,178983,208404,2005-01-13,0.66,1.67,0.17,NA,2000-01-01,2006-12-31,H3260_v1_0
221004,245672,183550,2005-01-18,4.12,5.91,1.2,NA,2000-01-01,2006-12-31,H3260_v1_0
144658,222498,199266,2005-01-18,NA,9.48,NA,NA,2000-01-01,2006-12-31,H3260_v1_0
238572,223886,213548,2005-01-18,2.78,5.42,0.256,NA,2000-01-01,2006-12-31,H3260_v1_0
84207,151545,223322,2005-01-11,0.42,0,0,NA,2000-01-01,2006-12-31,H3260_v1_0
259130,199929,215582,2005-01-19,0.3,1.74,0.108,NA,2000-01-01,2006-12-31,H3260_v1_0
38434,200014,218405,2005-01-17,0.6,1.8,0,NA,2000-01-01,2006-12-31,H3260_v1_0
144658,222498,199266,2005-01-19,0.41,7.9,0.04,NA,2000-01-01,2006-12-31,H3260_v1_0
206652,203131,209305,2005-02-03,0.32,1.75,0.081,NA,2000-01-01,2006-12-31,H3260_v1_0
111617,186904,232114,2005-02-02,0.65,5,0.06,NA,2000-01-01,2006-12-31,H3260_v1_0
213910,237472,193248,2005-02-14,0.27,4.18,0.141,NA,2000-01-01,2006-12-31,H3260_v1_0
221004,245672,183550,2005-02-15,1.18,2.34,0.302,NA,2000-01-01,2006-12-31,H3260_v1_0
238572,223886,213548,2005-02-15,0.29,5.96,0.13,NA,2000-01-01,2006-12-31,H3260_v1_0
144658,222498,199266,2005-02-15,NA,9.34,NA,NA,2000-01-01,2006-12-31,H3260_v1_0
47686,179707,243397,2005-02-07,0.45,15,0.079,NA,2000-01-01,2006-12-31,H3260_v1_0
111617,186904,232114,2005-02-08,0.62,3.81,0.147,NA,2000-01-01,2006-12-31,H3260_v1_0
123478,178983,208404,2005-02-10,0.61,1.75,0.114,NA,2000-01-01,2006-12-31,H3260_v1_0
259130,199929,215582,2005-02-15,0.31,2.59,0,NA,2000-01-01,2006-12-31,H3260_v1_0
45938,206821,205572,2000-06-13,NA,0.61,0.09,NA,2000-01-01,2006-12-31,H3260_v1_0
45938,206821,205572,2000-06-19,0.88,0.34,0.24,NA,2000-01-01,2006-12-31,H3260_v1_0
123717,198919,214642,2000-06-20,0.24,2.21,0.22,NA,2000-01-01,2006-12-31,H3260_v1_0
123530,183551,208274,2000-06-20,0.21,1.6,NA,NA,2000-01-01,2006-12-31,H3260_v1_0
123478,178983,208404,2005-11-04,0,1.27,0,NA,2000-01-01,2006-12-31,H3260_v1_0
47686,179707,243397,2005-11-07,0,3.71,0,NA,2000-01-01,2006-12-31,H3260_v1_0
206652,203131,209305,2005-11-08,0.25,1.34,0.126,NA,2000-01-01,2006-12-31,H3260_v1_0
144658,222498,199266,2005-10-27,NA,11.1,NA,NA,2000-01-01,2006-12-31,H3260_v1_0
259130,199929,215582,2005-11-22,0.23,0.79,0,NA,2000-01-01,2006-12-31,H3260_v1_0
38434,200014,218405,2005-11-21,0,0,0.05,NA,2000-01-01,2006-12-31,H3260_v1_0
111580,184931,233174,2000-06-28,0.48,2.2,NA,NA,2000-01-01,2006-12-31,H3260_v1_0
45938,206821,205572,2000-07-06,0.68,0.47,0.3,NA,2000-01-01,2006-12-31,H3260_v1_0
123530,183551,208274,2000-07-10,0.38,1.82,NA,NA,2000-01-01,2006-12-31,H3260_v1_0
123530,183551,208274,2000-08-18,0.25,1.59,NA,NA,2000-01-01,2006-12-31,H3260_v1_0
213910,237472,193248,2005-11-28,0.23,4.36,0.105,NA,2000-01-01,2006-12-31,H3260_v1_0
144658,222498,199266,2005-11-29,NA,11.3,NA,NA,2000-01-01,2006-12-31,H3260_v1_0
238572,223886,213548,2005-11-29,0.67,4,0.137,NA,2000-01-01,2006-12-31,H3260_v1_0
111617,186904,232114,2005-11-23,0.47,0,0,NA,2000-01-01,2006-12-31,H3260_v1_0
238572,223886,213548,2005-07-13,0.26,3.4,0.114,NA,2000-01-01,2006-12-31,H3260_v1_0
144658,222498,199266,2005-07-13,NA,9.89,NA,NA,2000-01-01,2006-12-31,H3260_v1_0
40171,250075,162498,2005-06-08,0,13.2,0,NA,2000-01-01,2006-12-31,H3260_v1_0
123574,187346,210000,2005-06-07,0.47,1.24,0.08,NA,2000-01-01,2006-12-31,H3260_v1_0
213836,241452,197091,2005-07-06,0.73,2.18,0.112,NA,2000-01-01,2006-12-31,H3260_v1_0
123574,187346,210000,2005-07-06,0.21,1.31,0.078,NA,2000-01-01,2006-12-31,H3260_v1_0
212371,244877,161556,2005-11-09,0,5.01,0.557,NA,2000-01-01,2006-12-31,H3260_v1_0
123478,178983,208404,2005-08-05,0,1.29,0,NA,2000-01-01,2006-12-31,H3260_v1_0
221004,245672,183550,2005-08-02,0.64,0.68,0.649,NA,2000-01-01,2006-12-31,H3260_v1_0
213910,237472,193248,2005-08-08,0.38,3.54,0.139,NA,2000-01-01,2006-12-31,H3260_v1_0
144658,222498,199266,2005-08-09,NA,6.69,NA,NA,2000-01-01,2006-12-31,H3260_v1_0
238572,223886,213548,2005-08-09,0.2,4.05,0.185,NA,2000-01-01,2006-12-31,H3260_v1_0
238515,223950,218080,2005-07-13,0.31,2.6,0.08,NA,2000-01-01,2006-12-31,H3260_v1_0
238759,225609,198258,2005-07-13,NA,6.23,NA,NA,2000-01-01,2006-12-31,H3260_v1_0
123574,187346,210000,2005-08-05,0,1.08,0,NA,2000-01-01,2006-12-31,H3260_v1_0
213836,241452,197091,2005-08-08,1.06,2.59,0.137,NA,2000-01-01,2006-12-31,H3260_v1_0
38402,197860,216731,2005-10-14,0,0.22,0,NA,2000-01-01,2006-12-31,H3260_v1_0
212371,244877,161556,2006-05-09,0,5.92,0.317,NA,2000-01-01,2006-12-31,H3260_v1_0
204986,244766,184401,2006-05-09,1.21,0.632,0.099,NA,2000-01-01,2006-12-31,H3260_v1_0
238759,225609,198258,2005-08-09,NA,5.94,NA,NA,2000-01-01,2006-12-31,H3260_v1_0
238515,223950,218080,2005-08-09,0.43,3.1,0.12,NA,2000-01-01,2006-12-31,H3260_v1_0
40171,250075,162498,2005-08-10,0,13.1,0.087,NA,2000-01-01,2006-12-31,H3260_v1_0
213836,241452,197091,2005-09-05,0,2.83,0.102,NA,2000-01-01,2006-12-31,H3260_v1_0
238515,223950,218080,2005-09-06,0.34,3.4,0.12,NA,2000-01-01,2006-12-31,H3260_v1_0
238759,225609,198258,2005-09-06,NA,5.84,NA,NA,2000-01-01,2006-12-31,H3260_v1_0
40171,250075,162498,2005-09-07,0,12.9,0.075,NA,2000-01-01,2006-12-31,H3260_v1_0
47686,179707,243397,2005-08-08,0,5.63,0.109,NA,2000-01-01,2006-12-31,H3260_v1_0
111617,186904,232114,2005-08-09,0.28,0.98,0.075,NA,2000-01-01,2006-12-31,H3260_v1_0
206652,203131,209305,2005-08-10,0.3,1.17,0.077,NA,2000-01-01,2006-12-31,H3260_v1_0
259130,199929,215582,2005-08-16,0,0.7,0,NA,2000-01-01,2006-12-31,H3260_v1_0
204986,244766,184401,2006-06-06,3.82,0.382,0.399,NA,2000-01-01,2006-12-31,H3260_v1_0
212371,244877,161556,2006-06-07,0,8.47,0.21,NA,2000-01-01,2006-12-31,H3260_v1_0
123574,187346,210000,2005-09-06,0,0.9,0,NA,2000-01-01,2006-12-31,H3260_v1_0
213836,241452,197091,2005-10-03,0.21,2.82,0.073,NA,2000-01-01,2006-12-31,H3260_v1_0
238515,223950,218080,2005-10-04,0.34,3.2,0.04,NA,2000-01-01,2006-12-31,H3260_v1_0
238759,225609,198258,2005-10-04,NA,5.7,NA,NA,2000-01-01,2006-12-31,H3260_v1_0
40171,250075,162498,2005-10-05,0,12.9,0.074,NA,2000-01-01,2006-12-31,H3260_v1_0
221004,245672,183550,2005-08-30,1.5,2.09,0.744,NA,2000-01-01,2006-12-31,H3260_v1_0
238572,223886,213548,2005-09-06,0,4.17,0.139,NA,2000-01-01,2006-12-31,H3260_v1_0
144658,222498,199266,2005-09-06,NA,9.35,NA,NA,2000-01-01,2006-12-31,H3260_v1_0
47686,179707,243397,2005-09-07,0,2.6,0,NA,2000-01-01,2006-12-31,H3260_v1_0
123478,178983,208404,2005-09-06,0,0.89,0,NA,2000-01-01,2006-12-31,H3260_v1_0
123559,185896,209550,2006-06-12,0.239,1.01,0.116,NA,2000-01-01,2006-12-31,H3260_v1_0
38402,197860,216731,2006-06-15,0.314,0.42,0,NA,2000-01-01,2006-12-31,H3260_v1_0
123574,187346,210000,2005-10-04,0,1.04,0,NA,2000-01-01,2006-12-31,H3260_v1_0
213836,241452,197091,2005-11-07,0,2.64,0.1,NA,2000-01-01,2006-12-31,H3260_v1_0
238759,225609,198258,2005-11-08,NA,5.94,NA,NA,2000-01-01,2006-12-31,H3260_v1_0
238515,223950,218080,2005-11-08,0.46,4.1,0.07,NA,2000-01-01,2006-12-31,H3260_v1_0
40171,250075,162498,2005-11-09,0,11.6,0.071,NA,2000-01-01,2006-12-31,H3260_v1_0
238515,223950,218080,2006-05-10,1.1,4,0.08,NA,2000-01-01,2006-12-31,H3260_v1_0
206652,203131,209305,2005-09-08,0,1.25,0.087,NA,2000-01-01,2006-12-31,H3260_v1_0
259130,199929,215582,2005-09-15,0,0.61,0,NA,2000-01-01,2006-12-31,H3260_v1_0
221004,245672,183550,2005-09-27,0.31,5.92,0.695,NA,2000-01-01,2006-12-31,H3260_v1_0
238759,225609,198258,2006-05-10,0.05,10.4,0,NA,2000-01-01,2006-12-31,H3260_v1_0
213836,241452,197091,2006-06-06,0.29,3.12,0.192,NA,2000-01-01,2006-12-31,H3260_v1_0
238515,223950,218080,2006-06-12,0.8,4.6,0.14,NA,2000-01-01,2006-12-31,H3260_v1_0
238759,225609,198258,2006-06-12,NA,11.5,0.098,NA,2000-01-01,2006-12-31,H3260_v1_0
212371,244877,161556,2006-07-04,0,7.11,0.267,NA,2000-01-01,2006-12-31,H3260_v1_0
204986,244766,184401,2006-07-04,4.99,1.41,0.122,NA,2000-01-01,2006-12-31,H3260_v1_0
123559,185896,209550,2006-07-12,0,0.81,0,NA,2000-01-01,2006-12-31,H3260_v1_0
213910,237472,193248,2005-10-03,0.49,3.42,0.119,NA,2000-01-01,2006-12-31,H3260_v1_0
238572,223886,213548,2005-10-04,0,3.46,0.138,NA,2000-01-01,2006-12-31,H3260_v1_0
144658,222498,199266,2005-10-04,NA,9.3,NA,NA,2000-01-01,2006-12-31,H3260_v1_0
221004,245672,183550,2005-10-25,1.1,0.46,0.516,NA,2000-01-01,2006-12-31,H3260_v1_0
123478,178983,208404,2005-10-04,0,1.11,0,NA,2000-01-01,2006-12-31,H3260_v1_0
123574,187346,210000,2006-06-12,0,1.4,0.099,NA,2000-01-01,2006-12-31,H3260_v1_0
213836,241452,197091,2006-07-03,0,2.66,0,NA,2000-01-01,2006-12-31,H3260_v1_0
238759,225609,198258,2006-07-18,0.09,7.43,0,NA,2000-01-01,2006-12-31,H3260_v1_0
238515,223950,218080,2006-07-18,0.46,4.7,0.12,NA,2000-01-01,2006-12-31,H3260_v1_0
38402,197860,216731,2006-07-18,0,0,0,NA,2000-01-01,2006-12-31,H3260_v1_0
204986,244766,184401,2006-08-01,2.35,0,0.531,NA,2000-01-01,2006-12-31,H3260_v1_0
123559,185896,209550,2006-08-09,0.682,0.835,0,NA,2000-01-01,2006-12-31,H3260_v1_0
144658,222498,199266,2005-11-08,NA,9.57,NA,NA,2000-01-01,2006-12-31,H3260_v1_0
238572,223886,213548,2005-11-08,1.15,4.67,0.242,NA,2000-01-01,2006-12-31,H3260_v1_0
47686,179707,243397,2005-10-10,0,2.1,0,NA,2000-01-01,2006-12-31,H3260_v1_0
206652,203131,209305,2005-10-10,0,1.32,0.097,NA,2000-01-01,2006-12-31,H3260_v1_0
111617,186904,232114,2005-10-11,0.54,0.36,0.073,NA,2000-01-01,2006-12-31,H3260_v1_0
9547,74383,203895,2006-08-02,0,0,0.05,NA,2000-01-01,2006-12-31,H3260_v1_0
9549,74511,203801,2006-08-02,0.73,0,0.09,NA,2000-01-01,2006-12-31,H3260_v1_0
123574,187346,210000,2006-07-12,0,0.792,0.084,NA,2000-01-01,2006-12-31,H3260_v1_0
238759,225609,198258,2006-08-01,NA,6.53,0,NA,2000-01-01,2006-12-31,H3260_v1_0
259130,199929,215582,2005-10-14,0,0.59,0,NA,2000-01-01,2006-12-31,H3260_v1_0
221004,245672,183550,2006-05-09,1.17,5,0.759,NA,2000-01-01,2006-12-31,H3260_v1_0
238572,223886,213548,2006-05-10,0,4.49,0.116,NA,2000-01-01,2006-12-31,H3260_v1_0
144658,222498,199266,2006-05-10,0.28,11.7,0,NA,2000-01-01,2006-12-31,H3260_v1_0
221004,245672,183550,2006-06-06,0.739,10.2,0.497,NA,2000-01-01,2006-12-31,H3260_v1_0
212371,244877,161556,2006-08-08,0,4.97,0.31,NA,2000-01-01,2006-12-31,H3260_v1_0
123574,187346,210000,2006-08-09,0,0.904,0,NA,2000-01-01,2006-12-31,H3260_v1_0
238515,223950,218080,2006-08-01,0,2.5,0.08,NA,2000-01-01,2006-12-31,H3260_v1_0
213836,241452,197091,2006-08-07,0.314,2.25,0.089,NA,2000-01-01,2006-12-31,H3260_v1_0
213836,241452,197091,2006-09-11,0,2.62,0.095,NA,2000-01-01,2006-12-31,H3260_v1_0
238515,223950,218080,2006-09-20,0.53,3.6,0.11,NA,2000-01-01,2006-12-31,H3260_v1_0
38402,197860,216731,2006-08-17,0.313,0.744,0.134,NA,2000-01-01,2006-12-31,H3260_v1_0
212371,244877,161556,2006-09-12,0,6.55,0.347,NA,2000-01-01,2006-12-31,H3260_v1_0
204986,244766,184401,2006-09-26,17.2,0.101,3.13,NA,2000-01-01,2006-12-31,H3260_v1_0
238759,225609,198258,2006-09-20,0.09,8.64,0,NA,2000-01-01,2006-12-31,H3260_v1_0
123574,187346,210000,2006-09-07,0,1.38,0.102,NA,2000-01-01,2006-12-31,H3260_v1_0
9547,74383,203895,2006-09-20,0,0,0.05,NA,2000-01-01,2006-12-31,H3260_v1_0
9549,74511,203801,2006-09-20,0.32,2.9,0,NA,2000-01-01,2006-12-31,H3260_v1_0
238572,223886,213548,2006-06-12,0,7.02,0,NA,2000-01-01,2006-12-31,H3260_v1_0
144658,222498,199266,2006-06-12,NA,13.4,0,NA,2000-01-01,2006-12-31,H3260_v1_0
111617,186904,232114,2006-06-12,0.614,3.94,0,NA,2000-01-01,2006-12-31,H3260_v1_0
123478,178983,208404,2006-06-12,0,1.15,0,NA,2000-01-01,2006-12-31,H3260_v1_0
47686,179707,243397,2006-06-13,0.21,6.96,0,NA,2000-01-01,2006-12-31,H3260_v1_0
123559,185896,209550,2006-09-07,0,1.3,0.093,NA,2000-01-01,2006-12-31,H3260_v1_0
38402,197860,216731,2006-09-14,0,0.37,0,NA,2000-01-01,2006-12-31,H3260_v1_0
212371,244877,161556,2006-10-10,0,5.86,0.379,NA,2000-01-01,2006-12-31,H3260_v1_0
204986,244766,184401,2006-10-24,2.22,1.32,0.569,NA,2000-01-01,2006-12-31,H3260_v1_0
123559,185896,209550,2006-10-06,0,0.961,0,NA,2000-01-01,2006-12-31,H3260_v1_0
259130,199929,215582,2006-06-15,0,0.875,0,NA,2000-01-01,2006-12-31,H3260_v1_0
221004,245672,183550,2006-07-04,0.692,0.917,0.836,NA,2000-01-01,2006-12-31,H3260_v1_0
144658,222498,199266,2006-07-18,0.34,12.4,0,NA,2000-01-01,2006-12-31,H3260_v1_0
238572,223886,213548,2006-07-18,0.206,3.67,0,NA,2000-01-01,2006-12-31,H3260_v1_0
47686,179707,243397,2006-07-06,0,3.26,0,NA,2000-01-01,2006-12-31,H3260_v1_0
123478,178983,208404,2006-07-12,0,0.894,0,NA,2000-01-01,2006-12-31,H3260_v1_0
259130,199929,215582,2006-07-18,0,0.894,0,NA,2000-01-01,2006-12-31,H3260_v1_0
111580,184931,233174,2000-10-19,0.97,3.03,NA,NA,2000-01-01,2006-12-31,H3260_v1_0
45938,206821,205572,2000-10-24,0.97,0.42,0.3,NA,2000-01-01,2006-12-31,H3260_v1_0
123717,198919,214642,2000-10-26,0.29,1.82,0,NA,2000-01-01,2006-12-31,H3260_v1_0
123530,183551,208274,2000-10-26,0.33,1.8,NA,NA,2000-01-01,2006-12-31,H3260_v1_0
111580,184931,233174,2000-11-09,0.49,4.15,NA,NA,2000-01-01,2006-12-31,H3260_v1_0
45938,206821,205572,2000-11-15,0.78,0.59,0,NA,2000-01-01,2006-12-31,H3260_v1_0
123717,198919,214642,2000-11-16,0.9,1.5,0,NA,2000-01-01,2006-12-31,H3260_v1_0
123530,183551,208274,2000-11-16,0.65,1.98,NA,NA,2000-01-01,2006-12-31,H3260_v1_0
45938,206821,205572,2001-10-16,0,0,0,NA,2000-01-01,2006-12-31,H3260_v1_0
33385,183472,213552,2001-11-09,0.46,2.12,0.24,NA,2000-01-01,2006-12-31,H3260_v1_0
45938,206821,205572,2001-11-12,0.2,1.08,0,NA,2000-01-01,2006-12-31,H3260_v1_0
123530,183551,208274,2001-11-14,0.59,1.72,0,NA,2000-01-01,2006-12-31,H3260_v1_0
123717,198919,214642,2001-11-14,0.4,1.64,0,NA,2000-01-01,2006-12-31,H3260_v1_0
111580,184931,233174,2001-11-27,0.49,4.6,NA,NA,2000-01-01,2006-12-31,H3260_v1_0
33385,183472,213552,2001-12-03,0.51,2.11,0.17,NA,2000-01-01,2006-12-31,H3260_v1_0
45938,206821,205572,2001-12-04,0.4,0.64,0,NA,2000-01-01,2006-12-31,H3260_v1_0
123717,198919,214642,2001-12-06,0.26,1.93,0,NA,2000-01-01,2006-12-31,H3260_v1_0
123530,183551,208274,2001-12-06,0.66,2.17,0,NA,2000-01-01,2006-12-31,H3260_v1_0
45938,206821,205572,2002-01-22,0,0,0,NA,2000-01-01,2006-12-31,H3260_v1_0
123717,198919,214642,2002-01-08,5.27,1.31,0.41,NA,2000-01-01,2006-12-31,H3260_v1_0
33385,183472,213552,2002-01-07,0.99,2.63,0.21,NA,2000-01-01,2006-12-31,H3260_v1_0
33385,183472,213552,2002-02-04,0.55,2.64,0.15,NA,2000-01-01,2006-12-31,H3260_v1_0
123717,198919,214642,2002-02-05,2.53,1.64,0.25,NA,2000-01-01,2006-12-31,H3260_v1_0
123530,183551,208274,2002-01-08,0.83,1.73,0.15,NA,2000-01-01,2006-12-31,H3260_v1_0
123530,183551,208274,2002-02-05,0.96,2,0,NA,2000-01-01,2006-12-31,H3260_v1_0
45938,206821,205572,2002-01-10,0.35,1,0,NA,2000-01-01,2006-12-31,H3260_v1_0
45938,206821,205572,2002-02-06,0.47,0.95,0,NA,2000-01-01,2006-12-31,H3260_v1_0
35602,224801,211892,2002-02-25,0.51,5.89,NA,NA,2000-01-01,2006-12-31,H3260_v1_0
35602,224801,211892,2002-01-31,0.52,9.78,NA,NA,2000-01-01,2006-12-31,H3260_v1_0
111580,184931,233174,2002-01-28,0.53,4.58,NA,NA,2000-01-01,2006-12-31,H3260_v1_0
111580,184931,233174,2002-02-20,0.88,3.1,NA,NA,2000-01-01,2006-12-31,H3260_v1_0
45938,206821,205572,2002-03-04,0.35,1.13,0,NA,2000-01-01,2006-12-31,H3260_v1_0
123530,183551,208274,2002-03-05,0.61,2.01,0,NA,2000-01-01,2006-12-31,H3260_v1_0
123717,198919,214642,2002-03-05,0.41,2.1,0,NA,2000-01-01,2006-12-31,H3260_v1_0
33385,183472,213552,2002-03-06,0.39,1.96,0,NA,2000-01-01,2006-12-31,H3260_v1_0
111580,184931,233174,2002-03-21,0.59,3.71,NA,NA,2000-01-01,2006-12-31,H3260_v1_0
45938,206821,205572,2002-03-20,0,0,0,NA,2000-01-01,2006-12-31,H3260_v1_0
45938,206821,205572,2002-04-02,0.23,0.93,0,NA,2000-01-01,2006-12-31,H3260_v1_0
123530,183551,208274,2002-04-03,0.39,1.71,0,NA,2000-01-01,2006-12-31,H3260_v1_0
123717,198919,214642,2002-04-03,0.85,1.86,0,NA,2000-01-01,2006-12-31,H3260_v1_0
33385,183472,213552,2002-04-04,0.34,2.27,0,NA,2000-01-01,2006-12-31,H3260_v1_0
111580,184931,233174,2002-04-19,0.65,2.45,NA,NA,2000-01-01,2006-12-31,H3260_v1_0
38402,197860,216731,2006-10-16,0,0.272,0,NA,2000-01-01,2006-12-31,H3260_v1_0
212371,244877,161556,2006-11-07,0,6.28,0.21,NA,2000-01-01,2006-12-31,H3260_v1_0
123559,185896,209550,2006-11-06,0.237,1.17,0.076,NA,2000-01-01,2006-12-31,H3260_v1_0
124176,204796,204545,2000-04-03,0.4,0.88,0.17,NA,2000-01-01,2006-12-31,H3260_v1_0
221004,245672,183550,2006-08-01,0.821,0.288,1.14,NA,2000-01-01,2006-12-31,H3260_v1_0
144658,222498,199266,2006-08-01,NA,12.5,0,NA,2000-01-01,2006-12-31,H3260_v1_0
47686,179707,243397,2006-08-08,0,7.28,0,NA,2000-01-01,2006-12-31,H3260_v1_0
111617,186904,232114,2006-08-09,0.221,3.05,0.082,NA,2000-01-01,2006-12-31,H3260_v1_0
47686,179707,243397,2001-03-27,0.66,12.2,0,NA,2000-01-01,2006-12-31,H3260_v1_0
111617,186904,232114,2001-03-27,0.62,4.28,NA,NA,2000-01-01,2006-12-31,H3260_v1_0
238515,223950,218080,2006-10-04,0.62,3.9,0.08,NA,2000-01-01,2006-12-31,H3260_v1_0
238759,225609,198258,2006-10-04,NA,7.74,0,NA,2000-01-01,2006-12-31,H3260_v1_0
213836,241452,197091,2006-10-09,0,2.44,0.08,NA,2000-01-01,2006-12-31,H3260_v1_0
144658,222498,199266,2001-03-28,0,16,0,NA,2000-01-01,2006-12-31,H3260_v1_0
221004,245672,183550,2001-03-29,4.04,1.46,NA,NA,2000-01-01,2006-12-31,H3260_v1_0
144658,222498,199266,2001-03-30,NA,7.63,NA,NA,2000-01-01,2006-12-31,H3260_v1_0
238572,223886,213548,2001-03-30,0.41,6.29,NA,NA,2000-01-01,2006-12-31,H3260_v1_0
206652,203131,209305,2001-04-04,0.35,1.48,NA,NA,2000-01-01,2006-12-31,H3260_v1_0
38434,200014,218405,2001-04-05,NA,1.69,NA,NA,2000-01-01,2006-12-31,H3260_v1_0
259130,199929,215582,2001-04-05,0.3,1.74,0,NA,2000-01-01,2006-12-31,H3260_v1_0
38402,197860,216731,2000-04-05,0.68,1.5,NA,NA,2000-01-01,2006-12-31,H3260_v1_0
123559,185896,209550,2000-04-05,0.83,1.98,NA,NA,2000-01-01,2006-12-31,H3260_v1_0
212371,244877,161556,2000-04-25,0.42,5.64,0.27,NA,2000-01-01,2006-12-31,H3260_v1_0
204986,244766,184401,2000-04-25,3.78,1.02,NA,NA,2000-01-01,2006-12-31,H3260_v1_0
241434,238265,208445,2000-04-28,0.49,5.69,0,NA,2000-01-01,2006-12-31,H3260_v1_0
124176,204796,204545,2000-05-02,0.26,0.73,0,NA,2000-01-01,2006-12-31,H3260_v1_0
38402,197860,216731,2000-05-03,0.39,0.77,NA,NA,2000-01-01,2006-12-31,H3260_v1_0
238759,225609,198258,2000-12-08,NA,15.6,NA,NA,2000-01-01,2006-12-31,H3260_v1_0
238515,223950,218080,2000-12-08,0.72,5.74,0.28,NA,2000-01-01,2006-12-31,H3260_v1_0
213836,241452,197091,2000-12-11,0.52,3.09,0,NA,2000-01-01,2006-12-31,H3260_v1_0
123478,178983,208404,2001-04-05,0.69,2.14,NA,NA,2000-01-01,2006-12-31,H3260_v1_0
221004,245672,183550,2005-03-15,1.04,2.84,0.618,NA,2000-01-01,2006-12-31,H3260_v1_0
123559,185896,209550,2000-05-03,0.67,1.9,NA,NA,2000-01-01,2006-12-31,H3260_v1_0
238572,223886,213548,2005-03-15,0.34,6.25,0.117,NA,2000-01-01,2006-12-31,H3260_v1_0
144658,222498,199266,2005-03-15,NA,12.2,NA,NA,2000-01-01,2006-12-31,H3260_v1_0
47686,179707,243397,2005-03-07,0.73,10,0.154,NA,2000-01-01,2006-12-31,H3260_v1_0
259130,199929,215582,2005-03-09,0.28,1.73,0,NA,2000-01-01,2006-12-31,H3260_v1_0
123478,178983,208404,2005-03-11,0.64,2.07,0.11,NA,2000-01-01,2006-12-31,H3260_v1_0
40171,250075,162498,2000-12-11,0.1,14,0,NA,2000-01-01,2006-12-31,H3260_v1_0
123574,187346,210000,2000-12-14,0.43,2.48,NA,NA,2000-01-01,2006-12-31,H3260_v1_0
238759,225609,198258,2001-03-28,0,18,0,NA,2000-01-01,2006-12-31,H3260_v1_0
40171,250075,162498,2001-03-28,0.13,10.2,0,NA,2000-01-01,2006-12-31,H3260_v1_0
213836,241452,197091,2001-03-29,1.69,3.72,0.16,NA,2000-01-01,2006-12-31,H3260_v1_0
206652,203131,209305,2005-03-16,0.21,1.86,0.088,NA,2000-01-01,2006-12-31,H3260_v1_0
213910,237472,193248,2005-04-11,0,4.55,0,NA,2000-01-01,2006-12-31,H3260_v1_0
221004,245672,183550,2005-04-12,0.92,4.38,1.03,NA,2000-01-01,2006-12-31,H3260_v1_0
238572,223886,213548,2005-04-12,0,6.03,0.09,NA,2000-01-01,2006-12-31,H3260_v1_0
144658,222498,199266,2005-04-12,NA,11.8,NA,NA,2000-01-01,2006-12-31,H3260_v1_0
238759,225609,198258,2001-03-30,NA,8.67,NA,NA,2000-01-01,2006-12-31,H3260_v1_0
238515,223950,218080,2001-03-30,1.04,3.69,0.34,NA,2000-01-01,2006-12-31,H3260_v1_0
40171,250075,162498,2005-03-02,0,13.6,0.084,NA,2000-01-01,2006-12-31,H3260_v1_0
213836,241452,197091,2005-03-14,0,3.72,0.113,NA,2000-01-01,2006-12-31,H3260_v1_0
238515,223950,218080,2005-03-15,0.37,4.6,0.06,NA,2000-01-01,2006-12-31,H3260_v1_0
238759,225609,198258,2005-03-15,NA,14.1,NA,NA,2000-01-01,2006-12-31,H3260_v1_0
123574,187346,210000,2005-03-11,0.56,2.24,0.097,NA,2000-01-01,2006-12-31,H3260_v1_0
123478,178983,208404,2005-04-08,0.45,1.64,0.073,NA,2000-01-01,2006-12-31,H3260_v1_0
111617,186904,232114,2005-04-05,0.61,3,0.05,NA,2000-01-01,2006-12-31,H3260_v1_0
84207,151545,223322,2005-04-05,0,0,0,NA,2000-01-01,2006-12-31,H3260_v1_0
213836,241452,197091,2005-04-11,0,3.12,0,NA,2000-01-01,2006-12-31,H3260_v1_0
238515,223950,218080,2005-04-12,0.33,4.4,0.09,NA,2000-01-01,2006-12-31,H3260_v1_0
238759,225609,198258,2005-04-12,NA,11.2,NA,NA,2000-01-01,2006-12-31,H3260_v1_0
40171,250075,162498,2005-04-13,0,12.3,0,NA,2000-01-01,2006-12-31,H3260_v1_0
123574,187346,210000,2005-04-08,0.41,1.54,0.108,NA,2000-01-01,2006-12-31,H3260_v1_0
204986,244766,184401,2000-12-11,2.41,0.68,NA,NA,2000-01-01,2006-12-31,H3260_v1_0
212371,244877,161556,2000-12-11,0.18,6.21,0.19,NA,2000-01-01,2006-12-31,H3260_v1_0
124176,204796,204545,2000-12-12,0.34,1.52,0.18,NA,2000-01-01,2006-12-31,H3260_v1_0
47686,179707,243397,2005-04-07,0.2,9.12,0,NA,2000-01-01,2006-12-31,H3260_v1_0
111617,186904,232114,2005-04-12,0.46,2.75,0.075,NA,2000-01-01,2006-12-31,H3260_v1_0
123478,178983,208404,2006-12-05,0.681,1.61,0.098,NA,2000-01-01,2006-12-31,H3260_v1_0
47686,179707,243397,2006-12-07,0.284,10.8,0.194,NA,2000-01-01,2006-12-31,H3260_v1_0
111617,186904,232114,2006-12-11,0.598,4.79,0.083,NA,2000-01-01,2006-12-31,H3260_v1_0
123574,187346,210000,2006-12-05,0.584,1.56,0.116,NA,2000-01-01,2006-12-31,H3260_v1_0
213836,241452,197091,2007-01-15,0,3.78,0,NA,2007-01-01,2007-12-31,H3260_v1_2
38402,197860,216731,2000-12-14,0.39,1.98,NA,NA,2000-01-01,2006-12-31,H3260_v1_0
123559,185896,209550,2000-12-14,0.49,2.48,NA,NA,2000-01-01,2006-12-31,H3260_v1_0
241434,238265,208445,2000-12-21,0.42,7.63,0.53,NA,2000-01-01,2006-12-31,H3260_v1_0
212371,244877,161556,2001-03-28,0.14,7.74,0,NA,2000-01-01,2006-12-31,H3260_v1_0
241434,238265,208445,2001-03-29,0.34,6.97,0.31,NA,2000-01-01,2006-12-31,H3260_v1_0
204986,244766,184401,2001-03-29,2.8,1.33,NA,NA,2000-01-01,2006-12-31,H3260_v1_0
259130,199929,215582,2006-12-13,0.255,2.21,0,NA,2000-01-01,2006-12-31,H3260_v1_0
47686,179707,243397,2007-01-09,0.432,15.2,0.152,NA,2007-01-01,2007-12-31,H3260_v1_2
123574,187346,210000,2007-01-17,0.572,2.5,0,NA,2007-01-01,2007-12-31,H3260_v1_2
238759,225609,198258,2007-01-22,NA,15.6,NA,NA,2007-01-01,2007-12-31,H3260_v1_2
238515,223950,218080,2007-01-22,0.67,5.6,0.06,NA,2007-01-01,2007-12-31,H3260_v1_2
238759,225609,198258,2007-02-07,NA,16.2,NA,NA,2007-01-01,2007-12-31,H3260_v1_2
38402,197860,216731,2001-04-05,0.61,1.31,NA,NA,2000-01-01,2006-12-31,H3260_v1_0
123559,185896,209550,2001-04-05,0.68,2.11,NA,NA,2000-01-01,2006-12-31,H3260_v1_0
124176,204796,204545,2001-04-06,0.41,1.29,0,NA,2000-01-01,2006-12-31,H3260_v1_0
212371,244877,161556,2005-03-02,0.38,8.12,0.227,NA,2000-01-01,2006-12-31,H3260_v1_0
221004,245672,183550,2007-01-16,1.49,4.88,0.108,NA,2007-01-01,2007-12-31,H3260_v1_2
224975,210560,206194,2007-01-16,0.241,1.33,0.095,NA,2007-01-01,2007-12-31,H3260_v1_2
206652,203131,209305,2007-01-16,0.33,1.56,0.095,NA,2007-01-01,2007-12-31,H3260_v1_2
123478,178983,208404,2007-01-17,0.639,2.53,0.087,NA,2007-01-01,2007-12-31,H3260_v1_2
255415,228750,210246,2007-01-22,0,9.26,0,NA,2007-01-01,2007-12-31,H3260_v1_2
144658,222498,199266,2007-01-22,NA,11.1,NA,NA,2007-01-01,2007-12-31,H3260_v1_2
259130,199929,215582,2007-01-18,0.249,1.73,0.173,NA,2007-01-01,2007-12-31,H3260_v1_2
238515,223950,218080,2007-02-07,1.1,5.5,0.04,NA,2007-01-01,2007-12-31,H3260_v1_2
213836,241452,197091,2007-02-12,0,3.1,0.076,NA,2007-01-01,2007-12-31,H3260_v1_2
123574,187346,210000,2007-02-16,0.51,2.77,0.114,NA,2007-01-01,2007-12-31,H3260_v1_2
238759,225609,198258,2007-03-01,0,5.59,0.179,NA,2007-01-01,2007-12-31,H3260_v1_2
204986,244766,184401,2005-03-15,0.6,0.69,0,NA,2000-01-01,2006-12-31,H3260_v1_0
38402,197860,216731,2005-03-09,0.53,2.08,0.081,NA,2000-01-01,2006-12-31,H3260_v1_0
238515,223950,218080,2007-03-07,0.798,3.85,0.176,NA,2007-01-01,2007-12-31,H3260_v1_2
213836,241452,197091,2007-03-12,0,3.51,0,NA,2007-01-01,2007-12-31,H3260_v1_2
238759,225609,198258,2007-03-14,NA,16.6,NA,NA,2007-01-01,2007-12-31,H3260_v1_2
238515,223950,218080,2007-03-14,0.62,5,0.04,NA,2007-01-01,2007-12-31,H3260_v1_2
123574,187346,210000,2007-03-19,0.937,1.93,0.105,NA,2007-01-01,2007-12-31,H3260_v1_2
123559,185896,209550,2005-03-11,0.62,2.17,0.109,NA,2000-01-01,2006-12-31,H3260_v1_0
204986,244766,184401,2005-04-12,2.87,1.02,0.111,NA,2000-01-01,2006-12-31,H3260_v1_0
111617,186904,232114,2007-01-22,0.53,6,0.12,NA,2007-01-01,2007-12-31,H3260_v1_2
238572,223886,213548,2007-01-22,0.56,7.84,0.075,NA,2007-01-01,2007-12-31,H3260_v1_2
218390,232321,177163,2007-01-24,0.239,2.5,0,NA,2007-01-01,2007-12-31,H3260_v1_2
114575,228740,179160,2007-01-31,0.213,0.982,0,NA,2007-01-01,2007-12-31,H3260_v1_2
84207,151545,223322,2007-01-24,0.64,1.1,0,NA,2007-01-01,2007-12-31,H3260_v1_2
38434,200014,218405,2007-01-24,0.65,3.3,0.06,NA,2007-01-01,2007-12-31,H3260_v1_2
238515,223950,218080,2007-03-09,0.516,5.24,0.13,NA,2007-01-01,2007-12-31,H3260_v1_2
238515,223950,218080,2007-03-19,1.39,4.9,0.228,NA,2007-01-01,2007-12-31,H3260_v1_2
238515,223950,218080,2007-04-02,0.361,4.45,0.115,NA,2007-01-01,2007-12-31,H3260_v1_2
255415,228750,210246,2007-02-06,0,9.37,0,NA,2007-01-01,2007-12-31,H3260_v1_2
144658,222498,199266,2007-02-07,NA,14.2,NA,NA,2007-01-01,2007-12-31,H3260_v1_2
238572,223886,213548,2007-02-07,0.703,7.51,0,NA,2007-01-01,2007-12-31,H3260_v1_2
47686,179707,243397,2007-02-06,0.645,11.4,0.089,NA,2007-01-01,2007-12-31,H3260_v1_2
221004,245672,183550,2007-02-13,1.19,3.61,0.23,NA,2007-01-01,2007-12-31,H3260_v1_2
238759,225609,198258,2007-04-11,NA,13.1,NA,NA,2007-01-01,2007-12-31,H3260_v1_2
238515,223950,218080,2007-04-11,0.56,4.5,0.1,NA,2007-01-01,2007-12-31,H3260_v1_2
213836,241452,197091,2007-04-16,0,2.85,0,NA,2007-01-01,2007-12-31,H3260_v1_2
123574,187346,210000,2007-04-16,0,0.909,0,NA,2007-01-01,2007-12-31,H3260_v1_2
238515,223950,218080,2007-04-25,0.318,4.02,0.174,NA,2007-01-01,2007-12-31,H3260_v1_2
212371,244877,161556,2005-04-13,0,6.15,0.205,NA,2000-01-01,2006-12-31,H3260_v1_0
124176,204796,204545,2005-03-29,0.36,0.98,0.04,NA,2000-01-01,2006-12-31,H3260_v1_0
114575,228740,179160,2007-02-19,0,0.739,0,NA,2007-01-01,2007-12-31,H3260_v1_2
259130,199929,215582,2007-02-13,0.247,2.34,0.086,NA,2007-01-01,2007-12-31,H3260_v1_2
123478,178983,208404,2007-02-16,0.641,2.73,0.123,NA,2007-01-01,2007-12-31,H3260_v1_2
218390,232321,177163,2007-02-21,0,2.34,0,NA,2007-01-01,2007-12-31,H3260_v1_2
224975,210560,206194,2007-02-20,0,1.31,0.08,NA,2007-01-01,2007-12-31,H3260_v1_2
206652,203131,209305,2007-02-20,1.11,1.81,0.101,NA,2007-01-01,2007-12-31,H3260_v1_2
238515,223950,218080,2007-05-09,0.61,2.4,0.08,NA,2007-01-01,2007-12-31,H3260_v1_2
238759,225609,198258,2007-05-09,NA,10,NA,NA,2007-01-01,2007-12-31,H3260_v1_2
213836,241452,197091,2007-05-14,0,2.49,0.08,NA,2007-01-01,2007-12-31,H3260_v1_2
123574,187346,210000,2007-05-15,0.413,1.15,0,NA,2007-01-01,2007-12-31,H3260_v1_2
47686,179707,243397,2007-03-06,0.583,9.59,0.184,NA,2007-01-01,2007-12-31,H3260_v1_2
259130,199929,215582,2007-03-13,0,1.86,0,NA,2007-01-01,2007-12-31,H3260_v1_2
123559,185896,209550,2005-04-08,0.42,1.53,0.103,NA,2000-01-01,2006-12-31,H3260_v1_0
123559,185896,209550,2006-12-05,0.699,1.45,0.1,NA,2000-01-01,2006-12-31,H3260_v1_0
38402,197860,216731,2006-12-13,0.487,2.71,0.13,NA,2000-01-01,2006-12-31,H3260_v1_0
241434,238265,208445,2007-01-15,0.252,6.34,0,NA,2007-01-01,2007-12-31,H3260_v1_2
212371,244877,161556,2007-01-15,0,8.48,0.148,NA,2007-01-01,2007-12-31,H3260_v1_2
124176,204796,204545,2007-01-09,0,1.9,0.03,NA,2007-01-01,2007-12-31,H3260_v1_2
204986,244766,184401,2007-01-16,1.26,2.71,0,NA,2007-01-01,2007-12-31,H3260_v1_2
47591,246700,206562,2007-01-17,0.805,1.94,0,NA,2007-01-01,2007-12-31,H3260_v1_2
103391,189477,197117,2007-01-11,0.794,1.41,0.203,NA,2007-01-01,2007-12-31,H3260_v1_2
249683,208625,203839,2007-01-16,0.269,2.42,0,NA,2007-01-01,2007-12-31,H3260_v1_2
123559,185896,209550,2007-01-17,0.628,2.48,0.075,NA,2007-01-01,2007-12-31,H3260_v1_2
38402,197860,216731,2007-01-18,0.314,1.73,0.255,NA,2007-01-01,2007-12-31,H3260_v1_2
124176,204796,204545,2007-01-31,0.3,1.8,0,NA,2007-01-01,2007-12-31,H3260_v1_2
47591,246700,206562,2007-02-06,0.973,1.61,0,NA,2007-01-01,2007-12-31,H3260_v1_2
103391,189477,197117,2007-02-07,1.01,0.769,0.161,NA,2007-01-01,2007-12-31,H3260_v1_2
241434,238265,208445,2007-02-12,0.55,5.73,0.082,NA,2007-01-01,2007-12-31,H3260_v1_2
212371,244877,161556,2007-02-13,0,7.56,0.165,NA,2007-01-01,2007-12-31,H3260_v1_2
204986,244766,184401,2007-02-13,0.749,1.97,0.085,NA,2007-01-01,2007-12-31,H3260_v1_2
38402,197860,216731,2007-02-13,0.427,2.54,0.151,NA,2007-01-01,2007-12-31,H3260_v1_2
123559,185896,209550,2007-02-16,0.592,2.75,0.137,NA,2007-01-01,2007-12-31,H3260_v1_2
249683,208625,203839,2007-02-20,0.262,2.15,0,NA,2007-01-01,2007-12-31,H3260_v1_2
212371,244877,161556,2007-03-07,0,8.15,0.152,NA,2007-01-01,2007-12-31,H3260_v1_2
103391,189477,197117,2007-03-07,0.229,1.25,0.199,NA,2007-01-01,2007-12-31,H3260_v1_2
38402,197860,216731,2007-03-13,0.456,1.68,0.086,NA,2007-01-01,2007-12-31,H3260_v1_2
241434,238265,208445,2007-03-12,0.223,7.29,0,NA,2007-01-01,2007-12-31,H3260_v1_2
204986,244766,184401,2007-03-13,0.961,2.87,0.106,NA,2007-01-01,2007-12-31,H3260_v1_2
123559,185896,209550,2007-03-19,1.02,1.94,0.111,NA,2007-01-01,2007-12-31,H3260_v1_2
249683,208625,203839,2007-03-21,0.377,2.53,0,NA,2007-01-01,2007-12-31,H3260_v1_2
47591,246700,206562,2007-03-15,1.16,2.03,0,NA,2007-01-01,2007-12-31,H3260_v1_2
124176,204796,204545,2007-03-26,0.25,1.1,0.03,NA,2007-01-01,2007-12-31,H3260_v1_2
103391,189477,197117,2007-04-05,0.287,0,0.224,NA,2007-01-01,2007-12-31,H3260_v1_2
204986,244766,184401,2007-04-10,0.8,0.321,0.087,NA,2007-01-01,2007-12-31,H3260_v1_2
212371,244877,161556,2007-04-10,0,6.7,0.147,NA,2007-01-01,2007-12-31,H3260_v1_2
241434,238265,208445,2007-04-16,0,5.87,0,NA,2007-01-01,2007-12-31,H3260_v1_2
47591,246700,206562,2007-04-17,0.247,0.422,0,NA,2007-01-01,2007-12-31,H3260_v1_2
38402,197860,216731,2007-04-12,0.206,0.419,0,NA,2007-01-01,2007-12-31,H3260_v1_2
123559,185896,209550,2007-04-16,0,0.985,0,NA,2007-01-01,2007-12-31,H3260_v1_2
249683,208625,203839,2007-04-18,0.261,1.73,0,NA,2007-01-01,2007-12-31,H3260_v1_2
47591,246700,206562,2007-05-03,0.88,0,0,NA,2007-01-01,2007-12-31,H3260_v1_2
103391,189477,197117,2007-05-08,1.5,0.248,0.212,NA,2007-01-01,2007-12-31,H3260_v1_2
212371,244877,161556,2007-05-08,0.596,5.1,0.376,NA,2007-01-01,2007-12-31,H3260_v1_2
204986,244766,184401,2007-05-08,1.34,NA,0.208,NA,2007-01-01,2007-12-31,H3260_v1_2
241434,238265,208445,2007-05-14,0.288,4.44,0.102,NA,2007-01-01,2007-12-31,H3260_v1_2
38402,197860,216731,2007-05-14,0.417,0.783,0.072,NA,2007-01-01,2007-12-31,H3260_v1_2
123559,185896,209550,2007-05-15,0.409,1.26,0,NA,2007-01-01,2007-12-31,H3260_v1_2
249683,208625,203839,2007-05-16,0.253,2.03,0,NA,2007-01-01,2007-12-31,H3260_v1_2
123717,198919,214642,2000-01-17,1.26,1.76,0,NA,2000-01-01,2006-12-31,H3260_v1_0
123530,183551,208274,2000-01-14,2.03,2.19,NA,NA,2000-01-01,2006-12-31,H3260_v1_0
111580,184931,233174,2000-01-18,0.83,8.33,NA,NA,2000-01-01,2006-12-31,H3260_v1_0
123530,183551,208274,2000-02-07,0.87,2.12,NA,NA,2000-01-01,2006-12-31,H3260_v1_0
123717,198919,214642,2000-02-07,1.47,1.93,0,NA,2000-01-01,2006-12-31,H3260_v1_0
45938,206821,205572,2000-02-08,0.85,0.82,0.23,NA,2000-01-01,2006-12-31,H3260_v1_0
45938,206821,205572,2000-02-18,0.25,0.73,0,NA,2000-01-01,2006-12-31,H3260_v1_0
111580,184931,233174,2000-02-15,0.72,9.32,NA,NA,2000-01-01,2006-12-31,H3260_v1_0
111580,184931,233174,2000-05-26,0.75,3.46,NA,NA,2000-01-01,2006-12-31,H3260_v1_0
123717,198919,214642,2000-07-12,0.27,2.26,0.15,NA,2000-01-01,2006-12-31,H3260_v1_0
111580,184931,233174,2000-07-27,0.49,2.59,NA,NA,2000-01-01,2006-12-31,H3260_v1_0
123530,183551,208274,2000-09-18,0.75,1.62,NA,NA,2000-01-01,2006-12-31,H3260_v1_0
123717,198919,214642,2000-09-18,0.25,1.34,0,NA,2000-01-01,2006-12-31,H3260_v1_0
111580,184931,233174,2000-09-22,0.44,2.11,NA,NA,2000-01-01,2006-12-31,H3260_v1_0
45938,206821,205572,2000-10-09,0.89,0.28,0.06,NA,2000-01-01,2006-12-31,H3260_v1_0
111580,184931,233174,2001-02-22,0.79,5.01,NA,NA,2000-01-01,2006-12-31,H3260_v1_0
33385,183472,213552,2001-03-06,0.93,2.31,0,NA,2000-01-01,2006-12-31,H3260_v1_0
123717,198919,214642,2001-03-07,1.24,1.67,0.15,NA,2000-01-01,2006-12-31,H3260_v1_0
123530,183551,208274,2001-03-07,1.95,1.78,0.15,NA,2000-01-01,2006-12-31,H3260_v1_0
45938,206821,205572,2001-03-09,0.28,0.91,0,NA,2000-01-01,2006-12-31,H3260_v1_0
35602,224801,211892,2002-08-30,0.39,5.08,NA,NA,2000-01-01,2006-12-31,H3260_v1_0
33385,183472,213552,2002-09-02,0.15,4.23,0,NA,2000-01-01,2006-12-31,H3260_v1_0
123530,183551,208274,2002-09-10,0.31,1.6,0,NA,2000-01-01,2006-12-31,H3260_v1_0
123717,198919,214642,2002-09-10,0.1,1.93,0.3,NA,2000-01-01,2006-12-31,H3260_v1_0
111580,184931,233174,2002-09-24,0.28,1.69,NA,NA,2000-01-01,2006-12-31,H3260_v1_0
35602,224801,211892,2002-09-27,0.58,4.44,NA,NA,2000-01-01,2006-12-31,H3260_v1_0
33385,183472,213552,2002-10-02,0,8.89,0,NA,2000-01-01,2006-12-31,H3260_v1_0
45938,206821,205572,2002-10-10,0.19,0.44,0,NA,2000-01-01,2006-12-31,H3260_v1_0
123717,198919,214642,2002-10-11,0.12,2.09,0,NA,2000-01-01,2006-12-31,H3260_v1_0
123530,183551,208274,2002-10-11,0.32,1.23,0,NA,2000-01-01,2006-12-31,H3260_v1_0
111580,184931,233174,2002-10-28,0.34,1.15,NA,NA,2000-01-01,2006-12-31,H3260_v1_0
45938,206821,205572,2002-09-09,0.12,0.46,0,NA,2000-01-01,2006-12-31,H3260_v1_0
35602,224801,211892,2002-10-31,0.49,5.79,NA,NA,2000-01-01,2006-12-31,H3260_v1_0
45938,206821,205572,2002-11-11,0.23,1.41,0,NA,2000-01-01,2006-12-31,H3260_v1_0
123717,198919,214642,2002-11-12,0.22,1.23,0,NA,2000-01-01,2006-12-31,H3260_v1_0
123717,198919,214642,2000-08-18,0.16,1.48,0,NA,2000-01-01,2006-12-31,H3260_v1_0
45938,206821,205572,2000-08-25,1.23,0.47,0.25,NA,2000-01-01,2006-12-31,H3260_v1_0
221004,245672,183550,2007-03-13,0.583,2.89,0.225,NA,2007-01-01,2007-12-31,H3260_v1_2
84207,151545,223322,2005-11-25,NA,0.54,NA,NA,2000-01-01,2006-12-31,H3260_v1_0
123478,178983,208404,2005-12-06,0.64,1.47,0.133,NA,2000-01-01,2006-12-31,H3260_v1_0
47686,179707,243397,2005-12-07,0.32,17.4,0.123,NA,2000-01-01,2006-12-31,H3260_v1_0
206652,203131,209305,2005-12-07,0.34,1.42,0.15,NA,2000-01-01,2006-12-31,H3260_v1_0
221004,245672,183550,2005-12-13,3.59,9.33,0.62,NA,2000-01-01,2006-12-31,H3260_v1_0
111617,186904,232114,2005-12-12,0.59,2.46,0.101,NA,2000-01-01,2006-12-31,H3260_v1_0
144658,222498,199266,2005-12-07,0.38,12,0,NA,2000-01-01,2006-12-31,H3260_v1_0
259130,199929,215582,2005-12-13,0.48,1.04,0,NA,2000-01-01,2006-12-31,H3260_v1_0
241434,238265,208445,2007-06-04,0,5.19,0,NA,2007-01-01,2007-12-31,H3260_v1_2
204986,244766,184401,2007-06-05,1.96,0.417,0,NA,2007-01-01,2007-12-31,H3260_v1_2
212371,244877,161556,2007-06-05,0,5.74,0.425,NA,2007-01-01,2007-12-31,H3260_v1_2
47591,246700,206562,2007-06-07,0,0.289,0,NA,2007-01-01,2007-12-31,H3260_v1_2
124176,204796,204545,2006-02-09,NA,1.67,0.12,NA,2000-01-01,2006-12-31,H3260_v1_0
213836,241452,197091,2007-06-04,0,2.8,0,NA,2007-01-01,2007-12-31,H3260_v1_2
213836,241452,197091,2005-01-17,0,3.43,0.124,NA,2000-01-01,2006-12-31,H3260_v1_0
238759,225609,198258,2005-01-18,NA,10.9,NA,NA,2000-01-01,2006-12-31,H3260_v1_0
238515,223950,218080,2005-01-18,3.2,4.6,0.22,NA,2000-01-01,2006-12-31,H3260_v1_0
40171,250075,162498,2005-02-02,0,11.8,0.116,NA,2000-01-01,2006-12-31,H3260_v1_0
213836,241452,197091,2005-02-14,0.23,3.29,0.129,NA,2000-01-01,2006-12-31,H3260_v1_0
238515,223950,218080,2005-02-15,0.5,4.3,0.04,NA,2000-01-01,2006-12-31,H3260_v1_0
144658,222498,199266,2006-01-10,NA,11.8,0,NA,2000-01-01,2006-12-31,H3260_v1_0
238572,223886,213548,2006-01-10,1.55,4.33,0.164,NA,2000-01-01,2006-12-31,H3260_v1_0
221004,245672,183550,2006-01-17,1.67,13.7,0.319,NA,2000-01-01,2006-12-31,H3260_v1_0
47686,179707,243397,2006-01-10,0.309,11.8,0.286,NA,2000-01-01,2006-12-31,H3260_v1_0
212371,244877,161556,2006-03-13,0.298,9.06,0.166,NA,2000-01-01,2006-12-31,H3260_v1_0
123478,178983,208404,2006-01-16,0.571,1.22,0.081,NA,2000-01-01,2006-12-31,H3260_v1_0
259130,199929,215582,2006-01-19,0.298,1.16,0,NA,2000-01-01,2006-12-31,H3260_v1_0
238572,223886,213548,2006-02-08,1.69,3.97,0.154,NA,2000-01-01,2006-12-31,H3260_v1_0
123559,185896,209550,2006-03-14,0.77,2.64,0.168,NA,2000-01-01,2006-12-31,H3260_v1_0
38402,197860,216731,2006-03-15,0.511,2,0,NA,2000-01-01,2006-12-31,H3260_v1_0
204986,244766,184401,2006-03-14,1.43,1.92,0.077,NA,2000-01-01,2006-12-31,H3260_v1_0
212371,244877,161556,2006-04-11,0,7.41,0.185,NA,2000-01-01,2006-12-31,H3260_v1_0
204986,244766,184401,2006-04-11,0.784,1.04,0.075,NA,2000-01-01,2006-12-31,H3260_v1_0
238759,225609,198258,2005-02-15,0.48,13.55,0.04,NA,2000-01-01,2006-12-31,H3260_v1_0
123574,187346,210000,2005-02-10,0.63,1.71,0.158,NA,2000-01-01,2006-12-31,H3260_v1_0
123574,187346,210000,2005-11-04,0.22,1.05,0,NA,2000-01-01,2006-12-31,H3260_v1_0
144658,222498,199266,2006-02-08,NA,8.44,0,NA,2000-01-01,2006-12-31,H3260_v1_0
221004,245672,183550,2006-02-14,0,3.24,0.535,NA,2000-01-01,2006-12-31,H3260_v1_0
111617,186904,232114,2006-02-08,1.14,2.71,0.13,NA,2000-01-01,2006-12-31,H3260_v1_0
47686,179707,243397,2006-02-07,0.437,8.79,0.109,NA,2000-01-01,2006-12-31,H3260_v1_0
123478,178983,208404,2006-02-13,1.08,1.72,0,NA,2000-01-01,2006-12-31,H3260_v1_0
259130,199929,215582,2006-02-15,0.689,1.13,0,NA,2000-01-01,2006-12-31,H3260_v1_0
38402,197860,216731,2006-04-11,0.411,0.803,0,NA,2000-01-01,2006-12-31,H3260_v1_0
123559,185896,209550,2006-04-12,0.959,1.59,0.148,NA,2000-01-01,2006-12-31,H3260_v1_0
238759,225609,198258,2005-10-26,0,3.6,0.02,NA,2000-01-01,2006-12-31,H3260_v1_0
213836,241452,197091,2005-11-28,0.27,3.07,0.074,NA,2000-01-01,2006-12-31,H3260_v1_0
238759,225609,198258,2005-11-29,NA,6.63,NA,NA,2000-01-01,2006-12-31,H3260_v1_0
238515,223950,218080,2005-11-29,0.62,3.1,0.07,NA,2000-01-01,2006-12-31,H3260_v1_0
40171,250075,162498,2005-11-30,0,11.5,0,NA,2000-01-01,2006-12-31,H3260_v1_0
38434,200014,218405,2006-02-09,NA,2.13,0.18,NA,2000-01-01,2006-12-31,H3260_v1_0
84207,151545,223322,2006-02-15,0.49,0.89,0,NA,2000-01-01,2006-12-31,H3260_v1_0
238572,223886,213548,2006-03-07,1.35,5.6,0.273,NA,2000-01-01,2006-12-31,H3260_v1_0
123559,185896,209550,2006-05-11,0.296,0.891,0,NA,2000-01-01,2006-12-31,H3260_v1_0
38402,197860,216731,2006-05-16,0,0.38,0.083,NA,2000-01-01,2006-12-31,H3260_v1_0
249683,208625,203839,2007-06-18,0.294,0.892,0,NA,2007-01-01,2007-12-31,H3260_v1_2
123574,187346,210000,2005-12-06,0.59,2.29,0.113,NA,2000-01-01,2006-12-31,H3260_v1_0
238759,225609,198258,2006-01-10,NA,9.63,0,NA,2000-01-01,2006-12-31,H3260_v1_0
238515,223950,218080,2006-01-10,1.6,3.6,0.06,NA,2000-01-01,2006-12-31,H3260_v1_0
213836,241452,197091,2006-01-18,0.326,3.11,0.125,NA,2000-01-01,2006-12-31,H3260_v1_0
144658,222498,199266,2006-03-07,0.35,12.3,0.116,NA,2000-01-01,2006-12-31,H3260_v1_0
111617,186904,232114,2006-02-28,0.8,4.6,0.04,NA,2000-01-01,2006-12-31,H3260_v1_0
47686,179707,243397,2006-03-07,0.403,13.9,0.171,NA,2000-01-01,2006-12-31,H3260_v1_0
123478,178983,208404,2006-03-14,0.741,2.62,0.184,NA,2000-01-01,2006-12-31,H3260_v1_0
103391,189477,197117,2007-07-05,0.868,0.638,0.275,NA,2007-01-01,2007-12-31,H3260_v1_2
38402,197860,216731,2007-07-10,0,0.965,0.076,NA,2007-01-01,2007-12-31,H3260_v1_2
123559,185896,209550,2007-07-13,0.249,1.27,0.071,NA,2007-01-01,2007-12-31,H3260_v1_2
212371,244877,161556,2007-07-03,0,4.78,0.315,NA,2007-01-01,2007-12-31,H3260_v1_2
9547,74383,203895,2006-01-18,0,11,0.05,NA,2000-01-01,2006-12-31,H3260_v1_0
9549,74511,203801,2006-01-18,0,10,0.03,NA,2000-01-01,2006-12-31,H3260_v1_0
123574,187346,210000,2006-01-16,0.608,1.3,0.198,NA,2000-01-01,2006-12-31,H3260_v1_0
213836,241452,197091,2006-02-07,0.222,3.57,0.09,NA,2000-01-01,2006-12-31,H3260_v1_0
238515,223950,218080,2006-02-08,3,3.9,0.11,NA,2000-01-01,2006-12-31,H3260_v1_0
238759,225609,198258,2006-02-08,NA,6.04,0,NA,2000-01-01,2006-12-31,H3260_v1_0
259130,199929,215582,2006-03-15,0.272,1.49,0,NA,2000-01-01,2006-12-31,H3260_v1_0
144658,222498,199266,2006-03-14,0,14,0,NA,2000-01-01,2006-12-31,H3260_v1_0
221004,245672,183550,2006-03-14,2.31,5.18,0.364,NA,2000-01-01,2006-12-31,H3260_v1_0
221004,245672,183550,2006-04-11,1.51,5.11,0.846,NA,2000-01-01,2006-12-31,H3260_v1_0
238572,223886,213548,2006-04-04,0.625,5.24,0.141,NA,2000-01-01,2006-12-31,H3260_v1_0
144658,222498,199266,2006-04-04,NA,10.2,0.079,NA,2000-01-01,2006-12-31,H3260_v1_0
204986,244766,184401,2007-07-03,4.49,0.143,0.218,NA,2007-01-01,2007-12-31,H3260_v1_2
47591,246700,206562,2007-07-05,1.4,1.8,0.264,NA,2007-01-01,2007-12-31,H3260_v1_2
241434,238265,208445,2007-07-10,0.212,5.11,0.135,NA,2007-01-01,2007-12-31,H3260_v1_2
249683,208625,203839,2007-07-16,0,1.13,0,NA,2007-01-01,2007-12-31,H3260_v1_2
103391,189477,197117,2007-08-07,0,0.915,0.182,NA,2007-01-01,2007-12-31,H3260_v1_2
212371,244877,161556,2007-07-30,0,3.99,0.287,NA,2007-01-01,2007-12-31,H3260_v1_2
123574,187346,210000,2006-02-13,1.04,1.66,0,NA,2000-01-01,2006-12-31,H3260_v1_0
213836,241452,197091,2006-03-06,0,3.81,0.133,NA,2000-01-01,2006-12-31,H3260_v1_0
238515,223950,218080,2006-03-07,1.2,4.3,0.03,NA,2000-01-01,2006-12-31,H3260_v1_0
47686,179707,243397,2006-04-06,0.352,11.7,0.138,NA,2000-01-01,2006-12-31,H3260_v1_0
111617,186904,232114,2006-04-10,0.411,3.46,0,NA,2000-01-01,2006-12-31,H3260_v1_0
259130,199929,215582,2006-04-11,0,1.21,0,NA,2000-01-01,2006-12-31,H3260_v1_0
123478,178983,208404,2006-04-12,0.499,1.41,0.106,NA,2000-01-01,2006-12-31,H3260_v1_0
47591,246700,206562,2007-08-01,0.952,0.958,0.305,NA,2007-01-01,2007-12-31,H3260_v1_2
241434,238265,208445,2007-08-06,0,4.71,0.103,NA,2007-01-01,2007-12-31,H3260_v1_2
204986,244766,184401,2007-08-28,1.4,0.103,0.192,NA,2007-01-01,2007-12-31,H3260_v1_2
238759,225609,198258,2006-03-07,0,13.7,0.112,NA,2000-01-01,2006-12-31,H3260_v1_0
238759,225609,198258,2006-02-23,0.239,15.3,0.101,NA,2000-01-01,2006-12-31,H3260_v1_0
123574,187346,210000,2006-03-14,0.668,3.38,0.157,NA,2000-01-01,2006-12-31,H3260_v1_0
9547,74383,203895,2006-03-23,0,8.6,0,NA,2000-01-01,2006-12-31,H3260_v1_0
9549,74511,203801,2006-03-23,0,7.7,0,NA,2000-01-01,2006-12-31,H3260_v1_0
111580,184931,233174,2000-08-23,0.25,1.84,NA,NA,2000-01-01,2006-12-31,H3260_v1_0
45938,206821,205572,2000-09-15,0.5,0.53,0.15,NA,2000-01-01,2006-12-31,H3260_v1_0
45938,206821,205572,2001-01-15,NA,0.79,0.15,NA,2000-01-01,2006-12-31,H3260_v1_0
33385,183472,213552,2001-01-05,0.38,1.9,0,NA,2000-01-01,2006-12-31,H3260_v1_0
123530,183551,208274,2001-01-08,0.52,2.81,0,NA,2000-01-01,2006-12-31,H3260_v1_0
47686,179707,243397,2006-05-09,0,4.52,0,NA,2000-01-01,2006-12-31,H3260_v1_0
123478,178983,208404,2006-05-11,0.239,1.14,0,NA,2000-01-01,2006-12-31,H3260_v1_0
123559,185896,209550,2007-08-10,0.881,1.44,0.115,NA,2007-01-01,2007-12-31,H3260_v1_2
249683,208625,203839,2007-08-14,0,1.35,0,NA,2007-01-01,2007-12-31,H3260_v1_2
38402,197860,216731,2007-08-21,0,0.584,0,NA,2007-01-01,2007-12-31,H3260_v1_2
103391,189477,197117,2007-09-05,0,1.11,0.15,NA,2007-01-01,2007-12-31,H3260_v1_2
213836,241452,197091,2006-04-10,0,3.28,0,NA,2000-01-01,2006-12-31,H3260_v1_0
238515,223950,218080,2006-04-04,0.87,3.8,0.06,NA,2000-01-01,2006-12-31,H3260_v1_0
238759,225609,198258,2006-04-04,NA,14.1,0.102,NA,2000-01-01,2006-12-31,H3260_v1_0
123574,187346,210000,2006-04-12,0.893,1.57,0.194,NA,2000-01-01,2006-12-31,H3260_v1_0
259130,199929,215582,2006-05-16,0,0.815,0,NA,2000-01-01,2006-12-31,H3260_v1_0
224975,210560,206194,2007-06-18,0,0.757,0.076,NA,2007-01-01,2007-12-31,H3260_v1_2
206652,203131,209305,2007-06-18,0.218,0.964,0,NA,2007-01-01,2007-12-31,H3260_v1_2
47686,179707,243397,2007-07-04,0.261,2.6,0.265,NA,2007-01-01,2007-12-31,H3260_v1_2
123559,185896,209550,2007-09-10,0,1.03,0,NA,2007-01-01,2007-12-31,H3260_v1_2
212371,244877,161556,2007-09-03,0,5.47,0.264,NA,2007-01-01,2007-12-31,H3260_v1_2
47591,246700,206562,2007-09-04,0.556,0.535,0,NA,2007-01-01,2007-12-31,H3260_v1_2
241434,238265,208445,2007-09-11,0,5.14,0,NA,2007-01-01,2007-12-31,H3260_v1_2
213836,241452,197091,2006-05-02,0,3.71,0.077,NA,2000-01-01,2006-12-31,H3260_v1_0
9547,74383,203895,2006-05-10,0.33,1.9,0,NA,2000-01-01,2006-12-31,H3260_v1_0
9549,74511,203801,2006-05-10,0.43,3.1,0,NA,2000-01-01,2006-12-31,H3260_v1_0
123574,187346,210000,2006-05-11,0.369,1.05,0,NA,2000-01-01,2006-12-31,H3260_v1_0
259130,199929,215582,2007-07-10,0,1.12,0,NA,2007-01-01,2007-12-31,H3260_v1_2
123478,178983,208404,2007-07-13,0,1.54,0.078,NA,2007-01-01,2007-12-31,H3260_v1_2
221004,245672,183550,2007-07-03,1.83,0.441,0.477,NA,2007-01-01,2007-12-31,H3260_v1_2
255415,228750,210246,2007-07-05,0.79,3.65,0.389,NA,2007-01-01,2007-12-31,H3260_v1_2
114575,228740,179160,2007-07-16,0,0.311,0,NA,2007-01-01,2007-12-31,H3260_v1_2
38402,197860,216731,2007-09-12,0,0.388,0,NA,2007-01-01,2007-12-31,H3260_v1_2
249683,208625,203839,2007-09-13,0,1.76,0,NA,2007-01-01,2007-12-31,H3260_v1_2
204986,244766,184401,2007-09-25,1.42,0,0.545,NA,2007-01-01,2007-12-31,H3260_v1_2
103391,189477,197117,2007-10-03,0.235,0.854,0.247,NA,2007-01-01,2007-12-31,H3260_v1_2
123574,187346,210000,2007-07-13,0,1.31,0,NA,2007-01-01,2007-12-31,H3260_v1_2
213836,241452,197091,2007-07-10,0,2.68,0.104,NA,2007-01-01,2007-12-31,H3260_v1_2
241434,238265,208445,2007-10-01,0,3.96,0,NA,2007-01-01,2007-12-31,H3260_v1_2
47591,246700,206562,2007-10-02,0.542,1.71,0.129,NA,2007-01-01,2007-12-31,H3260_v1_2
212371,244877,161556,2007-10-03,0,4.51,0.2,NA,2007-01-01,2007-12-31,H3260_v1_2
204986,244766,184401,2007-10-23,1.51,0.612,0.074,NA,2007-01-01,2007-12-31,H3260_v1_2
123559,185896,209550,2007-10-10,0,1.1,0.102,NA,2007-01-01,2007-12-31,H3260_v1_2
238759,225609,198258,2007-07-31,NA,12.7,NA,NA,2007-01-01,2007-12-31,H3260_v1_2
238515,223950,218080,2007-07-31,0.34,2.9,0.1,NA,2007-01-01,2007-12-31,H3260_v1_2
213836,241452,197091,2007-08-06,0.204,2.79,0.115,NA,2007-01-01,2007-12-31,H3260_v1_2
123574,187346,210000,2007-08-10,1.01,1.37,0.134,NA,2007-01-01,2007-12-31,H3260_v1_2
123717,198919,214642,2001-01-08,0.2,2.63,0,NA,2000-01-01,2006-12-31,H3260_v1_0
45938,206821,205572,2001-01-09,1.04,0.92,0.22,NA,2000-01-01,2006-12-31,H3260_v1_0
111580,184931,233174,2001-01-31,0.7,5.35,NA,NA,2000-01-01,2006-12-31,H3260_v1_0
33385,183472,213552,2001-02-01,0.9,1.86,0.18,NA,2000-01-01,2006-12-31,H3260_v1_0
123717,198919,214642,2001-02-02,0.73,2.61,0.23,NA,2000-01-01,2006-12-31,H3260_v1_0
123530,183551,208274,2001-02-02,1.75,2.41,0,NA,2000-01-01,2006-12-31,H3260_v1_0
45938,206821,205572,2001-02-05,0.43,1.33,0,NA,2000-01-01,2006-12-31,H3260_v1_0
45938,206821,205572,2001-04-09,0,0,0,NA,2000-01-01,2006-12-31,H3260_v1_0
111580,184931,233174,2001-04-25,0.61,3.19,NA,NA,2000-01-01,2006-12-31,H3260_v1_0
33385,183472,213552,2001-05-02,0.67,1.92,0,NA,2000-01-01,2006-12-31,H3260_v1_0
123530,183551,208274,2001-05-04,0.57,1.53,0.16,NA,2000-01-01,2006-12-31,H3260_v1_0
123717,198919,214642,2001-05-04,0.91,1.16,0,NA,2000-01-01,2006-12-31,H3260_v1_0
45938,206821,205572,2001-05-07,0.18,0.79,0,NA,2000-01-01,2006-12-31,H3260_v1_0
111580,184931,233174,2001-05-28,0.7,1.84,NA,NA,2000-01-01,2006-12-31,H3260_v1_0
33385,183472,213552,2001-06-11,1.84,4.06,0.21,NA,2000-01-01,2006-12-31,H3260_v1_0
123530,183551,208274,2001-06-13,0.25,1.29,0,NA,2000-01-01,2006-12-31,H3260_v1_0
123717,198919,214642,2001-06-13,3.39,1.21,0.53,NA,2000-01-01,2006-12-31,H3260_v1_0
45938,206821,205572,2001-06-14,0.23,0.65,0,NA,2000-01-01,2006-12-31,H3260_v1_0
111580,184931,233174,2001-06-26,0.57,1.56,NA,NA,2000-01-01,2006-12-31,H3260_v1_0
45938,206821,205572,2001-07-06,0.25,0.57,0,NA,2000-01-01,2006-12-31,H3260_v1_0
33385,183472,213552,2001-07-09,0.23,3.05,0.19,NA,2000-01-01,2006-12-31,H3260_v1_0
123530,183551,208274,2001-07-12,0.09,1.36,0,NA,2000-01-01,2006-12-31,H3260_v1_0
123717,198919,214642,2001-07-12,0.21,1.6,0,NA,2000-01-01,2006-12-31,H3260_v1_0
111580,184931,233174,2001-07-20,0.52,1.56,NA,NA,2000-01-01,2006-12-31,H3260_v1_0
123530,183551,208274,2001-08-16,0.11,0.99,0,NA,2000-01-01,2006-12-31,H3260_v1_0
123717,198919,214642,2001-08-16,0.21,1.83,0,NA,2000-01-01,2006-12-31,H3260_v1_0
33385,183472,213552,2001-08-17,0.27,6.57,0.2,NA,2000-01-01,2006-12-31,H3260_v1_0
45938,206821,205572,2001-08-21,0.16,0.39,0,NA,2000-01-01,2006-12-31,H3260_v1_0
111580,184931,233174,2001-08-22,0.15,1.04,NA,NA,2000-01-01,2006-12-31,H3260_v1_0
123530,183551,208274,2001-09-14,0.19,1.59,0,NA,2000-01-01,2006-12-31,H3260_v1_0
123717,198919,214642,2001-09-14,0.16,1.26,0,NA,2000-01-01,2006-12-31,H3260_v1_0
33385,183472,213552,2001-09-17,0.34,2.4,0.26,NA,2000-01-01,2006-12-31,H3260_v1_0
45938,206821,205572,2001-09-18,0.31,0.61,0,NA,2000-01-01,2006-12-31,H3260_v1_0
111580,184931,233174,2001-09-25,0.42,5.54,NA,NA,2000-01-01,2006-12-31,H3260_v1_0
123717,198919,214642,2001-10-15,0.18,2.34,0.15,NA,2000-01-01,2006-12-31,H3260_v1_0
123530,183551,208274,2001-10-15,0.12,1.53,0,NA,2000-01-01,2006-12-31,H3260_v1_0
33385,183472,213552,2001-10-16,0.76,4.37,0.19,NA,2000-01-01,2006-12-31,H3260_v1_0
45938,206821,205572,2001-10-17,0.29,0.29,0,NA,2000-01-01,2006-12-31,H3260_v1_0
111580,184931,233174,2001-10-24,0.4,2.27,NA,NA,2000-01-01,2006-12-31,H3260_v1_0
45938,206821,205572,2002-11-18,0,0,0,NA,2000-01-01,2006-12-31,H3260_v1_0
35602,224801,211892,2002-11-28,0.46,6.22,NA,NA,2000-01-01,2006-12-31,H3260_v1_0
45938,206821,205572,2002-12-09,0.44,0.65,0,NA,2000-01-01,2006-12-31,H3260_v1_0
123530,183551,208274,2002-12-10,0.71,1.56,0,NA,2000-01-01,2006-12-31,H3260_v1_0
123717,198919,214642,2002-12-10,0.27,3.34,0,NA,2000-01-01,2006-12-31,H3260_v1_0
33385,183472,213552,2002-12-11,0.85,3.55,0,NA,2000-01-01,2006-12-31,H3260_v1_0
111580,184931,233174,2002-12-21,0.81,5.05,NA,NA,2000-01-01,2006-12-31,H3260_v1_0
35602,224801,211892,2002-12-30,2.07,2.22,NA,NA,2000-01-01,2006-12-31,H3260_v1_0
45938,206821,205572,2002-12-18,0,9.8,0,NA,2000-01-01,2006-12-31,H3260_v1_0
45938,206821,205572,2003-01-06,0.51,1.03,0,NA,2000-01-01,2006-12-31,H3260_v1_0
123717,198919,214642,2003-01-09,0.6,1.88,0,NA,2000-01-01,2006-12-31,H3260_v1_0
123530,183551,208274,2003-01-09,0.71,2.19,0,NA,2000-01-01,2006-12-31,H3260_v1_0
111580,184931,233174,2003-01-16,0.65,6.22,0,NA,2000-01-01,2006-12-31,H3260_v1_0
123717,198919,214642,2003-02-05,0.5,2.12,0,NA,2000-01-01,2006-12-31,H3260_v1_0
123530,183551,208274,2003-02-05,0.82,2.53,0,NA,2000-01-01,2006-12-31,H3260_v1_0
45938,206821,205572,2003-02-07,0.27,1.42,0,NA,2000-01-01,2006-12-31,H3260_v1_0
111580,184931,233174,2003-02-13,0.45,4.91,0,NA,2000-01-01,2006-12-31,H3260_v1_0
45938,206821,205572,2003-03-12,0.235,1.2,0,NA,2000-01-01,2006-12-31,H3260_v1_0
111580,184931,233174,2003-03-13,0.89,5.8,0.17,NA,2000-01-01,2006-12-31,H3260_v1_0
123717,198919,214642,2003-03-07,0.14,1.85,0,NA,2000-01-01,2006-12-31,H3260_v1_0
123530,183551,208274,2003-03-07,0.63,1.63,0,NA,2000-01-01,2006-12-31,H3260_v1_0
45938,206821,205572,2002-05-06,0,0,0,NA,2000-01-01,2006-12-31,H3260_v1_0
35602,224801,211892,2002-05-30,0.2,6.6,NA,NA,2000-01-01,2006-12-31,H3260_v1_0
45938,206821,205572,2002-05-02,0.18,0.73,0,NA,2000-01-01,2006-12-31,H3260_v1_0
123530,183551,208274,2002-05-03,0.57,1.14,0,NA,2000-01-01,2006-12-31,H3260_v1_0
123717,198919,214642,2002-05-03,0.45,1.72,0,NA,2000-01-01,2006-12-31,H3260_v1_0
33385,183472,213552,2002-05-06,0.63,2.11,0.15,NA,2000-01-01,2006-12-31,H3260_v1_0
123478,178983,208404,2006-08-09,0,1.05,0,NA,2000-01-01,2006-12-31,H3260_v1_0
238572,223886,213548,2006-08-01,0.577,2.94,0.097,NA,2000-01-01,2006-12-31,H3260_v1_0
259130,199929,215582,2006-08-17,0,1.78,0,NA,2000-01-01,2006-12-31,H3260_v1_0
111580,184931,233174,2002-05-27,0.4,1.41,NA,NA,2000-01-01,2006-12-31,H3260_v1_0
45938,206821,205572,2002-06-03,0.12,0.54,0,NA,2000-01-01,2006-12-31,H3260_v1_0
123530,183551,208274,2002-06-04,0.61,0.94,0,NA,2000-01-01,2006-12-31,H3260_v1_0
123717,198919,214642,2002-06-04,0.37,1.31,0,NA,2000-01-01,2006-12-31,H3260_v1_0
38402,197860,216731,2006-11-20,0.283,1.05,0.15,NA,2000-01-01,2006-12-31,H3260_v1_0
204986,244766,184401,2006-11-21,2.03,1.93,0.346,NA,2000-01-01,2006-12-31,H3260_v1_0
206652,203131,209305,2006-08-17,0.509,1.17,0.109,NA,2000-01-01,2006-12-31,H3260_v1_0
221004,245672,183550,2006-09-26,1.15,0.492,0.79,NA,2000-01-01,2006-12-31,H3260_v1_0
238572,223886,213548,2006-09-20,0.895,4.01,0.094,NA,2000-01-01,2006-12-31,H3260_v1_0
144658,222498,199266,2006-09-20,0.32,11.8,0,NA,2000-01-01,2006-12-31,H3260_v1_0
124176,204796,204545,2006-11-24,NA,1.7,0.074,NA,2000-01-01,2006-12-31,H3260_v1_0
212371,244877,161556,2006-12-05,0,5.59,0.26,NA,2000-01-01,2006-12-31,H3260_v1_0
204986,244766,184401,2006-12-12,0.769,1.76,0.133,NA,2000-01-01,2006-12-31,H3260_v1_0
123478,178983,208404,2006-09-07,0,1.54,0.096,NA,2000-01-01,2006-12-31,H3260_v1_0
47686,179707,243397,2006-09-12,0,7.43,0,NA,2000-01-01,2006-12-31,H3260_v1_0
259130,199929,215582,2006-09-14,0,0.911,0,NA,2000-01-01,2006-12-31,H3260_v1_0
238572,223886,213548,2006-10-04,0.247,4.56,0.09,NA,2000-01-01,2006-12-31,H3260_v1_0
144658,222498,199266,2006-10-04,NA,12.2,0,NA,2000-01-01,2006-12-31,H3260_v1_0
241552,230674,203278,2008-01-08,0.278,7.45,0.073,NA,2008-01-01,2009-12-31,H3260_v1_3
241434,238265,208445,2008-01-08,0.363,5.91,0.08,NA,2008-01-01,2009-12-31,H3260_v1_3
212371,244877,161556,2008-01-09,0.278,6.41,0.213,NA,2008-01-01,2009-12-31,H3260_v1_3
204986,244766,184401,2008-01-15,0.729,0.722,0.086,NA,2008-01-01,2009-12-31,H3260_v1_3
103391,189477,197117,2008-01-17,0.963,0.468,0.255,NA,2008-01-01,2009-12-31,H3260_v1_3
249683,208625,203839,2008-01-17,0.251,2.43,0,NA,2008-01-01,2009-12-31,H3260_v1_3
38402,197860,216731,2008-01-22,0.347,1.37,0.169,NA,2008-01-01,2009-12-31,H3260_v1_3
241434,238265,208445,2008-02-07,0.312,6.37,0,NA,2008-01-01,2009-12-31,H3260_v1_3
221004,245672,183550,2006-10-24,2.43,1.51,0.694,NA,2000-01-01,2006-12-31,H3260_v1_0
123478,178983,208404,2006-10-06,0,0.969,0,NA,2000-01-01,2006-12-31,H3260_v1_0
111617,186904,232114,2006-10-09,0.606,1.51,0.12,NA,2000-01-01,2006-12-31,H3260_v1_0
47686,179707,243397,2006-10-10,0,7.33,0,NA,2000-01-01,2006-12-31,H3260_v1_0
259130,199929,215582,2006-10-16,0,1.12,0,NA,2000-01-01,2006-12-31,H3260_v1_0
123478,178983,208404,2006-11-06,0,1.22,0.073,NA,2000-01-01,2006-12-31,H3260_v1_0
241552,230674,203278,2008-02-07,0.244,8.32,0,NA,2008-01-01,2009-12-31,H3260_v1_3
212371,244877,161556,2008-02-05,0.127,5.83,0.136,NA,2008-01-01,2009-12-31,H3260_v1_3
123559,185896,209550,2008-02-07,0.519,2.07,0.092,NA,2008-01-01,2009-12-31,H3260_v1_3
204986,244766,184401,2008-02-12,0.625,0.631,0,NA,2008-01-01,2009-12-31,H3260_v1_3
103391,189477,197117,2008-02-14,0.892,0.142,0.288,NA,2008-01-01,2009-12-31,H3260_v1_3
47686,179707,243397,2006-11-14,0.27,10,0.087,NA,2000-01-01,2006-12-31,H3260_v1_0
259130,199929,215582,2006-11-20,0,1.59,0,NA,2000-01-01,2006-12-31,H3260_v1_0
221004,245672,183550,2006-11-21,1.16,2.51,0.248,NA,2000-01-01,2006-12-31,H3260_v1_0
144658,222498,199266,2006-11-28,0.486,13.2,0,NA,2000-01-01,2006-12-31,H3260_v1_0
238572,223886,213548,2006-11-28,0.316,4.76,0.089,NA,2000-01-01,2006-12-31,H3260_v1_0
249683,208625,203839,2008-02-14,0.311,2.19,0,NA,2008-01-01,2009-12-31,H3260_v1_3
124176,204796,204545,2008-02-11,0.3,1.2,0.06,NA,2008-01-01,2009-12-31,H3260_v1_3
212371,244877,161556,2008-03-04,0.241,5.32,0.163,NA,2008-01-01,2009-12-31,H3260_v1_3
144658,222498,199266,2006-11-17,0.507,9.03,NA,NA,2000-01-01,2006-12-31,H3260_v1_0
111617,186904,232114,2006-11-21,0.56,3.1,0.11,NA,2000-01-01,2006-12-31,H3260_v1_0
38434,200014,218405,2006-11-24,NA,1.55,0.27,NA,2000-01-01,2006-12-31,H3260_v1_0
84207,151545,223322,2006-11-28,0.51,0.82,0,NA,2000-01-01,2006-12-31,H3260_v1_0
144658,222498,199266,2006-12-06,NA,11.7,0,NA,2000-01-01,2006-12-31,H3260_v1_0
238572,223886,213548,2006-12-06,0.472,4.63,0.097,NA,2000-01-01,2006-12-31,H3260_v1_0
38402,197860,216731,2008-02-19,0.45,0.771,0.072,NA,2008-01-01,2009-12-31,H3260_v1_3
204986,244766,184401,2008-03-11,0.654,1.06,0.073,NA,2008-01-01,2009-12-31,H3260_v1_3
123559,185896,209550,2008-03-06,0.717,1.54,0.076,NA,2008-01-01,2009-12-31,H3260_v1_3
103391,189477,197117,2008-03-11,1.23,0.534,0.269,NA,2008-01-01,2009-12-31,H3260_v1_3
221004,245672,183550,2006-12-12,2.35,1.57,0.388,NA,2000-01-01,2006-12-31,H3260_v1_0
224975,210560,206194,2008-01-10,0.332,1.55,0,NA,2008-01-01,2009-12-31,H3260_v1_3
218803,250356,161314,2008-01-09,0.482,8.46,0.114,NA,2008-01-01,2009-12-31,H3260_v1_3
255415,228750,210246,2008-01-10,0.146,8.1,0,NA,2008-01-01,2009-12-31,H3260_v1_3
221004,245672,183550,2008-01-15,1.93,4.25,0.141,NA,2008-01-01,2009-12-31,H3260_v1_3
47686,179707,243397,2008-01-14,0.47,13.3,0,NA,2008-01-01,2009-12-31,H3260_v1_3
206652,203131,209305,2008-01-17,0.261,1.88,0,NA,2008-01-01,2009-12-31,H3260_v1_3
114575,228740,179160,2008-01-21,0.181,1.28,0,NA,2008-01-01,2009-12-31,H3260_v1_3
218390,232321,177163,2008-01-21,0.138,2.02,0,NA,2008-01-01,2009-12-31,H3260_v1_3
144658,222498,199266,2008-01-22,NA,9.5,NA,NA,2008-01-01,2009-12-31,H3260_v1_3
238572,223886,213548,2008-01-22,0.917,5.25,0.103,NA,2008-01-01,2009-12-31,H3260_v1_3
38434,200014,218405,2008-01-22,0.254,1.65,0.201,NA,2008-01-01,2009-12-31,H3260_v1_3
249683,208625,203839,2008-03-12,0.352,2.46,0,NA,2008-01-01,2009-12-31,H3260_v1_3
241552,230674,203278,2008-03-13,0.266,8.11,0,NA,2008-01-01,2009-12-31,H3260_v1_3
241434,238265,208445,2008-03-13,0.237,6.27,0,NA,2008-01-01,2009-12-31,H3260_v1_3
38402,197860,216731,2008-03-18,0.345,1.21,0.081,NA,2008-01-01,2009-12-31,H3260_v1_3
218803,250356,161314,2008-02-05,0.178,9.38,0.13,NA,2008-01-01,2009-12-31,H3260_v1_3
47686,179707,243397,2008-02-06,0.358,8.34,0.328,NA,2008-01-01,2009-12-31,H3260_v1_3
123478,178983,208404,2008-02-07,0.498,2.05,0.101,NA,2008-01-01,2009-12-31,H3260_v1_3
221004,245672,183550,2008-02-12,7.5,1.15,0.207,NA,2008-01-01,2009-12-31,H3260_v1_3
144658,222498,199266,2008-02-13,NA,14,NA,NA,2008-01-01,2009-12-31,H3260_v1_3
212371,244877,161556,2008-04-01,0,6.41,0.097,NA,2008-01-01,2009-12-31,H3260_v1_3
124176,204796,204545,2008-03-18,0.24,1.4,0.06,NA,2008-01-01,2009-12-31,H3260_v1_3
204986,244766,184401,2008-04-08,0.482,1.35,0,NA,2008-01-01,2009-12-31,H3260_v1_3
241552,230674,203278,2008-04-10,0.221,8.22,0,NA,2008-01-01,2009-12-31,H3260_v1_3
241434,238265,208445,2008-04-10,0.195,6.71,0.088,NA,2008-01-01,2009-12-31,H3260_v1_3
238572,223886,213548,2008-02-13,0.331,7.47,0.08,NA,2008-01-01,2009-12-31,H3260_v1_3
255415,228750,210246,2008-02-14,0.143,9.47,0,NA,2008-01-01,2009-12-31,H3260_v1_3
218390,232321,177163,2008-02-18,0.157,2.51,0,NA,2008-01-01,2009-12-31,H3260_v1_3
114575,228740,179160,2008-02-18,0.201,1.17,0,NA,2008-01-01,2009-12-31,H3260_v1_3
206652,203131,209305,2008-02-14,0.22,1.56,0,NA,2008-01-01,2009-12-31,H3260_v1_3
224975,210560,206194,2008-02-11,0.217,1.27,0.084,NA,2008-01-01,2009-12-31,H3260_v1_3
38434,200014,218405,2008-02-11,0.47,1.9,0.05,NA,2008-01-01,2009-12-31,H3260_v1_3
84207,151545,223322,2008-02-12,1.2,0.9,0.01,NA,2008-01-01,2009-12-31,H3260_v1_3
204986,244766,184401,2008-05-06,5.81,0.435,0.8,NA,2008-01-01,2009-12-31,H3260_v1_3
212371,244877,161556,2008-05-06,0,7.29,0.171,NA,2008-01-01,2009-12-31,H3260_v1_3
103391,189477,197117,2008-04-08,0.499,0.38,0.231,NA,2008-01-01,2009-12-31,H3260_v1_3
249683,208625,203839,2008-04-10,0.217,2.06,0,NA,2008-01-01,2009-12-31,H3260_v1_3
33385,183472,213552,2002-06-05,0.8,2.75,0,NA,2000-01-01,2006-12-31,H3260_v1_0
111580,184931,233174,2002-06-20,2.21,2.47,NA,NA,2000-01-01,2006-12-31,H3260_v1_0
35602,224801,211892,2002-06-28,0.28,6.83,NA,NA,2000-01-01,2006-12-31,H3260_v1_0
33385,183472,213552,2002-07-04,0.82,1.99,0.36,NA,2000-01-01,2006-12-31,H3260_v1_0
38402,197860,216731,2008-04-15,0.49,0.827,0.111,NA,2008-01-01,2009-12-31,H3260_v1_3
123559,185896,209550,2008-04-17,0.475,1.49,0,NA,2008-01-01,2009-12-31,H3260_v1_3
241552,230674,203278,2008-05-08,0.331,7.23,0,NA,2008-01-01,2009-12-31,H3260_v1_3
241434,238265,208445,2008-05-08,0.246,5.72,0,NA,2008-01-01,2009-12-31,H3260_v1_3
45938,206821,205572,2002-07-11,0.25,0.45,0,NA,2000-01-01,2006-12-31,H3260_v1_0
123530,183551,208274,2002-07-12,0.19,1.08,0,NA,2000-01-01,2006-12-31,H3260_v1_0
123717,198919,214642,2002-07-12,0.12,1.28,0.24,NA,2000-01-01,2006-12-31,H3260_v1_0
111580,184931,233174,2002-07-26,0.35,1.04,NA,NA,2000-01-01,2006-12-31,H3260_v1_0
35602,224801,211892,2002-07-31,1.8,4.83,NA,NA,2000-01-01,2006-12-31,H3260_v1_0
33385,183472,213552,2002-08-05,0.42,2.9,0,NA,2000-01-01,2006-12-31,H3260_v1_0
45938,206821,205572,2002-08-12,0.21,0.52,0,NA,2000-01-01,2006-12-31,H3260_v1_0
123530,183551,208274,2002-08-13,0.23,1.26,0,NA,2000-01-01,2006-12-31,H3260_v1_0
123717,198919,214642,2002-08-13,0.11,1.47,0,NA,2000-01-01,2006-12-31,H3260_v1_0
111580,184931,233174,2002-08-26,0.36,1.42,NA,NA,2000-01-01,2006-12-31,H3260_v1_0
45938,206821,205572,2003-04-10,0.28,0.7,0,NA,2000-01-01,2006-12-31,H3260_v1_0
111580,184931,233174,2003-05-05,0.46,2.23,0,NA,2000-01-01,2006-12-31,H3260_v1_0
45938,206821,205572,2003-05-09,0.27,0.59,0,NA,2000-01-01,2006-12-31,H3260_v1_0
123717,198919,214642,2003-05-12,0.26,1.27,0,NA,2000-01-01,2006-12-31,H3260_v1_0
123530,183551,208274,2003-05-12,0.17,1.16,0,NA,2000-01-01,2006-12-31,H3260_v1_0
111580,184931,233174,2003-06-02,0.54,1.55,0,NA,2000-01-01,2006-12-31,H3260_v1_0
45938,206821,205572,2003-06-05,0.33,0.57,0.17,NA,2000-01-01,2006-12-31,H3260_v1_0
123717,198919,214642,2003-06-10,0.08,2.42,0,NA,2000-01-01,2006-12-31,H3260_v1_0
123530,183551,208274,2003-06-10,0.68,1.32,0,NA,2000-01-01,2006-12-31,H3260_v1_0
111580,184931,233174,2003-07-02,0.3,1.37,0,NA,2000-01-01,2006-12-31,H3260_v1_0
45938,206821,205572,2003-07-07,0.3,0.56,0,NA,2000-01-01,2006-12-31,H3260_v1_0
123717,198919,214642,2003-07-11,0,0.67,0,NA,2000-01-01,2006-12-31,H3260_v1_0
123530,183551,208274,2003-07-11,0.32,1.17,0,NA,2000-01-01,2006-12-31,H3260_v1_0
45938,206821,205572,2003-08-04,0,0.64,0,NA,2000-01-01,2006-12-31,H3260_v1_0
123717,198919,214642,2003-08-05,0.12,0.73,0,NA,2000-01-01,2006-12-31,H3260_v1_0
123530,183551,208274,2003-08-05,0,0.66,0,NA,2000-01-01,2006-12-31,H3260_v1_0
111580,184931,233174,2003-08-12,0.12,1.14,0,NA,2000-01-01,2006-12-31,H3260_v1_0
45938,206821,205572,2003-09-02,0.145,0.2,0,NA,2000-01-01,2006-12-31,H3260_v1_0
123717,198919,214642,2003-09-03,0,1.12,0,NA,2000-01-01,2006-12-31,H3260_v1_0
123530,183551,208274,2003-09-03,0.22,0.98,0,NA,2000-01-01,2006-12-31,H3260_v1_0
111580,184931,233174,2003-09-10,0.11,0.97,0,NA,2000-01-01,2006-12-31,H3260_v1_0
45938,206821,205572,2003-10-02,0.19,1.43,0,NA,2000-01-01,2006-12-31,H3260_v1_0
123717,198919,214642,2003-10-03,0.37,0.81,0,NA,2000-01-01,2006-12-31,H3260_v1_0
123530,183551,208274,2003-10-03,0.27,1.13,0,NA,2000-01-01,2006-12-31,H3260_v1_0
111580,184931,233174,2003-10-10,0.21,1.87,0,NA,2000-01-01,2006-12-31,H3260_v1_0
45938,206821,205572,2003-11-04,0.26,0.56,1.06,NA,2000-01-01,2006-12-31,H3260_v1_0
123717,198919,214642,2003-11-05,0.16,0.84,0,NA,2000-01-01,2006-12-31,H3260_v1_0
123530,183551,208274,2003-11-05,0.4,1.25,0,NA,2000-01-01,2006-12-31,H3260_v1_0
111580,184931,233174,2003-11-13,0.14,1.19,0,NA,2000-01-01,2006-12-31,H3260_v1_0
45938,206821,205572,2003-12-02,0.13,0.185,0,NA,2000-01-01,2006-12-31,H3260_v1_0
123717,198919,214642,2003-12-03,0.15,0.83,0,NA,2000-01-01,2006-12-31,H3260_v1_0
123530,183551,208274,2003-12-03,0.4,1.27,0,NA,2000-01-01,2006-12-31,H3260_v1_0
111580,184931,233174,2003-12-10,0.23,1.5,0,NA,2000-01-01,2006-12-31,H3260_v1_0
111580,184931,233174,2004-01-06,0.78,8.02,0,NA,2000-01-01,2006-12-31,H3260_v1_0
123530,183551,208274,2004-01-07,0.91,1.99,0,NA,2000-01-01,2006-12-31,H3260_v1_0
123717,198919,214642,2004-01-07,0.21,1.22,0,NA,2000-01-01,2006-12-31,H3260_v1_0
45938,206821,205572,2004-01-12,0.34,0.76,0,NA,2000-01-01,2006-12-31,H3260_v1_0
111580,184931,233174,2004-02-02,1.17,4.87,0.28,NA,2000-01-01,2006-12-31,H3260_v1_0
123717,198919,214642,2004-02-04,0.22,1.61,0.09,NA,2000-01-01,2006-12-31,H3260_v1_0
123530,183551,208274,2004-02-04,0.6,2.79,0.23,NA,2000-01-01,2006-12-31,H3260_v1_0
45938,206821,205572,2004-02-09,0.4,1,0.11,NA,2000-01-01,2006-12-31,H3260_v1_0
123530,183551,208274,2002-11-12,0.42,2.06,0.18,NA,2000-01-01,2006-12-31,H3260_v1_0
33385,183472,213552,2002-11-13,0.63,2.72,0.15,NA,2000-01-01,2006-12-31,H3260_v1_0
111580,184931,233174,2002-11-25,0.76,3.86,NA,NA,2000-01-01,2006-12-31,H3260_v1_0
123717,198919,214642,2004-03-05,0,1.1,0.06,NA,2000-01-01,2006-12-31,H3260_v1_0
123530,183551,208274,2004-03-05,0.66,1.95,0.08,NA,2000-01-01,2006-12-31,H3260_v1_0
45938,206821,205572,2004-03-08,0.3,0.76,0.07,NA,2000-01-01,2006-12-31,H3260_v1_0
45938,206821,205572,2004-03-15,0,0,0,NA,2000-01-01,2006-12-31,H3260_v1_0
111580,184931,233174,2004-04-01,0.57,3.23,0.11,NA,2000-01-01,2006-12-31,H3260_v1_0
45938,206821,205572,2004-04-06,0.35,0.65,0.07,NA,2000-01-01,2006-12-31,H3260_v1_0
123717,198919,214642,2004-04-08,0,0.8,0.04,NA,2000-01-01,2006-12-31,H3260_v1_0
218803,250356,161314,2008-03-04,0.307,7.94,0.126,NA,2008-01-01,2009-12-31,H3260_v1_3
114575,228740,179160,2008-03-10,0.276,0.604,0,NA,2008-01-01,2009-12-31,H3260_v1_3
144658,222498,199266,2007-03-14,NA,14.3,NA,NA,2007-01-01,2007-12-31,H3260_v1_2
238572,223886,213548,2007-03-14,0.35,7.61,0.079,NA,2007-01-01,2007-12-31,H3260_v1_2
123478,178983,208404,2007-03-19,0.955,1.98,0.122,NA,2007-01-01,2007-12-31,H3260_v1_2
224975,210560,206194,2007-03-21,0,1.32,0.106,NA,2007-01-01,2007-12-31,H3260_v1_2
206652,203131,209305,2007-03-21,0.862,1.44,0.135,NA,2007-01-01,2007-12-31,H3260_v1_2
123559,185896,209550,2008-05-05,0.228,0.989,0,NA,2008-01-01,2009-12-31,H3260_v1_3
103391,189477,197117,2008-05-13,0.605,0.598,0.235,NA,2008-01-01,2009-12-31,H3260_v1_3
249683,208625,203839,2008-05-14,0.294,1.78,0,NA,2008-01-01,2009-12-31,H3260_v1_3
255415,228750,210246,2007-03-15,1.47,10.5,0,NA,2007-01-01,2007-12-31,H3260_v1_2
114575,228740,179160,2007-03-19,0.312,0.832,0,NA,2007-01-01,2007-12-31,H3260_v1_2
218390,232321,177163,2007-03-20,0,2.15,0,NA,2007-01-01,2007-12-31,H3260_v1_2
111617,186904,232114,2007-03-22,NA,3.63,NA,NA,2007-01-01,2007-12-31,H3260_v1_2
47686,179707,243397,2007-04-04,0.356,6.65,0.071,NA,2007-01-01,2007-12-31,H3260_v1_2
38434,200014,218405,2007-03-28,0.43,1.5,0.02,NA,2007-01-01,2007-12-31,H3260_v1_2
84207,151545,223322,2007-03-28,0.45,0.89,0,NA,2007-01-01,2007-12-31,H3260_v1_2
103391,189477,197117,2007-06-06,0,1.07,0.121,NA,2007-01-01,2007-12-31,H3260_v1_2
38402,197860,216731,2007-06-12,2.22,2.53,0.268,NA,2007-01-01,2007-12-31,H3260_v1_2
123559,185896,209550,2007-06-14,0,1.61,0,NA,2007-01-01,2007-12-31,H3260_v1_2
221004,245672,183550,2007-04-10,1.55,5.13,0.224,NA,2007-01-01,2007-12-31,H3260_v1_2
144658,222498,199266,2007-04-11,NA,13.3,NA,NA,2007-01-01,2007-12-31,H3260_v1_2
238572,223886,213548,2007-04-11,0.254,5.73,0.096,NA,2007-01-01,2007-12-31,H3260_v1_2
255415,228750,210246,2007-04-17,0,8.79,0,NA,2007-01-01,2007-12-31,H3260_v1_2
218390,232321,177163,2007-04-18,0,2.47,0,NA,2007-01-01,2007-12-31,H3260_v1_2
259130,199929,215582,2007-04-12,0,1.01,0,NA,2007-01-01,2007-12-31,H3260_v1_2
123478,178983,208404,2007-04-16,0,1.01,0,NA,2007-01-01,2007-12-31,H3260_v1_2
224975,210560,206194,2007-04-18,0,0.778,0,NA,2007-01-01,2007-12-31,H3260_v1_2
206652,203131,209305,2007-04-18,0,1.58,0,NA,2007-01-01,2007-12-31,H3260_v1_2
114575,228740,179160,2007-04-25,0.405,0.884,0,NA,2007-01-01,2007-12-31,H3260_v1_2
255415,228750,210246,2007-05-03,0,7.74,0,NA,2007-01-01,2007-12-31,H3260_v1_2
103391,189477,197117,2008-08-07,0.142,1.23,0.286,NA,2008-01-01,2009-12-31,H3260_v1_3
212371,244877,161556,2008-08-18,0,6.34,0.213,NA,2008-01-01,2009-12-31,H3260_v1_3
221004,245672,183550,2007-05-08,3.03,0.686,0.634,NA,2007-01-01,2007-12-31,H3260_v1_2
238572,223886,213548,2007-05-09,0.484,4.05,0.104,NA,2007-01-01,2007-12-31,H3260_v1_2
144658,222498,199266,2007-05-09,NA,12.2,NA,NA,2007-01-01,2007-12-31,H3260_v1_2
47686,179707,243397,2007-05-08,1.31,2.03,0.091,NA,2007-01-01,2007-12-31,H3260_v1_2
204986,244766,184401,2008-08-26,1.24,1.69,0.149,NA,2008-01-01,2009-12-31,H3260_v1_3
38402,197860,216731,2008-08-13,0,0.492,0,NA,2008-01-01,2009-12-31,H3260_v1_3
123559,185896,209550,2008-08-14,0.139,1.33,0.082,NA,2008-01-01,2009-12-31,H3260_v1_3
249683,208625,203839,2008-08-18,0.462,0.93,0.098,NA,2008-01-01,2009-12-31,H3260_v1_3
114575,228740,179160,2007-05-21,0,0.27,0,NA,2007-01-01,2007-12-31,H3260_v1_2
259130,199929,215582,2007-05-14,0,1.51,0,NA,2007-01-01,2007-12-31,H3260_v1_2
123478,178983,208404,2007-05-15,0.332,1.17,0,NA,2007-01-01,2007-12-31,H3260_v1_2
224975,210560,206194,2007-05-16,0.635,0.768,0,NA,2007-01-01,2007-12-31,H3260_v1_2
206652,203131,209305,2007-05-16,0.557,1.06,0.072,NA,2007-01-01,2007-12-31,H3260_v1_2
218390,232321,177163,2007-05-29,0.227,1.68,0,NA,2007-01-01,2007-12-31,H3260_v1_2
241552,230674,203278,2008-09-11,0.848,6.56,0,NA,2008-01-01,2009-12-31,H3260_v1_3
241434,238265,208445,2008-09-11,0.104,5.31,0,NA,2008-01-01,2009-12-31,H3260_v1_3
103391,189477,197117,2008-09-04,0,1.15,0.196,NA,2008-01-01,2009-12-31,H3260_v1_3
221004,245672,183550,2007-06-05,0.701,1.54,0.294,NA,2007-01-01,2007-12-31,H3260_v1_2
255415,228750,210246,2007-06-07,0,6.98,0,NA,2007-01-01,2007-12-31,H3260_v1_2
144658,222498,199266,2007-06-11,NA,7.57,NA,NA,2007-01-01,2007-12-31,H3260_v1_2
238572,223886,213548,2007-06-11,0.469,3.86,0.13,NA,2007-01-01,2007-12-31,H3260_v1_2
47686,179707,243397,2007-06-06,0,2.58,0,NA,2007-01-01,2007-12-31,H3260_v1_2
38402,197860,216731,2008-09-10,0,0.296,0,NA,2008-01-01,2009-12-31,H3260_v1_3
212371,244877,161556,2008-09-15,0,6.07,0.317,NA,2008-01-01,2009-12-31,H3260_v1_3
204986,244766,184401,2008-09-23,0.63,0.902,0,NA,2008-01-01,2009-12-31,H3260_v1_3
123559,185896,209550,2008-09-15,0.104,1.02,0,NA,2008-01-01,2009-12-31,H3260_v1_3
259130,199929,215582,2007-06-12,0.38,1.32,0,NA,2007-01-01,2007-12-31,H3260_v1_2
123478,178983,208404,2007-06-14,0,1.71,0,NA,2007-01-01,2007-12-31,H3260_v1_2
218390,232321,177163,2007-06-26,0.24,1.75,0,NA,2007-01-01,2007-12-31,H3260_v1_2
114575,228740,179160,2007-06-26,0,0.239,0,NA,2007-01-01,2007-12-31,H3260_v1_2
144658,222498,199266,2007-07-02,NA,11.6,NA,NA,2007-01-01,2007-12-31,H3260_v1_2
238572,223886,213548,2007-07-02,0.933,4.69,0.104,NA,2007-01-01,2007-12-31,H3260_v1_2
224975,210560,206194,2008-08-04,0.153,1.3,0.132,NA,2008-01-01,2009-12-31,H3260_v1_3
249683,208625,203839,2008-09-17,0,1.68,0,NA,2008-01-01,2009-12-31,H3260_v1_3
241552,230674,203278,2008-10-02,0.322,4.88,0.093,NA,2008-01-01,2009-12-31,H3260_v1_3
241434,238265,208445,2008-10-02,0.255,3.58,0.091,NA,2008-01-01,2009-12-31,H3260_v1_3
103391,189477,197117,2008-10-06,0.221,0.995,0.165,NA,2008-01-01,2009-12-31,H3260_v1_3
47686,179707,243397,2008-08-12,0,5.6,0,NA,2008-01-01,2009-12-31,H3260_v1_3
144658,222498,199266,2008-08-12,NA,11.4,NA,NA,2008-01-01,2009-12-31,H3260_v1_3
238572,223886,213548,2008-08-12,0.171,6.38,0.089,NA,2008-01-01,2009-12-31,H3260_v1_3
218803,250356,161314,2008-08-18,0,8.64,0.09,NA,2008-01-01,2009-12-31,H3260_v1_3
255415,228750,210246,2008-08-20,0,6.49,0,NA,2008-01-01,2009-12-31,H3260_v1_3
221004,245672,183550,2008-08-26,0.586,3.58,0.169,NA,2008-01-01,2009-12-31,H3260_v1_3
38434,200014,218405,2008-08-13,0,0.43,0,NA,2008-01-01,2009-12-31,H3260_v1_3
123478,178983,208404,2008-08-14,0,1.41,0.076,NA,2008-01-01,2009-12-31,H3260_v1_3
38402,197860,216731,2008-10-09,0,0.618,0,NA,2008-01-01,2009-12-31,H3260_v1_3
212371,244877,161556,2008-10-20,0.108,5.19,0.288,NA,2008-01-01,2009-12-31,H3260_v1_3
204986,244766,184401,2008-10-21,1.1,0.705,0.132,NA,2008-01-01,2009-12-31,H3260_v1_3
123559,185896,209550,2008-10-14,0.228,1.11,0.16,NA,2008-01-01,2009-12-31,H3260_v1_3
123530,183551,208274,2004-04-08,1.31,1.46,0.06,NA,2000-01-01,2006-12-31,H3260_v1_0
111580,184931,233174,2004-05-03,0.57,3.18,0.06,NA,2000-01-01,2006-12-31,H3260_v1_0
45938,206821,205572,2004-05-06,0.17,0.47,0,NA,2000-01-01,2006-12-31,H3260_v1_0
123717,198919,214642,2004-05-07,0.2,1.66,0.06,NA,2000-01-01,2006-12-31,H3260_v1_0
206652,203131,209305,2008-08-18,0,1.26,0,NA,2008-01-01,2009-12-31,H3260_v1_3
114575,228740,179160,2008-09-01,0.172,0.111,0,NA,2008-01-01,2009-12-31,H3260_v1_3
218390,232321,177163,2008-09-01,0,1.78,0,NA,2008-01-01,2009-12-31,H3260_v1_3
255415,228750,210246,2008-09-08,0,6.13,0,NA,2008-01-01,2009-12-31,H3260_v1_3
144658,222498,199266,2008-09-09,NA,12.6,NA,NA,2008-01-01,2009-12-31,H3260_v1_3
238572,223886,213548,2008-09-09,0.146,5.98,0.077,NA,2008-01-01,2009-12-31,H3260_v1_3
249683,208625,203839,2008-10-16,0.105,1.58,0,NA,2008-01-01,2009-12-31,H3260_v1_3
103391,189477,197117,2008-11-05,1.1,0,0.242,NA,2008-01-01,2009-12-31,H3260_v1_3
241552,230674,203278,2008-11-06,1.1,5.93,0,NA,2008-01-01,2009-12-31,H3260_v1_3
241434,238265,208445,2008-11-06,0.167,5.06,0.075,NA,2008-01-01,2009-12-31,H3260_v1_3
47686,179707,243397,2008-09-09,0,2.79,0,NA,2008-01-01,2009-12-31,H3260_v1_3
38434,200014,218405,2008-09-10,0,0.373,0,NA,2008-01-01,2009-12-31,H3260_v1_3
218803,250356,161314,2008-09-15,0.129,8.75,0.109,NA,2008-01-01,2009-12-31,H3260_v1_3
221004,245672,183550,2008-09-23,0.651,4.78,0.178,NA,2008-01-01,2009-12-31,H3260_v1_3
123478,178983,208404,2008-09-15,0,1.14,0,NA,2008-01-01,2009-12-31,H3260_v1_3
224975,210560,206194,2008-09-16,0,1.93,0.1,NA,2008-01-01,2009-12-31,H3260_v1_3
212371,244877,161556,2008-11-12,0.107,4.64,0.195,NA,2008-01-01,2009-12-31,H3260_v1_3
123559,185896,209550,2008-11-13,4.33,1.08,0.223,NA,2008-01-01,2009-12-31,H3260_v1_3
204986,244766,184401,2008-11-18,0.508,1.21,0,NA,2008-01-01,2009-12-31,H3260_v1_3
249683,208625,203839,2008-11-17,0.197,1.65,0,NA,2008-01-01,2009-12-31,H3260_v1_3
206652,203131,209305,2008-09-17,0,1.36,0,NA,2008-01-01,2009-12-31,H3260_v1_3
114575,228740,179160,2008-10-01,0.12,0.341,0,NA,2008-01-01,2009-12-31,H3260_v1_3
218390,232321,177163,2008-10-01,0.347,1.61,0,NA,2008-01-01,2009-12-31,H3260_v1_3
47686,179707,243397,2008-10-07,0,3.75,0.109,NA,2008-01-01,2009-12-31,H3260_v1_3
38402,197860,216731,2008-11-18,0.139,0.879,0,NA,2008-01-01,2009-12-31,H3260_v1_3
103391,189477,197117,2008-12-03,1.04,0.267,0.25,NA,2008-01-01,2009-12-31,H3260_v1_3
249683,208625,203839,2008-12-08,0.221,2.21,0,NA,2008-01-01,2009-12-31,H3260_v1_3
38402,197860,216731,2008-12-09,0.297,1.33,0,NA,2008-01-01,2009-12-31,H3260_v1_3
123530,183551,208274,2004-05-07,0.26,1.04,0,NA,2000-01-01,2006-12-31,H3260_v1_0
111580,184931,233174,2004-06-02,1.01,1.16,0.17,NA,2000-01-01,2006-12-31,H3260_v1_0
45938,206821,205572,2004-06-04,0,0.43,0.07,NA,2000-01-01,2006-12-31,H3260_v1_0
123717,198919,214642,2004-06-07,0,0.58,0,NA,2000-01-01,2006-12-31,H3260_v1_0
123530,183551,208274,2004-06-07,0.17,0.83,0.07,NA,2000-01-01,2006-12-31,H3260_v1_0
111580,184931,233174,2004-07-01,0.25,1.11,0.09,NA,2000-01-01,2006-12-31,H3260_v1_0
45938,206821,205572,2004-07-05,0.18,0.42,0.07,NA,2000-01-01,2006-12-31,H3260_v1_0
123717,198919,214642,2004-07-06,0,0.5,0.06,NA,2000-01-01,2006-12-31,H3260_v1_0
123530,183551,208274,2004-07-06,0.32,0.72,0,NA,2000-01-01,2006-12-31,H3260_v1_0
45938,206821,205572,2004-08-02,0,0,0,NA,2000-01-01,2006-12-31,H3260_v1_0
123530,183551,208274,2004-08-03,0,0.91,0.13,NA,2000-01-01,2006-12-31,H3260_v1_0
123717,198919,214642,2004-08-03,0.18,0.86,0.18,NA,2000-01-01,2006-12-31,H3260_v1_0
111580,184931,233174,2004-08-12,0.21,1.67,0.16,NA,2000-01-01,2006-12-31,H3260_v1_0
45938,206821,205572,2004-09-01,0,0.47,0.05,NA,2000-01-01,2006-12-31,H3260_v1_0
123530,183551,208274,2004-09-02,0,0.98,0.1,NA,2000-01-01,2006-12-31,H3260_v1_0
123717,198919,214642,2004-09-02,0,0.71,0.07,NA,2000-01-01,2006-12-31,H3260_v1_0
111580,184931,233174,2004-09-13,0,1.04,0.1,NA,2000-01-01,2006-12-31,H3260_v1_0
45938,206821,205572,2004-10-01,0,0.54,0.09,NA,2000-01-01,2006-12-31,H3260_v1_0
123717,198919,214642,2004-10-04,0,1.22,0.09,NA,2000-01-01,2006-12-31,H3260_v1_0
123530,183551,208274,2004-10-04,0,1.14,0.07,NA,2000-01-01,2006-12-31,H3260_v1_0
111580,184931,233174,2004-10-13,0,1.64,0.07,NA,2000-01-01,2006-12-31,H3260_v1_0
45938,206821,205572,2004-09-27,0.4,0,0.02,NA,2000-01-01,2006-12-31,H3260_v1_0
45938,206821,205572,2004-11-02,0.28,0.32,0,NA,2000-01-01,2006-12-31,H3260_v1_0
123717,198919,214642,2004-11-03,0.22,0.94,0.075,NA,2000-01-01,2006-12-31,H3260_v1_0
123530,183551,208274,2004-11-03,0.3,1.25,0,NA,2000-01-01,2006-12-31,H3260_v1_0
111580,184931,233174,2004-11-08,0,1.85,0,NA,2000-01-01,2006-12-31,H3260_v1_0
45938,206821,205572,2004-12-01,0.47,0.57,0.07,NA,2000-01-01,2006-12-31,H3260_v1_0
123717,198919,214642,2004-12-02,0,1.17,0.116,NA,2000-01-01,2006-12-31,H3260_v1_0
123530,183551,208274,2004-12-02,0.57,1.67,0.084,NA,2000-01-01,2006-12-31,H3260_v1_0
111580,184931,233174,2004-12-07,0.83,3.9,0.108,NA,2000-01-01,2006-12-31,H3260_v1_0
111580,184931,233174,2005-01-13,0.69,6.07,0.162,NA,2000-01-01,2006-12-31,H3260_v1_0
123717,198919,214642,2005-01-13,0.24,1.21,0.144,NA,2000-01-01,2006-12-31,H3260_v1_0
123530,183551,208274,2005-01-13,0.69,1.68,0.148,NA,2000-01-01,2006-12-31,H3260_v1_0
255316,228451,217921,2005-01-17,0,3.26,0.1,NA,2000-01-01,2006-12-31,H3260_v1_0
238570,223718,213525,2005-01-18,1.98,5.97,0.293,NA,2000-01-01,2006-12-31,H3260_v1_0
45938,206821,205572,2005-01-17,0.39,0.53,0.15,NA,2000-01-01,2006-12-31,H3260_v1_0
45938,206821,205572,2005-01-18,0.65,0,0.04,NA,2000-01-01,2006-12-31,H3260_v1_0
241605,230272,199364,2005-02-08,0.55,8.57,0,NA,2000-01-01,2006-12-31,H3260_v1_0
255316,228451,217921,2005-02-14,0.2,3.85,0.115,NA,2000-01-01,2006-12-31,H3260_v1_0
238570,223718,213525,2005-02-15,0.27,5.99,0.141,NA,2000-01-01,2006-12-31,H3260_v1_0
111580,184931,233174,2005-02-08,0.78,5.34,0.101,NA,2000-01-01,2006-12-31,H3260_v1_0
123530,183551,208274,2005-02-10,0.66,1.62,0.129,NA,2000-01-01,2006-12-31,H3260_v1_0
123717,198919,214642,2005-02-10,0.42,1.1,0.199,NA,2000-01-01,2006-12-31,H3260_v1_0
38434,200014,218405,2008-10-09,0,0.477,0,NA,2008-01-01,2009-12-31,H3260_v1_3
144658,222498,199266,2008-10-07,NA,7.81,NA,NA,2008-01-01,2009-12-31,H3260_v1_3
238572,223886,213548,2008-10-07,0.151,3.25,0.117,NA,2008-01-01,2009-12-31,H3260_v1_3
218390,232321,177163,2007-07-18,0.236,1.66,0.074,NA,2007-01-01,2007-12-31,H3260_v1_2
224975,210560,206194,2007-07-16,0,0.843,0.086,NA,2007-01-01,2007-12-31,H3260_v1_2
206652,203131,209305,2007-07-16,0,1.17,0,NA,2007-01-01,2007-12-31,H3260_v1_2
123559,185896,209550,2008-12-12,0.724,1.44,0.088,NA,2008-01-01,2009-12-31,H3260_v1_3
212371,244877,161556,2008-12-15,0.199,6.3,0.129,NA,2008-01-01,2009-12-31,H3260_v1_3
204986,244766,184401,2008-12-16,0.513,0.473,0,NA,2008-01-01,2009-12-31,H3260_v1_3
241552,230674,203278,2008-12-11,0.868,7.13,0,NA,2008-01-01,2009-12-31,H3260_v1_3
241434,238265,208445,2008-12-11,0.411,5.71,0,NA,2008-01-01,2009-12-31,H3260_v1_3
123574,187346,210000,2007-09-10,0,1.08,0,NA,2007-01-01,2007-12-31,H3260_v1_2
238759,225609,198258,2007-09-10,NA,11.8,NA,NA,2007-01-01,2007-12-31,H3260_v1_2
238515,223950,218080,2007-09-10,0.22,4.1,0.07,NA,2007-01-01,2007-12-31,H3260_v1_2
213836,241452,197091,2007-09-11,1.98,3.17,0.257,NA,2007-01-01,2007-12-31,H3260_v1_2
47686,179707,243397,2007-08-06,0,4.65,0,NA,2007-01-01,2007-12-31,H3260_v1_2
144658,222498,199266,2007-07-31,NA,8.05,NA,NA,2007-01-01,2007-12-31,H3260_v1_2
238572,223886,213548,2007-07-31,0.369,4.24,0.15,NA,2007-01-01,2007-12-31,H3260_v1_2
255415,228750,210246,2007-08-01,0,6.81,0,NA,2007-01-01,2007-12-31,H3260_v1_2
114575,228740,179160,2007-08-07,0,0.11,0,NA,2007-01-01,2007-12-31,H3260_v1_2
38402,197860,216731,2007-10-11,0,0.634,0,NA,2007-01-01,2007-12-31,H3260_v1_2
249683,208625,203839,2007-10-15,0,1.44,0,NA,2007-01-01,2007-12-31,H3260_v1_2
241434,238265,208445,2007-11-05,0.158,4.9,0,NA,2007-01-01,2007-12-31,H3260_v1_2
103391,189477,197117,2007-11-07,1.4,0,0.268,NA,2007-01-01,2007-12-31,H3260_v1_2
123559,185896,209550,2007-11-08,0.532,1.2,0,NA,2007-01-01,2007-12-31,H3260_v1_2
213836,241452,197091,2007-10-01,0,3.21,0.145,NA,2007-01-01,2007-12-31,H3260_v1_2
238759,225609,198258,2007-10-09,NA,13.2,NA,NA,2007-01-01,2007-12-31,H3260_v1_2
238515,223950,218080,2007-10-09,0,3.7,0.05,NA,2007-01-01,2007-12-31,H3260_v1_2
123574,187346,210000,2007-10-10,0,1.12,0.123,NA,2007-01-01,2007-12-31,H3260_v1_2
218390,232321,177163,2007-08-16,0,2,0,NA,2007-01-01,2007-12-31,H3260_v1_2
221004,245672,183550,2007-08-28,0.379,3.74,0.22,NA,2007-01-01,2007-12-31,H3260_v1_2
123478,178983,208404,2007-08-10,0.43,1.41,0.129,NA,2007-01-01,2007-12-31,H3260_v1_2
224975,210560,206194,2007-08-14,0,0.85,0.105,NA,2007-01-01,2007-12-31,H3260_v1_2
206652,203131,209305,2007-08-14,0,1.19,0,NA,2007-01-01,2007-12-31,H3260_v1_2
259130,199929,215582,2007-08-21,0,1,0,NA,2007-01-01,2007-12-31,H3260_v1_2
47591,246700,206562,2007-11-08,1.91,0.882,0.19,NA,2007-01-01,2007-12-31,H3260_v1_2
212371,244877,161556,2007-11-14,0,5.09,0.175,NA,2007-01-01,2007-12-31,H3260_v1_2
249683,208625,203839,2007-11-14,0.116,2.45,0,NA,2007-01-01,2007-12-31,H3260_v1_2
213836,241452,197091,2007-11-05,0.13,3.36,0,NA,2007-01-01,2007-12-31,H3260_v1_2
238759,225609,198258,2007-11-06,NA,12.8,NA,NA,2007-01-01,2007-12-31,H3260_v1_2
123574,187346,210000,2007-11-08,0.463,1.26,0,NA,2007-01-01,2007-12-31,H3260_v1_2
238515,223950,218080,2007-11-06,0.43,3.6,0.07,NA,2007-01-01,2007-12-31,H3260_v1_2
47686,179707,243397,2007-09-05,0,2.42,0,NA,2007-01-01,2007-12-31,H3260_v1_2
123478,178983,208404,2007-09-10,0,1.06,0,NA,2007-01-01,2007-12-31,H3260_v1_2
255415,228750,210246,2007-09-04,0,7.09,0,NA,2007-01-01,2007-12-31,H3260_v1_2
144658,222498,199266,2007-09-10,NA,12.5,NA,NA,2007-01-01,2007-12-31,H3260_v1_2
238572,223886,213548,2007-09-10,0,5.8,0,NA,2007-01-01,2007-12-31,H3260_v1_2
213836,241452,197091,2007-12-03,0.319,2.27,0,NA,2007-01-01,2007-12-31,H3260_v1_2
238759,225609,198258,2007-12-05,NA,15,NA,NA,2007-01-01,2007-12-31,H3260_v1_2
238515,223950,218080,2007-12-05,1.1,3.7,0.08,NA,2007-01-01,2007-12-31,H3260_v1_2
47591,246700,206562,2007-11-29,1.36,0.644,0.265,NA,2007-01-01,2007-12-31,H3260_v1_2
38402,197860,216731,2007-11-20,0.145,1.14,0,NA,2007-01-01,2007-12-31,H3260_v1_2
241434,238265,208445,2007-12-03,0.459,3.77,0,NA,2007-01-01,2007-12-31,H3260_v1_2
212371,244877,161556,2007-12-11,0,6.02,0.149,NA,2007-01-01,2007-12-31,H3260_v1_2
114575,228740,179160,2007-09-24,0,0.204,0,NA,2007-01-01,2007-12-31,H3260_v1_2
218390,232321,177163,2007-09-25,0,2,0,NA,2007-01-01,2007-12-31,H3260_v1_2
259130,199929,215582,2007-09-12,0,0.845,0,NA,2007-01-01,2007-12-31,H3260_v1_2
224975,210560,206194,2007-09-13,0,0.891,0.086,NA,2007-01-01,2007-12-31,H3260_v1_2
206652,203131,209305,2007-09-13,0,1.25,0,NA,2007-01-01,2007-12-31,H3260_v1_2
123574,187346,210000,2007-12-10,0.733,2.39,0.146,NA,2007-01-01,2007-12-31,H3260_v1_2
213836,241452,197091,2008-01-08,0.119,3.81,0.073,NA,2008-01-01,2009-12-31,H3260_v1_3
123574,187346,210000,2008-01-08,0.741,1.8,0,NA,2008-01-01,2009-12-31,H3260_v1_3
5572,154668,226184,2009-02-26,0.124,0,0,NA,2008-01-01,2009-12-31,H3260_v1_3
238515,223950,218080,2009-03-04,0.21,4,0.06,NA,2008-01-01,2009-12-31,H3260_v1_3
204986,244766,184401,2007-12-11,1.1,2.38,0.152,NA,2007-01-01,2007-12-31,H3260_v1_2
124176,204796,204545,2007-11-26,0.4,1.2,0.03,NA,2007-01-01,2007-12-31,H3260_v1_2
103391,189477,197117,2007-12-05,0.552,0.816,0.147,NA,2007-01-01,2007-12-31,H3260_v1_2
123559,185896,209550,2007-12-10,0.814,2.4,0.149,NA,2007-01-01,2007-12-31,H3260_v1_2
221004,245672,183550,2007-09-25,0.383,3.02,0.311,NA,2007-01-01,2007-12-31,H3260_v1_2
47686,179707,243397,2007-10-03,0,2.97,0,NA,2007-01-01,2007-12-31,H3260_v1_2
255415,228750,210246,2007-10-02,0.241,3.3,0.137,NA,2007-01-01,2007-12-31,H3260_v1_2
144658,222498,199266,2007-10-09,NA,12.9,NA,NA,2007-01-01,2007-12-31,H3260_v1_2
238572,223886,213548,2007-10-09,0,5.27,0.094,NA,2007-01-01,2007-12-31,H3260_v1_2
238759,225609,198258,2009-03-03,NA,15.4,NA,NA,2008-01-01,2009-12-31,H3260_v1_3
213836,241452,197091,2009-03-17,0.104,3.38,0.065,NA,2008-01-01,2009-12-31,H3260_v1_3
123574,187346,210000,2009-03-16,0.42,1.34,0.084,NA,2008-01-01,2009-12-31,H3260_v1_3
5572,154668,226184,2009-03-25,0,0,0,NA,2008-01-01,2009-12-31,H3260_v1_3
38402,197860,216731,2007-12-11,0.199,1.84,0.164,NA,2007-01-01,2007-12-31,H3260_v1_2
249683,208625,203839,2007-12-13,0.257,2.47,0,NA,2007-01-01,2007-12-31,H3260_v1_2
123559,185896,209550,2008-01-08,0.837,1.76,0,NA,2008-01-01,2009-12-31,H3260_v1_3
221004,245672,183550,2007-10-23,1.46,3.91,0.358,NA,2007-01-01,2007-12-31,H3260_v1_2
123478,178983,208404,2007-10-10,0.231,1.51,0.08,NA,2007-01-01,2007-12-31,H3260_v1_2
259130,199929,215582,2007-10-11,0,1.07,0,NA,2007-01-01,2007-12-31,H3260_v1_2
114575,228740,179160,2007-10-16,0,0.149,0.151,NA,2007-01-01,2007-12-31,H3260_v1_2
224975,210560,206194,2007-10-15,0,0.593,0.116,NA,2007-01-01,2007-12-31,H3260_v1_2
206652,203131,209305,2007-10-15,0,1.33,0.08,NA,2007-01-01,2007-12-31,H3260_v1_2
238515,223950,218080,2009-04-01,0.22,3.3,0.04,NA,2008-01-01,2009-12-31,H3260_v1_3
238759,225609,198258,2009-04-01,NA,14,NA,NA,2008-01-01,2009-12-31,H3260_v1_3
123574,187346,210000,2009-04-16,0.194,0.611,0.043,NA,2008-01-01,2009-12-31,H3260_v1_3
213836,241452,197091,2009-04-20,0.124,2.64,0.068,NA,2008-01-01,2009-12-31,H3260_v1_3
218390,232321,177163,2007-10-17,0.189,1.89,0,NA,2007-01-01,2007-12-31,H3260_v1_2
144658,222498,199266,2007-11-06,NA,10.5,NA,NA,2007-01-01,2007-12-31,H3260_v1_2
47686,179707,243397,2007-11-07,0.244,2.52,0,NA,2007-01-01,2007-12-31,H3260_v1_2
123478,178983,208404,2007-11-08,0.539,1.44,0,NA,2007-01-01,2007-12-31,H3260_v1_2
38402,197860,216731,2009-02-17,0.338,1.79,0.108,NA,2008-01-01,2009-12-31,H3260_v1_3
212371,244877,161556,2009-03-02,0.325,6.81,0.165,NA,2008-01-01,2009-12-31,H3260_v1_3
204986,244766,184401,2009-03-11,2.53,0.355,0.094,NA,2008-01-01,2009-12-31,H3260_v1_3
103391,189477,197117,2009-03-05,1,0.24,0.173,NA,2008-01-01,2009-12-31,H3260_v1_3
5572,154668,226184,2009-04-28,0,0,0,NA,2008-01-01,2009-12-31,H3260_v1_3
123574,187346,210000,2009-05-13,0.546,0.893,0.049,NA,2008-01-01,2009-12-31,H3260_v1_3
238759,225609,198258,2009-05-11,NA,10.3,NA,NA,2008-01-01,2009-12-31,H3260_v1_3
238515,223950,218080,2009-05-11,0,3.6,0.13,NA,2008-01-01,2009-12-31,H3260_v1_3
238572,223886,213548,2007-11-06,0.123,4.26,0,NA,2007-01-01,2007-12-31,H3260_v1_2
255415,228750,210246,2007-11-08,0,6.63,0,NA,2007-01-01,2007-12-31,H3260_v1_2
221004,245672,183550,2007-11-20,1.77,4.78,0.223,NA,2007-01-01,2007-12-31,H3260_v1_2
114575,228740,179160,2007-11-19,0.233,0.488,0,NA,2007-01-01,2007-12-31,H3260_v1_2
218390,232321,177163,2007-11-20,0.16,2.3,0,NA,2007-01-01,2007-12-31,H3260_v1_2
224975,210560,206194,2007-11-14,0.175,1.01,0,NA,2007-01-01,2007-12-31,H3260_v1_2
206652,203131,209305,2007-11-14,0.271,1.17,0,NA,2007-01-01,2007-12-31,H3260_v1_2
249683,208625,203839,2009-03-09,0.367,2.06,0,NA,2008-01-01,2009-12-31,H3260_v1_3
241552,230674,203278,2009-03-17,0.791,8.12,0.073,NA,2008-01-01,2009-12-31,H3260_v1_3
124176,204796,204545,2009-03-16,0.18,1.2,0.03,NA,2008-01-01,2009-12-31,H3260_v1_3
123559,185896,209550,2009-03-16,0.428,1.25,0.09,NA,2008-01-01,2009-12-31,H3260_v1_3
213836,241452,197091,2009-05-18,0.182,2.57,0.062,NA,2008-01-01,2009-12-31,H3260_v1_3
5572,154668,226184,2009-05-26,0,0,0,NA,2008-01-01,2009-12-31,H3260_v1_3
238515,223950,218080,2009-06-03,0,4.6,0.09,NA,2008-01-01,2009-12-31,H3260_v1_3
238759,225609,198258,2009-06-03,NA,7.82,NA,NA,2008-01-01,2009-12-31,H3260_v1_3
255415,228750,210246,2007-11-29,0.178,7.15,0,NA,2007-01-01,2007-12-31,H3260_v1_2
259130,199929,215582,2007-11-20,0,1.38,0,NA,2007-01-01,2007-12-31,H3260_v1_2
144658,222498,199266,2007-11-13,1.5,11,0.08,NA,2007-01-01,2007-12-31,H3260_v1_2
213836,241452,197091,2009-06-15,0.131,2.7,0.026,NA,2008-01-01,2009-12-31,H3260_v1_3
123574,187346,210000,2009-06-15,0.181,1.28,0.049,NA,2008-01-01,2009-12-31,H3260_v1_3
5572,154668,226184,2009-06-24,0.515,0.186,0,NA,2008-01-01,2009-12-31,H3260_v1_3
238515,223950,218080,2009-07-08,1.8,2.4,0.35,NA,2008-01-01,2009-12-31,H3260_v1_3
38402,197860,216731,2009-03-17,0.297,0.941,0.06,NA,2008-01-01,2009-12-31,H3260_v1_3
103391,189477,197117,2009-04-02,0.55,0.351,0.221,NA,2008-01-01,2009-12-31,H3260_v1_3
249683,208625,203839,2009-04-08,0.268,1.74,0.029,NA,2008-01-01,2009-12-31,H3260_v1_3
114575,228740,179160,2007-12-04,0.145,0.625,0,NA,2007-01-01,2007-12-31,H3260_v1_2
144658,222498,199266,2007-12-05,NA,12,NA,NA,2007-01-01,2007-12-31,H3260_v1_2
238572,223886,213548,2007-12-05,0.226,5.28,0.073,NA,2007-01-01,2007-12-31,H3260_v1_2
84207,151545,223322,2007-11-20,0.57,0.89,0,NA,2007-01-01,2007-12-31,H3260_v1_2
221004,245672,183550,2007-12-11,0.967,3.21,0.226,NA,2007-01-01,2007-12-31,H3260_v1_2
111617,186904,232114,2007-11-26,0.87,2.6,0.03,NA,2007-01-01,2007-12-31,H3260_v1_2
38434,200014,218405,2007-11-26,0.38,1.9,0.05,NA,2007-01-01,2007-12-31,H3260_v1_2
238759,225609,198258,2009-07-08,NA,4.74,NA,NA,2008-01-01,2009-12-31,H3260_v1_3
213836,241452,197091,2009-07-13,0.254,2.11,0.078,NA,2008-01-01,2009-12-31,H3260_v1_3
123574,187346,210000,2009-07-16,0,0.883,0.042,NA,2008-01-01,2009-12-31,H3260_v1_3
5572,154668,226184,2009-07-28,0,0,0,NA,2008-01-01,2009-12-31,H3260_v1_3
238759,225609,198258,2009-08-03,NA,6.59,NA,NA,2008-01-01,2009-12-31,H3260_v1_3
123559,185896,209550,2009-04-16,0.267,0.624,0.036,NA,2008-01-01,2009-12-31,H3260_v1_3
212371,244877,161556,2009-04-06,0,6.22,0.102,NA,2008-01-01,2009-12-31,H3260_v1_3
47686,179707,243397,2007-12-04,0.241,12.4,0.105,NA,2007-01-01,2007-12-31,H3260_v1_2
123478,178983,208404,2007-12-10,0.817,2.34,0.159,NA,2007-01-01,2007-12-31,H3260_v1_2
259130,199929,215582,2007-12-11,0.208,2.14,0,NA,2007-01-01,2007-12-31,H3260_v1_2
224975,210560,206194,2007-12-13,0.279,1.16,0.092,NA,2007-01-01,2007-12-31,H3260_v1_2
206652,203131,209305,2007-12-13,0.3,1.26,0.076,NA,2007-01-01,2007-12-31,H3260_v1_2
38402,197860,216731,2009-04-20,0,0.421,0,NA,2008-01-01,2009-12-31,H3260_v1_3
241552,230674,203278,2009-04-20,0.713,7.07,0.067,NA,2008-01-01,2009-12-31,H3260_v1_3
204986,244766,184401,2009-04-21,1.47,0.346,0.144,NA,2008-01-01,2009-12-31,H3260_v1_3
103391,189477,197117,2009-05-07,0.735,0.366,0.044,NA,2008-01-01,2009-12-31,H3260_v1_3
249683,208625,203839,2009-05-07,0.272,1.49,0,NA,2008-01-01,2009-12-31,H3260_v1_3
212371,244877,161556,2009-05-04,0,6.23,0.176,NA,2008-01-01,2009-12-31,H3260_v1_3
218390,232321,177163,2007-12-19,0.215,2.58,0,NA,2007-01-01,2007-12-31,H3260_v1_2
123478,178983,208404,2008-01-08,0.806,1.67,0.08,NA,2008-01-01,2009-12-31,H3260_v1_3
218803,250356,161314,2009-03-02,0.132,9.87,0.103,NA,2008-01-01,2009-12-31,H3260_v1_3
123559,185896,209550,2009-05-13,0.595,0.862,0.033,NA,2008-01-01,2009-12-31,H3260_v1_3
38402,197860,216731,2009-05-14,0.156,0.365,0,NA,2008-01-01,2009-12-31,H3260_v1_3
204986,244766,184401,2009-05-06,0.811,0.781,0.123,NA,2008-01-01,2009-12-31,H3260_v1_3
114575,228740,179160,2009-03-09,0.227,1.05,0,NA,2008-01-01,2009-12-31,H3260_v1_3
218390,232321,177163,2009-03-09,0.458,2.03,0.029,NA,2008-01-01,2009-12-31,H3260_v1_3
221004,245672,183550,2009-03-11,0.291,2.87,0.159,NA,2008-01-01,2009-12-31,H3260_v1_3
144658,222498,199266,2009-03-03,NA,17.4,NA,NA,2008-01-01,2009-12-31,H3260_v1_3
206652,203131,209305,2009-03-09,0.222,1.51,0.039,NA,2008-01-01,2009-12-31,H3260_v1_3
224975,210560,206194,2009-03-11,0.183,1.2,0.081,NA,2008-01-01,2009-12-31,H3260_v1_3
255415,228750,210246,2009-03-19,0,8,0.034,NA,2008-01-01,2009-12-31,H3260_v1_3
84207,151545,223322,2009-03-11,0.4,1.4,0,NA,2008-01-01,2009-12-31,H3260_v1_3
111617,186904,232114,2009-03-17,0.38,2.6,0.06,NA,2008-01-01,2009-12-31,H3260_v1_3
38434,200014,218405,2009-03-17,0,1.3,0.04,NA,2008-01-01,2009-12-31,H3260_v1_3
123478,178983,208404,2009-03-16,0.333,1.39,0.08,NA,2008-01-01,2009-12-31,H3260_v1_3
144658,222498,199266,2009-04-01,NA,15.1,NA,NA,2008-01-01,2009-12-31,H3260_v1_3
218390,232321,177163,2009-04-02,0.141,2.32,0,NA,2008-01-01,2009-12-31,H3260_v1_3
255415,228750,210246,2009-04-09,0,8.15,0,NA,2008-01-01,2009-12-31,H3260_v1_3
206652,203131,209305,2009-04-08,0.244,1.33,0.037,NA,2008-01-01,2009-12-31,H3260_v1_3
224975,210560,206194,2009-04-14,0.105,0.715,0.06,NA,2008-01-01,2009-12-31,H3260_v1_3
123478,178983,208404,2009-04-16,0.151,0.69,0.026,NA,2008-01-01,2009-12-31,H3260_v1_3
218803,250356,161314,2009-04-06,0.106,10.1,0.074,NA,2008-01-01,2009-12-31,H3260_v1_3
221004,245672,183550,2009-04-21,0.501,2.94,0.471,NA,2008-01-01,2009-12-31,H3260_v1_3
114575,228740,179160,2009-04-22,0.156,0.653,0,NA,2008-01-01,2009-12-31,H3260_v1_3
206652,203131,209305,2009-05-07,0.145,1.5,0,NA,2008-01-01,2009-12-31,H3260_v1_3
218803,250356,161314,2009-05-04,0,9.22,0.067,NA,2008-01-01,2009-12-31,H3260_v1_3
224975,210560,206194,2009-05-11,0.102,0.897,0.058,NA,2008-01-01,2009-12-31,H3260_v1_3
123478,178983,208404,2009-05-13,0.362,1.21,0,NA,2008-01-01,2009-12-31,H3260_v1_3
221004,245672,183550,2009-05-06,1.8,2.24,0.47,NA,2008-01-01,2009-12-31,H3260_v1_3
144658,222498,199266,2009-05-11,NA,14.8,NA,NA,2008-01-01,2009-12-31,H3260_v1_3
255415,228750,210246,2009-05-14,0,6.55,0,NA,2008-01-01,2009-12-31,H3260_v1_3
218390,232321,177163,2009-05-20,0.168,1.79,0.045,NA,2008-01-01,2009-12-31,H3260_v1_3
114575,228740,179160,2009-05-27,1.19,0.753,0.027,NA,2008-01-01,2009-12-31,H3260_v1_3
144658,222498,199266,2009-06-03,NA,15.4,NA,NA,2008-01-01,2009-12-31,H3260_v1_3
221004,245672,183550,2009-06-12,1.12,1.35,0.364,NA,2008-01-01,2009-12-31,H3260_v1_3
224975,210560,206194,2009-06-10,0,0.704,0.027,NA,2008-01-01,2009-12-31,H3260_v1_3
206652,203131,209305,2009-06-10,0.116,1.26,0,NA,2008-01-01,2009-12-31,H3260_v1_3
218803,250356,161314,2009-06-08,0,8.94,0.056,NA,2008-01-01,2009-12-31,H3260_v1_3
218390,232321,177163,2009-06-16,0.189,1.54,0.025,NA,2008-01-01,2009-12-31,H3260_v1_3
255415,228750,210246,2009-06-18,0,5.35,0,NA,2008-01-01,2009-12-31,H3260_v1_3
123478,178983,208404,2009-06-15,0.136,1.5,0.046,NA,2008-01-01,2009-12-31,H3260_v1_3
114575,228740,179160,2009-06-23,0.431,0.709,0.028,NA,2008-01-01,2009-12-31,H3260_v1_3
218803,250356,161314,2009-07-06,0,8.68,0.105,NA,2008-01-01,2009-12-31,H3260_v1_3
144658,222498,199266,2009-07-08,NA,13.2,NA,NA,2008-01-01,2009-12-31,H3260_v1_3
255415,228750,210246,2009-07-09,0.411,4.12,0,NA,2008-01-01,2009-12-31,H3260_v1_3
218390,232321,177163,2009-07-14,0.178,1.47,0.026,NA,2008-01-01,2009-12-31,H3260_v1_3
114575,228740,179160,2009-07-22,0.123,0.18,0,NA,2008-01-01,2009-12-31,H3260_v1_3
224975,210560,206194,2009-07-13,0.134,0.69,0.063,NA,2008-01-01,2009-12-31,H3260_v1_3
206652,203131,209305,2009-07-13,0.101,1.14,0.043,NA,2008-01-01,2009-12-31,H3260_v1_3
45938,206821,205572,2000-04-03,1.07,0.54,0.25,NA,2000-01-01,2006-12-31,H3260_v1_0
123717,198919,214642,2000-04-05,1.5,1.86,0,NA,2000-01-01,2006-12-31,H3260_v1_0
123530,183551,208274,2000-04-05,0.8,1.84,NA,NA,2000-01-01,2006-12-31,H3260_v1_0
111580,184931,233174,2000-04-26,1.31,4.46,NA,NA,2000-01-01,2006-12-31,H3260_v1_0
123478,178983,208404,2009-07-16,0,0.956,0.059,NA,2008-01-01,2009-12-31,H3260_v1_3
221004,245672,183550,2009-07-29,0.198,2.1,0.229,NA,2008-01-01,2009-12-31,H3260_v1_3
224975,210560,206194,2009-08-12,0,0.705,0.053,NA,2008-01-01,2009-12-31,H3260_v1_3
206652,203131,209305,2009-08-12,0,1.43,0.064,NA,2008-01-01,2009-12-31,H3260_v1_3
45938,206821,205572,2000-05-02,1.62,0.47,0.33,NA,2000-01-01,2006-12-31,H3260_v1_0
123717,198919,214642,2000-05-03,1.5,1.73,0,NA,2000-01-01,2006-12-31,H3260_v1_0
123530,183551,208274,2000-05-03,0.71,1.54,NA,NA,2000-01-01,2006-12-31,H3260_v1_0
144658,222498,199266,2009-08-03,NA,15.4,NA,NA,2008-01-01,2009-12-31,H3260_v1_3
255415,228750,210246,2009-08-06,0,4.1,0,NA,2008-01-01,2009-12-31,H3260_v1_3
218803,250356,161314,2009-08-10,0.149,7.84,0.103,NA,2008-01-01,2009-12-31,H3260_v1_3
218390,232321,177163,2009-08-13,1.56,1.3,0.102,NA,2008-01-01,2009-12-31,H3260_v1_3
221004,245672,183550,2009-08-17,0.394,3.04,0.238,NA,2008-01-01,2009-12-31,H3260_v1_3
111580,184931,233174,2000-12-07,0.59,4.71,NA,NA,2000-01-01,2006-12-31,H3260_v1_0
45938,206821,205572,2000-12-12,0.89,0.68,0.34,NA,2000-01-01,2006-12-31,H3260_v1_0
123717,198919,214642,2000-12-14,0.31,2.08,0,NA,2000-01-01,2006-12-31,H3260_v1_0
123530,183551,208274,2000-12-14,0.51,2.52,NA,NA,2000-01-01,2006-12-31,H3260_v1_0
111580,184931,233174,2001-03-27,0.62,4.39,NA,NA,2000-01-01,2006-12-31,H3260_v1_0
33385,183472,213552,2001-04-03,0.41,2.43,0,NA,2000-01-01,2006-12-31,H3260_v1_0
123717,198919,214642,2001-04-05,0.34,2.32,0,NA,2000-01-01,2006-12-31,H3260_v1_0
123530,183551,208274,2001-04-05,0.75,2.17,0,NA,2000-01-01,2006-12-31,H3260_v1_0
45938,206821,205572,2001-04-06,0.32,1.02,0,NA,2000-01-01,2006-12-31,H3260_v1_0
255316,228451,217921,2005-03-14,0.21,4.65,0.086,NA,2000-01-01,2006-12-31,H3260_v1_0
238570,223718,213525,2005-03-15,0.31,6.45,0.165,NA,2000-01-01,2006-12-31,H3260_v1_0
111580,184931,233174,2005-03-08,0.72,7.44,0.12,NA,2000-01-01,2006-12-31,H3260_v1_0
123530,183551,208274,2005-03-11,0.73,2.03,0.112,NA,2000-01-01,2006-12-31,H3260_v1_0
123717,198919,214642,2005-03-11,0,1.79,0.09,NA,2000-01-01,2006-12-31,H3260_v1_0
45938,206821,205572,2005-03-16,0.33,0.75,0.075,NA,2000-01-01,2006-12-31,H3260_v1_0
241605,230272,199364,2005-04-05,0,6.62,0,NA,2000-01-01,2006-12-31,H3260_v1_0
255316,228451,217921,2005-04-11,0,3.47,0,NA,2000-01-01,2006-12-31,H3260_v1_0
238570,223718,213525,2005-04-12,0,6.26,0.162,NA,2000-01-01,2006-12-31,H3260_v1_0
45938,206821,205572,2005-03-29,0.33,0.86,0.03,NA,2000-01-01,2006-12-31,H3260_v1_0
123530,183551,208274,2005-04-08,0.48,1.49,0.079,NA,2000-01-01,2006-12-31,H3260_v1_0
123717,198919,214642,2005-04-08,0,1.06,0,NA,2000-01-01,2006-12-31,H3260_v1_0
111580,184931,233174,2003-04-02,1.46,2.84,0.31,NA,2000-01-01,2006-12-31,H3260_v1_0
123717,198919,214642,2003-04-04,0.04,2.23,0,NA,2000-01-01,2006-12-31,H3260_v1_0
123530,183551,208274,2003-04-04,0.57,1.47,0,NA,2000-01-01,2006-12-31,H3260_v1_0
45938,206821,205572,2005-04-13,0.2,0.61,0.081,NA,2000-01-01,2006-12-31,H3260_v1_0
114575,228740,179160,2009-08-18,0.845,0.588,0.03,NA,2008-01-01,2009-12-31,H3260_v1_3
123478,178983,208404,2009-08-13,0,0.748,0.05,NA,2008-01-01,2009-12-31,H3260_v1_3
218390,232321,177163,2009-09-02,0.138,2.05,0.067,NA,2008-01-01,2009-12-31,H3260_v1_3
114575,228740,179160,2009-09-02,0.387,0.712,0.046,NA,2008-01-01,2009-12-31,H3260_v1_3
218390,232321,177163,2008-03-10,0.162,2.44,0,NA,2008-01-01,2009-12-31,H3260_v1_3
38434,200014,218405,2008-02-19,0.435,1.52,0,NA,2008-01-01,2009-12-31,H3260_v1_3
111617,186904,232114,2008-02-19,0.93,4,0.06,NA,2008-01-01,2009-12-31,H3260_v1_3
221004,245672,183550,2008-03-11,5.89,4,0.4,NA,2008-01-01,2009-12-31,H3260_v1_3
47686,179707,243397,2008-03-05,0.377,8.53,0,NA,2008-01-01,2009-12-31,H3260_v1_3
123478,178983,208404,2008-03-06,0.609,1.74,0.113,NA,2008-01-01,2009-12-31,H3260_v1_3
224975,210560,206194,2008-03-10,0.255,1.07,0.074,NA,2008-01-01,2009-12-31,H3260_v1_3
238515,223950,218080,2009-08-03,1.5,3.1,0.18,NA,2008-01-01,2009-12-31,H3260_v1_3
213836,241452,197091,2009-08-04,0.24,2.45,0.117,NA,2008-01-01,2009-12-31,H3260_v1_3
123574,187346,210000,2009-08-13,0.173,0.713,0,NA,2008-01-01,2009-12-31,H3260_v1_3
123574,187346,210000,2006-10-06,0,0.956,0,NA,2000-01-01,2006-12-31,H3260_v1_0
9547,74383,203895,2006-11-08,0.28,3.1,0.04,NA,2000-01-01,2006-12-31,H3260_v1_0
241552,230674,203278,2009-05-18,0.842,6.25,0.05,NA,2008-01-01,2009-12-31,H3260_v1_3
38402,197860,216731,2008-05-20,0.516,0.579,0,NA,2008-01-01,2009-12-31,H3260_v1_3
206652,203131,209305,2008-03-12,0.24,1.4,0,NA,2008-01-01,2009-12-31,H3260_v1_3
144658,222498,199266,2008-03-05,0.6,14,0.01,NA,2008-01-01,2009-12-31,H3260_v1_3
38434,200014,218405,2008-03-18,0.252,1.78,0.091,NA,2008-01-01,2009-12-31,H3260_v1_3
144658,222498,199266,2008-03-26,NA,9.46,NA,NA,2008-01-01,2009-12-31,H3260_v1_3
238572,223886,213548,2008-03-26,0.31,6.12,0.096,NA,2008-01-01,2009-12-31,H3260_v1_3
9549,74511,203801,2006-11-08,0,3.5,0.04,NA,2000-01-01,2006-12-31,H3260_v1_0
213836,241452,197091,2006-11-06,0,2.62,0,NA,2000-01-01,2006-12-31,H3260_v1_0
123574,187346,210000,2006-11-06,0,1.21,0.08,NA,2000-01-01,2006-12-31,H3260_v1_0
238759,225609,198258,2006-10-26,0,7.71,0,NA,2000-01-01,2006-12-31,H3260_v1_0
238759,225609,198258,2006-11-28,0.193,12.9,0,NA,2000-01-01,2006-12-31,H3260_v1_0
238515,223950,218080,2006-11-28,0.42,3.8,0.11,NA,2000-01-01,2006-12-31,H3260_v1_0
255415,228750,210246,2008-03-27,0.163,7.45,0,NA,2008-01-01,2009-12-31,H3260_v1_3
218803,250356,161314,2008-04-01,0,9.63,0,NA,2008-01-01,2009-12-31,H3260_v1_3
114575,228740,179160,2008-04-07,0.161,0.511,0,NA,2008-01-01,2009-12-31,H3260_v1_3
218390,232321,177163,2008-04-07,0.18,2.32,0,NA,2008-01-01,2009-12-31,H3260_v1_3
221004,245672,183550,2008-04-08,0.84,2.68,0.122,NA,2008-01-01,2009-12-31,H3260_v1_3
103391,189477,197117,2008-06-04,1,1.06,0.267,NA,2008-01-01,2009-12-31,H3260_v1_3
212371,244877,161556,2008-06-02,0,6.22,0.22,NA,2008-01-01,2009-12-31,H3260_v1_3
204986,244766,184401,2008-06-03,0.734,0.396,0.139,NA,2008-01-01,2009-12-31,H3260_v1_3
241552,230674,203278,2008-06-05,0.758,6.04,0.088,NA,2008-01-01,2009-12-31,H3260_v1_3
241434,238265,208445,2008-06-05,0.201,4.92,0.086,NA,2008-01-01,2009-12-31,H3260_v1_3
213836,241452,197091,2006-12-04,0.671,2.5,0.083,NA,2000-01-01,2006-12-31,H3260_v1_0
238759,225609,198258,2006-12-06,NA,11.8,0,NA,2000-01-01,2006-12-31,H3260_v1_0
238515,223950,218080,2006-12-06,0.56,3.7,0.09,NA,2000-01-01,2006-12-31,H3260_v1_0
38402,197860,216731,2008-06-11,0.184,0.508,0,NA,2008-01-01,2009-12-31,H3260_v1_3
249683,208625,203839,2008-06-12,0.214,2.28,0,NA,2008-01-01,2009-12-31,H3260_v1_3
123559,185896,209550,2008-06-17,0.325,2,0.1,NA,2008-01-01,2009-12-31,H3260_v1_3
238759,225609,198258,2008-01-22,NA,11.2,NA,NA,2008-01-01,2009-12-31,H3260_v1_3
238515,223950,218080,2008-01-22,0.92,3,0.14,NA,2008-01-01,2009-12-31,H3260_v1_3
213836,241452,197091,2008-02-07,0.159,3.18,0,NA,2008-01-01,2009-12-31,H3260_v1_3
123574,187346,210000,2008-02-07,0.499,1.92,0.101,NA,2008-01-01,2009-12-31,H3260_v1_3
238759,225609,198258,2008-02-13,NA,15.1,NA,NA,2008-01-01,2009-12-31,H3260_v1_3
255415,228750,210246,2008-04-17,0.243,8.98,0,NA,2008-01-01,2009-12-31,H3260_v1_3
144658,222498,199266,2008-04-22,NA,16.3,NA,NA,2008-01-01,2009-12-31,H3260_v1_3
238572,223886,213548,2008-04-22,0.221,6.37,0.077,NA,2008-01-01,2009-12-31,H3260_v1_3
221004,245672,183550,2008-05-06,1.45,2.72,0.373,NA,2008-01-01,2009-12-31,H3260_v1_3
218803,250356,161314,2008-05-06,0,9.97,0,NA,2008-01-01,2009-12-31,H3260_v1_3
224975,210560,206194,2008-04-07,0.225,1.61,0.102,NA,2008-01-01,2009-12-31,H3260_v1_3
204986,244766,184401,2008-07-01,0.761,0.519,0.121,NA,2008-01-01,2009-12-31,H3260_v1_3
212371,244877,161556,2008-07-02,0,6.64,0.217,NA,2008-01-01,2009-12-31,H3260_v1_3
241552,230674,203278,2008-07-03,1.44,4.57,0.079,NA,2008-01-01,2009-12-31,H3260_v1_3
238515,223950,218080,2008-02-13,0.5,4.7,0.06,NA,2008-01-01,2009-12-31,H3260_v1_3
123574,187346,210000,2008-03-06,0.678,1.48,0.082,NA,2008-01-01,2009-12-31,H3260_v1_3
47686,179707,243397,2008-04-08,0.131,9.51,0,NA,2008-01-01,2009-12-31,H3260_v1_3
206652,203131,209305,2008-04-10,0.434,1.16,0,NA,2008-01-01,2009-12-31,H3260_v1_3
38434,200014,218405,2008-04-01,0.22,1.9,0.06,NA,2008-01-01,2009-12-31,H3260_v1_3
144658,222498,199266,2008-04-03,NA,13.1,NA,NA,2008-01-01,2009-12-31,H3260_v1_3
38434,200014,218405,2008-04-15,0.186,1.07,0.074,NA,2008-01-01,2009-12-31,H3260_v1_3
123478,178983,208404,2008-04-17,0.325,1.48,0,NA,2008-01-01,2009-12-31,H3260_v1_3
241434,238265,208445,2008-07-03,0,5.17,0,NA,2008-01-01,2009-12-31,H3260_v1_3
103391,189477,197117,2008-07-07,0.125,1.69,0.233,NA,2008-01-01,2009-12-31,H3260_v1_3
249683,208625,203839,2008-07-09,0,2.42,0,NA,2008-01-01,2009-12-31,H3260_v1_3
213836,241452,197091,2008-03-13,0.146,3.25,0,NA,2008-01-01,2009-12-31,H3260_v1_3
238759,225609,198258,2008-03-26,NA,13,NA,NA,2008-01-01,2009-12-31,H3260_v1_3
238515,223950,218080,2008-03-26,0,2.2,0.09,NA,2008-01-01,2009-12-31,H3260_v1_3
238759,225609,198258,2008-03-18,0.24,15,0.05,NA,2008-01-01,2009-12-31,H3260_v1_3
255415,228750,210246,2008-05-13,0,8.33,0,NA,2008-01-01,2009-12-31,H3260_v1_3
144658,222498,199266,2008-05-14,NA,12.1,NA,NA,2008-01-01,2009-12-31,H3260_v1_3
238572,223886,213548,2008-05-14,0.188,5.54,0,NA,2008-01-01,2009-12-31,H3260_v1_3
123478,178983,208404,2008-05-05,0.126,0.84,0,NA,2008-01-01,2009-12-31,H3260_v1_3
224975,210560,206194,2008-05-06,0,0.861,0,NA,2008-01-01,2009-12-31,H3260_v1_3
47686,179707,243397,2008-05-13,0.126,2.36,0,NA,2008-01-01,2009-12-31,H3260_v1_3
206652,203131,209305,2008-05-14,0,1.45,0,NA,2008-01-01,2009-12-31,H3260_v1_3
213836,241452,197091,2008-04-10,0.11,3.82,0.083,NA,2008-01-01,2009-12-31,H3260_v1_3
238759,225609,198258,2008-04-22,NA,13.4,NA,NA,2008-01-01,2009-12-31,H3260_v1_3
238515,223950,218080,2008-04-22,0.28,4.4,0.06,NA,2008-01-01,2009-12-31,H3260_v1_3
123574,187346,210000,2008-04-17,0.412,1.46,0,NA,2008-01-01,2009-12-31,H3260_v1_3
213836,241452,197091,2008-05-08,0.132,2.94,0.071,NA,2008-01-01,2009-12-31,H3260_v1_3
238759,225609,198258,2008-05-14,NA,10.5,NA,NA,2008-01-01,2009-12-31,H3260_v1_3
123559,185896,209550,2008-07-16,0.245,0.977,0,NA,2008-01-01,2009-12-31,H3260_v1_3
38402,197860,216731,2008-07-17,0,0.227,0,NA,2008-01-01,2009-12-31,H3260_v1_3
241552,230674,203278,2008-08-07,0.464,7.2,0.08,NA,2008-01-01,2009-12-31,H3260_v1_3
241434,238265,208445,2008-08-07,0.113,4.08,0.117,NA,2008-01-01,2009-12-31,H3260_v1_3
123559,185896,209550,2009-09-14,0,0.39,0,NA,2008-01-01,2009-12-31,H3260_v1_3
38434,200014,218405,2008-05-20,0.819,0.777,0,NA,2008-01-01,2009-12-31,H3260_v1_3
218390,232321,177163,2008-05-27,1.34,1.43,0.078,NA,2008-01-01,2009-12-31,H3260_v1_3
114575,228740,179160,2008-05-27,0.41,0.286,0,NA,2008-01-01,2009-12-31,H3260_v1_3
224975,210560,206194,2008-06-05,0.344,1.04,0.121,NA,2008-01-01,2009-12-31,H3260_v1_3
218803,250356,161314,2008-06-02,0,9.56,0.097,NA,2008-01-01,2009-12-31,H3260_v1_3
221004,245672,183550,2008-06-03,1.92,1.61,0.567,NA,2008-01-01,2009-12-31,H3260_v1_3
238515,223950,218080,2008-05-14,0.21,3.8,0.1,NA,2008-01-01,2009-12-31,H3260_v1_3
238759,225609,198258,2008-04-09,0,16,0.02,NA,2008-01-01,2009-12-31,H3260_v1_3
123574,187346,210000,2008-05-05,0.137,0.991,0,NA,2008-01-01,2009-12-31,H3260_v1_3
38402,197860,216731,2009-09-15,0.13,0.32,0.031,NA,2008-01-01,2009-12-31,H3260_v1_3
204986,244766,184401,2009-09-28,2.5,1,0.27,NA,2008-01-01,2009-12-31,H3260_v1_3
241552,230674,203278,2009-10-05,0.97,5.2,0.059,NA,2008-01-01,2009-12-31,H3260_v1_3
47686,179707,243397,2008-06-10,0.134,3.1,0.071,NA,2008-01-01,2009-12-31,H3260_v1_3
38434,200014,218405,2008-06-11,0.176,0.822,0.087,NA,2008-01-01,2009-12-31,H3260_v1_3
206652,203131,209305,2008-06-12,0.35,1.26,0.071,NA,2008-01-01,2009-12-31,H3260_v1_3
114575,228740,179160,2008-06-19,0.169,0.53,0,NA,2008-01-01,2009-12-31,H3260_v1_3
213836,241452,197091,2008-06-05,0.477,2.57,0.152,NA,2008-01-01,2009-12-31,H3260_v1_3
123574,187346,210000,2008-06-17,0.269,2.37,0.103,NA,2008-01-01,2009-12-31,H3260_v1_3
238759,225609,198258,2008-06-24,NA,9.54,NA,NA,2008-01-01,2009-12-31,H3260_v1_3
238515,223950,218080,2008-06-24,0.17,3.3,0.07,NA,2008-01-01,2009-12-31,H3260_v1_3
249683,208625,203839,2009-10-08,0.32,1.4,NA,NA,2008-01-01,2009-12-31,H3260_v1_3
123559,185896,209550,2009-10-14,0.33,1.4,0.042,NA,2008-01-01,2009-12-31,H3260_v1_3
255316,228451,217921,2005-05-09,0,3.12,0,NA,2000-01-01,2006-12-31,H3260_v1_0
238570,223718,213525,2005-05-10,0,4.9,0.148,NA,2000-01-01,2006-12-31,H3260_v1_0
111580,184931,233174,2005-05-10,0.81,5.47,0.088,NA,2000-01-01,2006-12-31,H3260_v1_0
123530,183551,208274,2005-05-10,0.3,1.42,0,NA,2000-01-01,2006-12-31,H3260_v1_0
123717,198919,214642,2005-05-10,0,0.83,0,NA,2000-01-01,2006-12-31,H3260_v1_0
255415,228750,210246,2008-06-17,0.115,7.32,0,NA,2008-01-01,2009-12-31,H3260_v1_3
218390,232321,177163,2008-06-19,0.179,2.08,0,NA,2008-01-01,2009-12-31,H3260_v1_3
123478,178983,208404,2008-06-17,0.25,2.17,0.126,NA,2008-01-01,2009-12-31,H3260_v1_3
144658,222498,199266,2008-06-24,NA,11.5,NA,NA,2008-01-01,2009-12-31,H3260_v1_3
238572,223886,213548,2008-06-24,0.175,4.97,0.103,NA,2008-01-01,2009-12-31,H3260_v1_3
221004,245672,183550,2008-07-01,0.589,2,0.346,NA,2008-01-01,2009-12-31,H3260_v1_3
218803,250356,161314,2008-07-02,0,9.58,0.073,NA,2008-01-01,2009-12-31,H3260_v1_3
38402,197860,216731,2009-10-15,0,0.18,0.034,NA,2008-01-01,2009-12-31,H3260_v1_3
212371,244877,161556,2009-10-12,0.13,4.3,0.28,NA,2008-01-01,2009-12-31,H3260_v1_3
204986,244766,184401,2009-10-15,11,0.69,0.49,NA,2008-01-01,2009-12-31,H3260_v1_3
241552,230674,203278,2009-11-03,0.6,4.7,0.049,NA,2008-01-01,2009-12-31,H3260_v1_3
103391,189477,197117,2009-11-05,1.2,0.22,0.12,NA,2008-01-01,2009-12-31,H3260_v1_3
213836,241452,197091,2008-07-03,0.53,2.64,0.151,NA,2008-01-01,2009-12-31,H3260_v1_3
238515,223950,218080,2008-07-15,0,3.7,0.08,NA,2008-01-01,2009-12-31,H3260_v1_3
238759,225609,198258,2008-07-15,NA,8.53,NA,NA,2008-01-01,2009-12-31,H3260_v1_3
123574,187346,210000,2008-07-16,0,1.24,0,NA,2008-01-01,2009-12-31,H3260_v1_3
224975,210560,206194,2008-07-02,0.206,1.24,0,NA,2008-01-01,2009-12-31,H3260_v1_3
238572,223886,213548,2008-07-15,0.135,4.43,0.072,NA,2008-01-01,2009-12-31,H3260_v1_3
47686,179707,243397,2008-07-08,0,1.87,0,NA,2008-01-01,2009-12-31,H3260_v1_3
206652,203131,209305,2008-07-09,0.1,1.3,0,NA,2008-01-01,2009-12-31,H3260_v1_3
249683,208625,203839,2009-11-10,0,1.6,0,NA,2008-01-01,2009-12-31,H3260_v1_3
123559,185896,209550,2009-11-12,0.23,0.99,0.051,NA,2008-01-01,2009-12-31,H3260_v1_3
213836,241452,197091,2008-08-07,0.198,2.64,0.134,NA,2008-01-01,2009-12-31,H3260_v1_3
123574,187346,210000,2009-09-14,0,1.5,0.026,NA,2008-01-01,2009-12-31,H3260_v1_3
5572,154668,226184,2009-09-28,0.18,0,0,NA,2008-01-01,2009-12-31,H3260_v1_3
213836,241452,197091,2009-10-05,0.12,2.6,0.041,NA,2008-01-01,2009-12-31,H3260_v1_3
238759,225609,198258,2009-10-06,NA,6.7,NA,NA,2008-01-01,2009-12-31,H3260_v1_3
144658,222498,199266,2008-07-15,NA,9.39,NA,NA,2008-01-01,2009-12-31,H3260_v1_3
218390,232321,177163,2008-07-17,0.286,1.95,0,NA,2008-01-01,2009-12-31,H3260_v1_3
114575,228740,179160,2008-07-17,0.161,0.159,0,NA,2008-01-01,2009-12-31,H3260_v1_3
255415,228750,210246,2008-07-22,0.388,6.24,0,NA,2008-01-01,2009-12-31,H3260_v1_3
123478,178983,208404,2008-07-16,0,1.03,0,NA,2008-01-01,2009-12-31,H3260_v1_3
38434,200014,218405,2008-07-17,0,0.347,0,NA,2008-01-01,2009-12-31,H3260_v1_3
218390,232321,177163,2008-08-04,0.965,1.07,0.136,NA,2008-01-01,2009-12-31,H3260_v1_3
38402,197860,216731,2009-11-18,0.1,0.26,0.09,NA,2008-01-01,2009-12-31,H3260_v1_3
212371,244877,161556,2009-11-16,0.13,5.2,0.38,NA,2008-01-01,2009-12-31,H3260_v1_3
204986,244766,184401,2009-11-18,1.5,1.1,0.075,NA,2008-01-01,2009-12-31,H3260_v1_3
124176,204796,204545,2009-11-18,0,1.6,0.06,NA,2008-01-01,2009-12-31,H3260_v1_3
103391,189477,197117,2009-12-03,0.74,1.1,0.14,NA,2008-01-01,2009-12-31,H3260_v1_3
114575,228740,179160,2008-08-04,0,0.353,0,NA,2008-01-01,2009-12-31,H3260_v1_3
123478,178983,208404,2009-09-14,0,0.46,0.047,NA,2008-01-01,2009-12-31,H3260_v1_3
221004,245672,183550,2009-09-28,0.91,5.2,0.65,NA,2008-01-01,2009-12-31,H3260_v1_3
241552,230674,203278,2009-11-30,0.62,5.4,0.069,NA,2008-01-01,2009-12-31,H3260_v1_3
204986,244766,184401,2009-12-03,0.55,0.51,0.059,NA,2008-01-01,2009-12-31,H3260_v1_3
249683,208625,203839,2009-12-09,0.26,2.1,0.031,NA,2008-01-01,2009-12-31,H3260_v1_3
123559,185896,209550,2009-12-10,0.77,1.8,0.11,NA,2008-01-01,2009-12-31,H3260_v1_3
144658,222498,199266,2009-10-06,NA,19,NA,NA,2008-01-01,2009-12-31,H3260_v1_3
114575,228740,179160,2009-10-07,0,1.4,0,NA,2008-01-01,2009-12-31,H3260_v1_3
255415,228750,210246,2009-10-08,0.61,0.98,0.44,NA,2008-01-01,2009-12-31,H3260_v1_3
224975,210560,206194,2009-10-08,0.32,2.2,0.12,NA,2008-01-01,2009-12-31,H3260_v1_3
206652,203131,209305,2009-10-08,0.25,1.4,0.1,NA,2008-01-01,2009-12-31,H3260_v1_3
123478,178983,208404,2009-10-14,0.3,1.1,0.071,NA,2008-01-01,2009-12-31,H3260_v1_3
218803,250356,161314,2009-10-12,0.16,7,0.14,NA,2008-01-01,2009-12-31,H3260_v1_3
221004,245672,183550,2009-10-15,0.94,4.6,0.16,NA,2008-01-01,2009-12-31,H3260_v1_3
218390,232321,177163,2009-10-27,0.17,1.7,0.081,NA,2008-01-01,2009-12-31,H3260_v1_3
144658,222498,199266,2009-11-04,NA,7.5,NA,NA,2008-01-01,2009-12-31,H3260_v1_3
255415,228750,210246,2009-11-12,0.11,3.9,0.028,NA,2008-01-01,2009-12-31,H3260_v1_3
224975,210560,206194,2009-11-10,0.12,0.69,0.054,NA,2008-01-01,2009-12-31,H3260_v1_3
45938,206821,205572,2005-05-13,0,0.58,0,NA,2000-01-01,2006-12-31,H3260_v1_0
123530,183551,208274,2005-05-17,0,1.5,0.02,NA,2000-01-01,2006-12-31,H3260_v1_0
123717,198919,214642,2005-05-17,0,1.6,0.02,NA,2000-01-01,2006-12-31,H3260_v1_0
206652,203131,209305,2009-11-10,2,0.92,0.11,NA,2008-01-01,2009-12-31,H3260_v1_3
123478,178983,208404,2009-11-12,0.15,1.1,0.072,NA,2008-01-01,2009-12-31,H3260_v1_3
218803,250356,161314,2009-11-16,0.16,7.7,0.15,NA,2008-01-01,2009-12-31,H3260_v1_3
114575,228740,179160,2009-11-16,0.11,0.59,0.028,NA,2008-01-01,2009-12-31,H3260_v1_3
255316,228451,217921,2005-06-06,0,2.37,0,NA,2000-01-01,2006-12-31,H3260_v1_0
238570,223718,213525,2005-06-07,0.28,4.7,0.381,NA,2000-01-01,2006-12-31,H3260_v1_0
241605,230272,199364,2005-06-14,0,7.94,0,NA,2000-01-01,2006-12-31,H3260_v1_0
123530,183551,208274,2005-06-07,0.22,1.14,0.084,NA,2000-01-01,2006-12-31,H3260_v1_0
123717,198919,214642,2005-06-07,0,0.75,0.118,NA,2000-01-01,2006-12-31,H3260_v1_0
221004,245672,183550,2009-11-18,1.8,3.8,0.61,NA,2008-01-01,2009-12-31,H3260_v1_3
218390,232321,177163,2009-11-24,0.23,1.4,0.052,NA,2008-01-01,2009-12-31,H3260_v1_3
111617,186904,232114,2009-11-19,NA,0.76,0.13,NA,2008-01-01,2009-12-31,H3260_v1_3
38434,200014,218405,2009-11-19,NA,0.28,0.041,NA,2008-01-01,2009-12-31,H3260_v1_3
84207,151545,223322,2009-11-18,0.8,0,0,NA,2008-01-01,2009-12-31,H3260_v1_3
144658,222498,199266,2009-12-01,NA,15,NA,NA,2008-01-01,2009-12-31,H3260_v1_3
114575,228740,179160,2009-12-02,0.17,0.81,0,NA,2008-01-01,2009-12-31,H3260_v1_3
221004,245672,183550,2009-12-03,1.4,4.6,0.25,NA,2008-01-01,2009-12-31,H3260_v1_3
224975,210560,206194,2009-12-09,0.17,1.2,0.075,NA,2008-01-01,2009-12-31,H3260_v1_3
206652,203131,209305,2009-12-09,0.32,1.1,0.13,NA,2008-01-01,2009-12-31,H3260_v1_3
123478,178983,208404,2009-12-10,0.44,1.9,0.099,NA,2008-01-01,2009-12-31,H3260_v1_3
218803,250356,161314,2009-12-07,0.11,7.4,0.095,NA,2008-01-01,2009-12-31,H3260_v1_3
218390,232321,177163,2009-12-10,0.43,1.2,0.095,NA,2008-01-01,2009-12-31,H3260_v1_3
255415,228750,210246,2009-12-14,0.23,6.6,0,NA,2008-01-01,2009-12-31,H3260_v1_3
224975,210560,206194,2010-01-07,0.29,1.3,0,NA,2010-01-01,2011-12-31,H3260_v1_4
221004,245672,183550,2010-01-18,0.33,4.1,0.17,NA,2010-01-01,2011-12-31,H3260_v1_4
218803,250356,161314,2010-01-19,0.23,8.2,0.13,NA,2010-01-01,2011-12-31,H3260_v1_4
206652,203131,209305,2010-01-14,0.34,1.7,0.072,NA,2010-01-01,2011-12-31,H3260_v1_4
123478,178983,208404,2010-01-18,0.75,1.7,0.096,NA,2010-01-01,2011-12-31,H3260_v1_4
218390,232321,177163,2010-01-21,0.21,2.1,0.028,NA,2010-01-01,2011-12-31,H3260_v1_4
114575,228740,179160,2010-01-21,0.22,1.2,0,NA,2010-01-01,2011-12-31,H3260_v1_4
111580,184931,233174,2005-06-08,0.48,1.5,0.099,NA,2000-01-01,2006-12-31,H3260_v1_0
45938,206821,205572,2005-06-13,0,0.34,0.089,NA,2000-01-01,2006-12-31,H3260_v1_0
111580,184931,233174,2005-07-06,0.53,2.53,0.117,NA,2000-01-01,2006-12-31,H3260_v1_0
123530,183551,208274,2005-07-06,0.27,1.32,0.08,NA,2000-01-01,2006-12-31,H3260_v1_0
255415,228750,210246,2010-01-25,0.15,7.6,0,NA,2010-01-01,2011-12-31,H3260_v1_4
144658,222498,199266,2010-01-27,NA,14,0,NA,2010-01-01,2011-12-31,H3260_v1_4
218803,250356,161314,2010-02-02,0.31,7.9,0.11,NA,2010-01-01,2011-12-31,H3260_v1_4
114575,228740,179160,2010-02-03,0.19,1,0.028,NA,2010-01-01,2011-12-31,H3260_v1_4
221004,245672,183550,2010-02-08,2.4,4.9,0.1,NA,2010-01-01,2011-12-31,H3260_v1_4
255415,228750,210246,2010-02-10,0.15,7.9,0,NA,2010-01-01,2011-12-31,H3260_v1_4
224975,210560,206194,2010-02-04,0.28,1.4,0.059,NA,2010-01-01,2011-12-31,H3260_v1_4
218390,232321,177163,2010-02-16,0.22,2.2,0,NA,2010-01-01,2011-12-31,H3260_v1_4
206652,203131,209305,2010-02-08,0.32,1.4,0.045,NA,2010-01-01,2011-12-31,H3260_v1_4
123478,178983,208404,2010-02-10,0.58,1.9,0.083,NA,2010-01-01,2011-12-31,H3260_v1_4
144658,222498,199266,2010-02-22,NA,13,0,NA,2010-01-01,2011-12-31,H3260_v1_4
218803,250356,161314,2010-03-02,0.23,8.7,0.08,NA,2010-01-01,2011-12-31,H3260_v1_4
123717,198919,214642,2005-07-06,0,0.49,0,NA,2000-01-01,2006-12-31,H3260_v1_0
45938,206821,205572,2005-07-12,0,0.25,0,NA,2000-01-01,2006-12-31,H3260_v1_0
221004,245672,183550,2010-03-03,0.7,4.9,0.16,NA,2010-01-01,2011-12-31,H3260_v1_4
224975,210560,206194,2010-03-04,0.19,1.3,0.074,NA,2010-01-01,2011-12-31,H3260_v1_4
206652,203131,209305,2010-03-08,0.28,1.8,0.048,NA,2010-01-01,2011-12-31,H3260_v1_4
255415,228750,210246,2010-03-10,0.16,8.4,0,NA,2010-01-01,2011-12-31,H3260_v1_4
255316,228451,217921,2005-07-12,0,2.03,0,NA,2000-01-01,2006-12-31,H3260_v1_0
238570,223718,213525,2005-07-13,0.21,3.3,0.239,NA,2000-01-01,2006-12-31,H3260_v1_0
123530,183551,208274,2005-08-05,0,1.14,0,NA,2000-01-01,2006-12-31,H3260_v1_0
123717,198919,214642,2005-08-05,0,0.87,0.098,NA,2000-01-01,2006-12-31,H3260_v1_0
255316,228451,217921,2005-08-08,0,2.41,0.094,NA,2000-01-01,2006-12-31,H3260_v1_0
238570,223718,213525,2005-08-09,0.28,0.52,0.142,NA,2000-01-01,2006-12-31,H3260_v1_0
241605,230272,199364,2005-08-18,0,7.41,0,NA,2000-01-01,2006-12-31,H3260_v1_0
111580,184931,233174,2005-08-09,0,1.36,0.084,NA,2000-01-01,2006-12-31,H3260_v1_0
45938,206821,205572,2005-08-10,0,0.28,0.098,NA,2000-01-01,2006-12-31,H3260_v1_0
123530,183551,208274,2005-08-22,0,0.93,0,NA,2000-01-01,2006-12-31,H3260_v1_0
123717,198919,214642,2005-08-22,0,0.77,0.07,NA,2000-01-01,2006-12-31,H3260_v1_0
255316,228451,217921,2005-09-05,0,2.13,0,NA,2000-01-01,2006-12-31,H3260_v1_0
238570,223718,213525,2005-09-06,0,4.42,0.384,NA,2000-01-01,2006-12-31,H3260_v1_0
123530,183551,208274,2005-09-06,0,0.85,0,NA,2000-01-01,2006-12-31,H3260_v1_0
123717,198919,214642,2005-09-06,0,1.02,0.216,NA,2000-01-01,2006-12-31,H3260_v1_0
45938,206821,205572,2005-09-08,0,0.3,0.075,NA,2000-01-01,2006-12-31,H3260_v1_0
111580,184931,233174,2005-09-12,0.46,1.32,0.136,NA,2000-01-01,2006-12-31,H3260_v1_0
255316,228451,217921,2005-10-03,0,2.07,0,NA,2000-01-01,2006-12-31,H3260_v1_0
238570,223718,213525,2005-10-04,0,3.03,0.219,NA,2000-01-01,2006-12-31,H3260_v1_0
241605,230272,199364,2005-10-13,0,7.97,0.124,NA,2000-01-01,2006-12-31,H3260_v1_0
123530,183551,208274,2005-10-04,0,1.15,0,NA,2000-01-01,2006-12-31,H3260_v1_0
123717,198919,214642,2005-10-04,0,0.45,0.101,NA,2000-01-01,2006-12-31,H3260_v1_0
255316,228451,217921,2005-11-07,0,1.72,0,NA,2000-01-01,2006-12-31,H3260_v1_0
238570,223718,213525,2005-11-08,0.97,4.91,0.333,NA,2000-01-01,2006-12-31,H3260_v1_0
45938,206821,205572,2005-10-10,0,0.28,0.099,NA,2000-01-01,2006-12-31,H3260_v1_0
45938,206821,205572,2005-02-14,0.59,1.1,0.144,NA,2000-01-01,2006-12-31,H3260_v1_0
114575,228740,179160,2010-03-11,0.2,0.75,0,NA,2010-01-01,2011-12-31,H3260_v1_4
123478,178983,208404,2010-03-10,0.73,1.7,0.079,NA,2010-01-01,2011-12-31,H3260_v1_4
84207,151545,223322,2010-03-01,0.53,1.5,0.02,NA,2010-01-01,2011-12-31,H3260_v1_4
38434,200014,218405,2010-03-02,0,2.8,0.06,NA,2010-01-01,2011-12-31,H3260_v1_4
111617,186904,232114,2010-03-03,1.2,3.8,0.13,NA,2010-01-01,2011-12-31,H3260_v1_4
255415,228750,210246,2008-10-13,0,5.98,0,NA,2008-01-01,2009-12-31,H3260_v1_3
218803,250356,161314,2008-10-20,0.121,8.3,0.207,NA,2008-01-01,2009-12-31,H3260_v1_3
238515,223950,218080,2009-10-06,2,4.4,0.12,NA,2008-01-01,2009-12-31,H3260_v1_3
123574,187346,210000,2009-10-14,0.17,0.94,0.097,NA,2008-01-01,2009-12-31,H3260_v1_3
238759,225609,198258,2007-06-11,NA,10.3,NA,NA,2007-01-01,2007-12-31,H3260_v1_2
238515,223950,218080,2007-06-11,0.37,3,0.11,NA,2007-01-01,2007-12-31,H3260_v1_2
123717,198919,214642,2005-02-21,0.36,1.6,0.02,NA,2000-01-01,2006-12-31,H3260_v1_0
123530,183551,208274,2005-02-21,0.67,2.5,0.05,NA,2000-01-01,2006-12-31,H3260_v1_0
123530,183551,208274,2005-11-04,0,1.18,0,NA,2000-01-01,2006-12-31,H3260_v1_0
123717,198919,214642,2005-11-03,0,1.06,0.099,NA,2000-01-01,2006-12-31,H3260_v1_0
45938,206821,205572,2005-11-08,0.31,0.22,0,NA,2000-01-01,2006-12-31,H3260_v1_0
123574,187346,210000,2007-06-14,0,1.5,0,NA,2007-01-01,2007-12-31,H3260_v1_2
238759,225609,198258,2007-07-02,NA,10.8,NA,NA,2007-01-01,2007-12-31,H3260_v1_2
238515,223950,218080,2007-07-02,1.9,3.3,0.12,NA,2007-01-01,2007-12-31,H3260_v1_2
212371,244877,161556,2009-12-07,0.14,5.4,0.2,NA,2008-01-01,2009-12-31,H3260_v1_3
212371,244877,161556,2009-01-12,0.575,6.86,0.202,NA,2008-01-01,2009-12-31,H3260_v1_3
249683,208625,203839,2009-01-14,0.393,1.55,0.037,NA,2008-01-01,2009-12-31,H3260_v1_3
238759,225609,198258,2008-08-12,NA,11.4,NA,NA,2008-01-01,2009-12-31,H3260_v1_3
238515,223950,218080,2008-08-12,0.3,4.1,0.12,NA,2008-01-01,2009-12-31,H3260_v1_3
123574,187346,210000,2008-08-14,0.118,1.23,0,NA,2008-01-01,2009-12-31,H3260_v1_3
238759,225609,198258,2008-09-09,NA,9.26,NA,NA,2008-01-01,2009-12-31,H3260_v1_3
238515,223950,218080,2008-09-09,0,4.2,0.08,NA,2008-01-01,2009-12-31,H3260_v1_3
213836,241452,197091,2008-09-11,0,2.58,0,NA,2008-01-01,2009-12-31,H3260_v1_3
221004,245672,183550,2008-10-21,1.51,2.4,0.884,NA,2008-01-01,2009-12-31,H3260_v1_3
123478,178983,208404,2008-10-14,0.107,1.24,0,NA,2008-01-01,2009-12-31,H3260_v1_3
224975,210560,206194,2008-10-15,0,1.72,0,NA,2008-01-01,2009-12-31,H3260_v1_3
206652,203131,209305,2008-10-16,0.186,1.35,0,NA,2008-01-01,2009-12-31,H3260_v1_3
114575,228740,179160,2008-11-03,0.144,0.487,0,NA,2008-01-01,2009-12-31,H3260_v1_3
47686,179707,243397,2008-11-04,0,7.27,0,NA,2008-01-01,2009-12-31,H3260_v1_3
218390,232321,177163,2008-11-03,0.141,1.96,0,NA,2008-01-01,2009-12-31,H3260_v1_3
204986,244766,184401,2009-01-20,1.03,0.695,0.096,NA,2008-01-01,2009-12-31,H3260_v1_3
38402,197860,216731,2009-01-19,0.542,1.75,0.068,NA,2008-01-01,2009-12-31,H3260_v1_3
123559,185896,209550,2009-01-19,0.923,1.56,0.084,NA,2008-01-01,2009-12-31,H3260_v1_3
123574,187346,210000,2008-09-15,0,1.13,0,NA,2008-01-01,2009-12-31,H3260_v1_3
213836,241452,197091,2008-10-02,0.345,2.15,0.102,NA,2008-01-01,2009-12-31,H3260_v1_3
218803,250356,161314,2008-11-12,0.154,7.78,0.143,NA,2008-01-01,2009-12-31,H3260_v1_3
255415,228750,210246,2008-11-13,0,5.59,0,NA,2008-01-01,2009-12-31,H3260_v1_3
123478,178983,208404,2008-11-13,0.346,1.2,0.108,NA,2008-01-01,2009-12-31,H3260_v1_3
221004,245672,183550,2008-11-18,0.846,3.22,0.221,NA,2008-01-01,2009-12-31,H3260_v1_3
224975,210560,206194,2008-11-17,0.222,1.41,0.102,NA,2008-01-01,2009-12-31,H3260_v1_3
241552,230674,203278,2009-01-29,0.999,8.42,0.077,NA,2008-01-01,2009-12-31,H3260_v1_3
103391,189477,197117,2009-02-04,1.21,0.299,0.26,NA,2008-01-01,2009-12-31,H3260_v1_3
124176,204796,204545,2009-02-03,0.35,1.1,0.04,NA,2008-01-01,2009-12-31,H3260_v1_3
212371,244877,161556,2009-02-09,0.204,6.29,0.169,NA,2008-01-01,2009-12-31,H3260_v1_3
238759,225609,198258,2008-10-07,NA,6.78,NA,NA,2008-01-01,2009-12-31,H3260_v1_3
238515,223950,218080,2008-10-07,0.23,2.5,0.1,NA,2008-01-01,2009-12-31,H3260_v1_3
123574,187346,210000,2008-10-14,0.115,1.09,0.174,NA,2008-01-01,2009-12-31,H3260_v1_3
206652,203131,209305,2008-11-17,1.46,1.22,0.171,NA,2008-01-01,2009-12-31,H3260_v1_3
38434,200014,218405,2008-11-18,0,1.19,0,NA,2008-01-01,2009-12-31,H3260_v1_3
238572,223886,213548,2008-11-19,0.252,4.53,0.112,NA,2008-01-01,2009-12-31,H3260_v1_3
144658,222498,199266,2008-11-19,NA,11,NA,NA,2008-01-01,2009-12-31,H3260_v1_3
47686,179707,243397,2008-12-02,0.198,9.72,0,NA,2008-01-01,2009-12-31,H3260_v1_3
114575,228740,179160,2008-12-01,0.149,1.16,0,NA,2008-01-01,2009-12-31,H3260_v1_3
218390,232321,177163,2008-12-01,0.177,2.19,0,NA,2008-01-01,2009-12-31,H3260_v1_3
204986,244766,184401,2009-02-12,0.472,3.78,0.289,NA,2008-01-01,2009-12-31,H3260_v1_3
249683,208625,203839,2009-02-10,0.34,2.19,0.024,NA,2008-01-01,2009-12-31,H3260_v1_3
241552,230674,203278,2009-02-17,0.56,5.13,0.081,NA,2008-01-01,2009-12-31,H3260_v1_3
123559,185896,209550,2009-02-16,0.77,2.11,0.064,NA,2008-01-01,2009-12-31,H3260_v1_3
213836,241452,197091,2008-11-06,0.105,2.67,0,NA,2008-01-01,2009-12-31,H3260_v1_3
123574,187346,210000,2008-11-13,4.41,1.08,0.269,NA,2008-01-01,2009-12-31,H3260_v1_3
238515,223950,218080,2008-11-19,0.43,3.6,0.06,NA,2008-01-01,2009-12-31,H3260_v1_3
238759,225609,198258,2008-11-19,NA,9.22,NA,NA,2008-01-01,2009-12-31,H3260_v1_3
144658,222498,199266,2008-12-03,NA,7.74,NA,NA,2008-01-01,2009-12-31,H3260_v1_3
238572,223886,213548,2008-12-03,0.588,5.18,0.099,NA,2008-01-01,2009-12-31,H3260_v1_3
111617,186904,232114,2008-11-26,0.51,2.6,0.09,NA,2008-01-01,2009-12-31,H3260_v1_3
206652,203131,209305,2008-12-08,0.219,1.09,0,NA,2008-01-01,2009-12-31,H3260_v1_3
38434,200014,218405,2008-12-09,0.173,2.25,0,NA,2008-01-01,2009-12-31,H3260_v1_3
123478,178983,208404,2008-12-12,0.688,1.49,0.085,NA,2008-01-01,2009-12-31,H3260_v1_3
228080,215500,183020,2010-04-07,1.9,3.9,0.16,NA,2010-01-01,2011-12-31,H3260_v1_4
114568,228223,179702,2010-04-08,0.82,1.7,0,NA,2010-01-01,2011-12-31,H3260_v1_4
212371,244877,161556,2010-04-13,0,6,0.15,NA,2010-01-01,2011-12-31,H3260_v1_4
204986,244766,184401,2010-04-13,0.8,1.2,0.064,NA,2010-01-01,2011-12-31,H3260_v1_4
255415,228750,210246,2008-12-15,0.202,6.83,0,NA,2008-01-01,2009-12-31,H3260_v1_3
218803,250356,161314,2008-12-15,0.192,8.71,0.097,NA,2008-01-01,2009-12-31,H3260_v1_3
221004,245672,183550,2008-12-16,1.24,4.56,0.279,NA,2008-01-01,2009-12-31,H3260_v1_3
224975,210560,206194,2008-12-15,0.167,1.46,0.096,NA,2008-01-01,2009-12-31,H3260_v1_3
84207,151545,223322,2008-12-08,0.67,0.71,0,NA,2008-01-01,2009-12-31,H3260_v1_3
238759,225609,198258,2008-12-03,NA,6.98,NA,NA,2008-01-01,2009-12-31,H3260_v1_3
238515,223950,218080,2008-12-03,0.47,4.3,0.11,NA,2008-01-01,2009-12-31,H3260_v1_3
123574,187346,210000,2008-12-12,0.613,1.32,0.122,NA,2008-01-01,2009-12-31,H3260_v1_3
213836,241452,197091,2008-12-11,0,3.33,0,NA,2008-01-01,2009-12-31,H3260_v1_3
238759,225609,198258,2009-01-14,NA,6.56,NA,NA,2008-01-01,2009-12-31,H3260_v1_3
218803,250356,161314,2009-01-12,0.165,9.76,0.174,NA,2008-01-01,2009-12-31,H3260_v1_3
144658,222498,199266,2009-01-14,NA,7.87,NA,NA,2008-01-01,2009-12-31,H3260_v1_3
206652,203131,209305,2009-01-14,0.374,1.32,0.082,NA,2008-01-01,2009-12-31,H3260_v1_3
224975,210560,206194,2009-01-15,0.283,1.03,0.086,NA,2008-01-01,2009-12-31,H3260_v1_3
221004,245672,183550,2009-01-20,0.83,4.14,0.255,NA,2008-01-01,2009-12-31,H3260_v1_3
114575,228740,179160,2009-01-20,0.425,1.17,0,NA,2008-01-01,2009-12-31,H3260_v1_3
103391,189477,197117,2010-04-13,0.29,0,0.21,NA,2010-01-01,2011-12-31,H3260_v1_4
124176,204796,204545,2010-04-14,0.15,1.5,0.029,NA,2010-01-01,2011-12-31,H3260_v1_4
241552,230674,203278,2010-04-19,0.53,7.3,0.054,NA,2010-01-01,2011-12-31,H3260_v1_4
123559,185896,209550,2010-04-19,0.17,0.73,0.044,NA,2010-01-01,2011-12-31,H3260_v1_4
218390,232321,177163,2009-01-21,0.219,2.31,0.03,NA,2008-01-01,2009-12-31,H3260_v1_3
255415,228750,210246,2009-01-22,0.155,7.01,0.024,NA,2008-01-01,2009-12-31,H3260_v1_3
123478,178983,208404,2009-01-19,0.979,1.56,0.122,NA,2008-01-01,2009-12-31,H3260_v1_3
238515,223950,218080,2009-01-14,1.3,2.9,0.14,NA,2008-01-01,2009-12-31,H3260_v1_3
123574,187346,210000,2009-01-19,0.788,1.5,0.111,NA,2008-01-01,2009-12-31,H3260_v1_3
213836,241452,197091,2009-01-29,0.149,3.77,0.054,NA,2008-01-01,2009-12-31,H3260_v1_3
5572,154668,226184,2009-01-29,0.142,0.109,0,NA,2008-01-01,2009-12-31,H3260_v1_3
238759,225609,198258,2009-02-03,NA,12.6,NA,NA,2008-01-01,2009-12-31,H3260_v1_3
73328,188436,209764,2010-04-19,0.76,0.4,0.27,NA,2010-01-01,2011-12-31,H3260_v1_4
124070,193214,226862,2010-04-20,0.31,2.2,0.053,NA,2010-01-01,2011-12-31,H3260_v1_4
123886,185176,214902,2010-04-20,0.62,1.9,0.084,NA,2010-01-01,2011-12-31,H3260_v1_4
38402,197860,216731,2010-04-20,0.1,0.4,0,NA,2010-01-01,2011-12-31,H3260_v1_4
114568,228223,179702,2010-05-06,0.81,0.6,0,NA,2010-01-01,2011-12-31,H3260_v1_4
212371,244877,161556,2010-05-10,0.16,5.4,0.34,NA,2010-01-01,2011-12-31,H3260_v1_4
218390,232321,177163,2009-02-02,0.234,2.37,0.027,NA,2008-01-01,2009-12-31,H3260_v1_3
144658,222498,199266,2009-02-03,NA,13.8,NA,NA,2008-01-01,2009-12-31,H3260_v1_3
84207,151545,223322,2009-02-02,0.48,0.5,0,NA,2008-01-01,2009-12-31,H3260_v1_3
111617,186904,232114,2009-02-03,2.5,2.5,0.1,NA,2008-01-01,2009-12-31,H3260_v1_3
38434,200014,218405,2009-02-03,0.25,1.7,0.02,NA,2008-01-01,2009-12-31,H3260_v1_3
218803,250356,161314,2009-02-09,0.209,9.34,0.161,NA,2008-01-01,2009-12-31,H3260_v1_3
221004,245672,183550,2009-02-12,1.02,0.782,0.062,NA,2008-01-01,2009-12-31,H3260_v1_3
206652,203131,209305,2009-02-10,0.314,1.36,0.043,NA,2008-01-01,2009-12-31,H3260_v1_3
238515,223950,218080,2009-02-03,0.39,4,0.07,NA,2008-01-01,2009-12-31,H3260_v1_3
213836,241452,197091,2009-02-17,0.972,3.02,0.094,NA,2008-01-01,2009-12-31,H3260_v1_3
123574,187346,210000,2009-02-16,0.748,2.16,0.079,NA,2008-01-01,2009-12-31,H3260_v1_3
238515,223950,218080,2010-03-24,0.41,3.1,0.06,NA,2010-01-01,2011-12-31,H3260_v1_4
124176,204796,204545,2010-05-10,0,0.9,0.039,NA,2010-01-01,2011-12-31,H3260_v1_4
103391,189477,197117,2010-05-11,0.75,0.22,0.19,NA,2010-01-01,2011-12-31,H3260_v1_4
241552,230674,203278,2010-05-17,0.55,6.7,0.059,NA,2010-01-01,2011-12-31,H3260_v1_4
123559,185896,209550,2010-05-17,0.14,0.96,0.032,NA,2010-01-01,2011-12-31,H3260_v1_4
73328,188436,209764,2010-05-17,0.35,0.38,0.24,NA,2010-01-01,2011-12-31,H3260_v1_4
124070,193214,226862,2010-05-18,0.32,0.81,0.06,NA,2010-01-01,2011-12-31,H3260_v1_4
224975,210560,206194,2009-02-11,0.426,1.82,0.098,NA,2008-01-01,2009-12-31,H3260_v1_3
114575,228740,179160,2009-02-16,0.414,1.45,0.031,NA,2008-01-01,2009-12-31,H3260_v1_3
255415,228750,210246,2009-02-18,0.284,7.25,0.033,NA,2008-01-01,2009-12-31,H3260_v1_3
123478,178983,208404,2009-02-16,0.942,2.12,0.078,NA,2008-01-01,2009-12-31,H3260_v1_3
238759,225609,198258,2010-03-24,NA,13,0.057,NA,2010-01-01,2011-12-31,H3260_v1_4
5572,154668,226184,2010-03-31,0.11,0.18,0,NA,2010-01-01,2011-12-31,H3260_v1_4
238759,225609,198258,2010-04-14,NA,13,0,NA,2010-01-01,2011-12-31,H3260_v1_4
238515,223950,218080,2010-04-14,0.53,3.2,0.07,NA,2010-01-01,2011-12-31,H3260_v1_4
106589,173326,239626,2010-04-12,0.89,3.3,0.044,NA,2010-01-01,2011-12-31,H3260_v1_4
213836,241452,197091,2010-04-19,0,2.9,0.045,NA,2010-01-01,2011-12-31,H3260_v1_4
123886,185176,214902,2010-05-18,0.66,2.1,0.092,NA,2010-01-01,2011-12-31,H3260_v1_4
38402,197860,216731,2010-05-18,0,0.33,0.026,NA,2010-01-01,2011-12-31,H3260_v1_4
228080,215500,183020,2010-05-18,3.6,2.3,0.38,NA,2010-01-01,2011-12-31,H3260_v1_4
204986,244766,184401,2010-05-19,0.97,0.68,0.077,NA,2010-01-01,2011-12-31,H3260_v1_4
114568,228223,179702,2010-06-02,0.34,0.58,0,NA,2010-01-01,2011-12-31,H3260_v1_4
212371,244877,161556,2010-06-07,0.26,4.5,0.55,NA,2010-01-01,2011-12-31,H3260_v1_4
228080,215500,183020,2010-06-08,1.3,3.9,0.27,NA,2010-01-01,2011-12-31,H3260_v1_4
144658,222498,199266,2010-03-24,NA,13,0,NA,2010-01-01,2011-12-31,H3260_v1_4
218390,232321,177163,2010-04-08,0.2,1.6,0,NA,2010-01-01,2011-12-31,H3260_v1_4
114575,228740,179160,2010-04-08,0.72,1.6,0,NA,2010-01-01,2011-12-31,H3260_v1_4
218803,250356,161314,2010-04-13,0.26,8.9,0.088,NA,2010-01-01,2011-12-31,H3260_v1_4
221004,245672,183550,2010-04-13,0.8,4.6,0.28,NA,2010-01-01,2011-12-31,H3260_v1_4
123574,187346,210000,2010-04-19,0,0.79,0.034,NA,2010-01-01,2011-12-31,H3260_v1_4
174514,97584,197275,2010-04-15,0.39,1.3,0.08,NA,2010-01-01,2011-12-31,H3260_v1_4
5572,154668,226184,2010-04-29,0,0,0,NA,2010-01-01,2011-12-31,H3260_v1_4
106589,173326,239626,2010-05-05,1.4,1.5,0.14,NA,2010-01-01,2011-12-31,H3260_v1_4
238759,225609,198258,2010-05-11,NA,9.9,0,NA,2010-01-01,2011-12-31,H3260_v1_4
238515,223950,218080,2010-05-11,1.4,2.6,0.1,NA,2010-01-01,2011-12-31,H3260_v1_4
204986,244766,184401,2010-06-10,1.2,0.51,0.075,NA,2010-01-01,2011-12-31,H3260_v1_4
103391,189477,197117,2010-06-09,0.2,0.29,0.13,NA,2010-01-01,2011-12-31,H3260_v1_4
124176,204796,204545,2010-06-10,0.17,1,0.05,NA,2010-01-01,2011-12-31,H3260_v1_4
123559,185896,209550,2010-06-16,0.24,0.81,0.04,NA,2010-01-01,2011-12-31,H3260_v1_4
144658,222498,199266,2010-04-14,NA,14,0,NA,2010-01-01,2011-12-31,H3260_v1_4
224975,210560,206194,2010-04-13,0.19,3.1,0.046,NA,2010-01-01,2011-12-31,H3260_v1_4
206652,203131,209305,2010-04-14,0.2,1.1,0.04,NA,2010-01-01,2011-12-31,H3260_v1_4
123478,178983,208404,2010-04-19,0,0.8,0.044,NA,2010-01-01,2011-12-31,H3260_v1_4
73328,188436,209764,2010-06-16,0.29,0.29,0.22,NA,2010-01-01,2011-12-31,H3260_v1_4
124070,193214,226862,2010-06-21,1.5,0.77,0.037,NA,2010-01-01,2011-12-31,H3260_v1_4
123886,185176,214902,2010-06-21,0.3,2.5,0.062,NA,2010-01-01,2011-12-31,H3260_v1_4
38402,197860,216731,2010-06-21,0,0,0,NA,2010-01-01,2011-12-31,H3260_v1_4
241552,230674,203278,2010-06-28,0,6.7,0.053,NA,2010-01-01,2011-12-31,H3260_v1_4
114568,228223,179702,2010-06-30,0.23,0.8,0,NA,2010-01-01,2011-12-31,H3260_v1_4
212371,244877,161556,2010-07-05,0,3.5,0.72,NA,2010-01-01,2011-12-31,H3260_v1_4
213836,241452,197091,2010-05-17,0.12,3,0.057,NA,2010-01-01,2011-12-31,H3260_v1_4
123574,187346,210000,2010-05-17,0.13,0.97,0.048,NA,2010-01-01,2011-12-31,H3260_v1_4
174514,97584,197275,2010-05-10,0.31,1.1,0.05,NA,2010-01-01,2011-12-31,H3260_v1_4
5572,154668,226184,2010-05-27,0,0,0,NA,2010-01-01,2011-12-31,H3260_v1_4
106589,173326,239626,2010-06-02,0.35,1.3,0.061,NA,2010-01-01,2011-12-31,H3260_v1_4
238759,225609,198258,2010-06-16,NA,9.4,0,NA,2010-01-01,2011-12-31,H3260_v1_4
238515,223950,218080,2010-06-16,0.61,3.5,0.12,NA,2010-01-01,2011-12-31,H3260_v1_4
255415,228750,210246,2010-04-20,0.39,8,0,NA,2010-01-01,2011-12-31,H3260_v1_4
255415,228750,210246,2010-05-04,0.16,9.4,0.051,NA,2010-01-01,2011-12-31,H3260_v1_4
218390,232321,177163,2010-05-05,0.22,1.6,0.042,NA,2010-01-01,2011-12-31,H3260_v1_4
114575,228740,179160,2010-05-06,0.21,0.42,0,NA,2010-01-01,2011-12-31,H3260_v1_4
124176,204796,204545,2010-07-08,0,0.35,0.053,NA,2010-01-01,2011-12-31,H3260_v1_4
241552,230674,203278,2010-07-07,1,5.8,0.051,NA,2010-01-01,2011-12-31,H3260_v1_4
228080,215500,183020,2010-07-13,1.4,0.44,0.4,NA,2010-01-01,2011-12-31,H3260_v1_4
204986,244766,184401,2010-07-28,3.5,0.18,0.4,NA,2010-01-01,2011-12-31,H3260_v1_4
123559,185896,209550,2010-07-15,0.45,0.71,0.052,NA,2010-01-01,2011-12-31,H3260_v1_4
73328,188436,209764,2010-07-15,3.2,4.1,0.34,NA,2010-01-01,2011-12-31,H3260_v1_4
111580,184931,233174,2005-11-09,0.2,1.27,0.075,NA,2000-01-01,2006-12-31,H3260_v1_0
45938,206821,205572,2005-11-21,0.34,0,0,NA,2000-01-01,2006-12-31,H3260_v1_0
255316,228451,217921,2005-11-28,0,2.82,0.071,NA,2000-01-01,2006-12-31,H3260_v1_0
238570,223718,213525,2005-11-29,0.67,3.71,0.163,NA,2000-01-01,2006-12-31,H3260_v1_0
123530,183551,208274,2005-11-29,0.5,2.2,0.03,NA,2000-01-01,2006-12-31,H3260_v1_0
123717,198919,214642,2005-11-29,0,1,0,NA,2000-01-01,2006-12-31,H3260_v1_0
123530,183551,208274,2005-12-06,0.6,1.54,0.152,NA,2000-01-01,2006-12-31,H3260_v1_0
123717,198919,214642,2005-12-06,0.27,0.92,0.11,NA,2000-01-01,2006-12-31,H3260_v1_0
45938,206821,205572,2005-12-07,0.41,0.6,0.15,NA,2000-01-01,2006-12-31,H3260_v1_0
241605,230272,199364,2005-12-06,0.2,7.01,0,NA,2000-01-01,2006-12-31,H3260_v1_0
111580,184931,233174,2005-12-12,0.69,4.05,0.119,NA,2000-01-01,2006-12-31,H3260_v1_0
238570,223718,213525,2006-01-10,1.56,4.09,0.254,NA,2000-01-01,2006-12-31,H3260_v1_0
111580,184931,233174,2006-01-12,0.876,4.38,0.101,NA,2000-01-01,2006-12-31,H3260_v1_0
33385,183472,213552,2006-01-12,2.08,1.37,0.219,NA,2000-01-01,2006-12-31,H3260_v1_0
123717,198919,214642,2006-01-16,0.249,1.04,0.122,NA,2000-01-01,2006-12-31,H3260_v1_0
123530,183551,208274,2006-01-16,0.584,1.21,0.091,NA,2000-01-01,2006-12-31,H3260_v1_0
45938,206821,205572,2006-01-18,0.399,0.556,0.165,NA,2000-01-01,2006-12-31,H3260_v1_0
238570,223718,213525,2006-02-08,2.17,4.4,0.199,NA,2000-01-01,2006-12-31,H3260_v1_0
111580,184931,233174,2006-02-08,1.69,3.99,0.157,NA,2000-01-01,2006-12-31,H3260_v1_0
33385,183472,213552,2006-02-09,2.58,1.46,0.173,NA,2000-01-01,2006-12-31,H3260_v1_0
123717,198919,214642,2006-02-13,0.541,1.52,0,NA,2000-01-01,2006-12-31,H3260_v1_0
123530,183551,208274,2006-02-13,1.11,1.65,0,NA,2000-01-01,2006-12-31,H3260_v1_0
45938,206821,205572,2006-02-14,0.262,0.614,0.095,NA,2000-01-01,2006-12-31,H3260_v1_0
45938,206821,205572,2006-02-09,NA,0.747,0.1,NA,2000-01-01,2006-12-31,H3260_v1_0
123530,183551,208274,2006-02-21,0.85,3,0.12,NA,2000-01-01,2006-12-31,H3260_v1_0
123717,198919,214642,2006-02-21,0.6,2.8,0.05,NA,2000-01-01,2006-12-31,H3260_v1_0
238570,223718,213525,2006-03-07,1.16,5.57,0.232,NA,2000-01-01,2006-12-31,H3260_v1_0
111580,184931,233174,2006-03-08,0.706,9.03,0.142,NA,2000-01-01,2006-12-31,H3260_v1_0
33385,183472,213552,2006-03-09,0.954,2.24,0.23,NA,2000-01-01,2006-12-31,H3260_v1_0
123717,198919,214642,2006-03-14,0.289,1.74,0.147,NA,2000-01-01,2006-12-31,H3260_v1_0
123530,183551,208274,2006-03-14,0.766,2.52,0.174,NA,2000-01-01,2006-12-31,H3260_v1_0
45938,206821,205572,2006-03-20,0.225,0.763,0,NA,2000-01-01,2006-12-31,H3260_v1_0
238570,223718,213525,2006-04-04,0.542,4.91,0.166,NA,2000-01-01,2006-12-31,H3260_v1_0
33385,183472,213552,2006-04-07,0.42,1.76,0.12,NA,2000-01-01,2006-12-31,H3260_v1_0
111580,184931,233174,2006-04-10,0.702,5.36,0,NA,2000-01-01,2006-12-31,H3260_v1_0
123530,183551,208274,2006-04-12,0.789,1.4,0.134,NA,2000-01-01,2006-12-31,H3260_v1_0
123717,198919,214642,2006-04-12,0,0.949,0.115,NA,2000-01-01,2006-12-31,H3260_v1_0
45938,206821,205572,2006-04-13,0,0.494,0.091,NA,2000-01-01,2006-12-31,H3260_v1_0
123530,183551,208274,2006-04-24,0.6,1.2,0.03,NA,2000-01-01,2006-12-31,H3260_v1_0
123717,198919,214642,2006-04-24,0.36,1.2,0.06,NA,2000-01-01,2006-12-31,H3260_v1_0
33385,183472,213552,2006-05-05,0.25,2.23,0.077,NA,2000-01-01,2006-12-31,H3260_v1_0
111580,184931,233174,2005-10-11,0,1.7,0,NA,2000-01-01,2006-12-31,H3260_v1_0
124070,193214,226862,2010-07-20,0.26,0.33,0.24,NA,2010-01-01,2011-12-31,H3260_v1_4
123886,185176,214902,2010-07-20,0,1.3,0,NA,2010-01-01,2011-12-31,H3260_v1_4
38402,197860,216731,2010-07-20,0.11,0.14,0,NA,2010-01-01,2011-12-31,H3260_v1_4
212371,244877,161556,2010-08-02,0,3.9,0.49,NA,2010-01-01,2011-12-31,H3260_v1_4
103391,189477,197117,2009-06-03,0,1.18,0.161,NA,2008-01-01,2009-12-31,H3260_v1_3
204986,244766,184401,2009-06-12,0.573,0.775,0.084,NA,2008-01-01,2009-12-31,H3260_v1_3
249683,208625,203839,2009-06-10,0.513,1.41,0,NA,2008-01-01,2009-12-31,H3260_v1_3
218803,250356,161314,2010-05-10,0.23,8.5,0.11,NA,2010-01-01,2011-12-31,H3260_v1_4
144658,222498,199266,2010-05-11,NA,13,0,NA,2010-01-01,2011-12-31,H3260_v1_4
218803,250356,161314,2009-09-07,0.148,8.37,0.13,NA,2008-01-01,2009-12-31,H3260_v1_3
144658,222498,199266,2009-09-14,NA,19,NA,NA,2008-01-01,2009-12-31,H3260_v1_3
255415,228750,210246,2009-09-16,0,3.6,0,NA,2008-01-01,2009-12-31,H3260_v1_3
206652,203131,209305,2009-09-10,0,1.5,0,NA,2008-01-01,2009-12-31,H3260_v1_3
212371,244877,161556,2009-06-08,0.134,6.05,0.269,NA,2008-01-01,2009-12-31,H3260_v1_3
241552,230674,203278,2009-06-15,0.7,5.71,0.052,NA,2008-01-01,2009-12-31,H3260_v1_3
123559,185896,209550,2009-06-15,0.183,1.35,0.031,NA,2008-01-01,2009-12-31,H3260_v1_3
224975,210560,206194,2009-09-11,0,0.49,0,NA,2008-01-01,2009-12-31,H3260_v1_3
218803,250356,161314,2010-11-03,0.83,6.9,0.27,NA,2010-01-01,2011-12-31,H3260_v1_4
218390,232321,177163,2010-11-16,0.33,1.9,0.031,NA,2010-01-01,2011-12-31,H3260_v1_4
38402,197860,216731,2009-06-18,0.192,0.469,0,NA,2008-01-01,2009-12-31,H3260_v1_3
103391,189477,197117,2009-07-02,0.15,0.267,0.055,NA,2008-01-01,2009-12-31,H3260_v1_3
212371,244877,161556,2009-07-06,0.161,7.55,0.519,NA,2008-01-01,2009-12-31,H3260_v1_3
241552,230674,203278,2009-07-13,0.44,4.88,0.048,NA,2008-01-01,2009-12-31,H3260_v1_3
221004,245672,183550,2010-11-22,0.98,4.4,0.2,NA,2010-01-01,2011-12-31,H3260_v1_4
144658,222498,199266,2010-11-23,NA,16,0,NA,2010-01-01,2011-12-31,H3260_v1_4
114575,228740,179160,2010-11-24,0.19,0.8,0,NA,2010-01-01,2011-12-31,H3260_v1_4
255415,228750,210246,2010-11-30,0.16,6.7,0,NA,2010-01-01,2011-12-31,H3260_v1_4
224975,210560,206194,2010-11-09,0.12,0.77,0.076,NA,2010-01-01,2011-12-31,H3260_v1_4
206652,203131,209305,2010-11-10,0.26,1.1,0.06,NA,2010-01-01,2011-12-31,H3260_v1_4
123478,178983,208404,2010-11-18,0.53,2.1,0.15,NA,2010-01-01,2011-12-31,H3260_v1_4
249683,208625,203839,2009-07-13,0,2.17,0.032,NA,2008-01-01,2009-12-31,H3260_v1_3
38402,197860,216731,2009-07-15,0.136,0.175,0.038,NA,2008-01-01,2009-12-31,H3260_v1_3
123559,185896,209550,2009-07-16,0.108,0.837,0.051,NA,2008-01-01,2009-12-31,H3260_v1_3
111617,186904,232114,2010-11-16,0.43,2.6,0.25,NA,2010-01-01,2011-12-31,H3260_v1_4
84207,151545,223322,2010-11-17,0.48,1.7,0,NA,2010-01-01,2011-12-31,H3260_v1_4
218803,250356,161314,2010-12-01,0.33,7.7,0.13,NA,2010-01-01,2011-12-31,H3260_v1_4
221004,245672,183550,2010-12-06,0.68,3.2,0.29,NA,2010-01-01,2011-12-31,H3260_v1_4
255415,228750,210246,2010-12-08,0.23,7.1,0,NA,2010-01-01,2011-12-31,H3260_v1_4
204986,244766,184401,2009-07-29,0,0.212,0.151,NA,2008-01-01,2009-12-31,H3260_v1_3
103391,189477,197117,2009-08-05,0.147,0,0.075,NA,2008-01-01,2009-12-31,H3260_v1_3
249683,208625,203839,2009-08-12,0,1.62,0.034,NA,2008-01-01,2009-12-31,H3260_v1_3
38434,200014,218405,2010-12-06,0.57,2,0.15,NA,2010-01-01,2011-12-31,H3260_v1_4
218390,232321,177163,2010-12-13,0.29,2,0.032,NA,2010-01-01,2011-12-31,H3260_v1_4
114575,228740,179160,2010-12-16,0.35,0.75,0,NA,2010-01-01,2011-12-31,H3260_v1_4
224975,210560,206194,2010-12-08,0.24,1.1,0.089,NA,2010-01-01,2011-12-31,H3260_v1_4
206652,203131,209305,2010-12-08,0.36,1.2,0.065,NA,2010-01-01,2011-12-31,H3260_v1_4
241552,230674,203278,2009-08-04,0.915,5.45,0.081,NA,2008-01-01,2009-12-31,H3260_v1_3
212371,244877,161556,2009-08-10,0,6.02,0.403,NA,2008-01-01,2009-12-31,H3260_v1_3
204986,244766,184401,2009-08-17,3.08,0.376,0.411,NA,2008-01-01,2009-12-31,H3260_v1_3
123559,185896,209550,2009-08-13,0.172,0.697,0.096,NA,2008-01-01,2009-12-31,H3260_v1_3
123478,178983,208404,2010-12-09,0.74,1.9,0.1,NA,2010-01-01,2011-12-31,H3260_v1_4
218390,232321,177163,2011-01-17,0.21,2,0,NA,2010-01-01,2011-12-31,H3260_v1_4
38402,197860,216731,2009-08-20,0,2.35,0,NA,2008-01-01,2009-12-31,H3260_v1_3
212371,244877,161556,2009-09-07,0.1,6.3,0.374,NA,2008-01-01,2009-12-31,H3260_v1_3
241552,230674,203278,2009-09-15,1.8,4.5,0.11,NA,2008-01-01,2009-12-31,H3260_v1_3
249683,208625,203839,2009-09-10,0,1.9,0,NA,2008-01-01,2009-12-31,H3260_v1_3
47686,179707,243397,2011-01-12,0.48,12,0.052,NA,2010-01-01,2011-12-31,H3260_v1_4
221004,245672,183550,2011-01-24,1.1,4.2,0.18,NA,2010-01-01,2011-12-31,H3260_v1_4
224975,210560,206194,2011-01-13,0.28,1.5,0.079,NA,2010-01-01,2011-12-31,H3260_v1_4
255415,228750,210246,2011-01-26,0.31,9.1,0.043,NA,2010-01-01,2011-12-31,H3260_v1_4
212371,244877,161556,2010-11-03,0.17,4.2,0.36,NA,2010-01-01,2011-12-31,H3260_v1_4
228080,215500,183020,2010-11-17,0.84,4.3,0.13,NA,2010-01-01,2011-12-31,H3260_v1_4
241552,230674,203278,2010-11-18,0.51,6.4,0.037,NA,2010-01-01,2011-12-31,H3260_v1_4
204986,244766,184401,2010-11-22,0.79,0.77,0.07,NA,2010-01-01,2011-12-31,H3260_v1_4
114568,228223,179702,2010-11-24,0.32,0.38,0,NA,2010-01-01,2011-12-31,H3260_v1_4
144658,222498,199266,2011-01-26,NA,13,0.059,NA,2010-01-01,2011-12-31,H3260_v1_4
111617,186904,232114,2011-01-17,NA,3.1,0.15,NA,2010-01-01,2011-12-31,H3260_v1_4
206652,203131,209305,2011-01-18,0.39,1.3,0.065,NA,2010-01-01,2011-12-31,H3260_v1_4
38434,200014,218405,2011-01-20,0.37,2.4,0.17,NA,2010-01-01,2011-12-31,H3260_v1_4
123729,199875,214338,2011-01-24,0.24,0.94,0.048,NA,2010-01-01,2011-12-31,H3260_v1_4
103391,189477,197117,2010-11-09,0.72,0.41,0.21,NA,2010-01-01,2011-12-31,H3260_v1_4
124176,204796,204545,2010-11-10,0,0.73,0.078,NA,2010-01-01,2011-12-31,H3260_v1_4
123559,185896,209550,2010-11-18,0.54,2,0.11,NA,2010-01-01,2011-12-31,H3260_v1_4
73328,188436,209764,2010-11-18,0.52,0.85,0.39,NA,2010-01-01,2011-12-31,H3260_v1_4
124070,193214,226862,2010-11-22,0.55,2.6,0.1,NA,2010-01-01,2011-12-31,H3260_v1_4
123886,185176,214902,2010-11-22,0.86,2.1,0.12,NA,2010-01-01,2011-12-31,H3260_v1_4
38402,197860,216731,2010-11-22,0.34,2,0.1,NA,2010-01-01,2011-12-31,H3260_v1_4
212371,244877,161556,2010-12-01,0.49,5.7,0.17,NA,2010-01-01,2011-12-31,H3260_v1_4
224975,210560,206194,2011-02-03,0.2,1.1,0.068,NA,2010-01-01,2011-12-31,H3260_v1_4
218390,232321,177163,2011-02-09,0.21,2.2,0.025,NA,2010-01-01,2011-12-31,H3260_v1_4
47686,179707,243397,2011-02-09,0.58,8.2,0.057,NA,2010-01-01,2011-12-31,H3260_v1_4
111617,186904,232114,2011-02-09,0.67,2.1,0.093,NA,2010-01-01,2011-12-31,H3260_v1_4
221004,245672,183550,2011-02-21,2.1,4.1,0.4,NA,2010-01-01,2011-12-31,H3260_v1_4
204986,244766,184401,2010-12-06,0.79,0.9,0.073,NA,2010-01-01,2011-12-31,H3260_v1_4
228080,215500,183020,2010-12-14,1.9,5,0.13,NA,2010-01-01,2011-12-31,H3260_v1_4
114568,228223,179702,2010-12-16,0.48,0.65,0,NA,2010-01-01,2011-12-31,H3260_v1_4
103391,189477,197117,2010-12-08,0.92,0.53,0.2,NA,2010-01-01,2011-12-31,H3260_v1_4
255415,228750,210246,2011-02-23,0.12,8.9,0,NA,2010-01-01,2011-12-31,H3260_v1_4
206652,203131,209305,2011-02-14,0.34,1.3,0.061,NA,2010-01-01,2011-12-31,H3260_v1_4
38434,200014,218405,2011-02-16,0.39,2.2,0.12,NA,2010-01-01,2011-12-31,H3260_v1_4
123729,199875,214338,2011-02-17,0.21,0.84,0.049,NA,2010-01-01,2011-12-31,H3260_v1_4
84207,151545,223322,2011-02-21,NA,1.3,0,NA,2010-01-01,2011-12-31,H3260_v1_4
124176,204796,204545,2010-12-08,0.28,1.5,0.081,NA,2010-01-01,2011-12-31,H3260_v1_4
123559,185896,209550,2010-12-09,0.76,1.9,0.11,NA,2010-01-01,2011-12-31,H3260_v1_4
73328,188436,209764,2010-12-09,0.91,1.4,0.39,NA,2010-01-01,2011-12-31,H3260_v1_4
124070,193214,226862,2010-12-09,0.66,3.5,0.1,NA,2010-01-01,2011-12-31,H3260_v1_4
123886,185176,214902,2010-12-09,1.2,2.2,0.13,NA,2010-01-01,2011-12-31,H3260_v1_4
38402,197860,216731,2010-12-13,0.23,1,0,NA,2010-01-01,2011-12-31,H3260_v1_4
218390,232321,177163,2011-03-08,0.16,2.4,0.034,NA,2010-01-01,2011-12-31,H3260_v1_4
144658,222498,199266,2011-02-24,NA,14,0,NA,2010-01-01,2011-12-31,H3260_v1_4
224975,210560,206194,2011-03-03,0.63,1.4,0.096,NA,2010-01-01,2011-12-31,H3260_v1_4
111617,186904,232114,2011-03-07,NA,2.3,0.15,NA,2010-01-01,2011-12-31,H3260_v1_4
47686,179707,243397,2011-03-08,0.35,8.8,0.067,NA,2010-01-01,2011-12-31,H3260_v1_4
241552,230674,203278,2010-12-17,0.42,5.8,0.086,NA,2010-01-01,2011-12-31,H3260_v1_4
228080,215500,183020,2011-01-10,1,4.3,0.13,NA,2010-01-01,2011-12-31,H3260_v1_4
212371,244877,161556,2011-01-17,0.16,8.4,0.12,NA,2010-01-01,2011-12-31,H3260_v1_4
204986,244766,184401,2011-01-24,0.63,1.5,0.1,NA,2010-01-01,2011-12-31,H3260_v1_4
241552,230674,203278,2011-01-25,0.38,8.1,0.045,NA,2010-01-01,2011-12-31,H3260_v1_4
241434,238265,208445,2011-01-25,0.39,6.3,0.058,NA,2010-01-01,2011-12-31,H3260_v1_4
206652,203131,209305,2011-03-09,0.22,1.7,0.063,NA,2010-01-01,2011-12-31,H3260_v1_4
38434,200014,218405,2011-03-16,0.24,0.21,0.061,NA,2010-01-01,2011-12-31,H3260_v1_4
123729,199875,214338,2011-03-17,0,0.8,0.027,NA,2010-01-01,2011-12-31,H3260_v1_4
221004,245672,183550,2011-03-23,0.39,5.9,0.095,NA,2010-01-01,2011-12-31,H3260_v1_4
255415,228750,210246,2011-03-29,0,8.4,0,NA,2010-01-01,2011-12-31,H3260_v1_4
144658,222498,199266,2011-03-29,NA,12,0,NA,2010-01-01,2011-12-31,H3260_v1_4
255415,228750,210246,2011-03-23,0,8.6,0,NA,2010-01-01,2011-12-31,H3260_v1_4
255366,228571,213970,2011-03-23,0.19,4.8,0,NA,2010-01-01,2011-12-31,H3260_v1_4
218390,232321,177163,2011-04-11,0.12,2.1,0,NA,2010-01-01,2011-12-31,H3260_v1_4
238570,223718,213525,2006-05-10,0.222,4.62,0.179,NA,2000-01-01,2006-12-31,H3260_v1_0
238570,223718,213525,2006-06-12,0,7.1,0.175,NA,2000-01-01,2006-12-31,H3260_v1_0
33385,183472,213552,2006-06-09,0.246,4.07,0,NA,2000-01-01,2006-12-31,H3260_v1_0
123717,198919,214642,2006-06-12,0,1.37,0.142,NA,2000-01-01,2006-12-31,H3260_v1_0
111580,184931,233174,2006-06-12,0.471,3.78,0,NA,2000-01-01,2006-12-31,H3260_v1_0
123530,183551,208274,2006-06-12,0,1.07,0,NA,2000-01-01,2006-12-31,H3260_v1_0
45938,206821,205572,2006-06-14,0.237,0.45,0.106,NA,2000-01-01,2006-12-31,H3260_v1_0
123530,183551,208274,2006-06-27,0.62,1.3,0.03,NA,2000-01-01,2006-12-31,H3260_v1_0
123717,198919,214642,2006-06-27,0.41,0,0.04,NA,2000-01-01,2006-12-31,H3260_v1_0
238570,223718,213525,2006-07-18,0,3.69,0.092,NA,2000-01-01,2006-12-31,H3260_v1_0
33385,183472,213552,2006-07-07,1.03,2.54,0.116,NA,2000-01-01,2006-12-31,H3260_v1_0
111580,184931,233174,2006-07-12,0,1.25,0,NA,2000-01-01,2006-12-31,H3260_v1_0
123530,183551,208274,2006-07-12,0,0.959,0,NA,2000-01-01,2006-12-31,H3260_v1_0
123717,198919,214642,2006-07-12,0,0.48,0,NA,2000-01-01,2006-12-31,H3260_v1_0
45938,206821,205572,2006-07-13,0,0.309,0.073,NA,2000-01-01,2006-12-31,H3260_v1_0
33385,183472,213552,2006-08-02,4.28,1.98,0.189,NA,2000-01-01,2006-12-31,H3260_v1_0
123717,198919,214642,2006-08-09,0,0.44,0,NA,2000-01-01,2006-12-31,H3260_v1_0
111580,184931,233174,2006-08-09,0,2.03,0.107,NA,2000-01-01,2006-12-31,H3260_v1_0
123530,183551,208274,2006-08-09,0.21,1.05,0,NA,2000-01-01,2006-12-31,H3260_v1_0
45938,206821,205572,2006-08-10,0,0.33,0,NA,2000-01-01,2006-12-31,H3260_v1_0
238570,223718,213525,2006-08-01,0.596,2.6,0.147,NA,2000-01-01,2006-12-31,H3260_v1_0
238570,223718,213525,2006-09-20,0.812,4.3,0.098,NA,2000-01-01,2006-12-31,H3260_v1_0
123530,183551,208274,2006-08-28,0,1.2,0.08,NA,2000-01-01,2006-12-31,H3260_v1_0
123717,198919,214642,2006-08-28,0,0,0.06,NA,2000-01-01,2006-12-31,H3260_v1_0
123717,198919,214642,2006-09-05,0,1.01,0.075,NA,2000-01-01,2006-12-31,H3260_v1_0
123530,183551,208274,2006-09-07,0,1.45,0.15,NA,2000-01-01,2006-12-31,H3260_v1_0
33385,183472,213552,2006-09-07,0,2.87,0,NA,2000-01-01,2006-12-31,H3260_v1_0
111580,184931,233174,2006-09-11,0,2.41,0.098,NA,2000-01-01,2006-12-31,H3260_v1_0
45938,206821,205572,2006-09-11,0.251,0.333,0.079,NA,2000-01-01,2006-12-31,H3260_v1_0
238570,223718,213525,2006-10-04,0.222,4.89,0.099,NA,2000-01-01,2006-12-31,H3260_v1_0
33385,183472,213552,2006-10-04,0,2.19,0.086,NA,2000-01-01,2006-12-31,H3260_v1_0
123530,183551,208274,2006-10-06,0,0.98,0,NA,2000-01-01,2006-12-31,H3260_v1_0
123717,198919,214642,2006-10-06,0.277,0.744,0.096,NA,2000-01-01,2006-12-31,H3260_v1_0
111580,184931,233174,2006-10-09,0,1.89,0.113,NA,2000-01-01,2006-12-31,H3260_v1_0
45938,206821,205572,2006-10-09,0.241,0.325,0.089,NA,2000-01-01,2006-12-31,H3260_v1_0
123530,183551,208274,2006-10-23,0.48,1.3,0.02,NA,2000-01-01,2006-12-31,H3260_v1_0
123717,198919,214642,2006-10-23,0.54,1,0,NA,2000-01-01,2006-12-31,H3260_v1_0
123530,183551,208274,2006-11-06,0,1.21,0.083,NA,2000-01-01,2006-12-31,H3260_v1_0
123717,198919,214642,2006-11-06,0.758,1,0.109,NA,2000-01-01,2006-12-31,H3260_v1_0
45938,206821,205572,2006-11-09,0.303,0.317,0,NA,2000-01-01,2006-12-31,H3260_v1_0
33385,183472,213552,2006-11-10,0,6.27,0.085,NA,2000-01-01,2006-12-31,H3260_v1_0
111580,184931,233174,2006-11-13,0.698,2.78,0.139,NA,2000-01-01,2006-12-31,H3260_v1_0
238570,223718,213525,2006-11-28,0.569,5.01,0.14,NA,2000-01-01,2006-12-31,H3260_v1_0
45938,206821,205572,2006-11-24,NA,0.932,0,NA,2000-01-01,2006-12-31,H3260_v1_0
111580,184931,233174,2005-04-12,0.46,3.75,0.07,NA,2000-01-01,2006-12-31,H3260_v1_0
103391,189477,197117,2011-01-13,0.44,0.91,0.19,NA,2010-01-01,2011-12-31,H3260_v1_4
38402,197860,216731,2009-12-14,0.38,1.5,0.094,NA,2008-01-01,2009-12-31,H3260_v1_3
103391,189477,197117,2010-01-07,0.92,0.38,0.087,NA,2010-01-01,2011-12-31,H3260_v1_4
228080,215500,183020,2010-01-12,3,4.4,0.23,NA,2010-01-01,2011-12-31,H3260_v1_4
47686,179707,243397,2011-04-06,0,4.5,0,NA,2010-01-01,2011-12-31,H3260_v1_4
218390,232321,177163,2010-03-16,2.9,1.8,0.17,NA,2010-01-01,2011-12-31,H3260_v1_4
221004,245672,183550,2011-06-20,0.56,2.6,0.43,NA,2010-01-01,2011-12-31,H3260_v1_4
144658,222498,199266,2011-06-22,NA,20,0,NA,2010-01-01,2011-12-31,H3260_v1_4
255415,228750,210246,2011-06-22,0.21,3.8,0,NA,2010-01-01,2011-12-31,H3260_v1_4
204986,244766,184401,2010-01-18,2.2,4.3,0.11,NA,2010-01-01,2011-12-31,H3260_v1_4
212371,244877,161556,2010-01-19,0.17,8.2,0.13,NA,2010-01-01,2011-12-31,H3260_v1_4
124176,204796,204545,2010-01-14,0.5,1.3,0.089,NA,2010-01-01,2011-12-31,H3260_v1_4
123559,185896,209550,2010-01-18,0.64,1.8,0.12,NA,2010-01-01,2011-12-31,H3260_v1_4
73328,188436,209764,2010-01-18,0.81,1.6,0.25,NA,2010-01-01,2011-12-31,H3260_v1_4
114568,228223,179702,2010-01-21,0.28,0.72,0.024,NA,2010-01-01,2011-12-31,H3260_v1_4
124070,193214,226862,2010-01-20,0.58,6.8,0.071,NA,2010-01-01,2011-12-31,H3260_v1_4
218390,232321,177163,2011-07-07,0,2,0.042,NA,2010-01-01,2011-12-31,H3260_v1_4
38434,200014,218405,2011-06-21,0,0,0.032,NA,2010-01-01,2011-12-31,H3260_v1_4
123729,199875,214338,2011-06-22,0.12,0.63,0,NA,2010-01-01,2011-12-31,H3260_v1_4
255415,228750,210246,2011-06-23,0.36,3.4,0,NA,2010-01-01,2011-12-31,H3260_v1_4
255366,228571,213970,2011-06-23,0.19,2.3,0.064,NA,2010-01-01,2011-12-31,H3260_v1_4
123886,185176,214902,2010-01-20,0.64,3.5,0.079,NA,2010-01-01,2011-12-31,H3260_v1_4
38402,197860,216731,2010-01-20,0.43,2,0.075,NA,2010-01-01,2011-12-31,H3260_v1_4
241552,230674,203278,2010-01-26,0.46,9,0.043,NA,2010-01-01,2011-12-31,H3260_v1_4
212371,244877,161556,2010-02-02,0.32,6.5,0.12,NA,2010-01-01,2011-12-31,H3260_v1_4
114568,228223,179702,2010-02-03,0.22,0.93,0.027,NA,2010-01-01,2011-12-31,H3260_v1_4
204986,244766,184401,2010-02-08,0.54,1,0.032,NA,2010-01-01,2011-12-31,H3260_v1_4
221004,245672,183550,2011-07-14,1.8,3.4,0.22,NA,2010-01-01,2011-12-31,H3260_v1_4
47686,179707,243397,2011-07-06,0.12,2,0.052,NA,2010-01-01,2011-12-31,H3260_v1_4
206652,203131,209305,2011-07-13,0.12,0.98,0.037,NA,2010-01-01,2011-12-31,H3260_v1_4
224975,210560,206194,2011-07-14,0.14,0.64,0.1,NA,2010-01-01,2011-12-31,H3260_v1_4
241552,230674,203278,2010-02-11,0.36,8,0.029,NA,2010-01-01,2011-12-31,H3260_v1_4
103391,189477,197117,2010-02-04,0.55,1.1,0.12,NA,2010-01-01,2011-12-31,H3260_v1_4
228080,215500,183020,2010-02-16,3.2,4.4,0.18,NA,2010-01-01,2011-12-31,H3260_v1_4
124176,204796,204545,2010-02-08,0.32,1.5,0.059,NA,2010-01-01,2011-12-31,H3260_v1_4
123559,185896,209550,2010-02-10,0.66,1.8,0.072,NA,2010-01-01,2011-12-31,H3260_v1_4
255415,228750,210246,2011-07-27,0,3.8,0,NA,2010-01-01,2011-12-31,H3260_v1_4
144658,222498,199266,2011-07-27,NA,22,0,NA,2010-01-01,2011-12-31,H3260_v1_4
38434,200014,218405,2011-07-19,0,0.13,0.068,NA,2010-01-01,2011-12-31,H3260_v1_4
123729,199875,214338,2011-07-20,0,0.38,0,NA,2010-01-01,2011-12-31,H3260_v1_4
221004,245672,183550,2011-08-02,0,3.1,0.069,NA,2010-01-01,2011-12-31,H3260_v1_4
123530,183551,208274,2006-12-05,0.698,1.53,0.273,NA,2000-01-01,2006-12-31,H3260_v1_0
123717,198919,214642,2006-12-05,0.374,1.37,0.084,NA,2000-01-01,2006-12-31,H3260_v1_0
33385,183472,213552,2006-12-06,0.324,2.59,0.161,NA,2000-01-01,2006-12-31,H3260_v1_0
45938,206821,205572,2006-12-08,0.376,0.863,0,NA,2000-01-01,2006-12-31,H3260_v1_0
111580,184931,233174,2006-12-11,1.18,9.57,0.152,NA,2000-01-01,2006-12-31,H3260_v1_0
73328,188436,209764,2010-02-10,1.2,1.6,0.33,NA,2010-01-01,2011-12-31,H3260_v1_4
124070,193214,226862,2010-02-11,0.66,4.7,0.071,NA,2010-01-01,2011-12-31,H3260_v1_4
123886,185176,214902,2010-02-11,1.3,2.2,0.082,NA,2010-01-01,2011-12-31,H3260_v1_4
38402,197860,216731,2010-02-11,0.46,1.2,0.042,NA,2010-01-01,2011-12-31,H3260_v1_4
212371,244877,161556,2010-03-02,0.17,7.2,0.094,NA,2010-01-01,2011-12-31,H3260_v1_4
204986,244766,184401,2010-03-03,0.47,0.97,0.042,NA,2010-01-01,2011-12-31,H3260_v1_4
218390,232321,177163,2011-08-08,0.82,2,0,NA,2010-01-01,2011-12-31,H3260_v1_4
255415,228750,210246,2011-08-09,0,3.9,0,NA,2010-01-01,2011-12-31,H3260_v1_4
144658,222498,199266,2011-08-09,NA,19,0,NA,2010-01-01,2011-12-31,H3260_v1_4
47686,179707,243397,2011-08-03,0,4.4,0.071,NA,2010-01-01,2011-12-31,H3260_v1_4
224975,210560,206194,2011-08-04,0,0.82,0,NA,2010-01-01,2011-12-31,H3260_v1_4
111617,186904,232114,2011-08-08,0,1,0.061,NA,2010-01-01,2011-12-31,H3260_v1_4
206652,203131,209305,2011-08-09,0,0.91,0,NA,2010-01-01,2011-12-31,H3260_v1_4
123729,199875,214338,2011-08-18,0,0.27,0,NA,2010-01-01,2011-12-31,H3260_v1_4
221004,245672,183550,2011-09-05,0.73,0.46,0.71,NA,2010-01-01,2011-12-31,H3260_v1_4
241552,230674,203278,2010-03-08,0.32,8.4,0.031,NA,2010-01-01,2011-12-31,H3260_v1_4
103391,189477,197117,2010-03-04,0.52,0.75,0.16,NA,2010-01-01,2011-12-31,H3260_v1_4
124176,204796,204545,2010-03-08,0.37,1.7,0.091,NA,2010-01-01,2011-12-31,H3260_v1_4
114568,228223,179702,2010-03-11,0.37,0.67,0,NA,2010-01-01,2011-12-31,H3260_v1_4
123559,185896,209550,2010-03-10,0.72,1.7,0.082,NA,2010-01-01,2011-12-31,H3260_v1_4
73328,188436,209764,2010-03-10,0.91,1.8,0.3,NA,2010-01-01,2011-12-31,H3260_v1_4
124070,193214,226862,2010-03-11,0.27,5.3,0.08,NA,2010-01-01,2011-12-31,H3260_v1_4
144658,222498,199266,2011-09-07,NA,15,0.044,NA,2010-01-01,2011-12-31,H3260_v1_4
255415,228750,210246,2011-09-07,0.54,2.4,0.06,NA,2010-01-01,2011-12-31,H3260_v1_4
255415,228750,210246,2011-08-24,0.28,3.4,0.046,NA,2010-01-01,2011-12-31,H3260_v1_4
255366,228571,213970,2011-08-24,0.25,2.1,0.08,NA,2010-01-01,2011-12-31,H3260_v1_4
218390,232321,177163,2011-09-14,0.13,1.9,0.04,NA,2010-01-01,2011-12-31,H3260_v1_4
38434,200014,218405,2011-08-22,0,0.26,0.06,NA,2010-01-01,2011-12-31,H3260_v1_4
111617,186904,232114,2011-09-06,0.52,1.7,0.19,NA,2010-01-01,2011-12-31,H3260_v1_4
47686,179707,243397,2011-09-07,0.22,2.4,0.97,NA,2010-01-01,2011-12-31,H3260_v1_4
224975,210560,206194,2011-09-08,0.31,0.84,0.16,NA,2010-01-01,2011-12-31,H3260_v1_4
206652,203131,209305,2011-09-14,0.18,0.79,0.066,NA,2010-01-01,2011-12-31,H3260_v1_4
123729,199875,214338,2011-09-15,0,0.43,0.024,NA,2010-01-01,2011-12-31,H3260_v1_4
123886,185176,214902,2010-03-11,0.89,2.6,0.12,NA,2010-01-01,2011-12-31,H3260_v1_4
38402,197860,216731,2010-03-11,0.35,1.4,0.068,NA,2010-01-01,2011-12-31,H3260_v1_4
228080,215500,183020,2010-03-16,4.2,3.3,0.18,NA,2010-01-01,2011-12-31,H3260_v1_4
204986,244766,184401,2011-06-20,2.9,0.21,0.67,NA,2010-01-01,2011-12-31,H3260_v1_4
241552,230674,203278,2011-06-21,1.2,4.9,0.088,NA,2010-01-01,2011-12-31,H3260_v1_4
241434,238265,208445,2011-06-21,0.19,4.5,0.079,NA,2010-01-01,2011-12-31,H3260_v1_4
123530,183551,208274,2006-12-12,0.9,2.3,0.08,NA,2000-01-01,2006-12-31,H3260_v1_0
123717,198919,214642,2006-12-12,0.34,1.5,0.02,NA,2000-01-01,2006-12-31,H3260_v1_0
45938,206821,205572,2007-01-09,0.3,0.71,0.03,NA,2007-01-01,2007-12-31,H3260_v1_2
38434,200014,218405,2011-09-20,0.29,0.82,0.1,NA,2010-01-01,2011-12-31,H3260_v1_4
221004,245672,183550,2011-10-03,0.16,2.4,0.76,NA,2010-01-01,2011-12-31,H3260_v1_4
255415,228750,210246,2011-10-05,0,4,0,NA,2010-01-01,2011-12-31,H3260_v1_4
144658,222498,199266,2011-10-05,NA,23,0,NA,2010-01-01,2011-12-31,H3260_v1_4
228080,215500,183020,2011-07-05,0.32,4.6,0.17,NA,2010-01-01,2011-12-31,H3260_v1_4
212371,244877,161556,2011-07-12,0,3.2,0.4,NA,2010-01-01,2011-12-31,H3260_v1_4
123886,185176,214902,2011-06-20,1.6,1.2,0.075,NA,2010-01-01,2011-12-31,H3260_v1_4
38402,197860,216731,2011-06-21,0,0.12,0,NA,2010-01-01,2011-12-31,H3260_v1_4
73328,188436,209764,2011-06-21,0,0.76,0.16,NA,2010-01-01,2011-12-31,H3260_v1_4
123559,185896,209550,2011-06-22,0.18,0.95,0,NA,2010-01-01,2011-12-31,H3260_v1_4
255345,228587,215507,2011-06-23,0.15,1.9,0.034,NA,2010-01-01,2011-12-31,H3260_v1_4
218390,232321,177163,2011-10-12,0.1,1.6,0.03,NA,2010-01-01,2011-12-31,H3260_v1_4
47686,179707,243397,2011-10-05,0,1.7,0.029,NA,2010-01-01,2011-12-31,H3260_v1_4
206652,203131,209305,2011-10-12,0.14,1,0.032,NA,2010-01-01,2011-12-31,H3260_v1_4
224975,210560,206194,2011-10-13,0.13,0.64,0.037,NA,2010-01-01,2011-12-31,H3260_v1_4
204986,244766,184401,2011-07-14,2.8,0.61,0.49,NA,2010-01-01,2011-12-31,H3260_v1_4
124176,204796,204545,2011-07-13,0.14,0.36,0.086,NA,2010-01-01,2011-12-31,H3260_v1_4
241552,230674,203278,2011-07-18,0.58,5.1,0.07,NA,2010-01-01,2011-12-31,H3260_v1_4
241434,238265,208445,2011-07-18,0.29,3.4,0.087,NA,2010-01-01,2011-12-31,H3260_v1_4
111580,184931,233174,2007-01-10,0.644,8.32,0.157,NA,2007-01-01,2007-12-31,H3260_v1_2
33385,183472,213552,2007-01-15,0.349,3.35,0.104,NA,2007-01-01,2007-12-31,H3260_v1_2
45938,206821,205572,2007-01-16,0.384,0.965,0.087,NA,2007-01-01,2007-12-31,H3260_v1_2
206717,208591,210830,2007-01-16,0,2.05,0,NA,2007-01-01,2007-12-31,H3260_v1_2
123530,183551,208274,2007-01-17,0.663,2.44,0.075,NA,2007-01-01,2007-12-31,H3260_v1_2
38434,200014,218405,2011-10-18,0.15,0.64,0.034,NA,2010-01-01,2011-12-31,H3260_v1_4
123729,199875,214338,2011-10-20,0,0.75,0,NA,2010-01-01,2011-12-31,H3260_v1_4
144658,222498,199266,2011-11-08,NA,22,0.076,NA,2010-01-01,2011-12-31,H3260_v1_4
255415,228750,210246,2011-11-08,0,4.5,0,NA,2010-01-01,2011-12-31,H3260_v1_4
221004,245672,183550,2011-11-09,1.9,1.3,0.89,NA,2010-01-01,2011-12-31,H3260_v1_4
123886,185176,214902,2011-07-18,0.53,0.73,0.071,NA,2010-01-01,2011-12-31,H3260_v1_4
38402,197860,216731,2011-07-19,0,0.18,0.056,NA,2010-01-01,2011-12-31,H3260_v1_4
73328,188436,209764,2011-07-19,0,0.66,0.15,NA,2010-01-01,2011-12-31,H3260_v1_4
123559,185896,209550,2011-07-20,0,1.1,0.045,NA,2010-01-01,2011-12-31,H3260_v1_4
204986,244766,184401,2011-08-02,0.86,4,0.47,NA,2010-01-01,2011-12-31,H3260_v1_4
241552,230674,203278,2011-08-03,0.54,6.3,0,NA,2010-01-01,2011-12-31,H3260_v1_4
123717,198919,214642,2007-01-17,0,1.22,0,NA,2007-01-01,2007-12-31,H3260_v1_2
238570,223718,213525,2007-01-22,0.494,7.75,0.099,NA,2007-01-01,2007-12-31,H3260_v1_2
40649,206487,204467,2007-01-16,0.303,1.73,0,NA,2007-01-01,2007-12-31,H3260_v1_2
45938,206821,205572,2007-01-31,0.42,0.81,0,NA,2007-01-01,2007-12-31,H3260_v1_2
47686,179707,243397,2011-11-08,0,2.5,0,NA,2010-01-01,2011-12-31,H3260_v1_4
224975,210560,206194,2011-11-09,0.23,0.62,0,NA,2010-01-01,2011-12-31,H3260_v1_4
111617,186904,232114,2011-11-16,NA,0.79,0.071,NA,2010-01-01,2011-12-31,H3260_v1_4
206652,203131,209305,2011-11-16,0.57,1.8,0.075,NA,2010-01-01,2011-12-31,H3260_v1_4
241434,238265,208445,2011-08-03,0,4.9,0.07,NA,2010-01-01,2011-12-31,H3260_v1_4
228080,215500,183020,2011-08-17,0.12,0,0.37,NA,2010-01-01,2011-12-31,H3260_v1_4
212371,244877,161556,2011-08-23,0.25,3.6,0.46,NA,2010-01-01,2011-12-31,H3260_v1_4
103391,189477,197117,2011-08-04,0,0.16,0,NA,2010-01-01,2011-12-31,H3260_v1_4
38434,200014,218405,2011-11-22,0.18,0.56,0,NA,2010-01-01,2011-12-31,H3260_v1_4
123729,199875,214338,2011-11-24,0,1,0,NA,2010-01-01,2011-12-31,H3260_v1_4
218390,232321,177163,2011-11-28,0,2.1,0,NA,2010-01-01,2011-12-31,H3260_v1_4
238570,223718,213525,2007-02-07,0.856,7.46,0.12,NA,2007-01-01,2007-12-31,H3260_v1_2
111580,184931,233174,2007-02-07,0.733,5.77,0,NA,2007-01-01,2007-12-31,H3260_v1_2
33385,183472,213552,2007-02-09,1.41,2.48,0.126,NA,2007-01-01,2007-12-31,H3260_v1_2
124176,204796,204545,2011-08-09,0,0.42,0.072,NA,2010-01-01,2011-12-31,H3260_v1_4
123886,185176,214902,2011-08-10,0.77,0.84,0.065,NA,2010-01-01,2011-12-31,H3260_v1_4
123559,185896,209550,2011-08-18,0.12,1,0.058,NA,2010-01-01,2011-12-31,H3260_v1_4
204986,244766,184401,2011-09-05,3.8,0.19,0.56,NA,2010-01-01,2011-12-31,H3260_v1_4
241552,230674,203278,2011-09-06,0.77,5,0.071,NA,2010-01-01,2011-12-31,H3260_v1_4
241434,238265,208445,2011-09-06,0.13,3.8,0.073,NA,2010-01-01,2011-12-31,H3260_v1_4
123530,183551,208274,2007-02-16,0.579,2.74,0.124,NA,2007-01-01,2007-12-31,H3260_v1_2
123717,198919,214642,2007-02-16,0,1.88,0,NA,2007-01-01,2007-12-31,H3260_v1_2
45938,206821,205572,2007-02-20,0.346,0.864,0.074,NA,2007-01-01,2007-12-31,H3260_v1_2
40649,206487,204467,2007-02-20,0.571,1.13,0,NA,2007-01-01,2007-12-31,H3260_v1_2
206717,208591,210830,2007-02-20,0,2.54,0,NA,2007-01-01,2007-12-31,H3260_v1_2
111580,184931,233174,2007-03-07,0.383,5.28,0.329,NA,2007-01-01,2007-12-31,H3260_v1_2
33385,183472,213552,2007-03-09,0.777,2.48,0.136,NA,2007-01-01,2007-12-31,H3260_v1_2
238570,223718,213525,2007-03-14,0.567,7.58,0.116,NA,2007-01-01,2007-12-31,H3260_v1_2
123530,183551,208274,2007-03-19,1.02,1.9,0.132,NA,2007-01-01,2007-12-31,H3260_v1_2
123717,198919,214642,2007-03-19,1.13,1.62,0.106,NA,2007-01-01,2007-12-31,H3260_v1_2
45938,206821,205572,2007-03-21,0,0.139,0,NA,2007-01-01,2007-12-31,H3260_v1_2
40649,206487,204467,2007-03-21,0.554,0.732,0.077,NA,2007-01-01,2007-12-31,H3260_v1_2
206717,208591,210830,2007-03-21,0,1.97,0,NA,2007-01-01,2007-12-31,H3260_v1_2
45938,206821,205572,2007-03-26,0.31,0.82,0.03,NA,2007-01-01,2007-12-31,H3260_v1_2
33385,183472,213552,2007-04-06,0.635,3.28,0,NA,2007-01-01,2007-12-31,H3260_v1_2
238570,223718,213525,2007-04-11,0.206,5.59,0.193,NA,2007-01-01,2007-12-31,H3260_v1_2
111580,184931,233174,2007-04-10,0,1.88,0,NA,2007-01-01,2007-12-31,H3260_v1_2
123530,183551,208274,2007-04-16,0.257,0.952,0,NA,2007-01-01,2007-12-31,H3260_v1_2
123717,198919,214642,2007-04-16,0,0.877,0,NA,2007-01-01,2007-12-31,H3260_v1_2
45938,206821,205572,2007-04-18,0,0.424,0.075,NA,2007-01-01,2007-12-31,H3260_v1_2
40649,206487,204467,2007-04-18,0,1.6,0,NA,2007-01-01,2007-12-31,H3260_v1_2
206717,208591,210830,2007-04-18,0,1.81,0,NA,2007-01-01,2007-12-31,H3260_v1_2
111580,184931,233174,2007-05-09,0.624,1.09,0.072,NA,2007-01-01,2007-12-31,H3260_v1_2
33385,183472,213552,2007-05-11,1.68,1.76,0.075,NA,2007-01-01,2007-12-31,H3260_v1_2
238570,223718,213525,2007-05-09,0.412,3.62,0.121,NA,2007-01-01,2007-12-31,H3260_v1_2
123530,183551,208274,2007-05-15,0.4,1.06,0,NA,2007-01-01,2007-12-31,H3260_v1_2
123717,198919,214642,2007-05-15,0,0.769,0,NA,2007-01-01,2007-12-31,H3260_v1_2
45938,206821,205572,2007-05-16,0.45,0.471,0,NA,2007-01-01,2007-12-31,H3260_v1_2
40649,206487,204467,2007-05-16,0.325,1.3,0,NA,2007-01-01,2007-12-31,H3260_v1_2
206717,208591,210830,2007-05-16,0.29,1.48,0,NA,2007-01-01,2007-12-31,H3260_v1_2
238570,223718,213525,2007-06-11,0.392,3.76,0.16,NA,2007-01-01,2007-12-31,H3260_v1_2
33385,183472,213552,2007-06-08,0,2.59,0,NA,2007-01-01,2007-12-31,H3260_v1_2
111580,184931,233174,2007-06-11,0.893,2.07,0.229,NA,2007-01-01,2007-12-31,H3260_v1_2
123530,183551,208274,2007-06-14,0,1.6,0,NA,2007-01-01,2007-12-31,H3260_v1_2
111580,184931,233174,2006-05-10,0.493,2.1,0.084,NA,2000-01-01,2006-12-31,H3260_v1_0
123717,198919,214642,2006-05-11,0,0.66,0.09,NA,2000-01-01,2006-12-31,H3260_v1_0
123530,183551,208274,2006-05-11,0.287,0.888,0,NA,2000-01-01,2006-12-31,H3260_v1_0
45938,206821,205572,2006-05-15,0.203,0.416,0,NA,2000-01-01,2006-12-31,H3260_v1_0
241552,230674,203278,2010-08-04,1.3,5.3,0.03,NA,2010-01-01,2011-12-31,H3260_v1_4
114568,228223,179702,2010-08-05,0.23,0.67,0,NA,2010-01-01,2011-12-31,H3260_v1_4
228080,215500,183020,2010-08-10,0.29,3.6,0.24,NA,2010-01-01,2011-12-31,H3260_v1_4
124176,204796,204545,2010-08-05,0,0.36,0,NA,2010-01-01,2011-12-31,H3260_v1_4
255415,228750,210246,2011-12-05,0.26,3.7,0,NA,2010-01-01,2011-12-31,H3260_v1_4
144658,222498,199266,2011-12-05,NA,18,0,NA,2010-01-01,2011-12-31,H3260_v1_4
206652,203131,209305,2010-05-10,0.11,1.3,0.047,NA,2010-01-01,2011-12-31,H3260_v1_4
224975,210560,206194,2010-05-11,0,2.3,0.028,NA,2010-01-01,2011-12-31,H3260_v1_4
123574,187346,210000,2010-06-16,0,0.68,0.037,NA,2010-01-01,2011-12-31,H3260_v1_4
213836,241452,197091,2010-06-28,0.11,3.1,0.06,NA,2010-01-01,2011-12-31,H3260_v1_4
174514,97584,197275,2010-06-15,0,0.43,0.27,NA,2010-01-01,2011-12-31,H3260_v1_4
5572,154668,226184,2010-06-30,0,0,0,NA,2010-01-01,2011-12-31,H3260_v1_4
238759,225609,198258,2010-07-06,NA,6.9,0,NA,2010-01-01,2011-12-31,H3260_v1_4
238515,223950,218080,2010-07-06,0.17,4.1,0.24,NA,2010-01-01,2011-12-31,H3260_v1_4
106589,173326,239626,2010-07-06,0.45,1,0.059,NA,2010-01-01,2011-12-31,H3260_v1_4
123478,178983,208404,2010-05-17,0,1,0.047,NA,2010-01-01,2011-12-31,H3260_v1_4
221004,245672,183550,2010-05-19,0.89,2.7,0.39,NA,2010-01-01,2011-12-31,H3260_v1_4
123559,185896,209550,2010-08-12,0.11,0.58,0,NA,2010-01-01,2011-12-31,H3260_v1_4
73328,188436,209764,2010-08-12,0,0.29,0.13,NA,2010-01-01,2011-12-31,H3260_v1_4
124070,193214,226862,2010-08-16,2,1.5,0.51,NA,2010-01-01,2011-12-31,H3260_v1_4
123886,185176,214902,2010-08-16,1.5,0.85,0.18,NA,2010-01-01,2011-12-31,H3260_v1_4
38402,197860,216731,2010-08-16,0.44,0.73,0.039,NA,2010-01-01,2011-12-31,H3260_v1_4
204986,244766,184401,2010-08-18,0.81,0.48,0.33,NA,2010-01-01,2011-12-31,H3260_v1_4
213836,241452,197091,2010-07-08,0,2.5,0.071,NA,2010-01-01,2011-12-31,H3260_v1_4
123574,187346,210000,2010-07-15,0.15,0.7,0.059,NA,2010-01-01,2011-12-31,H3260_v1_4
174514,97584,197275,2010-07-08,0,0,0.84,NA,2010-01-01,2011-12-31,H3260_v1_4
5572,154668,226184,2010-07-29,0,0,0,NA,2010-01-01,2011-12-31,H3260_v1_4
213836,241452,197091,2010-08-03,1.1,2.7,0.12,NA,2010-01-01,2011-12-31,H3260_v1_4
106589,173326,239626,2010-08-04,0.48,0.31,0,NA,2010-01-01,2011-12-31,H3260_v1_4
123574,187346,210000,2010-08-12,0.11,0.49,0.028,NA,2010-01-01,2011-12-31,H3260_v1_4
114575,228740,179160,2010-06-02,0.23,0.31,0,NA,2010-01-01,2011-12-31,H3260_v1_4
218803,250356,161314,2010-06-07,0.17,8.2,0.11,NA,2010-01-01,2011-12-31,H3260_v1_4
218390,232321,177163,2010-06-08,0.24,1.5,0.054,NA,2010-01-01,2011-12-31,H3260_v1_4
221004,245672,183550,2010-06-10,5.1,0.31,0.26,NA,2010-01-01,2011-12-31,H3260_v1_4
224975,210560,206194,2010-06-09,0,0.24,0.041,NA,2010-01-01,2011-12-31,H3260_v1_4
206652,203131,209305,2010-06-10,0.16,1.1,0.034,NA,2010-01-01,2011-12-31,H3260_v1_4
5572,154668,226184,2010-08-25,0,0,0,NA,2010-01-01,2011-12-31,H3260_v1_4
238759,225609,198258,2010-08-17,NA,4.8,0,NA,2010-01-01,2011-12-31,H3260_v1_4
238515,223950,218080,2010-08-17,0,1.7,0.11,NA,2010-01-01,2011-12-31,H3260_v1_4
174514,97584,197275,2010-08-17,0.47,1.5,0.74,NA,2010-01-01,2011-12-31,H3260_v1_4
174514,97584,197275,2010-09-15,0.45,0.74,0.27,NA,2010-01-01,2011-12-31,H3260_v1_4
106589,173326,239626,2010-09-08,0.31,2.1,0.11,NA,2010-01-01,2011-12-31,H3260_v1_4
255415,228750,210246,2010-06-15,0,9.2,0,NA,2010-01-01,2011-12-31,H3260_v1_4
144658,222498,199266,2010-06-16,NA,18,0,NA,2010-01-01,2011-12-31,H3260_v1_4
123478,178983,208404,2010-06-16,0,1.1,0.033,NA,2010-01-01,2011-12-31,H3260_v1_4
114575,228740,179160,2010-06-30,0.19,0.66,0,NA,2010-01-01,2011-12-31,H3260_v1_4
218803,250356,161314,2010-07-05,0.1,8.4,0.14,NA,2010-01-01,2011-12-31,H3260_v1_4
144658,222498,199266,2010-07-06,NA,19,0,NA,2010-01-01,2011-12-31,H3260_v1_4
224975,210560,206194,2010-07-07,0,0.67,0.047,NA,2010-01-01,2011-12-31,H3260_v1_4
206652,203131,209305,2010-07-08,0,1.4,0.047,NA,2010-01-01,2011-12-31,H3260_v1_4
228080,215500,183020,2010-09-07,2.2,3.3,0.24,NA,2010-01-01,2011-12-31,H3260_v1_4
114568,228223,179702,2010-09-07,0.15,0.42,0,NA,2010-01-01,2011-12-31,H3260_v1_4
204986,244766,184401,2010-09-13,1.4,0.36,0.23,NA,2010-01-01,2011-12-31,H3260_v1_4
212371,244877,161556,2010-09-14,0,4.4,0.35,NA,2010-01-01,2011-12-31,H3260_v1_4
103391,189477,197117,2010-09-16,0,0.65,0.12,NA,2010-01-01,2011-12-31,H3260_v1_4
123559,185896,209550,2010-09-15,0.28,0.98,0.072,NA,2010-01-01,2011-12-31,H3260_v1_4
123574,187346,210000,2010-09-15,0,0.98,0.076,NA,2010-01-01,2011-12-31,H3260_v1_4
213836,241452,197091,2010-09-21,0.2,4.4,0.068,NA,2010-01-01,2011-12-31,H3260_v1_4
238759,225609,198258,2010-09-29,NA,2.9,0,NA,2010-01-01,2011-12-31,H3260_v1_4
238515,223950,218080,2010-09-29,0,2.8,0.08,NA,2010-01-01,2011-12-31,H3260_v1_4
5572,154668,226184,2010-09-29,0,0,0,NA,2010-01-01,2011-12-31,H3260_v1_4
106589,173326,239626,2010-10-06,0.3,2,0.12,NA,2010-01-01,2011-12-31,H3260_v1_4
255415,228750,210246,2010-07-08,0.46,11,0.039,NA,2010-01-01,2011-12-31,H3260_v1_4
218390,232321,177163,2010-07-12,0.18,1.7,0.08,NA,2010-01-01,2011-12-31,H3260_v1_4
221004,245672,183550,2010-07-28,0.56,0.79,0.52,NA,2010-01-01,2011-12-31,H3260_v1_4
123729,199875,214338,2010-06-29,0,0.32,0,NA,2010-01-01,2011-12-31,H3260_v1_4
123478,178983,208404,2010-07-15,0.11,0.81,0.052,NA,2010-01-01,2011-12-31,H3260_v1_4
73328,188436,209764,2010-09-15,0.2,0.46,0.31,NA,2010-01-01,2011-12-31,H3260_v1_4
241552,230674,203278,2010-09-20,0.75,5.9,0.058,NA,2010-01-01,2011-12-31,H3260_v1_4
38402,197860,216731,2010-09-20,0,0.26,0.078,NA,2010-01-01,2011-12-31,H3260_v1_4
124176,204796,204545,2010-09-20,0,0.29,0.037,NA,2010-01-01,2011-12-31,H3260_v1_4
124070,193214,226862,2010-09-20,0.3,2.9,0.13,NA,2010-01-01,2011-12-31,H3260_v1_4
123886,185176,214902,2010-09-20,0.18,1.3,0.053,NA,2010-01-01,2011-12-31,H3260_v1_4
238759,225609,198258,2010-10-20,NA,2.4,0,NA,2010-01-01,2011-12-31,H3260_v1_4
238515,223950,218080,2010-10-20,1.7,2.9,0.13,NA,2010-01-01,2011-12-31,H3260_v1_4
213836,241452,197091,2010-10-21,0.2,3.3,0.069,NA,2010-01-01,2011-12-31,H3260_v1_4
123574,187346,210000,2010-10-18,0.16,1.1,0.049,NA,2010-01-01,2011-12-31,H3260_v1_4
174514,97584,197275,2010-10-19,1.2,1.1,0.07,NA,2010-01-01,2011-12-31,H3260_v1_4
5572,154668,226184,2010-10-28,0.29,0.32,0,NA,2010-01-01,2011-12-31,H3260_v1_4
218803,250356,161314,2010-08-02,0.16,7.3,0.081,NA,2010-01-01,2011-12-31,H3260_v1_4
255415,228750,210246,2010-08-03,0,3.2,0,NA,2010-01-01,2011-12-31,H3260_v1_4
114575,228740,179160,2010-08-05,0.32,0.82,0,NA,2010-01-01,2011-12-31,H3260_v1_4
212371,244877,161556,2010-10-05,0,4.6,0.37,NA,2010-01-01,2011-12-31,H3260_v1_4
114568,228223,179702,2010-10-06,0.23,0.59,0,NA,2010-01-01,2011-12-31,H3260_v1_4
228080,215500,183020,2010-10-12,0.28,5.4,0.19,NA,2010-01-01,2011-12-31,H3260_v1_4
103391,189477,197117,2010-10-07,0,0.53,0.18,NA,2010-01-01,2011-12-31,H3260_v1_4
124176,204796,204545,2010-10-13,0.12,0.37,0.13,NA,2010-01-01,2011-12-31,H3260_v1_4
218390,232321,177163,2010-08-09,0.13,1.7,0,NA,2010-01-01,2011-12-31,H3260_v1_4
206652,203131,209305,2010-08-05,0,1.3,0,NA,2010-01-01,2011-12-31,H3260_v1_4
224975,210560,206194,2010-08-11,0,0.72,0.068,NA,2010-01-01,2011-12-31,H3260_v1_4
123478,178983,208404,2010-08-12,0,0.64,0,NA,2010-01-01,2011-12-31,H3260_v1_4
204986,244766,184401,2010-10-18,2.1,0.4,0.3,NA,2010-01-01,2011-12-31,H3260_v1_4
241552,230674,203278,2010-10-21,0.54,5.1,0.076,NA,2010-01-01,2011-12-31,H3260_v1_4
123559,185896,209550,2010-10-18,0.19,1.2,0.05,NA,2010-01-01,2011-12-31,H3260_v1_4
73328,188436,209764,2010-10-18,0.49,0.59,0.37,NA,2010-01-01,2011-12-31,H3260_v1_4
124070,193214,226862,2010-10-19,0.8,1.9,0.17,NA,2010-01-01,2011-12-31,H3260_v1_4
123574,187346,210000,2012-01-24,0.61,2.4,0.037,NA,2012-01-01,2015-12-31,H3260_v1_5
238759,225609,198258,2012-02-20,NA,4,0.12,NA,2012-01-01,2015-12-31,H3260_v1_5
123886,185176,214902,2010-10-19,0.57,1.7,0.065,NA,2010-01-01,2011-12-31,H3260_v1_4
38402,197860,216731,2010-10-19,0.13,0.45,0.068,NA,2010-01-01,2011-12-31,H3260_v1_4
169151,161052,157603,2012-01-19,0.36,5,0.1,NA,2012-01-01,2015-12-31,H3260_v1_5
212371,244877,161556,2012-01-23,0.17,8.1,0.14,NA,2012-01-01,2015-12-31,H3260_v1_5
238759,225609,198258,2012-01-31,NA,16,0,NA,2012-01-01,2015-12-31,H3260_v1_5
5572,154668,226184,2012-01-31,0.33,2.9,0.045,NA,2012-01-01,2015-12-31,H3260_v1_5
144658,222498,199266,2010-08-17,NA,16,0,NA,2010-01-01,2011-12-31,H3260_v1_4
221004,245672,183550,2010-08-18,0.68,1.4,0.26,NA,2010-01-01,2011-12-31,H3260_v1_4
218390,232321,177163,2010-09-06,0.14,1.9,0,NA,2010-01-01,2011-12-31,H3260_v1_4
114575,228740,179160,2010-09-07,0.13,0.32,0,NA,2010-01-01,2011-12-31,H3260_v1_4
221004,245672,183550,2010-09-13,2.1,0.91,0.4,NA,2010-01-01,2011-12-31,H3260_v1_4
218803,250356,161314,2010-09-14,0.17,7.3,0.14,NA,2010-01-01,2011-12-31,H3260_v1_4
255345,228587,215507,2012-01-26,0.3,4.6,0.028,NA,2012-01-01,2015-12-31,H3260_v1_5
203454,200579,184451,2012-01-31,0.38,2,0,NA,2012-01-01,2015-12-31,H3260_v1_5
38402,197860,216731,2012-01-24,0.41,1.7,0,NA,2012-01-01,2015-12-31,H3260_v1_5
123559,185896,209550,2012-01-24,0.67,2.3,0.041,NA,2012-01-01,2015-12-31,H3260_v1_5
123574,187346,210000,2012-02-20,0.6,1.9,0.21,NA,2012-01-01,2015-12-31,H3260_v1_5
5572,154668,226184,2012-02-29,0.23,0.2,0,NA,2012-01-01,2015-12-31,H3260_v1_5
238759,225609,198258,2012-03-20,NA,13,0,NA,2012-01-01,2015-12-31,H3260_v1_5
224975,210560,206194,2010-09-16,0.1,0.59,0.075,NA,2010-01-01,2011-12-31,H3260_v1_4
123478,178983,208404,2010-09-15,0,1.4,0.062,NA,2010-01-01,2011-12-31,H3260_v1_4
255415,228750,210246,2010-09-22,0,6.3,0,NA,2010-01-01,2011-12-31,H3260_v1_4
144658,222498,199266,2010-09-29,NA,19,0,NA,2010-01-01,2011-12-31,H3260_v1_4
206652,203131,209305,2010-09-20,0.18,1,0,NA,2010-01-01,2011-12-31,H3260_v1_4
218803,250356,161314,2010-10-05,0.15,7.3,0.13,NA,2010-01-01,2011-12-31,H3260_v1_4
114575,228740,179160,2010-10-06,0.21,0.23,0.025,NA,2010-01-01,2011-12-31,H3260_v1_4
218390,232321,177163,2010-10-11,0,1.8,0,NA,2010-01-01,2011-12-31,H3260_v1_4
212371,244877,161556,2012-02-14,NA,5.8,0.19,NA,2012-01-01,2015-12-31,H3260_v1_5
255345,228587,215507,2012-02-28,0.26,3.8,0.044,NA,2012-01-01,2015-12-31,H3260_v1_5
123574,187346,210000,2012-03-19,0.48,1.2,0.037,NA,2012-01-01,2015-12-31,H3260_v1_5
5572,154668,226184,2012-03-28,0,0.1,0,NA,2012-01-01,2015-12-31,H3260_v1_5
203454,200579,184451,2012-02-21,0.38,2.1,0.047,NA,2012-01-01,2015-12-31,H3260_v1_5
169151,161052,157603,2012-02-09,0.28,6.2,0.049,NA,2012-01-01,2015-12-31,H3260_v1_5
169151,161052,157603,2012-03-01,0.19,5.6,0.05,NA,2012-01-01,2015-12-31,H3260_v1_5
38402,197860,216731,2012-02-20,0.49,1.7,0.084,NA,2012-01-01,2015-12-31,H3260_v1_5
123559,185896,209550,2012-02-20,0.7,2,0.085,NA,2012-01-01,2015-12-31,H3260_v1_5
224975,210560,206194,2010-10-07,0,0.53,0.091,NA,2010-01-01,2011-12-31,H3260_v1_4
206652,203131,209305,2010-10-13,0.18,1.2,0.059,NA,2010-01-01,2011-12-31,H3260_v1_4
221004,245672,183550,2010-10-18,0.81,1.4,0.43,NA,2010-01-01,2011-12-31,H3260_v1_4
144658,222498,199266,2010-10-20,NA,17,0,NA,2010-01-01,2011-12-31,H3260_v1_4
123574,187346,210000,2012-04-18,0.31,1,0.025,NA,2012-01-01,2015-12-31,H3260_v1_5
238759,225609,198258,2012-04-17,NA,12,0,NA,2012-01-01,2015-12-31,H3260_v1_5
5572,154668,226184,2012-04-25,0,0,0,NA,2012-01-01,2015-12-31,H3260_v1_5
255415,228750,210246,2010-10-19,0,3.9,0,NA,2010-01-01,2011-12-31,H3260_v1_4
123478,178983,208404,2010-10-18,0.22,1.4,0.055,NA,2010-01-01,2011-12-31,H3260_v1_4
218390,232321,177163,2012-01-18,0.15,2.3,0.031,NA,2012-01-01,2015-12-31,H3260_v1_5
38434,200014,218405,2012-01-12,NA,2.2,0.073,NA,2012-01-01,2015-12-31,H3260_v1_5
203454,200579,184451,2012-03-20,0.76,1.7,0.064,NA,2012-01-01,2015-12-31,H3260_v1_5
212371,244877,161556,2012-03-19,0,5.8,0.099,NA,2012-01-01,2015-12-31,H3260_v1_5
103391,189477,197117,2012-03-12,0.84,0.3,0.27,NA,2012-01-01,2015-12-31,H3260_v1_5
238759,225609,198258,2012-05-22,NA,8.2,0,NA,2012-01-01,2015-12-31,H3260_v1_5
123574,187346,210000,2012-05-21,1,1.4,0.094,NA,2012-01-01,2015-12-31,H3260_v1_5
221004,245672,183550,2012-01-24,0.75,2,0.24,NA,2012-01-01,2015-12-31,H3260_v1_5
255415,228750,210246,2012-01-26,0.34,8.3,0.031,NA,2012-01-01,2015-12-31,H3260_v1_5
255366,228571,213970,2012-01-26,0.32,5.3,0.038,NA,2012-01-01,2015-12-31,H3260_v1_5
124018,192159,223185,2012-01-23,0.34,3.6,0.068,NA,2012-01-01,2015-12-31,H3260_v1_5
111617,186904,232114,2012-01-17,NA,3.1,0.13,NA,2012-01-01,2015-12-31,H3260_v1_5
38402,197860,216731,2012-03-19,0.29,0.65,0.037,NA,2012-01-01,2015-12-31,H3260_v1_5
123559,185896,209550,2012-03-19,0.59,1.4,0.032,NA,2012-01-01,2015-12-31,H3260_v1_5
255345,228587,215507,2012-03-27,0.17,2.9,0.051,NA,2012-01-01,2015-12-31,H3260_v1_5
5572,154668,226184,2012-05-31,0,0,0,NA,2012-01-01,2015-12-31,H3260_v1_5
238759,225609,198258,2012-06-18,NA,7.4,0,NA,2012-01-01,2015-12-31,H3260_v1_5
123574,187346,210000,2012-06-18,0,1.2,0.05,NA,2012-01-01,2015-12-31,H3260_v1_5
84207,151545,223322,2012-01-17,NA,1.1,0.024,NA,2012-01-01,2015-12-31,H3260_v1_5
218390,232321,177163,2012-02-08,0.3,2.7,0,NA,2012-01-01,2015-12-31,H3260_v1_5
144658,222498,199266,2012-02-20,NA,13,0.038,NA,2012-01-01,2015-12-31,H3260_v1_5
221004,245672,183550,2012-02-13,1.5,4.2,0.61,NA,2012-01-01,2015-12-31,H3260_v1_5
144658,222498,199266,2012-01-31,NA,17,0,NA,2012-01-01,2015-12-31,H3260_v1_5
255415,228750,210246,2012-02-28,0.18,7.1,0,NA,2012-01-01,2015-12-31,H3260_v1_5
255366,228571,213970,2012-02-28,0.18,4.3,0.029,NA,2012-01-01,2015-12-31,H3260_v1_5
224975,210560,206194,2012-02-09,0.22,1.3,0.057,NA,2012-01-01,2015-12-31,H3260_v1_5
206652,203131,209305,2012-02-09,0.31,1.6,0.035,NA,2012-01-01,2015-12-31,H3260_v1_5
124018,192159,223185,2012-02-16,0.77,2.2,0.078,NA,2012-01-01,2015-12-31,H3260_v1_5
45938,206821,205572,2007-06-18,0.257,0.32,0,NA,2007-01-01,2007-12-31,H3260_v1_2
40649,206487,204467,2007-06-18,0,0.785,0,NA,2007-01-01,2007-12-31,H3260_v1_2
206717,208591,210830,2007-06-18,0,1.38,0,NA,2007-01-01,2007-12-31,H3260_v1_2
33385,183472,213552,2007-07-06,0.236,2.12,0.19,NA,2007-01-01,2007-12-31,H3260_v1_2
111580,184931,233174,2007-07-09,0,2.45,0.094,NA,2007-01-01,2007-12-31,H3260_v1_2
218390,232321,177163,2012-03-13,0.19,2.3,0.026,NA,2012-01-01,2015-12-31,H3260_v1_5
221004,245672,183550,2012-03-13,0.76,3.6,0.31,NA,2012-01-01,2015-12-31,H3260_v1_5
144658,222498,199266,2012-03-20,NA,16,0,NA,2012-01-01,2015-12-31,H3260_v1_5
224975,210560,206194,2012-03-12,0.21,1.1,0.091,NA,2012-01-01,2015-12-31,H3260_v1_5
123530,183551,208274,2007-07-13,0.212,1.26,0.075,NA,2007-01-01,2007-12-31,H3260_v1_2
123717,198919,214642,2007-07-13,0,1.31,0,NA,2007-01-01,2007-12-31,H3260_v1_2
45938,206821,205572,2007-07-16,0.218,0.326,0.071,NA,2007-01-01,2007-12-31,H3260_v1_2
206652,203131,209305,2012-03-12,0.28,1.4,0.057,NA,2012-01-01,2015-12-31,H3260_v1_5
124018,192159,223185,2012-03-14,0.23,2.3,0.06,NA,2012-01-01,2015-12-31,H3260_v1_5
255415,228750,210246,2012-03-27,0,6.3,0,NA,2012-01-01,2015-12-31,H3260_v1_5
255366,228571,213970,2012-03-27,0.12,3.4,0.039,NA,2012-01-01,2015-12-31,H3260_v1_5
111617,186904,232114,2012-03-12,NA,2.7,0.085,NA,2012-01-01,2015-12-31,H3260_v1_5
84207,151545,223322,2012-03-12,NA,1.1,0,NA,2012-01-01,2015-12-31,H3260_v1_5
38434,200014,218405,2012-03-15,NA,1.2,0.1,NA,2012-01-01,2015-12-31,H3260_v1_5
218390,232321,177163,2012-04-02,0.13,2.2,0.043,NA,2012-01-01,2015-12-31,H3260_v1_5
224975,210560,206194,2012-04-10,0.17,1,0.089,NA,2012-01-01,2015-12-31,H3260_v1_5
206652,203131,209305,2012-04-10,0.35,1.1,0.071,NA,2012-01-01,2015-12-31,H3260_v1_5
40649,206487,204467,2007-07-16,0,0.836,0,NA,2007-01-01,2007-12-31,H3260_v1_2
206717,208591,210830,2007-07-16,0,1.3,0,NA,2007-01-01,2007-12-31,H3260_v1_2
111580,184931,233174,2007-08-07,0,1.74,0,NA,2007-01-01,2007-12-31,H3260_v1_2
33385,183472,213552,2007-08-08,0.248,3.34,0,NA,2007-01-01,2007-12-31,H3260_v1_2
238570,223718,213525,2007-07-31,0.31,4.63,0.17,NA,2007-01-01,2007-12-31,H3260_v1_2
123717,198919,214642,2007-08-10,0.211,0.815,0,NA,2007-01-01,2007-12-31,H3260_v1_2
124018,192159,223185,2012-04-17,0.11,0.98,0.041,NA,2012-01-01,2015-12-31,H3260_v1_5
221004,245672,183550,2012-04-16,0.81,1.5,0.24,NA,2012-01-01,2015-12-31,H3260_v1_5
144658,222498,199266,2012-04-17,NA,16,0,NA,2012-01-01,2015-12-31,H3260_v1_5
255415,228750,210246,2012-04-24,0,5.4,0,NA,2012-01-01,2015-12-31,H3260_v1_5
255366,228571,213970,2012-04-24,0,3.2,0,NA,2012-01-01,2015-12-31,H3260_v1_5
218390,232321,177163,2012-05-02,0.18,1.1,0,NA,2012-01-01,2015-12-31,H3260_v1_5
221004,245672,183550,2012-05-15,1.1,1.4,0.5,NA,2012-01-01,2015-12-31,H3260_v1_5
144658,222498,199266,2012-05-22,NA,15,0,NA,2012-01-01,2015-12-31,H3260_v1_5
224975,210560,206194,2012-05-09,0.12,0.99,0.09,NA,2012-01-01,2015-12-31,H3260_v1_5
123530,183551,208274,2007-08-10,0.547,1.43,0.097,NA,2007-01-01,2007-12-31,H3260_v1_2
45938,206821,205572,2007-08-14,0.236,0.36,0.082,NA,2007-01-01,2007-12-31,H3260_v1_2
40649,206487,204467,2007-08-14,0,0.643,0,NA,2007-01-01,2007-12-31,H3260_v1_2
206717,208591,210830,2007-08-14,0,1.34,0,NA,2007-01-01,2007-12-31,H3260_v1_2
206652,203131,209305,2012-05-09,0.16,1.1,0.031,NA,2012-01-01,2015-12-31,H3260_v1_5
124018,192159,223185,2012-05-15,0.26,1.3,0.078,NA,2012-01-01,2015-12-31,H3260_v1_5
255415,228750,210246,2012-05-24,0.1,0,0,NA,2012-01-01,2015-12-31,H3260_v1_5
255366,228571,213970,2012-05-24,0.21,0,0,NA,2012-01-01,2015-12-31,H3260_v1_5
218390,232321,177163,2012-06-06,0.25,1.8,0.033,NA,2012-01-01,2015-12-31,H3260_v1_5
221004,245672,183550,2012-06-12,1.1,0.26,0.14,NA,2012-01-01,2015-12-31,H3260_v1_5
144658,222498,199266,2012-06-18,NA,13,0,NA,2012-01-01,2015-12-31,H3260_v1_5
111580,184931,233174,2007-09-10,0,1.93,0.104,NA,2007-01-01,2007-12-31,H3260_v1_2
123530,183551,208274,2007-09-10,0,0.995,0,NA,2007-01-01,2007-12-31,H3260_v1_2
123717,198919,214642,2007-09-10,0,1.1,0,NA,2007-01-01,2007-12-31,H3260_v1_2
33385,183472,213552,2007-09-11,0,3.28,0,NA,2007-01-01,2007-12-31,H3260_v1_2
238570,223718,213525,2007-09-10,0,7.14,0.141,NA,2007-01-01,2007-12-31,H3260_v1_2
224975,210560,206194,2012-06-11,0.25,0,0,NA,2012-01-01,2015-12-31,H3260_v1_5
124018,192159,223185,2012-06-13,0.61,2.1,0.13,NA,2012-01-01,2015-12-31,H3260_v1_5
255415,228750,210246,2012-06-26,0.14,1.8,0.031,NA,2012-01-01,2015-12-31,H3260_v1_5
255366,228571,213970,2012-06-26,0.3,2.8,0,NA,2012-01-01,2015-12-31,H3260_v1_5
218390,232321,177163,2012-07-05,0.25,1.7,0.052,NA,2012-01-01,2015-12-31,H3260_v1_5
144658,222498,199266,2012-07-17,NA,9.1,0.16,NA,2012-01-01,2015-12-31,H3260_v1_5
221004,245672,183550,2012-07-23,0.74,0.67,0.27,NA,2012-01-01,2015-12-31,H3260_v1_5
255415,228750,210246,2012-07-24,1.4,9.8,0,NA,2012-01-01,2015-12-31,H3260_v1_5
255366,228571,213970,2012-07-24,0.23,2.4,0.055,NA,2012-01-01,2015-12-31,H3260_v1_5
224975,210560,206194,2012-07-09,0,0.78,0.07,NA,2012-01-01,2015-12-31,H3260_v1_5
206652,203131,209305,2012-07-09,0,1.1,0.048,NA,2012-01-01,2015-12-31,H3260_v1_5
124018,192159,223185,2012-07-17,0.28,2.4,0.25,NA,2012-01-01,2015-12-31,H3260_v1_5
218390,232321,177163,2012-08-01,0.24,2.1,0.035,NA,2012-01-01,2015-12-31,H3260_v1_5
45938,206821,205572,2007-09-13,0,0.371,0.083,NA,2007-01-01,2007-12-31,H3260_v1_2
40649,206487,204467,2007-09-13,0,0.671,0,NA,2007-01-01,2007-12-31,H3260_v1_2
206717,208591,210830,2007-09-13,0,0.583,0.129,NA,2007-01-01,2007-12-31,H3260_v1_2
33385,183472,213552,2007-10-05,0,2.23,0,NA,2007-01-01,2007-12-31,H3260_v1_2
238570,223718,213525,2007-10-09,0,5.62,0.174,NA,2007-01-01,2007-12-31,H3260_v1_2
111580,184931,233174,2007-10-08,1.3,2.2,0.51,NA,2007-01-01,2007-12-31,H3260_v1_2
123530,183551,208274,2007-10-10,0,1.14,0.106,NA,2007-01-01,2007-12-31,H3260_v1_2
123717,198919,214642,2007-10-10,0,1.53,0.183,NA,2007-01-01,2007-12-31,H3260_v1_2
45938,206821,205572,2007-10-15,0.289,0.349,0.109,NA,2007-01-01,2007-12-31,H3260_v1_2
40649,206487,204467,2007-10-15,0.235,0.912,0,NA,2007-01-01,2007-12-31,H3260_v1_2
206717,208591,210830,2007-10-15,0,1.68,0.082,NA,2007-01-01,2007-12-31,H3260_v1_2
123530,183551,208274,2007-11-08,0.43,1.28,0,NA,2007-01-01,2007-12-31,H3260_v1_2
123717,198919,214642,2007-11-08,0,1.07,0,NA,2007-01-01,2007-12-31,H3260_v1_2
33385,183472,213552,2007-11-09,2.52,2.41,0,NA,2007-01-01,2007-12-31,H3260_v1_2
238570,223718,213525,2007-11-06,0.469,4.71,0.144,NA,2007-01-01,2007-12-31,H3260_v1_2
111580,184931,233174,2007-11-12,0.814,6.04,0.208,NA,2007-01-01,2007-12-31,H3260_v1_2
45938,206821,205572,2007-11-14,0.438,0.646,0,NA,2007-01-01,2007-12-31,H3260_v1_2
40649,206487,204467,2007-11-14,0.27,1.04,0,NA,2007-01-01,2007-12-31,H3260_v1_2
206717,208591,210830,2007-11-14,0.261,1.52,0,NA,2007-01-01,2007-12-31,H3260_v1_2
238570,223718,213525,2007-12-05,0.225,5.31,0.074,NA,2007-01-01,2007-12-31,H3260_v1_2
45938,206821,205572,2007-11-26,0.76,0.59,0.05,NA,2007-01-01,2007-12-31,H3260_v1_2
33385,183472,213552,2007-12-03,0.439,2.04,0,NA,2007-01-01,2007-12-31,H3260_v1_2
111580,184931,233174,2007-12-06,0.592,6.5,0.172,NA,2007-01-01,2007-12-31,H3260_v1_2
123530,183551,208274,2007-12-10,0.788,2.33,0.152,NA,2007-01-01,2007-12-31,H3260_v1_2
123717,198919,214642,2007-12-10,0.212,1.59,0,NA,2007-01-01,2007-12-31,H3260_v1_2
45938,206821,205572,2007-12-13,0.435,0.711,0.107,NA,2007-01-01,2007-12-31,H3260_v1_2
238570,223718,213525,2006-12-06,0.427,4.77,0.122,NA,2000-01-01,2006-12-31,H3260_v1_0
40028,185079,234004,2008-01-14,0.376,8.35,0,NA,2008-01-01,2009-12-31,H3260_v1_3
104298,175740,237017,2008-01-15,0.618,13.2,0.16,NA,2008-01-01,2009-12-31,H3260_v1_3
111580,184931,233174,2008-01-16,0.671,6.5,0.208,NA,2008-01-01,2009-12-31,H3260_v1_3
45938,206821,205572,2008-01-17,1.11,0.936,0.103,NA,2008-01-01,2009-12-31,H3260_v1_3
40649,206487,204467,2008-01-17,0.335,1.38,0,NA,2008-01-01,2009-12-31,H3260_v1_3
206717,208591,210830,2008-01-17,0.214,2.41,0,NA,2008-01-01,2009-12-31,H3260_v1_3
238570,223718,213525,2008-01-22,1,4.79,0.141,NA,2008-01-01,2009-12-31,H3260_v1_3
33385,183472,213552,2008-01-21,0.736,2.17,0.096,NA,2008-01-01,2009-12-31,H3260_v1_3
219284,87245,207610,2008-01-28,0.85,9.5,0.09,NA,2008-01-01,2009-12-31,H3260_v1_3
104298,175740,237017,2008-02-05,1.62,13.4,0.308,NA,2008-01-01,2009-12-31,H3260_v1_3
124176,204796,204545,2011-01-18,0,1.4,0.043,NA,2010-01-01,2011-12-31,H3260_v1_4
123886,185176,214902,2011-01-19,0.78,2.7,0.13,NA,2010-01-01,2011-12-31,H3260_v1_4
38402,197860,216731,2011-01-20,0.46,1.9,0.13,NA,2010-01-01,2011-12-31,H3260_v1_4
111617,186904,232114,2011-04-11,0.57,1.5,0,NA,2010-01-01,2011-12-31,H3260_v1_4
206652,203131,209305,2011-04-12,0.23,1.2,0,NA,2010-01-01,2011-12-31,H3260_v1_4
224975,210560,206194,2011-04-14,0.12,0.83,0,NA,2010-01-01,2011-12-31,H3260_v1_4
123729,199875,214338,2011-04-18,0,0.5,0,NA,2010-01-01,2011-12-31,H3260_v1_4
5572,154668,226184,2009-08-24,0,0,0,NA,2008-01-01,2009-12-31,H3260_v1_3
73328,188436,209764,2011-01-20,0.63,2,0.33,NA,2010-01-01,2011-12-31,H3260_v1_4
123559,185896,209550,2011-01-24,0.71,1.8,0.11,NA,2010-01-01,2011-12-31,H3260_v1_4
228080,215500,183020,2011-02-07,2.3,3.6,0.18,NA,2010-01-01,2011-12-31,H3260_v1_4
103391,189477,197117,2011-02-03,1,0.33,0.27,NA,2010-01-01,2011-12-31,H3260_v1_4
212371,244877,161556,2011-02-14,0.23,7.1,0.12,NA,2010-01-01,2011-12-31,H3260_v1_4
204986,244766,184401,2011-02-21,0.64,0.51,0.1,NA,2010-01-01,2011-12-31,H3260_v1_4
38434,200014,218405,2011-04-19,0,0.58,0,NA,2010-01-01,2011-12-31,H3260_v1_4
221004,245672,183550,2011-04-20,0.22,3,0.24,NA,2010-01-01,2011-12-31,H3260_v1_4
255415,228750,210246,2011-04-27,0,6.65,0,NA,2010-01-01,2011-12-31,H3260_v1_4
144658,222498,199266,2011-04-27,NA,14,0,NA,2010-01-01,2011-12-31,H3260_v1_4
47686,179707,243397,2011-05-04,0.18,3.2,0.05,NA,2010-01-01,2011-12-31,H3260_v1_4
238515,223950,218080,2009-09-14,0,3.4,0.07,NA,2008-01-01,2009-12-31,H3260_v1_3
238759,225609,198258,2009-09-14,NA,6.9,NA,NA,2008-01-01,2009-12-31,H3260_v1_3
213836,241452,197091,2009-09-15,1.9,2.3,0.15,NA,2008-01-01,2009-12-31,H3260_v1_3
106589,173326,239626,2010-11-03,1.1,5.8,0.058,NA,2010-01-01,2011-12-31,H3260_v1_4
213836,241452,197091,2010-11-18,0.19,3.5,0.041,NA,2010-01-01,2011-12-31,H3260_v1_4
238515,223950,218080,2010-11-23,0.72,3.6,0.05,NA,2010-01-01,2011-12-31,H3260_v1_4
238759,225609,198258,2010-11-23,NA,12,0,NA,2010-01-01,2011-12-31,H3260_v1_4
241552,230674,203278,2011-02-22,0.49,7.7,0.054,NA,2010-01-01,2011-12-31,H3260_v1_4
241434,238265,208445,2011-02-22,0.43,6.4,0.065,NA,2010-01-01,2011-12-31,H3260_v1_4
124176,204796,204545,2011-02-14,0.12,1.6,0.093,NA,2010-01-01,2011-12-31,H3260_v1_4
123886,185176,214902,2011-02-15,0.59,2.5,0.14,NA,2010-01-01,2011-12-31,H3260_v1_4
38402,197860,216731,2011-02-16,0.44,1.5,0.099,NA,2010-01-01,2011-12-31,H3260_v1_4
73328,188436,209764,2011-02-16,1.2,1.6,0.41,NA,2010-01-01,2011-12-31,H3260_v1_4
123559,185896,209550,2011-02-17,0.59,1.7,0.1,NA,2010-01-01,2011-12-31,H3260_v1_4
218390,232321,177163,2011-05-16,0.1,2.2,0,NA,2010-01-01,2011-12-31,H3260_v1_4
255366,228571,213970,2011-04-27,0,3.4,0,NA,2010-01-01,2011-12-31,H3260_v1_4
221004,245672,183550,2011-05-23,0.9,1.8,0.41,NA,2010-01-01,2011-12-31,H3260_v1_4
255415,228750,210246,2011-05-25,0.14,5.2,0,NA,2010-01-01,2011-12-31,H3260_v1_4
123574,187346,210000,2010-11-18,0.51,2.1,0.14,NA,2010-01-01,2011-12-31,H3260_v1_4
174514,97584,197275,2010-11-09,0.68,2.5,0.11,NA,2010-01-01,2011-12-31,H3260_v1_4
5572,154668,226184,2010-11-25,0.3,0,0,NA,2010-01-01,2011-12-31,H3260_v1_4
238759,225609,198258,2010-12-07,NA,12,0.046,NA,2010-01-01,2011-12-31,H3260_v1_4
238515,223950,218080,2010-12-07,0.34,3.5,0.05,NA,2010-01-01,2011-12-31,H3260_v1_4
106589,173326,239626,2010-12-06,0.91,6.7,0.23,NA,2010-01-01,2011-12-31,H3260_v1_4
103391,189477,197117,2011-03-03,0.79,0.26,0.34,NA,2010-01-01,2011-12-31,H3260_v1_4
228080,215500,183020,2011-03-15,2.1,2.7,0.18,NA,2010-01-01,2011-12-31,H3260_v1_4
144658,222498,199266,2011-05-25,NA,19,0,NA,2010-01-01,2011-12-31,H3260_v1_4
206652,203131,209305,2011-05-11,0.19,1.1,0.064,NA,2010-01-01,2011-12-31,H3260_v1_4
224975,210560,206194,2011-05-12,0.12,0.72,0.064,NA,2010-01-01,2011-12-31,H3260_v1_4
123729,199875,214338,2011-05-17,0.18,0.49,0,NA,2010-01-01,2011-12-31,H3260_v1_4
38434,200014,218405,2011-05-18,0,0.34,0.029,NA,2010-01-01,2011-12-31,H3260_v1_4
123574,187346,210000,2010-12-09,0.74,1.9,0.12,NA,2010-01-01,2011-12-31,H3260_v1_4
174514,97584,197275,2010-12-07,0.84,3.2,0.12,NA,2010-01-01,2011-12-31,H3260_v1_4
213836,241452,197091,2010-12-17,0.79,2.7,0.091,NA,2010-01-01,2011-12-31,H3260_v1_4
5572,154668,226184,2010-12-21,0.32,0,0,NA,2010-01-01,2011-12-31,H3260_v1_4
213836,241452,197091,2011-01-24,0.14,3.6,0.048,NA,2010-01-01,2011-12-31,H3260_v1_4
174514,97584,197275,2011-01-20,1.1,3.3,0.13,NA,2010-01-01,2011-12-31,H3260_v1_4
124176,204796,204545,2011-03-09,0.13,0.93,0.1,NA,2010-01-01,2011-12-31,H3260_v1_4
123886,185176,214902,2011-03-10,0.65,1.8,0.095,NA,2010-01-01,2011-12-31,H3260_v1_4
38402,197860,216731,2011-03-16,0.21,0,0.045,NA,2010-01-01,2011-12-31,H3260_v1_4
73328,188436,209764,2011-03-16,0.71,0,0.4,NA,2010-01-01,2011-12-31,H3260_v1_4
123559,185896,209550,2011-03-17,0.71,1.3,0.069,NA,2010-01-01,2011-12-31,H3260_v1_4
212371,244877,161556,2011-03-21,0,6,0.084,NA,2010-01-01,2011-12-31,H3260_v1_4
204986,244766,184401,2011-03-23,0.65,1.6,0.25,NA,2010-01-01,2011-12-31,H3260_v1_4
241552,230674,203278,2011-03-28,0.38,7.5,0.037,NA,2010-01-01,2011-12-31,H3260_v1_4
241434,238265,208445,2011-03-28,0.11,6.2,0.058,NA,2010-01-01,2011-12-31,H3260_v1_4
218390,232321,177163,2011-06-08,0.73,1.6,0.05,NA,2010-01-01,2011-12-31,H3260_v1_4
111617,186904,232114,2011-06-07,0.55,1.7,0.088,NA,2010-01-01,2011-12-31,H3260_v1_4
47686,179707,243397,2011-06-14,0,2.9,0.033,NA,2010-01-01,2011-12-31,H3260_v1_4
206652,203131,209305,2011-06-15,0,0.9,0.026,NA,2010-01-01,2011-12-31,H3260_v1_4
224975,210560,206194,2011-06-16,0,0.57,0.063,NA,2010-01-01,2011-12-31,H3260_v1_4
238515,223950,218080,2011-01-26,0.82,4.8,0.11,NA,2010-01-01,2011-12-31,H3260_v1_4
238759,225609,198258,2011-01-26,NA,14,0.046,NA,2010-01-01,2011-12-31,H3260_v1_4
123574,187346,210000,2011-01-24,0.65,1.9,0.11,NA,2010-01-01,2011-12-31,H3260_v1_4
174514,97584,197275,2011-02-03,1.5,3.2,0.08,NA,2010-01-01,2011-12-31,H3260_v1_4
106589,173326,239626,2011-02-10,1.3,5.9,0.13,NA,2010-01-01,2011-12-31,H3260_v1_4
213836,241452,197091,2011-02-21,0.11,4.1,0,NA,2010-01-01,2011-12-31,H3260_v1_4
238515,223950,218080,2011-02-23,0.84,3.8,0.068,NA,2010-01-01,2011-12-31,H3260_v1_4
255345,228587,215507,2011-03-23,0.21,4.4,0,NA,2010-01-01,2011-12-31,H3260_v1_4
228080,215500,183020,2011-04-04,2.3,2.9,0.034,NA,2010-01-01,2011-12-31,H3260_v1_4
124176,204796,204545,2011-04-12,0,0.66,0,NA,2010-01-01,2011-12-31,H3260_v1_4
123886,185176,214902,2011-04-13,0.58,1.6,0,NA,2010-01-01,2011-12-31,H3260_v1_4
221004,245672,183550,2012-10-09,2.4,1.2,0.29,NA,2012-01-01,2015-12-31,H3260_v1_5
144658,222498,199266,2012-10-15,NA,22,0,NA,2012-01-01,2015-12-31,H3260_v1_5
224975,210560,206194,2012-10-08,0.19,0.84,0.081,NA,2012-01-01,2015-12-31,H3260_v1_5
123574,187346,210000,2011-02-17,0.58,1.7,0.13,NA,2010-01-01,2011-12-31,H3260_v1_4
238759,225609,198258,2011-02-24,NA,14,0,NA,2010-01-01,2011-12-31,H3260_v1_4
174514,97584,197275,2011-03-09,1.8,2.6,0.16,NA,2010-01-01,2011-12-31,H3260_v1_4
123574,187346,210000,2011-03-17,0.55,1.3,0.071,NA,2010-01-01,2011-12-31,H3260_v1_4
213836,241452,197091,2011-03-23,0,3.5,0,NA,2010-01-01,2011-12-31,H3260_v1_4
103391,189477,197117,2011-04-14,0.64,0.31,0,NA,2010-01-01,2011-12-31,H3260_v1_4
123559,185896,209550,2011-04-18,0.17,0.77,0,NA,2010-01-01,2011-12-31,H3260_v1_4
38402,197860,216731,2011-04-19,0,1.6,0,NA,2010-01-01,2011-12-31,H3260_v1_4
73328,188436,209764,2011-04-19,0.26,0.38,0,NA,2010-01-01,2011-12-31,H3260_v1_4
204986,244766,184401,2011-04-20,2,2.8,0.69,NA,2010-01-01,2011-12-31,H3260_v1_4
212371,244877,161556,2011-04-20,0,4.9,0.26,NA,2010-01-01,2011-12-31,H3260_v1_4
206652,203131,209305,2012-10-08,0.29,0.96,0.053,NA,2012-01-01,2015-12-31,H3260_v1_5
124018,192159,223185,2012-10-10,0,0.92,0.13,NA,2012-01-01,2015-12-31,H3260_v1_5
255415,228750,210246,2012-10-30,0.4,3.3,0,NA,2012-01-01,2015-12-31,H3260_v1_5
255366,228571,213970,2012-10-30,0,2.6,0,NA,2012-01-01,2015-12-31,H3260_v1_5
218390,232321,177163,2012-10-22,0.43,2,0,NA,2012-01-01,2015-12-31,H3260_v1_5
241552,230674,203278,2011-04-26,0.64,6.2,0,NA,2010-01-01,2011-12-31,H3260_v1_4
241434,238265,208445,2011-04-26,0.1,5.1,0,NA,2010-01-01,2011-12-31,H3260_v1_4
212371,244877,161556,2011-05-03,0.26,5.4,0.45,NA,2010-01-01,2011-12-31,H3260_v1_4
228080,215500,183020,2011-05-10,3.9,3.4,0.23,NA,2010-01-01,2011-12-31,H3260_v1_4
255345,228587,215507,2011-04-27,0.1,3,0,NA,2010-01-01,2011-12-31,H3260_v1_4
238515,223950,218080,2011-03-29,0.53,3.9,0,NA,2010-01-01,2011-12-31,H3260_v1_4
238759,225609,198258,2011-03-29,NA,15,0,NA,2010-01-01,2011-12-31,H3260_v1_4
106589,173326,239626,2011-04-06,0.8,1.2,0,NA,2010-01-01,2011-12-31,H3260_v1_4
174514,97584,197275,2011-04-14,2.3,0.68,0.05,NA,2010-01-01,2011-12-31,H3260_v1_4
123574,187346,210000,2011-04-18,0,0.83,0,NA,2010-01-01,2011-12-31,H3260_v1_4
213836,241452,197091,2011-04-20,0,2.9,0,NA,2010-01-01,2011-12-31,H3260_v1_4
238515,223950,218080,2011-04-27,0.2,3.3,0.1,NA,2010-01-01,2011-12-31,H3260_v1_4
221004,245672,183550,2012-11-06,1.4,1.3,0.55,NA,2012-01-01,2015-12-31,H3260_v1_5
218390,232321,177163,2012-11-19,0.12,1.8,0,NA,2012-01-01,2015-12-31,H3260_v1_5
144658,222498,199266,2012-11-20,NA,22,0.039,NA,2012-01-01,2015-12-31,H3260_v1_5
255415,228750,210246,2012-11-27,0,4,0,NA,2012-01-01,2015-12-31,H3260_v1_5
204986,244766,184401,2011-05-23,3.4,0.51,0.63,NA,2010-01-01,2011-12-31,H3260_v1_4
241552,230674,203278,2011-05-24,1.1,6,0.068,NA,2010-01-01,2011-12-31,H3260_v1_4
241434,238265,208445,2011-05-24,0,4.8,0.069,NA,2010-01-01,2011-12-31,H3260_v1_4
124176,204796,204545,2011-05-11,0,0.83,0.075,NA,2010-01-01,2011-12-31,H3260_v1_4
238759,225609,198258,2011-04-27,NA,9.5,0,NA,2010-01-01,2011-12-31,H3260_v1_4
213836,241452,197091,2011-05-23,0.14,2.8,0.064,NA,2010-01-01,2011-12-31,H3260_v1_4
238515,223950,218080,2011-05-25,0.19,2.7,0.15,NA,2010-01-01,2011-12-31,H3260_v1_4
174514,97584,197275,2011-05-05,1.3,0,0.07,NA,2010-01-01,2011-12-31,H3260_v1_4
238759,225609,198258,2011-05-25,NA,7.7,0,NA,2010-01-01,2011-12-31,H3260_v1_4
123574,187346,210000,2011-05-17,0,0.75,0.046,NA,2010-01-01,2011-12-31,H3260_v1_4
255366,228571,213970,2012-11-27,0.18,2.3,0.033,NA,2012-01-01,2015-12-31,H3260_v1_5
224975,210560,206194,2012-11-19,0.12,0.66,0.1,NA,2012-01-01,2015-12-31,H3260_v1_5
206652,203131,209305,2012-11-19,0.19,1.3,0.12,NA,2012-01-01,2015-12-31,H3260_v1_5
124018,192159,223185,2012-11-21,0.16,0.86,0.049,NA,2012-01-01,2015-12-31,H3260_v1_5
221004,245672,183550,2012-12-03,1.8,1.8,0.36,NA,2012-01-01,2015-12-31,H3260_v1_5
103391,189477,197117,2011-05-12,0.67,1.3,0.23,NA,2010-01-01,2011-12-31,H3260_v1_4
123886,185176,214902,2011-05-16,0.89,1.8,0.092,NA,2010-01-01,2011-12-31,H3260_v1_4
123559,185896,209550,2011-05-17,0.2,0.73,0.04,NA,2010-01-01,2011-12-31,H3260_v1_4
38402,197860,216731,2011-05-18,0,0.3,0.029,NA,2010-01-01,2011-12-31,H3260_v1_4
73328,188436,209764,2011-05-18,0.21,0.39,0.23,NA,2010-01-01,2011-12-31,H3260_v1_4
228080,215500,183020,2011-06-07,2.8,0.77,0.18,NA,2010-01-01,2011-12-31,H3260_v1_4
212371,244877,161556,2011-06-08,0.43,2.9,0.3,NA,2010-01-01,2011-12-31,H3260_v1_4
124176,204796,204545,2011-06-15,0,0.63,0.049,NA,2010-01-01,2011-12-31,H3260_v1_4
103391,189477,197117,2011-06-16,0,1.1,0.07,NA,2010-01-01,2011-12-31,H3260_v1_4
169151,161052,157603,2012-10-08,0.62,4.1,0.2,NA,2012-01-01,2015-12-31,H3260_v1_5
203454,200579,184451,2012-10-16,0.22,0.5,0.039,NA,2012-01-01,2015-12-31,H3260_v1_5
212371,244877,161556,2012-10-08,0.12,4.4,0.27,NA,2012-01-01,2015-12-31,H3260_v1_5
144658,222498,199266,2012-12-04,NA,15,0.023,NA,2012-01-01,2015-12-31,H3260_v1_5
255415,228750,210246,2012-12-05,0.38,3.2,0.033,NA,2012-01-01,2015-12-31,H3260_v1_5
255366,228571,213970,2012-12-05,0.2,2.3,0.036,NA,2012-01-01,2015-12-31,H3260_v1_5
218390,232321,177163,2012-12-10,0.94,1.6,0.072,NA,2012-01-01,2015-12-31,H3260_v1_5
106589,173326,239626,2011-06-09,1.1,4.4,0.077,NA,2010-01-01,2011-12-31,H3260_v1_4
5572,154668,226184,2012-09-26,0,0,0.024,NA,2012-01-01,2015-12-31,H3260_v1_5
238759,225609,198258,2012-10-15,NA,6.8,0,NA,2012-01-01,2015-12-31,H3260_v1_5
103391,189477,197117,2012-10-08,0.86,0.56,0.19,NA,2012-01-01,2015-12-31,H3260_v1_5
255345,228587,215507,2012-10-30,0,2.6,0.039,NA,2012-01-01,2015-12-31,H3260_v1_5
123574,187346,210000,2012-10-15,0.34,1.2,0.07,NA,2012-01-01,2015-12-31,H3260_v1_5
5572,154668,226184,2012-10-25,0.24,0.11,0.036,NA,2012-01-01,2015-12-31,H3260_v1_5
111617,186904,232114,2012-11-29,NA,1.1,0.078,NA,2012-01-01,2015-12-31,H3260_v1_5
84207,151545,223322,2012-11-29,NA,0.57,0,NA,2012-01-01,2015-12-31,H3260_v1_5
224975,210560,206194,2012-12-05,0.2,1.1,0.075,NA,2012-01-01,2015-12-31,H3260_v1_5
206652,203131,209305,2012-12-05,0.27,1.2,0.051,NA,2012-01-01,2015-12-31,H3260_v1_5
124018,192159,223185,2012-12-06,0.34,2.4,0.14,NA,2012-01-01,2015-12-31,H3260_v1_5
38434,200014,218405,2012-12-04,NA,1.1,0.13,NA,2012-01-01,2015-12-31,H3260_v1_5
238759,225609,198258,2012-11-20,NA,7.4,0.031,NA,2012-01-01,2015-12-31,H3260_v1_5
123574,187346,210000,2012-11-22,0.42,1.1,0.049,NA,2012-01-01,2015-12-31,H3260_v1_5
238759,225609,198258,2012-12-04,NA,6.5,0.026,NA,2012-01-01,2015-12-31,H3260_v1_5
218390,232321,177163,2013-01-15,0.28,2.26,0.034,NA,2012-01-01,2015-12-31,H3260_v1_5
218803,250356,161314,2013-01-21,0.158,10.2,0.095,NA,2012-01-01,2015-12-31,H3260_v1_5
240902,247890,195261,2013-01-24,2.7,5.2,0.66,NA,2012-01-01,2015-12-31,H3260_v1_5
221004,245672,183550,2013-01-24,0.91,2.9,0.47,NA,2012-01-01,2015-12-31,H3260_v1_5
144658,222498,199266,2013-01-23,NA,17.2,0.026,NA,2012-01-01,2015-12-31,H3260_v1_5
255415,228750,210246,2013-01-29,0,3.2,0.039,NA,2012-01-01,2015-12-31,H3260_v1_5
238577,224323,213614,2013-01-29,0.59,5.9,0.096,NA,2012-01-01,2015-12-31,H3260_v1_5
224975,210560,206194,2013-01-23,0.39,1.26,0.109,NA,2012-01-01,2015-12-31,H3260_v1_5
206652,203131,209305,2013-01-23,0.4,1.62,0.076,NA,2012-01-01,2015-12-31,H3260_v1_5
218390,232321,177163,2013-02-05,0.19,1.72,0.028,NA,2012-01-01,2015-12-31,H3260_v1_5
218803,250356,161314,2013-02-11,0.22,9.4,0.104,NA,2012-01-01,2015-12-31,H3260_v1_5
5572,154668,226184,2012-11-28,0.14,0.2,0,NA,2012-01-01,2015-12-31,H3260_v1_5
40028,185079,234004,2008-02-06,0.241,4.26,0.259,NA,2008-01-01,2009-12-31,H3260_v1_3
123530,183551,208274,2008-02-07,0.522,2.07,0.101,NA,2008-01-01,2009-12-31,H3260_v1_3
123717,198919,214642,2008-02-07,0.312,1.32,0,NA,2008-01-01,2009-12-31,H3260_v1_3
219284,87245,207610,2008-02-20,1.7,9.1,0.06,NA,2008-01-01,2009-12-31,H3260_v1_3
238570,223718,213525,2008-02-13,0.352,7.44,0.095,NA,2008-01-01,2009-12-31,H3260_v1_3
111580,184931,233174,2008-02-13,0.639,4.88,0.121,NA,2008-01-01,2009-12-31,H3260_v1_3
45938,206821,205572,2008-02-14,0.512,0.667,0.112,NA,2008-01-01,2009-12-31,H3260_v1_3
40649,206487,204467,2008-02-14,0.479,0.857,0,NA,2008-01-01,2009-12-31,H3260_v1_3
206717,208591,210830,2008-02-14,0.146,2.01,0,NA,2008-01-01,2009-12-31,H3260_v1_3
45938,206821,205572,2008-02-11,0.53,0.71,0.07,NA,2008-01-01,2009-12-31,H3260_v1_3
33385,183472,213552,2008-02-18,1.54,2.78,0.071,NA,2008-01-01,2009-12-31,H3260_v1_3
104298,175740,237017,2008-03-04,1.09,8.85,0.215,NA,2008-01-01,2009-12-31,H3260_v1_3
40028,185079,234004,2008-03-05,0.282,5.97,0.07,NA,2008-01-01,2009-12-31,H3260_v1_3
123530,183551,208274,2008-03-06,0.683,1.52,0.108,NA,2008-01-01,2009-12-31,H3260_v1_3
123717,198919,214642,2008-03-06,0.152,1.36,0,NA,2008-01-01,2009-12-31,H3260_v1_3
111580,184931,233174,2008-03-12,1.06,4.79,0.392,NA,2008-01-01,2009-12-31,H3260_v1_3
45938,206821,205572,2008-03-12,0.46,0.714,0.102,NA,2008-01-01,2009-12-31,H3260_v1_3
40649,206487,204467,2008-03-12,0.578,0.873,0.105,NA,2008-01-01,2009-12-31,H3260_v1_3
206717,208591,210830,2008-03-12,0.192,1.79,0,NA,2008-01-01,2009-12-31,H3260_v1_3
219284,87245,207610,2008-03-18,0.19,9.6,0.09,NA,2008-01-01,2009-12-31,H3260_v1_3
33385,183472,213552,2008-03-17,0.544,1.64,0.17,NA,2008-01-01,2009-12-31,H3260_v1_3
238570,223718,213525,2008-03-26,0.493,6.28,0.135,NA,2008-01-01,2009-12-31,H3260_v1_3
45938,206821,205572,2008-03-18,0.52,0.58,0.08,NA,2008-01-01,2009-12-31,H3260_v1_3
104298,175740,237017,2008-04-02,0.475,9.26,0.112,NA,2008-01-01,2009-12-31,H3260_v1_3
238570,223718,213525,2008-04-22,0.231,6.53,0.131,NA,2008-01-01,2009-12-31,H3260_v1_3
40028,185079,234004,2008-04-08,0,7.24,0,NA,2008-01-01,2009-12-31,H3260_v1_3
45938,206821,205572,2008-04-10,0.294,0.785,0.092,NA,2008-01-01,2009-12-31,H3260_v1_3
40649,206487,204467,2008-04-10,0.551,0.42,0.074,NA,2008-01-01,2009-12-31,H3260_v1_3
206717,208591,210830,2008-04-10,0.128,1.4,0,NA,2008-01-01,2009-12-31,H3260_v1_3
111580,184931,233174,2008-04-10,0.543,3.86,0.136,NA,2008-01-01,2009-12-31,H3260_v1_3
33385,183472,213552,2008-04-14,0.801,2.41,0,NA,2008-01-01,2009-12-31,H3260_v1_3
123530,183551,208274,2008-04-17,0.491,1.53,0.079,NA,2008-01-01,2009-12-31,H3260_v1_3
123717,198919,214642,2008-04-17,0,1.98,0,NA,2008-01-01,2009-12-31,H3260_v1_3
238570,223718,213525,2008-05-14,0.237,5.75,0.106,NA,2008-01-01,2009-12-31,H3260_v1_3
219284,87245,207610,2008-05-08,0.26,3.6,0.15,NA,2008-01-01,2009-12-31,H3260_v1_3
219284,87245,207610,2008-04-23,0.37,3.5,0.13,NA,2008-01-01,2009-12-31,H3260_v1_3
123530,183551,208274,2008-05-05,0.152,0.849,0,NA,2008-01-01,2009-12-31,H3260_v1_3
123717,198919,214642,2008-05-05,0,0.893,0,NA,2008-01-01,2009-12-31,H3260_v1_3
104298,175740,237017,2008-05-08,4.08,2,0.232,NA,2008-01-01,2009-12-31,H3260_v1_3
40028,185079,234004,2008-05-13,0.184,3.16,0,NA,2008-01-01,2009-12-31,H3260_v1_3
111580,184931,233174,2008-05-14,0.396,1.81,0,NA,2008-01-01,2009-12-31,H3260_v1_3
45938,206821,205572,2008-05-14,0.178,0.679,0,NA,2008-01-01,2009-12-31,H3260_v1_3
40649,206487,204467,2008-05-14,0,1.34,0,NA,2008-01-01,2009-12-31,H3260_v1_3
206717,208591,210830,2008-05-14,0.125,1.48,0,NA,2008-01-01,2009-12-31,H3260_v1_3
33385,183472,213552,2008-05-19,0.5,1.66,0,NA,2008-01-01,2009-12-31,H3260_v1_3
219284,87245,207610,2008-06-11,0.31,6.6,0.26,NA,2008-01-01,2009-12-31,H3260_v1_3
104298,175740,237017,2008-06-03,1.86,1.86,0.506,NA,2008-01-01,2009-12-31,H3260_v1_3
33385,183472,213552,2008-06-09,0.312,1.12,0,NA,2008-01-01,2009-12-31,H3260_v1_3
40028,185079,234004,2008-06-10,0.148,3.36,0.086,NA,2008-01-01,2009-12-31,H3260_v1_3
111580,184931,233174,2008-06-11,0.71,1.93,0.12,NA,2008-01-01,2009-12-31,H3260_v1_3
45938,206821,205572,2008-06-12,0.402,0.672,0.073,NA,2008-01-01,2009-12-31,H3260_v1_3
40649,206487,204467,2008-06-12,0,1.44,0,NA,2008-01-01,2009-12-31,H3260_v1_3
206717,208591,210830,2008-06-12,0.19,1.55,0,NA,2008-01-01,2009-12-31,H3260_v1_3
123530,183551,208274,2008-06-17,0.295,2.05,0.124,NA,2008-01-01,2009-12-31,H3260_v1_3
123717,198919,214642,2008-06-17,0,1.06,0,NA,2008-01-01,2009-12-31,H3260_v1_3
238570,223718,213525,2008-06-24,0.207,5.62,0.127,NA,2008-01-01,2009-12-31,H3260_v1_3
104298,175740,237017,2008-07-02,0.543,1.46,0.083,NA,2008-01-01,2009-12-31,H3260_v1_3
219284,87245,207610,2008-07-16,0.22,2.8,0.18,NA,2008-01-01,2009-12-31,H3260_v1_3
238570,223718,213525,2008-07-15,0.169,4.67,0.17,NA,2008-01-01,2009-12-31,H3260_v1_3
40028,185079,234004,2008-07-08,0.121,0.832,0,NA,2008-01-01,2009-12-31,H3260_v1_3
111580,184931,233174,2008-07-09,0.183,1.13,0.084,NA,2008-01-01,2009-12-31,H3260_v1_3
45938,206821,205572,2008-07-09,0.142,0.545,0,NA,2008-01-01,2009-12-31,H3260_v1_3
40649,206487,204467,2008-07-09,0,1.61,0,NA,2008-01-01,2009-12-31,H3260_v1_3
206717,208591,210830,2008-07-09,0.159,1.45,0,NA,2008-01-01,2009-12-31,H3260_v1_3
33385,183472,213552,2008-07-14,0,1.84,0,NA,2008-01-01,2009-12-31,H3260_v1_3
123530,183551,208274,2008-07-16,0.134,1.01,0,NA,2008-01-01,2009-12-31,H3260_v1_3
123717,198919,214642,2008-07-16,0,0.843,0,NA,2008-01-01,2009-12-31,H3260_v1_3
123717,198919,214642,2007-06-14,0,0.829,0,NA,2007-01-01,2007-12-31,H3260_v1_2
238570,223718,213525,2007-07-02,2.9,3.83,0.283,NA,2007-01-01,2007-12-31,H3260_v1_2
104298,175740,237017,2008-08-06,0.313,2.87,0.116,NA,2008-01-01,2009-12-31,H3260_v1_3
111580,184931,233174,2008-08-11,0,1.38,0,NA,2008-01-01,2009-12-31,H3260_v1_3
40028,185079,234004,2008-08-12,0,1.67,0,NA,2008-01-01,2009-12-31,H3260_v1_3
33385,183472,213552,2008-08-13,0.115,3.29,0,NA,2008-01-01,2009-12-31,H3260_v1_3
123574,187346,210000,2012-12-12,0.56,1.9,0.041,NA,2012-01-01,2015-12-31,H3260_v1_5
5572,154668,226184,2012-12-17,0.46,0.27,0,NA,2012-01-01,2015-12-31,H3260_v1_5
5572,154668,226184,2009-10-27,0,0,0.049,NA,2008-01-01,2009-12-31,H3260_v1_3
213836,241452,197091,2009-11-03,0.19,2.1,0.07,NA,2008-01-01,2009-12-31,H3260_v1_3
38402,197860,216731,2012-10-15,0.26,1.2,0.077,NA,2012-01-01,2015-12-31,H3260_v1_5
255345,228587,215507,2011-08-24,0.19,1.9,0.079,NA,2010-01-01,2011-12-31,H3260_v1_4
228080,215500,183020,2011-09-13,0.47,3.4,0.18,NA,2010-01-01,2011-12-31,H3260_v1_4
38402,197860,216731,2011-08-22,0.16,0.18,0.066,NA,2010-01-01,2011-12-31,H3260_v1_4
73328,188436,209764,2011-08-22,0.44,0.23,0.29,NA,2010-01-01,2011-12-31,H3260_v1_4
240902,247890,195261,2013-02-12,3,5.7,0.27,NA,2012-01-01,2015-12-31,H3260_v1_5
221004,245672,183550,2013-02-12,1.46,3.6,0.31,NA,2012-01-01,2015-12-31,H3260_v1_5
221004,245672,183550,2011-12-01,2.4,6.1,0.46,NA,2010-01-01,2011-12-31,H3260_v1_4
218390,232321,177163,2011-12-07,0.19,1.8,0,NA,2010-01-01,2011-12-31,H3260_v1_4
47686,179707,243397,2011-12-06,0.41,5.5,0.058,NA,2010-01-01,2011-12-31,H3260_v1_4
111617,186904,232114,2011-12-07,0.61,1.8,0.11,NA,2010-01-01,2011-12-31,H3260_v1_4
238515,223950,218080,2009-11-04,1.6,2.6,0.11,NA,2008-01-01,2009-12-31,H3260_v1_3
238759,225609,198258,2009-11-04,NA,4.1,NA,NA,2008-01-01,2009-12-31,H3260_v1_3
123574,187346,210000,2009-11-12,0.17,0.88,0.074,NA,2008-01-01,2009-12-31,H3260_v1_3
5572,154668,226184,2009-11-25,0,0,0,NA,2008-01-01,2009-12-31,H3260_v1_3
206652,203131,209305,2011-12-07,0.26,1.4,0.045,NA,2010-01-01,2011-12-31,H3260_v1_4
224975,210560,206194,2011-12-08,0.29,0.99,0.079,NA,2010-01-01,2011-12-31,H3260_v1_4
123729,199875,214338,2011-12-14,0.3,0.91,0.041,NA,2010-01-01,2011-12-31,H3260_v1_4
38434,200014,218405,2011-12-14,0.38,1.3,0.2,NA,2010-01-01,2011-12-31,H3260_v1_4
84207,151545,223322,2011-12-08,NA,0.71,0.041,NA,2010-01-01,2011-12-31,H3260_v1_4
103391,189477,197117,2011-09-08,0.36,1.2,0.43,NA,2010-01-01,2011-12-31,H3260_v1_4
124176,204796,204545,2011-09-14,0.13,0.37,0.12,NA,2010-01-01,2011-12-31,H3260_v1_4
123559,185896,209550,2011-09-15,0,1.1,0.1,NA,2010-01-01,2011-12-31,H3260_v1_4
123886,185176,214902,2011-09-19,0.54,1.4,0.082,NA,2010-01-01,2011-12-31,H3260_v1_4
38402,197860,216731,2011-09-20,0.36,0.69,0.081,NA,2010-01-01,2011-12-31,H3260_v1_4
73328,188436,209764,2011-09-20,1.2,0.11,0.58,NA,2010-01-01,2011-12-31,H3260_v1_4
241434,238265,208445,2011-09-08,0.23,2.8,0.15,NA,2010-01-01,2011-12-31,H3260_v1_4
213836,241452,197091,2009-11-30,0.16,2.7,0.087,NA,2008-01-01,2009-12-31,H3260_v1_3
238759,225609,198258,2009-12-01,NA,9.7,NA,NA,2008-01-01,2009-12-31,H3260_v1_3
238515,223950,218080,2009-12-01,0.2,2.7,0.05,NA,2008-01-01,2009-12-31,H3260_v1_3
123574,187346,210000,2009-12-10,0.63,1.9,0.16,NA,2008-01-01,2009-12-31,H3260_v1_3
106589,173326,239626,2010-01-13,4.1,4.4,0.11,NA,2010-01-01,2011-12-31,H3260_v1_4
224975,210560,206194,2012-01-12,0.22,1.7,0.065,NA,2012-01-01,2015-12-31,H3260_v1_5
206652,203131,209305,2012-01-12,0.66,1.2,0.061,NA,2012-01-01,2015-12-31,H3260_v1_5
218390,232321,177163,2013-05-07,0.102,2.07,0,NA,2012-01-01,2015-12-31,H3260_v1_5
218803,250356,161314,2013-05-13,0.43,8.8,0.103,NA,2012-01-01,2015-12-31,H3260_v1_5
240902,247890,195261,2013-05-16,8.3,0.78,1.35,NA,2012-01-01,2015-12-31,H3260_v1_5
221004,245672,183550,2013-05-16,1.43,1.01,0.32,NA,2012-01-01,2015-12-31,H3260_v1_5
212371,244877,161556,2011-09-20,0,3.2,0.38,NA,2010-01-01,2011-12-31,H3260_v1_4
204986,244766,184401,2011-10-03,0.76,6.7,0.97,NA,2010-01-01,2011-12-31,H3260_v1_4
241552,230674,203278,2011-10-04,1.7,5.1,0.057,NA,2010-01-01,2011-12-31,H3260_v1_4
241434,238265,208445,2011-10-04,0.14,4.8,0.039,NA,2010-01-01,2011-12-31,H3260_v1_4
228080,215500,183020,2011-10-11,0.89,5.6,0.14,NA,2010-01-01,2011-12-31,H3260_v1_4
241434,238265,208445,2011-09-14,0,3.9,0.1,NA,2010-01-01,2011-12-31,H3260_v1_4
123574,187346,210000,2010-01-18,0.62,2,0.11,NA,2010-01-01,2011-12-31,H3260_v1_4
174514,97584,197275,2010-01-20,0.9,3.8,0.1,NA,2010-01-01,2011-12-31,H3260_v1_4
238759,225609,198258,2010-01-27,NA,13,0,NA,2010-01-01,2011-12-31,H3260_v1_4
238515,223950,218080,2010-01-27,0.77,3.8,0.04,NA,2010-01-01,2011-12-31,H3260_v1_4
213836,241452,197091,2010-01-28,0.15,3.6,0.026,NA,2010-01-01,2011-12-31,H3260_v1_4
5572,154668,226184,2010-01-28,0.44,0.12,0,NA,2010-01-01,2011-12-31,H3260_v1_4
255415,228750,210246,2013-05-28,0,3,0.026,NA,2012-01-01,2015-12-31,H3260_v1_5
238577,224323,213614,2013-05-28,0.33,5.7,0.093,NA,2012-01-01,2015-12-31,H3260_v1_5
144658,222498,199266,2013-05-28,NA,17,0.051,NA,2012-01-01,2015-12-31,H3260_v1_5
123478,178983,208404,2013-05-22,0.66,1.3,0.073,NA,2012-01-01,2015-12-31,H3260_v1_5
124176,204796,204545,2011-10-12,0,0.44,0.053,NA,2010-01-01,2011-12-31,H3260_v1_4
103391,189477,197117,2011-10-13,0.21,1.1,0.049,NA,2010-01-01,2011-12-31,H3260_v1_4
212371,244877,161556,2011-10-18,0,5.1,0.64,NA,2010-01-01,2011-12-31,H3260_v1_4
123886,185176,214902,2011-10-17,0.48,1.8,0.088,NA,2010-01-01,2011-12-31,H3260_v1_4
38402,197860,216731,2011-10-18,0.21,0.64,0.028,NA,2010-01-01,2011-12-31,H3260_v1_4
224975,210560,206194,2013-05-28,0.27,1.9,0.061,NA,2012-01-01,2015-12-31,H3260_v1_5
206652,203131,209305,2013-05-28,0.2,1.46,0.047,NA,2012-01-01,2015-12-31,H3260_v1_5
144658,222498,199266,2013-06-25,NA,18.8,0,NA,2012-01-01,2015-12-31,H3260_v1_5
240902,247890,195261,2013-06-11,2.4,2.01,0.26,NA,2012-01-01,2015-12-31,H3260_v1_5
221004,245672,183550,2013-06-11,1.11,0.46,0.41,NA,2012-01-01,2015-12-31,H3260_v1_5
255415,228750,210246,2013-06-25,0.108,5.8,0,NA,2012-01-01,2015-12-31,H3260_v1_5
238577,224323,213614,2013-06-25,0.27,4.2,0.081,NA,2012-01-01,2015-12-31,H3260_v1_5
73328,188436,209764,2011-10-18,0.69,0.32,0.6,NA,2010-01-01,2011-12-31,H3260_v1_4
123559,185896,209550,2011-10-20,0.28,1.2,0.044,NA,2010-01-01,2011-12-31,H3260_v1_4
241434,238265,208445,2011-11-07,0,0,0,NA,2010-01-01,2011-12-31,H3260_v1_4
204986,244766,184401,2011-11-09,2.8,1.1,0.46,NA,2010-01-01,2011-12-31,H3260_v1_4
212371,244877,161556,2011-11-16,0.15,4.7,0.25,NA,2010-01-01,2011-12-31,H3260_v1_4
213836,241452,197091,2010-02-11,0.16,3.7,0,NA,2010-01-01,2011-12-31,H3260_v1_4
106589,173326,239626,2010-02-03,0.61,5.8,0.31,NA,2010-01-01,2011-12-31,H3260_v1_4
238515,223950,218080,2010-02-22,0.54,3.9,0.05,NA,2010-01-01,2011-12-31,H3260_v1_4
123574,187346,210000,2010-02-10,0.67,1.9,0.088,NA,2010-01-01,2011-12-31,H3260_v1_4
174514,97584,197275,2010-02-09,0.95,3.6,0.1,NA,2010-01-01,2011-12-31,H3260_v1_4
238759,225609,198258,2010-02-22,NA,13,0.028,NA,2010-01-01,2011-12-31,H3260_v1_4
218390,232321,177163,2013-07-02,0.26,1.55,0.031,NA,2012-01-01,2015-12-31,H3260_v1_5
218803,250356,161314,2013-07-08,0.27,7.5,0.144,NA,2012-01-01,2015-12-31,H3260_v1_5
240902,247890,195261,2013-07-09,2.6,1.83,0.65,NA,2012-01-01,2015-12-31,H3260_v1_5
221004,245672,183550,2013-07-09,0.73,0.49,0.2,NA,2012-01-01,2015-12-31,H3260_v1_5
123478,178983,208404,2013-06-19,0.28,1.08,0.063,NA,2012-01-01,2015-12-31,H3260_v1_5
103391,189477,197117,2011-11-09,0.74,0.82,0.55,NA,2010-01-01,2011-12-31,H3260_v1_4
124176,204796,204545,2011-11-16,0.37,0.63,0.063,NA,2010-01-01,2011-12-31,H3260_v1_4
123886,185176,214902,2011-11-17,1.2,2.5,0.061,NA,2010-01-01,2011-12-31,H3260_v1_4
228080,215500,183020,2011-11-22,0.27,5.9,0.08,NA,2010-01-01,2011-12-31,H3260_v1_4
38402,197860,216731,2011-11-22,0.11,0.62,0.024,NA,2010-01-01,2011-12-31,H3260_v1_4
5572,154668,226184,2010-02-25,0.28,0,0,NA,2010-01-01,2011-12-31,H3260_v1_4
213836,241452,197091,2010-03-09,0.12,3.8,0,NA,2010-01-01,2011-12-31,H3260_v1_4
106589,173326,239626,2010-03-02,0.86,7.6,0.26,NA,2010-01-01,2011-12-31,H3260_v1_4
123574,187346,210000,2010-03-10,0.67,1.7,0.075,NA,2010-01-01,2011-12-31,H3260_v1_4
174514,97584,197275,2010-03-10,0.86,3.5,0.07,NA,2010-01-01,2011-12-31,H3260_v1_4
213836,241452,197091,2011-06-20,0.13,3.5,0.063,NA,2010-01-01,2011-12-31,H3260_v1_4
238759,225609,198258,2011-06-22,NA,7.2,0,NA,2010-01-01,2011-12-31,H3260_v1_4
224975,210560,206194,2013-06-26,0.14,0.87,0.079,NA,2012-01-01,2015-12-31,H3260_v1_5
206652,203131,209305,2013-06-26,0.28,1.1,0.083,NA,2012-01-01,2015-12-31,H3260_v1_5
255415,228750,210246,2013-07-30,0.1,4.5,0,NA,2012-01-01,2015-12-31,H3260_v1_5
73328,188436,209764,2011-11-22,0.53,0.18,0.21,NA,2010-01-01,2011-12-31,H3260_v1_4
123559,185896,209550,2011-11-24,0.49,1,0,NA,2010-01-01,2011-12-31,H3260_v1_4
241552,230674,203278,2011-12-06,1.4,5.1,0.063,NA,2010-01-01,2011-12-31,H3260_v1_4
241434,238265,208445,2011-12-06,0.52,4.2,0.049,NA,2010-01-01,2011-12-31,H3260_v1_4
204986,244766,184401,2011-12-01,2.6,1.9,0.17,NA,2010-01-01,2011-12-31,H3260_v1_4
238515,223950,218080,2011-06-22,0.21,2.9,0.12,NA,2010-01-01,2011-12-31,H3260_v1_4
174514,97584,197275,2011-06-16,0.22,0,0.15,NA,2010-01-01,2011-12-31,H3260_v1_4
123574,187346,210000,2011-06-22,0,0.91,0.033,NA,2010-01-01,2011-12-31,H3260_v1_4
213836,241452,197091,2011-07-14,0.17,4.3,0.076,NA,2010-01-01,2011-12-31,H3260_v1_4
238515,223950,218080,2011-07-27,0.2,2.6,0.095,NA,2010-01-01,2011-12-31,H3260_v1_4
238759,225609,198258,2011-07-27,NA,6.3,0,NA,2010-01-01,2011-12-31,H3260_v1_4
228080,215500,183020,2011-12-12,2.4,4.2,0.097,NA,2010-01-01,2011-12-31,H3260_v1_4
212371,244877,161556,2011-12-13,0.57,5.3,0.18,NA,2010-01-01,2011-12-31,H3260_v1_4
124176,204796,204545,2011-12-07,0.22,1.2,0.054,NA,2010-01-01,2011-12-31,H3260_v1_4
103391,189477,197117,2011-12-08,1,0.81,0.21,NA,2010-01-01,2011-12-31,H3260_v1_4
123886,185176,214902,2011-12-13,2.1,1.2,0.066,NA,2010-01-01,2011-12-31,H3260_v1_4
123478,178983,208404,2013-07-23,0.111,0.65,0.07,NA,2012-01-01,2015-12-31,H3260_v1_5
224975,210560,206194,2013-07-29,0.18,0.81,0.102,NA,2012-01-01,2015-12-31,H3260_v1_5
174514,97584,197275,2011-07-14,0,0,0.27,NA,2010-01-01,2011-12-31,H3260_v1_4
123574,187346,210000,2011-07-20,0,1.1,0.047,NA,2010-01-01,2011-12-31,H3260_v1_4
213836,241452,197091,2011-08-02,0,4.7,0.024,NA,2010-01-01,2011-12-31,H3260_v1_4
238515,223950,218080,2011-08-09,0.73,3,0.088,NA,2010-01-01,2011-12-31,H3260_v1_4
238759,225609,198258,2011-08-09,NA,5.1,0,NA,2010-01-01,2011-12-31,H3260_v1_4
106589,173326,239626,2011-08-08,0,3.2,0,NA,2010-01-01,2011-12-31,H3260_v1_4
123559,185896,209550,2011-12-14,1,1.2,0.13,NA,2010-01-01,2011-12-31,H3260_v1_4
38402,197860,216731,2011-12-14,0.38,1.3,0.16,NA,2010-01-01,2011-12-31,H3260_v1_4
73328,188436,209764,2011-12-14,0.89,0.97,0.22,NA,2010-01-01,2011-12-31,H3260_v1_4
103391,189477,197117,2012-01-12,1,0.55,0.29,NA,2012-01-01,2015-12-31,H3260_v1_5
169151,161052,157603,2013-05-13,0.57,4.6,0.116,NA,2012-01-01,2015-12-31,H3260_v1_5
206652,203131,209305,2013-07-29,0.21,0.88,0.048,NA,2012-01-01,2015-12-31,H3260_v1_5
238577,224323,213614,2013-07-30,0.1,3.4,0.08,NA,2012-01-01,2015-12-31,H3260_v1_5
218390,232321,177163,2013-08-06,0,1.2,0.02,NA,2012-01-01,2015-12-31,H3260_v1_5
240902,247890,195261,2013-08-21,0.72,0.74,4.6,NA,2012-01-01,2015-12-31,H3260_v1_5
221004,245672,183550,2013-08-21,1.1,0.48,0.51,NA,2012-01-01,2015-12-31,H3260_v1_5
218803,250356,161314,2013-08-12,0.21,7.5,0.12,NA,2012-01-01,2015-12-31,H3260_v1_5
144658,222498,199266,2013-08-27,NA,30,0,NA,2012-01-01,2015-12-31,H3260_v1_5
255415,228750,210246,2013-08-27,0,3.8,0,NA,2012-01-01,2015-12-31,H3260_v1_5
238577,224323,213614,2013-08-27,0.24,4.2,0.136,NA,2012-01-01,2015-12-31,H3260_v1_5
238577,224323,213614,2013-09-24,0.24,3.5,0.081,NA,2012-01-01,2015-12-31,H3260_v1_5
123478,178983,208404,2013-08-20,0,0.77,0.06,NA,2012-01-01,2015-12-31,H3260_v1_5
123574,187346,210000,2011-08-18,0,0.9,0.066,NA,2010-01-01,2011-12-31,H3260_v1_4
174514,97584,197275,2011-08-04,0.44,0,0.04,NA,2010-01-01,2011-12-31,H3260_v1_4
213836,241452,197091,2011-09-05,1.7,2.4,0.2,NA,2010-01-01,2011-12-31,H3260_v1_4
238759,225609,198258,2011-09-07,NA,3.4,0,NA,2010-01-01,2011-12-31,H3260_v1_4
238515,223950,218080,2011-09-07,1.4,3.4,0.16,NA,2010-01-01,2011-12-31,H3260_v1_4
174514,97584,197275,2011-09-07,0,0.69,0.41,NA,2010-01-01,2011-12-31,H3260_v1_4
106589,173326,239626,2011-09-06,0.59,1.7,0.09,NA,2010-01-01,2011-12-31,H3260_v1_4
212371,244877,161556,2013-05-13,0.87,5.4,0.39,NA,2012-01-01,2015-12-31,H3260_v1_5
47591,246700,206562,2013-05-22,1.05,1.06,0.049,NA,2012-01-01,2015-12-31,H3260_v1_5
255345,228587,215507,2013-05-28,0.155,3.2,0.029,NA,2012-01-01,2015-12-31,H3260_v1_5
224975,210560,206194,2013-08-26,0,0.66,0.07,NA,2012-01-01,2015-12-31,H3260_v1_5
206652,203131,209305,2013-08-26,0,1.33,0.043,NA,2012-01-01,2015-12-31,H3260_v1_5
123478,178983,208404,2013-09-17,0.27,0.95,0.085,NA,2012-01-01,2015-12-31,H3260_v1_5
123574,187346,210000,2011-09-15,0,1.1,0.12,NA,2010-01-01,2011-12-31,H3260_v1_4
213836,241452,197091,2011-10-03,0,3,0.041,NA,2010-01-01,2011-12-31,H3260_v1_4
238515,223950,218080,2011-10-05,0.25,4.6,0.077,NA,2010-01-01,2011-12-31,H3260_v1_4
238759,225609,198258,2011-10-05,NA,5.5,0.037,NA,2010-01-01,2011-12-31,H3260_v1_4
174514,97584,197275,2011-10-06,0.18,0,0.59,NA,2010-01-01,2011-12-31,H3260_v1_4
123574,187346,210000,2011-10-20,0.24,1.1,0.053,NA,2010-01-01,2011-12-31,H3260_v1_4
203454,200579,184451,2013-05-28,0.2,2.8,0.039,NA,2012-01-01,2015-12-31,H3260_v1_5
38402,197860,216731,2013-05-22,0.51,0.77,0.078,NA,2012-01-01,2015-12-31,H3260_v1_5
123559,185896,209550,2013-05-22,0.75,1.29,0.113,NA,2012-01-01,2015-12-31,H3260_v1_5
103391,189477,197117,2013-05-28,0.86,0.46,0.32,NA,2012-01-01,2015-12-31,H3260_v1_5
224975,210560,206194,2013-09-23,0,0.6,0,NA,2012-01-01,2015-12-31,H3260_v1_5
206652,203131,209305,2013-09-23,0.128,1.22,0,NA,2012-01-01,2015-12-31,H3260_v1_5
255415,228750,210246,2013-09-24,0,3.7,0.016,NA,2012-01-01,2015-12-31,H3260_v1_5
238577,224323,213614,2013-10-29,0.19,2.24,0.109,NA,2012-01-01,2015-12-31,H3260_v1_5
218390,232321,177163,2013-10-08,0,1.75,0,NA,2012-01-01,2015-12-31,H3260_v1_5
221004,245672,183550,2013-10-15,1.7,1.04,0.56,NA,2012-01-01,2015-12-31,H3260_v1_5
238759,225609,198258,2011-11-08,NA,6.6,0.088,NA,2010-01-01,2011-12-31,H3260_v1_4
238515,223950,218080,2011-11-08,0.15,3.3,0.17,NA,2010-01-01,2011-12-31,H3260_v1_4
213836,241452,197091,2011-11-09,0,2.8,0.16,NA,2010-01-01,2011-12-31,H3260_v1_4
174514,97584,197275,2011-11-08,1.8,1.1,0.93,NA,2010-01-01,2011-12-31,H3260_v1_4
123574,187346,210000,2011-11-24,0.27,0.92,0,NA,2010-01-01,2011-12-31,H3260_v1_4
240902,247890,195261,2013-10-15,0.92,3.2,0.34,NA,2012-01-01,2015-12-31,H3260_v1_5
255415,228750,210246,2013-10-29,0,2.7,0.049,NA,2012-01-01,2015-12-31,H3260_v1_5
238577,224323,213614,2013-11-26,0.33,4.1,0.087,NA,2012-01-01,2015-12-31,H3260_v1_5
238577,224323,213614,2013-12-16,0.34,4,0.087,NA,2012-01-01,2015-12-31,H3260_v1_5
123478,178983,208404,2013-10-15,0.33,0.78,0.133,NA,2012-01-01,2015-12-31,H3260_v1_5
224975,210560,206194,2013-10-23,0,0.61,0.089,NA,2012-01-01,2015-12-31,H3260_v1_5
238515,223950,218080,2011-12-05,0.52,2.3,0.056,NA,2010-01-01,2011-12-31,H3260_v1_4
238759,225609,198258,2011-12-05,NA,6.3,0,NA,2010-01-01,2011-12-31,H3260_v1_4
213836,241452,197091,2011-12-01,0.12,4.1,0,NA,2010-01-01,2011-12-31,H3260_v1_4
106589,173326,239626,2011-12-06,1.1,2.6,0.15,NA,2010-01-01,2011-12-31,H3260_v1_4
123574,187346,210000,2011-12-14,0.79,1.2,0.13,NA,2010-01-01,2011-12-31,H3260_v1_4
174514,97584,197275,2011-12-06,2.1,2.1,0.8,NA,2010-01-01,2011-12-31,H3260_v1_4
238570,223718,213525,2008-08-12,0.165,5.96,0.104,NA,2008-01-01,2009-12-31,H3260_v1_3
219284,87245,207610,2008-09-15,0,9.6,0.11,NA,2008-01-01,2009-12-31,H3260_v1_3
123530,183551,208274,2008-08-14,0,1.33,0.093,NA,2008-01-01,2009-12-31,H3260_v1_3
123717,198919,214642,2008-08-14,0,0.613,0,NA,2008-01-01,2009-12-31,H3260_v1_3
45938,206821,205572,2008-08-18,0.156,0.57,0.074,NA,2008-01-01,2009-12-31,H3260_v1_3
40649,206487,204467,2008-08-18,0,0.724,0,NA,2008-01-01,2009-12-31,H3260_v1_3
206717,208591,210830,2008-08-18,0.142,1.39,0,NA,2008-01-01,2009-12-31,H3260_v1_3
238570,223718,213525,2008-09-09,0.159,6.04,0.139,NA,2008-01-01,2009-12-31,H3260_v1_3
104298,175740,237017,2008-09-02,0.224,3.09,0.124,NA,2008-01-01,2009-12-31,H3260_v1_3
111580,184931,233174,2008-09-08,0.217,1.47,0.129,NA,2008-01-01,2009-12-31,H3260_v1_3
40028,185079,234004,2008-09-09,0,1.42,0,NA,2008-01-01,2009-12-31,H3260_v1_3
33385,183472,213552,2008-09-11,0,1.66,0,NA,2008-01-01,2009-12-31,H3260_v1_3
123530,183551,208274,2008-09-15,0,1.06,0,NA,2008-01-01,2009-12-31,H3260_v1_3
123717,198919,214642,2008-09-15,0,0.679,0,NA,2008-01-01,2009-12-31,H3260_v1_3
45938,206821,205572,2008-09-17,0.222,0.482,0.087,NA,2008-01-01,2009-12-31,H3260_v1_3
40649,206487,204467,2008-09-17,0,1.45,0,NA,2008-01-01,2009-12-31,H3260_v1_3
206717,208591,210830,2008-09-17,0.196,1.46,0.078,NA,2008-01-01,2009-12-31,H3260_v1_3
104298,175740,237017,2008-10-06,0.576,3.08,0.944,NA,2008-01-01,2009-12-31,H3260_v1_3
40028,185079,234004,2008-10-07,0,3.36,0.102,NA,2008-01-01,2009-12-31,H3260_v1_3
111580,184931,233174,2008-10-08,0.343,2.74,0.134,NA,2008-01-01,2009-12-31,H3260_v1_3
33385,183472,213552,2008-10-08,0.138,1.36,0,NA,2008-01-01,2009-12-31,H3260_v1_3
219284,87245,207610,2008-10-13,0.2,7.1,0.1,NA,2008-01-01,2009-12-31,H3260_v1_3
238570,223718,213525,2008-10-07,0.171,3.32,0.118,NA,2008-01-01,2009-12-31,H3260_v1_3
123530,183551,208274,2008-10-14,0.111,1.3,0,NA,2008-01-01,2009-12-31,H3260_v1_3
123717,198919,214642,2008-10-14,0,1.18,0,NA,2008-01-01,2009-12-31,H3260_v1_3
45938,206821,205572,2008-10-16,0.3,0.368,0,NA,2008-01-01,2009-12-31,H3260_v1_3
40649,206487,204467,2008-10-16,0,1.2,0,NA,2008-01-01,2009-12-31,H3260_v1_3
206717,208591,210830,2008-10-16,0.19,1.48,0,NA,2008-01-01,2009-12-31,H3260_v1_3
40028,185079,234004,2008-11-04,0.21,2.89,0.135,NA,2008-01-01,2009-12-31,H3260_v1_3
104298,175740,237017,2008-11-05,0.952,6.55,0.139,NA,2008-01-01,2009-12-31,H3260_v1_3
111580,184931,233174,2008-11-05,0.16,2.94,0.094,NA,2008-01-01,2009-12-31,H3260_v1_3
33385,183472,213552,2008-11-06,0.285,1.8,0,NA,2008-01-01,2009-12-31,H3260_v1_3
123530,183551,208274,2008-11-13,2.61,1.26,0.215,NA,2008-01-01,2009-12-31,H3260_v1_3
123717,198919,214642,2008-11-13,0.196,0.63,0,NA,2008-01-01,2009-12-31,H3260_v1_3
219284,87245,207610,2008-11-12,0.45,12,0.19,NA,2008-01-01,2009-12-31,H3260_v1_3
45938,206821,205572,2008-11-17,0.349,0.397,0,NA,2008-01-01,2009-12-31,H3260_v1_3
40649,206487,204467,2008-11-17,0,0.963,0,NA,2008-01-01,2009-12-31,H3260_v1_3
206717,208591,210830,2008-11-17,0.201,1.54,0.104,NA,2008-01-01,2009-12-31,H3260_v1_3
219284,87245,207610,2008-12-03,0,8.8,0.21,NA,2008-01-01,2009-12-31,H3260_v1_3
238570,223718,213525,2008-11-19,0.251,4.62,0.151,NA,2008-01-01,2009-12-31,H3260_v1_3
40028,185079,234004,2008-12-02,0.216,5.87,0,NA,2008-01-01,2009-12-31,H3260_v1_3
104298,175740,237017,2008-12-03,0.736,9.7,0.223,NA,2008-01-01,2009-12-31,H3260_v1_3
111580,184931,233174,2008-12-03,0.792,4.79,0.168,NA,2008-01-01,2009-12-31,H3260_v1_3
33385,183472,213552,2008-12-04,0.552,1.05,0.113,NA,2008-01-01,2009-12-31,H3260_v1_3
238570,223718,213525,2008-12-03,0.672,4.99,0.125,NA,2008-01-01,2009-12-31,H3260_v1_3
45938,206821,205572,2008-12-08,0.316,0.654,0.076,NA,2008-01-01,2009-12-31,H3260_v1_3
40649,206487,204467,2008-12-08,0.135,1.21,0,NA,2008-01-01,2009-12-31,H3260_v1_3
206717,208591,210830,2008-12-08,0.141,1.4,0,NA,2008-01-01,2009-12-31,H3260_v1_3
123530,183551,208274,2008-12-12,0.66,1.38,0.093,NA,2008-01-01,2009-12-31,H3260_v1_3
123717,198919,214642,2008-12-12,0.208,0.829,0,NA,2008-01-01,2009-12-31,H3260_v1_3
104298,175740,237017,2009-01-08,2.02,2.88,0.139,NA,2008-01-01,2009-12-31,H3260_v1_3
111580,184931,233174,2009-01-13,2.28,1.79,0.224,NA,2008-01-01,2009-12-31,H3260_v1_3
45938,206821,205572,2009-01-14,0.805,0.689,0.104,NA,2008-01-01,2009-12-31,H3260_v1_3
40649,206487,204467,2009-01-14,0.856,1.19,0.082,NA,2008-01-01,2009-12-31,H3260_v1_3
206717,208591,210830,2009-01-14,0.316,1.74,0.071,NA,2008-01-01,2009-12-31,H3260_v1_3
123530,183551,208274,2009-01-19,0.926,1.51,0.101,NA,2008-01-01,2009-12-31,H3260_v1_3
123717,198919,214642,2009-01-19,0.365,1.35,0.045,NA,2008-01-01,2009-12-31,H3260_v1_3
33385,183472,213552,2009-01-20,1.18,1.53,0.125,NA,2008-01-01,2009-12-31,H3260_v1_3
219284,87245,207610,2009-01-29,1.4,6.4,0.11,NA,2008-01-01,2009-12-31,H3260_v1_3
5547,152305,226350,2009-01-29,0.158,0,0,NA,2008-01-01,2009-12-31,H3260_v1_3
104298,175740,237017,2009-02-05,1.99,8.15,1,NA,2008-01-01,2009-12-31,H3260_v1_3
111580,184931,233174,2009-02-09,1.98,5.69,0.145,NA,2008-01-01,2009-12-31,H3260_v1_3
45938,206821,205572,2009-02-10,0.821,0.824,0.058,NA,2008-01-01,2009-12-31,H3260_v1_3
40649,206487,204467,2009-02-10,0.61,1.14,0.058,NA,2008-01-01,2009-12-31,H3260_v1_3
206717,208591,210830,2009-02-10,0.213,1.81,0,NA,2008-01-01,2009-12-31,H3260_v1_3
33385,183472,213552,2009-02-12,1.35,1.74,0.116,NA,2008-01-01,2009-12-31,H3260_v1_3
123530,183551,208274,2009-02-16,0.86,1.94,0.09,NA,2008-01-01,2009-12-31,H3260_v1_3
40649,206487,204467,2007-12-13,0.358,1.45,0,NA,2007-01-01,2007-12-31,H3260_v1_2
206717,208591,210830,2007-12-13,0.209,1.62,0,NA,2007-01-01,2007-12-31,H3260_v1_2
169151,161052,157603,2013-06-10,0.43,4.2,0.098,NA,2012-01-01,2015-12-31,H3260_v1_5
203454,200579,184451,2013-06-25,1.17,1,0.03,NA,2012-01-01,2015-12-31,H3260_v1_5
47591,246700,206562,2013-06-20,NA,0,0,NA,2012-01-01,2015-12-31,H3260_v1_5
255345,228587,215507,2013-06-25,0.24,2.22,0.058,NA,2012-01-01,2015-12-31,H3260_v1_5
206652,203131,209305,2013-10-23,0.37,0.81,0.141,NA,2012-01-01,2015-12-31,H3260_v1_5
144658,222498,199266,2013-10-29,220,2.585,1.3,NA,2012-01-01,2015-12-31,H3260_v1_5
218803,250356,161314,2013-11-04,0.51,4.5,0.33,NA,2012-01-01,2015-12-31,H3260_v1_5
240902,247890,195261,2013-11-05,0.6,1.32,0.143,NA,2012-01-01,2015-12-31,H3260_v1_5
221004,245672,183550,2013-11-05,1.7,0.31,0.65,NA,2012-01-01,2015-12-31,H3260_v1_5
218390,232321,177163,2013-11-19,0.25,1.47,0.028,NA,2012-01-01,2015-12-31,H3260_v1_5
144658,222498,199266,2013-11-27,NA,21.6,0.026,NA,2012-01-01,2015-12-31,H3260_v1_5
123478,178983,208404,2013-11-20,0.35,1.11,0.093,NA,2012-01-01,2015-12-31,H3260_v1_5
224975,210560,206194,2013-11-25,0.116,0.83,0.112,NA,2012-01-01,2015-12-31,H3260_v1_5
206652,203131,209305,2013-11-25,0.21,1.16,0.068,NA,2012-01-01,2015-12-31,H3260_v1_5
212371,244877,161556,2013-07-08,0.134,4.8,0.31,NA,2012-01-01,2015-12-31,H3260_v1_5
38402,197860,216731,2013-06-19,0.23,0.3,0.025,NA,2012-01-01,2015-12-31,H3260_v1_5
123559,185896,209550,2013-06-19,0.44,0.81,0.053,NA,2012-01-01,2015-12-31,H3260_v1_5
103391,189477,197117,2013-06-26,0.71,1.11,0.3,NA,2012-01-01,2015-12-31,H3260_v1_5
218803,250356,161314,2013-12-02,0.16,7.7,0.123,NA,2012-01-01,2015-12-31,H3260_v1_5
240902,247890,195261,2013-12-03,0.98,1.84,0.135,NA,2012-01-01,2015-12-31,H3260_v1_5
221004,245672,183550,2013-12-03,1.17,1.53,0.38,NA,2012-01-01,2015-12-31,H3260_v1_5
255415,228750,210246,2013-11-27,0,5.2,0,NA,2012-01-01,2015-12-31,H3260_v1_5
111617,186904,232114,2013-11-26,NA,1.96,0.131,NA,2012-01-01,2015-12-31,H3260_v1_5
84207,151545,223322,2013-11-26,NA,1.08,0.025,NA,2012-01-01,2015-12-31,H3260_v1_5
38434,200014,218405,2013-11-27,NA,0.75,0.087,NA,2012-01-01,2015-12-31,H3260_v1_5
218390,232321,177163,2013-12-11,0.25,1.64,0.023,NA,2012-01-01,2015-12-31,H3260_v1_5
144658,222498,199266,2013-12-17,NA,21,0,NA,2012-01-01,2015-12-31,H3260_v1_5
123478,178983,208404,2013-12-11,0.34,1.06,0.108,NA,2012-01-01,2015-12-31,H3260_v1_5
224975,210560,206194,2013-12-12,0.154,0.79,0.088,NA,2012-01-01,2015-12-31,H3260_v1_5
206652,203131,209305,2013-12-12,0.32,1.05,0.057,NA,2012-01-01,2015-12-31,H3260_v1_5
169151,161052,157603,2013-07-09,0.2,3.9,0.115,NA,2012-01-01,2015-12-31,H3260_v1_5
255345,228587,215507,2013-07-30,0.13,1.7,0.059,NA,2012-01-01,2015-12-31,H3260_v1_5
38402,197860,216731,2013-07-22,0,0,0.02,NA,2012-01-01,2015-12-31,H3260_v1_5
255415,228750,210246,2013-12-18,0,4.9,0,NA,2012-01-01,2015-12-31,H3260_v1_5
218803,250356,161314,2014-01-15,0.15,8,0.153,NA,2012-01-01,2015-12-31,H3260_v1_5
111617,186904,232114,2014-01-08,0.69,3.2,0.123,NA,2012-01-01,2015-12-31,H3260_v1_5
224975,210560,206194,2014-01-14,0.25,1.04,0.11,NA,2012-01-01,2015-12-31,H3260_v1_5
206652,203131,209305,2014-01-14,0.28,1.34,0.059,NA,2012-01-01,2015-12-31,H3260_v1_5
123559,185896,209550,2013-07-23,0.44,0.55,0.046,NA,2012-01-01,2015-12-31,H3260_v1_5
103391,189477,197117,2013-07-29,1.7,0.258,0.27,NA,2012-01-01,2015-12-31,H3260_v1_5
144658,222498,199266,2014-01-28,0.4,17.6,0.022,NA,2012-01-01,2015-12-31,H3260_v1_5
218390,232321,177163,2014-01-21,0.26,1.57,0.024,NA,2012-01-01,2015-12-31,H3260_v1_5
144658,222498,199266,2014-01-15,0.63,19.8,0.015,NA,2012-01-01,2015-12-31,H3260_v1_5
255415,228750,210246,2014-01-28,0.144,6.4,0.019,NA,2012-01-01,2015-12-31,H3260_v1_5
38434,200014,218405,2014-01-22,NA,1.42,0.091,NA,2012-01-01,2015-12-31,H3260_v1_5
84207,151545,223322,2014-01-23,NA,1.04,0.027,NA,2012-01-01,2015-12-31,H3260_v1_5
212371,244877,161556,2013-08-12,0,4.8,0.48,NA,2012-01-01,2015-12-31,H3260_v1_5
47591,246700,206562,2013-08-22,0.16,0.27,0.02,NA,2012-01-01,2015-12-31,H3260_v1_5
203454,200579,184451,2013-08-27,0,0.67,0.1,NA,2012-01-01,2015-12-31,H3260_v1_5
255345,228587,215507,2013-08-27,0.159,1.74,0.064,NA,2012-01-01,2015-12-31,H3260_v1_5
218803,250356,161314,2014-02-03,0.22,9.1,0.14,NA,2012-01-01,2015-12-31,H3260_v1_5
111617,186904,232114,2014-02-05,0.63,4,0.111,NA,2012-01-01,2015-12-31,H3260_v1_5
218390,232321,177163,2014-02-12,0.25,1.67,0.021,NA,2012-01-01,2015-12-31,H3260_v1_5
144658,222498,199266,2014-02-19,0.46,18.5,0,NA,2012-01-01,2015-12-31,H3260_v1_5
224975,210560,206194,2014-02-10,0.24,1.28,0.083,NA,2012-01-01,2015-12-31,H3260_v1_5
206652,203131,209305,2014-02-10,0.27,1.24,0.062,NA,2012-01-01,2015-12-31,H3260_v1_5
238572,223886,213548,2014-02-26,0.208,5.4,0.048,NA,2012-01-01,2015-12-31,H3260_v1_5
255415,228750,210246,2014-02-26,0,6.9,0,NA,2012-01-01,2015-12-31,H3260_v1_5
123559,185896,209550,2013-08-20,0,0.71,0.04,NA,2012-01-01,2015-12-31,H3260_v1_5
38402,197860,216731,2013-08-21,0,0.52,0.01,NA,2012-01-01,2015-12-31,H3260_v1_5
103391,189477,197117,2013-08-26,0,0.99,0.16,NA,2012-01-01,2015-12-31,H3260_v1_5
111617,186904,232114,2014-03-05,0.56,2.25,0.121,NA,2012-01-01,2015-12-31,H3260_v1_5
224975,210560,206194,2014-03-10,0.121,1.12,0.132,NA,2012-01-01,2015-12-31,H3260_v1_5
206652,203131,209305,2014-03-10,0.27,1.27,0.044,NA,2012-01-01,2015-12-31,H3260_v1_5
218803,250356,161314,2014-03-03,0.26,8.3,0.115,NA,2012-01-01,2015-12-31,H3260_v1_5
144658,222498,199266,2014-04-01,0.41,20.1,0,NA,2012-01-01,2015-12-31,H3260_v1_5
47591,246700,206562,2013-09-19,0.63,1,0.071,NA,2012-01-01,2015-12-31,H3260_v1_5
38402,197860,216731,2013-09-17,0.11,0.52,0.026,NA,2012-01-01,2015-12-31,H3260_v1_5
255415,228750,210246,2014-03-26,0,5.9,0,NA,2012-01-01,2015-12-31,H3260_v1_5
38434,200014,218405,2014-03-27,NA,1.03,0.022,NA,2012-01-01,2015-12-31,H3260_v1_5
84207,151545,223322,2014-03-31,NA,0.7,0,NA,2012-01-01,2015-12-31,H3260_v1_5
218803,250356,161314,2014-04-01,0.141,8.4,0.096,NA,2012-01-01,2015-12-31,H3260_v1_5
111617,186904,232114,2014-04-02,0.178,1.15,0.103,NA,2012-01-01,2015-12-31,H3260_v1_5
224975,210560,206194,2014-04-09,0,0.89,0.094,NA,2012-01-01,2015-12-31,H3260_v1_5
123559,185896,209550,2013-09-17,0.38,0.94,0.102,NA,2012-01-01,2015-12-31,H3260_v1_5
103391,189477,197117,2013-09-23,0,1.36,0.039,NA,2012-01-01,2015-12-31,H3260_v1_5
169151,161052,157603,2013-10-14,0.65,4,0.24,NA,2012-01-01,2015-12-31,H3260_v1_5
206652,203131,209305,2014-04-09,0,1.29,0.023,NA,2012-01-01,2015-12-31,H3260_v1_5
218390,232321,177163,2014-04-14,0.128,1.26,0.02,NA,2012-01-01,2015-12-31,H3260_v1_5
255415,228750,210246,2014-04-23,0.41,4.7,0.025,NA,2012-01-01,2015-12-31,H3260_v1_5
255345,228587,215507,2013-09-24,0.29,2.17,0.092,NA,2012-01-01,2015-12-31,H3260_v1_5
47591,246700,206562,2013-10-22,0.79,0.48,0.02,NA,2012-01-01,2015-12-31,H3260_v1_5
255345,228587,215507,2013-10-29,0,1.28,0.063,NA,2012-01-01,2015-12-31,H3260_v1_5
38402,197860,216731,2013-10-15,0,0.32,0.128,NA,2012-01-01,2015-12-31,H3260_v1_5
123559,185896,209550,2013-10-15,0.29,0.78,0.118,NA,2012-01-01,2015-12-31,H3260_v1_5
103391,189477,197117,2013-10-23,0,0.47,0.091,NA,2012-01-01,2015-12-31,H3260_v1_5
203454,200579,184451,2013-10-29,1.51,0.58,0.08,NA,2012-01-01,2015-12-31,H3260_v1_5
238572,223886,213548,2014-04-29,0.13,4.1,0.067,NA,2012-01-01,2015-12-31,H3260_v1_5
218390,232321,177163,2014-05-07,0.87,0.85,0.046,NA,2012-01-01,2015-12-31,H3260_v1_5
144658,222498,199266,2014-04-29,0.44,21.7,0,NA,2012-01-01,2015-12-31,H3260_v1_5
218803,250356,161314,2014-05-13,0.155,7.6,0.12,NA,2012-01-01,2015-12-31,H3260_v1_5
212371,244877,161556,2013-11-04,0.17,3.6,0.3,NA,2012-01-01,2015-12-31,H3260_v1_5
47591,246700,206562,2013-11-13,0.82,0.36,0.37,NA,2012-01-01,2015-12-31,H3260_v1_5
169151,161052,157603,2013-11-04,0.55,3.5,0.2,NA,2012-01-01,2015-12-31,H3260_v1_5
203454,200579,184451,2013-11-27,0.52,0.69,0.046,NA,2012-01-01,2015-12-31,H3260_v1_5
38402,197860,216731,2013-11-20,0.3,0.68,0.069,NA,2012-01-01,2015-12-31,H3260_v1_5
123559,185896,209550,2013-11-20,0.38,1.09,0.077,NA,2012-01-01,2015-12-31,H3260_v1_5
103391,189477,197117,2013-11-25,0.92,0.176,0.27,NA,2012-01-01,2015-12-31,H3260_v1_5
123530,183551,208274,2008-01-08,0.764,1.69,0,NA,2008-01-01,2009-12-31,H3260_v1_3
123717,198919,214642,2008-01-08,0.206,1.26,0,NA,2008-01-01,2009-12-31,H3260_v1_3
219284,87245,207610,2009-02-26,1.9,5.4,0.16,NA,2008-01-01,2009-12-31,H3260_v1_3
5547,152305,226350,2009-02-26,0.171,0.134,0,NA,2008-01-01,2009-12-31,H3260_v1_3
104298,175740,237017,2009-03-09,0.779,4.32,0.075,NA,2008-01-01,2009-12-31,H3260_v1_3
45938,206821,205572,2009-03-09,0.235,0.592,0.043,NA,2008-01-01,2009-12-31,H3260_v1_3
40649,206487,204467,2009-03-09,0.446,0.777,0.03,NA,2008-01-01,2009-12-31,H3260_v1_3
206717,208591,210830,2009-03-09,0.151,1.88,0.025,NA,2008-01-01,2009-12-31,H3260_v1_3
111580,184931,233174,2009-03-11,0.667,3.92,0.112,NA,2008-01-01,2009-12-31,H3260_v1_3
33385,183472,213552,2009-03-12,0.949,0.956,0.058,NA,2008-01-01,2009-12-31,H3260_v1_3
123530,183551,208274,2009-03-16,0.385,1.4,0.082,NA,2008-01-01,2009-12-31,H3260_v1_3
123717,198919,214642,2009-03-16,0.102,1.13,0.024,NA,2008-01-01,2009-12-31,H3260_v1_3
5547,152305,226350,2009-03-25,0,0,0,NA,2008-01-01,2009-12-31,H3260_v1_3
45938,206821,205572,2009-04-08,0.231,0.467,0.075,NA,2008-01-01,2009-12-31,H3260_v1_3
40649,206487,204467,2009-04-08,0.319,0.575,0.044,NA,2008-01-01,2009-12-31,H3260_v1_3
206717,208591,210830,2009-04-08,0.199,1.88,0.044,NA,2008-01-01,2009-12-31,H3260_v1_3
104298,175740,237017,2009-04-09,0.714,3.1,0.054,NA,2008-01-01,2009-12-31,H3260_v1_3
219284,87245,207610,2009-03-31,0,6.9,0.05,NA,2008-01-01,2009-12-31,H3260_v1_3
111580,184931,233174,2009-04-14,0.351,1.94,0.074,NA,2008-01-01,2009-12-31,H3260_v1_3
33385,183472,213552,2009-04-15,0.147,3.7,0.045,NA,2008-01-01,2009-12-31,H3260_v1_3
123530,183551,208274,2009-04-16,0.21,0.637,0.026,NA,2008-01-01,2009-12-31,H3260_v1_3
123717,198919,214642,2009-04-16,0.116,0.668,0,NA,2008-01-01,2009-12-31,H3260_v1_3
5547,152305,226350,2009-04-28,0,0,0,NA,2008-01-01,2009-12-31,H3260_v1_3
219284,87245,207610,2009-04-28,3,2.7,0.25,NA,2008-01-01,2009-12-31,H3260_v1_3
104298,175740,237017,2009-05-07,2.63,1.69,0.101,NA,2008-01-01,2009-12-31,H3260_v1_3
45938,206821,205572,2009-05-07,0.16,0.361,0,NA,2008-01-01,2009-12-31,H3260_v1_3
40649,206487,204467,2009-05-07,0.234,0.711,0,NA,2008-01-01,2009-12-31,H3260_v1_3
206717,208591,210830,2009-05-07,0.145,1.8,0.026,NA,2008-01-01,2009-12-31,H3260_v1_3
111580,184931,233174,2009-05-11,0.448,1.25,0.048,NA,2008-01-01,2009-12-31,H3260_v1_3
33385,183472,213552,2009-05-12,0.161,2.48,0.05,NA,2008-01-01,2009-12-31,H3260_v1_3
123530,183551,208274,2009-05-13,0.529,1,0.025,NA,2008-01-01,2009-12-31,H3260_v1_3
123717,198919,214642,2009-05-13,0,0.743,0,NA,2008-01-01,2009-12-31,H3260_v1_3
5547,152305,226350,2009-05-26,0,0,0,NA,2008-01-01,2009-12-31,H3260_v1_3
219284,87245,207610,2009-05-28,1.3,4.4,0.26,NA,2008-01-01,2009-12-31,H3260_v1_3
104298,175740,237017,2009-06-08,2.84,4.02,0.528,NA,2008-01-01,2009-12-31,H3260_v1_3
111580,184931,233174,2009-06-09,0.94,1.24,0.151,NA,2008-01-01,2009-12-31,H3260_v1_3
45938,206821,205572,2009-06-10,0.257,0.447,0,NA,2008-01-01,2009-12-31,H3260_v1_3
40649,206487,204467,2009-06-10,0.988,0.903,0,NA,2008-01-01,2009-12-31,H3260_v1_3
206717,208591,210830,2009-06-10,0.12,1.31,0,NA,2008-01-01,2009-12-31,H3260_v1_3
33385,183472,213552,2009-06-11,0.616,2.53,0.149,NA,2008-01-01,2009-12-31,H3260_v1_3
123530,183551,208274,2009-06-15,0.184,1.37,0.046,NA,2008-01-01,2009-12-31,H3260_v1_3
123717,198919,214642,2009-06-15,0,0.47,0,NA,2008-01-01,2009-12-31,H3260_v1_3
219284,87245,207610,2009-06-25,0.22,1.7,0.14,NA,2008-01-01,2009-12-31,H3260_v1_3
5547,152305,226350,2009-06-24,0.129,0.118,0,NA,2008-01-01,2009-12-31,H3260_v1_3
104298,175740,237017,2009-07-02,0.717,1.82,0.064,NA,2008-01-01,2009-12-31,H3260_v1_3
111580,184931,233174,2009-07-09,0.342,2.01,0.082,NA,2008-01-01,2009-12-31,H3260_v1_3
45938,206821,205572,2009-07-13,0.333,0.417,0.046,NA,2008-01-01,2009-12-31,H3260_v1_3
40649,206487,204467,2009-07-13,0,0.836,0.042,NA,2008-01-01,2009-12-31,H3260_v1_3
206717,208591,210830,2009-07-13,0.132,1.27,0.057,NA,2008-01-01,2009-12-31,H3260_v1_3
33385,183472,213552,2009-07-14,0.1,2.7,0.057,NA,2008-01-01,2009-12-31,H3260_v1_3
123530,183551,208274,2009-07-16,0.113,1.07,0.05,NA,2008-01-01,2009-12-31,H3260_v1_3
123717,198919,214642,2009-07-17,0.169,0.68,0,NA,2008-01-01,2009-12-31,H3260_v1_3
5547,152305,226350,2009-07-28,0.23,0,0,NA,2008-01-01,2009-12-31,H3260_v1_3
219284,87245,207610,2009-07-27,1.7,0,0.33,NA,2008-01-01,2009-12-31,H3260_v1_3
104298,175740,237017,2009-08-06,0.15,1.51,0.039,NA,2008-01-01,2009-12-31,H3260_v1_3
111580,184931,233174,2009-08-11,0.13,1.08,0.123,NA,2008-01-01,2009-12-31,H3260_v1_3
45938,206821,205572,2009-08-12,0,0.229,0.039,NA,2008-01-01,2009-12-31,H3260_v1_3
40649,206487,204467,2009-08-12,0,1.05,0.025,NA,2008-01-01,2009-12-31,H3260_v1_3
206717,208591,210830,2009-08-12,0.108,1.57,0.071,NA,2008-01-01,2009-12-31,H3260_v1_3
123530,183551,208274,2009-08-13,0.121,0.767,0.042,NA,2008-01-01,2009-12-31,H3260_v1_3
123717,198919,214642,2009-08-13,0.143,0.628,0.193,NA,2008-01-01,2009-12-31,H3260_v1_3
33385,183472,213552,2009-08-17,0.172,2.06,0.027,NA,2008-01-01,2009-12-31,H3260_v1_3
5547,152305,226350,2009-08-24,2.02,4.92,0.072,NA,2008-01-01,2009-12-31,H3260_v1_3
111580,184931,233174,2009-09-08,0,0.48,0.074,NA,2008-01-01,2009-12-31,H3260_v1_3
219284,87245,207610,2008-08-20,1,2.5,0.29,NA,2008-01-01,2009-12-31,H3260_v1_3
123530,183551,208274,2009-09-14,0,0.6,0,NA,2008-01-01,2009-12-31,H3260_v1_3
123717,198919,214642,2009-09-14,0,0.28,0,NA,2008-01-01,2009-12-31,H3260_v1_3
33385,183472,213552,2009-09-16,2,8.6,0.18,NA,2008-01-01,2009-12-31,H3260_v1_3
212371,244877,161556,2013-12-02,0.38,4.8,0.23,NA,2012-01-01,2015-12-31,H3260_v1_5
47591,246700,206562,2013-12-03,1.4,0.129,0.93,NA,2012-01-01,2015-12-31,H3260_v1_5
123559,185896,209550,2012-10-15,0.38,1.2,0.078,NA,2012-01-01,2015-12-31,H3260_v1_5
212371,244877,161556,2012-11-05,0.13,5.6,0.19,NA,2012-01-01,2015-12-31,H3260_v1_5
111617,186904,232114,2014-05-07,0.7,0.22,0.16,NA,2012-01-01,2015-12-31,H3260_v1_5
224975,210560,206194,2014-05-15,0.125,0.94,0.098,NA,2012-01-01,2015-12-31,H3260_v1_5
206652,203131,209305,2014-05-15,0.166,1.04,0.049,NA,2012-01-01,2015-12-31,H3260_v1_5
255415,228750,210246,2014-05-26,0,3.8,0,NA,2012-01-01,2015-12-31,H3260_v1_5
218390,232321,177163,2014-06-04,0.22,1.48,0.087,NA,2012-01-01,2015-12-31,H3260_v1_5
123478,178983,208404,2013-01-28,1.05,1.82,0.117,NA,2012-01-01,2015-12-31,H3260_v1_5
255415,228750,210246,2013-02-26,0.39,7.4,0.025,NA,2012-01-01,2015-12-31,H3260_v1_5
38434,200014,218405,2013-01-31,NA,2.2,0.145,NA,2012-01-01,2015-12-31,H3260_v1_5
111617,186904,232114,2013-01-31,NA,3.4,0.2,NA,2012-01-01,2015-12-31,H3260_v1_5
84207,151545,223322,2013-01-31,NA,1.5,0.048,NA,2012-01-01,2015-12-31,H3260_v1_5
144658,222498,199266,2013-02-12,NA,16.7,0.026,NA,2012-01-01,2015-12-31,H3260_v1_5
218390,232321,177163,2013-03-05,0.32,2.2,0,NA,2012-01-01,2015-12-31,H3260_v1_5
203454,200579,184451,2012-11-20,0.88,1.5,0.098,NA,2012-01-01,2015-12-31,H3260_v1_5
169151,161052,157603,2012-11-12,0.42,5.7,0.05,NA,2012-01-01,2015-12-31,H3260_v1_5
255345,228587,215507,2012-11-27,0.16,2.1,0.018,NA,2012-01-01,2015-12-31,H3260_v1_5
103391,189477,197117,2012-11-19,0,0.91,0.27,NA,2012-01-01,2015-12-31,H3260_v1_5
38402,197860,216731,2012-11-22,0.25,0.61,0.066,NA,2012-01-01,2015-12-31,H3260_v1_5
123559,185896,209550,2012-11-22,0.5,1.2,0.051,NA,2012-01-01,2015-12-31,H3260_v1_5
218803,250356,161314,2013-03-11,0.25,9.8,0.105,NA,2012-01-01,2015-12-31,H3260_v1_5
123478,178983,208404,2013-02-18,0.6,1.89,0.092,NA,2012-01-01,2015-12-31,H3260_v1_5
224975,210560,206194,2013-02-25,0.31,1.46,0.17,NA,2012-01-01,2015-12-31,H3260_v1_5
206652,203131,209305,2013-02-25,0.29,1.61,0.07,NA,2012-01-01,2015-12-31,H3260_v1_5
212371,244877,161556,2012-12-03,0.26,5.2,0.18,NA,2012-01-01,2015-12-31,H3260_v1_5
255345,228587,215507,2012-12-05,0.22,2,0.023,NA,2012-01-01,2015-12-31,H3260_v1_5
203454,200579,184451,2012-12-04,1.3,0.93,0.07,NA,2012-01-01,2015-12-31,H3260_v1_5
169151,161052,157603,2012-12-10,1.1,4.7,0.12,NA,2012-01-01,2015-12-31,H3260_v1_5
103391,189477,197117,2012-12-05,0.93,1,0.26,NA,2012-01-01,2015-12-31,H3260_v1_5
38402,197860,216731,2012-12-12,0.44,1.6,0.068,NA,2012-01-01,2015-12-31,H3260_v1_5
238577,224323,213614,2013-02-26,0.42,1.88,0.034,NA,2012-01-01,2015-12-31,H3260_v1_5
255415,228750,210246,2013-03-26,0.17,8.9,0.03,NA,2012-01-01,2015-12-31,H3260_v1_5
238577,224323,213614,2013-03-26,0.46,6.9,0.087,NA,2012-01-01,2015-12-31,H3260_v1_5
123478,178983,208404,2013-03-18,0.53,1.24,0.085,NA,2012-01-01,2015-12-31,H3260_v1_5
221004,245672,183550,2013-03-20,3.8,1.84,0.47,NA,2012-01-01,2015-12-31,H3260_v1_5
240902,247890,195261,2013-03-20,6.3,2.48,0.49,NA,2012-01-01,2015-12-31,H3260_v1_5
123559,185896,209550,2012-12-12,0.73,1.9,0.081,NA,2012-01-01,2015-12-31,H3260_v1_5
169151,161052,157603,2013-01-16,0.79,6,0.059,NA,2012-01-01,2015-12-31,H3260_v1_5
212371,244877,161556,2013-01-21,0.59,7,0.16,NA,2012-01-01,2015-12-31,H3260_v1_5
224975,210560,206194,2013-03-25,0.34,1.3,0.088,NA,2012-01-01,2015-12-31,H3260_v1_5
206652,203131,209305,2013-03-25,0.28,1.74,0.052,NA,2012-01-01,2015-12-31,H3260_v1_5
144658,222498,199266,2013-03-20,NA,11.7,0.051,NA,2012-01-01,2015-12-31,H3260_v1_5
111617,186904,232114,2013-03-21,NA,2.49,0.096,NA,2012-01-01,2015-12-31,H3260_v1_5
84207,151545,223322,2013-03-21,NA,0.66,0,NA,2012-01-01,2015-12-31,H3260_v1_5
38434,200014,218405,2013-03-27,NA,1.46,0.061,NA,2012-01-01,2015-12-31,H3260_v1_5
218390,232321,177163,2013-04-09,0.17,2.14,0.024,NA,2012-01-01,2015-12-31,H3260_v1_5
47591,246700,206562,2013-01-23,0.92,1.46,0.127,NA,2012-01-01,2015-12-31,H3260_v1_5
203454,200579,184451,2013-01-23,0.62,2.36,0.085,NA,2012-01-01,2015-12-31,H3260_v1_5
255345,228587,215507,2013-01-29,0.57,3.7,0.06,NA,2012-01-01,2015-12-31,H3260_v1_5
103391,189477,197117,2013-01-23,1.2,0.33,0.32,NA,2012-01-01,2015-12-31,H3260_v1_5
123478,178983,208404,2013-04-16,0.48,1.2,0.062,NA,2012-01-01,2015-12-31,H3260_v1_5
218803,250356,161314,2013-04-22,0.17,9.1,0.093,NA,2012-01-01,2015-12-31,H3260_v1_5
240902,247890,195261,2013-04-23,3.8,4.3,0.24,NA,2012-01-01,2015-12-31,H3260_v1_5
221004,245672,183550,2013-04-23,0.72,1.67,0.66,NA,2012-01-01,2015-12-31,H3260_v1_5
144658,222498,199266,2013-04-23,NA,16.8,0,NA,2012-01-01,2015-12-31,H3260_v1_5
212371,244877,161556,2013-02-11,0.25,6.8,0.114,NA,2012-01-01,2015-12-31,H3260_v1_5
38402,197860,216731,2013-01-28,0.65,1.62,0.112,NA,2012-01-01,2015-12-31,H3260_v1_5
123559,185896,209550,2013-01-28,1.08,1.67,0.121,NA,2012-01-01,2015-12-31,H3260_v1_5
255415,228750,210246,2013-04-29,0.114,7.4,0,NA,2012-01-01,2015-12-31,H3260_v1_5
238577,224323,213614,2013-04-29,0.2,5.8,0.058,NA,2012-01-01,2015-12-31,H3260_v1_5
224975,210560,206194,2013-04-24,0.18,0.74,0.082,NA,2012-01-01,2015-12-31,H3260_v1_5
206652,203131,209305,2013-04-24,0.31,1.51,0.045,NA,2012-01-01,2015-12-31,H3260_v1_5
111617,186904,232114,2014-07-02,0.33,0.212,0,NA,2012-01-01,2015-12-31,H3260_v1_5
5547,152305,226350,2009-09-28,8.8,0,0.095,NA,2008-01-01,2009-12-31,H3260_v1_3
104298,175740,237017,2009-10-05,0.15,1.5,0.053,NA,2008-01-01,2009-12-31,H3260_v1_3
111580,184931,233174,2009-10-07,0.14,0.9,0.087,NA,2008-01-01,2009-12-31,H3260_v1_3
45938,206821,205572,2009-10-08,0.31,1.3,0.068,NA,2008-01-01,2009-12-31,H3260_v1_3
40649,206487,204467,2009-10-08,0.19,1.9,0.11,NA,2008-01-01,2009-12-31,H3260_v1_3
206717,208591,210830,2009-10-08,0.21,1.3,0.08,NA,2008-01-01,2009-12-31,H3260_v1_3
169151,161052,157603,2013-02-11,1.33,4.9,0.16,NA,2012-01-01,2015-12-31,H3260_v1_5
47591,246700,206562,2013-02-19,0.83,1.91,0.137,NA,2012-01-01,2015-12-31,H3260_v1_5
255345,228587,215507,2013-02-26,0.33,3.9,0,NA,2012-01-01,2015-12-31,H3260_v1_5
203454,200579,184451,2013-02-12,0.45,2.22,0.08,NA,2012-01-01,2015-12-31,H3260_v1_5
212371,244877,161556,2013-03-11,0.38,6,0.23,NA,2012-01-01,2015-12-31,H3260_v1_5
218803,250356,161314,2014-07-02,0,7.7,0,NA,2012-01-01,2015-12-31,H3260_v1_5
218390,232321,177163,2014-07-15,0.31,2,0,NA,2012-01-01,2015-12-31,H3260_v1_5
255415,228750,210246,2014-07-30,1.89,2.25,0.37,NA,2012-01-01,2015-12-31,H3260_v1_5
238572,223886,213548,2014-08-26,1.3,2.58,0.22,NA,2012-01-01,2015-12-31,H3260_v1_5
224975,210560,206194,2014-07-07,0,0.44,0,NA,2012-01-01,2015-12-31,H3260_v1_5
206652,203131,209305,2014-07-07,0.101,0.82,0,NA,2012-01-01,2015-12-31,H3260_v1_5
38402,197860,216731,2013-02-18,0.41,1.48,0.065,NA,2012-01-01,2015-12-31,H3260_v1_5
123559,185896,209550,2013-02-18,0.65,1.8,0.088,NA,2012-01-01,2015-12-31,H3260_v1_5
169151,161052,157603,2013-03-11,1.25,5,0.057,NA,2012-01-01,2015-12-31,H3260_v1_5
103391,189477,197117,2013-02-25,1.09,0.41,0.23,NA,2012-01-01,2015-12-31,H3260_v1_5
218803,250356,161314,2014-08-05,0.229,8.1,0.126,NA,2012-01-01,2015-12-31,H3260_v1_5
218390,232321,177163,2014-08-06,0.18,1.33,0.038,NA,2012-01-01,2015-12-31,H3260_v1_5
47591,246700,206562,2013-03-19,0.36,1.79,0.116,NA,2012-01-01,2015-12-31,H3260_v1_5
255345,228587,215507,2013-03-26,0.39,4.2,0.053,NA,2012-01-01,2015-12-31,H3260_v1_5
255415,228750,210246,2014-08-27,0.141,2.29,0.15,NA,2012-01-01,2015-12-31,H3260_v1_5
144658,222498,199266,2014-08-13,0.49,20.9,0.037,NA,2012-01-01,2015-12-31,H3260_v1_5
111617,186904,232114,2014-08-06,0.154,0.171,0.052,NA,2012-01-01,2015-12-31,H3260_v1_5
224975,210560,206194,2014-08-13,0,0.93,0.055,NA,2012-01-01,2015-12-31,H3260_v1_5
206652,203131,209305,2014-08-13,0,0.74,0.04,NA,2012-01-01,2015-12-31,H3260_v1_5
38402,197860,216731,2013-03-18,0.4,1.01,0.057,NA,2012-01-01,2015-12-31,H3260_v1_5
123559,185896,209550,2013-03-18,0.57,1.33,0.08,NA,2012-01-01,2015-12-31,H3260_v1_5
103391,189477,197117,2013-03-25,0.64,0.24,0.21,NA,2012-01-01,2015-12-31,H3260_v1_5
218803,250356,161314,2014-09-02,0.138,7.4,0.1,NA,2012-01-01,2015-12-31,H3260_v1_5
218390,232321,177163,2014-09-10,0.215,1.42,0.03,NA,2012-01-01,2015-12-31,H3260_v1_5
255415,228750,210246,2014-09-24,0,5.1,0,NA,2012-01-01,2015-12-31,H3260_v1_5
238572,223886,213548,2014-09-30,0.146,5,0.09,NA,2012-01-01,2015-12-31,H3260_v1_5
144658,222498,199266,2014-09-24,0.34,21.8,0,NA,2012-01-01,2015-12-31,H3260_v1_5
144658,222498,199266,2014-10-08,0.44,20.1,0,NA,2012-01-01,2015-12-31,H3260_v1_5
111617,186904,232114,2014-09-03,0.39,0.34,0.141,NA,2012-01-01,2015-12-31,H3260_v1_5
224975,210560,206194,2014-09-15,0,0.81,0.108,NA,2012-01-01,2015-12-31,H3260_v1_5
206652,203131,209305,2014-09-15,0.155,1.04,0.05,NA,2012-01-01,2015-12-31,H3260_v1_5
218803,250356,161314,2014-10-01,0.27,7.6,0.13,NA,2012-01-01,2015-12-31,H3260_v1_5
218390,232321,177163,2014-10-06,0.173,1.3,0.033,NA,2012-01-01,2015-12-31,H3260_v1_5
224975,210560,206194,2014-10-08,0,0.73,0.105,NA,2012-01-01,2015-12-31,H3260_v1_5
206652,203131,209305,2014-10-08,0.139,1.06,0.046,NA,2012-01-01,2015-12-31,H3260_v1_5
255415,228750,210246,2014-10-28,0,5.5,0,NA,2012-01-01,2015-12-31,H3260_v1_5
238572,223886,213548,2014-11-25,0.38,5.3,0.098,NA,2012-01-01,2015-12-31,H3260_v1_5
218390,232321,177163,2014-11-05,0.206,1.21,0.041,NA,2012-01-01,2015-12-31,H3260_v1_5
218803,250356,161314,2014-11-12,0.233,8.6,0.126,NA,2012-01-01,2015-12-31,H3260_v1_5
144658,222498,199266,2014-11-17,0.35,14.3,0.043,NA,2012-01-01,2015-12-31,H3260_v1_5
123530,183551,208274,2009-10-14,0.3,1.3,0.044,NA,2008-01-01,2009-12-31,H3260_v1_3
123717,198919,214642,2009-10-14,0.12,0.91,0.041,NA,2008-01-01,2009-12-31,H3260_v1_3
33385,183472,213552,2009-10-19,0.24,3.9,0.088,NA,2008-01-01,2009-12-31,H3260_v1_3
5547,152305,226350,2009-10-27,9.9,0,0.089,NA,2008-01-01,2009-12-31,H3260_v1_3
219284,87245,207610,2009-10-20,0.38,1.6,0.33,NA,2008-01-01,2009-12-31,H3260_v1_3
104298,175740,237017,2009-11-09,0,2,0.053,NA,2008-01-01,2009-12-31,H3260_v1_3
111580,184931,233174,2009-11-09,0.16,1.7,0.063,NA,2008-01-01,2009-12-31,H3260_v1_3
45938,206821,205572,2009-11-10,0.2,0.32,0.058,NA,2008-01-01,2009-12-31,H3260_v1_3
40649,206487,204467,2009-11-10,0,0.95,0.03,NA,2008-01-01,2009-12-31,H3260_v1_3
206717,208591,210830,2009-11-10,0.16,1.3,0.058,NA,2008-01-01,2009-12-31,H3260_v1_3
123530,183551,208274,2009-11-12,0.16,1,0.067,NA,2008-01-01,2009-12-31,H3260_v1_3
123717,198919,214642,2009-11-12,0.89,1.4,0.05,NA,2008-01-01,2009-12-31,H3260_v1_3
33385,183472,213552,2009-11-19,0.6,2.5,0.082,NA,2008-01-01,2009-12-31,H3260_v1_3
5547,152305,226350,2009-11-25,6.7,0,0.082,NA,2008-01-01,2009-12-31,H3260_v1_3
219284,87245,207610,2009-11-24,0.21,16.2,0.25,NA,2008-01-01,2009-12-31,H3260_v1_3
111580,184931,233174,2009-12-01,0.46,7.1,0.092,NA,2008-01-01,2009-12-31,H3260_v1_3
104298,175740,237017,2009-12-03,0.6,14,0.14,NA,2008-01-01,2009-12-31,H3260_v1_3
33385,183472,213552,2009-12-08,1.1,1.7,0.095,NA,2008-01-01,2009-12-31,H3260_v1_3
45938,206821,205572,2009-12-09,0.44,0.69,0.088,NA,2008-01-01,2009-12-31,H3260_v1_3
40649,206487,204467,2009-12-09,0.24,1.7,0.049,NA,2008-01-01,2009-12-31,H3260_v1_3
206717,208591,210830,2009-12-09,0.21,1.4,0.049,NA,2008-01-01,2009-12-31,H3260_v1_3
123530,183551,208274,2009-12-10,0.54,1.8,0.11,NA,2008-01-01,2009-12-31,H3260_v1_3
123717,198919,214642,2009-12-10,0.14,1.3,0.049,NA,2008-01-01,2009-12-31,H3260_v1_3
219284,87245,207610,2009-12-17,0.32,11.1,0.08,NA,2008-01-01,2009-12-31,H3260_v1_3
5547,152305,226350,2009-12-21,0.31,0,0,NA,2008-01-01,2009-12-31,H3260_v1_3
224769,195987,204593,2010-01-07,0.44,1.3,0,NA,2010-01-01,2011-12-31,H3260_v1_4
104298,175740,237017,2010-01-13,1.1,8.7,0.18,NA,2010-01-01,2011-12-31,H3260_v1_4
45938,206821,205572,2010-01-14,0.45,0.71,0.09,NA,2010-01-01,2011-12-31,H3260_v1_4
40649,206487,204467,2010-01-14,0.44,1.9,0.035,NA,2010-01-01,2011-12-31,H3260_v1_4
206717,208591,210830,2010-01-14,0.25,2.2,0.062,NA,2010-01-01,2011-12-31,H3260_v1_4
111580,184931,233174,2010-01-18,0.54,8.7,0.13,NA,2010-01-01,2011-12-31,H3260_v1_4
123530,183551,208274,2010-01-18,0.62,1.7,0.11,NA,2010-01-01,2011-12-31,H3260_v1_4
123717,198919,214642,2010-01-18,0.4,1.1,0.039,NA,2010-01-01,2011-12-31,H3260_v1_4
143464,198312,221721,2010-01-20,0.71,5.4,0.088,NA,2010-01-01,2011-12-31,H3260_v1_4
166730,195999,215547,2010-01-20,0.54,2.2,0.072,NA,2010-01-01,2011-12-31,H3260_v1_4
33385,183472,213552,2010-01-19,0.87,1.6,0.095,NA,2010-01-01,2011-12-31,H3260_v1_4
5547,152305,226350,2010-01-28,0.4,0.1,0,NA,2010-01-01,2011-12-31,H3260_v1_4
219284,87245,207610,2010-01-28,0.26,8.5,0.12,NA,2010-01-01,2011-12-31,H3260_v1_4
104298,175740,237017,2010-02-03,0.35,13,0.28,NA,2010-01-01,2011-12-31,H3260_v1_4
224769,195987,204593,2010-02-04,0.33,1.7,0.1,NA,2010-01-01,2011-12-31,H3260_v1_4
45938,206821,205572,2010-02-08,0.34,0.7,0.071,NA,2010-01-01,2011-12-31,H3260_v1_4
40649,206487,204467,2010-02-08,0.42,1.6,0.028,NA,2010-01-01,2011-12-31,H3260_v1_4
206717,208591,210830,2010-02-08,0.24,1.8,0.046,NA,2010-01-01,2011-12-31,H3260_v1_4
33385,183472,213552,2010-02-09,0.95,1.7,0.096,NA,2010-01-01,2011-12-31,H3260_v1_4
123530,183551,208274,2010-02-10,0.64,1.8,0.07,NA,2010-01-01,2011-12-31,H3260_v1_4
123717,198919,214642,2010-02-10,0.21,0.89,0.031,NA,2010-01-01,2011-12-31,H3260_v1_4
111580,184931,233174,2010-02-09,0.7,5.8,0.093,NA,2010-01-01,2011-12-31,H3260_v1_4
143464,198312,221721,2010-02-11,0.75,4.5,0.075,NA,2010-01-01,2011-12-31,H3260_v1_4
166730,195999,215547,2010-02-11,0.53,1.5,0.043,NA,2010-01-01,2011-12-31,H3260_v1_4
5547,152305,226350,2010-02-25,0.26,0.13,0,NA,2010-01-01,2011-12-31,H3260_v1_4
219284,87245,207610,2010-02-25,0.24,7.2,0.27,NA,2010-01-01,2011-12-31,H3260_v1_4
104298,175740,237017,2010-03-02,0.31,13,0.2,NA,2010-01-01,2011-12-31,H3260_v1_4
111580,184931,233174,2010-03-03,0.87,5.8,0.14,NA,2010-01-01,2011-12-31,H3260_v1_4
224769,195987,204593,2010-03-04,0.27,1.4,0.12,NA,2010-01-01,2011-12-31,H3260_v1_4
45938,206821,205572,2010-03-08,0.32,0.87,0.08,NA,2010-01-01,2011-12-31,H3260_v1_4
40649,206487,204467,2010-03-08,0.4,1.1,0.042,NA,2010-01-01,2011-12-31,H3260_v1_4
206717,208591,210830,2010-03-08,0.19,1.6,0.033,NA,2010-01-01,2011-12-31,H3260_v1_4
33385,183472,213552,2010-03-09,1.1,1.7,0.047,NA,2010-01-01,2011-12-31,H3260_v1_4
123530,183551,208274,2010-03-10,0.74,1.7,0.075,NA,2010-01-01,2011-12-31,H3260_v1_4
123717,198919,214642,2010-03-10,0.21,1.2,0.029,NA,2010-01-01,2011-12-31,H3260_v1_4
143464,198312,221721,2010-03-11,1.1,3.7,0.14,NA,2010-01-01,2011-12-31,H3260_v1_4
166730,195999,215547,2010-03-11,0.44,1.5,0.052,NA,2010-01-01,2011-12-31,H3260_v1_4
123717,198919,214642,2009-02-16,0.311,1.29,0,NA,2008-01-01,2009-12-31,H3260_v1_3
5547,152305,226350,2010-03-31,0,0.11,0,NA,2010-01-01,2011-12-31,H3260_v1_4
219284,87245,207610,2010-03-24,0,7.2,0.08,NA,2010-01-01,2011-12-31,H3260_v1_4
104298,175740,237017,2010-04-12,0.73,4.8,0.11,NA,2010-01-01,2011-12-31,H3260_v1_4
224769,195987,204593,2010-04-13,0,1.5,0.068,NA,2010-01-01,2011-12-31,H3260_v1_4
45938,206821,205572,2010-04-14,0.18,0.74,0.079,NA,2010-01-01,2011-12-31,H3260_v1_4
203454,200579,184451,2013-03-20,0.54,1.92,0.062,NA,2012-01-01,2015-12-31,H3260_v1_5
169151,161052,157603,2013-04-15,0.32,4.9,0.028,NA,2012-01-01,2015-12-31,H3260_v1_5
169151,161052,157603,2012-04-05,0.19,5,0.066,NA,2012-01-01,2015-12-31,H3260_v1_5
103391,189477,197117,2012-04-10,1.4,0.4,0.27,NA,2012-01-01,2015-12-31,H3260_v1_5
38402,197860,216731,2012-04-18,0.19,1.6,0.024,NA,2012-01-01,2015-12-31,H3260_v1_5
123559,185896,209550,2012-04-18,0.37,1.1,0,NA,2012-01-01,2015-12-31,H3260_v1_5
212371,244877,161556,2012-04-10,0.19,5.2,0.19,NA,2012-01-01,2015-12-31,H3260_v1_5
255345,228587,215507,2012-04-24,0,2.7,0,NA,2012-01-01,2015-12-31,H3260_v1_5
40649,206487,204467,2010-04-14,0.21,0.69,0.035,NA,2010-01-01,2011-12-31,H3260_v1_4
206717,208591,210830,2010-04-14,0.11,1.6,0.024,NA,2010-01-01,2011-12-31,H3260_v1_4
111580,184931,233174,2010-04-15,0.29,2.8,0.084,NA,2010-01-01,2011-12-31,H3260_v1_4
123530,183551,208274,2010-04-19,0.14,0.77,0.05,NA,2010-01-01,2011-12-31,H3260_v1_4
123717,198919,214642,2010-04-19,0,0.69,0.036,NA,2010-01-01,2011-12-31,H3260_v1_4
33385,183472,213552,2010-04-19,0,1.2,0.041,NA,2010-01-01,2011-12-31,H3260_v1_4
143464,198312,221721,2010-04-20,0.33,1.8,0.063,NA,2010-01-01,2011-12-31,H3260_v1_4
203454,200579,184451,2012-04-17,0.22,1.1,0.038,NA,2012-01-01,2015-12-31,H3260_v1_5
212371,244877,161556,2012-05-14,0,5.4,0.093,NA,2012-01-01,2015-12-31,H3260_v1_5
169151,161052,157603,2012-05-03,0.8,3.6,0.1,NA,2012-01-01,2015-12-31,H3260_v1_5
103391,189477,197117,2012-05-09,0.62,0.51,0.25,NA,2012-01-01,2015-12-31,H3260_v1_5
203454,200579,184451,2012-05-22,0.4,2,0.024,NA,2012-01-01,2015-12-31,H3260_v1_5
166730,195999,215547,2010-04-20,0,0.54,0,NA,2010-01-01,2011-12-31,H3260_v1_4
219284,87245,207610,2010-04-26,0,2.3,0.1,NA,2010-01-01,2011-12-31,H3260_v1_4
5547,152305,226350,2010-04-29,0,0,0,NA,2010-01-01,2011-12-31,H3260_v1_4
104298,175740,237017,2010-05-05,1.5,1.8,0.14,NA,2010-01-01,2011-12-31,H3260_v1_4
45938,206821,205572,2010-05-10,0.17,0.45,0.052,NA,2010-01-01,2011-12-31,H3260_v1_4
40649,206487,204467,2010-05-10,0,1.1,0,NA,2010-01-01,2011-12-31,H3260_v1_4
206717,208591,210830,2010-05-10,0.1,1.5,0.11,NA,2010-01-01,2011-12-31,H3260_v1_4
38402,197860,216731,2012-05-21,0.34,0.6,0.11,NA,2012-01-01,2015-12-31,H3260_v1_5
123559,185896,209550,2012-05-21,0.79,1.3,0.11,NA,2012-01-01,2015-12-31,H3260_v1_5
255345,228587,215507,2012-05-24,0.23,0,0,NA,2012-01-01,2015-12-31,H3260_v1_5
212371,244877,161556,2012-06-11,0.37,5.2,0.12,NA,2012-01-01,2015-12-31,H3260_v1_5
169151,161052,157603,2012-06-04,0.35,4.1,0.051,NA,2012-01-01,2015-12-31,H3260_v1_5
203454,200579,184451,2012-06-19,1.5,0.69,0.11,NA,2012-01-01,2015-12-31,H3260_v1_5
103391,189477,197117,2012-06-11,0.76,0.57,0.045,NA,2012-01-01,2015-12-31,H3260_v1_5
38402,197860,216731,2012-06-18,0.73,0.64,0.045,NA,2012-01-01,2015-12-31,H3260_v1_5
123559,185896,209550,2012-06-18,0.21,1.2,0.056,NA,2012-01-01,2015-12-31,H3260_v1_5
255345,228587,215507,2012-06-26,0.28,2.4,0,NA,2012-01-01,2015-12-31,H3260_v1_5
224769,195987,204593,2010-05-11,0,0.55,0.026,NA,2010-01-01,2011-12-31,H3260_v1_4
111580,184931,233174,2010-05-11,0.54,1.6,0.069,NA,2010-01-01,2011-12-31,H3260_v1_4
33385,183472,213552,2010-05-12,1.9,2.3,0.15,NA,2010-01-01,2011-12-31,H3260_v1_4
123530,183551,208274,2010-05-17,0.11,0.92,0.05,NA,2010-01-01,2011-12-31,H3260_v1_4
123717,198919,214642,2010-05-17,0.27,1.2,0.15,NA,2010-01-01,2011-12-31,H3260_v1_4
143464,198312,221721,2010-05-18,0.42,1.7,0.062,NA,2010-01-01,2011-12-31,H3260_v1_4
166730,195999,215547,2010-05-18,0,0.92,0,NA,2010-01-01,2011-12-31,H3260_v1_4
219284,87245,207610,2010-05-26,0.18,0.57,0.15,NA,2010-01-01,2011-12-31,H3260_v1_4
169151,161052,157603,2012-07-02,0.48,4.5,0.15,NA,2012-01-01,2015-12-31,H3260_v1_5
203454,200579,184451,2012-07-17,0.8,0.42,0.11,NA,2012-01-01,2015-12-31,H3260_v1_5
255345,228587,215507,2012-07-24,0.16,2.3,0.065,NA,2012-01-01,2015-12-31,H3260_v1_5
103391,189477,197117,2012-07-09,0.38,1.4,0.2,NA,2012-01-01,2015-12-31,H3260_v1_5
5547,152305,226350,2010-05-27,0,0,0,NA,2010-01-01,2011-12-31,H3260_v1_4
104298,175740,237017,2010-06-02,2.2,1.5,0.082,NA,2010-01-01,2011-12-31,H3260_v1_4
224769,195987,204593,2010-06-09,0.36,0.52,0.033,NA,2010-01-01,2011-12-31,H3260_v1_4
45938,206821,205572,2010-06-10,0.21,0.42,0.068,NA,2010-01-01,2011-12-31,H3260_v1_4
40649,206487,204467,2010-06-10,0,2,0,NA,2010-01-01,2011-12-31,H3260_v1_4
206717,208591,210830,2010-06-10,0.16,1.4,0.026,NA,2010-01-01,2011-12-31,H3260_v1_4
111580,184931,233174,2010-06-10,0.65,1.2,0.08,NA,2010-01-01,2011-12-31,H3260_v1_4
38402,197860,216731,2012-07-18,0.29,0.98,0.09,NA,2012-01-01,2015-12-31,H3260_v1_5
123559,185896,209550,2012-07-18,0.26,1.5,0.16,NA,2012-01-01,2015-12-31,H3260_v1_5
169151,161052,157603,2012-08-02,0.36,4.6,0.21,NA,2012-01-01,2015-12-31,H3260_v1_5
212371,244877,161556,2012-07-16,0.17,3.8,0.31,NA,2012-01-01,2015-12-31,H3260_v1_5
169151,161052,157603,2012-09-13,0.5,4.5,0.097,NA,2012-01-01,2015-12-31,H3260_v1_5
212371,244877,161556,2012-08-13,0,3.1,NA,NA,2012-01-01,2015-12-31,H3260_v1_5
103391,189477,197117,2012-08-08,0,1.4,0.14,NA,2012-01-01,2015-12-31,H3260_v1_5
33385,183472,213552,2010-06-14,0.16,1.3,0.052,NA,2010-01-01,2011-12-31,H3260_v1_4
123530,183551,208274,2010-06-16,0.25,0.92,0.03,NA,2010-01-01,2011-12-31,H3260_v1_4
123717,198919,214642,2010-06-16,0.1,0.68,0.099,NA,2010-01-01,2011-12-31,H3260_v1_4
143464,198312,221721,2010-06-21,0.37,1.2,0.038,NA,2010-01-01,2011-12-31,H3260_v1_4
166730,195999,215547,2010-06-21,0,0.49,0,NA,2010-01-01,2011-12-31,H3260_v1_4
5547,152305,226350,2010-06-30,0.34,0,0,NA,2010-01-01,2011-12-31,H3260_v1_4
219284,87245,207610,2010-06-30,0.33,0,0.22,NA,2010-01-01,2011-12-31,H3260_v1_4
203454,200579,184451,2012-08-21,0.66,1.3,0.034,NA,2012-01-01,2015-12-31,H3260_v1_5
38402,197860,216731,2012-08-21,0.34,0.24,0,NA,2012-01-01,2015-12-31,H3260_v1_5
123559,185896,209550,2012-08-21,0.41,0.5,0.026,NA,2012-01-01,2015-12-31,H3260_v1_5
255345,228587,215507,2012-08-28,0.14,2.5,0.049,NA,2012-01-01,2015-12-31,H3260_v1_5
212371,244877,161556,2012-09-04,0,4.6,0.38,NA,2012-01-01,2015-12-31,H3260_v1_5
104298,175740,237017,2010-07-06,0.97,1.2,0.053,NA,2010-01-01,2011-12-31,H3260_v1_4
111580,184931,233174,2010-07-06,0.97,0.9,0.074,NA,2010-01-01,2011-12-31,H3260_v1_4
224769,195987,204593,2010-07-07,0,0.33,0,NA,2010-01-01,2011-12-31,H3260_v1_4
45938,206821,205572,2010-07-08,0,0.55,0.05,NA,2010-01-01,2011-12-31,H3260_v1_4
40649,206487,204467,2010-07-08,0.14,0.56,0.045,NA,2010-01-01,2011-12-31,H3260_v1_4
206717,208591,210830,2010-07-08,0.13,1.5,0.074,NA,2010-01-01,2011-12-31,H3260_v1_4
123717,198919,214642,2010-06-29,1.5,1.1,0,NA,2010-01-01,2011-12-31,H3260_v1_4
33385,183472,213552,2010-07-14,0.37,0.86,0.068,NA,2010-01-01,2011-12-31,H3260_v1_4
123530,183551,208274,2010-07-15,1.1,0.75,0.062,NA,2010-01-01,2011-12-31,H3260_v1_4
123717,198919,214642,2010-07-15,0.13,0.46,0.049,NA,2010-01-01,2011-12-31,H3260_v1_4
143464,198312,221721,2010-07-20,0.31,0.81,0.057,NA,2010-01-01,2011-12-31,H3260_v1_4
166730,195999,215547,2010-07-20,0,0.39,0,NA,2010-01-01,2011-12-31,H3260_v1_4
5547,152305,226350,2010-07-29,0.2,0.19,0.036,NA,2010-01-01,2011-12-31,H3260_v1_4
219284,87245,207610,2010-07-26,0,0,0.49,NA,2010-01-01,2011-12-31,H3260_v1_4
104298,175740,237017,2010-08-04,0.65,3.2,0.14,NA,2010-01-01,2011-12-31,H3260_v1_4
111580,184931,233174,2010-08-04,0.13,0.14,0.047,NA,2010-01-01,2011-12-31,H3260_v1_4
45938,206821,205572,2010-08-05,0.12,0.34,0,NA,2010-01-01,2011-12-31,H3260_v1_4
40649,206487,204467,2010-08-05,0,1.1,0,NA,2010-01-01,2011-12-31,H3260_v1_4
206717,208591,210830,2010-08-05,0.1,0.98,0.04,NA,2010-01-01,2011-12-31,H3260_v1_4
224769,195987,204593,2010-08-11,0,0.2,0.056,NA,2010-01-01,2011-12-31,H3260_v1_4
123530,183551,208274,2010-08-12,0,0.64,0,NA,2010-01-01,2011-12-31,H3260_v1_4
123717,198919,214642,2010-08-12,0,0.2,0.032,NA,2010-01-01,2011-12-31,H3260_v1_4
143464,198312,221721,2010-08-16,1.1,1.9,0.3,NA,2010-01-01,2011-12-31,H3260_v1_4
166730,195999,215547,2010-08-16,0.17,0.49,0,NA,2010-01-01,2011-12-31,H3260_v1_4
33385,183472,213552,2010-08-17,0.34,2.4,0.26,NA,2010-01-01,2011-12-31,H3260_v1_4
111580,184931,233174,2010-09-02,0.36,2.2,0.1,NA,2010-01-01,2011-12-31,H3260_v1_4
104298,175740,237017,2010-09-08,0.25,2.5,0.22,NA,2010-01-01,2011-12-31,H3260_v1_4
224769,195987,204593,2010-09-16,0,0.42,0.074,NA,2010-01-01,2011-12-31,H3260_v1_4
123530,183551,208274,2010-09-15,0.31,1.3,0.078,NA,2010-01-01,2011-12-31,H3260_v1_4
123717,198919,214642,2010-09-15,0,0.34,0,NA,2010-01-01,2011-12-31,H3260_v1_4
219284,87245,207610,2010-09-21,0,6.1,0.13,NA,2010-01-01,2011-12-31,H3260_v1_4
143464,198312,221721,2010-09-20,0.12,3.3,0.043,NA,2010-01-01,2011-12-31,H3260_v1_4
166730,195999,215547,2010-09-20,0,0.55,0.041,NA,2010-01-01,2011-12-31,H3260_v1_4
33385,183472,213552,2010-09-21,0,1.2,0.034,NA,2010-01-01,2011-12-31,H3260_v1_4
45938,206821,205572,2010-09-20,0.18,0.3,0.053,NA,2010-01-01,2011-12-31,H3260_v1_4
40649,206487,204467,2010-09-20,0,0.87,0,NA,2010-01-01,2011-12-31,H3260_v1_4
206717,208591,210830,2010-09-20,0.11,1.3,0,NA,2010-01-01,2011-12-31,H3260_v1_4
5547,152305,226350,2010-09-29,3.5,0,0.026,NA,2010-01-01,2011-12-31,H3260_v1_4
104298,175740,237017,2010-10-06,0.16,5.9,0.096,NA,2010-01-01,2011-12-31,H3260_v1_4
111580,184931,233174,2010-10-06,0.11,2.3,0.15,NA,2010-01-01,2011-12-31,H3260_v1_4
224769,195987,204593,2010-10-07,0,0.51,0.13,NA,2010-01-01,2011-12-31,H3260_v1_4
45938,206821,205572,2010-10-13,0.26,0.24,0.12,NA,2010-01-01,2011-12-31,H3260_v1_4
40649,206487,204467,2010-10-13,0,1.7,0,NA,2010-01-01,2011-12-31,H3260_v1_4
206717,208591,210830,2010-10-13,0.14,1.4,0.1,NA,2010-01-01,2011-12-31,H3260_v1_4
33385,183472,213552,2010-10-14,0.32,1.3,0.049,NA,2010-01-01,2011-12-31,H3260_v1_4
104298,175740,237017,2009-09-09,0.191,1.3,0.032,NA,2008-01-01,2009-12-31,H3260_v1_3
45938,206821,205572,2009-09-10,0,0.11,0.04,NA,2008-01-01,2009-12-31,H3260_v1_3
40649,206487,204467,2009-09-10,0,1.5,0,NA,2008-01-01,2009-12-31,H3260_v1_3
206717,208591,210830,2009-09-10,0,1.5,0.024,NA,2008-01-01,2009-12-31,H3260_v1_3
238759,225609,198258,2013-05-28,0.108,12.9,0,NA,2012-01-01,2015-12-31,H3260_v1_5
123574,187346,210000,2013-05-22,0.71,1.22,0.1,NA,2012-01-01,2015-12-31,H3260_v1_5
203454,200579,184451,2012-09-18,0.46,1.6,0.048,NA,2012-01-01,2015-12-31,H3260_v1_5
255345,228587,215507,2012-09-25,0,1.8,0.029,NA,2012-01-01,2015-12-31,H3260_v1_5
255345,228587,215507,2013-11-27,0.2,2.54,0.032,NA,2012-01-01,2015-12-31,H3260_v1_5
238759,225609,198258,2013-06-25,0.36,6.9,0.018,NA,2012-01-01,2015-12-31,H3260_v1_5
123574,187346,210000,2013-06-19,0.149,0.82,0.037,NA,2012-01-01,2015-12-31,H3260_v1_5
169151,161052,157603,2013-12-02,0.2,5.1,0.074,NA,2012-01-01,2015-12-31,H3260_v1_5
203454,200579,184451,2013-12-17,0.77,0.87,0.063,NA,2012-01-01,2015-12-31,H3260_v1_5
38402,197860,216731,2013-12-11,0.4,0.51,0.095,NA,2012-01-01,2015-12-31,H3260_v1_5
123559,185896,209550,2013-12-11,0.4,1.04,0.084,NA,2012-01-01,2015-12-31,H3260_v1_5
103391,189477,197117,2013-12-12,1.13,0,0.39,NA,2012-01-01,2015-12-31,H3260_v1_5
123574,187346,210000,2013-07-23,0,0.48,0.038,NA,2012-01-01,2015-12-31,H3260_v1_5
238759,225609,198258,2013-08-27,0,5.4,0,NA,2012-01-01,2015-12-31,H3260_v1_5
255345,228587,215507,2013-12-18,0.26,2.18,0.048,NA,2012-01-01,2015-12-31,H3260_v1_5
212371,244877,161556,2014-01-15,0.209,5.2,0.21,NA,2012-01-01,2015-12-31,H3260_v1_5
103391,189477,197117,2014-01-14,1.06,0.202,0.29,NA,2012-01-01,2015-12-31,H3260_v1_5
203454,200579,184451,2014-01-28,0.181,1.45,0.033,NA,2012-01-01,2015-12-31,H3260_v1_5
123574,187346,210000,2013-08-20,0,0.72,0.04,NA,2012-01-01,2015-12-31,H3260_v1_5
123574,187346,210000,2013-09-17,0.17,0.91,0.074,NA,2012-01-01,2015-12-31,H3260_v1_5
123559,185896,209550,2014-01-16,0.64,1.42,0.083,NA,2012-01-01,2015-12-31,H3260_v1_5
38402,197860,216731,2014-01-16,0.36,1.08,0.085,NA,2012-01-01,2015-12-31,H3260_v1_5
255345,228587,215507,2014-01-28,0.28,3.5,0.039,NA,2012-01-01,2015-12-31,H3260_v1_5
212371,244877,161556,2014-02-03,0.26,6,0.17,NA,2012-01-01,2015-12-31,H3260_v1_5
241620,230392,198127,2014-02-17,0.185,7.3,0.018,NA,2012-01-01,2015-12-31,H3260_v1_5
203454,200579,184451,2014-02-19,0,0.8,0,NA,2012-01-01,2015-12-31,H3260_v1_5
103391,189477,197117,2014-02-10,0.88,0.37,0.26,NA,2012-01-01,2015-12-31,H3260_v1_5
123559,185896,209550,2014-02-13,0.56,1.8,0.079,NA,2012-01-01,2015-12-31,H3260_v1_5
123574,187346,210000,2013-10-15,0.2,0.76,0.13,NA,2012-01-01,2015-12-31,H3260_v1_5
238759,225609,198258,2013-10-29,0,4.4,0.023,NA,2012-01-01,2015-12-31,H3260_v1_5
238759,225609,198258,2013-11-27,0.18,10.2,0.02,NA,2012-01-01,2015-12-31,H3260_v1_5
123574,187346,210000,2013-11-20,0.42,1,0.095,NA,2012-01-01,2015-12-31,H3260_v1_5
38402,197860,216731,2014-02-13,0.31,1.21,0.06,NA,2012-01-01,2015-12-31,H3260_v1_5
255345,228587,215507,2014-02-26,0.25,3.4,0.021,NA,2012-01-01,2015-12-31,H3260_v1_5
103391,189477,197117,2014-03-10,0.91,0.204,0.31,NA,2012-01-01,2015-12-31,H3260_v1_5
238759,225609,198258,2013-12-17,0.158,9.1,0.017,NA,2012-01-01,2015-12-31,H3260_v1_5
123574,187346,210000,2013-12-11,0.41,1.05,0.08,NA,2012-01-01,2015-12-31,H3260_v1_5
123559,185896,209550,2014-03-12,0.52,1.36,0.087,NA,2012-01-01,2015-12-31,H3260_v1_5
38402,197860,216731,2014-03-12,0.202,0.57,0.05,NA,2012-01-01,2015-12-31,H3260_v1_5
212371,244877,161556,2014-03-03,0,5.3,0.18,NA,2012-01-01,2015-12-31,H3260_v1_5
203454,200579,184451,2014-04-01,0.6,0.83,0.06,NA,2012-01-01,2015-12-31,H3260_v1_5
238759,225609,198258,2014-01-28,NA,13.8,0.023,NA,2012-01-01,2015-12-31,H3260_v1_5
123574,187346,210000,2014-01-16,0.62,1.28,0.105,NA,2012-01-01,2015-12-31,H3260_v1_5
238759,225609,198258,2014-02-19,NA,14.4,0,NA,2012-01-01,2015-12-31,H3260_v1_5
123574,187346,210000,2014-02-13,0.6,1.76,0.103,NA,2012-01-01,2015-12-31,H3260_v1_5
255345,228587,215507,2014-03-26,0.204,2.7,0.034,NA,2012-01-01,2015-12-31,H3260_v1_5
212371,244877,161556,2014-04-01,0,4,0.3,NA,2012-01-01,2015-12-31,H3260_v1_5
103391,189477,197117,2014-04-09,0.98,0.218,0.31,NA,2012-01-01,2015-12-31,H3260_v1_5
123574,187346,210000,2014-03-12,0.38,1.28,0.074,NA,2012-01-01,2015-12-31,H3260_v1_5
238759,225609,198258,2014-04-01,NA,11.2,0,NA,2012-01-01,2015-12-31,H3260_v1_5
123559,185896,209550,2014-04-15,0.178,0.78,0.031,NA,2012-01-01,2015-12-31,H3260_v1_5
38402,197860,216731,2014-04-15,0,0.59,0.022,NA,2012-01-01,2015-12-31,H3260_v1_5
241620,230392,198127,2014-04-15,0.125,8.4,0.02,NA,2012-01-01,2015-12-31,H3260_v1_5
255345,228587,215507,2014-04-23,1.09,1.95,0.073,NA,2012-01-01,2015-12-31,H3260_v1_5
123574,187346,210000,2014-04-15,0,0.73,0.024,NA,2012-01-01,2015-12-31,H3260_v1_5
238759,225609,198258,2014-04-29,NA,9.5,0,NA,2012-01-01,2015-12-31,H3260_v1_5
238759,225609,198258,2014-05-21,NA,7.2,0,NA,2012-01-01,2015-12-31,H3260_v1_5
203454,200579,184451,2014-04-29,1.14,0.67,0.094,NA,2012-01-01,2015-12-31,H3260_v1_5
203454,200579,184451,2014-05-21,0.56,0.63,0.064,NA,2012-01-01,2015-12-31,H3260_v1_5
212371,244877,161556,2014-05-13,0.179,3.9,0.37,NA,2012-01-01,2015-12-31,H3260_v1_5
123559,185896,209550,2014-05-14,0.89,1.2,0.094,NA,2012-01-01,2015-12-31,H3260_v1_5
38402,197860,216731,2014-05-14,0.41,0.99,0.095,NA,2012-01-01,2015-12-31,H3260_v1_5
103391,189477,197117,2014-05-14,1.02,0.88,0.27,NA,2012-01-01,2015-12-31,H3260_v1_5
255345,228587,215507,2014-05-26,0.159,1.78,0.026,NA,2012-01-01,2015-12-31,H3260_v1_5
123574,187346,210000,2014-05-14,0.85,1.12,0.081,NA,2012-01-01,2015-12-31,H3260_v1_5
238759,225609,198258,2014-06-18,NA,6.4,0,NA,2012-01-01,2015-12-31,H3260_v1_5
212371,244877,161556,2014-06-11,0.33,3.7,0.33,NA,2012-01-01,2015-12-31,H3260_v1_5
203454,200579,184451,2014-06-18,0,0.64,0.024,NA,2012-01-01,2015-12-31,H3260_v1_5
103391,189477,197117,2014-06-10,0.86,1.09,0.33,NA,2012-01-01,2015-12-31,H3260_v1_5
104298,175740,237017,2010-11-03,1.9,11,0.047,NA,2010-01-01,2011-12-31,H3260_v1_4
111580,184931,233174,2010-11-08,0.34,5.8,0.096,NA,2010-01-01,2011-12-31,H3260_v1_4
224769,195987,204593,2010-11-09,0.15,0.64,0.11,NA,2010-01-01,2011-12-31,H3260_v1_4
45938,206821,205572,2010-11-10,0.31,0.37,0.11,NA,2010-01-01,2011-12-31,H3260_v1_4
40649,206487,204467,2010-11-10,0,1.5,0.043,NA,2010-01-01,2011-12-31,H3260_v1_4
206717,208591,210830,2010-11-10,0.18,1.3,0.056,NA,2010-01-01,2011-12-31,H3260_v1_4
123530,183551,208274,2010-11-18,0.55,2.1,0.15,NA,2010-01-01,2011-12-31,H3260_v1_4
123717,198919,214642,2010-11-18,0.3,1.3,0.043,NA,2010-01-01,2011-12-31,H3260_v1_4
143464,198312,221721,2010-11-22,0.86,4.6,0.074,NA,2010-01-01,2011-12-31,H3260_v1_4
166730,195999,215547,2010-11-22,0.47,1.8,0.1,NA,2010-01-01,2011-12-31,H3260_v1_4
33385,183472,213552,2010-11-23,1.3,4,0.2,NA,2010-01-01,2011-12-31,H3260_v1_4
5547,152305,226350,2010-11-25,0.25,0.18,0,NA,2010-01-01,2011-12-31,H3260_v1_4
219284,87245,207610,2010-11-23,3.4,6.2,0.09,NA,2010-01-01,2011-12-31,H3260_v1_4
219284,87245,207610,2010-12-15,2.3,5.3,0.07,NA,2010-01-01,2011-12-31,H3260_v1_4
104298,175740,237017,2010-12-06,0.83,13,0.24,NA,2010-01-01,2011-12-31,H3260_v1_4
111580,184931,233174,2010-12-06,0.81,6.3,0.21,NA,2010-01-01,2011-12-31,H3260_v1_4
33385,183472,213552,2010-12-07,0.96,2.2,0.12,NA,2010-01-01,2011-12-31,H3260_v1_4
224769,195987,204593,2010-12-08,0.51,1.4,0.13,NA,2010-01-01,2011-12-31,H3260_v1_4
45938,206821,205572,2010-12-08,0.52,0.71,0.086,NA,2010-01-01,2011-12-31,H3260_v1_4
40649,206487,204467,2010-12-08,0.41,1.4,0.043,NA,2010-01-01,2011-12-31,H3260_v1_4
206717,208591,210830,2010-12-08,0.25,1.6,0.053,NA,2010-01-01,2011-12-31,H3260_v1_4
123530,183551,208274,2010-12-09,0.76,1.9,0.1,NA,2010-01-01,2011-12-31,H3260_v1_4
123717,198919,214642,2010-12-09,0.32,0.99,0.069,NA,2010-01-01,2011-12-31,H3260_v1_4
143464,198312,221721,2010-12-13,0.79,5.2,0.11,NA,2010-01-01,2011-12-31,H3260_v1_4
166730,195999,215547,2010-12-13,0.55,1.9,0.069,NA,2010-01-01,2011-12-31,H3260_v1_4
5547,152305,226350,2010-12-21,0.33,0,0,NA,2010-01-01,2011-12-31,H3260_v1_4
104298,175740,237017,2011-01-11,0.91,13,0.21,NA,2010-01-01,2011-12-31,H3260_v1_4
40028,185079,234004,2011-01-12,0.34,7.7,0.04,NA,2010-01-01,2011-12-31,H3260_v1_4
219284,87245,207610,2011-01-27,0.28,5,0.16,NA,2010-01-01,2011-12-31,H3260_v1_4
45938,206821,205572,2011-01-13,0.43,0.71,0.075,NA,2010-01-01,2011-12-31,H3260_v1_4
224769,195987,204593,2011-01-13,0.51,1.4,0.12,NA,2010-01-01,2011-12-31,H3260_v1_4
40649,206487,204467,2011-01-18,0.34,1,0.047,NA,2010-01-01,2011-12-31,H3260_v1_4
252494,198042,206964,2011-01-18,0.49,2.1,0.15,NA,2010-01-01,2011-12-31,H3260_v1_4
206717,208591,210830,2011-01-18,0.32,1.6,0.049,NA,2010-01-01,2011-12-31,H3260_v1_4
33385,183472,213552,2011-01-19,0.72,1.7,0.13,NA,2010-01-01,2011-12-31,H3260_v1_4
143464,198312,221721,2011-01-20,0.83,5.2,0.12,NA,2010-01-01,2011-12-31,H3260_v1_4
166730,195999,215547,2011-01-20,0.56,1.9,0.11,NA,2010-01-01,2011-12-31,H3260_v1_4
123530,183551,208274,2011-01-24,0.69,1.9,0.11,NA,2010-01-01,2011-12-31,H3260_v1_4
123717,198919,214642,2011-01-24,0.21,1.2,0.069,NA,2010-01-01,2011-12-31,H3260_v1_4
45938,206821,205572,2011-02-03,0.53,0.69,0.074,NA,2010-01-01,2011-12-31,H3260_v1_4
224769,195987,204593,2011-02-03,0.5,1.1,0.13,NA,2010-01-01,2011-12-31,H3260_v1_4
40028,185079,234004,2011-02-09,0.29,7.2,0.061,NA,2010-01-01,2011-12-31,H3260_v1_4
111580,184931,233174,2011-02-09,0.67,2.9,0.091,NA,2010-01-01,2011-12-31,H3260_v1_4
104298,175740,237017,2011-02-10,0.89,4.9,0.093,NA,2010-01-01,2011-12-31,H3260_v1_4
219284,87245,207610,2011-02-24,0.6,4,0.25,NA,2010-01-01,2011-12-31,H3260_v1_4
40649,206487,204467,2011-02-14,0.47,0.95,0.099,NA,2010-01-01,2011-12-31,H3260_v1_4
252494,198042,206964,2011-02-14,0.48,1.8,0.13,NA,2010-01-01,2011-12-31,H3260_v1_4
206717,208591,210830,2011-02-14,0.26,1.7,0.046,NA,2010-01-01,2011-12-31,H3260_v1_4
33385,183472,213552,2011-02-15,0.69,1.4,0.13,NA,2010-01-01,2011-12-31,H3260_v1_4
143464,198312,221721,2011-02-16,0.91,4.3,0.11,NA,2010-01-01,2011-12-31,H3260_v1_4
166730,195999,215547,2011-02-16,0.53,1.7,0.08,NA,2010-01-01,2011-12-31,H3260_v1_4
123530,183551,208274,2011-02-17,0.58,1.8,0.1,NA,2010-01-01,2011-12-31,H3260_v1_4
123717,198919,214642,2011-02-17,0.19,1.1,0.056,NA,2010-01-01,2011-12-31,H3260_v1_4
45938,206821,205572,2011-03-03,0.39,0.98,0.12,NA,2010-01-01,2011-12-31,H3260_v1_4
224769,195987,204593,2011-03-03,0.26,1.2,0.13,NA,2010-01-01,2011-12-31,H3260_v1_4
104298,175740,237017,2011-03-07,1.2,6.6,0.14,NA,2010-01-01,2011-12-31,H3260_v1_4
219284,87245,207610,2011-03-23,0.76,2.7,0.12,NA,2010-01-01,2011-12-31,H3260_v1_4
40028,185079,234004,2011-03-08,0.24,8,0.046,NA,2010-01-01,2011-12-31,H3260_v1_4
40649,206487,204467,2011-03-09,0.41,1.2,0.062,NA,2010-01-01,2011-12-31,H3260_v1_4
252494,198042,206964,2011-03-09,0.36,1.8,0.12,NA,2010-01-01,2011-12-31,H3260_v1_4
206717,208591,210830,2011-03-09,0.14,2.1,0.056,NA,2010-01-01,2011-12-31,H3260_v1_4
33385,183472,213552,2011-03-10,0.45,1.3,0.082,NA,2010-01-01,2011-12-31,H3260_v1_4
143464,198312,221721,2011-03-16,0.65,1.4,0.075,NA,2010-01-01,2011-12-31,H3260_v1_4
166730,195999,215547,2011-03-16,0.26,0,0.035,NA,2010-01-01,2011-12-31,H3260_v1_4
123530,183551,208274,2011-03-17,0.86,1.3,0.081,NA,2010-01-01,2011-12-31,H3260_v1_4
123717,198919,214642,2011-03-17,0,1.1,0.065,NA,2010-01-01,2011-12-31,H3260_v1_4
255370,228485,213678,2011-03-23,0.2,6.4,0,NA,2010-01-01,2011-12-31,H3260_v1_4
255316,228451,217921,2011-03-23,0.15,4.1,0,NA,2010-01-01,2011-12-31,H3260_v1_4
40028,185079,234004,2011-04-06,0,4.8,0,NA,2010-01-01,2011-12-31,H3260_v1_4
104298,175740,237017,2011-04-06,1.6,2.3,0,NA,2010-01-01,2011-12-31,H3260_v1_4
111580,184931,233174,2011-04-11,0.29,1.6,0,NA,2010-01-01,2011-12-31,H3260_v1_4
40649,206487,204467,2011-04-12,0.45,0.65,0,NA,2010-01-01,2011-12-31,H3260_v1_4
252494,198042,206964,2011-04-12,0.4,1.9,0,NA,2010-01-01,2011-12-31,H3260_v1_4
206717,208591,210830,2011-04-12,0,1.6,0,NA,2010-01-01,2011-12-31,H3260_v1_4
33385,183472,213552,2011-04-13,0,0.98,0,NA,2010-01-01,2011-12-31,H3260_v1_4
45938,206821,205572,2011-04-14,0.24,0.61,0,NA,2010-01-01,2011-12-31,H3260_v1_4
224769,195987,204593,2011-04-14,0,0.76,0,NA,2010-01-01,2011-12-31,H3260_v1_4
219284,87245,207610,2011-04-21,0.24,2.1,0.15,NA,2010-01-01,2011-12-31,H3260_v1_4
123530,183551,208274,2011-04-18,0,0.88,0,NA,2010-01-01,2011-12-31,H3260_v1_4
123717,198919,214642,2011-04-18,0,0.95,0,NA,2010-01-01,2011-12-31,H3260_v1_4
143464,198312,221721,2011-04-19,0.17,1.6,0,NA,2010-01-01,2011-12-31,H3260_v1_4
166730,195999,215547,2011-04-19,0,0.64,0,NA,2010-01-01,2011-12-31,H3260_v1_4
40028,185079,234004,2011-05-04,0.27,3.5,0.033,NA,2010-01-01,2011-12-31,H3260_v1_4
104298,175740,237017,2011-05-05,5.8,1.9,0.045,NA,2010-01-01,2011-12-31,H3260_v1_4
255370,228485,213678,2011-04-27,0.23,4.7,0,NA,2010-01-01,2011-12-31,H3260_v1_4
255316,228451,217921,2011-04-27,0,2.5,0,NA,2010-01-01,2011-12-31,H3260_v1_4
241620,230392,198127,2014-06-24,0,10.9,0,NA,2012-01-01,2015-12-31,H3260_v1_5
123559,185896,209550,2014-06-16,0.34,0.62,0.031,NA,2012-01-01,2015-12-31,H3260_v1_5
38402,197860,216731,2014-06-16,0,0.74,0.024,NA,2012-01-01,2015-12-31,H3260_v1_5
255345,228587,215507,2014-06-25,0,1.61,0.074,NA,2012-01-01,2015-12-31,H3260_v1_5
38402,197860,216731,2013-04-16,0.5,0.56,0.041,NA,2012-01-01,2015-12-31,H3260_v1_5
123559,185896,209550,2013-04-16,0.69,1.14,0.055,NA,2012-01-01,2015-12-31,H3260_v1_5
219284,87245,207610,2011-05-23,0.51,0,0.15,NA,2010-01-01,2011-12-31,H3260_v1_4
40649,206487,204467,2011-05-11,0.35,0.68,0.055,NA,2010-01-01,2011-12-31,H3260_v1_4
33385,183472,213552,2011-06-20,0.14,3.8,0.097,NA,2010-01-01,2011-12-31,H3260_v1_4
143464,198312,221721,2011-06-21,0.12,1.5,0.054,NA,2010-01-01,2011-12-31,H3260_v1_4
166730,195999,215547,2011-06-21,0,0.67,0,NA,2010-01-01,2011-12-31,H3260_v1_4
123530,183551,208274,2011-06-22,0.14,0.99,0.043,NA,2010-01-01,2011-12-31,H3260_v1_4
123717,198919,214642,2011-06-22,0.16,0.77,0.057,NA,2010-01-01,2011-12-31,H3260_v1_4
123574,187346,210000,2014-06-16,0,0.65,0.023,NA,2012-01-01,2015-12-31,H3260_v1_5
238759,225609,198258,2014-07-30,NA,2,0.21,NA,2012-01-01,2015-12-31,H3260_v1_5
238759,225609,198258,2013-01-23,0.26,14.5,0,NA,2012-01-01,2015-12-31,H3260_v1_5
47591,246700,206562,2013-04-18,0.53,4.8,0.042,NA,2012-01-01,2015-12-31,H3260_v1_5
212371,244877,161556,2013-04-22,0.116,5.9,0.22,NA,2012-01-01,2015-12-31,H3260_v1_5
203454,200579,184451,2013-04-23,1.19,1.1,0.05,NA,2012-01-01,2015-12-31,H3260_v1_5
255345,228587,215507,2013-04-29,0.28,3.3,0.041,NA,2012-01-01,2015-12-31,H3260_v1_5
123574,187346,210000,2013-01-28,1.03,1.62,0.137,NA,2012-01-01,2015-12-31,H3260_v1_5
238759,225609,198258,2013-02-12,0.2,16.4,0.024,NA,2012-01-01,2015-12-31,H3260_v1_5
103391,189477,197117,2013-04-24,0.52,0.4,0.27,NA,2012-01-01,2015-12-31,H3260_v1_5
212371,244877,161556,2014-07-02,0,3.5,0.29,NA,2012-01-01,2015-12-31,H3260_v1_5
123574,187346,210000,2013-02-18,0.63,1.89,0.081,NA,2012-01-01,2015-12-31,H3260_v1_5
123574,187346,210000,2013-03-18,0.56,1.43,0.083,NA,2012-01-01,2015-12-31,H3260_v1_5
238759,225609,198258,2013-03-20,0.42,13,0,NA,2012-01-01,2015-12-31,H3260_v1_5
123574,187346,210000,2013-04-16,0.51,1.04,0.067,NA,2012-01-01,2015-12-31,H3260_v1_5
255345,228587,215507,2014-07-30,1.31,0.85,0.34,NA,2012-01-01,2015-12-31,H3260_v1_5
103391,189477,197117,2014-07-07,0,0.51,0,NA,2012-01-01,2015-12-31,H3260_v1_5
238759,225609,198258,2013-04-23,0,12,0,NA,2012-01-01,2015-12-31,H3260_v1_5
123574,187346,210000,2014-07-17,0,0.99,0.048,NA,2012-01-01,2015-12-31,H3260_v1_5
38402,197860,216731,2014-07-16,0,0.61,0,NA,2012-01-01,2015-12-31,H3260_v1_5
123559,185896,209550,2014-07-17,0,1.08,0.051,NA,2012-01-01,2015-12-31,H3260_v1_5
212371,244877,161556,2014-08-05,0,4.1,0.33,NA,2012-01-01,2015-12-31,H3260_v1_5
255345,228587,215507,2014-08-27,0.122,0.41,0.16,NA,2012-01-01,2015-12-31,H3260_v1_5
238759,225609,198258,2014-08-13,NA,7.3,0,NA,2012-01-01,2015-12-31,H3260_v1_5
123574,187346,210000,2014-08-19,0,0.82,0.068,NA,2012-01-01,2015-12-31,H3260_v1_5
203454,200579,184451,2014-08-13,0.36,0.174,0.043,NA,2012-01-01,2015-12-31,H3260_v1_5
241620,230392,198127,2014-08-20,0.143,8.8,0.048,NA,2012-01-01,2015-12-31,H3260_v1_5
103391,189477,197117,2014-08-13,0.29,0.84,0.41,NA,2012-01-01,2015-12-31,H3260_v1_5
212371,244877,161556,2014-09-02,0,4.2,0.21,NA,2012-01-01,2015-12-31,H3260_v1_5
241620,230392,198127,2014-09-15,0.12,8.4,0.029,NA,2012-01-01,2015-12-31,H3260_v1_5
238759,225609,198258,2014-09-24,NA,9.2,0,NA,2012-01-01,2015-12-31,H3260_v1_5
238759,225609,198258,2014-10-08,NA,9.2,0,NA,2012-01-01,2015-12-31,H3260_v1_5
123574,187346,210000,2014-10-14,0.108,0.92,0.069,NA,2012-01-01,2015-12-31,H3260_v1_5
255345,228587,215507,2014-09-24,0.157,2.07,0.042,NA,2012-01-01,2015-12-31,H3260_v1_5
123559,185896,209550,2014-08-19,0.156,0.91,0.116,NA,2012-01-01,2015-12-31,H3260_v1_5
38402,197860,216731,2014-08-19,0,0.33,0.03,NA,2012-01-01,2015-12-31,H3260_v1_5
203454,200579,184451,2014-09-24,0.85,0.59,0.094,NA,2012-01-01,2015-12-31,H3260_v1_5
238759,225609,198258,2014-11-17,NA,10.4,0.056,NA,2012-01-01,2015-12-31,H3260_v1_5
123574,187346,210000,2014-11-18,0.39,1.3,0.077,NA,2012-01-01,2015-12-31,H3260_v1_5
238759,225609,198258,2014-12-10,NA,10.4,0.022,NA,2012-01-01,2015-12-31,H3260_v1_5
203454,200579,184451,2014-10-08,1.21,0.88,0.075,NA,2012-01-01,2015-12-31,H3260_v1_5
103391,189477,197117,2014-09-15,0.54,0.76,0.37,NA,2012-01-01,2015-12-31,H3260_v1_5
123559,185896,209550,2014-09-17,0.185,0.76,0.062,NA,2012-01-01,2015-12-31,H3260_v1_5
38402,197860,216731,2014-09-17,0,0.45,0.027,NA,2012-01-01,2015-12-31,H3260_v1_5
212371,244877,161556,2014-10-01,0,5,0.23,NA,2012-01-01,2015-12-31,H3260_v1_5
123574,187346,210000,2014-12-09,0.72,1.15,0.067,NA,2012-01-01,2015-12-31,H3260_v1_5
123574,187346,210000,2015-01-13,0.55,2.7,0.097,NA,2012-01-01,2015-12-31,H3260_v1_5
103391,189477,197117,2014-10-08,0.27,0.89,0.27,NA,2012-01-01,2015-12-31,H3260_v1_5
255345,228587,215507,2014-10-28,0.152,2.45,0.048,NA,2012-01-01,2015-12-31,H3260_v1_5
123559,185896,209550,2014-10-14,0.191,1.03,0.071,NA,2012-01-01,2015-12-31,H3260_v1_5
123786,178342,209668,2015-01-15,0.64,2.8,0.14,NA,2012-01-01,2015-12-31,H3260_v1_5
174514,97584,197275,2016-03-02,0.69,3.01,0.099,NA,2016-01-01,2017-12-31,H3260_v1_6
123574,187346,210000,2016-03-09,0.43,2.2,0.078,NA,2016-01-01,2017-12-31,H3260_v1_6
213836,241452,197091,2016-03-07,0.16,3,0.07,NA,2016-01-01,2017-12-31,H3260_v1_6
238515,223950,218080,2016-03-08,0.32,4.2,0.052,NA,2016-01-01,2017-12-31,H3260_v1_6
238515,223950,218080,2016-04-19,0.3,2.9,0.055,NA,2016-01-01,2017-12-31,H3260_v1_6
213836,241452,197091,2016-04-20,0,3,0.04,NA,2016-01-01,2017-12-31,H3260_v1_6
123574,187346,210000,2016-04-14,0.12,0.96,0.046,NA,2016-01-01,2017-12-31,H3260_v1_6
174514,97584,197275,2016-04-13,1.21,1.38,0.111,NA,2016-01-01,2017-12-31,H3260_v1_6
123717,198919,214642,2011-06-23,0.12,0.78,0.057,NA,2010-01-01,2011-12-31,H3260_v1_4
123717,198919,214642,2011-06-24,0.31,1.2,0.051,NA,2010-01-01,2011-12-31,H3260_v1_4
123717,198919,214642,2011-06-25,0.38,3.8,0.084,NA,2010-01-01,2011-12-31,H3260_v1_4
123717,198919,214642,2011-06-26,0.39,0.83,0.029,NA,2010-01-01,2011-12-31,H3260_v1_4
123717,198919,214642,2011-06-27,0.31,1.6,0.041,NA,2010-01-01,2011-12-31,H3260_v1_4
123717,198919,214642,2011-06-28,0.26,0.84,0.046,NA,2010-01-01,2011-12-31,H3260_v1_4
219284,87245,207610,2011-06-23,0.97,2.1,0.43,NA,2010-01-01,2011-12-31,H3260_v1_4
255370,228485,213678,2011-06-23,0.26,3.2,0.025,NA,2010-01-01,2011-12-31,H3260_v1_4
213836,241452,197091,2016-05-12,0.15,3,0.081,NA,2016-01-01,2017-12-31,H3260_v1_6
238515,223950,218080,2016-05-18,0.55,3.2,0.066,NA,2016-01-01,2017-12-31,H3260_v1_6
174514,97584,197275,2016-05-18,0.212,0,0.217,NA,2016-01-01,2017-12-31,H3260_v1_6
123574,187346,210000,2016-05-18,0.14,0.87,0.031,NA,2016-01-01,2017-12-31,H3260_v1_6
213836,241452,197091,2016-06-09,0.24,2.3,0.18,NA,2016-01-01,2017-12-31,H3260_v1_6
123574,187346,210000,2016-06-08,0.32,1.4,0.12,NA,2016-01-01,2017-12-31,H3260_v1_6
174514,97584,197275,2016-06-08,1.34,0,0.49,NA,2016-01-01,2017-12-31,H3260_v1_6
38402,197860,216731,2014-10-14,0,0.67,0.034,NA,2012-01-01,2015-12-31,H3260_v1_5
212371,244877,161556,2014-11-12,0,5.2,0.21,NA,2012-01-01,2015-12-31,H3260_v1_5
203454,200579,184451,2014-11-17,0.35,0.82,0.055,NA,2012-01-01,2015-12-31,H3260_v1_5
103391,189477,197117,2014-11-12,0.66,0.6,0.25,NA,2012-01-01,2015-12-31,H3260_v1_5
123559,185896,209550,2014-11-18,0.4,1.23,0.095,NA,2012-01-01,2015-12-31,H3260_v1_5
38402,197860,216731,2014-11-18,0.235,0.94,0.068,NA,2012-01-01,2015-12-31,H3260_v1_5
241620,230392,198127,2014-11-24,0.3,8.1,0.052,NA,2012-01-01,2015-12-31,H3260_v1_5
255345,228587,215507,2014-11-26,0.175,2.55,0.048,NA,2012-01-01,2015-12-31,H3260_v1_5
203454,200579,184451,2014-12-10,0.45,0.83,0.034,NA,2012-01-01,2015-12-31,H3260_v1_5
212371,244877,161556,2014-12-01,0.48,5,0.26,NA,2012-01-01,2015-12-31,H3260_v1_5
103391,189477,197117,2014-12-04,1.42,0,0.24,NA,2012-01-01,2015-12-31,H3260_v1_5
255316,228451,217921,2011-06-23,0,1.6,0.05,NA,2010-01-01,2011-12-31,H3260_v1_4
40028,185079,234004,2011-07-06,0,1.1,0.053,NA,2010-01-01,2011-12-31,H3260_v1_4
104298,175740,237017,2011-07-06,2.2,1.8,0.043,NA,2010-01-01,2011-12-31,H3260_v1_4
40649,206487,204467,2011-07-13,0.85,0.22,0.081,NA,2010-01-01,2011-12-31,H3260_v1_4
206717,208591,210830,2011-07-13,0.27,0.88,0.063,NA,2010-01-01,2011-12-31,H3260_v1_4
252494,198042,206964,2011-07-13,4.1,0.68,0.34,NA,2010-01-01,2011-12-31,H3260_v1_4
45938,206821,205572,2011-07-14,0.25,0.37,0.059,NA,2010-01-01,2011-12-31,H3260_v1_4
224769,195987,204593,2011-07-14,0.11,0.63,0.049,NA,2010-01-01,2011-12-31,H3260_v1_4
33385,183472,213552,2011-07-18,0.16,1.9,0.16,NA,2010-01-01,2011-12-31,H3260_v1_4
143464,198312,221721,2011-07-19,0.13,2.6,0.066,NA,2010-01-01,2011-12-31,H3260_v1_4
166730,195999,215547,2011-07-19,0,1.2,0.036,NA,2010-01-01,2011-12-31,H3260_v1_4
123530,183551,208274,2011-07-20,0,1.1,0.051,NA,2010-01-01,2011-12-31,H3260_v1_4
123717,198919,214642,2011-07-20,0,0.47,0,NA,2010-01-01,2011-12-31,H3260_v1_4
40028,185079,234004,2011-08-03,0,4.3,0.031,NA,2010-01-01,2011-12-31,H3260_v1_4
45938,206821,205572,2011-08-04,0,0.39,0,NA,2010-01-01,2011-12-31,H3260_v1_4
224769,195987,204593,2011-08-04,0,0.61,0,NA,2010-01-01,2011-12-31,H3260_v1_4
111580,184931,233174,2011-08-08,0,1.8,0.064,NA,2010-01-01,2011-12-31,H3260_v1_4
104298,175740,237017,2011-08-08,0.42,3.6,0.047,NA,2010-01-01,2011-12-31,H3260_v1_4
40649,206487,204467,2011-08-09,0,0.63,0,NA,2010-01-01,2011-12-31,H3260_v1_4
206717,208591,210830,2011-08-09,0.16,1.1,0.033,NA,2010-01-01,2011-12-31,H3260_v1_4
252494,198042,206964,2011-08-09,0.26,1.1,0.085,NA,2010-01-01,2011-12-31,H3260_v1_4
33385,183472,213552,2011-08-10,0,3.5,0.083,NA,2010-01-01,2011-12-31,H3260_v1_4
123530,183551,208274,2011-08-18,0,0.98,0.053,NA,2010-01-01,2011-12-31,H3260_v1_4
123717,198919,214642,2011-08-18,0,0.48,0,NA,2010-01-01,2011-12-31,H3260_v1_4
219284,87245,207610,2011-07-27,0,6.2,0.17,NA,2010-01-01,2011-12-31,H3260_v1_4
255370,228485,213678,2011-08-24,0.23,2.2,0,NA,2010-01-01,2011-12-31,H3260_v1_4
255316,228451,217921,2011-08-24,0.16,1.7,0.083,NA,2010-01-01,2011-12-31,H3260_v1_4
143464,198312,221721,2011-08-22,0.11,1.7,0.079,NA,2010-01-01,2011-12-31,H3260_v1_4
166730,195999,215547,2011-08-22,0.43,0.67,0.053,NA,2010-01-01,2011-12-31,H3260_v1_4
219284,87245,207610,2011-08-31,0,6.6,0.16,NA,2010-01-01,2011-12-31,H3260_v1_4
111580,184931,233174,2011-09-06,0.35,3.9,0.15,NA,2010-01-01,2011-12-31,H3260_v1_4
104298,175740,237017,2011-09-06,0,3.9,0.16,NA,2010-01-01,2011-12-31,H3260_v1_4
40028,185079,234004,2011-09-07,0,3.4,0.22,NA,2010-01-01,2011-12-31,H3260_v1_4
45938,206821,205572,2011-09-08,0.28,0.44,0.12,NA,2010-01-01,2011-12-31,H3260_v1_4
224769,195987,204593,2011-09-08,0.14,0.72,0.15,NA,2010-01-01,2011-12-31,H3260_v1_4
40649,206487,204467,2011-09-14,0.17,0.32,0.14,NA,2010-01-01,2011-12-31,H3260_v1_4
206717,208591,210830,2011-09-14,0.17,1,0.064,NA,2010-01-01,2011-12-31,H3260_v1_4
252494,198042,206964,2011-09-14,0.46,1,0.22,NA,2010-01-01,2011-12-31,H3260_v1_4
123530,183551,208274,2011-09-15,0,1.1,0.12,NA,2010-01-01,2011-12-31,H3260_v1_4
123717,198919,214642,2011-09-15,0,0.5,0.049,NA,2010-01-01,2011-12-31,H3260_v1_4
33385,183472,213552,2011-09-19,0.75,3.4,0.063,NA,2010-01-01,2011-12-31,H3260_v1_4
143464,198312,221721,2011-09-20,0.78,2.1,0.1,NA,2010-01-01,2011-12-31,H3260_v1_4
166730,195999,215547,2011-09-20,0.19,0.82,0.058,NA,2010-01-01,2011-12-31,H3260_v1_4
219284,87245,207610,2011-09-28,0.18,2.9,0.15,NA,2010-01-01,2011-12-31,H3260_v1_4
40028,185079,234004,2011-10-05,0,2.1,0.036,NA,2010-01-01,2011-12-31,H3260_v1_4
104298,175740,237017,2011-10-06,0.13,3.1,0.031,NA,2010-01-01,2011-12-31,H3260_v1_4
40649,206487,204467,2011-10-12,0,0.54,0.051,NA,2010-01-01,2011-12-31,H3260_v1_4
206717,208591,210830,2011-10-12,0.19,1.1,0.04,NA,2010-01-01,2011-12-31,H3260_v1_4
252494,198042,206964,2011-10-12,0.27,1,0.12,NA,2010-01-01,2011-12-31,H3260_v1_4
45938,206821,205572,2011-10-13,0.36,0.46,0.037,NA,2010-01-01,2011-12-31,H3260_v1_4
224769,195987,204593,2011-10-13,0,0.78,0.049,NA,2010-01-01,2011-12-31,H3260_v1_4
33385,183472,213552,2011-10-17,0,2,0,NA,2010-01-01,2011-12-31,H3260_v1_4
143464,198312,221721,2011-10-18,0.58,2.9,0.051,NA,2010-01-01,2011-12-31,H3260_v1_4
166730,195999,215547,2011-10-18,0.24,1.1,0,NA,2010-01-01,2011-12-31,H3260_v1_4
123530,183551,208274,2011-10-20,0.29,1.3,0.053,NA,2010-01-01,2011-12-31,H3260_v1_4
123717,198919,214642,2011-10-20,0,1.2,0.14,NA,2010-01-01,2011-12-31,H3260_v1_4
219284,87245,207610,2011-10-20,2.4,2.7,0.63,NA,2010-01-01,2011-12-31,H3260_v1_4
40028,185079,234004,2011-11-08,0.25,2.3,0,NA,2010-01-01,2011-12-31,H3260_v1_4
45938,206821,205572,2011-11-09,0.55,0.47,0,NA,2010-01-01,2011-12-31,H3260_v1_4
224769,195987,204593,2011-11-09,0.13,0.78,0.2,NA,2010-01-01,2011-12-31,H3260_v1_4
104298,175740,237017,2011-11-09,0.8,2.9,0.18,NA,2010-01-01,2011-12-31,H3260_v1_4
40649,206487,204467,2011-11-16,0.19,1.5,0.033,NA,2010-01-01,2011-12-31,H3260_v1_4
206717,208591,210830,2011-11-16,0.26,1.5,0.046,NA,2010-01-01,2011-12-31,H3260_v1_4
252494,198042,206964,2011-11-16,0.5,2.1,0.069,NA,2010-01-01,2011-12-31,H3260_v1_4
33385,183472,213552,2011-11-17,0,2.6,0.03,NA,2010-01-01,2011-12-31,H3260_v1_4
143464,198312,221721,2011-11-22,1.1,1.5,0.077,NA,2010-01-01,2011-12-31,H3260_v1_4
166730,195999,215547,2011-11-22,0.18,0.72,0,NA,2010-01-01,2011-12-31,H3260_v1_4
123530,183551,208274,2011-11-24,0.32,1.1,0,NA,2010-01-01,2011-12-31,H3260_v1_4
123717,198919,214642,2011-11-24,0,1.1,0,NA,2010-01-01,2011-12-31,H3260_v1_4
219284,87245,207610,2011-11-23,2.7,3.7,0.39,NA,2010-01-01,2011-12-31,H3260_v1_4
40028,185079,234004,2011-12-06,0,3.5,0.069,NA,2010-01-01,2011-12-31,H3260_v1_4
104298,175740,237017,2011-12-06,2.6,4.9,0.16,NA,2010-01-01,2011-12-31,H3260_v1_4
111580,184931,233174,2011-12-07,0.62,4.5,0.095,NA,2010-01-01,2011-12-31,H3260_v1_4
40649,206487,204467,2011-12-07,0.4,1.5,0.041,NA,2010-01-01,2011-12-31,H3260_v1_4
206717,208591,210830,2011-12-07,0.23,1.8,0.047,NA,2010-01-01,2011-12-31,H3260_v1_4
252494,198042,206964,2011-12-07,1.1,1.2,0.078,NA,2010-01-01,2011-12-31,H3260_v1_4
45938,206821,205572,2011-12-08,0.51,0.67,0.068,NA,2010-01-01,2011-12-31,H3260_v1_4
224769,195987,204593,2011-12-08,0.44,1.1,0.092,NA,2010-01-01,2011-12-31,H3260_v1_4
33385,183472,213552,2011-12-13,1.1,1.4,0.067,NA,2010-01-01,2011-12-31,H3260_v1_4
123530,183551,208274,2011-12-14,1,1.2,0.12,NA,2010-01-01,2011-12-31,H3260_v1_4
123717,198919,214642,2011-12-14,0.91,0.81,0.084,NA,2010-01-01,2011-12-31,H3260_v1_4
143464,198312,221721,2011-12-14,2.1,1.5,0.13,NA,2010-01-01,2011-12-31,H3260_v1_4
166730,195999,215547,2011-12-14,0.54,1.3,0.13,NA,2010-01-01,2011-12-31,H3260_v1_4
219284,87245,207610,2011-12-14,0.42,6.7,0.47,NA,2010-01-01,2011-12-31,H3260_v1_4
104298,175740,237017,2012-01-10,1.3,13,0.17,NA,2012-01-01,2015-12-31,H3260_v1_5
219284,87245,207610,2010-10-19,0,7.6,0.12,NA,2010-01-01,2011-12-31,H3260_v1_4
123530,183551,208274,2010-10-18,0.21,1.3,0.06,NA,2010-01-01,2011-12-31,H3260_v1_4
123717,198919,214642,2010-10-18,0.19,0.48,0.045,NA,2010-01-01,2011-12-31,H3260_v1_4
143464,198312,221721,2010-10-19,3.7,1.4,0.16,NA,2010-01-01,2011-12-31,H3260_v1_4
166730,195999,215547,2010-10-19,0.11,0.8,0.032,NA,2010-01-01,2011-12-31,H3260_v1_4
5547,152305,226350,2010-10-28,2,0,0,NA,2010-01-01,2011-12-31,H3260_v1_4
219284,87245,207610,2012-01-16,0.54,8.1,0.055,NA,2012-01-01,2015-12-31,H3260_v1_5
255316,228451,217921,2012-01-26,0.17,4.3,0.034,NA,2012-01-01,2015-12-31,H3260_v1_5
33385,183472,213552,2012-01-23,0.45,1.9,0.11,NA,2012-01-01,2015-12-31,H3260_v1_5
123717,198919,214642,2012-01-24,0.14,1.4,0,NA,2012-01-01,2015-12-31,H3260_v1_5
166730,195999,215547,2012-01-24,0.44,2.3,0,NA,2012-01-01,2015-12-31,H3260_v1_5
255345,228587,215507,2014-12-10,0.26,2.5,0.056,NA,2012-01-01,2015-12-31,H3260_v1_5
123559,185896,209550,2014-12-09,0.74,1.11,0.074,NA,2012-01-01,2015-12-31,H3260_v1_5
38402,197860,216731,2014-12-09,0.34,0.83,0.068,NA,2012-01-01,2015-12-31,H3260_v1_5
38402,197860,216731,2012-09-19,0,0.45,0.045,NA,2012-01-01,2015-12-31,H3260_v1_5
5572,154668,226184,2012-06-28,0.19,0,0,NA,2012-01-01,2015-12-31,H3260_v1_5
238759,225609,198258,2012-07-17,NA,5.2,0.12,NA,2012-01-01,2015-12-31,H3260_v1_5
111617,186904,232114,2014-11-05,0.165,2.4,0.091,NA,2012-01-01,2015-12-31,H3260_v1_5
224975,210560,206194,2012-08-08,0,0.83,0.069,NA,2012-01-01,2015-12-31,H3260_v1_5
206652,203131,209305,2012-08-08,0,1.2,0.045,NA,2012-01-01,2015-12-31,H3260_v1_5
221004,245672,183550,2012-08-21,0.47,1.9,0.95,NA,2012-01-01,2015-12-31,H3260_v1_5
144658,222498,199266,2012-08-22,NA,24,0,NA,2012-01-01,2015-12-31,H3260_v1_5
123559,185896,209550,2012-09-19,0.46,0.83,0.063,NA,2012-01-01,2015-12-31,H3260_v1_5
203454,200579,184451,2015-01-21,0.56,2.8,0.15,NA,2012-01-01,2015-12-31,H3260_v1_5
103391,189477,197117,2015-01-21,0.78,0.73,0.21,NA,2012-01-01,2015-12-31,H3260_v1_5
123574,187346,210000,2012-07-18,0.22,1.3,0.16,NA,2012-01-01,2015-12-31,H3260_v1_5
5572,154668,226184,2012-07-31,0,0,0,NA,2012-01-01,2015-12-31,H3260_v1_5
238759,225609,198258,2012-08-22,NA,7.2,0,NA,2012-01-01,2015-12-31,H3260_v1_5
124018,192159,223185,2012-08-20,0.33,1.4,0.084,NA,2012-01-01,2015-12-31,H3260_v1_5
255415,228750,210246,2012-08-28,0,6.3,0,NA,2012-01-01,2015-12-31,H3260_v1_5
255366,228571,213970,2012-08-28,0.18,2.7,0.054,NA,2012-01-01,2015-12-31,H3260_v1_5
218390,232321,177163,2012-09-05,0,1.4,0,NA,2012-01-01,2015-12-31,H3260_v1_5
144658,222498,199266,2012-09-17,NA,27,0,NA,2012-01-01,2015-12-31,H3260_v1_5
221004,245672,183550,2012-09-18,1.3,0.63,0.41,NA,2012-01-01,2015-12-31,H3260_v1_5
123574,187346,210000,2012-08-21,0,0.76,0.036,NA,2012-01-01,2015-12-31,H3260_v1_5
238759,225609,198258,2012-09-17,NA,6.8,0,NA,2012-01-01,2015-12-31,H3260_v1_5
5572,154668,226184,2012-08-30,0.11,0,0,NA,2012-01-01,2015-12-31,H3260_v1_5
123574,187346,210000,2012-09-19,0.1,0.86,0.061,NA,2012-01-01,2015-12-31,H3260_v1_5
224975,210560,206194,2012-09-12,0.11,0.55,0.058,NA,2012-01-01,2015-12-31,H3260_v1_5
206652,203131,209305,2012-09-12,0.19,1.1,0.062,NA,2012-01-01,2015-12-31,H3260_v1_5
255415,228750,210246,2012-09-25,0,3.6,0,NA,2012-01-01,2015-12-31,H3260_v1_5
123574,187346,210000,2015-02-03,0.54,2.2,0.097,NA,2012-01-01,2015-12-31,H3260_v1_5
123786,178342,209668,2015-02-09,0.63,1.7,0.12,NA,2012-01-01,2015-12-31,H3260_v1_5
255366,228571,213970,2012-09-25,0.14,2.2,0.042,NA,2012-01-01,2015-12-31,H3260_v1_5
124018,192159,223185,2012-09-18,0.1,0.73,0.1,NA,2012-01-01,2015-12-31,H3260_v1_5
144658,222498,199266,2015-01-28,NA,14,0.053,NA,2012-01-01,2015-12-31,H3260_v1_5
84207,151545,223322,2015-01-22,NA,1.2,0,NA,2012-01-01,2015-12-31,H3260_v1_5
224975,210560,206194,2015-01-21,0.16,1.5,0.08,NA,2012-01-01,2015-12-31,H3260_v1_5
206652,203131,209305,2015-01-21,0.27,1.4,0.051,NA,2012-01-01,2015-12-31,H3260_v1_5
123574,187346,210000,2015-03-03,0.43,1.6,0.095,NA,2012-01-01,2015-12-31,H3260_v1_5
123786,178342,209668,2015-03-11,0.55,1.3,0.025,NA,2012-01-01,2015-12-31,H3260_v1_5
218803,250356,161314,2015-02-04,0,8.1,0.084,NA,2012-01-01,2015-12-31,H3260_v1_5
79222,170592,207939,2015-02-03,0,0,0.23,NA,2012-01-01,2015-12-31,H3260_v1_5
113035,195774,210763,2015-02-09,0.65,0.56,0.1,NA,2012-01-01,2015-12-31,H3260_v1_5
114570,228433,179509,2015-02-18,0.33,0.68,0.017,NA,2012-01-01,2015-12-31,H3260_v1_5
224975,210560,206194,2015-02-10,0,0.84,0.077,NA,2012-01-01,2015-12-31,H3260_v1_5
206652,203131,209305,2015-02-10,0.23,1.6,0.045,NA,2012-01-01,2015-12-31,H3260_v1_5
144658,222498,199266,2015-02-24,0.4,13,0.075,NA,2012-01-01,2015-12-31,H3260_v1_5
255415,228750,210246,2015-02-25,0.16,6.4,0.039,NA,2012-01-01,2015-12-31,H3260_v1_5
123574,187346,210000,2015-04-07,0.29,1.6,0.063,NA,2012-01-01,2015-12-31,H3260_v1_5
123786,178342,209668,2015-04-09,0.49,1.5,0.093,NA,2012-01-01,2015-12-31,H3260_v1_5
144658,222498,199266,2015-03-24,NA,17,0,NA,2012-01-01,2015-12-31,H3260_v1_5
224975,210560,206194,2015-03-16,0,1.2,0.073,NA,2012-01-01,2015-12-31,H3260_v1_5
206652,203131,209305,2015-03-16,0.33,1.2,0.041,NA,2012-01-01,2015-12-31,H3260_v1_5
111617,186904,232114,2015-03-25,NA,2.4,0.18,NA,2012-01-01,2015-12-31,H3260_v1_5
38434,200014,218405,2015-03-25,NA,2,0.031,NA,2012-01-01,2015-12-31,H3260_v1_5
123574,187346,210000,2015-05-13,0.084,0.64,0.029,NA,2012-01-01,2015-12-31,H3260_v1_5
123786,178342,209668,2015-05-18,0.24,1.5,0.061,NA,2012-01-01,2015-12-31,H3260_v1_5
84207,151545,223322,2015-03-26,NA,0.65,0.024,NA,2012-01-01,2015-12-31,H3260_v1_5
114570,228433,179509,2015-04-07,0.23,0.77,0.01,NA,2012-01-01,2015-12-31,H3260_v1_5
218803,250356,161314,2015-04-15,0,7.9,0.071,NA,2012-01-01,2015-12-31,H3260_v1_5
79222,170592,207939,2015-04-07,0.32,0,0.15,NA,2012-01-01,2015-12-31,H3260_v1_5
123574,187346,210000,2015-06-09,0.18,0.85,0.031,NA,2012-01-01,2015-12-31,H3260_v1_5
123786,178342,209668,2015-06-15,0,1.1,0.045,NA,2012-01-01,2015-12-31,H3260_v1_5
113035,195774,210763,2015-04-09,0.42,0.75,0.068,NA,2012-01-01,2015-12-31,H3260_v1_5
255415,228750,210246,2015-04-29,0,7,0,NA,2012-01-01,2015-12-31,H3260_v1_5
224975,210560,206194,2015-04-14,0,0.89,0.072,NA,2012-01-01,2015-12-31,H3260_v1_5
206652,203131,209305,2015-04-14,0.17,1.3,0.028,NA,2012-01-01,2015-12-31,H3260_v1_5
144658,222498,199266,2015-04-28,0.56,18,0,NA,2012-01-01,2015-12-31,H3260_v1_5
144658,222498,199266,2015-05-26,NA,13,0,NA,2012-01-01,2015-12-31,H3260_v1_5
123574,187346,210000,2015-07-02,0,0.63,0.025,NA,2012-01-01,2015-12-31,H3260_v1_5
123786,178342,209668,2015-07-13,0,2,0.033,NA,2012-01-01,2015-12-31,H3260_v1_5
123574,187346,210000,2016-08-18,0.12,0.82,0.069,NA,2016-01-01,2017-12-31,H3260_v1_6
174514,97584,197275,2016-08-03,1.27,0,0.89,NA,2016-01-01,2017-12-31,H3260_v1_6
224975,210560,206194,2015-05-19,0.093,0.95,0.061,NA,2012-01-01,2015-12-31,H3260_v1_5
206652,203131,209305,2015-05-19,0.097,1.4,0.032,NA,2012-01-01,2015-12-31,H3260_v1_5
114570,228433,179509,2015-06-09,0.19,0.82,0,NA,2012-01-01,2015-12-31,H3260_v1_5
218803,250356,161314,2015-06-16,0.082,7.6,0.075,NA,2012-01-01,2015-12-31,H3260_v1_5
238515,223950,218080,2016-08-30,1.1,3.1,0.077,NA,2016-01-01,2017-12-31,H3260_v1_6
213836,241452,197091,2016-09-19,0,3,0.069,NA,2016-01-01,2017-12-31,H3260_v1_6
174514,97584,197275,2016-09-14,1.03,0,1.01,NA,2016-01-01,2017-12-31,H3260_v1_6
123574,187346,210000,2016-09-19,0.1,0.66,0.055,NA,2016-01-01,2017-12-31,H3260_v1_6
238515,223950,218080,2016-09-28,1.4,5.1,0.088,NA,2016-01-01,2017-12-31,H3260_v1_6
144658,222498,199266,2015-06-30,0.55,33,0,NA,2012-01-01,2015-12-31,H3260_v1_5
206652,203131,209305,2015-06-04,0.083,1.2,0.032,NA,2012-01-01,2015-12-31,H3260_v1_5
79222,170592,207939,2015-06-09,0.24,0,0.086,NA,2012-01-01,2015-12-31,H3260_v1_5
224975,210560,206194,2015-06-10,0,0.76,0.014,NA,2012-01-01,2015-12-31,H3260_v1_5
213836,241452,197091,2016-10-11,0.098,3.1,0.044,NA,2016-01-01,2017-12-31,H3260_v1_6
238515,223950,218080,2016-10-24,2.1,3.5,0.09,NA,2016-01-01,2017-12-31,H3260_v1_6
174514,97584,197275,2016-10-05,1.3,0,0.37,NA,2016-01-01,2017-12-31,H3260_v1_6
123574,187346,210000,2016-10-12,0.087,0.8,0.044,NA,2016-01-01,2017-12-31,H3260_v1_6
213836,241452,197091,2016-11-08,0.13,3.4,0.048,NA,2016-01-01,2017-12-31,H3260_v1_6
113035,195774,210763,2015-06-15,0.14,0.81,0.018,NA,2012-01-01,2015-12-31,H3260_v1_5
255415,228750,210246,2015-06-25,0,5.1,0,NA,2012-01-01,2015-12-31,H3260_v1_5
224975,210560,206194,2015-07-15,0,0.71,0.04,NA,2012-01-01,2015-12-31,H3260_v1_5
206652,203131,209305,2015-07-15,0,1.1,0,NA,2012-01-01,2015-12-31,H3260_v1_5
123530,183551,208274,2012-01-24,0.67,2.3,0.045,NA,2012-01-01,2015-12-31,H3260_v1_5
255316,228451,217921,2012-02-28,0.16,3.6,0.029,NA,2012-01-01,2015-12-31,H3260_v1_5
104298,175740,237017,2012-02-01,0.69,8.2,0.086,NA,2012-01-01,2015-12-31,H3260_v1_5
206717,208591,210830,2012-02-09,0.25,2.1,0.041,NA,2012-01-01,2015-12-31,H3260_v1_5
45938,206821,205572,2012-02-09,0.46,0.98,0.045,NA,2012-01-01,2015-12-31,H3260_v1_5
212371,244877,161556,2015-02-04,0.18,5.5,0.13,NA,2012-01-01,2015-12-31,H3260_v1_5
123559,185896,209550,2015-02-03,0.55,2.2,0.036,NA,2012-01-01,2015-12-31,H3260_v1_5
38402,197860,216731,2015-02-09,0.27,2,0.032,NA,2012-01-01,2015-12-31,H3260_v1_5
114568,228223,179702,2015-02-18,0.38,0.7,0.018,NA,2012-01-01,2015-12-31,H3260_v1_5
33385,183472,213552,2012-02-15,1.9,1.8,0.069,NA,2012-01-01,2015-12-31,H3260_v1_5
123717,198919,214642,2012-02-20,0.3,1.4,0.065,NA,2012-01-01,2015-12-31,H3260_v1_5
166730,195999,215547,2012-02-20,0.56,2,0.086,NA,2012-01-01,2015-12-31,H3260_v1_5
123530,183551,208274,2012-02-20,0.7,1.9,0.19,NA,2012-01-01,2015-12-31,H3260_v1_5
219284,87245,207610,2012-02-20,0.39,8.4,0.058,NA,2012-01-01,2015-12-31,H3260_v1_5
219284,87245,207610,2012-03-05,1.1,5.2,0.4,NA,2012-01-01,2015-12-31,H3260_v1_5
104298,175740,237017,2012-03-07,0.95,9.9,0.12,NA,2012-01-01,2015-12-31,H3260_v1_5
206717,208591,210830,2012-03-12,0.22,2,0.055,NA,2012-01-01,2015-12-31,H3260_v1_5
45938,206821,205572,2012-03-12,0.39,0.89,0.1,NA,2012-01-01,2015-12-31,H3260_v1_5
33385,183472,213552,2012-03-14,0.3,0.96,0.08,NA,2012-01-01,2015-12-31,H3260_v1_5
123717,198919,214642,2012-03-19,0.18,0.97,0.027,NA,2012-01-01,2015-12-31,H3260_v1_5
166730,195999,215547,2012-03-19,0.36,1,0,NA,2012-01-01,2015-12-31,H3260_v1_5
123530,183551,208274,2012-03-19,0.47,1.3,0,NA,2012-01-01,2015-12-31,H3260_v1_5
255316,228451,217921,2012-03-27,0.12,2.8,0,NA,2012-01-01,2015-12-31,H3260_v1_5
104298,175740,237017,2012-04-04,0.93,2.9,0.097,NA,2012-01-01,2015-12-31,H3260_v1_5
219284,87245,207610,2012-04-02,0.46,3.3,0.22,NA,2012-01-01,2015-12-31,H3260_v1_5
206717,208591,210830,2012-04-10,0.2,1.5,0.039,NA,2012-01-01,2015-12-31,H3260_v1_5
103391,189477,197117,2015-02-10,3.5,0,0.36,NA,2012-01-01,2015-12-31,H3260_v1_5
203454,200579,184451,2015-02-24,0.53,2.4,0.024,NA,2012-01-01,2015-12-31,H3260_v1_5
123559,185896,209550,2015-03-03,0.44,1.8,0.08,NA,2012-01-01,2015-12-31,H3260_v1_5
212371,244877,161556,2015-03-03,0,5.1,0.13,NA,2012-01-01,2015-12-31,H3260_v1_5
203454,200579,184451,2015-03-25,1.4,1.6,0.067,NA,2012-01-01,2015-12-31,H3260_v1_5
45938,206821,205572,2012-04-10,0.29,0.86,0.078,NA,2012-01-01,2015-12-31,H3260_v1_5
33385,183472,213552,2012-04-17,0.14,1.2,0.065,NA,2012-01-01,2015-12-31,H3260_v1_5
123717,198919,214642,2012-04-18,0.13,1.1,0,NA,2012-01-01,2015-12-31,H3260_v1_5
166730,195999,215547,2012-04-18,0,1,0,NA,2012-01-01,2015-12-31,H3260_v1_5
123530,183551,208274,2012-04-18,0.53,1.3,0.025,NA,2012-01-01,2015-12-31,H3260_v1_5
255316,228451,217921,2012-04-24,0,2.4,0,NA,2012-01-01,2015-12-31,H3260_v1_5
219284,87245,207610,2012-05-07,0.174,4.4,0.076,NA,2012-01-01,2015-12-31,H3260_v1_5
104298,175740,237017,2012-05-02,0.73,4,0.11,NA,2012-01-01,2015-12-31,H3260_v1_5
206717,208591,210830,2012-05-09,0.13,1.3,0.044,NA,2012-01-01,2015-12-31,H3260_v1_5
45938,206821,205572,2012-05-09,0.14,0.67,0.039,NA,2012-01-01,2015-12-31,H3260_v1_5
33385,183472,213552,2012-05-15,0.21,1,0.066,NA,2012-01-01,2015-12-31,H3260_v1_5
123717,198919,214642,2012-05-21,0.24,0.73,0.049,NA,2012-01-01,2015-12-31,H3260_v1_5
166730,195999,215547,2012-05-21,0.49,1.2,0.071,NA,2012-01-01,2015-12-31,H3260_v1_5
123530,183551,208274,2012-05-21,1.1,1.3,0.094,NA,2012-01-01,2015-12-31,H3260_v1_5
255316,228451,217921,2012-05-24,0,0,0.033,NA,2012-01-01,2015-12-31,H3260_v1_5
219284,87245,207610,2012-06-04,4,2.42,0.57,NA,2012-01-01,2015-12-31,H3260_v1_5
104298,175740,237017,2012-06-06,1.3,8.9,0.079,NA,2012-01-01,2015-12-31,H3260_v1_5
206717,208591,210830,2012-06-11,0.24,1.3,0,NA,2012-01-01,2015-12-31,H3260_v1_5
33385,183472,213552,2012-06-13,0.27,2.4,0.061,NA,2012-01-01,2015-12-31,H3260_v1_5
123717,198919,214642,2012-06-18,2.6,0.84,0.26,NA,2012-01-01,2015-12-31,H3260_v1_5
166730,195999,215547,2012-06-18,0.1,0.89,0,NA,2012-01-01,2015-12-31,H3260_v1_5
123530,183551,208274,2012-06-18,0.17,1.2,0.058,NA,2012-01-01,2015-12-31,H3260_v1_5
123717,198919,214642,2012-06-20,0,0.67,0.024,NA,2012-01-01,2015-12-31,H3260_v1_5
219284,87245,207610,2012-07-02,0.41,3.5,0.25,NA,2012-01-01,2015-12-31,H3260_v1_5
255316,228451,217921,2012-06-26,0.15,2.3,0.024,NA,2012-01-01,2015-12-31,H3260_v1_5
123717,198919,214642,2012-06-21,0.32,0.44,0,NA,2012-01-01,2015-12-31,H3260_v1_5
123717,198919,214642,2012-06-22,0.31,0.71,0,NA,2012-01-01,2015-12-31,H3260_v1_5
123717,198919,214642,2012-06-23,0.43,0.39,0,NA,2012-01-01,2015-12-31,H3260_v1_5
123717,198919,214642,2012-06-24,0.23,0.66,0,NA,2012-01-01,2015-12-31,H3260_v1_5
123717,198919,214642,2012-06-25,0.5,1.1,0,NA,2012-01-01,2015-12-31,H3260_v1_5
123717,198919,214642,2012-06-26,0.37,0.66,0,NA,2012-01-01,2015-12-31,H3260_v1_5
104298,175740,237017,2012-07-04,0.76,1.9,0.026,NA,2012-01-01,2015-12-31,H3260_v1_5
255316,228451,217921,2012-07-24,0.12,2,0.073,NA,2012-01-01,2015-12-31,H3260_v1_5
206717,208591,210830,2012-07-09,0.1,1.2,0.03,NA,2012-01-01,2015-12-31,H3260_v1_5
45938,206821,205572,2012-07-09,0.18,0.67,0.045,NA,2012-01-01,2015-12-31,H3260_v1_5
33385,183472,213552,2012-07-17,0.16,1.3,0.1,NA,2012-01-01,2015-12-31,H3260_v1_5
123717,198919,214642,2012-07-18,0.14,0.58,0,NA,2012-01-01,2015-12-31,H3260_v1_5
166730,195999,215547,2012-07-18,0.24,1.1,0.082,NA,2012-01-01,2015-12-31,H3260_v1_5
123530,183551,208274,2012-07-18,0.23,1.4,0.15,NA,2012-01-01,2015-12-31,H3260_v1_5
104298,175740,237017,2012-08-01,1.4,1.8,0.097,NA,2012-01-01,2015-12-31,H3260_v1_5
206717,208591,210830,2012-08-08,0.12,1.4,0.047,NA,2012-01-01,2015-12-31,H3260_v1_5
45938,206821,205572,2012-08-08,0.15,0.7,0.047,NA,2012-01-01,2015-12-31,H3260_v1_5
33385,183472,213552,2012-08-20,0.21,2.1,0,NA,2012-01-01,2015-12-31,H3260_v1_5
123717,198919,214642,2012-08-21,0.3,0.65,0,NA,2012-01-01,2015-12-31,H3260_v1_5
166730,195999,215547,2012-08-21,0.35,0.32,0,NA,2012-01-01,2015-12-31,H3260_v1_5
123530,183551,208274,2012-08-21,0.41,0.59,0,NA,2012-01-01,2015-12-31,H3260_v1_5
255316,228451,217921,2012-08-28,0.1,2.4,0.039,NA,2012-01-01,2015-12-31,H3260_v1_5
219284,87245,207610,2012-08-06,0.58,4.3,0.31,NA,2012-01-01,2015-12-31,H3260_v1_5
104298,175740,237017,2012-09-04,0.86,2,0.13,NA,2012-01-01,2015-12-31,H3260_v1_5
252494,198042,206964,2011-05-11,0.28,1.1,0.1,NA,2010-01-01,2011-12-31,H3260_v1_4
206717,208591,210830,2011-05-11,0.13,1.4,0.074,NA,2010-01-01,2011-12-31,H3260_v1_4
45938,206821,205572,2011-05-12,0.18,0.58,0.066,NA,2010-01-01,2011-12-31,H3260_v1_4
144658,222498,199266,2015-07-28,NA,37,0,NA,2012-01-01,2015-12-31,H3260_v1_5
218803,250356,161314,2015-08-04,0.21,6.8,0.11,NA,2012-01-01,2015-12-31,H3260_v1_5
114570,228433,179509,2015-08-05,0.15,0.69,0,NA,2012-01-01,2015-12-31,H3260_v1_5
224975,210560,206194,2016-08-10,0.091,0.92,0.1,NA,2016-01-01,2017-12-31,H3260_v1_6
206652,203131,209305,2016-08-10,0.13,1.2,0.02,NA,2016-01-01,2017-12-31,H3260_v1_6
224666,191216,198580,2016-08-10,0.25,2,0.15,NA,2016-01-01,2017-12-31,H3260_v1_6
224975,210560,206194,2014-11-12,0,0.74,0.124,NA,2012-01-01,2015-12-31,H3260_v1_5
206652,203131,209305,2014-11-12,0.138,1.22,0.063,NA,2012-01-01,2015-12-31,H3260_v1_5
224769,195987,204593,2011-05-12,0,0.68,0.044,NA,2010-01-01,2011-12-31,H3260_v1_4
33385,183472,213552,2011-05-16,2.4,1.1,0.11,NA,2010-01-01,2011-12-31,H3260_v1_4
123530,183551,208274,2011-05-17,0.26,0.73,0.046,NA,2010-01-01,2011-12-31,H3260_v1_4
123717,198919,214642,2011-05-17,0.2,0.69,0.07,NA,2010-01-01,2011-12-31,H3260_v1_4
143464,198312,221721,2011-05-18,0.44,1.2,0.073,NA,2010-01-01,2011-12-31,H3260_v1_4
166730,195999,215547,2011-05-18,0.14,0.51,0,NA,2010-01-01,2011-12-31,H3260_v1_4
111580,184931,233174,2011-06-07,1,0.86,0.13,NA,2010-01-01,2011-12-31,H3260_v1_4
255415,228750,210246,2014-11-26,0.102,5.9,0,NA,2012-01-01,2015-12-31,H3260_v1_5
38434,200014,218405,2014-11-19,NA,0.69,0.055,NA,2012-01-01,2015-12-31,H3260_v1_5
84207,151545,223322,2014-11-24,NA,0.47,0,NA,2012-01-01,2015-12-31,H3260_v1_5
144658,222498,199266,2014-12-10,0.73,19.2,0.024,NA,2012-01-01,2015-12-31,H3260_v1_5
104298,175740,237017,2011-06-09,2,2.8,0.19,NA,2010-01-01,2011-12-31,H3260_v1_4
40028,185079,234004,2011-06-14,0.13,1.7,0.043,NA,2010-01-01,2011-12-31,H3260_v1_4
40649,206487,204467,2011-06-15,0.14,0.67,0.037,NA,2010-01-01,2011-12-31,H3260_v1_4
252494,198042,206964,2011-06-15,0.18,1.7,0.061,NA,2010-01-01,2011-12-31,H3260_v1_4
206717,208591,210830,2011-06-15,0.16,0.91,0.058,NA,2010-01-01,2011-12-31,H3260_v1_4
45938,206821,205572,2011-06-16,0.16,0.4,0.046,NA,2010-01-01,2011-12-31,H3260_v1_4
224769,195987,204593,2011-06-16,0,0.58,0.035,NA,2010-01-01,2011-12-31,H3260_v1_4
104298,175740,237017,2012-10-02,3.6,2.8,0.38,NA,2012-01-01,2015-12-31,H3260_v1_5
218803,250356,161314,2014-12-01,0.34,8.5,0.2,NA,2012-01-01,2015-12-31,H3260_v1_5
111617,186904,232114,2014-12-03,0.49,0.8,0.069,NA,2012-01-01,2015-12-31,H3260_v1_5
224975,210560,206194,2014-12-04,0,0.84,0.112,NA,2012-01-01,2015-12-31,H3260_v1_5
206652,203131,209305,2014-12-04,0.205,1.35,0.048,NA,2012-01-01,2015-12-31,H3260_v1_5
218390,232321,177163,2014-12-08,0.44,1.49,0.045,NA,2012-01-01,2015-12-31,H3260_v1_5
255415,228750,210246,2014-12-10,0.26,4,0.02,NA,2012-01-01,2015-12-31,H3260_v1_5
79222,170592,207939,2015-01-13,0,0,0.16,NA,2012-01-01,2015-12-31,H3260_v1_5
111617,186904,232114,2015-01-14,NA,5.4,0.12,NA,2012-01-01,2015-12-31,H3260_v1_5
38434,200014,218405,2015-01-15,NA,2.4,0.1,NA,2012-01-01,2015-12-31,H3260_v1_5
224975,210560,206194,2016-02-18,0.13,1.5,0.09,NA,2016-01-01,2017-12-31,H3260_v1_6
224975,210560,206194,2016-03-07,0.14,1.4,0.058,NA,2016-01-01,2017-12-31,H3260_v1_6
206652,203131,209305,2016-03-07,0.28,1.1,0.066,NA,2016-01-01,2017-12-31,H3260_v1_6
224666,191216,198580,2016-03-07,0.46,1.7,0.15,NA,2016-01-01,2017-12-31,H3260_v1_6
144658,222498,199266,2016-03-08,NA,16,0.014,NA,2016-01-01,2017-12-31,H3260_v1_6
255415,228750,210246,2016-04-18,0,6.2,0,NA,2016-01-01,2017-12-31,H3260_v1_6
144658,222498,199266,2016-04-19,0.53,18,0,NA,2016-01-01,2017-12-31,H3260_v1_6
111617,186904,232114,2016-03-23,NA,2.5,0.054,NA,2016-01-01,2017-12-31,H3260_v1_6
84207,151545,223322,2016-03-24,NA,0.97,0,NA,2016-01-01,2017-12-31,H3260_v1_6
38434,200014,218405,2016-03-24,NA,1.1,0.019,NA,2016-01-01,2017-12-31,H3260_v1_6
224975,210560,206194,2016-04-11,0.088,0.85,0.067,NA,2016-01-01,2017-12-31,H3260_v1_6
206652,203131,209305,2016-04-11,0.21,1.3,0.04,NA,2016-01-01,2017-12-31,H3260_v1_6
224666,191216,198580,2016-04-11,0.13,1.4,0.14,NA,2016-01-01,2017-12-31,H3260_v1_6
144658,222498,199266,2016-05-18,NA,17,0,NA,2016-01-01,2017-12-31,H3260_v1_6
224975,210560,206194,2016-05-11,0.091,1.1,0.042,NA,2016-01-01,2017-12-31,H3260_v1_6
206652,203131,209305,2016-05-11,0.11,1.1,0.031,NA,2016-01-01,2017-12-31,H3260_v1_6
224666,191216,198580,2016-05-11,0.15,1.3,0.13,NA,2016-01-01,2017-12-31,H3260_v1_6
224975,210560,206194,2016-06-06,0.18,0.97,0.11,NA,2016-01-01,2017-12-31,H3260_v1_6
206652,203131,209305,2016-06-06,0.22,0.78,0.034,NA,2016-01-01,2017-12-31,H3260_v1_6
224666,191216,198580,2016-06-06,0.28,0.59,0.22,NA,2016-01-01,2017-12-31,H3260_v1_6
255415,228750,210246,2016-06-21,0.16,4.8,0.067,NA,2016-01-01,2017-12-31,H3260_v1_6
144658,222498,199266,2016-06-22,0.48,8.2,0.13,NA,2016-01-01,2017-12-31,H3260_v1_6
224975,210560,206194,2016-07-07,0.077,1.2,0.16,NA,2016-01-01,2017-12-31,H3260_v1_6
206652,203131,209305,2016-07-07,0.19,0.86,0.049,NA,2016-01-01,2017-12-31,H3260_v1_6
224666,191216,198580,2016-07-07,0.17,1.2,0.3,NA,2016-01-01,2017-12-31,H3260_v1_6
144658,222498,199266,2016-07-18,NA,17,0,NA,2016-01-01,2017-12-31,H3260_v1_6
206717,208591,210830,2012-10-08,0.21,1.1,0.046,NA,2012-01-01,2015-12-31,H3260_v1_5
45938,206821,205572,2012-10-08,0.33,0.62,0.066,NA,2012-01-01,2015-12-31,H3260_v1_5
33385,183472,213552,2012-10-10,0,1.7,0.044,NA,2012-01-01,2015-12-31,H3260_v1_5
255316,228451,217921,2012-10-30,0,2.5,0.043,NA,2012-01-01,2015-12-31,H3260_v1_5
219284,87245,207610,2012-10-15,0,6,0.29,NA,2012-01-01,2015-12-31,H3260_v1_5
255415,228750,210246,2017-01-11,0.14,4.4,NA,0.02,2016-01-01,2017-12-31,H3260_v1_6
255366,228571,213970,2017-01-11,0.24,2.8,NA,0.031,2016-01-01,2017-12-31,H3260_v1_6
111617,186904,232114,2017-01-10,NA,3.6,NA,0.086,2016-01-01,2017-12-31,H3260_v1_6
224975,210560,206194,2017-01-12,0.15,1.2,NA,0.069,2016-01-01,2017-12-31,H3260_v1_6
206652,203131,209305,2017-01-12,0.23,1.8,NA,0.059,2016-01-01,2017-12-31,H3260_v1_6
224666,191216,198580,2017-01-12,0.32,1.4,NA,0.12,2016-01-01,2017-12-31,H3260_v1_6
259130,199929,215582,2017-01-18,0.24,1.1,NA,0.032,2016-01-01,2017-12-31,H3260_v1_6
218390,232321,177163,2017-01-23,0.26,2.2,NA,0.053,2016-01-01,2017-12-31,H3260_v1_6
144658,222498,199266,2017-01-23,NA,21,NA,0,2016-01-01,2017-12-31,H3260_v1_6
255366,228571,213970,2017-01-24,0.23,3.5,NA,0,2016-01-01,2017-12-31,H3260_v1_6
255415,228750,210246,2017-01-24,0.21,5.8,NA,0,2016-01-01,2017-12-31,H3260_v1_6
218803,250356,161314,2017-02-01,0.22,NA,NA,0.2,2016-01-01,2017-12-31,H3260_v1_6
38434,200014,218405,2017-02-01,NA,2.6,NA,0.05,2016-01-01,2017-12-31,H3260_v1_6
84207,151545,223322,2017-02-01,NA,3.3,NA,0,2016-01-01,2017-12-31,H3260_v1_6
255366,228571,213970,2017-02-09,0.13,3.4,NA,0.027,2016-01-01,2017-12-31,H3260_v1_6
255415,228750,210246,2017-02-09,0.14,5.9,NA,0,2016-01-01,2017-12-31,H3260_v1_6
123717,198919,214642,2012-10-15,0.15,0.72,0.043,NA,2012-01-01,2015-12-31,H3260_v1_5
166730,195999,215547,2012-10-15,0.18,1.1,0.069,NA,2012-01-01,2015-12-31,H3260_v1_5
123530,183551,208274,2012-10-15,0.29,1.3,0.082,NA,2012-01-01,2015-12-31,H3260_v1_5
219284,87245,207610,2012-11-06,0.186,8.1,0.119,NA,2012-01-01,2015-12-31,H3260_v1_5
104298,175740,237017,2012-11-06,0.68,2.9,0.2,NA,2012-01-01,2015-12-31,H3260_v1_5
255316,228451,217921,2012-11-27,0,2,0,NA,2012-01-01,2015-12-31,H3260_v1_5
206717,208591,210830,2012-11-19,0.15,1.6,0.078,NA,2012-01-01,2015-12-31,H3260_v1_5
45938,206821,205572,2012-11-19,0.23,0.44,0.08,NA,2012-01-01,2015-12-31,H3260_v1_5
33385,183472,213552,2012-11-21,1.5,5.9,0,NA,2012-01-01,2015-12-31,H3260_v1_5
123717,198919,214642,2012-11-22,0.12,0.79,0.036,NA,2012-01-01,2015-12-31,H3260_v1_5
166730,195999,215547,2012-11-22,0.25,0.85,0.037,NA,2012-01-01,2015-12-31,H3260_v1_5
123530,183551,208274,2012-11-22,0.53,1.2,0.031,NA,2012-01-01,2015-12-31,H3260_v1_5
255316,228451,217921,2012-12-05,0.21,1.9,0.047,NA,2012-01-01,2015-12-31,H3260_v1_5
219284,87245,207610,2012-12-03,0.59,5.1,0.24,NA,2012-01-01,2015-12-31,H3260_v1_5
104298,175740,237017,2012-12-04,0.85,9.5,0.35,NA,2012-01-01,2015-12-31,H3260_v1_5
206717,208591,210830,2012-12-05,0.19,1.5,0.045,NA,2012-01-01,2015-12-31,H3260_v1_5
45938,206821,205572,2012-12-05,0.39,0.67,0.075,NA,2012-01-01,2015-12-31,H3260_v1_5
33385,183472,213552,2012-12-06,1.3,1.8,0.12,NA,2012-01-01,2015-12-31,H3260_v1_5
123717,198919,214642,2012-12-12,0.31,0.9,0.031,NA,2012-01-01,2015-12-31,H3260_v1_5
166730,195999,215547,2012-12-12,0.61,1.8,0.038,NA,2012-01-01,2015-12-31,H3260_v1_5
123530,183551,208274,2012-12-12,0.58,1.7,0.053,NA,2012-01-01,2015-12-31,H3260_v1_5
111580,184931,233174,2013-01-09,1.08,5.6,0.2,NA,2012-01-01,2015-12-31,H3260_v1_5
104298,175740,237017,2013-01-09,0.88,8.8,0.16,NA,2012-01-01,2015-12-31,H3260_v1_5
213944,236308,191364,2013-01-24,0.148,3.9,0.066,NA,2012-01-01,2015-12-31,H3260_v1_5
255334,228482,216483,2013-01-29,0.44,3.5,0.042,NA,2012-01-01,2015-12-31,H3260_v1_5
206717,208591,210830,2013-01-23,0.32,2.1,0.075,NA,2012-01-01,2015-12-31,H3260_v1_5
45938,206821,205572,2013-01-23,0.52,0.79,0.083,NA,2012-01-01,2015-12-31,H3260_v1_5
213944,236308,191364,2013-02-12,0.123,3.5,0.052,NA,2012-01-01,2015-12-31,H3260_v1_5
33385,183472,213552,2013-01-30,0.52,1.92,0.21,NA,2012-01-01,2015-12-31,H3260_v1_5
166730,195999,215547,2013-01-28,0.74,1.32,0.103,NA,2012-01-01,2015-12-31,H3260_v1_5
123717,198919,214642,2013-01-28,0.48,0.77,0.067,NA,2012-01-01,2015-12-31,H3260_v1_5
123530,183551,208274,2013-01-28,1.07,2.04,0.118,NA,2012-01-01,2015-12-31,H3260_v1_5
255334,228482,216483,2013-02-26,0.3,3.8,0.035,NA,2012-01-01,2015-12-31,H3260_v1_5
219284,87245,207610,2013-02-12,0.31,4.1,0.078,NA,2012-01-01,2015-12-31,H3260_v1_5
111580,184931,233174,2013-02-06,3.4,4.4,0.24,NA,2012-01-01,2015-12-31,H3260_v1_5
40028,185079,234004,2013-02-06,0.26,6.3,0.145,NA,2012-01-01,2015-12-31,H3260_v1_5
104298,175740,237017,2013-02-06,0.66,6.2,0.27,NA,2012-01-01,2015-12-31,H3260_v1_5
38402,197860,216731,2015-03-11,0.24,1.1,0.018,NA,2012-01-01,2015-12-31,H3260_v1_5
103391,189477,197117,2015-03-16,0.8,0,0.23,NA,2012-01-01,2015-12-31,H3260_v1_5
166730,195999,215547,2013-02-18,0.49,1.51,0.047,NA,2012-01-01,2015-12-31,H3260_v1_5
123717,198919,214642,2013-02-18,0.24,1,0.041,NA,2012-01-01,2015-12-31,H3260_v1_5
123530,183551,208274,2013-02-18,0.59,1.8,0.096,NA,2012-01-01,2015-12-31,H3260_v1_5
33385,183472,213552,2013-02-19,0.88,1.62,0.09,NA,2012-01-01,2015-12-31,H3260_v1_5
219284,87245,207610,2013-03-06,11.7,3.1,0.119,NA,2012-01-01,2015-12-31,H3260_v1_5
114568,228223,179702,2015-04-07,0.25,0.75,0,NA,2012-01-01,2015-12-31,H3260_v1_5
212371,244877,161556,2015-04-15,0,4.4,0.15,NA,2012-01-01,2015-12-31,H3260_v1_5
123559,185896,209550,2015-04-07,0.31,1.5,0.073,NA,2012-01-01,2015-12-31,H3260_v1_5
38402,197860,216731,2015-04-09,0.23,0.73,0.036,NA,2012-01-01,2015-12-31,H3260_v1_5
203454,200579,184451,2015-04-21,0.27,2.5,0.046,NA,2012-01-01,2015-12-31,H3260_v1_5
103391,189477,197117,2015-04-14,0.37,0,0.21,NA,2012-01-01,2015-12-31,H3260_v1_5
212371,244877,161556,2015-05-04,0.21,5.2,0.28,NA,2012-01-01,2015-12-31,H3260_v1_5
203454,200579,184451,2015-05-20,1,0.86,0.055,NA,2012-01-01,2015-12-31,H3260_v1_5
206717,208591,210830,2013-02-25,0.31,2.18,0.059,NA,2012-01-01,2015-12-31,H3260_v1_5
45938,206821,205572,2013-02-25,0.7,0.97,0.082,NA,2012-01-01,2015-12-31,H3260_v1_5
255334,228482,216483,2013-03-26,0.31,4.1,0.036,NA,2012-01-01,2015-12-31,H3260_v1_5
111580,184931,233174,2013-03-06,0.7,3.4,0.071,NA,2012-01-01,2015-12-31,H3260_v1_5
104298,175740,237017,2013-03-06,1.9,3.9,0.118,NA,2012-01-01,2015-12-31,H3260_v1_5
166730,195999,215547,2013-03-18,0.62,1.08,0.047,NA,2012-01-01,2015-12-31,H3260_v1_5
123717,198919,214642,2013-03-18,0.2,1.09,0.044,NA,2012-01-01,2015-12-31,H3260_v1_5
123530,183551,208274,2013-03-18,0.6,1.26,0.074,NA,2012-01-01,2015-12-31,H3260_v1_5
33385,183472,213552,2013-03-20,0.98,1.33,0.114,NA,2012-01-01,2015-12-31,H3260_v1_5
213944,236308,191364,2013-03-20,0.57,3.5,0,NA,2012-01-01,2015-12-31,H3260_v1_5
206717,208591,210830,2013-03-25,0.17,2.39,0.04,NA,2012-01-01,2015-12-31,H3260_v1_5
45938,206821,205572,2013-03-25,0.76,0.9,0.089,NA,2012-01-01,2015-12-31,H3260_v1_5
123559,185896,209550,2015-05-13,0.1,0.73,0.03,NA,2012-01-01,2015-12-31,H3260_v1_5
38402,197860,216731,2015-05-18,0.25,0.62,0.03,NA,2012-01-01,2015-12-31,H3260_v1_5
103391,189477,197117,2015-05-19,0.75,0.56,0.21,NA,2012-01-01,2015-12-31,H3260_v1_5
114568,228223,179702,2015-06-09,0.23,0.77,0,NA,2012-01-01,2015-12-31,H3260_v1_5
203454,200579,184451,2015-06-23,3.8,0,0.23,NA,2012-01-01,2015-12-31,H3260_v1_5
212371,244877,161556,2015-06-16,0,4.7,0.38,NA,2012-01-01,2015-12-31,H3260_v1_5
219284,87245,207610,2013-04-03,0.63,2.28,0.11,NA,2012-01-01,2015-12-31,H3260_v1_5
111580,184931,233174,2013-04-03,0.42,1.96,0.092,NA,2012-01-01,2015-12-31,H3260_v1_5
40028,185079,234004,2013-04-03,0,5.8,0.053,NA,2012-01-01,2015-12-31,H3260_v1_5
206717,208591,210830,2012-01-12,0.32,1.2,0.071,NA,2012-01-01,2015-12-31,H3260_v1_5
45938,206821,205572,2012-01-12,0.42,1.3,0.087,NA,2012-01-01,2015-12-31,H3260_v1_5
104298,175740,237017,2013-05-06,0.98,1.38,0.067,NA,2012-01-01,2015-12-31,H3260_v1_5
103391,189477,197117,2015-06-04,0.77,0.7,0.1,NA,2012-01-01,2015-12-31,H3260_v1_5
123559,185896,209550,2015-06-09,0.13,0.89,0.031,NA,2012-01-01,2015-12-31,H3260_v1_5
38402,197860,216731,2015-06-15,0.12,0,0.016,NA,2012-01-01,2015-12-31,H3260_v1_5
123559,185896,209550,2015-07-02,0.073,0.46,0.028,NA,2012-01-01,2015-12-31,H3260_v1_5
212371,244877,161556,2015-07-14,0,4.2,0.52,NA,2012-01-01,2015-12-31,H3260_v1_5
111617,186904,232114,2017-02-06,0.46,3.9,NA,0.052,2016-01-01,2017-12-31,H3260_v1_6
224975,210560,206194,2017-02-07,0.18,1.3,NA,0.093,2016-01-01,2017-12-31,H3260_v1_6
206652,203131,209305,2017-02-07,0.3,1.9,NA,0.056,2016-01-01,2017-12-31,H3260_v1_6
255415,228750,210246,2016-08-29,0,5.8,0,NA,2016-01-01,2017-12-31,H3260_v1_6
144658,222498,199266,2016-08-30,0.24,19,0,NA,2016-01-01,2017-12-31,H3260_v1_6
224975,210560,206194,2016-09-13,0.12,0.91,0.033,NA,2016-01-01,2017-12-31,H3260_v1_6
206652,203131,209305,2016-09-13,0.14,1.4,0.017,NA,2016-01-01,2017-12-31,H3260_v1_6
224666,191216,198580,2016-09-13,0.13,1.9,0.13,NA,2016-01-01,2017-12-31,H3260_v1_6
255415,228750,210246,2016-09-27,0.075,6.6,0,NA,2016-01-01,2017-12-31,H3260_v1_6
144658,222498,199266,2016-09-28,0.14,24,0,NA,2016-01-01,2017-12-31,H3260_v1_6
224975,210560,206194,2016-10-06,0.092,0.49,0.086,NA,2016-01-01,2017-12-31,H3260_v1_6
206652,203131,209305,2016-10-06,0.18,1.1,0.031,NA,2016-01-01,2017-12-31,H3260_v1_6
224666,191216,198580,2016-10-06,0.13,1.6,0.14,NA,2016-01-01,2017-12-31,H3260_v1_6
144658,222498,199266,2016-10-24,NA,21,0,NA,2016-01-01,2017-12-31,H3260_v1_6
224975,210560,206194,2016-11-03,0,0.55,0.079,NA,2016-01-01,2017-12-31,H3260_v1_6
206652,203131,209305,2016-11-03,0.17,1.5,0.039,NA,2016-01-01,2017-12-31,H3260_v1_6
224666,191216,198580,2016-11-03,0.14,1.8,0.14,NA,2016-01-01,2017-12-31,H3260_v1_6
38402,197860,216731,2015-07-13,0,0,0,NA,2012-01-01,2015-12-31,H3260_v1_5
203454,200579,184451,2015-07-22,0.36,0.92,0.024,NA,2012-01-01,2015-12-31,H3260_v1_5
212371,244877,161556,2015-08-04,0.079,4.4,0.48,NA,2012-01-01,2015-12-31,H3260_v1_5
255415,228750,210246,2016-11-28,0.16,5.3,0,NA,2016-01-01,2017-12-31,H3260_v1_6
111617,186904,232114,2016-11-22,NA,4.5,0.086,NA,2016-01-01,2017-12-31,H3260_v1_6
144658,222498,199266,2016-11-28,1.4,24,0,NA,2016-01-01,2017-12-31,H3260_v1_6
144658,222498,199266,2016-12-07,NA,22,0.021,NA,2016-01-01,2017-12-31,H3260_v1_6
84207,151545,223322,2016-11-28,NA,0.76,0.022,NA,2016-01-01,2017-12-31,H3260_v1_6
38434,200014,218405,2016-11-29,NA,1.8,0.036,NA,2016-01-01,2017-12-31,H3260_v1_6
114568,228223,179702,2015-08-05,0.15,0.7,0.018,NA,2012-01-01,2015-12-31,H3260_v1_5
103391,189477,197117,2016-08-16,1.1,0.7,0.42,NA,2016-01-01,2017-12-31,H3260_v1_6
124176,204796,204545,2016-08-17,0.11,0.69,0.13,NA,2016-01-01,2017-12-31,H3260_v1_6
123886,185176,214902,2016-08-17,0.63,1.2,0.14,NA,2016-01-01,2017-12-31,H3260_v1_6
123559,185896,209550,2016-08-18,0.14,0.89,0.065,NA,2016-01-01,2017-12-31,H3260_v1_6
38402,197860,216731,2016-08-18,0.11,0.53,0.045,NA,2016-01-01,2017-12-31,H3260_v1_6
73328,188436,209764,2016-08-18,0.47,0.46,0.34,NA,2016-01-01,2017-12-31,H3260_v1_6
175055,74627,200334,2016-08-18,0.202,0,0.02,NA,2016-01-01,2017-12-31,H3260_v1_6
224975,210560,206194,2016-12-01,0.18,0.66,0.094,NA,2016-01-01,2017-12-31,H3260_v1_6
206652,203131,209305,2016-12-01,0.29,1.7,0.054,NA,2016-01-01,2017-12-31,H3260_v1_6
224666,191216,198580,2016-12-01,0.34,1.8,0.12,NA,2016-01-01,2017-12-31,H3260_v1_6
212371,244877,161556,2016-09-01,0,4.6,0.33,NA,2016-01-01,2017-12-31,H3260_v1_6
228080,215500,183020,2016-09-06,0.28,1.9,0.12,NA,2016-01-01,2017-12-31,H3260_v1_6
241552,230674,203278,2016-09-15,0.25,6.2,0.066,NA,2016-01-01,2017-12-31,H3260_v1_6
103391,189477,197117,2016-09-14,0.17,2.1,0.31,NA,2016-01-01,2017-12-31,H3260_v1_6
124176,204796,204545,2016-09-15,0.07,0.48,0.11,NA,2016-01-01,2017-12-31,H3260_v1_6
212371,244877,161556,2015-01-13,0,5.6,0.12,NA,2012-01-01,2015-12-31,H3260_v1_5
123559,185896,209550,2015-01-13,0.49,2.7,0.1,NA,2012-01-01,2015-12-31,H3260_v1_5
38402,197860,216731,2015-01-15,0.19,2.4,0.074,NA,2012-01-01,2015-12-31,H3260_v1_5
123886,185176,214902,2016-02-17,0.59,3,0.1,NA,2016-01-01,2017-12-31,H3260_v1_6
111580,184931,233174,2013-05-07,0.83,1.12,0.087,NA,2012-01-01,2015-12-31,H3260_v1_5
213944,236308,191364,2013-05-16,0.52,3.2,0.038,NA,2012-01-01,2015-12-31,H3260_v1_5
255334,228482,216483,2013-05-28,0.16,2.8,0.035,NA,2012-01-01,2015-12-31,H3260_v1_5
166730,195999,215547,2013-05-22,0.69,0.86,0.045,NA,2012-01-01,2015-12-31,H3260_v1_5
123717,198919,214642,2013-05-22,0.29,0.66,0.028,NA,2012-01-01,2015-12-31,H3260_v1_5
123530,183551,208274,2013-05-22,0.78,1.3,0.077,NA,2012-01-01,2015-12-31,H3260_v1_5
33385,183472,213552,2013-05-27,0.43,1.34,0.067,NA,2012-01-01,2015-12-31,H3260_v1_5
124176,204796,204545,2016-03-03,0.08,1.3,0.059,NA,2016-01-01,2017-12-31,H3260_v1_6
212371,244877,161556,2016-03-01,0.24,5.4,0.098,NA,2016-01-01,2017-12-31,H3260_v1_6
103391,189477,197117,2016-03-08,0.55,0.6,0.19,NA,2016-01-01,2017-12-31,H3260_v1_6
123559,185896,209550,2016-03-09,0.48,2.3,0.078,NA,2016-01-01,2017-12-31,H3260_v1_6
38402,197860,216731,2016-03-09,0.31,1.8,0.037,NA,2016-01-01,2017-12-31,H3260_v1_6
73328,188436,209764,2016-03-09,0.82,2.3,0.34,NA,2016-01-01,2017-12-31,H3260_v1_6
228080,215500,183020,2016-03-15,0.74,4.3,0.073,NA,2016-01-01,2017-12-31,H3260_v1_6
123886,185176,214902,2016-03-16,0.93,1.9,0.11,NA,2016-01-01,2017-12-31,H3260_v1_6
175055,74627,200334,2016-03-16,0,0,0.011,NA,2016-01-01,2017-12-31,H3260_v1_6
228080,215500,183020,2016-04-05,0.49,3.4,0.083,NA,2016-01-01,2017-12-31,H3260_v1_6
212371,244877,161556,2016-04-12,0,4.9,0.097,NA,2016-01-01,2017-12-31,H3260_v1_6
241552,230674,203278,2016-04-14,0.35,6.1,0.052,NA,2016-01-01,2017-12-31,H3260_v1_6
224975,210560,206194,2017-07-12,0.097,0.46,NA,0.13,2016-01-01,2017-12-31,H3260_v1_6
206652,203131,209305,2017-07-12,0.22,0.79,NA,0.042,2016-01-01,2017-12-31,H3260_v1_6
175055,74627,200334,2016-04-13,0,0,0.011,NA,2016-01-01,2017-12-31,H3260_v1_6
103391,189477,197117,2016-04-12,0.55,0,0.24,NA,2016-01-01,2017-12-31,H3260_v1_6
124176,204796,204545,2016-04-13,0.076,0.61,0.099,NA,2016-01-01,2017-12-31,H3260_v1_6
123559,185896,209550,2016-04-14,0.24,0.91,0.059,NA,2016-01-01,2017-12-31,H3260_v1_6
38402,197860,216731,2016-04-14,0.31,0.72,0.04,NA,2016-01-01,2017-12-31,H3260_v1_6
73328,188436,209764,2016-04-14,0.75,0,0.33,NA,2016-01-01,2017-12-31,H3260_v1_6
123886,185176,214902,2016-04-18,0.84,1.4,0.11,NA,2016-01-01,2017-12-31,H3260_v1_6
212371,244877,161556,2016-05-02,0.093,4.4,0.11,NA,2016-01-01,2017-12-31,H3260_v1_6
224666,191216,198580,2017-07-12,1.5,1.7,NA,0.22,2016-01-01,2017-12-31,H3260_v1_6
259130,199929,215582,2017-07-19,0.077,0.75,NA,0.016,2016-01-01,2017-12-31,H3260_v1_6
255415,228750,210246,2017-07-13,0.19,2.1,NA,0,2016-01-01,2017-12-31,H3260_v1_6
255366,228571,213970,2017-07-13,0.22,1.6,NA,0.031,2016-01-01,2017-12-31,H3260_v1_6
228080,215500,183020,2016-05-10,0.3,4.3,0.08,NA,2016-01-01,2017-12-31,H3260_v1_6
103391,189477,197117,2016-05-12,0.8,0,0.4,NA,2016-01-01,2017-12-31,H3260_v1_6
175055,74627,200334,2016-05-17,0,0,0,NA,2016-01-01,2017-12-31,H3260_v1_6
124176,204796,204545,2016-05-17,0.086,0.42,0.086,NA,2016-01-01,2017-12-31,H3260_v1_6
123559,185896,209550,2016-05-18,0.22,0.99,0.027,NA,2016-01-01,2017-12-31,H3260_v1_6
38402,197860,216731,2016-05-18,0.13,0,0.019,NA,2016-01-01,2017-12-31,H3260_v1_6
111617,186904,232114,2017-08-03,0.17,0.56,NA,0.098,2016-01-01,2017-12-31,H3260_v1_6
144658,222498,199266,2017-07-25,NA,27.6,NA,0,2016-01-01,2017-12-31,H3260_v1_6
255366,228571,213970,2017-07-26,0.077,1.3,NA,0.046,2016-01-01,2017-12-31,H3260_v1_6
255415,228750,210246,2017-07-26,0.053,2.5,NA,0.011,2016-01-01,2017-12-31,H3260_v1_6
206717,208591,210830,2013-05-28,0.123,0.98,0.095,NA,2012-01-01,2015-12-31,H3260_v1_5
45938,206821,205572,2013-05-28,0.3,1.12,0.054,NA,2012-01-01,2015-12-31,H3260_v1_5
219284,87245,207610,2013-06-05,0.76,1.23,0.32,NA,2012-01-01,2015-12-31,H3260_v1_5
111580,184931,233174,2013-06-05,0.55,1.96,0.087,NA,2012-01-01,2015-12-31,H3260_v1_5
40028,185079,234004,2013-06-05,0,6.3,0.021,NA,2012-01-01,2015-12-31,H3260_v1_5
104298,175740,237017,2013-06-05,2.1,2.51,0.16,NA,2012-01-01,2015-12-31,H3260_v1_5
218803,250356,161314,2017-08-01,0.17,5.6,NA,0.14,2016-01-01,2017-12-31,H3260_v1_6
218390,232321,177163,2017-08-07,0.19,1,NA,0.032,2016-01-01,2017-12-31,H3260_v1_6
224975,210560,206194,2017-08-09,0.1,0.53,NA,0.061,2016-01-01,2017-12-31,H3260_v1_6
206652,203131,209305,2017-08-09,0.13,0.79,NA,0.012,2016-01-01,2017-12-31,H3260_v1_6
224666,191216,198580,2017-08-09,0.14,1.6,NA,0.15,2016-01-01,2017-12-31,H3260_v1_6
123478,178983,208404,2017-08-16,0.14,0.61,NA,0.065,2016-01-01,2017-12-31,H3260_v1_6
73328,188436,209764,2016-05-18,0.89,0,0.3,NA,2016-01-01,2017-12-31,H3260_v1_6
212371,244877,161556,2016-06-02,0.14,5.3,0.29,NA,2016-01-01,2017-12-31,H3260_v1_6
123886,185176,214902,2016-05-23,2.8,0.5,0.18,NA,2016-01-01,2017-12-31,H3260_v1_6
241552,230674,203278,2016-06-07,0.41,6.3,0.081,NA,2016-01-01,2017-12-31,H3260_v1_6
103391,189477,197117,2016-06-07,0.91,0,0.25,NA,2016-01-01,2017-12-31,H3260_v1_6
123559,185896,209550,2016-06-08,0.33,1.5,0.13,NA,2016-01-01,2017-12-31,H3260_v1_6
38402,197860,216731,2016-06-08,0.37,1.3,0.063,NA,2016-01-01,2017-12-31,H3260_v1_6
73328,188436,209764,2016-06-08,1.1,0,0.13,NA,2016-01-01,2017-12-31,H3260_v1_6
124176,204796,204545,2016-06-09,0.16,0.64,0.14,NA,2016-01-01,2017-12-31,H3260_v1_6
175055,74627,200334,2016-06-15,0,0,0,NA,2016-01-01,2017-12-31,H3260_v1_6
123886,185176,214902,2016-06-15,1.1,1.5,0.17,NA,2016-01-01,2017-12-31,H3260_v1_6
228080,215500,183020,2016-06-14,0.44,2.2,0.21,NA,2016-01-01,2017-12-31,H3260_v1_6
212371,244877,161556,2016-07-05,0.083,5.4,0.19,NA,2016-01-01,2017-12-31,H3260_v1_6
228080,215500,183020,2016-07-13,1.5,2.5,0.1,NA,2016-01-01,2017-12-31,H3260_v1_6
175055,74627,200334,2016-07-19,0.515,0,0.012,NA,2016-01-01,2017-12-31,H3260_v1_6
103391,189477,197117,2016-07-14,2.3,0,0.56,NA,2016-01-01,2017-12-31,H3260_v1_6
124176,204796,204545,2016-07-14,0.2,0.65,0.16,NA,2016-01-01,2017-12-31,H3260_v1_6
123559,185896,209550,2016-07-18,0.18,1.2,0.087,NA,2016-01-01,2017-12-31,H3260_v1_6
38402,197860,216731,2016-07-18,0.25,0.54,0.034,NA,2016-01-01,2017-12-31,H3260_v1_6
73328,188436,209764,2016-07-18,0.75,0,0.39,NA,2016-01-01,2017-12-31,H3260_v1_6
123886,185176,214902,2016-07-19,1,0.87,0.15,NA,2016-01-01,2017-12-31,H3260_v1_6
212371,244877,161556,2016-08-02,0.15,4.9,0.26,NA,2016-01-01,2017-12-31,H3260_v1_6
241552,230674,203278,2016-08-03,0.49,4.8,0.086,NA,2016-01-01,2017-12-31,H3260_v1_6
228080,215500,183020,2016-08-09,0.3,2.4,0.09,NA,2016-01-01,2017-12-31,H3260_v1_6
103391,189477,197117,2017-01-12,1.2,0,NA,0.26,2016-01-01,2017-12-31,H3260_v1_6
212371,244877,161556,2017-01-17,0.33,6.1,NA,0.15,2016-01-01,2017-12-31,H3260_v1_6
124176,204796,204545,2017-01-16,0.12,1.2,NA,0.053,2016-01-01,2017-12-31,H3260_v1_6
241552,230674,203278,2017-01-18,0.66,5.6,NA,0.05,2016-01-01,2017-12-31,H3260_v1_6
123559,185896,209550,2017-01-18,0.51,1.9,NA,0.087,2016-01-01,2017-12-31,H3260_v1_6
38402,197860,216731,2017-01-18,0.34,2,NA,0.056,2016-01-01,2017-12-31,H3260_v1_6
73328,188436,209764,2017-01-18,1.2,1.6,NA,0.27,2016-01-01,2017-12-31,H3260_v1_6
123886,185176,214902,2017-01-19,0.99,3,NA,0.094,2016-01-01,2017-12-31,H3260_v1_6
175055,74627,200334,2017-01-24,0.19,0.44,NA,0,2016-01-01,2017-12-31,H3260_v1_6
228080,215500,183020,2017-01-24,1.1,4.8,NA,0.1,2016-01-01,2017-12-31,H3260_v1_6
213944,236308,191364,2013-06-11,0.18,3.2,0.044,NA,2012-01-01,2015-12-31,H3260_v1_5
255334,228482,216483,2013-06-25,0.101,2.17,0.034,NA,2012-01-01,2015-12-31,H3260_v1_5
213944,236308,191364,2013-07-09,0.17,3.1,0.052,NA,2012-01-01,2015-12-31,H3260_v1_5
33385,183472,213552,2013-06-18,0.33,1.1,0.054,NA,2012-01-01,2015-12-31,H3260_v1_5
166730,195999,215547,2013-06-19,0.141,0.44,0,NA,2012-01-01,2015-12-31,H3260_v1_5
123717,198919,214642,2013-06-19,0.56,0.58,0.028,NA,2012-01-01,2015-12-31,H3260_v1_5
123530,183551,208274,2013-06-19,0.38,0.84,0.057,NA,2012-01-01,2015-12-31,H3260_v1_5
206717,208591,210830,2013-06-26,0.27,1.43,0.075,NA,2012-01-01,2015-12-31,H3260_v1_5
45938,206821,205572,2013-06-26,0.32,0.45,0.059,NA,2012-01-01,2015-12-31,H3260_v1_5
219284,87245,207610,2013-07-04,0.3,10.1,0.171,NA,2012-01-01,2015-12-31,H3260_v1_5
111580,184931,233174,2013-07-03,1.27,0.92,0.19,NA,2012-01-01,2015-12-31,H3260_v1_5
104298,175740,237017,2013-07-03,2.5,0.89,0.3,NA,2012-01-01,2015-12-31,H3260_v1_5
255334,228482,216483,2013-07-30,0,1.7,0.042,NA,2012-01-01,2015-12-31,H3260_v1_5
212371,244877,161556,2017-02-01,0.36,5.8,NA,0.15,2016-01-01,2017-12-31,H3260_v1_6
103391,189477,197117,2017-02-07,1.3,0,NA,0.25,2016-01-01,2017-12-31,H3260_v1_6
124176,204796,204545,2017-02-08,0.2,1,NA,0.051,2016-01-01,2017-12-31,H3260_v1_6
204986,244766,184401,2017-02-14,1.5,0,NA,0.12,2016-01-01,2017-12-31,H3260_v1_6
241552,230674,203278,2017-02-15,0.56,6,NA,0.035,2016-01-01,2017-12-31,H3260_v1_6
241434,238265,208445,2017-02-15,0.27,5.6,NA,0.05,2016-01-01,2017-12-31,H3260_v1_6
241620,230392,198127,2017-02-15,0.16,7.4,NA,0,2016-01-01,2017-12-31,H3260_v1_6
175055,74627,200334,2017-02-15,0.23,0,NA,0,2016-01-01,2017-12-31,H3260_v1_6
123559,185896,209550,2017-02-13,0.68,1.4,NA,0.08,2016-01-01,2017-12-31,H3260_v1_6
38402,197860,216731,2017-02-13,0.3,1.5,NA,0.045,2016-01-01,2017-12-31,H3260_v1_6
73328,188436,209764,2017-02-13,1.2,1.3,NA,0.28,2016-01-01,2017-12-31,H3260_v1_6
123886,185176,214902,2017-02-15,1.1,2.4,NA,0.1,2016-01-01,2017-12-31,H3260_v1_6
123559,185896,209550,2016-09-19,0.58,0.69,0.088,NA,2016-01-01,2017-12-31,H3260_v1_6
38402,197860,216731,2016-09-19,0.12,0.68,0.059,NA,2016-01-01,2017-12-31,H3260_v1_6
73328,188436,209764,2016-09-19,0.37,0,0.29,NA,2016-01-01,2017-12-31,H3260_v1_6
123886,185176,214902,2016-09-20,0.65,1.1,0.078,NA,2016-01-01,2017-12-31,H3260_v1_6
175055,74627,200334,2016-09-19,0.89,0,0,NA,2016-01-01,2017-12-31,H3260_v1_6
212371,244877,161556,2016-10-10,0.08,5.7,0.37,NA,2016-01-01,2017-12-31,H3260_v1_6
123717,198919,214642,2013-06-28,0.39,0.47,0.019,NA,2012-01-01,2015-12-31,H3260_v1_5
123717,198919,214642,2013-06-29,0.19,0.28,0,NA,2012-01-01,2015-12-31,H3260_v1_5
123717,198919,214642,2013-06-30,0.17,0.31,0,NA,2012-01-01,2015-12-31,H3260_v1_5
123717,198919,214642,2013-07-01,0.27,0.42,0.02,NA,2012-01-01,2015-12-31,H3260_v1_5
123717,198919,214642,2013-06-27,0.33,0.47,0.016,NA,2012-01-01,2015-12-31,H3260_v1_5
166730,195999,215547,2013-07-22,0,0.36,0.025,NA,2012-01-01,2015-12-31,H3260_v1_5
123717,198919,214642,2013-07-22,0.17,0.48,0.27,NA,2012-01-01,2015-12-31,H3260_v1_5
228080,215500,183020,2016-10-18,0.52,3,0.13,NA,2016-01-01,2017-12-31,H3260_v1_6
175055,74627,200334,2016-10-12,0.25,0,0,NA,2016-01-01,2017-12-31,H3260_v1_6
103391,189477,197117,2016-10-10,0.22,2.1,0.11,NA,2016-01-01,2017-12-31,H3260_v1_6
124176,204796,204545,2016-10-11,0.11,0.4,0.081,NA,2016-01-01,2017-12-31,H3260_v1_6
123559,185896,209550,2016-10-12,0.2,0.8,0.057,NA,2016-01-01,2017-12-31,H3260_v1_6
38402,197860,216731,2016-10-12,0.18,0.92,0.037,NA,2016-01-01,2017-12-31,H3260_v1_6
73328,188436,209764,2016-10-12,0.15,0,0.26,NA,2016-01-01,2017-12-31,H3260_v1_6
123886,185176,214902,2016-10-13,0.16,2.4,0.049,NA,2016-01-01,2017-12-31,H3260_v1_6
212371,244877,161556,2016-11-03,0.1,5.6,0.42,NA,2016-01-01,2017-12-31,H3260_v1_6
241552,230674,203278,2016-11-07,0.66,5.1,0.051,NA,2016-01-01,2017-12-31,H3260_v1_6
228080,215500,183020,2016-11-22,1.3,2.6,0.17,NA,2016-01-01,2017-12-31,H3260_v1_6
175055,74627,200334,2016-11-09,0.12,0,0,NA,2016-01-01,2017-12-31,H3260_v1_6
103391,189477,197117,2016-11-08,1.3,0.53,0.21,NA,2016-01-01,2017-12-31,H3260_v1_6
123559,185896,209550,2016-11-16,0.41,1,0.089,NA,2016-01-01,2017-12-31,H3260_v1_6
38402,197860,216731,2016-11-16,0.54,1.3,0.085,NA,2016-01-01,2017-12-31,H3260_v1_6
73328,188436,209764,2016-11-16,1.1,1,0.37,NA,2016-01-01,2017-12-31,H3260_v1_6
123886,185176,214902,2016-11-23,0.66,2.5,0.13,NA,2016-01-01,2017-12-31,H3260_v1_6
124176,204796,204545,2016-11-23,0,0.75,0.046,NA,2016-01-01,2017-12-31,H3260_v1_6
212371,244877,161556,2016-12-01,0.4,4.8,0.34,NA,2016-01-01,2017-12-31,H3260_v1_6
228080,215500,183020,2016-12-13,0.89,2.9,0.23,NA,2016-01-01,2017-12-31,H3260_v1_6
175055,74627,200334,2016-12-08,0.11,0,0,NA,2016-01-01,2017-12-31,H3260_v1_6
103391,189477,197117,2016-12-05,1.6,0,0.34,NA,2016-01-01,2017-12-31,H3260_v1_6
124176,204796,204545,2016-12-06,0.81,0.66,0.034,NA,2016-01-01,2017-12-31,H3260_v1_6
123559,185896,209550,2016-12-06,0.69,1.1,0.065,NA,2016-01-01,2017-12-31,H3260_v1_6
123886,185176,214902,2016-12-08,1.4,1.5,0.14,NA,2016-01-01,2017-12-31,H3260_v1_6
123530,183551,208274,2013-07-23,0.27,0.54,0.059,NA,2012-01-01,2015-12-31,H3260_v1_5
33385,183472,213552,2013-07-24,0.38,1.72,0.076,NA,2012-01-01,2015-12-31,H3260_v1_5
206717,208591,210830,2013-07-29,0.18,1.01,0.05,NA,2012-01-01,2015-12-31,H3260_v1_5
45938,206821,205572,2013-07-29,0.21,0.41,0.052,NA,2012-01-01,2015-12-31,H3260_v1_5
219284,87245,207610,2013-08-08,1.29,0.8,0.25,NA,2012-01-01,2015-12-31,H3260_v1_5
111580,184931,233174,2013-08-07,0.21,1.1,0.1,NA,2012-01-01,2015-12-31,H3260_v1_5
38402,197860,216731,2016-12-07,0.32,1.2,0.079,NA,2016-01-01,2017-12-31,H3260_v1_6
73328,188436,209764,2016-12-07,1.1,0,0.36,NA,2016-01-01,2017-12-31,H3260_v1_6
103391,189477,197117,2017-07-12,0.28,0.54,NA,0.029,2016-01-01,2017-12-31,H3260_v1_6
124176,204796,204545,2017-07-13,0.26,0.56,NA,0.071,2016-01-01,2017-12-31,H3260_v1_6
123559,185896,209550,2017-07-19,0.3,0.89,NA,0.05,2016-01-01,2017-12-31,H3260_v1_6
38402,197860,216731,2017-07-19,0.16,0,NA,0.038,2016-01-01,2017-12-31,H3260_v1_6
73328,188436,209764,2017-07-19,0.15,0,NA,0.18,2016-01-01,2017-12-31,H3260_v1_6
212371,244877,161556,2017-07-12,0.42,3.4,NA,0.49,2016-01-01,2017-12-31,H3260_v1_6
241552,230674,203278,2017-07-18,0.38,4.9,NA,0.062,2016-01-01,2017-12-31,H3260_v1_6
123886,185176,214902,2017-07-24,0.32,1.1,NA,0.096,2016-01-01,2017-12-31,H3260_v1_6
40028,185079,234004,2013-08-07,0.14,1.2,0.07,NA,2012-01-01,2015-12-31,H3260_v1_5
104298,175740,237017,2013-08-07,0.66,1.4,0.17,NA,2012-01-01,2015-12-31,H3260_v1_5
213944,236308,191364,2013-08-21,0.11,3,0.05,NA,2012-01-01,2015-12-31,H3260_v1_5
219284,87245,207610,2013-09-05,0,0,0.4,NA,2012-01-01,2015-12-31,H3260_v1_5
255334,228482,216483,2013-08-27,0,1.8,0.055,NA,2012-01-01,2015-12-31,H3260_v1_5
123530,183551,208274,2013-08-20,0.13,0.72,0.06,NA,2012-01-01,2015-12-31,H3260_v1_5
166730,195999,215547,2013-08-21,0,0.58,0.01,NA,2012-01-01,2015-12-31,H3260_v1_5
123717,198919,214642,2013-08-21,0.13,0.44,0.06,NA,2012-01-01,2015-12-31,H3260_v1_5
33385,183472,213552,2013-08-22,0,1.32,0.087,NA,2012-01-01,2015-12-31,H3260_v1_5
206717,208591,210830,2013-08-26,0.141,1.44,0.062,NA,2012-01-01,2015-12-31,H3260_v1_5
45938,206821,205572,2013-08-26,0.17,0.3,0.039,NA,2012-01-01,2015-12-31,H3260_v1_5
111580,184931,233174,2013-09-04,0,2.47,0.057,NA,2012-01-01,2015-12-31,H3260_v1_5
124176,204796,204545,2017-08-08,0.23,0,NA,0.091,2016-01-01,2017-12-31,H3260_v1_6
212371,244877,161556,2017-08-01,0.057,3.1,NA,0.46,2016-01-01,2017-12-31,H3260_v1_6
123559,185896,209550,2017-08-16,0.18,0.45,NA,0.46,2016-01-01,2017-12-31,H3260_v1_6
38402,197860,216731,2017-08-16,0.086,0,NA,0.024,2016-01-01,2017-12-31,H3260_v1_6
73328,188436,209764,2017-08-16,0.21,0.41,NA,0.16,2016-01-01,2017-12-31,H3260_v1_6
123886,185176,214902,2017-08-17,0.18,1.5,NA,0.022,2016-01-01,2017-12-31,H3260_v1_6
228080,215500,183020,2017-08-08,0.29,1.3,NA,0.13,2016-01-01,2017-12-31,H3260_v1_6
204986,244766,184401,2017-08-16,1.8,0,NA,0.3,2016-01-01,2017-12-31,H3260_v1_6
241552,230674,203278,2017-08-22,0.59,5.8,NA,0.047,2016-01-01,2017-12-31,H3260_v1_6
241434,238265,208445,2017-08-22,0.092,4,NA,0.045,2016-01-01,2017-12-31,H3260_v1_6
241620,230392,198127,2017-08-22,0.18,8.3,NA,0.014,2016-01-01,2017-12-31,H3260_v1_6
175055,74627,200334,2017-08-23,0,0,NA,0,2016-01-01,2017-12-31,H3260_v1_6
40028,185079,234004,2013-09-04,0,0,0.022,NA,2012-01-01,2015-12-31,H3260_v1_5
104298,175740,237017,2013-09-04,4.7,3.1,0.068,NA,2012-01-01,2015-12-31,H3260_v1_5
166730,195999,215547,2013-09-17,0,1.02,0.027,NA,2012-01-01,2015-12-31,H3260_v1_5
123717,198919,214642,2013-09-17,0,0.4,0.049,NA,2012-01-01,2015-12-31,H3260_v1_5
123530,183551,208274,2013-09-17,0.37,1.07,0.079,NA,2012-01-01,2015-12-31,H3260_v1_5
33385,183472,213552,2013-09-18,0.13,1.46,0.071,NA,2012-01-01,2015-12-31,H3260_v1_5
206717,208591,210830,2013-09-23,0,1.63,0.022,NA,2012-01-01,2015-12-31,H3260_v1_5
45938,206821,205572,2013-09-23,0.139,0.39,0,NA,2012-01-01,2015-12-31,H3260_v1_5
255334,228482,216483,2013-09-24,0,1.57,0.064,NA,2012-01-01,2015-12-31,H3260_v1_5
219284,87245,207610,2013-10-02,0,2.6,0.26,NA,2012-01-01,2015-12-31,H3260_v1_5
213944,236308,191364,2013-10-15,0,3.4,0.07,NA,2012-01-01,2015-12-31,H3260_v1_5
255334,228482,216483,2013-10-29,0,1.27,0.051,NA,2012-01-01,2015-12-31,H3260_v1_5
111580,184931,233174,2013-10-09,0.116,0.89,0.091,NA,2012-01-01,2015-12-31,H3260_v1_5
228080,215500,183020,2017-09-05,0.27,3,NA,0.11,2016-01-01,2017-12-31,H3260_v1_6
212371,244877,161556,2017-09-12,0.096,3.5,NA,0.33,2016-01-01,2017-12-31,H3260_v1_6
204986,244766,184401,2017-09-18,1.2,0,NA,0.13,2016-01-01,2017-12-31,H3260_v1_6
241620,230392,198127,2017-09-19,0.11,5.6,NA,0.018,2016-01-01,2017-12-31,H3260_v1_6
104298,175740,237017,2013-10-09,0.21,1.92,0.083,NA,2012-01-01,2015-12-31,H3260_v1_5
166730,195999,215547,2013-10-15,0,0.4,0.062,NA,2012-01-01,2015-12-31,H3260_v1_5
123717,198919,214642,2013-10-15,0,0.57,0.091,NA,2012-01-01,2015-12-31,H3260_v1_5
123530,183551,208274,2013-10-15,0.3,0.62,0.129,NA,2012-01-01,2015-12-31,H3260_v1_5
33385,183472,213552,2013-10-16,0.38,2,0.19,NA,2012-01-01,2015-12-31,H3260_v1_5
206717,208591,210830,2013-10-23,0.19,0.99,0.069,NA,2012-01-01,2015-12-31,H3260_v1_5
45938,206821,205572,2013-10-23,0.152,0.41,0.069,NA,2012-01-01,2015-12-31,H3260_v1_5
219284,87245,207610,2013-10-29,0.186,6.7,0.28,NA,2012-01-01,2015-12-31,H3260_v1_5
213944,236308,191364,2013-11-05,0.35,2.41,0.07,NA,2012-01-01,2015-12-31,H3260_v1_5
111580,184931,233174,2013-11-06,0.27,6.7,0.22,NA,2012-01-01,2015-12-31,H3260_v1_5
40028,185079,234004,2013-11-06,0.152,6.4,0.146,NA,2012-01-01,2015-12-31,H3260_v1_5
104298,175740,237017,2013-11-06,0.28,11.7,0.4,NA,2012-01-01,2015-12-31,H3260_v1_5
166730,195999,215547,2013-11-20,0.58,1.14,0.044,NA,2012-01-01,2015-12-31,H3260_v1_5
123717,198919,214642,2013-11-20,0.64,0.79,0.049,NA,2012-01-01,2015-12-31,H3260_v1_5
123530,183551,208274,2013-11-20,0.38,0.97,0.074,NA,2012-01-01,2015-12-31,H3260_v1_5
33385,183472,213552,2013-11-21,0.67,2.64,0.18,NA,2012-01-01,2015-12-31,H3260_v1_5
206717,208591,210830,2013-11-25,0.146,1.39,0.062,NA,2012-01-01,2015-12-31,H3260_v1_5
45938,206821,205572,2013-11-25,0.36,0.54,0.083,NA,2012-01-01,2015-12-31,H3260_v1_5
259130,199929,215582,2017-08-16,0.24,0.41,NA,0.016,2016-01-01,2017-12-31,H3260_v1_6
255415,228750,210246,2017-08-10,0.063,3,NA,0,2016-01-01,2017-12-31,H3260_v1_6
255366,228571,213970,2017-08-10,0.14,1.2,NA,0.046,2016-01-01,2017-12-31,H3260_v1_6
221004,245672,183550,2017-08-16,3.3,0,NA,0.9,2016-01-01,2017-12-31,H3260_v1_6
213910,237472,193248,2017-08-16,0.12,4.5,NA,0.063,2016-01-01,2017-12-31,H3260_v1_6
224666,191216,198580,2017-02-07,0.35,1.8,NA,0.13,2016-01-01,2017-12-31,H3260_v1_6
241434,238265,208445,2017-09-19,0.061,3.6,NA,0.039,2016-01-01,2017-12-31,H3260_v1_6
241552,230674,203278,2017-09-19,0.58,4.1,NA,0.041,2016-01-01,2017-12-31,H3260_v1_6
103391,189477,197117,2017-09-11,0,0.54,NA,0.16,2016-01-01,2017-12-31,H3260_v1_6
124176,204796,204545,2017-09-12,0.26,0.4,NA,0.022,2016-01-01,2017-12-31,H3260_v1_6
228080,215500,183020,2017-02-21,1.1,5.8,NA,0.21,2016-01-01,2017-12-31,H3260_v1_6
212371,244877,161556,2017-03-01,0.27,5.4,NA,0.14,2016-01-01,2017-12-31,H3260_v1_6
103391,189477,197117,2017-03-07,0.46,0.5,NA,0.2,2016-01-01,2017-12-31,H3260_v1_6
213910,237472,193248,2017-02-14,0.25,4.5,NA,0.045,2016-01-01,2017-12-31,H3260_v1_6
221004,245672,183550,2017-02-14,2.3,0,NA,0.19,2016-01-01,2017-12-31,H3260_v1_6
241457,236318,207658,2017-02-15,0.66,5.9,NA,0.067,2016-01-01,2017-12-31,H3260_v1_6
144658,222498,199266,2017-02-20,0.74,19,NA,0,2016-01-01,2017-12-31,H3260_v1_6
124176,204796,204545,2017-03-08,0,1.1,NA,0.062,2016-01-01,2017-12-31,H3260_v1_6
241552,230674,203278,2017-03-07,0.26,5.8,NA,0.044,2016-01-01,2017-12-31,H3260_v1_6
228080,215500,183020,2017-03-14,0.51,4.3,NA,0.091,2016-01-01,2017-12-31,H3260_v1_6
175055,74627,200334,2017-03-16,0,0,NA,0,2016-01-01,2017-12-31,H3260_v1_6
123559,185896,209550,2017-03-15,0.46,1.7,NA,0.073,2016-01-01,2017-12-31,H3260_v1_6
255366,228571,213970,2017-02-21,0.26,2.9,NA,0.034,2016-01-01,2017-12-31,H3260_v1_6
255415,228750,210246,2017-02-21,0.13,5.4,NA,0,2016-01-01,2017-12-31,H3260_v1_6
123478,178983,208404,2017-02-13,0.53,1.5,NA,0.064,2016-01-01,2017-12-31,H3260_v1_6
259130,199929,215582,2017-02-13,0.29,0.93,NA,0.024,2016-01-01,2017-12-31,H3260_v1_6
218390,232321,177163,2017-02-23,0.27,1.5,NA,0.055,2016-01-01,2017-12-31,H3260_v1_6
111617,186904,232114,2017-03-06,NA,4.6,NA,0.13,2016-01-01,2017-12-31,H3260_v1_6
38402,197860,216731,2017-03-15,0.27,1.2,NA,0.05,2016-01-01,2017-12-31,H3260_v1_6
73328,188436,209764,2017-03-15,0.95,1,NA,0.27,2016-01-01,2017-12-31,H3260_v1_6
123886,185176,214902,2017-03-20,0.7,2.7,NA,0.15,2016-01-01,2017-12-31,H3260_v1_6
212371,244877,161556,2017-04-03,0,5,NA,0.16,2016-01-01,2017-12-31,H3260_v1_6
228080,215500,183020,2017-04-04,0.4,2.5,NA,0.16,2016-01-01,2017-12-31,H3260_v1_6
204986,244766,184401,2017-04-10,1.5,0,NA,0.16,2016-01-01,2017-12-31,H3260_v1_6
213944,236308,191364,2013-12-03,0,3.9,0.043,NA,2012-01-01,2015-12-31,H3260_v1_5
255334,228482,216483,2013-11-27,0.156,2.29,0.038,NA,2012-01-01,2015-12-31,H3260_v1_5
111580,184931,233174,2013-12-04,0.75,3.5,0.16,NA,2012-01-01,2015-12-31,H3260_v1_5
104298,175740,237017,2013-12-04,1.06,7.8,0.17,NA,2012-01-01,2015-12-31,H3260_v1_5
166730,195999,215547,2013-12-11,0.61,0.83,0.039,NA,2012-01-01,2015-12-31,H3260_v1_5
123717,198919,214642,2013-12-11,0.36,0.77,0.041,NA,2012-01-01,2015-12-31,H3260_v1_5
103391,189477,197117,2017-04-10,0.5,0,NA,0.27,2016-01-01,2017-12-31,H3260_v1_6
124176,204796,204545,2017-04-11,0.072,0.47,NA,0.099,2016-01-01,2017-12-31,H3260_v1_6
123559,185896,209550,2017-04-13,0.23,0.98,NA,0.063,2016-01-01,2017-12-31,H3260_v1_6
38402,197860,216731,2017-04-13,0.29,0.7,NA,0.045,2016-01-01,2017-12-31,H3260_v1_6
73328,188436,209764,2017-04-13,0.78,0.47,NA,0.28,2016-01-01,2017-12-31,H3260_v1_6
241552,230674,203278,2017-04-11,0.41,5.7,NA,0.053,2016-01-01,2017-12-31,H3260_v1_6
241434,238265,208445,2017-04-11,0.16,5.8,NA,0.049,2016-01-01,2017-12-31,H3260_v1_6
241620,230392,198127,2017-04-11,0.083,8,NA,0.018,2016-01-01,2017-12-31,H3260_v1_6
224975,210560,206194,2017-03-07,0.18,1.4,NA,0.082,2016-01-01,2017-12-31,H3260_v1_6
206652,203131,209305,2017-03-07,0.28,1.7,NA,0.054,2016-01-01,2017-12-31,H3260_v1_6
224666,191216,198580,2017-03-07,0.46,1.6,NA,0.14,2016-01-01,2017-12-31,H3260_v1_6
255415,228750,210246,2017-03-07,0.18,5.4,NA,0.02,2016-01-01,2017-12-31,H3260_v1_6
175055,74627,200334,2017-04-13,0.085,0,NA,0,2016-01-01,2017-12-31,H3260_v1_6
123886,185176,214902,2017-04-18,0.75,1.3,NA,0.13,2016-01-01,2017-12-31,H3260_v1_6
175055,74627,200334,2017-05-11,0.06,0,NA,0,2016-01-01,2017-12-31,H3260_v1_6
228080,215500,183020,2017-05-03,1.4,3.9,NA,0.28,2016-01-01,2017-12-31,H3260_v1_6
255366,228571,213970,2017-03-07,0.19,3.6,NA,0.035,2016-01-01,2017-12-31,H3260_v1_6
144658,222498,199266,2017-03-21,NA,14.2,NA,0.034,2016-01-01,2017-12-31,H3260_v1_6
218390,232321,177163,2017-03-15,0.53,1.6,NA,0.022,2016-01-01,2017-12-31,H3260_v1_6
255366,228571,213970,2017-03-22,0.43,4.2,NA,0.053,2016-01-01,2017-12-31,H3260_v1_6
255415,228750,210246,2017-03-22,0.23,6.7,NA,0.022,2016-01-01,2017-12-31,H3260_v1_6
259130,199929,215582,2017-03-15,0.27,1.1,NA,0.023,2016-01-01,2017-12-31,H3260_v1_6
212371,244877,161556,2017-05-09,0.33,4.6,NA,0.37,2016-01-01,2017-12-31,H3260_v1_6
241552,230674,203278,2017-05-10,0.54,5.6,NA,0.048,2016-01-01,2017-12-31,H3260_v1_6
103391,189477,197117,2017-05-09,0.65,0.5,NA,0.26,2016-01-01,2017-12-31,H3260_v1_6
124176,204796,204545,2017-05-10,0.18,0.47,NA,0.079,2016-01-01,2017-12-31,H3260_v1_6
123559,185896,209550,2017-05-15,0.18,0.73,NA,0.061,2016-01-01,2017-12-31,H3260_v1_6
38402,197860,216731,2017-05-15,0.11,0.43,NA,0.031,2016-01-01,2017-12-31,H3260_v1_6
73328,188436,209764,2017-05-15,1.3,0.59,NA,0.28,2016-01-01,2017-12-31,H3260_v1_6
218803,250356,161314,2017-04-03,0.16,7,NA,0.11,2016-01-01,2017-12-31,H3260_v1_6
38434,200014,218405,2017-03-29,NA,1.1,NA,0.04,2016-01-01,2017-12-31,H3260_v1_6
84207,151545,223322,2017-03-30,NA,0.96,NA,0.012,2016-01-01,2017-12-31,H3260_v1_6
213910,237472,193248,2017-04-10,0,4.5,NA,0.053,2016-01-01,2017-12-31,H3260_v1_6
221004,245672,183550,2017-04-10,1.9,2.4,NA,0.23,2016-01-01,2017-12-31,H3260_v1_6
255366,228571,213970,2017-04-13,0.088,3.5,NA,0.025,2016-01-01,2017-12-31,H3260_v1_6
255415,228750,210246,2017-04-13,0,6.6,NA,0,2016-01-01,2017-12-31,H3260_v1_6
111617,186904,232114,2017-04-06,0.47,1.9,NA,0.041,2016-01-01,2017-12-31,H3260_v1_6
123886,185176,214902,2017-05-16,0.77,0.84,NA,0.12,2016-01-01,2017-12-31,H3260_v1_6
228080,215500,183020,2017-06-07,0.4,2.7,NA,0.17,2016-01-01,2017-12-31,H3260_v1_6
212371,244877,161556,2017-06-13,0.089,3.7,NA,0.48,2016-01-01,2017-12-31,H3260_v1_6
175055,74627,200334,2017-06-15,0.076,0,NA,0,2016-01-01,2017-12-31,H3260_v1_6
103391,189477,197117,2017-06-12,0.24,1.1,NA,0.13,2016-01-01,2017-12-31,H3260_v1_6
124176,204796,204545,2017-06-13,0.12,0,NA,0.1,2016-01-01,2017-12-31,H3260_v1_6
224975,210560,206194,2017-04-10,0,1,NA,0.064,2016-01-01,2017-12-31,H3260_v1_6
206652,203131,209305,2017-04-10,0.16,1.7,NA,0.043,2016-01-01,2017-12-31,H3260_v1_6
224666,191216,198580,2017-04-10,0.098,1.5,NA,0.11,2016-01-01,2017-12-31,H3260_v1_6
123478,178983,208404,2017-04-13,0.27,1.2,NA,0.074,2016-01-01,2017-12-31,H3260_v1_6
259130,199929,215582,2017-04-13,0.31,0.99,NA,0.014,2016-01-01,2017-12-31,H3260_v1_6
241552,230674,203278,2017-06-20,0.34,4.9,NA,0.051,2016-01-01,2017-12-31,H3260_v1_6
241620,230392,198127,2017-06-20,0.068,9.2,NA,0.018,2016-01-01,2017-12-31,H3260_v1_6
241434,238265,208445,2017-06-20,0.085,4.7,NA,0.046,2016-01-01,2017-12-31,H3260_v1_6
123559,185896,209550,2017-06-19,0.1,0.63,NA,0.056,2016-01-01,2017-12-31,H3260_v1_6
38402,197860,216731,2017-06-19,0.25,0,NA,0.021,2016-01-01,2017-12-31,H3260_v1_6
73328,188436,209764,2017-06-19,0.12,0,NA,0.13,2016-01-01,2017-12-31,H3260_v1_6
241457,236318,207658,2017-04-11,0.15,5.3,NA,0.056,2016-01-01,2017-12-31,H3260_v1_6
218390,232321,177163,2017-04-19,0.19,1.6,NA,0.022,2016-01-01,2017-12-31,H3260_v1_6
144658,222498,199266,2017-04-25,0.66,18.2,NA,0,2016-01-01,2017-12-31,H3260_v1_6
255415,228750,210246,2017-04-26,0.05,5.9,NA,0,2016-01-01,2017-12-31,H3260_v1_6
255366,228571,213970,2017-04-26,0.092,3.1,NA,0.031,2016-01-01,2017-12-31,H3260_v1_6
218390,232321,177163,2017-05-02,0.19,1.5,NA,0.018,2016-01-01,2017-12-31,H3260_v1_6
255415,228750,210246,2017-05-09,0,5.4,NA,0,2016-01-01,2017-12-31,H3260_v1_6
255366,228571,213970,2017-05-09,0.12,2.8,NA,0.028,2016-01-01,2017-12-31,H3260_v1_6
111617,186904,232114,2017-05-08,NA,1.2,NA,0.053,2016-01-01,2017-12-31,H3260_v1_6
224975,210560,206194,2017-05-09,0.19,0.84,NA,0.068,2016-01-01,2017-12-31,H3260_v1_6
123886,185176,214902,2017-06-20,0.091,1.3,NA,0.054,2016-01-01,2017-12-31,H3260_v1_6
228080,215500,183020,2017-07-04,0.37,3.5,NA,0.12,2016-01-01,2017-12-31,H3260_v1_6
123559,185896,209550,2017-11-20,0.49,1.1,NA,0.076,2016-01-01,2017-12-31,H3260_v1_6
38402,197860,216731,2017-11-20,0.27,0.65,NA,0.07,2016-01-01,2017-12-31,H3260_v1_6
73328,188436,209764,2017-11-20,1,0.52,NA,0.34,2016-01-01,2017-12-31,H3260_v1_6
123886,185176,214902,2017-11-21,2.5,4.2,NA,0.052,2016-01-01,2017-12-31,H3260_v1_6
241552,230674,203278,2017-12-06,0.73,5.8,NA,0.029,2016-01-01,2017-12-31,H3260_v1_6
206652,203131,209305,2017-05-09,0.3,1.6,NA,0.031,2016-01-01,2017-12-31,H3260_v1_6
224666,191216,198580,2017-05-09,0.11,1.6,NA,0.11,2016-01-01,2017-12-31,H3260_v1_6
259130,199929,215582,2017-05-15,0.1,0.92,NA,0.018,2016-01-01,2017-12-31,H3260_v1_6
144658,222498,199266,2017-05-22,NA,17.8,NA,0.01,2016-01-01,2017-12-31,H3260_v1_6
255415,228750,210246,2017-05-23,0.14,4.8,NA,0,2016-01-01,2017-12-31,H3260_v1_6
212371,244877,161556,2017-12-04,0.28,5.9,NA,0.13,2016-01-01,2017-12-31,H3260_v1_6
228080,215500,183020,2017-12-12,0.56,3,NA,0.057,2016-01-01,2017-12-31,H3260_v1_6
124176,204796,204545,2017-12-05,0.12,0.92,NA,0.033,2016-01-01,2017-12-31,H3260_v1_6
103391,189477,197117,2017-12-06,0.44,0.66,NA,0.15,2016-01-01,2017-12-31,H3260_v1_6
255366,228571,213970,2017-05-23,0.15,2.7,NA,0.037,2016-01-01,2017-12-31,H3260_v1_6
218390,232321,177163,2017-06-12,0.26,1.7,NA,0.052,2016-01-01,2017-12-31,H3260_v1_6
218803,250356,161314,2017-06-13,0.2,7.1,NA,0.13,2016-01-01,2017-12-31,H3260_v1_6
213910,237472,193248,2017-06-19,0.094,4.3,NA,0.073,2016-01-01,2017-12-31,H3260_v1_6
221004,245672,183550,2017-06-19,2.8,0.8,NA,0.84,2016-01-01,2017-12-31,H3260_v1_6
111617,186904,232114,2017-06-08,0.31,0.87,NA,0.07,2016-01-01,2017-12-31,H3260_v1_6
38434,200014,218405,2017-05-31,NA,0.61,NA,0.041,2016-01-01,2017-12-31,H3260_v1_6
84207,151545,223322,2017-05-31,NA,0,NA,0,2016-01-01,2017-12-31,H3260_v1_6
123886,185176,214902,2017-12-12,2.1,3,NA,0.067,2016-01-01,2017-12-31,H3260_v1_6
123559,185896,209550,2017-12-13,0.52,2.2,NA,0.067,2016-01-01,2017-12-31,H3260_v1_6
38402,197860,216731,2017-12-13,0.39,1.9,NA,0.068,2016-01-01,2017-12-31,H3260_v1_6
73328,188436,209764,2017-12-13,0.46,1.3,NA,0.19,2016-01-01,2017-12-31,H3260_v1_6
212371,244877,161556,2018-01-09,0.21,6.4,NA,NA,2018-01-01,2018-12-31,H3260_v1_7
175055,74627,200334,2018-01-22,0.28,0.58,NA,NA,2018-01-01,2018-12-31,H3260_v1_7
255415,228750,210246,2017-06-08,0.24,3.9,NA,0.01,2016-01-01,2017-12-31,H3260_v1_6
255366,228571,213970,2017-06-08,0.16,2,NA,0.042,2016-01-01,2017-12-31,H3260_v1_6
224975,210560,206194,2017-06-12,0.11,0.92,NA,0.11,2016-01-01,2017-12-31,H3260_v1_6
206652,203131,209305,2017-06-12,0.13,1.2,NA,0.027,2016-01-01,2017-12-31,H3260_v1_6
224666,191216,198580,2017-06-12,0.098,1,NA,0.088,2016-01-01,2017-12-31,H3260_v1_6
241457,236318,207658,2017-06-20,0.089,4.8,NA,0.053,2016-01-01,2017-12-31,H3260_v1_6
144658,222498,199266,2017-06-21,0.52,23.5,NA,0,2016-01-01,2017-12-31,H3260_v1_6
255366,228571,213970,2017-06-22,0.11,1.4,NA,0.056,2016-01-01,2017-12-31,H3260_v1_6
255415,228750,210246,2017-06-22,0.056,2.4,NA,0.01,2016-01-01,2017-12-31,H3260_v1_6
123478,178983,208404,2017-06-19,0.076,1.6,NA,0.049,2016-01-01,2017-12-31,H3260_v1_6
259130,199929,215582,2017-06-19,0.23,0.46,NA,0.023,2016-01-01,2017-12-31,H3260_v1_6
218390,232321,177163,2017-07-05,0.22,1.2,NA,0.034,2016-01-01,2017-12-31,H3260_v1_6
123729,199875,214338,2017-06-16,0.094,0,NA,0,2016-01-01,2017-12-31,H3260_v1_6
123729,199875,214338,2017-06-19,0.093,0,NA,0,2016-01-01,2017-12-31,H3260_v1_6
255415,228750,210246,2017-11-07,0.19,3.5,NA,0,2016-01-01,2017-12-31,H3260_v1_6
255366,228571,213970,2017-11-07,0.2,1.9,NA,0.01,2016-01-01,2017-12-31,H3260_v1_6
123478,178983,208404,2017-11-20,0.54,1.3,NA,0.074,2016-01-01,2017-12-31,H3260_v1_6
123530,183551,208274,2013-12-11,0.38,1.03,0.089,NA,2012-01-01,2015-12-31,H3260_v1_5
33385,183472,213552,2013-12-11,0.47,1.39,0.153,NA,2012-01-01,2015-12-31,H3260_v1_5
206717,208591,210830,2013-12-12,0.22,1.24,0.051,NA,2012-01-01,2015-12-31,H3260_v1_5
45938,206821,205572,2013-12-12,0.39,0.54,0.076,NA,2012-01-01,2015-12-31,H3260_v1_5
255334,228482,216483,2013-12-18,0.19,1.96,0.067,NA,2012-01-01,2015-12-31,H3260_v1_5
111580,184931,233174,2014-01-08,1.16,4.8,0.32,NA,2012-01-01,2015-12-31,H3260_v1_5
40028,185079,234004,2014-01-08,0.26,6.1,0.084,NA,2012-01-01,2015-12-31,H3260_v1_5
104298,175740,237017,2014-01-08,0.79,7.3,0.17,NA,2012-01-01,2015-12-31,H3260_v1_5
45938,206821,205572,2014-01-14,0.4,0.6,0.087,NA,2012-01-01,2015-12-31,H3260_v1_5
206717,208591,210830,2014-01-14,0.23,1.7,0.056,NA,2012-01-01,2015-12-31,H3260_v1_5
219284,87245,207610,2014-01-20,0.27,5.3,0.107,NA,2012-01-01,2015-12-31,H3260_v1_5
123717,198919,214642,2014-01-16,0.32,1.01,0.071,NA,2012-01-01,2015-12-31,H3260_v1_5
123530,183551,208274,2014-01-16,0.62,1.25,0.094,NA,2012-01-01,2015-12-31,H3260_v1_5
123453,177170,209314,2014-01-16,0.57,1.28,0.098,NA,2012-01-01,2015-12-31,H3260_v1_5
166730,195999,215547,2014-01-16,0.66,1.02,0.056,NA,2012-01-01,2015-12-31,H3260_v1_5
33385,183472,213552,2014-01-22,0.45,1.56,0.127,NA,2012-01-01,2015-12-31,H3260_v1_5
111580,184931,233174,2014-02-05,0.94,6.1,0.153,NA,2012-01-01,2015-12-31,H3260_v1_5
40028,185079,234004,2014-02-05,0.25,8,0.048,NA,2012-01-01,2015-12-31,H3260_v1_5
104298,175740,237017,2014-02-05,1.84,9.5,0.119,NA,2012-01-01,2015-12-31,H3260_v1_5
241605,230272,199364,2014-02-17,3.1,6.4,0.31,NA,2012-01-01,2015-12-31,H3260_v1_5
45938,206821,205572,2014-02-10,0.34,0.73,0.088,NA,2012-01-01,2015-12-31,H3260_v1_5
206717,208591,210830,2014-02-10,0.224,1.61,0.056,NA,2012-01-01,2015-12-31,H3260_v1_5
33385,183472,213552,2014-02-12,1.57,2.8,0.108,NA,2012-01-01,2015-12-31,H3260_v1_5
123717,198919,214642,2014-02-13,0,1.53,0.075,NA,2012-01-01,2015-12-31,H3260_v1_5
123530,183551,208274,2014-02-13,0.62,1.62,0.093,NA,2012-01-01,2015-12-31,H3260_v1_5
123453,177170,209314,2014-02-13,0.54,1.83,0.094,NA,2012-01-01,2015-12-31,H3260_v1_5
166730,195999,215547,2014-02-13,0.58,1.11,0.023,NA,2012-01-01,2015-12-31,H3260_v1_5
238570,223718,213525,2014-02-26,0.226,5.9,0.087,NA,2012-01-01,2015-12-31,H3260_v1_5
111580,184931,233174,2014-03-05,0.79,3.4,0.093,NA,2012-01-01,2015-12-31,H3260_v1_5
40028,185079,234004,2014-03-05,0.223,6.6,0.043,NA,2012-01-01,2015-12-31,H3260_v1_5
104298,175740,237017,2014-03-05,0.86,5.4,0.102,NA,2012-01-01,2015-12-31,H3260_v1_5
219284,87245,207610,2014-03-11,0.44,2.6,0.112,NA,2012-01-01,2015-12-31,H3260_v1_5
45938,206821,205572,2014-03-10,0.218,0.56,0.109,NA,2012-01-01,2015-12-31,H3260_v1_5
206717,208591,210830,2014-03-10,0.19,1.61,0.035,NA,2012-01-01,2015-12-31,H3260_v1_5
33385,183472,213552,2014-03-11,0.3,1.64,0.083,NA,2012-01-01,2015-12-31,H3260_v1_5
123717,198919,214642,2014-03-12,0.45,1.04,0.022,NA,2012-01-01,2015-12-31,H3260_v1_5
123530,183551,208274,2014-03-12,0.5,1.27,0.07,NA,2012-01-01,2015-12-31,H3260_v1_5
123453,177170,209314,2014-03-12,0.43,1.35,0.074,NA,2012-01-01,2015-12-31,H3260_v1_5
166730,195999,215547,2014-03-12,0.31,0.96,0.033,NA,2012-01-01,2015-12-31,H3260_v1_5
111580,184931,233174,2014-04-02,0.64,1.79,0.06,NA,2012-01-01,2015-12-31,H3260_v1_5
40028,185079,234004,2014-04-02,0.106,4.6,0.047,NA,2012-01-01,2015-12-31,H3260_v1_5
104298,175740,237017,2014-04-02,1.11,2.57,0.115,NA,2012-01-01,2015-12-31,H3260_v1_5
45938,206821,205572,2014-04-09,0,0.63,0.084,NA,2012-01-01,2015-12-31,H3260_v1_5
206717,208591,210830,2014-04-09,0,1.65,0.021,NA,2012-01-01,2015-12-31,H3260_v1_5
33385,183472,213552,2014-04-14,0,0.97,0.027,NA,2012-01-01,2015-12-31,H3260_v1_5
123717,198919,214642,2014-04-15,0.171,0.68,0,NA,2012-01-01,2015-12-31,H3260_v1_5
123530,183551,208274,2014-04-15,0.21,0.75,0.042,NA,2012-01-01,2015-12-31,H3260_v1_5
123453,177170,209314,2014-04-15,0,0.79,0.038,NA,2012-01-01,2015-12-31,H3260_v1_5
166730,195999,215547,2014-04-15,0.28,0.75,0.025,NA,2012-01-01,2015-12-31,H3260_v1_5
241605,230272,199364,2014-04-15,5.3,6.5,0.52,NA,2012-01-01,2015-12-31,H3260_v1_5
238570,223718,213525,2014-04-29,0.224,4.6,0.16,NA,2012-01-01,2015-12-31,H3260_v1_5
111580,184931,233174,2014-05-07,1.58,0.96,0.136,NA,2012-01-01,2015-12-31,H3260_v1_5
40028,185079,234004,2014-05-07,0.162,1.57,0.038,NA,2012-01-01,2015-12-31,H3260_v1_5
104298,175740,237017,2014-05-07,2.9,1.38,0.18,NA,2012-01-01,2015-12-31,H3260_v1_5
33385,183472,213552,2014-05-13,1.58,3.1,0.094,NA,2012-01-01,2015-12-31,H3260_v1_5
123717,198919,214642,2014-05-14,0,0.45,0.017,NA,2012-01-01,2015-12-31,H3260_v1_5
123530,183551,208274,2014-05-14,0.9,1.23,0.087,NA,2012-01-01,2015-12-31,H3260_v1_5
123453,177170,209314,2014-05-14,1.03,1.22,0.096,NA,2012-01-01,2015-12-31,H3260_v1_5
166730,195999,215547,2014-05-14,0.75,1.4,0.21,NA,2012-01-01,2015-12-31,H3260_v1_5
45938,206821,205572,2014-05-15,0.21,0.7,0.094,NA,2012-01-01,2015-12-31,H3260_v1_5
206717,208591,210830,2014-05-15,0.162,1.32,0.054,NA,2012-01-01,2015-12-31,H3260_v1_5
238570,223718,213525,2014-06-24,0.24,4.2,0.26,NA,2012-01-01,2015-12-31,H3260_v1_5
111580,184931,233174,2014-06-04,0.27,1.16,0.108,NA,2012-01-01,2015-12-31,H3260_v1_5
104298,175740,237017,2013-04-03,1.25,2.24,0.148,NA,2012-01-01,2015-12-31,H3260_v1_5
166730,195999,215547,2013-04-16,0.31,0.84,0.024,NA,2012-01-01,2015-12-31,H3260_v1_5
123717,198919,214642,2013-04-16,0.133,0.67,0,NA,2012-01-01,2015-12-31,H3260_v1_5
123530,183551,208274,2013-04-16,0.68,1.14,0.051,NA,2012-01-01,2015-12-31,H3260_v1_5
259130,199929,215582,2017-11-20,0.18,0.65,NA,0.022,2016-01-01,2017-12-31,H3260_v1_6
218803,250356,161314,2014-06-11,0.29,6.4,0.19,NA,2012-01-01,2015-12-31,H3260_v1_5
144658,222498,199266,2014-06-18,0.52,29,0,NA,2012-01-01,2015-12-31,H3260_v1_5
238572,223886,213548,2014-06-24,0.109,3.9,0.036,NA,2012-01-01,2015-12-31,H3260_v1_5
238649,224674,207481,2018-01-23,0.37,6.4,NA,NA,2018-01-01,2018-12-31,H3260_v1_7
203454,200579,184451,2018-01-31,0.15,1.5,NA,NA,2018-01-01,2018-12-31,H3260_v1_7
249683,208625,203839,2018-01-22,0.31,2.6,NA,NA,2018-01-01,2018-12-31,H3260_v1_7
169151,161052,157603,2018-01-18,1.3,4.6,NA,NA,2018-01-01,2018-12-31,H3260_v1_7
103391,189477,197117,2018-01-23,0.44,0.6,NA,NA,2018-01-01,2018-12-31,H3260_v1_7
203454,200579,184451,2014-07-30,0.41,0.184,0.102,NA,2012-01-01,2015-12-31,H3260_v1_5
123559,185896,209550,2015-08-04,0.13,0.61,0.02,NA,2012-01-01,2015-12-31,H3260_v1_5
111617,186904,232114,2014-06-04,0.53,0.91,0.18,NA,2012-01-01,2015-12-31,H3260_v1_5
224975,210560,206194,2014-06-10,0,0.56,0.056,NA,2012-01-01,2015-12-31,H3260_v1_5
206652,203131,209305,2014-06-10,0,1.27,0.044,NA,2012-01-01,2015-12-31,H3260_v1_5
38402,197860,216731,2015-08-06,0,0,0.01,NA,2012-01-01,2015-12-31,H3260_v1_5
203454,200579,184451,2015-08-18,1,0.57,0.13,NA,2012-01-01,2015-12-31,H3260_v1_5
255415,228750,210246,2014-06-25,0,3.3,0,NA,2012-01-01,2015-12-31,H3260_v1_5
144658,222498,199266,2014-07-30,1.8,2.12,1.22,NA,2012-01-01,2015-12-31,H3260_v1_5
79222,170592,207939,2015-08-04,0.07,0,0.031,NA,2012-01-01,2015-12-31,H3260_v1_5
113035,195774,210763,2015-08-06,0.087,0,0,NA,2012-01-01,2015-12-31,H3260_v1_5
224975,210560,206194,2015-08-13,0,0.88,0,NA,2012-01-01,2015-12-31,H3260_v1_5
206652,203131,209305,2015-08-13,0,1.2,0.032,NA,2012-01-01,2015-12-31,H3260_v1_5
212371,244877,161556,2015-09-01,0.24,4,0.44,NA,2012-01-01,2015-12-31,H3260_v1_5
114568,228223,179702,2015-09-02,0.27,0.8,0,NA,2012-01-01,2015-12-31,H3260_v1_5
123559,185896,209550,2015-09-09,0.12,0.77,0.028,NA,2012-01-01,2015-12-31,H3260_v1_5
103391,189477,197117,2015-09-10,0,1.6,0.068,NA,2012-01-01,2015-12-31,H3260_v1_5
255415,228750,210246,2015-08-19,0,4,0.018,NA,2012-01-01,2015-12-31,H3260_v1_5
144658,222498,199266,2015-08-25,0.83,27,0.013,NA,2012-01-01,2015-12-31,H3260_v1_5
218803,250356,161314,2015-09-01,0.44,4.4,0.32,NA,2012-01-01,2015-12-31,H3260_v1_5
114570,228433,179509,2015-09-02,0.22,0.72,0,NA,2012-01-01,2015-12-31,H3260_v1_5
79222,170592,207939,2015-09-09,0,0,0.18,NA,2012-01-01,2015-12-31,H3260_v1_5
224975,210560,206194,2015-09-10,0,0.98,0.047,NA,2012-01-01,2015-12-31,H3260_v1_5
206652,203131,209305,2015-09-10,0,1.2,0.017,NA,2012-01-01,2015-12-31,H3260_v1_5
255415,228750,210246,2015-09-28,0,4,0.013,NA,2012-01-01,2015-12-31,H3260_v1_5
144658,222498,199266,2015-09-29,0.28,36,0,NA,2012-01-01,2015-12-31,H3260_v1_5
113035,195774,210763,2015-09-14,0.18,0.64,0.017,NA,2012-01-01,2015-12-31,H3260_v1_5
38402,197860,216731,2015-09-14,0.071,0.47,0.023,NA,2012-01-01,2015-12-31,H3260_v1_5
203454,200579,184451,2015-09-21,0.46,0.97,0.076,NA,2012-01-01,2015-12-31,H3260_v1_5
123559,185896,209550,2015-10-01,0.1,0.87,0.041,NA,2012-01-01,2015-12-31,H3260_v1_5
144658,222498,199266,2015-10-27,NA,34,0,NA,2012-01-01,2015-12-31,H3260_v1_5
224975,210560,206194,2015-10-19,0,0.84,0.064,NA,2012-01-01,2015-12-31,H3260_v1_5
206652,203131,209305,2015-10-19,0.079,1.2,0.027,NA,2012-01-01,2015-12-31,H3260_v1_5
114570,228433,179509,2015-11-09,0.23,0.6,0,NA,2012-01-01,2015-12-31,H3260_v1_5
218803,250356,161314,2015-11-16,0.19,6.5,0.21,NA,2012-01-01,2015-12-31,H3260_v1_5
212371,244877,161556,2015-10-06,0.21,5,0.47,NA,2012-01-01,2015-12-31,H3260_v1_5
38402,197860,216731,2015-10-06,0.17,0.74,0.032,NA,2012-01-01,2015-12-31,H3260_v1_5
203454,200579,184451,2015-10-26,0.43,1.4,0.053,NA,2012-01-01,2015-12-31,H3260_v1_5
255415,228750,210246,2015-11-23,0.23,4.2,0.02,NA,2012-01-01,2015-12-31,H3260_v1_5
144658,222498,199266,2015-11-24,0.69,21,0,NA,2012-01-01,2015-12-31,H3260_v1_5
113035,195774,210763,2015-11-10,0.29,0,0.025,NA,2012-01-01,2015-12-31,H3260_v1_5
103391,189477,197117,2015-10-19,0.63,1.1,0.14,NA,2012-01-01,2015-12-31,H3260_v1_5
114568,228223,179702,2015-11-09,0.19,0.55,0.011,NA,2012-01-01,2015-12-31,H3260_v1_5
212371,244877,161556,2015-11-16,0.14,3.8,0.41,NA,2012-01-01,2015-12-31,H3260_v1_5
79222,170592,207939,2015-11-12,0.12,0,0.027,NA,2012-01-01,2015-12-31,H3260_v1_5
224975,210560,206194,2015-11-16,0.12,0.4,0.1,NA,2012-01-01,2015-12-31,H3260_v1_5
206652,203131,209305,2015-11-16,0.16,1.5,0.04,NA,2012-01-01,2015-12-31,H3260_v1_5
111617,186904,232114,2015-11-23,NA,3.1,0.056,NA,2012-01-01,2015-12-31,H3260_v1_5
84207,151545,223322,2015-11-26,NA,0.6,0.069,NA,2012-01-01,2015-12-31,H3260_v1_5
203454,200579,184451,2015-11-25,0.93,1.4,0.11,NA,2012-01-01,2015-12-31,H3260_v1_5
38402,197860,216731,2015-11-10,0.16,0,0.05,NA,2012-01-01,2015-12-31,H3260_v1_5
123559,185896,209550,2015-11-12,0.84,1.3,0.063,NA,2012-01-01,2015-12-31,H3260_v1_5
212371,244877,161556,2015-12-01,0.13,4.8,0.23,NA,2012-01-01,2015-12-31,H3260_v1_5
103391,189477,197117,2015-11-16,0,0,0.083,NA,2012-01-01,2015-12-31,H3260_v1_5
38434,200014,218405,2015-11-30,NA,0.95,0.27,NA,2012-01-01,2015-12-31,H3260_v1_5
144658,222498,199266,2015-12-15,NA,21,0,NA,2012-01-01,2015-12-31,H3260_v1_5
224975,210560,206194,2015-12-09,0.18,0.82,0.082,NA,2012-01-01,2015-12-31,H3260_v1_5
206652,203131,209305,2015-12-10,0.22,1.2,0.044,NA,2012-01-01,2015-12-31,H3260_v1_5
224975,210560,206194,2016-01-14,0.13,1.1,0.096,NA,2016-01-01,2017-12-31,H3260_v1_6
206652,203131,209305,2016-01-14,0.25,1.3,0.06,NA,2016-01-01,2017-12-31,H3260_v1_6
203454,200579,184451,2015-12-07,0.5,1.8,0.19,NA,2012-01-01,2015-12-31,H3260_v1_5
123559,185896,209550,2015-12-03,0.45,2.1,0.11,NA,2012-01-01,2015-12-31,H3260_v1_5
38402,197860,216731,2015-12-09,0.25,0.86,0.059,NA,2012-01-01,2015-12-31,H3260_v1_5
144658,222498,199266,2016-01-27,NA,17,0.026,NA,2016-01-01,2017-12-31,H3260_v1_6
84207,151545,223322,2016-01-20,NA,1.2,0.042,NA,2016-01-01,2017-12-31,H3260_v1_6
38434,200014,218405,2016-01-25,NA,2.1,0.046,NA,2016-01-01,2017-12-31,H3260_v1_6
103391,189477,197117,2015-12-10,0.69,0.45,0.21,NA,2012-01-01,2015-12-31,H3260_v1_5
124176,204796,204545,2016-01-14,0.086,1.2,0.071,NA,2016-01-01,2017-12-31,H3260_v1_6
212371,244877,161556,2016-01-14,0.18,4.9,0.16,NA,2016-01-01,2017-12-31,H3260_v1_6
228080,215500,183020,2016-01-19,0.85,4.5,0.069,NA,2016-01-01,2017-12-31,H3260_v1_6
103391,189477,197117,2016-01-20,0.88,0,0.25,NA,2016-01-01,2017-12-31,H3260_v1_6
123559,185896,209550,2016-01-21,0.47,2,0.069,NA,2016-01-01,2017-12-31,H3260_v1_6
111617,186904,232114,2016-01-26,NA,5.7,0.074,NA,2016-01-01,2017-12-31,H3260_v1_6
255415,228750,210246,2016-02-08,0.14,4.2,0.032,NA,2016-01-01,2017-12-31,H3260_v1_6
144658,222498,199266,2016-02-09,0.48,11,0.11,NA,2016-01-01,2017-12-31,H3260_v1_6
224975,210560,206194,2016-02-08,0.1,0.96,0.09,NA,2016-01-01,2017-12-31,H3260_v1_6
206652,203131,209305,2016-02-08,0.23,1,0.054,NA,2016-01-01,2017-12-31,H3260_v1_6
224666,191216,198580,2016-02-08,0.48,1.4,0.2,NA,2016-01-01,2017-12-31,H3260_v1_6
38402,197860,216731,2016-01-21,0.31,1.2,0.051,NA,2016-01-01,2017-12-31,H3260_v1_6
212371,244877,161556,2016-02-01,0.13,4.9,0.16,NA,2016-01-01,2017-12-31,H3260_v1_6
241552,230674,203278,2016-02-02,0.57,6.4,0.066,NA,2016-01-01,2017-12-31,H3260_v1_6
123886,185176,214902,2016-01-25,0.83,2.4,0.14,NA,2016-01-01,2017-12-31,H3260_v1_6
124176,204796,204545,2016-02-04,0.12,1.3,0.074,NA,2016-01-01,2017-12-31,H3260_v1_6
33385,183472,213552,2013-04-17,0.34,1.07,0.084,NA,2012-01-01,2015-12-31,H3260_v1_5
213944,236308,191364,2013-04-23,0.148,3.1,0,NA,2012-01-01,2015-12-31,H3260_v1_5
255334,228482,216483,2013-04-29,0.129,3.2,0.029,NA,2012-01-01,2015-12-31,H3260_v1_5
206717,208591,210830,2013-04-24,0.26,1.8,0.033,NA,2012-01-01,2015-12-31,H3260_v1_5
45938,206821,205572,2013-04-24,0.28,0.96,0.068,NA,2012-01-01,2015-12-31,H3260_v1_5
175055,74627,200334,2016-02-17,0.104,0.79,0.014,NA,2016-01-01,2017-12-31,H3260_v1_6
103391,189477,197117,2016-02-09,0.62,0.75,0.25,NA,2016-01-01,2017-12-31,H3260_v1_6
123559,185896,209550,2016-02-10,0.47,2.3,0.18,NA,2016-01-01,2017-12-31,H3260_v1_6
38402,197860,216731,2016-02-10,0.24,2.2,0.1,NA,2016-01-01,2017-12-31,H3260_v1_6
73328,188436,209764,2016-02-10,0.32,2.3,0.28,NA,2016-01-01,2017-12-31,H3260_v1_6
228080,215500,183020,2016-02-16,0.83,3.9,0.097,NA,2016-01-01,2017-12-31,H3260_v1_6
238649,224674,207481,2018-04-24,0.23,4.7,NA,NA,2018-01-01,2018-12-31,H3260_v1_7
238572,223886,213548,2018-04-24,0.26,4.7,NA,NA,2018-01-01,2018-12-31,H3260_v1_7
255366,228571,213970,2018-04-25,0.16,3.2,NA,NA,2018-01-01,2018-12-31,H3260_v1_7
255415,228750,210246,2018-04-25,0.056,5.8,NA,NA,2018-01-01,2018-12-31,H3260_v1_7
221004,245672,183550,2018-05-15,1.7,0,NA,NA,2018-01-01,2018-12-31,H3260_v1_7
260186,242575,206980,2018-05-16,0.68,6,NA,NA,2018-01-01,2018-12-31,H3260_v1_7
111617,186904,232114,2018-05-07,NA,3.3,NA,NA,2018-01-01,2018-12-31,H3260_v1_7
238518,223836,217778,2018-04-24,0.52,3.6,NA,NA,2018-01-01,2018-12-31,H3260_v1_7
212371,244877,161556,2018-05-02,0.17,5,NA,NA,2018-01-01,2018-12-31,H3260_v1_7
249683,208625,203839,2018-05-08,0.15,1.5,NA,NA,2018-01-01,2018-12-31,H3260_v1_7
203454,200579,184451,2018-05-31,0.42,0.47,NA,NA,2018-01-01,2018-12-31,H3260_v1_7
175055,74627,200334,2018-05-24,0.21,0,NA,NA,2018-01-01,2018-12-31,H3260_v1_7
103391,189477,197117,2018-05-17,1.1,0.64,NA,NA,2018-01-01,2018-12-31,H3260_v1_7
219284,87245,207610,2013-05-02,0.21,1.2,0.3,NA,2012-01-01,2015-12-31,H3260_v1_5
111580,184931,233174,2014-07-02,0,1.01,0,NA,2012-01-01,2015-12-31,H3260_v1_5
40028,185079,234004,2014-07-02,0,1.95,0,NA,2012-01-01,2015-12-31,H3260_v1_5
104298,175740,237017,2014-07-02,0.218,2.03,0,NA,2012-01-01,2015-12-31,H3260_v1_5
238570,223718,213525,2014-08-26,1.1,2.28,0.22,NA,2012-01-01,2015-12-31,H3260_v1_5
45938,206821,205572,2014-07-07,0.178,0.194,0,NA,2012-01-01,2015-12-31,H3260_v1_5
206717,208591,210830,2014-07-07,0,0.95,0.037,NA,2012-01-01,2015-12-31,H3260_v1_5
33385,183472,213552,2014-07-08,0.179,2.59,0.027,NA,2012-01-01,2015-12-31,H3260_v1_5
123717,198919,214642,2014-06-26,0,0,0,NA,2012-01-01,2015-12-31,H3260_v1_5
123717,198919,214642,2014-06-30,0.113,0.51,0,NA,2012-01-01,2015-12-31,H3260_v1_5
166730,195999,215547,2014-07-16,0,0.75,0,NA,2012-01-01,2015-12-31,H3260_v1_5
123717,198919,214642,2014-07-17,0,0.72,0.026,NA,2012-01-01,2015-12-31,H3260_v1_5
123530,183551,208274,2014-07-17,0,1.18,0.048,NA,2012-01-01,2015-12-31,H3260_v1_5
123453,177170,209314,2014-07-17,0,1.12,0.051,NA,2012-01-01,2015-12-31,H3260_v1_5
111580,184931,233174,2014-08-06,0.49,0.79,0.17,NA,2012-01-01,2015-12-31,H3260_v1_5
40028,185079,234004,2014-08-06,0,0.172,0.028,NA,2012-01-01,2015-12-31,H3260_v1_5
104298,175740,237017,2014-08-06,0.168,1.95,0.151,NA,2012-01-01,2015-12-31,H3260_v1_5
241605,230272,199364,2014-08-20,1.8,6.4,0.21,NA,2012-01-01,2015-12-31,H3260_v1_5
45938,206821,205572,2014-08-13,0.132,0.198,0.073,NA,2012-01-01,2015-12-31,H3260_v1_5
206717,208591,210830,2014-08-13,0,1.07,0.056,NA,2012-01-01,2015-12-31,H3260_v1_5
241605,230272,199364,2014-09-15,1.2,6.6,0.114,NA,2012-01-01,2015-12-31,H3260_v1_5
238570,223718,213525,2014-09-30,0.171,4.8,0.108,NA,2012-01-01,2015-12-31,H3260_v1_5
33385,183472,213552,2014-08-18,0.181,2.08,0.067,NA,2012-01-01,2015-12-31,H3260_v1_5
123717,198919,214642,2014-08-19,0,0.36,0.044,NA,2012-01-01,2015-12-31,H3260_v1_5
123530,183551,208274,2014-08-19,0.16,1.03,0.059,NA,2012-01-01,2015-12-31,H3260_v1_5
123453,177170,209314,2014-08-19,0,0.99,0.074,NA,2012-01-01,2015-12-31,H3260_v1_5
166730,195999,215547,2014-08-19,0,0.62,0.016,NA,2012-01-01,2015-12-31,H3260_v1_5
111580,184931,233174,2014-09-03,0.132,3.3,0.16,NA,2012-01-01,2015-12-31,H3260_v1_5
40028,185079,234004,2014-09-03,0,7.4,0.064,NA,2012-01-01,2015-12-31,H3260_v1_5
104298,175740,237017,2014-09-03,0.155,6,0.078,NA,2012-01-01,2015-12-31,H3260_v1_5
45938,206821,205572,2014-09-15,0.213,0.41,0.08,NA,2012-01-01,2015-12-31,H3260_v1_5
206717,208591,210830,2014-09-15,0.106,1.19,0.064,NA,2012-01-01,2015-12-31,H3260_v1_5
33385,183472,213552,2014-09-16,0,0.76,0.029,NA,2012-01-01,2015-12-31,H3260_v1_5
123717,198919,214642,2014-09-17,0.104,0.46,0.031,NA,2012-01-01,2015-12-31,H3260_v1_5
123530,183551,208274,2014-09-17,0.184,0.82,0.065,NA,2012-01-01,2015-12-31,H3260_v1_5
123453,177170,209314,2014-09-17,0,0.88,0.073,NA,2012-01-01,2015-12-31,H3260_v1_5
166730,195999,215547,2014-09-17,0,0.64,0.019,NA,2012-01-01,2015-12-31,H3260_v1_5
111580,184931,233174,2014-10-01,0.101,0.65,0.113,NA,2012-01-01,2015-12-31,H3260_v1_5
40028,185079,234004,2014-10-01,0,2.46,0.037,NA,2012-01-01,2015-12-31,H3260_v1_5
104298,175740,237017,2014-10-01,0.3,3.2,0.126,NA,2012-01-01,2015-12-31,H3260_v1_5
45938,206821,205572,2014-10-08,0.209,0.32,0.078,NA,2012-01-01,2015-12-31,H3260_v1_5
206717,208591,210830,2014-10-08,0.113,1.2,0.059,NA,2012-01-01,2015-12-31,H3260_v1_5
33385,183472,213552,2014-10-13,1.05,1.32,0.076,NA,2012-01-01,2015-12-31,H3260_v1_5
123717,198919,214642,2014-10-14,0.183,0.53,0.062,NA,2012-01-01,2015-12-31,H3260_v1_5
123530,183551,208274,2014-10-14,0.162,1.01,0.07,NA,2012-01-01,2015-12-31,H3260_v1_5
123453,177170,209314,2014-10-14,0,1.05,0.068,NA,2012-01-01,2015-12-31,H3260_v1_5
166730,195999,215547,2014-10-14,0,0.76,0.022,NA,2012-01-01,2015-12-31,H3260_v1_5
219284,87245,207610,2014-11-05,0,5.6,0.194,NA,2012-01-01,2015-12-31,H3260_v1_5
238570,223718,213525,2014-11-25,0.36,5.7,0.147,NA,2012-01-01,2015-12-31,H3260_v1_5
111580,184931,233174,2014-11-05,0.205,4.9,0.111,NA,2012-01-01,2015-12-31,H3260_v1_5
40028,185079,234004,2014-11-05,0.133,5.3,0.078,NA,2012-01-01,2015-12-31,H3260_v1_5
104298,175740,237017,2014-11-05,0.24,9,0.18,NA,2012-01-01,2015-12-31,H3260_v1_5
45938,206821,205572,2014-11-12,0.24,0.38,0.07,NA,2012-01-01,2015-12-31,H3260_v1_5
206717,208591,210830,2014-11-12,0.125,1.43,0.065,NA,2012-01-01,2015-12-31,H3260_v1_5
33385,183472,213552,2014-11-17,0.55,3.5,0.091,NA,2012-01-01,2015-12-31,H3260_v1_5
123717,198919,214642,2014-11-18,0.28,0.84,0.045,NA,2012-01-01,2015-12-31,H3260_v1_5
123530,183551,208274,2014-11-18,0.38,1.32,0.107,NA,2012-01-01,2015-12-31,H3260_v1_5
123453,177170,209314,2014-11-18,0.35,1.32,0.092,NA,2012-01-01,2015-12-31,H3260_v1_5
166730,195999,215547,2014-11-18,0.25,0.81,0.047,NA,2012-01-01,2015-12-31,H3260_v1_5
241605,230272,199364,2014-11-24,1.96,6.4,0.19,NA,2012-01-01,2015-12-31,H3260_v1_5
111580,184931,233174,2014-12-03,0.57,3.2,0.07,NA,2012-01-01,2015-12-31,H3260_v1_5
40028,185079,234004,2014-12-03,0.154,5,0.047,NA,2012-01-01,2015-12-31,H3260_v1_5
104298,175740,237017,2014-12-03,0.83,5.7,0.16,NA,2012-01-01,2015-12-31,H3260_v1_5
45938,206821,205572,2014-12-04,0.33,0.48,0.065,NA,2012-01-01,2015-12-31,H3260_v1_5
206717,208591,210830,2014-12-04,0.175,1.59,0.052,NA,2012-01-01,2015-12-31,H3260_v1_5
123717,198919,214642,2014-12-09,0.33,0.86,0.038,NA,2012-01-01,2015-12-31,H3260_v1_5
206717,208591,210830,2012-09-12,0.16,1.3,0.052,NA,2012-01-01,2015-12-31,H3260_v1_5
45938,206821,205572,2012-09-12,0.21,0.33,0.049,NA,2012-01-01,2015-12-31,H3260_v1_5
255316,228451,217921,2012-09-25,0,1.7,0.041,NA,2012-01-01,2015-12-31,H3260_v1_5
219284,87245,207610,2012-09-10,0.169,2.17,0.173,NA,2012-01-01,2015-12-31,H3260_v1_5
174514,97584,197275,2016-11-08,1.6,0.46,1.2,NA,2016-01-01,2017-12-31,H3260_v1_6
123574,187346,210000,2016-11-16,0.4,1,0.1,NA,2016-01-01,2017-12-31,H3260_v1_6
238515,223950,218080,2016-11-28,1.6,3.2,0.12,NA,2016-01-01,2017-12-31,H3260_v1_6
213836,241452,197091,2016-12-05,0.16,3.6,0.039,NA,2016-01-01,2017-12-31,H3260_v1_6
238515,223950,218080,2016-12-07,0.56,3.4,0.093,NA,2016-01-01,2017-12-31,H3260_v1_6
174514,97584,197275,2016-12-06,2.2,0,0.34,NA,2016-01-01,2017-12-31,H3260_v1_6
123574,187346,210000,2016-12-06,0.77,1.1,0.069,NA,2016-01-01,2017-12-31,H3260_v1_6
123559,185896,209550,2017-09-14,0.18,0.62,NA,0.029,2016-01-01,2017-12-31,H3260_v1_6
38402,197860,216731,2017-09-14,0.083,0.53,NA,0.02,2016-01-01,2017-12-31,H3260_v1_6
73328,188436,209764,2017-09-14,0.5,0.71,NA,0.2,2016-01-01,2017-12-31,H3260_v1_6
175055,74627,200334,2017-09-18,0.078,0,NA,0.01,2016-01-01,2017-12-31,H3260_v1_6
123886,185176,214902,2017-09-18,0.19,1.6,NA,0.045,2016-01-01,2017-12-31,H3260_v1_6
212371,244877,161556,2017-10-02,0.16,5.3,NA,0.19,2016-01-01,2017-12-31,H3260_v1_6
241457,236318,207658,2017-08-22,0.2,4.4,NA,0.042,2016-01-01,2017-12-31,H3260_v1_6
144658,222498,199266,2017-08-21,0.3,28.7,NA,0,2016-01-01,2017-12-31,H3260_v1_6
255415,228750,210246,2017-08-22,0.13,2.8,NA,0,2016-01-01,2017-12-31,H3260_v1_6
255366,228571,213970,2017-08-22,0.17,1.1,NA,0.062,2016-01-01,2017-12-31,H3260_v1_6
38434,200014,218405,2017-08-30,NA,0.62,NA,0.033,2016-01-01,2017-12-31,H3260_v1_6
84207,151545,223322,2017-08-30,NA,1.7,NA,0.017,2016-01-01,2017-12-31,H3260_v1_6
218390,232321,177163,2017-09-11,0.11,1.2,NA,0.018,2016-01-01,2017-12-31,H3260_v1_6
111617,186904,232114,2017-09-07,0.28,0.43,NA,0.09,2016-01-01,2017-12-31,H3260_v1_6
241552,230674,203278,2017-10-03,1,4.7,NA,0.037,2016-01-01,2017-12-31,H3260_v1_6
124176,204796,204545,2017-10-04,0.13,0.54,NA,0.031,2016-01-01,2017-12-31,H3260_v1_6
103391,189477,197117,2017-10-05,0.078,0.63,NA,0.067,2016-01-01,2017-12-31,H3260_v1_6
175055,74627,200334,2017-10-12,0.078,0,NA,0,2016-01-01,2017-12-31,H3260_v1_6
123559,185896,209550,2017-10-12,0.17,0.85,NA,0.033,2016-01-01,2017-12-31,H3260_v1_6
38402,197860,216731,2017-10-12,0.19,0.68,NA,0.027,2016-01-01,2017-12-31,H3260_v1_6
218803,250356,161314,2017-09-12,0.29,5.8,NA,0.14,2016-01-01,2017-12-31,H3260_v1_6
213910,237472,193248,2017-09-18,0.11,4.9,NA,0.047,2016-01-01,2017-12-31,H3260_v1_6
221004,245672,183550,2017-09-18,0.97,0.86,NA,0.34,2016-01-01,2017-12-31,H3260_v1_6
241457,236318,207658,2017-09-19,0.42,3.6,NA,0.047,2016-01-01,2017-12-31,H3260_v1_6
224975,210560,206194,2017-09-11,0.12,0.61,NA,0.028,2016-01-01,2017-12-31,H3260_v1_6
206652,203131,209305,2017-09-11,0.1,0.94,NA,0,2016-01-01,2017-12-31,H3260_v1_6
224666,191216,198580,2017-09-11,0.13,1.2,NA,0.067,2016-01-01,2017-12-31,H3260_v1_6
123478,178983,208404,2017-09-14,0.1,0.77,NA,0.031,2016-01-01,2017-12-31,H3260_v1_6
259130,199929,215582,2017-09-14,0.33,0.44,NA,0.013,2016-01-01,2017-12-31,H3260_v1_6
255415,228750,210246,2017-09-13,0.15,2.8,NA,0,2016-01-01,2017-12-31,H3260_v1_6
255366,228571,213970,2017-09-13,0.38,1.2,NA,0.024,2016-01-01,2017-12-31,H3260_v1_6
73328,188436,209764,2017-10-12,0.41,0.4,NA,0.23,2016-01-01,2017-12-31,H3260_v1_6
228080,215500,183020,2017-10-10,0.3,2.3,NA,0.035,2016-01-01,2017-12-31,H3260_v1_6
123886,185176,214902,2017-10-16,0.36,1.4,NA,0.02,2016-01-01,2017-12-31,H3260_v1_6
212371,244877,161556,2017-11-06,0.16,3.6,NA,0.25,2016-01-01,2017-12-31,H3260_v1_6
228080,215500,183020,2017-11-07,0.44,3.4,NA,0.053,2016-01-01,2017-12-31,H3260_v1_6
174514,97584,197275,2017-07-06,0.1,0,NA,0.78,2016-01-01,2017-12-31,H3260_v1_6
224975,210560,206194,2017-10-05,0.098,0.99,NA,0.034,2016-01-01,2017-12-31,H3260_v1_6
206652,203131,209305,2017-10-05,0.23,0.83,NA,0,2016-01-01,2017-12-31,H3260_v1_6
224666,191216,198580,2017-10-05,0.15,0.98,NA,0.029,2016-01-01,2017-12-31,H3260_v1_6
103391,189477,197117,2017-11-09,0.42,1,NA,0.22,2016-01-01,2017-12-31,H3260_v1_6
124176,204796,204545,2017-11-14,0.23,0.65,NA,0.03,2016-01-01,2017-12-31,H3260_v1_6
175055,74627,200334,2017-11-13,0.16,0,NA,0,2016-01-01,2017-12-31,H3260_v1_6
204986,244766,184401,2017-11-20,1.2,0.46,NA,0.074,2016-01-01,2017-12-31,H3260_v1_6
241552,230674,203278,2017-11-21,1.1,4.3,NA,0.063,2016-01-01,2017-12-31,H3260_v1_6
241434,238265,208445,2017-11-21,0.29,4.4,NA,0.034,2016-01-01,2017-12-31,H3260_v1_6
241620,230392,198127,2017-11-21,0.12,5.8,NA,0.022,2016-01-01,2017-12-31,H3260_v1_6
123574,187346,210000,2017-07-19,0.14,0.76,NA,0.048,2016-01-01,2017-12-31,H3260_v1_6
238515,223950,218080,2017-07-12,6,2.9,NA,0.21,2016-01-01,2017-12-31,H3260_v1_6
213836,241452,197091,2017-07-18,0.1,3.4,NA,0.056,2016-01-01,2017-12-31,H3260_v1_6
238515,223950,218080,2017-07-25,0.14,2.5,0.099,0.099,2016-01-01,2017-12-31,H3260_v1_6
123574,187346,210000,2017-08-16,0.11,0.46,NA,0.042,2016-01-01,2017-12-31,H3260_v1_6
144658,222498,199266,2017-09-26,0.23,29.4,NA,0,2016-01-01,2017-12-31,H3260_v1_6
255415,228750,210246,2017-09-27,0,3.3,NA,0,2016-01-01,2017-12-31,H3260_v1_6
255366,228571,213970,2017-09-27,0.065,1.4,NA,0.015,2016-01-01,2017-12-31,H3260_v1_6
259130,199929,215582,2017-10-12,0.16,0.64,NA,0.014,2016-01-01,2017-12-31,H3260_v1_6
218390,232321,177163,2017-10-11,0.11,0.73,NA,0.01,2016-01-01,2017-12-31,H3260_v1_6
38402,197860,216731,2018-09-19,0.05,0.41,NA,NA,2018-01-01,2018-12-31,H3260_v1_7
212371,244877,161556,2018-09-18,0.057,4.7,NA,NA,2018-01-01,2018-12-31,H3260_v1_7
169151,161052,157603,2018-09-12,0.2,4.8,NA,NA,2018-01-01,2018-12-31,H3260_v1_7
203454,200579,184451,2018-09-27,0.76,1.1,NA,NA,2018-01-01,2018-12-31,H3260_v1_7
238649,224674,207481,2018-09-24,0.36,2.7,NA,NA,2018-01-01,2018-12-31,H3260_v1_7
238518,223836,217778,2018-09-24,0.78,1,NA,NA,2018-01-01,2018-12-31,H3260_v1_7
175055,74627,200334,2018-10-04,0,0,NA,NA,2018-01-01,2018-12-31,H3260_v1_7
212371,244877,161556,2018-10-08,0.22,4.2,NA,NA,2018-01-01,2018-12-31,H3260_v1_7
238515,223950,218080,2017-08-09,0.39,2.4,NA,0.07,2016-01-01,2017-12-31,H3260_v1_6
213836,241452,197091,2017-08-16,0.14,3,NA,0.045,2016-01-01,2017-12-31,H3260_v1_6
174514,97584,197275,2017-08-10,0.13,0,NA,2.5,2016-01-01,2017-12-31,H3260_v1_6
238515,223950,218080,2017-08-21,0.71,2.7,NA,0.12,2016-01-01,2017-12-31,H3260_v1_6
213836,241452,197091,2017-09-18,0.11,3.1,NA,0.036,2016-01-01,2017-12-31,H3260_v1_6
174514,97584,197275,2017-09-07,0.11,0,NA,2.3,2016-01-01,2017-12-31,H3260_v1_6
255415,228750,210246,2017-10-10,0.09,3.3,NA,0,2016-01-01,2017-12-31,H3260_v1_6
255366,228571,213970,2017-10-10,0.12,1.7,NA,0.015,2016-01-01,2017-12-31,H3260_v1_6
218803,250356,161314,2017-11-06,0.16,5.9,NA,0.13,2016-01-01,2017-12-31,H3260_v1_6
218390,232321,177163,2017-11-13,0.25,1.5,NA,0.018,2016-01-01,2017-12-31,H3260_v1_6
144658,222498,199266,2017-10-23,NA,27.8,NA,0.013,2016-01-01,2017-12-31,H3260_v1_6
255415,228750,210246,2017-10-24,0.23,3.3,NA,0,2016-01-01,2017-12-31,H3260_v1_6
255366,228571,213970,2017-10-24,0.18,1.5,NA,0.013,2016-01-01,2017-12-31,H3260_v1_6
123574,187346,210000,2017-09-14,0.22,0.87,NA,0.025,2016-01-01,2017-12-31,H3260_v1_6
238515,223950,218080,2017-09-12,1.1,2.5,NA,0.086,2016-01-01,2017-12-31,H3260_v1_6
213836,241452,197091,2017-10-03,0.19,2.6,NA,0.047,2016-01-01,2017-12-31,H3260_v1_6
238515,223950,218080,2017-09-26,0.2,2.9,NA,0.028,2016-01-01,2017-12-31,H3260_v1_6
123574,187346,210000,2017-10-12,0.19,0.85,NA,0.03,2016-01-01,2017-12-31,H3260_v1_6
174514,97584,197275,2017-10-12,0.66,0,NA,0.19,2016-01-01,2017-12-31,H3260_v1_6
249683,208625,203839,2018-10-04,0,0.83,NA,NA,2018-01-01,2018-12-31,H3260_v1_7
38402,197860,216731,2018-10-09,0,0.47,NA,NA,2018-01-01,2018-12-31,H3260_v1_7
238649,224674,207481,2018-10-23,0.36,3.6,NA,NA,2018-01-01,2018-12-31,H3260_v1_7
203454,200579,184451,2018-10-24,0.23,0,NA,NA,2018-01-01,2018-12-31,H3260_v1_7
175055,74627,200334,2018-10-30,0.22,0,NA,NA,2018-01-01,2018-12-31,H3260_v1_7
111617,186904,232114,2017-11-08,0.38,1.6,NA,0.034,2016-01-01,2017-12-31,H3260_v1_6
224975,210560,206194,2017-11-09,0.1,0.87,NA,0.038,2016-01-01,2017-12-31,H3260_v1_6
206652,203131,209305,2017-11-09,0.36,1,NA,0,2016-01-01,2017-12-31,H3260_v1_6
224666,191216,198580,2017-11-09,0.25,1.2,NA,0.02,2016-01-01,2017-12-31,H3260_v1_6
213910,237472,193248,2017-11-20,0.26,4.7,NA,0.032,2016-01-01,2017-12-31,H3260_v1_6
221004,245672,183550,2017-11-20,1.3,0.55,NA,0.45,2016-01-01,2017-12-31,H3260_v1_6
238515,223950,218080,2017-10-09,0.78,2,NA,0.046,2016-01-01,2017-12-31,H3260_v1_6
238515,223950,218080,2017-10-23,0.37,2.1,NA,0.13,2016-01-01,2017-12-31,H3260_v1_6
174514,97584,197275,2017-11-09,1.1,0,NA,0.16,2016-01-01,2017-12-31,H3260_v1_6
213836,241452,197091,2017-11-20,0.12,3.2,NA,NA,2016-01-01,2017-12-31,H3260_v1_6
123786,178342,209668,2018-09-18,0.086,2,NA,NA,2018-01-01,2018-12-31,H3260_v1_7
241457,236318,207658,2017-11-21,0.52,4.3,NA,0.043,2016-01-01,2017-12-31,H3260_v1_6
124018,192159,223185,2018-09-18,0.29,0,NA,NA,2018-01-01,2018-12-31,H3260_v1_7
38434,200014,218405,2018-09-19,0,0,NA,NA,2018-01-01,2018-12-31,H3260_v1_7
218803,250356,161314,2018-09-18,0.13,6.5,NA,NA,2018-01-01,2018-12-31,H3260_v1_7
114607,231338,179333,2018-09-26,0.48,0,NA,NA,2018-01-01,2018-12-31,H3260_v1_7
218390,232321,177163,2018-09-27,0.27,1.2,NA,NA,2018-01-01,2018-12-31,H3260_v1_7
212371,244877,161556,2018-11-06,0.12,4.3,NA,NA,2018-01-01,2018-12-31,H3260_v1_7
169151,161052,157603,2018-10-30,0.41,4.7,NA,NA,2018-01-01,2018-12-31,H3260_v1_7
249683,208625,203839,2018-11-08,0.063,0.63,NA,NA,2018-01-01,2018-12-31,H3260_v1_7
252505,198764,207113,2018-11-08,0.44,1.6,NA,NA,2018-01-01,2018-12-31,H3260_v1_7
169151,161052,157603,2018-11-14,0.66,4.3,NA,NA,2018-01-01,2018-12-31,H3260_v1_7
203454,200579,184451,2018-11-29,1.5,0,NA,NA,2018-01-01,2018-12-31,H3260_v1_7
238649,224674,207481,2018-11-19,0.12,3.3,NA,NA,2018-01-01,2018-12-31,H3260_v1_7
238572,223886,213548,2018-09-24,1.2,1.8,NA,NA,2018-01-01,2018-12-31,H3260_v1_7
255366,228571,213970,2018-09-25,0.23,1,NA,NA,2018-01-01,2018-12-31,H3260_v1_7
255415,228750,210246,2018-09-25,0.11,3,NA,NA,2018-01-01,2018-12-31,H3260_v1_7
221004,245672,183550,2018-10-16,1.3,0.42,NA,NA,2018-01-01,2018-12-31,H3260_v1_7
260186,242575,206980,2018-10-23,2.6,5.1,NA,NA,2018-01-01,2018-12-31,H3260_v1_7
238518,223836,217778,2018-11-19,0.4,2.2,NA,NA,2018-01-01,2018-12-31,H3260_v1_7
38402,197860,216731,2018-11-21,0.24,0.45,NA,NA,2018-01-01,2018-12-31,H3260_v1_7
212371,244877,161556,2018-12-04,0.14,5,NA,NA,2018-01-01,2018-12-31,H3260_v1_7
175055,74627,200334,2018-12-06,0,0,NA,NA,2018-01-01,2018-12-31,H3260_v1_7
38434,200014,218405,2018-10-09,0,0.45,NA,NA,2018-01-01,2018-12-31,H3260_v1_7
218390,232321,177163,2018-10-24,0.17,1.2,NA,NA,2018-01-01,2018-12-31,H3260_v1_7
255366,228571,213970,2018-10-24,0.16,0.9,NA,NA,2018-01-01,2018-12-31,H3260_v1_7
255415,228750,210246,2018-10-24,0.12,3.1,NA,NA,2018-01-01,2018-12-31,H3260_v1_7
218803,250356,161314,2018-11-06,0.24,6.3,NA,NA,2018-01-01,2018-12-31,H3260_v1_7
33385,183472,213552,2012-09-18,0,1.5,0.061,NA,2012-01-01,2015-12-31,H3260_v1_5
123717,198919,214642,2012-09-19,0.2,0.82,0.025,NA,2012-01-01,2015-12-31,H3260_v1_5
166730,195999,215547,2012-09-19,0,0.55,0.032,NA,2012-01-01,2015-12-31,H3260_v1_5
123530,183551,208274,2012-09-19,0.48,0.87,0.07,NA,2012-01-01,2015-12-31,H3260_v1_5
225005,212455,205760,2015-01-21,0.21,1.2,0.096,NA,2012-01-01,2015-12-31,H3260_v1_5
206717,208591,210830,2015-01-21,0.19,1.7,0.04,NA,2012-01-01,2015-12-31,H3260_v1_5
45938,206821,205572,2015-01-21,0.32,0.72,0.063,NA,2012-01-01,2015-12-31,H3260_v1_5
241605,230272,199364,2015-02-09,1.4,6.2,0.11,NA,2012-01-01,2015-12-31,H3260_v1_5
104298,175740,237017,2015-02-02,0.47,8.9,0.18,NA,2012-01-01,2015-12-31,H3260_v1_5
111580,184931,233174,2015-02-04,0.54,5.9,0.037,NA,2012-01-01,2015-12-31,H3260_v1_5
123717,198919,214642,2015-02-03,0.16,1,0.038,NA,2012-01-01,2015-12-31,H3260_v1_5
123530,183551,208274,2015-02-03,0.54,2.2,0.099,NA,2012-01-01,2015-12-31,H3260_v1_5
123453,177170,209314,2015-02-03,0.51,2.2,0.099,NA,2012-01-01,2015-12-31,H3260_v1_5
166730,195999,215547,2015-02-09,0.42,1.5,0.023,NA,2012-01-01,2015-12-31,H3260_v1_5
33385,183472,213552,2015-02-09,1.1,2,0.073,NA,2012-01-01,2015-12-31,H3260_v1_5
219284,87245,207610,2015-02-16,0.33,4.1,0.07,NA,2012-01-01,2015-12-31,H3260_v1_5
225005,212455,205760,2015-02-10,0.18,0.87,0.092,NA,2012-01-01,2015-12-31,H3260_v1_5
206717,208591,210830,2015-02-10,0.19,1.5,0.041,NA,2012-01-01,2015-12-31,H3260_v1_5
45938,206821,205572,2015-02-12,0.27,0.59,0.049,NA,2012-01-01,2015-12-31,H3260_v1_5
219284,87245,207610,2015-03-03,0.193,4.5,0.085,NA,2012-01-01,2015-12-31,H3260_v1_5
104298,175740,237017,2015-03-02,3,5.9,0.12,NA,2012-01-01,2015-12-31,H3260_v1_5
123717,198919,214642,2015-03-03,0,0.73,0.036,NA,2012-01-01,2015-12-31,H3260_v1_5
123530,183551,208274,2015-03-03,0.46,1.7,0.088,NA,2012-01-01,2015-12-31,H3260_v1_5
123453,177170,209314,2015-03-03,0.44,2,0.085,NA,2012-01-01,2015-12-31,H3260_v1_5
111580,184931,233174,2015-03-04,0.45,5.3,0.048,NA,2012-01-01,2015-12-31,H3260_v1_5
45938,206821,205572,2015-03-10,0.34,0.87,0.061,NA,2012-01-01,2015-12-31,H3260_v1_5
166730,195999,215547,2015-03-11,0.53,1.2,0.016,NA,2012-01-01,2015-12-31,H3260_v1_5
33385,183472,213552,2015-03-11,0.42,1.2,0.018,NA,2012-01-01,2015-12-31,H3260_v1_5
225005,212455,205760,2015-03-16,0.18,1.1,0.093,NA,2012-01-01,2015-12-31,H3260_v1_5
206717,208591,210830,2015-03-16,0.24,1.7,0.04,NA,2012-01-01,2015-12-31,H3260_v1_5
111580,184931,233174,2015-04-01,0.54,4.8,0.13,NA,2012-01-01,2015-12-31,H3260_v1_5
104298,175740,237017,2015-04-02,1.3,7.3,0.3,NA,2012-01-01,2015-12-31,H3260_v1_5
219284,87245,207610,2015-03-30,0.63,4.5,0.14,NA,2012-01-01,2015-12-31,H3260_v1_5
241605,230272,199364,2015-04-09,1.1,6.3,0.12,NA,2012-01-01,2015-12-31,H3260_v1_5
123717,198919,214642,2015-04-07,0,0.79,0.029,NA,2012-01-01,2015-12-31,H3260_v1_5
123530,183551,208274,2015-04-07,0.32,1.5,0.071,NA,2012-01-01,2015-12-31,H3260_v1_5
123453,177170,209314,2015-04-07,0.23,1.4,0.091,NA,2012-01-01,2015-12-31,H3260_v1_5
45938,206821,205572,2015-04-08,0,0.51,0.048,NA,2012-01-01,2015-12-31,H3260_v1_5
166730,195999,215547,2015-04-09,0.28,1,0.027,NA,2012-01-01,2015-12-31,H3260_v1_5
33385,183472,213552,2015-04-09,0.32,1.1,0.082,NA,2012-01-01,2015-12-31,H3260_v1_5
225005,212455,205760,2015-04-14,0.16,0.95,0.094,NA,2012-01-01,2015-12-31,H3260_v1_5
206717,208591,210830,2015-04-14,0.16,1.7,0.029,NA,2012-01-01,2015-12-31,H3260_v1_5
219284,87245,207610,2015-04-27,1.32,1.65,0.38,NA,2012-01-01,2015-12-31,H3260_v1_5
111580,184931,233174,2015-05-06,0.4,1.4,0.04,NA,2012-01-01,2015-12-31,H3260_v1_5
104298,175740,237017,2015-05-07,1.8,2,0.12,NA,2012-01-01,2015-12-31,H3260_v1_5
123717,198919,214642,2015-05-13,0.12,0.63,0.018,NA,2012-01-01,2015-12-31,H3260_v1_5
123530,183551,208274,2015-05-13,0.1,0.67,0.039,NA,2012-01-01,2015-12-31,H3260_v1_5
123453,177170,209314,2015-05-13,0.089,0.85,0.034,NA,2012-01-01,2015-12-31,H3260_v1_5
45938,206821,205572,2015-05-11,0.13,0.42,0.053,NA,2012-01-01,2015-12-31,H3260_v1_5
166730,195999,215547,2015-05-18,0.13,0.55,0.014,NA,2012-01-01,2015-12-31,H3260_v1_5
33385,183472,213552,2015-05-18,0.27,1.5,0.019,NA,2012-01-01,2015-12-31,H3260_v1_5
225005,212455,205760,2015-05-19,0.11,0.75,0.087,NA,2012-01-01,2015-12-31,H3260_v1_5
206717,208591,210830,2015-05-19,0.16,1.7,0.039,NA,2012-01-01,2015-12-31,H3260_v1_5
241605,230272,199364,2015-06-18,2.3,6,0.13,NA,2012-01-01,2015-12-31,H3260_v1_5
45938,206821,205572,2015-06-02,0,0.47,0.048,NA,2012-01-01,2015-12-31,H3260_v1_5
111580,184931,233174,2015-06-03,0.35,1.2,0.11,NA,2012-01-01,2015-12-31,H3260_v1_5
206717,208591,210830,2015-06-04,0.14,1.5,0.046,NA,2012-01-01,2015-12-31,H3260_v1_5
104298,175740,237017,2015-06-08,1.6,1.9,0.11,NA,2012-01-01,2015-12-31,H3260_v1_5
123717,198919,214642,2015-06-09,0.23,0.6,0.018,NA,2012-01-01,2015-12-31,H3260_v1_5
123530,183551,208274,2015-06-09,0,1.1,0.044,NA,2012-01-01,2015-12-31,H3260_v1_5
123453,177170,209314,2015-06-09,0.12,1,0.048,NA,2012-01-01,2015-12-31,H3260_v1_5
225005,212455,205760,2015-06-10,0.1,0.67,0.043,NA,2012-01-01,2015-12-31,H3260_v1_5
166730,195999,215547,2015-06-15,0.087,0.45,0.012,NA,2012-01-01,2015-12-31,H3260_v1_5
33385,183472,213552,2015-06-15,0.14,1.1,0.033,NA,2012-01-01,2015-12-31,H3260_v1_5
219284,87245,207610,2015-06-09,5.3,0.63,0.187,NA,2012-01-01,2015-12-31,H3260_v1_5
104298,175740,237017,2015-07-01,0.31,4.3,0.072,NA,2012-01-01,2015-12-31,H3260_v1_5
123717,198919,214642,2015-07-02,0.14,0.41,0.019,NA,2012-01-01,2015-12-31,H3260_v1_5
123530,183551,208274,2015-07-02,0,0.54,0.036,NA,2012-01-01,2015-12-31,H3260_v1_5
123453,177170,209314,2015-07-02,0,0.78,0.05,NA,2012-01-01,2015-12-31,H3260_v1_5
111580,184931,233174,2015-07-08,0.93,0.82,0.05,NA,2012-01-01,2015-12-31,H3260_v1_5
219284,87245,207610,2015-07-06,1.89,0,0.26,NA,2012-01-01,2015-12-31,H3260_v1_5
166730,195999,215547,2015-07-13,0,0,0,NA,2012-01-01,2015-12-31,H3260_v1_5
33385,183472,213552,2015-07-13,0.31,1.3,0.017,NA,2012-01-01,2015-12-31,H3260_v1_5
40028,185079,234004,2014-06-04,0,4.3,0,NA,2012-01-01,2015-12-31,H3260_v1_5
104298,175740,237017,2014-06-04,0.92,2.56,0.027,NA,2012-01-01,2015-12-31,H3260_v1_5
45938,206821,205572,2014-06-10,0.29,0.38,0.045,NA,2012-01-01,2015-12-31,H3260_v1_5
260186,242575,206980,2018-11-22,0.41,7.2,NA,NA,2018-01-01,2018-12-31,H3260_v1_7
218390,232321,177163,2017-12-11,0.41,1.6,NA,0.028,2016-01-01,2017-12-31,H3260_v1_6
144658,222498,199266,2017-11-20,0.27,25.1,NA,0,2016-01-01,2017-12-31,H3260_v1_6
255415,228750,210246,2017-11-21,0.15,2.8,NA,0.013,2016-01-01,2017-12-31,H3260_v1_6
255366,228571,213970,2017-11-21,0.13,1.8,NA,0.024,2016-01-01,2017-12-31,H3260_v1_6
249683,208625,203839,2018-12-04,0.21,2.6,NA,NA,2018-01-01,2018-12-31,H3260_v1_7
238649,224674,207481,2018-12-04,0.35,2.5,NA,NA,2018-01-01,2018-12-31,H3260_v1_7
38402,197860,216731,2018-01-29,0.36,1.5,NA,NA,2018-01-01,2018-12-31,H3260_v1_7
212371,244877,161556,2018-02-05,0.33,5.7,NA,NA,2018-01-01,2018-12-31,H3260_v1_7
238515,223950,218080,2018-09-24,0.84,1.5,NA,NA,2018-01-01,2018-12-31,H3260_v1_7
213836,241452,197091,2018-10-16,0.095,2.2,NA,NA,2018-01-01,2018-12-31,H3260_v1_7
123786,178342,209668,2018-10-10,0.35,2.6,NA,NA,2018-01-01,2018-12-31,H3260_v1_7
238515,223950,218080,2018-10-23,0.47,2.4,NA,NA,2018-01-01,2018-12-31,H3260_v1_7
238515,223950,218080,2016-06-22,0.3,3.4,0.14,NA,2016-01-01,2017-12-31,H3260_v1_6
38434,200014,218405,2017-11-29,NA,1.5,NA,0.09,2016-01-01,2017-12-31,H3260_v1_6
84207,151545,223322,2017-11-30,NA,3.9,NA,0.013,2016-01-01,2017-12-31,H3260_v1_6
224975,210560,206194,2017-12-06,0.12,1.2,NA,0.035,2016-01-01,2017-12-31,H3260_v1_6
206652,203131,209305,2017-12-06,0.29,1.3,NA,0.013,2016-01-01,2017-12-31,H3260_v1_6
224666,191216,198580,2017-12-06,0.33,1.3,NA,0.036,2016-01-01,2017-12-31,H3260_v1_6
255415,228750,210246,2017-12-05,0.13,4,NA,0.01,2016-01-01,2017-12-31,H3260_v1_6
249683,208625,203839,2018-02-08,0.39,1.8,NA,NA,2018-01-01,2018-12-31,H3260_v1_7
252505,198764,207113,2018-02-08,0.42,1.7,NA,NA,2018-01-01,2018-12-31,H3260_v1_7
203454,200579,184451,2018-02-27,0.53,1.2,NA,NA,2018-01-01,2018-12-31,H3260_v1_7
103391,189477,197117,2018-02-12,0.76,0.52,NA,NA,2018-01-01,2018-12-31,H3260_v1_7
38402,197860,216731,2018-02-15,0.8,1.7,NA,NA,2018-01-01,2018-12-31,H3260_v1_7
212371,244877,161556,2018-03-05,0.23,5.6,NA,NA,2018-01-01,2018-12-31,H3260_v1_7
255366,228571,213970,2017-12-05,0.1,2.2,NA,0.014,2016-01-01,2017-12-31,H3260_v1_6
259130,199929,215582,2017-12-13,0.22,1.5,NA,0.038,2016-01-01,2017-12-31,H3260_v1_6
144658,222498,199266,2017-12-11,NA,13.9,NA,0.093,2016-01-01,2017-12-31,H3260_v1_6
255415,228750,210246,2017-12-12,0.29,3.3,NA,0.037,2016-01-01,2017-12-31,H3260_v1_6
255366,228571,213970,2017-12-12,0.2,2.8,NA,0.04,2016-01-01,2017-12-31,H3260_v1_6
213836,241452,197091,2016-07-07,0.11,3.2,0.13,NA,2016-01-01,2017-12-31,H3260_v1_6
174514,97584,197275,2016-07-06,0.104,0.67,0.139,NA,2016-01-01,2017-12-31,H3260_v1_6
238515,223950,218080,2016-07-18,0.26,3.6,0.077,NA,2016-01-01,2017-12-31,H3260_v1_6
123574,187346,210000,2016-07-18,0.16,1.1,0.079,NA,2016-01-01,2017-12-31,H3260_v1_6
213836,241452,197091,2016-08-04,0.31,1.7,0.18,NA,2016-01-01,2017-12-31,H3260_v1_6
238515,223950,218080,2017-01-10,1.9,3.5,NA,0.093,2016-01-01,2017-12-31,H3260_v1_6
213836,241452,197091,2017-01-18,0.18,3.7,NA,0.041,2016-01-01,2017-12-31,H3260_v1_6
238649,224674,207481,2018-02-20,0.36,6.6,NA,NA,2018-01-01,2018-12-31,H3260_v1_7
238518,223836,217778,2018-02-21,1.2,4.4,NA,NA,2018-01-01,2018-12-31,H3260_v1_7
249683,208625,203839,2018-03-06,0.44,2,NA,NA,2018-01-01,2018-12-31,H3260_v1_7
103391,189477,197117,2018-03-08,1.2,0,NA,NA,2018-01-01,2018-12-31,H3260_v1_7
260186,242575,206980,2018-01-15,2.6,11.2,NA,NA,2018-01-01,2018-12-31,H3260_v1_7
221004,245672,183550,2018-01-16,2.4,2.6,NA,NA,2018-01-01,2018-12-31,H3260_v1_7
255366,228571,213970,2018-01-24,0.22,4.2,NA,NA,2018-01-01,2018-12-31,H3260_v1_7
255415,228750,210246,2018-01-24,0.23,7.3,NA,NA,2018-01-01,2018-12-31,H3260_v1_7
218390,232321,177163,2018-01-31,0.26,1.7,NA,NA,2018-01-01,2018-12-31,H3260_v1_7
123574,187346,210000,2017-01-18,0.49,2.1,NA,0.077,2016-01-01,2017-12-31,H3260_v1_6
238515,223950,218080,2017-01-23,1.4,3.2,NA,0.049,2016-01-01,2017-12-31,H3260_v1_6
174514,97584,197275,2017-01-26,1.1,NA,NA,0.17,2016-01-01,2017-12-31,H3260_v1_6
238515,223950,218080,2017-02-08,1.6,3.2,NA,0.055,2016-01-01,2017-12-31,H3260_v1_6
213836,241452,197091,2017-02-14,0.33,3.6,NA,0.036,2016-01-01,2017-12-31,H3260_v1_6
238515,223950,218080,2017-02-20,1.1,3,NA,0.051,2016-01-01,2017-12-31,H3260_v1_6
123574,187346,210000,2017-02-13,0.68,1.2,NA,0.098,2016-01-01,2017-12-31,H3260_v1_6
38434,200014,218405,2018-01-29,0.27,2.2,NA,NA,2018-01-01,2018-12-31,H3260_v1_7
218803,250356,161314,2018-02-05,0.17,8,NA,NA,2018-01-01,2018-12-31,H3260_v1_7
260186,242575,206980,2018-02-13,1.3,8.4,NA,NA,2018-01-01,2018-12-31,H3260_v1_7
111617,186904,232114,2018-02-01,NA,5.1,NA,NA,2018-01-01,2018-12-31,H3260_v1_7
84207,151545,223322,2018-02-05,NA,3.5,NA,NA,2018-01-01,2018-12-31,H3260_v1_7
221004,245672,183550,2018-02-12,0.81,2.1,NA,NA,2018-01-01,2018-12-31,H3260_v1_7
114607,231338,179333,2018-02-26,0.35,0.58,NA,NA,2018-01-01,2018-12-31,H3260_v1_7
38402,197860,216731,2018-03-14,0.74,1.4,NA,NA,2018-01-01,2018-12-31,H3260_v1_7
238649,224674,207481,2018-03-20,0.25,5.7,NA,NA,2018-01-01,2018-12-31,H3260_v1_7
203454,200579,184451,2018-03-26,0.33,1.4,NA,NA,2018-01-01,2018-12-31,H3260_v1_7
175055,74627,200334,2018-03-27,0.074,0,NA,NA,2018-01-01,2018-12-31,H3260_v1_7
169151,161052,157603,2018-03-13,1.5,4.7,NA,NA,2018-01-01,2018-12-31,H3260_v1_7
169151,161052,157603,2018-04-19,0.41,5.1,NA,NA,2018-01-01,2018-12-31,H3260_v1_7
212371,244877,161556,2018-04-03,0.11,5.4,NA,NA,2018-01-01,2018-12-31,H3260_v1_7
249683,208625,203839,2018-04-11,0.47,1.4,NA,NA,2018-01-01,2018-12-31,H3260_v1_7
252505,198764,207113,2018-04-11,0.68,2.3,NA,NA,2018-01-01,2018-12-31,H3260_v1_7
103391,189477,197117,2018-04-12,0.83,0,NA,NA,2018-01-01,2018-12-31,H3260_v1_7
174514,97584,197275,2017-02-23,0.58,3.5,NA,0.25,2016-01-01,2017-12-31,H3260_v1_6
238515,223950,218080,2017-03-06,1.1,2.6,NA,0.09,2016-01-01,2017-12-31,H3260_v1_6
213836,241452,197091,2017-03-06,0.19,2.7,NA,0.073,2016-01-01,2017-12-31,H3260_v1_6
238515,223950,218080,2017-03-21,0.73,3.3,NA,0.087,2016-01-01,2017-12-31,H3260_v1_6
123574,187346,210000,2017-03-15,0.39,1.6,NA,0.069,2016-01-01,2017-12-31,H3260_v1_6
218390,232321,177163,2018-02-28,0.34,2,NA,NA,2018-01-01,2018-12-31,H3260_v1_7
124018,192159,223185,2018-02-14,0.41,4.3,NA,NA,2018-01-01,2018-12-31,H3260_v1_7
38434,200014,218405,2018-02-15,0.71,2.1,NA,NA,2018-01-01,2018-12-31,H3260_v1_7
255415,228750,210246,2018-02-22,0.16,7.6,NA,NA,2018-01-01,2018-12-31,H3260_v1_7
174514,97584,197275,2017-03-16,0.49,2.6,NA,0.12,2016-01-01,2017-12-31,H3260_v1_6
238515,223950,218080,2017-04-12,0.34,3.1,NA,0.097,2016-01-01,2017-12-31,H3260_v1_6
174514,97584,197275,2017-04-06,0.36,0.67,NA,0.11,2016-01-01,2017-12-31,H3260_v1_6
123574,187346,210000,2017-04-13,0.15,1.2,NA,0.053,2016-01-01,2017-12-31,H3260_v1_6
213836,241452,197091,2017-04-10,0.08,3.4,NA,0.048,2016-01-01,2017-12-31,H3260_v1_6
238515,223950,218080,2017-04-25,0.82,2.9,NA,0.096,2016-01-01,2017-12-31,H3260_v1_6
38402,197860,216731,2018-04-16,0.52,1.7,NA,NA,2018-01-01,2018-12-31,H3260_v1_7
203454,200579,184451,2018-04-26,1.6,1.1,NA,NA,2018-01-01,2018-12-31,H3260_v1_7
175055,74627,200334,2018-04-24,0.17,0,NA,NA,2018-01-01,2018-12-31,H3260_v1_7
255366,228571,213970,2018-02-22,0.31,4.3,NA,NA,2018-01-01,2018-12-31,H3260_v1_7
238572,223886,213548,2018-02-21,0.51,5.4,NA,NA,2018-01-01,2018-12-31,H3260_v1_7
260186,242575,206980,2018-03-12,2.9,5.6,NA,NA,2018-01-01,2018-12-31,H3260_v1_7
221004,245672,183550,2018-03-13,3.7,1.4,NA,NA,2018-01-01,2018-12-31,H3260_v1_7
213836,241452,197091,2017-05-10,0.11,3.2,NA,0.046,2016-01-01,2017-12-31,H3260_v1_6
238515,223950,218080,2017-05-08,0.55,2.4,NA,0.075,2016-01-01,2017-12-31,H3260_v1_6
174514,97584,197275,2017-05-02,0.21,0,NA,0.086,2016-01-01,2017-12-31,H3260_v1_6
123574,187346,210000,2017-05-15,0.2,0.74,NA,0.071,2016-01-01,2017-12-31,H3260_v1_6
174514,97584,197275,2017-06-06,0.052,0,NA,0.95,2016-01-01,2017-12-31,H3260_v1_6
238515,223950,218080,2017-05-22,0.28,2.1,NA,0.074,2016-01-01,2017-12-31,H3260_v1_6
238515,223950,218080,2017-06-07,2.9,3.1,NA,0.2,2016-01-01,2017-12-31,H3260_v1_6
38434,200014,218405,2018-03-14,0.84,1.9,NA,NA,2018-01-01,2018-12-31,H3260_v1_7
218390,232321,177163,2018-03-26,0.39,1.7,NA,NA,2018-01-01,2018-12-31,H3260_v1_7
255366,228571,213970,2018-03-21,0.19,4.1,NA,NA,2018-01-01,2018-12-31,H3260_v1_7
255415,228750,210246,2018-03-21,0.11,7.1,NA,NA,2018-01-01,2018-12-31,H3260_v1_7
111617,186904,232114,2018-03-28,NA,2.9,NA,NA,2018-01-01,2018-12-31,H3260_v1_7
84207,151545,223322,2018-03-29,NA,1.3,NA,NA,2018-01-01,2018-12-31,H3260_v1_7
218803,250356,161314,2018-04-03,0.19,7.8,NA,NA,2018-01-01,2018-12-31,H3260_v1_7
213836,241452,197091,2017-06-19,0.055,2.7,NA,0.054,2016-01-01,2017-12-31,H3260_v1_6
238515,223950,218080,2017-06-21,0.31,2.2,NA,0.12,2016-01-01,2017-12-31,H3260_v1_6
123574,187346,210000,2017-06-19,0.088,0.56,NA,0.056,2016-01-01,2017-12-31,H3260_v1_6
238515,223950,218080,2017-11-06,1.1,2.8,NA,0.026,2016-01-01,2017-12-31,H3260_v1_6
123574,187346,210000,2017-11-20,0.49,0.93,NA,0.079,2016-01-01,2017-12-31,H3260_v1_6
38434,200014,218405,2018-04-16,0.39,1.5,NA,NA,2018-01-01,2018-12-31,H3260_v1_7
124018,192159,223185,2018-04-19,0.072,1.7,NA,NA,2018-01-01,2018-12-31,H3260_v1_7
260186,242575,206980,2018-04-17,0.68,7.2,NA,NA,2018-01-01,2018-12-31,H3260_v1_7
221004,245672,183550,2018-04-18,0.72,1.4,NA,NA,2018-01-01,2018-12-31,H3260_v1_7
114607,231338,179333,2018-04-23,0.22,0,NA,NA,2018-01-01,2018-12-31,H3260_v1_7
218390,232321,177163,2018-04-26,0.2,1.4,NA,NA,2018-01-01,2018-12-31,H3260_v1_7
213836,241452,197091,2017-12-06,0.84,3.4,NA,0.051,2016-01-01,2017-12-31,H3260_v1_6
238515,223950,218080,2017-11-20,1.2,3.1,NA,0.035,2016-01-01,2017-12-31,H3260_v1_6
174514,97584,197275,2017-12-04,0.63,3.3,NA,0.21,2016-01-01,2017-12-31,H3260_v1_6
238515,223950,218080,2017-12-04,1.9,3.1,NA,0.032,2016-01-01,2017-12-31,H3260_v1_6
123574,187346,210000,2017-12-13,0.4,2.1,NA,0.075,2016-01-01,2017-12-31,H3260_v1_6
238515,223950,218080,2017-12-11,2,2.8,NA,0.039,2016-01-01,2017-12-31,H3260_v1_6
213836,241452,197091,2018-01-16,0.39,3.2,NA,NA,2018-01-01,2018-12-31,H3260_v1_7
238515,223950,218080,2018-01-23,0.65,4,NA,NA,2018-01-01,2018-12-31,H3260_v1_7
123786,178342,209668,2018-01-25,0.45,2.2,NA,NA,2018-01-01,2018-12-31,H3260_v1_7
213836,241452,197091,2018-02-12,0.26,3.3,NA,NA,2018-01-01,2018-12-31,H3260_v1_7
123786,178342,209668,2018-02-14,0.56,1.9,NA,NA,2018-01-01,2018-12-31,H3260_v1_7
238515,223950,218080,2018-02-20,1,4.6,NA,NA,2018-01-01,2018-12-31,H3260_v1_7
213836,241452,197091,2018-03-13,0.14,3.1,NA,NA,2018-01-01,2018-12-31,H3260_v1_7
123786,178342,209668,2018-03-13,0.84,2.7,NA,NA,2018-01-01,2018-12-31,H3260_v1_7
206717,208591,210830,2014-06-10,0.136,1.71,0.068,NA,2012-01-01,2015-12-31,H3260_v1_5
33385,183472,213552,2014-06-11,0.46,2.17,0.066,NA,2012-01-01,2015-12-31,H3260_v1_5
241605,230272,199364,2014-06-24,5.7,7.1,0.61,NA,2012-01-01,2015-12-31,H3260_v1_5
123717,198919,214642,2014-06-16,0.119,0.3,0,NA,2012-01-01,2015-12-31,H3260_v1_5
123530,183551,208274,2014-06-16,0.168,0.68,0.036,NA,2012-01-01,2015-12-31,H3260_v1_5
123453,177170,209314,2014-06-16,0.13,0.74,0.046,NA,2012-01-01,2015-12-31,H3260_v1_5
166730,195999,215547,2014-06-16,0,0.57,0.068,NA,2012-01-01,2015-12-31,H3260_v1_5
104298,175740,237017,2015-08-03,0.29,1.4,0.015,NA,2012-01-01,2015-12-31,H3260_v1_5
123717,198919,214642,2015-08-04,0.29,0,0,NA,2012-01-01,2015-12-31,H3260_v1_5
123530,183551,208274,2015-08-04,0.076,0.52,0.013,NA,2012-01-01,2015-12-31,H3260_v1_5
123453,177170,209314,2015-08-04,0.075,0.69,0.05,NA,2012-01-01,2015-12-31,H3260_v1_5
111580,184931,233174,2015-08-05,0.1,1.2,0.11,NA,2012-01-01,2015-12-31,H3260_v1_5
166730,195999,215547,2015-08-06,0,0,0.011,NA,2012-01-01,2015-12-31,H3260_v1_5
33385,183472,213552,2015-08-06,0.16,2.1,0.065,NA,2012-01-01,2015-12-31,H3260_v1_5
219284,87245,207610,2015-08-12,2.43,1.22,1.73,NA,2012-01-01,2015-12-31,H3260_v1_5
241605,230272,199364,2015-08-13,1.7,6.7,0.16,NA,2012-01-01,2015-12-31,H3260_v1_5
45938,206821,205572,2015-08-12,0,0,0.031,NA,2012-01-01,2015-12-31,H3260_v1_5
206717,208591,210830,2015-08-13,0.082,1.4,0.095,NA,2012-01-01,2015-12-31,H3260_v1_5
104298,175740,237017,2015-09-01,1.6,2.4,0.34,NA,2012-01-01,2015-12-31,H3260_v1_5
111580,184931,233174,2015-09-02,0.19,0.86,0.13,NA,2012-01-01,2015-12-31,H3260_v1_5
241605,230272,199364,2015-09-15,1.3,5.7,0.13,NA,2012-01-01,2015-12-31,H3260_v1_5
123717,198919,214642,2015-09-09,0.085,0,0.014,NA,2012-01-01,2015-12-31,H3260_v1_5
123530,183551,208274,2015-09-09,0,0.72,0.03,NA,2012-01-01,2015-12-31,H3260_v1_5
206717,208591,210830,2015-09-10,0.12,1.4,0.054,NA,2012-01-01,2015-12-31,H3260_v1_5
219284,87245,207610,2015-09-08,0.14,2.91,0.42,NA,2012-01-01,2015-12-31,H3260_v1_5
166730,195999,215547,2015-09-14,0,0,0,NA,2012-01-01,2015-12-31,H3260_v1_5
33385,183472,213552,2015-09-14,0,2.4,0.091,NA,2012-01-01,2015-12-31,H3260_v1_5
225005,212455,205760,2015-08-13,0.13,0.71,0.044,NA,2012-01-01,2015-12-31,H3260_v1_5
123453,177170,209314,2015-09-09,0.073,0.79,0.039,NA,2012-01-01,2015-12-31,H3260_v1_5
225005,212455,205760,2015-09-10,0,0.41,0.11,NA,2012-01-01,2015-12-31,H3260_v1_5
45938,206821,205572,2015-09-16,0.12,0,0.028,NA,2012-01-01,2015-12-31,H3260_v1_5
123717,198919,214642,2015-10-01,0.16,0.52,0.04,NA,2012-01-01,2015-12-31,H3260_v1_5
123530,183551,208274,2015-10-01,0.22,1.1,0.05,NA,2012-01-01,2015-12-31,H3260_v1_5
123453,177170,209314,2015-10-01,1,0,0.036,NA,2012-01-01,2015-12-31,H3260_v1_5
219284,87245,207610,2015-10-06,0.64,2.93,0.31,NA,2012-01-01,2015-12-31,H3260_v1_5
104298,175740,237017,2015-10-05,0.14,3.8,0.074,NA,2012-01-01,2015-12-31,H3260_v1_5
166730,195999,215547,2015-10-06,0.15,0,0.011,NA,2012-01-01,2015-12-31,H3260_v1_5
33385,183472,213552,2015-10-06,0.097,1.7,0.047,NA,2012-01-01,2015-12-31,H3260_v1_5
111580,184931,233174,2015-10-07,0.44,1.9,0.11,NA,2012-01-01,2015-12-31,H3260_v1_5
45938,206821,205572,2015-10-08,0.07,0,0.048,NA,2012-01-01,2015-12-31,H3260_v1_5
225005,212455,205760,2015-10-19,0.081,0.44,0.1,NA,2012-01-01,2015-12-31,H3260_v1_5
206717,208591,210830,2015-10-19,0.098,1.3,0.053,NA,2012-01-01,2015-12-31,H3260_v1_5
219284,87245,207610,2015-11-04,1.66,2.26,0.46,NA,2012-01-01,2015-12-31,H3260_v1_5
111580,184931,233174,2015-11-04,0,1.2,0.033,NA,2012-01-01,2015-12-31,H3260_v1_5
45938,206821,205572,2015-11-05,0.1,0,0.057,NA,2012-01-01,2015-12-31,H3260_v1_5
241605,230272,199364,2015-11-19,2.2,5.3,0.22,NA,2012-01-01,2015-12-31,H3260_v1_5
104298,175740,237017,2015-11-09,0.78,2.1,0.042,NA,2012-01-01,2015-12-31,H3260_v1_5
166730,195999,215547,2015-11-10,0.2,0,0.03,NA,2012-01-01,2015-12-31,H3260_v1_5
33385,183472,213552,2015-11-10,0.13,1.3,0.036,NA,2012-01-01,2015-12-31,H3260_v1_5
123717,198919,214642,2015-11-12,0.16,1.1,0.03,NA,2012-01-01,2015-12-31,H3260_v1_5
123530,183551,208274,2015-11-12,0.38,1,0.066,NA,2012-01-01,2015-12-31,H3260_v1_5
123453,177170,209314,2015-11-12,0.14,0.98,0.067,NA,2012-01-01,2015-12-31,H3260_v1_5
225005,212455,205760,2015-11-16,0.095,0,0.14,NA,2012-01-01,2015-12-31,H3260_v1_5
206717,208591,210830,2015-11-16,0.13,1.7,0.064,NA,2012-01-01,2015-12-31,H3260_v1_5
104298,175740,237017,2015-12-01,0.24,13,0.38,NA,2012-01-01,2015-12-31,H3260_v1_5
111580,184931,233174,2015-12-02,0.31,11,0.12,NA,2012-01-01,2015-12-31,H3260_v1_5
123717,198919,214642,2015-12-03,0.22,1.2,0.049,NA,2012-01-01,2015-12-31,H3260_v1_5
123530,183551,208274,2015-12-03,0.46,2.2,0.11,NA,2012-01-01,2015-12-31,H3260_v1_5
123453,177170,209314,2015-12-03,0.38,2.2,0.12,NA,2012-01-01,2015-12-31,H3260_v1_5
219284,87245,207610,2015-11-30,0.171,6.7,0.5,NA,2012-01-01,2015-12-31,H3260_v1_5
45938,206821,205572,2015-12-08,0.33,0.53,0.078,NA,2012-01-01,2015-12-31,H3260_v1_5
225005,212455,205760,2015-12-09,0.22,0.56,0.11,NA,2012-01-01,2015-12-31,H3260_v1_5
166730,195999,215547,2015-12-09,0.58,0.46,0.042,NA,2012-01-01,2015-12-31,H3260_v1_5
33385,183472,213552,2015-12-09,0.23,1.6,0.062,NA,2012-01-01,2015-12-31,H3260_v1_5
206717,208591,210830,2015-12-10,0.18,1.5,0.063,NA,2012-01-01,2015-12-31,H3260_v1_5
104298,175740,237017,2016-01-11,1.4,11,0.2,NA,2016-01-01,2017-12-31,H3260_v1_6
111580,184931,233174,2016-01-13,0.4,5.9,0.14,NA,2016-01-01,2017-12-31,H3260_v1_6
206717,208591,210830,2016-01-14,0.16,1.6,0.049,NA,2016-01-01,2017-12-31,H3260_v1_6
45938,206821,205572,2016-01-14,0.34,0.69,0.083,NA,2016-01-01,2017-12-31,H3260_v1_6
219284,87245,207610,2016-01-25,0.231,6.8,0.093,NA,2016-01-01,2017-12-31,H3260_v1_6
123717,198919,214642,2016-01-21,0.22,1.1,0.04,NA,2016-01-01,2017-12-31,H3260_v1_6
123530,183551,208274,2016-01-21,0.47,2,0.064,NA,2016-01-01,2017-12-31,H3260_v1_6
143464,198312,221721,2016-01-21,1.1,5.2,0.068,NA,2016-01-01,2017-12-31,H3260_v1_6
166730,195999,215547,2016-01-21,0.49,1.3,0.01,NA,2016-01-01,2017-12-31,H3260_v1_6
241605,230272,199364,2016-02-02,1.6,5.4,0.14,NA,2016-01-01,2017-12-31,H3260_v1_6
123530,183551,208274,2014-12-09,0.73,1.2,0.077,NA,2012-01-01,2015-12-31,H3260_v1_5
123453,177170,209314,2014-12-09,0.6,1.31,0.066,NA,2012-01-01,2015-12-31,H3260_v1_5
238515,223950,218080,2018-03-20,0.88,4,NA,NA,2018-01-01,2018-12-31,H3260_v1_7
123786,178342,209668,2018-04-19,0.49,1.5,NA,NA,2018-01-01,2018-12-31,H3260_v1_7
213836,241452,197091,2018-04-18,0.11,2.8,NA,NA,2018-01-01,2018-12-31,H3260_v1_7
123574,187346,210000,2015-08-04,0.085,0,0.015,NA,2012-01-01,2015-12-31,H3260_v1_5
84207,151545,223322,2018-05-09,NA,1.2,NA,NA,2018-01-01,2018-12-31,H3260_v1_7
123786,178342,209668,2015-08-06,0,6.2,0.04,NA,2012-01-01,2015-12-31,H3260_v1_5
123574,187346,210000,2015-09-09,0.098,0.66,0.041,NA,2012-01-01,2015-12-31,H3260_v1_5
38434,200014,218405,2018-05-24,0,0.89,NA,NA,2018-01-01,2018-12-31,H3260_v1_7
218803,250356,161314,2018-06-06,0.24,7.3,NA,NA,2018-01-01,2018-12-31,H3260_v1_7
255366,228571,213970,2018-05-29,0.16,2.2,NA,NA,2018-01-01,2018-12-31,H3260_v1_7
255415,228750,210246,2018-05-29,0.084,5.2,NA,NA,2018-01-01,2018-12-31,H3260_v1_7
221004,245672,183550,2018-06-20,1.4,0,NA,NA,2018-01-01,2018-12-31,H3260_v1_7
218390,232321,177163,2018-05-29,0.27,1.1,NA,NA,2018-01-01,2018-12-31,H3260_v1_7
260186,242575,206980,2018-06-14,0.051,11,NA,NA,2018-01-01,2018-12-31,H3260_v1_7
38402,197860,216731,2018-05-24,0.15,1.4,NA,NA,2018-01-01,2018-12-31,H3260_v1_7
212371,244877,161556,2018-06-06,0.14,5.8,NA,NA,2018-01-01,2018-12-31,H3260_v1_7
238649,224674,207481,2018-05-28,0.67,4.1,NA,NA,2018-01-01,2018-12-31,H3260_v1_7
175055,74627,200334,2018-06-13,0.062,0,NA,NA,2018-01-01,2018-12-31,H3260_v1_7
103391,189477,197117,2018-06-14,0.66,0.87,NA,NA,2018-01-01,2018-12-31,H3260_v1_7
203454,200579,184451,2018-06-28,0.1,0,NA,NA,2018-01-01,2018-12-31,H3260_v1_7
123786,178342,209668,2015-09-14,1.3,4,0.1,NA,2012-01-01,2015-12-31,H3260_v1_5
123574,187346,210000,2015-10-01,0.11,0.86,0.041,NA,2012-01-01,2015-12-31,H3260_v1_5
123786,178342,209668,2015-10-06,0.45,3.8,0.048,NA,2012-01-01,2015-12-31,H3260_v1_5
218390,232321,177163,2018-06-28,0.17,1.4,NA,NA,2018-01-01,2018-12-31,H3260_v1_7
114607,231338,179333,2018-06-26,0.32,0,NA,NA,2018-01-01,2018-12-31,H3260_v1_7
124018,192159,223185,2018-06-19,0.12,0.75,NA,NA,2018-01-01,2018-12-31,H3260_v1_7
38434,200014,218405,2018-06-20,0,0.56,NA,NA,2018-01-01,2018-12-31,H3260_v1_7
249683,208625,203839,2018-06-13,0,1.5,NA,NA,2018-01-01,2018-12-31,H3260_v1_7
252505,198764,207113,2018-06-13,0.095,1.4,NA,NA,2018-01-01,2018-12-31,H3260_v1_7
38402,197860,216731,2018-06-20,0.32,1,NA,NA,2018-01-01,2018-12-31,H3260_v1_7
238649,224674,207481,2018-06-19,0.32,4.4,NA,NA,2018-01-01,2018-12-31,H3260_v1_7
238518,223836,217778,2018-06-19,0.18,3,NA,NA,2018-01-01,2018-12-31,H3260_v1_7
123786,178342,209668,2015-11-10,0.23,1.7,0.072,NA,2012-01-01,2015-12-31,H3260_v1_5
238649,224674,207481,2018-07-17,0.18,4.3,NA,NA,2018-01-01,2018-12-31,H3260_v1_7
212371,244877,161556,2018-07-03,0,4.9,NA,NA,2018-01-01,2018-12-31,H3260_v1_7
249683,208625,203839,2018-07-10,0,1.3,NA,NA,2018-01-01,2018-12-31,H3260_v1_7
203454,200579,184451,2018-07-31,0,0,NA,NA,2018-01-01,2018-12-31,H3260_v1_7
38402,197860,216731,2018-07-19,0.52,2.2,NA,NA,2018-01-01,2018-12-31,H3260_v1_7
212371,244877,161556,2018-08-01,0,3.2,NA,NA,2018-01-01,2018-12-31,H3260_v1_7
238572,223886,213548,2018-06-19,0.18,4,NA,NA,2018-01-01,2018-12-31,H3260_v1_7
255366,228571,213970,2018-06-20,0.1,1.6,NA,NA,2018-01-01,2018-12-31,H3260_v1_7
255415,228750,210246,2018-06-20,0.055,4.5,NA,NA,2018-01-01,2018-12-31,H3260_v1_7
260186,242575,206980,2018-07-17,0,5,NA,NA,2018-01-01,2018-12-31,H3260_v1_7
255366,228571,213970,2018-07-18,0.12,1.1,NA,NA,2018-01-01,2018-12-31,H3260_v1_7
255415,228750,210246,2018-07-18,0.19,2.7,NA,NA,2018-01-01,2018-12-31,H3260_v1_7
221004,245672,183550,2018-07-18,1.3,0.49,NA,NA,2018-01-01,2018-12-31,H3260_v1_7
123574,187346,210000,2015-11-12,0.3,0.83,0.087,NA,2012-01-01,2015-12-31,H3260_v1_5
123574,187346,210000,2015-12-03,0.41,2.2,0.1,NA,2012-01-01,2015-12-31,H3260_v1_5
218390,232321,177163,2018-07-30,0.09,1.4,NA,NA,2018-01-01,2018-12-31,H3260_v1_7
38434,200014,218405,2018-07-19,0.073,0,NA,NA,2018-01-01,2018-12-31,H3260_v1_7
218803,250356,161314,2018-08-01,0.1,6.7,NA,NA,2018-01-01,2018-12-31,H3260_v1_7
249683,208625,203839,2018-08-09,0.054,0.61,NA,NA,2018-01-01,2018-12-31,H3260_v1_7
252505,198764,207113,2018-08-09,0.85,1.3,NA,NA,2018-01-01,2018-12-31,H3260_v1_7
38402,197860,216731,2018-08-21,0.11,3.2,NA,NA,2018-01-01,2018-12-31,H3260_v1_7
238649,224674,207481,2018-08-28,0.16,4.2,NA,NA,2018-01-01,2018-12-31,H3260_v1_7
123786,178342,209668,2015-12-09,0.92,2.1,0.097,NA,2012-01-01,2015-12-31,H3260_v1_5
174514,97584,197275,2016-01-12,0.63,2.54,0.205,NA,2016-01-01,2017-12-31,H3260_v1_6
213836,241452,197091,2016-01-20,0.2,3.8,0.048,NA,2016-01-01,2017-12-31,H3260_v1_6
123574,187346,210000,2016-01-21,0.47,2,0.066,NA,2016-01-01,2017-12-31,H3260_v1_6
238515,223950,218080,2016-01-27,0.55,3.5,0.058,NA,2016-01-01,2017-12-31,H3260_v1_6
213836,241452,197091,2016-02-04,0.16,3.1,0.074,NA,2016-01-01,2017-12-31,H3260_v1_6
166730,195999,215547,2014-12-09,0.5,0.78,0.03,NA,2012-01-01,2015-12-31,H3260_v1_5
33385,183472,213552,2014-12-10,1.25,1.91,0.059,NA,2012-01-01,2015-12-31,H3260_v1_5
219284,87245,207610,2015-01-20,0.178,6.2,0.095,NA,2012-01-01,2015-12-31,H3260_v1_5
104298,175740,237017,2015-01-12,0,13,0.069,NA,2012-01-01,2015-12-31,H3260_v1_5
123717,198919,214642,2015-01-13,0.24,1.2,0.037,NA,2012-01-01,2015-12-31,H3260_v1_5
123530,183551,208274,2015-01-13,0.49,2.6,0.1,NA,2012-01-01,2015-12-31,H3260_v1_5
124018,192159,223185,2018-08-20,0.15,0,NA,NA,2018-01-01,2018-12-31,H3260_v1_7
38434,200014,218405,2018-08-21,0.14,0,NA,NA,2018-01-01,2018-12-31,H3260_v1_7
260186,242575,206980,2018-08-23,0.12,8.9,NA,NA,2018-01-01,2018-12-31,H3260_v1_7
221004,245672,183550,2018-08-22,1.6,0,NA,NA,2018-01-01,2018-12-31,H3260_v1_7
238518,223836,217778,2018-08-28,0.15,4.1,NA,NA,2018-01-01,2018-12-31,H3260_v1_7
203454,200579,184451,2018-08-30,0.27,0,NA,NA,2018-01-01,2018-12-31,H3260_v1_7
175055,74627,200334,2018-08-30,0.13,0,NA,NA,2018-01-01,2018-12-31,H3260_v1_7
249683,208625,203839,2018-09-11,0,0.65,NA,NA,2018-01-01,2018-12-31,H3260_v1_7
252505,198764,207113,2018-09-11,0,1.4,NA,NA,2018-01-01,2018-12-31,H3260_v1_7
175055,74627,200334,2018-09-12,0,0,NA,NA,2018-01-01,2018-12-31,H3260_v1_7
174514,97584,197275,2016-02-03,0.512,3.86,0.208,NA,2016-01-01,2017-12-31,H3260_v1_6
238515,223950,218080,2016-02-09,0.57,3.6,0.099,NA,2016-01-01,2017-12-31,H3260_v1_6
123574,187346,210000,2016-02-10,0.41,2.1,0.18,NA,2016-01-01,2017-12-31,H3260_v1_6
238515,223950,218080,2018-04-24,0.5,3.6,NA,NA,2018-01-01,2018-12-31,H3260_v1_7
213836,241452,197091,2018-05-15,0.35,2.9,NA,NA,2018-01-01,2018-12-31,H3260_v1_7
238572,223886,213548,2018-08-28,0.4,5.5,NA,NA,2018-01-01,2018-12-31,H3260_v1_7
255366,228571,213970,2018-08-29,0.096,0.81,NA,NA,2018-01-01,2018-12-31,H3260_v1_7
255415,228750,210246,2018-08-29,0,2.8,NA,NA,2018-01-01,2018-12-31,H3260_v1_7
218390,232321,177163,2018-08-30,0.24,0.93,NA,NA,2018-01-01,2018-12-31,H3260_v1_7
111617,186904,232114,2018-08-29,NA,0,NA,NA,2018-01-01,2018-12-31,H3260_v1_7
84207,151545,223322,2018-08-30,NA,0,NA,NA,2018-01-01,2018-12-31,H3260_v1_7
260186,242575,206980,2018-09-20,0.099,6.2,NA,NA,2018-01-01,2018-12-31,H3260_v1_7
221004,245672,183550,2018-09-25,1.2,0.4,NA,NA,2018-01-01,2018-12-31,H3260_v1_7
123786,178342,209668,2018-05-23,2.8,1.6,NA,NA,2018-01-01,2018-12-31,H3260_v1_7
238515,223950,218080,2018-05-28,1.6,2.4,NA,NA,2018-01-01,2018-12-31,H3260_v1_7
213836,241452,197091,2018-06-20,0.059,2.5,NA,NA,2018-01-01,2018-12-31,H3260_v1_7
123786,178342,209668,2018-06-19,0.061,1.2,NA,NA,2018-01-01,2018-12-31,H3260_v1_7
238515,223950,218080,2018-06-19,0.25,2.9,NA,NA,2018-01-01,2018-12-31,H3260_v1_7
238515,223950,218080,2018-07-17,0.13,2.5,NA,NA,2018-01-01,2018-12-31,H3260_v1_7
213836,241452,197091,2018-07-18,0.15,2.1,NA,NA,2018-01-01,2018-12-31,H3260_v1_7
123786,178342,209668,2018-07-18,0.099,0.56,NA,NA,2018-01-01,2018-12-31,H3260_v1_7
123786,178342,209668,2018-08-20,0.88,1,NA,NA,2018-01-01,2018-12-31,H3260_v1_7
213836,241452,197091,2018-08-22,0.11,2.1,NA,NA,2018-01-01,2018-12-31,H3260_v1_7
238515,223950,218080,2018-08-28,0.2,3.1,NA,NA,2018-01-01,2018-12-31,H3260_v1_7
213836,241452,197091,2018-09-25,0.82,2.1,NA,NA,2018-01-01,2018-12-31,H3260_v1_7
123453,177170,209314,2015-01-13,0.52,2.6,0.11,NA,2012-01-01,2015-12-31,H3260_v1_5
111580,184931,233174,2015-01-14,0.52,6.3,0.12,NA,2012-01-01,2015-12-31,H3260_v1_5
166730,195999,215547,2015-01-15,0.34,2.2,0.084,NA,2012-01-01,2015-12-31,H3260_v1_5
33385,183472,213552,2015-01-15,0.34,2.6,0.14,NA,2012-01-01,2015-12-31,H3260_v1_5
33385,183472,213552,2016-02-17,0.47,1.2,0.11,NA,2016-01-01,2017-12-31,H3260_v1_6
104298,175740,237017,2016-03-01,1.3,7.1,0.13,NA,2016-01-01,2017-12-31,H3260_v1_6
111580,184931,233174,2016-03-02,0.72,3.9,0.16,NA,2016-01-01,2017-12-31,H3260_v1_6
45938,206821,205572,2016-03-03,0.3,0.77,0.072,NA,2016-01-01,2017-12-31,H3260_v1_6
206717,208591,210830,2016-03-07,0.21,1.4,0.031,NA,2016-01-01,2017-12-31,H3260_v1_6
123717,198919,214642,2016-03-09,0.18,1.2,0.029,NA,2016-01-01,2017-12-31,H3260_v1_6
123530,183551,208274,2016-03-09,0.47,2.2,0.084,NA,2016-01-01,2017-12-31,H3260_v1_6
143464,198312,221721,2016-03-09,0.89,4.8,0.084,NA,2016-01-01,2017-12-31,H3260_v1_6
166730,195999,215547,2016-03-09,0.42,1.7,0.036,NA,2016-01-01,2017-12-31,H3260_v1_6
33385,183472,213552,2016-03-16,0.71,1.3,0,NA,2016-01-01,2017-12-31,H3260_v1_6
219284,87245,207610,2016-03-16,0.35,3.61,0.062,NA,2016-01-01,2017-12-31,H3260_v1_6
241605,230272,199364,2016-04-14,0.9,6,0.093,NA,2016-01-01,2017-12-31,H3260_v1_6
111580,184931,233174,2016-04-06,1.1,3,0.1,NA,2016-01-01,2017-12-31,H3260_v1_6
104298,175740,237017,2016-04-07,0.67,3.6,0.12,NA,2016-01-01,2017-12-31,H3260_v1_6
219284,87245,207610,2016-04-13,0.261,2.77,0.115,NA,2016-01-01,2017-12-31,H3260_v1_6
206717,208591,210830,2016-04-11,0.16,1.8,0.024,NA,2016-01-01,2017-12-31,H3260_v1_6
45938,206821,205572,2016-04-13,0.11,0.56,0.074,NA,2016-01-01,2017-12-31,H3260_v1_6
123717,198919,214642,2016-04-14,0.22,0.77,0.025,NA,2016-01-01,2017-12-31,H3260_v1_6
123530,183551,208274,2016-04-14,0.24,0.95,0.058,NA,2016-01-01,2017-12-31,H3260_v1_6
143464,198312,221721,2016-04-14,1.1,2.2,0.049,NA,2016-01-01,2017-12-31,H3260_v1_6
166730,195999,215547,2016-04-14,0.7,0.74,0.025,NA,2016-01-01,2017-12-31,H3260_v1_6
33385,183472,213552,2016-04-18,0.44,1.3,0.06,NA,2016-01-01,2017-12-31,H3260_v1_6
104298,175740,237017,2016-05-02,0.68,4.6,0.17,NA,2016-01-01,2017-12-31,H3260_v1_6
111580,184931,233174,2016-05-04,0.43,2,0.059,NA,2016-01-01,2017-12-31,H3260_v1_6
206717,208591,210830,2016-05-11,0.15,1.3,0.033,NA,2016-01-01,2017-12-31,H3260_v1_6
219284,87245,207610,2016-05-17,1.85,1.29,0.206,NA,2016-01-01,2017-12-31,H3260_v1_6
45938,206821,205572,2016-05-17,0.095,0.5,0.032,NA,2016-01-01,2017-12-31,H3260_v1_6
123717,198919,214642,2016-05-18,0.16,0.98,0.036,NA,2016-01-01,2017-12-31,H3260_v1_6
123530,183551,208274,2016-05-18,0.18,0.84,0.043,NA,2016-01-01,2017-12-31,H3260_v1_6
143464,198312,221721,2016-05-18,0.81,2.4,0.056,NA,2016-01-01,2017-12-31,H3260_v1_6
166730,195999,215547,2016-05-18,0.095,0.46,0.011,NA,2016-01-01,2017-12-31,H3260_v1_6
33385,183472,213552,2016-05-23,2.5,1.1,0.17,NA,2016-01-01,2017-12-31,H3260_v1_6
241605,230272,199364,2016-06-07,1.1,5.6,0.14,NA,2016-01-01,2017-12-31,H3260_v1_6
111580,184931,233174,2016-06-01,0.67,6.7,0.23,NA,2016-01-01,2017-12-31,H3260_v1_6
104298,175740,237017,2016-06-02,0.66,15,0.18,NA,2016-01-01,2017-12-31,H3260_v1_6
206717,208591,210830,2016-06-06,0.24,0.89,0.031,NA,2016-01-01,2017-12-31,H3260_v1_6
123717,198919,214642,2016-06-08,0.16,0.6,0.037,NA,2016-01-01,2017-12-31,H3260_v1_6
123530,183551,208274,2016-06-08,0.32,1.4,0.15,NA,2016-01-01,2017-12-31,H3260_v1_6
143464,198312,221721,2016-06-08,0.97,4.2,0.15,NA,2016-01-01,2017-12-31,H3260_v1_6
166730,195999,215547,2016-06-08,0.44,0.9,0.061,NA,2016-01-01,2017-12-31,H3260_v1_6
45938,206821,205572,2016-06-09,0.21,0,0.097,NA,2016-01-01,2017-12-31,H3260_v1_6
219284,87245,207610,2016-06-15,1.47,2.2,0.49,NA,2016-01-01,2017-12-31,H3260_v1_6
33385,183472,213552,2016-06-15,0.49,0.94,0.14,NA,2016-01-01,2017-12-31,H3260_v1_6
104298,175740,237017,2016-07-05,0.6,6.3,0.14,NA,2016-01-01,2017-12-31,H3260_v1_6
111580,184931,233174,2016-07-06,0.56,3.7,0.2,NA,2016-01-01,2017-12-31,H3260_v1_6
206717,208591,210830,2016-07-07,0.18,1.1,0.038,NA,2016-01-01,2017-12-31,H3260_v1_6
219284,87245,207610,2016-07-19,2.83,1.24,0.31,NA,2016-01-01,2017-12-31,H3260_v1_6
45938,206821,205572,2016-07-14,0.22,0.71,0.088,NA,2016-01-01,2017-12-31,H3260_v1_6
123717,198919,214642,2016-07-18,0.13,0.62,0.022,NA,2016-01-01,2017-12-31,H3260_v1_6
123530,183551,208274,2016-07-18,0.13,1.1,0.096,NA,2016-01-01,2017-12-31,H3260_v1_6
143464,198312,221721,2016-07-18,0.37,2,0.072,NA,2016-01-01,2017-12-31,H3260_v1_6
166730,195999,215547,2016-07-18,0.28,0.88,0.033,NA,2016-01-01,2017-12-31,H3260_v1_6
33385,183472,213552,2016-07-19,0.11,1.4,0.034,NA,2016-01-01,2017-12-31,H3260_v1_6
241605,230272,199364,2016-08-03,0.66,4.9,0.1,NA,2016-01-01,2017-12-31,H3260_v1_6
104298,175740,237017,2016-08-02,1.9,2,0.2,NA,2016-01-01,2017-12-31,H3260_v1_6
111580,184931,233174,2016-08-03,0.62,1.5,0.18,NA,2016-01-01,2017-12-31,H3260_v1_6
225005,212455,205760,2015-07-15,0.18,0.56,0.035,NA,2012-01-01,2015-12-31,H3260_v1_5
206717,208591,210830,2015-07-15,0.092,1.2,0.013,NA,2012-01-01,2015-12-31,H3260_v1_5
221004,245672,183550,2018-11-26,1.2,0.74,NA,NA,2018-01-01,2018-12-31,H3260_v1_7
114607,231338,179333,2018-11-26,0.051,0,NA,NA,2018-01-01,2018-12-31,H3260_v1_7
218390,232321,177163,2018-11-29,0.55,0.93,NA,NA,2018-01-01,2018-12-31,H3260_v1_7
238572,223886,213548,2018-11-19,0.28,3.4,NA,NA,2018-01-01,2018-12-31,H3260_v1_7
255366,228571,213970,2018-11-20,0.07,1.4,NA,NA,2018-01-01,2018-12-31,H3260_v1_7
255415,228750,210246,2018-11-20,0,3.6,NA,NA,2018-01-01,2018-12-31,H3260_v1_7
124018,192159,223185,2018-11-20,0.28,1.1,NA,NA,2018-01-01,2018-12-31,H3260_v1_7
38434,200014,218405,2018-11-21,0.073,0,NA,NA,2018-01-01,2018-12-31,H3260_v1_7
111617,186904,232114,2018-11-26,NA,4.1,NA,NA,2018-01-01,2018-12-31,H3260_v1_7
84207,151545,223322,2018-11-29,NA,0,NA,NA,2018-01-01,2018-12-31,H3260_v1_7
260186,242575,206980,2018-12-10,2.2,4.2,NA,NA,2018-01-01,2018-12-31,H3260_v1_7
221004,245672,183550,2018-12-11,2,2.1,NA,NA,2018-01-01,2018-12-31,H3260_v1_7
255366,228571,213970,2018-12-05,0.15,2.5,NA,NA,2018-01-01,2018-12-31,H3260_v1_7
255415,228750,210246,2018-12-05,0.11,3.3,NA,NA,2018-01-01,2018-12-31,H3260_v1_7
218390,232321,177163,2018-12-17,0.41,1.2,NA,NA,2018-01-01,2018-12-31,H3260_v1_7
38434,200014,218405,2018-12-13,0.17,1.5,NA,NA,2018-01-01,2018-12-31,H3260_v1_7
45938,206821,205572,2015-07-16,0,0.58,0.04,NA,2012-01-01,2015-12-31,H3260_v1_5
206717,208591,210830,2016-08-10,0.12,1.2,0.036,NA,2016-01-01,2017-12-31,H3260_v1_6
45938,206821,205572,2016-08-17,0.15,0.47,0.07,NA,2016-01-01,2017-12-31,H3260_v1_6
33385,183472,213552,2016-08-17,0.18,1.9,0.04,NA,2016-01-01,2017-12-31,H3260_v1_6
123717,198919,214642,2016-08-18,0.1,0.5,0.023,NA,2016-01-01,2017-12-31,H3260_v1_6
123530,183551,208274,2016-08-18,0.072,0.63,0.13,NA,2016-01-01,2017-12-31,H3260_v1_6
143464,198312,221721,2016-08-18,0.093,1.4,0.06,NA,2016-01-01,2017-12-31,H3260_v1_6
166730,195999,215547,2016-08-18,0.11,0.74,0.038,NA,2016-01-01,2017-12-31,H3260_v1_6
219284,87245,207610,2016-08-18,3.15,1.33,0.33,NA,2016-01-01,2017-12-31,H3260_v1_6
241605,230272,199364,2016-09-15,0.89,7.2,0.11,NA,2016-01-01,2017-12-31,H3260_v1_6
111580,184931,233174,2016-09-07,0.17,0.8,0.11,NA,2016-01-01,2017-12-31,H3260_v1_6
104298,175740,237017,2016-09-12,0.34,1.4,0.068,NA,2016-01-01,2017-12-31,H3260_v1_6
206717,208591,210830,2016-09-13,0.17,1.8,0.045,NA,2016-01-01,2017-12-31,H3260_v1_6
45938,206821,205572,2016-09-15,0,0.53,0.068,NA,2016-01-01,2017-12-31,H3260_v1_6
123717,198919,214642,2016-09-19,0.16,0.52,0.022,NA,2016-01-01,2017-12-31,H3260_v1_6
123530,183551,208274,2016-09-19,0.15,0.62,0.18,NA,2016-01-01,2017-12-31,H3260_v1_6
143464,198312,221721,2016-09-19,0,0.86,0.073,NA,2016-01-01,2017-12-31,H3260_v1_6
166730,195999,215547,2016-09-19,0.12,0.56,0.038,NA,2016-01-01,2017-12-31,H3260_v1_6
33385,183472,213552,2016-09-20,0.08,1.3,0.057,NA,2016-01-01,2017-12-31,H3260_v1_6
219284,87245,207610,2016-09-19,3.76,0,0.76,NA,2016-01-01,2017-12-31,H3260_v1_6
103391,189477,197117,2018-12-11,0.83,1.4,NA,NA,2018-01-01,2018-12-31,H3260_v1_7
203454,200579,184451,2018-12-17,1.6,0.41,NA,NA,2018-01-01,2018-12-31,H3260_v1_7
38402,197860,216731,2018-12-13,0.2,1.1,NA,NA,2018-01-01,2018-12-31,H3260_v1_7
104298,175740,237017,2016-10-03,0.34,1.9,0.13,NA,2016-01-01,2017-12-31,H3260_v1_6
111580,184931,233174,2016-10-05,0.13,1.1,0.093,NA,2016-01-01,2017-12-31,H3260_v1_6
206717,208591,210830,2016-10-06,0.17,1.3,0.04,NA,2016-01-01,2017-12-31,H3260_v1_6
219284,87245,207610,2016-10-12,0.16,0,0.76,NA,2016-01-01,2017-12-31,H3260_v1_6
45938,206821,205572,2016-10-11,0.14,1.4,0.036,NA,2016-01-01,2017-12-31,H3260_v1_6
123717,198919,214642,2016-10-12,0.13,0.54,0.03,NA,2016-01-01,2017-12-31,H3260_v1_6
123530,183551,208274,2016-10-12,0.2,0.82,0.062,NA,2016-01-01,2017-12-31,H3260_v1_6
143464,198312,221721,2016-10-12,0.083,1.9,0.061,NA,2016-01-01,2017-12-31,H3260_v1_6
166730,195999,215547,2016-10-12,0.19,0.62,0.028,NA,2016-01-01,2017-12-31,H3260_v1_6
33385,183472,213552,2016-10-13,0,2,0.067,NA,2016-01-01,2017-12-31,H3260_v1_6
241605,230272,199364,2016-11-07,1.1,6.2,0.097,NA,2016-01-01,2017-12-31,H3260_v1_6
206717,208591,210830,2016-11-03,0.2,1.9,0.058,NA,2016-01-01,2017-12-31,H3260_v1_6
219284,87245,207610,2016-11-09,1.1,7.2,0.29,NA,2016-01-01,2017-12-31,H3260_v1_6
104298,175740,237017,2016-11-07,0.82,2,0.17,NA,2016-01-01,2017-12-31,H3260_v1_6
111580,184931,233174,2016-11-09,0.15,1.1,0.071,NA,2016-01-01,2017-12-31,H3260_v1_6
123717,198919,214642,2016-11-16,1.6,1,0.2,NA,2016-01-01,2017-12-31,H3260_v1_6
123530,183551,208274,2016-11-16,0.39,1,0.034,NA,2016-01-01,2017-12-31,H3260_v1_6
143464,198312,221721,2016-11-16,1.4,1.7,0.15,NA,2016-01-01,2017-12-31,H3260_v1_6
166730,195999,215547,2016-11-16,0.38,1.2,0.07,NA,2016-01-01,2017-12-31,H3260_v1_6
33385,183472,213552,2016-11-23,0.15,1.2,0.06,NA,2016-01-01,2017-12-31,H3260_v1_6
45938,206821,205572,2016-11-23,0.24,0.58,0.05,NA,2016-01-01,2017-12-31,H3260_v1_6
206717,208591,210830,2016-12-01,0.18,1.7,0.061,NA,2016-01-01,2017-12-31,H3260_v1_6
219284,87245,207610,2016-12-08,0.57,6.4,0.062,NA,2016-01-01,2017-12-31,H3260_v1_6
104298,175740,237017,2016-12-05,1.6,5.5,0.14,NA,2016-01-01,2017-12-31,H3260_v1_6
45938,206821,205572,2016-12-06,0.77,0.71,0.031,NA,2016-01-01,2017-12-31,H3260_v1_6
123717,198919,214642,2016-12-06,0.36,1.1,0,NA,2016-01-01,2017-12-31,H3260_v1_6
123530,183551,208274,2016-12-06,0.59,1.1,0.064,NA,2016-01-01,2017-12-31,H3260_v1_6
111580,184931,233174,2016-12-07,0.45,2.7,0.089,NA,2016-01-01,2017-12-31,H3260_v1_6
33385,183472,213552,2016-12-08,0.17,1.6,0.032,NA,2016-01-01,2017-12-31,H3260_v1_6
143464,198312,221721,2016-12-07,0.89,2.6,0,NA,2016-01-01,2017-12-31,H3260_v1_6
166730,195999,215547,2016-12-07,0.43,0.97,0.022,NA,2016-01-01,2017-12-31,H3260_v1_6
104298,175740,237017,2017-01-10,1.2,10,NA,0.24,2016-01-01,2017-12-31,H3260_v1_6
40028,185079,234004,2017-01-11,1.8,7.6,NA,0.13,2016-01-01,2017-12-31,H3260_v1_6
111580,184931,233174,2017-01-11,0.63,7.5,NA,0.089,2016-01-01,2017-12-31,H3260_v1_6
206717,208591,210830,2017-01-12,0.23,2.2,NA,0.076,2016-01-01,2017-12-31,H3260_v1_6
45938,206821,205572,2017-01-16,0.28,0.74,NA,0.057,2016-01-01,2017-12-31,H3260_v1_6
123530,183551,208274,2017-01-18,0.49,2.1,NA,0.089,2016-01-01,2017-12-31,H3260_v1_6
123717,198919,214642,2017-01-18,0.21,0.8,NA,0.031,2016-01-01,2017-12-31,H3260_v1_6
166730,195999,215547,2017-01-18,0.57,2,NA,0.049,2016-01-01,2017-12-31,H3260_v1_6
219284,87245,207610,2017-01-23,NA,7.4,NA,0.065,2016-01-01,2017-12-31,H3260_v1_6
33385,183472,213552,2017-01-19,0.41,1,NA,0.097,2016-01-01,2017-12-31,H3260_v1_6
40028,185079,234004,2017-02-01,0.76,7.7,NA,0.093,2016-01-01,2017-12-31,H3260_v1_6
111580,184931,233174,2017-02-01,0.99,5.8,NA,0.093,2016-01-01,2017-12-31,H3260_v1_6
104298,175740,237017,2017-02-06,0.85,12,NA,0.13,2016-01-01,2017-12-31,H3260_v1_6
206717,208591,210830,2017-02-07,0.2,2.6,NA,0.075,2016-01-01,2017-12-31,H3260_v1_6
45938,206821,205572,2017-02-08,0.21,0.77,NA,0.056,2016-01-01,2017-12-31,H3260_v1_6
241605,230272,199364,2017-02-15,1.1,6.1,NA,0.096,2016-01-01,2017-12-31,H3260_v1_6
219284,87245,207610,2017-02-14,NA,6.6,NA,0.063,2016-01-01,2017-12-31,H3260_v1_6
123530,183551,208274,2017-02-13,0.76,1.4,NA,0.085,2016-01-01,2017-12-31,H3260_v1_6
123717,198919,214642,2017-02-13,0.21,0.86,NA,0.041,2016-01-01,2017-12-31,H3260_v1_6
166730,195999,215547,2017-02-13,0.42,1.1,NA,0.044,2016-01-01,2017-12-31,H3260_v1_6
33385,183472,213552,2017-02-15,0.34,0.95,NA,0.1,2016-01-01,2017-12-31,H3260_v1_6
40028,185079,234004,2017-03-01,0.65,6,NA,0.17,2016-01-01,2017-12-31,H3260_v1_6
111580,184931,233174,2017-03-01,1.7,5.7,NA,0.32,2016-01-01,2017-12-31,H3260_v1_6
104298,175740,237017,2017-03-06,0.52,8.2,NA,0.33,2016-01-01,2017-12-31,H3260_v1_6
206717,208591,210830,2017-03-07,0.22,2.1,NA,0.048,2016-01-01,2017-12-31,H3260_v1_6
45938,206821,205572,2017-03-08,0.26,0.79,NA,0.059,2016-01-01,2017-12-31,H3260_v1_6
219284,87245,207610,2017-03-15,NA,5.6,NA,0.08,2016-01-01,2017-12-31,H3260_v1_6
123530,183551,208274,2017-03-15,0.65,1.7,NA,0.082,2016-01-01,2017-12-31,H3260_v1_6
123717,198919,214642,2017-03-15,0.19,0.72,NA,0.039,2016-01-01,2017-12-31,H3260_v1_6
166730,195999,215547,2017-03-15,0.45,1.4,NA,0.033,2016-01-01,2017-12-31,H3260_v1_6
33385,183472,213552,2017-03-20,0.75,1.5,NA,0.12,2016-01-01,2017-12-31,H3260_v1_6
40028,185079,234004,2017-04-05,0.18,5.7,NA,0.042,2016-01-01,2017-12-31,H3260_v1_6
111580,184931,233174,2017-04-05,0.56,2.3,NA,0.073,2016-01-01,2017-12-31,H3260_v1_6
104298,175740,237017,2017-04-06,3,2.1,NA,0.29,2016-01-01,2017-12-31,H3260_v1_6
206717,208591,210830,2017-04-10,0.088,2.2,NA,0.033,2016-01-01,2017-12-31,H3260_v1_6
45938,206821,205572,2017-04-11,0.14,0.53,NA,0.063,2016-01-01,2017-12-31,H3260_v1_6
123530,183551,208274,2017-04-13,0.23,1.1,NA,0.066,2016-01-01,2017-12-31,H3260_v1_6
123717,198919,214642,2017-04-13,0.15,0.85,NA,0.021,2016-01-01,2017-12-31,H3260_v1_6
166730,195999,215547,2017-04-13,0.12,0.9,NA,0.018,2016-01-01,2017-12-31,H3260_v1_6
241605,230272,199364,2017-04-11,0.67,6.7,NA,0.09,2016-01-01,2017-12-31,H3260_v1_6
219284,87245,207610,2017-04-12,NA,2.5,NA,0.35,2016-01-01,2017-12-31,H3260_v1_6
33385,183472,213552,2017-04-18,0.35,1.5,NA,0.045,2016-01-01,2017-12-31,H3260_v1_6
40028,185079,234004,2017-05-03,0.14,2.8,NA,0.036,2016-01-01,2017-12-31,H3260_v1_6
111580,184931,233174,2017-05-03,1,1.5,NA,0.12,2016-01-01,2017-12-31,H3260_v1_6
219284,87245,207610,2017-05-10,NA,1.2,NA,0.41,2016-01-01,2017-12-31,H3260_v1_6
104298,175740,237017,2017-05-08,1.7,1.5,NA,0.065,2016-01-01,2017-12-31,H3260_v1_6
206717,208591,210830,2017-05-09,0.28,1.9,NA,0.038,2016-01-01,2017-12-31,H3260_v1_6
45938,206821,205572,2017-05-10,0.17,0,NA,0.051,2016-01-01,2017-12-31,H3260_v1_6
123530,183551,208274,2017-05-15,0.18,0.74,NA,0.06,2016-01-01,2017-12-31,H3260_v1_6
123717,198919,214642,2017-05-15,0.13,0.69,NA,0.021,2016-01-01,2017-12-31,H3260_v1_6
166730,195999,215547,2017-05-15,0.19,0.56,NA,0.018,2016-01-01,2017-12-31,H3260_v1_6
33385,183472,213552,2017-05-16,0.31,0.75,NA,0.03,2016-01-01,2017-12-31,H3260_v1_6
219284,87245,207610,2017-06-14,NA,0,NA,0.12,2016-01-01,2017-12-31,H3260_v1_6
40028,185079,234004,2017-06-07,0.18,0.57,NA,0.081,2016-01-01,2017-12-31,H3260_v1_6
111580,184931,233174,2017-06-07,0.28,1.3,NA,0.12,2016-01-01,2017-12-31,H3260_v1_6
104298,175740,237017,2017-06-08,0.84,2.2,NA,0.054,2016-01-01,2017-12-31,H3260_v1_6
40028,185079,234004,2017-07-05,0.12,0,NA,0.042,2016-01-01,2017-12-31,H3260_v1_6
111580,184931,233174,2017-07-05,0.15,1.6,NA,0.096,2016-01-01,2017-12-31,H3260_v1_6
104298,175740,237017,2017-07-06,0.22,1.4,NA,0.064,2016-01-01,2017-12-31,H3260_v1_6
33385,183472,213552,2017-06-27,0.12,1.7,NA,0.094,2016-01-01,2017-12-31,H3260_v1_6
219284,87245,207610,2017-07-18,NA,0,NA,0.62,2016-01-01,2017-12-31,H3260_v1_6
206717,208591,210830,2017-07-12,0.34,0.92,NA,0.061,2016-01-01,2017-12-31,H3260_v1_6
45938,206821,205572,2017-07-13,0.21,0,NA,0.037,2016-01-01,2017-12-31,H3260_v1_6
123530,183551,208274,2017-07-19,0.2,0.71,NA,0.049,2016-01-01,2017-12-31,H3260_v1_6
123717,198919,214642,2017-07-19,0.16,0.53,NA,0.043,2016-01-01,2017-12-31,H3260_v1_6
166730,195999,215547,2017-07-19,0.14,0.46,NA,0.018,2016-01-01,2017-12-31,H3260_v1_6
33385,183472,213552,2017-07-24,0.099,1.9,NA,0.072,2016-01-01,2017-12-31,H3260_v1_6
40028,185079,234004,2017-08-02,0.084,0,NA,0.044,2016-01-01,2017-12-31,H3260_v1_6
111580,184931,233174,2017-08-02,0.39,0.61,NA,0.16,2016-01-01,2017-12-31,H3260_v1_6
104298,175740,237017,2017-08-03,0.28,1.9,NA,0.072,2016-01-01,2017-12-31,H3260_v1_6
45938,206821,205572,2017-08-08,0.13,0,NA,0.051,2016-01-01,2017-12-31,H3260_v1_6
206717,208591,210830,2017-08-09,0.22,0.77,NA,0.05,2016-01-01,2017-12-31,H3260_v1_6
123530,183551,208274,2017-08-16,0.07,0.55,NA,0.055,2016-01-01,2017-12-31,H3260_v1_6
123717,198919,214642,2017-08-16,0.13,0,NA,0.066,2016-01-01,2017-12-31,H3260_v1_6
166730,195999,215547,2017-08-16,0.088,0,NA,0,2016-01-01,2017-12-31,H3260_v1_6
33385,183472,213552,2017-08-17,0.074,2.6,NA,0.024,2016-01-01,2017-12-31,H3260_v1_6
241605,230272,199364,2017-08-22,2,6,NA,0.17,2016-01-01,2017-12-31,H3260_v1_6
219284,87245,207610,2017-08-17,NA,0,NA,1.4,2016-01-01,2017-12-31,H3260_v1_6
40028,185079,234004,2017-09-06,0,0,NA,0.044,2016-01-01,2017-12-31,H3260_v1_6
111580,184931,233174,2017-09-06,0.77,0.6,NA,0.14,2016-01-01,2017-12-31,H3260_v1_6
104298,175740,237017,2017-09-07,0.38,1.3,NA,0.1,2016-01-01,2017-12-31,H3260_v1_6
219284,87245,207610,2017-09-14,NA,4.7,NA,0.46,2016-01-01,2017-12-31,H3260_v1_6
241605,230272,199364,2017-09-19,0.7,5,NA,0.041,2016-01-01,2017-12-31,H3260_v1_6
206717,208591,210830,2017-09-11,0.2,0.95,NA,0.028,2016-01-01,2017-12-31,H3260_v1_6
45938,206821,205572,2017-09-12,0.2,0,NA,0.03,2016-01-01,2017-12-31,H3260_v1_6
123530,183551,208274,2017-09-14,0.14,0.66,NA,0.026,2016-01-01,2017-12-31,H3260_v1_6
123717,198919,214642,2017-09-14,0.15,0,NA,0.085,2016-01-01,2017-12-31,H3260_v1_6
166730,195999,215547,2017-09-14,0.15,0.67,NA,0.012,2016-01-01,2017-12-31,H3260_v1_6
33385,183472,213552,2017-09-18,0.095,1.3,NA,0.039,2016-01-01,2017-12-31,H3260_v1_6
104298,175740,237017,2017-10-03,0.19,1.3,NA,0.016,2016-01-01,2017-12-31,H3260_v1_6
40028,185079,234004,2017-10-04,0.088,0.44,NA,0.019,2016-01-01,2017-12-31,H3260_v1_6
111580,184931,233174,2017-10-04,0.44,1,NA,0.04,2016-01-01,2017-12-31,H3260_v1_6
45938,206821,205572,2017-10-04,0.23,0,NA,0.05,2016-01-01,2017-12-31,H3260_v1_6
206717,208591,210830,2017-10-05,0.22,0.87,NA,0.016,2016-01-01,2017-12-31,H3260_v1_6
219284,87245,207610,2017-10-11,NA,4.9,NA,0.6,2016-01-01,2017-12-31,H3260_v1_6
123530,183551,208274,2017-10-12,0.35,0.83,NA,0.033,2016-01-01,2017-12-31,H3260_v1_6
123717,198919,214642,2017-10-12,0.11,0.53,NA,0.024,2016-01-01,2017-12-31,H3260_v1_6
166730,195999,215547,2017-10-12,0.17,0.69,NA,0.02,2016-01-01,2017-12-31,H3260_v1_6
33385,183472,213552,2017-10-16,0.12,0.98,NA,0.013,2016-01-01,2017-12-31,H3260_v1_6
219284,87245,207610,2017-11-09,NA,10.6,NA,0.3,2016-01-01,2017-12-31,H3260_v1_6
40028,185079,234004,2017-11-08,0.49,2.6,NA,0.031,2016-01-01,2017-12-31,H3260_v1_6
206717,208591,210830,2017-06-12,0.21,1.2,NA,0.066,2016-01-01,2017-12-31,H3260_v1_6
45938,206821,205572,2017-06-13,0.27,0,NA,0.051,2016-01-01,2017-12-31,H3260_v1_6
241605,230272,199364,2017-06-20,1.7,6.8,NA,0.14,2016-01-01,2017-12-31,H3260_v1_6
123530,183551,208274,2017-06-19,0.1,0.6,NA,0.058,2016-01-01,2017-12-31,H3260_v1_6
123717,198919,214642,2017-06-19,0.21,0.48,NA,0.023,2016-01-01,2017-12-31,H3260_v1_6
166730,195999,215547,2017-06-19,0.12,0,NA,0.015,2016-01-01,2017-12-31,H3260_v1_6
123717,198919,214642,2017-06-16,0.26,0.55,NA,0,2016-01-01,2017-12-31,H3260_v1_6
123530,183551,208274,2017-11-20,0.47,1.1,NA,0.08,2016-01-01,2017-12-31,H3260_v1_6
123717,198919,214642,2017-11-20,0.49,0.99,NA,0.098,2016-01-01,2017-12-31,H3260_v1_6
166730,195999,215547,2017-11-20,0.33,0.6,NA,0.038,2016-01-01,2017-12-31,H3260_v1_6
33385,183472,213552,2017-11-21,0.14,1.9,NA,0.07,2016-01-01,2017-12-31,H3260_v1_6
104298,175740,237017,2017-12-04,2,12.8,NA,0.065,2016-01-01,2017-12-31,H3260_v1_6
45938,206821,205572,2017-12-05,0.26,0.46,NA,0.036,2016-01-01,2017-12-31,H3260_v1_6
40028,185079,234004,2017-12-06,0.55,8.2,NA,0.033,2016-01-01,2017-12-31,H3260_v1_6
111580,184931,233174,2017-12-06,0.3,5.3,NA,0.039,2016-01-01,2017-12-31,H3260_v1_6
206717,208591,210830,2017-12-06,0.22,1.4,NA,0.014,2016-01-01,2017-12-31,H3260_v1_6
219284,87245,207610,2017-12-07,NA,14.3,NA,0.073,2016-01-01,2017-12-31,H3260_v1_6
33385,183472,213552,2017-12-12,0.73,2.4,NA,0.052,2016-01-01,2017-12-31,H3260_v1_6
123530,183551,208274,2017-12-13,0.49,2.1,NA,0.07,2016-01-01,2017-12-31,H3260_v1_6
123717,198919,214642,2017-12-13,1.7,0.9,NA,0.14,2016-01-01,2017-12-31,H3260_v1_6
166730,195999,215547,2017-12-13,0.5,2,NA,0.052,2016-01-01,2017-12-31,H3260_v1_6
216082,240145,202304,2018-01-11,0.12,3.8,NA,NA,2018-01-01,2018-12-31,H3260_v1_7
111580,184931,233174,2018-01-10,0.62,8.3,NA,NA,2018-01-01,2018-12-31,H3260_v1_7
104298,175740,237017,2018-01-11,0.98,14,NA,NA,2018-01-01,2018-12-31,H3260_v1_7
241605,230272,199364,2018-01-15,1.7,6.1,NA,NA,2018-01-01,2018-12-31,H3260_v1_7
206717,208591,210830,2018-01-22,0.34,1.5,NA,NA,2018-01-01,2018-12-31,H3260_v1_7
123530,183551,208274,2018-01-24,0.35,2.4,NA,NA,2018-01-01,2018-12-31,H3260_v1_7
123453,177170,209314,2018-01-24,0.34,2.4,NA,NA,2018-01-01,2018-12-31,H3260_v1_7
166730,195999,215547,2018-01-24,0.51,2.3,NA,NA,2018-01-01,2018-12-31,H3260_v1_7
241605,230272,199364,2018-02-13,1.5,5.5,NA,NA,2018-01-01,2018-12-31,H3260_v1_7
216082,240145,202304,2018-02-12,0.19,3.9,NA,NA,2018-01-01,2018-12-31,H3260_v1_7
144009,174856,211308,2018-02-01,NA,1.3,NA,NA,2018-01-01,2018-12-31,H3260_v1_7
180396,148912,225691,2018-02-05,NA,0.44,NA,NA,2018-01-01,2018-12-31,H3260_v1_7
111580,184931,233174,2018-02-07,0.72,6.2,NA,NA,2018-01-01,2018-12-31,H3260_v1_7
104298,175740,237017,2018-02-07,0.58,11.4,NA,NA,2018-01-01,2018-12-31,H3260_v1_7
206717,208591,210830,2018-02-08,0.27,1.8,NA,NA,2018-01-01,2018-12-31,H3260_v1_7
252494,198042,206964,2018-02-08,0.46,1.6,NA,NA,2018-01-01,2018-12-31,H3260_v1_7
123530,183551,208274,2018-02-13,0.56,1.9,NA,NA,2018-01-01,2018-12-31,H3260_v1_7
123453,177170,209314,2018-02-13,0.58,1.9,NA,NA,2018-01-01,2018-12-31,H3260_v1_7
166730,195999,215547,2018-02-13,0.58,1.6,NA,NA,2018-01-01,2018-12-31,H3260_v1_7
238570,223718,213525,2018-02-21,0.44,5.2,NA,NA,2018-01-01,2018-12-31,H3260_v1_7
216082,240145,202304,2018-03-12,0.13,3.6,NA,NA,2018-01-01,2018-12-31,H3260_v1_7
241605,230272,199364,2018-03-12,0.47,6.3,NA,NA,2018-01-01,2018-12-31,H3260_v1_7
104298,175740,237017,2018-03-05,1.9,3.1,NA,NA,2018-01-01,2018-12-31,H3260_v1_7
206717,208591,210830,2018-03-06,0.21,2,NA,NA,2018-01-01,2018-12-31,H3260_v1_7
111580,184931,233174,2018-03-07,0.85,4.3,NA,NA,2018-01-01,2018-12-31,H3260_v1_7
123530,183551,208274,2018-03-12,0.66,1.7,NA,NA,2018-01-01,2018-12-31,H3260_v1_7
123453,177170,209314,2018-03-12,0.57,1.9,NA,NA,2018-01-01,2018-12-31,H3260_v1_7
166730,195999,215547,2018-03-12,0.66,1.3,NA,NA,2018-01-01,2018-12-31,H3260_v1_7
144009,174856,211308,2018-03-28,NA,0.83,NA,NA,2018-01-01,2018-12-31,H3260_v1_7
180396,148912,225691,2018-03-29,NA,0,NA,NA,2018-01-01,2018-12-31,H3260_v1_7
219284,87245,207610,2018-03-28,NA,5.5,NA,NA,2018-01-01,2018-12-31,H3260_v1_7
111580,184931,233174,2018-04-04,0.44,6.3,NA,NA,2018-01-01,2018-12-31,H3260_v1_7
104298,175740,237017,2018-04-05,1.3,5.7,NA,NA,2018-01-01,2018-12-31,H3260_v1_7
216082,240145,202304,2018-04-16,0.15,3.2,NA,NA,2018-01-01,2018-12-31,H3260_v1_7
33385,183472,213552,2016-01-25,0.76,1.6,0.088,NA,2016-01-01,2017-12-31,H3260_v1_6
104298,175740,237017,2016-02-01,0.32,13,0.21,NA,2016-01-01,2017-12-31,H3260_v1_6
111580,184931,233174,2016-02-03,2.5,7.6,0.23,NA,2016-01-01,2017-12-31,H3260_v1_6
45938,206821,205572,2016-02-04,0.5,0.84,0.089,NA,2016-01-01,2017-12-31,H3260_v1_6
219284,87245,207610,2016-02-17,0.324,5.58,0.089,NA,2016-01-01,2017-12-31,H3260_v1_6
206717,208591,210830,2016-02-08,0.35,1.4,0.04,NA,2016-01-01,2017-12-31,H3260_v1_6
123717,198919,214642,2016-02-10,0.21,1.7,0.094,NA,2016-01-01,2017-12-31,H3260_v1_6
123530,183551,208274,2016-02-10,0.4,2.4,0.18,NA,2016-01-01,2017-12-31,H3260_v1_6
143464,198312,221721,2016-02-10,0.95,4.6,0.081,NA,2016-01-01,2017-12-31,H3260_v1_6
166730,195999,215547,2016-02-10,0.25,1.7,0.12,NA,2016-01-01,2017-12-31,H3260_v1_6
238570,223718,213525,2018-04-24,0.24,4.7,NA,NA,2018-01-01,2018-12-31,H3260_v1_7
219284,87245,207610,2018-04-23,NA,2.16,NA,NA,2018-01-01,2018-12-31,H3260_v1_7
111580,184931,233174,2018-05-02,0.61,5.2,NA,NA,2018-01-01,2018-12-31,H3260_v1_7
216082,240145,202304,2018-05-16,0.086,2.6,NA,NA,2018-01-01,2018-12-31,H3260_v1_7
241605,230272,199364,2018-05-16,1.7,8.1,NA,NA,2018-01-01,2018-12-31,H3260_v1_7
104298,175740,237017,2018-05-07,0.98,5.1,NA,NA,2018-01-01,2018-12-31,H3260_v1_7
144009,174856,211308,2018-05-07,NA,0,NA,NA,2018-01-01,2018-12-31,H3260_v1_7
206717,208591,210830,2018-05-08,0.24,1.4,NA,NA,2018-01-01,2018-12-31,H3260_v1_7
180396,148912,225691,2018-05-09,NA,0,NA,NA,2018-01-01,2018-12-31,H3260_v1_7
123530,183551,208274,2018-05-22,0.21,0.95,NA,NA,2018-01-01,2018-12-31,H3260_v1_7
123453,177170,209314,2018-05-22,0.15,1,NA,NA,2018-01-01,2018-12-31,H3260_v1_7
166730,195999,215547,2018-05-22,0.24,1.1,NA,NA,2018-01-01,2018-12-31,H3260_v1_7
216082,240145,202304,2018-06-13,0.18,2.4,NA,NA,2018-01-01,2018-12-31,H3260_v1_7
241605,230272,199364,2018-06-14,1.9,7.6,NA,NA,2018-01-01,2018-12-31,H3260_v1_7
111580,184931,233174,2018-06-06,0.11,3.2,NA,NA,2018-01-01,2018-12-31,H3260_v1_7
104298,175740,237017,2018-06-11,0.48,2.5,NA,NA,2018-01-01,2018-12-31,H3260_v1_7
206717,208591,210830,2018-06-13,0.28,1.3,NA,NA,2018-01-01,2018-12-31,H3260_v1_7
252494,198042,206964,2018-06-13,0.065,1.4,NA,NA,2018-01-01,2018-12-31,H3260_v1_7
123530,183551,208274,2018-06-18,0.24,0.54,NA,NA,2018-01-01,2018-12-31,H3260_v1_7
123453,177170,209314,2018-06-18,0.17,0.89,NA,NA,2018-01-01,2018-12-31,H3260_v1_7
166730,195999,215547,2018-06-18,0.19,0.72,NA,NA,2018-01-01,2018-12-31,H3260_v1_7
238570,223718,213525,2018-06-19,0.37,4.3,NA,NA,2018-01-01,2018-12-31,H3260_v1_7
216082,240145,202304,2018-07-17,0.13,1.7,NA,NA,2018-01-01,2018-12-31,H3260_v1_7
241605,230272,199364,2018-07-17,1.7,6.6,NA,NA,2018-01-01,2018-12-31,H3260_v1_7
111580,184931,233174,2018-07-04,0.92,1.6,NA,NA,2018-01-01,2018-12-31,H3260_v1_7
104298,175740,237017,2018-07-09,0.12,1.1,NA,NA,2018-01-01,2018-12-31,H3260_v1_7
206717,208591,210830,2018-07-10,0.18,1.2,NA,NA,2018-01-01,2018-12-31,H3260_v1_7
123530,183551,208274,2018-07-17,0.12,0.5,NA,NA,2018-01-01,2018-12-31,H3260_v1_7
123453,177170,209314,2018-07-17,0.13,0.76,NA,NA,2018-01-01,2018-12-31,H3260_v1_7
166730,195999,215547,2018-07-17,0.059,0,NA,NA,2018-01-01,2018-12-31,H3260_v1_7
111580,184931,233174,2018-08-01,0.17,0.8,NA,NA,2018-01-01,2018-12-31,H3260_v1_7
104298,175740,237017,2018-08-08,0,0,NA,NA,2018-01-01,2018-12-31,H3260_v1_7
206717,208591,210830,2018-08-09,0.28,0.73,NA,NA,2018-01-01,2018-12-31,H3260_v1_7
252494,198042,206964,2018-08-09,1.5,1.5,NA,NA,2018-01-01,2018-12-31,H3260_v1_7
123530,183551,208274,2018-08-16,0.2,0.62,NA,NA,2018-01-01,2018-12-31,H3260_v1_7
123453,177170,209314,2018-08-16,0.39,1.2,NA,NA,2018-01-01,2018-12-31,H3260_v1_7
166730,195999,215547,2018-08-16,0.11,0.61,NA,NA,2018-01-01,2018-12-31,H3260_v1_7
241605,230272,199364,2018-08-23,3.5,6.5,NA,NA,2018-01-01,2018-12-31,H3260_v1_7
216082,240145,202304,2018-08-20,0.13,1.7,NA,NA,2018-01-01,2018-12-31,H3260_v1_7
238570,223718,213525,2018-08-28,0.34,5,NA,NA,2018-01-01,2018-12-31,H3260_v1_7
111580,184931,233174,2017-11-08,0.78,1.4,NA,0.043,2016-01-01,2017-12-31,H3260_v1_6
104298,175740,237017,2017-11-08,3.2,2.9,NA,0.055,2016-01-01,2017-12-31,H3260_v1_6
206717,208591,210830,2017-11-09,0.38,1.2,NA,0.014,2016-01-01,2017-12-31,H3260_v1_6
45938,206821,205572,2017-11-14,0.31,0.44,NA,0.04,2016-01-01,2017-12-31,H3260_v1_6
241605,230272,199364,2017-11-21,1.7,4.6,NA,0.11,2016-01-01,2017-12-31,H3260_v1_6
123530,183551,208274,2018-09-17,0.15,0.68,NA,NA,2018-01-01,2018-12-31,H3260_v1_7
123453,177170,209314,2018-09-17,1.1,0.8,NA,NA,2018-01-01,2018-12-31,H3260_v1_7
166730,195999,215547,2018-09-17,0.16,0.56,NA,NA,2018-01-01,2018-12-31,H3260_v1_7
238570,223718,213525,2018-09-24,1.1,2.3,NA,NA,2018-01-01,2018-12-31,H3260_v1_7
219284,87245,207610,2018-09-27,NA,0.81,NA,NA,2018-01-01,2018-12-31,H3260_v1_7
216082,240145,202304,2018-10-22,0.12,1.4,NA,NA,2018-01-01,2018-12-31,H3260_v1_7
104298,175740,237017,2018-10-02,0.22,1.7,NA,NA,2018-01-01,2018-12-31,H3260_v1_7
111580,184931,233174,2018-10-03,0.55,0.77,NA,NA,2018-01-01,2018-12-31,H3260_v1_7
206717,208591,210830,2018-10-04,0.22,1.4,NA,NA,2018-01-01,2018-12-31,H3260_v1_7
213836,241452,197091,2018-11-26,0.089,2.5,NA,NA,2018-01-01,2018-12-31,H3260_v1_7
238515,223950,218080,2018-11-19,0.42,2.2,NA,NA,2018-01-01,2018-12-31,H3260_v1_7
123786,178342,209668,2018-11-20,1.1,2.7,NA,NA,2018-01-01,2018-12-31,H3260_v1_7
123786,178342,209668,2018-12-06,0.57,1.6,NA,NA,2018-01-01,2018-12-31,H3260_v1_7
213836,241452,197091,2018-12-11,0.22,2.8,NA,NA,2018-01-01,2018-12-31,H3260_v1_7
238515,223950,218080,2018-12-04,0.41,1.6,NA,NA,2018-01-01,2018-12-31,H3260_v1_7
241605,230272,199364,2018-10-23,1.9,5.7,NA,NA,2018-01-01,2018-12-31,H3260_v1_7
123530,183551,208274,2018-10-09,0.2,0.83,NA,NA,2018-01-01,2018-12-31,H3260_v1_7
123453,177170,209314,2018-10-09,0.2,1.3,NA,NA,2018-01-01,2018-12-31,H3260_v1_7
166730,195999,215547,2018-10-09,0.084,0.74,NA,NA,2018-01-01,2018-12-31,H3260_v1_7
104298,175740,237017,2018-11-06,3.8,1.4,NA,NA,2018-01-01,2018-12-31,H3260_v1_7
111580,184931,233174,2018-11-07,1.1,0.48,NA,NA,2018-01-01,2018-12-31,H3260_v1_7
206717,208591,210830,2018-11-08,0.4,1.1,NA,NA,2018-01-01,2018-12-31,H3260_v1_7
252494,198042,206964,2018-11-08,0.42,1.6,NA,NA,2018-01-01,2018-12-31,H3260_v1_7
216082,240145,202304,2018-11-21,0.089,2.1,NA,NA,2018-01-01,2018-12-31,H3260_v1_7
241605,230272,199364,2018-11-22,0.14,5.7,NA,NA,2018-01-01,2018-12-31,H3260_v1_7
238570,223718,213525,2018-11-19,0.39,4.6,NA,NA,2018-01-01,2018-12-31,H3260_v1_7
123530,183551,208274,2018-11-19,0.18,0.68,NA,NA,2018-01-01,2018-12-31,H3260_v1_7
123453,177170,209314,2018-11-19,0.14,0.84,NA,NA,2018-01-01,2018-12-31,H3260_v1_7
166730,195999,215547,2018-11-19,0.08,0.89,NA,NA,2018-01-01,2018-12-31,H3260_v1_7
219284,87245,207610,2018-11-27,NA,0.68,NA,NA,2018-01-01,2018-12-31,H3260_v1_7
180396,148912,225691,2018-11-29,NA,0,NA,NA,2018-01-01,2018-12-31,H3260_v1_7
241605,230272,199364,2018-12-10,0.25,5.6,NA,NA,2018-01-01,2018-12-31,H3260_v1_7
104298,175740,237017,2018-12-03,1.6,1.8,NA,NA,2018-01-01,2018-12-31,H3260_v1_7
206717,208591,210830,2018-12-04,0.21,1.2,NA,NA,2018-01-01,2018-12-31,H3260_v1_7
111580,184931,233174,2018-12-05,0.71,1.2,NA,NA,2018-01-01,2018-12-31,H3260_v1_7
123530,183551,208274,2018-12-06,0.38,1,NA,NA,2018-01-01,2018-12-31,H3260_v1_7
123453,177170,209314,2018-12-06,0.29,0.85,NA,NA,2018-01-01,2018-12-31,H3260_v1_7
166730,195999,215547,2018-12-06,0.58,0.91,NA,NA,2018-01-01,2018-12-31,H3260_v1_7
216082,240145,202304,2018-12-10,0.33,2.2,NA,NA,2018-01-01,2018-12-31,H3260_v1_7
206717,208591,210830,2018-04-11,0.24,1.6,NA,NA,2018-01-01,2018-12-31,H3260_v1_7
252494,198042,206964,2018-04-11,0.81,2.3,NA,NA,2018-01-01,2018-12-31,H3260_v1_7
123530,183551,208274,2018-04-18,0.21,1.3,NA,NA,2018-01-01,2018-12-31,H3260_v1_7
123453,177170,209314,2018-04-18,0.19,1.4,NA,NA,2018-01-01,2018-12-31,H3260_v1_7
166730,195999,215547,2018-04-18,0.22,1.3,NA,NA,2018-01-01,2018-12-31,H3260_v1_7
241605,230272,199364,2018-04-17,1.1,7.2,NA,NA,2018-01-01,2018-12-31,H3260_v1_7
180396,148912,225691,2018-08-30,NA,0,NA,NA,2018-01-01,2018-12-31,H3260_v1_7
216082,240145,202304,2018-09-18,0.084,1.7,NA,NA,2018-01-01,2018-12-31,H3260_v1_7
241605,230272,199364,2018-09-20,5,6.4,NA,NA,2018-01-01,2018-12-31,H3260_v1_7
111580,184931,233174,2018-09-05,2.1,0.88,NA,NA,2018-01-01,2018-12-31,H3260_v1_7
104298,175740,237017,2018-09-10,0,1.7,NA,NA,2018-01-01,2018-12-31,H3260_v1_7
206717,208591,210830,2018-09-11,0.36,0.93,NA,NA,2018-01-01,2018-12-31,H3260_v1_7
252494,198042,206964,2018-09-11,0.054,1.4,NA,NA,2018-01-01,2018-12-31,H3260_v1_7
238515,223950,218080,2004-02-17,1.9549999999999998,5.380000000000001,0.04,NA,2000-01-01,2006-12-31,H3260_v1_0
213836,241452,197091,2004-02-16,0.19,4.07,0,NA,2000-01-01,2006-12-31,H3260_v1_0
124176,204796,204545,2002-03-20,0,1.2,0.1,NA,2000-01-01,2006-12-31,H3260_v1_0
124176,204796,204545,2002-04-02,0.29,0.86,0,NA,2000-01-01,2006-12-31,H3260_v1_0
38402,197860,216731,2002-04-03,0.43,0.76,NA,NA,2000-01-01,2006-12-31,H3260_v1_0
221004,245672,183550,2004-02-16,1.59,4.79,0.47,NA,2000-01-01,2006-12-31,H3260_v1_0
238572,223886,213548,2004-02-17,0.88,6.92,0,NA,2000-01-01,2006-12-31,H3260_v1_0
144658,222498,199266,2004-02-17,NA,14.2,NA,NA,2000-01-01,2006-12-31,H3260_v1_0
255415,228750,210246,2004-02-17,0.22,9.14,0.04,NA,2000-01-01,2006-12-31,H3260_v1_0
111617,186904,232114,2004-03-01,NA,4.45,NA,NA,2000-01-01,2006-12-31,H3260_v1_0
47686,179707,243397,2004-03-01,0.86,9.8,0.14,NA,2000-01-01,2006-12-31,H3260_v1_0
238759,225609,198258,2004-02-17,NA,14.9,NA,NA,2000-01-01,2006-12-31,H3260_v1_0
212371,244877,161556,2002-04-22,0.05,6.77,0.17,NA,2000-01-01,2006-12-31,H3260_v1_0
241434,238265,208445,2002-04-23,0.17,6.95,0.16,NA,2000-01-01,2006-12-31,H3260_v1_0
204986,244766,184401,2002-04-23,3.97,0.69,0.68,NA,2000-01-01,2006-12-31,H3260_v1_0
124176,204796,204545,2002-05-06,0,1.1,0.09,NA,2000-01-01,2006-12-31,H3260_v1_0
212371,244877,161556,2002-05-28,0.19,6.95,0.29,NA,2000-01-01,2006-12-31,H3260_v1_0
241434,238265,208445,2002-05-29,0.18,6.3,0,NA,2000-01-01,2006-12-31,H3260_v1_0
204986,244766,184401,2002-05-29,6.09,0.27,0.8,NA,2000-01-01,2006-12-31,H3260_v1_0
124176,204796,204545,2002-05-02,0.14,0.78,0,NA,2000-01-01,2006-12-31,H3260_v1_0
123559,185896,209550,2002-05-03,0.87,1.08,NA,NA,2000-01-01,2006-12-31,H3260_v1_0
38402,197860,216731,2002-05-03,0.43,0.56,NA,NA,2000-01-01,2006-12-31,H3260_v1_0
124176,204796,204545,2002-06-03,0,0.59,0,NA,2000-01-01,2006-12-31,H3260_v1_0
123559,185896,209550,2002-06-04,0.22,0.95,NA,NA,2000-01-01,2006-12-31,H3260_v1_0
38402,197860,216731,2002-06-04,0.21,0.35,NA,NA,2000-01-01,2006-12-31,H3260_v1_0
212371,244877,161556,2002-06-26,0.07,6.69,0.46,NA,2000-01-01,2006-12-31,H3260_v1_0
124176,204796,204545,2002-07-11,0.57,0.95,0.18,NA,2000-01-01,2006-12-31,H3260_v1_0
123559,185896,209550,2002-07-12,0.12,1.04,NA,NA,2000-01-01,2006-12-31,H3260_v1_0
38402,197860,216731,2002-07-12,0.18,0.44,NA,NA,2000-01-01,2006-12-31,H3260_v1_0
212371,244877,161556,2002-07-29,0.05,5.46,0.53,NA,2000-01-01,2006-12-31,H3260_v1_0
241434,238265,208445,2002-07-30,0.16,6.1,0.24,NA,2000-01-01,2006-12-31,H3260_v1_0
204986,244766,184401,2002-07-30,6.43,0.32,1.03,NA,2000-01-01,2006-12-31,H3260_v1_0
241434,238265,208445,2002-06-27,0.14,5.74,0.23,NA,2000-01-01,2006-12-31,H3260_v1_0
204986,244766,184401,2002-06-27,11.2,0.17,0.71,NA,2000-01-01,2006-12-31,H3260_v1_0
124176,204796,204545,2002-08-12,0.16,0.68,0.17,NA,2000-01-01,2006-12-31,H3260_v1_0
123559,185896,209550,2002-08-13,0.15,1.18,NA,NA,2000-01-01,2006-12-31,H3260_v1_0
38402,197860,216731,2002-08-13,0.11,0.77,NA,NA,2000-01-01,2006-12-31,H3260_v1_0
38402,197860,216731,2003-05-12,0.29,0.43,0,NA,2000-01-01,2006-12-31,H3260_v1_0
123559,185896,209550,2003-05-12,0.19,1.17,0,NA,2000-01-01,2006-12-31,H3260_v1_0
204986,244766,184401,2003-05-15,4.01,1.19,0.73,NA,2000-01-01,2006-12-31,H3260_v1_0
212371,244877,161556,2003-05-19,0.18,5.79,0.38,NA,2000-01-01,2006-12-31,H3260_v1_0
38402,197860,216731,2003-06-10,0.61,0.7,0,NA,2000-01-01,2006-12-31,H3260_v1_0
123559,185896,209550,2003-06-10,0.6,1.28,0,NA,2000-01-01,2006-12-31,H3260_v1_0
204986,244766,184401,2003-06-16,5.72,0.84,0.51,NA,2000-01-01,2006-12-31,H3260_v1_0
212371,244877,161556,2003-06-18,0.15,5.52,0.4,NA,2000-01-01,2006-12-31,H3260_v1_0
38402,197860,216731,2003-07-11,0.12,0.28,0,NA,2000-01-01,2006-12-31,H3260_v1_0
123559,185896,209550,2003-07-11,0.18,0.86,0,NA,2000-01-01,2006-12-31,H3260_v1_0
204986,244766,184401,2003-07-16,4.05,0.75,1.25,NA,2000-01-01,2006-12-31,H3260_v1_0
212371,244877,161556,2003-07-17,0.14,5.62,0.57,NA,2000-01-01,2006-12-31,H3260_v1_0
38402,197860,216731,2003-08-05,0.12,0,0,NA,2000-01-01,2006-12-31,H3260_v1_0
123559,185896,209550,2003-08-05,0,0.58,0,NA,2000-01-01,2006-12-31,H3260_v1_0
212371,244877,161556,2003-08-13,0,4.6,0.51,NA,2000-01-01,2006-12-31,H3260_v1_0
204986,244766,184401,2003-08-18,5.31,1.17,0.73,NA,2000-01-01,2006-12-31,H3260_v1_0
38402,197860,216731,2003-09-03,0.17,0,0,NA,2000-01-01,2006-12-31,H3260_v1_0
123559,185896,209550,2003-09-03,0.16,0.98,0,NA,2000-01-01,2006-12-31,H3260_v1_0
124176,204796,204545,2003-09-02,0,0,0,NA,2000-01-01,2006-12-31,H3260_v1_0
212371,244877,161556,2003-09-12,0,5.22,0.68,NA,2000-01-01,2006-12-31,H3260_v1_0
204986,244766,184401,2003-09-16,4.67,0.53,1.25,NA,2000-01-01,2006-12-31,H3260_v1_0
123559,185896,209550,2003-10-03,0.16,0.99,0,NA,2000-01-01,2006-12-31,H3260_v1_0
38402,197860,216731,2003-10-03,0.14,0,0,NA,2000-01-01,2006-12-31,H3260_v1_0
204986,244766,184401,2003-10-17,4.63,0.58,0.56,NA,2000-01-01,2006-12-31,H3260_v1_0
212371,244877,161556,2003-10-20,0.62,5.72,0.6,NA,2000-01-01,2006-12-31,H3260_v1_0
212371,244877,161556,2003-11-17,0.44,5.05,0.66,NA,2000-01-01,2006-12-31,H3260_v1_0
204986,244766,184401,2003-11-19,3.62,0.3,0.51,NA,2000-01-01,2006-12-31,H3260_v1_0
123559,185896,209550,2003-11-05,0.4,1.25,0.26,NA,2000-01-01,2006-12-31,H3260_v1_0
38402,197860,216731,2003-11-05,0.23,0.47,0,NA,2000-01-01,2006-12-31,H3260_v1_0
124176,204796,204545,2003-12-02,0,1.1,0,NA,2000-01-01,2006-12-31,H3260_v1_0
204986,244766,184401,2003-12-16,11.2,0.46,0.52,NA,2000-01-01,2006-12-31,H3260_v1_0
212371,244877,161556,2003-12-15,0.38,9.08,0.19,NA,2000-01-01,2006-12-31,H3260_v1_0
38402,197860,216731,2003-12-03,0.48,0.54,0,NA,2000-01-01,2006-12-31,H3260_v1_0
123559,185896,209550,2003-12-03,0.4,1.33,0,NA,2000-01-01,2006-12-31,H3260_v1_0
38402,197860,216731,2004-01-07,0.71,1.83,0,NA,2000-01-01,2006-12-31,H3260_v1_0
123559,185896,209550,2004-01-07,0.93,2,0,NA,2000-01-01,2006-12-31,H3260_v1_0
212371,244877,161556,2004-01-16,0.17,12.6,0,NA,2000-01-01,2006-12-31,H3260_v1_0
204986,244766,184401,2004-01-19,8.8,0,0.7,NA,2000-01-01,2006-12-31,H3260_v1_0
255345,228587,215507,2004-01-20,0.27,3.11,0,NA,2000-01-01,2006-12-31,H3260_v1_0
38402,197860,216731,2004-02-04,0.58,2.56,0.09,NA,2000-01-01,2006-12-31,H3260_v1_0
123559,185896,209550,2004-02-04,0.61,2.97,0.11,NA,2000-01-01,2006-12-31,H3260_v1_0
212371,244877,161556,2004-02-13,0.19,10,0.19,NA,2000-01-01,2006-12-31,H3260_v1_0
204986,244766,184401,2004-02-16,7.56,0.5,0.69,NA,2000-01-01,2006-12-31,H3260_v1_0
255345,228587,215507,2004-02-17,0.17,5.17,0.04,NA,2000-01-01,2006-12-31,H3260_v1_0
111580,184931,233174,2004-03-01,0.59,6.42,0.12,NA,2000-01-01,2006-12-31,H3260_v1_0
