loc_code	date	type	x	y	area	nh4	no3	ptot	target	codeplas	index_0m	index_50m	index_100m	index_150m	index_200m	ecoregion	soilclass	year	sixyear
AN_KSV_004	17337	7	158685.15625	227926.3125	1780.52319335938	0.0388240957868091	0.036144	0.02	1	ANTKAL0247	1.224852071	1	1	3.264705882	3.819325329	5	2	2017	1
AN_KSV_004	17359	7	158685.15625	227926.3125	1780.52319335938	0.108707468203066	0.038403	0.0299	1	ANTKAL0247	1.224852071	1	1	3.264705882	3.819325329	5	2	2017	1
AN_KSV_004	17379	7	158685.15625	227926.3125	1780.52319335938	0.0388240957868091	0.029367	0.02	1	ANTKAL0247	1.224852071	1	1	3.264705882	3.819325329	5	2	2017	1
AN_KSV_004	17421	7	158685.15625	227926.3125	1780.52319335938	0.473653968599071	0.079065	0.0213	1	ANTKAL0247	1.224852071	1	1	3.264705882	3.819325329	5	2	2017	1
AN_KSV_004	17449	7	158685.15625	227926.3125	1780.52319335938	0.0543537341015328	0.060993	0.02	1	ANTKAL0247	1.224852071	1	1	3.264705882	3.819325329	5	2	2017	1
AN_KSV_004	17477	7	158685.15625	227926.3125	1780.52319335938	0.396005777025453	0.074547	0.02	1	ANTKAL0247	1.224852071	1	1	3.264705882	3.819325329	5	2	2017	1
AN_KSV_004	17505	7	158685.15625	227926.3125	1780.52319335938	0.667774447533117	0.149094	0.02	1	ANTKAL0247	1.224852071	1	1	3.264705882	3.819325329	5	2	2017	1
AN_KSV_004	17534	7	158685.15625	227926.3125	1780.52319335938	0.155296383147237	0.11295	0.02	1	ANTKAL0247	1.224852071	1	1	3.264705882	3.819325329	5	2	2018	1
AN_KSV_004	17568	7	158685.15625	227926.3125	1780.52319335938	0.17082602146196	0.124245	0.02	1	ANTKAL0247	1.224852071	1	1	3.264705882	3.819325329	5	2	2018	1
AN_KSV_004	17610	7	158685.15625	227926.3125	1780.52319335938	0.0621185532588946	0.169425	0.02	1	ANTKAL0247	1.224852071	1	1	3.264705882	3.819325329	5	2	2018	1
AN_KSV_004	17631	7	158685.15625	227926.3125	1780.52319335938	0.0388240957868091	0.024849	0.02	1	ANTKAL0247	1.224852071	1	1	3.264705882	3.819325329	5	2	2018	1
AN_KSV_004	17674	7	158685.15625	227926.3125	1780.52319335938	0.0388240957868091	0.033885	0.02	1	ANTKAL0247	1.224852071	1	1	3.264705882	3.819325329	5	2	2018	1
AN_KSV_005	17337	7	158578.078125	227370.421875	3638.41870117188	0.100942649045704	0.13554	0.041	1	ANTKAL0269	1.308219178	1	1.885185185	2.138512369	3.596504559	5	2	2017	1
AN_KSV_005	17359	7	158578.078125	227370.421875	3638.41870117188	1.02495612877176	0.106173	0.0976	1	ANTKAL0269	1.308219178	1	1.885185185	2.138512369	3.596504559	5	2	2017	1
AN_KSV_005	17379	7	158578.078125	227370.421875	3638.41870117188	0.124237106517789	0.126504	0.0742	1	ANTKAL0269	1.308219178	1	1.885185185	2.138512369	3.596504559	5	2	2017	1
AN_KSV_005	17421	7	158578.078125	227370.421875	3638.41870117188	0.574596617644775	0.219123	0.0345	1	ANTKAL0269	1.308219178	1	1.885185185	2.138512369	3.596504559	5	2	2017	1
AN_KSV_005	17449	7	158578.078125	227370.421875	3638.41870117188	0.0621185532588946	0.094878	0.0384	1	ANTKAL0269	1.308219178	1	1.885185185	2.138512369	3.596504559	5	2	2017	1
AN_KSV_005	17477	7	158578.078125	227370.421875	3638.41870117188	0.419300234497539	0.097137	0.035	1	ANTKAL0269	1.308219178	1	1.885185185	2.138512369	3.596504559	5	2	2017	1
AN_KSV_005	17505	7	158578.078125	227370.421875	3638.41870117188	0.271768670507664	0.079065	0.02	1	ANTKAL0269	1.308219178	1	1.885185185	2.138512369	3.596504559	5	2	2017	1
AN_KSV_005	17534	7	158578.078125	227370.421875	3638.41870117188	0.17082602146196	0.063252	0.022	1	ANTKAL0269	1.308219178	1	1.885185185	2.138512369	3.596504559	5	2	2018	1
AN_KSV_005	17568	7	158578.078125	227370.421875	3638.41870117188	0.0698833724162564	0.070029	0.02	1	ANTKAL0269	1.308219178	1	1.885185185	2.138512369	3.596504559	5	2	2018	1
AN_KSV_005	17610	7	158578.078125	227370.421875	3638.41870117188	0.0388240957868091	0.083583	0.02	1	ANTKAL0269	1.308219178	1	1.885185185	2.138512369	3.596504559	5	2	2018	1
AN_KSV_005	17631	7	158578.078125	227370.421875	3638.41870117188	0.0388240957868091	0.040662	0.02	1	ANTKAL0269	1.308219178	1	1.885185185	2.138512369	3.596504559	5	2	2018	1
AN_KSV_005	17674	7	158578.078125	227370.421875	3638.41870117188	0.0776481915736183	0.11295	0.02	1	ANTKAL0269	1.308219178	1	1.885185185	2.138512369	3.596504559	5	2	2018	1
LI_DOM_002	17330	6	223910.046875	205672.703125	1412.15588378906	0.116472287360427	0.038403	0.1272	1	LIMHEC0201	2.539473684	1	3.847701149	3.95392022	1.623111782	5	4	2017	1
LI_DOM_002	17372	6	223910.046875	205672.703125	1412.15588378906	0.0388240957868091	0.065511	0.09	1	LIMHEC0201	2.539473684	1	3.847701149	3.95392022	1.623111782	5	4	2017	1
LI_DOM_002	17386	6	223910.046875	205672.703125	1412.15588378906	0.0543537341015328	0.058734	0.178	1	LIMHEC0201	2.539473684	1	3.847701149	3.95392022	1.623111782	5	4	2017	1
LI_DOM_002	17420	6	223910.046875	205672.703125	1412.15588378906	0.0698833724162564	0.056475	0.1688	1	LIMHEC0201	2.539473684	1	3.847701149	3.95392022	1.623111782	5	4	2017	1
LI_DOM_002	17434	6	223910.046875	205672.703125	1412.15588378906	0.194120478934046	0.033885	0.477	1	LIMHEC0201	2.539473684	1	3.847701149	3.95392022	1.623111782	5	4	2017	1
LI_DOM_002	17463	6	223910.046875	205672.703125	1412.15588378906	0.0388240957868091	0.029367	0.2026	1	LIMHEC0201	2.539473684	1	3.847701149	3.95392022	1.623111782	5	4	2017	1
LI_DOM_002	17498	6	223910.046875	205672.703125	1412.15588378906	0.178590840619322	0.038403	0.26	1	LIMHEC0201	2.539473684	1	3.847701149	3.95392022	1.623111782	5	4	2017	1
LI_DOM_002	17518	6	223910.046875	205672.703125	1412.15588378906	0.264003851350302	0.036144	0.1556	1	LIMHEC0201	2.539473684	1	3.847701149	3.95392022	1.623111782	5	4	2017	1
LI_DOM_002	17547	6	223910.046875	205672.703125	1412.15588378906	0.372711319553368	0.056475	0.158	1	LIMHEC0201	2.539473684	1	3.847701149	3.95392022	1.623111782	5	4	2018	1
LI_DOM_002	17575	6	223910.046875	205672.703125	1412.15588378906	0.0543537341015328	0.047439	0.1095	1	LIMHEC0201	2.539473684	1	3.847701149	3.95392022	1.623111782	5	4	2018	1
LI_DOM_002	17603	6	223910.046875	205672.703125	1412.15588378906	0.0388240957868091	0.036144	0.231	1	LIMHEC0201	2.539473684	1	3.847701149	3.95392022	1.623111782	5	4	2018	1
LI_DOM_002	17638	6	223910.046875	205672.703125	1412.15588378906	0.0388240957868091	0.058734	0.1109	1	LIMHEC0201	2.539473684	1	3.847701149	3.95392022	1.623111782	5	4	2018	1
LI_DOM_002	17672	6	223910.046875	205672.703125	1412.15588378906	0.0621185532588946	0.058734	0.2797	1	LIMHEC0201	2.539473684	1	3.847701149	3.95392022	1.623111782	5	4	2018	1
AN_NEE_001	17694	3	189736.484375	208326.03125	432.417785644531	0.0388240957868091	0.047439	0.0583	1	ANTGEE0854	3.137931034	1.242647059	2.621111111	2.764534884	3.881569208	5	2	2018	1
AN_NEE_001	17770	3	189736.484375	208326.03125	432.417785644531	4.72101004767599	0.121986	1.6795	1	ANTGEE0854	3.137931034	1.242647059	2.621111111	2.764534884	3.881569208	5	2	2018	1
AN_NEE_001	17798	3	189736.484375	208326.03125	432.417785644531	1.32001925675151	0.036144	0.1344	1	ANTGEE0854	3.137931034	1.242647059	2.621111111	2.764534884	3.881569208	5	2	2018	1
AN_NEE_001	17826	3	189736.484375	208326.03125	432.417785644531	9.80696659574799	0.070029	0.1062	1	ANTGEE0854	3.137931034	1.242647059	2.621111111	2.764534884	3.881569208	5	2	2018	1
AN_NEE_001	17862	3	189736.484375	208326.03125	432.417785644531	2.28285683226438	0.038403	0.0616	1	ANTGEE0854	3.137931034	1.242647059	2.621111111	2.764534884	3.881569208	5	2	2018	1
AN_NEE_001	17883	3	189736.484375	208326.03125	432.417785644531	0.0388240957868091	0.033885	0.3486	1	ANTGEE0854	3.137931034	1.242647059	2.621111111	2.764534884	3.881569208	5	2	2018	1
AN_KSV_001	16959	7	158995.453125	227879.21875	15541.9453125	0.0776481915736183	0.117468	0.02	1	ANTKAL0235	1.640054127	1.404145078	1	1.076802508	3.914027149	5	2	2016	1
AN_KSV_001	16980	7	158995.453125	227879.21875	15541.9453125	0.0543537341015328	0.142317	0.02	1	ANTKAL0235	1.640054127	1.404145078	1	1.076802508	3.914027149	5	2	2016	1
AN_KSV_001	17030	7	158995.453125	227879.21875	15541.9453125	0.0388240957868091	0.02259	0.0269	1	ANTKAL0235	1.640054127	1.404145078	1	1.076802508	3.914027149	5	2	2016	1
AN_KSV_001	17050	7	158995.453125	227879.21875	15541.9453125	0.0388240957868091	0.02259	0.0325	1	ANTKAL0235	1.640054127	1.404145078	1	1.076802508	3.914027149	5	2	2016	1
AN_KSV_001	17084	7	158995.453125	227879.21875	15541.9453125	0.217414936406131	0.083583	0.0653	1	ANTKAL0235	1.640054127	1.404145078	1	1.076802508	3.914027149	5	2	2016	1
AN_KSV_001	17126	7	158995.453125	227879.21875	15541.9453125	0.574596617644775	0.182979	0.0253	1	ANTKAL0235	1.640054127	1.404145078	1	1.076802508	3.914027149	5	2	2016	1
AN_KSV_001	17141	7	158995.453125	227879.21875	15541.9453125	0.481418787756433	0.189756	0.038	1	ANTKAL0235	1.640054127	1.404145078	1	1.076802508	3.914027149	5	2	2016	1
AN_KSV_001	17175	7	158995.453125	227879.21875	15541.9453125	0.528007702700604	0.365958	0.0316	1	ANTKAL0235	1.640054127	1.404145078	1	1.076802508	3.914027149	5	2	2017	1
AN_KSV_001	17197	7	158995.453125	227879.21875	15541.9453125	0.295063127979749	0.189756	0.0201	1	ANTKAL0235	1.640054127	1.404145078	1	1.076802508	3.914027149	5	2	2017	1
AN_KSV_001	17224	7	158995.453125	227879.21875	15541.9453125	0.17082602146196	0.207828	0.02	1	ANTKAL0235	1.640054127	1.404145078	1	1.076802508	3.914027149	5	2	2017	1
AN_KSV_001	17260	7	158995.453125	227879.21875	15541.9453125	0.0388240957868091	0.038403	0.0297	1	ANTKAL0235	1.640054127	1.404145078	1	1.076802508	3.914027149	5	2	2017	1
AN_KSV_001	17315	7	158995.453125	227879.21875	15541.9453125	0.0776481915736183	0.11295	0.021	1	ANTKAL0235	1.640054127	1.404145078	1	1.076802508	3.914027149	5	2	2017	1
AN_SNE_003	16588	3	185651.765625	209855.03125	7898.44091796875	0.0621185532588946	0.072288	0.098	1	ANTHTS0151	2.201946472	1.4296875	2.697761194	3.778125	2.516634051	5	2	2015	1
AN_SNE_003	16588	7	185651.765625	209855.03125	7898.44091796875	0.0621185532588946	0.072288	0.098	1	ANTHTS0151	2.201946472	1.4296875	2.697761194	3.778125	2.516634051	5	2	2015	1
AN_SNE_003	16615	3	185651.765625	209855.03125	7898.44091796875	1.98779370428463	0.085842	0.1068	1	ANTHTS0151	2.201946472	1.4296875	2.697761194	3.778125	2.516634051	5	2	2015	1
AN_SNE_003	16615	7	185651.765625	209855.03125	7898.44091796875	1.98779370428463	0.085842	0.1068	1	ANTHTS0151	2.201946472	1.4296875	2.697761194	3.778125	2.516634051	5	2	2015	1
AN_SNE_003	16714	3	185651.765625	209855.03125	7898.44091796875	1.83249732113739	0.076806	0.05	1	ANTHTS0151	2.201946472	1.4296875	2.697761194	3.778125	2.516634051	5	2	2015	1
AN_SNE_003	16714	7	185651.765625	209855.03125	7898.44091796875	1.83249732113739	0.076806	0.05	1	ANTHTS0151	2.201946472	1.4296875	2.697761194	3.778125	2.516634051	5	2	2015	1
AN_SNE_003	16743	3	185651.765625	209855.03125	7898.44091796875	0.861894926467163	0.02259	0.04	1	ANTHTS0151	2.201946472	1.4296875	2.697761194	3.778125	2.516634051	5	2	2015	1
AN_SNE_003	16743	7	185651.765625	209855.03125	7898.44091796875	0.861894926467163	0.02259	0.04	1	ANTHTS0151	2.201946472	1.4296875	2.697761194	3.778125	2.516634051	5	2	2015	1
AN_SNE_003	16770	3	185651.765625	209855.03125	7898.44091796875	0.380476138710729	0.106173	0.02	1	ANTHTS0151	2.201946472	1.4296875	2.697761194	3.778125	2.516634051	5	2	2015	1
AN_SNE_003	16770	7	185651.765625	209855.03125	7898.44091796875	0.380476138710729	0.106173	0.02	1	ANTHTS0151	2.201946472	1.4296875	2.697761194	3.778125	2.516634051	5	2	2015	1
AN_SNE_003	16812	3	185651.765625	209855.03125	7898.44091796875	0.163061202304598	0.097137	0.0206	1	ANTHTS0151	2.201946472	1.4296875	2.697761194	3.778125	2.516634051	5	2	2016	1
AN_SNE_003	16812	7	185651.765625	209855.03125	7898.44091796875	0.163061202304598	0.097137	0.0206	1	ANTHTS0151	2.201946472	1.4296875	2.697761194	3.778125	2.516634051	5	2	2016	1
AN_SNE_003	16847	3	185651.765625	209855.03125	7898.44091796875	0.473653968599071	0.173943	0.0406	1	ANTHTS0151	2.201946472	1.4296875	2.697761194	3.778125	2.516634051	5	2	2016	1
AN_SNE_003	16847	7	185651.765625	209855.03125	7898.44091796875	0.473653968599071	0.173943	0.0406	1	ANTHTS0151	2.201946472	1.4296875	2.697761194	3.778125	2.516634051	5	2	2016	1
AN_SNE_003	16868	3	185651.765625	209855.03125	7898.44091796875	0.419300234497539	0.099396	0.129	1	ANTHTS0151	2.201946472	1.4296875	2.697761194	3.778125	2.516634051	5	2	2016	1
AN_SNE_003	16868	7	185651.765625	209855.03125	7898.44091796875	0.419300234497539	0.099396	0.129	1	ANTHTS0151	2.201946472	1.4296875	2.697761194	3.778125	2.516634051	5	2	2016	1
AN_SNE_003	16903	3	185651.765625	209855.03125	7898.44091796875	0.0465889149441709	0.063252	0.0218	1	ANTHTS0151	2.201946472	1.4296875	2.697761194	3.778125	2.516634051	5	2	2016	1
AN_SNE_003	16903	7	185651.765625	209855.03125	7898.44091796875	0.0465889149441709	0.063252	0.0218	1	ANTHTS0151	2.201946472	1.4296875	2.697761194	3.778125	2.516634051	5	2	2016	1
AN_SNE_003	16931	3	185651.765625	209855.03125	7898.44091796875	0.0931778298883419	0.081324	0.0263	1	ANTHTS0151	2.201946472	1.4296875	2.697761194	3.778125	2.516634051	5	2	2016	1
AN_SNE_003	16931	7	185651.765625	209855.03125	7898.44091796875	0.0931778298883419	0.081324	0.0263	1	ANTHTS0151	2.201946472	1.4296875	2.697761194	3.778125	2.516634051	5	2	2016	1
AN_GSV_002	16581	4	163229.109375	225139.265625	15768.2607421875	0.0543537341015328	0.060993	0.1539	1	ANTBCT0404	2.416777188	1.437751004	3.804054054	1.43046875	3.509118541	5	2	2015	1
AN_GSV_002	16636	4	163229.109375	225139.265625	15768.2607421875	0.0543537341015328	0.04518	0.231	1	ANTBCT0404	2.416777188	1.437751004	3.804054054	1.43046875	3.509118541	5	2	2015	1
AN_GSV_002	16657	4	163229.109375	225139.265625	15768.2607421875	0.100942649045704	0.099396	0.2292	1	ANTBCT0404	2.416777188	1.437751004	3.804054054	1.43046875	3.509118541	5	2	2015	1
AN_GSV_002	16692	4	163229.109375	225139.265625	15768.2607421875	1.00942649045704	0.09036	0.1234	1	ANTBCT0404	2.416777188	1.437751004	3.804054054	1.43046875	3.509118541	5	2	2015	1
AN_GSV_002	16727	4	163229.109375	225139.265625	15768.2607421875	1.53743419315764	0.126504	0.09	1	ANTBCT0404	2.416777188	1.437751004	3.804054054	1.43046875	3.509118541	5	2	2015	1
AN_GSV_002	16755	4	163229.109375	225139.265625	15768.2607421875	1.73931949124905	0.119727	0.113	1	ANTBCT0404	2.416777188	1.437751004	3.804054054	1.43046875	3.509118541	5	2	2015	1
AN_GSV_002	16783	4	163229.109375	225139.265625	15768.2607421875	0.194120478934046	0.108432	0.0741	1	ANTBCT0404	2.416777188	1.437751004	3.804054054	1.43046875	3.509118541	5	2	2015	1
AN_GSV_002	16825	4	163229.109375	225139.265625	15768.2607421875	0.124237106517789	0.508275	0.0268	1	ANTBCT0404	2.416777188	1.437751004	3.804054054	1.43046875	3.509118541	5	2	2016	1
AN_GSV_002	16853	4	163229.109375	225139.265625	15768.2607421875	0.0388240957868091	0.065511	0.0218	1	ANTBCT0404	2.416777188	1.437751004	3.804054054	1.43046875	3.509118541	5	2	2016	1
AN_GSV_002	16896	4	163229.109375	225139.265625	15768.2607421875	0.0388240957868091	0.146835	0.034	1	ANTBCT0404	2.416777188	1.437751004	3.804054054	1.43046875	3.509118541	5	2	2016	1
AN_GSV_002	16916	4	163229.109375	225139.265625	15768.2607421875	0.0388240957868091	0.02259	0.0381	1	ANTBCT0404	2.416777188	1.437751004	3.804054054	1.43046875	3.509118541	5	2	2016	1
AN_GSV_002	16944	4	163229.109375	225139.265625	15768.2607421875	0.240709393878217	0.031626	0.0833	1	ANTBCT0404	2.416777188	1.437751004	3.804054054	1.43046875	3.509118541	5	2	2016	1
AN_GSV_003	16636	3	163212.46875	225174.359375	799.032104492188	0.613420713431584	0.02259	0.119	1	ANTBCT0458	2.028846154	1.440366972	2.961928934	3.308344198	1.332411887	5	2	2015	1
AN_GSV_003	16657	3	163212.46875	225174.359375	799.032104492188	1.3433137142236	0.065511	0.1389	1	ANTBCT0458	2.028846154	1.440366972	2.961928934	3.308344198	1.332411887	5	2	2015	1
AN_GSV_003	16692	3	163212.46875	225174.359375	799.032104492188	2.00332334259935	0.06777	0.0862	1	ANTBCT0458	2.028846154	1.440366972	2.961928934	3.308344198	1.332411887	5	2	2015	1
AN_GSV_003	16727	3	163212.46875	225174.359375	799.032104492188	0.737657819949373	0.099396	0.07	1	ANTBCT0458	2.028846154	1.440366972	2.961928934	3.308344198	1.332411887	5	2	2015	1
AN_GSV_003	16755	3	163212.46875	225174.359375	799.032104492188	0.388240957868091	0.060993	0.225	1	ANTBCT0458	2.028846154	1.440366972	2.961928934	3.308344198	1.332411887	5	2	2015	1
AN_GSV_003	16783	3	163212.46875	225174.359375	799.032104492188	0.0854130107309801	0.094878	0.102	1	ANTBCT0458	2.028846154	1.440366972	2.961928934	3.308344198	1.332411887	5	2	2015	1
AN_GSV_003	16825	3	163212.46875	225174.359375	799.032104492188	0.0388240957868091	1.115946	0.0807	1	ANTBCT0458	2.028846154	1.440366972	2.961928934	3.308344198	1.332411887	5	2	2016	1
AN_GSV_003	16853	3	163212.46875	225174.359375	799.032104492188	0.0931778298883419	0.065511	0.0502	1	ANTBCT0458	2.028846154	1.440366972	2.961928934	3.308344198	1.332411887	5	2	2016	1
AN_GSV_003	16896	3	163212.46875	225174.359375	799.032104492188	0.0388240957868091	0.099396	0.0416	1	ANTBCT0458	2.028846154	1.440366972	2.961928934	3.308344198	1.332411887	5	2	2016	1
AN_GSV_003	16916	3	163212.46875	225174.359375	799.032104492188	0.0388240957868091	0.024849	0.0622	1	ANTBCT0458	2.028846154	1.440366972	2.961928934	3.308344198	1.332411887	5	2	2016	1
AN_GSV_003	16944	3	163212.46875	225174.359375	799.032104492188	0.100942649045704	0.054216	0.0795	1	ANTBCT0458	2.028846154	1.440366972	2.961928934	3.308344198	1.332411887	5	2	2016	1
LI_MAT_011	16951	4	225663.078125	183169.890625	95843.296875	0.232944574720855	0.115209	0.0935	1	LIMGNK0055	1.548139159	1.536697248	2.100183824	3.835990888	3.376327769	5	4	2016	1
LI_MAT_011	17015	4	225663.078125	183169.890625	95843.296875	0.310592766294473	0.02259	0.1546	1	LIMGNK0055	1.548139159	1.536697248	2.100183824	3.835990888	3.376327769	5	4	2016	1
LI_MAT_011	17035	4	225663.078125	183169.890625	95843.296875	0.0388240957868091	0.033885	0.0857	1	LIMGNK0055	1.548139159	1.536697248	2.100183824	3.835990888	3.376327769	5	4	2016	1
LI_MAT_011	17071	4	225663.078125	183169.890625	95843.296875	0.0388240957868091	0.02259	0.0748	1	LIMGNK0055	1.548139159	1.536697248	2.100183824	3.835990888	3.376327769	5	4	2016	1
LI_MAT_011	17098	4	225663.078125	183169.890625	95843.296875	0.0388240957868091	0.02259	0.0758	1	LIMGNK0055	1.548139159	1.536697248	2.100183824	3.835990888	3.376327769	5	4	2016	1
LI_MAT_011	17133	4	225663.078125	183169.890625	95843.296875	0.0388240957868091	0.164907	0.048	1	LIMGNK0055	1.548139159	1.536697248	2.100183824	3.835990888	3.376327769	5	4	2016	1
LI_MAT_011	17140	4	225663.078125	183169.890625	95843.296875	0.0465889149441709	0.171684	0.0994	1	LIMGNK0055	1.548139159	1.536697248	2.100183824	3.835990888	3.376327769	5	4	2016	1
LI_MAT_011	17217	4	225663.078125	183169.890625	95843.296875	0.0388240957868091	0.137799	0.056	1	LIMGNK0055	1.548139159	1.536697248	2.100183824	3.835990888	3.376327769	5	4	2017	1
LI_MAT_011	17253	4	225663.078125	183169.890625	95843.296875	0.271768670507664	0.056475	0.056	1	LIMGNK0055	1.548139159	1.536697248	2.100183824	3.835990888	3.376327769	5	4	2017	1
LI_MAT_011	17275	4	225663.078125	183169.890625	95843.296875	0.186355659776684	0.289152	0.139	1	LIMGNK0055	1.548139159	1.536697248	2.100183824	3.835990888	3.376327769	5	4	2017	1
LI_MAT_011	17302	4	225663.078125	183169.890625	95843.296875	0.0776481915736183	0.072288	0.037	1	LIMGNK0055	1.548139159	1.536697248	2.100183824	3.835990888	3.376327769	5	4	2017	1
AN_ZAM_003	17344	6	191578.4375	198839.421875	1522.384765625	0.178590840619322	0.221382	2.321	1	ANTGEE0046	3.046511628	1.539215686	3.225593668	3.616860465	2.072599532	5	2	2017	1
AN_ZAM_003	17372	6	191578.4375	198839.421875	1522.384765625	0.302827947137111	0.11295	1.17	1	ANTGEE0046	3.046511628	1.539215686	3.225593668	3.616860465	2.072599532	5	2	2017	1
AN_ZAM_003	17399	6	191578.4375	198839.421875	1522.384765625	2.00332334259935	0.079065	0.538	1	ANTGEE0046	3.046511628	1.539215686	3.225593668	3.616860465	2.072599532	5	2	2017	1
AN_ZAM_003	17420	6	191578.4375	198839.421875	1522.384765625	0.124237106517789	0.167166	0.627	1	ANTGEE0046	3.046511628	1.539215686	3.225593668	3.616860465	2.072599532	5	2	2017	1
AN_ZAM_003	17462	6	191578.4375	198839.421875	1522.384765625	4.57347848368611	0.065511	0.1613	1	ANTGEE0046	3.046511628	1.539215686	3.225593668	3.616860465	2.072599532	5	2	2017	1
AN_ZAM_003	17490	6	191578.4375	198839.421875	1522.384765625	8.15306011522992	0.09036	0.9274	1	ANTGEE0046	3.046511628	1.539215686	3.225593668	3.616860465	2.072599532	5	2	2017	1
AN_ZAM_003	17519	6	191578.4375	198839.421875	1522.384765625	3.37769633345239	0.60993	0.3019	1	ANTGEE0046	3.046511628	1.539215686	3.225593668	3.616860465	2.072599532	5	2	2017	1
AN_ZAM_003	17553	6	191578.4375	198839.421875	1522.384765625	3.45534452502601	0.325296	0.177	1	ANTGEE0046	3.046511628	1.539215686	3.225593668	3.616860465	2.072599532	5	2	2018	1
AN_ZAM_003	17581	6	191578.4375	198839.421875	1522.384765625	1.64614166136071	0.485685	0.1895	1	ANTGEE0046	3.046511628	1.539215686	3.225593668	3.616860465	2.072599532	5	2	2018	1
AN_ZAM_003	17602	6	191578.4375	198839.421875	1522.384765625	0.0388240957868091	0.702549	0.248	1	ANTGEE0046	3.046511628	1.539215686	3.225593668	3.616860465	2.072599532	5	2	2018	1
AN_ZAM_003	17625	6	191578.4375	198839.421875	1522.384765625	0.0543537341015328	0.2259	0.413	1	ANTGEE0046	3.046511628	1.539215686	3.225593668	3.616860465	2.072599532	5	2	2018	1
AN_ZAM_003	17680	6	191578.4375	198839.421875	1522.384765625	0.0388240957868091	0.029367	0.8351	1	ANTGEE0046	3.046511628	1.539215686	3.225593668	3.616860465	2.072599532	5	2	2018	1
AN_NOL_003	17693	7	154351.375	234226.8125	3135.93505859375	0.590126255959499	0.221382	0.02	1	ANTKAL0288	2.486111111	1.579155673	3.713253012	3.759810555	3.572408537	5	2	2018	1
AN_NOL_003	17735	7	154351.375	234226.8125	3135.93505859375	0.0543537341015328	0.088101	0.02	1	ANTKAL0288	2.486111111	1.579155673	3.713253012	3.759810555	3.572408537	5	2	2018	1
AN_NOL_003	17763	7	154351.375	234226.8125	3135.93505859375	0.318357585451835	0.155871	0.02	1	ANTKAL0288	2.486111111	1.579155673	3.713253012	3.759810555	3.572408537	5	2	2018	1
AN_NOL_003	17785	7	154351.375	234226.8125	3135.93505859375	0.186355659776684	0.110691	0.1014	1	ANTKAL0288	2.486111111	1.579155673	3.713253012	3.759810555	3.572408537	5	2	2018	1
AN_NOL_003	17819	7	154351.375	234226.8125	3135.93505859375	0.349416862081282	0.121986	0.02	1	ANTKAL0288	2.486111111	1.579155673	3.713253012	3.759810555	3.572408537	5	2	2018	1
AN_NOL_003	17855	7	154351.375	234226.8125	3135.93505859375	0.706598543319926	0.063252	0.0582	1	ANTKAL0288	2.486111111	1.579155673	3.713253012	3.759810555	3.572408537	5	2	2018	1
AN_NOL_003	17869	7	154351.375	234226.8125	3135.93505859375	0.574596617644775	0.083583	0.0581	1	ANTKAL0288	2.486111111	1.579155673	3.713253012	3.759810555	3.572408537	5	2	2018	1
LI_VZB_006	16608	7	217503.65625	197733.984375	7947.3701171875	0.0388240957868091	0.024849	0.0973	1	LIMBRG0182	1.446902655	1.595238095	3.039149888	3.494750656	2.348692403	5	4	2015	1
LI_VZB_006	16636	7	217503.65625	197733.984375	7947.3701171875	0.0388240957868091	0.033885	0.112	1	LIMBRG0182	1.446902655	1.595238095	3.039149888	3.494750656	2.348692403	5	4	2015	1
LI_VZB_006	16665	7	217503.65625	197733.984375	7947.3701171875	0.0388240957868091	0.033885	0.0223	1	LIMBRG0182	1.446902655	1.595238095	3.039149888	3.494750656	2.348692403	5	4	2015	1
LI_VZB_006	16692	7	217503.65625	197733.984375	7947.3701171875	0.0388240957868091	0.038403	0.0782	1	LIMBRG0182	1.446902655	1.595238095	3.039149888	3.494750656	2.348692403	5	4	2015	1
LI_VZB_006	16727	7	217503.65625	197733.984375	7947.3701171875	0.0465889149441709	0.047439	0.12	1	LIMBRG0182	1.446902655	1.595238095	3.039149888	3.494750656	2.348692403	5	4	2015	1
LI_VZB_006	16755	7	217503.65625	197733.984375	7947.3701171875	0.0543537341015328	0.060993	0.024	1	LIMBRG0182	1.446902655	1.595238095	3.039149888	3.494750656	2.348692403	5	4	2015	1
LI_VZB_006	16825	7	217503.65625	197733.984375	7947.3701171875	0.0388240957868091	0.056475	0.02	1	LIMBRG0182	1.446902655	1.595238095	3.039149888	3.494750656	2.348692403	5	4	2016	1
LI_VZB_006	16861	7	217503.65625	197733.984375	7947.3701171875	0.0388240957868091	0.040662	0.02	1	LIMBRG0182	1.446902655	1.595238095	3.039149888	3.494750656	2.348692403	5	4	2016	1
LI_VZB_006	16882	7	217503.65625	197733.984375	7947.3701171875	0.0388240957868091	0.04518	0.2652	1	LIMBRG0182	1.446902655	1.595238095	3.039149888	3.494750656	2.348692403	5	4	2016	1
LI_VZB_006	16917	7	217503.65625	197733.984375	7947.3701171875	0.0388240957868091	0.02259	0.0245	1	LIMBRG0182	1.446902655	1.595238095	3.039149888	3.494750656	2.348692403	5	4	2016	1
LI_VZB_006	16944	7	217503.65625	197733.984375	7947.3701171875	0.0698833724162564	0.031626	0.0411	1	LIMBRG0182	1.446902655	1.595238095	3.039149888	3.494750656	2.348692403	5	4	2016	1
AN_ZAM_002	17344	6	191516.921875	198850.671875	771.373168945312	0.0621185532588946	0.081324	0.225	1	ANTGEE0069	3.081081081	1.64084507	3.380778589	3.992715232	3.408536585	5	2	2017	1
AN_ZAM_002	17372	6	191516.921875	198850.671875	771.373168945312	0.0388240957868091	0.033885	0.273	1	ANTGEE0069	3.081081081	1.64084507	3.380778589	3.992715232	3.408536585	5	2	2017	1
AN_ZAM_002	17399	6	191516.921875	198850.671875	771.373168945312	0.0698833724162564	0.070029	0.217	1	ANTGEE0069	3.081081081	1.64084507	3.380778589	3.992715232	3.408536585	5	2	2017	1
AN_ZAM_002	17420	6	191516.921875	198850.671875	771.373168945312	0.178590840619322	0.083583	0.3147	1	ANTGEE0069	3.081081081	1.64084507	3.380778589	3.992715232	3.408536585	5	2	2017	1
AN_ZAM_002	17462	6	191516.921875	198850.671875	771.373168945312	0.0621185532588946	0.083583	0.5942	1	ANTGEE0069	3.081081081	1.64084507	3.380778589	3.992715232	3.408536585	5	2	2017	1
AN_ZAM_002	17490	6	191516.921875	198850.671875	771.373168945312	0.100942649045704	0.042921	0.3102	1	ANTGEE0069	3.081081081	1.64084507	3.380778589	3.992715232	3.408536585	5	2	2017	1
AN_ZAM_002	17519	6	191516.921875	198850.671875	771.373168945312	0.442594691969624	0.625743	0.1978	1	ANTGEE0069	3.081081081	1.64084507	3.380778589	3.992715232	3.408536585	5	2	2017	1
AN_ZAM_002	17553	6	191516.921875	198850.671875	771.373168945312	0.496948426071157	0.447282	0.171	1	ANTGEE0069	3.081081081	1.64084507	3.380778589	3.992715232	3.408536585	5	2	2018	1
AN_ZAM_002	17581	6	191516.921875	198850.671875	771.373168945312	0.0543537341015328	0.065511	0.3982	1	ANTGEE0069	3.081081081	1.64084507	3.380778589	3.992715232	3.408536585	5	2	2018	1
AN_ZAM_002	17602	6	191516.921875	198850.671875	771.373168945312	0.0388240957868091	0.072288	0.478	1	ANTGEE0069	3.081081081	1.64084507	3.380778589	3.992715232	3.408536585	5	2	2018	1
AN_ZAM_002	17625	6	191516.921875	198850.671875	771.373168945312	0.0388240957868091	0.058734	0.949	1	ANTGEE0069	3.081081081	1.64084507	3.380778589	3.992715232	3.408536585	5	2	2018	1
AN_ZAM_002	17680	6	191516.921875	198850.671875	771.373168945312	0.0388240957868091	0.02259	1.4839	1	ANTGEE0069	3.081081081	1.64084507	3.380778589	3.992715232	3.408536585	5	2	2018	1
AN_KAL_002	16581	7	154894.109375	232616.03125	17617.9765625	0.566831798487413	0.060993	0.056	1	ANTKAL0330	2.697916667	1.664717349	1.639561707	3.902439024	1.932281394	5	2	2015	1
AN_KAL_002	16601	7	154894.109375	232616.03125	17617.9765625	0.0543537341015328	0.047439	0.038	1	ANTKAL0330	2.697916667	1.664717349	1.639561707	3.902439024	1.932281394	5	2	2015	1
AN_KAL_002	16616	7	154894.109375	232616.03125	17617.9765625	0.0465889149441709	0.051957	0.02	1	ANTKAL0330	2.697916667	1.664717349	1.639561707	3.902439024	1.932281394	5	2	2015	1
AN_KAL_002	16643	7	154894.109375	232616.03125	17617.9765625	1.11036913950274	0.074547	0.051	1	ANTKAL0330	2.697916667	1.664717349	1.639561707	3.902439024	1.932281394	5	2	2015	1
AN_KAL_002	16671	7	154894.109375	232616.03125	17617.9765625	1.69273057630488	0.049698	0.0469	1	ANTKAL0330	2.697916667	1.664717349	1.639561707	3.902439024	1.932281394	5	2	2015	1
AN_KAL_002	16699	7	154894.109375	232616.03125	17617.9765625	0.0388240957868091	0.02259	0.067	1	ANTKAL0330	2.697916667	1.664717349	1.639561707	3.902439024	1.932281394	5	2	2015	1
AN_KAL_002	16734	7	154894.109375	232616.03125	17617.9765625	0.0388240957868091	0.00289152	0.02	1	ANTKAL0330	2.697916667	1.664717349	1.639561707	3.902439024	1.932281394	5	2	2015	1
AN_KAL_002	16762	7	154894.109375	232616.03125	17617.9765625	0.178590840619322	0.060993	0.02	1	ANTKAL0330	2.697916667	1.664717349	1.639561707	3.902439024	1.932281394	5	2	2015	1
AN_KAL_002	16805	7	154894.109375	232616.03125	17617.9765625	0.0465889149441709	0.063252	0.02	1	ANTKAL0330	2.697916667	1.664717349	1.639561707	3.902439024	1.932281394	5	2	2016	1
AN_KAL_002	16832	7	154894.109375	232616.03125	17617.9765625	0.0388240957868091	0.040662	0.02	1	ANTKAL0330	2.697916667	1.664717349	1.639561707	3.902439024	1.932281394	5	2	2016	1
AN_KAL_002	16860	7	154894.109375	232616.03125	17617.9765625	0.0388240957868091	0.02259	0.02	1	ANTKAL0330	2.697916667	1.664717349	1.639561707	3.902439024	1.932281394	5	2	2016	1
AN_KAL_002	16896	7	154894.109375	232616.03125	17617.9765625	0.0388240957868091	0.074547	0.0222	1	ANTKAL0330	2.697916667	1.664717349	1.639561707	3.902439024	1.932281394	5	2	2016	1
AN_KAL_002	16924	7	154894.109375	232616.03125	17617.9765625	0.0388240957868091	0.02259	0.02	1	ANTKAL0330	2.697916667	1.664717349	1.639561707	3.902439024	1.932281394	5	2	2016	1
AN_RPT_002	16202	3	204866.515625	219958.25	158478.46875	0.0776481915736183	0.02259	NA	1	ANTMOL0088	2.126351004	1.691729323	3.054187192	3.17535854	3.005979073	5	3	2014	1
AN_RPT_002	16202	4	204866.515625	219958.25	158478.46875	0.0776481915736183	0.02259	NA	1	ANTMOL0088	2.126351004	1.691729323	3.054187192	3.17535854	3.005979073	5	3	2014	1
AN_RPT_002	16232	3	204866.515625	219958.25	158478.46875	0.0776481915736183	0.024849	NA	1	ANTMOL0088	2.126351004	1.691729323	3.054187192	3.17535854	3.005979073	5	3	2014	1
AN_RPT_002	16232	4	204866.515625	219958.25	158478.46875	0.0776481915736183	0.024849	NA	1	ANTMOL0088	2.126351004	1.691729323	3.054187192	3.17535854	3.005979073	5	3	2014	1
AN_RPT_002	16265	3	204866.515625	219958.25	158478.46875	0.0776481915736183	0.02259	NA	1	ANTMOL0088	2.126351004	1.691729323	3.054187192	3.17535854	3.005979073	5	3	2014	1
AN_RPT_002	16265	4	204866.515625	219958.25	158478.46875	0.0776481915736183	0.02259	NA	1	ANTMOL0088	2.126351004	1.691729323	3.054187192	3.17535854	3.005979073	5	3	2014	1
AN_RPT_002	16294	3	204866.515625	219958.25	158478.46875	0.0776481915736183	0.02259	NA	1	ANTMOL0088	2.126351004	1.691729323	3.054187192	3.17535854	3.005979073	5	3	2014	1
AN_RPT_002	16294	4	204866.515625	219958.25	158478.46875	0.0776481915736183	0.02259	NA	1	ANTMOL0088	2.126351004	1.691729323	3.054187192	3.17535854	3.005979073	5	3	2014	1
AN_RPT_002	16329	3	204866.515625	219958.25	158478.46875	0.0776481915736183	0.02259	NA	1	ANTMOL0088	2.126351004	1.691729323	3.054187192	3.17535854	3.005979073	5	3	2014	1
AN_RPT_002	16329	4	204866.515625	219958.25	158478.46875	0.0776481915736183	0.02259	NA	1	ANTMOL0088	2.126351004	1.691729323	3.054187192	3.17535854	3.005979073	5	3	2014	1
AN_RPT_002	16391	3	204866.515625	219958.25	158478.46875	0.0776481915736183	0.02259	NA	1	ANTMOL0088	2.126351004	1.691729323	3.054187192	3.17535854	3.005979073	5	3	2014	1
AN_RPT_002	16391	4	204866.515625	219958.25	158478.46875	0.0776481915736183	0.02259	NA	1	ANTMOL0088	2.126351004	1.691729323	3.054187192	3.17535854	3.005979073	5	3	2014	1
LI_ASB_001	16216	3	238784.859375	179870.234375	9401.9462890625	0.0776481915736183	0.027108	NA	1	LIMLNK0083	2.426136364	1.732323232	3.636103152	3.539438503	3.155504234	5	2	2014	1
LI_ASB_001	16245	3	238784.859375	179870.234375	9401.9462890625	0.0776481915736183	0.024849	NA	1	LIMLNK0083	2.426136364	1.732323232	3.636103152	3.539438503	3.155504234	5	2	2014	1
LI_ASB_001	16274	3	238784.859375	179870.234375	9401.9462890625	0.0776481915736183	0.049698	NA	1	LIMLNK0083	2.426136364	1.732323232	3.636103152	3.539438503	3.155504234	5	2	2014	1
LI_ASB_001	16300	3	238784.859375	179870.234375	9401.9462890625	0.0776481915736183	0.038403	NA	1	LIMLNK0083	2.426136364	1.732323232	3.636103152	3.539438503	3.155504234	5	2	2014	1
LI_ASB_001	16335	3	238784.859375	179870.234375	9401.9462890625	0.0854130107309801	0.106173	NA	1	LIMLNK0083	2.426136364	1.732323232	3.636103152	3.539438503	3.155504234	5	2	2014	1
LI_ASB_001	16371	3	238784.859375	179870.234375	9401.9462890625	0.217414936406131	0.29367	NA	1	LIMLNK0083	2.426136364	1.732323232	3.636103152	3.539438503	3.155504234	5	2	2014	1
LI_TEU_003	16581	2	224869.796875	188885.03125	14337.0546875	0.0388240957868091	0.063252	0.02	1	LIMZNH0338	1.704252577	1.841666667	2.482281285	1.86465721	2.610878661	5	2	2015	1
LI_TEU_003	16581	7	224869.796875	188885.03125	14337.0546875	0.0388240957868091	0.063252	0.02	1	LIMZNH0338	1.704252577	1.841666667	2.482281285	1.86465721	2.610878661	5	2	2015	1
LI_TEU_003	16609	2	224869.796875	188885.03125	14337.0546875	0.0465889149441709	0.038403	0.02	1	LIMZNH0338	1.704252577	1.841666667	2.482281285	1.86465721	2.610878661	5	2	2015	1
LI_TEU_003	16609	7	224869.796875	188885.03125	14337.0546875	0.0465889149441709	0.038403	0.02	1	LIMZNH0338	1.704252577	1.841666667	2.482281285	1.86465721	2.610878661	5	2	2015	1
LI_TEU_003	16636	2	224869.796875	188885.03125	14337.0546875	0.0388240957868091	0.02259	0.02	1	LIMZNH0338	1.704252577	1.841666667	2.482281285	1.86465721	2.610878661	5	2	2015	1
LI_TEU_003	16636	7	224869.796875	188885.03125	14337.0546875	0.0388240957868091	0.02259	0.02	1	LIMZNH0338	1.704252577	1.841666667	2.482281285	1.86465721	2.610878661	5	2	2015	1
LI_TEU_003	16665	2	224869.796875	188885.03125	14337.0546875	0.0388240957868091	0.063252	0.02	1	LIMZNH0338	1.704252577	1.841666667	2.482281285	1.86465721	2.610878661	5	2	2015	1
LI_TEU_003	16665	7	224869.796875	188885.03125	14337.0546875	0.0388240957868091	0.063252	0.02	1	LIMZNH0338	1.704252577	1.841666667	2.482281285	1.86465721	2.610878661	5	2	2015	1
LI_TEU_003	16693	2	224869.796875	188885.03125	14337.0546875	0.0388240957868091	0.117468	0.02	1	LIMZNH0338	1.704252577	1.841666667	2.482281285	1.86465721	2.610878661	5	2	2015	1
LI_TEU_003	16693	7	224869.796875	188885.03125	14337.0546875	0.0388240957868091	0.117468	0.02	1	LIMZNH0338	1.704252577	1.841666667	2.482281285	1.86465721	2.610878661	5	2	2015	1
LI_TEU_003	16727	2	224869.796875	188885.03125	14337.0546875	0.116472287360427	0.36144	0.04	1	LIMZNH0338	1.704252577	1.841666667	2.482281285	1.86465721	2.610878661	5	2	2015	1
LI_TEU_003	16727	7	224869.796875	188885.03125	14337.0546875	0.116472287360427	0.36144	0.04	1	LIMZNH0338	1.704252577	1.841666667	2.482281285	1.86465721	2.610878661	5	2	2015	1
LI_TEU_003	16755	2	224869.796875	188885.03125	14337.0546875	0.108707468203066	0.151353	0.02	1	LIMZNH0338	1.704252577	1.841666667	2.482281285	1.86465721	2.610878661	5	2	2015	1
LI_TEU_003	16755	7	224869.796875	188885.03125	14337.0546875	0.108707468203066	0.151353	0.02	1	LIMZNH0338	1.704252577	1.841666667	2.482281285	1.86465721	2.610878661	5	2	2015	1
LI_TEU_003	16832	2	224869.796875	188885.03125	14337.0546875	0.0388240957868091	0.275598	0.02	1	LIMZNH0338	1.704252577	1.841666667	2.482281285	1.86465721	2.610878661	5	2	2016	1
LI_TEU_003	16832	7	224869.796875	188885.03125	14337.0546875	0.0388240957868091	0.275598	0.02	1	LIMZNH0338	1.704252577	1.841666667	2.482281285	1.86465721	2.610878661	5	2	2016	1
LI_TEU_003	16853	2	224869.796875	188885.03125	14337.0546875	0.0543537341015328	0.194274	0.02	1	LIMZNH0338	1.704252577	1.841666667	2.482281285	1.86465721	2.610878661	5	2	2016	1
LI_TEU_003	16853	7	224869.796875	188885.03125	14337.0546875	0.0543537341015328	0.194274	0.02	1	LIMZNH0338	1.704252577	1.841666667	2.482281285	1.86465721	2.610878661	5	2	2016	1
LI_TEU_003	16909	2	224869.796875	188885.03125	14337.0546875	0.0388240957868091	0.092619	0.02	1	LIMZNH0338	1.704252577	1.841666667	2.482281285	1.86465721	2.610878661	5	2	2016	1
LI_TEU_003	16909	7	224869.796875	188885.03125	14337.0546875	0.0388240957868091	0.092619	0.02	1	LIMZNH0338	1.704252577	1.841666667	2.482281285	1.86465721	2.610878661	5	2	2016	1
LI_TEU_003	16945	2	224869.796875	188885.03125	14337.0546875	0.0388240957868091	0.072288	0.0207	1	LIMZNH0338	1.704252577	1.841666667	2.482281285	1.86465721	2.610878661	5	2	2016	1
LI_TEU_003	16945	7	224869.796875	188885.03125	14337.0546875	0.0388240957868091	0.072288	0.0207	1	LIMZNH0338	1.704252577	1.841666667	2.482281285	1.86465721	2.610878661	5	2	2016	1
LI_MAT_003	16202	6	226232.359375	182801.25	6382.56396484375	0.0776481915736183	0.02259	NA	1	LIMGNK0062	2.75	1.859126984	1.713560886	3.238780207	2.773038842	5	4	2014	1
LI_MAT_003	16238	6	226232.359375	182801.25	6382.56396484375	0.0776481915736183	0.031626	NA	1	LIMGNK0062	2.75	1.859126984	1.713560886	3.238780207	2.773038842	5	4	2014	1
LI_MAT_003	16266	6	226232.359375	182801.25	6382.56396484375	0.0776481915736183	0.027108	NA	1	LIMGNK0062	2.75	1.859126984	1.713560886	3.238780207	2.773038842	5	4	2014	1
LI_MAT_003	16307	6	226232.359375	182801.25	6382.56396484375	0.0776481915736183	0.02259	NA	1	LIMGNK0062	2.75	1.859126984	1.713560886	3.238780207	2.773038842	5	4	2014	1
LI_MAT_003	16342	6	226232.359375	182801.25	6382.56396484375	0.0776481915736183	0.09036	NA	1	LIMGNK0062	2.75	1.859126984	1.713560886	3.238780207	2.773038842	5	4	2014	1
LI_MAT_003	16391	6	226232.359375	182801.25	6382.56396484375	0.0776481915736183	0.09036	NA	1	LIMGNK0062	2.75	1.859126984	1.713560886	3.238780207	2.773038842	5	4	2014	1
AN_TUR_001	16188	3	191823.296875	228252.40625	1338.87622070312	0.559066979330051	0.040662	NA	1	ANTOTH0015	2.103174603	1.89084507	3.732758621	3.598155468	3.500932256	5	4	2014	1
AN_TUR_001	16237	3	191823.296875	228252.40625	1338.87622070312	0.349416862081282	0.063252	NA	1	ANTOTH0015	2.103174603	1.89084507	3.732758621	3.598155468	3.500932256	5	4	2014	1
AN_TUR_001	16266	3	191823.296875	228252.40625	1338.87622070312	0.450359511126986	0.040662	NA	1	ANTOTH0015	2.103174603	1.89084507	3.732758621	3.598155468	3.500932256	5	4	2014	1
AN_TUR_001	16300	3	191823.296875	228252.40625	1338.87622070312	0.442594691969624	0.065511	NA	1	ANTOTH0015	2.103174603	1.89084507	3.732758621	3.598155468	3.500932256	5	4	2014	1
AN_TUR_001	16335	3	191823.296875	228252.40625	1338.87622070312	0.364946500396006	0.085842	NA	1	ANTOTH0015	2.103174603	1.89084507	3.732758621	3.598155468	3.500932256	5	4	2014	1
AN_TUR_001	16391	3	191823.296875	228252.40625	1338.87622070312	0.877424564781886	0.051957	NA	1	ANTOTH0015	2.103174603	1.89084507	3.732758621	3.598155468	3.500932256	5	4	2014	1
VB_VIE_002	16195	6	192662.1875	189575.9375	648.220764160156	0.0776481915736183	0.027108	NA	1	VBRSZI0277	2.107142857	1.968382353	4	3.065719361	3.388956311	5	3	2014	1
VB_VIE_002	16231	6	192662.1875	189575.9375	648.220764160156	0.0776481915736183	0.02259	NA	1	VBRSZI0277	2.107142857	1.968382353	4	3.065719361	3.388956311	5	3	2014	1
VB_VIE_002	16259	6	192662.1875	189575.9375	648.220764160156	0.0776481915736183	0.02259	NA	1	VBRSZI0277	2.107142857	1.968382353	4	3.065719361	3.388956311	5	3	2014	1
VB_VIE_002	16294	6	192662.1875	189575.9375	648.220764160156	0.0776481915736183	0.02259	NA	1	VBRSZI0277	2.107142857	1.968382353	4	3.065719361	3.388956311	5	3	2014	1
VB_VIE_002	16329	6	192662.1875	189575.9375	648.220764160156	0.0776481915736183	0.027108	NA	1	VBRSZI0277	2.107142857	1.968382353	4	3.065719361	3.388956311	5	3	2014	1
VB_VIE_002	16370	6	192662.1875	189575.9375	648.220764160156	0.0776481915736183	0.027108	NA	1	VBRSZI0277	2.107142857	1.968382353	4	3.065719361	3.388956311	5	3	2014	1
AN_ENK_002	17344	3	179518.578125	207815.6875	4774.78662109375	0.139766744832513	0.18072	0.132	1	ANTHTS0090	1.679487179	1.97810219	3.180397727	1.547516199	3.046651618	5	4	2017	1
AN_ENK_002	17344	7	179518.578125	207815.6875	4774.78662109375	0.139766744832513	0.18072	0.132	1	ANTHTS0090	1.679487179	1.97810219	3.180397727	1.547516199	3.046651618	5	4	2017	1
AN_ENK_002	17378	3	179518.578125	207815.6875	4774.78662109375	0.225179755563493	0.304965	0.2258	1	ANTHTS0090	1.679487179	1.97810219	3.180397727	1.547516199	3.046651618	5	4	2017	1
AN_ENK_002	17378	7	179518.578125	207815.6875	4774.78662109375	0.225179755563493	0.304965	0.2258	1	ANTHTS0090	1.679487179	1.97810219	3.180397727	1.547516199	3.046651618	5	4	2017	1
AN_ENK_002	17399	3	179518.578125	207815.6875	4774.78662109375	0.201885298091407	0.282375	0.285	1	ANTHTS0090	1.679487179	1.97810219	3.180397727	1.547516199	3.046651618	5	4	2017	1
AN_ENK_002	17399	7	179518.578125	207815.6875	4774.78662109375	0.201885298091407	0.282375	0.285	1	ANTHTS0090	1.679487179	1.97810219	3.180397727	1.547516199	3.046651618	5	4	2017	1
AN_ENK_002	17435	3	179518.578125	207815.6875	4774.78662109375	0.264003851350302	0.420174	0.178	1	ANTHTS0090	1.679487179	1.97810219	3.180397727	1.547516199	3.046651618	5	4	2017	1
AN_ENK_002	17435	7	179518.578125	207815.6875	4774.78662109375	0.264003851350302	0.420174	0.178	1	ANTHTS0090	1.679487179	1.97810219	3.180397727	1.547516199	3.046651618	5	4	2017	1
AN_ENK_002	17455	3	179518.578125	207815.6875	4774.78662109375	0.232944574720855	0.329814	0.0841	1	ANTHTS0090	1.679487179	1.97810219	3.180397727	1.547516199	3.046651618	5	4	2017	1
AN_ENK_002	17455	7	179518.578125	207815.6875	4774.78662109375	0.232944574720855	0.329814	0.0841	1	ANTHTS0090	1.679487179	1.97810219	3.180397727	1.547516199	3.046651618	5	4	2017	1
AN_ENK_002	17497	3	179518.578125	207815.6875	4774.78662109375	0.0543537341015328	0.151353	0.167	1	ANTHTS0090	1.679487179	1.97810219	3.180397727	1.547516199	3.046651618	5	4	2017	1
AN_ENK_002	17497	7	179518.578125	207815.6875	4774.78662109375	0.0543537341015328	0.151353	0.167	1	ANTHTS0090	1.679487179	1.97810219	3.180397727	1.547516199	3.046651618	5	4	2017	1
AN_ENK_002	17546	3	179518.578125	207815.6875	4774.78662109375	0.0543537341015328	0.09036	0.058	1	ANTHTS0090	1.679487179	1.97810219	3.180397727	1.547516199	3.046651618	5	4	2018	1
AN_ENK_002	17546	7	179518.578125	207815.6875	4774.78662109375	0.0543537341015328	0.09036	0.058	1	ANTHTS0090	1.679487179	1.97810219	3.180397727	1.547516199	3.046651618	5	4	2018	1
AN_ENK_002	17581	3	179518.578125	207815.6875	4774.78662109375	0.0388240957868091	0.108432	0.02	1	ANTHTS0090	1.679487179	1.97810219	3.180397727	1.547516199	3.046651618	5	4	2018	1
AN_ENK_002	17581	7	179518.578125	207815.6875	4774.78662109375	0.0388240957868091	0.108432	0.02	1	ANTHTS0090	1.679487179	1.97810219	3.180397727	1.547516199	3.046651618	5	4	2018	1
AN_ENK_002	17609	3	179518.578125	207815.6875	4774.78662109375	0.0931778298883419	0.169425	0.02	1	ANTHTS0090	1.679487179	1.97810219	3.180397727	1.547516199	3.046651618	5	4	2018	1
AN_ENK_002	17609	7	179518.578125	207815.6875	4774.78662109375	0.0931778298883419	0.169425	0.02	1	ANTHTS0090	1.679487179	1.97810219	3.180397727	1.547516199	3.046651618	5	4	2018	1
AN_ENK_002	17644	3	179518.578125	207815.6875	4774.78662109375	0.139766744832513	0.20331	0.0598	1	ANTHTS0090	1.679487179	1.97810219	3.180397727	1.547516199	3.046651618	5	4	2018	1
AN_ENK_002	17644	7	179518.578125	207815.6875	4774.78662109375	0.139766744832513	0.20331	0.0598	1	ANTHTS0090	1.679487179	1.97810219	3.180397727	1.547516199	3.046651618	5	4	2018	1
AN_ENK_002	17680	3	179518.578125	207815.6875	4774.78662109375	0.0621185532588946	0.2259	0.0404	1	ANTHTS0090	1.679487179	1.97810219	3.180397727	1.547516199	3.046651618	5	4	2018	1
AN_ENK_002	17680	7	179518.578125	207815.6875	4774.78662109375	0.0621185532588946	0.2259	0.0404	1	ANTHTS0090	1.679487179	1.97810219	3.180397727	1.547516199	3.046651618	5	4	2018	1
AN_GSV_005	16959	7	163559.75	226428.9375	14387.86328125	0.116472287360427	0.099396	0.02	1	ANTBCT0464	1.836111111	2	2.359078591	1.040369089	1.57396789	5	2	2016	1
AN_GSV_005	16987	7	163559.75	226428.9375	14387.86328125	0.0388240957868091	0.02259	0.0332	1	ANTBCT0464	1.836111111	2	2.359078591	1.040369089	1.57396789	5	2	2016	1
AN_GSV_005	17035	7	163559.75	226428.9375	14387.86328125	0.0388240957868091	0.02259	0.0237	1	ANTBCT0464	1.836111111	2	2.359078591	1.040369089	1.57396789	5	2	2016	1
AN_GSV_005	17056	7	163559.75	226428.9375	14387.86328125	0.0388240957868091	0.02259	0.0461	1	ANTBCT0464	1.836111111	2	2.359078591	1.040369089	1.57396789	5	2	2016	1
AN_GSV_005	17098	7	163559.75	226428.9375	14387.86328125	0.108707468203066	0.060993	0.02	1	ANTBCT0464	1.836111111	2	2.359078591	1.040369089	1.57396789	5	2	2016	1
AN_GSV_005	17126	7	163559.75	226428.9375	14387.86328125	0.566831798487413	0.176202	0.0231	1	ANTBCT0464	1.836111111	2	2.359078591	1.040369089	1.57396789	5	2	2016	1
AN_GSV_005	17141	7	163559.75	226428.9375	14387.86328125	0.574596617644775	0.189756	0.0349	1	ANTBCT0464	1.836111111	2	2.359078591	1.040369089	1.57396789	5	2	2016	1
AN_GSV_005	17175	7	163559.75	226428.9375	14387.86328125	0.706598543319926	0.377253	0.023	1	ANTBCT0464	1.836111111	2	2.359078591	1.040369089	1.57396789	5	2	2017	1
AN_GSV_005	17224	7	163559.75	226428.9375	14387.86328125	0.287298308822388	0.399843	0.02	1	ANTBCT0464	1.836111111	2	2.359078591	1.040369089	1.57396789	5	2	2017	1
AN_GSV_005	17253	7	163559.75	226428.9375	14387.86328125	0.100942649045704	0.309483	0.02	1	ANTBCT0464	1.836111111	2	2.359078591	1.040369089	1.57396789	5	2	2017	1
AN_GSV_005	17281	7	163559.75	226428.9375	14387.86328125	0.0388240957868091	0.13554	0.022	1	ANTBCT0464	1.836111111	2	2.359078591	1.040369089	1.57396789	5	2	2017	1
AN_GSV_005	17315	7	163559.75	226428.9375	14387.86328125	0.100942649045704	0.169425	0.02	1	ANTBCT0464	1.836111111	2	2.359078591	1.040369089	1.57396789	5	2	2017	1
AN_VOL_001	16965	3	199638.671875	205665.5	5159.86181640625	0.396005777025453	0.094878	0.2678	1	ANTMOL0607	2.959631728	2	3.423705722	2.7617866	2.128735632	5	2	2016	1
AN_VOL_001	16966	3	199638.671875	205665.5	5159.86181640625	0.0465889149441709	0.097137	0.099	1	ANTMOL0607	2.959631728	2	3.423705722	2.7617866	2.128735632	5	2	2016	1
AN_VOL_001	17015	3	199638.671875	205665.5	5159.86181640625	1.00166167129968	0.027108	0.265	1	ANTMOL0607	2.959631728	2	3.423705722	2.7617866	2.128735632	5	2	2016	1
AN_VOL_001	17043	3	199638.671875	205665.5	5159.86181640625	0.830835649837715	0.029367	0.1906	1	ANTMOL0607	2.959631728	2	3.423705722	2.7617866	2.128735632	5	2	2016	1
AN_VOL_001	17071	3	199638.671875	205665.5	5159.86181640625	0.473653968599071	0.047439	0.2235	1	ANTMOL0607	2.959631728	2	3.423705722	2.7617866	2.128735632	5	2	2016	1
AN_VOL_001	17098	3	199638.671875	205665.5	5159.86181640625	0.287298308822388	0.09036	0.0995	1	ANTMOL0607	2.959631728	2	3.423705722	2.7617866	2.128735632	5	2	2016	1
AN_VOL_001	17127	3	199638.671875	205665.5	5159.86181640625	0.201885298091407	0.257526	0.132	1	ANTMOL0607	2.959631728	2	3.423705722	2.7617866	2.128735632	5	2	2016	1
AN_VOL_001	17140	3	199638.671875	205665.5	5159.86181640625	0.178590840619322	0.11295	0.0637	1	ANTMOL0607	2.959631728	2	3.423705722	2.7617866	2.128735632	5	2	2016	1
AN_VOL_001	17183	3	199638.671875	205665.5	5159.86181640625	0.240709393878217	0.255267	0.0747	1	ANTMOL0607	2.959631728	2	3.423705722	2.7617866	2.128735632	5	2	2017	1
AN_VOL_001	17196	3	199638.671875	205665.5	5159.86181640625	0.186355659776684	0.065511	0.0449	1	ANTMOL0607	2.959631728	2	3.423705722	2.7617866	2.128735632	5	2	2017	1
AN_VOL_001	17238	3	199638.671875	205665.5	5159.86181640625	0.132001925675151	0.083583	0.0486	1	ANTMOL0607	2.959631728	2	3.423705722	2.7617866	2.128735632	5	2	2017	1
AN_VOL_001	17280	3	199638.671875	205665.5	5159.86181640625	0.17082602146196	0.054216	0.096	1	ANTMOL0607	2.959631728	2	3.423705722	2.7617866	2.128735632	5	2	2017	1
AN_VOL_001	17301	3	199638.671875	205665.5	5159.86181640625	0.139766744832513	0.088101	0.101	1	ANTMOL0607	2.959631728	2	3.423705722	2.7617866	2.128735632	5	2	2017	1
LI_GRD_001	16196	3	204482.59375	185817.21875	41882.046875	0.0776481915736183	0.02259	NA	1	LIMLUM0401	2.387273179	2	2.129330254	2.750288351	3.446345257	5	4	2014	1
LI_GRD_001	16196	6	204482.59375	185817.21875	41882.046875	0.0776481915736183	0.02259	NA	1	LIMLUM0401	2.387273179	2	2.129330254	2.750288351	3.446345257	5	4	2014	1
LI_GRD_001	16231	3	204482.59375	185817.21875	41882.046875	0.0854130107309801	0.02259	NA	1	LIMLUM0401	2.387273179	2	2.129330254	2.750288351	3.446345257	5	4	2014	1
LI_GRD_001	16231	6	204482.59375	185817.21875	41882.046875	0.0854130107309801	0.02259	NA	1	LIMLUM0401	2.387273179	2	2.129330254	2.750288351	3.446345257	5	4	2014	1
LI_GRD_001	16258	3	204482.59375	185817.21875	41882.046875	0.0776481915736183	0.027108	NA	1	LIMLUM0401	2.387273179	2	2.129330254	2.750288351	3.446345257	5	4	2014	1
LI_GRD_001	16258	6	204482.59375	185817.21875	41882.046875	0.0776481915736183	0.027108	NA	1	LIMLUM0401	2.387273179	2	2.129330254	2.750288351	3.446345257	5	4	2014	1
LI_GRD_001	16293	3	204482.59375	185817.21875	41882.046875	0.0776481915736183	0.031626	NA	1	LIMLUM0401	2.387273179	2	2.129330254	2.750288351	3.446345257	5	4	2014	1
LI_GRD_001	16293	6	204482.59375	185817.21875	41882.046875	0.0776481915736183	0.031626	NA	1	LIMLUM0401	2.387273179	2	2.129330254	2.750288351	3.446345257	5	4	2014	1
LI_GRD_001	16328	3	204482.59375	185817.21875	41882.046875	0.0776481915736183	0.029367	NA	1	LIMLUM0401	2.387273179	2	2.129330254	2.750288351	3.446345257	5	4	2014	1
LI_GRD_001	16328	6	204482.59375	185817.21875	41882.046875	0.0776481915736183	0.029367	NA	1	LIMLUM0401	2.387273179	2	2.129330254	2.750288351	3.446345257	5	4	2014	1
LI_GRD_001	16370	3	204482.59375	185817.21875	41882.046875	0.0776481915736183	0.268821	NA	1	LIMLUM0401	2.387273179	2	2.129330254	2.750288351	3.446345257	5	4	2014	1
LI_GRD_001	16370	6	204482.59375	185817.21875	41882.046875	0.0776481915736183	0.268821	NA	1	LIMLUM0401	2.387273179	2	2.129330254	2.750288351	3.446345257	5	4	2014	1
LI_MAT_005	16202	6	225512.796875	182315.8125	10087.8681640625	0.0776481915736183	0.027108	NA	1	LIMGNK0025	3.02200489	2	3.554192229	1.779069767	3.108251325	5	4	2014	1
LI_MAT_005	16238	6	225512.796875	182315.8125	10087.8681640625	0.0776481915736183	0.036144	NA	1	LIMGNK0025	3.02200489	2	3.554192229	1.779069767	3.108251325	5	4	2014	1
LI_MAT_005	16266	6	225512.796875	182315.8125	10087.8681640625	0.0776481915736183	0.02259	NA	1	LIMGNK0025	3.02200489	2	3.554192229	1.779069767	3.108251325	5	4	2014	1
LI_MAT_005	16307	6	225512.796875	182315.8125	10087.8681640625	0.0776481915736183	0.02259	NA	1	LIMGNK0025	3.02200489	2	3.554192229	1.779069767	3.108251325	5	4	2014	1
LI_MAT_005	16342	6	225512.796875	182315.8125	10087.8681640625	0.0776481915736183	0.038403	NA	1	LIMGNK0025	3.02200489	2	3.554192229	1.779069767	3.108251325	5	4	2014	1
LI_MAT_005	16391	6	225512.796875	182315.8125	10087.8681640625	0.0776481915736183	0.033885	NA	1	LIMGNK0025	3.02200489	2	3.554192229	1.779069767	3.108251325	5	4	2014	1
LI_MLV_002	16182	4	215883.671875	185536.203125	6568.36767578125	0.0776481915736183	0.036144	NA	1	LIMHAS0544	2.509063444	2	2.027972028	4.203776042	2.171143515	5	4	2014	1
LI_MLV_002	16224	4	215883.671875	185536.203125	6568.36767578125	0.0776481915736183	0.02259	NA	1	LIMHAS0544	2.509063444	2	2.027972028	4.203776042	2.171143515	5	4	2014	1
LI_MLV_002	16251	4	215883.671875	185536.203125	6568.36767578125	0.0776481915736183	0.029367	NA	1	LIMHAS0544	2.509063444	2	2.027972028	4.203776042	2.171143515	5	4	2014	1
LI_MLV_002	16286	4	215883.671875	185536.203125	6568.36767578125	0.0776481915736183	0.040662	NA	1	LIMHAS0544	2.509063444	2	2.027972028	4.203776042	2.171143515	5	4	2014	1
LI_MLV_002	16321	4	215883.671875	185536.203125	6568.36767578125	0.0776481915736183	0.09036	NA	1	LIMHAS0544	2.509063444	2	2.027972028	4.203776042	2.171143515	5	4	2014	1
LI_MLV_002	16363	4	215883.671875	185536.203125	6568.36767578125	0.0776481915736183	0.029367	NA	1	LIMHAS0544	2.509063444	2	2.027972028	4.203776042	2.171143515	5	4	2014	1
LI_OPH_005	16959	7	231848.984375	193868.046875	13510.5419921875	0.0543537341015328	0.094878	0.0744	1	LIMOPG0020	1.668539326	2	3.44057971	3.375322997	3.321585903	5	4	2016	1
LI_OPH_005	17015	7	231848.984375	193868.046875	13510.5419921875	0.0465889149441709	0.02259	0.1548	1	LIMOPG0020	1.668539326	2	3.44057971	3.375322997	3.321585903	5	4	2016	1
LI_OPH_005	17042	7	231848.984375	193868.046875	13510.5419921875	0.0388240957868091	0.02259	0.1313	1	LIMOPG0020	1.668539326	2	3.44057971	3.375322997	3.321585903	5	4	2016	1
LI_OPH_005	17070	7	231848.984375	193868.046875	13510.5419921875	0.0543537341015328	0.02259	0.1924	1	LIMOPG0020	1.668539326	2	3.44057971	3.375322997	3.321585903	5	4	2016	1
LI_OPH_005	17099	7	231848.984375	193868.046875	13510.5419921875	1.24237106517789	0.038403	0.2356	1	LIMOPG0020	1.668539326	2	3.44057971	3.375322997	3.321585903	5	4	2016	1
LI_OPH_005	17133	7	231848.984375	193868.046875	13510.5419921875	1.43649154411194	0.182979	0.1857	1	LIMOPG0020	1.668539326	2	3.44057971	3.375322997	3.321585903	5	4	2016	1
LI_OPH_005	17168	7	231848.984375	193868.046875	13510.5419921875	1.07154504371593	0.182979	0.154	1	LIMOPG0020	1.668539326	2	3.44057971	3.375322997	3.321585903	5	4	2017	1
LI_OPH_005	17189	7	231848.984375	193868.046875	13510.5419921875	0.628950351746308	0.253008	0.2428	1	LIMOPG0020	1.668539326	2	3.44057971	3.375322997	3.321585903	5	4	2017	1
LI_OPH_005	17210	7	231848.984375	193868.046875	13510.5419921875	0.17082602146196	0.250749	0.1598	1	LIMOPG0020	1.668539326	2	3.44057971	3.375322997	3.321585903	5	4	2017	1
LI_OPH_005	17246	7	231848.984375	193868.046875	13510.5419921875	0.597891075116861	0.099396	0.0621	1	LIMOPG0020	1.668539326	2	3.44057971	3.375322997	3.321585903	5	4	2017	1
LI_OPH_005	17280	7	231848.984375	193868.046875	13510.5419921875	0.201885298091407	0.106173	0.082	1	LIMOPG0020	1.668539326	2	3.44057971	3.375322997	3.321585903	5	4	2017	1
LI_OPH_005	17316	7	231848.984375	193868.046875	13510.5419921875	0.100942649045704	0.149094	0.313	1	LIMOPG0020	1.668539326	2	3.44057971	3.375322997	3.321585903	5	4	2017	1
LI_VZB_007	16608	7	219629.671875	197874.109375	14250.78125	0.0388240957868091	0.02259	0.02	1	LIMHHE0005	1.395306859	2	1.181818182	2.645981087	2.557976107	5	4	2015	1
LI_VZB_007	16636	7	219629.671875	197874.109375	14250.78125	0.0388240957868091	0.074547	0.02	1	LIMHHE0005	1.395306859	2	1.181818182	2.645981087	2.557976107	5	4	2015	1
LI_VZB_007	16665	7	219629.671875	197874.109375	14250.78125	0.0388240957868091	0.072288	0.02	1	LIMHHE0005	1.395306859	2	1.181818182	2.645981087	2.557976107	5	4	2015	1
LI_VZB_007	16692	7	219629.671875	197874.109375	14250.78125	0.0388240957868091	0.036144	0.02	1	LIMHHE0005	1.395306859	2	1.181818182	2.645981087	2.557976107	5	4	2015	1
LI_VZB_007	16727	7	219629.671875	197874.109375	14250.78125	0.178590840619322	0.110691	0.02	1	LIMHHE0005	1.395306859	2	1.181818182	2.645981087	2.557976107	5	4	2015	1
LI_VZB_007	16755	7	219629.671875	197874.109375	14250.78125	0.302827947137111	0.151353	0.028	1	LIMHHE0005	1.395306859	2	1.181818182	2.645981087	2.557976107	5	4	2015	1
LI_VZB_007	16825	7	219629.671875	197874.109375	14250.78125	0.411535415340177	0.332073	0.02	1	LIMHHE0005	1.395306859	2	1.181818182	2.645981087	2.557976107	5	4	2016	1
LI_VZB_007	16861	7	219629.671875	197874.109375	14250.78125	0.0543537341015328	0.239454	0.02	1	LIMHHE0005	1.395306859	2	1.181818182	2.645981087	2.557976107	5	4	2016	1
LI_VZB_007	16882	7	219629.671875	197874.109375	14250.78125	0.0388240957868091	0.149094	0.0236	1	LIMHHE0005	1.395306859	2	1.181818182	2.645981087	2.557976107	5	4	2016	1
LI_VZB_007	16917	7	219629.671875	197874.109375	14250.78125	0.0388240957868091	0.097137	0.0207	1	LIMHHE0005	1.395306859	2	1.181818182	2.645981087	2.557976107	5	4	2016	1
LI_VZB_007	16944	7	219629.671875	197874.109375	14250.78125	0.0388240957868091	0.038403	0.02	1	LIMHHE0005	1.395306859	2	1.181818182	2.645981087	2.557976107	5	4	2016	1
LI_HEU_001	16203	2	239773.703125	190505.765625	19347.265625	0.0776481915736183	0.04518	NA	1	LIMDST0108	2.418997669	2.00304878	3.960055096	4.23687664	3.997030438	5	4	2014	1
LI_HEU_001	16203	3	239773.703125	190505.765625	19347.265625	0.0776481915736183	0.04518	NA	1	LIMDST0108	2.418997669	2.00304878	3.960055096	4.23687664	3.997030438	5	4	2014	1
LI_HEU_001	16203	7	239773.703125	190505.765625	19347.265625	0.0776481915736183	0.04518	NA	1	LIMDST0108	2.418997669	2.00304878	3.960055096	4.23687664	3.997030438	5	4	2014	1
LI_HEU_001	16244	2	239773.703125	190505.765625	19347.265625	0.0776481915736183	0.036144	NA	1	LIMDST0108	2.418997669	2.00304878	3.960055096	4.23687664	3.997030438	5	4	2014	1
LI_HEU_001	16244	3	239773.703125	190505.765625	19347.265625	0.0776481915736183	0.036144	NA	1	LIMDST0108	2.418997669	2.00304878	3.960055096	4.23687664	3.997030438	5	4	2014	1
LI_HEU_001	16244	7	239773.703125	190505.765625	19347.265625	0.0776481915736183	0.036144	NA	1	LIMDST0108	2.418997669	2.00304878	3.960055096	4.23687664	3.997030438	5	4	2014	1
LI_HEU_001	16273	2	239773.703125	190505.765625	19347.265625	0.0776481915736183	0.027108	NA	1	LIMDST0108	2.418997669	2.00304878	3.960055096	4.23687664	3.997030438	5	4	2014	1
LI_HEU_001	16273	3	239773.703125	190505.765625	19347.265625	0.0776481915736183	0.027108	NA	1	LIMDST0108	2.418997669	2.00304878	3.960055096	4.23687664	3.997030438	5	4	2014	1
LI_HEU_001	16273	7	239773.703125	190505.765625	19347.265625	0.0776481915736183	0.027108	NA	1	LIMDST0108	2.418997669	2.00304878	3.960055096	4.23687664	3.997030438	5	4	2014	1
LI_HEU_001	16300	2	239773.703125	190505.765625	19347.265625	0.0776481915736183	0.038403	NA	1	LIMDST0108	2.418997669	2.00304878	3.960055096	4.23687664	3.997030438	5	4	2014	1
LI_HEU_001	16300	3	239773.703125	190505.765625	19347.265625	0.0776481915736183	0.038403	NA	1	LIMDST0108	2.418997669	2.00304878	3.960055096	4.23687664	3.997030438	5	4	2014	1
LI_HEU_001	16300	7	239773.703125	190505.765625	19347.265625	0.0776481915736183	0.038403	NA	1	LIMDST0108	2.418997669	2.00304878	3.960055096	4.23687664	3.997030438	5	4	2014	1
LI_HEU_001	16335	2	239773.703125	190505.765625	19347.265625	0.0854130107309801	0.128763	NA	1	LIMDST0108	2.418997669	2.00304878	3.960055096	4.23687664	3.997030438	5	4	2014	1
LI_HEU_001	16335	3	239773.703125	190505.765625	19347.265625	0.0854130107309801	0.128763	NA	1	LIMDST0108	2.418997669	2.00304878	3.960055096	4.23687664	3.997030438	5	4	2014	1
LI_HEU_001	16335	7	239773.703125	190505.765625	19347.265625	0.0854130107309801	0.128763	NA	1	LIMDST0108	2.418997669	2.00304878	3.960055096	4.23687664	3.997030438	5	4	2014	1
LI_HEU_001	16391	2	239773.703125	190505.765625	19347.265625	0.0776481915736183	0.060993	NA	1	LIMDST0108	2.418997669	2.00304878	3.960055096	4.23687664	3.997030438	5	4	2014	1
LI_HEU_001	16391	3	239773.703125	190505.765625	19347.265625	0.0776481915736183	0.060993	NA	1	LIMDST0108	2.418997669	2.00304878	3.960055096	4.23687664	3.997030438	5	4	2014	1
LI_HEU_001	16391	7	239773.703125	190505.765625	19347.265625	0.0776481915736183	0.060993	NA	1	LIMDST0108	2.418997669	2.00304878	3.960055096	4.23687664	3.997030438	5	4	2014	1
LI_MLV_011	16603	4	215280.09375	184172	18259.083984375	0.0388240957868091	0.02259	0.12	1	LIMHAS0672	2.895910781	2.005376344	2.875757576	3.624883068	2.587519026	5	4	2015	1
LI_MLV_011	16631	4	215280.09375	184172	18259.083984375	0.0388240957868091	0.036144	0.135	1	LIMHAS0672	2.895910781	2.005376344	2.875757576	3.624883068	2.587519026	5	4	2015	1
LI_MLV_011	16659	4	215280.09375	184172	18259.083984375	0.0388240957868091	0.031626	0.3511	1	LIMHAS0672	2.895910781	2.005376344	2.875757576	3.624883068	2.587519026	5	4	2015	1
LI_MLV_011	16686	4	215280.09375	184172	18259.083984375	0.0465889149441709	0.070029	0.2484	1	LIMHAS0672	2.895910781	2.005376344	2.875757576	3.624883068	2.587519026	5	4	2015	1
LI_MLV_011	16721	4	215280.09375	184172	18259.083984375	0.0388240957868091	0.054216	0.11	1	LIMHAS0672	2.895910781	2.005376344	2.875757576	3.624883068	2.587519026	5	4	2015	1
LI_MLV_011	16748	4	215280.09375	184172	18259.083984375	0.0388240957868091	0.047439	0.1419	1	LIMHAS0672	2.895910781	2.005376344	2.875757576	3.624883068	2.587519026	5	4	2015	1
LI_MLV_011	16777	4	215280.09375	184172	18259.083984375	0.380476138710729	0.128763	0.054	1	LIMHAS0672	2.895910781	2.005376344	2.875757576	3.624883068	2.587519026	5	4	2015	1
LI_MLV_011	16818	4	215280.09375	184172	18259.083984375	0.0388240957868091	0.374994	0.0601	1	LIMHAS0672	2.895910781	2.005376344	2.875757576	3.624883068	2.587519026	5	4	2016	1
LI_MLV_011	16847	4	215280.09375	184172	18259.083984375	0.0388240957868091	0.036144	0.0731	1	LIMHAS0672	2.895910781	2.005376344	2.875757576	3.624883068	2.587519026	5	4	2016	1
LI_MLV_011	16875	4	215280.09375	184172	18259.083984375	0.0388240957868091	0.02259	0.0882	1	LIMHAS0672	2.895910781	2.005376344	2.875757576	3.624883068	2.587519026	5	4	2016	1
LI_MLV_011	16910	4	215280.09375	184172	18259.083984375	0.248474213035578	0.047439	0.1079	1	LIMHAS0672	2.895910781	2.005376344	2.875757576	3.624883068	2.587519026	5	4	2016	1
LI_MLV_011	16938	4	215280.09375	184172	18259.083984375	0.683304085847841	0.033885	0.1949	1	LIMHAS0672	2.895910781	2.005376344	2.875757576	3.624883068	2.587519026	5	4	2016	1
LI_BER_003	17343	4	243087.3125	196088.9375	17273.322265625	0.0388240957868091	0.049698	0.025	1	LIMMSK0134	2.784144427	2.026666667	2.976359338	3.881367292	2.328735632	5	2	2017	1
LI_BER_003	17343	5	243087.3125	196088.9375	17273.322265625	0.0388240957868091	0.049698	0.025	1	LIMMSK0134	2.784144427	2.026666667	2.976359338	3.881367292	2.328735632	5	2	2017	1
LI_BER_003	17371	4	243087.3125	196088.9375	17273.322265625	0.0388240957868091	0.033885	0.02	1	LIMMSK0134	2.784144427	2.026666667	2.976359338	3.881367292	2.328735632	5	2	2017	1
LI_BER_003	17371	5	243087.3125	196088.9375	17273.322265625	0.0388240957868091	0.033885	0.02	1	LIMMSK0134	2.784144427	2.026666667	2.976359338	3.881367292	2.328735632	5	2	2017	1
LI_BER_003	17385	4	243087.3125	196088.9375	17273.322265625	0.124237106517789	0.054216	0.02	1	LIMMSK0134	2.784144427	2.026666667	2.976359338	3.881367292	2.328735632	5	2	2017	1
LI_BER_003	17385	5	243087.3125	196088.9375	17273.322265625	0.124237106517789	0.054216	0.02	1	LIMMSK0134	2.784144427	2.026666667	2.976359338	3.881367292	2.328735632	5	2	2017	1
LI_BER_003	17420	4	243087.3125	196088.9375	17273.322265625	0.0621185532588946	0.083583	0.02	1	LIMMSK0134	2.784144427	2.026666667	2.976359338	3.881367292	2.328735632	5	2	2017	1
LI_BER_003	17420	5	243087.3125	196088.9375	17273.322265625	0.0621185532588946	0.083583	0.02	1	LIMMSK0134	2.784144427	2.026666667	2.976359338	3.881367292	2.328735632	5	2	2017	1
LI_BER_003	17448	4	243087.3125	196088.9375	17273.322265625	0.0621185532588946	0.083583	0.0264	1	LIMMSK0134	2.784144427	2.026666667	2.976359338	3.881367292	2.328735632	5	2	2017	1
LI_BER_003	17448	5	243087.3125	196088.9375	17273.322265625	0.0621185532588946	0.083583	0.0264	1	LIMMSK0134	2.784144427	2.026666667	2.976359338	3.881367292	2.328735632	5	2	2017	1
LI_BER_003	17476	4	243087.3125	196088.9375	17273.322265625	0.225179755563493	0.060993	0.02	1	LIMMSK0134	2.784144427	2.026666667	2.976359338	3.881367292	2.328735632	5	2	2017	1
LI_BER_003	17476	5	243087.3125	196088.9375	17273.322265625	0.225179755563493	0.060993	0.02	1	LIMMSK0134	2.784144427	2.026666667	2.976359338	3.881367292	2.328735632	5	2	2017	1
LI_BER_003	17504	4	243087.3125	196088.9375	17273.322265625	0.217414936406131	0.201051	0.022	1	LIMMSK0134	2.784144427	2.026666667	2.976359338	3.881367292	2.328735632	5	2	2017	1
LI_BER_003	17504	5	243087.3125	196088.9375	17273.322265625	0.217414936406131	0.201051	0.022	1	LIMMSK0134	2.784144427	2.026666667	2.976359338	3.881367292	2.328735632	5	2	2017	1
LI_BER_003	17533	4	243087.3125	196088.9375	17273.322265625	0.139766744832513	0.291411	0.0538	1	LIMMSK0134	2.784144427	2.026666667	2.976359338	3.881367292	2.328735632	5	2	2018	1
LI_BER_003	17533	5	243087.3125	196088.9375	17273.322265625	0.139766744832513	0.291411	0.0538	1	LIMMSK0134	2.784144427	2.026666667	2.976359338	3.881367292	2.328735632	5	2	2018	1
LI_BER_003	17560	4	243087.3125	196088.9375	17273.322265625	0.0388240957868091	0.363699	0.02	1	LIMMSK0134	2.784144427	2.026666667	2.976359338	3.881367292	2.328735632	5	2	2018	1
LI_BER_003	17560	5	243087.3125	196088.9375	17273.322265625	0.0388240957868091	0.363699	0.02	1	LIMMSK0134	2.784144427	2.026666667	2.976359338	3.881367292	2.328735632	5	2	2018	1
LI_BER_003	17595	4	243087.3125	196088.9375	17273.322265625	0.0776481915736183	0.307224	0.021	1	LIMMSK0134	2.784144427	2.026666667	2.976359338	3.881367292	2.328735632	5	2	2018	1
LI_BER_003	17595	5	243087.3125	196088.9375	17273.322265625	0.0776481915736183	0.307224	0.021	1	LIMMSK0134	2.784144427	2.026666667	2.976359338	3.881367292	2.328735632	5	2	2018	1
LI_BER_003	17624	4	243087.3125	196088.9375	17273.322265625	0.0388240957868091	0.15813	0.02	1	LIMMSK0134	2.784144427	2.026666667	2.976359338	3.881367292	2.328735632	5	2	2018	1
LI_BER_003	17624	5	243087.3125	196088.9375	17273.322265625	0.0388240957868091	0.15813	0.02	1	LIMMSK0134	2.784144427	2.026666667	2.976359338	3.881367292	2.328735632	5	2	2018	1
LI_BER_003	17665	4	243087.3125	196088.9375	17273.322265625	0.0388240957868091	0.031626	0.0238	1	LIMMSK0134	2.784144427	2.026666667	2.976359338	3.881367292	2.328735632	5	2	2018	1
LI_BER_003	17665	5	243087.3125	196088.9375	17273.322265625	0.0388240957868091	0.031626	0.0238	1	LIMMSK0134	2.784144427	2.026666667	2.976359338	3.881367292	2.328735632	5	2	2018	1
AN_DVH_009	16973	4	175188.0625	224113.421875	9996.1220703125	0.318357585451835	0.09036	0.0251	1	ANTRIJ0005	2.332323232	2.042553191	3.827294686	3.266581633	3.778814124	5	2	2016	1
AN_DVH_009	17014	4	175188.0625	224113.421875	9996.1220703125	0.201885298091407	0.02259	0.02	1	ANTRIJ0005	2.332323232	2.042553191	3.827294686	3.266581633	3.778814124	5	2	2016	1
AN_DVH_009	17036	4	175188.0625	224113.421875	9996.1220703125	0.0388240957868091	0.027108	0.02	1	ANTRIJ0005	2.332323232	2.042553191	3.827294686	3.266581633	3.778814124	5	2	2016	1
AN_DVH_009	17063	4	175188.0625	224113.421875	9996.1220703125	0.0388240957868091	0.02259	0.0423	1	ANTRIJ0005	2.332323232	2.042553191	3.827294686	3.266581633	3.778814124	5	2	2016	1
AN_DVH_009	17098	4	175188.0625	224113.421875	9996.1220703125	0.0776481915736183	0.040662	0.02	1	ANTRIJ0005	2.332323232	2.042553191	3.827294686	3.266581633	3.778814124	5	2	2016	1
AN_DVH_009	17127	4	175188.0625	224113.421875	9996.1220703125	0.0931778298883419	0.099396	0.02	1	ANTRIJ0005	2.332323232	2.042553191	3.827294686	3.266581633	3.778814124	5	2	2016	1
AN_DVH_009	17141	4	175188.0625	224113.421875	9996.1220703125	0.0931778298883419	0.079065	0.0388	1	ANTRIJ0005	2.332323232	2.042553191	3.827294686	3.266581633	3.778814124	5	2	2016	1
AN_DVH_009	17183	4	175188.0625	224113.421875	9996.1220703125	0.0698833724162564	0.133281	0.02	1	ANTRIJ0005	2.332323232	2.042553191	3.827294686	3.266581633	3.778814124	5	2	2017	1
AN_DVH_009	17217	4	175188.0625	224113.421875	9996.1220703125	0.0388240957868091	0.042921	0.0238	1	ANTRIJ0005	2.332323232	2.042553191	3.827294686	3.266581633	3.778814124	5	2	2017	1
AN_DVH_009	17253	4	175188.0625	224113.421875	9996.1220703125	0.178590840619322	0.119727	0.02	1	ANTRIJ0005	2.332323232	2.042553191	3.827294686	3.266581633	3.778814124	5	2	2017	1
AN_DVH_009	17275	4	175188.0625	224113.421875	9996.1220703125	0.100942649045704	0.099396	0.02	1	ANTRIJ0005	2.332323232	2.042553191	3.827294686	3.266581633	3.778814124	5	2	2017	1
AN_DVH_009	17315	4	175188.0625	224113.421875	9996.1220703125	0.100942649045704	0.065511	0.025	1	ANTRIJ0005	2.332323232	2.042553191	3.827294686	3.266581633	3.778814124	5	2	2017	1
VB_VIE_005	16573	6	192703.109375	189693.640625	851.248718261719	0.0388240957868091	0.029367	0.0689	1	VBRSZI0213	2.2421875	2.047244094	3.094978166	3.803846154	3.595168375	5	3	2015	1
VB_VIE_005	16588	6	192703.109375	189693.640625	851.248718261719	0.0388240957868091	0.029367	0.0656	1	VBRSZI0213	2.2421875	2.047244094	3.094978166	3.803846154	3.595168375	5	3	2015	1
VB_VIE_005	16616	6	192703.109375	189693.640625	851.248718261719	0.0543537341015328	0.047439	0.0296	1	VBRSZI0213	2.2421875	2.047244094	3.094978166	3.803846154	3.595168375	5	3	2015	1
VB_VIE_005	16644	6	192703.109375	189693.640625	851.248718261719	0.0388240957868091	0.02259	0.053	1	VBRSZI0213	2.2421875	2.047244094	3.094978166	3.803846154	3.595168375	5	3	2015	1
VB_VIE_005	16672	6	192703.109375	189693.640625	851.248718261719	0.0388240957868091	0.038403	0.0631	1	VBRSZI0213	2.2421875	2.047244094	3.094978166	3.803846154	3.595168375	5	3	2015	1
VB_VIE_005	16700	6	192703.109375	189693.640625	851.248718261719	0.0388240957868091	0.042921	0.044	1	VBRSZI0213	2.2421875	2.047244094	3.094978166	3.803846154	3.595168375	5	3	2015	1
VB_VIE_005	16735	6	192703.109375	189693.640625	851.248718261719	0.0388240957868091	0.02259	0.04	1	VBRSZI0213	2.2421875	2.047244094	3.094978166	3.803846154	3.595168375	5	3	2015	1
VB_VIE_005	16763	6	192703.109375	189693.640625	851.248718261719	0.0388240957868091	0.02259	0.033	1	VBRSZI0213	2.2421875	2.047244094	3.094978166	3.803846154	3.595168375	5	3	2015	1
VB_VIE_005	16804	6	192703.109375	189693.640625	851.248718261719	0.0388240957868091	0.027108	0.0339	1	VBRSZI0213	2.2421875	2.047244094	3.094978166	3.803846154	3.595168375	5	3	2016	1
VB_VIE_005	16833	6	192703.109375	189693.640625	851.248718261719	0.0388240957868091	0.04518	0.0315	1	VBRSZI0213	2.2421875	2.047244094	3.094978166	3.803846154	3.595168375	5	3	2016	1
VB_VIE_005	16860	6	192703.109375	189693.640625	851.248718261719	0.0388240957868091	0.049698	0.0417	1	VBRSZI0213	2.2421875	2.047244094	3.094978166	3.803846154	3.595168375	5	3	2016	1
VB_VIE_005	16895	6	192703.109375	189693.640625	851.248718261719	0.0388240957868091	0.036144	0.0428	1	VBRSZI0213	2.2421875	2.047244094	3.094978166	3.803846154	3.595168375	5	3	2016	1
VB_VIE_005	16923	6	192703.109375	189693.640625	851.248718261719	0.0388240957868091	0.060993	0.0458	1	VBRSZI0213	2.2421875	2.047244094	3.094978166	3.803846154	3.595168375	5	3	2016	1
AN_HOP_001	16973	6	148381.15625	208669.40625	24170.501953125	0.0388240957868091	0.074547	0.1977	1	ANTANT0383	2.304810361	2.051401869	2.036310518	2.154116466	2.225948509	2	2	2016	1
AN_HOP_001	17015	6	148381.15625	208669.40625	24170.501953125	0.714363362477288	0.02259	0.305	1	ANTANT0383	2.304810361	2.051401869	2.036310518	2.154116466	2.225948509	2	2	2016	1
AN_HOP_001	17030	6	148381.15625	208669.40625	24170.501953125	0.0698833724162564	0.02259	0.1709	1	ANTANT0383	2.304810361	2.051401869	2.036310518	2.154116466	2.225948509	2	2	2016	1
AN_HOP_001	17071	6	148381.15625	208669.40625	24170.501953125	0.17082602146196	0.02259	0.2411	1	ANTANT0383	2.304810361	2.051401869	2.036310518	2.154116466	2.225948509	2	2	2016	1
AN_HOP_001	17084	6	148381.15625	208669.40625	24170.501953125	0.582361436802137	0.02259	0.3472	1	ANTANT0383	2.304810361	2.051401869	2.036310518	2.154116466	2.225948509	2	2	2016	1
AN_HOP_001	17112	6	148381.15625	208669.40625	24170.501953125	0.0931778298883419	0.02259	0.0911	1	ANTANT0383	2.304810361	2.051401869	2.036310518	2.154116466	2.225948509	2	2	2016	1
AN_HOP_001	17133	6	148381.15625	208669.40625	24170.501953125	0.0388240957868091	0.047439	0.2772	1	ANTANT0383	2.304810361	2.051401869	2.036310518	2.154116466	2.225948509	2	2	2016	1
AN_HOP_001	17168	6	148381.15625	208669.40625	24170.501953125	0.0388240957868091	0.056475	0.2653	1	ANTANT0383	2.304810361	2.051401869	2.036310518	2.154116466	2.225948509	2	2	2017	1
AN_HOP_001	17197	6	148381.15625	208669.40625	24170.501953125	0.0388240957868091	0.040662	0.0999	1	ANTANT0383	2.304810361	2.051401869	2.036310518	2.154116466	2.225948509	2	2	2017	1
AN_HOP_001	17225	6	148381.15625	208669.40625	24170.501953125	0.0388240957868091	0.029367	0.1484	1	ANTANT0383	2.304810361	2.051401869	2.036310518	2.154116466	2.225948509	2	2	2017	1
AN_HOP_001	17275	6	148381.15625	208669.40625	24170.501953125	0.0388240957868091	0.033885	0.143	1	ANTANT0383	2.304810361	2.051401869	2.036310518	2.154116466	2.225948509	2	2	2017	1
AN_HOP_001	17295	6	148381.15625	208669.40625	24170.501953125	0.0388240957868091	0.047439	0.161	1	ANTANT0383	2.304810361	2.051401869	2.036310518	2.154116466	2.225948509	2	2	2017	1
LI_KBR_002	16972	6	240230.96875	208797.4375	17546.37109375	0.706598543319926	0.119727	0.1553	1	LIMBOC0235	2.014236411	2.052173913	2.959657702	2.607888631	3.755925689	5	4	2016	1
LI_KBR_002	17014	6	240230.96875	208797.4375	17546.37109375	0.496948426071157	0.02259	0.0962	1	LIMBOC0235	2.014236411	2.052173913	2.959657702	2.607888631	3.755925689	5	4	2016	1
LI_KBR_002	17030	6	240230.96875	208797.4375	17546.37109375	0.0388240957868091	0.02259	0.1258	1	LIMBOC0235	2.014236411	2.052173913	2.959657702	2.607888631	3.755925689	5	4	2016	1
LI_KBR_002	17064	6	240230.96875	208797.4375	17546.37109375	0.0776481915736183	0.02259	0.0839	1	LIMBOC0235	2.014236411	2.052173913	2.959657702	2.607888631	3.755925689	5	4	2016	1
LI_KBR_002	17092	6	240230.96875	208797.4375	17546.37109375	0.0388240957868091	0.151353	0.0351	1	LIMBOC0235	2.014236411	2.052173913	2.959657702	2.607888631	3.755925689	5	4	2016	1
LI_KBR_002	17127	6	240230.96875	208797.4375	17546.37109375	0.364946500396006	0.386289	0.0857	1	LIMBOC0235	2.014236411	2.052173913	2.959657702	2.607888631	3.755925689	5	4	2016	1
LI_KBR_002	17182	6	240230.96875	208797.4375	17546.37109375	0.209650117248769	0.682218	0.0415	1	LIMBOC0235	2.014236411	2.052173913	2.959657702	2.607888631	3.755925689	5	4	2017	1
LI_KBR_002	17210	6	240230.96875	208797.4375	17546.37109375	0.0388240957868091	0.736434	0.0559	1	LIMBOC0235	2.014236411	2.052173913	2.959657702	2.607888631	3.755925689	5	4	2017	1
LI_KBR_002	17231	6	240230.96875	208797.4375	17546.37109375	0.0388240957868091	1.303443	0.0485	1	LIMBOC0235	2.014236411	2.052173913	2.959657702	2.607888631	3.755925689	5	4	2017	1
LI_KBR_002	17274	6	240230.96875	208797.4375	17546.37109375	0.0388240957868091	0.042921	0.035	1	LIMBOC0235	2.014236411	2.052173913	2.959657702	2.607888631	3.755925689	5	4	2017	1
LI_KBR_002	17294	6	240230.96875	208797.4375	17546.37109375	0.0388240957868091	0.038403	0.02	1	LIMBOC0235	2.014236411	2.052173913	2.959657702	2.607888631	3.755925689	5	4	2017	1
LI_MLV_022	16966	4	217606.078125	186503.234375	23057.025390625	0.0388240957868091	0.115209	0.3911	1	LIMZNH0206	2.899421129	2.055319149	2.80170778	1.655801105	3.519450801	5	4	2016	1
LI_MLV_022	17014	4	217606.078125	186503.234375	23057.025390625	0.0854130107309801	0.02259	0.248	1	LIMZNH0206	2.899421129	2.055319149	2.80170778	1.655801105	3.519450801	5	4	2016	1
LI_MLV_022	17042	4	217606.078125	186503.234375	23057.025390625	0.0388240957868091	0.02259	0.1968	1	LIMZNH0206	2.899421129	2.055319149	2.80170778	1.655801105	3.519450801	5	4	2016	1
LI_MLV_022	17050	4	217606.078125	186503.234375	23057.025390625	0.0388240957868091	0.02259	0.02	1	LIMZNH0206	2.899421129	2.055319149	2.80170778	1.655801105	3.519450801	5	4	2016	1
LI_MLV_022	17099	4	217606.078125	186503.234375	23057.025390625	0.0465889149441709	0.031626	0.1137	1	LIMZNH0206	2.899421129	2.055319149	2.80170778	1.655801105	3.519450801	5	4	2016	1
LI_MLV_022	17112	4	217606.078125	186503.234375	23057.025390625	0.0543537341015328	0.049698	0.1237	1	LIMZNH0206	2.899421129	2.055319149	2.80170778	1.655801105	3.519450801	5	4	2016	1
LI_MLV_022	17134	4	217606.078125	186503.234375	23057.025390625	0.0388240957868091	0.042921	0.0854	1	LIMZNH0206	2.899421129	2.055319149	2.80170778	1.655801105	3.519450801	5	4	2016	1
LI_MLV_022	17211	4	217606.078125	186503.234375	23057.025390625	0.0388240957868091	0.027108	0.3101	1	LIMZNH0206	2.899421129	2.055319149	2.80170778	1.655801105	3.519450801	5	4	2017	1
LI_MLV_022	17238	4	217606.078125	186503.234375	23057.025390625	0.0388240957868091	0.042921	0.1309	1	LIMZNH0206	2.899421129	2.055319149	2.80170778	1.655801105	3.519450801	5	4	2017	1
LI_MLV_022	17281	4	217606.078125	186503.234375	23057.025390625	0.0388240957868091	0.063252	0.098	1	LIMZNH0206	2.899421129	2.055319149	2.80170778	1.655801105	3.519450801	5	4	2017	1
LI_MLV_022	17302	4	217606.078125	186503.234375	23057.025390625	0.0621185532588946	0.088101	0.152	1	LIMZNH0206	2.899421129	2.055319149	2.80170778	1.655801105	3.519450801	5	4	2017	1
LI_SBB_005	16959	3	222968.765625	187536.71875	31029.265625	0.0465889149441709	0.160389	0.0375	1	LIMZNH0509	1.454773869	2.06993007	3.865994236	2.59018143	3.833333333	5	2	2016	1
LI_SBB_005	16959	7	222968.765625	187536.71875	31029.265625	0.0465889149441709	0.160389	0.0375	1	LIMZNH0509	1.454773869	2.06993007	3.865994236	2.59018143	3.833333333	5	2	2016	1
LI_SBB_005	16979	3	222968.765625	187536.71875	31029.265625	0.0388240957868091	0.02259	0.02	1	LIMZNH0509	1.454773869	2.06993007	3.865994236	2.59018143	3.833333333	5	2	2016	1
LI_SBB_005	16979	7	222968.765625	187536.71875	31029.265625	0.0388240957868091	0.02259	0.02	1	LIMZNH0509	1.454773869	2.06993007	3.865994236	2.59018143	3.833333333	5	2	2016	1
LI_SBB_005	17022	3	222968.765625	187536.71875	31029.265625	0.108707468203066	0.024849	0.0303	1	LIMZNH0509	1.454773869	2.06993007	3.865994236	2.59018143	3.833333333	5	2	2016	1
LI_SBB_005	17022	7	222968.765625	187536.71875	31029.265625	0.108707468203066	0.024849	0.0303	1	LIMZNH0509	1.454773869	2.06993007	3.865994236	2.59018143	3.833333333	5	2	2016	1
LI_SBB_005	17211	3	222968.765625	187536.71875	31029.265625	0.0388240957868091	0.027108	0.02	1	LIMZNH0509	1.454773869	2.06993007	3.865994236	2.59018143	3.833333333	5	2	2017	1
LI_SBB_005	17211	7	222968.765625	187536.71875	31029.265625	0.0388240957868091	0.027108	0.02	1	LIMZNH0509	1.454773869	2.06993007	3.865994236	2.59018143	3.833333333	5	2	2017	1
LI_SBB_005	17254	3	222968.765625	187536.71875	31029.265625	0.0388240957868091	0.04518	0.02	1	LIMZNH0509	1.454773869	2.06993007	3.865994236	2.59018143	3.833333333	5	2	2017	1
LI_SBB_005	17254	7	222968.765625	187536.71875	31029.265625	0.0388240957868091	0.04518	0.02	1	LIMZNH0509	1.454773869	2.06993007	3.865994236	2.59018143	3.833333333	5	2	2017	1
LI_SBB_005	17274	3	222968.765625	187536.71875	31029.265625	0.0388240957868091	0.038403	0.02	1	LIMZNH0509	1.454773869	2.06993007	3.865994236	2.59018143	3.833333333	5	2	2017	1
LI_SBB_005	17274	7	222968.765625	187536.71875	31029.265625	0.0388240957868091	0.038403	0.02	1	LIMZNH0509	1.454773869	2.06993007	3.865994236	2.59018143	3.833333333	5	2	2017	1
LI_SBB_005	17294	3	222968.765625	187536.71875	31029.265625	0.0465889149441709	0.056475	0.02	1	LIMZNH0509	1.454773869	2.06993007	3.865994236	2.59018143	3.833333333	5	2	2017	1
LI_SBB_005	17294	7	222968.765625	187536.71875	31029.265625	0.0465889149441709	0.056475	0.02	1	LIMZNH0509	1.454773869	2.06993007	3.865994236	2.59018143	3.833333333	5	2	2017	1
LI_LBV_001	16196	3	219036.3125	190368.375	25257.240234375	0.0776481915736183	0.027108	NA	1	LIMHHE0286	2.317647059	2.073770492	3.821637427	3.449238579	3.501892506	5	3	2014	1
LI_LBV_001	16196	4	219036.3125	190368.375	25257.240234375	0.0776481915736183	0.027108	NA	1	LIMHHE0286	2.317647059	2.073770492	3.821637427	3.449238579	3.501892506	5	3	2014	1
LI_LBV_001	16196	5	219036.3125	190368.375	25257.240234375	0.0776481915736183	0.027108	NA	1	LIMHHE0286	2.317647059	2.073770492	3.821637427	3.449238579	3.501892506	5	3	2014	1
LI_LBV_001	16232	3	219036.3125	190368.375	25257.240234375	0.0776481915736183	0.033885	NA	1	LIMHHE0286	2.317647059	2.073770492	3.821637427	3.449238579	3.501892506	5	3	2014	1
LI_LBV_001	16232	4	219036.3125	190368.375	25257.240234375	0.0776481915736183	0.033885	NA	1	LIMHHE0286	2.317647059	2.073770492	3.821637427	3.449238579	3.501892506	5	3	2014	1
LI_LBV_001	16232	5	219036.3125	190368.375	25257.240234375	0.0776481915736183	0.033885	NA	1	LIMHHE0286	2.317647059	2.073770492	3.821637427	3.449238579	3.501892506	5	3	2014	1
LI_LBV_001	16258	3	219036.3125	190368.375	25257.240234375	0.0776481915736183	0.027108	NA	1	LIMHHE0286	2.317647059	2.073770492	3.821637427	3.449238579	3.501892506	5	3	2014	1
LI_LBV_001	16258	4	219036.3125	190368.375	25257.240234375	0.0776481915736183	0.027108	NA	1	LIMHHE0286	2.317647059	2.073770492	3.821637427	3.449238579	3.501892506	5	3	2014	1
LI_LBV_001	16258	5	219036.3125	190368.375	25257.240234375	0.0776481915736183	0.027108	NA	1	LIMHHE0286	2.317647059	2.073770492	3.821637427	3.449238579	3.501892506	5	3	2014	1
LI_LBV_001	16293	3	219036.3125	190368.375	25257.240234375	0.0776481915736183	0.038403	NA	1	LIMHHE0286	2.317647059	2.073770492	3.821637427	3.449238579	3.501892506	5	3	2014	1
LI_LBV_001	16293	4	219036.3125	190368.375	25257.240234375	0.0776481915736183	0.038403	NA	1	LIMHHE0286	2.317647059	2.073770492	3.821637427	3.449238579	3.501892506	5	3	2014	1
LI_LBV_001	16293	5	219036.3125	190368.375	25257.240234375	0.0776481915736183	0.038403	NA	1	LIMHHE0286	2.317647059	2.073770492	3.821637427	3.449238579	3.501892506	5	3	2014	1
LI_LBV_001	16328	3	219036.3125	190368.375	25257.240234375	0.0776481915736183	0.038403	NA	1	LIMHHE0286	2.317647059	2.073770492	3.821637427	3.449238579	3.501892506	5	3	2014	1
LI_LBV_001	16328	4	219036.3125	190368.375	25257.240234375	0.0776481915736183	0.038403	NA	1	LIMHHE0286	2.317647059	2.073770492	3.821637427	3.449238579	3.501892506	5	3	2014	1
LI_LBV_001	16328	5	219036.3125	190368.375	25257.240234375	0.0776481915736183	0.038403	NA	1	LIMHHE0286	2.317647059	2.073770492	3.821637427	3.449238579	3.501892506	5	3	2014	1
LI_LBV_001	16371	3	219036.3125	190368.375	25257.240234375	0.0776481915736183	0.033885	NA	1	LIMHHE0286	2.317647059	2.073770492	3.821637427	3.449238579	3.501892506	5	3	2014	1
LI_LBV_001	16371	4	219036.3125	190368.375	25257.240234375	0.0776481915736183	0.033885	NA	1	LIMHHE0286	2.317647059	2.073770492	3.821637427	3.449238579	3.501892506	5	3	2014	1
LI_LBV_001	16371	5	219036.3125	190368.375	25257.240234375	0.0776481915736183	0.033885	NA	1	LIMHHE0286	2.317647059	2.073770492	3.821637427	3.449238579	3.501892506	5	3	2014	1
AN_OLB_002	17694	3	185390.484375	208939.421875	118.193450927734	0.0698833724162564	0.101655	0.1015	1	ANTOLE0052	2.595744681	2.079470199	2.797183099	2.456815115	3.426821406	5	2	2018	1
AN_OLB_002	17862	3	185390.484375	208939.421875	118.193450927734	0.0388240957868091	0.02259	0.0388	1	ANTOLE0052	2.595744681	2.079470199	2.797183099	2.456815115	3.426821406	5	2	2018	1
AN_OLB_002	17883	3	185390.484375	208939.421875	118.193450927734	0.0543537341015328	0.04518	0.045	1	ANTOLE0052	2.595744681	2.079470199	2.797183099	2.456815115	3.426821406	5	2	2018	1
AN_BEE_004	17785	3	181402.59375	224245.859375	104.294326782227	0.0388240957868091	0.02259	0.02	1	ANTBSE0159	2.018378378	2.084870849	3.626410835	3.355263158	3.762886598	5	2	2018	1
AN_BEE_005	17827	3	181500.359375	224284.53125	24686.26953125	0.0776481915736183	0.11295	0.02	1	ANTBSE0159	2.018378378	2.084870849	3.626410835	3.355263158	3.762886598	5	2	2018	1
AN_LAN_004	16182	3	184573.328125	191086.5	2640.28686523438	0.0776481915736183	0.042921	NA	1	ANTHST0460	2.959427208	2.086614173	3.46125	3.462365591	2.753535354	4	2	2014	1
AN_LAN_004	16231	3	184573.328125	191086.5	2640.28686523438	0.0776481915736183	0.031626	NA	1	ANTHST0460	2.959427208	2.086614173	3.46125	3.462365591	2.753535354	4	2	2014	1
AN_LAN_004	16258	3	184573.328125	191086.5	2640.28686523438	0.0776481915736183	0.029367	NA	1	ANTHST0460	2.959427208	2.086614173	3.46125	3.462365591	2.753535354	4	2	2014	1
AN_LAN_004	16293	3	184573.328125	191086.5	2640.28686523438	0.0776481915736183	0.029367	NA	1	ANTHST0460	2.959427208	2.086614173	3.46125	3.462365591	2.753535354	4	2	2014	1
AN_LAN_004	16329	3	184573.328125	191086.5	2640.28686523438	0.0776481915736183	0.027108	NA	1	ANTHST0460	2.959427208	2.086614173	3.46125	3.462365591	2.753535354	4	2	2014	1
AN_LAN_004	16370	3	184573.328125	191086.5	2640.28686523438	0.0776481915736183	0.029367	NA	1	ANTHST0460	2.959427208	2.086614173	3.46125	3.462365591	2.753535354	4	2	2014	1
LI_DON_004	16959	3	230563.828125	195555.90625	47990.453125	0.147531563989875	0.237195	0.0667	1	LIMMGR0011	2.609028961	2.095679012	2.435760171	3.959224599	1.940449438	5	4	2016	1
LI_DON_004	16959	4	230563.828125	195555.90625	47990.453125	0.147531563989875	0.237195	0.0667	1	LIMMGR0011	2.609028961	2.095679012	2.435760171	3.959224599	1.940449438	5	4	2016	1
LI_DON_004	17015	3	230563.828125	195555.90625	47990.453125	0.209650117248769	0.02259	0.1065	1	LIMMGR0011	2.609028961	2.095679012	2.435760171	3.959224599	1.940449438	5	4	2016	1
LI_DON_004	17015	4	230563.828125	195555.90625	47990.453125	0.209650117248769	0.02259	0.1065	1	LIMMGR0011	2.609028961	2.095679012	2.435760171	3.959224599	1.940449438	5	4	2016	1
LI_DON_004	17042	3	230563.828125	195555.90625	47990.453125	0.0388240957868091	0.02259	0.0869	1	LIMMGR0011	2.609028961	2.095679012	2.435760171	3.959224599	1.940449438	5	4	2016	1
LI_DON_004	17042	4	230563.828125	195555.90625	47990.453125	0.0388240957868091	0.02259	0.0869	1	LIMMGR0011	2.609028961	2.095679012	2.435760171	3.959224599	1.940449438	5	4	2016	1
LI_DON_004	17070	3	230563.828125	195555.90625	47990.453125	0.0621185532588946	0.02259	0.0422	1	LIMMGR0011	2.609028961	2.095679012	2.435760171	3.959224599	1.940449438	5	4	2016	1
LI_DON_004	17070	4	230563.828125	195555.90625	47990.453125	0.0621185532588946	0.02259	0.0422	1	LIMMGR0011	2.609028961	2.095679012	2.435760171	3.959224599	1.940449438	5	4	2016	1
LI_DON_004	17099	3	230563.828125	195555.90625	47990.453125	0.0388240957868091	0.047439	0.0306	1	LIMMGR0011	2.609028961	2.095679012	2.435760171	3.959224599	1.940449438	5	4	2016	1
LI_DON_004	17099	4	230563.828125	195555.90625	47990.453125	0.0388240957868091	0.047439	0.0306	1	LIMMGR0011	2.609028961	2.095679012	2.435760171	3.959224599	1.940449438	5	4	2016	1
LI_DON_004	17133	3	230563.828125	195555.90625	47990.453125	0.116472287360427	0.117468	0.0495	1	LIMMGR0011	2.609028961	2.095679012	2.435760171	3.959224599	1.940449438	5	4	2016	1
LI_DON_004	17133	4	230563.828125	195555.90625	47990.453125	0.116472287360427	0.117468	0.0495	1	LIMMGR0011	2.609028961	2.095679012	2.435760171	3.959224599	1.940449438	5	4	2016	1
LI_DON_004	17168	3	230563.828125	195555.90625	47990.453125	0.139766744832513	0.137799	0.0592	1	LIMMGR0011	2.609028961	2.095679012	2.435760171	3.959224599	1.940449438	5	4	2017	1
LI_DON_004	17168	4	230563.828125	195555.90625	47990.453125	0.139766744832513	0.137799	0.0592	1	LIMMGR0011	2.609028961	2.095679012	2.435760171	3.959224599	1.940449438	5	4	2017	1
LI_DON_004	17189	3	230563.828125	195555.90625	47990.453125	0.100942649045704	0.176202	0.0725	1	LIMMGR0011	2.609028961	2.095679012	2.435760171	3.959224599	1.940449438	5	4	2017	1
LI_DON_004	17189	4	230563.828125	195555.90625	47990.453125	0.100942649045704	0.176202	0.0725	1	LIMMGR0011	2.609028961	2.095679012	2.435760171	3.959224599	1.940449438	5	4	2017	1
LI_DON_004	17210	3	230563.828125	195555.90625	47990.453125	0.0388240957868091	0.115209	0.0815	1	LIMMGR0011	2.609028961	2.095679012	2.435760171	3.959224599	1.940449438	5	4	2017	1
LI_DON_004	17210	4	230563.828125	195555.90625	47990.453125	0.0388240957868091	0.115209	0.0815	1	LIMMGR0011	2.609028961	2.095679012	2.435760171	3.959224599	1.940449438	5	4	2017	1
LI_DON_004	17246	3	230563.828125	195555.90625	47990.453125	0.108707468203066	0.142317	0.0567	1	LIMMGR0011	2.609028961	2.095679012	2.435760171	3.959224599	1.940449438	5	4	2017	1
LI_DON_004	17246	4	230563.828125	195555.90625	47990.453125	0.108707468203066	0.142317	0.0567	1	LIMMGR0011	2.609028961	2.095679012	2.435760171	3.959224599	1.940449438	5	4	2017	1
LI_DON_004	17280	3	230563.828125	195555.90625	47990.453125	0.178590840619322	0.284634	0.077	1	LIMMGR0011	2.609028961	2.095679012	2.435760171	3.959224599	1.940449438	5	4	2017	1
LI_DON_004	17280	4	230563.828125	195555.90625	47990.453125	0.178590840619322	0.284634	0.077	1	LIMMGR0011	2.609028961	2.095679012	2.435760171	3.959224599	1.940449438	5	4	2017	1
LI_DON_004	17316	3	230563.828125	195555.90625	47990.453125	0.163061202304598	0.228159	0.131	1	LIMMGR0011	2.609028961	2.095679012	2.435760171	3.959224599	1.940449438	5	4	2017	1
LI_DON_004	17316	4	230563.828125	195555.90625	47990.453125	0.163061202304598	0.228159	0.131	1	LIMMGR0011	2.609028961	2.095679012	2.435760171	3.959224599	1.940449438	5	4	2017	1
AN_BLA_002	16608	3	180985.0625	225024.34375	328013.46875	0.0388240957868091	0.047439	0.02	1	ANTBSE0215	2.350529101	2.096774194	3.319095477	3.667107001	1.856257745	5	2	2015	1
AN_BLA_002	16608	4	180985.0625	225024.34375	328013.46875	0.0388240957868091	0.047439	0.02	1	ANTBSE0215	2.350529101	2.096774194	3.319095477	3.667107001	1.856257745	5	2	2015	1
AN_BLA_002	16629	3	180985.0625	225024.34375	328013.46875	0.0388240957868091	0.056475	0.02	1	ANTBSE0215	2.350529101	2.096774194	3.319095477	3.667107001	1.856257745	5	2	2015	1
AN_BLA_002	16629	4	180985.0625	225024.34375	328013.46875	0.0388240957868091	0.056475	0.02	1	ANTBSE0215	2.350529101	2.096774194	3.319095477	3.667107001	1.856257745	5	2	2015	1
AN_BLA_002	16664	3	180985.0625	225024.34375	328013.46875	0.0388240957868091	0.060993	0.02	1	ANTBSE0215	2.350529101	2.096774194	3.319095477	3.667107001	1.856257745	5	2	2015	1
AN_BLA_002	16664	4	180985.0625	225024.34375	328013.46875	0.0388240957868091	0.060993	0.02	1	ANTBSE0215	2.350529101	2.096774194	3.319095477	3.667107001	1.856257745	5	2	2015	1
AN_BLA_002	16685	3	180985.0625	225024.34375	328013.46875	0.0388240957868091	0.117468	0.02	1	ANTBSE0215	2.350529101	2.096774194	3.319095477	3.667107001	1.856257745	5	2	2015	1
AN_BLA_002	16685	4	180985.0625	225024.34375	328013.46875	0.0388240957868091	0.117468	0.02	1	ANTBSE0215	2.350529101	2.096774194	3.319095477	3.667107001	1.856257745	5	2	2015	1
AN_BLA_002	16720	3	180985.0625	225024.34375	328013.46875	0.0194120478934046	0.153612	0.02	1	ANTBSE0215	2.350529101	2.096774194	3.319095477	3.667107001	1.856257745	5	2	2015	1
AN_BLA_002	16720	4	180985.0625	225024.34375	328013.46875	0.0194120478934046	0.153612	0.02	1	ANTBSE0215	2.350529101	2.096774194	3.319095477	3.667107001	1.856257745	5	2	2015	1
AN_BLA_002	16748	3	180985.0625	225024.34375	328013.46875	0.0388240957868091	0.212346	0.02	1	ANTBSE0215	2.350529101	2.096774194	3.319095477	3.667107001	1.856257745	5	2	2015	1
AN_BLA_002	16748	4	180985.0625	225024.34375	328013.46875	0.0388240957868091	0.212346	0.02	1	ANTBSE0215	2.350529101	2.096774194	3.319095477	3.667107001	1.856257745	5	2	2015	1
AN_BLA_002	16777	3	180985.0625	225024.34375	328013.46875	0.0388240957868091	0.2259	0.02	1	ANTBSE0215	2.350529101	2.096774194	3.319095477	3.667107001	1.856257745	5	2	2015	1
AN_BLA_002	16777	4	180985.0625	225024.34375	328013.46875	0.0388240957868091	0.2259	0.02	1	ANTBSE0215	2.350529101	2.096774194	3.319095477	3.667107001	1.856257745	5	2	2015	1
AN_BLA_002	16819	3	180985.0625	225024.34375	328013.46875	0.0388240957868091	0.318519	0.02	1	ANTBSE0215	2.350529101	2.096774194	3.319095477	3.667107001	1.856257745	5	2	2016	1
AN_BLA_002	16819	4	180985.0625	225024.34375	328013.46875	0.0388240957868091	0.318519	0.02	1	ANTBSE0215	2.350529101	2.096774194	3.319095477	3.667107001	1.856257745	5	2	2016	1
AN_BLA_002	16846	3	180985.0625	225024.34375	328013.46875	0.0388240957868091	0.246231	0.0443	1	ANTBSE0215	2.350529101	2.096774194	3.319095477	3.667107001	1.856257745	5	2	2016	1
AN_BLA_002	16846	4	180985.0625	225024.34375	328013.46875	0.0388240957868091	0.246231	0.0443	1	ANTBSE0215	2.350529101	2.096774194	3.319095477	3.667107001	1.856257745	5	2	2016	1
AN_BLA_002	16874	3	180985.0625	225024.34375	328013.46875	0.0388240957868091	0.079065	0.0335	1	ANTBSE0215	2.350529101	2.096774194	3.319095477	3.667107001	1.856257745	5	2	2016	1
AN_BLA_002	16874	4	180985.0625	225024.34375	328013.46875	0.0388240957868091	0.079065	0.0335	1	ANTBSE0215	2.350529101	2.096774194	3.319095477	3.667107001	1.856257745	5	2	2016	1
AN_BLA_002	16909	3	180985.0625	225024.34375	328013.46875	0.0931778298883419	0.117468	0.0252	1	ANTBSE0215	2.350529101	2.096774194	3.319095477	3.667107001	1.856257745	5	2	2016	1
AN_BLA_002	16909	4	180985.0625	225024.34375	328013.46875	0.0931778298883419	0.117468	0.0252	1	ANTBSE0215	2.350529101	2.096774194	3.319095477	3.667107001	1.856257745	5	2	2016	1
AN_BLA_002	16938	3	180985.0625	225024.34375	328013.46875	0.0698833724162564	0.160389	0.0229	1	ANTBSE0215	2.350529101	2.096774194	3.319095477	3.667107001	1.856257745	5	2	2016	1
AN_BLA_002	16938	4	180985.0625	225024.34375	328013.46875	0.0698833724162564	0.160389	0.0229	1	ANTBSE0215	2.350529101	2.096774194	3.319095477	3.667107001	1.856257745	5	2	2016	1
LI_BEG_003	17693	3	221679.890625	199685.5	1561.73229980469	0.116472287360427	0.049698	0.0483	1	LIMHEC0391	1.983606557	2.103174603	2.256696429	3.049030172	3.505681818	5	2	2018	1
LI_BEG_003	17714	3	221679.890625	199685.5	1561.73229980469	0.0931778298883419	0.088101	0.0398	1	LIMHEC0391	1.983606557	2.103174603	2.256696429	3.049030172	3.505681818	5	2	2018	1
LI_BEG_003	17883	3	221679.890625	199685.5	1561.73229980469	0.0388240957868091	0.042921	0.045	1	LIMHEC0391	1.983606557	2.103174603	2.256696429	3.049030172	3.505681818	5	2	2018	1
AN_RAV_001	17329	3	196947.40625	229738.203125	5451.9853515625	0.0931778298883419	0.124245	0.0343	1	ANTRAV0297	2.703278689	2.109375	4.022284123	3.233804476	3.095930233	5	2	2017	1
AN_RAV_001	17329	7	196947.40625	229738.203125	5451.9853515625	0.0931778298883419	0.124245	0.0343	1	ANTRAV0297	2.703278689	2.109375	4.022284123	3.233804476	3.095930233	5	2	2017	1
AN_RAV_001	17351	3	196947.40625	229738.203125	5451.9853515625	0.0465889149441709	0.101655	0.0269	1	ANTRAV0297	2.703278689	2.109375	4.022284123	3.233804476	3.095930233	5	2	2017	1
AN_RAV_001	17351	7	196947.40625	229738.203125	5451.9853515625	0.0465889149441709	0.101655	0.0269	1	ANTRAV0297	2.703278689	2.109375	4.022284123	3.233804476	3.095930233	5	2	2017	1
AN_RAV_001	17378	3	196947.40625	229738.203125	5451.9853515625	0.0621185532588946	0.081324	0.0306	1	ANTRAV0297	2.703278689	2.109375	4.022284123	3.233804476	3.095930233	5	2	2017	1
AN_RAV_001	17378	7	196947.40625	229738.203125	5451.9853515625	0.0621185532588946	0.081324	0.0306	1	ANTRAV0297	2.703278689	2.109375	4.022284123	3.233804476	3.095930233	5	2	2017	1
AN_RAV_001	17435	3	196947.40625	229738.203125	5451.9853515625	0.0388240957868091	0.042921	0.02	1	ANTRAV0297	2.703278689	2.109375	4.022284123	3.233804476	3.095930233	5	2	2017	1
AN_RAV_001	17435	7	196947.40625	229738.203125	5451.9853515625	0.0388240957868091	0.042921	0.02	1	ANTRAV0297	2.703278689	2.109375	4.022284123	3.233804476	3.095930233	5	2	2017	1
AN_RAV_001	17455	3	196947.40625	229738.203125	5451.9853515625	0.0388240957868091	0.033885	0.02	1	ANTRAV0297	2.703278689	2.109375	4.022284123	3.233804476	3.095930233	5	2	2017	1
AN_RAV_001	17455	7	196947.40625	229738.203125	5451.9853515625	0.0388240957868091	0.033885	0.02	1	ANTRAV0297	2.703278689	2.109375	4.022284123	3.233804476	3.095930233	5	2	2017	1
AN_RAV_001	17491	3	196947.40625	229738.203125	5451.9853515625	0.0388240957868091	0.051957	0.02	1	ANTRAV0297	2.703278689	2.109375	4.022284123	3.233804476	3.095930233	5	2	2017	1
AN_RAV_001	17491	7	196947.40625	229738.203125	5451.9853515625	0.0388240957868091	0.051957	0.02	1	ANTRAV0297	2.703278689	2.109375	4.022284123	3.233804476	3.095930233	5	2	2017	1
AN_RAV_001	17511	3	196947.40625	229738.203125	5451.9853515625	0.0388240957868091	0.740952	0.02	1	ANTRAV0297	2.703278689	2.109375	4.022284123	3.233804476	3.095930233	5	2	2017	1
AN_RAV_001	17511	7	196947.40625	229738.203125	5451.9853515625	0.0388240957868091	0.740952	0.02	1	ANTRAV0297	2.703278689	2.109375	4.022284123	3.233804476	3.095930233	5	2	2017	1
AN_RAV_001	17540	3	196947.40625	229738.203125	5451.9853515625	0.4270650536549	0.257526	0.0267	1	ANTRAV0297	2.703278689	2.109375	4.022284123	3.233804476	3.095930233	5	2	2018	1
AN_RAV_001	17540	7	196947.40625	229738.203125	5451.9853515625	0.4270650536549	0.257526	0.0267	1	ANTRAV0297	2.703278689	2.109375	4.022284123	3.233804476	3.095930233	5	2	2018	1
AN_RAV_001	17561	3	196947.40625	229738.203125	5451.9853515625	0.364946500396006	0.187497	0.02	1	ANTRAV0297	2.703278689	2.109375	4.022284123	3.233804476	3.095930233	5	2	2018	1
AN_RAV_001	17561	7	196947.40625	229738.203125	5451.9853515625	0.364946500396006	0.187497	0.02	1	ANTRAV0297	2.703278689	2.109375	4.022284123	3.233804476	3.095930233	5	2	2018	1
AN_RAV_001	17596	3	196947.40625	229738.203125	5451.9853515625	0.0698833724162564	0.295929	0.02	1	ANTRAV0297	2.703278689	2.109375	4.022284123	3.233804476	3.095930233	5	2	2018	1
AN_RAV_001	17596	7	196947.40625	229738.203125	5451.9853515625	0.0698833724162564	0.295929	0.02	1	ANTRAV0297	2.703278689	2.109375	4.022284123	3.233804476	3.095930233	5	2	2018	1
AN_RAV_001	17630	3	196947.40625	229738.203125	5451.9853515625	0.124237106517789	0.101655	0.02	1	ANTRAV0297	2.703278689	2.109375	4.022284123	3.233804476	3.095930233	5	2	2018	1
AN_RAV_001	17630	7	196947.40625	229738.203125	5451.9853515625	0.124237106517789	0.101655	0.02	1	ANTRAV0297	2.703278689	2.109375	4.022284123	3.233804476	3.095930233	5	2	2018	1
AN_RAV_001	17666	3	196947.40625	229738.203125	5451.9853515625	0.132001925675151	0.121986	0.02	1	ANTRAV0297	2.703278689	2.109375	4.022284123	3.233804476	3.095930233	5	2	2018	1
AN_RAV_001	17666	7	196947.40625	229738.203125	5451.9853515625	0.132001925675151	0.121986	0.02	1	ANTRAV0297	2.703278689	2.109375	4.022284123	3.233804476	3.095930233	5	2	2018	1
AN_DVH_005	16608	3	175257.71875	224580.078125	69752.390625	0.0388240957868091	0.024849	0.02	1	ANTRIJ0041	2.183615819	2.117857143	3.538251366	3.949090909	4.177970423	5	2	2015	1
AN_DVH_005	16608	4	175257.71875	224580.078125	69752.390625	0.0388240957868091	0.024849	0.02	1	ANTRIJ0041	2.183615819	2.117857143	3.538251366	3.949090909	4.177970423	5	2	2015	1
AN_DVH_005	16629	3	175257.71875	224580.078125	69752.390625	0.0465889149441709	0.126504	0.02	1	ANTRIJ0041	2.183615819	2.117857143	3.538251366	3.949090909	4.177970423	5	2	2015	1
AN_DVH_005	16629	4	175257.71875	224580.078125	69752.390625	0.0465889149441709	0.126504	0.02	1	ANTRIJ0041	2.183615819	2.117857143	3.538251366	3.949090909	4.177970423	5	2	2015	1
AN_DVH_005	16658	3	175257.71875	224580.078125	69752.390625	0.0388240957868091	0.040662	0.02	1	ANTRIJ0041	2.183615819	2.117857143	3.538251366	3.949090909	4.177970423	5	2	2015	1
AN_DVH_005	16658	4	175257.71875	224580.078125	69752.390625	0.0388240957868091	0.040662	0.02	1	ANTRIJ0041	2.183615819	2.117857143	3.538251366	3.949090909	4.177970423	5	2	2015	1
AN_DVH_005	16692	3	175257.71875	224580.078125	69752.390625	0.0388240957868091	0.038403	0.02	1	ANTRIJ0041	2.183615819	2.117857143	3.538251366	3.949090909	4.177970423	5	2	2015	1
AN_DVH_005	16692	4	175257.71875	224580.078125	69752.390625	0.0388240957868091	0.038403	0.02	1	ANTRIJ0041	2.183615819	2.117857143	3.538251366	3.949090909	4.177970423	5	2	2015	1
AN_DVH_005	16720	3	175257.71875	224580.078125	69752.390625	0.0271768670507664	0.058734	0.02	1	ANTRIJ0041	2.183615819	2.117857143	3.538251366	3.949090909	4.177970423	5	2	2015	1
AN_DVH_005	16720	4	175257.71875	224580.078125	69752.390625	0.0271768670507664	0.058734	0.02	1	ANTRIJ0041	2.183615819	2.117857143	3.538251366	3.949090909	4.177970423	5	2	2015	1
AN_DVH_005	16748	3	175257.71875	224580.078125	69752.390625	0.0621185532588946	0.074547	0.02	1	ANTRIJ0041	2.183615819	2.117857143	3.538251366	3.949090909	4.177970423	5	2	2015	1
AN_DVH_005	16748	4	175257.71875	224580.078125	69752.390625	0.0621185532588946	0.074547	0.02	1	ANTRIJ0041	2.183615819	2.117857143	3.538251366	3.949090909	4.177970423	5	2	2015	1
AN_DVH_005	16776	3	175257.71875	224580.078125	69752.390625	0.116472287360427	0.171684	0.02	1	ANTRIJ0041	2.183615819	2.117857143	3.538251366	3.949090909	4.177970423	5	2	2015	1
AN_DVH_005	16776	4	175257.71875	224580.078125	69752.390625	0.116472287360427	0.171684	0.02	1	ANTRIJ0041	2.183615819	2.117857143	3.538251366	3.949090909	4.177970423	5	2	2015	1
AN_DVH_005	16818	3	175257.71875	224580.078125	69752.390625	0.0776481915736183	0.456318	0.0269	1	ANTRIJ0041	2.183615819	2.117857143	3.538251366	3.949090909	4.177970423	5	2	2016	1
AN_DVH_005	16818	4	175257.71875	224580.078125	69752.390625	0.0776481915736183	0.456318	0.0269	1	ANTRIJ0041	2.183615819	2.117857143	3.538251366	3.949090909	4.177970423	5	2	2016	1
AN_DVH_005	16847	3	175257.71875	224580.078125	69752.390625	0.0776481915736183	0.162648	0.0483	1	ANTRIJ0041	2.183615819	2.117857143	3.538251366	3.949090909	4.177970423	5	2	2016	1
AN_DVH_005	16847	4	175257.71875	224580.078125	69752.390625	0.0776481915736183	0.162648	0.0483	1	ANTRIJ0041	2.183615819	2.117857143	3.538251366	3.949090909	4.177970423	5	2	2016	1
AN_DVH_005	16874	3	175257.71875	224580.078125	69752.390625	0.0388240957868091	0.051957	0.0365	1	ANTRIJ0041	2.183615819	2.117857143	3.538251366	3.949090909	4.177970423	5	2	2016	1
AN_DVH_005	16874	4	175257.71875	224580.078125	69752.390625	0.0388240957868091	0.051957	0.0365	1	ANTRIJ0041	2.183615819	2.117857143	3.538251366	3.949090909	4.177970423	5	2	2016	1
AN_DVH_005	16910	3	175257.71875	224580.078125	69752.390625	0.0931778298883419	0.038403	0.031	1	ANTRIJ0041	2.183615819	2.117857143	3.538251366	3.949090909	4.177970423	5	2	2016	1
AN_DVH_005	16910	4	175257.71875	224580.078125	69752.390625	0.0931778298883419	0.038403	0.031	1	ANTRIJ0041	2.183615819	2.117857143	3.538251366	3.949090909	4.177970423	5	2	2016	1
AN_DVH_005	16939	3	175257.71875	224580.078125	69752.390625	0.0388240957868091	0.02259	0.0317	1	ANTRIJ0041	2.183615819	2.117857143	3.538251366	3.949090909	4.177970423	5	2	2016	1
AN_DVH_005	16939	4	175257.71875	224580.078125	69752.390625	0.0388240957868091	0.02259	0.0317	1	ANTRIJ0041	2.183615819	2.117857143	3.538251366	3.949090909	4.177970423	5	2	2016	1
LI_BER_001	16203	3	242761.546875	196188.78125	146987.421875	0.0776481915736183	0.031626	NA	1	LIMMSK0007	1.603137979	2.119806094	4.072254335	4.079865017	3.567993989	5	2	2014	1
LI_BER_001	16203	4	242761.546875	196188.78125	146987.421875	0.0776481915736183	0.031626	NA	1	LIMMSK0007	1.603137979	2.119806094	4.072254335	4.079865017	3.567993989	5	2	2014	1
LI_BER_001	16244	3	242761.546875	196188.78125	146987.421875	0.0776481915736183	0.02259	NA	1	LIMMSK0007	1.603137979	2.119806094	4.072254335	4.079865017	3.567993989	5	2	2014	1
LI_BER_001	16244	4	242761.546875	196188.78125	146987.421875	0.0776481915736183	0.02259	NA	1	LIMMSK0007	1.603137979	2.119806094	4.072254335	4.079865017	3.567993989	5	2	2014	1
LI_BER_001	16273	3	242761.546875	196188.78125	146987.421875	0.0776481915736183	0.051957	NA	1	LIMMSK0007	1.603137979	2.119806094	4.072254335	4.079865017	3.567993989	5	2	2014	1
LI_BER_001	16273	4	242761.546875	196188.78125	146987.421875	0.0776481915736183	0.051957	NA	1	LIMMSK0007	1.603137979	2.119806094	4.072254335	4.079865017	3.567993989	5	2	2014	1
LI_BER_001	16300	3	242761.546875	196188.78125	146987.421875	0.0776481915736183	0.027108	NA	1	LIMMSK0007	1.603137979	2.119806094	4.072254335	4.079865017	3.567993989	5	2	2014	1
LI_BER_001	16300	4	242761.546875	196188.78125	146987.421875	0.0776481915736183	0.027108	NA	1	LIMMSK0007	1.603137979	2.119806094	4.072254335	4.079865017	3.567993989	5	2	2014	1
LI_BER_001	16335	3	242761.546875	196188.78125	146987.421875	0.0776481915736183	0.036144	NA	1	LIMMSK0007	1.603137979	2.119806094	4.072254335	4.079865017	3.567993989	5	2	2014	1
LI_BER_001	16335	4	242761.546875	196188.78125	146987.421875	0.0776481915736183	0.036144	NA	1	LIMMSK0007	1.603137979	2.119806094	4.072254335	4.079865017	3.567993989	5	2	2014	1
LI_BER_001	16371	3	242761.546875	196188.78125	146987.421875	0.0776481915736183	0.033885	NA	1	LIMMSK0007	1.603137979	2.119806094	4.072254335	4.079865017	3.567993989	5	2	2014	1
LI_BER_001	16371	4	242761.546875	196188.78125	146987.421875	0.0776481915736183	0.033885	NA	1	LIMMSK0007	1.603137979	2.119806094	4.072254335	4.079865017	3.567993989	5	2	2014	1
LI_MAT_007	16595	5	225920.25	182492.15625	31614.06640625	0.0388240957868091	0.029367	0.209	1	LIMGNK0035	1.812133072	2.13190184	2.380649718	3.098933649	3.089542893	5	4	2015	1
LI_MAT_007	16595	6	225920.25	182492.15625	31614.06640625	0.0388240957868091	0.029367	0.209	1	LIMGNK0035	1.812133072	2.13190184	2.380649718	3.098933649	3.089542893	5	4	2015	1
LI_MAT_007	16623	5	225920.25	182492.15625	31614.06640625	0.0388240957868091	0.02259	0.33	1	LIMGNK0035	1.812133072	2.13190184	2.380649718	3.098933649	3.089542893	5	4	2015	1
LI_MAT_007	16623	6	225920.25	182492.15625	31614.06640625	0.0388240957868091	0.02259	0.33	1	LIMGNK0035	1.812133072	2.13190184	2.380649718	3.098933649	3.089542893	5	4	2015	1
LI_MAT_007	16651	5	225920.25	182492.15625	31614.06640625	0.0388240957868091	0.024849	0.15	1	LIMGNK0035	1.812133072	2.13190184	2.380649718	3.098933649	3.089542893	5	4	2015	1
LI_MAT_007	16651	6	225920.25	182492.15625	31614.06640625	0.0388240957868091	0.024849	0.15	1	LIMGNK0035	1.812133072	2.13190184	2.380649718	3.098933649	3.089542893	5	4	2015	1
LI_MAT_007	16679	5	225920.25	182492.15625	31614.06640625	0.0388240957868091	0.092619	0.1439	1	LIMGNK0035	1.812133072	2.13190184	2.380649718	3.098933649	3.089542893	5	4	2015	1
LI_MAT_007	16679	6	225920.25	182492.15625	31614.06640625	0.0388240957868091	0.092619	0.1439	1	LIMGNK0035	1.812133072	2.13190184	2.380649718	3.098933649	3.089542893	5	4	2015	1
LI_MAT_007	16714	5	225920.25	182492.15625	31614.06640625	0.0388240957868091	0.024849	0.11	1	LIMGNK0035	1.812133072	2.13190184	2.380649718	3.098933649	3.089542893	5	4	2015	1
LI_MAT_007	16714	6	225920.25	182492.15625	31614.06640625	0.0388240957868091	0.024849	0.11	1	LIMGNK0035	1.812133072	2.13190184	2.380649718	3.098933649	3.089542893	5	4	2015	1
LI_MAT_007	16743	5	225920.25	182492.15625	31614.06640625	0.0388240957868091	0.02259	0.11	1	LIMGNK0035	1.812133072	2.13190184	2.380649718	3.098933649	3.089542893	5	4	2015	1
LI_MAT_007	16743	6	225920.25	182492.15625	31614.06640625	0.0388240957868091	0.02259	0.11	1	LIMGNK0035	1.812133072	2.13190184	2.380649718	3.098933649	3.089542893	5	4	2015	1
LI_MAT_007	16770	5	225920.25	182492.15625	31614.06640625	0.0621185532588946	0.402102	0.08	1	LIMGNK0035	1.812133072	2.13190184	2.380649718	3.098933649	3.089542893	5	4	2015	1
LI_MAT_007	16770	6	225920.25	182492.15625	31614.06640625	0.0621185532588946	0.402102	0.08	1	LIMGNK0035	1.812133072	2.13190184	2.380649718	3.098933649	3.089542893	5	4	2015	1
LI_MAT_007	16812	5	225920.25	182492.15625	31614.06640625	0.0698833724162564	0.273339	0.1372	1	LIMGNK0035	1.812133072	2.13190184	2.380649718	3.098933649	3.089542893	5	4	2016	1
LI_MAT_007	16812	6	225920.25	182492.15625	31614.06640625	0.0698833724162564	0.273339	0.1372	1	LIMGNK0035	1.812133072	2.13190184	2.380649718	3.098933649	3.089542893	5	4	2016	1
LI_MAT_007	16839	5	225920.25	182492.15625	31614.06640625	0.0465889149441709	0.284634	0.1111	1	LIMGNK0035	1.812133072	2.13190184	2.380649718	3.098933649	3.089542893	5	4	2016	1
LI_MAT_007	16839	6	225920.25	182492.15625	31614.06640625	0.0465889149441709	0.284634	0.1111	1	LIMGNK0035	1.812133072	2.13190184	2.380649718	3.098933649	3.089542893	5	4	2016	1
LI_MAT_007	16868	5	225920.25	182492.15625	31614.06640625	0.0388240957868091	0.115209	0.1036	1	LIMGNK0035	1.812133072	2.13190184	2.380649718	3.098933649	3.089542893	5	4	2016	1
LI_MAT_007	16868	6	225920.25	182492.15625	31614.06640625	0.0388240957868091	0.115209	0.1036	1	LIMGNK0035	1.812133072	2.13190184	2.380649718	3.098933649	3.089542893	5	4	2016	1
LI_MAT_007	16903	5	225920.25	182492.15625	31614.06640625	0.0388240957868091	0.047439	0.1145	1	LIMGNK0035	1.812133072	2.13190184	2.380649718	3.098933649	3.089542893	5	4	2016	1
LI_MAT_007	16903	6	225920.25	182492.15625	31614.06640625	0.0388240957868091	0.047439	0.1145	1	LIMGNK0035	1.812133072	2.13190184	2.380649718	3.098933649	3.089542893	5	4	2016	1
LI_MAT_007	16931	5	225920.25	182492.15625	31614.06640625	0.0465889149441709	0.031626	0.106	1	LIMGNK0035	1.812133072	2.13190184	2.380649718	3.098933649	3.089542893	5	4	2016	1
LI_MAT_007	16931	6	225920.25	182492.15625	31614.06640625	0.0465889149441709	0.031626	0.106	1	LIMGNK0035	1.812133072	2.13190184	2.380649718	3.098933649	3.089542893	5	4	2016	1
LI_MLV_026	16958	3	215740.265625	185502.59375	6591.75830078125	0.0388240957868091	0.092619	0.0391	1	LIMHAS0514	2.480874317	2.134831461	3.128504673	2.260777385	2.551617874	5	2	2016	1
LI_MLV_026	16958	4	215740.265625	185502.59375	6591.75830078125	0.0388240957868091	0.092619	0.0391	1	LIMHAS0514	2.480874317	2.134831461	3.128504673	2.260777385	2.551617874	5	2	2016	1
LI_MLV_026	17014	3	215740.265625	185502.59375	6591.75830078125	0.178590840619322	0.02259	0.02	1	LIMHAS0514	2.480874317	2.134831461	3.128504673	2.260777385	2.551617874	5	2	2016	1
LI_MLV_026	17014	4	215740.265625	185502.59375	6591.75830078125	0.178590840619322	0.02259	0.02	1	LIMHAS0514	2.480874317	2.134831461	3.128504673	2.260777385	2.551617874	5	2	2016	1
LI_MLV_026	17042	3	215740.265625	185502.59375	6591.75830078125	0.0388240957868091	0.02259	0.0287	1	LIMHAS0514	2.480874317	2.134831461	3.128504673	2.260777385	2.551617874	5	2	2016	1
LI_MLV_026	17042	4	215740.265625	185502.59375	6591.75830078125	0.0388240957868091	0.02259	0.0287	1	LIMHAS0514	2.480874317	2.134831461	3.128504673	2.260777385	2.551617874	5	2	2016	1
LI_MLV_026	17050	3	215740.265625	185502.59375	6591.75830078125	0.0388240957868091	0.02259	0.0631	1	LIMHAS0514	2.480874317	2.134831461	3.128504673	2.260777385	2.551617874	5	2	2016	1
LI_MLV_026	17050	4	215740.265625	185502.59375	6591.75830078125	0.0388240957868091	0.02259	0.0631	1	LIMHAS0514	2.480874317	2.134831461	3.128504673	2.260777385	2.551617874	5	2	2016	1
LI_MLV_026	17134	3	215740.265625	185502.59375	6591.75830078125	0.0388240957868091	0.031626	0.0272	1	LIMHAS0514	2.480874317	2.134831461	3.128504673	2.260777385	2.551617874	5	2	2016	1
LI_MLV_026	17134	4	215740.265625	185502.59375	6591.75830078125	0.0388240957868091	0.031626	0.0272	1	LIMHAS0514	2.480874317	2.134831461	3.128504673	2.260777385	2.551617874	5	2	2016	1
LI_MLV_026	17211	3	215740.265625	185502.59375	6591.75830078125	0.0465889149441709	0.449541	0.0575	1	LIMHAS0514	2.480874317	2.134831461	3.128504673	2.260777385	2.551617874	5	2	2017	1
LI_MLV_026	17211	4	215740.265625	185502.59375	6591.75830078125	0.0465889149441709	0.449541	0.0575	1	LIMHAS0514	2.480874317	2.134831461	3.128504673	2.260777385	2.551617874	5	2	2017	1
LI_MLV_026	17238	3	215740.265625	185502.59375	6591.75830078125	0.0388240957868091	0.038403	0.024	1	LIMHAS0514	2.480874317	2.134831461	3.128504673	2.260777385	2.551617874	5	2	2017	1
LI_MLV_026	17238	4	215740.265625	185502.59375	6591.75830078125	0.0388240957868091	0.038403	0.024	1	LIMHAS0514	2.480874317	2.134831461	3.128504673	2.260777385	2.551617874	5	2	2017	1
LI_MLV_026	17280	3	215740.265625	185502.59375	6591.75830078125	0.0388240957868091	0.033885	0.02	1	LIMHAS0514	2.480874317	2.134831461	3.128504673	2.260777385	2.551617874	5	2	2017	1
LI_MLV_026	17280	4	215740.265625	185502.59375	6591.75830078125	0.0388240957868091	0.033885	0.02	1	LIMHAS0514	2.480874317	2.134831461	3.128504673	2.260777385	2.551617874	5	2	2017	1
LI_MLV_026	17302	3	215740.265625	185502.59375	6591.75830078125	0.0543537341015328	0.072288	0.031	1	LIMHAS0514	2.480874317	2.134831461	3.128504673	2.260777385	2.551617874	5	2	2017	1
LI_MLV_026	17302	4	215740.265625	185502.59375	6591.75830078125	0.0543537341015328	0.072288	0.031	1	LIMHAS0514	2.480874317	2.134831461	3.128504673	2.260777385	2.551617874	5	2	2017	1
AN_TIK_002	16952	3	193958.25	218775.796875	1696.58544921875	0.100942649045704	0.698031	0.1007	1	ANTKAS0349	2.246478873	2.140625	3.009803922	2.576281655	2.470937913	5	2	2016	1
AN_TIK_002	16987	3	193958.25	218775.796875	1696.58544921875	0.147531563989875	0.02259	0.1782	1	ANTKAS0349	2.246478873	2.140625	3.009803922	2.576281655	2.470937913	5	2	2016	1
AN_TIK_002	17030	3	193958.25	218775.796875	1696.58544921875	0.0698833724162564	0.029367	0.1332	1	ANTKAS0349	2.246478873	2.140625	3.009803922	2.576281655	2.470937913	5	2	2016	1
AN_TIK_002	17056	3	193958.25	218775.796875	1696.58544921875	0.0388240957868091	0.031626	0.0693	1	ANTKAS0349	2.246478873	2.140625	3.009803922	2.576281655	2.470937913	5	2	2016	1
AN_TIK_002	17077	3	193958.25	218775.796875	1696.58544921875	0.0388240957868091	0.049698	0.0433	1	ANTKAS0349	2.246478873	2.140625	3.009803922	2.576281655	2.470937913	5	2	2016	1
AN_TIK_002	17113	3	193958.25	218775.796875	1696.58544921875	0.0388240957868091	0.02259	0.023	1	ANTKAS0349	2.246478873	2.140625	3.009803922	2.576281655	2.470937913	5	2	2016	1
AN_TIK_002	17134	3	193958.25	218775.796875	1696.58544921875	0.0388240957868091	0.042921	0.0383	1	ANTKAS0349	2.246478873	2.140625	3.009803922	2.576281655	2.470937913	5	2	2016	1
AN_TIK_002	17182	3	193958.25	218775.796875	1696.58544921875	0.364946500396006	0.734175	0.0974	1	ANTKAS0349	2.246478873	2.140625	3.009803922	2.576281655	2.470937913	5	2	2017	1
AN_TIK_002	17203	3	193958.25	218775.796875	1696.58544921875	0.0465889149441709	0.047439	0.1489	1	ANTKAS0349	2.246478873	2.140625	3.009803922	2.576281655	2.470937913	5	2	2017	1
AN_TIK_002	17238	3	193958.25	218775.796875	1696.58544921875	0.178590840619322	0.228159	0.1027	1	ANTKAS0349	2.246478873	2.140625	3.009803922	2.576281655	2.470937913	5	2	2017	1
AN_TIK_002	17260	3	193958.25	218775.796875	1696.58544921875	0.147531563989875	0.117468	0.1319	1	ANTKAS0349	2.246478873	2.140625	3.009803922	2.576281655	2.470937913	5	2	2017	1
AN_TIK_002	17295	3	193958.25	218775.796875	1696.58544921875	0.442594691969624	0.169425	0.152	1	ANTKAS0349	2.246478873	2.140625	3.009803922	2.576281655	2.470937913	5	2	2017	1
LI_DON_003	16609	7	230028.328125	194452.40625	5086.77099609375	0.0931778298883419	0.162648	0.0672	1	LIMMGR0262	2.113333333	2.144508671	2.425968109	2.628120894	2.851315789	5	4	2015	1
LI_DON_003	16637	7	230028.328125	194452.40625	5086.77099609375	0.209650117248769	0.164907	0.101	1	LIMMGR0262	2.113333333	2.144508671	2.425968109	2.628120894	2.851315789	5	4	2015	1
LI_DON_003	16665	7	230028.328125	194452.40625	5086.77099609375	1.18801733107636	0.164907	0.1415	1	LIMMGR0262	2.113333333	2.144508671	2.425968109	2.628120894	2.851315789	5	4	2015	1
LI_DON_003	16698	7	230028.328125	194452.40625	5086.77099609375	1.7703787678785	0.110691	0.092	1	LIMMGR0262	2.113333333	2.144508671	2.425968109	2.628120894	2.851315789	5	4	2015	1
LI_DON_003	16728	7	230028.328125	194452.40625	5086.77099609375	1.65390648051807	0.110691	0.1	1	LIMMGR0262	2.113333333	2.144508671	2.425968109	2.628120894	2.851315789	5	4	2015	1
LI_DON_003	16756	7	230028.328125	194452.40625	5086.77099609375	2.88074790738124	0.117468	0.119	1	LIMMGR0262	2.113333333	2.144508671	2.425968109	2.628120894	2.851315789	5	4	2015	1
LI_DON_003	16832	7	230028.328125	194452.40625	5086.77099609375	0.0465889149441709	0.063252	0.02	1	LIMMGR0262	2.113333333	2.144508671	2.425968109	2.628120894	2.851315789	5	4	2016	1
LI_DON_003	16861	7	230028.328125	194452.40625	5086.77099609375	0.0388240957868091	0.176202	0.02	1	LIMMGR0262	2.113333333	2.144508671	2.425968109	2.628120894	2.851315789	5	4	2016	1
LI_DON_003	16881	7	230028.328125	194452.40625	5086.77099609375	0.0388240957868091	1.052694	0.0204	1	LIMMGR0262	2.113333333	2.144508671	2.425968109	2.628120894	2.851315789	5	4	2016	1
LI_DON_003	16930	7	230028.328125	194452.40625	5086.77099609375	0.0388240957868091	0.081324	0.0369	1	LIMMGR0262	2.113333333	2.144508671	2.425968109	2.628120894	2.851315789	5	4	2016	1
AN_SNE_008	16966	3	185267.609375	211178	73035.09375	0.396005777025453	0.198792	0.3279	1	ANTKAS0501	2.076133447	2.145631068	2.808290155	3.270979021	4.147528517	5	2	2016	1
AN_SNE_008	17014	3	185267.609375	211178	73035.09375	0.217414936406131	0.02259	0.0687	1	ANTKAS0501	2.076133447	2.145631068	2.808290155	3.270979021	4.147528517	5	2	2016	1
AN_SNE_008	17036	3	185267.609375	211178	73035.09375	0.0388240957868091	0.02259	0.1344	1	ANTKAS0501	2.076133447	2.145631068	2.808290155	3.270979021	4.147528517	5	2	2016	1
AN_SNE_008	17056	3	185267.609375	211178	73035.09375	0.0465889149441709	0.02259	0.0665	1	ANTKAS0501	2.076133447	2.145631068	2.808290155	3.270979021	4.147528517	5	2	2016	1
AN_SNE_008	17092	3	185267.609375	211178	73035.09375	0.0388240957868091	0.047439	0.116	1	ANTKAS0501	2.076133447	2.145631068	2.808290155	3.270979021	4.147528517	5	2	2016	1
AN_SNE_008	17127	3	185267.609375	211178	73035.09375	0.116472287360427	0.196533	0.1213	1	ANTKAS0501	2.076133447	2.145631068	2.808290155	3.270979021	4.147528517	5	2	2016	1
AN_SNE_008	17140	3	185267.609375	211178	73035.09375	0.108707468203066	0.18072	0.0865	1	ANTKAS0501	2.076133447	2.145631068	2.808290155	3.270979021	4.147528517	5	2	2016	1
AN_SNE_008	17176	3	185267.609375	211178	73035.09375	0.0931778298883419	0.160389	0.0623	1	ANTKAS0501	2.076133447	2.145631068	2.808290155	3.270979021	4.147528517	5	2	2017	1
AN_SNE_008	17204	3	185267.609375	211178	73035.09375	0.0854130107309801	0.167166	0.1216	1	ANTKAS0501	2.076133447	2.145631068	2.808290155	3.270979021	4.147528517	5	2	2017	1
AN_SNE_008	17225	3	185267.609375	211178	73035.09375	0.0854130107309801	0.341109	0.1416	1	ANTKAS0501	2.076133447	2.145631068	2.808290155	3.270979021	4.147528517	5	2	2017	1
AN_SNE_008	17266	3	185267.609375	211178	73035.09375	0.116472287360427	0.171684	0.121	1	ANTKAS0501	2.076133447	2.145631068	2.808290155	3.270979021	4.147528517	5	2	2017	1
AN_SNE_008	17301	3	185267.609375	211178	73035.09375	1.56072865062973	0.15813	0.241	1	ANTKAS0501	2.076133447	2.145631068	2.808290155	3.270979021	4.147528517	5	2	2017	1
AN_MOL_002	16202	6	206216.78125	213576.984375	861700.3125	0.0776481915736183	1.24245	NA	1	ANTMOL0036	2.371858261	2.15	3.042635659	2.78516129	3.774531835	5	2	2014	1
AN_MOL_002	16244	6	206216.78125	213576.984375	861700.3125	0.0776481915736183	0.998478	NA	1	ANTMOL0036	2.371858261	2.15	3.042635659	2.78516129	3.774531835	5	2	2014	1
AN_MOL_002	16259	6	206216.78125	213576.984375	861700.3125	0.0776481915736183	0.749988	NA	1	ANTMOL0036	2.371858261	2.15	3.042635659	2.78516129	3.774531835	5	2	2014	1
AN_MOL_002	16300	6	206216.78125	213576.984375	861700.3125	0.0776481915736183	0.472131	NA	1	ANTMOL0036	2.371858261	2.15	3.042635659	2.78516129	3.774531835	5	2	2014	1
AN_MOL_002	16329	6	206216.78125	213576.984375	861700.3125	0.0776481915736183	0.027108	NA	1	ANTMOL0036	2.371858261	2.15	3.042635659	2.78516129	3.774531835	5	2	2014	1
AN_MOL_002	16377	6	206216.78125	213576.984375	861700.3125	0.0776481915736183	0.765801	NA	1	ANTMOL0036	2.371858261	2.15	3.042635659	2.78516129	3.774531835	5	2	2014	1
AN_DVH_004	16608	4	175010.625	224807.5	453.551483154297	0.0388240957868091	0.02259	0.023	1	ANTRIJ0006	1.403361345	2.158940397	3.458549223	3.663197729	3.928172943	5	2	2015	1
AN_DVH_004	16608	5	175010.625	224807.5	453.551483154297	0.0388240957868091	0.02259	0.023	1	ANTRIJ0006	1.403361345	2.158940397	3.458549223	3.663197729	3.928172943	5	2	2015	1
AN_DVH_004	16629	4	175010.625	224807.5	453.551483154297	0.0388240957868091	0.040662	0.024	1	ANTRIJ0006	1.403361345	2.158940397	3.458549223	3.663197729	3.928172943	5	2	2015	1
AN_DVH_004	16629	5	175010.625	224807.5	453.551483154297	0.0388240957868091	0.040662	0.024	1	ANTRIJ0006	1.403361345	2.158940397	3.458549223	3.663197729	3.928172943	5	2	2015	1
AN_DVH_004	16658	4	175010.625	224807.5	453.551483154297	0.0388240957868091	0.051957	0.0482	1	ANTRIJ0006	1.403361345	2.158940397	3.458549223	3.663197729	3.928172943	5	2	2015	1
AN_DVH_004	16658	5	175010.625	224807.5	453.551483154297	0.0388240957868091	0.051957	0.0482	1	ANTRIJ0006	1.403361345	2.158940397	3.458549223	3.663197729	3.928172943	5	2	2015	1
AN_DVH_004	16692	4	175010.625	224807.5	453.551483154297	0.0388240957868091	0.058734	0.0265	1	ANTRIJ0006	1.403361345	2.158940397	3.458549223	3.663197729	3.928172943	5	2	2015	1
AN_DVH_004	16692	5	175010.625	224807.5	453.551483154297	0.0388240957868091	0.058734	0.0265	1	ANTRIJ0006	1.403361345	2.158940397	3.458549223	3.663197729	3.928172943	5	2	2015	1
AN_DVH_004	16720	4	175010.625	224807.5	453.551483154297	0.00694951314583883	0.02259	0.02	1	ANTRIJ0006	1.403361345	2.158940397	3.458549223	3.663197729	3.928172943	5	2	2015	1
AN_DVH_004	16720	5	175010.625	224807.5	453.551483154297	0.00694951314583883	0.02259	0.02	1	ANTRIJ0006	1.403361345	2.158940397	3.458549223	3.663197729	3.928172943	5	2	2015	1
AN_DVH_004	16776	4	175010.625	224807.5	453.551483154297	0.0621185532588946	0.054216	0.02	1	ANTRIJ0006	1.403361345	2.158940397	3.458549223	3.663197729	3.928172943	5	2	2015	1
AN_DVH_004	16776	5	175010.625	224807.5	453.551483154297	0.0621185532588946	0.054216	0.02	1	ANTRIJ0006	1.403361345	2.158940397	3.458549223	3.663197729	3.928172943	5	2	2015	1
AN_DVH_004	16847	4	175010.625	224807.5	453.551483154297	0.0388240957868091	1.344105	0.0279	1	ANTRIJ0006	1.403361345	2.158940397	3.458549223	3.663197729	3.928172943	5	2	2016	1
AN_DVH_004	16847	5	175010.625	224807.5	453.551483154297	0.0388240957868091	1.344105	0.0279	1	ANTRIJ0006	1.403361345	2.158940397	3.458549223	3.663197729	3.928172943	5	2	2016	1
AN_DVH_004	16874	4	175010.625	224807.5	453.551483154297	0.0388240957868091	0.325296	0.02	1	ANTRIJ0006	1.403361345	2.158940397	3.458549223	3.663197729	3.928172943	5	2	2016	1
AN_DVH_004	16874	5	175010.625	224807.5	453.551483154297	0.0388240957868091	0.325296	0.02	1	ANTRIJ0006	1.403361345	2.158940397	3.458549223	3.663197729	3.928172943	5	2	2016	1
AN_DVH_004	16910	4	175010.625	224807.5	453.551483154297	0.0388240957868091	0.02259	0.0255	1	ANTRIJ0006	1.403361345	2.158940397	3.458549223	3.663197729	3.928172943	5	2	2016	1
AN_DVH_004	16910	5	175010.625	224807.5	453.551483154297	0.0388240957868091	0.02259	0.0255	1	ANTRIJ0006	1.403361345	2.158940397	3.458549223	3.663197729	3.928172943	5	2	2016	1
AN_DVH_004	16939	4	175010.625	224807.5	453.551483154297	0.0698833724162564	0.024849	0.0301	1	ANTRIJ0006	1.403361345	2.158940397	3.458549223	3.663197729	3.928172943	5	2	2016	1
AN_DVH_004	16939	5	175010.625	224807.5	453.551483154297	0.0698833724162564	0.024849	0.0301	1	ANTRIJ0006	1.403361345	2.158940397	3.458549223	3.663197729	3.928172943	5	2	2016	1
LI_DOM_001	17330	6	224666.625	207638.75	5547.3193359375	1.48308045905611	0.074547	0.3156	1	LIMOVP0232	2.094679892	2.160714286	1.852173913	3.021410579	3.860940695	5	4	2017	1
LI_DOM_001	17372	6	224666.625	207638.75	5547.3193359375	1.87908623608156	0.094878	0.293	1	LIMOVP0232	2.094679892	2.160714286	1.852173913	3.021410579	3.860940695	5	4	2017	1
LI_DOM_001	17386	6	224666.625	207638.75	5547.3193359375	2.26732719394965	0.347886	0.323	1	LIMOVP0232	2.094679892	2.160714286	1.852173913	3.021410579	3.860940695	5	4	2017	1
LI_DOM_001	17420	6	224666.625	207638.75	5547.3193359375	1.42096190579721	0.953298	0.2068	1	LIMOVP0232	2.094679892	2.160714286	1.852173913	3.021410579	3.860940695	5	4	2017	1
LI_DOM_001	17434	6	224666.625	207638.75	5547.3193359375	1.52190455484292	0.289152	0.277	1	LIMOVP0232	2.094679892	2.160714286	1.852173913	3.021410579	3.860940695	5	4	2017	1
LI_DOM_001	17463	6	224666.625	207638.75	5547.3193359375	1.47531563989875	0.070029	0.3445	1	LIMOVP0232	2.094679892	2.160714286	1.852173913	3.021410579	3.860940695	5	4	2017	1
LI_DOM_001	17498	6	224666.625	207638.75	5547.3193359375	0.838600468995077	0.103914	0.225	1	LIMOVP0232	2.094679892	2.160714286	1.852173913	3.021410579	3.860940695	5	4	2017	1
LI_DOM_001	17518	6	224666.625	207638.75	5547.3193359375	0.706598543319926	0.33885	0.2322	1	LIMOVP0232	2.094679892	2.160714286	1.852173913	3.021410579	3.860940695	5	4	2017	1
LI_DOM_001	17547	6	224666.625	207638.75	5547.3193359375	0.683304085847841	0.162648	0.228	1	LIMOVP0232	2.094679892	2.160714286	1.852173913	3.021410579	3.860940695	5	4	2018	1
LI_DOM_001	17575	6	224666.625	207638.75	5547.3193359375	0.295063127979749	0.081324	0.1521	1	LIMOVP0232	2.094679892	2.160714286	1.852173913	3.021410579	3.860940695	5	4	2018	1
LI_DOM_001	17603	6	224666.625	207638.75	5547.3193359375	0.0388240957868091	0.049698	0.16	1	LIMOVP0232	2.094679892	2.160714286	1.852173913	3.021410579	3.860940695	5	4	2018	1
LI_DOM_001	17638	6	224666.625	207638.75	5547.3193359375	0.0388240957868091	0.060993	0.1493	1	LIMOVP0232	2.094679892	2.160714286	1.852173913	3.021410579	3.860940695	5	4	2018	1
LI_DOM_001	17672	6	224666.625	207638.75	5547.3193359375	1.06378022455857	0.056475	0.6116	1	LIMOVP0232	2.094679892	2.160714286	1.852173913	3.021410579	3.860940695	5	4	2018	1
AN_DVH_002	16196	3	174496.671875	224144.03125	249151.5	0.25623903219294	0.06777	NA	1	ANTRIJ0308	2.247384481	2.162962963	4.078431373	4.081677704	3.741204066	5	4	2014	1
AN_DVH_002	16196	4	174496.671875	224144.03125	249151.5	0.25623903219294	0.06777	NA	1	ANTRIJ0308	2.247384481	2.162962963	4.078431373	4.081677704	3.741204066	5	4	2014	1
AN_DVH_002	16223	3	174496.671875	224144.03125	249151.5	0.0776481915736183	0.058734	NA	1	ANTRIJ0308	2.247384481	2.162962963	4.078431373	4.081677704	3.741204066	5	4	2014	1
AN_DVH_002	16223	4	174496.671875	224144.03125	249151.5	0.0776481915736183	0.058734	NA	1	ANTRIJ0308	2.247384481	2.162962963	4.078431373	4.081677704	3.741204066	5	4	2014	1
AN_DVH_002	16251	3	174496.671875	224144.03125	249151.5	0.396005777025453	0.051957	NA	1	ANTRIJ0308	2.247384481	2.162962963	4.078431373	4.081677704	3.741204066	5	4	2014	1
AN_DVH_002	16251	4	174496.671875	224144.03125	249151.5	0.396005777025453	0.051957	NA	1	ANTRIJ0308	2.247384481	2.162962963	4.078431373	4.081677704	3.741204066	5	4	2014	1
AN_DVH_002	16287	3	174496.671875	224144.03125	249151.5	0.0776481915736183	0.02259	NA	1	ANTRIJ0308	2.247384481	2.162962963	4.078431373	4.081677704	3.741204066	5	4	2014	1
AN_DVH_002	16287	4	174496.671875	224144.03125	249151.5	0.0776481915736183	0.02259	NA	1	ANTRIJ0308	2.247384481	2.162962963	4.078431373	4.081677704	3.741204066	5	4	2014	1
AN_DVH_002	16322	3	174496.671875	224144.03125	249151.5	0.0776481915736183	0.02259	NA	1	ANTRIJ0308	2.247384481	2.162962963	4.078431373	4.081677704	3.741204066	5	4	2014	1
AN_DVH_002	16322	4	174496.671875	224144.03125	249151.5	0.0776481915736183	0.02259	NA	1	ANTRIJ0308	2.247384481	2.162962963	4.078431373	4.081677704	3.741204066	5	4	2014	1
AN_DVH_002	16364	3	174496.671875	224144.03125	249151.5	0.0776481915736183	0.036144	NA	1	ANTRIJ0308	2.247384481	2.162962963	4.078431373	4.081677704	3.741204066	5	4	2014	1
AN_DVH_002	16364	4	174496.671875	224144.03125	249151.5	0.0776481915736183	0.036144	NA	1	ANTRIJ0308	2.247384481	2.162962963	4.078431373	4.081677704	3.741204066	5	4	2014	1
AN_TIE_002	16609	3	187864.375	217436.09375	79191.90625	0.0388240957868091	0.02259	0.02	1	ANTKAS0462	2.293394777	2.177777778	3.5	3.27903044	3.925685426	5	4	2015	1
AN_TIE_002	16609	7	187864.375	217436.09375	79191.90625	0.0388240957868091	0.02259	0.02	1	ANTKAS0462	2.293394777	2.177777778	3.5	3.27903044	3.925685426	5	4	2015	1
AN_TIE_002	16631	3	187864.375	217436.09375	79191.90625	0.0388240957868091	0.02259	0.03	1	ANTKAS0462	2.293394777	2.177777778	3.5	3.27903044	3.925685426	5	4	2015	1
AN_TIE_002	16631	7	187864.375	217436.09375	79191.90625	0.0388240957868091	0.02259	0.03	1	ANTKAS0462	2.293394777	2.177777778	3.5	3.27903044	3.925685426	5	4	2015	1
AN_TIE_002	16665	3	187864.375	217436.09375	79191.90625	0.0388240957868091	0.056475	0.1103	1	ANTKAS0462	2.293394777	2.177777778	3.5	3.27903044	3.925685426	5	4	2015	1
AN_TIE_002	16665	7	187864.375	217436.09375	79191.90625	0.0388240957868091	0.056475	0.1103	1	ANTKAS0462	2.293394777	2.177777778	3.5	3.27903044	3.925685426	5	4	2015	1
AN_TIE_002	16693	3	187864.375	217436.09375	79191.90625	0.0388240957868091	0.027108	0.0533	1	ANTKAS0462	2.293394777	2.177777778	3.5	3.27903044	3.925685426	5	4	2015	1
AN_TIE_002	16693	7	187864.375	217436.09375	79191.90625	0.0388240957868091	0.027108	0.0533	1	ANTKAS0462	2.293394777	2.177777778	3.5	3.27903044	3.925685426	5	4	2015	1
AN_TIE_002	16728	3	187864.375	217436.09375	79191.90625	0.0621185532588946	0.063252	0.05	1	ANTKAS0462	2.293394777	2.177777778	3.5	3.27903044	3.925685426	5	4	2015	1
AN_TIE_002	16728	7	187864.375	217436.09375	79191.90625	0.0621185532588946	0.063252	0.05	1	ANTKAS0462	2.293394777	2.177777778	3.5	3.27903044	3.925685426	5	4	2015	1
AN_TIE_002	16756	3	187864.375	217436.09375	79191.90625	0.349416862081282	0.108432	0.058	1	ANTKAS0462	2.293394777	2.177777778	3.5	3.27903044	3.925685426	5	4	2015	1
AN_TIE_002	16756	7	187864.375	217436.09375	79191.90625	0.349416862081282	0.108432	0.058	1	ANTKAS0462	2.293394777	2.177777778	3.5	3.27903044	3.925685426	5	4	2015	1
AN_TIE_002	16784	3	187864.375	217436.09375	79191.90625	0.683304085847841	0.110691	0.0379	1	ANTKAS0462	2.293394777	2.177777778	3.5	3.27903044	3.925685426	5	4	2015	1
AN_TIE_002	16784	7	187864.375	217436.09375	79191.90625	0.683304085847841	0.110691	0.0379	1	ANTKAS0462	2.293394777	2.177777778	3.5	3.27903044	3.925685426	5	4	2015	1
AN_TIE_002	16825	3	187864.375	217436.09375	79191.90625	0.543537341015328	1.192752	0.0219	1	ANTKAS0462	2.293394777	2.177777778	3.5	3.27903044	3.925685426	5	4	2016	1
AN_TIE_002	16825	7	187864.375	217436.09375	79191.90625	0.543537341015328	1.192752	0.0219	1	ANTKAS0462	2.293394777	2.177777778	3.5	3.27903044	3.925685426	5	4	2016	1
AN_TIE_002	16854	3	187864.375	217436.09375	79191.90625	0.232944574720855	0.119727	0.025	1	ANTKAS0462	2.293394777	2.177777778	3.5	3.27903044	3.925685426	5	4	2016	1
AN_TIE_002	16854	7	187864.375	217436.09375	79191.90625	0.232944574720855	0.119727	0.025	1	ANTKAS0462	2.293394777	2.177777778	3.5	3.27903044	3.925685426	5	4	2016	1
AN_TIE_002	16895	3	187864.375	217436.09375	79191.90625	0.209650117248769	0.178461	0.0321	1	ANTKAS0462	2.293394777	2.177777778	3.5	3.27903044	3.925685426	5	4	2016	1
AN_TIE_002	16895	7	187864.375	217436.09375	79191.90625	0.209650117248769	0.178461	0.0321	1	ANTKAS0462	2.293394777	2.177777778	3.5	3.27903044	3.925685426	5	4	2016	1
AN_TIE_002	16917	3	187864.375	217436.09375	79191.90625	0.124237106517789	0.167166	0.0248	1	ANTKAS0462	2.293394777	2.177777778	3.5	3.27903044	3.925685426	5	4	2016	1
AN_TIE_002	16917	7	187864.375	217436.09375	79191.90625	0.124237106517789	0.167166	0.0248	1	ANTKAS0462	2.293394777	2.177777778	3.5	3.27903044	3.925685426	5	4	2016	1
AN_TIE_002	16945	3	187864.375	217436.09375	79191.90625	0.100942649045704	0.033885	0.0339	1	ANTKAS0462	2.293394777	2.177777778	3.5	3.27903044	3.925685426	5	4	2016	1
AN_TIE_002	16945	7	187864.375	217436.09375	79191.90625	0.100942649045704	0.033885	0.0339	1	ANTKAS0462	2.293394777	2.177777778	3.5	3.27903044	3.925685426	5	4	2016	1
LI_MLV_014	16603	4	217921.421875	184584.171875	87319.609375	0.0543537341015328	0.228159	0.216	1	LIMZNH0225	2.658831909	2.205035971	2.665280665	2.737819026	3.457439446	5	4	2015	1
LI_MLV_014	16631	4	217921.421875	184584.171875	87319.609375	0.194120478934046	0.038403	0.361	1	LIMZNH0225	2.658831909	2.205035971	2.665280665	2.737819026	3.457439446	5	4	2015	1
LI_MLV_014	16659	4	217921.421875	184584.171875	87319.609375	1.68496575714752	0.058734	0.3369	1	LIMZNH0225	2.658831909	2.205035971	2.665280665	2.737819026	3.457439446	5	4	2015	1
LI_MLV_014	16686	4	217921.421875	184584.171875	87319.609375	0.559066979330051	0.377253	0.1729	1	LIMZNH0225	2.658831909	2.205035971	2.665280665	2.737819026	3.457439446	5	4	2015	1
LI_MLV_014	16721	4	217921.421875	184584.171875	87319.609375	0.279533489665026	0.327555	0.12	1	LIMZNH0225	2.658831909	2.205035971	2.665280665	2.737819026	3.457439446	5	4	2015	1
LI_MLV_014	16748	4	217921.421875	184584.171875	87319.609375	0.264003851350302	0.201051	0.0908	1	LIMZNH0225	2.658831909	2.205035971	2.665280665	2.737819026	3.457439446	5	4	2015	1
LI_MLV_014	16777	4	217921.421875	184584.171875	87319.609375	0.0931778298883419	0.424692	0.084	1	LIMZNH0225	2.658831909	2.205035971	2.665280665	2.737819026	3.457439446	5	4	2015	1
LI_MLV_014	16818	4	217921.421875	184584.171875	87319.609375	0.0388240957868091	0.449541	0.0773	1	LIMZNH0225	2.658831909	2.205035971	2.665280665	2.737819026	3.457439446	5	4	2016	1
LI_MLV_014	16847	4	217921.421875	184584.171875	87319.609375	0.0388240957868091	0.42921	0.0701	1	LIMZNH0225	2.658831909	2.205035971	2.665280665	2.737819026	3.457439446	5	4	2016	1
LI_MLV_014	16875	4	217921.421875	184584.171875	87319.609375	0.248474213035578	0.18072	0.2374	1	LIMZNH0225	2.658831909	2.205035971	2.665280665	2.737819026	3.457439446	5	4	2016	1
LI_MLV_014	16938	4	217921.421875	184584.171875	87319.609375	0.0621185532588946	0.729657	0.187	1	LIMZNH0225	2.658831909	2.205035971	2.665280665	2.737819026	3.457439446	5	4	2016	1
OV_HEI_001	17350	6	120003.5625	189464.484375	1488.05639648438	0.0543537341015328	0.042921	0.403	1	OVLBLE0139	2.151898734	2.206422018	3.346704871	2.993975904	3.870743034	3	2	2017	1
OV_HEI_001	17378	6	120003.5625	189464.484375	1488.05639648438	0.0931778298883419	0.033885	0.232	1	OVLBLE0139	2.151898734	2.206422018	3.346704871	2.993975904	3.870743034	3	2	2017	1
OV_HEI_001	17414	6	120003.5625	189464.484375	1488.05639648438	0.0388240957868091	0.072288	0.1001	1	OVLBLE0139	2.151898734	2.206422018	3.346704871	2.993975904	3.870743034	3	2	2017	1
OV_HEI_001	17477	6	120003.5625	189464.484375	1488.05639648438	0.0776481915736183	0.065511	0.067	1	OVLBLE0139	2.151898734	2.206422018	3.346704871	2.993975904	3.870743034	3	2	2017	1
OV_HEI_001	17505	6	120003.5625	189464.484375	1488.05639648438	0.0388240957868091	0.031626	0.2644	1	OVLBLE0139	2.151898734	2.206422018	3.346704871	2.993975904	3.870743034	3	2	2017	1
OV_HEI_001	17546	6	120003.5625	189464.484375	1488.05639648438	0.178590840619322	0.144576	0.417	1	OVLBLE0139	2.151898734	2.206422018	3.346704871	2.993975904	3.870743034	3	2	2018	1
OV_HEI_001	17568	6	120003.5625	189464.484375	1488.05639648438	0.0388240957868091	0.06777	0.36	1	OVLBLE0139	2.151898734	2.206422018	3.346704871	2.993975904	3.870743034	3	2	2018	1
OV_HEI_001	17617	6	120003.5625	189464.484375	1488.05639648438	0.0388240957868091	0.058734	0.687	1	OVLBLE0139	2.151898734	2.206422018	3.346704871	2.993975904	3.870743034	3	2	2018	1
OV_HEI_001	17665	6	120003.5625	189464.484375	1488.05639648438	0.0388240957868091	0.076806	0.714	1	OVLBLE0139	2.151898734	2.206422018	3.346704871	2.993975904	3.870743034	3	2	2018	1
VB_TOR_003	16965	5	162258.96875	179646.171875	42951.75390625	0.0621185532588946	0.216864	0.0334	1	VBRKAM0021	1.753802281	2.213983051	3.023529412	3.918181818	3.57472119	7	4	2016	1
VB_TOR_003	16980	5	162258.96875	179646.171875	42951.75390625	0.0388240957868091	0.033885	0.02	1	VBRKAM0021	1.753802281	2.213983051	3.023529412	3.918181818	3.57472119	7	4	2016	1
VB_TOR_003	17021	5	162258.96875	179646.171875	42951.75390625	0.0931778298883419	0.04518	0.02	1	VBRKAM0021	1.753802281	2.213983051	3.023529412	3.918181818	3.57472119	7	4	2016	1
VB_TOR_003	17056	5	162258.96875	179646.171875	42951.75390625	0.0621185532588946	0.029367	0.02	1	VBRKAM0021	1.753802281	2.213983051	3.023529412	3.918181818	3.57472119	7	4	2016	1
VB_TOR_003	17084	5	162258.96875	179646.171875	42951.75390625	0.186355659776684	0.076806	0.02	1	VBRKAM0021	1.753802281	2.213983051	3.023529412	3.918181818	3.57472119	7	4	2016	1
VB_TOR_003	17112	5	162258.96875	179646.171875	42951.75390625	0.139766744832513	0.221382	0.02	1	VBRKAM0021	1.753802281	2.213983051	3.023529412	3.918181818	3.57472119	7	4	2016	1
VB_TOR_003	17133	5	162258.96875	179646.171875	42951.75390625	0.209650117248769	0.323037	0.02	1	VBRKAM0021	1.753802281	2.213983051	3.023529412	3.918181818	3.57472119	7	4	2016	1
VB_TOR_003	17168	5	162258.96875	179646.171875	42951.75390625	0.372711319553368	0.192015	0.02	1	VBRKAM0021	1.753802281	2.213983051	3.023529412	3.918181818	3.57472119	7	4	2017	1
VB_TOR_003	17197	5	162258.96875	179646.171875	42951.75390625	0.240709393878217	0.266562	0.02	1	VBRKAM0021	1.753802281	2.213983051	3.023529412	3.918181818	3.57472119	7	4	2017	1
VB_TOR_003	17225	5	162258.96875	179646.171875	42951.75390625	0.0776481915736183	0.24849	0.02	1	VBRKAM0021	1.753802281	2.213983051	3.023529412	3.918181818	3.57472119	7	4	2017	1
VB_TOR_003	17275	5	162258.96875	179646.171875	42951.75390625	0.0543537341015328	0.124245	0.02	1	VBRKAM0021	1.753802281	2.213983051	3.023529412	3.918181818	3.57472119	7	4	2017	1
VB_TOR_003	17295	5	162258.96875	179646.171875	42951.75390625	0.0698833724162564	0.187497	0.02	1	VBRKAM0021	1.753802281	2.213983051	3.023529412	3.918181818	3.57472119	7	4	2017	1
AN_MEL_001	16188	3	191463.609375	220697.828125	275400.125	0.0776481915736183	0.040662	NA	1	ANTTUR0207	2.126105344	2.231818182	3.855978261	2.538978495	2.105652759	5	2	2014	1
AN_MEL_001	16188	4	191463.609375	220697.828125	275400.125	0.0776481915736183	0.040662	NA	1	ANTTUR0207	2.126105344	2.231818182	3.855978261	2.538978495	2.105652759	5	2	2014	1
AN_MEL_001	16188	5	191463.609375	220697.828125	275400.125	0.0776481915736183	0.040662	NA	1	ANTTUR0207	2.126105344	2.231818182	3.855978261	2.538978495	2.105652759	5	2	2014	1
AN_MEL_001	16232	3	191463.609375	220697.828125	275400.125	0.0776481915736183	0.02259	NA	1	ANTTUR0207	2.126105344	2.231818182	3.855978261	2.538978495	2.105652759	5	2	2014	1
AN_MEL_001	16232	4	191463.609375	220697.828125	275400.125	0.0776481915736183	0.02259	NA	1	ANTTUR0207	2.126105344	2.231818182	3.855978261	2.538978495	2.105652759	5	2	2014	1
AN_MEL_001	16232	5	191463.609375	220697.828125	275400.125	0.0776481915736183	0.02259	NA	1	ANTTUR0207	2.126105344	2.231818182	3.855978261	2.538978495	2.105652759	5	2	2014	1
AN_MEL_001	16265	3	191463.609375	220697.828125	275400.125	0.0776481915736183	0.02259	NA	1	ANTTUR0207	2.126105344	2.231818182	3.855978261	2.538978495	2.105652759	5	2	2014	1
AN_MEL_001	16265	4	191463.609375	220697.828125	275400.125	0.0776481915736183	0.02259	NA	1	ANTTUR0207	2.126105344	2.231818182	3.855978261	2.538978495	2.105652759	5	2	2014	1
AN_MEL_001	16265	5	191463.609375	220697.828125	275400.125	0.0776481915736183	0.02259	NA	1	ANTTUR0207	2.126105344	2.231818182	3.855978261	2.538978495	2.105652759	5	2	2014	1
AN_MEL_001	16294	3	191463.609375	220697.828125	275400.125	0.0776481915736183	0.02259	NA	1	ANTTUR0207	2.126105344	2.231818182	3.855978261	2.538978495	2.105652759	5	2	2014	1
AN_MEL_001	16294	4	191463.609375	220697.828125	275400.125	0.0776481915736183	0.02259	NA	1	ANTTUR0207	2.126105344	2.231818182	3.855978261	2.538978495	2.105652759	5	2	2014	1
AN_MEL_001	16294	5	191463.609375	220697.828125	275400.125	0.0776481915736183	0.02259	NA	1	ANTTUR0207	2.126105344	2.231818182	3.855978261	2.538978495	2.105652759	5	2	2014	1
AN_MEL_001	16329	3	191463.609375	220697.828125	275400.125	0.0776481915736183	0.02259	NA	1	ANTTUR0207	2.126105344	2.231818182	3.855978261	2.538978495	2.105652759	5	2	2014	1
AN_MEL_001	16329	4	191463.609375	220697.828125	275400.125	0.0776481915736183	0.02259	NA	1	ANTTUR0207	2.126105344	2.231818182	3.855978261	2.538978495	2.105652759	5	2	2014	1
AN_MEL_001	16329	5	191463.609375	220697.828125	275400.125	0.0776481915736183	0.02259	NA	1	ANTTUR0207	2.126105344	2.231818182	3.855978261	2.538978495	2.105652759	5	2	2014	1
AN_MEL_001	16363	3	191463.609375	220697.828125	275400.125	0.0776481915736183	0.106173	NA	1	ANTTUR0207	2.126105344	2.231818182	3.855978261	2.538978495	2.105652759	5	2	2014	1
AN_MEL_001	16363	4	191463.609375	220697.828125	275400.125	0.0776481915736183	0.106173	NA	1	ANTTUR0207	2.126105344	2.231818182	3.855978261	2.538978495	2.105652759	5	2	2014	1
AN_MEL_001	16363	5	191463.609375	220697.828125	275400.125	0.0776481915736183	0.106173	NA	1	ANTTUR0207	2.126105344	2.231818182	3.855978261	2.538978495	2.105652759	5	2	2014	1
LI_ABH_011	16588	7	196032.53125	193529.21875	14473.166015625	0.0465889149441709	0.040662	0.0638	1	LIMTES0026	1.902061856	2.233974359	3.969117647	3.97826087	3.056547619	5	2	2015	1
LI_ABH_011	16616	7	196032.53125	193529.21875	14473.166015625	0.0388240957868091	0.049698	0.0471	1	LIMTES0026	1.902061856	2.233974359	3.969117647	3.97826087	3.056547619	5	2	2015	1
LI_ABH_011	16644	7	196032.53125	193529.21875	14473.166015625	0.0465889149441709	0.054216	0.21	1	LIMTES0026	1.902061856	2.233974359	3.969117647	3.97826087	3.056547619	5	2	2015	1
LI_ABH_011	16672	7	196032.53125	193529.21875	14473.166015625	0.0465889149441709	0.04518	0.1515	1	LIMTES0026	1.902061856	2.233974359	3.969117647	3.97826087	3.056547619	5	2	2015	1
LI_ABH_011	16700	7	196032.53125	193529.21875	14473.166015625	0.0388240957868091	0.029367	0.1238	1	LIMTES0026	1.902061856	2.233974359	3.969117647	3.97826087	3.056547619	5	2	2015	1
LI_ABH_011	16735	7	196032.53125	193529.21875	14473.166015625	0.0388240957868091	0.036144	0.07	1	LIMTES0026	1.902061856	2.233974359	3.969117647	3.97826087	3.056547619	5	2	2015	1
LI_ABH_011	16763	7	196032.53125	193529.21875	14473.166015625	0.108707468203066	0.058734	0.067	1	LIMTES0026	1.902061856	2.233974359	3.969117647	3.97826087	3.056547619	5	2	2015	1
LI_ABH_011	16804	7	196032.53125	193529.21875	14473.166015625	0.0388240957868091	0.033885	0.0538	1	LIMTES0026	1.902061856	2.233974359	3.969117647	3.97826087	3.056547619	5	2	2016	1
LI_ABH_011	16833	7	196032.53125	193529.21875	14473.166015625	0.0931778298883419	0.11295	0.053	1	LIMTES0026	1.902061856	2.233974359	3.969117647	3.97826087	3.056547619	5	2	2016	1
LI_ABH_011	16860	7	196032.53125	193529.21875	14473.166015625	0.0388240957868091	0.029367	0.0445	1	LIMTES0026	1.902061856	2.233974359	3.969117647	3.97826087	3.056547619	5	2	2016	1
LI_ABH_011	16895	7	196032.53125	193529.21875	14473.166015625	0.116472287360427	0.137799	0.0362	1	LIMTES0026	1.902061856	2.233974359	3.969117647	3.97826087	3.056547619	5	2	2016	1
LI_ABH_011	16923	7	196032.53125	193529.21875	14473.166015625	0.0465889149441709	0.092619	0.0364	1	LIMTES0026	1.902061856	2.233974359	3.969117647	3.97826087	3.056547619	5	2	2016	1
AN_VVM_005	17329	4	185899.015625	234175.09375	951.361450195312	0.0388240957868091	0.070029	0.0483	1	ANTBAA0044	3.162393162	2.24137931	3.604316547	3.027546778	2.931786217	5	2	2017	1
AN_VVM_005	17351	4	185899.015625	234175.09375	951.361450195312	0.0388240957868091	0.047439	0.1334	1	ANTBAA0044	3.162393162	2.24137931	3.604316547	3.027546778	2.931786217	5	2	2017	1
AN_VVM_005	17378	4	185899.015625	234175.09375	951.361450195312	0.124237106517789	0.031626	0.12	1	ANTBAA0044	3.162393162	2.24137931	3.604316547	3.027546778	2.931786217	5	2	2017	1
AN_VVM_005	17435	4	185899.015625	234175.09375	951.361450195312	0.0388240957868091	0.031626	0.051	1	ANTBAA0044	3.162393162	2.24137931	3.604316547	3.027546778	2.931786217	5	2	2017	1
AN_VVM_005	17455	4	185899.015625	234175.09375	951.361450195312	0.0543537341015328	0.06777	0.0292	1	ANTBAA0044	3.162393162	2.24137931	3.604316547	3.027546778	2.931786217	5	2	2017	1
AN_VVM_005	17491	4	185899.015625	234175.09375	951.361450195312	0.0388240957868091	0.033885	0.02	1	ANTBAA0044	3.162393162	2.24137931	3.604316547	3.027546778	2.931786217	5	2	2017	1
AN_VVM_005	17511	4	185899.015625	234175.09375	951.361450195312	0.116472287360427	0.051957	0.0354	1	ANTBAA0044	3.162393162	2.24137931	3.604316547	3.027546778	2.931786217	5	2	2017	1
AN_VVM_005	17540	4	185899.015625	234175.09375	951.361450195312	0.0388240957868091	0.04518	0.0383	1	ANTBAA0044	3.162393162	2.24137931	3.604316547	3.027546778	2.931786217	5	2	2018	1
AN_VVM_005	17561	4	185899.015625	234175.09375	951.361450195312	0.0388240957868091	0.029367	0.02	1	ANTBAA0044	3.162393162	2.24137931	3.604316547	3.027546778	2.931786217	5	2	2018	1
AN_VVM_005	17596	4	185899.015625	234175.09375	951.361450195312	0.0388240957868091	0.140058	0.04	1	ANTBAA0044	3.162393162	2.24137931	3.604316547	3.027546778	2.931786217	5	2	2018	1
AN_VVM_005	17630	4	185899.015625	234175.09375	951.361450195312	0.0543537341015328	0.049698	0.032	1	ANTBAA0044	3.162393162	2.24137931	3.604316547	3.027546778	2.931786217	5	2	2018	1
AN_VVM_005	17666	4	185899.015625	234175.09375	951.361450195312	0.0388240957868091	0.056475	0.0751	1	ANTBAA0044	3.162393162	2.24137931	3.604316547	3.027546778	2.931786217	5	2	2018	1
LI_TEU_007	17343	3	224668.5	188738.34375	6838.12353515625	0.0388240957868091	0.083583	0.02	1	LIMZNH0374	2.01635514	2.2470726	3.058884298	2.565391459	2.684139785	5	4	2017	1
LI_TEU_007	17343	7	224668.5	188738.34375	6838.12353515625	0.0388240957868091	0.083583	0.02	1	LIMZNH0374	2.01635514	2.2470726	3.058884298	2.565391459	2.684139785	5	4	2017	1
LI_TEU_007	17371	3	224668.5	188738.34375	6838.12353515625	0.0465889149441709	0.040662	0.02	1	LIMZNH0374	2.01635514	2.2470726	3.058884298	2.565391459	2.684139785	5	4	2017	1
LI_TEU_007	17371	7	224668.5	188738.34375	6838.12353515625	0.0465889149441709	0.040662	0.02	1	LIMZNH0374	2.01635514	2.2470726	3.058884298	2.565391459	2.684139785	5	4	2017	1
LI_TEU_007	17385	3	224668.5	188738.34375	6838.12353515625	0.0621185532588946	0.056475	0.02	1	LIMZNH0374	2.01635514	2.2470726	3.058884298	2.565391459	2.684139785	5	4	2017	1
LI_TEU_007	17385	7	224668.5	188738.34375	6838.12353515625	0.0621185532588946	0.056475	0.02	1	LIMZNH0374	2.01635514	2.2470726	3.058884298	2.565391459	2.684139785	5	4	2017	1
LI_TEU_007	17413	3	224668.5	188738.34375	6838.12353515625	0.0388240957868091	0.038403	0.02	1	LIMZNH0374	2.01635514	2.2470726	3.058884298	2.565391459	2.684139785	5	4	2017	1
LI_TEU_007	17413	7	224668.5	188738.34375	6838.12353515625	0.0388240957868091	0.038403	0.02	1	LIMZNH0374	2.01635514	2.2470726	3.058884298	2.565391459	2.684139785	5	4	2017	1
LI_TEU_007	17441	3	224668.5	188738.34375	6838.12353515625	0.0388240957868091	0.049698	0.02	1	LIMZNH0374	2.01635514	2.2470726	3.058884298	2.565391459	2.684139785	5	4	2017	1
LI_TEU_007	17441	7	224668.5	188738.34375	6838.12353515625	0.0388240957868091	0.049698	0.02	1	LIMZNH0374	2.01635514	2.2470726	3.058884298	2.565391459	2.684139785	5	4	2017	1
LI_TEU_007	17476	3	224668.5	188738.34375	6838.12353515625	0.0388240957868091	0.042921	0.02	1	LIMZNH0374	2.01635514	2.2470726	3.058884298	2.565391459	2.684139785	5	4	2017	1
LI_TEU_007	17476	7	224668.5	188738.34375	6838.12353515625	0.0388240957868091	0.042921	0.02	1	LIMZNH0374	2.01635514	2.2470726	3.058884298	2.565391459	2.684139785	5	4	2017	1
LI_TEU_007	17539	3	224668.5	188738.34375	6838.12353515625	0.0388240957868091	0.144576	0.02	1	LIMZNH0374	2.01635514	2.2470726	3.058884298	2.565391459	2.684139785	5	4	2018	1
LI_TEU_007	17539	7	224668.5	188738.34375	6838.12353515625	0.0388240957868091	0.144576	0.02	1	LIMZNH0374	2.01635514	2.2470726	3.058884298	2.565391459	2.684139785	5	4	2018	1
LI_TEU_007	17574	3	224668.5	188738.34375	6838.12353515625	0.0621185532588946	0.194274	0.02	1	LIMZNH0374	2.01635514	2.2470726	3.058884298	2.565391459	2.684139785	5	4	2018	1
LI_TEU_007	17574	7	224668.5	188738.34375	6838.12353515625	0.0621185532588946	0.194274	0.02	1	LIMZNH0374	2.01635514	2.2470726	3.058884298	2.565391459	2.684139785	5	4	2018	1
LI_TEU_007	17595	3	224668.5	188738.34375	6838.12353515625	0.0465889149441709	0.121986	0.02	1	LIMZNH0374	2.01635514	2.2470726	3.058884298	2.565391459	2.684139785	5	4	2018	1
LI_TEU_007	17595	7	224668.5	188738.34375	6838.12353515625	0.0465889149441709	0.121986	0.02	1	LIMZNH0374	2.01635514	2.2470726	3.058884298	2.565391459	2.684139785	5	4	2018	1
LI_TEU_007	17637	3	224668.5	188738.34375	6838.12353515625	0.0388240957868091	0.056475	0.02	1	LIMZNH0374	2.01635514	2.2470726	3.058884298	2.565391459	2.684139785	5	4	2018	1
LI_TEU_007	17637	7	224668.5	188738.34375	6838.12353515625	0.0388240957868091	0.056475	0.02	1	LIMZNH0374	2.01635514	2.2470726	3.058884298	2.565391459	2.684139785	5	4	2018	1
LI_TEU_007	17665	3	224668.5	188738.34375	6838.12353515625	0.0388240957868091	0.038403	0.02	1	LIMZNH0374	2.01635514	2.2470726	3.058884298	2.565391459	2.684139785	5	4	2018	1
LI_TEU_007	17665	7	224668.5	188738.34375	6838.12353515625	0.0388240957868091	0.038403	0.02	1	LIMZNH0374	2.01635514	2.2470726	3.058884298	2.565391459	2.684139785	5	4	2018	1
LI_SBB_003	16587	6	222211.453125	186773.921875	25578.427734375	0.0388240957868091	0.031626	0.0784	1	LIMZNH0507	2.547715054	2.247619048	2.998670213	3.145659929	3.542586751	5	4	2015	1
LI_SBB_003	16615	6	222211.453125	186773.921875	25578.427734375	0.0465889149441709	0.088101	0.1172	1	LIMZNH0507	2.547715054	2.247619048	2.998670213	3.145659929	3.542586751	5	4	2015	1
LI_SBB_003	16643	6	222211.453125	186773.921875	25578.427734375	0.0621185532588946	0.04518	0.078	1	LIMZNH0507	2.547715054	2.247619048	2.998670213	3.145659929	3.542586751	5	4	2015	1
LI_SBB_003	16672	6	222211.453125	186773.921875	25578.427734375	0.0621185532588946	0.042921	0.1687	1	LIMZNH0507	2.547715054	2.247619048	2.998670213	3.145659929	3.542586751	5	4	2015	1
LI_SBB_003	16698	6	222211.453125	186773.921875	25578.427734375	0.0388240957868091	0.02259	0.1104	1	LIMZNH0507	2.547715054	2.247619048	2.998670213	3.145659929	3.542586751	5	4	2015	1
LI_SBB_003	16734	6	222211.453125	186773.921875	25578.427734375	0.0388240957868091	0.04518	0.17	1	LIMZNH0507	2.547715054	2.247619048	2.998670213	3.145659929	3.542586751	5	4	2015	1
LI_SBB_003	16840	6	222211.453125	186773.921875	25578.427734375	0.194120478934046	0.356922	0.0971	1	LIMZNH0507	2.547715054	2.247619048	2.998670213	3.145659929	3.542586751	5	4	2016	1
LI_SBB_003	16868	6	222211.453125	186773.921875	25578.427734375	0.116472287360427	0.309483	0.0864	1	LIMZNH0507	2.547715054	2.247619048	2.998670213	3.145659929	3.542586751	5	4	2016	1
LI_SBB_003	16916	6	222211.453125	186773.921875	25578.427734375	0.0388240957868091	0.02259	0.0836	1	LIMZNH0507	2.547715054	2.247619048	2.998670213	3.145659929	3.542586751	5	4	2016	1
LI_SBB_003	16945	6	222211.453125	186773.921875	25578.427734375	0.0388240957868091	0.029367	0.1268	1	LIMZNH0507	2.547715054	2.247619048	2.998670213	3.145659929	3.542586751	5	4	2016	1
LI_MLV_013	16603	3	218508.15625	184778.0625	39061.81640625	0.100942649045704	0.051957	0.28	1	LIMZNH0432	2.06702544	2.254208754	2.536956522	2.487931034	2.838574423	5	4	2015	1
LI_MLV_013	16603	4	218508.15625	184778.0625	39061.81640625	0.100942649045704	0.051957	0.28	1	LIMZNH0432	2.06702544	2.254208754	2.536956522	2.487931034	2.838574423	5	4	2015	1
LI_MLV_013	16631	3	218508.15625	184778.0625	39061.81640625	0.0465889149441709	2.943477	0.319	1	LIMZNH0432	2.06702544	2.254208754	2.536956522	2.487931034	2.838574423	5	4	2015	1
LI_MLV_013	16631	4	218508.15625	184778.0625	39061.81640625	0.0465889149441709	2.943477	0.319	1	LIMZNH0432	2.06702544	2.254208754	2.536956522	2.487931034	2.838574423	5	4	2015	1
LI_MLV_013	16659	3	218508.15625	184778.0625	39061.81640625	0.0776481915736183	0.065511	0.5185	1	LIMZNH0432	2.06702544	2.254208754	2.536956522	2.487931034	2.838574423	5	4	2015	1
LI_MLV_013	16659	4	218508.15625	184778.0625	39061.81640625	0.0776481915736183	0.065511	0.5185	1	LIMZNH0432	2.06702544	2.254208754	2.536956522	2.487931034	2.838574423	5	4	2015	1
LI_MLV_013	16686	3	218508.15625	184778.0625	39061.81640625	0.0543537341015328	0.079065	1.27	1	LIMZNH0432	2.06702544	2.254208754	2.536956522	2.487931034	2.838574423	5	4	2015	1
LI_MLV_013	16686	4	218508.15625	184778.0625	39061.81640625	0.0543537341015328	0.079065	1.27	1	LIMZNH0432	2.06702544	2.254208754	2.536956522	2.487931034	2.838574423	5	4	2015	1
LI_MLV_013	16721	3	218508.15625	184778.0625	39061.81640625	0.0543537341015328	0.155871	0.29	1	LIMZNH0432	2.06702544	2.254208754	2.536956522	2.487931034	2.838574423	5	4	2015	1
LI_MLV_013	16721	4	218508.15625	184778.0625	39061.81640625	0.0543537341015328	0.155871	0.29	1	LIMZNH0432	2.06702544	2.254208754	2.536956522	2.487931034	2.838574423	5	4	2015	1
LI_MLV_013	16748	3	218508.15625	184778.0625	39061.81640625	0.0388240957868091	0.047439	0.3012	1	LIMZNH0432	2.06702544	2.254208754	2.536956522	2.487931034	2.838574423	5	4	2015	1
LI_MLV_013	16748	4	218508.15625	184778.0625	39061.81640625	0.0388240957868091	0.047439	0.3012	1	LIMZNH0432	2.06702544	2.254208754	2.536956522	2.487931034	2.838574423	5	4	2015	1
LI_MLV_013	16777	3	218508.15625	184778.0625	39061.81640625	0.0931778298883419	0.20331	0.118	1	LIMZNH0432	2.06702544	2.254208754	2.536956522	2.487931034	2.838574423	5	4	2015	1
LI_MLV_013	16777	4	218508.15625	184778.0625	39061.81640625	0.0931778298883419	0.20331	0.118	1	LIMZNH0432	2.06702544	2.254208754	2.536956522	2.487931034	2.838574423	5	4	2015	1
LI_MLV_013	16818	3	218508.15625	184778.0625	39061.81640625	0.0543537341015328	0.438246	0.1248	1	LIMZNH0432	2.06702544	2.254208754	2.536956522	2.487931034	2.838574423	5	4	2016	1
LI_MLV_013	16818	4	218508.15625	184778.0625	39061.81640625	0.0543537341015328	0.438246	0.1248	1	LIMZNH0432	2.06702544	2.254208754	2.536956522	2.487931034	2.838574423	5	4	2016	1
LI_MLV_013	16847	3	218508.15625	184778.0625	39061.81640625	0.396005777025453	0.291411	0.1657	1	LIMZNH0432	2.06702544	2.254208754	2.536956522	2.487931034	2.838574423	5	4	2016	1
LI_MLV_013	16847	4	218508.15625	184778.0625	39061.81640625	0.396005777025453	0.291411	0.1657	1	LIMZNH0432	2.06702544	2.254208754	2.536956522	2.487931034	2.838574423	5	4	2016	1
LI_MLV_013	16875	3	218508.15625	184778.0625	39061.81640625	0.0465889149441709	0.668664	0.0577	1	LIMZNH0432	2.06702544	2.254208754	2.536956522	2.487931034	2.838574423	5	4	2016	1
LI_MLV_013	16875	4	218508.15625	184778.0625	39061.81640625	0.0465889149441709	0.668664	0.0577	1	LIMZNH0432	2.06702544	2.254208754	2.536956522	2.487931034	2.838574423	5	4	2016	1
LI_MLV_013	16910	3	218508.15625	184778.0625	39061.81640625	0.0388240957868091	0.02259	0.0413	1	LIMZNH0432	2.06702544	2.254208754	2.536956522	2.487931034	2.838574423	5	4	2016	1
LI_MLV_013	16910	4	218508.15625	184778.0625	39061.81640625	0.0388240957868091	0.02259	0.0413	1	LIMZNH0432	2.06702544	2.254208754	2.536956522	2.487931034	2.838574423	5	4	2016	1
LI_MLV_013	16938	3	218508.15625	184778.0625	39061.81640625	0.0698833724162564	0.027108	0.0673	1	LIMZNH0432	2.06702544	2.254208754	2.536956522	2.487931034	2.838574423	5	4	2016	1
LI_MLV_013	16938	4	218508.15625	184778.0625	39061.81640625	0.0698833724162564	0.027108	0.0673	1	LIMZNH0432	2.06702544	2.254208754	2.536956522	2.487931034	2.838574423	5	4	2016	1
VB_VIE_001	16195	3	192672.375	189782.375	500.169952392578	0.0776481915736183	0.031626	NA	1	VBRSZI0235	2.105769231	2.255813953	3.992063492	3.942929293	3.579178886	5	2	2014	1
VB_VIE_001	16231	3	192672.375	189782.375	500.169952392578	0.0776481915736183	0.054216	NA	1	VBRSZI0235	2.105769231	2.255813953	3.992063492	3.942929293	3.579178886	5	2	2014	1
VB_VIE_001	16259	3	192672.375	189782.375	500.169952392578	0.0776481915736183	0.02259	NA	1	VBRSZI0235	2.105769231	2.255813953	3.992063492	3.942929293	3.579178886	5	2	2014	1
VB_VIE_001	16294	3	192672.375	189782.375	500.169952392578	0.0776481915736183	0.02259	NA	1	VBRSZI0235	2.105769231	2.255813953	3.992063492	3.942929293	3.579178886	5	2	2014	1
VB_VIE_001	16329	3	192672.375	189782.375	500.169952392578	0.0776481915736183	0.02259	NA	1	VBRSZI0235	2.105769231	2.255813953	3.992063492	3.942929293	3.579178886	5	2	2014	1
VB_VIE_001	16370	3	192672.375	189782.375	500.169952392578	0.0776481915736183	0.02259	NA	1	VBRSZI0235	2.105769231	2.255813953	3.992063492	3.942929293	3.579178886	5	2	2014	1
LI_MAT_017	17343	4	226608.515625	183162.875	19776.498046875	0.0388240957868091	0.049698	0.068	1	LIMGNK0180	1.567080745	2.285714286	3.766743649	3.306432039	2.04770017	5	4	2017	1
LI_MAT_017	17371	4	226608.515625	183162.875	19776.498046875	0.0388240957868091	0.063252	0.051	1	LIMGNK0180	1.567080745	2.285714286	3.766743649	3.306432039	2.04770017	5	4	2017	1
LI_MAT_017	17385	4	226608.515625	183162.875	19776.498046875	0.0854130107309801	0.031626	0.045	1	LIMGNK0180	1.567080745	2.285714286	3.766743649	3.306432039	2.04770017	5	4	2017	1
LI_MAT_017	17413	4	226608.515625	183162.875	19776.498046875	0.0388240957868091	0.027108	0.0502	1	LIMGNK0180	1.567080745	2.285714286	3.766743649	3.306432039	2.04770017	5	4	2017	1
LI_MAT_017	17441	4	226608.515625	183162.875	19776.498046875	0.0388240957868091	0.031626	0.037	1	LIMGNK0180	1.567080745	2.285714286	3.766743649	3.306432039	2.04770017	5	4	2017	1
LI_MAT_017	17476	4	226608.515625	183162.875	19776.498046875	0.0388240957868091	0.029367	0.025	1	LIMGNK0180	1.567080745	2.285714286	3.766743649	3.306432039	2.04770017	5	4	2017	1
LI_MAT_017	17539	4	226608.515625	183162.875	19776.498046875	0.139766744832513	0.092619	0.1161	1	LIMGNK0180	1.567080745	2.285714286	3.766743649	3.306432039	2.04770017	5	4	2018	1
LI_MAT_017	17574	4	226608.515625	183162.875	19776.498046875	0.0698833724162564	0.074547	0.0408	1	LIMGNK0180	1.567080745	2.285714286	3.766743649	3.306432039	2.04770017	5	4	2018	1
LI_MAT_017	17595	4	226608.515625	183162.875	19776.498046875	0.139766744832513	0.06777	0.053	1	LIMGNK0180	1.567080745	2.285714286	3.766743649	3.306432039	2.04770017	5	4	2018	1
LI_MAT_017	17637	4	226608.515625	183162.875	19776.498046875	0.0388240957868091	0.038403	0.0342	1	LIMGNK0180	1.567080745	2.285714286	3.766743649	3.306432039	2.04770017	5	4	2018	1
LI_MAT_017	17665	4	226608.515625	183162.875	19776.498046875	0.0388240957868091	0.033885	0.0512	1	LIMGNK0180	1.567080745	2.285714286	3.766743649	3.306432039	2.04770017	5	4	2018	1
LI_MAT_016	17343	4	226597.078125	183362.765625	18914.3359375	0.0388240957868091	0.056475	0.402	1	LIMGNK0081	1.883435583	2.287272727	2.903846154	3.197164948	2.810067462	5	4	2017	1
LI_MAT_016	17371	4	226597.078125	183362.765625	18914.3359375	0.0388240957868091	0.031626	0.307	1	LIMGNK0081	1.883435583	2.287272727	2.903846154	3.197164948	2.810067462	5	4	2017	1
LI_MAT_016	17385	4	226597.078125	183362.765625	18914.3359375	0.100942649045704	0.036144	0.193	1	LIMGNK0081	1.883435583	2.287272727	2.903846154	3.197164948	2.810067462	5	4	2017	1
LI_MAT_016	17413	4	226597.078125	183362.765625	18914.3359375	0.0465889149441709	0.04518	0.1824	1	LIMGNK0081	1.883435583	2.287272727	2.903846154	3.197164948	2.810067462	5	4	2017	1
LI_MAT_016	17441	4	226597.078125	183362.765625	18914.3359375	0.0621185532588946	0.04518	0.124	1	LIMGNK0081	1.883435583	2.287272727	2.903846154	3.197164948	2.810067462	5	4	2017	1
LI_MAT_016	17476	4	226597.078125	183362.765625	18914.3359375	0.0388240957868091	0.042921	0.223	1	LIMGNK0081	1.883435583	2.287272727	2.903846154	3.197164948	2.810067462	5	4	2017	1
LI_MAT_016	17539	4	226597.078125	183362.765625	18914.3359375	0.364946500396006	0.15813	0.0932	1	LIMGNK0081	1.883435583	2.287272727	2.903846154	3.197164948	2.810067462	5	4	2018	1
LI_MAT_016	17574	4	226597.078125	183362.765625	18914.3359375	0.302827947137111	0.126504	0.1052	1	LIMGNK0081	1.883435583	2.287272727	2.903846154	3.197164948	2.810067462	5	4	2018	1
LI_MAT_016	17595	4	226597.078125	183362.765625	18914.3359375	0.217414936406131	0.056475	0.101	1	LIMGNK0081	1.883435583	2.287272727	2.903846154	3.197164948	2.810067462	5	4	2018	1
LI_MAT_016	17637	4	226597.078125	183362.765625	18914.3359375	0.0388240957868091	0.063252	0.0943	1	LIMGNK0081	1.883435583	2.287272727	2.903846154	3.197164948	2.810067462	5	4	2018	1
LI_MAT_016	17665	4	226597.078125	183362.765625	18914.3359375	0.0388240957868091	0.024849	0.0945	1	LIMGNK0081	1.883435583	2.287272727	2.903846154	3.197164948	2.810067462	5	4	2018	1
LI_WIK_004	16601	7	224671.65625	184978.265625	29332.9375	0.0543537341015328	0.047439	0.038	1	LIMGNK0066	2.50596817	2.287878788	2.08356546	2.851102941	2.869538462	5	4	2015	1
LI_WIK_004	16629	7	224671.65625	184978.265625	29332.9375	0.0388240957868091	0.04518	0.063	1	LIMGNK0066	2.50596817	2.287878788	2.08356546	2.851102941	2.869538462	5	4	2015	1
LI_WIK_004	16657	7	224671.65625	184978.265625	29332.9375	0.0465889149441709	0.049698	0.066	1	LIMGNK0066	2.50596817	2.287878788	2.08356546	2.851102941	2.869538462	5	4	2015	1
LI_WIK_004	16685	7	224671.65625	184978.265625	29332.9375	0.0388240957868091	0.051957	0.0545	1	LIMGNK0066	2.50596817	2.287878788	2.08356546	2.851102941	2.869538462	5	4	2015	1
LI_WIK_004	16721	7	224671.65625	184978.265625	29332.9375	0.0388240957868091	0.036144	0.05	1	LIMGNK0066	2.50596817	2.287878788	2.08356546	2.851102941	2.869538462	5	4	2015	1
LI_WIK_004	16748	7	224671.65625	184978.265625	29332.9375	0.0388240957868091	0.02259	0.0477	1	LIMGNK0066	2.50596817	2.287878788	2.08356546	2.851102941	2.869538462	5	4	2015	1
LI_WIK_004	16776	7	224671.65625	184978.265625	29332.9375	0.0388240957868091	0.02259	0.044	1	LIMGNK0066	2.50596817	2.287878788	2.08356546	2.851102941	2.869538462	5	4	2015	1
LI_WIK_004	16847	7	224671.65625	184978.265625	29332.9375	0.0388240957868091	0.085842	0.0468	1	LIMGNK0066	2.50596817	2.287878788	2.08356546	2.851102941	2.869538462	5	4	2016	1
LI_WIK_004	16874	7	224671.65625	184978.265625	29332.9375	0.0388240957868091	0.038403	0.045	1	LIMGNK0066	2.50596817	2.287878788	2.08356546	2.851102941	2.869538462	5	4	2016	1
LI_WIK_004	16909	7	224671.65625	184978.265625	29332.9375	0.0388240957868091	0.02259	0.0425	1	LIMGNK0066	2.50596817	2.287878788	2.08356546	2.851102941	2.869538462	5	4	2016	1
LI_WIK_004	16939	7	224671.65625	184978.265625	29332.9375	0.0388240957868091	0.033885	0.0585	1	LIMGNK0066	2.50596817	2.287878788	2.08356546	2.851102941	2.869538462	5	4	2016	1
LI_VZB_003	16196	3	220475.6875	197932.859375	NA	0.0776481915736183	0.02259	NA	1	LIMHHE0002	1.420571429	2.298969072	2.45034642	1.053406224	3.149440421	5	2	2014	1
LI_VZB_003	16196	7	220475.6875	197932.859375	NA	0.0776481915736183	0.02259	NA	1	LIMHHE0002	1.420571429	2.298969072	2.45034642	1.053406224	3.149440421	5	2	2014	1
LI_VZB_003	16196	3	220475.6875	197932.859375	22802.41015625	0.0776481915736183	0.02259	NA	1	LIMHHE0002	1.420571429	2.298969072	2.45034642	1.053406224	3.149440421	5	2	2014	1
LI_VZB_003	16196	7	220475.6875	197932.859375	22802.41015625	0.0776481915736183	0.02259	NA	1	LIMHHE0002	1.420571429	2.298969072	2.45034642	1.053406224	3.149440421	5	2	2014	1
LI_VZB_003	16237	3	220475.6875	197932.859375	NA	0.0776481915736183	0.085842	NA	1	LIMHHE0002	1.420571429	2.298969072	2.45034642	1.053406224	3.149440421	5	2	2014	1
LI_VZB_003	16237	7	220475.6875	197932.859375	NA	0.0776481915736183	0.085842	NA	1	LIMHHE0002	1.420571429	2.298969072	2.45034642	1.053406224	3.149440421	5	2	2014	1
LI_VZB_003	16237	3	220475.6875	197932.859375	22802.41015625	0.0776481915736183	0.085842	NA	1	LIMHHE0002	1.420571429	2.298969072	2.45034642	1.053406224	3.149440421	5	2	2014	1
LI_VZB_003	16237	7	220475.6875	197932.859375	22802.41015625	0.0776481915736183	0.085842	NA	1	LIMHHE0002	1.420571429	2.298969072	2.45034642	1.053406224	3.149440421	5	2	2014	1
LI_VZB_003	16265	3	220475.6875	197932.859375	NA	0.0776481915736183	0.02259	NA	1	LIMHHE0002	1.420571429	2.298969072	2.45034642	1.053406224	3.149440421	5	2	2014	1
LI_VZB_003	16265	7	220475.6875	197932.859375	NA	0.0776481915736183	0.02259	NA	1	LIMHHE0002	1.420571429	2.298969072	2.45034642	1.053406224	3.149440421	5	2	2014	1
LI_VZB_003	16265	3	220475.6875	197932.859375	22802.41015625	0.0776481915736183	0.02259	NA	1	LIMHHE0002	1.420571429	2.298969072	2.45034642	1.053406224	3.149440421	5	2	2014	1
LI_VZB_003	16265	7	220475.6875	197932.859375	22802.41015625	0.0776481915736183	0.02259	NA	1	LIMHHE0002	1.420571429	2.298969072	2.45034642	1.053406224	3.149440421	5	2	2014	1
LI_VZB_003	16301	3	220475.6875	197932.859375	NA	0.0776481915736183	0.063252	NA	1	LIMHHE0002	1.420571429	2.298969072	2.45034642	1.053406224	3.149440421	5	2	2014	1
LI_VZB_003	16301	7	220475.6875	197932.859375	NA	0.0776481915736183	0.063252	NA	1	LIMHHE0002	1.420571429	2.298969072	2.45034642	1.053406224	3.149440421	5	2	2014	1
LI_VZB_003	16301	3	220475.6875	197932.859375	22802.41015625	0.0776481915736183	0.063252	NA	1	LIMHHE0002	1.420571429	2.298969072	2.45034642	1.053406224	3.149440421	5	2	2014	1
LI_VZB_003	16301	7	220475.6875	197932.859375	22802.41015625	0.0776481915736183	0.063252	NA	1	LIMHHE0002	1.420571429	2.298969072	2.45034642	1.053406224	3.149440421	5	2	2014	1
LI_VZB_003	16336	3	220475.6875	197932.859375	NA	1.99555852344199	0.047439	NA	1	LIMHHE0002	1.420571429	2.298969072	2.45034642	1.053406224	3.149440421	5	2	2014	1
LI_VZB_003	16336	7	220475.6875	197932.859375	NA	1.99555852344199	0.047439	NA	1	LIMHHE0002	1.420571429	2.298969072	2.45034642	1.053406224	3.149440421	5	2	2014	1
LI_VZB_003	16336	3	220475.6875	197932.859375	22802.41015625	1.99555852344199	0.047439	NA	1	LIMHHE0002	1.420571429	2.298969072	2.45034642	1.053406224	3.149440421	5	2	2014	1
LI_VZB_003	16336	7	220475.6875	197932.859375	22802.41015625	1.99555852344199	0.047439	NA	1	LIMHHE0002	1.420571429	2.298969072	2.45034642	1.053406224	3.149440421	5	2	2014	1
LI_VZB_003	16378	3	220475.6875	197932.859375	NA	0.846365288152439	0.076806	NA	1	LIMHHE0002	1.420571429	2.298969072	2.45034642	1.053406224	3.149440421	5	2	2014	1
LI_VZB_003	16378	7	220475.6875	197932.859375	NA	0.846365288152439	0.076806	NA	1	LIMHHE0002	1.420571429	2.298969072	2.45034642	1.053406224	3.149440421	5	2	2014	1
LI_VZB_003	16378	3	220475.6875	197932.859375	22802.41015625	0.846365288152439	0.076806	NA	1	LIMHHE0002	1.420571429	2.298969072	2.45034642	1.053406224	3.149440421	5	2	2014	1
LI_VZB_003	16378	7	220475.6875	197932.859375	22802.41015625	0.846365288152439	0.076806	NA	1	LIMHHE0002	1.420571429	2.298969072	2.45034642	1.053406224	3.149440421	5	2	2014	1
LI_VZB_003	16608	3	220475.6875	197932.859375	NA	0.147531563989875	0.359181	0.027	1	LIMHHE0002	1.420571429	2.298969072	2.45034642	1.053406224	3.149440421	5	2	2015	1
LI_VZB_003	16608	7	220475.6875	197932.859375	NA	0.147531563989875	0.359181	0.027	1	LIMHHE0002	1.420571429	2.298969072	2.45034642	1.053406224	3.149440421	5	2	2015	1
LI_VZB_003	16608	3	220475.6875	197932.859375	22802.41015625	0.147531563989875	0.359181	0.027	1	LIMHHE0002	1.420571429	2.298969072	2.45034642	1.053406224	3.149440421	5	2	2015	1
LI_VZB_003	16608	7	220475.6875	197932.859375	22802.41015625	0.147531563989875	0.359181	0.027	1	LIMHHE0002	1.420571429	2.298969072	2.45034642	1.053406224	3.149440421	5	2	2015	1
LI_VZB_003	16636	3	220475.6875	197932.859375	NA	0.0465889149441709	0.354663	0.022	1	LIMHHE0002	1.420571429	2.298969072	2.45034642	1.053406224	3.149440421	5	2	2015	1
LI_VZB_003	16636	7	220475.6875	197932.859375	NA	0.0465889149441709	0.354663	0.022	1	LIMHHE0002	1.420571429	2.298969072	2.45034642	1.053406224	3.149440421	5	2	2015	1
LI_VZB_003	16636	3	220475.6875	197932.859375	22802.41015625	0.0465889149441709	0.354663	0.022	1	LIMHHE0002	1.420571429	2.298969072	2.45034642	1.053406224	3.149440421	5	2	2015	1
LI_VZB_003	16636	7	220475.6875	197932.859375	22802.41015625	0.0465889149441709	0.354663	0.022	1	LIMHHE0002	1.420571429	2.298969072	2.45034642	1.053406224	3.149440421	5	2	2015	1
LI_VZB_003	16665	3	220475.6875	197932.859375	NA	0.0388240957868091	0.076806	0.02	1	LIMHHE0002	1.420571429	2.298969072	2.45034642	1.053406224	3.149440421	5	2	2015	1
LI_VZB_003	16665	7	220475.6875	197932.859375	NA	0.0388240957868091	0.076806	0.02	1	LIMHHE0002	1.420571429	2.298969072	2.45034642	1.053406224	3.149440421	5	2	2015	1
LI_VZB_003	16665	3	220475.6875	197932.859375	22802.41015625	0.0388240957868091	0.076806	0.02	1	LIMHHE0002	1.420571429	2.298969072	2.45034642	1.053406224	3.149440421	5	2	2015	1
LI_VZB_003	16665	7	220475.6875	197932.859375	22802.41015625	0.0388240957868091	0.076806	0.02	1	LIMHHE0002	1.420571429	2.298969072	2.45034642	1.053406224	3.149440421	5	2	2015	1
LI_VZB_003	16692	3	220475.6875	197932.859375	NA	0.0388240957868091	0.02259	0.02	1	LIMHHE0002	1.420571429	2.298969072	2.45034642	1.053406224	3.149440421	5	2	2015	1
LI_VZB_003	16692	7	220475.6875	197932.859375	NA	0.0388240957868091	0.02259	0.02	1	LIMHHE0002	1.420571429	2.298969072	2.45034642	1.053406224	3.149440421	5	2	2015	1
LI_VZB_003	16692	3	220475.6875	197932.859375	22802.41015625	0.0388240957868091	0.02259	0.02	1	LIMHHE0002	1.420571429	2.298969072	2.45034642	1.053406224	3.149440421	5	2	2015	1
LI_VZB_003	16692	7	220475.6875	197932.859375	22802.41015625	0.0388240957868091	0.02259	0.02	1	LIMHHE0002	1.420571429	2.298969072	2.45034642	1.053406224	3.149440421	5	2	2015	1
LI_VZB_003	16727	3	220475.6875	197932.859375	NA	0.0388240957868091	0.049698	0.02	1	LIMHHE0002	1.420571429	2.298969072	2.45034642	1.053406224	3.149440421	5	2	2015	1
LI_VZB_003	16727	7	220475.6875	197932.859375	NA	0.0388240957868091	0.049698	0.02	1	LIMHHE0002	1.420571429	2.298969072	2.45034642	1.053406224	3.149440421	5	2	2015	1
LI_VZB_003	16727	3	220475.6875	197932.859375	22802.41015625	0.0388240957868091	0.049698	0.02	1	LIMHHE0002	1.420571429	2.298969072	2.45034642	1.053406224	3.149440421	5	2	2015	1
LI_VZB_003	16727	7	220475.6875	197932.859375	22802.41015625	0.0388240957868091	0.049698	0.02	1	LIMHHE0002	1.420571429	2.298969072	2.45034642	1.053406224	3.149440421	5	2	2015	1
LI_VZB_003	16755	3	220475.6875	197932.859375	NA	0.0854130107309801	0.101655	0.02	1	LIMHHE0002	1.420571429	2.298969072	2.45034642	1.053406224	3.149440421	5	2	2015	1
LI_VZB_003	16755	7	220475.6875	197932.859375	NA	0.0854130107309801	0.101655	0.02	1	LIMHHE0002	1.420571429	2.298969072	2.45034642	1.053406224	3.149440421	5	2	2015	1
LI_VZB_003	16755	3	220475.6875	197932.859375	22802.41015625	0.0854130107309801	0.101655	0.02	1	LIMHHE0002	1.420571429	2.298969072	2.45034642	1.053406224	3.149440421	5	2	2015	1
LI_VZB_003	16755	7	220475.6875	197932.859375	22802.41015625	0.0854130107309801	0.101655	0.02	1	LIMHHE0002	1.420571429	2.298969072	2.45034642	1.053406224	3.149440421	5	2	2015	1
LI_VZB_003	16825	3	220475.6875	197932.859375	NA	0.0465889149441709	0.286893	0.02	1	LIMHHE0002	1.420571429	2.298969072	2.45034642	1.053406224	3.149440421	5	2	2016	1
LI_VZB_003	16825	7	220475.6875	197932.859375	NA	0.0465889149441709	0.286893	0.02	1	LIMHHE0002	1.420571429	2.298969072	2.45034642	1.053406224	3.149440421	5	2	2016	1
LI_VZB_003	16825	3	220475.6875	197932.859375	22802.41015625	0.0465889149441709	0.286893	0.02	1	LIMHHE0002	1.420571429	2.298969072	2.45034642	1.053406224	3.149440421	5	2	2016	1
LI_VZB_003	16825	7	220475.6875	197932.859375	22802.41015625	0.0465889149441709	0.286893	0.02	1	LIMHHE0002	1.420571429	2.298969072	2.45034642	1.053406224	3.149440421	5	2	2016	1
LI_VZB_003	16861	3	220475.6875	197932.859375	NA	0.0388240957868091	0.365958	0.0261	1	LIMHHE0002	1.420571429	2.298969072	2.45034642	1.053406224	3.149440421	5	2	2016	1
LI_VZB_003	16861	7	220475.6875	197932.859375	NA	0.0388240957868091	0.365958	0.0261	1	LIMHHE0002	1.420571429	2.298969072	2.45034642	1.053406224	3.149440421	5	2	2016	1
LI_VZB_003	16861	3	220475.6875	197932.859375	22802.41015625	0.0388240957868091	0.365958	0.0261	1	LIMHHE0002	1.420571429	2.298969072	2.45034642	1.053406224	3.149440421	5	2	2016	1
LI_VZB_003	16861	7	220475.6875	197932.859375	22802.41015625	0.0388240957868091	0.365958	0.0261	1	LIMHHE0002	1.420571429	2.298969072	2.45034642	1.053406224	3.149440421	5	2	2016	1
LI_VZB_003	16882	3	220475.6875	197932.859375	NA	0.0388240957868091	0.266562	0.0279	1	LIMHHE0002	1.420571429	2.298969072	2.45034642	1.053406224	3.149440421	5	2	2016	1
LI_VZB_003	16882	7	220475.6875	197932.859375	NA	0.0388240957868091	0.266562	0.0279	1	LIMHHE0002	1.420571429	2.298969072	2.45034642	1.053406224	3.149440421	5	2	2016	1
LI_VZB_003	16882	3	220475.6875	197932.859375	22802.41015625	0.0388240957868091	0.266562	0.0279	1	LIMHHE0002	1.420571429	2.298969072	2.45034642	1.053406224	3.149440421	5	2	2016	1
LI_VZB_003	16882	7	220475.6875	197932.859375	22802.41015625	0.0388240957868091	0.266562	0.0279	1	LIMHHE0002	1.420571429	2.298969072	2.45034642	1.053406224	3.149440421	5	2	2016	1
LI_VZB_003	16917	3	220475.6875	197932.859375	NA	0.0388240957868091	0.029367	0.0267	1	LIMHHE0002	1.420571429	2.298969072	2.45034642	1.053406224	3.149440421	5	2	2016	1
LI_VZB_003	16917	7	220475.6875	197932.859375	NA	0.0388240957868091	0.029367	0.0267	1	LIMHHE0002	1.420571429	2.298969072	2.45034642	1.053406224	3.149440421	5	2	2016	1
LI_VZB_003	16917	3	220475.6875	197932.859375	22802.41015625	0.0388240957868091	0.029367	0.0267	1	LIMHHE0002	1.420571429	2.298969072	2.45034642	1.053406224	3.149440421	5	2	2016	1
LI_VZB_003	16917	7	220475.6875	197932.859375	22802.41015625	0.0388240957868091	0.029367	0.0267	1	LIMHHE0002	1.420571429	2.298969072	2.45034642	1.053406224	3.149440421	5	2	2016	1
LI_VZB_003	16944	3	220475.6875	197932.859375	NA	0.0388240957868091	0.042921	0.0282	1	LIMHHE0002	1.420571429	2.298969072	2.45034642	1.053406224	3.149440421	5	2	2016	1
LI_VZB_003	16944	7	220475.6875	197932.859375	NA	0.0388240957868091	0.042921	0.0282	1	LIMHHE0002	1.420571429	2.298969072	2.45034642	1.053406224	3.149440421	5	2	2016	1
LI_VZB_003	16944	3	220475.6875	197932.859375	22802.41015625	0.0388240957868091	0.042921	0.0282	1	LIMHHE0002	1.420571429	2.298969072	2.45034642	1.053406224	3.149440421	5	2	2016	1
LI_VZB_003	16944	7	220475.6875	197932.859375	22802.41015625	0.0388240957868091	0.042921	0.0282	1	LIMHHE0002	1.420571429	2.298969072	2.45034642	1.053406224	3.149440421	5	2	2016	1
LI_TEU_004	16951	3	223425.90625	188509.59375	28180.830078125	0.0388240957868091	0.06777	0.0213	1	LIMZNH0318	1.605769231	2.302521008	2.285714286	2.805725971	2.269654666	5	4	2016	1
LI_TEU_004	16951	7	223425.90625	188509.59375	28180.830078125	0.0388240957868091	0.06777	0.0213	1	LIMZNH0318	1.605769231	2.302521008	2.285714286	2.805725971	2.269654666	5	4	2016	1
LI_TEU_004	16979	3	223425.90625	188509.59375	28180.830078125	0.0388240957868091	0.02259	0.02	1	LIMZNH0318	1.605769231	2.302521008	2.285714286	2.805725971	2.269654666	5	4	2016	1
LI_TEU_004	16979	7	223425.90625	188509.59375	28180.830078125	0.0388240957868091	0.02259	0.02	1	LIMZNH0318	1.605769231	2.302521008	2.285714286	2.805725971	2.269654666	5	4	2016	1
LI_TEU_004	17021	3	223425.90625	188509.59375	28180.830078125	0.0621185532588946	0.02259	0.0237	1	LIMZNH0318	1.605769231	2.302521008	2.285714286	2.805725971	2.269654666	5	4	2016	1
LI_TEU_004	17021	7	223425.90625	188509.59375	28180.830078125	0.0621185532588946	0.02259	0.0237	1	LIMZNH0318	1.605769231	2.302521008	2.285714286	2.805725971	2.269654666	5	4	2016	1
LI_TEU_004	17063	3	223425.90625	188509.59375	28180.830078125	0.0388240957868091	0.02259	0.0216	1	LIMZNH0318	1.605769231	2.302521008	2.285714286	2.805725971	2.269654666	5	4	2016	1
LI_TEU_004	17063	7	223425.90625	188509.59375	28180.830078125	0.0388240957868091	0.02259	0.0216	1	LIMZNH0318	1.605769231	2.302521008	2.285714286	2.805725971	2.269654666	5	4	2016	1
LI_TEU_004	17092	3	223425.90625	188509.59375	28180.830078125	0.0388240957868091	0.024849	0.02	1	LIMZNH0318	1.605769231	2.302521008	2.285714286	2.805725971	2.269654666	5	4	2016	1
LI_TEU_004	17092	7	223425.90625	188509.59375	28180.830078125	0.0388240957868091	0.024849	0.02	1	LIMZNH0318	1.605769231	2.302521008	2.285714286	2.805725971	2.269654666	5	4	2016	1
LI_TEU_004	17112	3	223425.90625	188509.59375	28180.830078125	0.0388240957868091	0.02259	0.02	1	LIMZNH0318	1.605769231	2.302521008	2.285714286	2.805725971	2.269654666	5	4	2016	1
LI_TEU_004	17112	7	223425.90625	188509.59375	28180.830078125	0.0388240957868091	0.02259	0.02	1	LIMZNH0318	1.605769231	2.302521008	2.285714286	2.805725971	2.269654666	5	4	2016	1
LI_TEU_004	17140	3	223425.90625	188509.59375	28180.830078125	0.0931778298883419	0.049698	0.02	1	LIMZNH0318	1.605769231	2.302521008	2.285714286	2.805725971	2.269654666	5	4	2016	1
LI_TEU_004	17140	7	223425.90625	188509.59375	28180.830078125	0.0931778298883419	0.049698	0.02	1	LIMZNH0318	1.605769231	2.302521008	2.285714286	2.805725971	2.269654666	5	4	2016	1
LI_TEU_004	17183	3	223425.90625	188509.59375	28180.830078125	0.0465889149441709	0.076806	0.02	1	LIMZNH0318	1.605769231	2.302521008	2.285714286	2.805725971	2.269654666	5	4	2017	1
LI_TEU_004	17183	7	223425.90625	188509.59375	28180.830078125	0.0465889149441709	0.076806	0.02	1	LIMZNH0318	1.605769231	2.302521008	2.285714286	2.805725971	2.269654666	5	4	2017	1
LI_TEU_004	17210	3	223425.90625	188509.59375	28180.830078125	0.0388240957868091	0.040662	0.02	1	LIMZNH0318	1.605769231	2.302521008	2.285714286	2.805725971	2.269654666	5	4	2017	1
LI_TEU_004	17210	7	223425.90625	188509.59375	28180.830078125	0.0388240957868091	0.040662	0.02	1	LIMZNH0318	1.605769231	2.302521008	2.285714286	2.805725971	2.269654666	5	4	2017	1
LI_TEU_004	17254	3	223425.90625	188509.59375	28180.830078125	0.0465889149441709	0.058734	0.02	1	LIMZNH0318	1.605769231	2.302521008	2.285714286	2.805725971	2.269654666	5	4	2017	1
LI_TEU_004	17254	7	223425.90625	188509.59375	28180.830078125	0.0465889149441709	0.058734	0.02	1	LIMZNH0318	1.605769231	2.302521008	2.285714286	2.805725971	2.269654666	5	4	2017	1
LI_TEU_004	17274	3	223425.90625	188509.59375	28180.830078125	0.0388240957868091	0.049698	0.02	1	LIMZNH0318	1.605769231	2.302521008	2.285714286	2.805725971	2.269654666	5	4	2017	1
LI_TEU_004	17274	7	223425.90625	188509.59375	28180.830078125	0.0388240957868091	0.049698	0.02	1	LIMZNH0318	1.605769231	2.302521008	2.285714286	2.805725971	2.269654666	5	4	2017	1
LI_TEU_004	17294	3	223425.90625	188509.59375	28180.830078125	0.0388240957868091	0.04518	0.02	1	LIMZNH0318	1.605769231	2.302521008	2.285714286	2.805725971	2.269654666	5	4	2017	1
LI_TEU_004	17294	7	223425.90625	188509.59375	28180.830078125	0.0388240957868091	0.04518	0.02	1	LIMZNH0318	1.605769231	2.302521008	2.285714286	2.805725971	2.269654666	5	4	2017	1
LI_MAT_009	16595	4	226821.046875	183611.875	20115.529296875	0.0388240957868091	0.02259	0.084	1	LIMGNK0050	1.999192246	2.304263566	2.277210884	3.11441048	2.84841954	5	4	2015	1
LI_MAT_009	16623	4	226821.046875	183611.875	20115.529296875	0.0388240957868091	0.02259	0.0681	1	LIMGNK0050	1.999192246	2.304263566	2.277210884	3.11441048	2.84841954	5	4	2015	1
LI_MAT_009	16651	4	226821.046875	183611.875	20115.529296875	0.0388240957868091	0.027108	0.07	1	LIMGNK0050	1.999192246	2.304263566	2.277210884	3.11441048	2.84841954	5	4	2015	1
LI_MAT_009	16679	4	226821.046875	183611.875	20115.529296875	0.0388240957868091	0.063252	0.0856	1	LIMGNK0050	1.999192246	2.304263566	2.277210884	3.11441048	2.84841954	5	4	2015	1
LI_MAT_009	16713	4	226821.046875	183611.875	20115.529296875	0.0388240957868091	0.02259	0.07	1	LIMGNK0050	1.999192246	2.304263566	2.277210884	3.11441048	2.84841954	5	4	2015	1
LI_MAT_009	16743	4	226821.046875	183611.875	20115.529296875	0.0388240957868091	0.02259	0.06	1	LIMGNK0050	1.999192246	2.304263566	2.277210884	3.11441048	2.84841954	5	4	2015	1
LI_MAT_009	16770	4	226821.046875	183611.875	20115.529296875	0.178590840619322	0.460836	0.07	1	LIMGNK0050	1.999192246	2.304263566	2.277210884	3.11441048	2.84841954	5	4	2015	1
LI_MAT_009	16812	4	226821.046875	183611.875	20115.529296875	0.0465889149441709	0.598635	0.0724	1	LIMGNK0050	1.999192246	2.304263566	2.277210884	3.11441048	2.84841954	5	4	2016	1
LI_MAT_009	16839	4	226821.046875	183611.875	20115.529296875	0.0388240957868091	0.533124	0.0827	1	LIMGNK0050	1.999192246	2.304263566	2.277210884	3.11441048	2.84841954	5	4	2016	1
LI_MAT_009	16868	4	226821.046875	183611.875	20115.529296875	0.0621185532588946	0.725139	0.0791	1	LIMGNK0050	1.999192246	2.304263566	2.277210884	3.11441048	2.84841954	5	4	2016	1
LI_MAT_009	16903	4	226821.046875	183611.875	20115.529296875	0.0388240957868091	0.108432	0.0725	1	LIMGNK0050	1.999192246	2.304263566	2.277210884	3.11441048	2.84841954	5	4	2016	1
LI_MAT_009	16931	4	226821.046875	183611.875	20115.529296875	0.0931778298883419	0.024849	0.0669	1	LIMGNK0050	1.999192246	2.304263566	2.277210884	3.11441048	2.84841954	5	4	2016	1
LI_TEU_002	16188	3	223371.1875	188410.6875	3415.19409179688	0.108707468203066	1.31022	NA	1	LIMZNH0333	2.110169492	2.307189542	3.649122807	3.435371179	2.962885154	5	4	2014	1
LI_TEU_002	16188	7	223371.1875	188410.6875	3415.19409179688	0.108707468203066	1.31022	NA	1	LIMZNH0333	2.110169492	2.307189542	3.649122807	3.435371179	2.962885154	5	4	2014	1
LI_TEU_002	16232	3	223371.1875	188410.6875	3415.19409179688	0.139766744832513	0.962334	NA	1	LIMZNH0333	2.110169492	2.307189542	3.649122807	3.435371179	2.962885154	5	4	2014	1
LI_TEU_002	16232	7	223371.1875	188410.6875	3415.19409179688	0.139766744832513	0.962334	NA	1	LIMZNH0333	2.110169492	2.307189542	3.649122807	3.435371179	2.962885154	5	4	2014	1
LI_TEU_002	16258	3	223371.1875	188410.6875	3415.19409179688	0.0776481915736183	0.027108	NA	1	LIMZNH0333	2.110169492	2.307189542	3.649122807	3.435371179	2.962885154	5	4	2014	1
LI_TEU_002	16258	7	223371.1875	188410.6875	3415.19409179688	0.0776481915736183	0.027108	NA	1	LIMZNH0333	2.110169492	2.307189542	3.649122807	3.435371179	2.962885154	5	4	2014	1
LI_TEU_002	16293	3	223371.1875	188410.6875	3415.19409179688	0.0776481915736183	0.027108	NA	1	LIMZNH0333	2.110169492	2.307189542	3.649122807	3.435371179	2.962885154	5	4	2014	1
LI_TEU_002	16293	7	223371.1875	188410.6875	3415.19409179688	0.0776481915736183	0.027108	NA	1	LIMZNH0333	2.110169492	2.307189542	3.649122807	3.435371179	2.962885154	5	4	2014	1
LI_TEU_002	16328	3	223371.1875	188410.6875	3415.19409179688	0.0776481915736183	0.024849	NA	1	LIMZNH0333	2.110169492	2.307189542	3.649122807	3.435371179	2.962885154	5	4	2014	1
LI_TEU_002	16328	7	223371.1875	188410.6875	3415.19409179688	0.0776481915736183	0.024849	NA	1	LIMZNH0333	2.110169492	2.307189542	3.649122807	3.435371179	2.962885154	5	4	2014	1
LI_TEU_002	16371	3	223371.1875	188410.6875	3415.19409179688	0.0776481915736183	0.027108	NA	1	LIMZNH0333	2.110169492	2.307189542	3.649122807	3.435371179	2.962885154	5	4	2014	1
LI_TEU_002	16371	7	223371.1875	188410.6875	3415.19409179688	0.0776481915736183	0.027108	NA	1	LIMZNH0333	2.110169492	2.307189542	3.649122807	3.435371179	2.962885154	5	4	2014	1
AN_BGO_002	17344	3	206598.890625	212216.765625	5631.6513671875	0.0388240957868091	0.038403	0.02	1	ANTMOL0546	3.422382671	2.321428571	4.051807229	3.616033755	3.577263445	5	2	2017	1
AN_BGO_002	17344	4	206598.890625	212216.765625	5631.6513671875	0.0388240957868091	0.038403	0.02	1	ANTMOL0546	3.422382671	2.321428571	4.051807229	3.616033755	3.577263445	5	2	2017	1
AN_BGO_002	17344	5	206598.890625	212216.765625	5631.6513671875	0.0388240957868091	0.038403	0.02	1	ANTMOL0546	3.422382671	2.321428571	4.051807229	3.616033755	3.577263445	5	2	2017	1
AN_BGO_002	17372	3	206598.890625	212216.765625	5631.6513671875	0.0388240957868091	0.024849	0.02	1	ANTMOL0546	3.422382671	2.321428571	4.051807229	3.616033755	3.577263445	5	2	2017	1
AN_BGO_002	17372	4	206598.890625	212216.765625	5631.6513671875	0.0388240957868091	0.024849	0.02	1	ANTMOL0546	3.422382671	2.321428571	4.051807229	3.616033755	3.577263445	5	2	2017	1
AN_BGO_002	17372	5	206598.890625	212216.765625	5631.6513671875	0.0388240957868091	0.024849	0.02	1	ANTMOL0546	3.422382671	2.321428571	4.051807229	3.616033755	3.577263445	5	2	2017	1
AN_BGO_002	17386	3	206598.890625	212216.765625	5631.6513671875	0.0388240957868091	0.033885	0.02	1	ANTMOL0546	3.422382671	2.321428571	4.051807229	3.616033755	3.577263445	5	2	2017	1
AN_BGO_002	17386	4	206598.890625	212216.765625	5631.6513671875	0.0388240957868091	0.033885	0.02	1	ANTMOL0546	3.422382671	2.321428571	4.051807229	3.616033755	3.577263445	5	2	2017	1
AN_BGO_002	17386	5	206598.890625	212216.765625	5631.6513671875	0.0388240957868091	0.033885	0.02	1	ANTMOL0546	3.422382671	2.321428571	4.051807229	3.616033755	3.577263445	5	2	2017	1
AN_BGO_002	17435	3	206598.890625	212216.765625	5631.6513671875	0.0388240957868091	0.024849	0.02	1	ANTMOL0546	3.422382671	2.321428571	4.051807229	3.616033755	3.577263445	5	2	2017	1
AN_BGO_002	17435	4	206598.890625	212216.765625	5631.6513671875	0.0388240957868091	0.024849	0.02	1	ANTMOL0546	3.422382671	2.321428571	4.051807229	3.616033755	3.577263445	5	2	2017	1
AN_BGO_002	17435	5	206598.890625	212216.765625	5631.6513671875	0.0388240957868091	0.024849	0.02	1	ANTMOL0546	3.422382671	2.321428571	4.051807229	3.616033755	3.577263445	5	2	2017	1
AN_BGO_002	17455	3	206598.890625	212216.765625	5631.6513671875	0.0388240957868091	0.036144	0.02	1	ANTMOL0546	3.422382671	2.321428571	4.051807229	3.616033755	3.577263445	5	2	2017	1
AN_BGO_002	17455	4	206598.890625	212216.765625	5631.6513671875	0.0388240957868091	0.036144	0.02	1	ANTMOL0546	3.422382671	2.321428571	4.051807229	3.616033755	3.577263445	5	2	2017	1
AN_BGO_002	17455	5	206598.890625	212216.765625	5631.6513671875	0.0388240957868091	0.036144	0.02	1	ANTMOL0546	3.422382671	2.321428571	4.051807229	3.616033755	3.577263445	5	2	2017	1
AN_BGO_002	17497	3	206598.890625	212216.765625	5631.6513671875	0.0388240957868091	0.099396	0.02	1	ANTMOL0546	3.422382671	2.321428571	4.051807229	3.616033755	3.577263445	5	2	2017	1
AN_BGO_002	17497	4	206598.890625	212216.765625	5631.6513671875	0.0388240957868091	0.099396	0.02	1	ANTMOL0546	3.422382671	2.321428571	4.051807229	3.616033755	3.577263445	5	2	2017	1
AN_BGO_002	17497	5	206598.890625	212216.765625	5631.6513671875	0.0388240957868091	0.099396	0.02	1	ANTMOL0546	3.422382671	2.321428571	4.051807229	3.616033755	3.577263445	5	2	2017	1
AN_BGO_002	17533	3	206598.890625	212216.765625	5631.6513671875	0.0388240957868091	0.153612	0.1158	1	ANTMOL0546	3.422382671	2.321428571	4.051807229	3.616033755	3.577263445	5	2	2018	1
AN_BGO_002	17533	4	206598.890625	212216.765625	5631.6513671875	0.0388240957868091	0.153612	0.1158	1	ANTMOL0546	3.422382671	2.321428571	4.051807229	3.616033755	3.577263445	5	2	2018	1
AN_BGO_002	17533	5	206598.890625	212216.765625	5631.6513671875	0.0388240957868091	0.153612	0.1158	1	ANTMOL0546	3.422382671	2.321428571	4.051807229	3.616033755	3.577263445	5	2	2018	1
AN_BGO_002	17560	3	206598.890625	212216.765625	5631.6513671875	0.0388240957868091	0.60993	0.02	1	ANTMOL0546	3.422382671	2.321428571	4.051807229	3.616033755	3.577263445	5	2	2018	1
AN_BGO_002	17560	4	206598.890625	212216.765625	5631.6513671875	0.0388240957868091	0.60993	0.02	1	ANTMOL0546	3.422382671	2.321428571	4.051807229	3.616033755	3.577263445	5	2	2018	1
AN_BGO_002	17560	5	206598.890625	212216.765625	5631.6513671875	0.0388240957868091	0.60993	0.02	1	ANTMOL0546	3.422382671	2.321428571	4.051807229	3.616033755	3.577263445	5	2	2018	1
AN_BGO_002	17602	3	206598.890625	212216.765625	5631.6513671875	0.0388240957868091	0.031626	0.02	1	ANTMOL0546	3.422382671	2.321428571	4.051807229	3.616033755	3.577263445	5	2	2018	1
AN_BGO_002	17602	4	206598.890625	212216.765625	5631.6513671875	0.0388240957868091	0.031626	0.02	1	ANTMOL0546	3.422382671	2.321428571	4.051807229	3.616033755	3.577263445	5	2	2018	1
AN_BGO_002	17602	5	206598.890625	212216.765625	5631.6513671875	0.0388240957868091	0.031626	0.02	1	ANTMOL0546	3.422382671	2.321428571	4.051807229	3.616033755	3.577263445	5	2	2018	1
AN_BGO_002	17644	3	206598.890625	212216.765625	5631.6513671875	0.0388240957868091	0.051957	0.0282	1	ANTMOL0546	3.422382671	2.321428571	4.051807229	3.616033755	3.577263445	5	2	2018	1
AN_BGO_002	17644	4	206598.890625	212216.765625	5631.6513671875	0.0388240957868091	0.051957	0.0282	1	ANTMOL0546	3.422382671	2.321428571	4.051807229	3.616033755	3.577263445	5	2	2018	1
AN_BGO_002	17644	5	206598.890625	212216.765625	5631.6513671875	0.0388240957868091	0.051957	0.0282	1	ANTMOL0546	3.422382671	2.321428571	4.051807229	3.616033755	3.577263445	5	2	2018	1
AN_BGO_002	17680	3	206598.890625	212216.765625	5631.6513671875	0.0388240957868091	0.029367	0.02	1	ANTMOL0546	3.422382671	2.321428571	4.051807229	3.616033755	3.577263445	5	2	2018	1
AN_BGO_002	17680	4	206598.890625	212216.765625	5631.6513671875	0.0388240957868091	0.029367	0.02	1	ANTMOL0546	3.422382671	2.321428571	4.051807229	3.616033755	3.577263445	5	2	2018	1
AN_BGO_002	17680	5	206598.890625	212216.765625	5631.6513671875	0.0388240957868091	0.029367	0.02	1	ANTMOL0546	3.422382671	2.321428571	4.051807229	3.616033755	3.577263445	5	2	2018	1
LI_KBR_004	16972	4	240799.40625	208496.3125	44601.3359375	0.0388240957868091	0.083583	0.0414	1	LIMBRE0077	2.469346734	2.327067669	3.90797546	3.246575342	3.379240163	5	4	2016	1
LI_KBR_004	17014	4	240799.40625	208496.3125	44601.3359375	0.25623903219294	0.02259	0.0559	1	LIMBRE0077	2.469346734	2.327067669	3.90797546	3.246575342	3.379240163	5	4	2016	1
LI_KBR_004	17030	4	240799.40625	208496.3125	44601.3359375	0.0388240957868091	0.02259	0.0961	1	LIMBRE0077	2.469346734	2.327067669	3.90797546	3.246575342	3.379240163	5	4	2016	1
LI_KBR_004	17064	4	240799.40625	208496.3125	44601.3359375	0.520242883543242	0.02259	0.255	1	LIMBRE0077	2.469346734	2.327067669	3.90797546	3.246575342	3.379240163	5	4	2016	1
LI_KBR_004	17092	4	240799.40625	208496.3125	44601.3359375	2.53909586445732	0.02259	0.0832	1	LIMBRE0077	2.469346734	2.327067669	3.90797546	3.246575342	3.379240163	5	4	2016	1
LI_KBR_004	17127	4	240799.40625	208496.3125	44601.3359375	0.333887223766558	0.262044	0.0429	1	LIMBRE0077	2.469346734	2.327067669	3.90797546	3.246575342	3.379240163	5	4	2016	1
LI_KBR_004	17182	4	240799.40625	208496.3125	44601.3359375	0.0776481915736183	0.221382	0.1117	1	LIMBRE0077	2.469346734	2.327067669	3.90797546	3.246575342	3.379240163	5	4	2017	1
LI_KBR_004	17210	4	240799.40625	208496.3125	44601.3359375	0.17082602146196	0.173943	0.107	1	LIMBRE0077	2.469346734	2.327067669	3.90797546	3.246575342	3.379240163	5	4	2017	1
LI_KBR_004	17231	4	240799.40625	208496.3125	44601.3359375	0.0388240957868091	0.070029	0.063	1	LIMBRE0077	2.469346734	2.327067669	3.90797546	3.246575342	3.379240163	5	4	2017	1
LI_KBR_004	17274	4	240799.40625	208496.3125	44601.3359375	0.0465889149441709	0.038403	0.048	1	LIMBRE0077	2.469346734	2.327067669	3.90797546	3.246575342	3.379240163	5	4	2017	1
LI_KBR_004	17294	4	240799.40625	208496.3125	44601.3359375	0.0388240957868091	0.029367	0.02	1	LIMBRE0077	2.469346734	2.327067669	3.90797546	3.246575342	3.379240163	5	4	2017	1
AN_TVG_003	16188	3	189374.140625	229237.984375	52803.6015625	0.0776481915736183	0.36144	NA	1	ANTTUR0065	1.670362903	2.346153846	3.617105263	3.88373494	2.700605394	5	2	2014	1
AN_TVG_003	16188	4	189374.140625	229237.984375	52803.6015625	0.0776481915736183	0.36144	NA	1	ANTTUR0065	1.670362903	2.346153846	3.617105263	3.88373494	2.700605394	5	2	2014	1
AN_TVG_003	16224	3	189374.140625	229237.984375	52803.6015625	0.0776481915736183	0.02259	NA	1	ANTTUR0065	1.670362903	2.346153846	3.617105263	3.88373494	2.700605394	5	2	2014	1
AN_TVG_003	16224	4	189374.140625	229237.984375	52803.6015625	0.0776481915736183	0.02259	NA	1	ANTTUR0065	1.670362903	2.346153846	3.617105263	3.88373494	2.700605394	5	2	2014	1
AN_TVG_003	16252	3	189374.140625	229237.984375	52803.6015625	0.0776481915736183	0.029367	NA	1	ANTTUR0065	1.670362903	2.346153846	3.617105263	3.88373494	2.700605394	5	2	2014	1
AN_TVG_003	16252	4	189374.140625	229237.984375	52803.6015625	0.0776481915736183	0.029367	NA	1	ANTTUR0065	1.670362903	2.346153846	3.617105263	3.88373494	2.700605394	5	2	2014	1
AN_TVG_003	16286	3	189374.140625	229237.984375	52803.6015625	0.0776481915736183	0.031626	NA	1	ANTTUR0065	1.670362903	2.346153846	3.617105263	3.88373494	2.700605394	5	2	2014	1
AN_TVG_003	16286	4	189374.140625	229237.984375	52803.6015625	0.0776481915736183	0.031626	NA	1	ANTTUR0065	1.670362903	2.346153846	3.617105263	3.88373494	2.700605394	5	2	2014	1
AN_TVG_003	16321	3	189374.140625	229237.984375	52803.6015625	0.0776481915736183	0.054216	NA	1	ANTTUR0065	1.670362903	2.346153846	3.617105263	3.88373494	2.700605394	5	2	2014	1
AN_TVG_003	16321	4	189374.140625	229237.984375	52803.6015625	0.0776481915736183	0.054216	NA	1	ANTTUR0065	1.670362903	2.346153846	3.617105263	3.88373494	2.700605394	5	2	2014	1
AN_TVG_003	16363	3	189374.140625	229237.984375	52803.6015625	0.0776481915736183	0.024849	NA	1	ANTTUR0065	1.670362903	2.346153846	3.617105263	3.88373494	2.700605394	5	2	2014	1
AN_TVG_003	16363	4	189374.140625	229237.984375	52803.6015625	0.0776481915736183	0.024849	NA	1	ANTTUR0065	1.670362903	2.346153846	3.617105263	3.88373494	2.700605394	5	2	2014	1
AN_TIE_004	16958	6	188692.015625	216845.25	253.505813598633	0.0698833724162564	0.094878	0.0426	1	ANTKAS0431	4.036363636	2.386075949	3.675126904	3.06835443	2.022693997	5	4	2016	1
AN_TIE_004	16987	6	188692.015625	216845.25	253.505813598633	0.0388240957868091	0.02259	0.0716	1	ANTKAS0431	4.036363636	2.386075949	3.675126904	3.06835443	2.022693997	5	4	2016	1
AN_TIE_004	17030	6	188692.015625	216845.25	253.505813598633	0.0543537341015328	0.024849	0.0659	1	ANTKAS0431	4.036363636	2.386075949	3.675126904	3.06835443	2.022693997	5	4	2016	1
AN_TIE_004	17056	6	188692.015625	216845.25	253.505813598633	0.0388240957868091	0.02259	0.094	1	ANTKAS0431	4.036363636	2.386075949	3.675126904	3.06835443	2.022693997	5	4	2016	1
AN_TIE_004	17077	6	188692.015625	216845.25	253.505813598633	0.0388240957868091	0.02259	0.1533	1	ANTKAS0431	4.036363636	2.386075949	3.675126904	3.06835443	2.022693997	5	4	2016	1
AN_TIE_004	17113	6	188692.015625	216845.25	253.505813598633	0.0543537341015328	0.02259	0.0632	1	ANTKAS0431	4.036363636	2.386075949	3.675126904	3.06835443	2.022693997	5	4	2016	1
AN_TIE_004	17134	6	188692.015625	216845.25	253.505813598633	0.0388240957868091	0.063252	0.0747	1	ANTKAS0431	4.036363636	2.386075949	3.675126904	3.06835443	2.022693997	5	4	2016	1
AN_TIE_004	17182	6	188692.015625	216845.25	253.505813598633	0.0388240957868091	0.056475	0.1355	1	ANTKAS0431	4.036363636	2.386075949	3.675126904	3.06835443	2.022693997	5	4	2017	1
AN_TIE_004	17218	6	188692.015625	216845.25	253.505813598633	0.0388240957868091	0.033885	0.0641	1	ANTKAS0431	4.036363636	2.386075949	3.675126904	3.06835443	2.022693997	5	4	2017	1
AN_TIE_004	17238	6	188692.015625	216845.25	253.505813598633	0.0388240957868091	0.02259	0.0294	1	ANTKAS0431	4.036363636	2.386075949	3.675126904	3.06835443	2.022693997	5	4	2017	1
AN_TIE_004	17260	6	188692.015625	216845.25	253.505813598633	0.0621185532588946	0.09036	0.0351	1	ANTKAS0431	4.036363636	2.386075949	3.675126904	3.06835443	2.022693997	5	4	2017	1
AN_TIE_004	17295	6	188692.015625	216845.25	253.505813598633	0.116472287360427	0.246231	0.135	1	ANTKAS0431	4.036363636	2.386075949	3.675126904	3.06835443	2.022693997	5	4	2017	1
AN_ABH_007	17700	3	192154.25	192768.578125	39479.7265625	0.0698833724162564	0.085842	0.0205	1	ANTLKD0263	2.412579957	2.413043478	3.396848138	3.656790123	3.98894264	5	2	2018	1
AN_ABH_007	17743	3	192154.25	192768.578125	39479.7265625	0.0388240957868091	0.056475	0.0533	1	ANTLKD0263	2.412579957	2.413043478	3.396848138	3.656790123	3.98894264	5	2	2018	1
AN_ABH_007	17770	3	192154.25	192768.578125	39479.7265625	0.0388240957868091	0.038403	0.1119	1	ANTLKD0263	2.412579957	2.413043478	3.396848138	3.656790123	3.98894264	5	2	2018	1
AN_ABH_007	17876	3	192154.25	192768.578125	39479.7265625	0.116472287360427	0.079065	0.0216	1	ANTLKD0263	2.412579957	2.413043478	3.396848138	3.656790123	3.98894264	5	2	2018	1
AN_GOO_002	16188	3	202003.609375	220382.875	72158.3203125	0.0776481915736183	0.103914	NA	1	ANTRET0186	1.828335832	2.423076923	3.024498886	4.288888889	3.142354125	5	2	2014	1
AN_GOO_002	16188	5	202003.609375	220382.875	72158.3203125	0.0776481915736183	0.103914	NA	1	ANTRET0186	1.828335832	2.423076923	3.024498886	4.288888889	3.142354125	5	2	2014	1
AN_GOO_002	16232	3	202003.609375	220382.875	72158.3203125	0.0776481915736183	0.024849	NA	1	ANTRET0186	1.828335832	2.423076923	3.024498886	4.288888889	3.142354125	5	2	2014	1
AN_GOO_002	16232	5	202003.609375	220382.875	72158.3203125	0.0776481915736183	0.024849	NA	1	ANTRET0186	1.828335832	2.423076923	3.024498886	4.288888889	3.142354125	5	2	2014	1
AN_GOO_002	16265	3	202003.609375	220382.875	72158.3203125	0.0776481915736183	0.02259	NA	1	ANTRET0186	1.828335832	2.423076923	3.024498886	4.288888889	3.142354125	5	2	2014	1
AN_GOO_002	16265	5	202003.609375	220382.875	72158.3203125	0.0776481915736183	0.02259	NA	1	ANTRET0186	1.828335832	2.423076923	3.024498886	4.288888889	3.142354125	5	2	2014	1
AN_GOO_002	16294	3	202003.609375	220382.875	72158.3203125	0.0776481915736183	0.02259	NA	1	ANTRET0186	1.828335832	2.423076923	3.024498886	4.288888889	3.142354125	5	2	2014	1
AN_GOO_002	16294	5	202003.609375	220382.875	72158.3203125	0.0776481915736183	0.02259	NA	1	ANTRET0186	1.828335832	2.423076923	3.024498886	4.288888889	3.142354125	5	2	2014	1
AN_GOO_002	16329	3	202003.609375	220382.875	72158.3203125	0.0776481915736183	0.024849	NA	1	ANTRET0186	1.828335832	2.423076923	3.024498886	4.288888889	3.142354125	5	2	2014	1
AN_GOO_002	16329	5	202003.609375	220382.875	72158.3203125	0.0776481915736183	0.024849	NA	1	ANTRET0186	1.828335832	2.423076923	3.024498886	4.288888889	3.142354125	5	2	2014	1
AN_GOO_002	16371	3	202003.609375	220382.875	72158.3203125	0.139766744832513	0.033885	NA	1	ANTRET0186	1.828335832	2.423076923	3.024498886	4.288888889	3.142354125	5	2	2014	1
AN_GOO_002	16371	5	202003.609375	220382.875	72158.3203125	0.139766744832513	0.033885	NA	1	ANTRET0186	1.828335832	2.423076923	3.024498886	4.288888889	3.142354125	5	2	2014	1
LI_PIJ_002	17336	3	218941.21875	207582.0625	2375.23168945312	0.0776481915736183	0.094878	0.064	1	LIMHEC0120	1.909937888	2.423913043	2.846846847	1	3.356143079	5	4	2017	1
LI_PIJ_002	17351	3	218941.21875	207582.0625	2375.23168945312	0.0543537341015328	0.106173	0.1414	1	LIMHEC0120	1.909937888	2.423913043	2.846846847	1	3.356143079	5	4	2017	1
LI_PIJ_002	17386	3	218941.21875	207582.0625	2375.23168945312	0.0698833724162564	0.081324	0.042	1	LIMHEC0120	1.909937888	2.423913043	2.846846847	1	3.356143079	5	4	2017	1
LI_PIJ_002	17434	3	218941.21875	207582.0625	2375.23168945312	0.0388240957868091	0.070029	0.026	1	LIMHEC0120	1.909937888	2.423913043	2.846846847	1	3.356143079	5	4	2017	1
LI_PIJ_002	17448	3	218941.21875	207582.0625	2375.23168945312	0.0931778298883419	0.117468	0.0281	1	LIMHEC0120	1.909937888	2.423913043	2.846846847	1	3.356143079	5	4	2017	1
LI_PIJ_002	17490	3	218941.21875	207582.0625	2375.23168945312	0.163061202304598	0.083583	0.0294	1	LIMHEC0120	1.909937888	2.423913043	2.846846847	1	3.356143079	5	4	2017	1
LI_PIJ_002	17533	3	218941.21875	207582.0625	2375.23168945312	0.574596617644775	0.092619	0.1299	1	LIMHEC0120	1.909937888	2.423913043	2.846846847	1	3.356143079	5	4	2018	1
LI_PIJ_002	17560	3	218941.21875	207582.0625	2375.23168945312	0.434829872812262	0.094878	0.02	1	LIMHEC0120	1.909937888	2.423913043	2.846846847	1	3.356143079	5	4	2018	1
LI_PIJ_002	17602	3	218941.21875	207582.0625	2375.23168945312	0.0388240957868091	0.056475	0.025	1	LIMHEC0120	1.909937888	2.423913043	2.846846847	1	3.356143079	5	4	2018	1
LI_PIJ_002	17624	3	218941.21875	207582.0625	2375.23168945312	0.0388240957868091	0.04518	0.037	1	LIMHEC0120	1.909937888	2.423913043	2.846846847	1	3.356143079	5	4	2018	1
LI_PIJ_002	17673	3	218941.21875	207582.0625	2375.23168945312	0.0543537341015328	0.063252	0.0314	1	LIMHEC0120	1.909937888	2.423913043	2.846846847	1	3.356143079	5	4	2018	1
LI_STI_001	16216	3	228990.84375	185973.3125	4141.59423828125	0.0776481915736183	0.047439	NA	1	LIMGNK0152	2.847402597	2.441935484	2.20212766	3.285082174	3.004246285	5	4	2014	1
LI_STI_001	16245	3	228990.84375	185973.3125	4141.59423828125	0.0776481915736183	0.13554	NA	1	LIMGNK0152	2.847402597	2.441935484	2.20212766	3.285082174	3.004246285	5	4	2014	1
LI_STI_001	16274	3	228990.84375	185973.3125	4141.59423828125	0.295063127979749	0.042921	NA	1	LIMGNK0152	2.847402597	2.441935484	2.20212766	3.285082174	3.004246285	5	4	2014	1
LI_STI_001	16307	3	228990.84375	185973.3125	4141.59423828125	0.0776481915736183	0.056475	NA	1	LIMGNK0152	2.847402597	2.441935484	2.20212766	3.285082174	3.004246285	5	4	2014	1
LI_STI_001	16336	3	228990.84375	185973.3125	4141.59423828125	0.178590840619322	0.182979	NA	1	LIMGNK0152	2.847402597	2.441935484	2.20212766	3.285082174	3.004246285	5	4	2014	1
LI_STI_001	16377	3	228990.84375	185973.3125	4141.59423828125	0.0776481915736183	0.031626	NA	1	LIMGNK0152	2.847402597	2.441935484	2.20212766	3.285082174	3.004246285	5	4	2014	1
AN_KVD_002	17330	3	195557.546875	227994.609375	1358.58337402344	0.613420713431584	0.153612	0.02	1	ANTRAV0293	2.751428571	2.467391304	3.913946588	3.239627434	3.633402275	5	2	2017	1
AN_KVD_002	17351	3	195557.546875	227994.609375	1358.58337402344	5.99444038948333	0.036144	0.02	1	ANTRAV0293	2.751428571	2.467391304	3.913946588	3.239627434	3.633402275	5	2	2017	1
AN_KVD_002	17378	3	195557.546875	227994.609375	1358.58337402344	3.10592766294473	0.031626	0.02	1	ANTRAV0293	2.751428571	2.467391304	3.913946588	3.239627434	3.633402275	5	2	2017	1
AN_KVD_002	17435	3	195557.546875	227994.609375	1358.58337402344	0.0388240957868091	0.027108	0.02	1	ANTRAV0293	2.751428571	2.467391304	3.913946588	3.239627434	3.633402275	5	2	2017	1
AN_KVD_002	17455	3	195557.546875	227994.609375	1358.58337402344	0.0388240957868091	0.027108	0.02	1	ANTRAV0293	2.751428571	2.467391304	3.913946588	3.239627434	3.633402275	5	2	2017	1
AN_KVD_002	17491	3	195557.546875	227994.609375	1358.58337402344	0.0388240957868091	0.056475	0.02	1	ANTRAV0293	2.751428571	2.467391304	3.913946588	3.239627434	3.633402275	5	2	2017	1
AN_KVD_002	17511	3	195557.546875	227994.609375	1358.58337402344	0.124237106517789	0.058734	0.0202	1	ANTRAV0293	2.751428571	2.467391304	3.913946588	3.239627434	3.633402275	5	2	2017	1
AN_KVD_002	17540	3	195557.546875	227994.609375	1358.58337402344	0.217414936406131	0.06777	0.0313	1	ANTRAV0293	2.751428571	2.467391304	3.913946588	3.239627434	3.633402275	5	2	2018	1
AN_KVD_002	17561	3	195557.546875	227994.609375	1358.58337402344	0.217414936406131	0.088101	0.02	1	ANTRAV0293	2.751428571	2.467391304	3.913946588	3.239627434	3.633402275	5	2	2018	1
AN_KVD_002	17596	3	195557.546875	227994.609375	1358.58337402344	0.0388240957868091	0.189756	0.022	1	ANTRAV0293	2.751428571	2.467391304	3.913946588	3.239627434	3.633402275	5	2	2018	1
AN_KVD_002	17630	3	195557.546875	227994.609375	1358.58337402344	0.0931778298883419	0.117468	0.02	1	ANTRAV0293	2.751428571	2.467391304	3.913946588	3.239627434	3.633402275	5	2	2018	1
AN_KVD_002	17666	3	195557.546875	227994.609375	1358.58337402344	0.163061202304598	0.201051	0.02	1	ANTRAV0293	2.751428571	2.467391304	3.913946588	3.239627434	3.633402275	5	2	2018	1
LI_VZB_001	16196	7	218262.796875	198242.46875	670.039489746094	0.0776481915736183	0.070029	NA	1	LIMHHE0375	1	2.471794872	3.624633431	4.212710765	3.339311334	5	2	2014	1
LI_VZB_001	16237	7	218262.796875	198242.46875	670.039489746094	0.0776481915736183	0.063252	NA	1	LIMHHE0375	1	2.471794872	3.624633431	4.212710765	3.339311334	5	2	2014	1
LI_VZB_001	16265	7	218262.796875	198242.46875	670.039489746094	0.0776481915736183	0.02259	NA	1	LIMHHE0375	1	2.471794872	3.624633431	4.212710765	3.339311334	5	2	2014	1
LI_VZB_001	16301	7	218262.796875	198242.46875	670.039489746094	0.0776481915736183	0.054216	NA	1	LIMHHE0375	1	2.471794872	3.624633431	4.212710765	3.339311334	5	2	2014	1
LI_VZB_001	16336	7	218262.796875	198242.46875	670.039489746094	0.201885298091407	0.20331	NA	1	LIMHHE0375	1	2.471794872	3.624633431	4.212710765	3.339311334	5	2	2014	1
LI_VZB_001	16378	7	218262.796875	198242.46875	670.039489746094	0.0776481915736183	0.036144	NA	1	LIMHHE0375	1	2.471794872	3.624633431	4.212710765	3.339311334	5	2	2014	1
LI_VZB_002	16196	7	220053.09375	197532.90625	6191.64404296875	0.0776481915736183	0.042921	NA	1	LIMHHE0001	1.767857143	2.472	3.346590909	2.251794258	2.503316139	5	4	2014	1
LI_VZB_002	16237	7	220053.09375	197532.90625	6191.64404296875	0.302827947137111	0.094878	NA	1	LIMHHE0001	1.767857143	2.472	3.346590909	2.251794258	2.503316139	5	4	2014	1
LI_VZB_002	16265	7	220053.09375	197532.90625	6191.64404296875	0.310592766294473	0.219123	NA	1	LIMHHE0001	1.767857143	2.472	3.346590909	2.251794258	2.503316139	5	4	2014	1
LI_VZB_002	16301	7	220053.09375	197532.90625	6191.64404296875	0.217414936406131	0.11295	NA	1	LIMHHE0001	1.767857143	2.472	3.346590909	2.251794258	2.503316139	5	4	2014	1
LI_VZB_002	16336	7	220053.09375	197532.90625	6191.64404296875	0.931778298883419	0.185238	NA	1	LIMHHE0001	1.767857143	2.472	3.346590909	2.251794258	2.503316139	5	4	2014	1
LI_VZB_002	16378	7	220053.09375	197532.90625	6191.64404296875	0.644479990061031	0.481167	NA	1	LIMHHE0001	1.767857143	2.472	3.346590909	2.251794258	2.503316139	5	4	2014	1
LI_MEC_001	16216	7	237155.140625	185963.453125	3616.3837890625	0.17082602146196	0.040662	NA	1	LIMMSM0197	1.358156028	2.488687783	3.464387464	2.477407848	2.412654746	5	2	2014	1
LI_MEC_001	16274	7	237155.140625	185963.453125	3616.3837890625	0.0776481915736183	0.031626	NA	1	LIMMSM0197	1.358156028	2.488687783	3.464387464	2.477407848	2.412654746	5	2	2014	1
LI_MEC_001	16307	7	237155.140625	185963.453125	3616.3837890625	0.0776481915736183	0.024849	NA	1	LIMMSM0197	1.358156028	2.488687783	3.464387464	2.477407848	2.412654746	5	2	2014	1
LI_MEC_001	16335	7	237155.140625	185963.453125	3616.3837890625	0.0776481915736183	0.049698	NA	1	LIMMSM0197	1.358156028	2.488687783	3.464387464	2.477407848	2.412654746	5	2	2014	1
LI_MEC_001	16371	7	237155.140625	185963.453125	3616.3837890625	0.0776481915736183	0.02259	NA	1	LIMMSM0197	1.358156028	2.488687783	3.464387464	2.477407848	2.412654746	5	2	2014	1
AN_TIK_004	17694	3	193833.125	218911.9375	360.330932617188	0.0388240957868091	0.040662	0.0252	1	ANTKAS0514	2.524793388	2.5	3.246559633	4.087373737	3.27252907	5	2	2018	1
AN_TIK_004	17798	3	193833.125	218911.9375	360.330932617188	6.21185532588946	0.639297	0.0492	1	ANTKAS0514	2.524793388	2.5	3.246559633	4.087373737	3.27252907	5	2	2018	1
AN_TIK_004	17862	3	193833.125	218911.9375	360.330932617188	0.34165204292392	0.352404	0.0282	1	ANTKAS0514	2.524793388	2.5	3.246559633	4.087373737	3.27252907	5	2	2018	1
AN_TIK_004	17883	3	193833.125	218911.9375	360.330932617188	0.116472287360427	0.070029	0.0663	1	ANTKAS0514	2.524793388	2.5	3.246559633	4.087373737	3.27252907	5	2	2018	1
LI_RDP_001	16566	3	224142.703125	191755.546875	228551.4375	0.100942649045704	0.472131	0.02	1	LIMHHE0114	2.348185484	2.508130081	2.770027003	3.156521739	2.111356932	5	2	2015	1
LI_RDP_001	16566	4	224142.703125	191755.546875	228551.4375	0.100942649045704	0.472131	0.02	1	LIMHHE0114	2.348185484	2.508130081	2.770027003	3.156521739	2.111356932	5	2	2015	1
LI_RDP_001	16587	3	224142.703125	191755.546875	228551.4375	0.0698833724162564	0.478908	0.02	1	LIMHHE0114	2.348185484	2.508130081	2.770027003	3.156521739	2.111356932	5	2	2015	1
LI_RDP_001	16587	4	224142.703125	191755.546875	228551.4375	0.0698833724162564	0.478908	0.02	1	LIMHHE0114	2.348185484	2.508130081	2.770027003	3.156521739	2.111356932	5	2	2015	1
LI_RDP_001	16615	3	224142.703125	191755.546875	228551.4375	0.0388240957868091	0.422433	0.02	1	LIMHHE0114	2.348185484	2.508130081	2.770027003	3.156521739	2.111356932	5	2	2015	1
LI_RDP_001	16615	4	224142.703125	191755.546875	228551.4375	0.0388240957868091	0.422433	0.02	1	LIMHHE0114	2.348185484	2.508130081	2.770027003	3.156521739	2.111356932	5	2	2015	1
LI_RDP_001	16643	3	224142.703125	191755.546875	228551.4375	0.0388240957868091	0.347886	0.032	1	LIMHHE0114	2.348185484	2.508130081	2.770027003	3.156521739	2.111356932	5	2	2015	1
LI_RDP_001	16643	4	224142.703125	191755.546875	228551.4375	0.0388240957868091	0.347886	0.032	1	LIMHHE0114	2.348185484	2.508130081	2.770027003	3.156521739	2.111356932	5	2	2015	1
LI_RDP_001	16671	3	224142.703125	191755.546875	228551.4375	0.0388240957868091	0.273339	0.02	1	LIMHHE0114	2.348185484	2.508130081	2.770027003	3.156521739	2.111356932	5	2	2015	1
LI_RDP_001	16671	4	224142.703125	191755.546875	228551.4375	0.0388240957868091	0.273339	0.02	1	LIMHHE0114	2.348185484	2.508130081	2.770027003	3.156521739	2.111356932	5	2	2015	1
LI_RDP_001	16698	3	224142.703125	191755.546875	228551.4375	0.0388240957868091	0.264303	0.0203	1	LIMHHE0114	2.348185484	2.508130081	2.770027003	3.156521739	2.111356932	5	2	2015	1
LI_RDP_001	16698	4	224142.703125	191755.546875	228551.4375	0.0388240957868091	0.264303	0.0203	1	LIMHHE0114	2.348185484	2.508130081	2.770027003	3.156521739	2.111356932	5	2	2015	1
LI_RDP_001	16734	3	224142.703125	191755.546875	228551.4375	0.0465889149441709	0.196533	0.02	1	LIMHHE0114	2.348185484	2.508130081	2.770027003	3.156521739	2.111356932	5	2	2015	1
LI_RDP_001	16734	4	224142.703125	191755.546875	228551.4375	0.0465889149441709	0.196533	0.02	1	LIMHHE0114	2.348185484	2.508130081	2.770027003	3.156521739	2.111356932	5	2	2015	1
LI_RDP_001	16762	3	224142.703125	191755.546875	228551.4375	0.0465889149441709	0.239454	0.02	1	LIMHHE0114	2.348185484	2.508130081	2.770027003	3.156521739	2.111356932	5	2	2015	1
LI_RDP_001	16762	4	224142.703125	191755.546875	228551.4375	0.0465889149441709	0.239454	0.02	1	LIMHHE0114	2.348185484	2.508130081	2.770027003	3.156521739	2.111356932	5	2	2015	1
AN_MOE_001	16965	3	187252.671875	232387.328125	524.855651855469	0.0465889149441709	0.074547	0.3827	1	ANTBAA0036	2	2.512295082	2.418987342	3.060885609	3.010847458	5	2	2016	1
AN_MOE_001	16965	5	187252.671875	232387.328125	524.855651855469	0.0465889149441709	0.074547	0.3827	1	ANTBAA0036	2	2.512295082	2.418987342	3.060885609	3.010847458	5	2	2016	1
AN_MOE_001	16987	3	187252.671875	232387.328125	524.855651855469	0.72212818163465	0.02259	0.368	1	ANTBAA0036	2	2.512295082	2.418987342	3.060885609	3.010847458	5	2	2016	1
AN_MOE_001	16987	5	187252.671875	232387.328125	524.855651855469	0.72212818163465	0.02259	0.368	1	ANTBAA0036	2	2.512295082	2.418987342	3.060885609	3.010847458	5	2	2016	1
AN_MOE_001	17030	3	187252.671875	232387.328125	524.855651855469	0.124237106517789	0.02259	0.0561	1	ANTBAA0036	2	2.512295082	2.418987342	3.060885609	3.010847458	5	2	2016	1
AN_MOE_001	17030	5	187252.671875	232387.328125	524.855651855469	0.124237106517789	0.02259	0.0561	1	ANTBAA0036	2	2.512295082	2.418987342	3.060885609	3.010847458	5	2	2016	1
AN_MOE_001	17057	3	187252.671875	232387.328125	524.855651855469	0.0388240957868091	0.04518	0.0273	1	ANTBAA0036	2	2.512295082	2.418987342	3.060885609	3.010847458	5	2	2016	1
AN_MOE_001	17057	5	187252.671875	232387.328125	524.855651855469	0.0388240957868091	0.04518	0.0273	1	ANTBAA0036	2	2.512295082	2.418987342	3.060885609	3.010847458	5	2	2016	1
AN_MOE_001	17085	3	187252.671875	232387.328125	524.855651855469	0.0388240957868091	0.047439	0.0249	1	ANTBAA0036	2	2.512295082	2.418987342	3.060885609	3.010847458	5	2	2016	1
AN_MOE_001	17085	5	187252.671875	232387.328125	524.855651855469	0.0388240957868091	0.047439	0.0249	1	ANTBAA0036	2	2.512295082	2.418987342	3.060885609	3.010847458	5	2	2016	1
AN_MOE_001	17113	3	187252.671875	232387.328125	524.855651855469	0.0388240957868091	0.02259	0.023	1	ANTBAA0036	2	2.512295082	2.418987342	3.060885609	3.010847458	5	2	2016	1
AN_MOE_001	17113	5	187252.671875	232387.328125	524.855651855469	0.0388240957868091	0.02259	0.023	1	ANTBAA0036	2	2.512295082	2.418987342	3.060885609	3.010847458	5	2	2016	1
AN_MOE_001	17140	3	187252.671875	232387.328125	524.855651855469	0.0388240957868091	0.04518	0.0278	1	ANTBAA0036	2	2.512295082	2.418987342	3.060885609	3.010847458	5	2	2016	1
AN_MOE_001	17140	5	187252.671875	232387.328125	524.855651855469	0.0388240957868091	0.04518	0.0278	1	ANTBAA0036	2	2.512295082	2.418987342	3.060885609	3.010847458	5	2	2016	1
AN_MOE_001	17182	3	187252.671875	232387.328125	524.855651855469	0.0388240957868091	0.535383	0.0272	1	ANTBAA0036	2	2.512295082	2.418987342	3.060885609	3.010847458	5	2	2017	1
AN_MOE_001	17182	5	187252.671875	232387.328125	524.855651855469	0.0388240957868091	0.535383	0.0272	1	ANTBAA0036	2	2.512295082	2.418987342	3.060885609	3.010847458	5	2	2017	1
AN_MOE_001	17203	3	187252.671875	232387.328125	524.855651855469	0.0388240957868091	0.02259	0.0291	1	ANTBAA0036	2	2.512295082	2.418987342	3.060885609	3.010847458	5	2	2017	1
AN_MOE_001	17203	5	187252.671875	232387.328125	524.855651855469	0.0388240957868091	0.02259	0.0291	1	ANTBAA0036	2	2.512295082	2.418987342	3.060885609	3.010847458	5	2	2017	1
AN_MOE_001	17231	3	187252.671875	232387.328125	524.855651855469	0.0388240957868091	0.036144	0.0267	1	ANTBAA0036	2	2.512295082	2.418987342	3.060885609	3.010847458	5	2	2017	1
AN_MOE_001	17231	5	187252.671875	232387.328125	524.855651855469	0.0388240957868091	0.036144	0.0267	1	ANTBAA0036	2	2.512295082	2.418987342	3.060885609	3.010847458	5	2	2017	1
AN_MOE_001	17274	3	187252.671875	232387.328125	524.855651855469	0.0388240957868091	0.038403	0.022	1	ANTBAA0036	2	2.512295082	2.418987342	3.060885609	3.010847458	5	2	2017	1
AN_MOE_001	17274	5	187252.671875	232387.328125	524.855651855469	0.0388240957868091	0.038403	0.022	1	ANTBAA0036	2	2.512295082	2.418987342	3.060885609	3.010847458	5	2	2017	1
AN_MOE_001	17294	3	187252.671875	232387.328125	524.855651855469	0.0543537341015328	0.033885	0.02	1	ANTBAA0036	2	2.512295082	2.418987342	3.060885609	3.010847458	5	2	2017	1
AN_MOE_001	17294	5	187252.671875	232387.328125	524.855651855469	0.0543537341015328	0.033885	0.02	1	ANTBAA0036	2	2.512295082	2.418987342	3.060885609	3.010847458	5	2	2017	1
AN_GRD_003	17343	4	202222.640625	224309.859375	3032.85888671875	0.0388240957868091	0.038403	0.089	1	ANTARE0309	2	2.514705882	3.744988864	3.578304598	3.28115216	5	2	2017	1
AN_GRD_003	17343	5	202222.640625	224309.859375	3032.85888671875	0.0388240957868091	0.038403	0.089	1	ANTARE0309	2	2.514705882	3.744988864	3.578304598	3.28115216	5	2	2017	1
AN_GRD_003	17371	4	202222.640625	224309.859375	3032.85888671875	0.0776481915736183	0.036144	0.058	1	ANTARE0309	2	2.514705882	3.744988864	3.578304598	3.28115216	5	2	2017	1
AN_GRD_003	17371	5	202222.640625	224309.859375	3032.85888671875	0.0776481915736183	0.036144	0.058	1	ANTARE0309	2	2.514705882	3.744988864	3.578304598	3.28115216	5	2	2017	1
AN_GRD_003	17400	4	202222.640625	224309.859375	3032.85888671875	0.0465889149441709	0.049698	0.046	1	ANTARE0309	2	2.514705882	3.744988864	3.578304598	3.28115216	5	2	2017	1
AN_GRD_003	17400	5	202222.640625	224309.859375	3032.85888671875	0.0465889149441709	0.049698	0.046	1	ANTARE0309	2	2.514705882	3.744988864	3.578304598	3.28115216	5	2	2017	1
AN_GRD_003	17435	4	202222.640625	224309.859375	3032.85888671875	0.0698833724162564	0.063252	0.069	1	ANTARE0309	2	2.514705882	3.744988864	3.578304598	3.28115216	5	2	2017	1
AN_GRD_003	17435	5	202222.640625	224309.859375	3032.85888671875	0.0698833724162564	0.063252	0.069	1	ANTARE0309	2	2.514705882	3.744988864	3.578304598	3.28115216	5	2	2017	1
AN_GRD_003	17455	4	202222.640625	224309.859375	3032.85888671875	0.0388240957868091	0.040662	0.0584	1	ANTARE0309	2	2.514705882	3.744988864	3.578304598	3.28115216	5	2	2017	1
AN_GRD_003	17455	5	202222.640625	224309.859375	3032.85888671875	0.0388240957868091	0.040662	0.0584	1	ANTARE0309	2	2.514705882	3.744988864	3.578304598	3.28115216	5	2	2017	1
AN_GRD_003	17491	4	202222.640625	224309.859375	3032.85888671875	0.0698833724162564	0.054216	0.0439	1	ANTARE0309	2	2.514705882	3.744988864	3.578304598	3.28115216	5	2	2017	1
AN_GRD_003	17491	5	202222.640625	224309.859375	3032.85888671875	0.0698833724162564	0.054216	0.0439	1	ANTARE0309	2	2.514705882	3.744988864	3.578304598	3.28115216	5	2	2017	1
AN_GRD_003	17518	4	202222.640625	224309.859375	3032.85888671875	0.17082602146196	0.099396	0.2431	1	ANTARE0309	2	2.514705882	3.744988864	3.578304598	3.28115216	5	2	2017	1
AN_GRD_003	17518	5	202222.640625	224309.859375	3032.85888671875	0.17082602146196	0.099396	0.2431	1	ANTARE0309	2	2.514705882	3.744988864	3.578304598	3.28115216	5	2	2017	1
AN_GRD_003	17546	4	202222.640625	224309.859375	3032.85888671875	0.100942649045704	0.178461	0.166	1	ANTARE0309	2	2.514705882	3.744988864	3.578304598	3.28115216	5	2	2018	1
AN_GRD_003	17546	5	202222.640625	224309.859375	3032.85888671875	0.100942649045704	0.178461	0.166	1	ANTARE0309	2	2.514705882	3.744988864	3.578304598	3.28115216	5	2	2018	1
AN_GRD_003	17574	4	202222.640625	224309.859375	3032.85888671875	0.0854130107309801	0.076806	0.1469	1	ANTARE0309	2	2.514705882	3.744988864	3.578304598	3.28115216	5	2	2018	1
AN_GRD_003	17574	5	202222.640625	224309.859375	3032.85888671875	0.0854130107309801	0.076806	0.1469	1	ANTARE0309	2	2.514705882	3.744988864	3.578304598	3.28115216	5	2	2018	1
AN_GRD_003	17616	4	202222.640625	224309.859375	3032.85888671875	0.0465889149441709	0.063252	0.09	1	ANTARE0309	2	2.514705882	3.744988864	3.578304598	3.28115216	5	2	2018	1
AN_GRD_003	17616	5	202222.640625	224309.859375	3032.85888671875	0.0465889149441709	0.063252	0.09	1	ANTARE0309	2	2.514705882	3.744988864	3.578304598	3.28115216	5	2	2018	1
AN_GRD_003	17644	4	202222.640625	224309.859375	3032.85888671875	0.0388240957868091	0.076806	0.1848	1	ANTARE0309	2	2.514705882	3.744988864	3.578304598	3.28115216	5	2	2018	1
AN_GRD_003	17644	5	202222.640625	224309.859375	3032.85888671875	0.0388240957868091	0.076806	0.1848	1	ANTARE0309	2	2.514705882	3.744988864	3.578304598	3.28115216	5	2	2018	1
AN_GRD_003	17666	4	202222.640625	224309.859375	3032.85888671875	0.0388240957868091	0.042921	0.119	1	ANTARE0309	2	2.514705882	3.744988864	3.578304598	3.28115216	5	2	2018	1
AN_GRD_003	17666	5	202222.640625	224309.859375	3032.85888671875	0.0388240957868091	0.042921	0.119	1	ANTARE0309	2	2.514705882	3.744988864	3.578304598	3.28115216	5	2	2018	1
AN_BLA_004	16608	3	181695.921875	224533.453125	18105.166015625	0.0388240957868091	0.02259	0.02	1	ANTBSE0061	2.078760163	2.534246575	3.635761589	2.415405165	3.001507159	5	2	2015	1
AN_BLA_004	16608	4	181695.921875	224533.453125	18105.166015625	0.0388240957868091	0.02259	0.02	1	ANTBSE0061	2.078760163	2.534246575	3.635761589	2.415405165	3.001507159	5	2	2015	1
AN_BLA_004	16608	5	181695.921875	224533.453125	18105.166015625	0.0388240957868091	0.02259	0.02	1	ANTBSE0061	2.078760163	2.534246575	3.635761589	2.415405165	3.001507159	5	2	2015	1
AN_BLA_004	16629	3	181695.921875	224533.453125	18105.166015625	0.0388240957868091	0.031626	0.024	1	ANTBSE0061	2.078760163	2.534246575	3.635761589	2.415405165	3.001507159	5	2	2015	1
AN_BLA_004	16629	4	181695.921875	224533.453125	18105.166015625	0.0388240957868091	0.031626	0.024	1	ANTBSE0061	2.078760163	2.534246575	3.635761589	2.415405165	3.001507159	5	2	2015	1
AN_BLA_004	16629	5	181695.921875	224533.453125	18105.166015625	0.0388240957868091	0.031626	0.024	1	ANTBSE0061	2.078760163	2.534246575	3.635761589	2.415405165	3.001507159	5	2	2015	1
AN_BLA_004	16664	3	181695.921875	224533.453125	18105.166015625	0.0388240957868091	0.049698	0.02	1	ANTBSE0061	2.078760163	2.534246575	3.635761589	2.415405165	3.001507159	5	2	2015	1
AN_BLA_004	16664	4	181695.921875	224533.453125	18105.166015625	0.0388240957868091	0.049698	0.02	1	ANTBSE0061	2.078760163	2.534246575	3.635761589	2.415405165	3.001507159	5	2	2015	1
AN_BLA_004	16664	5	181695.921875	224533.453125	18105.166015625	0.0388240957868091	0.049698	0.02	1	ANTBSE0061	2.078760163	2.534246575	3.635761589	2.415405165	3.001507159	5	2	2015	1
AN_BLA_004	16685	3	181695.921875	224533.453125	18105.166015625	0.0543537341015328	0.049698	0.02	1	ANTBSE0061	2.078760163	2.534246575	3.635761589	2.415405165	3.001507159	5	2	2015	1
AN_BLA_004	16685	4	181695.921875	224533.453125	18105.166015625	0.0543537341015328	0.049698	0.02	1	ANTBSE0061	2.078760163	2.534246575	3.635761589	2.415405165	3.001507159	5	2	2015	1
AN_BLA_004	16685	5	181695.921875	224533.453125	18105.166015625	0.0543537341015328	0.049698	0.02	1	ANTBSE0061	2.078760163	2.534246575	3.635761589	2.415405165	3.001507159	5	2	2015	1
AN_BLA_004	16720	3	181695.921875	224533.453125	18105.166015625	0.0194120478934046	0.063252	0.02	1	ANTBSE0061	2.078760163	2.534246575	3.635761589	2.415405165	3.001507159	5	2	2015	1
AN_BLA_004	16720	4	181695.921875	224533.453125	18105.166015625	0.0194120478934046	0.063252	0.02	1	ANTBSE0061	2.078760163	2.534246575	3.635761589	2.415405165	3.001507159	5	2	2015	1
AN_BLA_004	16720	5	181695.921875	224533.453125	18105.166015625	0.0194120478934046	0.063252	0.02	1	ANTBSE0061	2.078760163	2.534246575	3.635761589	2.415405165	3.001507159	5	2	2015	1
AN_BLA_004	16748	3	181695.921875	224533.453125	18105.166015625	0.0621185532588946	0.15813	0.02	1	ANTBSE0061	2.078760163	2.534246575	3.635761589	2.415405165	3.001507159	5	2	2015	1
AN_BLA_004	16748	4	181695.921875	224533.453125	18105.166015625	0.0621185532588946	0.15813	0.02	1	ANTBSE0061	2.078760163	2.534246575	3.635761589	2.415405165	3.001507159	5	2	2015	1
AN_BLA_004	16748	5	181695.921875	224533.453125	18105.166015625	0.0621185532588946	0.15813	0.02	1	ANTBSE0061	2.078760163	2.534246575	3.635761589	2.415405165	3.001507159	5	2	2015	1
AN_BLA_004	16777	3	181695.921875	224533.453125	18105.166015625	0.0776481915736183	0.246231	0.02	1	ANTBSE0061	2.078760163	2.534246575	3.635761589	2.415405165	3.001507159	5	2	2015	1
AN_BLA_004	16777	4	181695.921875	224533.453125	18105.166015625	0.0776481915736183	0.246231	0.02	1	ANTBSE0061	2.078760163	2.534246575	3.635761589	2.415405165	3.001507159	5	2	2015	1
AN_BLA_004	16777	5	181695.921875	224533.453125	18105.166015625	0.0776481915736183	0.246231	0.02	1	ANTBSE0061	2.078760163	2.534246575	3.635761589	2.415405165	3.001507159	5	2	2015	1
AN_BLA_004	16819	3	181695.921875	224533.453125	18105.166015625	0.0465889149441709	0.625743	0.02	1	ANTBSE0061	2.078760163	2.534246575	3.635761589	2.415405165	3.001507159	5	2	2016	1
AN_BLA_004	16819	4	181695.921875	224533.453125	18105.166015625	0.0465889149441709	0.625743	0.02	1	ANTBSE0061	2.078760163	2.534246575	3.635761589	2.415405165	3.001507159	5	2	2016	1
AN_BLA_004	16819	5	181695.921875	224533.453125	18105.166015625	0.0465889149441709	0.625743	0.02	1	ANTBSE0061	2.078760163	2.534246575	3.635761589	2.415405165	3.001507159	5	2	2016	1
AN_BLA_004	16846	3	181695.921875	224533.453125	18105.166015625	0.0388240957868091	0.578304	0.02	1	ANTBSE0061	2.078760163	2.534246575	3.635761589	2.415405165	3.001507159	5	2	2016	1
AN_BLA_004	16846	4	181695.921875	224533.453125	18105.166015625	0.0388240957868091	0.578304	0.02	1	ANTBSE0061	2.078760163	2.534246575	3.635761589	2.415405165	3.001507159	5	2	2016	1
AN_BLA_004	16846	5	181695.921875	224533.453125	18105.166015625	0.0388240957868091	0.578304	0.02	1	ANTBSE0061	2.078760163	2.534246575	3.635761589	2.415405165	3.001507159	5	2	2016	1
AN_BLA_004	16874	3	181695.921875	224533.453125	18105.166015625	0.0465889149441709	0.801945	0.02	1	ANTBSE0061	2.078760163	2.534246575	3.635761589	2.415405165	3.001507159	5	2	2016	1
AN_BLA_004	16874	4	181695.921875	224533.453125	18105.166015625	0.0465889149441709	0.801945	0.02	1	ANTBSE0061	2.078760163	2.534246575	3.635761589	2.415405165	3.001507159	5	2	2016	1
AN_BLA_004	16874	5	181695.921875	224533.453125	18105.166015625	0.0465889149441709	0.801945	0.02	1	ANTBSE0061	2.078760163	2.534246575	3.635761589	2.415405165	3.001507159	5	2	2016	1
AN_BLA_004	16909	3	181695.921875	224533.453125	18105.166015625	0.0388240957868091	0.60993	0.02	1	ANTBSE0061	2.078760163	2.534246575	3.635761589	2.415405165	3.001507159	5	2	2016	1
AN_BLA_004	16909	4	181695.921875	224533.453125	18105.166015625	0.0388240957868091	0.60993	0.02	1	ANTBSE0061	2.078760163	2.534246575	3.635761589	2.415405165	3.001507159	5	2	2016	1
AN_BLA_004	16909	5	181695.921875	224533.453125	18105.166015625	0.0388240957868091	0.60993	0.02	1	ANTBSE0061	2.078760163	2.534246575	3.635761589	2.415405165	3.001507159	5	2	2016	1
AN_BLA_004	16938	3	181695.921875	224533.453125	18105.166015625	0.0388240957868091	0.426951	0.0233	1	ANTBSE0061	2.078760163	2.534246575	3.635761589	2.415405165	3.001507159	5	2	2016	1
AN_BLA_004	16938	4	181695.921875	224533.453125	18105.166015625	0.0388240957868091	0.426951	0.0233	1	ANTBSE0061	2.078760163	2.534246575	3.635761589	2.415405165	3.001507159	5	2	2016	1
AN_BLA_004	16938	5	181695.921875	224533.453125	18105.166015625	0.0388240957868091	0.426951	0.0233	1	ANTBSE0061	2.078760163	2.534246575	3.635761589	2.415405165	3.001507159	5	2	2016	1
AN_KAS_002	16609	3	190766.625	214944.546875	833.589172363281	0.0621185532588946	0.031626	0.3043	1	ANTKAS0403	2.17699115	2.550420168	3.42519685	3.807733051	3.902589396	5	2	2015	1
AN_KAS_002	16693	3	190766.625	214944.546875	833.589172363281	0.0465889149441709	0.02259	0.0366	1	ANTKAS0403	2.17699115	2.550420168	3.42519685	3.807733051	3.902589396	5	2	2015	1
AN_KAS_002	16728	3	190766.625	214944.546875	833.589172363281	0.201885298091407	0.101655	0.07	1	ANTKAS0403	2.17699115	2.550420168	3.42519685	3.807733051	3.902589396	5	2	2015	1
AN_KAS_002	16756	3	190766.625	214944.546875	833.589172363281	0.396005777025453	0.065511	0.067	1	ANTKAS0403	2.17699115	2.550420168	3.42519685	3.807733051	3.902589396	5	2	2015	1
AN_KAS_002	16784	3	190766.625	214944.546875	833.589172363281	0.605655894274222	0.155871	0.1284	1	ANTKAS0403	2.17699115	2.550420168	3.42519685	3.807733051	3.902589396	5	2	2015	1
AN_BAS_002	17336	6	206888.703125	204549.1875	1273.93078613281	0.0931778298883419	0.079065	0.142	1	ANTBAL0592	1.136915078	2.556701031	4.161290323	3.077262693	3.475299401	5	2	2017	1
AN_BAS_002	17372	6	206888.703125	204549.1875	1273.93078613281	0.318357585451835	0.070029	0.219	1	ANTBAL0592	1.136915078	2.556701031	4.161290323	3.077262693	3.475299401	5	2	2017	1
AN_BAS_002	17399	6	206888.703125	204549.1875	1273.93078613281	0.504713245228519	0.121986	0.129	1	ANTBAL0592	1.136915078	2.556701031	4.161290323	3.077262693	3.475299401	5	2	2017	1
AN_BAS_002	17434	6	206888.703125	204549.1875	1273.93078613281	0.0388240957868091	0.182979	0.082	1	ANTBAL0592	1.136915078	2.556701031	4.161290323	3.077262693	3.475299401	5	2	2017	1
AN_BAS_002	17448	6	206888.703125	204549.1875	1273.93078613281	0.0931778298883419	0.097137	0.1263	1	ANTBAL0592	1.136915078	2.556701031	4.161290323	3.077262693	3.475299401	5	2	2017	1
AN_BAS_002	17490	6	206888.703125	204549.1875	1273.93078613281	0.139766744832513	0.054216	0.0418	1	ANTBAL0592	1.136915078	2.556701031	4.161290323	3.077262693	3.475299401	5	2	2017	1
AN_BAS_002	17533	6	206888.703125	204549.1875	1273.93078613281	0.201885298091407	0.074547	0.1028	1	ANTBAL0592	1.136915078	2.556701031	4.161290323	3.077262693	3.475299401	5	2	2018	1
AN_BAS_002	17560	6	206888.703125	204549.1875	1273.93078613281	0.0388240957868091	0.06777	0.085	1	ANTBAL0592	1.136915078	2.556701031	4.161290323	3.077262693	3.475299401	5	2	2018	1
AN_BAS_002	17602	6	206888.703125	204549.1875	1273.93078613281	0.0388240957868091	0.038403	0.062	1	ANTBAL0592	1.136915078	2.556701031	4.161290323	3.077262693	3.475299401	5	2	2018	1
AN_BAS_002	17624	6	206888.703125	204549.1875	1273.93078613281	0.0388240957868091	0.038403	0.038	1	ANTBAL0592	1.136915078	2.556701031	4.161290323	3.077262693	3.475299401	5	2	2018	1
AN_BAS_002	17673	6	206888.703125	204549.1875	1273.93078613281	0.0388240957868091	0.070029	0.2295	1	ANTBAL0592	1.136915078	2.556701031	4.161290323	3.077262693	3.475299401	5	2	2018	1
LI_MLV_021	16966	4	217522.375	186440.265625	5644.576171875	0.0465889149441709	0.128763	0.2507	1	LIMZNH0036	2.932659933	2.556737589	2.445595855	2.215571557	2.723008191	5	4	2016	1
LI_MLV_021	17014	4	217522.375	186440.265625	5644.576171875	0.116472287360427	0.02259	0.165	1	LIMZNH0036	2.932659933	2.556737589	2.445595855	2.215571557	2.723008191	5	4	2016	1
LI_MLV_021	17042	4	217522.375	186440.265625	5644.576171875	0.0388240957868091	0.027108	0.2108	1	LIMZNH0036	2.932659933	2.556737589	2.445595855	2.215571557	2.723008191	5	4	2016	1
LI_MLV_021	17050	4	217522.375	186440.265625	5644.576171875	0.0388240957868091	0.02259	0.0707	1	LIMZNH0036	2.932659933	2.556737589	2.445595855	2.215571557	2.723008191	5	4	2016	1
LI_MLV_021	17099	4	217522.375	186440.265625	5644.576171875	0.0465889149441709	0.02259	0.0929	1	LIMZNH0036	2.932659933	2.556737589	2.445595855	2.215571557	2.723008191	5	4	2016	1
LI_MLV_021	17112	4	217522.375	186440.265625	5644.576171875	0.0465889149441709	0.02259	0.0814	1	LIMZNH0036	2.932659933	2.556737589	2.445595855	2.215571557	2.723008191	5	4	2016	1
LI_MLV_021	17134	4	217522.375	186440.265625	5644.576171875	0.0388240957868091	0.027108	0.0964	1	LIMZNH0036	2.932659933	2.556737589	2.445595855	2.215571557	2.723008191	5	4	2016	1
LI_MLV_021	17211	4	217522.375	186440.265625	5644.576171875	0.0388240957868091	0.029367	0.2236	1	LIMZNH0036	2.932659933	2.556737589	2.445595855	2.215571557	2.723008191	5	4	2017	1
LI_MLV_021	17238	4	217522.375	186440.265625	5644.576171875	0.0388240957868091	0.04518	0.1158	1	LIMZNH0036	2.932659933	2.556737589	2.445595855	2.215571557	2.723008191	5	4	2017	1
LI_MLV_021	17281	4	217522.375	186440.265625	5644.576171875	0.0388240957868091	0.04518	0.103	1	LIMZNH0036	2.932659933	2.556737589	2.445595855	2.215571557	2.723008191	5	4	2017	1
LI_MLV_021	17302	4	217522.375	186440.265625	5644.576171875	0.0621185532588946	0.042921	0.204	1	LIMZNH0036	2.932659933	2.556737589	2.445595855	2.215571557	2.723008191	5	4	2017	1
OV_DON_002	17735	6	122460.9609375	192991.0625	354321.625	0.0388240957868091	0.033885	0.2802	1	OVLBLE0248	2.313873733	2.558035714	3.665151515	3.556876939	3.606595092	2	4	2018	1
OV_DON_002	17764	6	122460.9609375	192991.0625	354321.625	0.0388240957868091	0.033885	0.5679	1	OVLBLE0248	2.313873733	2.558035714	3.665151515	3.556876939	3.606595092	2	4	2018	1
OV_DON_002	17778	6	122460.9609375	192991.0625	354321.625	0.0698833724162564	0.054216	0.4951	1	OVLBLE0248	2.313873733	2.558035714	3.665151515	3.556876939	3.606595092	2	4	2018	1
OV_DON_002	17819	6	122460.9609375	192991.0625	354321.625	0.388240957868091	0.02259	0.2791	1	OVLBLE0248	2.313873733	2.558035714	3.665151515	3.556876939	3.606595092	2	4	2018	1
OV_DON_002	17869	6	122460.9609375	192991.0625	354321.625	0.0388240957868091	0.02259	0.1912	1	OVLBLE0248	2.313873733	2.558035714	3.665151515	3.556876939	3.606595092	2	4	2018	1
OV_DON_002	17883	6	122460.9609375	192991.0625	354321.625	0.0543537341015328	0.088101	0.1473	1	OVLBLE0248	2.313873733	2.558035714	3.665151515	3.556876939	3.606595092	2	4	2018	1
AN_MOL_003	16952	3	207743.09375	214068.78125	10759.38671875	0.714363362477288	0.119727	0.0244	1	ANTMOL0555	2.813411079	2.56462585	3.412181303	3.670336037	2.171753016	5	4	2016	1
AN_MOL_003	16952	5	207743.09375	214068.78125	10759.38671875	0.714363362477288	0.119727	0.0244	1	ANTMOL0555	2.813411079	2.56462585	3.412181303	3.670336037	2.171753016	5	4	2016	1
AN_MOL_003	16952	7	207743.09375	214068.78125	10759.38671875	0.714363362477288	0.119727	0.0244	1	ANTMOL0555	2.813411079	2.56462585	3.412181303	3.670336037	2.171753016	5	4	2016	1
AN_MOL_003	16979	3	207743.09375	214068.78125	10759.38671875	0.326122404609197	0.051957	0.02	1	ANTMOL0555	2.813411079	2.56462585	3.412181303	3.670336037	2.171753016	5	4	2016	1
AN_MOL_003	16979	5	207743.09375	214068.78125	10759.38671875	0.326122404609197	0.051957	0.02	1	ANTMOL0555	2.813411079	2.56462585	3.412181303	3.670336037	2.171753016	5	4	2016	1
AN_MOL_003	16979	7	207743.09375	214068.78125	10759.38671875	0.326122404609197	0.051957	0.02	1	ANTMOL0555	2.813411079	2.56462585	3.412181303	3.670336037	2.171753016	5	4	2016	1
AN_MOL_003	17029	3	207743.09375	214068.78125	10759.38671875	0.34165204292392	0.038403	0.02	1	ANTMOL0555	2.813411079	2.56462585	3.412181303	3.670336037	2.171753016	5	4	2016	1
AN_MOL_003	17029	5	207743.09375	214068.78125	10759.38671875	0.34165204292392	0.038403	0.02	1	ANTMOL0555	2.813411079	2.56462585	3.412181303	3.670336037	2.171753016	5	4	2016	1
AN_MOL_003	17029	7	207743.09375	214068.78125	10759.38671875	0.34165204292392	0.038403	0.02	1	ANTMOL0555	2.813411079	2.56462585	3.412181303	3.670336037	2.171753016	5	4	2016	1
AN_MOL_003	17057	3	207743.09375	214068.78125	10759.38671875	0.652244809218393	0.040662	0.02	1	ANTMOL0555	2.813411079	2.56462585	3.412181303	3.670336037	2.171753016	5	4	2016	1
AN_MOL_003	17057	5	207743.09375	214068.78125	10759.38671875	0.652244809218393	0.040662	0.02	1	ANTMOL0555	2.813411079	2.56462585	3.412181303	3.670336037	2.171753016	5	4	2016	1
AN_MOL_003	17057	7	207743.09375	214068.78125	10759.38671875	0.652244809218393	0.040662	0.02	1	ANTMOL0555	2.813411079	2.56462585	3.412181303	3.670336037	2.171753016	5	4	2016	1
AN_MOL_003	17085	3	207743.09375	214068.78125	10759.38671875	1.17248769276164	0.131022	0.0249	1	ANTMOL0555	2.813411079	2.56462585	3.412181303	3.670336037	2.171753016	5	4	2016	1
AN_MOL_003	17085	5	207743.09375	214068.78125	10759.38671875	1.17248769276164	0.131022	0.0249	1	ANTMOL0555	2.813411079	2.56462585	3.412181303	3.670336037	2.171753016	5	4	2016	1
AN_MOL_003	17085	7	207743.09375	214068.78125	10759.38671875	1.17248769276164	0.131022	0.0249	1	ANTMOL0555	2.813411079	2.56462585	3.412181303	3.670336037	2.171753016	5	4	2016	1
AN_MOL_003	17112	3	207743.09375	214068.78125	10759.38671875	1.11036913950274	0.088101	0.0216	1	ANTMOL0555	2.813411079	2.56462585	3.412181303	3.670336037	2.171753016	5	4	2016	1
AN_MOL_003	17112	5	207743.09375	214068.78125	10759.38671875	1.11036913950274	0.088101	0.0216	1	ANTMOL0555	2.813411079	2.56462585	3.412181303	3.670336037	2.171753016	5	4	2016	1
AN_MOL_003	17112	7	207743.09375	214068.78125	10759.38671875	1.11036913950274	0.088101	0.0216	1	ANTMOL0555	2.813411079	2.56462585	3.412181303	3.670336037	2.171753016	5	4	2016	1
AN_MOL_003	17134	3	207743.09375	214068.78125	10759.38671875	0.947307937198143	0.085842	0.0243	1	ANTMOL0555	2.813411079	2.56462585	3.412181303	3.670336037	2.171753016	5	4	2016	1
AN_MOL_003	17134	5	207743.09375	214068.78125	10759.38671875	0.947307937198143	0.085842	0.0243	1	ANTMOL0555	2.813411079	2.56462585	3.412181303	3.670336037	2.171753016	5	4	2016	1
AN_MOL_003	17134	7	207743.09375	214068.78125	10759.38671875	0.947307937198143	0.085842	0.0243	1	ANTMOL0555	2.813411079	2.56462585	3.412181303	3.670336037	2.171753016	5	4	2016	1
AN_MOL_003	17169	3	207743.09375	214068.78125	10759.38671875	0.885189383939248	0.119727	0.02	1	ANTMOL0555	2.813411079	2.56462585	3.412181303	3.670336037	2.171753016	5	4	2017	1
AN_MOL_003	17169	5	207743.09375	214068.78125	10759.38671875	0.885189383939248	0.119727	0.02	1	ANTMOL0555	2.813411079	2.56462585	3.412181303	3.670336037	2.171753016	5	4	2017	1
AN_MOL_003	17169	7	207743.09375	214068.78125	10759.38671875	0.885189383939248	0.119727	0.02	1	ANTMOL0555	2.813411079	2.56462585	3.412181303	3.670336037	2.171753016	5	4	2017	1
AN_MOL_003	17196	3	207743.09375	214068.78125	10759.38671875	1.18801733107636	0.103914	0.024	1	ANTMOL0555	2.813411079	2.56462585	3.412181303	3.670336037	2.171753016	5	4	2017	1
AN_MOL_003	17196	5	207743.09375	214068.78125	10759.38671875	1.18801733107636	0.103914	0.024	1	ANTMOL0555	2.813411079	2.56462585	3.412181303	3.670336037	2.171753016	5	4	2017	1
AN_MOL_003	17196	7	207743.09375	214068.78125	10759.38671875	1.18801733107636	0.103914	0.024	1	ANTMOL0555	2.813411079	2.56462585	3.412181303	3.670336037	2.171753016	5	4	2017	1
AN_MOL_003	17245	3	207743.09375	214068.78125	10759.38671875	0.660009628375755	0.094878	0.02	1	ANTMOL0555	2.813411079	2.56462585	3.412181303	3.670336037	2.171753016	5	4	2017	1
AN_MOL_003	17245	5	207743.09375	214068.78125	10759.38671875	0.660009628375755	0.094878	0.02	1	ANTMOL0555	2.813411079	2.56462585	3.412181303	3.670336037	2.171753016	5	4	2017	1
AN_MOL_003	17245	7	207743.09375	214068.78125	10759.38671875	0.660009628375755	0.094878	0.02	1	ANTMOL0555	2.813411079	2.56462585	3.412181303	3.670336037	2.171753016	5	4	2017	1
AN_MOL_003	17259	3	207743.09375	214068.78125	10759.38671875	0.473653968599071	0.079065	0.02	1	ANTMOL0555	2.813411079	2.56462585	3.412181303	3.670336037	2.171753016	5	4	2017	1
AN_MOL_003	17259	5	207743.09375	214068.78125	10759.38671875	0.473653968599071	0.079065	0.02	1	ANTMOL0555	2.813411079	2.56462585	3.412181303	3.670336037	2.171753016	5	4	2017	1
AN_MOL_003	17259	7	207743.09375	214068.78125	10759.38671875	0.473653968599071	0.079065	0.02	1	ANTMOL0555	2.813411079	2.56462585	3.412181303	3.670336037	2.171753016	5	4	2017	1
AN_MOL_003	17294	3	207743.09375	214068.78125	10759.38671875	0.201885298091407	0.099396	0.02	1	ANTMOL0555	2.813411079	2.56462585	3.412181303	3.670336037	2.171753016	5	4	2017	1
AN_MOL_003	17294	5	207743.09375	214068.78125	10759.38671875	0.201885298091407	0.099396	0.02	1	ANTMOL0555	2.813411079	2.56462585	3.412181303	3.670336037	2.171753016	5	4	2017	1
AN_MOL_003	17294	7	207743.09375	214068.78125	10759.38671875	0.201885298091407	0.099396	0.02	1	ANTMOL0555	2.813411079	2.56462585	3.412181303	3.670336037	2.171753016	5	4	2017	1
LI_LAN_003	16202	6	223873.921875	182157.59375	40051.140625	0.0776481915736183	0.04518	NA	1	LIMDPB0057	2.492682927	2.568965517	3.668956044	3.780470914	2.465063862	5	4	2014	1
LI_LAN_003	16238	6	223873.921875	182157.59375	40051.140625	0.0776481915736183	0.106173	NA	1	LIMDPB0057	2.492682927	2.568965517	3.668956044	3.780470914	2.465063862	5	4	2014	1
LI_LAN_003	16266	6	223873.921875	182157.59375	40051.140625	0.100942649045704	0.040662	NA	1	LIMDPB0057	2.492682927	2.568965517	3.668956044	3.780470914	2.465063862	5	4	2014	1
LI_LAN_003	16307	6	223873.921875	182157.59375	40051.140625	0.0776481915736183	0.060993	NA	1	LIMDPB0057	2.492682927	2.568965517	3.668956044	3.780470914	2.465063862	5	4	2014	1
LI_LAN_003	16342	6	223873.921875	182157.59375	40051.140625	0.0776481915736183	0.081324	NA	1	LIMDPB0057	2.492682927	2.568965517	3.668956044	3.780470914	2.465063862	5	4	2014	1
LI_DKV_001	17504	5	228667.390625	163548.375	119.191192626953	0.124237106517789	0.187497	0.3314	1	LIMTON0188	4	2.576470588	3.343137255	3.671136654	3.93328279	10	1	2017	1
LI_DKV_001	17539	5	228667.390625	163548.375	119.191192626953	0.0388240957868091	0.058734	0.0433	1	LIMTON0188	4	2.576470588	3.343137255	3.671136654	3.93328279	10	1	2018	1
LI_DKV_001	17574	5	228667.390625	163548.375	119.191192626953	0.0388240957868091	0.386289	0.0217	1	LIMTON0188	4	2.576470588	3.343137255	3.671136654	3.93328279	10	1	2018	1
LI_DKV_001	17595	5	228667.390625	163548.375	119.191192626953	0.0931778298883419	0.070029	0.039	1	LIMTON0188	4	2.576470588	3.343137255	3.671136654	3.93328279	10	1	2018	1
LI_DKV_001	17637	5	228667.390625	163548.375	119.191192626953	0.0388240957868091	0.031626	0.0213	1	LIMTON0188	4	2.576470588	3.343137255	3.671136654	3.93328279	10	1	2018	1
LI_DKV_001	17665	5	228667.390625	163548.375	119.191192626953	0.0543537341015328	0.029367	0.0405	1	LIMTON0188	4	2.576470588	3.343137255	3.671136654	3.93328279	10	1	2018	1
LI_DKV_001	17714	5	228667.390625	163548.375	119.191192626953	0.0388240957868091	0.036144	0.144	1	LIMTON0188	4	2.576470588	3.343137255	3.671136654	3.93328279	10	1	2018	1
AN_VRI_001	16217	3	166536.828125	212266.21875	10387.33203125	0.108707468203066	0.031626	NA	1	ANTRAN0277	2.488338192	2.578125	2.597510373	3.795514512	3.610105581	5	4	2014	1
AN_VRI_001	16238	3	166536.828125	212266.21875	10387.33203125	0.0776481915736183	0.040662	NA	1	ANTRAN0277	2.488338192	2.578125	2.597510373	3.795514512	3.610105581	5	4	2014	1
AN_VRI_001	16273	3	166536.828125	212266.21875	10387.33203125	0.0776481915736183	0.04518	NA	1	ANTRAN0277	2.488338192	2.578125	2.597510373	3.795514512	3.610105581	5	4	2014	1
AN_VRI_001	16301	3	166536.828125	212266.21875	10387.33203125	0.0776481915736183	0.038403	NA	1	ANTRAN0277	2.488338192	2.578125	2.597510373	3.795514512	3.610105581	5	4	2014	1
AN_VRI_001	16336	3	166536.828125	212266.21875	10387.33203125	0.0776481915736183	0.079065	NA	1	ANTRAN0277	2.488338192	2.578125	2.597510373	3.795514512	3.610105581	5	4	2014	1
AN_VRI_001	16377	3	166536.828125	212266.21875	10387.33203125	0.0776481915736183	0.02259	NA	1	ANTRAN0277	2.488338192	2.578125	2.597510373	3.795514512	3.610105581	5	4	2014	1
LI_WIK_008	16952	3	224195.28125	185237.125	8779.93359375	0.0621185532588946	0.070029	0.0523	1	LIMGNK0156	2.303370787	2.58677686	3.602631579	2.396144279	2.094252874	5	4	2016	1
LI_WIK_008	16986	3	224195.28125	185237.125	8779.93359375	0.0388240957868091	0.02259	0.0437	1	LIMGNK0156	2.303370787	2.58677686	3.602631579	2.396144279	2.094252874	5	4	2016	1
LI_WIK_008	17022	3	224195.28125	185237.125	8779.93359375	0.0388240957868091	0.02259	0.029	1	LIMGNK0156	2.303370787	2.58677686	3.602631579	2.396144279	2.094252874	5	4	2016	1
LI_WIK_008	17070	3	224195.28125	185237.125	8779.93359375	0.0388240957868091	0.02259	0.0254	1	LIMGNK0156	2.303370787	2.58677686	3.602631579	2.396144279	2.094252874	5	4	2016	1
LI_WIK_008	17091	3	224195.28125	185237.125	8779.93359375	0.0388240957868091	0.02259	0.02	1	LIMGNK0156	2.303370787	2.58677686	3.602631579	2.396144279	2.094252874	5	4	2016	1
LI_WIK_008	17127	3	224195.28125	185237.125	8779.93359375	0.0388240957868091	0.033885	0.02	1	LIMGNK0156	2.303370787	2.58677686	3.602631579	2.396144279	2.094252874	5	4	2016	1
LI_WIK_008	17133	3	224195.28125	185237.125	8779.93359375	0.0388240957868091	0.033885	0.0254	1	LIMGNK0156	2.303370787	2.58677686	3.602631579	2.396144279	2.094252874	5	4	2016	1
LI_WIK_008	17190	3	224195.28125	185237.125	8779.93359375	0.0388240957868091	0.070029	0.0226	1	LIMGNK0156	2.303370787	2.58677686	3.602631579	2.396144279	2.094252874	5	4	2017	1
LI_WIK_008	17210	3	224195.28125	185237.125	8779.93359375	0.0388240957868091	0.040662	0.02	1	LIMGNK0156	2.303370787	2.58677686	3.602631579	2.396144279	2.094252874	5	4	2017	1
LI_WIK_008	17232	3	224195.28125	185237.125	8779.93359375	0.0388240957868091	0.031626	0.02	1	LIMGNK0156	2.303370787	2.58677686	3.602631579	2.396144279	2.094252874	5	4	2017	1
LI_WIK_008	17266	3	224195.28125	185237.125	8779.93359375	0.0388240957868091	0.047439	0.02	1	LIMGNK0156	2.303370787	2.58677686	3.602631579	2.396144279	2.094252874	5	4	2017	1
LI_WIK_008	17301	3	224195.28125	185237.125	8779.93359375	0.0698833724162564	0.079065	0.047	1	LIMGNK0156	2.303370787	2.58677686	3.602631579	2.396144279	2.094252874	5	4	2017	1
LI_HAL_003	17700	6	200690.53125	185517.546875	316.263854980469	2.34497538552327	0.06777	0.0314	1	LIMHLN0163	2.115	2.592783505	3.943965517	3.053166069	3.444609665	5	1	2018	1
LI_HAL_003	17743	6	200690.53125	185517.546875	316.263854980469	12.726538598916	0.063252	0.7322	1	LIMHLN0163	2.115	2.592783505	3.943965517	3.053166069	3.444609665	5	1	2018	1
LI_HAL_003	17770	6	200690.53125	185517.546875	316.263854980469	21.8579659279735	0.063252	0.4644	1	LIMHLN0163	2.115	2.592783505	3.943965517	3.053166069	3.444609665	5	1	2018	1
LI_HAL_003	17798	6	200690.53125	185517.546875	316.263854980469	7.13586880561552	0.06777	0.2585	1	LIMHLN0163	2.115	2.592783505	3.943965517	3.053166069	3.444609665	5	1	2018	1
LI_HAL_003	17827	6	200690.53125	185517.546875	316.263854980469	12.9206590778501	0.072288	0.02	1	LIMHLN0163	2.115	2.592783505	3.943965517	3.053166069	3.444609665	5	1	2018	1
LI_HAL_003	17854	6	200690.53125	185517.546875	316.263854980469	6.996102060783	0.024849	0.02	1	LIMHLN0163	2.115	2.592783505	3.943965517	3.053166069	3.444609665	5	1	2018	1
LI_HAL_003	17876	6	200690.53125	185517.546875	316.263854980469	3.50193343997018	0.099396	0.1415	1	LIMHLN0163	2.115	2.592783505	3.943965517	3.053166069	3.444609665	5	1	2018	1
LI_BER_004	17700	3	242940.40625	196582.65625	1592.33117675781	0.0388240957868091	0.094878	0.215	1	LIMMSK0030	1.854077253	2.597156398	3.774932615	4.103153745	2.94921875	5	2	2018	1
LI_BER_004	17715	3	242940.40625	196582.65625	1592.33117675781	0.0931778298883419	0.074547	0.2538	1	LIMMSK0030	1.854077253	2.597156398	3.774932615	4.103153745	2.94921875	5	2	2018	1
LI_BER_004	17749	3	242940.40625	196582.65625	1592.33117675781	2.79533489665026	0.049698	0.2091	1	LIMMSK0030	1.854077253	2.597156398	3.774932615	4.103153745	2.94921875	5	2	2018	1
LI_BER_004	17784	3	242940.40625	196582.65625	1592.33117675781	3.42428524839656	0.063252	0.2037	1	LIMMSK0030	1.854077253	2.597156398	3.774932615	4.103153745	2.94921875	5	2	2018	1
LI_BER_004	17861	3	242940.40625	196582.65625	1592.33117675781	0.34165204292392	0.027108	0.1294	1	LIMMSK0030	1.854077253	2.597156398	3.774932615	4.103153745	2.94921875	5	2	2018	1
LI_BER_004	17875	3	242940.40625	196582.65625	1592.33117675781	0.621185532588946	0.151353	0.0563	1	LIMMSK0030	1.854077253	2.597156398	3.774932615	4.103153745	2.94921875	5	2	2018	1
LI_OPH_004	16959	7	232614.484375	194567.03125	22562.162109375	0.100942649045704	0.160389	0.0525	1	LIMOPG0016	2.171232877	2.598039216	3.209443099	3.700242718	3.771979986	5	4	2016	1
LI_OPH_004	17015	7	232614.484375	194567.03125	22562.162109375	0.349416862081282	0.02259	0.0642	1	LIMOPG0016	2.171232877	2.598039216	3.209443099	3.700242718	3.771979986	5	4	2016	1
LI_OPH_004	17042	7	232614.484375	194567.03125	22562.162109375	0.0388240957868091	0.02259	0.0586	1	LIMOPG0016	2.171232877	2.598039216	3.209443099	3.700242718	3.771979986	5	4	2016	1
LI_OPH_004	17070	7	232614.484375	194567.03125	22562.162109375	0.0388240957868091	0.027108	0.0476	1	LIMOPG0016	2.171232877	2.598039216	3.209443099	3.700242718	3.771979986	5	4	2016	1
LI_OPH_004	17099	7	232614.484375	194567.03125	22562.162109375	0.100942649045704	0.029367	0.0836	1	LIMOPG0016	2.171232877	2.598039216	3.209443099	3.700242718	3.771979986	5	4	2016	1
LI_OPH_004	17133	7	232614.484375	194567.03125	22562.162109375	0.729893000792011	0.11295	0.0719	1	LIMOPG0016	2.171232877	2.598039216	3.209443099	3.700242718	3.771979986	5	4	2016	1
LI_OPH_004	17168	7	232614.484375	194567.03125	22562.162109375	0.970602394670228	0.2259	0.0752	1	LIMOPG0016	2.171232877	2.598039216	3.209443099	3.700242718	3.771979986	5	4	2017	1
LI_OPH_004	17189	7	232614.484375	194567.03125	22562.162109375	0.986132032984952	0.196533	0.0755	1	LIMOPG0016	2.171232877	2.598039216	3.209443099	3.700242718	3.771979986	5	4	2017	1
LI_OPH_004	17210	7	232614.484375	194567.03125	22562.162109375	0.72212818163465	0.268821	0.0701	1	LIMOPG0016	2.171232877	2.598039216	3.209443099	3.700242718	3.771979986	5	4	2017	1
LI_OPH_004	17246	7	232614.484375	194567.03125	22562.162109375	0.380476138710729	0.246231	0.0398	1	LIMOPG0016	2.171232877	2.598039216	3.209443099	3.700242718	3.771979986	5	4	2017	1
LI_OPH_004	17280	7	232614.484375	194567.03125	22562.162109375	0.0465889149441709	0.065511	0.056	1	LIMOPG0016	2.171232877	2.598039216	3.209443099	3.700242718	3.771979986	5	4	2017	1
LI_OPH_004	17316	7	232614.484375	194567.03125	22562.162109375	0.0698833724162564	0.106173	0.103	1	LIMOPG0016	2.171232877	2.598039216	3.209443099	3.700242718	3.771979986	5	4	2017	1
LI_MLV_020	16966	3	216922.296875	186184.625	4892.64404296875	0.0698833724162564	0.092619	0.0661	1	LIMZNH0065	2.650170648	2.601626016	2.217131474	3.320197044	2.661572052	5	4	2016	1
LI_MLV_020	16966	4	216922.296875	186184.625	4892.64404296875	0.0698833724162564	0.092619	0.0661	1	LIMZNH0065	2.650170648	2.601626016	2.217131474	3.320197044	2.661572052	5	4	2016	1
LI_MLV_020	17014	3	216922.296875	186184.625	4892.64404296875	0.132001925675151	0.02259	0.0514	1	LIMZNH0065	2.650170648	2.601626016	2.217131474	3.320197044	2.661572052	5	4	2016	1
LI_MLV_020	17014	4	216922.296875	186184.625	4892.64404296875	0.132001925675151	0.02259	0.0514	1	LIMZNH0065	2.650170648	2.601626016	2.217131474	3.320197044	2.661572052	5	4	2016	1
LI_MLV_020	17042	3	216922.296875	186184.625	4892.64404296875	0.0388240957868091	0.02259	0.0615	1	LIMZNH0065	2.650170648	2.601626016	2.217131474	3.320197044	2.661572052	5	4	2016	1
LI_MLV_020	17042	4	216922.296875	186184.625	4892.64404296875	0.0388240957868091	0.02259	0.0615	1	LIMZNH0065	2.650170648	2.601626016	2.217131474	3.320197044	2.661572052	5	4	2016	1
LI_MLV_020	17050	3	216922.296875	186184.625	4892.64404296875	0.0388240957868091	0.02259	0.3306	1	LIMZNH0065	2.650170648	2.601626016	2.217131474	3.320197044	2.661572052	5	4	2016	1
LI_MLV_020	17050	4	216922.296875	186184.625	4892.64404296875	0.0388240957868091	0.02259	0.3306	1	LIMZNH0065	2.650170648	2.601626016	2.217131474	3.320197044	2.661572052	5	4	2016	1
LI_MLV_020	17211	3	216922.296875	186184.625	4892.64404296875	0.0388240957868091	0.397584	0.0583	1	LIMZNH0065	2.650170648	2.601626016	2.217131474	3.320197044	2.661572052	5	4	2017	1
LI_MLV_020	17211	4	216922.296875	186184.625	4892.64404296875	0.0388240957868091	0.397584	0.0583	1	LIMZNH0065	2.650170648	2.601626016	2.217131474	3.320197044	2.661572052	5	4	2017	1
LI_MLV_020	17238	3	216922.296875	186184.625	4892.64404296875	0.0543537341015328	0.054216	0.02	1	LIMZNH0065	2.650170648	2.601626016	2.217131474	3.320197044	2.661572052	5	4	2017	1
LI_MLV_020	17238	4	216922.296875	186184.625	4892.64404296875	0.0543537341015328	0.054216	0.02	1	LIMZNH0065	2.650170648	2.601626016	2.217131474	3.320197044	2.661572052	5	4	2017	1
LI_MLV_020	17280	3	216922.296875	186184.625	4892.64404296875	0.0388240957868091	0.070029	0.023	1	LIMZNH0065	2.650170648	2.601626016	2.217131474	3.320197044	2.661572052	5	4	2017	1
LI_MLV_020	17280	4	216922.296875	186184.625	4892.64404296875	0.0388240957868091	0.070029	0.023	1	LIMZNH0065	2.650170648	2.601626016	2.217131474	3.320197044	2.661572052	5	4	2017	1
LI_MLV_020	17302	3	216922.296875	186184.625	4892.64404296875	0.0388240957868091	0.063252	0.044	1	LIMZNH0065	2.650170648	2.601626016	2.217131474	3.320197044	2.661572052	5	4	2017	1
LI_MLV_020	17302	4	216922.296875	186184.625	4892.64404296875	0.0388240957868091	0.063252	0.044	1	LIMZNH0065	2.650170648	2.601626016	2.217131474	3.320197044	2.661572052	5	4	2017	1
LI_MAT_004	16202	4	226070.6875	182767.78125	15779.3642578125	0.0776481915736183	0.029367	NA	1	LIMGNK0119	1.15625	2.604545455	3.378186969	2.993564994	3.266233766	5	2	2014	1
LI_MAT_004	16238	4	226070.6875	182767.78125	15779.3642578125	0.0776481915736183	0.065511	NA	1	LIMGNK0119	1.15625	2.604545455	3.378186969	2.993564994	3.266233766	5	2	2014	1
LI_MAT_004	16266	4	226070.6875	182767.78125	15779.3642578125	0.0776481915736183	0.02259	NA	1	LIMGNK0119	1.15625	2.604545455	3.378186969	2.993564994	3.266233766	5	2	2014	1
LI_MAT_004	16307	4	226070.6875	182767.78125	15779.3642578125	0.0776481915736183	0.036144	NA	1	LIMGNK0119	1.15625	2.604545455	3.378186969	2.993564994	3.266233766	5	2	2014	1
LI_MAT_004	16342	4	226070.6875	182767.78125	15779.3642578125	0.0776481915736183	0.192015	NA	1	LIMGNK0119	1.15625	2.604545455	3.378186969	2.993564994	3.266233766	5	2	2014	1
LI_MAT_004	16391	4	226070.6875	182767.78125	15779.3642578125	0.0776481915736183	0.027108	NA	1	LIMGNK0119	1.15625	2.604545455	3.378186969	2.993564994	3.266233766	5	2	2014	1
AN_TIK_003	17694	4	193970.953125	218824.703125	3706.25439453125	0.543537341015328	0.09036	0.274	1	ANTKAS0515	2.465009208	2.607407407	2.826454034	4.039813857	3.623906706	5	2	2018	1
AN_TIK_003	17862	4	193970.953125	218824.703125	3706.25439453125	0.186355659776684	0.476649	0.0456	1	ANTKAS0515	2.465009208	2.607407407	2.826454034	4.039813857	3.623906706	5	2	2018	1
AN_TIK_003	17883	4	193970.953125	218824.703125	3706.25439453125	0.225179755563493	2.259	0.0873	1	ANTKAS0515	2.465009208	2.607407407	2.826454034	4.039813857	3.623906706	5	2	2018	1
AN_DUI_001	16203	6	189578.65625	217608.265625	1805.75646972656	0.318357585451835	0.04518	NA	1	ANTTUR0142	2.325757576	2.609756098	3.757275542	1.785529716	3.683535762	5	3	2014	1
AN_DUI_001	16237	6	189578.65625	217608.265625	1805.75646972656	0.0776481915736183	0.042921	NA	1	ANTTUR0142	2.325757576	2.609756098	3.757275542	1.785529716	3.683535762	5	3	2014	1
AN_DUI_001	16266	6	189578.65625	217608.265625	1805.75646972656	0.295063127979749	0.02259	NA	1	ANTTUR0142	2.325757576	2.609756098	3.757275542	1.785529716	3.683535762	5	3	2014	1
AN_DUI_001	16300	6	189578.65625	217608.265625	1805.75646972656	0.0776481915736183	0.038403	NA	1	ANTTUR0142	2.325757576	2.609756098	3.757275542	1.785529716	3.683535762	5	3	2014	1
AN_DUI_001	16335	6	189578.65625	217608.265625	1805.75646972656	0.0776481915736183	0.060993	NA	1	ANTTUR0142	2.325757576	2.609756098	3.757275542	1.785529716	3.683535762	5	3	2014	1
AN_DUI_001	16378	6	189578.65625	217608.265625	1805.75646972656	0.815306011522992	0.040662	NA	1	ANTTUR0142	2.325757576	2.609756098	3.757275542	1.785529716	3.683535762	5	3	2014	1
AN_BAS_003	17336	3	207633.671875	204665.96875	307.926391601562	0.217414936406131	0.088101	0.439	1	ANTBAL0715	1	2.612121212	3.324519231	1.353928299	1.057005495	5	2	2017	1
AN_BAS_003	17372	3	207633.671875	204665.96875	307.926391601562	0.201885298091407	0.047439	0.288	1	ANTBAL0715	1	2.612121212	3.324519231	1.353928299	1.057005495	5	2	2017	1
AN_BAS_003	17399	3	207633.671875	204665.96875	307.926391601562	0.0388240957868091	0.04518	0.192	1	ANTBAL0715	1	2.612121212	3.324519231	1.353928299	1.057005495	5	2	2017	1
AN_BAS_003	17434	3	207633.671875	204665.96875	307.926391601562	0.0388240957868091	0.350145	0.093	1	ANTBAL0715	1	2.612121212	3.324519231	1.353928299	1.057005495	5	2	2017	1
AN_BAS_003	17448	3	207633.671875	204665.96875	307.926391601562	0.0621185532588946	0.167166	0.1382	1	ANTBAL0715	1	2.612121212	3.324519231	1.353928299	1.057005495	5	2	2017	1
AN_BAS_003	17490	3	207633.671875	204665.96875	307.926391601562	0.0388240957868091	0.058734	0.1641	1	ANTBAL0715	1	2.612121212	3.324519231	1.353928299	1.057005495	5	2	2017	1
AN_BAS_003	17533	3	207633.671875	204665.96875	307.926391601562	0.155296383147237	0.20331	0.0405	1	ANTBAL0715	1	2.612121212	3.324519231	1.353928299	1.057005495	5	2	2018	1
AN_BAS_003	17560	3	207633.671875	204665.96875	307.926391601562	0.0388240957868091	0.103914	0.128	1	ANTBAL0715	1	2.612121212	3.324519231	1.353928299	1.057005495	5	2	2018	1
AN_BAS_003	17602	3	207633.671875	204665.96875	307.926391601562	0.0388240957868091	0.085842	0.13	1	ANTBAL0715	1	2.612121212	3.324519231	1.353928299	1.057005495	5	2	2018	1
AN_BAS_003	17624	3	207633.671875	204665.96875	307.926391601562	0.0388240957868091	0.038403	0.076	1	ANTBAL0715	1	2.612121212	3.324519231	1.353928299	1.057005495	5	2	2018	1
AN_BAS_003	17673	3	207633.671875	204665.96875	307.926391601562	0.108707468203066	0.167166	0.4998	1	ANTBAL0715	1	2.612121212	3.324519231	1.353928299	1.057005495	5	2	2018	1
LI_BEG_002	17693	3	221469.4375	200665.21875	10549.08984375	0.0388240957868091	0.047439	0.0851	1	LIMHEC0537	2	2.61440678	3.986842105	3.923406863	4.013006886	5	2	2018	1
LI_BEG_002	17714	3	221469.4375	200665.21875	10549.08984375	0.0388240957868091	0.033885	0.0532	1	LIMHEC0537	2	2.61440678	3.986842105	3.923406863	4.013006886	5	2	2018	1
LI_BEG_002	17749	3	221469.4375	200665.21875	10549.08984375	0.0388240957868091	0.06777	0.1373	1	LIMHEC0537	2	2.61440678	3.986842105	3.923406863	4.013006886	5	2	2018	1
LI_BEG_002	17798	3	221469.4375	200665.21875	10549.08984375	0.520242883543242	0.056475	0.1477	1	LIMHEC0537	2	2.61440678	3.986842105	3.923406863	4.013006886	5	2	2018	1
LI_BEG_002	17827	3	221469.4375	200665.21875	10549.08984375	1.79367322535058	0.142317	0.2439	1	LIMHEC0537	2	2.61440678	3.986842105	3.923406863	4.013006886	5	2	2018	1
LI_BEG_002	17854	3	221469.4375	200665.21875	10549.08984375	1.62284720388862	0.047439	0.0727	1	LIMHEC0537	2	2.61440678	3.986842105	3.923406863	4.013006886	5	2	2018	1
LI_BEG_002	17883	3	221469.4375	200665.21875	10549.08984375	0.644479990061031	0.04518	0.0582	1	LIMHEC0537	2	2.61440678	3.986842105	3.923406863	4.013006886	5	2	2018	1
LI_SBB_001	16188	3	222769.34375	187264.140625	14762.5390625	0.124237106517789	0.049698	NA	1	LIMZNH0385	2.220952381	2.623287671	3.671662125	2.514527845	2.527114967	5	4	2014	1
LI_SBB_001	16224	3	222769.34375	187264.140625	14762.5390625	0.0854130107309801	0.094878	NA	1	LIMZNH0385	2.220952381	2.623287671	3.671662125	2.514527845	2.527114967	5	4	2014	1
LI_SBB_001	16252	3	222769.34375	187264.140625	14762.5390625	0.0776481915736183	0.049698	NA	1	LIMZNH0385	2.220952381	2.623287671	3.671662125	2.514527845	2.527114967	5	4	2014	1
LI_SBB_001	16287	3	222769.34375	187264.140625	14762.5390625	0.0776481915736183	0.060993	NA	1	LIMZNH0385	2.220952381	2.623287671	3.671662125	2.514527845	2.527114967	5	4	2014	1
LI_SBB_001	16322	3	222769.34375	187264.140625	14762.5390625	0.0776481915736183	0.079065	NA	1	LIMZNH0385	2.220952381	2.623287671	3.671662125	2.514527845	2.527114967	5	4	2014	1
LI_SBB_001	16364	3	222769.34375	187264.140625	14762.5390625	0.0776481915736183	0.083583	NA	1	LIMZNH0385	2.220952381	2.623287671	3.671662125	2.514527845	2.527114967	5	4	2014	1
AN_BAV_001	17336	6	208525.3125	206174.265625	1049.40002441406	0.0931778298883419	0.049698	0.03	1	ANTBAL0373	3.305882353	2.624183007	3.664835165	3.159195402	3.260882801	5	2	2017	1
AN_BAV_001	17372	6	208525.3125	206174.265625	1049.40002441406	0.0388240957868091	0.031626	0.046	1	ANTBAL0373	3.305882353	2.624183007	3.664835165	3.159195402	3.260882801	5	2	2017	1
AN_BAV_001	17400	6	208525.3125	206174.265625	1049.40002441406	0.0388240957868091	0.027108	0.03	1	ANTBAL0373	3.305882353	2.624183007	3.664835165	3.159195402	3.260882801	5	2	2017	1
AN_BAV_001	17434	6	208525.3125	206174.265625	1049.40002441406	0.0388240957868091	0.024849	0.021	1	ANTBAL0373	3.305882353	2.624183007	3.664835165	3.159195402	3.260882801	5	2	2017	1
AN_BAV_001	17448	6	208525.3125	206174.265625	1049.40002441406	0.0388240957868091	0.033885	0.0575	1	ANTBAL0373	3.305882353	2.624183007	3.664835165	3.159195402	3.260882801	5	2	2017	1
AN_BAV_001	17490	6	208525.3125	206174.265625	1049.40002441406	0.0388240957868091	0.042921	0.0261	1	ANTBAL0373	3.305882353	2.624183007	3.664835165	3.159195402	3.260882801	5	2	2017	1
AN_BAV_001	17533	6	208525.3125	206174.265625	1049.40002441406	0.0388240957868091	0.038403	0.02	1	ANTBAL0373	3.305882353	2.624183007	3.664835165	3.159195402	3.260882801	5	2	2018	1
AN_BAV_001	17560	6	208525.3125	206174.265625	1049.40002441406	0.0388240957868091	0.029367	0.02	1	ANTBAL0373	3.305882353	2.624183007	3.664835165	3.159195402	3.260882801	5	2	2018	1
AN_BAV_001	17602	6	208525.3125	206174.265625	1049.40002441406	0.0388240957868091	0.049698	0.025	1	ANTBAL0373	3.305882353	2.624183007	3.664835165	3.159195402	3.260882801	5	2	2018	1
AN_BAV_001	17624	6	208525.3125	206174.265625	1049.40002441406	0.0388240957868091	0.02259	0.02	1	ANTBAL0373	3.305882353	2.624183007	3.664835165	3.159195402	3.260882801	5	2	2018	1
AN_BAV_001	17673	6	208525.3125	206174.265625	1049.40002441406	0.108707468203066	0.085842	0.02	1	ANTBAL0373	3.305882353	2.624183007	3.664835165	3.159195402	3.260882801	5	2	2018	1
LI_VZB_005	16608	3	219975.21875	197342.703125	22527.72265625	0.0388240957868091	0.02259	0.0393	1	LIMHHE0008	1.761751152	2.630434783	1.077562327	2.233077905	3.214336918	5	2	2015	1
LI_VZB_005	16608	7	219975.21875	197342.703125	22527.72265625	0.0388240957868091	0.02259	0.0393	1	LIMHHE0008	1.761751152	2.630434783	1.077562327	2.233077905	3.214336918	5	2	2015	1
LI_VZB_005	16636	3	219975.21875	197342.703125	22527.72265625	0.0388240957868091	0.063252	0.041	1	LIMHHE0008	1.761751152	2.630434783	1.077562327	2.233077905	3.214336918	5	2	2015	1
LI_VZB_005	16636	7	219975.21875	197342.703125	22527.72265625	0.0388240957868091	0.063252	0.041	1	LIMHHE0008	1.761751152	2.630434783	1.077562327	2.233077905	3.214336918	5	2	2015	1
LI_VZB_005	16665	3	219975.21875	197342.703125	22527.72265625	0.0388240957868091	0.024849	0.0269	1	LIMHHE0008	1.761751152	2.630434783	1.077562327	2.233077905	3.214336918	5	2	2015	1
LI_VZB_005	16665	7	219975.21875	197342.703125	22527.72265625	0.0388240957868091	0.024849	0.0269	1	LIMHHE0008	1.761751152	2.630434783	1.077562327	2.233077905	3.214336918	5	2	2015	1
LI_VZB_005	16692	3	219975.21875	197342.703125	22527.72265625	0.613420713431584	0.076806	0.0897	1	LIMHHE0008	1.761751152	2.630434783	1.077562327	2.233077905	3.214336918	5	2	2015	1
LI_VZB_005	16692	7	219975.21875	197342.703125	22527.72265625	0.613420713431584	0.076806	0.0897	1	LIMHHE0008	1.761751152	2.630434783	1.077562327	2.233077905	3.214336918	5	2	2015	1
LI_VZB_005	16727	3	219975.21875	197342.703125	22527.72265625	1.59955274641654	0.149094	0.1	1	LIMHHE0008	1.761751152	2.630434783	1.077562327	2.233077905	3.214336918	5	2	2015	1
LI_VZB_005	16727	7	219975.21875	197342.703125	22527.72265625	1.59955274641654	0.149094	0.1	1	LIMHHE0008	1.761751152	2.630434783	1.077562327	2.233077905	3.214336918	5	2	2015	1
LI_VZB_005	16755	3	219975.21875	197342.703125	22527.72265625	2.44591803456897	0.33885	0.276	1	LIMHHE0008	1.761751152	2.630434783	1.077562327	2.233077905	3.214336918	5	2	2015	1
LI_VZB_005	16755	7	219975.21875	197342.703125	22527.72265625	2.44591803456897	0.33885	0.276	1	LIMHHE0008	1.761751152	2.630434783	1.077562327	2.233077905	3.214336918	5	2	2015	1
LI_VZB_005	16825	3	219975.21875	197342.703125	22527.72265625	0.17082602146196	0.2259	0.0404	1	LIMHHE0008	1.761751152	2.630434783	1.077562327	2.233077905	3.214336918	5	2	2016	1
LI_VZB_005	16825	7	219975.21875	197342.703125	22527.72265625	0.17082602146196	0.2259	0.0404	1	LIMHHE0008	1.761751152	2.630434783	1.077562327	2.233077905	3.214336918	5	2	2016	1
LI_VZB_005	16861	3	219975.21875	197342.703125	22527.72265625	0.0388240957868091	0.126504	0.0238	1	LIMHHE0008	1.761751152	2.630434783	1.077562327	2.233077905	3.214336918	5	2	2016	1
LI_VZB_005	16861	7	219975.21875	197342.703125	22527.72265625	0.0388240957868091	0.126504	0.0238	1	LIMHHE0008	1.761751152	2.630434783	1.077562327	2.233077905	3.214336918	5	2	2016	1
LI_VZB_005	16882	3	219975.21875	197342.703125	22527.72265625	0.0388240957868091	0.058734	0.0333	1	LIMHHE0008	1.761751152	2.630434783	1.077562327	2.233077905	3.214336918	5	2	2016	1
LI_VZB_005	16882	7	219975.21875	197342.703125	22527.72265625	0.0388240957868091	0.058734	0.0333	1	LIMHHE0008	1.761751152	2.630434783	1.077562327	2.233077905	3.214336918	5	2	2016	1
LI_VZB_005	16917	3	219975.21875	197342.703125	22527.72265625	0.0388240957868091	0.02259	0.0321	1	LIMHHE0008	1.761751152	2.630434783	1.077562327	2.233077905	3.214336918	5	2	2016	1
LI_VZB_005	16917	7	219975.21875	197342.703125	22527.72265625	0.0388240957868091	0.02259	0.0321	1	LIMHHE0008	1.761751152	2.630434783	1.077562327	2.233077905	3.214336918	5	2	2016	1
LI_VZB_005	16944	3	219975.21875	197342.703125	22527.72265625	0.0698833724162564	0.024849	0.0419	1	LIMHHE0008	1.761751152	2.630434783	1.077562327	2.233077905	3.214336918	5	2	2016	1
LI_VZB_005	16944	7	219975.21875	197342.703125	22527.72265625	0.0698833724162564	0.024849	0.0419	1	LIMHHE0008	1.761751152	2.630434783	1.077562327	2.233077905	3.214336918	5	2	2016	1
AN_LDL_003	16587	7	195684.3125	225595.515625	846.603393554688	0.0388240957868091	0.033885	0.0522	1	ANTOTH0270	1	2.636563877	3.767964072	3.709379128	3.048117155	5	2	2015	1
AN_LDL_003	16672	7	195684.3125	225595.515625	846.603393554688	0.0388240957868091	0.02259	0.1625	1	ANTOTH0270	1	2.636563877	3.767964072	3.709379128	3.048117155	5	2	2015	1
AN_LDL_003	16700	7	195684.3125	225595.515625	846.603393554688	1.90238069355365	0.06777	0.2277	1	ANTOTH0270	1	2.636563877	3.767964072	3.709379128	3.048117155	5	2	2015	1
AN_LDL_003	16735	7	195684.3125	225595.515625	846.603393554688	1.72378985293433	0.083583	0.02	1	ANTOTH0270	1	2.636563877	3.767964072	3.709379128	3.048117155	5	2	2015	1
AN_LDL_003	16763	7	195684.3125	225595.515625	846.603393554688	0.450359511126986	0.042921	0.02	1	ANTOTH0270	1	2.636563877	3.767964072	3.709379128	3.048117155	5	2	2015	1
AN_LDL_003	16804	7	195684.3125	225595.515625	846.603393554688	0.0854130107309801	0.058734	0.02	1	ANTOTH0270	1	2.636563877	3.767964072	3.709379128	3.048117155	5	2	2016	1
AN_LDL_003	16833	7	195684.3125	225595.515625	846.603393554688	0.0388240957868091	0.040662	0.02	1	ANTOTH0270	1	2.636563877	3.767964072	3.709379128	3.048117155	5	2	2016	1
AN_LDL_003	16861	7	195684.3125	225595.515625	846.603393554688	0.0698833724162564	0.047439	0.02	1	ANTOTH0270	1	2.636563877	3.767964072	3.709379128	3.048117155	5	2	2016	1
AN_LDL_003	16895	7	195684.3125	225595.515625	846.603393554688	0.0388240957868091	0.074547	0.02	1	ANTOTH0270	1	2.636563877	3.767964072	3.709379128	3.048117155	5	2	2016	1
AN_LDL_003	16923	7	195684.3125	225595.515625	846.603393554688	0.0388240957868091	0.02259	0.02	1	ANTOTH0270	1	2.636563877	3.767964072	3.709379128	3.048117155	5	2	2016	1
LI_HAG_003	17330	7	223143.15625	217277.53125	893.817321777344	0.0854130107309801	0.110691	0.0641	1	LIMNEE0213	1.537190083	2.652439024	3.535087719	4.019781719	3.441605839	5	2	2017	1
LI_HAG_003	17350	7	223143.15625	217277.53125	893.817321777344	0.0931778298883419	0.146835	0.0792	1	LIMNEE0213	1.537190083	2.652439024	3.535087719	4.019781719	3.441605839	5	2	2017	1
LI_HAG_003	17386	7	223143.15625	217277.53125	893.817321777344	0.163061202304598	0.18072	0.135	1	LIMNEE0213	1.537190083	2.652439024	3.535087719	4.019781719	3.441605839	5	2	2017	1
LI_HAG_003	17420	7	223143.15625	217277.53125	893.817321777344	0.17082602146196	0.266562	0.0422	1	LIMNEE0213	1.537190083	2.652439024	3.535087719	4.019781719	3.441605839	5	2	2017	1
LI_HAG_003	17463	7	223143.15625	217277.53125	893.817321777344	0.132001925675151	0.164907	0.1937	1	LIMNEE0213	1.537190083	2.652439024	3.535087719	4.019781719	3.441605839	5	2	2017	1
LI_HAG_003	17498	7	223143.15625	217277.53125	893.817321777344	0.0543537341015328	0.117468	0.036	1	LIMNEE0213	1.537190083	2.652439024	3.535087719	4.019781719	3.441605839	5	2	2017	1
LI_HAG_003	17518	7	223143.15625	217277.53125	893.817321777344	0.0854130107309801	0.128763	0.0225	1	LIMNEE0213	1.537190083	2.652439024	3.535087719	4.019781719	3.441605839	5	2	2017	1
LI_HAG_003	17546	7	223143.15625	217277.53125	893.817321777344	0.0543537341015328	0.092619	0.02	1	LIMNEE0213	1.537190083	2.652439024	3.535087719	4.019781719	3.441605839	5	2	2018	1
LI_HAG_003	17574	7	223143.15625	217277.53125	893.817321777344	0.0465889149441709	0.09036	0.02	1	LIMNEE0213	1.537190083	2.652439024	3.535087719	4.019781719	3.441605839	5	2	2018	1
LI_HAG_003	17616	7	223143.15625	217277.53125	893.817321777344	0.0621185532588946	0.119727	0.02	1	LIMNEE0213	1.537190083	2.652439024	3.535087719	4.019781719	3.441605839	5	2	2018	1
LI_HAG_003	17644	7	223143.15625	217277.53125	893.817321777344	0.0776481915736183	0.121986	0.02	1	LIMNEE0213	1.537190083	2.652439024	3.535087719	4.019781719	3.441605839	5	2	2018	1
LI_HAG_003	17672	7	223143.15625	217277.53125	893.817321777344	0.0621185532588946	0.216864	0.02	1	LIMNEE0213	1.537190083	2.652439024	3.535087719	4.019781719	3.441605839	5	2	2018	1
AN_HGA_005	17700	3	183911.203125	194600.296875	1974.25744628906	0.0776481915736183	0.682218	0.0418	1	ANTHUL0218	3.334170854	2.666666667	1.003448276	3.730588235	2.899549259	5	2	2018	1
AN_HGA_005	17743	3	183911.203125	194600.296875	1974.25744628906	0.108707468203066	0.038403	0.1225	1	ANTHUL0218	3.334170854	2.666666667	1.003448276	3.730588235	2.899549259	5	2	2018	1
AN_HGA_005	17770	3	183911.203125	194600.296875	1974.25744628906	0.885189383939248	0.070029	0.1237	1	ANTHUL0218	3.334170854	2.666666667	1.003448276	3.730588235	2.899549259	5	2	2018	1
AN_HGA_005	17854	3	183911.203125	194600.296875	1974.25744628906	2.1974438215334	0.033885	0.0487	1	ANTHUL0218	3.334170854	2.666666667	1.003448276	3.730588235	2.899549259	5	2	2018	1
AN_HGA_005	17876	3	183911.203125	194600.296875	1974.25744628906	0.55130216017269	0.065511	0.0578	1	ANTHUL0218	3.334170854	2.666666667	1.003448276	3.730588235	2.899549259	5	2	2018	1
AN_HUF_001	16196	4	184843.421875	224959.15625	45764.4296875	0.139766744832513	1.89756	NA	1	ANTBSE0336	2.2	2.666666667	2.658836689	3.676470588	2.66595654	5	4	2014	1
AN_HUF_001	16223	4	184843.421875	224959.15625	45764.4296875	0.271768670507664	1.192752	NA	1	ANTBSE0336	2.2	2.666666667	2.658836689	3.676470588	2.66595654	5	4	2014	1
AN_HUF_001	16251	4	184843.421875	224959.15625	45764.4296875	0.0776481915736183	0.02259	NA	1	ANTBSE0336	2.2	2.666666667	2.658836689	3.676470588	2.66595654	5	4	2014	1
AN_HUF_001	16287	4	184843.421875	224959.15625	45764.4296875	0.0776481915736183	0.029367	NA	1	ANTBSE0336	2.2	2.666666667	2.658836689	3.676470588	2.66595654	5	4	2014	1
AN_HUF_001	16321	4	184843.421875	224959.15625	45764.4296875	0.34165204292392	1.475127	NA	1	ANTBSE0336	2.2	2.666666667	2.658836689	3.676470588	2.66595654	5	4	2014	1
AN_HUF_001	16364	4	184843.421875	224959.15625	45764.4296875	0.240709393878217	0.465354	NA	1	ANTBSE0336	2.2	2.666666667	2.658836689	3.676470588	2.66595654	5	4	2014	1
LI_BOK_003	16595	4	221877.15625	183587.25	22481.7109375	0.0854130107309801	0.099396	0.11	1	LIMGNK0147	2.379401408	2.671532847	2.998659517	3.718377088	2.976443769	5	4	2015	1
LI_BOK_003	16623	4	221877.15625	183587.25	22481.7109375	0.0388240957868091	0.040662	0.115	1	LIMGNK0147	2.379401408	2.671532847	2.998659517	3.718377088	2.976443769	5	4	2015	1
LI_BOK_003	16651	4	221877.15625	183587.25	22481.7109375	0.0388240957868091	0.065511	0.1	1	LIMGNK0147	2.379401408	2.671532847	2.998659517	3.718377088	2.976443769	5	4	2015	1
LI_BOK_003	16679	4	221877.15625	183587.25	22481.7109375	0.0388240957868091	0.09036	0.0567	1	LIMGNK0147	2.379401408	2.671532847	2.998659517	3.718377088	2.976443769	5	4	2015	1
LI_BOK_003	16714	4	221877.15625	183587.25	22481.7109375	0.0388240957868091	0.031626	0.08	1	LIMGNK0147	2.379401408	2.671532847	2.998659517	3.718377088	2.976443769	5	4	2015	1
LI_BOK_003	16743	4	221877.15625	183587.25	22481.7109375	0.0931778298883419	0.040662	0.08	1	LIMGNK0147	2.379401408	2.671532847	2.998659517	3.718377088	2.976443769	5	4	2015	1
LI_BOK_003	16770	4	221877.15625	183587.25	22481.7109375	0.279533489665026	0.13554	0.07	1	LIMGNK0147	2.379401408	2.671532847	2.998659517	3.718377088	2.976443769	5	4	2015	1
LI_BOK_003	16812	4	221877.15625	183587.25	22481.7109375	2.08873635333033	0.04518	0.1941	1	LIMGNK0147	2.379401408	2.671532847	2.998659517	3.718377088	2.976443769	5	4	2016	1
LI_BOK_003	16847	4	221877.15625	183587.25	22481.7109375	1.00942649045704	0.142317	0.0303	1	LIMGNK0147	2.379401408	2.671532847	2.998659517	3.718377088	2.976443769	5	4	2016	1
LI_BOK_003	16868	4	221877.15625	183587.25	22481.7109375	0.458124330284348	0.31626	0.0699	1	LIMGNK0147	2.379401408	2.671532847	2.998659517	3.718377088	2.976443769	5	4	2016	1
LI_BOK_003	16902	4	221877.15625	183587.25	22481.7109375	0.0388240957868091	0.054216	0.1259	1	LIMGNK0147	2.379401408	2.671532847	2.998659517	3.718377088	2.976443769	5	4	2016	1
LI_BOK_003	16939	4	221877.15625	183587.25	22481.7109375	0.178590840619322	0.02259	0.0864	1	LIMGNK0147	2.379401408	2.671532847	2.998659517	3.718377088	2.976443769	5	4	2016	1
LI_BOK_008	16952	3	221573.75	183647.1875	5023.6083984375	0.0698833724162564	0.160389	0.0547	1	LIMGNK0040	2.54340836	2.680327869	3.336291913	2.069400631	3.133079848	5	4	2016	1
LI_BOK_008	16952	4	221573.75	183647.1875	5023.6083984375	0.0698833724162564	0.160389	0.0547	1	LIMGNK0040	2.54340836	2.680327869	3.336291913	2.069400631	3.133079848	5	4	2016	1
LI_BOK_008	16980	3	221573.75	183647.1875	5023.6083984375	0.0388240957868091	0.02259	0.0891	1	LIMGNK0040	2.54340836	2.680327869	3.336291913	2.069400631	3.133079848	5	4	2016	1
LI_BOK_008	16980	4	221573.75	183647.1875	5023.6083984375	0.0388240957868091	0.02259	0.0891	1	LIMGNK0040	2.54340836	2.680327869	3.336291913	2.069400631	3.133079848	5	4	2016	1
LI_BOK_008	17035	3	221573.75	183647.1875	5023.6083984375	0.0388240957868091	0.02259	0.0627	1	LIMGNK0040	2.54340836	2.680327869	3.336291913	2.069400631	3.133079848	5	4	2016	1
LI_BOK_008	17035	4	221573.75	183647.1875	5023.6083984375	0.0388240957868091	0.02259	0.0627	1	LIMGNK0040	2.54340836	2.680327869	3.336291913	2.069400631	3.133079848	5	4	2016	1
LI_BOK_008	17064	3	221573.75	183647.1875	5023.6083984375	0.0388240957868091	0.027108	0.1416	1	LIMGNK0040	2.54340836	2.680327869	3.336291913	2.069400631	3.133079848	5	4	2016	1
LI_BOK_008	17064	4	221573.75	183647.1875	5023.6083984375	0.0388240957868091	0.027108	0.1416	1	LIMGNK0040	2.54340836	2.680327869	3.336291913	2.069400631	3.133079848	5	4	2016	1
LI_BOK_008	17085	3	221573.75	183647.1875	5023.6083984375	0.0931778298883419	0.06777	0.1804	1	LIMGNK0040	2.54340836	2.680327869	3.336291913	2.069400631	3.133079848	5	4	2016	1
LI_BOK_008	17085	4	221573.75	183647.1875	5023.6083984375	0.0931778298883419	0.06777	0.1804	1	LIMGNK0040	2.54340836	2.680327869	3.336291913	2.069400631	3.133079848	5	4	2016	1
LI_BOK_008	17133	3	221573.75	183647.1875	5023.6083984375	0.0388240957868091	0.02259	0.0652	1	LIMGNK0040	2.54340836	2.680327869	3.336291913	2.069400631	3.133079848	5	4	2016	1
LI_BOK_008	17133	4	221573.75	183647.1875	5023.6083984375	0.0388240957868091	0.02259	0.0652	1	LIMGNK0040	2.54340836	2.680327869	3.336291913	2.069400631	3.133079848	5	4	2016	1
LI_BOK_008	17140	3	221573.75	183647.1875	5023.6083984375	0.0388240957868091	0.038403	0.1848	1	LIMGNK0040	2.54340836	2.680327869	3.336291913	2.069400631	3.133079848	5	4	2016	1
LI_BOK_008	17140	4	221573.75	183647.1875	5023.6083984375	0.0388240957868091	0.038403	0.1848	1	LIMGNK0040	2.54340836	2.680327869	3.336291913	2.069400631	3.133079848	5	4	2016	1
LI_BOK_008	17190	3	221573.75	183647.1875	5023.6083984375	0.0388240957868091	0.070029	0.0467	1	LIMGNK0040	2.54340836	2.680327869	3.336291913	2.069400631	3.133079848	5	4	2017	1
LI_BOK_008	17190	4	221573.75	183647.1875	5023.6083984375	0.0388240957868091	0.070029	0.0467	1	LIMGNK0040	2.54340836	2.680327869	3.336291913	2.069400631	3.133079848	5	4	2017	1
LI_BOK_008	17203	3	221573.75	183647.1875	5023.6083984375	0.0388240957868091	0.040662	0.034	1	LIMGNK0040	2.54340836	2.680327869	3.336291913	2.069400631	3.133079848	5	4	2017	1
LI_BOK_008	17203	4	221573.75	183647.1875	5023.6083984375	0.0388240957868091	0.040662	0.034	1	LIMGNK0040	2.54340836	2.680327869	3.336291913	2.069400631	3.133079848	5	4	2017	1
LI_BOK_008	17232	3	221573.75	183647.1875	5023.6083984375	0.0388240957868091	0.024849	0.0654	1	LIMGNK0040	2.54340836	2.680327869	3.336291913	2.069400631	3.133079848	5	4	2017	1
LI_BOK_008	17232	4	221573.75	183647.1875	5023.6083984375	0.0388240957868091	0.024849	0.0654	1	LIMGNK0040	2.54340836	2.680327869	3.336291913	2.069400631	3.133079848	5	4	2017	1
LI_BOK_008	17267	3	221573.75	183647.1875	5023.6083984375	0.0388240957868091	0.036144	0.0887	1	LIMGNK0040	2.54340836	2.680327869	3.336291913	2.069400631	3.133079848	5	4	2017	1
LI_BOK_008	17267	4	221573.75	183647.1875	5023.6083984375	0.0388240957868091	0.036144	0.0887	1	LIMGNK0040	2.54340836	2.680327869	3.336291913	2.069400631	3.133079848	5	4	2017	1
LI_BOK_008	17302	3	221573.75	183647.1875	5023.6083984375	0.100942649045704	0.092619	0.084	1	LIMGNK0040	2.54340836	2.680327869	3.336291913	2.069400631	3.133079848	5	4	2017	1
LI_BOK_008	17302	4	221573.75	183647.1875	5023.6083984375	0.100942649045704	0.092619	0.084	1	LIMGNK0040	2.54340836	2.680327869	3.336291913	2.069400631	3.133079848	5	4	2017	1
AN_SEL_002	16966	6	197976.546875	207155.109375	921.009948730469	0.124237106517789	0.06777	0.6329	1	ANTGEE0305	2.222891566	2.68079096	3.375232775	2.610169492	3.263888889	5	2	2016	1
AN_SEL_002	16986	6	197976.546875	207155.109375	921.009948730469	0.46588914944171	0.02259	1.1836	1	ANTGEE0305	2.222891566	2.68079096	3.375232775	2.610169492	3.263888889	5	2	2016	1
AN_SEL_002	17043	6	197976.546875	207155.109375	921.009948730469	1.68496575714752	0.02259	2.5912	1	ANTGEE0305	2.222891566	2.68079096	3.375232775	2.610169492	3.263888889	5	2	2016	1
AN_SEL_002	17071	6	197976.546875	207155.109375	921.009948730469	2.09650117248769	0.02259	2.2447	1	ANTGEE0305	2.222891566	2.68079096	3.375232775	2.610169492	3.263888889	5	2	2016	1
AN_SEL_002	17098	6	197976.546875	207155.109375	921.009948730469	1.59178792725917	0.033885	1.0052	1	ANTGEE0305	2.222891566	2.68079096	3.375232775	2.610169492	3.263888889	5	2	2016	1
AN_SEL_002	17127	6	197976.546875	207155.109375	921.009948730469	2.40709393878217	0.070029	1.8905	1	ANTGEE0305	2.222891566	2.68079096	3.375232775	2.610169492	3.263888889	5	2	2016	1
AN_SEL_002	17141	6	197976.546875	207155.109375	921.009948730469	3.43981488671129	0.088101	1.3894	1	ANTGEE0305	2.222891566	2.68079096	3.375232775	2.610169492	3.263888889	5	2	2016	1
AN_SEL_002	17183	6	197976.546875	207155.109375	921.009948730469	2.05767707670088	0.273339	1.5495	1	ANTGEE0305	2.222891566	2.68079096	3.375232775	2.610169492	3.263888889	5	2	2017	1
AN_SEL_002	17217	6	197976.546875	207155.109375	921.009948730469	0.0388240957868091	0.051957	0.711	1	ANTGEE0305	2.222891566	2.68079096	3.375232775	2.610169492	3.263888889	5	2	2017	1
AN_SEL_002	17245	6	197976.546875	207155.109375	921.009948730469	2.91957200316805	0.110691	1.439	1	ANTGEE0305	2.222891566	2.68079096	3.375232775	2.610169492	3.263888889	5	2	2017	1
AN_SEL_002	17280	6	197976.546875	207155.109375	921.009948730469	0.0776481915736183	0.117468	0.366	1	ANTGEE0305	2.222891566	2.68079096	3.375232775	2.610169492	3.263888889	5	2	2017	1
AN_SEL_002	17315	6	197976.546875	207155.109375	921.009948730469	0.232944574720855	0.212346	1.823	1	ANTGEE0305	2.222891566	2.68079096	3.375232775	2.610169492	3.263888889	5	2	2017	1
AN_LAN_007	16293	3	185089.640625	191197.65625	1199.85998535156	0.0776481915736183	0.029367	NA	1	ANTHST0346	2	2.68115942	3.292857143	3.829787234	3.866666667	4	2	2014	1
AN_LAN_007	16566	3	185089.640625	191197.65625	1199.85998535156	0.0388240957868091	0.033885	0.0371	1	ANTHST0346	2	2.68115942	3.292857143	3.829787234	3.866666667	4	2	2015	1
AN_LAN_007	16594	3	185089.640625	191197.65625	1199.85998535156	0.0388240957868091	0.047439	0.028	1	ANTHST0346	2	2.68115942	3.292857143	3.829787234	3.866666667	4	2	2015	1
AN_LAN_007	16623	3	185089.640625	191197.65625	1199.85998535156	0.0388240957868091	0.031626	0.0706	1	ANTHST0346	2	2.68115942	3.292857143	3.829787234	3.866666667	4	2	2015	1
AN_LAN_007	16651	3	185089.640625	191197.65625	1199.85998535156	0.0388240957868091	0.063252	0.14	1	ANTHST0346	2	2.68115942	3.292857143	3.829787234	3.866666667	4	2	2015	1
AN_LAN_007	16678	3	185089.640625	191197.65625	1199.85998535156	0.0388240957868091	0.024849	0.0399	1	ANTHST0346	2	2.68115942	3.292857143	3.829787234	3.866666667	4	2	2015	1
AN_LAN_007	16713	3	185089.640625	191197.65625	1199.85998535156	0.108707468203066	0.036144	0.02	1	ANTHST0346	2	2.68115942	3.292857143	3.829787234	3.866666667	4	2	2015	1
AN_LAN_007	16742	3	185089.640625	191197.65625	1199.85998535156	0.0388240957868091	0.02259	0.02	1	ANTHST0346	2	2.68115942	3.292857143	3.829787234	3.866666667	4	2	2015	1
AN_LAN_007	16769	3	185089.640625	191197.65625	1199.85998535156	0.0388240957868091	0.036144	0.02	1	ANTHST0346	2	2.68115942	3.292857143	3.829787234	3.866666667	4	2	2015	1
AN_LAN_007	16811	3	185089.640625	191197.65625	1199.85998535156	0.0388240957868091	0.040662	0.0203	1	ANTHST0346	2	2.68115942	3.292857143	3.829787234	3.866666667	4	2	2016	1
AN_LAN_007	16839	3	185089.640625	191197.65625	1199.85998535156	0.0388240957868091	0.02259	0.0331	1	ANTHST0346	2	2.68115942	3.292857143	3.829787234	3.866666667	4	2	2016	1
AN_LAN_007	16867	3	185089.640625	191197.65625	1199.85998535156	0.0543537341015328	0.27108	0.0351	1	ANTHST0346	2	2.68115942	3.292857143	3.829787234	3.866666667	4	2	2016	1
AN_LAN_007	16902	3	185089.640625	191197.65625	1199.85998535156	0.0388240957868091	0.074547	0.0355	1	ANTHST0346	2	2.68115942	3.292857143	3.829787234	3.866666667	4	2	2016	1
AN_LAN_007	16930	3	185089.640625	191197.65625	1199.85998535156	0.147531563989875	0.047439	0.0327	1	ANTHST0346	2	2.68115942	3.292857143	3.829787234	3.866666667	4	2	2016	1
LI_KEL_001	16609	3	225718.4375	192127.15625	18782.251953125	0.0388240957868091	0.02259	0.0232	1	LIMHHE0112	1.629582807	2.689922481	2.174390244	2.733870968	1.898835517	5	4	2015	1
LI_KEL_001	16609	7	225718.4375	192127.15625	18782.251953125	0.0388240957868091	0.02259	0.0232	1	LIMHHE0112	1.629582807	2.689922481	2.174390244	2.733870968	1.898835517	5	4	2015	1
LI_KEL_001	16636	3	225718.4375	192127.15625	18782.251953125	0.0388240957868091	0.056475	0.03	1	LIMHHE0112	1.629582807	2.689922481	2.174390244	2.733870968	1.898835517	5	4	2015	1
LI_KEL_001	16636	7	225718.4375	192127.15625	18782.251953125	0.0388240957868091	0.056475	0.03	1	LIMHHE0112	1.629582807	2.689922481	2.174390244	2.733870968	1.898835517	5	4	2015	1
LI_KEL_001	16665	3	225718.4375	192127.15625	18782.251953125	1.40543226748249	0.641556	0.02	1	LIMHHE0112	1.629582807	2.689922481	2.174390244	2.733870968	1.898835517	5	4	2015	1
LI_KEL_001	16665	7	225718.4375	192127.15625	18782.251953125	1.40543226748249	0.641556	0.02	1	LIMHHE0112	1.629582807	2.689922481	2.174390244	2.733870968	1.898835517	5	4	2015	1
LI_KEL_001	16693	3	225718.4375	192127.15625	18782.251953125	0.302827947137111	0.09036	0.02	1	LIMHHE0112	1.629582807	2.689922481	2.174390244	2.733870968	1.898835517	5	4	2015	1
LI_KEL_001	16693	7	225718.4375	192127.15625	18782.251953125	0.302827947137111	0.09036	0.02	1	LIMHHE0112	1.629582807	2.689922481	2.174390244	2.733870968	1.898835517	5	4	2015	1
LI_KEL_001	16727	3	225718.4375	192127.15625	18782.251953125	0.660009628375755	0.124245	0.02	1	LIMHHE0112	1.629582807	2.689922481	2.174390244	2.733870968	1.898835517	5	4	2015	1
LI_KEL_001	16727	7	225718.4375	192127.15625	18782.251953125	0.660009628375755	0.124245	0.02	1	LIMHHE0112	1.629582807	2.689922481	2.174390244	2.733870968	1.898835517	5	4	2015	1
LI_KEL_001	16825	3	225718.4375	192127.15625	18782.251953125	0.0854130107309801	0.422433	0.0249	1	LIMHHE0112	1.629582807	2.689922481	2.174390244	2.733870968	1.898835517	5	4	2016	1
LI_KEL_001	16825	7	225718.4375	192127.15625	18782.251953125	0.0854130107309801	0.422433	0.0249	1	LIMHHE0112	1.629582807	2.689922481	2.174390244	2.733870968	1.898835517	5	4	2016	1
LI_KEL_001	16853	3	225718.4375	192127.15625	18782.251953125	0.271768670507664	0.928449	0.0236	1	LIMHHE0112	1.629582807	2.689922481	2.174390244	2.733870968	1.898835517	5	4	2016	1
LI_KEL_001	16853	7	225718.4375	192127.15625	18782.251953125	0.271768670507664	0.928449	0.0236	1	LIMHHE0112	1.629582807	2.689922481	2.174390244	2.733870968	1.898835517	5	4	2016	1
LI_KEL_001	16882	3	225718.4375	192127.15625	18782.251953125	0.194120478934046	1.073025	0.0216	1	LIMHHE0112	1.629582807	2.689922481	2.174390244	2.733870968	1.898835517	5	4	2016	1
LI_KEL_001	16882	7	225718.4375	192127.15625	18782.251953125	0.194120478934046	1.073025	0.0216	1	LIMHHE0112	1.629582807	2.689922481	2.174390244	2.733870968	1.898835517	5	4	2016	1
LI_KEL_001	16916	3	225718.4375	192127.15625	18782.251953125	0.0388240957868091	0.149094	0.0262	1	LIMHHE0112	1.629582807	2.689922481	2.174390244	2.733870968	1.898835517	5	4	2016	1
LI_KEL_001	16916	7	225718.4375	192127.15625	18782.251953125	0.0388240957868091	0.149094	0.0262	1	LIMHHE0112	1.629582807	2.689922481	2.174390244	2.733870968	1.898835517	5	4	2016	1
LI_KEL_001	16930	3	225718.4375	192127.15625	18782.251953125	0.0543537341015328	0.417915	0.0415	1	LIMHHE0112	1.629582807	2.689922481	2.174390244	2.733870968	1.898835517	5	4	2016	1
LI_KEL_001	16930	7	225718.4375	192127.15625	18782.251953125	0.0543537341015328	0.417915	0.0415	1	LIMHHE0112	1.629582807	2.689922481	2.174390244	2.733870968	1.898835517	5	4	2016	1
AN_LIL_004	17694	3	180930.46875	220425.96875	1299.69714355469	0.0388240957868091	0.024849	0.0237	1	ANTBSE0132	2.705607477	2.69047619	3.444174757	2.348354232	3.924220963	5	2	2018	1
AN_LIL_004	17694	5	180930.46875	220425.96875	1299.69714355469	0.0388240957868091	0.024849	0.0237	1	ANTBSE0132	2.705607477	2.69047619	3.444174757	2.348354232	3.924220963	5	2	2018	1
AN_LIL_004	17743	3	180930.46875	220425.96875	1299.69714355469	0.271768670507664	0.038403	0.1379	1	ANTBSE0132	2.705607477	2.69047619	3.444174757	2.348354232	3.924220963	5	2	2018	1
AN_LIL_004	17743	5	180930.46875	220425.96875	1299.69714355469	0.271768670507664	0.038403	0.1379	1	ANTBSE0132	2.705607477	2.69047619	3.444174757	2.348354232	3.924220963	5	2	2018	1
AN_LIL_004	17862	3	180930.46875	220425.96875	1299.69714355469	0.0621185532588946	0.047439	0.0759	1	ANTBSE0132	2.705607477	2.69047619	3.444174757	2.348354232	3.924220963	5	2	2018	1
AN_LIL_004	17862	5	180930.46875	220425.96875	1299.69714355469	0.0621185532588946	0.047439	0.0759	1	ANTBSE0132	2.705607477	2.69047619	3.444174757	2.348354232	3.924220963	5	2	2018	1
AN_LIL_004	17883	3	180930.46875	220425.96875	1299.69714355469	0.0388240957868091	0.029367	0.0259	1	ANTBSE0132	2.705607477	2.69047619	3.444174757	2.348354232	3.924220963	5	2	2018	1
AN_LIL_004	17883	5	180930.46875	220425.96875	1299.69714355469	0.0388240957868091	0.029367	0.0259	1	ANTBSE0132	2.705607477	2.69047619	3.444174757	2.348354232	3.924220963	5	2	2018	1
LI_KES_001	17343	6	252961.015625	205092.78125	442724.9375	0.0465889149441709	1.759761	0.02	1	LIMKIN0231	2.050943396	2.69924812	3.729850746	2.597258486	3.514623955	12	4	2017	1
LI_KES_001	17371	6	252961.015625	205092.78125	442724.9375	0.0465889149441709	1.436724	0.02	1	LIMKIN0231	2.050943396	2.69924812	3.729850746	2.597258486	3.514623955	12	4	2017	1
LI_KES_001	17385	6	252961.015625	205092.78125	442724.9375	0.194120478934046	1.459314	0.02	1	LIMKIN0231	2.050943396	2.69924812	3.729850746	2.597258486	3.514623955	12	4	2017	1
LI_KES_001	17420	6	252961.015625	205092.78125	442724.9375	0.0388240957868091	1.283112	0.02	1	LIMKIN0231	2.050943396	2.69924812	3.729850746	2.597258486	3.514623955	12	4	2017	1
LI_KES_001	17448	6	252961.015625	205092.78125	442724.9375	0.0776481915736183	1.364436	0.0242	1	LIMKIN0231	2.050943396	2.69924812	3.729850746	2.597258486	3.514623955	12	4	2017	1
LI_KES_001	17476	6	252961.015625	205092.78125	442724.9375	0.100942649045704	1.441242	0.06	1	LIMKIN0231	2.050943396	2.69924812	3.729850746	2.597258486	3.514623955	12	4	2017	1
LI_KES_001	17504	6	252961.015625	205092.78125	442724.9375	0.0931778298883419	1.617444	0.0634	1	LIMKIN0231	2.050943396	2.69924812	3.729850746	2.597258486	3.514623955	12	4	2017	1
LI_KES_001	17533	6	252961.015625	205092.78125	442724.9375	0.0465889149441709	2.14605	0.0866	1	LIMKIN0231	2.050943396	2.69924812	3.729850746	2.597258486	3.514623955	12	4	2018	1
LI_KES_001	17560	6	252961.015625	205092.78125	442724.9375	0.0465889149441709	2.66562	0.046	1	LIMKIN0231	2.050943396	2.69924812	3.729850746	2.597258486	3.514623955	12	4	2018	1
LI_KES_001	17595	6	252961.015625	205092.78125	442724.9375	0.132001925675151	2.841822	0.091	1	LIMKIN0231	2.050943396	2.69924812	3.729850746	2.597258486	3.514623955	12	4	2018	1
LI_KES_001	17624	6	252961.015625	205092.78125	442724.9375	0.0388240957868091	2.708541	0.053	1	LIMKIN0231	2.050943396	2.69924812	3.729850746	2.597258486	3.514623955	12	4	2018	1
LI_KES_001	17665	6	252961.015625	205092.78125	442724.9375	0.0621185532588946	2.10087	0.0234	1	LIMKIN0231	2.050943396	2.69924812	3.729850746	2.597258486	3.514623955	12	4	2018	1
LI_MAT_002	16202	3	226270.71875	183121.53125	15975.89453125	0.0776481915736183	0.02259	NA	1	LIMGNK0182	2.004842615	2.708	3.608731466	3.266304348	2.373003606	5	4	2014	1
LI_MAT_002	16202	4	226270.71875	183121.53125	15975.89453125	0.0776481915736183	0.02259	NA	1	LIMGNK0182	2.004842615	2.708	3.608731466	3.266304348	2.373003606	5	4	2014	1
LI_MAT_002	16202	5	226270.71875	183121.53125	15975.89453125	0.0776481915736183	0.02259	NA	1	LIMGNK0182	2.004842615	2.708	3.608731466	3.266304348	2.373003606	5	4	2014	1
LI_MAT_002	16238	3	226270.71875	183121.53125	15975.89453125	0.0776481915736183	0.036144	NA	1	LIMGNK0182	2.004842615	2.708	3.608731466	3.266304348	2.373003606	5	4	2014	1
LI_MAT_002	16238	4	226270.71875	183121.53125	15975.89453125	0.0776481915736183	0.036144	NA	1	LIMGNK0182	2.004842615	2.708	3.608731466	3.266304348	2.373003606	5	4	2014	1
LI_MAT_002	16238	5	226270.71875	183121.53125	15975.89453125	0.0776481915736183	0.036144	NA	1	LIMGNK0182	2.004842615	2.708	3.608731466	3.266304348	2.373003606	5	4	2014	1
LI_MAT_002	16266	3	226270.71875	183121.53125	15975.89453125	0.0776481915736183	0.02259	NA	1	LIMGNK0182	2.004842615	2.708	3.608731466	3.266304348	2.373003606	5	4	2014	1
LI_MAT_002	16266	4	226270.71875	183121.53125	15975.89453125	0.0776481915736183	0.02259	NA	1	LIMGNK0182	2.004842615	2.708	3.608731466	3.266304348	2.373003606	5	4	2014	1
LI_MAT_002	16266	5	226270.71875	183121.53125	15975.89453125	0.0776481915736183	0.02259	NA	1	LIMGNK0182	2.004842615	2.708	3.608731466	3.266304348	2.373003606	5	4	2014	1
LI_MAT_002	16307	3	226270.71875	183121.53125	15975.89453125	0.0776481915736183	0.024849	NA	1	LIMGNK0182	2.004842615	2.708	3.608731466	3.266304348	2.373003606	5	4	2014	1
LI_MAT_002	16307	4	226270.71875	183121.53125	15975.89453125	0.0776481915736183	0.024849	NA	1	LIMGNK0182	2.004842615	2.708	3.608731466	3.266304348	2.373003606	5	4	2014	1
LI_MAT_002	16307	5	226270.71875	183121.53125	15975.89453125	0.0776481915736183	0.024849	NA	1	LIMGNK0182	2.004842615	2.708	3.608731466	3.266304348	2.373003606	5	4	2014	1
LI_MAT_002	16342	3	226270.71875	183121.53125	15975.89453125	0.0776481915736183	0.027108	NA	1	LIMGNK0182	2.004842615	2.708	3.608731466	3.266304348	2.373003606	5	4	2014	1
LI_MAT_002	16342	4	226270.71875	183121.53125	15975.89453125	0.0776481915736183	0.027108	NA	1	LIMGNK0182	2.004842615	2.708	3.608731466	3.266304348	2.373003606	5	4	2014	1
LI_MAT_002	16342	5	226270.71875	183121.53125	15975.89453125	0.0776481915736183	0.027108	NA	1	LIMGNK0182	2.004842615	2.708	3.608731466	3.266304348	2.373003606	5	4	2014	1
LI_MAT_002	16391	3	226270.71875	183121.53125	15975.89453125	0.0776481915736183	0.02259	NA	1	LIMGNK0182	2.004842615	2.708	3.608731466	3.266304348	2.373003606	5	4	2014	1
LI_MAT_002	16391	4	226270.71875	183121.53125	15975.89453125	0.0776481915736183	0.02259	NA	1	LIMGNK0182	2.004842615	2.708	3.608731466	3.266304348	2.373003606	5	4	2014	1
LI_MAT_002	16391	5	226270.71875	183121.53125	15975.89453125	0.0776481915736183	0.02259	NA	1	LIMGNK0182	2.004842615	2.708	3.608731466	3.266304348	2.373003606	5	4	2014	1
AN_TVG_002	16188	2	189915.90625	229130.421875	80875.3046875	0.0776481915736183	0.097137	NA	1	ANTTUR0304	2.587505742	2.732323232	2.337792642	3.299207398	3.575193798	5	4	2014	1
AN_TVG_002	16188	3	189915.90625	229130.421875	80875.3046875	0.0776481915736183	0.097137	NA	1	ANTTUR0304	2.587505742	2.732323232	2.337792642	3.299207398	3.575193798	5	4	2014	1
AN_TVG_002	16188	4	189915.90625	229130.421875	80875.3046875	0.0776481915736183	0.097137	NA	1	ANTTUR0304	2.587505742	2.732323232	2.337792642	3.299207398	3.575193798	5	4	2014	1
AN_TVG_002	16224	2	189915.90625	229130.421875	80875.3046875	0.124237106517789	0.146835	NA	1	ANTTUR0304	2.587505742	2.732323232	2.337792642	3.299207398	3.575193798	5	4	2014	1
AN_TVG_002	16224	3	189915.90625	229130.421875	80875.3046875	0.124237106517789	0.146835	NA	1	ANTTUR0304	2.587505742	2.732323232	2.337792642	3.299207398	3.575193798	5	4	2014	1
AN_TVG_002	16224	4	189915.90625	229130.421875	80875.3046875	0.124237106517789	0.146835	NA	1	ANTTUR0304	2.587505742	2.732323232	2.337792642	3.299207398	3.575193798	5	4	2014	1
AN_TVG_002	16252	2	189915.90625	229130.421875	80875.3046875	0.0776481915736183	0.02259	NA	1	ANTTUR0304	2.587505742	2.732323232	2.337792642	3.299207398	3.575193798	5	4	2014	1
AN_TVG_002	16252	3	189915.90625	229130.421875	80875.3046875	0.0776481915736183	0.02259	NA	1	ANTTUR0304	2.587505742	2.732323232	2.337792642	3.299207398	3.575193798	5	4	2014	1
AN_TVG_002	16252	4	189915.90625	229130.421875	80875.3046875	0.0776481915736183	0.02259	NA	1	ANTTUR0304	2.587505742	2.732323232	2.337792642	3.299207398	3.575193798	5	4	2014	1
AN_TVG_002	16286	2	189915.90625	229130.421875	80875.3046875	0.458124330284348	0.099396	NA	1	ANTTUR0304	2.587505742	2.732323232	2.337792642	3.299207398	3.575193798	5	4	2014	1
AN_TVG_002	16286	3	189915.90625	229130.421875	80875.3046875	0.458124330284348	0.099396	NA	1	ANTTUR0304	2.587505742	2.732323232	2.337792642	3.299207398	3.575193798	5	4	2014	1
AN_TVG_002	16286	4	189915.90625	229130.421875	80875.3046875	0.458124330284348	0.099396	NA	1	ANTTUR0304	2.587505742	2.732323232	2.337792642	3.299207398	3.575193798	5	4	2014	1
AN_TVG_002	16321	2	189915.90625	229130.421875	80875.3046875	0.582361436802137	0.223641	NA	1	ANTTUR0304	2.587505742	2.732323232	2.337792642	3.299207398	3.575193798	5	4	2014	1
AN_TVG_002	16321	3	189915.90625	229130.421875	80875.3046875	0.582361436802137	0.223641	NA	1	ANTTUR0304	2.587505742	2.732323232	2.337792642	3.299207398	3.575193798	5	4	2014	1
AN_TVG_002	16321	4	189915.90625	229130.421875	80875.3046875	0.582361436802137	0.223641	NA	1	ANTTUR0304	2.587505742	2.732323232	2.337792642	3.299207398	3.575193798	5	4	2014	1
AN_TVG_002	16363	2	189915.90625	229130.421875	80875.3046875	0.100942649045704	0.363699	NA	1	ANTTUR0304	2.587505742	2.732323232	2.337792642	3.299207398	3.575193798	5	4	2014	1
AN_TVG_002	16363	3	189915.90625	229130.421875	80875.3046875	0.100942649045704	0.363699	NA	1	ANTTUR0304	2.587505742	2.732323232	2.337792642	3.299207398	3.575193798	5	4	2014	1
AN_TVG_002	16363	4	189915.90625	229130.421875	80875.3046875	0.100942649045704	0.363699	NA	1	ANTTUR0304	2.587505742	2.732323232	2.337792642	3.299207398	3.575193798	5	4	2014	1
AN_RAV_003	17329	3	197895.15625	234855.765625	11572.732421875	0.0388240957868091	0.049698	0.2119	1	ANTRAV0369	2.10797546	2.736051502	4.224557522	3.575774971	3.207403055	5	4	2017	1
AN_RAV_003	17351	3	197895.15625	234855.765625	11572.732421875	0.0388240957868091	0.031626	0.1652	1	ANTRAV0369	2.10797546	2.736051502	4.224557522	3.575774971	3.207403055	5	4	2017	1
AN_RAV_003	17378	3	197895.15625	234855.765625	11572.732421875	0.496948426071157	0.058734	0.3508	1	ANTRAV0369	2.10797546	2.736051502	4.224557522	3.575774971	3.207403055	5	4	2017	1
AN_RAV_003	17435	3	197895.15625	234855.765625	11572.732421875	2.88074790738124	0.189756	0.185	1	ANTRAV0369	2.10797546	2.736051502	4.224557522	3.575774971	3.207403055	5	4	2017	1
AN_RAV_003	17455	3	197895.15625	234855.765625	11572.732421875	4.34829872812262	0.094878	0.1165	1	ANTRAV0369	2.10797546	2.736051502	4.224557522	3.575774971	3.207403055	5	4	2017	1
AN_RAV_003	17491	3	197895.15625	234855.765625	11572.732421875	3.20687031199043	0.149094	0.165	1	ANTRAV0369	2.10797546	2.736051502	4.224557522	3.575774971	3.207403055	5	4	2017	1
AN_RAV_003	17511	3	197895.15625	234855.765625	11572.732421875	1.98779370428463	0.702549	0.0676	1	ANTRAV0369	2.10797546	2.736051502	4.224557522	3.575774971	3.207403055	5	4	2017	1
AN_RAV_003	17540	3	197895.15625	234855.765625	11572.732421875	0.295063127979749	5.358348	0.0908	1	ANTRAV0369	2.10797546	2.736051502	4.224557522	3.575774971	3.207403055	5	4	2018	1
AN_RAV_003	17561	3	197895.15625	234855.765625	11572.732421875	0.279533489665026	4.213035	0.049	1	ANTRAV0369	2.10797546	2.736051502	4.224557522	3.575774971	3.207403055	5	4	2018	1
AN_RAV_003	17596	3	197895.15625	234855.765625	11572.732421875	0.108707468203066	3.395277	0.066	1	ANTRAV0369	2.10797546	2.736051502	4.224557522	3.575774971	3.207403055	5	4	2018	1
AN_RAV_003	17630	3	197895.15625	234855.765625	11572.732421875	0.0543537341015328	3.225852	0.087	1	ANTRAV0369	2.10797546	2.736051502	4.224557522	3.575774971	3.207403055	5	4	2018	1
AN_RAV_003	17666	3	197895.15625	234855.765625	11572.732421875	1.42872672495458	0.289152	0.1683	1	ANTRAV0369	2.10797546	2.736051502	4.224557522	3.575774971	3.207403055	5	4	2018	1
AN_VOL_002	16965	3	199653.125	206037.234375	4607.0732421875	0.0465889149441709	0.092619	0.0347	1	ANTMOL0353	3.082644628	2.744827586	2.895442359	3.052479815	2.682422452	5	2	2016	1
AN_VOL_002	16965	4	199653.125	206037.234375	4607.0732421875	0.0465889149441709	0.092619	0.0347	1	ANTMOL0353	3.082644628	2.744827586	2.895442359	3.052479815	2.682422452	5	2	2016	1
AN_VOL_002	16966	3	199653.125	206037.234375	4607.0732421875	0.0388240957868091	0.06777	0.0393	1	ANTMOL0353	3.082644628	2.744827586	2.895442359	3.052479815	2.682422452	5	2	2016	1
AN_VOL_002	16966	4	199653.125	206037.234375	4607.0732421875	0.0388240957868091	0.06777	0.0393	1	ANTMOL0353	3.082644628	2.744827586	2.895442359	3.052479815	2.682422452	5	2	2016	1
AN_VOL_002	17015	3	199653.125	206037.234375	4607.0732421875	0.201885298091407	0.02259	0.0636	1	ANTMOL0353	3.082644628	2.744827586	2.895442359	3.052479815	2.682422452	5	2	2016	1
AN_VOL_002	17015	4	199653.125	206037.234375	4607.0732421875	0.201885298091407	0.02259	0.0636	1	ANTMOL0353	3.082644628	2.744827586	2.895442359	3.052479815	2.682422452	5	2	2016	1
AN_VOL_002	17043	3	199653.125	206037.234375	4607.0732421875	0.0388240957868091	0.02259	0.0689	1	ANTMOL0353	3.082644628	2.744827586	2.895442359	3.052479815	2.682422452	5	2	2016	1
AN_VOL_002	17043	4	199653.125	206037.234375	4607.0732421875	0.0388240957868091	0.02259	0.0689	1	ANTMOL0353	3.082644628	2.744827586	2.895442359	3.052479815	2.682422452	5	2	2016	1
AN_VOL_002	17071	3	199653.125	206037.234375	4607.0732421875	0.124237106517789	0.02259	0.0685	1	ANTMOL0353	3.082644628	2.744827586	2.895442359	3.052479815	2.682422452	5	2	2016	1
AN_VOL_002	17071	4	199653.125	206037.234375	4607.0732421875	0.124237106517789	0.02259	0.0685	1	ANTMOL0353	3.082644628	2.744827586	2.895442359	3.052479815	2.682422452	5	2	2016	1
AN_VOL_002	17098	3	199653.125	206037.234375	4607.0732421875	0.0388240957868091	0.031626	0.045	1	ANTMOL0353	3.082644628	2.744827586	2.895442359	3.052479815	2.682422452	5	2	2016	1
AN_VOL_002	17098	4	199653.125	206037.234375	4607.0732421875	0.0388240957868091	0.031626	0.045	1	ANTMOL0353	3.082644628	2.744827586	2.895442359	3.052479815	2.682422452	5	2	2016	1
AN_VOL_002	17127	3	199653.125	206037.234375	4607.0732421875	0.0388240957868091	0.759024	0.0531	1	ANTMOL0353	3.082644628	2.744827586	2.895442359	3.052479815	2.682422452	5	2	2016	1
AN_VOL_002	17127	4	199653.125	206037.234375	4607.0732421875	0.0388240957868091	0.759024	0.0531	1	ANTMOL0353	3.082644628	2.744827586	2.895442359	3.052479815	2.682422452	5	2	2016	1
AN_VOL_002	17140	3	199653.125	206037.234375	4607.0732421875	0.0465889149441709	0.051957	0.0423	1	ANTMOL0353	3.082644628	2.744827586	2.895442359	3.052479815	2.682422452	5	2	2016	1
AN_VOL_002	17140	4	199653.125	206037.234375	4607.0732421875	0.0465889149441709	0.051957	0.0423	1	ANTMOL0353	3.082644628	2.744827586	2.895442359	3.052479815	2.682422452	5	2	2016	1
AN_VOL_002	17183	3	199653.125	206037.234375	4607.0732421875	0.0388240957868091	0.040662	0.0553	1	ANTMOL0353	3.082644628	2.744827586	2.895442359	3.052479815	2.682422452	5	2	2017	1
AN_VOL_002	17183	4	199653.125	206037.234375	4607.0732421875	0.0388240957868091	0.040662	0.0553	1	ANTMOL0353	3.082644628	2.744827586	2.895442359	3.052479815	2.682422452	5	2	2017	1
AN_VOL_002	17196	3	199653.125	206037.234375	4607.0732421875	0.0388240957868091	0.054216	0.0585	1	ANTMOL0353	3.082644628	2.744827586	2.895442359	3.052479815	2.682422452	5	2	2017	1
AN_VOL_002	17196	4	199653.125	206037.234375	4607.0732421875	0.0388240957868091	0.054216	0.0585	1	ANTMOL0353	3.082644628	2.744827586	2.895442359	3.052479815	2.682422452	5	2	2017	1
AN_VOL_002	17238	3	199653.125	206037.234375	4607.0732421875	0.0388240957868091	0.040662	0.1116	1	ANTMOL0353	3.082644628	2.744827586	2.895442359	3.052479815	2.682422452	5	2	2017	1
AN_VOL_002	17238	4	199653.125	206037.234375	4607.0732421875	0.0388240957868091	0.040662	0.1116	1	ANTMOL0353	3.082644628	2.744827586	2.895442359	3.052479815	2.682422452	5	2	2017	1
AN_VOL_002	17280	3	199653.125	206037.234375	4607.0732421875	0.0543537341015328	0.063252	0.027	1	ANTMOL0353	3.082644628	2.744827586	2.895442359	3.052479815	2.682422452	5	2	2017	1
AN_VOL_002	17280	4	199653.125	206037.234375	4607.0732421875	0.0543537341015328	0.063252	0.027	1	ANTMOL0353	3.082644628	2.744827586	2.895442359	3.052479815	2.682422452	5	2	2017	1
AN_VOL_002	17301	3	199653.125	206037.234375	4607.0732421875	0.0543537341015328	0.065511	0.028	1	ANTMOL0353	3.082644628	2.744827586	2.895442359	3.052479815	2.682422452	5	2	2017	1
AN_VOL_002	17301	4	199653.125	206037.234375	4607.0732421875	0.0543537341015328	0.065511	0.028	1	ANTMOL0353	3.082644628	2.744827586	2.895442359	3.052479815	2.682422452	5	2	2017	1
LI_MAT_015	17343	4	226683.9375	183415.71875	16444.025390625	0.0388240957868091	0.047439	0.043	1	LIMGNK0118	1.657348243	2.75	3.296961326	2.064209275	3.208921933	5	4	2017	1
LI_MAT_015	17371	4	226683.9375	183415.71875	16444.025390625	0.0854130107309801	0.040662	0.07	1	LIMGNK0118	1.657348243	2.75	3.296961326	2.064209275	3.208921933	5	4	2017	1
LI_MAT_015	17385	4	226683.9375	183415.71875	16444.025390625	0.473653968599071	0.054216	0.145	1	LIMGNK0118	1.657348243	2.75	3.296961326	2.064209275	3.208921933	5	4	2017	1
LI_MAT_015	17413	4	226683.9375	183415.71875	16444.025390625	0.0388240957868091	0.027108	0.021	1	LIMGNK0118	1.657348243	2.75	3.296961326	2.064209275	3.208921933	5	4	2017	1
LI_MAT_015	17441	4	226683.9375	183415.71875	16444.025390625	0.0465889149441709	0.036144	0.036	1	LIMGNK0118	1.657348243	2.75	3.296961326	2.064209275	3.208921933	5	4	2017	1
LI_MAT_015	17476	4	226683.9375	183415.71875	16444.025390625	0.0388240957868091	0.054216	0.037	1	LIMGNK0118	1.657348243	2.75	3.296961326	2.064209275	3.208921933	5	4	2017	1
LI_MAT_015	17539	4	226683.9375	183415.71875	16444.025390625	0.4270650536549	0.126504	0.0879	1	LIMGNK0118	1.657348243	2.75	3.296961326	2.064209275	3.208921933	5	4	2018	1
LI_MAT_015	17574	4	226683.9375	183415.71875	16444.025390625	0.279533489665026	0.106173	0.0669	1	LIMGNK0118	1.657348243	2.75	3.296961326	2.064209275	3.208921933	5	4	2018	1
LI_MAT_015	17595	4	226683.9375	183415.71875	16444.025390625	0.512478064385881	0.133281	0.124	1	LIMGNK0118	1.657348243	2.75	3.296961326	2.064209275	3.208921933	5	4	2018	1
LI_MAT_015	17637	4	226683.9375	183415.71875	16444.025390625	0.0388240957868091	0.033885	0.0396	1	LIMGNK0118	1.657348243	2.75	3.296961326	2.064209275	3.208921933	5	4	2018	1
LI_MAT_015	17665	4	226683.9375	183415.71875	16444.025390625	0.0465889149441709	0.031626	0.0491	1	LIMGNK0118	1.657348243	2.75	3.296961326	2.064209275	3.208921933	5	4	2018	1
AN_KAS_001	16203	3	195111.109375	216434.390625	639.80712890625	0.0776481915736183	0.033885	NA	1	ANTKAS0302	3.595	2.756603774	3.083892617	2.713537118	2.379535559	5	2	2014	1
AN_KAS_001	16237	3	195111.109375	216434.390625	639.80712890625	0.0776481915736183	0.049698	NA	1	ANTKAS0302	3.595	2.756603774	3.083892617	2.713537118	2.379535559	5	2	2014	1
AN_KAS_001	16266	3	195111.109375	216434.390625	639.80712890625	0.0776481915736183	0.02259	NA	1	ANTKAS0302	3.595	2.756603774	3.083892617	2.713537118	2.379535559	5	2	2014	1
AN_KAS_001	16301	3	195111.109375	216434.390625	639.80712890625	0.0776481915736183	0.031626	NA	1	ANTKAS0302	3.595	2.756603774	3.083892617	2.713537118	2.379535559	5	2	2014	1
AN_KAS_001	16335	3	195111.109375	216434.390625	639.80712890625	0.0776481915736183	0.031626	NA	1	ANTKAS0302	3.595	2.756603774	3.083892617	2.713537118	2.379535559	5	2	2014	1
AN_KAS_001	16378	3	195111.109375	216434.390625	639.80712890625	0.0931778298883419	0.149094	NA	1	ANTKAS0302	3.595	2.756603774	3.083892617	2.713537118	2.379535559	5	2	2014	1
WV_CAB_031	17700	1	24276.9609375	196027.34375	48.6788177490234	0.0388240957868091	0.02259	0.2041	1	WVLDEP0119	4	2.760683761	3.863309353	4.303675048	3.849056604	2	2	2018	1
WV_CAB_031	17715	1	24276.9609375	196027.34375	48.6788177490234	0.0388240957868091	0.074547	0.2143	1	WVLDEP0119	4	2.760683761	3.863309353	4.303675048	3.849056604	2	2	2018	1
WV_CAB_031	17861	1	24276.9609375	196027.34375	48.6788177490234	0.186355659776684	0.02259	0.0939	1	WVLDEP0119	4	2.760683761	3.863309353	4.303675048	3.849056604	2	2	2018	1
WV_CAB_031	17876	1	24276.9609375	196027.34375	48.6788177490234	0.0388240957868091	0.056475	0.0552	1	WVLDEP0119	4	2.760683761	3.863309353	4.303675048	3.849056604	2	2	2018	1
AN_HAZ_001	16959	5	152465.109375	194667.53125	665511.4375	0.0388240957868091	0.408879	0.02	1	ANTWIL0020	2.793421053	2.762376238	3.689095128	2.211165049	3.031375167	2	2	2016	1
AN_HAZ_001	16980	5	152465.109375	194667.53125	665511.4375	0.0388240957868091	0.065511	0.02	1	ANTWIL0020	2.793421053	2.762376238	3.689095128	2.211165049	3.031375167	2	2	2016	1
AN_HAZ_001	17021	5	152465.109375	194667.53125	665511.4375	0.0388240957868091	0.02259	0.0372	1	ANTWIL0020	2.793421053	2.762376238	3.689095128	2.211165049	3.031375167	2	2	2016	1
AN_HAZ_001	17056	5	152465.109375	194667.53125	665511.4375	0.0388240957868091	0.02259	0.02	1	ANTWIL0020	2.793421053	2.762376238	3.689095128	2.211165049	3.031375167	2	2	2016	1
AN_HAZ_001	17084	5	152465.109375	194667.53125	665511.4375	0.0388240957868091	0.02259	0.02	1	ANTWIL0020	2.793421053	2.762376238	3.689095128	2.211165049	3.031375167	2	2	2016	1
AN_HAZ_001	17112	5	152465.109375	194667.53125	665511.4375	0.0388240957868091	0.027108	0.02	1	ANTWIL0020	2.793421053	2.762376238	3.689095128	2.211165049	3.031375167	2	2	2016	1
AN_HAZ_001	17133	5	152465.109375	194667.53125	665511.4375	0.194120478934046	0.072288	0.0277	1	ANTWIL0020	2.793421053	2.762376238	3.689095128	2.211165049	3.031375167	2	2	2016	1
AN_HAZ_001	17168	5	152465.109375	194667.53125	665511.4375	0.194120478934046	0.243972	0.0299	1	ANTWIL0020	2.793421053	2.762376238	3.689095128	2.211165049	3.031375167	2	2	2017	1
AN_HAZ_001	17197	5	152465.109375	194667.53125	665511.4375	0.116472287360427	0.573786	0.045	1	ANTWIL0020	2.793421053	2.762376238	3.689095128	2.211165049	3.031375167	2	2	2017	1
AN_HAZ_001	17225	5	152465.109375	194667.53125	665511.4375	0.0388240957868091	0.580563	0.022	1	ANTWIL0020	2.793421053	2.762376238	3.689095128	2.211165049	3.031375167	2	2	2017	1
AN_HAZ_001	17275	5	152465.109375	194667.53125	665511.4375	0.0388240957868091	0.284634	0.02	1	ANTWIL0020	2.793421053	2.762376238	3.689095128	2.211165049	3.031375167	2	2	2017	1
AN_HAZ_001	17295	5	152465.109375	194667.53125	665511.4375	0.0543537341015328	0.223641	0.02	1	ANTWIL0020	2.793421053	2.762376238	3.689095128	2.211165049	3.031375167	2	2	2017	1
AN_LDL_001	16188	7	196071.59375	225500.859375	26742.73828125	0.0776481915736183	0.027108	NA	1	ANTOTH0271	1.817766497	2.768656716	4.002915452	3.859456635	3.630461165	5	2	2014	1
AN_LDL_001	16237	7	196071.59375	225500.859375	26742.73828125	0.652244809218393	0.033885	NA	1	ANTOTH0271	1.817766497	2.768656716	4.002915452	3.859456635	3.630461165	5	2	2014	1
AN_LDL_001	16266	7	196071.59375	225500.859375	26742.73828125	0.458124330284348	0.027108	NA	1	ANTOTH0271	1.817766497	2.768656716	4.002915452	3.859456635	3.630461165	5	2	2014	1
AN_LDL_001	16300	7	196071.59375	225500.859375	26742.73828125	0.0776481915736183	0.056475	NA	1	ANTOTH0271	1.817766497	2.768656716	4.002915452	3.859456635	3.630461165	5	2	2014	1
AN_LDL_001	16335	7	196071.59375	225500.859375	26742.73828125	0.279533489665026	0.167166	NA	1	ANTOTH0271	1.817766497	2.768656716	4.002915452	3.859456635	3.630461165	5	2	2014	1
AN_LDL_001	16391	7	196071.59375	225500.859375	26742.73828125	0.621185532588946	0.058734	NA	1	ANTOTH0271	1.817766497	2.768656716	4.002915452	3.859456635	3.630461165	5	2	2014	1
LI_WIK_005	16601	3	224286.921875	185015.59375	10374.5419921875	0.0621185532588946	0.036144	0.059	1	LIMGNK0089	2.115303983	2.772222222	3.099740933	3.266098485	2.886277483	5	2	2015	1
LI_WIK_005	16629	3	224286.921875	185015.59375	10374.5419921875	0.0543537341015328	0.049698	0.079	1	LIMGNK0089	2.115303983	2.772222222	3.099740933	3.266098485	2.886277483	5	2	2015	1
LI_WIK_005	16657	3	224286.921875	185015.59375	10374.5419921875	2.24403273647757	0.02259	0.2088	1	LIMGNK0089	2.115303983	2.772222222	3.099740933	3.266098485	2.886277483	5	2	2015	1
LI_WIK_005	16685	3	224286.921875	185015.59375	10374.5419921875	0.0543537341015328	0.060993	0.0904	1	LIMGNK0089	2.115303983	2.772222222	3.099740933	3.266098485	2.886277483	5	2	2015	1
LI_WIK_005	16721	3	224286.921875	185015.59375	10374.5419921875	0.0388240957868091	0.024849	0.05	1	LIMGNK0089	2.115303983	2.772222222	3.099740933	3.266098485	2.886277483	5	2	2015	1
LI_WIK_005	16748	3	224286.921875	185015.59375	10374.5419921875	0.0388240957868091	0.02259	0.0492	1	LIMGNK0089	2.115303983	2.772222222	3.099740933	3.266098485	2.886277483	5	2	2015	1
LI_WIK_005	16776	3	224286.921875	185015.59375	10374.5419921875	0.0698833724162564	0.162648	0.066	1	LIMGNK0089	2.115303983	2.772222222	3.099740933	3.266098485	2.886277483	5	2	2015	1
LI_WIK_005	16847	3	224286.921875	185015.59375	10374.5419921875	0.0388240957868091	0.476649	0.0706	1	LIMGNK0089	2.115303983	2.772222222	3.099740933	3.266098485	2.886277483	5	2	2016	1
LI_WIK_005	16874	3	224286.921875	185015.59375	10374.5419921875	0.0388240957868091	0.142317	0.0329	1	LIMGNK0089	2.115303983	2.772222222	3.099740933	3.266098485	2.886277483	5	2	2016	1
LI_WIK_005	16909	3	224286.921875	185015.59375	10374.5419921875	0.0388240957868091	0.02259	0.0564	1	LIMGNK0089	2.115303983	2.772222222	3.099740933	3.266098485	2.886277483	5	2	2016	1
LI_WIK_005	16939	3	224286.921875	185015.59375	10374.5419921875	0.0543537341015328	0.038403	0.0665	1	LIMGNK0089	2.115303983	2.772222222	3.099740933	3.266098485	2.886277483	5	2	2016	1
AN_KDN_005	16972	3	179682.09375	214160.484375	757.056579589844	0.0388240957868091	0.094878	0.0684	1	ANTLIL0303	2.641221374	2.795045045	3.268779343	4.209315376	2.346328785	5	2	2016	1
AN_KDN_005	16972	5	179682.09375	214160.484375	757.056579589844	0.0388240957868091	0.094878	0.0684	1	ANTLIL0303	2.641221374	2.795045045	3.268779343	4.209315376	2.346328785	5	2	2016	1
AN_KDN_005	17014	3	179682.09375	214160.484375	757.056579589844	0.0388240957868091	0.02259	0.0399	1	ANTLIL0303	2.641221374	2.795045045	3.268779343	4.209315376	2.346328785	5	2	2016	1
AN_KDN_005	17014	5	179682.09375	214160.484375	757.056579589844	0.0388240957868091	0.02259	0.0399	1	ANTLIL0303	2.641221374	2.795045045	3.268779343	4.209315376	2.346328785	5	2	2016	1
AN_KDN_005	17035	3	179682.09375	214160.484375	757.056579589844	0.0388240957868091	0.02259	0.054	1	ANTLIL0303	2.641221374	2.795045045	3.268779343	4.209315376	2.346328785	5	2	2016	1
AN_KDN_005	17035	5	179682.09375	214160.484375	757.056579589844	0.0388240957868091	0.02259	0.054	1	ANTLIL0303	2.641221374	2.795045045	3.268779343	4.209315376	2.346328785	5	2	2016	1
AN_KDN_005	17063	3	179682.09375	214160.484375	757.056579589844	0.0465889149441709	0.049698	0.0391	1	ANTLIL0303	2.641221374	2.795045045	3.268779343	4.209315376	2.346328785	5	2	2016	1
AN_KDN_005	17063	5	179682.09375	214160.484375	757.056579589844	0.0465889149441709	0.049698	0.0391	1	ANTLIL0303	2.641221374	2.795045045	3.268779343	4.209315376	2.346328785	5	2	2016	1
AN_KDN_005	17091	3	179682.09375	214160.484375	757.056579589844	0.0465889149441709	0.06777	0.0269	1	ANTLIL0303	2.641221374	2.795045045	3.268779343	4.209315376	2.346328785	5	2	2016	1
AN_KDN_005	17091	5	179682.09375	214160.484375	757.056579589844	0.0465889149441709	0.06777	0.0269	1	ANTLIL0303	2.641221374	2.795045045	3.268779343	4.209315376	2.346328785	5	2	2016	1
AN_KDN_005	17113	3	179682.09375	214160.484375	757.056579589844	0.0698833724162564	0.02259	0.0274	1	ANTLIL0303	2.641221374	2.795045045	3.268779343	4.209315376	2.346328785	5	2	2016	1
AN_KDN_005	17113	5	179682.09375	214160.484375	757.056579589844	0.0698833724162564	0.02259	0.0274	1	ANTLIL0303	2.641221374	2.795045045	3.268779343	4.209315376	2.346328785	5	2	2016	1
AN_KDN_005	17127	3	179682.09375	214160.484375	757.056579589844	0.0698833724162564	0.101655	0.0307	1	ANTLIL0303	2.641221374	2.795045045	3.268779343	4.209315376	2.346328785	5	2	2016	1
AN_KDN_005	17127	5	179682.09375	214160.484375	757.056579589844	0.0698833724162564	0.101655	0.0307	1	ANTLIL0303	2.641221374	2.795045045	3.268779343	4.209315376	2.346328785	5	2	2016	1
AN_KDN_005	17183	3	179682.09375	214160.484375	757.056579589844	0.0388240957868091	0.092619	0.02	1	ANTLIL0303	2.641221374	2.795045045	3.268779343	4.209315376	2.346328785	5	2	2017	1
AN_KDN_005	17183	5	179682.09375	214160.484375	757.056579589844	0.0388240957868091	0.092619	0.02	1	ANTLIL0303	2.641221374	2.795045045	3.268779343	4.209315376	2.346328785	5	2	2017	1
AN_KDN_005	17218	3	179682.09375	214160.484375	757.056579589844	0.0388240957868091	0.027108	0.066	1	ANTLIL0303	2.641221374	2.795045045	3.268779343	4.209315376	2.346328785	5	2	2017	1
AN_KDN_005	17218	5	179682.09375	214160.484375	757.056579589844	0.0388240957868091	0.027108	0.066	1	ANTLIL0303	2.641221374	2.795045045	3.268779343	4.209315376	2.346328785	5	2	2017	1
AN_KDN_005	17245	3	179682.09375	214160.484375	757.056579589844	0.0388240957868091	0.142317	0.024	1	ANTLIL0303	2.641221374	2.795045045	3.268779343	4.209315376	2.346328785	5	2	2017	1
AN_KDN_005	17245	5	179682.09375	214160.484375	757.056579589844	0.0388240957868091	0.142317	0.024	1	ANTLIL0303	2.641221374	2.795045045	3.268779343	4.209315376	2.346328785	5	2	2017	1
AN_KDN_005	17267	3	179682.09375	214160.484375	757.056579589844	0.100942649045704	0.056475	0.0242	1	ANTLIL0303	2.641221374	2.795045045	3.268779343	4.209315376	2.346328785	5	2	2017	1
AN_KDN_005	17267	5	179682.09375	214160.484375	757.056579589844	0.100942649045704	0.056475	0.0242	1	ANTLIL0303	2.641221374	2.795045045	3.268779343	4.209315376	2.346328785	5	2	2017	1
AN_KDN_005	17295	3	179682.09375	214160.484375	757.056579589844	0.0388240957868091	0.033885	0.021	1	ANTLIL0303	2.641221374	2.795045045	3.268779343	4.209315376	2.346328785	5	2	2017	1
AN_KDN_005	17295	5	179682.09375	214160.484375	757.056579589844	0.0388240957868091	0.033885	0.021	1	ANTLIL0303	2.641221374	2.795045045	3.268779343	4.209315376	2.346328785	5	2	2017	1
LI_DBR_002	17343	3	243199.796875	202308.84375	2889.62182617188	0.0388240957868091	0.038403	0.042	1	LIMMSK0425	2.543577982	2.798507463	2.519329897	1.016129032	1.721088435	5	2	2017	1
LI_DBR_002	17371	3	243199.796875	202308.84375	2889.62182617188	0.0388240957868091	0.033885	0.034	1	LIMMSK0425	2.543577982	2.798507463	2.519329897	1.016129032	1.721088435	5	2	2017	1
LI_DBR_002	17385	3	243199.796875	202308.84375	2889.62182617188	0.0388240957868091	0.029367	0.106	1	LIMMSK0425	2.543577982	2.798507463	2.519329897	1.016129032	1.721088435	5	2	2017	1
LI_DBR_002	17420	3	243199.796875	202308.84375	2889.62182617188	0.0543537341015328	0.074547	0.1184	1	LIMMSK0425	2.543577982	2.798507463	2.519329897	1.016129032	1.721088435	5	2	2017	1
LI_DBR_002	17448	3	243199.796875	202308.84375	2889.62182617188	0.116472287360427	0.155871	0.0351	1	LIMMSK0425	2.543577982	2.798507463	2.519329897	1.016129032	1.721088435	5	2	2017	1
LI_DBR_002	17476	3	243199.796875	202308.84375	2889.62182617188	0.25623903219294	0.164907	0.306	1	LIMMSK0425	2.543577982	2.798507463	2.519329897	1.016129032	1.721088435	5	2	2017	1
LI_DBR_002	17504	3	243199.796875	202308.84375	2889.62182617188	0.209650117248769	0.282375	0.1054	1	LIMMSK0425	2.543577982	2.798507463	2.519329897	1.016129032	1.721088435	5	2	2017	1
LI_DBR_002	17533	3	243199.796875	202308.84375	2889.62182617188	0.132001925675151	0.162648	0.02	1	LIMMSK0425	2.543577982	2.798507463	2.519329897	1.016129032	1.721088435	5	2	2018	1
LI_DBR_002	17560	3	243199.796875	202308.84375	2889.62182617188	0.0388240957868091	0.070029	0.049	1	LIMMSK0425	2.543577982	2.798507463	2.519329897	1.016129032	1.721088435	5	2	2018	1
LI_DBR_002	17595	3	243199.796875	202308.84375	2889.62182617188	0.178590840619322	0.076806	0.061	1	LIMMSK0425	2.543577982	2.798507463	2.519329897	1.016129032	1.721088435	5	2	2018	1
LI_DBR_002	17624	3	243199.796875	202308.84375	2889.62182617188	0.0388240957868091	0.02259	0.027	1	LIMMSK0425	2.543577982	2.798507463	2.519329897	1.016129032	1.721088435	5	2	2018	1
LI_DBR_002	17665	3	243199.796875	202308.84375	2889.62182617188	0.0543537341015328	0.060993	0.0589	1	LIMMSK0425	2.543577982	2.798507463	2.519329897	1.016129032	1.721088435	5	2	2018	1
AN_BAV_002	17336	6	208219.375	206223.921875	1326.33752441406	1.32001925675151	0.083583	0.149	1	ANTBAL0505	3.142857143	2.798561151	3.559610706	3.569885642	1.837700146	5	2	2017	1
AN_BAV_002	17372	6	208219.375	206223.921875	1326.33752441406	1.31225443759415	0.06777	0.085	1	ANTBAL0505	3.142857143	2.798561151	3.559610706	3.569885642	1.837700146	5	2	2017	1
AN_BAV_002	17400	6	208219.375	206223.921875	1326.33752441406	1.50637491652819	0.081324	0.112	1	ANTBAL0505	3.142857143	2.798561151	3.559610706	3.569885642	1.837700146	5	2	2017	1
AN_BAV_002	17434	6	208219.375	206223.921875	1326.33752441406	1.07930986287329	0.083583	0.177	1	ANTBAL0505	3.142857143	2.798561151	3.559610706	3.569885642	1.837700146	5	2	2017	1
AN_BAV_002	17448	6	208219.375	206223.921875	1326.33752441406	1.27343034180734	0.106173	0.0804	1	ANTBAL0505	3.142857143	2.798561151	3.559610706	3.569885642	1.837700146	5	2	2017	1
AN_BAV_002	17490	6	208219.375	206223.921875	1326.33752441406	1.62284720388862	0.108432	0.2072	1	ANTBAL0505	3.142857143	2.798561151	3.559610706	3.569885642	1.837700146	5	2	2017	1
AN_BAV_002	17533	6	208219.375	206223.921875	1326.33752441406	0.924013479726057	0.117468	0.0266	1	ANTBAL0505	3.142857143	2.798561151	3.559610706	3.569885642	1.837700146	5	2	2018	1
AN_BAV_002	17560	6	208219.375	206223.921875	1326.33752441406	0.4270650536549	0.146835	0.058	1	ANTBAL0505	3.142857143	2.798561151	3.559610706	3.569885642	1.837700146	5	2	2018	1
AN_BAV_002	17602	6	208219.375	206223.921875	1326.33752441406	0.0388240957868091	0.097137	0.232	1	ANTBAL0505	3.142857143	2.798561151	3.559610706	3.569885642	1.837700146	5	2	2018	1
AN_BAV_002	17624	6	208219.375	206223.921875	1326.33752441406	0.0388240957868091	0.049698	0.054	1	ANTBAL0505	3.142857143	2.798561151	3.559610706	3.569885642	1.837700146	5	2	2018	1
AN_BAV_002	17673	6	208219.375	206223.921875	1326.33752441406	1.75484912956377	0.103914	0.0961	1	ANTBAL0505	3.142857143	2.798561151	3.559610706	3.569885642	1.837700146	5	2	2018	1
AN_STB_001	17344	6	166546.0625	205004.484375	107.689247131348	0.0543537341015328	0.079065	0.277	1	ANTNIJ0045	2	2.798657718	4.25390625	3.261875761	2.544654939	5	2	2017	1
AN_STB_001	17372	6	166546.0625	205004.484375	107.689247131348	0.0388240957868091	0.033885	0.054	1	ANTNIJ0045	2	2.798657718	4.25390625	3.261875761	2.544654939	5	2	2017	1
AN_STB_001	17399	6	166546.0625	205004.484375	107.689247131348	0.0388240957868091	0.042921	0.178	1	ANTNIJ0045	2	2.798657718	4.25390625	3.261875761	2.544654939	5	2	2017	1
AN_STB_001	17434	6	166546.0625	205004.484375	107.689247131348	0.0388240957868091	0.04518	0.056	1	ANTNIJ0045	2	2.798657718	4.25390625	3.261875761	2.544654939	5	2	2017	1
AN_STB_001	17448	6	166546.0625	205004.484375	107.689247131348	0.0388240957868091	0.063252	0.0684	1	ANTNIJ0045	2	2.798657718	4.25390625	3.261875761	2.544654939	5	2	2017	1
AN_STB_001	17490	6	166546.0625	205004.484375	107.689247131348	0.0388240957868091	0.070029	0.0889	1	ANTNIJ0045	2	2.798657718	4.25390625	3.261875761	2.544654939	5	2	2017	1
AN_STB_001	17546	6	166546.0625	205004.484375	107.689247131348	0.155296383147237	0.133281	2.342	1	ANTNIJ0045	2	2.798657718	4.25390625	3.261875761	2.544654939	5	2	2018	1
AN_STB_001	17581	6	166546.0625	205004.484375	107.689247131348	0.0388240957868091	0.09036	0.7721	1	ANTNIJ0045	2	2.798657718	4.25390625	3.261875761	2.544654939	5	2	2018	1
AN_STB_001	17609	6	166546.0625	205004.484375	107.689247131348	0.0388240957868091	0.295929	0.915	1	ANTNIJ0045	2	2.798657718	4.25390625	3.261875761	2.544654939	5	2	2018	1
AN_STB_001	17644	6	166546.0625	205004.484375	107.689247131348	0.0698833724162564	0.142317	0.625	1	ANTNIJ0045	2	2.798657718	4.25390625	3.261875761	2.544654939	5	2	2018	1
AN_STB_001	17680	6	166546.0625	205004.484375	107.689247131348	0.0388240957868091	0.02259	0.473	1	ANTNIJ0045	2	2.798657718	4.25390625	3.261875761	2.544654939	5	2	2018	1
LI_MLV_015	16603	3	217752.453125	185736.890625	30496.0390625	0.0388240957868091	0.054216	0.366	1	LIMZNH0238	2.528358209	2.803149606	3.673716012	2.194273128	2.050734945	5	4	2015	1
LI_MLV_015	16603	4	217752.453125	185736.890625	30496.0390625	0.0388240957868091	0.054216	0.366	1	LIMZNH0238	2.528358209	2.803149606	3.673716012	2.194273128	2.050734945	5	4	2015	1
LI_MLV_015	16631	3	217752.453125	185736.890625	30496.0390625	0.0698833724162564	0.056475	0.708	1	LIMZNH0238	2.528358209	2.803149606	3.673716012	2.194273128	2.050734945	5	4	2015	1
LI_MLV_015	16631	4	217752.453125	185736.890625	30496.0390625	0.0698833724162564	0.056475	0.708	1	LIMZNH0238	2.528358209	2.803149606	3.673716012	2.194273128	2.050734945	5	4	2015	1
LI_MLV_015	16659	3	217752.453125	185736.890625	30496.0390625	0.0388240957868091	0.042921	0.1465	1	LIMZNH0238	2.528358209	2.803149606	3.673716012	2.194273128	2.050734945	5	4	2015	1
LI_MLV_015	16659	4	217752.453125	185736.890625	30496.0390625	0.0388240957868091	0.042921	0.1465	1	LIMZNH0238	2.528358209	2.803149606	3.673716012	2.194273128	2.050734945	5	4	2015	1
LI_MLV_015	16686	3	217752.453125	185736.890625	30496.0390625	0.0388240957868091	0.06777	0.1232	1	LIMZNH0238	2.528358209	2.803149606	3.673716012	2.194273128	2.050734945	5	4	2015	1
LI_MLV_015	16686	4	217752.453125	185736.890625	30496.0390625	0.0388240957868091	0.06777	0.1232	1	LIMZNH0238	2.528358209	2.803149606	3.673716012	2.194273128	2.050734945	5	4	2015	1
LI_MLV_015	16721	3	217752.453125	185736.890625	30496.0390625	0.0388240957868091	0.101655	0.23	1	LIMZNH0238	2.528358209	2.803149606	3.673716012	2.194273128	2.050734945	5	4	2015	1
LI_MLV_015	16721	4	217752.453125	185736.890625	30496.0390625	0.0388240957868091	0.101655	0.23	1	LIMZNH0238	2.528358209	2.803149606	3.673716012	2.194273128	2.050734945	5	4	2015	1
LI_MLV_015	16748	3	217752.453125	185736.890625	30496.0390625	0.0388240957868091	0.149094	0.1179	1	LIMZNH0238	2.528358209	2.803149606	3.673716012	2.194273128	2.050734945	5	4	2015	1
LI_MLV_015	16748	4	217752.453125	185736.890625	30496.0390625	0.0388240957868091	0.149094	0.1179	1	LIMZNH0238	2.528358209	2.803149606	3.673716012	2.194273128	2.050734945	5	4	2015	1
LI_MLV_015	16777	3	217752.453125	185736.890625	30496.0390625	0.442594691969624	0.817758	0.187	1	LIMZNH0238	2.528358209	2.803149606	3.673716012	2.194273128	2.050734945	5	4	2015	1
LI_MLV_015	16777	4	217752.453125	185736.890625	30496.0390625	0.442594691969624	0.817758	0.187	1	LIMZNH0238	2.528358209	2.803149606	3.673716012	2.194273128	2.050734945	5	4	2015	1
LI_MLV_015	16818	3	217752.453125	185736.890625	30496.0390625	0.0388240957868091	0.094878	0.0821	1	LIMZNH0238	2.528358209	2.803149606	3.673716012	2.194273128	2.050734945	5	4	2016	1
LI_MLV_015	16818	4	217752.453125	185736.890625	30496.0390625	0.0388240957868091	0.094878	0.0821	1	LIMZNH0238	2.528358209	2.803149606	3.673716012	2.194273128	2.050734945	5	4	2016	1
LI_MLV_015	16847	3	217752.453125	185736.890625	30496.0390625	0.0388240957868091	0.869715	0.0638	1	LIMZNH0238	2.528358209	2.803149606	3.673716012	2.194273128	2.050734945	5	4	2016	1
LI_MLV_015	16847	4	217752.453125	185736.890625	30496.0390625	0.0388240957868091	0.869715	0.0638	1	LIMZNH0238	2.528358209	2.803149606	3.673716012	2.194273128	2.050734945	5	4	2016	1
LI_MLV_015	16875	3	217752.453125	185736.890625	30496.0390625	0.0543537341015328	0.054216	0.0713	1	LIMZNH0238	2.528358209	2.803149606	3.673716012	2.194273128	2.050734945	5	4	2016	1
LI_MLV_015	16875	4	217752.453125	185736.890625	30496.0390625	0.0543537341015328	0.054216	0.0713	1	LIMZNH0238	2.528358209	2.803149606	3.673716012	2.194273128	2.050734945	5	4	2016	1
LI_MLV_015	16910	3	217752.453125	185736.890625	30496.0390625	0.0388240957868091	0.182979	0.058	1	LIMZNH0238	2.528358209	2.803149606	3.673716012	2.194273128	2.050734945	5	4	2016	1
LI_MLV_015	16910	4	217752.453125	185736.890625	30496.0390625	0.0388240957868091	0.182979	0.058	1	LIMZNH0238	2.528358209	2.803149606	3.673716012	2.194273128	2.050734945	5	4	2016	1
LI_MLV_015	16938	3	217752.453125	185736.890625	30496.0390625	0.0388240957868091	0.029367	0.1398	1	LIMZNH0238	2.528358209	2.803149606	3.673716012	2.194273128	2.050734945	5	4	2016	1
LI_MLV_015	16938	4	217752.453125	185736.890625	30496.0390625	0.0388240957868091	0.029367	0.1398	1	LIMZNH0238	2.528358209	2.803149606	3.673716012	2.194273128	2.050734945	5	4	2016	1
AN_GKH_001	16608	4	183212.921875	224814.640625	40803.92578125	0.0388240957868091	0.02259	0.02	1	ANTBSE0165	2.145251397	2.807443366	3.210666667	2.259568204	3.582925122	5	4	2015	1
AN_GKH_001	16629	4	183212.921875	224814.640625	40803.92578125	0.0388240957868091	0.036144	0.02	1	ANTBSE0165	2.145251397	2.807443366	3.210666667	2.259568204	3.582925122	5	4	2015	1
AN_GKH_001	16664	4	183212.921875	224814.640625	40803.92578125	0.0388240957868091	0.040662	0.02	1	ANTBSE0165	2.145251397	2.807443366	3.210666667	2.259568204	3.582925122	5	4	2015	1
AN_GKH_001	16685	4	183212.921875	224814.640625	40803.92578125	0.0388240957868091	0.036144	0.021	1	ANTBSE0165	2.145251397	2.807443366	3.210666667	2.259568204	3.582925122	5	4	2015	1
AN_GKH_001	16720	4	183212.921875	224814.640625	40803.92578125	0.0194120478934046	0.02259	0.02	1	ANTBSE0165	2.145251397	2.807443366	3.210666667	2.259568204	3.582925122	5	4	2015	1
AN_GKH_001	16748	4	183212.921875	224814.640625	40803.92578125	0.0388240957868091	0.02259	0.02	1	ANTBSE0165	2.145251397	2.807443366	3.210666667	2.259568204	3.582925122	5	4	2015	1
AN_GKH_001	16777	4	183212.921875	224814.640625	40803.92578125	0.0388240957868091	0.126504	0.02	1	ANTBSE0165	2.145251397	2.807443366	3.210666667	2.259568204	3.582925122	5	4	2015	1
AN_GKH_001	16819	4	183212.921875	224814.640625	40803.92578125	0.0388240957868091	0.456318	0.0344	1	ANTBSE0165	2.145251397	2.807443366	3.210666667	2.259568204	3.582925122	5	4	2016	1
AN_GKH_001	16846	4	183212.921875	224814.640625	40803.92578125	0.0388240957868091	0.481167	0.0295	1	ANTBSE0165	2.145251397	2.807443366	3.210666667	2.259568204	3.582925122	5	4	2016	1
AN_GKH_001	16874	4	183212.921875	224814.640625	40803.92578125	0.0388240957868091	0.569268	0.0215	1	ANTBSE0165	2.145251397	2.807443366	3.210666667	2.259568204	3.582925122	5	4	2016	1
AN_GKH_001	16909	4	183212.921875	224814.640625	40803.92578125	0.0465889149441709	0.370476	0.0235	1	ANTBSE0165	2.145251397	2.807443366	3.210666667	2.259568204	3.582925122	5	4	2016	1
AN_GKH_001	16938	4	183212.921875	224814.640625	40803.92578125	0.0388240957868091	0.2259	0.0269	1	ANTBSE0165	2.145251397	2.807443366	3.210666667	2.259568204	3.582925122	5	4	2016	1
AN_MEC_002	17336	6	159857.703125	189617.53125	61.1664505004883	0.489183606913795	0.140058	0.378	1	ANTMEC0257	4	2.80994152	4.030726257	2.735488127	2.598316296	3	4	2017	1
AN_MEC_002	17350	6	159857.703125	189617.53125	61.1664505004883	0.100942649045704	0.072288	0.2342	1	ANTMEC0257	4	2.80994152	4.030726257	2.735488127	2.598316296	3	4	2017	1
AN_MEC_002	17400	6	159857.703125	189617.53125	61.1664505004883	2.29062165142174	0.214605	1.931	1	ANTMEC0257	4	2.80994152	4.030726257	2.735488127	2.598316296	3	4	2017	1
AN_MEC_002	17434	6	159857.703125	189617.53125	61.1664505004883	0.147531563989875	0.237195	0.439	1	ANTMEC0257	4	2.80994152	4.030726257	2.735488127	2.598316296	3	4	2017	1
AN_MEC_002	17456	6	159857.703125	189617.53125	61.1664505004883	4.6977155902039	0.304965	0.4272	1	ANTMEC0257	4	2.80994152	4.030726257	2.735488127	2.598316296	3	4	2017	1
AN_MEC_002	17497	6	159857.703125	189617.53125	61.1664505004883	3.22239995030516	0.286893	0.25	1	ANTMEC0257	4	2.80994152	4.030726257	2.735488127	2.598316296	3	4	2017	1
AN_MEC_002	17512	6	159857.703125	189617.53125	61.1664505004883	1.86355659776684	0.167166	0.1258	1	ANTMEC0257	4	2.80994152	4.030726257	2.735488127	2.598316296	3	4	2017	1
AN_MEC_002	17539	6	159857.703125	189617.53125	61.1664505004883	1.25013588433525	0.137799	0.1391	1	ANTMEC0257	4	2.80994152	4.030726257	2.735488127	2.598316296	3	4	2018	1
AN_MEC_002	17567	6	159857.703125	189617.53125	61.1664505004883	0.706598543319926	0.167166	0.066	1	ANTMEC0257	4	2.80994152	4.030726257	2.735488127	2.598316296	3	4	2018	1
AN_MEC_002	17609	6	159857.703125	189617.53125	61.1664505004883	0.139766744832513	0.176202	0.033	1	ANTMEC0257	4	2.80994152	4.030726257	2.735488127	2.598316296	3	4	2018	1
AN_MEC_002	17637	6	159857.703125	189617.53125	61.1664505004883	0.0388240957868091	0.058734	0.0383	1	ANTMEC0257	4	2.80994152	4.030726257	2.735488127	2.598316296	3	4	2018	1
AN_MEC_002	17680	6	159857.703125	189617.53125	61.1664505004883	0.0698833724162564	0.11295	0.7801	1	ANTMEC0257	4	2.80994152	4.030726257	2.735488127	2.598316296	3	4	2018	1
LI_EKS_001	17336	6	217623.609375	205665.875	1155.13024902344	0.0465889149441709	0.04518	0.091	1	LIMHEC0128	2.748407643	2.812080537	1	1	1	5	2	2017	1
LI_EKS_001	17351	6	217623.609375	205665.875	1155.13024902344	0.0776481915736183	0.040662	0.1037	1	LIMHEC0128	2.748407643	2.812080537	1	1	1	5	2	2017	1
LI_EKS_001	17386	6	217623.609375	205665.875	1155.13024902344	0.0931778298883419	0.033885	0.407	1	LIMHEC0128	2.748407643	2.812080537	1	1	1	5	2	2017	1
LI_EKS_001	17434	6	217623.609375	205665.875	1155.13024902344	0.0388240957868091	0.042921	0.032	1	LIMHEC0128	2.748407643	2.812080537	1	1	1	5	2	2017	1
LI_EKS_001	17448	6	217623.609375	205665.875	1155.13024902344	0.0465889149441709	0.058734	0.021	1	LIMHEC0128	2.748407643	2.812080537	1	1	1	5	2	2017	1
LI_EKS_001	17490	6	217623.609375	205665.875	1155.13024902344	0.0388240957868091	0.051957	0.0381	1	LIMHEC0128	2.748407643	2.812080537	1	1	1	5	2	2017	1
LI_EKS_001	17533	6	217623.609375	205665.875	1155.13024902344	0.0388240957868091	0.040662	0.02	1	LIMHEC0128	2.748407643	2.812080537	1	1	1	5	2	2018	1
LI_EKS_001	17560	6	217623.609375	205665.875	1155.13024902344	0.0388240957868091	0.049698	0.024	1	LIMHEC0128	2.748407643	2.812080537	1	1	1	5	2	2018	1
LI_EKS_001	17602	6	217623.609375	205665.875	1155.13024902344	0.0388240957868091	0.024849	0.05	1	LIMHEC0128	2.748407643	2.812080537	1	1	1	5	2	2018	1
LI_EKS_001	17624	6	217623.609375	205665.875	1155.13024902344	0.0388240957868091	0.02259	0.038	1	LIMHEC0128	2.748407643	2.812080537	1	1	1	5	2	2018	1
LI_EKS_001	17673	6	217623.609375	205665.875	1155.13024902344	0.0388240957868091	0.029367	0.0404	1	LIMHEC0128	2.748407643	2.812080537	1	1	1	5	2	2018	1
LI_WIK_009	16952	3	223858.671875	185189.96875	13587.6376953125	0.0621185532588946	0.049698	0.0291	1	LIMGNK0103	2.292792793	2.825203252	3.581081081	3.147933884	3.921458626	5	4	2016	1
LI_WIK_009	16952	4	223858.671875	185189.96875	13587.6376953125	0.0621185532588946	0.049698	0.0291	1	LIMGNK0103	2.292792793	2.825203252	3.581081081	3.147933884	3.921458626	5	4	2016	1
LI_WIK_009	16986	3	223858.671875	185189.96875	13587.6376953125	0.0388240957868091	0.02259	0.0346	1	LIMGNK0103	2.292792793	2.825203252	3.581081081	3.147933884	3.921458626	5	4	2016	1
LI_WIK_009	16986	4	223858.671875	185189.96875	13587.6376953125	0.0388240957868091	0.02259	0.0346	1	LIMGNK0103	2.292792793	2.825203252	3.581081081	3.147933884	3.921458626	5	4	2016	1
LI_WIK_009	17022	3	223858.671875	185189.96875	13587.6376953125	0.0543537341015328	0.02259	0.02	1	LIMGNK0103	2.292792793	2.825203252	3.581081081	3.147933884	3.921458626	5	4	2016	1
LI_WIK_009	17022	4	223858.671875	185189.96875	13587.6376953125	0.0543537341015328	0.02259	0.02	1	LIMGNK0103	2.292792793	2.825203252	3.581081081	3.147933884	3.921458626	5	4	2016	1
LI_WIK_009	17070	3	223858.671875	185189.96875	13587.6376953125	0.0465889149441709	0.024849	0.02	1	LIMGNK0103	2.292792793	2.825203252	3.581081081	3.147933884	3.921458626	5	4	2016	1
LI_WIK_009	17070	4	223858.671875	185189.96875	13587.6376953125	0.0465889149441709	0.024849	0.02	1	LIMGNK0103	2.292792793	2.825203252	3.581081081	3.147933884	3.921458626	5	4	2016	1
LI_WIK_009	17091	3	223858.671875	185189.96875	13587.6376953125	0.0388240957868091	0.054216	0.02	1	LIMGNK0103	2.292792793	2.825203252	3.581081081	3.147933884	3.921458626	5	4	2016	1
LI_WIK_009	17091	4	223858.671875	185189.96875	13587.6376953125	0.0388240957868091	0.054216	0.02	1	LIMGNK0103	2.292792793	2.825203252	3.581081081	3.147933884	3.921458626	5	4	2016	1
LI_WIK_009	17127	3	223858.671875	185189.96875	13587.6376953125	0.0388240957868091	0.027108	0.02	1	LIMGNK0103	2.292792793	2.825203252	3.581081081	3.147933884	3.921458626	5	4	2016	1
LI_WIK_009	17127	4	223858.671875	185189.96875	13587.6376953125	0.0388240957868091	0.027108	0.02	1	LIMGNK0103	2.292792793	2.825203252	3.581081081	3.147933884	3.921458626	5	4	2016	1
LI_WIK_009	17133	3	223858.671875	185189.96875	13587.6376953125	0.0388240957868091	0.033885	0.0218	1	LIMGNK0103	2.292792793	2.825203252	3.581081081	3.147933884	3.921458626	5	4	2016	1
LI_WIK_009	17133	4	223858.671875	185189.96875	13587.6376953125	0.0388240957868091	0.033885	0.0218	1	LIMGNK0103	2.292792793	2.825203252	3.581081081	3.147933884	3.921458626	5	4	2016	1
LI_WIK_009	17190	3	223858.671875	185189.96875	13587.6376953125	0.0388240957868091	0.058734	0.02	1	LIMGNK0103	2.292792793	2.825203252	3.581081081	3.147933884	3.921458626	5	4	2017	1
LI_WIK_009	17190	4	223858.671875	185189.96875	13587.6376953125	0.0388240957868091	0.058734	0.02	1	LIMGNK0103	2.292792793	2.825203252	3.581081081	3.147933884	3.921458626	5	4	2017	1
LI_WIK_009	17210	3	223858.671875	185189.96875	13587.6376953125	0.0388240957868091	0.115209	0.02	1	LIMGNK0103	2.292792793	2.825203252	3.581081081	3.147933884	3.921458626	5	4	2017	1
LI_WIK_009	17210	4	223858.671875	185189.96875	13587.6376953125	0.0388240957868091	0.115209	0.02	1	LIMGNK0103	2.292792793	2.825203252	3.581081081	3.147933884	3.921458626	5	4	2017	1
LI_WIK_009	17232	3	223858.671875	185189.96875	13587.6376953125	0.0388240957868091	0.038403	0.02	1	LIMGNK0103	2.292792793	2.825203252	3.581081081	3.147933884	3.921458626	5	4	2017	1
LI_WIK_009	17232	4	223858.671875	185189.96875	13587.6376953125	0.0388240957868091	0.038403	0.02	1	LIMGNK0103	2.292792793	2.825203252	3.581081081	3.147933884	3.921458626	5	4	2017	1
LI_WIK_009	17266	3	223858.671875	185189.96875	13587.6376953125	0.0388240957868091	0.063252	0.02	1	LIMGNK0103	2.292792793	2.825203252	3.581081081	3.147933884	3.921458626	5	4	2017	1
LI_WIK_009	17266	4	223858.671875	185189.96875	13587.6376953125	0.0388240957868091	0.063252	0.02	1	LIMGNK0103	2.292792793	2.825203252	3.581081081	3.147933884	3.921458626	5	4	2017	1
LI_WIK_009	17301	3	223858.671875	185189.96875	13587.6376953125	0.0388240957868091	0.040662	0.02	1	LIMGNK0103	2.292792793	2.825203252	3.581081081	3.147933884	3.921458626	5	4	2017	1
LI_WIK_009	17301	4	223858.671875	185189.96875	13587.6376953125	0.0388240957868091	0.040662	0.02	1	LIMGNK0103	2.292792793	2.825203252	3.581081081	3.147933884	3.921458626	5	4	2017	1
AN_TUR_002	16958	6	192299.296875	228130.09375	53964.44140625	0.0698833724162564	0.196533	0.0402	1	ANTRAV0381	2.233801073	2.830708661	3.123110151	3.449944994	3.192043896	5	4	2016	1
AN_TUR_002	16986	6	192299.296875	228130.09375	53964.44140625	0.186355659776684	0.02259	0.0508	1	ANTRAV0381	2.233801073	2.830708661	3.123110151	3.449944994	3.192043896	5	4	2016	1
AN_TUR_002	17029	6	192299.296875	228130.09375	53964.44140625	0.0621185532588946	0.027108	0.1106	1	ANTRAV0381	2.233801073	2.830708661	3.123110151	3.449944994	3.192043896	5	4	2016	1
AN_TUR_002	17057	6	192299.296875	228130.09375	53964.44140625	0.116472287360427	0.027108	0.1084	1	ANTRAV0381	2.233801073	2.830708661	3.123110151	3.449944994	3.192043896	5	4	2016	1
AN_TUR_002	17085	6	192299.296875	228130.09375	53964.44140625	0.17082602146196	0.085842	0.1621	1	ANTRAV0381	2.233801073	2.830708661	3.123110151	3.449944994	3.192043896	5	4	2016	1
AN_TUR_002	17113	6	192299.296875	228130.09375	53964.44140625	0.333887223766558	0.02259	0.2413	1	ANTRAV0381	2.233801073	2.830708661	3.123110151	3.449944994	3.192043896	5	4	2016	1
AN_TUR_002	17140	6	192299.296875	228130.09375	53964.44140625	0.55130216017269	0.074547	0.198	1	ANTRAV0381	2.233801073	2.830708661	3.123110151	3.449944994	3.192043896	5	4	2016	1
AN_TUR_002	17182	6	192299.296875	228130.09375	53964.44140625	0.613420713431584	0.142317	0.2885	1	ANTRAV0381	2.233801073	2.830708661	3.123110151	3.449944994	3.192043896	5	4	2017	1
AN_TUR_002	17203	6	192299.296875	228130.09375	53964.44140625	0.0621185532588946	0.103914	0.21	1	ANTRAV0381	2.233801073	2.830708661	3.123110151	3.449944994	3.192043896	5	4	2017	1
AN_TUR_002	17231	6	192299.296875	228130.09375	53964.44140625	0.0931778298883419	0.445023	0.1311	1	ANTRAV0381	2.233801073	2.830708661	3.123110151	3.449944994	3.192043896	5	4	2017	1
AN_TUR_002	17274	6	192299.296875	228130.09375	53964.44140625	0.473653968599071	0.216864	0.237	1	ANTRAV0381	2.233801073	2.830708661	3.123110151	3.449944994	3.192043896	5	4	2017	1
AN_TUR_002	17294	6	192299.296875	228130.09375	53964.44140625	0.380476138710729	0.354663	0.291	1	ANTRAV0381	2.233801073	2.830708661	3.123110151	3.449944994	3.192043896	5	4	2017	1
AN_KVD_003	17329	3	194704.265625	228095.609375	26129.439453125	0.0465889149441709	0.054216	0.02	1	ANTRAV0230	1.729093051	2.832191781	3.748071979	3.608487337	3.954365079	5	4	2017	1
AN_KVD_003	17329	7	194704.265625	228095.609375	26129.439453125	0.0465889149441709	0.054216	0.02	1	ANTRAV0230	1.729093051	2.832191781	3.748071979	3.608487337	3.954365079	5	4	2017	1
AN_KVD_003	17351	3	194704.265625	228095.609375	26129.439453125	0.0388240957868091	0.033885	0.02	1	ANTRAV0230	1.729093051	2.832191781	3.748071979	3.608487337	3.954365079	5	4	2017	1
AN_KVD_003	17351	7	194704.265625	228095.609375	26129.439453125	0.0388240957868091	0.033885	0.02	1	ANTRAV0230	1.729093051	2.832191781	3.748071979	3.608487337	3.954365079	5	4	2017	1
AN_KVD_003	17378	3	194704.265625	228095.609375	26129.439453125	0.0698833724162564	0.058734	0.02	1	ANTRAV0230	1.729093051	2.832191781	3.748071979	3.608487337	3.954365079	5	4	2017	1
AN_KVD_003	17378	7	194704.265625	228095.609375	26129.439453125	0.0698833724162564	0.058734	0.02	1	ANTRAV0230	1.729093051	2.832191781	3.748071979	3.608487337	3.954365079	5	4	2017	1
AN_KVD_003	17435	3	194704.265625	228095.609375	26129.439453125	0.0698833724162564	0.11295	0.038	1	ANTRAV0230	1.729093051	2.832191781	3.748071979	3.608487337	3.954365079	5	4	2017	1
AN_KVD_003	17435	7	194704.265625	228095.609375	26129.439453125	0.0698833724162564	0.11295	0.038	1	ANTRAV0230	1.729093051	2.832191781	3.748071979	3.608487337	3.954365079	5	4	2017	1
AN_KVD_003	17455	3	194704.265625	228095.609375	26129.439453125	0.124237106517789	0.210087	0.0243	1	ANTRAV0230	1.729093051	2.832191781	3.748071979	3.608487337	3.954365079	5	4	2017	1
AN_KVD_003	17455	7	194704.265625	228095.609375	26129.439453125	0.124237106517789	0.210087	0.0243	1	ANTRAV0230	1.729093051	2.832191781	3.748071979	3.608487337	3.954365079	5	4	2017	1
AN_KVD_003	17491	3	194704.265625	228095.609375	26129.439453125	0.264003851350302	0.277857	0.0269	1	ANTRAV0230	1.729093051	2.832191781	3.748071979	3.608487337	3.954365079	5	4	2017	1
AN_KVD_003	17491	7	194704.265625	228095.609375	26129.439453125	0.264003851350302	0.277857	0.0269	1	ANTRAV0230	1.729093051	2.832191781	3.748071979	3.608487337	3.954365079	5	4	2017	1
AN_KVD_003	17511	3	194704.265625	228095.609375	26129.439453125	0.388240957868091	0.314001	0.0219	1	ANTRAV0230	1.729093051	2.832191781	3.748071979	3.608487337	3.954365079	5	4	2017	1
AN_KVD_003	17511	7	194704.265625	228095.609375	26129.439453125	0.388240957868091	0.314001	0.0219	1	ANTRAV0230	1.729093051	2.832191781	3.748071979	3.608487337	3.954365079	5	4	2017	1
AN_KVD_003	17540	3	194704.265625	228095.609375	26129.439453125	0.264003851350302	0.323037	0.02	1	ANTRAV0230	1.729093051	2.832191781	3.748071979	3.608487337	3.954365079	5	4	2018	1
AN_KVD_003	17540	7	194704.265625	228095.609375	26129.439453125	0.264003851350302	0.323037	0.02	1	ANTRAV0230	1.729093051	2.832191781	3.748071979	3.608487337	3.954365079	5	4	2018	1
AN_KVD_003	17561	3	194704.265625	228095.609375	26129.439453125	0.147531563989875	0.374994	0.02	1	ANTRAV0230	1.729093051	2.832191781	3.748071979	3.608487337	3.954365079	5	4	2018	1
AN_KVD_003	17561	7	194704.265625	228095.609375	26129.439453125	0.147531563989875	0.374994	0.02	1	ANTRAV0230	1.729093051	2.832191781	3.748071979	3.608487337	3.954365079	5	4	2018	1
AN_KVD_003	17596	3	194704.265625	228095.609375	26129.439453125	0.0465889149441709	0.537642	0.02	1	ANTRAV0230	1.729093051	2.832191781	3.748071979	3.608487337	3.954365079	5	4	2018	1
AN_KVD_003	17596	7	194704.265625	228095.609375	26129.439453125	0.0465889149441709	0.537642	0.02	1	ANTRAV0230	1.729093051	2.832191781	3.748071979	3.608487337	3.954365079	5	4	2018	1
AN_KVD_003	17630	3	194704.265625	228095.609375	26129.439453125	0.0931778298883419	0.49698	0.02	1	ANTRAV0230	1.729093051	2.832191781	3.748071979	3.608487337	3.954365079	5	4	2018	1
AN_KVD_003	17630	7	194704.265625	228095.609375	26129.439453125	0.0931778298883419	0.49698	0.02	1	ANTRAV0230	1.729093051	2.832191781	3.748071979	3.608487337	3.954365079	5	4	2018	1
AN_KVD_003	17666	3	194704.265625	228095.609375	26129.439453125	0.0388240957868091	0.185238	0.02	1	ANTRAV0230	1.729093051	2.832191781	3.748071979	3.608487337	3.954365079	5	4	2018	1
AN_KVD_003	17666	7	194704.265625	228095.609375	26129.439453125	0.0388240957868091	0.185238	0.02	1	ANTRAV0230	1.729093051	2.832191781	3.748071979	3.608487337	3.954365079	5	4	2018	1
VB_VDB_002	17344	6	202488.1875	192297.75	1428.21118164062	0.0388240957868091	0.054216	0.038	1	VBRDIE0220	2.717391304	2.834394904	3.340220386	3.295127353	3.837264151	5	3	2017	1
VB_VDB_002	17372	6	202488.1875	192297.75	1428.21118164062	0.0543537341015328	0.038403	0.04	1	VBRDIE0220	2.717391304	2.834394904	3.340220386	3.295127353	3.837264151	5	3	2017	1
VB_VDB_002	17399	6	202488.1875	192297.75	1428.21118164062	0.0388240957868091	0.02259	0.02	1	VBRDIE0220	2.717391304	2.834394904	3.340220386	3.295127353	3.837264151	5	3	2017	1
VB_VDB_002	17434	6	202488.1875	192297.75	1428.21118164062	0.0388240957868091	0.040662	0.02	1	VBRDIE0220	2.717391304	2.834394904	3.340220386	3.295127353	3.837264151	5	3	2017	1
VB_VDB_002	17462	6	202488.1875	192297.75	1428.21118164062	0.0388240957868091	0.04518	0.02	1	VBRDIE0220	2.717391304	2.834394904	3.340220386	3.295127353	3.837264151	5	3	2017	1
VB_VDB_002	17490	6	202488.1875	192297.75	1428.21118164062	0.0388240957868091	0.027108	0.02	1	VBRDIE0220	2.717391304	2.834394904	3.340220386	3.295127353	3.837264151	5	3	2017	1
VB_VDB_002	17519	6	202488.1875	192297.75	1428.21118164062	0.0388240957868091	0.119727	0.1182	1	VBRDIE0220	2.717391304	2.834394904	3.340220386	3.295127353	3.837264151	5	3	2017	1
VB_VDB_002	17553	6	202488.1875	192297.75	1428.21118164062	0.0388240957868091	0.033885	0.02	1	VBRDIE0220	2.717391304	2.834394904	3.340220386	3.295127353	3.837264151	5	3	2018	1
VB_VDB_002	17581	6	202488.1875	192297.75	1428.21118164062	0.0388240957868091	0.038403	0.02	1	VBRDIE0220	2.717391304	2.834394904	3.340220386	3.295127353	3.837264151	5	3	2018	1
VB_VDB_002	17602	6	202488.1875	192297.75	1428.21118164062	0.0388240957868091	0.047439	0.037	1	VBRDIE0220	2.717391304	2.834394904	3.340220386	3.295127353	3.837264151	5	3	2018	1
VB_VDB_002	17625	6	202488.1875	192297.75	1428.21118164062	0.0388240957868091	0.02259	0.021	1	VBRDIE0220	2.717391304	2.834394904	3.340220386	3.295127353	3.837264151	5	3	2018	1
VB_VDB_002	17680	6	202488.1875	192297.75	1428.21118164062	0.0388240957868091	0.029367	0.041	1	VBRDIE0220	2.717391304	2.834394904	3.340220386	3.295127353	3.837264151	5	3	2018	1
AN_DIE_002	16588	3	207802.015625	214971.765625	22096.90234375	0.0388240957868091	0.024849	0.3154	1	ANTMOL0143	2.347368421	2.858585859	2.943099274	3.553333333	3.082814446	5	4	2015	1
AN_DIE_002	16588	4	207802.015625	214971.765625	22096.90234375	0.0388240957868091	0.024849	0.3154	1	ANTMOL0143	2.347368421	2.858585859	2.943099274	3.553333333	3.082814446	5	4	2015	1
AN_DIE_002	16588	5	207802.015625	214971.765625	22096.90234375	0.0388240957868091	0.024849	0.3154	1	ANTMOL0143	2.347368421	2.858585859	2.943099274	3.553333333	3.082814446	5	4	2015	1
AN_DIE_002	16588	6	207802.015625	214971.765625	22096.90234375	0.0388240957868091	0.024849	0.3154	1	ANTMOL0143	2.347368421	2.858585859	2.943099274	3.553333333	3.082814446	5	4	2015	1
AN_DIE_002	16615	3	207802.015625	214971.765625	22096.90234375	0.0388240957868091	0.079065	0.02	1	ANTMOL0143	2.347368421	2.858585859	2.943099274	3.553333333	3.082814446	5	4	2015	1
AN_DIE_002	16615	4	207802.015625	214971.765625	22096.90234375	0.0388240957868091	0.079065	0.02	1	ANTMOL0143	2.347368421	2.858585859	2.943099274	3.553333333	3.082814446	5	4	2015	1
AN_DIE_002	16615	5	207802.015625	214971.765625	22096.90234375	0.0388240957868091	0.079065	0.02	1	ANTMOL0143	2.347368421	2.858585859	2.943099274	3.553333333	3.082814446	5	4	2015	1
AN_DIE_002	16615	6	207802.015625	214971.765625	22096.90234375	0.0388240957868091	0.079065	0.02	1	ANTMOL0143	2.347368421	2.858585859	2.943099274	3.553333333	3.082814446	5	4	2015	1
AN_DIE_002	16650	3	207802.015625	214971.765625	22096.90234375	0.0388240957868091	0.038403	0.02	1	ANTMOL0143	2.347368421	2.858585859	2.943099274	3.553333333	3.082814446	5	4	2015	1
AN_DIE_002	16650	4	207802.015625	214971.765625	22096.90234375	0.0388240957868091	0.038403	0.02	1	ANTMOL0143	2.347368421	2.858585859	2.943099274	3.553333333	3.082814446	5	4	2015	1
AN_DIE_002	16650	5	207802.015625	214971.765625	22096.90234375	0.0388240957868091	0.038403	0.02	1	ANTMOL0143	2.347368421	2.858585859	2.943099274	3.553333333	3.082814446	5	4	2015	1
AN_DIE_002	16650	6	207802.015625	214971.765625	22096.90234375	0.0388240957868091	0.038403	0.02	1	ANTMOL0143	2.347368421	2.858585859	2.943099274	3.553333333	3.082814446	5	4	2015	1
AN_DIE_002	16679	3	207802.015625	214971.765625	22096.90234375	0.0388240957868091	0.04518	0.02	1	ANTMOL0143	2.347368421	2.858585859	2.943099274	3.553333333	3.082814446	5	4	2015	1
AN_DIE_002	16679	4	207802.015625	214971.765625	22096.90234375	0.0388240957868091	0.04518	0.02	1	ANTMOL0143	2.347368421	2.858585859	2.943099274	3.553333333	3.082814446	5	4	2015	1
AN_DIE_002	16679	5	207802.015625	214971.765625	22096.90234375	0.0388240957868091	0.04518	0.02	1	ANTMOL0143	2.347368421	2.858585859	2.943099274	3.553333333	3.082814446	5	4	2015	1
AN_DIE_002	16679	6	207802.015625	214971.765625	22096.90234375	0.0388240957868091	0.04518	0.02	1	ANTMOL0143	2.347368421	2.858585859	2.943099274	3.553333333	3.082814446	5	4	2015	1
AN_DIE_002	16714	3	207802.015625	214971.765625	22096.90234375	0.0388240957868091	0.036144	0.02	1	ANTMOL0143	2.347368421	2.858585859	2.943099274	3.553333333	3.082814446	5	4	2015	1
AN_DIE_002	16714	4	207802.015625	214971.765625	22096.90234375	0.0388240957868091	0.036144	0.02	1	ANTMOL0143	2.347368421	2.858585859	2.943099274	3.553333333	3.082814446	5	4	2015	1
AN_DIE_002	16714	5	207802.015625	214971.765625	22096.90234375	0.0388240957868091	0.036144	0.02	1	ANTMOL0143	2.347368421	2.858585859	2.943099274	3.553333333	3.082814446	5	4	2015	1
AN_DIE_002	16714	6	207802.015625	214971.765625	22096.90234375	0.0388240957868091	0.036144	0.02	1	ANTMOL0143	2.347368421	2.858585859	2.943099274	3.553333333	3.082814446	5	4	2015	1
AN_DIE_002	16743	3	207802.015625	214971.765625	22096.90234375	0.0388240957868091	0.040662	0.02	1	ANTMOL0143	2.347368421	2.858585859	2.943099274	3.553333333	3.082814446	5	4	2015	1
AN_DIE_002	16743	4	207802.015625	214971.765625	22096.90234375	0.0388240957868091	0.040662	0.02	1	ANTMOL0143	2.347368421	2.858585859	2.943099274	3.553333333	3.082814446	5	4	2015	1
AN_DIE_002	16743	5	207802.015625	214971.765625	22096.90234375	0.0388240957868091	0.040662	0.02	1	ANTMOL0143	2.347368421	2.858585859	2.943099274	3.553333333	3.082814446	5	4	2015	1
AN_DIE_002	16743	6	207802.015625	214971.765625	22096.90234375	0.0388240957868091	0.040662	0.02	1	ANTMOL0143	2.347368421	2.858585859	2.943099274	3.553333333	3.082814446	5	4	2015	1
AN_DIE_002	16770	3	207802.015625	214971.765625	22096.90234375	0.0931778298883419	0.140058	0.02	1	ANTMOL0143	2.347368421	2.858585859	2.943099274	3.553333333	3.082814446	5	4	2015	1
AN_DIE_002	16770	4	207802.015625	214971.765625	22096.90234375	0.0931778298883419	0.140058	0.02	1	ANTMOL0143	2.347368421	2.858585859	2.943099274	3.553333333	3.082814446	5	4	2015	1
AN_DIE_002	16770	5	207802.015625	214971.765625	22096.90234375	0.0931778298883419	0.140058	0.02	1	ANTMOL0143	2.347368421	2.858585859	2.943099274	3.553333333	3.082814446	5	4	2015	1
AN_DIE_002	16770	6	207802.015625	214971.765625	22096.90234375	0.0931778298883419	0.140058	0.02	1	ANTMOL0143	2.347368421	2.858585859	2.943099274	3.553333333	3.082814446	5	4	2015	1
AN_DIE_002	16812	3	207802.015625	214971.765625	22096.90234375	0.147531563989875	0.149094	0.02	1	ANTMOL0143	2.347368421	2.858585859	2.943099274	3.553333333	3.082814446	5	4	2016	1
AN_DIE_002	16812	4	207802.015625	214971.765625	22096.90234375	0.147531563989875	0.149094	0.02	1	ANTMOL0143	2.347368421	2.858585859	2.943099274	3.553333333	3.082814446	5	4	2016	1
AN_DIE_002	16812	5	207802.015625	214971.765625	22096.90234375	0.147531563989875	0.149094	0.02	1	ANTMOL0143	2.347368421	2.858585859	2.943099274	3.553333333	3.082814446	5	4	2016	1
AN_DIE_002	16812	6	207802.015625	214971.765625	22096.90234375	0.147531563989875	0.149094	0.02	1	ANTMOL0143	2.347368421	2.858585859	2.943099274	3.553333333	3.082814446	5	4	2016	1
AN_DIE_002	16840	3	207802.015625	214971.765625	22096.90234375	0.0621185532588946	0.291411	0.02	1	ANTMOL0143	2.347368421	2.858585859	2.943099274	3.553333333	3.082814446	5	4	2016	1
AN_DIE_002	16840	4	207802.015625	214971.765625	22096.90234375	0.0621185532588946	0.291411	0.02	1	ANTMOL0143	2.347368421	2.858585859	2.943099274	3.553333333	3.082814446	5	4	2016	1
AN_DIE_002	16840	5	207802.015625	214971.765625	22096.90234375	0.0621185532588946	0.291411	0.02	1	ANTMOL0143	2.347368421	2.858585859	2.943099274	3.553333333	3.082814446	5	4	2016	1
AN_DIE_002	16840	6	207802.015625	214971.765625	22096.90234375	0.0621185532588946	0.291411	0.02	1	ANTMOL0143	2.347368421	2.858585859	2.943099274	3.553333333	3.082814446	5	4	2016	1
AN_DIE_002	16868	3	207802.015625	214971.765625	22096.90234375	0.132001925675151	0.295929	0.0268	1	ANTMOL0143	2.347368421	2.858585859	2.943099274	3.553333333	3.082814446	5	4	2016	1
AN_DIE_002	16868	4	207802.015625	214971.765625	22096.90234375	0.132001925675151	0.295929	0.0268	1	ANTMOL0143	2.347368421	2.858585859	2.943099274	3.553333333	3.082814446	5	4	2016	1
AN_DIE_002	16868	5	207802.015625	214971.765625	22096.90234375	0.132001925675151	0.295929	0.0268	1	ANTMOL0143	2.347368421	2.858585859	2.943099274	3.553333333	3.082814446	5	4	2016	1
AN_DIE_002	16868	6	207802.015625	214971.765625	22096.90234375	0.132001925675151	0.295929	0.0268	1	ANTMOL0143	2.347368421	2.858585859	2.943099274	3.553333333	3.082814446	5	4	2016	1
AN_DIE_002	16903	3	207802.015625	214971.765625	22096.90234375	0.0388240957868091	0.411138	0.0215	1	ANTMOL0143	2.347368421	2.858585859	2.943099274	3.553333333	3.082814446	5	4	2016	1
AN_DIE_002	16903	4	207802.015625	214971.765625	22096.90234375	0.0388240957868091	0.411138	0.0215	1	ANTMOL0143	2.347368421	2.858585859	2.943099274	3.553333333	3.082814446	5	4	2016	1
AN_DIE_002	16903	5	207802.015625	214971.765625	22096.90234375	0.0388240957868091	0.411138	0.0215	1	ANTMOL0143	2.347368421	2.858585859	2.943099274	3.553333333	3.082814446	5	4	2016	1
AN_DIE_002	16903	6	207802.015625	214971.765625	22096.90234375	0.0388240957868091	0.411138	0.0215	1	ANTMOL0143	2.347368421	2.858585859	2.943099274	3.553333333	3.082814446	5	4	2016	1
AN_DIE_002	16931	3	207802.015625	214971.765625	22096.90234375	0.0854130107309801	0.110691	0.0309	1	ANTMOL0143	2.347368421	2.858585859	2.943099274	3.553333333	3.082814446	5	4	2016	1
AN_DIE_002	16931	4	207802.015625	214971.765625	22096.90234375	0.0854130107309801	0.110691	0.0309	1	ANTMOL0143	2.347368421	2.858585859	2.943099274	3.553333333	3.082814446	5	4	2016	1
AN_DIE_002	16931	5	207802.015625	214971.765625	22096.90234375	0.0854130107309801	0.110691	0.0309	1	ANTMOL0143	2.347368421	2.858585859	2.943099274	3.553333333	3.082814446	5	4	2016	1
AN_DIE_002	16931	6	207802.015625	214971.765625	22096.90234375	0.0854130107309801	0.110691	0.0309	1	ANTMOL0143	2.347368421	2.858585859	2.943099274	3.553333333	3.082814446	5	4	2016	1
OV_TUM_001	16959	6	119142.296875	205926.03125	7782.66357421875	0.0543537341015328	0.232677	0.0825	1	OVLMOE0016	3.36119403	2.863461538	3.995833333	3.800684932	2.55147541	3	3	2016	1
OV_TUM_001	16980	6	119142.296875	205926.03125	7782.66357421875	0.0388240957868091	0.02259	0.1143	1	OVLMOE0016	3.36119403	2.863461538	3.995833333	3.800684932	2.55147541	3	3	2016	1
OV_TUM_001	17021	6	119142.296875	205926.03125	7782.66357421875	0.186355659776684	0.024849	0.2168	1	OVLMOE0016	3.36119403	2.863461538	3.995833333	3.800684932	2.55147541	3	3	2016	1
OV_TUM_001	17056	6	119142.296875	205926.03125	7782.66357421875	0.116472287360427	0.027108	0.6971	1	OVLMOE0016	3.36119403	2.863461538	3.995833333	3.800684932	2.55147541	3	3	2016	1
OV_TUM_001	17084	6	119142.296875	205926.03125	7782.66357421875	3.6417001848027	0.02259	0.6411	1	OVLMOE0016	3.36119403	2.863461538	3.995833333	3.800684932	2.55147541	3	3	2016	1
OV_TUM_001	17112	6	119142.296875	205926.03125	7782.66357421875	0.163061202304598	0.02259	0.3985	1	OVLMOE0016	3.36119403	2.863461538	3.995833333	3.800684932	2.55147541	3	3	2016	1
OV_TUM_001	17134	6	119142.296875	205926.03125	7782.66357421875	0.0465889149441709	0.352404	0.1011	1	OVLMOE0016	3.36119403	2.863461538	3.995833333	3.800684932	2.55147541	3	3	2016	1
OV_TUM_001	17168	6	119142.296875	205926.03125	7782.66357421875	0.0388240957868091	0.058734	0.1051	1	OVLMOE0016	3.36119403	2.863461538	3.995833333	3.800684932	2.55147541	3	3	2017	1
OV_TUM_001	17197	6	119142.296875	205926.03125	7782.66357421875	0.0388240957868091	0.029367	0.1444	1	OVLMOE0016	3.36119403	2.863461538	3.995833333	3.800684932	2.55147541	3	3	2017	1
OV_TUM_001	17225	6	119142.296875	205926.03125	7782.66357421875	0.0465889149441709	0.070029	0.086	1	OVLMOE0016	3.36119403	2.863461538	3.995833333	3.800684932	2.55147541	3	3	2017	1
OV_TUM_001	17275	6	119142.296875	205926.03125	7782.66357421875	0.0388240957868091	0.027108	0.28	1	OVLMOE0016	3.36119403	2.863461538	3.995833333	3.800684932	2.55147541	3	3	2017	1
OV_TUM_001	17295	6	119142.296875	205926.03125	7782.66357421875	0.0698833724162564	0.040662	0.372	1	OVLMOE0016	3.36119403	2.863461538	3.995833333	3.800684932	2.55147541	3	3	2017	1
VB_VOR_005	17700	3	179813.578125	184647.140625	91.6908645629883	0.201885298091407	0.09036	0.3327	1	VBRARS0052	2	2.866255144	2.925970874	2.017473118	3.389709907	9	3	2018	1
VB_VOR_005	17700	6	179813.578125	184647.140625	91.6908645629883	0.201885298091407	0.09036	0.3327	1	VBRARS0052	2	2.866255144	2.925970874	2.017473118	3.389709907	9	3	2018	1
VB_VOR_005	17743	3	179813.578125	184647.140625	91.6908645629883	0.25623903219294	0.040662	0.2132	1	VBRARS0052	2	2.866255144	2.925970874	2.017473118	3.389709907	9	3	2018	1
VB_VOR_005	17743	6	179813.578125	184647.140625	91.6908645629883	0.25623903219294	0.040662	0.2132	1	VBRARS0052	2	2.866255144	2.925970874	2.017473118	3.389709907	9	3	2018	1
VB_VOR_005	17770	3	179813.578125	184647.140625	91.6908645629883	0.0388240957868091	0.038403	0.1896	1	VBRARS0052	2	2.866255144	2.925970874	2.017473118	3.389709907	9	3	2018	1
VB_VOR_005	17770	6	179813.578125	184647.140625	91.6908645629883	0.0388240957868091	0.038403	0.1896	1	VBRARS0052	2	2.866255144	2.925970874	2.017473118	3.389709907	9	3	2018	1
VB_VOR_005	17798	3	179813.578125	184647.140625	91.6908645629883	0.0388240957868091	0.027108	0.1078	1	VBRARS0052	2	2.866255144	2.925970874	2.017473118	3.389709907	9	3	2018	1
VB_VOR_005	17798	6	179813.578125	184647.140625	91.6908645629883	0.0388240957868091	0.027108	0.1078	1	VBRARS0052	2	2.866255144	2.925970874	2.017473118	3.389709907	9	3	2018	1
VB_VOR_005	17827	3	179813.578125	184647.140625	91.6908645629883	0.0465889149441709	0.038403	0.057	1	VBRARS0052	2	2.866255144	2.925970874	2.017473118	3.389709907	9	3	2018	1
VB_VOR_005	17827	6	179813.578125	184647.140625	91.6908645629883	0.0465889149441709	0.038403	0.057	1	VBRARS0052	2	2.866255144	2.925970874	2.017473118	3.389709907	9	3	2018	1
VB_VOR_005	17854	3	179813.578125	184647.140625	91.6908645629883	0.0388240957868091	0.02259	0.141	1	VBRARS0052	2	2.866255144	2.925970874	2.017473118	3.389709907	9	3	2018	1
VB_VOR_005	17854	6	179813.578125	184647.140625	91.6908645629883	0.0388240957868091	0.02259	0.141	1	VBRARS0052	2	2.866255144	2.925970874	2.017473118	3.389709907	9	3	2018	1
VB_VOR_005	17876	3	179813.578125	184647.140625	91.6908645629883	0.0388240957868091	0.042921	0.1123	1	VBRARS0052	2	2.866255144	2.925970874	2.017473118	3.389709907	9	3	2018	1
VB_VOR_005	17876	6	179813.578125	184647.140625	91.6908645629883	0.0388240957868091	0.042921	0.1123	1	VBRARS0052	2	2.866255144	2.925970874	2.017473118	3.389709907	9	3	2018	1
LI_WIK_007	16952	3	224424.421875	184776.21875	6231.3642578125	0.0621185532588946	0.070029	0.038	1	LIMGNK0144	2.537662338	2.86637931	2.974015748	3.827896513	2.379310345	5	4	2016	1
LI_WIK_007	16952	4	224424.421875	184776.21875	6231.3642578125	0.0621185532588946	0.070029	0.038	1	LIMGNK0144	2.537662338	2.86637931	2.974015748	3.827896513	2.379310345	5	4	2016	1
LI_WIK_007	16986	3	224424.421875	184776.21875	6231.3642578125	0.0388240957868091	0.02259	0.0301	1	LIMGNK0144	2.537662338	2.86637931	2.974015748	3.827896513	2.379310345	5	4	2016	1
LI_WIK_007	16986	4	224424.421875	184776.21875	6231.3642578125	0.0388240957868091	0.02259	0.0301	1	LIMGNK0144	2.537662338	2.86637931	2.974015748	3.827896513	2.379310345	5	4	2016	1
LI_WIK_007	17022	3	224424.421875	184776.21875	6231.3642578125	0.139766744832513	0.02259	0.0602	1	LIMGNK0144	2.537662338	2.86637931	2.974015748	3.827896513	2.379310345	5	4	2016	1
LI_WIK_007	17022	4	224424.421875	184776.21875	6231.3642578125	0.139766744832513	0.02259	0.0602	1	LIMGNK0144	2.537662338	2.86637931	2.974015748	3.827896513	2.379310345	5	4	2016	1
LI_WIK_007	17127	3	224424.421875	184776.21875	6231.3642578125	0.0388240957868091	0.04518	0.0728	1	LIMGNK0144	2.537662338	2.86637931	2.974015748	3.827896513	2.379310345	5	4	2016	1
LI_WIK_007	17127	4	224424.421875	184776.21875	6231.3642578125	0.0388240957868091	0.04518	0.0728	1	LIMGNK0144	2.537662338	2.86637931	2.974015748	3.827896513	2.379310345	5	4	2016	1
LI_WIK_007	17133	3	224424.421875	184776.21875	6231.3642578125	0.0388240957868091	0.029367	0.0504	1	LIMGNK0144	2.537662338	2.86637931	2.974015748	3.827896513	2.379310345	5	4	2016	1
LI_WIK_007	17133	4	224424.421875	184776.21875	6231.3642578125	0.0388240957868091	0.029367	0.0504	1	LIMGNK0144	2.537662338	2.86637931	2.974015748	3.827896513	2.379310345	5	4	2016	1
LI_WIK_007	17190	3	224424.421875	184776.21875	6231.3642578125	0.0388240957868091	0.060993	0.02	1	LIMGNK0144	2.537662338	2.86637931	2.974015748	3.827896513	2.379310345	5	4	2017	1
LI_WIK_007	17190	4	224424.421875	184776.21875	6231.3642578125	0.0388240957868091	0.060993	0.02	1	LIMGNK0144	2.537662338	2.86637931	2.974015748	3.827896513	2.379310345	5	4	2017	1
LI_WIK_007	17203	3	224424.421875	184776.21875	6231.3642578125	0.0388240957868091	0.063252	0.0206	1	LIMGNK0144	2.537662338	2.86637931	2.974015748	3.827896513	2.379310345	5	4	2017	1
LI_WIK_007	17203	4	224424.421875	184776.21875	6231.3642578125	0.0388240957868091	0.063252	0.0206	1	LIMGNK0144	2.537662338	2.86637931	2.974015748	3.827896513	2.379310345	5	4	2017	1
LI_WIK_007	17232	3	224424.421875	184776.21875	6231.3642578125	0.0388240957868091	0.036144	0.0243	1	LIMGNK0144	2.537662338	2.86637931	2.974015748	3.827896513	2.379310345	5	4	2017	1
LI_WIK_007	17232	4	224424.421875	184776.21875	6231.3642578125	0.0388240957868091	0.036144	0.0243	1	LIMGNK0144	2.537662338	2.86637931	2.974015748	3.827896513	2.379310345	5	4	2017	1
LI_WIK_007	17266	3	224424.421875	184776.21875	6231.3642578125	0.0388240957868091	0.047439	0.0244	1	LIMGNK0144	2.537662338	2.86637931	2.974015748	3.827896513	2.379310345	5	4	2017	1
LI_WIK_007	17266	4	224424.421875	184776.21875	6231.3642578125	0.0388240957868091	0.047439	0.0244	1	LIMGNK0144	2.537662338	2.86637931	2.974015748	3.827896513	2.379310345	5	4	2017	1
LI_WIK_007	17301	3	224424.421875	184776.21875	6231.3642578125	0.0543537341015328	0.137799	0.03	1	LIMGNK0144	2.537662338	2.86637931	2.974015748	3.827896513	2.379310345	5	4	2017	1
LI_WIK_007	17301	4	224424.421875	184776.21875	6231.3642578125	0.0543537341015328	0.137799	0.03	1	LIMGNK0144	2.537662338	2.86637931	2.974015748	3.827896513	2.379310345	5	4	2017	1
WV_SBE_004	17701	1	38630.29296875	205275.609375	107.010864257812	0.0776481915736183	0.033885	0.8403	1	WVLMID0089	3.315789474	2.870967742	4.207286432	3.974226804	3.930038023	1	2	2018	1
WV_SBE_004	17721	1	38630.29296875	205275.609375	107.010864257812	0.0465889149441709	0.029367	0.7033	1	WVLMID0089	3.315789474	2.870967742	4.207286432	3.974226804	3.930038023	1	2	2018	1
WV_SBE_004	17750	1	38630.29296875	205275.609375	107.010864257812	0.0854130107309801	0.04518	0.8544	1	WVLMID0089	3.315789474	2.870967742	4.207286432	3.974226804	3.930038023	1	2	2018	1
WV_SBE_004	17785	1	38630.29296875	205275.609375	107.010864257812	0.0388240957868091	0.04518	0.5218	1	WVLMID0089	3.315789474	2.870967742	4.207286432	3.974226804	3.930038023	1	2	2018	1
WV_SBE_004	17841	1	38630.29296875	205275.609375	107.010864257812	0.0543537341015328	0.04518	0.8123	1	WVLMID0089	3.315789474	2.870967742	4.207286432	3.974226804	3.930038023	1	2	2018	1
WV_SBE_004	17868	1	38630.29296875	205275.609375	107.010864257812	0.0388240957868091	0.02259	0.339	1	WVLMID0089	3.315789474	2.870967742	4.207286432	3.974226804	3.930038023	1	2	2018	1
WV_SBE_004	17882	1	38630.29296875	205275.609375	107.010864257812	0.0388240957868091	0.02259	0.3823	1	WVLMID0089	3.315789474	2.870967742	4.207286432	3.974226804	3.930038023	1	2	2018	1
AN_SPB_001	16973	3	195349.96875	203717.34375	668.326232910156	0.0776481915736183	0.126504	0.02	1	ANTMEE0180	2	2.885620915	2.897273304	3.305837563	1.995321637	5	2	2016	1
AN_SPB_001	17015	3	195349.96875	203717.34375	668.326232910156	0.357181681238644	0.02259	0.251	1	ANTMEE0180	2	2.885620915	2.897273304	3.305837563	1.995321637	5	2	2016	1
AN_SPB_001	17043	3	195349.96875	203717.34375	668.326232910156	0.0388240957868091	0.02259	0.1916	1	ANTMEE0180	2	2.885620915	2.897273304	3.305837563	1.995321637	5	2	2016	1
AN_SPB_001	17071	3	195349.96875	203717.34375	668.326232910156	0.0776481915736183	0.02259	0.1671	1	ANTMEE0180	2	2.885620915	2.897273304	3.305837563	1.995321637	5	2	2016	1
AN_SPB_001	17098	3	195349.96875	203717.34375	668.326232910156	0.0388240957868091	0.02259	0.0728	1	ANTMEE0180	2	2.885620915	2.897273304	3.305837563	1.995321637	5	2	2016	1
AN_SPB_001	17127	3	195349.96875	203717.34375	668.326232910156	0.0621185532588946	0.06777	0.1533	1	ANTMEE0180	2	2.885620915	2.897273304	3.305837563	1.995321637	5	2	2016	1
AN_SPB_001	17183	3	195349.96875	203717.34375	668.326232910156	0.0388240957868091	0.029367	0.1355	1	ANTMEE0180	2	2.885620915	2.897273304	3.305837563	1.995321637	5	2	2017	1
AN_SPB_001	17217	3	195349.96875	203717.34375	668.326232910156	0.0388240957868091	0.058734	0.126	1	ANTMEE0180	2	2.885620915	2.897273304	3.305837563	1.995321637	5	2	2017	1
AN_SPB_001	17245	3	195349.96875	203717.34375	668.326232910156	0.0388240957868091	0.058734	0.0478	1	ANTMEE0180	2	2.885620915	2.897273304	3.305837563	1.995321637	5	2	2017	1
AN_SPB_001	17280	3	195349.96875	203717.34375	668.326232910156	0.0388240957868091	0.054216	0.051	1	ANTMEE0180	2	2.885620915	2.897273304	3.305837563	1.995321637	5	2	2017	1
AN_SPB_001	17315	3	195349.96875	203717.34375	668.326232910156	0.0698833724162564	0.09036	0.087	1	ANTMEE0180	2	2.885620915	2.897273304	3.305837563	1.995321637	5	2	2017	1
LI_MLV_001	16182	4	216501.34375	186347.34375	161185.140625	0.0776481915736183	0.063252	NA	1	LIMZNH0539	2.59787358	2.896153846	3.247813411	3.365577227	3.646627566	5	4	2014	1
LI_MLV_001	16182	6	216501.34375	186347.34375	161185.140625	0.0776481915736183	0.063252	NA	1	LIMZNH0539	2.59787358	2.896153846	3.247813411	3.365577227	3.646627566	5	4	2014	1
LI_MLV_001	16224	4	216501.34375	186347.34375	161185.140625	0.0776481915736183	0.049698	NA	1	LIMZNH0539	2.59787358	2.896153846	3.247813411	3.365577227	3.646627566	5	4	2014	1
LI_MLV_001	16224	6	216501.34375	186347.34375	161185.140625	0.0776481915736183	0.049698	NA	1	LIMZNH0539	2.59787358	2.896153846	3.247813411	3.365577227	3.646627566	5	4	2014	1
LI_MLV_001	16251	4	216501.34375	186347.34375	161185.140625	0.0776481915736183	0.042921	NA	1	LIMZNH0539	2.59787358	2.896153846	3.247813411	3.365577227	3.646627566	5	4	2014	1
LI_MLV_001	16251	6	216501.34375	186347.34375	161185.140625	0.0776481915736183	0.042921	NA	1	LIMZNH0539	2.59787358	2.896153846	3.247813411	3.365577227	3.646627566	5	4	2014	1
LI_MLV_001	16286	4	216501.34375	186347.34375	161185.140625	0.0776481915736183	0.063252	NA	1	LIMZNH0539	2.59787358	2.896153846	3.247813411	3.365577227	3.646627566	5	4	2014	1
LI_MLV_001	16286	6	216501.34375	186347.34375	161185.140625	0.0776481915736183	0.063252	NA	1	LIMZNH0539	2.59787358	2.896153846	3.247813411	3.365577227	3.646627566	5	4	2014	1
LI_MLV_001	16321	4	216501.34375	186347.34375	161185.140625	0.163061202304598	0.06777	NA	1	LIMZNH0539	2.59787358	2.896153846	3.247813411	3.365577227	3.646627566	5	4	2014	1
LI_MLV_001	16321	6	216501.34375	186347.34375	161185.140625	0.163061202304598	0.06777	NA	1	LIMZNH0539	2.59787358	2.896153846	3.247813411	3.365577227	3.646627566	5	4	2014	1
LI_MLV_001	16363	4	216501.34375	186347.34375	161185.140625	0.0854130107309801	0.097137	NA	1	LIMZNH0539	2.59787358	2.896153846	3.247813411	3.365577227	3.646627566	5	4	2014	1
LI_MLV_001	16363	6	216501.34375	186347.34375	161185.140625	0.0854130107309801	0.097137	NA	1	LIMZNH0539	2.59787358	2.896153846	3.247813411	3.365577227	3.646627566	5	4	2014	1
LI_TEU_001	16188	3	224729.484375	188414.890625	2366.53662109375	0.535772521857966	0.038403	NA	1	LIMZNH0360	1.427906977	2.902255639	2.3988682	2.81922675	2.665571616	5	4	2014	1
LI_TEU_001	16188	7	224729.484375	188414.890625	2366.53662109375	0.535772521857966	0.038403	NA	1	LIMZNH0360	1.427906977	2.902255639	2.3988682	2.81922675	2.665571616	5	4	2014	1
LI_TEU_001	16232	3	224729.484375	188414.890625	2366.53662109375	0.0776481915736183	0.079065	NA	1	LIMZNH0360	1.427906977	2.902255639	2.3988682	2.81922675	2.665571616	5	4	2014	1
LI_TEU_001	16232	7	224729.484375	188414.890625	2366.53662109375	0.0776481915736183	0.079065	NA	1	LIMZNH0360	1.427906977	2.902255639	2.3988682	2.81922675	2.665571616	5	4	2014	1
LI_TEU_001	16258	3	224729.484375	188414.890625	2366.53662109375	0.100942649045704	0.720621	NA	1	LIMZNH0360	1.427906977	2.902255639	2.3988682	2.81922675	2.665571616	5	4	2014	1
LI_TEU_001	16258	7	224729.484375	188414.890625	2366.53662109375	0.100942649045704	0.720621	NA	1	LIMZNH0360	1.427906977	2.902255639	2.3988682	2.81922675	2.665571616	5	4	2014	1
LI_TEU_001	16293	3	224729.484375	188414.890625	2366.53662109375	0.0776481915736183	0.438246	NA	1	LIMZNH0360	1.427906977	2.902255639	2.3988682	2.81922675	2.665571616	5	4	2014	1
LI_TEU_001	16293	7	224729.484375	188414.890625	2366.53662109375	0.0776481915736183	0.438246	NA	1	LIMZNH0360	1.427906977	2.902255639	2.3988682	2.81922675	2.665571616	5	4	2014	1
LI_TEU_001	16328	3	224729.484375	188414.890625	2366.53662109375	0.0776481915736183	0.779355	NA	1	LIMZNH0360	1.427906977	2.902255639	2.3988682	2.81922675	2.665571616	5	4	2014	1
LI_TEU_001	16328	7	224729.484375	188414.890625	2366.53662109375	0.0776481915736183	0.779355	NA	1	LIMZNH0360	1.427906977	2.902255639	2.3988682	2.81922675	2.665571616	5	4	2014	1
LI_TEU_001	16371	3	224729.484375	188414.890625	2366.53662109375	0.124237106517789	1.009773	NA	1	LIMZNH0360	1.427906977	2.902255639	2.3988682	2.81922675	2.665571616	5	4	2014	1
LI_TEU_001	16371	7	224729.484375	188414.890625	2366.53662109375	0.124237106517789	1.009773	NA	1	LIMZNH0360	1.427906977	2.902255639	2.3988682	2.81922675	2.665571616	5	4	2014	1
AN_BEE_002	16573	3	181411.109375	224207.953125	441.392242431641	0.139766744832513	0.063252	0.0575	1	ANTBSE0227	2	2.908045977	3.946808511	2.241525424	3.515854602	5	2	2015	1
AN_BEE_002	16595	3	181411.109375	224207.953125	441.392242431641	0.0931778298883419	0.110691	0.054	1	ANTBSE0227	2	2.908045977	3.946808511	2.241525424	3.515854602	5	2	2015	1
AN_BEE_002	16629	3	181411.109375	224207.953125	441.392242431641	0.0854130107309801	0.070029	0.133	1	ANTBSE0227	2	2.908045977	3.946808511	2.241525424	3.515854602	5	2	2015	1
AN_BEE_002	16664	3	181411.109375	224207.953125	441.392242431641	0.0388240957868091	0.13554	0.0232	1	ANTBSE0227	2	2.908045977	3.946808511	2.241525424	3.515854602	5	2	2015	1
AN_BEE_002	16685	3	181411.109375	224207.953125	441.392242431641	0.0388240957868091	0.02259	0.02	1	ANTBSE0227	2	2.908045977	3.946808511	2.241525424	3.515854602	5	2	2015	1
AN_BEE_002	16720	3	181411.109375	224207.953125	441.392242431641	0.0349416862081282	0.074547	0.02	1	ANTBSE0227	2	2.908045977	3.946808511	2.241525424	3.515854602	5	2	2015	1
AN_BEE_002	16748	3	181411.109375	224207.953125	441.392242431641	0.0854130107309801	0.198792	0.0343	1	ANTBSE0227	2	2.908045977	3.946808511	2.241525424	3.515854602	5	2	2015	1
AN_BEE_002	16777	3	181411.109375	224207.953125	441.392242431641	0.0621185532588946	0.094878	0.02	1	ANTBSE0227	2	2.908045977	3.946808511	2.241525424	3.515854602	5	2	2015	1
AN_BEE_002	16819	3	181411.109375	224207.953125	441.392242431641	0.0388240957868091	0.065511	0.0239	1	ANTBSE0227	2	2.908045977	3.946808511	2.241525424	3.515854602	5	2	2016	1
AN_BEE_002	16846	3	181411.109375	224207.953125	441.392242431641	0.0465889149441709	0.088101	0.0289	1	ANTBSE0227	2	2.908045977	3.946808511	2.241525424	3.515854602	5	2	2016	1
AN_BEE_002	16874	3	181411.109375	224207.953125	441.392242431641	0.0388240957868091	0.029367	0.0203	1	ANTBSE0227	2	2.908045977	3.946808511	2.241525424	3.515854602	5	2	2016	1
AN_BEE_002	16909	3	181411.109375	224207.953125	441.392242431641	0.0388240957868091	0.02259	0.0297	1	ANTBSE0227	2	2.908045977	3.946808511	2.241525424	3.515854602	5	2	2016	1
AN_BEE_002	16938	3	181411.109375	224207.953125	441.392242431641	0.0621185532588946	0.02259	0.0575	1	ANTBSE0227	2	2.908045977	3.946808511	2.241525424	3.515854602	5	2	2016	1
AN_DIE_001	16202	3	208059.3125	215181.84375	90181.640625	0.0776481915736183	0.24849	NA	1	ANTMOL0152	1.709287116	2.908163265	3.244094488	2.815192744	3.133928571	5	4	2014	1
AN_DIE_001	16202	4	208059.3125	215181.84375	90181.640625	0.0776481915736183	0.24849	NA	1	ANTMOL0152	1.709287116	2.908163265	3.244094488	2.815192744	3.133928571	5	4	2014	1
AN_DIE_001	16202	5	208059.3125	215181.84375	90181.640625	0.0776481915736183	0.24849	NA	1	ANTMOL0152	1.709287116	2.908163265	3.244094488	2.815192744	3.133928571	5	4	2014	1
AN_DIE_001	16300	3	208059.3125	215181.84375	90181.640625	0.0776481915736183	0.115209	NA	1	ANTMOL0152	1.709287116	2.908163265	3.244094488	2.815192744	3.133928571	5	4	2014	1
AN_DIE_001	16300	4	208059.3125	215181.84375	90181.640625	0.0776481915736183	0.115209	NA	1	ANTMOL0152	1.709287116	2.908163265	3.244094488	2.815192744	3.133928571	5	4	2014	1
AN_DIE_001	16300	5	208059.3125	215181.84375	90181.640625	0.0776481915736183	0.115209	NA	1	ANTMOL0152	1.709287116	2.908163265	3.244094488	2.815192744	3.133928571	5	4	2014	1
AN_DIE_001	16336	3	208059.3125	215181.84375	90181.640625	0.0776481915736183	0.047439	NA	1	ANTMOL0152	1.709287116	2.908163265	3.244094488	2.815192744	3.133928571	5	4	2014	1
AN_DIE_001	16336	4	208059.3125	215181.84375	90181.640625	0.0776481915736183	0.047439	NA	1	ANTMOL0152	1.709287116	2.908163265	3.244094488	2.815192744	3.133928571	5	4	2014	1
AN_DIE_001	16336	5	208059.3125	215181.84375	90181.640625	0.0776481915736183	0.047439	NA	1	ANTMOL0152	1.709287116	2.908163265	3.244094488	2.815192744	3.133928571	5	4	2014	1
AN_DIE_001	16391	3	208059.3125	215181.84375	90181.640625	0.0776481915736183	0.243972	NA	1	ANTMOL0152	1.709287116	2.908163265	3.244094488	2.815192744	3.133928571	5	4	2014	1
AN_DIE_001	16391	4	208059.3125	215181.84375	90181.640625	0.0776481915736183	0.243972	NA	1	ANTMOL0152	1.709287116	2.908163265	3.244094488	2.815192744	3.133928571	5	4	2014	1
AN_DIE_001	16391	5	208059.3125	215181.84375	90181.640625	0.0776481915736183	0.243972	NA	1	ANTMOL0152	1.709287116	2.908163265	3.244094488	2.815192744	3.133928571	5	4	2014	1
OV_FON_001	17330	6	124956.859375	207415.796875	1378.02856445312	0.0388240957868091	0.038403	0.0335	1	OVLSIN0011	2	2.916666667	3.542959427	3.881218905	3.745011086	3	1	2017	1
OV_FON_001	17350	6	124956.859375	207415.796875	1378.02856445312	0.0388240957868091	0.024849	0.0916	1	OVLSIN0011	2	2.916666667	3.542959427	3.881218905	3.745011086	3	1	2017	1
OV_FON_001	17378	6	124956.859375	207415.796875	1378.02856445312	0.248474213035578	0.036144	0.1087	1	OVLSIN0011	2	2.916666667	3.542959427	3.881218905	3.745011086	3	1	2017	1
OV_FON_001	17414	6	124956.859375	207415.796875	1378.02856445312	0.0388240957868091	0.040662	0.043	1	OVLSIN0011	2	2.916666667	3.542959427	3.881218905	3.745011086	3	1	2017	1
OV_FON_001	17455	6	124956.859375	207415.796875	1378.02856445312	0.0388240957868091	0.031626	0.0333	1	OVLSIN0011	2	2.916666667	3.542959427	3.881218905	3.745011086	3	1	2017	1
OV_FON_001	17477	6	124956.859375	207415.796875	1378.02856445312	0.0931778298883419	0.036144	0.02	1	OVLSIN0011	2	2.916666667	3.542959427	3.881218905	3.745011086	3	1	2017	1
OV_FON_001	17505	6	124956.859375	207415.796875	1378.02856445312	0.0543537341015328	0.040662	0.0257	1	OVLSIN0011	2	2.916666667	3.542959427	3.881218905	3.745011086	3	1	2017	1
OV_FON_001	17546	6	124956.859375	207415.796875	1378.02856445312	0.0388240957868091	0.031626	0.038	1	OVLSIN0011	2	2.916666667	3.542959427	3.881218905	3.745011086	3	1	2018	1
OV_FON_001	17568	6	124956.859375	207415.796875	1378.02856445312	0.0388240957868091	0.088101	0.02	1	OVLSIN0011	2	2.916666667	3.542959427	3.881218905	3.745011086	3	1	2018	1
OV_FON_001	17582	6	124956.859375	207415.796875	1378.02856445312	0.0388240957868091	0.027108	0.02	1	OVLSIN0011	2	2.916666667	3.542959427	3.881218905	3.745011086	3	1	2018	1
OV_FON_001	17617	6	124956.859375	207415.796875	1378.02856445312	0.0388240957868091	0.04518	0.035	1	OVLSIN0011	2	2.916666667	3.542959427	3.881218905	3.745011086	3	1	2018	1
OV_FON_001	17665	6	124956.859375	207415.796875	1378.02856445312	0.0388240957868091	0.027108	0.0608	1	OVLSIN0011	2	2.916666667	3.542959427	3.881218905	3.745011086	3	1	2018	1
AN_OLB_003	17694	3	185396.3125	208982.015625	1321.77319335938	0.116472287360427	0.149094	0.0933	1	ANTOLE0018	2.686666667	2.918918919	2.586448598	2.775223499	3.489781022	5	2	2018	1
AN_OLB_003	17883	3	185396.3125	208982.015625	1321.77319335938	0.0388240957868091	0.036144	0.0363	1	ANTOLE0018	2.686666667	2.918918919	2.586448598	2.775223499	3.489781022	5	2	2018	1
LI_BAT_001	17700	3	244847.765625	203086.875	39875.48828125	0.0388240957868091	0.033885	0.0456	1	LIMKIN0192	2	2.922727273	3.10058309	4.058863329	3.083395943	5	2	2018	1
LI_BAT_001	17715	3	244847.765625	203086.875	39875.48828125	0.0388240957868091	0.04518	0.02	1	LIMKIN0192	2	2.922727273	3.10058309	4.058863329	3.083395943	5	2	2018	1
LI_BAT_001	17749	3	244847.765625	203086.875	39875.48828125	0.240709393878217	0.063252	0.1568	1	LIMKIN0192	2	2.922727273	3.10058309	4.058863329	3.083395943	5	2	2018	1
LI_BAT_001	17875	3	244847.765625	203086.875	39875.48828125	0.0543537341015328	0.173943	0.0314	1	LIMKIN0192	2	2.922727273	3.10058309	4.058863329	3.083395943	5	2	2018	1
LI_HER_001	17343	6	251550.390625	200404.359375	909507.9375	0.186355659776684	1.357659	0.121	1	LIMMSK0456	2.600322646	2.930051813	3.237582781	3.241426404	3.439061317	12	4	2017	1
LI_HER_001	17371	6	251550.390625	200404.359375	909507.9375	0.0621185532588946	1.499976	0.071	1	LIMMSK0456	2.600322646	2.930051813	3.237582781	3.241426404	3.439061317	12	4	2017	1
LI_HER_001	17385	6	251550.390625	200404.359375	909507.9375	0.364946500396006	1.585818	0.067	1	LIMMSK0456	2.600322646	2.930051813	3.237582781	3.241426404	3.439061317	12	4	2017	1
LI_HER_001	17420	6	251550.390625	200404.359375	909507.9375	0.132001925675151	1.51353	0.1643	1	LIMMSK0456	2.600322646	2.930051813	3.237582781	3.241426404	3.439061317	12	4	2017	1
LI_HER_001	17448	6	251550.390625	200404.359375	909507.9375	0.139766744832513	2.600109	0.1498	1	LIMMSK0456	2.600322646	2.930051813	3.237582781	3.241426404	3.439061317	12	4	2017	1
LI_HER_001	17476	6	251550.390625	200404.359375	909507.9375	0.116472287360427	2.839563	0.17	1	LIMMSK0456	2.600322646	2.930051813	3.237582781	3.241426404	3.439061317	12	4	2017	1
LI_HER_001	17504	6	251550.390625	200404.359375	909507.9375	0.132001925675151	2.82375	0.087	1	LIMMSK0456	2.600322646	2.930051813	3.237582781	3.241426404	3.439061317	12	4	2017	1
LI_HER_001	17533	6	251550.390625	200404.359375	909507.9375	0.116472287360427	3.210039	0.034	1	LIMMSK0456	2.600322646	2.930051813	3.237582781	3.241426404	3.439061317	12	4	2018	1
LI_HER_001	17560	6	251550.390625	200404.359375	909507.9375	0.0776481915736183	2.771793	0.066	1	LIMMSK0456	2.600322646	2.930051813	3.237582781	3.241426404	3.439061317	12	4	2018	1
LI_HER_001	17595	6	251550.390625	200404.359375	909507.9375	0.271768670507664	3.43368	0.103	1	LIMMSK0456	2.600322646	2.930051813	3.237582781	3.241426404	3.439061317	12	4	2018	1
LI_HER_001	17624	6	251550.390625	200404.359375	909507.9375	0.0776481915736183	2.98188	0.073	1	LIMMSK0456	2.600322646	2.930051813	3.237582781	3.241426404	3.439061317	12	4	2018	1
LI_HER_001	17665	6	251550.390625	200404.359375	909507.9375	0.116472287360427	2.473605	0.0786	1	LIMMSK0456	2.600322646	2.930051813	3.237582781	3.241426404	3.439061317	12	4	2018	1
LI_HOE_001	17701	3	234605.90625	176845.734375	8865.6845703125	0.0388240957868091	0.092619	0.2815	1	LIMBIL0097	1.916666667	2.933333333	3.540772532	3.88744884	3.053398058	5	4	2018	1
LI_HOE_001	17742	3	234605.90625	176845.734375	8865.6845703125	0.0388240957868091	0.076806	0.105	1	LIMBIL0097	1.916666667	2.933333333	3.540772532	3.88744884	3.053398058	5	4	2018	1
LI_HOE_001	17764	3	234605.90625	176845.734375	8865.6845703125	0.0388240957868091	0.060993	0.0993	1	LIMBIL0097	1.916666667	2.933333333	3.540772532	3.88744884	3.053398058	5	4	2018	1
LI_HOE_001	17784	3	234605.90625	176845.734375	8865.6845703125	0.0621185532588946	0.070029	0.1042	1	LIMBIL0097	1.916666667	2.933333333	3.540772532	3.88744884	3.053398058	5	4	2018	1
LI_HOE_001	17812	3	234605.90625	176845.734375	8865.6845703125	0.0465889149441709	0.051957	0.1313	1	LIMBIL0097	1.916666667	2.933333333	3.540772532	3.88744884	3.053398058	5	4	2018	1
LI_HOE_001	17861	3	234605.90625	176845.734375	8865.6845703125	0.217414936406131	0.088101	0.064	1	LIMBIL0097	1.916666667	2.933333333	3.540772532	3.88744884	3.053398058	5	4	2018	1
LI_HOE_001	17875	3	234605.90625	176845.734375	8865.6845703125	0.34165204292392	0.140058	0.0651	1	LIMBIL0097	1.916666667	2.933333333	3.540772532	3.88744884	3.053398058	5	4	2018	1
LI_VBR_001	17700	6	251586.1875	206537.5	131.689468383789	0.0388240957868091	0.038403	0.1493	1	LIMKIN0235	2.634615385	2.936026936	4.031531532	3.212681638	3.53021148	12	2	2018	1
LI_VBR_001	17715	6	251586.1875	206537.5	131.689468383789	0.0388240957868091	0.083583	0.0394	1	LIMKIN0235	2.634615385	2.936026936	4.031531532	3.212681638	3.53021148	12	2	2018	1
LI_VBR_001	17749	6	251586.1875	206537.5	131.689468383789	0.0388240957868091	0.040662	0.161	1	LIMKIN0235	2.634615385	2.936026936	4.031531532	3.212681638	3.53021148	12	2	2018	1
LI_VBR_001	17784	6	251586.1875	206537.5	131.689468383789	0.0698833724162564	0.036144	0.0375	1	LIMKIN0235	2.634615385	2.936026936	4.031531532	3.212681638	3.53021148	12	2	2018	1
LI_VBR_001	17812	6	251586.1875	206537.5	131.689468383789	0.17082602146196	0.060993	0.0368	1	LIMKIN0235	2.634615385	2.936026936	4.031531532	3.212681638	3.53021148	12	2	2018	1
LI_VBR_001	17861	6	251586.1875	206537.5	131.689468383789	0.908483841411333	0.291411	0.0444	1	LIMKIN0235	2.634615385	2.936026936	4.031531532	3.212681638	3.53021148	12	2	2018	1
LI_VBR_001	17875	6	251586.1875	206537.5	131.689468383789	0.209650117248769	0.483426	0.1272	1	LIMKIN0235	2.634615385	2.936026936	4.031531532	3.212681638	3.53021148	12	2	2018	1
LI_DON_002	16609	3	230201.390625	194435.484375	85414.390625	0.434829872812262	0.042921	0.0932	1	LIMMGR0376	1.810957367	2.938202247	2.729119639	3.623588457	3.147882736	5	4	2015	1
LI_DON_002	16609	7	230201.390625	194435.484375	85414.390625	0.434829872812262	0.042921	0.0932	1	LIMMGR0376	1.810957367	2.938202247	2.729119639	3.623588457	3.147882736	5	4	2015	1
LI_DON_002	16637	3	230201.390625	194435.484375	85414.390625	0.0621185532588946	0.234936	0.121	1	LIMMGR0376	1.810957367	2.938202247	2.729119639	3.623588457	3.147882736	5	4	2015	1
LI_DON_002	16637	7	230201.390625	194435.484375	85414.390625	0.0621185532588946	0.234936	0.121	1	LIMMGR0376	1.810957367	2.938202247	2.729119639	3.623588457	3.147882736	5	4	2015	1
LI_DON_002	16665	3	230201.390625	194435.484375	85414.390625	0.116472287360427	0.119727	0.1108	1	LIMMGR0376	1.810957367	2.938202247	2.729119639	3.623588457	3.147882736	5	4	2015	1
LI_DON_002	16665	7	230201.390625	194435.484375	85414.390625	0.116472287360427	0.119727	0.1108	1	LIMMGR0376	1.810957367	2.938202247	2.729119639	3.623588457	3.147882736	5	4	2015	1
LI_DON_002	16698	3	230201.390625	194435.484375	85414.390625	0.792011554050906	0.097137	0.1007	1	LIMMGR0376	1.810957367	2.938202247	2.729119639	3.623588457	3.147882736	5	4	2015	1
LI_DON_002	16698	7	230201.390625	194435.484375	85414.390625	0.792011554050906	0.097137	0.1007	1	LIMMGR0376	1.810957367	2.938202247	2.729119639	3.623588457	3.147882736	5	4	2015	1
LI_DON_002	16728	3	230201.390625	194435.484375	85414.390625	1.84802695945211	0.088101	0.08	1	LIMMGR0376	1.810957367	2.938202247	2.729119639	3.623588457	3.147882736	5	4	2015	1
LI_DON_002	16728	7	230201.390625	194435.484375	85414.390625	1.84802695945211	0.088101	0.08	1	LIMMGR0376	1.810957367	2.938202247	2.729119639	3.623588457	3.147882736	5	4	2015	1
LI_DON_002	16756	3	230201.390625	194435.484375	85414.390625	2.85745344990915	0.124245	0.184	1	LIMMGR0376	1.810957367	2.938202247	2.729119639	3.623588457	3.147882736	5	4	2015	1
LI_DON_002	16756	7	230201.390625	194435.484375	85414.390625	2.85745344990915	0.124245	0.184	1	LIMMGR0376	1.810957367	2.938202247	2.729119639	3.623588457	3.147882736	5	4	2015	1
LI_DON_002	16832	3	230201.390625	194435.484375	85414.390625	1.62284720388862	0.329814	0.0404	1	LIMMGR0376	1.810957367	2.938202247	2.729119639	3.623588457	3.147882736	5	4	2016	1
LI_DON_002	16832	7	230201.390625	194435.484375	85414.390625	1.62284720388862	0.329814	0.0404	1	LIMMGR0376	1.810957367	2.938202247	2.729119639	3.623588457	3.147882736	5	4	2016	1
LI_DON_002	16861	3	230201.390625	194435.484375	85414.390625	0.675539266690479	0.494721	0.0303	1	LIMMGR0376	1.810957367	2.938202247	2.729119639	3.623588457	3.147882736	5	4	2016	1
LI_DON_002	16861	7	230201.390625	194435.484375	85414.390625	0.675539266690479	0.494721	0.0303	1	LIMMGR0376	1.810957367	2.938202247	2.729119639	3.623588457	3.147882736	5	4	2016	1
LI_DON_002	16881	3	230201.390625	194435.484375	85414.390625	0.496948426071157	0.393066	0.0318	1	LIMMGR0376	1.810957367	2.938202247	2.729119639	3.623588457	3.147882736	5	4	2016	1
LI_DON_002	16881	7	230201.390625	194435.484375	85414.390625	0.496948426071157	0.393066	0.0318	1	LIMMGR0376	1.810957367	2.938202247	2.729119639	3.623588457	3.147882736	5	4	2016	1
LI_DON_002	16930	3	230201.390625	194435.484375	85414.390625	0.271768670507664	0.402102	0.0456	1	LIMMGR0376	1.810957367	2.938202247	2.729119639	3.623588457	3.147882736	5	4	2016	1
LI_DON_002	16930	7	230201.390625	194435.484375	85414.390625	0.271768670507664	0.402102	0.0456	1	LIMMGR0376	1.810957367	2.938202247	2.729119639	3.623588457	3.147882736	5	4	2016	1
AN_LAN_006	16182	3	184928.46875	191240.109375	1334.81970214844	0.0776481915736183	0.033885	NA	1	ANTHST0507	2	2.940140845	3.817251462	2.942873969	3.263513514	4	2	2014	1
AN_LAN_006	16231	3	184928.46875	191240.109375	1334.81970214844	0.0776481915736183	0.02259	NA	1	ANTHST0507	2	2.940140845	3.817251462	2.942873969	3.263513514	4	2	2014	1
AN_LAN_006	16258	3	184928.46875	191240.109375	1334.81970214844	0.0776481915736183	0.027108	NA	1	ANTHST0507	2	2.940140845	3.817251462	2.942873969	3.263513514	4	2	2014	1
AN_LAN_006	16293	3	184928.46875	191240.109375	1334.81970214844	0.0776481915736183	0.029367	NA	1	ANTHST0507	2	2.940140845	3.817251462	2.942873969	3.263513514	4	2	2014	1
AN_LAN_006	16329	3	184928.46875	191240.109375	1334.81970214844	0.0776481915736183	0.031626	NA	1	ANTHST0507	2	2.940140845	3.817251462	2.942873969	3.263513514	4	2	2014	1
AN_LAN_006	16370	3	184928.46875	191240.109375	1334.81970214844	0.0776481915736183	0.029367	NA	1	ANTHST0507	2	2.940140845	3.817251462	2.942873969	3.263513514	4	2	2014	1
LI_WIK_001	16182	3	223521.875	185019.1875	9060.8486328125	0.0776481915736183	0.04518	NA	1	LIMGNK0374	2.669745958	2.940860215	2.145815358	2.754474273	2.762195122	5	4	2014	1
LI_WIK_001	16182	4	223521.875	185019.1875	9060.8486328125	0.0776481915736183	0.04518	NA	1	LIMGNK0374	2.669745958	2.940860215	2.145815358	2.754474273	2.762195122	5	4	2014	1
LI_WIK_001	16224	3	223521.875	185019.1875	9060.8486328125	0.0776481915736183	0.076806	NA	1	LIMGNK0374	2.669745958	2.940860215	2.145815358	2.754474273	2.762195122	5	4	2014	1
LI_WIK_001	16224	4	223521.875	185019.1875	9060.8486328125	0.0776481915736183	0.076806	NA	1	LIMGNK0374	2.669745958	2.940860215	2.145815358	2.754474273	2.762195122	5	4	2014	1
LI_WIK_001	16252	3	223521.875	185019.1875	9060.8486328125	0.0776481915736183	0.040662	NA	1	LIMGNK0374	2.669745958	2.940860215	2.145815358	2.754474273	2.762195122	5	4	2014	1
LI_WIK_001	16252	4	223521.875	185019.1875	9060.8486328125	0.0776481915736183	0.040662	NA	1	LIMGNK0374	2.669745958	2.940860215	2.145815358	2.754474273	2.762195122	5	4	2014	1
LI_WIK_001	16287	3	223521.875	185019.1875	9060.8486328125	0.0776481915736183	0.074547	NA	1	LIMGNK0374	2.669745958	2.940860215	2.145815358	2.754474273	2.762195122	5	4	2014	1
LI_WIK_001	16287	4	223521.875	185019.1875	9060.8486328125	0.0776481915736183	0.074547	NA	1	LIMGNK0374	2.669745958	2.940860215	2.145815358	2.754474273	2.762195122	5	4	2014	1
LI_WIK_001	16322	3	223521.875	185019.1875	9060.8486328125	0.124237106517789	0.140058	NA	1	LIMGNK0374	2.669745958	2.940860215	2.145815358	2.754474273	2.762195122	5	4	2014	1
LI_WIK_001	16322	4	223521.875	185019.1875	9060.8486328125	0.124237106517789	0.140058	NA	1	LIMGNK0374	2.669745958	2.940860215	2.145815358	2.754474273	2.762195122	5	4	2014	1
LI_WIK_001	16364	3	223521.875	185019.1875	9060.8486328125	0.0776481915736183	0.024849	NA	1	LIMGNK0374	2.669745958	2.940860215	2.145815358	2.754474273	2.762195122	5	4	2014	1
LI_WIK_001	16364	4	223521.875	185019.1875	9060.8486328125	0.0776481915736183	0.024849	NA	1	LIMGNK0374	2.669745958	2.940860215	2.145815358	2.754474273	2.762195122	5	4	2014	1
LI_SAH_001	16972	4	214218.203125	215946.984375	167948.28125	0.0388240957868091	0.058734	0.02	1	LIMLOM0467	2.203312705	2.959259259	3.978436658	3.576774194	2.969021066	5	2	2016	1
LI_SAH_001	17014	4	214218.203125	215946.984375	167948.28125	0.132001925675151	0.033885	0.02	1	LIMLOM0467	2.203312705	2.959259259	3.978436658	3.576774194	2.969021066	5	2	2016	1
LI_SAH_001	17030	4	214218.203125	215946.984375	167948.28125	0.0388240957868091	0.02259	0.0421	1	LIMLOM0467	2.203312705	2.959259259	3.978436658	3.576774194	2.969021066	5	2	2016	1
LI_SAH_001	17064	4	214218.203125	215946.984375	167948.28125	0.0388240957868091	0.029367	0.0584	1	LIMLOM0467	2.203312705	2.959259259	3.978436658	3.576774194	2.969021066	5	2	2016	1
LI_SAH_001	17092	4	214218.203125	215946.984375	167948.28125	0.0388240957868091	0.036144	0.02	1	LIMLOM0467	2.203312705	2.959259259	3.978436658	3.576774194	2.969021066	5	2	2016	1
LI_SAH_001	17126	4	214218.203125	215946.984375	167948.28125	0.124237106517789	0.214605	0.0311	1	LIMLOM0467	2.203312705	2.959259259	3.978436658	3.576774194	2.969021066	5	2	2016	1
LI_SAH_001	17140	4	214218.203125	215946.984375	167948.28125	0.0698833724162564	0.042921	0.02	1	LIMLOM0467	2.203312705	2.959259259	3.978436658	3.576774194	2.969021066	5	2	2016	1
LI_SAH_001	17182	4	214218.203125	215946.984375	167948.28125	0.132001925675151	0.318519	0.0326	1	LIMLOM0467	2.203312705	2.959259259	3.978436658	3.576774194	2.969021066	5	2	2017	1
LI_SAH_001	17210	4	214218.203125	215946.984375	167948.28125	0.0388240957868091	0.309483	0.0316	1	LIMLOM0467	2.203312705	2.959259259	3.978436658	3.576774194	2.969021066	5	2	2017	1
LI_SAH_001	17231	4	214218.203125	215946.984375	167948.28125	0.0388240957868091	0.246231	0.0379	1	LIMLOM0467	2.203312705	2.959259259	3.978436658	3.576774194	2.969021066	5	2	2017	1
LI_SAH_001	17274	4	214218.203125	215946.984375	167948.28125	0.0388240957868091	0.049698	0.045	1	LIMLOM0467	2.203312705	2.959259259	3.978436658	3.576774194	2.969021066	5	2	2017	1
LI_SAH_001	17294	4	214218.203125	215946.984375	167948.28125	0.0621185532588946	0.049698	0.02	1	LIMLOM0467	2.203312705	2.959259259	3.978436658	3.576774194	2.969021066	5	2	2017	1
VB_TOR_001	16573	5	162817.96875	179933.484375	13490.5263671875	0.147531563989875	0.512793	0.0357	1	VBRKAM0057	2.089285714	2.960992908	3.061004785	3.722837022	2.649588868	7	1	2015	1
VB_TOR_001	16588	5	162817.96875	179933.484375	13490.5263671875	0.0854130107309801	0.408879	0.03	1	VBRKAM0057	2.089285714	2.960992908	3.061004785	3.722837022	2.649588868	7	1	2015	1
VB_TOR_001	16616	5	162817.96875	179933.484375	13490.5263671875	0.163061202304598	0.137799	0.02	1	VBRKAM0057	2.089285714	2.960992908	3.061004785	3.722837022	2.649588868	7	1	2015	1
VB_TOR_001	16644	5	162817.96875	179933.484375	13490.5263671875	0.0543537341015328	0.216864	0.025	1	VBRKAM0057	2.089285714	2.960992908	3.061004785	3.722837022	2.649588868	7	1	2015	1
VB_TOR_001	16672	5	162817.96875	179933.484375	13490.5263671875	0.0621185532588946	0.092619	0.0268	1	VBRKAM0057	2.089285714	2.960992908	3.061004785	3.722837022	2.649588868	7	1	2015	1
VB_TOR_001	16700	5	162817.96875	179933.484375	13490.5263671875	0.0931778298883419	0.402102	0.0223	1	VBRKAM0057	2.089285714	2.960992908	3.061004785	3.722837022	2.649588868	7	1	2015	1
VB_TOR_001	16735	5	162817.96875	179933.484375	13490.5263671875	0.248474213035578	0.840348	0.02	1	VBRKAM0057	2.089285714	2.960992908	3.061004785	3.722837022	2.649588868	7	1	2015	1
VB_TOR_001	16763	5	162817.96875	179933.484375	13490.5263671875	0.186355659776684	0.815499	0.02	1	VBRKAM0057	2.089285714	2.960992908	3.061004785	3.722837022	2.649588868	7	1	2015	1
VB_TOR_001	16804	5	162817.96875	179933.484375	13490.5263671875	0.0931778298883419	1.922409	0.02	1	VBRKAM0057	2.089285714	2.960992908	3.061004785	3.722837022	2.649588868	7	1	2016	1
VB_TOR_001	16833	5	162817.96875	179933.484375	13490.5263671875	0.0776481915736183	2.68821	0.02	1	VBRKAM0057	2.089285714	2.960992908	3.061004785	3.722837022	2.649588868	7	1	2016	1
VB_TOR_001	16860	5	162817.96875	179933.484375	13490.5263671875	0.0776481915736183	3.223593	0.02	1	VBRKAM0057	2.089285714	2.960992908	3.061004785	3.722837022	2.649588868	7	1	2016	1
VB_TOR_001	16895	5	162817.96875	179933.484375	13490.5263671875	0.0465889149441709	1.606149	0.0241	1	VBRKAM0057	2.089285714	2.960992908	3.061004785	3.722837022	2.649588868	7	1	2016	1
VB_TOR_001	16923	5	162817.96875	179933.484375	13490.5263671875	0.0776481915736183	1.662624	0.02	1	VBRKAM0057	2.089285714	2.960992908	3.061004785	3.722837022	2.649588868	7	1	2016	1
AN_TIE_005	16958	4	188947.40625	217006.171875	3121.56958007812	0.0388240957868091	0.094878	0.0471	1	ANTKAS0213	2.546709992	2.970588235	3.272331155	3.899873257	2.802294197	5	3	2016	1
AN_TIE_005	16958	6	188947.40625	217006.171875	3121.56958007812	0.0388240957868091	0.094878	0.0471	1	ANTKAS0213	2.546709992	2.970588235	3.272331155	3.899873257	2.802294197	5	3	2016	1
AN_TIE_005	16987	4	188947.40625	217006.171875	3121.56958007812	0.0931778298883419	0.02259	0.1004	1	ANTKAS0213	2.546709992	2.970588235	3.272331155	3.899873257	2.802294197	5	3	2016	1
AN_TIE_005	16987	6	188947.40625	217006.171875	3121.56958007812	0.0931778298883419	0.02259	0.1004	1	ANTKAS0213	2.546709992	2.970588235	3.272331155	3.899873257	2.802294197	5	3	2016	1
AN_TIE_005	17030	4	188947.40625	217006.171875	3121.56958007812	0.0854130107309801	0.02259	0.093	1	ANTKAS0213	2.546709992	2.970588235	3.272331155	3.899873257	2.802294197	5	3	2016	1
AN_TIE_005	17030	6	188947.40625	217006.171875	3121.56958007812	0.0854130107309801	0.02259	0.093	1	ANTKAS0213	2.546709992	2.970588235	3.272331155	3.899873257	2.802294197	5	3	2016	1
AN_TIE_005	17056	4	188947.40625	217006.171875	3121.56958007812	0.0388240957868091	0.02259	0.2392	1	ANTKAS0213	2.546709992	2.970588235	3.272331155	3.899873257	2.802294197	5	3	2016	1
AN_TIE_005	17056	6	188947.40625	217006.171875	3121.56958007812	0.0388240957868091	0.02259	0.2392	1	ANTKAS0213	2.546709992	2.970588235	3.272331155	3.899873257	2.802294197	5	3	2016	1
AN_TIE_005	17077	4	188947.40625	217006.171875	3121.56958007812	0.0698833724162564	0.029367	0.0719	1	ANTKAS0213	2.546709992	2.970588235	3.272331155	3.899873257	2.802294197	5	3	2016	1
AN_TIE_005	17077	6	188947.40625	217006.171875	3121.56958007812	0.0698833724162564	0.029367	0.0719	1	ANTKAS0213	2.546709992	2.970588235	3.272331155	3.899873257	2.802294197	5	3	2016	1
AN_TIE_005	17113	4	188947.40625	217006.171875	3121.56958007812	0.0621185532588946	0.02259	0.0401	1	ANTKAS0213	2.546709992	2.970588235	3.272331155	3.899873257	2.802294197	5	3	2016	1
AN_TIE_005	17113	6	188947.40625	217006.171875	3121.56958007812	0.0621185532588946	0.02259	0.0401	1	ANTKAS0213	2.546709992	2.970588235	3.272331155	3.899873257	2.802294197	5	3	2016	1
AN_TIE_005	17134	4	188947.40625	217006.171875	3121.56958007812	0.0388240957868091	0.036144	0.0294	1	ANTKAS0213	2.546709992	2.970588235	3.272331155	3.899873257	2.802294197	5	3	2016	1
AN_TIE_005	17134	6	188947.40625	217006.171875	3121.56958007812	0.0388240957868091	0.036144	0.0294	1	ANTKAS0213	2.546709992	2.970588235	3.272331155	3.899873257	2.802294197	5	3	2016	1
AN_TIE_005	17182	4	188947.40625	217006.171875	3121.56958007812	0.248474213035578	0.176202	0.046	1	ANTKAS0213	2.546709992	2.970588235	3.272331155	3.899873257	2.802294197	5	3	2017	1
AN_TIE_005	17182	6	188947.40625	217006.171875	3121.56958007812	0.248474213035578	0.176202	0.046	1	ANTKAS0213	2.546709992	2.970588235	3.272331155	3.899873257	2.802294197	5	3	2017	1
AN_TIE_005	17218	4	188947.40625	217006.171875	3121.56958007812	0.0388240957868091	0.024849	0.0611	1	ANTKAS0213	2.546709992	2.970588235	3.272331155	3.899873257	2.802294197	5	3	2017	1
AN_TIE_005	17218	6	188947.40625	217006.171875	3121.56958007812	0.0388240957868091	0.024849	0.0611	1	ANTKAS0213	2.546709992	2.970588235	3.272331155	3.899873257	2.802294197	5	3	2017	1
AN_TIE_005	17238	4	188947.40625	217006.171875	3121.56958007812	0.0388240957868091	0.036144	0.0239	1	ANTKAS0213	2.546709992	2.970588235	3.272331155	3.899873257	2.802294197	5	3	2017	1
AN_TIE_005	17238	6	188947.40625	217006.171875	3121.56958007812	0.0388240957868091	0.036144	0.0239	1	ANTKAS0213	2.546709992	2.970588235	3.272331155	3.899873257	2.802294197	5	3	2017	1
AN_TIE_005	17260	4	188947.40625	217006.171875	3121.56958007812	0.0621185532588946	0.056475	0.0317	1	ANTKAS0213	2.546709992	2.970588235	3.272331155	3.899873257	2.802294197	5	3	2017	1
AN_TIE_005	17260	6	188947.40625	217006.171875	3121.56958007812	0.0621185532588946	0.056475	0.0317	1	ANTKAS0213	2.546709992	2.970588235	3.272331155	3.899873257	2.802294197	5	3	2017	1
AN_TIE_005	17295	4	188947.40625	217006.171875	3121.56958007812	0.0465889149441709	0.040662	0.032	1	ANTKAS0213	2.546709992	2.970588235	3.272331155	3.899873257	2.802294197	5	3	2017	1
AN_TIE_005	17295	6	188947.40625	217006.171875	3121.56958007812	0.0465889149441709	0.040662	0.032	1	ANTKAS0213	2.546709992	2.970588235	3.272331155	3.899873257	2.802294197	5	3	2017	1
AN_BEE_001	16196	3	181311.546875	224246.703125	5734.796875	0.0776481915736183	0.040662	NA	1	ANTBSE0314	2.105714286	2.977195946	2.808370044	3.944596443	3.761939219	5	2	2014	1
AN_BEE_001	16196	4	181311.546875	224246.703125	5734.796875	0.0776481915736183	0.040662	NA	1	ANTBSE0314	2.105714286	2.977195946	2.808370044	3.944596443	3.761939219	5	2	2014	1
AN_BEE_001	16223	3	181311.546875	224246.703125	5734.796875	0.0776481915736183	0.040662	NA	1	ANTBSE0314	2.105714286	2.977195946	2.808370044	3.944596443	3.761939219	5	2	2014	1
AN_BEE_001	16223	4	181311.546875	224246.703125	5734.796875	0.0776481915736183	0.040662	NA	1	ANTBSE0314	2.105714286	2.977195946	2.808370044	3.944596443	3.761939219	5	2	2014	1
AN_BEE_001	16251	3	181311.546875	224246.703125	5734.796875	0.0776481915736183	0.065511	NA	1	ANTBSE0314	2.105714286	2.977195946	2.808370044	3.944596443	3.761939219	5	2	2014	1
AN_BEE_001	16251	4	181311.546875	224246.703125	5734.796875	0.0776481915736183	0.065511	NA	1	ANTBSE0314	2.105714286	2.977195946	2.808370044	3.944596443	3.761939219	5	2	2014	1
AN_BEE_001	16287	3	181311.546875	224246.703125	5734.796875	0.0776481915736183	0.047439	NA	1	ANTBSE0314	2.105714286	2.977195946	2.808370044	3.944596443	3.761939219	5	2	2014	1
AN_BEE_001	16287	4	181311.546875	224246.703125	5734.796875	0.0776481915736183	0.047439	NA	1	ANTBSE0314	2.105714286	2.977195946	2.808370044	3.944596443	3.761939219	5	2	2014	1
AN_BEE_001	16322	3	181311.546875	224246.703125	5734.796875	0.132001925675151	0.124245	NA	1	ANTBSE0314	2.105714286	2.977195946	2.808370044	3.944596443	3.761939219	5	2	2014	1
AN_BEE_001	16322	4	181311.546875	224246.703125	5734.796875	0.132001925675151	0.124245	NA	1	ANTBSE0314	2.105714286	2.977195946	2.808370044	3.944596443	3.761939219	5	2	2014	1
AN_BEE_001	16364	3	181311.546875	224246.703125	5734.796875	0.0776481915736183	0.036144	NA	1	ANTBSE0314	2.105714286	2.977195946	2.808370044	3.944596443	3.761939219	5	2	2014	1
AN_BEE_001	16364	4	181311.546875	224246.703125	5734.796875	0.0776481915736183	0.036144	NA	1	ANTBSE0314	2.105714286	2.977195946	2.808370044	3.944596443	3.761939219	5	2	2014	1
LI_SBB_004	16959	3	221581.875	186296.8125	16423.921875	0.25623903219294	0.546678	0.1389	1	LIMZNH0231	1.973588342	2.977777778	3.386094675	2.315677966	3.317092034	5	4	2016	1
LI_SBB_004	16959	4	221581.875	186296.8125	16423.921875	0.25623903219294	0.546678	0.1389	1	LIMZNH0231	1.973588342	2.977777778	3.386094675	2.315677966	3.317092034	5	4	2016	1
LI_SBB_004	16979	3	221581.875	186296.8125	16423.921875	0.0621185532588946	0.04518	0.1438	1	LIMZNH0231	1.973588342	2.977777778	3.386094675	2.315677966	3.317092034	5	4	2016	1
LI_SBB_004	16979	4	221581.875	186296.8125	16423.921875	0.0621185532588946	0.04518	0.1438	1	LIMZNH0231	1.973588342	2.977777778	3.386094675	2.315677966	3.317092034	5	4	2016	1
LI_SBB_004	17022	3	221581.875	186296.8125	16423.921875	0.178590840619322	0.02259	0.1616	1	LIMZNH0231	1.973588342	2.977777778	3.386094675	2.315677966	3.317092034	5	4	2016	1
LI_SBB_004	17022	4	221581.875	186296.8125	16423.921875	0.178590840619322	0.02259	0.1616	1	LIMZNH0231	1.973588342	2.977777778	3.386094675	2.315677966	3.317092034	5	4	2016	1
LI_SBB_004	17211	3	221581.875	186296.8125	16423.921875	0.17082602146196	0.314001	0.1168	1	LIMZNH0231	1.973588342	2.977777778	3.386094675	2.315677966	3.317092034	5	4	2017	1
LI_SBB_004	17211	4	221581.875	186296.8125	16423.921875	0.17082602146196	0.314001	0.1168	1	LIMZNH0231	1.973588342	2.977777778	3.386094675	2.315677966	3.317092034	5	4	2017	1
LI_SBB_004	17254	3	221581.875	186296.8125	16423.921875	0.0543537341015328	0.047439	0.0326	1	LIMZNH0231	1.973588342	2.977777778	3.386094675	2.315677966	3.317092034	5	4	2017	1
LI_SBB_004	17254	4	221581.875	186296.8125	16423.921875	0.0543537341015328	0.047439	0.0326	1	LIMZNH0231	1.973588342	2.977777778	3.386094675	2.315677966	3.317092034	5	4	2017	1
LI_SBB_004	17274	3	221581.875	186296.8125	16423.921875	0.0465889149441709	0.063252	0.033	1	LIMZNH0231	1.973588342	2.977777778	3.386094675	2.315677966	3.317092034	5	4	2017	1
LI_SBB_004	17274	4	221581.875	186296.8125	16423.921875	0.0465889149441709	0.063252	0.033	1	LIMZNH0231	1.973588342	2.977777778	3.386094675	2.315677966	3.317092034	5	4	2017	1
LI_SBB_004	17294	3	221581.875	186296.8125	16423.921875	0.139766744832513	0.092619	0.143	1	LIMZNH0231	1.973588342	2.977777778	3.386094675	2.315677966	3.317092034	5	4	2017	1
LI_SBB_004	17294	4	221581.875	186296.8125	16423.921875	0.139766744832513	0.092619	0.143	1	LIMZNH0231	1.973588342	2.977777778	3.386094675	2.315677966	3.317092034	5	4	2017	1
LI_VOS_001	16972	3	216645.09375	216729.0625	189470.484375	0.0388240957868091	0.121986	0.02	1	LIMLOM0475	2.559914408	2.979591837	2.780587276	3.395053476	2.786135693	5	2	2016	1
LI_VOS_001	16972	4	216645.09375	216729.0625	189470.484375	0.0388240957868091	0.121986	0.02	1	LIMLOM0475	2.559914408	2.979591837	2.780587276	3.395053476	2.786135693	5	2	2016	1
LI_VOS_001	17014	3	216645.09375	216729.0625	189470.484375	0.0543537341015328	0.024849	0.02	1	LIMLOM0475	2.559914408	2.979591837	2.780587276	3.395053476	2.786135693	5	2	2016	1
LI_VOS_001	17014	4	216645.09375	216729.0625	189470.484375	0.0543537341015328	0.024849	0.02	1	LIMLOM0475	2.559914408	2.979591837	2.780587276	3.395053476	2.786135693	5	2	2016	1
LI_VOS_001	17030	3	216645.09375	216729.0625	189470.484375	0.0388240957868091	0.02259	0.02	1	LIMLOM0475	2.559914408	2.979591837	2.780587276	3.395053476	2.786135693	5	2	2016	1
LI_VOS_001	17030	4	216645.09375	216729.0625	189470.484375	0.0388240957868091	0.02259	0.02	1	LIMLOM0475	2.559914408	2.979591837	2.780587276	3.395053476	2.786135693	5	2	2016	1
LI_VOS_001	17064	3	216645.09375	216729.0625	189470.484375	0.0388240957868091	0.029367	0.02	1	LIMLOM0475	2.559914408	2.979591837	2.780587276	3.395053476	2.786135693	5	2	2016	1
LI_VOS_001	17064	4	216645.09375	216729.0625	189470.484375	0.0388240957868091	0.029367	0.02	1	LIMLOM0475	2.559914408	2.979591837	2.780587276	3.395053476	2.786135693	5	2	2016	1
LI_VOS_001	17092	3	216645.09375	216729.0625	189470.484375	0.0388240957868091	0.02259	0.02	1	LIMLOM0475	2.559914408	2.979591837	2.780587276	3.395053476	2.786135693	5	2	2016	1
LI_VOS_001	17092	4	216645.09375	216729.0625	189470.484375	0.0388240957868091	0.02259	0.02	1	LIMLOM0475	2.559914408	2.979591837	2.780587276	3.395053476	2.786135693	5	2	2016	1
LI_VOS_001	17126	3	216645.09375	216729.0625	189470.484375	0.0621185532588946	0.099396	0.02	1	LIMLOM0475	2.559914408	2.979591837	2.780587276	3.395053476	2.786135693	5	2	2016	1
LI_VOS_001	17126	4	216645.09375	216729.0625	189470.484375	0.0621185532588946	0.099396	0.02	1	LIMLOM0475	2.559914408	2.979591837	2.780587276	3.395053476	2.786135693	5	2	2016	1
LI_VOS_001	17140	3	216645.09375	216729.0625	189470.484375	0.0854130107309801	0.065511	0.02	1	LIMLOM0475	2.559914408	2.979591837	2.780587276	3.395053476	2.786135693	5	2	2016	1
LI_VOS_001	17140	4	216645.09375	216729.0625	189470.484375	0.0854130107309801	0.065511	0.02	1	LIMLOM0475	2.559914408	2.979591837	2.780587276	3.395053476	2.786135693	5	2	2016	1
LI_VOS_001	17182	3	216645.09375	216729.0625	189470.484375	0.0776481915736183	0.106173	0.02	1	LIMLOM0475	2.559914408	2.979591837	2.780587276	3.395053476	2.786135693	5	2	2017	1
LI_VOS_001	17182	4	216645.09375	216729.0625	189470.484375	0.0776481915736183	0.106173	0.02	1	LIMLOM0475	2.559914408	2.979591837	2.780587276	3.395053476	2.786135693	5	2	2017	1
LI_VOS_001	17210	3	216645.09375	216729.0625	189470.484375	0.0543537341015328	0.307224	0.02	1	LIMLOM0475	2.559914408	2.979591837	2.780587276	3.395053476	2.786135693	5	2	2017	1
LI_VOS_001	17210	4	216645.09375	216729.0625	189470.484375	0.0543537341015328	0.307224	0.02	1	LIMLOM0475	2.559914408	2.979591837	2.780587276	3.395053476	2.786135693	5	2	2017	1
LI_VOS_001	17231	3	216645.09375	216729.0625	189470.484375	0.0543537341015328	0.121986	0.02	1	LIMLOM0475	2.559914408	2.979591837	2.780587276	3.395053476	2.786135693	5	2	2017	1
LI_VOS_001	17231	4	216645.09375	216729.0625	189470.484375	0.0543537341015328	0.121986	0.02	1	LIMLOM0475	2.559914408	2.979591837	2.780587276	3.395053476	2.786135693	5	2	2017	1
LI_VOS_001	17274	3	216645.09375	216729.0625	189470.484375	0.0543537341015328	0.11295	0.02	1	LIMLOM0475	2.559914408	2.979591837	2.780587276	3.395053476	2.786135693	5	2	2017	1
LI_VOS_001	17274	4	216645.09375	216729.0625	189470.484375	0.0543537341015328	0.11295	0.02	1	LIMLOM0475	2.559914408	2.979591837	2.780587276	3.395053476	2.786135693	5	2	2017	1
LI_VOS_001	17294	3	216645.09375	216729.0625	189470.484375	0.0621185532588946	0.144576	0.02	1	LIMLOM0475	2.559914408	2.979591837	2.780587276	3.395053476	2.786135693	5	2	2017	1
LI_VOS_001	17294	4	216645.09375	216729.0625	189470.484375	0.0621185532588946	0.144576	0.02	1	LIMLOM0475	2.559914408	2.979591837	2.780587276	3.395053476	2.786135693	5	2	2017	1
AN_TVG_001	16188	3	189758.375	228993.96875	18165.921875	0.0776481915736183	0.11295	NA	1	ANTTUR0301	2.542944785	2.98540146	3.230964467	2.704600484	3.665641814	5	4	2014	1
AN_TVG_001	16224	3	189758.375	228993.96875	18165.921875	0.0776481915736183	0.04518	NA	1	ANTTUR0301	2.542944785	2.98540146	3.230964467	2.704600484	3.665641814	5	4	2014	1
AN_TVG_001	16252	3	189758.375	228993.96875	18165.921875	0.0776481915736183	0.024849	NA	1	ANTTUR0301	2.542944785	2.98540146	3.230964467	2.704600484	3.665641814	5	4	2014	1
AN_TVG_001	16286	3	189758.375	228993.96875	18165.921875	0.0776481915736183	0.024849	NA	1	ANTTUR0301	2.542944785	2.98540146	3.230964467	2.704600484	3.665641814	5	4	2014	1
AN_TVG_001	16321	3	189758.375	228993.96875	18165.921875	0.0776481915736183	0.033885	NA	1	ANTTUR0301	2.542944785	2.98540146	3.230964467	2.704600484	3.665641814	5	4	2014	1
AN_TVG_001	16363	3	189758.375	228993.96875	18165.921875	0.0776481915736183	0.040662	NA	1	ANTTUR0301	2.542944785	2.98540146	3.230964467	2.704600484	3.665641814	5	4	2014	1
LI_LBV_004	16973	6	218907.9375	190171.453125	30149.390625	0.0543537341015328	0.185238	0.0285	1	LIMHHE0285	2.027651269	2.98816568	3.888168558	2.742655699	3.559043348	5	3	2016	1
LI_LBV_004	16986	6	218907.9375	190171.453125	30149.390625	0.0388240957868091	0.033885	0.0411	1	LIMHHE0285	2.027651269	2.98816568	3.888168558	2.742655699	3.559043348	5	3	2016	1
LI_LBV_004	17035	6	218907.9375	190171.453125	30149.390625	0.0388240957868091	0.02259	0.02	1	LIMHHE0285	2.027651269	2.98816568	3.888168558	2.742655699	3.559043348	5	3	2016	1
LI_LBV_004	17049	6	218907.9375	190171.453125	30149.390625	0.0698833724162564	0.027108	0.0244	1	LIMHHE0285	2.027651269	2.98816568	3.888168558	2.742655699	3.559043348	5	3	2016	1
LI_LBV_004	17085	6	218907.9375	190171.453125	30149.390625	0.147531563989875	0.081324	0.0368	1	LIMHHE0285	2.027651269	2.98816568	3.888168558	2.742655699	3.559043348	5	3	2016	1
LI_LBV_004	17112	6	218907.9375	190171.453125	30149.390625	0.17082602146196	0.081324	0.0279	1	LIMHHE0285	2.027651269	2.98816568	3.888168558	2.742655699	3.559043348	5	3	2016	1
LI_LBV_004	17133	6	218907.9375	190171.453125	30149.390625	0.132001925675151	0.097137	0.02	1	LIMHHE0285	2.027651269	2.98816568	3.888168558	2.742655699	3.559043348	5	3	2016	1
LI_LBV_004	17183	6	218907.9375	190171.453125	30149.390625	0.403770596182815	0.205569	0.02	1	LIMHHE0285	2.027651269	2.98816568	3.888168558	2.742655699	3.559043348	5	3	2017	1
LI_LBV_004	17211	6	218907.9375	190171.453125	30149.390625	0.17082602146196	0.103914	0.02	1	LIMHHE0285	2.027651269	2.98816568	3.888168558	2.742655699	3.559043348	5	3	2017	1
LI_LBV_004	17232	6	218907.9375	190171.453125	30149.390625	0.124237106517789	0.131022	0.0248	1	LIMHHE0285	2.027651269	2.98816568	3.888168558	2.742655699	3.559043348	5	3	2017	1
LI_LBV_004	17266	6	218907.9375	190171.453125	30149.390625	0.0621185532588946	0.056475	0.02	1	LIMHHE0285	2.027651269	2.98816568	3.888168558	2.742655699	3.559043348	5	3	2017	1
LI_LBV_004	17294	6	218907.9375	190171.453125	30149.390625	0.0854130107309801	0.076806	0.02	1	LIMHHE0285	2.027651269	2.98816568	3.888168558	2.742655699	3.559043348	5	3	2017	1
AN_TIE_006	17343	3	188364.328125	217601.96875	1184.70959472656	0.0543537341015328	0.049698	0.033	1	ANTKAS0268	1.907284768	2.996710526	2.785223368	3.069974555	1.871851852	5	4	2017	1
AN_TIE_006	17359	3	188364.328125	217601.96875	1184.70959472656	1.66943611883279	0.131022	0.1054	1	ANTKAS0268	1.907284768	2.996710526	2.785223368	3.069974555	1.871851852	5	4	2017	1
AN_TIE_006	17462	3	188364.328125	217601.96875	1184.70959472656	0.0621185532588946	0.079065	0.02	1	ANTKAS0268	1.907284768	2.996710526	2.785223368	3.069974555	1.871851852	5	4	2017	1
AN_TIE_006	17491	3	188364.328125	217601.96875	1184.70959472656	0.100942649045704	0.103914	0.02	1	ANTKAS0268	1.907284768	2.996710526	2.785223368	3.069974555	1.871851852	5	4	2017	1
AN_TIE_006	17518	3	188364.328125	217601.96875	1184.70959472656	0.0388240957868091	0.070029	0.0308	1	ANTKAS0268	1.907284768	2.996710526	2.785223368	3.069974555	1.871851852	5	4	2017	1
AN_TIE_006	17540	3	188364.328125	217601.96875	1184.70959472656	0.0388240957868091	0.031626	0.0237	1	ANTKAS0268	1.907284768	2.996710526	2.785223368	3.069974555	1.871851852	5	4	2018	1
AN_TIE_006	17561	3	188364.328125	217601.96875	1184.70959472656	0.0388240957868091	0.042921	0.02	1	ANTKAS0268	1.907284768	2.996710526	2.785223368	3.069974555	1.871851852	5	4	2018	1
AN_TIE_006	17581	3	188364.328125	217601.96875	1184.70959472656	0.0698833724162564	0.04518	0.02	1	ANTKAS0268	1.907284768	2.996710526	2.785223368	3.069974555	1.871851852	5	4	2018	1
AN_TIE_006	17630	3	188364.328125	217601.96875	1184.70959472656	0.0388240957868091	0.056475	0.02	1	ANTKAS0268	1.907284768	2.996710526	2.785223368	3.069974555	1.871851852	5	4	2018	1
AN_TIE_006	17674	3	188364.328125	217601.96875	1184.70959472656	0.0388240957868091	0.040662	0.02	1	ANTKAS0268	1.907284768	2.996710526	2.785223368	3.069974555	1.871851852	5	4	2018	1
LI_MAT_012	16951	4	224842.734375	181896.984375	80939.3125	0.0854130107309801	0.036144	0.1098	1	LIMDPB0158	2.152801358	3.004716981	3.649595687	3.974282297	3.430525558	5	4	2016	1
LI_MAT_012	17015	4	224842.734375	181896.984375	80939.3125	0.799776373208268	0.02259	0.2142	1	LIMDPB0158	2.152801358	3.004716981	3.649595687	3.974282297	3.430525558	5	4	2016	1
LI_MAT_012	17035	4	224842.734375	181896.984375	80939.3125	0.0854130107309801	0.038403	0.1567	1	LIMDPB0158	2.152801358	3.004716981	3.649595687	3.974282297	3.430525558	5	4	2016	1
LI_MAT_012	17071	4	224842.734375	181896.984375	80939.3125	0.55130216017269	0.02259	0.2862	1	LIMDPB0158	2.152801358	3.004716981	3.649595687	3.974282297	3.430525558	5	4	2016	1
LI_MAT_012	17098	4	224842.734375	181896.984375	80939.3125	0.155296383147237	0.15813	0.0719	1	LIMDPB0158	2.152801358	3.004716981	3.649595687	3.974282297	3.430525558	5	4	2016	1
LI_MAT_012	17133	4	224842.734375	181896.984375	80939.3125	0.0931778298883419	0.171684	0.06	1	LIMDPB0158	2.152801358	3.004716981	3.649595687	3.974282297	3.430525558	5	4	2016	1
LI_MAT_012	17140	4	224842.734375	181896.984375	80939.3125	0.0854130107309801	0.131022	0.067	1	LIMDPB0158	2.152801358	3.004716981	3.649595687	3.974282297	3.430525558	5	4	2016	1
LI_MAT_012	17190	4	224842.734375	181896.984375	80939.3125	0.0388240957868091	0.121986	0.0301	1	LIMDPB0158	2.152801358	3.004716981	3.649595687	3.974282297	3.430525558	5	4	2017	1
LI_MAT_012	17217	4	224842.734375	181896.984375	80939.3125	0.0388240957868091	0.027108	0.0594	1	LIMDPB0158	2.152801358	3.004716981	3.649595687	3.974282297	3.430525558	5	4	2017	1
LI_MAT_012	17253	4	224842.734375	181896.984375	80939.3125	0.225179755563493	0.088101	0.0651	1	LIMDPB0158	2.152801358	3.004716981	3.649595687	3.974282297	3.430525558	5	4	2017	1
LI_MAT_012	17275	4	224842.734375	181896.984375	80939.3125	0.0776481915736183	0.070029	0.128	1	LIMDPB0158	2.152801358	3.004716981	3.649595687	3.974282297	3.430525558	5	4	2017	1
LI_MAT_012	17302	4	224842.734375	181896.984375	80939.3125	0.186355659776684	0.076806	0.056	1	LIMDPB0158	2.152801358	3.004716981	3.649595687	3.974282297	3.430525558	5	4	2017	1
LI_KAT_001	16972	3	215240.484375	210132.90625	3520.3134765625	0.0388240957868091	0.085842	0.02	1	LIMLOM0211	2.41025641	3.007936508	3.89244186	4.105820106	3.406346749	5	2	2016	1
LI_KAT_001	16972	7	215240.484375	210132.90625	3520.3134765625	0.0388240957868091	0.085842	0.02	1	LIMLOM0211	2.41025641	3.007936508	3.89244186	4.105820106	3.406346749	5	2	2016	1
LI_KAT_001	17014	3	215240.484375	210132.90625	3520.3134765625	0.0931778298883419	0.02259	0.036	1	LIMLOM0211	2.41025641	3.007936508	3.89244186	4.105820106	3.406346749	5	2	2016	1
LI_KAT_001	17014	7	215240.484375	210132.90625	3520.3134765625	0.0931778298883419	0.02259	0.036	1	LIMLOM0211	2.41025641	3.007936508	3.89244186	4.105820106	3.406346749	5	2	2016	1
LI_KAT_001	17030	3	215240.484375	210132.90625	3520.3134765625	0.0388240957868091	0.02259	0.0507	1	LIMLOM0211	2.41025641	3.007936508	3.89244186	4.105820106	3.406346749	5	2	2016	1
LI_KAT_001	17030	7	215240.484375	210132.90625	3520.3134765625	0.0388240957868091	0.02259	0.0507	1	LIMLOM0211	2.41025641	3.007936508	3.89244186	4.105820106	3.406346749	5	2	2016	1
LI_KAT_001	17064	3	215240.484375	210132.90625	3520.3134765625	0.0388240957868091	0.02259	0.1341	1	LIMLOM0211	2.41025641	3.007936508	3.89244186	4.105820106	3.406346749	5	2	2016	1
LI_KAT_001	17064	7	215240.484375	210132.90625	3520.3134765625	0.0388240957868091	0.02259	0.1341	1	LIMLOM0211	2.41025641	3.007936508	3.89244186	4.105820106	3.406346749	5	2	2016	1
LI_KAT_001	17092	3	215240.484375	210132.90625	3520.3134765625	0.0854130107309801	0.02259	0.0329	1	LIMLOM0211	2.41025641	3.007936508	3.89244186	4.105820106	3.406346749	5	2	2016	1
LI_KAT_001	17092	7	215240.484375	210132.90625	3520.3134765625	0.0854130107309801	0.02259	0.0329	1	LIMLOM0211	2.41025641	3.007936508	3.89244186	4.105820106	3.406346749	5	2	2016	1
LI_KAT_001	17126	3	215240.484375	210132.90625	3520.3134765625	0.248474213035578	0.318519	0.02	1	LIMLOM0211	2.41025641	3.007936508	3.89244186	4.105820106	3.406346749	5	2	2016	1
LI_KAT_001	17126	7	215240.484375	210132.90625	3520.3134765625	0.248474213035578	0.318519	0.02	1	LIMLOM0211	2.41025641	3.007936508	3.89244186	4.105820106	3.406346749	5	2	2016	1
LI_KAT_001	17140	3	215240.484375	210132.90625	3520.3134765625	0.232944574720855	0.051957	0.02	1	LIMLOM0211	2.41025641	3.007936508	3.89244186	4.105820106	3.406346749	5	2	2016	1
LI_KAT_001	17140	7	215240.484375	210132.90625	3520.3134765625	0.232944574720855	0.051957	0.02	1	LIMLOM0211	2.41025641	3.007936508	3.89244186	4.105820106	3.406346749	5	2	2016	1
LI_KAT_001	17182	3	215240.484375	210132.90625	3520.3134765625	0.25623903219294	0.081324	0.0256	1	LIMLOM0211	2.41025641	3.007936508	3.89244186	4.105820106	3.406346749	5	2	2017	1
LI_KAT_001	17182	7	215240.484375	210132.90625	3520.3134765625	0.25623903219294	0.081324	0.0256	1	LIMLOM0211	2.41025641	3.007936508	3.89244186	4.105820106	3.406346749	5	2	2017	1
LI_KAT_001	17210	3	215240.484375	210132.90625	3520.3134765625	0.163061202304598	0.115209	0.0301	1	LIMLOM0211	2.41025641	3.007936508	3.89244186	4.105820106	3.406346749	5	2	2017	1
LI_KAT_001	17210	7	215240.484375	210132.90625	3520.3134765625	0.163061202304598	0.115209	0.0301	1	LIMLOM0211	2.41025641	3.007936508	3.89244186	4.105820106	3.406346749	5	2	2017	1
LI_KAT_001	17231	3	215240.484375	210132.90625	3520.3134765625	0.147531563989875	0.390807	0.02	1	LIMLOM0211	2.41025641	3.007936508	3.89244186	4.105820106	3.406346749	5	2	2017	1
LI_KAT_001	17231	7	215240.484375	210132.90625	3520.3134765625	0.147531563989875	0.390807	0.02	1	LIMLOM0211	2.41025641	3.007936508	3.89244186	4.105820106	3.406346749	5	2	2017	1
LI_KAT_001	17274	3	215240.484375	210132.90625	3520.3134765625	0.0388240957868091	0.058734	0.02	1	LIMLOM0211	2.41025641	3.007936508	3.89244186	4.105820106	3.406346749	5	2	2017	1
LI_KAT_001	17274	7	215240.484375	210132.90625	3520.3134765625	0.0388240957868091	0.058734	0.02	1	LIMLOM0211	2.41025641	3.007936508	3.89244186	4.105820106	3.406346749	5	2	2017	1
LI_KAT_001	17294	3	215240.484375	210132.90625	3520.3134765625	0.0698833724162564	0.072288	0.02	1	LIMLOM0211	2.41025641	3.007936508	3.89244186	4.105820106	3.406346749	5	2	2017	1
LI_KAT_001	17294	7	215240.484375	210132.90625	3520.3134765625	0.0698833724162564	0.072288	0.02	1	LIMLOM0211	2.41025641	3.007936508	3.89244186	4.105820106	3.406346749	5	2	2017	1
AN_ZEG_003	17343	6	189545.34375	210103.953125	8401.3291015625	0.0465889149441709	0.054216	0.146	1	ANTGEE0193	1.740967204	3.009259259	3.001647446	2.618961353	2.48549323	5	3	2017	1
AN_ZEG_003	17359	6	189545.34375	210103.953125	8401.3291015625	0.108707468203066	0.049698	0.2254	1	ANTGEE0193	1.740967204	3.009259259	3.001647446	2.618961353	2.48549323	5	3	2017	1
AN_ZEG_003	17379	6	189545.34375	210103.953125	8401.3291015625	0.0388240957868091	0.079065	0.23	1	ANTGEE0193	1.740967204	3.009259259	3.001647446	2.618961353	2.48549323	5	3	2017	1
AN_ZEG_003	17413	6	189545.34375	210103.953125	8401.3291015625	0.0465889149441709	0.083583	0.1315	1	ANTGEE0193	1.740967204	3.009259259	3.001647446	2.618961353	2.48549323	5	3	2017	1
AN_ZEG_003	17462	6	189545.34375	210103.953125	8401.3291015625	0.0388240957868091	0.04518	0.0644	1	ANTGEE0193	1.740967204	3.009259259	3.001647446	2.618961353	2.48549323	5	3	2017	1
AN_ZEG_003	17491	6	189545.34375	210103.953125	8401.3291015625	0.0388240957868091	0.031626	0.0495	1	ANTGEE0193	1.740967204	3.009259259	3.001647446	2.618961353	2.48549323	5	3	2017	1
AN_ZEG_003	17518	6	189545.34375	210103.953125	8401.3291015625	0.0543537341015328	0.042921	0.0859	1	ANTGEE0193	1.740967204	3.009259259	3.001647446	2.618961353	2.48549323	5	3	2017	1
AN_ZEG_003	17540	6	189545.34375	210103.953125	8401.3291015625	0.0388240957868091	0.04518	0.0691	1	ANTGEE0193	1.740967204	3.009259259	3.001647446	2.618961353	2.48549323	5	3	2018	1
AN_ZEG_003	17561	6	189545.34375	210103.953125	8401.3291015625	0.0388240957868091	0.036144	0.092	1	ANTGEE0193	1.740967204	3.009259259	3.001647446	2.618961353	2.48549323	5	3	2018	1
AN_ZEG_003	17581	6	189545.34375	210103.953125	8401.3291015625	0.0388240957868091	0.04518	0.1226	1	ANTGEE0193	1.740967204	3.009259259	3.001647446	2.618961353	2.48549323	5	3	2018	1
AN_ZEG_003	17630	6	189545.34375	210103.953125	8401.3291015625	0.0388240957868091	0.031626	0.066	1	ANTGEE0193	1.740967204	3.009259259	3.001647446	2.618961353	2.48549323	5	3	2018	1
AN_ZEG_003	17674	6	189545.34375	210103.953125	8401.3291015625	0.0388240957868091	0.049698	0.1587	1	ANTGEE0193	1.740967204	3.009259259	3.001647446	2.618961353	2.48549323	5	3	2018	1
LI_KBR_001	16609	4	240310.671875	208595.6875	76193.59375	0.0621185532588946	0.433728	0.0399	1	LIMBRE0283	2.815386718	3.032163743	3.725146199	3.274070022	2.899934598	5	4	2015	1
LI_KBR_001	16637	4	240310.671875	208595.6875	76193.59375	0.0388240957868091	0.051957	0.039	1	LIMBRE0283	2.815386718	3.032163743	3.725146199	3.274070022	2.899934598	5	4	2015	1
LI_KBR_001	16665	4	240310.671875	208595.6875	76193.59375	0.116472287360427	0.187497	0.0384	1	LIMBRE0283	2.815386718	3.032163743	3.725146199	3.274070022	2.899934598	5	4	2015	1
LI_KBR_001	16693	4	240310.671875	208595.6875	76193.59375	0.0465889149441709	0.246231	0.0472	1	LIMBRE0283	2.815386718	3.032163743	3.725146199	3.274070022	2.899934598	5	4	2015	1
LI_KBR_001	16728	4	240310.671875	208595.6875	76193.59375	0.0698833724162564	0.702549	0.03	1	LIMBRE0283	2.815386718	3.032163743	3.725146199	3.274070022	2.899934598	5	4	2015	1
LI_KBR_001	16756	4	240310.671875	208595.6875	76193.59375	0.139766744832513	0.960075	0.031	1	LIMBRE0283	2.815386718	3.032163743	3.725146199	3.274070022	2.899934598	5	4	2015	1
LI_KBR_001	16832	4	240310.671875	208595.6875	76193.59375	0.163061202304598	2.611404	0.0809	1	LIMBRE0283	2.815386718	3.032163743	3.725146199	3.274070022	2.899934598	5	4	2016	1
LI_KBR_001	16853	4	240310.671875	208595.6875	76193.59375	0.0388240957868091	1.85238	0.0855	1	LIMBRE0283	2.815386718	3.032163743	3.725146199	3.274070022	2.899934598	5	4	2016	1
LI_KBR_001	16881	4	240310.671875	208595.6875	76193.59375	0.108707468203066	1.633257	0.0719	1	LIMBRE0283	2.815386718	3.032163743	3.725146199	3.274070022	2.899934598	5	4	2016	1
LI_KBR_001	16916	4	240310.671875	208595.6875	76193.59375	0.0388240957868091	0.851643	0.0373	1	LIMBRE0283	2.815386718	3.032163743	3.725146199	3.274070022	2.899934598	5	4	2016	1
LI_KBR_001	16945	4	240310.671875	208595.6875	76193.59375	0.0388240957868091	0.072288	0.0704	1	LIMBRE0283	2.815386718	3.032163743	3.725146199	3.274070022	2.899934598	5	4	2016	1
AN_DES_003	16202	6	203876.765625	217264.703125	91215.125	0.155296383147237	0.232677	NA	1	ANTDES0075	2.152755267	3.033444816	4.06122449	4.105237154	3.958932238	5	4	2014	1
AN_DES_003	16232	6	203876.765625	217264.703125	91215.125	0.0776481915736183	0.232677	NA	1	ANTDES0075	2.152755267	3.033444816	4.06122449	4.105237154	3.958932238	5	4	2014	1
AN_DES_003	16259	6	203876.765625	217264.703125	91215.125	0.0776481915736183	0.056475	NA	1	ANTDES0075	2.152755267	3.033444816	4.06122449	4.105237154	3.958932238	5	4	2014	1
AN_DES_003	16300	6	203876.765625	217264.703125	91215.125	0.0776481915736183	0.036144	NA	1	ANTDES0075	2.152755267	3.033444816	4.06122449	4.105237154	3.958932238	5	4	2014	1
AN_DES_003	16329	6	203876.765625	217264.703125	91215.125	0.0776481915736183	0.024849	NA	1	ANTDES0075	2.152755267	3.033444816	4.06122449	4.105237154	3.958932238	5	4	2014	1
AN_DES_003	16377	6	203876.765625	217264.703125	91215.125	0.0776481915736183	0.243972	NA	1	ANTDES0075	2.152755267	3.033444816	4.06122449	4.105237154	3.958932238	5	4	2014	1
AN_SPB_002	17693	3	195632.703125	203718.34375	554.794982910156	0.0465889149441709	0.085842	0.1399	1	ANTMEE0178	2	3.035519126	3.133086876	3.463782696	2.794833582	5	2	2018	1
AN_SPB_002	17714	3	195632.703125	203718.34375	554.794982910156	0.0621185532588946	0.09036	0.0334	1	ANTMEE0178	2	3.035519126	3.133086876	3.463782696	2.794833582	5	2	2018	1
AN_SPB_002	17749	3	195632.703125	203718.34375	554.794982910156	0.0388240957868091	0.085842	0.1416	1	ANTMEE0178	2	3.035519126	3.133086876	3.463782696	2.794833582	5	2	2018	1
AN_SPB_002	17798	3	195632.703125	203718.34375	554.794982910156	0.0388240957868091	0.083583	0.09	1	ANTMEE0178	2	3.035519126	3.133086876	3.463782696	2.794833582	5	2	2018	1
AN_SPB_002	17827	3	195632.703125	203718.34375	554.794982910156	0.100942649045704	0.18072	0.1428	1	ANTMEE0178	2	3.035519126	3.133086876	3.463782696	2.794833582	5	2	2018	1
AN_SPB_002	17854	3	195632.703125	203718.34375	554.794982910156	0.116472287360427	0.036144	0.0479	1	ANTMEE0178	2	3.035519126	3.133086876	3.463782696	2.794833582	5	2	2018	1
AN_SPB_002	17882	3	195632.703125	203718.34375	554.794982910156	0.0388240957868091	0.040662	0.0288	1	ANTMEE0178	2	3.035519126	3.133086876	3.463782696	2.794833582	5	2	2018	1
AN_VVM_001	16965	4	181868.171875	233596.6875	4854.13427734375	0.0388240957868091	0.065511	0.0349	1	ANTHGS0496	2	3.039215686	3.754518072	4.046208531	3.390902082	5	2	2016	1
AN_VVM_001	16965	7	181868.171875	233596.6875	4854.13427734375	0.0388240957868091	0.065511	0.0349	1	ANTHGS0496	2	3.039215686	3.754518072	4.046208531	3.390902082	5	2	2016	1
AN_VVM_001	16987	4	181868.171875	233596.6875	4854.13427734375	0.0388240957868091	0.02259	0.0284	1	ANTHGS0496	2	3.039215686	3.754518072	4.046208531	3.390902082	5	2	2016	1
AN_VVM_001	16987	7	181868.171875	233596.6875	4854.13427734375	0.0388240957868091	0.02259	0.0284	1	ANTHGS0496	2	3.039215686	3.754518072	4.046208531	3.390902082	5	2	2016	1
AN_VVM_001	17030	4	181868.171875	233596.6875	4854.13427734375	0.0388240957868091	0.02259	0.0385	1	ANTHGS0496	2	3.039215686	3.754518072	4.046208531	3.390902082	5	2	2016	1
AN_VVM_001	17030	7	181868.171875	233596.6875	4854.13427734375	0.0388240957868091	0.02259	0.0385	1	ANTHGS0496	2	3.039215686	3.754518072	4.046208531	3.390902082	5	2	2016	1
AN_VVM_001	17113	4	181868.171875	233596.6875	4854.13427734375	0.0388240957868091	0.02259	0.0521	1	ANTHGS0496	2	3.039215686	3.754518072	4.046208531	3.390902082	5	2	2016	1
AN_VVM_001	17113	7	181868.171875	233596.6875	4854.13427734375	0.0388240957868091	0.02259	0.0521	1	ANTHGS0496	2	3.039215686	3.754518072	4.046208531	3.390902082	5	2	2016	1
AN_VVM_001	17140	4	181868.171875	233596.6875	4854.13427734375	0.0465889149441709	0.079065	0.0506	1	ANTHGS0496	2	3.039215686	3.754518072	4.046208531	3.390902082	5	2	2016	1
AN_VVM_001	17140	7	181868.171875	233596.6875	4854.13427734375	0.0465889149441709	0.079065	0.0506	1	ANTHGS0496	2	3.039215686	3.754518072	4.046208531	3.390902082	5	2	2016	1
AN_VVM_001	17182	4	181868.171875	233596.6875	4854.13427734375	0.0543537341015328	0.117468	0.0386	1	ANTHGS0496	2	3.039215686	3.754518072	4.046208531	3.390902082	5	2	2017	1
AN_VVM_001	17182	7	181868.171875	233596.6875	4854.13427734375	0.0543537341015328	0.117468	0.0386	1	ANTHGS0496	2	3.039215686	3.754518072	4.046208531	3.390902082	5	2	2017	1
AN_VVM_001	17203	4	181868.171875	233596.6875	4854.13427734375	0.0388240957868091	0.051957	0.0411	1	ANTHGS0496	2	3.039215686	3.754518072	4.046208531	3.390902082	5	2	2017	1
AN_VVM_001	17203	7	181868.171875	233596.6875	4854.13427734375	0.0388240957868091	0.051957	0.0411	1	ANTHGS0496	2	3.039215686	3.754518072	4.046208531	3.390902082	5	2	2017	1
AN_VVM_001	17231	4	181868.171875	233596.6875	4854.13427734375	0.0388240957868091	0.038403	0.0419	1	ANTHGS0496	2	3.039215686	3.754518072	4.046208531	3.390902082	5	2	2017	1
AN_VVM_001	17231	7	181868.171875	233596.6875	4854.13427734375	0.0388240957868091	0.038403	0.0419	1	ANTHGS0496	2	3.039215686	3.754518072	4.046208531	3.390902082	5	2	2017	1
AN_VVM_001	17274	4	181868.171875	233596.6875	4854.13427734375	0.0388240957868091	0.031626	0.02	1	ANTHGS0496	2	3.039215686	3.754518072	4.046208531	3.390902082	5	2	2017	1
AN_VVM_001	17274	7	181868.171875	233596.6875	4854.13427734375	0.0388240957868091	0.031626	0.02	1	ANTHGS0496	2	3.039215686	3.754518072	4.046208531	3.390902082	5	2	2017	1
AN_BPE_001	16566	5	151454.859375	219382.53125	225189.359375	0.0388240957868091	0.070029	0.02	1	ANTANT0297	2.72375	3.043754972	2.891198502	2.742627978	2.621626153	2	4	2015	1
AN_BPE_001	16566	6	151454.859375	219382.53125	225189.359375	0.0388240957868091	0.070029	0.02	1	ANTANT0297	2.72375	3.043754972	2.891198502	2.742627978	2.621626153	2	4	2015	1
AN_BPE_001	16601	5	151454.859375	219382.53125	225189.359375	0.0388240957868091	0.033885	0.03	1	ANTANT0297	2.72375	3.043754972	2.891198502	2.742627978	2.621626153	2	4	2015	1
AN_BPE_001	16601	6	151454.859375	219382.53125	225189.359375	0.0388240957868091	0.033885	0.03	1	ANTANT0297	2.72375	3.043754972	2.891198502	2.742627978	2.621626153	2	4	2015	1
AN_BPE_001	16616	5	151454.859375	219382.53125	225189.359375	0.0388240957868091	0.431469	0.0206	1	ANTANT0297	2.72375	3.043754972	2.891198502	2.742627978	2.621626153	2	4	2015	1
AN_BPE_001	16616	6	151454.859375	219382.53125	225189.359375	0.0388240957868091	0.431469	0.0206	1	ANTANT0297	2.72375	3.043754972	2.891198502	2.742627978	2.621626153	2	4	2015	1
AN_BPE_001	16643	5	151454.859375	219382.53125	225189.359375	0.0388240957868091	0.065511	0.02	1	ANTANT0297	2.72375	3.043754972	2.891198502	2.742627978	2.621626153	2	4	2015	1
AN_BPE_001	16643	6	151454.859375	219382.53125	225189.359375	0.0388240957868091	0.065511	0.02	1	ANTANT0297	2.72375	3.043754972	2.891198502	2.742627978	2.621626153	2	4	2015	1
AN_BPE_001	16671	5	151454.859375	219382.53125	225189.359375	0.0388240957868091	0.024849	0.0346	1	ANTANT0297	2.72375	3.043754972	2.891198502	2.742627978	2.621626153	2	4	2015	1
AN_BPE_001	16671	6	151454.859375	219382.53125	225189.359375	0.0388240957868091	0.024849	0.0346	1	ANTANT0297	2.72375	3.043754972	2.891198502	2.742627978	2.621626153	2	4	2015	1
AN_BPE_001	16699	5	151454.859375	219382.53125	225189.359375	0.0388240957868091	0.02259	0.02	1	ANTANT0297	2.72375	3.043754972	2.891198502	2.742627978	2.621626153	2	4	2015	1
AN_BPE_001	16699	6	151454.859375	219382.53125	225189.359375	0.0388240957868091	0.02259	0.02	1	ANTANT0297	2.72375	3.043754972	2.891198502	2.742627978	2.621626153	2	4	2015	1
AN_BPE_001	16734	5	151454.859375	219382.53125	225189.359375	0.0388240957868091	0.02259	0.02	1	ANTANT0297	2.72375	3.043754972	2.891198502	2.742627978	2.621626153	2	4	2015	1
AN_BPE_001	16734	6	151454.859375	219382.53125	225189.359375	0.0388240957868091	0.02259	0.02	1	ANTANT0297	2.72375	3.043754972	2.891198502	2.742627978	2.621626153	2	4	2015	1
AN_BPE_001	16762	5	151454.859375	219382.53125	225189.359375	0.0388240957868091	0.040662	0.02	1	ANTANT0297	2.72375	3.043754972	2.891198502	2.742627978	2.621626153	2	4	2015	1
AN_BPE_001	16762	6	151454.859375	219382.53125	225189.359375	0.0388240957868091	0.040662	0.02	1	ANTANT0297	2.72375	3.043754972	2.891198502	2.742627978	2.621626153	2	4	2015	1
AN_PUL_002	16972	6	174393.28125	212493.8125	1386.63562011719	0.0388240957868091	0.081324	0.0349	1	ANTZAN0176	2.298469388	3.046728972	3.566576087	3.578266494	3.435435435	5	2	2016	1
AN_PUL_002	17015	6	174393.28125	212493.8125	1386.63562011719	0.201885298091407	0.02259	0.0471	1	ANTZAN0176	2.298469388	3.046728972	3.566576087	3.578266494	3.435435435	5	2	2016	1
AN_PUL_002	17043	6	174393.28125	212493.8125	1386.63562011719	0.0388240957868091	0.02259	0.0408	1	ANTZAN0176	2.298469388	3.046728972	3.566576087	3.578266494	3.435435435	5	2	2016	1
AN_PUL_002	17077	6	174393.28125	212493.8125	1386.63562011719	0.0388240957868091	0.02259	0.0588	1	ANTZAN0176	2.298469388	3.046728972	3.566576087	3.578266494	3.435435435	5	2	2016	1
AN_PUL_002	17098	6	174393.28125	212493.8125	1386.63562011719	0.0388240957868091	0.024849	0.0361	1	ANTZAN0176	2.298469388	3.046728972	3.566576087	3.578266494	3.435435435	5	2	2016	1
AN_PUL_002	17127	6	174393.28125	212493.8125	1386.63562011719	0.0388240957868091	0.033885	0.0663	1	ANTZAN0176	2.298469388	3.046728972	3.566576087	3.578266494	3.435435435	5	2	2016	1
AN_PUL_002	17141	6	174393.28125	212493.8125	1386.63562011719	0.0388240957868091	0.033885	0.032	1	ANTZAN0176	2.298469388	3.046728972	3.566576087	3.578266494	3.435435435	5	2	2016	1
AN_PUL_002	17183	6	174393.28125	212493.8125	1386.63562011719	0.0388240957868091	0.036144	0.0426	1	ANTZAN0176	2.298469388	3.046728972	3.566576087	3.578266494	3.435435435	5	2	2017	1
AN_PUL_002	17217	6	174393.28125	212493.8125	1386.63562011719	0.0388240957868091	0.024849	0.0454	1	ANTZAN0176	2.298469388	3.046728972	3.566576087	3.578266494	3.435435435	5	2	2017	1
AN_PUL_002	17245	6	174393.28125	212493.8125	1386.63562011719	0.0388240957868091	0.06777	0.0205	1	ANTZAN0176	2.298469388	3.046728972	3.566576087	3.578266494	3.435435435	5	2	2017	1
AN_PUL_002	17280	6	174393.28125	212493.8125	1386.63562011719	0.0388240957868091	0.031626	0.049	1	ANTZAN0176	2.298469388	3.046728972	3.566576087	3.578266494	3.435435435	5	2	2017	1
AN_PUL_002	17315	6	174393.28125	212493.8125	1386.63562011719	0.0543537341015328	0.108432	0.047	1	ANTZAN0176	2.298469388	3.046728972	3.566576087	3.578266494	3.435435435	5	2	2017	1
LI_PIJ_001	16972	7	218793.96875	208559.71875	7214.33740234375	0.240709393878217	0.277857	0.02	1	LIMOVP0094	1.947222222	3.049180328	3.131578947	3.212274775	3.804506296	5	4	2016	1
LI_PIJ_001	17014	7	218793.96875	208559.71875	7214.33740234375	0.132001925675151	0.024849	0.0458	1	LIMOVP0094	1.947222222	3.049180328	3.131578947	3.212274775	3.804506296	5	4	2016	1
LI_PIJ_001	17030	7	218793.96875	208559.71875	7214.33740234375	0.0388240957868091	0.02259	0.0577	1	LIMOVP0094	1.947222222	3.049180328	3.131578947	3.212274775	3.804506296	5	4	2016	1
LI_PIJ_001	17126	7	218793.96875	208559.71875	7214.33740234375	3.86687994036619	0.140058	0.0808	1	LIMOVP0094	1.947222222	3.049180328	3.131578947	3.212274775	3.804506296	5	4	2016	1
LI_PIJ_001	17182	7	218793.96875	208559.71875	7214.33740234375	2.57791996024413	0.228159	0.0333	1	LIMOVP0094	1.947222222	3.049180328	3.131578947	3.212274775	3.804506296	5	4	2017	1
LI_PIJ_001	17210	7	218793.96875	208559.71875	7214.33740234375	2.36050502383799	0.284634	0.0618	1	LIMOVP0094	1.947222222	3.049180328	3.131578947	3.212274775	3.804506296	5	4	2017	1
LI_PIJ_001	17231	7	218793.96875	208559.71875	7214.33740234375	2.23626791732021	0.169425	0.0313	1	LIMOVP0094	1.947222222	3.049180328	3.131578947	3.212274775	3.804506296	5	4	2017	1
LI_PIJ_001	17280	7	218793.96875	208559.71875	7214.33740234375	0.0931778298883419	0.119727	0.022	1	LIMOVP0094	1.947222222	3.049180328	3.131578947	3.212274775	3.804506296	5	4	2017	1
LI_PIJ_001	17294	7	218793.96875	208559.71875	7214.33740234375	0.271768670507664	0.194274	0.035	1	LIMOVP0094	1.947222222	3.049180328	3.131578947	3.212274775	3.804506296	5	4	2017	1
LI_ACH_002	17330	3	228349.5625	219520.796875	17317.369140625	0.0543537341015328	0.038403	0.1283	1	LIMHMA0271	1.834708122	3.052816901	3.567723343	3.239276139	3.19591528	5	4	2017	1
LI_ACH_002	17350	3	228349.5625	219520.796875	17317.369140625	0.116472287360427	0.049698	0.0508	1	LIMHMA0271	1.834708122	3.052816901	3.567723343	3.239276139	3.19591528	5	4	2017	1
LI_ACH_002	17386	3	228349.5625	219520.796875	17317.369140625	0.737657819949373	0.054216	0.372	1	LIMHMA0271	1.834708122	3.052816901	3.567723343	3.239276139	3.19591528	5	4	2017	1
LI_ACH_002	17420	3	228349.5625	219520.796875	17317.369140625	0.0465889149441709	0.076806	0.0209	1	LIMHMA0271	1.834708122	3.052816901	3.567723343	3.239276139	3.19591528	5	4	2017	1
LI_ACH_002	17463	3	228349.5625	219520.796875	17317.369140625	0.396005777025453	0.036144	0.02	1	LIMHMA0271	1.834708122	3.052816901	3.567723343	3.239276139	3.19591528	5	4	2017	1
LI_ACH_002	17498	3	228349.5625	219520.796875	17317.369140625	0.287298308822388	0.070029	0.063	1	LIMHMA0271	1.834708122	3.052816901	3.567723343	3.239276139	3.19591528	5	4	2017	1
LI_ACH_002	17518	3	228349.5625	219520.796875	17317.369140625	0.380476138710729	0.13554	0.1	1	LIMHMA0271	1.834708122	3.052816901	3.567723343	3.239276139	3.19591528	5	4	2017	1
LI_ACH_002	17547	3	228349.5625	219520.796875	17317.369140625	1.0171913096144	0.103914	0.152	1	LIMHMA0271	1.834708122	3.052816901	3.567723343	3.239276139	3.19591528	5	4	2018	1
LI_ACH_002	17575	3	228349.5625	219520.796875	17317.369140625	0.209650117248769	0.085842	0.1234	1	LIMHMA0271	1.834708122	3.052816901	3.567723343	3.239276139	3.19591528	5	4	2018	1
LI_ACH_002	17603	3	228349.5625	219520.796875	17317.369140625	0.0388240957868091	0.049698	0.134	1	LIMHMA0271	1.834708122	3.052816901	3.567723343	3.239276139	3.19591528	5	4	2018	1
LI_ACH_002	17638	3	228349.5625	219520.796875	17317.369140625	0.0388240957868091	0.058734	0.107	1	LIMHMA0271	1.834708122	3.052816901	3.567723343	3.239276139	3.19591528	5	4	2018	1
LI_ACH_002	17672	3	228349.5625	219520.796875	17317.369140625	0.100942649045704	0.056475	0.0836	1	LIMHMA0271	1.834708122	3.052816901	3.567723343	3.239276139	3.19591528	5	4	2018	1
LI_MLV_008	16188	3	216562.203125	186274.0625	27927.9140625	0.0776481915736183	0.092619	NA	1	LIMZNH0012	2.891855808	3.059602649	2.395683453	2.269366197	1.543922984	5	2	2014	1
LI_MLV_008	16224	3	216562.203125	186274.0625	27927.9140625	0.0776481915736183	0.02259	NA	1	LIMZNH0012	2.891855808	3.059602649	2.395683453	2.269366197	1.543922984	5	2	2014	1
LI_MLV_008	16251	3	216562.203125	186274.0625	27927.9140625	0.0776481915736183	0.024849	NA	1	LIMZNH0012	2.891855808	3.059602649	2.395683453	2.269366197	1.543922984	5	2	2014	1
LI_MLV_008	16286	3	216562.203125	186274.0625	27927.9140625	0.0776481915736183	0.042921	NA	1	LIMZNH0012	2.891855808	3.059602649	2.395683453	2.269366197	1.543922984	5	2	2014	1
LI_MLV_008	16321	3	216562.203125	186274.0625	27927.9140625	0.0776481915736183	0.273339	NA	1	LIMZNH0012	2.891855808	3.059602649	2.395683453	2.269366197	1.543922984	5	2	2014	1
LI_MLV_008	16363	3	216562.203125	186274.0625	27927.9140625	0.0776481915736183	0.099396	NA	1	LIMZNH0012	2.891855808	3.059602649	2.395683453	2.269366197	1.543922984	5	2	2014	1
AN_TIE_003	16609	3	187909.21875	216935.625	20852.447265625	0.0543537341015328	0.024849	0.02	1	ANTKAS0467	2.596671949	3.064189189	2.711576846	2.551741803	3.901685393	5	4	2015	1
AN_TIE_003	16609	7	187909.21875	216935.625	20852.447265625	0.0543537341015328	0.024849	0.02	1	ANTKAS0467	2.596671949	3.064189189	2.711576846	2.551741803	3.901685393	5	4	2015	1
AN_TIE_003	16631	3	187909.21875	216935.625	20852.447265625	0.108707468203066	0.070029	0.045	1	ANTKAS0467	2.596671949	3.064189189	2.711576846	2.551741803	3.901685393	5	4	2015	1
AN_TIE_003	16631	7	187909.21875	216935.625	20852.447265625	0.108707468203066	0.070029	0.045	1	ANTKAS0467	2.596671949	3.064189189	2.711576846	2.551741803	3.901685393	5	4	2015	1
AN_TIE_003	16665	3	187909.21875	216935.625	20852.447265625	0.0388240957868091	0.063252	0.0515	1	ANTKAS0467	2.596671949	3.064189189	2.711576846	2.551741803	3.901685393	5	4	2015	1
AN_TIE_003	16665	7	187909.21875	216935.625	20852.447265625	0.0388240957868091	0.063252	0.0515	1	ANTKAS0467	2.596671949	3.064189189	2.711576846	2.551741803	3.901685393	5	4	2015	1
AN_TIE_003	16693	3	187909.21875	216935.625	20852.447265625	0.0465889149441709	0.042921	0.041	1	ANTKAS0467	2.596671949	3.064189189	2.711576846	2.551741803	3.901685393	5	4	2015	1
AN_TIE_003	16693	7	187909.21875	216935.625	20852.447265625	0.0465889149441709	0.042921	0.041	1	ANTKAS0467	2.596671949	3.064189189	2.711576846	2.551741803	3.901685393	5	4	2015	1
AN_TIE_003	16728	3	187909.21875	216935.625	20852.447265625	0.0388240957868091	0.031626	0.03	1	ANTKAS0467	2.596671949	3.064189189	2.711576846	2.551741803	3.901685393	5	4	2015	1
AN_TIE_003	16728	7	187909.21875	216935.625	20852.447265625	0.0388240957868091	0.031626	0.03	1	ANTKAS0467	2.596671949	3.064189189	2.711576846	2.551741803	3.901685393	5	4	2015	1
AN_TIE_003	16756	3	187909.21875	216935.625	20852.447265625	0.0388240957868091	0.040662	0.04	1	ANTKAS0467	2.596671949	3.064189189	2.711576846	2.551741803	3.901685393	5	4	2015	1
AN_TIE_003	16756	7	187909.21875	216935.625	20852.447265625	0.0388240957868091	0.040662	0.04	1	ANTKAS0467	2.596671949	3.064189189	2.711576846	2.551741803	3.901685393	5	4	2015	1
AN_TIE_003	16784	3	187909.21875	216935.625	20852.447265625	0.0388240957868091	0.029367	0.0263	1	ANTKAS0467	2.596671949	3.064189189	2.711576846	2.551741803	3.901685393	5	4	2015	1
AN_TIE_003	16784	7	187909.21875	216935.625	20852.447265625	0.0388240957868091	0.029367	0.0263	1	ANTKAS0467	2.596671949	3.064189189	2.711576846	2.551741803	3.901685393	5	4	2015	1
AN_TIE_003	16825	3	187909.21875	216935.625	20852.447265625	0.0388240957868091	1.06173	0.0384	1	ANTKAS0467	2.596671949	3.064189189	2.711576846	2.551741803	3.901685393	5	4	2016	1
AN_TIE_003	16825	7	187909.21875	216935.625	20852.447265625	0.0388240957868091	1.06173	0.0384	1	ANTKAS0467	2.596671949	3.064189189	2.711576846	2.551741803	3.901685393	5	4	2016	1
AN_TIE_003	16854	3	187909.21875	216935.625	20852.447265625	0.0621185532588946	0.049698	0.0353	1	ANTKAS0467	2.596671949	3.064189189	2.711576846	2.551741803	3.901685393	5	4	2016	1
AN_TIE_003	16854	7	187909.21875	216935.625	20852.447265625	0.0621185532588946	0.049698	0.0353	1	ANTKAS0467	2.596671949	3.064189189	2.711576846	2.551741803	3.901685393	5	4	2016	1
AN_TIE_003	16895	3	187909.21875	216935.625	20852.447265625	0.0543537341015328	0.2259	0.0312	1	ANTKAS0467	2.596671949	3.064189189	2.711576846	2.551741803	3.901685393	5	4	2016	1
AN_TIE_003	16895	7	187909.21875	216935.625	20852.447265625	0.0543537341015328	0.2259	0.0312	1	ANTKAS0467	2.596671949	3.064189189	2.711576846	2.551741803	3.901685393	5	4	2016	1
AN_TIE_003	16917	3	187909.21875	216935.625	20852.447265625	0.0388240957868091	0.02259	0.0256	1	ANTKAS0467	2.596671949	3.064189189	2.711576846	2.551741803	3.901685393	5	4	2016	1
AN_TIE_003	16917	7	187909.21875	216935.625	20852.447265625	0.0388240957868091	0.02259	0.0256	1	ANTKAS0467	2.596671949	3.064189189	2.711576846	2.551741803	3.901685393	5	4	2016	1
AN_TIE_003	16945	3	187909.21875	216935.625	20852.447265625	0.0621185532588946	0.02259	0.0282	1	ANTKAS0467	2.596671949	3.064189189	2.711576846	2.551741803	3.901685393	5	4	2016	1
AN_TIE_003	16945	7	187909.21875	216935.625	20852.447265625	0.0621185532588946	0.02259	0.0282	1	ANTKAS0467	2.596671949	3.064189189	2.711576846	2.551741803	3.901685393	5	4	2016	1
WV_BBV_002	17336	3	74577.546875	200454.15625	5310.55029296875	0.116472287360427	0.074547	0.093	1	WVLBRN0422	2.400651466	3.068807339	3.825513196	3.252453167	3.360930736	4	2	2017	1
WV_BBV_002	17336	4	74577.546875	200454.15625	5310.55029296875	0.116472287360427	0.074547	0.093	1	WVLBRN0422	2.400651466	3.068807339	3.825513196	3.252453167	3.360930736	4	2	2017	1
WV_BBV_002	17351	3	74577.546875	200454.15625	5310.55029296875	0.25623903219294	0.06777	0.0716	1	WVLBRN0422	2.400651466	3.068807339	3.825513196	3.252453167	3.360930736	4	2	2017	1
WV_BBV_002	17351	4	74577.546875	200454.15625	5310.55029296875	0.25623903219294	0.06777	0.0716	1	WVLBRN0422	2.400651466	3.068807339	3.825513196	3.252453167	3.360930736	4	2	2017	1
WV_BBV_002	17385	3	74577.546875	200454.15625	5310.55029296875	0.0931778298883419	0.029367	0.047	1	WVLBRN0422	2.400651466	3.068807339	3.825513196	3.252453167	3.360930736	4	2	2017	1
WV_BBV_002	17385	4	74577.546875	200454.15625	5310.55029296875	0.0931778298883419	0.029367	0.047	1	WVLBRN0422	2.400651466	3.068807339	3.825513196	3.252453167	3.360930736	4	2	2017	1
WV_BBV_002	17435	3	74577.546875	200454.15625	5310.55029296875	0.0388240957868091	0.042921	0.055	1	WVLBRN0422	2.400651466	3.068807339	3.825513196	3.252453167	3.360930736	4	2	2017	1
WV_BBV_002	17435	4	74577.546875	200454.15625	5310.55029296875	0.0388240957868091	0.042921	0.055	1	WVLBRN0422	2.400651466	3.068807339	3.825513196	3.252453167	3.360930736	4	2	2017	1
WV_BBV_002	17456	3	74577.546875	200454.15625	5310.55029296875	0.0465889149441709	0.058734	0.0364	1	WVLBRN0422	2.400651466	3.068807339	3.825513196	3.252453167	3.360930736	4	2	2017	1
WV_BBV_002	17456	4	74577.546875	200454.15625	5310.55029296875	0.0465889149441709	0.058734	0.0364	1	WVLBRN0422	2.400651466	3.068807339	3.825513196	3.252453167	3.360930736	4	2	2017	1
WV_BBV_002	17476	3	74577.546875	200454.15625	5310.55029296875	0.163061202304598	0.063252	0.026	1	WVLBRN0422	2.400651466	3.068807339	3.825513196	3.252453167	3.360930736	4	2	2017	1
WV_BBV_002	17476	4	74577.546875	200454.15625	5310.55029296875	0.163061202304598	0.063252	0.026	1	WVLBRN0422	2.400651466	3.068807339	3.825513196	3.252453167	3.360930736	4	2	2017	1
WV_BBV_002	17504	3	74577.546875	200454.15625	5310.55029296875	0.0543537341015328	0.101655	0.0213	1	WVLBRN0422	2.400651466	3.068807339	3.825513196	3.252453167	3.360930736	4	2	2017	1
WV_BBV_002	17504	4	74577.546875	200454.15625	5310.55029296875	0.0543537341015328	0.101655	0.0213	1	WVLBRN0422	2.400651466	3.068807339	3.825513196	3.252453167	3.360930736	4	2	2017	1
WV_BBV_002	17533	3	74577.546875	200454.15625	5310.55029296875	0.0854130107309801	0.085842	0.03	1	WVLBRN0422	2.400651466	3.068807339	3.825513196	3.252453167	3.360930736	4	2	2018	1
WV_BBV_002	17533	4	74577.546875	200454.15625	5310.55029296875	0.0854130107309801	0.085842	0.03	1	WVLBRN0422	2.400651466	3.068807339	3.825513196	3.252453167	3.360930736	4	2	2018	1
WV_BBV_002	17560	3	74577.546875	200454.15625	5310.55029296875	0.0621185532588946	0.314001	0.02	1	WVLBRN0422	2.400651466	3.068807339	3.825513196	3.252453167	3.360930736	4	2	2018	1
WV_BBV_002	17560	4	74577.546875	200454.15625	5310.55029296875	0.0621185532588946	0.314001	0.02	1	WVLBRN0422	2.400651466	3.068807339	3.825513196	3.252453167	3.360930736	4	2	2018	1
WV_BBV_002	17575	3	74577.546875	200454.15625	5310.55029296875	0.124237106517789	0.04518	0.02	1	WVLBRN0422	2.400651466	3.068807339	3.825513196	3.252453167	3.360930736	4	2	2018	1
WV_BBV_002	17575	4	74577.546875	200454.15625	5310.55029296875	0.124237106517789	0.04518	0.02	1	WVLBRN0422	2.400651466	3.068807339	3.825513196	3.252453167	3.360930736	4	2	2018	1
WV_BBV_002	17637	3	74577.546875	200454.15625	5310.55029296875	0.0388240957868091	0.065511	0.02	1	WVLBRN0422	2.400651466	3.068807339	3.825513196	3.252453167	3.360930736	4	2	2018	1
WV_BBV_002	17637	4	74577.546875	200454.15625	5310.55029296875	0.0388240957868091	0.065511	0.02	1	WVLBRN0422	2.400651466	3.068807339	3.825513196	3.252453167	3.360930736	4	2	2018	1
WV_BBV_002	17666	3	74577.546875	200454.15625	5310.55029296875	0.0388240957868091	0.097137	0.1089	1	WVLBRN0422	2.400651466	3.068807339	3.825513196	3.252453167	3.360930736	4	2	2018	1
WV_BBV_002	17666	4	74577.546875	200454.15625	5310.55029296875	0.0388240957868091	0.097137	0.1089	1	WVLBRN0422	2.400651466	3.068807339	3.825513196	3.252453167	3.360930736	4	2	2018	1
AN_RPT_005	17330	5	204255.671875	221296.28125	2540.80444335938	0.108707468203066	0.063252	0.053	1	ANTMOL0089	2.034591195	3.07037037	3.075144509	3.289754536	3.045170257	5	4	2017	1
AN_RPT_005	17330	6	204255.671875	221296.28125	2540.80444335938	0.108707468203066	0.063252	0.053	1	ANTMOL0089	2.034591195	3.07037037	3.075144509	3.289754536	3.045170257	5	4	2017	1
AN_RPT_005	17351	5	204255.671875	221296.28125	2540.80444335938	0.163061202304598	0.033885	0.0443	1	ANTMOL0089	2.034591195	3.07037037	3.075144509	3.289754536	3.045170257	5	4	2017	1
AN_RPT_005	17351	6	204255.671875	221296.28125	2540.80444335938	0.163061202304598	0.033885	0.0443	1	ANTMOL0089	2.034591195	3.07037037	3.075144509	3.289754536	3.045170257	5	4	2017	1
AN_RPT_005	17378	5	204255.671875	221296.28125	2540.80444335938	0.17082602146196	0.038403	0.0339	1	ANTMOL0089	2.034591195	3.07037037	3.075144509	3.289754536	3.045170257	5	4	2017	1
AN_RPT_005	17378	6	204255.671875	221296.28125	2540.80444335938	0.17082602146196	0.038403	0.0339	1	ANTMOL0089	2.034591195	3.07037037	3.075144509	3.289754536	3.045170257	5	4	2017	1
AN_RPT_005	17435	5	204255.671875	221296.28125	2540.80444335938	0.0698833724162564	0.065511	0.032	1	ANTMOL0089	2.034591195	3.07037037	3.075144509	3.289754536	3.045170257	5	4	2017	1
AN_RPT_005	17435	6	204255.671875	221296.28125	2540.80444335938	0.0698833724162564	0.065511	0.032	1	ANTMOL0089	2.034591195	3.07037037	3.075144509	3.289754536	3.045170257	5	4	2017	1
AN_RPT_005	17455	5	204255.671875	221296.28125	2540.80444335938	0.0854130107309801	0.051957	0.0301	1	ANTMOL0089	2.034591195	3.07037037	3.075144509	3.289754536	3.045170257	5	4	2017	1
AN_RPT_005	17455	6	204255.671875	221296.28125	2540.80444335938	0.0854130107309801	0.051957	0.0301	1	ANTMOL0089	2.034591195	3.07037037	3.075144509	3.289754536	3.045170257	5	4	2017	1
AN_RPT_005	17491	5	204255.671875	221296.28125	2540.80444335938	0.0543537341015328	0.029367	0.0753	1	ANTMOL0089	2.034591195	3.07037037	3.075144509	3.289754536	3.045170257	5	4	2017	1
AN_RPT_005	17491	6	204255.671875	221296.28125	2540.80444335938	0.0543537341015328	0.029367	0.0753	1	ANTMOL0089	2.034591195	3.07037037	3.075144509	3.289754536	3.045170257	5	4	2017	1
AN_RPT_005	17518	5	204255.671875	221296.28125	2540.80444335938	0.0931778298883419	0.083583	0.1069	1	ANTMOL0089	2.034591195	3.07037037	3.075144509	3.289754536	3.045170257	5	4	2017	1
AN_RPT_005	17518	6	204255.671875	221296.28125	2540.80444335938	0.0931778298883419	0.083583	0.1069	1	ANTMOL0089	2.034591195	3.07037037	3.075144509	3.289754536	3.045170257	5	4	2017	1
AN_RPT_005	17546	5	204255.671875	221296.28125	2540.80444335938	0.0621185532588946	0.051957	0.054	1	ANTMOL0089	2.034591195	3.07037037	3.075144509	3.289754536	3.045170257	5	4	2018	1
AN_RPT_005	17546	6	204255.671875	221296.28125	2540.80444335938	0.0621185532588946	0.051957	0.054	1	ANTMOL0089	2.034591195	3.07037037	3.075144509	3.289754536	3.045170257	5	4	2018	1
AN_RPT_005	17574	5	204255.671875	221296.28125	2540.80444335938	0.0465889149441709	0.042921	0.0313	1	ANTMOL0089	2.034591195	3.07037037	3.075144509	3.289754536	3.045170257	5	4	2018	1
AN_RPT_005	17574	6	204255.671875	221296.28125	2540.80444335938	0.0465889149441709	0.042921	0.0313	1	ANTMOL0089	2.034591195	3.07037037	3.075144509	3.289754536	3.045170257	5	4	2018	1
AN_RPT_005	17616	5	204255.671875	221296.28125	2540.80444335938	0.0388240957868091	0.049698	0.029	1	ANTMOL0089	2.034591195	3.07037037	3.075144509	3.289754536	3.045170257	5	4	2018	1
AN_RPT_005	17616	6	204255.671875	221296.28125	2540.80444335938	0.0388240957868091	0.049698	0.029	1	ANTMOL0089	2.034591195	3.07037037	3.075144509	3.289754536	3.045170257	5	4	2018	1
AN_RPT_005	17644	5	204255.671875	221296.28125	2540.80444335938	0.0388240957868091	0.051957	0.0755	1	ANTMOL0089	2.034591195	3.07037037	3.075144509	3.289754536	3.045170257	5	4	2018	1
AN_RPT_005	17644	6	204255.671875	221296.28125	2540.80444335938	0.0388240957868091	0.051957	0.0755	1	ANTMOL0089	2.034591195	3.07037037	3.075144509	3.289754536	3.045170257	5	4	2018	1
AN_RPT_005	17666	5	204255.671875	221296.28125	2540.80444335938	0.0388240957868091	0.024849	0.0325	1	ANTMOL0089	2.034591195	3.07037037	3.075144509	3.289754536	3.045170257	5	4	2018	1
AN_RPT_005	17666	6	204255.671875	221296.28125	2540.80444335938	0.0388240957868091	0.024849	0.0325	1	ANTMOL0089	2.034591195	3.07037037	3.075144509	3.289754536	3.045170257	5	4	2018	1
AN_MOL_004	16965	5	206365.078125	213583.859375	178094.6875	0.0388240957868091	1.271817	0.0255	1	ANTMOL0068	1.869754882	3.073369565	3.603597122	3.053672316	2.786851211	5	2	2016	1
AN_MOL_004	16986	5	206365.078125	213583.859375	178094.6875	0.0388240957868091	1.183716	0.02	1	ANTMOL0068	1.869754882	3.073369565	3.603597122	3.053672316	2.786851211	5	2	2016	1
AN_MOL_004	17029	5	206365.078125	213583.859375	178094.6875	0.0388240957868091	0.885528	0.02	1	ANTMOL0068	1.869754882	3.073369565	3.603597122	3.053672316	2.786851211	5	2	2016	1
AN_MOL_004	17057	5	206365.078125	213583.859375	178094.6875	0.0388240957868091	0.580563	0.02	1	ANTMOL0068	1.869754882	3.073369565	3.603597122	3.053672316	2.786851211	5	2	2016	1
AN_MOL_004	17085	5	206365.078125	213583.859375	178094.6875	0.0854130107309801	0.709326	0.02	1	ANTMOL0068	1.869754882	3.073369565	3.603597122	3.053672316	2.786851211	5	2	2016	1
AN_MOL_004	17112	5	206365.078125	213583.859375	178094.6875	0.0621185532588946	0.612189	0.02	1	ANTMOL0068	1.869754882	3.073369565	3.603597122	3.053672316	2.786851211	5	2	2016	1
AN_MOL_004	17134	5	206365.078125	213583.859375	178094.6875	0.17082602146196	0.58734	0.02	1	ANTMOL0068	1.869754882	3.073369565	3.603597122	3.053672316	2.786851211	5	2	2016	1
AN_MOL_004	17169	5	206365.078125	213583.859375	178094.6875	0.248474213035578	0.777096	0.02	1	ANTMOL0068	1.869754882	3.073369565	3.603597122	3.053672316	2.786851211	5	2	2017	1
AN_MOL_004	17196	5	206365.078125	213583.859375	178094.6875	0.147531563989875	0.616707	0.02	1	ANTMOL0068	1.869754882	3.073369565	3.603597122	3.053672316	2.786851211	5	2	2017	1
AN_MOL_004	17245	5	206365.078125	213583.859375	178094.6875	0.0388240957868091	1.165644	0.02	1	ANTMOL0068	1.869754882	3.073369565	3.603597122	3.053672316	2.786851211	5	2	2017	1
AN_MOL_004	17274	5	206365.078125	213583.859375	178094.6875	0.0388240957868091	1.384767	0.02	1	ANTMOL0068	1.869754882	3.073369565	3.603597122	3.053672316	2.786851211	5	2	2017	1
AN_MOL_004	17294	5	206365.078125	213583.859375	178094.6875	0.0621185532588946	1.432206	0.02	1	ANTMOL0068	1.869754882	3.073369565	3.603597122	3.053672316	2.786851211	5	2	2017	1
AN_VVM_002	16965	7	182609.9375	233919.078125	7706.67724609375	0.0465889149441709	0.085842	0.0421	1	ANTHGS0465	1.30155642	3.073394495	3.307125307	3.997218359	2.999248685	5	2	2016	1
AN_VVM_002	16987	7	182609.9375	233919.078125	7706.67724609375	0.0388240957868091	0.02259	0.0219	1	ANTHGS0465	1.30155642	3.073394495	3.307125307	3.997218359	2.999248685	5	2	2016	1
AN_VVM_002	17030	7	182609.9375	233919.078125	7706.67724609375	0.0388240957868091	0.02259	0.02	1	ANTHGS0465	1.30155642	3.073394495	3.307125307	3.997218359	2.999248685	5	2	2016	1
AN_VVM_002	17057	7	182609.9375	233919.078125	7706.67724609375	0.0388240957868091	0.02259	0.02	1	ANTHGS0465	1.30155642	3.073394495	3.307125307	3.997218359	2.999248685	5	2	2016	1
AN_VVM_002	17091	7	182609.9375	233919.078125	7706.67724609375	0.0388240957868091	0.054216	0.021	1	ANTHGS0465	1.30155642	3.073394495	3.307125307	3.997218359	2.999248685	5	2	2016	1
AN_VVM_002	17113	7	182609.9375	233919.078125	7706.67724609375	0.0388240957868091	0.02259	0.0235	1	ANTHGS0465	1.30155642	3.073394495	3.307125307	3.997218359	2.999248685	5	2	2016	1
AN_VVM_002	17140	7	182609.9375	233919.078125	7706.67724609375	0.0931778298883419	0.131022	0.02	1	ANTHGS0465	1.30155642	3.073394495	3.307125307	3.997218359	2.999248685	5	2	2016	1
AN_VVM_002	17182	7	182609.9375	233919.078125	7706.67724609375	0.403770596182815	0.264303	0.02	1	ANTHGS0465	1.30155642	3.073394495	3.307125307	3.997218359	2.999248685	5	2	2017	1
AN_VVM_002	17203	7	182609.9375	233919.078125	7706.67724609375	0.124237106517789	0.06777	0.02	1	ANTHGS0465	1.30155642	3.073394495	3.307125307	3.997218359	2.999248685	5	2	2017	1
AN_VVM_002	17231	7	182609.9375	233919.078125	7706.67724609375	0.17082602146196	0.110691	0.02	1	ANTHGS0465	1.30155642	3.073394495	3.307125307	3.997218359	2.999248685	5	2	2017	1
AN_VVM_002	17274	7	182609.9375	233919.078125	7706.67724609375	0.178590840619322	0.079065	0.023	1	ANTHGS0465	1.30155642	3.073394495	3.307125307	3.997218359	2.999248685	5	2	2017	1
AN_VVM_002	17316	7	182609.9375	233919.078125	7706.67724609375	0.147531563989875	0.076806	0.045	1	ANTHGS0465	1.30155642	3.073394495	3.307125307	3.997218359	2.999248685	5	2	2017	1
VB_KOR_001	17336	6	162843.9375	174953.875	6621.36083984375	0.0776481915736183	0.042921	0.047	1	VBRKRB0004	2.688311688	3.07486631	4.071856287	3.340586146	3.490909091	9	4	2017	1
VB_KOR_001	17350	6	162843.9375	174953.875	6621.36083984375	0.108707468203066	0.029367	0.0265	1	VBRKRB0004	2.688311688	3.07486631	4.071856287	3.340586146	3.490909091	9	4	2017	1
VB_KOR_001	17400	6	162843.9375	174953.875	6621.36083984375	0.0388240957868091	0.027108	0.02	1	VBRKRB0004	2.688311688	3.07486631	4.071856287	3.340586146	3.490909091	9	4	2017	1
VB_KOR_001	17434	6	162843.9375	174953.875	6621.36083984375	0.0465889149441709	0.110691	0.022	1	VBRKRB0004	2.688311688	3.07486631	4.071856287	3.340586146	3.490909091	9	4	2017	1
VB_KOR_001	17456	6	162843.9375	174953.875	6621.36083984375	0.132001925675151	0.04518	0.0496	1	VBRKRB0004	2.688311688	3.07486631	4.071856287	3.340586146	3.490909091	9	4	2017	1
VB_KOR_001	17497	6	162843.9375	174953.875	6621.36083984375	0.0388240957868091	0.033885	0.101	1	VBRKRB0004	2.688311688	3.07486631	4.071856287	3.340586146	3.490909091	9	4	2017	1
VB_KOR_001	17512	6	162843.9375	174953.875	6621.36083984375	0.178590840619322	0.18072	0.0995	1	VBRKRB0004	2.688311688	3.07486631	4.071856287	3.340586146	3.490909091	9	4	2017	1
VB_KOR_001	17539	6	162843.9375	174953.875	6621.36083984375	0.194120478934046	0.630261	0.0244	1	VBRKRB0004	2.688311688	3.07486631	4.071856287	3.340586146	3.490909091	9	4	2018	1
VB_KOR_001	17567	6	162843.9375	174953.875	6621.36083984375	0.0388240957868091	0.02259	0.02	1	VBRKRB0004	2.688311688	3.07486631	4.071856287	3.340586146	3.490909091	9	4	2018	1
VB_KOR_001	17609	6	162843.9375	174953.875	6621.36083984375	0.0388240957868091	0.094878	0.039	1	VBRKRB0004	2.688311688	3.07486631	4.071856287	3.340586146	3.490909091	9	4	2018	1
VB_KOR_001	17637	6	162843.9375	174953.875	6621.36083984375	0.0388240957868091	0.065511	0.0279	1	VBRKRB0004	2.688311688	3.07486631	4.071856287	3.340586146	3.490909091	9	4	2018	1
VB_KOR_001	17680	6	162843.9375	174953.875	6621.36083984375	0.194120478934046	0.051957	0.0478	1	VBRKRB0004	2.688311688	3.07486631	4.071856287	3.340586146	3.490909091	9	4	2018	1
WV_ZEB_004	17337	1	65703.5390625	224411.265625	15409.4033203125	0.0931778298883419	0.101655	0.141	1	WVLBRU0368	2.284267913	3.087155963	4	3.195995785	3.707241911	1	2	2017	1
WV_ZEB_004	17357	1	65703.5390625	224411.265625	15409.4033203125	0.481418787756433	0.04518	0.1218	1	WVLBRU0368	2.284267913	3.087155963	4	3.195995785	3.707241911	1	2	2017	1
WV_ZEB_004	17379	1	65703.5390625	224411.265625	15409.4033203125	0.0931778298883419	0.038403	0.0898	1	WVLBRU0368	2.284267913	3.087155963	4	3.195995785	3.707241911	1	2	2017	1
WV_ZEB_004	17449	1	65703.5390625	224411.265625	15409.4033203125	0.248474213035578	0.117468	0.0679	1	WVLBRU0368	2.284267913	3.087155963	4	3.195995785	3.707241911	1	2	2017	1
WV_ZEB_004	17477	1	65703.5390625	224411.265625	15409.4033203125	0.186355659776684	0.458577	0.033	1	WVLBRU0368	2.284267913	3.087155963	4	3.195995785	3.707241911	1	2	2017	1
WV_ZEB_004	17534	1	65703.5390625	224411.265625	15409.4033203125	0.0388240957868091	0.241713	0.0265	1	WVLBRU0368	2.284267913	3.087155963	4	3.195995785	3.707241911	1	2	2018	1
WV_ZEB_004	17575	1	65703.5390625	224411.265625	15409.4033203125	0.0698833724162564	0.024849	0.0426	1	WVLBRU0368	2.284267913	3.087155963	4	3.195995785	3.707241911	1	2	2018	1
WV_ZEB_004	17596	1	65703.5390625	224411.265625	15409.4033203125	0.0388240957868091	0.029367	0.059	1	WVLBRU0368	2.284267913	3.087155963	4	3.195995785	3.707241911	1	2	2018	1
WV_ZEB_004	17625	1	65703.5390625	224411.265625	15409.4033203125	0.0388240957868091	0.02259	0.103	1	WVLBRU0368	2.284267913	3.087155963	4	3.195995785	3.707241911	1	2	2018	1
WV_ZEB_004	17666	1	65703.5390625	224411.265625	15409.4033203125	0.0388240957868091	0.024849	0.1025	1	WVLBRU0368	2.284267913	3.087155963	4	3.195995785	3.707241911	1	2	2018	1
LI_SBB_002	16587	3	222373.25	186695.734375	49564.07421875	0.0388240957868091	0.029367	0.0756	1	LIMZNH0508	1.789899769	3.091304348	3.591690544	2.944812362	3.332846715	5	4	2015	1
LI_SBB_002	16615	3	222373.25	186695.734375	49564.07421875	0.0388240957868091	0.359181	0.0747	1	LIMZNH0508	1.789899769	3.091304348	3.591690544	2.944812362	3.332846715	5	4	2015	1
LI_SBB_002	16643	3	222373.25	186695.734375	49564.07421875	0.0388240957868091	0.042921	0.087	1	LIMZNH0508	1.789899769	3.091304348	3.591690544	2.944812362	3.332846715	5	4	2015	1
LI_SBB_002	16672	3	222373.25	186695.734375	49564.07421875	0.0621185532588946	0.040662	0.0692	1	LIMZNH0508	1.789899769	3.091304348	3.591690544	2.944812362	3.332846715	5	4	2015	1
LI_SBB_002	16698	3	222373.25	186695.734375	49564.07421875	1.00166167129968	0.081324	0.0918	1	LIMZNH0508	1.789899769	3.091304348	3.591690544	2.944812362	3.332846715	5	4	2015	1
LI_SBB_002	16734	3	222373.25	186695.734375	49564.07421875	0.97836721382759	0.031626	0.06	1	LIMZNH0508	1.789899769	3.091304348	3.591690544	2.944812362	3.332846715	5	4	2015	1
LI_SBB_002	16840	3	222373.25	186695.734375	49564.07421875	0.46588914944171	0.555714	0.1163	1	LIMZNH0508	1.789899769	3.091304348	3.591690544	2.944812362	3.332846715	5	4	2016	1
LI_SBB_002	16868	3	222373.25	186695.734375	49564.07421875	0.100942649045704	0.33885	0.0956	1	LIMZNH0508	1.789899769	3.091304348	3.591690544	2.944812362	3.332846715	5	4	2016	1
LI_SBB_002	16916	3	222373.25	186695.734375	49564.07421875	0.34165204292392	0.038403	0.1251	1	LIMZNH0508	1.789899769	3.091304348	3.591690544	2.944812362	3.332846715	5	4	2016	1
LI_SBB_002	16945	3	222373.25	186695.734375	49564.07421875	0.0698833724162564	0.029367	0.0975	1	LIMZNH0508	1.789899769	3.091304348	3.591690544	2.944812362	3.332846715	5	4	2016	1
AN_DVH_003	16196	4	175515.453125	224001.421875	8446.103515625	0.194120478934046	0.031626	NA	1	ANTRIJ0072	2.25	3.093548387	4.163768116	4.117298578	3.809137804	5	4	2014	1
AN_DVH_003	16223	4	175515.453125	224001.421875	8446.103515625	0.0776481915736183	0.02259	NA	1	ANTRIJ0072	2.25	3.093548387	4.163768116	4.117298578	3.809137804	5	4	2014	1
AN_DVH_003	16251	4	175515.453125	224001.421875	8446.103515625	0.0776481915736183	0.101655	NA	1	ANTRIJ0072	2.25	3.093548387	4.163768116	4.117298578	3.809137804	5	4	2014	1
AN_DVH_003	16287	4	175515.453125	224001.421875	8446.103515625	0.0776481915736183	0.02259	NA	1	ANTRIJ0072	2.25	3.093548387	4.163768116	4.117298578	3.809137804	5	4	2014	1
AN_DVH_003	16322	4	175515.453125	224001.421875	8446.103515625	0.0776481915736183	0.040662	NA	1	ANTRIJ0072	2.25	3.093548387	4.163768116	4.117298578	3.809137804	5	4	2014	1
AN_DVH_003	16364	4	175515.453125	224001.421875	8446.103515625	0.0776481915736183	0.038403	NA	1	ANTRIJ0072	2.25	3.093548387	4.163768116	4.117298578	3.809137804	5	4	2014	1
AN_KAS_003	16952	7	195837.5	216377.21875	925.469970703125	0.0388240957868091	0.024849	0.0285	1	ANTKAS0295	2.475	3.095628415	3.752717391	2.569910515	3.592274678	5	4	2016	1
AN_KAS_003	16987	7	195837.5	216377.21875	925.469970703125	0.0388240957868091	0.02259	0.0397	1	ANTKAS0295	2.475	3.095628415	3.752717391	2.569910515	3.592274678	5	4	2016	1
AN_KAS_003	17030	7	195837.5	216377.21875	925.469970703125	0.0388240957868091	0.024849	0.0209	1	ANTKAS0295	2.475	3.095628415	3.752717391	2.569910515	3.592274678	5	4	2016	1
AN_KAS_003	17056	7	195837.5	216377.21875	925.469970703125	0.0388240957868091	0.02259	0.02	1	ANTKAS0295	2.475	3.095628415	3.752717391	2.569910515	3.592274678	5	4	2016	1
AN_KAS_003	17077	7	195837.5	216377.21875	925.469970703125	0.0388240957868091	0.033885	0.0204	1	ANTKAS0295	2.475	3.095628415	3.752717391	2.569910515	3.592274678	5	4	2016	1
AN_KAS_003	17113	7	195837.5	216377.21875	925.469970703125	0.0388240957868091	0.02259	0.036	1	ANTKAS0295	2.475	3.095628415	3.752717391	2.569910515	3.592274678	5	4	2016	1
AN_KAS_003	17182	7	195837.5	216377.21875	925.469970703125	0.0388240957868091	0.056475	0.2617	1	ANTKAS0295	2.475	3.095628415	3.752717391	2.569910515	3.592274678	5	4	2017	1
AN_KAS_003	17203	7	195837.5	216377.21875	925.469970703125	0.0388240957868091	0.042921	0.0683	1	ANTKAS0295	2.475	3.095628415	3.752717391	2.569910515	3.592274678	5	4	2017	1
AN_KAS_003	17238	7	195837.5	216377.21875	925.469970703125	0.0698833724162564	0.103914	0.02	1	ANTKAS0295	2.475	3.095628415	3.752717391	2.569910515	3.592274678	5	4	2017	1
AN_KAS_003	17260	7	195837.5	216377.21875	925.469970703125	0.100942649045704	0.110691	0.0352	1	ANTKAS0295	2.475	3.095628415	3.752717391	2.569910515	3.592274678	5	4	2017	1
AN_KAS_003	17295	7	195837.5	216377.21875	925.469970703125	0.0621185532588946	0.074547	0.07	1	ANTKAS0295	2.475	3.095628415	3.752717391	2.569910515	3.592274678	5	4	2017	1
AN_SNE_006	16958	3	185869.75	210130.984375	38714.21875	0.287298308822388	0.182979	0.0309	1	ANTKAS0008	2.262186115	3.103092784	3.752293578	3.371702638	2.304755945	5	2	2016	1
AN_SNE_006	17014	3	185869.75	210130.984375	38714.21875	0.861894926467163	0.02259	0.0887	1	ANTKAS0008	2.262186115	3.103092784	3.752293578	3.371702638	2.304755945	5	2	2016	1
AN_SNE_006	17036	3	185869.75	210130.984375	38714.21875	0.0388240957868091	0.02259	0.0334	1	ANTKAS0008	2.262186115	3.103092784	3.752293578	3.371702638	2.304755945	5	2	2016	1
AN_SNE_006	17056	3	185869.75	210130.984375	38714.21875	0.0388240957868091	0.02259	0.0829	1	ANTKAS0008	2.262186115	3.103092784	3.752293578	3.371702638	2.304755945	5	2	2016	1
AN_SNE_006	17092	3	185869.75	210130.984375	38714.21875	0.675539266690479	0.058734	0.1127	1	ANTKAS0008	2.262186115	3.103092784	3.752293578	3.371702638	2.304755945	5	2	2016	1
AN_SNE_006	17127	3	185869.75	210130.984375	38714.21875	0.753187458264097	0.153612	0.0736	1	ANTKAS0008	2.262186115	3.103092784	3.752293578	3.371702638	2.304755945	5	2	2016	1
AN_SNE_006	17140	3	185869.75	210130.984375	38714.21875	0.869659745624525	0.115209	0.035	1	ANTKAS0008	2.262186115	3.103092784	3.752293578	3.371702638	2.304755945	5	2	2016	1
AN_SNE_006	17176	3	185869.75	210130.984375	38714.21875	0.597891075116861	0.219123	0.02	1	ANTKAS0008	2.262186115	3.103092784	3.752293578	3.371702638	2.304755945	5	2	2017	1
AN_SNE_006	17204	3	185869.75	210130.984375	38714.21875	0.714363362477288	0.099396	0.02	1	ANTKAS0008	2.262186115	3.103092784	3.752293578	3.371702638	2.304755945	5	2	2017	1
AN_SNE_006	17225	3	185869.75	210130.984375	38714.21875	0.388240957868091	0.081324	0.02	1	ANTKAS0008	2.262186115	3.103092784	3.752293578	3.371702638	2.304755945	5	2	2017	1
AN_SNE_006	17266	3	185869.75	210130.984375	38714.21875	0.0388240957868091	0.070029	0.028	1	ANTKAS0008	2.262186115	3.103092784	3.752293578	3.371702638	2.304755945	5	2	2017	1
AN_SNE_006	17301	3	185869.75	210130.984375	38714.21875	0.0621185532588946	0.099396	0.084	1	ANTKAS0008	2.262186115	3.103092784	3.752293578	3.371702638	2.304755945	5	2	2017	1
AN_HGA_004	17344	3	184224.90625	194071.703125	4926.1748046875	0.613420713431584	0.133281	0.7665	1	ANTHST0479	1.893238434	3.103603604	2.515	3.450592885	2.975236708	4	2	2017	1
AN_HGA_004	17372	3	184224.90625	194071.703125	4926.1748046875	0.178590840619322	0.036144	0.104	1	ANTHST0479	1.893238434	3.103603604	2.515	3.450592885	2.975236708	4	2	2017	1
AN_HGA_004	17399	3	184224.90625	194071.703125	4926.1748046875	1.99555852344199	0.056475	0.048	1	ANTHST0479	1.893238434	3.103603604	2.515	3.450592885	2.975236708	4	2	2017	1
AN_HGA_004	17420	3	184224.90625	194071.703125	4926.1748046875	2.41485875793953	0.081324	0.0606	1	ANTHST0479	1.893238434	3.103603604	2.515	3.450592885	2.975236708	4	2	2017	1
AN_HGA_004	17462	3	184224.90625	194071.703125	4926.1748046875	0.0388240957868091	0.033885	0.02	1	ANTHST0479	1.893238434	3.103603604	2.515	3.450592885	2.975236708	4	2	2017	1
AN_HGA_004	17490	3	184224.90625	194071.703125	4926.1748046875	0.0388240957868091	0.031626	0.02	1	ANTHST0479	1.893238434	3.103603604	2.515	3.450592885	2.975236708	4	2	2017	1
AN_HGA_004	17519	3	184224.90625	194071.703125	4926.1748046875	0.0388240957868091	0.065511	0.0533	1	ANTHST0479	1.893238434	3.103603604	2.515	3.450592885	2.975236708	4	2	2017	1
AN_HGA_004	17553	3	184224.90625	194071.703125	4926.1748046875	0.0543537341015328	0.060993	0.104	1	ANTHST0479	1.893238434	3.103603604	2.515	3.450592885	2.975236708	4	2	2018	1
AN_HGA_004	17581	3	184224.90625	194071.703125	4926.1748046875	0.0388240957868091	0.063252	0.0982	1	ANTHST0479	1.893238434	3.103603604	2.515	3.450592885	2.975236708	4	2	2018	1
AN_HGA_004	17602	3	184224.90625	194071.703125	4926.1748046875	0.0388240957868091	0.806463	0.089	1	ANTHST0479	1.893238434	3.103603604	2.515	3.450592885	2.975236708	4	2	2018	1
AN_HGA_004	17625	3	184224.90625	194071.703125	4926.1748046875	0.0388240957868091	0.038403	0.061	1	ANTHST0479	1.893238434	3.103603604	2.515	3.450592885	2.975236708	4	2	2018	1
AN_HGA_004	17680	3	184224.90625	194071.703125	4926.1748046875	0.0776481915736183	0.051957	0.0598	1	ANTHST0479	1.893238434	3.103603604	2.515	3.450592885	2.975236708	4	2	2018	1
LI_HAG_004	17330	3	222588.234375	217098.4375	10156.041015625	0.434829872812262	0.580563	0.759	1	LIMLOM0234	1.738095238	3.103846154	3.940700809	3.234455959	2.371714643	5	4	2017	1
LI_HAG_004	17330	4	222588.234375	217098.4375	10156.041015625	0.434829872812262	0.580563	0.759	1	LIMLOM0234	1.738095238	3.103846154	3.940700809	3.234455959	2.371714643	5	4	2017	1
LI_HAG_004	17350	3	222588.234375	217098.4375	10156.041015625	5.73043653813303	3.248442	0.1746	1	LIMLOM0234	1.738095238	3.103846154	3.940700809	3.234455959	2.371714643	5	4	2017	1
LI_HAG_004	17350	4	222588.234375	217098.4375	10156.041015625	5.73043653813303	3.248442	0.1746	1	LIMLOM0234	1.738095238	3.103846154	3.940700809	3.234455959	2.371714643	5	4	2017	1
LI_HAG_004	17420	3	222588.234375	217098.4375	10156.041015625	0.264003851350302	0.707067	0.1006	1	LIMLOM0234	1.738095238	3.103846154	3.940700809	3.234455959	2.371714643	5	4	2017	1
LI_HAG_004	17420	4	222588.234375	217098.4375	10156.041015625	0.264003851350302	0.707067	0.1006	1	LIMLOM0234	1.738095238	3.103846154	3.940700809	3.234455959	2.371714643	5	4	2017	1
LI_HAG_004	17463	3	222588.234375	217098.4375	10156.041015625	1.13366359697483	0.582822	0.0808	1	LIMLOM0234	1.738095238	3.103846154	3.940700809	3.234455959	2.371714643	5	4	2017	1
LI_HAG_004	17463	4	222588.234375	217098.4375	10156.041015625	1.13366359697483	0.582822	0.0808	1	LIMLOM0234	1.738095238	3.103846154	3.940700809	3.234455959	2.371714643	5	4	2017	1
LI_HAG_004	17498	3	222588.234375	217098.4375	10156.041015625	0.100942649045704	0.440505	0.082	1	LIMLOM0234	1.738095238	3.103846154	3.940700809	3.234455959	2.371714643	5	4	2017	1
LI_HAG_004	17498	4	222588.234375	217098.4375	10156.041015625	0.100942649045704	0.440505	0.082	1	LIMLOM0234	1.738095238	3.103846154	3.940700809	3.234455959	2.371714643	5	4	2017	1
LI_HAG_004	17518	3	222588.234375	217098.4375	10156.041015625	0.0465889149441709	0.282375	0.0573	1	LIMLOM0234	1.738095238	3.103846154	3.940700809	3.234455959	2.371714643	5	4	2017	1
LI_HAG_004	17518	4	222588.234375	217098.4375	10156.041015625	0.0465889149441709	0.282375	0.0573	1	LIMLOM0234	1.738095238	3.103846154	3.940700809	3.234455959	2.371714643	5	4	2017	1
LI_HAG_004	17546	3	222588.234375	217098.4375	10156.041015625	0.0388240957868091	0.124245	0.047	1	LIMLOM0234	1.738095238	3.103846154	3.940700809	3.234455959	2.371714643	5	4	2018	1
LI_HAG_004	17546	4	222588.234375	217098.4375	10156.041015625	0.0388240957868091	0.124245	0.047	1	LIMLOM0234	1.738095238	3.103846154	3.940700809	3.234455959	2.371714643	5	4	2018	1
LI_HAG_004	17574	3	222588.234375	217098.4375	10156.041015625	0.0388240957868091	0.060993	0.0243	1	LIMLOM0234	1.738095238	3.103846154	3.940700809	3.234455959	2.371714643	5	4	2018	1
LI_HAG_004	17574	4	222588.234375	217098.4375	10156.041015625	0.0388240957868091	0.060993	0.0243	1	LIMLOM0234	1.738095238	3.103846154	3.940700809	3.234455959	2.371714643	5	4	2018	1
LI_HAG_004	17616	3	222588.234375	217098.4375	10156.041015625	0.100942649045704	0.144576	0.02	1	LIMLOM0234	1.738095238	3.103846154	3.940700809	3.234455959	2.371714643	5	4	2018	1
LI_HAG_004	17616	4	222588.234375	217098.4375	10156.041015625	0.100942649045704	0.144576	0.02	1	LIMLOM0234	1.738095238	3.103846154	3.940700809	3.234455959	2.371714643	5	4	2018	1
LI_HAG_004	17644	3	222588.234375	217098.4375	10156.041015625	0.116472287360427	0.164907	0.0321	1	LIMLOM0234	1.738095238	3.103846154	3.940700809	3.234455959	2.371714643	5	4	2018	1
LI_HAG_004	17644	4	222588.234375	217098.4375	10156.041015625	0.116472287360427	0.164907	0.0321	1	LIMLOM0234	1.738095238	3.103846154	3.940700809	3.234455959	2.371714643	5	4	2018	1
LI_HAG_004	17672	3	222588.234375	217098.4375	10156.041015625	0.163061202304598	0.162648	0.1232	1	LIMLOM0234	1.738095238	3.103846154	3.940700809	3.234455959	2.371714643	5	4	2018	1
LI_HAG_004	17672	4	222588.234375	217098.4375	10156.041015625	0.163061202304598	0.162648	0.1232	1	LIMLOM0234	1.738095238	3.103846154	3.940700809	3.234455959	2.371714643	5	4	2018	1
AN_KDN_001	16609	3	179854.03125	215286.078125	3208.59301757812	0.0388240957868091	0.024849	0.0411	1	ANTLIL0528	2.379828326	3.126146789	4.055970149	4.042590432	2.99592668	5	2	2015	1
AN_KDN_001	16631	3	179854.03125	215286.078125	3208.59301757812	0.0543537341015328	0.049698	0.1	1	ANTLIL0528	2.379828326	3.126146789	4.055970149	4.042590432	2.99592668	5	2	2015	1
AN_KDN_001	16665	3	179854.03125	215286.078125	3208.59301757812	0.0698833724162564	0.074547	0.1509	1	ANTLIL0528	2.379828326	3.126146789	4.055970149	4.042590432	2.99592668	5	2	2015	1
AN_KDN_001	16693	3	179854.03125	215286.078125	3208.59301757812	0.0621185532588946	0.036144	0.0525	1	ANTLIL0528	2.379828326	3.126146789	4.055970149	4.042590432	2.99592668	5	2	2015	1
AN_KDN_001	16728	3	179854.03125	215286.078125	3208.59301757812	0.0388240957868091	0.04518	0.02	1	ANTLIL0528	2.379828326	3.126146789	4.055970149	4.042590432	2.99592668	5	2	2015	1
AN_KDN_001	16756	3	179854.03125	215286.078125	3208.59301757812	0.0388240957868091	0.02259	0.032	1	ANTLIL0528	2.379828326	3.126146789	4.055970149	4.042590432	2.99592668	5	2	2015	1
AN_KDN_001	16784	3	179854.03125	215286.078125	3208.59301757812	0.0388240957868091	0.02259	0.0255	1	ANTLIL0528	2.379828326	3.126146789	4.055970149	4.042590432	2.99592668	5	2	2015	1
AN_KDN_001	16825	3	179854.03125	215286.078125	3208.59301757812	0.0388240957868091	0.533124	0.0275	1	ANTLIL0528	2.379828326	3.126146789	4.055970149	4.042590432	2.99592668	5	2	2016	1
AN_KDN_001	16854	3	179854.03125	215286.078125	3208.59301757812	0.0388240957868091	0.031626	0.0294	1	ANTLIL0528	2.379828326	3.126146789	4.055970149	4.042590432	2.99592668	5	2	2016	1
AN_KDN_001	16895	3	179854.03125	215286.078125	3208.59301757812	0.0388240957868091	0.101655	0.0282	1	ANTLIL0528	2.379828326	3.126146789	4.055970149	4.042590432	2.99592668	5	2	2016	1
AN_KDN_001	16917	3	179854.03125	215286.078125	3208.59301757812	0.0388240957868091	0.02259	0.0405	1	ANTLIL0528	2.379828326	3.126146789	4.055970149	4.042590432	2.99592668	5	2	2016	1
AN_KDN_001	16945	3	179854.03125	215286.078125	3208.59301757812	0.100942649045704	0.02259	0.0715	1	ANTLIL0528	2.379828326	3.126146789	4.055970149	4.042590432	2.99592668	5	2	2016	1
LI_MAA_002	16965	6	243189.15625	177611.375	92464.6484375	0.108707468203066	0.092619	0.0987	1	LIMLNK0018	2.322476526	3.130434783	3.403797468	3.927586207	2.080532213	12	4	2016	1
LI_MAA_002	17015	6	243189.15625	177611.375	92464.6484375	0.729893000792011	0.02259	0.0763	1	LIMLNK0018	2.322476526	3.130434783	3.403797468	3.927586207	2.080532213	12	4	2016	1
LI_MAA_002	17029	6	243189.15625	177611.375	92464.6484375	0.357181681238644	0.054216	0.1963	1	LIMLNK0018	2.322476526	3.130434783	3.403797468	3.927586207	2.080532213	12	4	2016	1
LI_MAA_002	17057	6	243189.15625	177611.375	92464.6484375	0.0388240957868091	0.02259	0.3306	1	LIMLNK0018	2.322476526	3.130434783	3.403797468	3.927586207	2.080532213	12	4	2016	1
LI_MAA_002	17084	6	243189.15625	177611.375	92464.6484375	1.07154504371593	0.099396	0.2045	1	LIMLNK0018	2.322476526	3.130434783	3.403797468	3.927586207	2.080532213	12	4	2016	1
LI_MAA_002	17126	6	243189.15625	177611.375	92464.6484375	2.95839609895486	0.320778	0.1491	1	LIMLNK0018	2.322476526	3.130434783	3.403797468	3.927586207	2.080532213	12	4	2016	1
LI_MAA_002	17141	6	243189.15625	177611.375	92464.6484375	3.35440187598031	0.323037	0.1748	1	LIMLNK0018	2.322476526	3.130434783	3.403797468	3.927586207	2.080532213	12	4	2016	1
LI_MAA_002	17169	6	243189.15625	177611.375	92464.6484375	3.13698693957418	0.435987	0.1417	1	LIMLNK0018	2.322476526	3.130434783	3.403797468	3.927586207	2.080532213	12	4	2017	1
LI_MAA_002	17203	6	243189.15625	177611.375	92464.6484375	2.58568477940149	0.510534	0.1285	1	LIMLNK0018	2.322476526	3.130434783	3.403797468	3.927586207	2.080532213	12	4	2017	1
LI_MAA_002	17224	6	243189.15625	177611.375	92464.6484375	2.04991225754352	0.713844	0.1035	1	LIMLNK0018	2.322476526	3.130434783	3.403797468	3.927586207	2.080532213	12	4	2017	1
LI_MAA_002	17259	6	243189.15625	177611.375	92464.6484375	0.302827947137111	0.117468	0.0646	1	LIMLNK0018	2.322476526	3.130434783	3.403797468	3.927586207	2.080532213	12	4	2017	1
LI_MAA_002	17301	6	243189.15625	177611.375	92464.6484375	0.396005777025453	0.121986	0.086	1	LIMLNK0018	2.322476526	3.130434783	3.403797468	3.927586207	2.080532213	12	4	2017	1
WV_BLA_001	17371	6	44615.96875	186972.359375	6374.12060546875	1.89461587439629	0.047439	2.866	1	WVLDIK0136	2.67699115	3.134020619	4.011235955	4.157894737	3.50348567	2	4	2017	1
WV_BLA_001	17406	6	44615.96875	186972.359375	6374.12060546875	1.52190455484292	0.302706	3.01	1	WVLDIK0136	2.67699115	3.134020619	4.011235955	4.157894737	3.50348567	2	4	2017	1
WV_BLA_001	17434	6	44615.96875	186972.359375	6374.12060546875	1.92567515102573	0.298188	1.185	1	WVLDIK0136	2.67699115	3.134020619	4.011235955	4.157894737	3.50348567	2	4	2017	1
WV_BLA_001	17463	6	44615.96875	186972.359375	6374.12060546875	3.26122404609197	0.076806	1.6692	1	WVLDIK0136	2.67699115	3.134020619	4.011235955	4.157894737	3.50348567	2	4	2017	1
WV_BLA_001	17497	6	44615.96875	186972.359375	6374.12060546875	2.59344959855885	0.352404	1.315	1	WVLDIK0136	2.67699115	3.134020619	4.011235955	4.157894737	3.50348567	2	4	2017	1
WV_BLA_001	17554	6	44615.96875	186972.359375	6374.12060546875	0.605655894274222	1.98792	0.32	1	WVLDIK0136	2.67699115	3.134020619	4.011235955	4.157894737	3.50348567	2	4	2018	1
WV_BLA_001	17574	6	44615.96875	186972.359375	6374.12060546875	0.0854130107309801	1.014291	0.3556	1	WVLDIK0136	2.67699115	3.134020619	4.011235955	4.157894737	3.50348567	2	4	2018	1
WV_BLA_001	17631	6	44615.96875	186972.359375	6374.12060546875	0.0621185532588946	0.192015	0.677	1	WVLDIK0136	2.67699115	3.134020619	4.011235955	4.157894737	3.50348567	2	4	2018	1
WV_BLA_001	17645	6	44615.96875	186972.359375	6374.12060546875	0.108707468203066	0.070029	0.8918	1	WVLDIK0136	2.67699115	3.134020619	4.011235955	4.157894737	3.50348567	2	4	2018	1
WV_BLA_001	17680	6	44615.96875	186972.359375	6374.12060546875	0.0388240957868091	0.02259	1.1145	1	WVLDIK0136	2.67699115	3.134020619	4.011235955	4.157894737	3.50348567	2	4	2018	1
LI_SLU_001	16965	3	240088.671875	180956.3125	11824.970703125	0.209650117248769	0.241713	0.0798	1	LIMLNK0086	1.752639517	3.136363636	2.775100402	2.495466321	2.700396825	5	4	2016	1
LI_SLU_001	16965	7	240088.671875	180956.3125	11824.970703125	0.209650117248769	0.241713	0.0798	1	LIMLNK0086	1.752639517	3.136363636	2.775100402	2.495466321	2.700396825	5	4	2016	1
LI_SLU_001	16986	3	240088.671875	180956.3125	11824.970703125	0.194120478934046	0.13554	0.02	1	LIMLNK0086	1.752639517	3.136363636	2.775100402	2.495466321	2.700396825	5	4	2016	1
LI_SLU_001	16986	7	240088.671875	180956.3125	11824.970703125	0.194120478934046	0.13554	0.02	1	LIMLNK0086	1.752639517	3.136363636	2.775100402	2.495466321	2.700396825	5	4	2016	1
LI_SLU_001	17029	3	240088.671875	180956.3125	11824.970703125	0.100942649045704	0.273339	0.02	1	LIMLNK0086	1.752639517	3.136363636	2.775100402	2.495466321	2.700396825	5	4	2016	1
LI_SLU_001	17029	7	240088.671875	180956.3125	11824.970703125	0.100942649045704	0.273339	0.02	1	LIMLNK0086	1.752639517	3.136363636	2.775100402	2.495466321	2.700396825	5	4	2016	1
LI_SLU_001	17063	3	240088.671875	180956.3125	11824.970703125	0.0388240957868091	0.119727	0.02	1	LIMLNK0086	1.752639517	3.136363636	2.775100402	2.495466321	2.700396825	5	4	2016	1
LI_SLU_001	17063	7	240088.671875	180956.3125	11824.970703125	0.0388240957868091	0.119727	0.02	1	LIMLNK0086	1.752639517	3.136363636	2.775100402	2.495466321	2.700396825	5	4	2016	1
LI_SLU_001	17091	3	240088.671875	180956.3125	11824.970703125	0.0388240957868091	0.54216	0.02	1	LIMLNK0086	1.752639517	3.136363636	2.775100402	2.495466321	2.700396825	5	4	2016	1
LI_SLU_001	17091	7	240088.671875	180956.3125	11824.970703125	0.0388240957868091	0.54216	0.02	1	LIMLNK0086	1.752639517	3.136363636	2.775100402	2.495466321	2.700396825	5	4	2016	1
LI_SLU_001	17126	3	240088.671875	180956.3125	11824.970703125	0.0388240957868091	1.253745	0.02	1	LIMLNK0086	1.752639517	3.136363636	2.775100402	2.495466321	2.700396825	5	4	2016	1
LI_SLU_001	17126	7	240088.671875	180956.3125	11824.970703125	0.0388240957868091	1.253745	0.02	1	LIMLNK0086	1.752639517	3.136363636	2.775100402	2.495466321	2.700396825	5	4	2016	1
LI_SLU_001	17140	3	240088.671875	180956.3125	11824.970703125	0.0465889149441709	1.714581	0.02	1	LIMLNK0086	1.752639517	3.136363636	2.775100402	2.495466321	2.700396825	5	4	2016	1
LI_SLU_001	17140	7	240088.671875	180956.3125	11824.970703125	0.0465889149441709	1.714581	0.02	1	LIMLNK0086	1.752639517	3.136363636	2.775100402	2.495466321	2.700396825	5	4	2016	1
LI_SLU_001	17175	3	240088.671875	180956.3125	11824.970703125	0.0388240957868091	1.610667	0.02	1	LIMLNK0086	1.752639517	3.136363636	2.775100402	2.495466321	2.700396825	5	4	2017	1
LI_SLU_001	17175	7	240088.671875	180956.3125	11824.970703125	0.0388240957868091	1.610667	0.02	1	LIMLNK0086	1.752639517	3.136363636	2.775100402	2.495466321	2.700396825	5	4	2017	1
LI_SLU_001	17203	3	240088.671875	180956.3125	11824.970703125	0.0388240957868091	1.811718	0.02	1	LIMLNK0086	1.752639517	3.136363636	2.775100402	2.495466321	2.700396825	5	4	2017	1
LI_SLU_001	17203	7	240088.671875	180956.3125	11824.970703125	0.0388240957868091	1.811718	0.02	1	LIMLNK0086	1.752639517	3.136363636	2.775100402	2.495466321	2.700396825	5	4	2017	1
LI_SLU_001	17224	3	240088.671875	180956.3125	11824.970703125	0.0388240957868091	0.980406	0.02	1	LIMLNK0086	1.752639517	3.136363636	2.775100402	2.495466321	2.700396825	5	4	2017	1
LI_SLU_001	17224	7	240088.671875	180956.3125	11824.970703125	0.0388240957868091	0.980406	0.02	1	LIMLNK0086	1.752639517	3.136363636	2.775100402	2.495466321	2.700396825	5	4	2017	1
LI_SLU_001	17259	3	240088.671875	180956.3125	11824.970703125	0.0698833724162564	0.329814	0.02	1	LIMLNK0086	1.752639517	3.136363636	2.775100402	2.495466321	2.700396825	5	4	2017	1
LI_SLU_001	17259	7	240088.671875	180956.3125	11824.970703125	0.0698833724162564	0.329814	0.02	1	LIMLNK0086	1.752639517	3.136363636	2.775100402	2.495466321	2.700396825	5	4	2017	1
LI_SLU_001	17301	3	240088.671875	180956.3125	11824.970703125	0.0621185532588946	0.144576	0.021	1	LIMLNK0086	1.752639517	3.136363636	2.775100402	2.495466321	2.700396825	5	4	2017	1
LI_SLU_001	17301	7	240088.671875	180956.3125	11824.970703125	0.0621185532588946	0.144576	0.021	1	LIMLNK0086	1.752639517	3.136363636	2.775100402	2.495466321	2.700396825	5	4	2017	1
AN_LIL_003	17344	3	180379.984375	219663.375	2228.45654296875	0.108707468203066	0.036144	0.02	1	ANTLIL0004	2.788732394	3.144186047	3.604210526	3.297001153	3.648499694	5	2	2017	1
AN_LIL_003	17344	5	180379.984375	219663.375	2228.45654296875	0.108707468203066	0.036144	0.02	1	ANTLIL0004	2.788732394	3.144186047	3.604210526	3.297001153	3.648499694	5	2	2017	1
AN_LIL_003	17372	3	180379.984375	219663.375	2228.45654296875	0.0698833724162564	0.040662	0.02	1	ANTLIL0004	2.788732394	3.144186047	3.604210526	3.297001153	3.648499694	5	2	2017	1
AN_LIL_003	17372	5	180379.984375	219663.375	2228.45654296875	0.0698833724162564	0.040662	0.02	1	ANTLIL0004	2.788732394	3.144186047	3.604210526	3.297001153	3.648499694	5	2	2017	1
AN_LIL_003	17378	3	180379.984375	219663.375	2228.45654296875	0.0543537341015328	0.031626	0.02	1	ANTLIL0004	2.788732394	3.144186047	3.604210526	3.297001153	3.648499694	5	2	2017	1
AN_LIL_003	17378	5	180379.984375	219663.375	2228.45654296875	0.0543537341015328	0.031626	0.02	1	ANTLIL0004	2.788732394	3.144186047	3.604210526	3.297001153	3.648499694	5	2	2017	1
AN_LIL_003	17435	3	180379.984375	219663.375	2228.45654296875	0.0543537341015328	0.047439	0.02	1	ANTLIL0004	2.788732394	3.144186047	3.604210526	3.297001153	3.648499694	5	2	2017	1
AN_LIL_003	17435	5	180379.984375	219663.375	2228.45654296875	0.0543537341015328	0.047439	0.02	1	ANTLIL0004	2.788732394	3.144186047	3.604210526	3.297001153	3.648499694	5	2	2017	1
AN_LIL_003	17455	3	180379.984375	219663.375	2228.45654296875	0.0388240957868091	0.031626	0.02	1	ANTLIL0004	2.788732394	3.144186047	3.604210526	3.297001153	3.648499694	5	2	2017	1
AN_LIL_003	17455	5	180379.984375	219663.375	2228.45654296875	0.0388240957868091	0.031626	0.02	1	ANTLIL0004	2.788732394	3.144186047	3.604210526	3.297001153	3.648499694	5	2	2017	1
AN_LIL_003	17497	3	180379.984375	219663.375	2228.45654296875	0.0776481915736183	0.051957	0.02	1	ANTLIL0004	2.788732394	3.144186047	3.604210526	3.297001153	3.648499694	5	2	2017	1
AN_LIL_003	17497	5	180379.984375	219663.375	2228.45654296875	0.0776481915736183	0.051957	0.02	1	ANTLIL0004	2.788732394	3.144186047	3.604210526	3.297001153	3.648499694	5	2	2017	1
AN_LIL_003	17519	3	180379.984375	219663.375	2228.45654296875	0.163061202304598	0.865197	0.02	1	ANTLIL0004	2.788732394	3.144186047	3.604210526	3.297001153	3.648499694	5	2	2017	1
AN_LIL_003	17519	5	180379.984375	219663.375	2228.45654296875	0.163061202304598	0.865197	0.02	1	ANTLIL0004	2.788732394	3.144186047	3.604210526	3.297001153	3.648499694	5	2	2017	1
AN_LIL_003	17546	3	180379.984375	219663.375	2228.45654296875	0.0698833724162564	0.433728	0.02	1	ANTLIL0004	2.788732394	3.144186047	3.604210526	3.297001153	3.648499694	5	2	2018	1
AN_LIL_003	17546	5	180379.984375	219663.375	2228.45654296875	0.0698833724162564	0.433728	0.02	1	ANTLIL0004	2.788732394	3.144186047	3.604210526	3.297001153	3.648499694	5	2	2018	1
AN_LIL_003	17581	3	180379.984375	219663.375	2228.45654296875	0.0388240957868091	0.142317	0.02	1	ANTLIL0004	2.788732394	3.144186047	3.604210526	3.297001153	3.648499694	5	2	2018	1
AN_LIL_003	17581	5	180379.984375	219663.375	2228.45654296875	0.0388240957868091	0.142317	0.02	1	ANTLIL0004	2.788732394	3.144186047	3.604210526	3.297001153	3.648499694	5	2	2018	1
AN_LIL_003	17609	3	180379.984375	219663.375	2228.45654296875	0.116472287360427	0.079065	0.02	1	ANTLIL0004	2.788732394	3.144186047	3.604210526	3.297001153	3.648499694	5	2	2018	1
AN_LIL_003	17609	5	180379.984375	219663.375	2228.45654296875	0.116472287360427	0.079065	0.02	1	ANTLIL0004	2.788732394	3.144186047	3.604210526	3.297001153	3.648499694	5	2	2018	1
AN_LIL_003	17644	3	180379.984375	219663.375	2228.45654296875	0.0388240957868091	0.031626	0.02	1	ANTLIL0004	2.788732394	3.144186047	3.604210526	3.297001153	3.648499694	5	2	2018	1
AN_LIL_003	17644	5	180379.984375	219663.375	2228.45654296875	0.0388240957868091	0.031626	0.02	1	ANTLIL0004	2.788732394	3.144186047	3.604210526	3.297001153	3.648499694	5	2	2018	1
AN_LIL_003	17680	3	180379.984375	219663.375	2228.45654296875	0.0388240957868091	0.074547	0.0209	1	ANTLIL0004	2.788732394	3.144186047	3.604210526	3.297001153	3.648499694	5	2	2018	1
AN_LIL_003	17680	5	180379.984375	219663.375	2228.45654296875	0.0388240957868091	0.074547	0.0209	1	ANTLIL0004	2.788732394	3.144186047	3.604210526	3.297001153	3.648499694	5	2	2018	1
LI_BOK_002	16581	4	221766.15625	183584.875	35702.4140625	0.0388240957868091	0.02259	0.077	1	LIMGNK0127	2.241263441	3.147540984	3.288311688	3.147251309	2.599705666	5	4	2015	1
LI_BOK_002	16595	4	221766.15625	183584.875	35702.4140625	0.0388240957868091	0.040662	0.046	1	LIMGNK0127	2.241263441	3.147540984	3.288311688	3.147251309	2.599705666	5	4	2015	1
LI_BOK_002	16623	4	221766.15625	183584.875	35702.4140625	0.0388240957868091	0.040662	0.0435	1	LIMGNK0127	2.241263441	3.147540984	3.288311688	3.147251309	2.599705666	5	4	2015	1
LI_BOK_002	16651	4	221766.15625	183584.875	35702.4140625	0.0388240957868091	0.04518	0.07	1	LIMGNK0127	2.241263441	3.147540984	3.288311688	3.147251309	2.599705666	5	4	2015	1
LI_BOK_002	16679	4	221766.15625	183584.875	35702.4140625	0.0388240957868091	0.04518	0.0911	1	LIMGNK0127	2.241263441	3.147540984	3.288311688	3.147251309	2.599705666	5	4	2015	1
LI_BOK_002	16714	4	221766.15625	183584.875	35702.4140625	0.209650117248769	0.047439	0.18	1	LIMGNK0127	2.241263441	3.147540984	3.288311688	3.147251309	2.599705666	5	4	2015	1
LI_BOK_002	16743	4	221766.15625	183584.875	35702.4140625	0.318357585451835	0.02259	0.06	1	LIMGNK0127	2.241263441	3.147540984	3.288311688	3.147251309	2.599705666	5	4	2015	1
LI_BOK_002	16770	4	221766.15625	183584.875	35702.4140625	0.434829872812262	0.192015	0.06	1	LIMGNK0127	2.241263441	3.147540984	3.288311688	3.147251309	2.599705666	5	4	2015	1
LI_BOK_002	16812	4	221766.15625	183584.875	35702.4140625	0.512478064385881	0.101655	0.0379	1	LIMGNK0127	2.241263441	3.147540984	3.288311688	3.147251309	2.599705666	5	4	2016	1
LI_BOK_002	16847	4	221766.15625	183584.875	35702.4140625	0.411535415340177	0.212346	0.0614	1	LIMGNK0127	2.241263441	3.147540984	3.288311688	3.147251309	2.599705666	5	4	2016	1
LI_BOK_002	16868	4	221766.15625	183584.875	35702.4140625	0.4270650536549	0.20331	0.0416	1	LIMGNK0127	2.241263441	3.147540984	3.288311688	3.147251309	2.599705666	5	4	2016	1
LI_BOK_002	16902	4	221766.15625	183584.875	35702.4140625	0.0388240957868091	0.106173	0.0461	1	LIMGNK0127	2.241263441	3.147540984	3.288311688	3.147251309	2.599705666	5	4	2016	1
LI_BOK_002	16939	4	221766.15625	183584.875	35702.4140625	0.0388240957868091	0.031626	0.0469	1	LIMGNK0127	2.241263441	3.147540984	3.288311688	3.147251309	2.599705666	5	4	2016	1
LI_DBR_003	17343	3	243734.109375	202424.546875	2957.08520507812	0.0931778298883419	0.121986	0.101	1	LIMMSK0163	2.774193548	3.149681529	4.329376855	3.682941904	3.612454212	5	4	2017	1
LI_DBR_003	17448	3	243734.109375	202424.546875	2957.08520507812	0.0543537341015328	0.072288	0.0285	1	LIMMSK0163	2.774193548	3.149681529	4.329376855	3.682941904	3.612454212	5	4	2017	1
LI_DBR_003	17504	3	243734.109375	202424.546875	2957.08520507812	0.0621185532588946	0.047439	0.0258	1	LIMMSK0163	2.774193548	3.149681529	4.329376855	3.682941904	3.612454212	5	4	2017	1
LI_DBR_003	17533	3	243734.109375	202424.546875	2957.08520507812	0.0388240957868091	0.065511	0.838	1	LIMMSK0163	2.774193548	3.149681529	4.329376855	3.682941904	3.612454212	5	4	2018	1
LI_DBR_003	17560	3	243734.109375	202424.546875	2957.08520507812	0.0388240957868091	0.031626	0.02	1	LIMMSK0163	2.774193548	3.149681529	4.329376855	3.682941904	3.612454212	5	4	2018	1
LI_DBR_003	17595	3	243734.109375	202424.546875	2957.08520507812	0.100942649045704	0.056475	0.02	1	LIMMSK0163	2.774193548	3.149681529	4.329376855	3.682941904	3.612454212	5	4	2018	1
LI_DBR_003	17624	3	243734.109375	202424.546875	2957.08520507812	0.0388240957868091	0.02259	0.02	1	LIMMSK0163	2.774193548	3.149681529	4.329376855	3.682941904	3.612454212	5	4	2018	1
LI_DBR_003	17665	3	243734.109375	202424.546875	2957.08520507812	0.0388240957868091	0.040662	0.02	1	LIMMSK0163	2.774193548	3.149681529	4.329376855	3.682941904	3.612454212	5	4	2018	1
LI_WIK_006	16601	3	224320.421875	185191.484375	9991.1494140625	0.0698833724162564	0.051957	0.072	1	LIMGNK0177	2.281491003	3.153110048	2.522857143	3.22875817	2.664440735	5	4	2015	1
LI_WIK_006	16629	3	224320.421875	185191.484375	9991.1494140625	0.0388240957868091	0.031626	0.053	1	LIMGNK0177	2.281491003	3.153110048	2.522857143	3.22875817	2.664440735	5	4	2015	1
LI_WIK_006	16657	3	224320.421875	185191.484375	9991.1494140625	0.0388240957868091	0.024849	0.1012	1	LIMGNK0177	2.281491003	3.153110048	2.522857143	3.22875817	2.664440735	5	4	2015	1
LI_WIK_006	16685	3	224320.421875	185191.484375	9991.1494140625	0.0388240957868091	0.054216	0.0875	1	LIMGNK0177	2.281491003	3.153110048	2.522857143	3.22875817	2.664440735	5	4	2015	1
LI_WIK_006	16721	3	224320.421875	185191.484375	9991.1494140625	0.0388240957868091	0.049698	0.05	1	LIMGNK0177	2.281491003	3.153110048	2.522857143	3.22875817	2.664440735	5	4	2015	1
LI_WIK_006	16748	3	224320.421875	185191.484375	9991.1494140625	0.0388240957868091	0.02259	0.0441	1	LIMGNK0177	2.281491003	3.153110048	2.522857143	3.22875817	2.664440735	5	4	2015	1
LI_WIK_006	16776	3	224320.421875	185191.484375	9991.1494140625	0.0465889149441709	0.176202	0.041	1	LIMGNK0177	2.281491003	3.153110048	2.522857143	3.22875817	2.664440735	5	4	2015	1
LI_WIK_006	16847	3	224320.421875	185191.484375	9991.1494140625	0.0543537341015328	0.332073	0.06	1	LIMGNK0177	2.281491003	3.153110048	2.522857143	3.22875817	2.664440735	5	4	2016	1
LI_WIK_006	16874	3	224320.421875	185191.484375	9991.1494140625	0.0388240957868091	0.106173	0.0487	1	LIMGNK0177	2.281491003	3.153110048	2.522857143	3.22875817	2.664440735	5	4	2016	1
LI_WIK_006	16909	3	224320.421875	185191.484375	9991.1494140625	0.0388240957868091	0.02259	0.0674	1	LIMGNK0177	2.281491003	3.153110048	2.522857143	3.22875817	2.664440735	5	4	2016	1
LI_WIK_006	16939	3	224320.421875	185191.484375	9991.1494140625	0.0388240957868091	0.02259	0.0906	1	LIMGNK0177	2.281491003	3.153110048	2.522857143	3.22875817	2.664440735	5	4	2016	1
AN_LIL_001	16972	3	181694.328125	218141.734375	1480.11926269531	0.209650117248769	0.131022	0.0533	1	ANTLIL0547	2.447368421	3.156746032	3.871657754	3.639668367	3.655713219	5	2	2016	1
AN_LIL_001	16986	3	181694.328125	218141.734375	1480.11926269531	0.17082602146196	0.02259	0.0417	1	ANTLIL0547	2.447368421	3.156746032	3.871657754	3.639668367	3.655713219	5	2	2016	1
AN_LIL_001	17029	3	181694.328125	218141.734375	1480.11926269531	0.0388240957868091	0.02259	0.02	1	ANTLIL0547	2.447368421	3.156746032	3.871657754	3.639668367	3.655713219	5	2	2016	1
AN_LIL_001	17063	3	181694.328125	218141.734375	1480.11926269531	0.0388240957868091	0.029367	0.0341	1	ANTLIL0547	2.447368421	3.156746032	3.871657754	3.639668367	3.655713219	5	2	2016	1
AN_LIL_001	17091	3	181694.328125	218141.734375	1480.11926269531	0.0543537341015328	0.099396	0.02	1	ANTLIL0547	2.447368421	3.156746032	3.871657754	3.639668367	3.655713219	5	2	2016	1
AN_LIL_001	17113	3	181694.328125	218141.734375	1480.11926269531	0.543537341015328	0.02259	0.0443	1	ANTLIL0547	2.447368421	3.156746032	3.871657754	3.639668367	3.655713219	5	2	2016	1
AN_LIL_001	17140	3	181694.328125	218141.734375	1480.11926269531	1.14919323528955	0.040662	0.02	1	ANTLIL0547	2.447368421	3.156746032	3.871657754	3.639668367	3.655713219	5	2	2016	1
AN_LIL_001	17182	3	181694.328125	218141.734375	1480.11926269531	0.489183606913795	0.060993	0.02	1	ANTLIL0547	2.447368421	3.156746032	3.871657754	3.639668367	3.655713219	5	2	2017	1
AN_LIL_001	17218	3	181694.328125	218141.734375	1480.11926269531	0.124237106517789	0.031626	0.02	1	ANTLIL0547	2.447368421	3.156746032	3.871657754	3.639668367	3.655713219	5	2	2017	1
AN_LIL_001	17245	3	181694.328125	218141.734375	1480.11926269531	0.186355659776684	0.06777	0.02	1	ANTLIL0547	2.447368421	3.156746032	3.871657754	3.639668367	3.655713219	5	2	2017	1
AN_LIL_001	17267	3	181694.328125	218141.734375	1480.11926269531	0.0543537341015328	0.040662	0.02	1	ANTLIL0547	2.447368421	3.156746032	3.871657754	3.639668367	3.655713219	5	2	2017	1
AN_LIL_001	17301	3	181694.328125	218141.734375	1480.11926269531	0.0388240957868091	0.056475	0.02	1	ANTLIL0547	2.447368421	3.156746032	3.871657754	3.639668367	3.655713219	5	2	2017	1
WV_VLO_003	16216	3	61525.1328125	205060.953125	2392.74877929688	0.0776481915736183	0.029367	NA	1	WVLJAB0140	1.533807829	3.157894737	2.090789474	3.225452196	3.092976589	4	4	2014	1
WV_VLO_003	16245	3	61525.1328125	205060.953125	2392.74877929688	0.0776481915736183	0.042921	NA	1	WVLJAB0140	1.533807829	3.157894737	2.090789474	3.225452196	3.092976589	4	4	2014	1
WV_VLO_003	16274	3	61525.1328125	205060.953125	2392.74877929688	0.0776481915736183	0.058734	NA	1	WVLJAB0140	1.533807829	3.157894737	2.090789474	3.225452196	3.092976589	4	4	2014	1
WV_VLO_003	16308	3	61525.1328125	205060.953125	2392.74877929688	0.0776481915736183	0.031626	NA	1	WVLJAB0140	1.533807829	3.157894737	2.090789474	3.225452196	3.092976589	4	4	2014	1
WV_VLO_003	16342	3	61525.1328125	205060.953125	2392.74877929688	0.0776481915736183	0.024849	NA	1	WVLJAB0140	1.533807829	3.157894737	2.090789474	3.225452196	3.092976589	4	4	2014	1
WV_VLO_003	16392	3	61525.1328125	205060.953125	2392.74877929688	0.0776481915736183	0.038403	NA	1	WVLJAB0140	1.533807829	3.157894737	2.090789474	3.225452196	3.092976589	4	4	2014	1
LI_MUN_002	16972	4	232515.734375	177527.0625	4675.43310546875	0.0854130107309801	0.210087	0.0675	1	LIMBIL0336	2.313858696	3.174846626	2.426267281	3.580166271	3.232962448	5	4	2016	1
LI_MUN_002	17015	4	232515.734375	177527.0625	4675.43310546875	0.139766744832513	0.027108	0.02	1	LIMBIL0336	2.313858696	3.174846626	2.426267281	3.580166271	3.232962448	5	4	2016	1
LI_MUN_002	17029	4	232515.734375	177527.0625	4675.43310546875	0.0388240957868091	0.02259	0.02	1	LIMBIL0336	2.313858696	3.174846626	2.426267281	3.580166271	3.232962448	5	4	2016	1
LI_MUN_002	17057	4	232515.734375	177527.0625	4675.43310546875	0.0388240957868091	0.02259	0.0615	1	LIMBIL0336	2.313858696	3.174846626	2.426267281	3.580166271	3.232962448	5	4	2016	1
LI_MUN_002	17084	4	232515.734375	177527.0625	4675.43310546875	0.0388240957868091	0.088101	0.061	1	LIMBIL0336	2.313858696	3.174846626	2.426267281	3.580166271	3.232962448	5	4	2016	1
LI_MUN_002	17126	4	232515.734375	177527.0625	4675.43310546875	0.0388240957868091	0.27108	0.0285	1	LIMBIL0336	2.313858696	3.174846626	2.426267281	3.580166271	3.232962448	5	4	2016	1
LI_MUN_002	17141	4	232515.734375	177527.0625	4675.43310546875	0.0388240957868091	0.079065	0.02	1	LIMBIL0336	2.313858696	3.174846626	2.426267281	3.580166271	3.232962448	5	4	2016	1
LI_MUN_002	17169	4	232515.734375	177527.0625	4675.43310546875	0.0854130107309801	0.11295	0.058	1	LIMBIL0336	2.313858696	3.174846626	2.426267281	3.580166271	3.232962448	5	4	2017	1
LI_MUN_002	17196	4	232515.734375	177527.0625	4675.43310546875	0.0388240957868091	0.393066	0.02	1	LIMBIL0336	2.313858696	3.174846626	2.426267281	3.580166271	3.232962448	5	4	2017	1
LI_MUN_002	17232	4	232515.734375	177527.0625	4675.43310546875	0.333887223766558	1.030104	0.0676	1	LIMBIL0336	2.313858696	3.174846626	2.426267281	3.580166271	3.232962448	5	4	2017	1
LI_MUN_002	17259	4	232515.734375	177527.0625	4675.43310546875	0.0776481915736183	0.826794	0.02	1	LIMBIL0336	2.313858696	3.174846626	2.426267281	3.580166271	3.232962448	5	4	2017	1
LI_MUN_002	17301	4	232515.734375	177527.0625	4675.43310546875	0.100942649045704	0.806463	0.02	1	LIMBIL0336	2.313858696	3.174846626	2.426267281	3.580166271	3.232962448	5	4	2017	1
VB_VOR_004	17336	3	179530.640625	184774.484375	596.025512695312	0.0388240957868091	0.040662	0.091	1	VBRARS0370	2.19434629	3.191176471	2.936813187	3.816107383	3.468939394	9	1	2017	1
VB_VOR_004	17336	5	179530.640625	184774.484375	596.025512695312	0.0388240957868091	0.040662	0.091	1	VBRARS0370	2.19434629	3.191176471	2.936813187	3.816107383	3.468939394	9	1	2017	1
VB_VOR_004	17336	6	179530.640625	184774.484375	596.025512695312	0.0388240957868091	0.040662	0.091	1	VBRARS0370	2.19434629	3.191176471	2.936813187	3.816107383	3.468939394	9	1	2017	1
VB_VOR_004	17350	3	179530.640625	184774.484375	596.025512695312	0.0388240957868091	0.027108	0.1674	1	VBRARS0370	2.19434629	3.191176471	2.936813187	3.816107383	3.468939394	9	1	2017	1
VB_VOR_004	17350	5	179530.640625	184774.484375	596.025512695312	0.0388240957868091	0.027108	0.1674	1	VBRARS0370	2.19434629	3.191176471	2.936813187	3.816107383	3.468939394	9	1	2017	1
VB_VOR_004	17350	6	179530.640625	184774.484375	596.025512695312	0.0388240957868091	0.027108	0.1674	1	VBRARS0370	2.19434629	3.191176471	2.936813187	3.816107383	3.468939394	9	1	2017	1
VB_VOR_004	17400	3	179530.640625	184774.484375	596.025512695312	0.0388240957868091	0.031626	0.021	1	VBRARS0370	2.19434629	3.191176471	2.936813187	3.816107383	3.468939394	9	1	2017	1
VB_VOR_004	17400	5	179530.640625	184774.484375	596.025512695312	0.0388240957868091	0.031626	0.021	1	VBRARS0370	2.19434629	3.191176471	2.936813187	3.816107383	3.468939394	9	1	2017	1
VB_VOR_004	17400	6	179530.640625	184774.484375	596.025512695312	0.0388240957868091	0.031626	0.021	1	VBRARS0370	2.19434629	3.191176471	2.936813187	3.816107383	3.468939394	9	1	2017	1
VB_VOR_004	17434	3	179530.640625	184774.484375	596.025512695312	0.0388240957868091	0.085842	0.026	1	VBRARS0370	2.19434629	3.191176471	2.936813187	3.816107383	3.468939394	9	1	2017	1
VB_VOR_004	17434	5	179530.640625	184774.484375	596.025512695312	0.0388240957868091	0.085842	0.026	1	VBRARS0370	2.19434629	3.191176471	2.936813187	3.816107383	3.468939394	9	1	2017	1
VB_VOR_004	17434	6	179530.640625	184774.484375	596.025512695312	0.0388240957868091	0.085842	0.026	1	VBRARS0370	2.19434629	3.191176471	2.936813187	3.816107383	3.468939394	9	1	2017	1
VB_VOR_004	17456	3	179530.640625	184774.484375	596.025512695312	0.0388240957868091	0.038403	0.0323	1	VBRARS0370	2.19434629	3.191176471	2.936813187	3.816107383	3.468939394	9	1	2017	1
VB_VOR_004	17456	5	179530.640625	184774.484375	596.025512695312	0.0388240957868091	0.038403	0.0323	1	VBRARS0370	2.19434629	3.191176471	2.936813187	3.816107383	3.468939394	9	1	2017	1
VB_VOR_004	17456	6	179530.640625	184774.484375	596.025512695312	0.0388240957868091	0.038403	0.0323	1	VBRARS0370	2.19434629	3.191176471	2.936813187	3.816107383	3.468939394	9	1	2017	1
VB_VOR_004	17497	3	179530.640625	184774.484375	596.025512695312	0.0931778298883419	0.20331	0.173	1	VBRARS0370	2.19434629	3.191176471	2.936813187	3.816107383	3.468939394	9	1	2017	1
VB_VOR_004	17497	5	179530.640625	184774.484375	596.025512695312	0.0931778298883419	0.20331	0.173	1	VBRARS0370	2.19434629	3.191176471	2.936813187	3.816107383	3.468939394	9	1	2017	1
VB_VOR_004	17497	6	179530.640625	184774.484375	596.025512695312	0.0931778298883419	0.20331	0.173	1	VBRARS0370	2.19434629	3.191176471	2.936813187	3.816107383	3.468939394	9	1	2017	1
VB_VOR_004	17512	3	179530.640625	184774.484375	596.025512695312	0.279533489665026	0.343368	0.1609	1	VBRARS0370	2.19434629	3.191176471	2.936813187	3.816107383	3.468939394	9	1	2017	1
VB_VOR_004	17512	5	179530.640625	184774.484375	596.025512695312	0.279533489665026	0.343368	0.1609	1	VBRARS0370	2.19434629	3.191176471	2.936813187	3.816107383	3.468939394	9	1	2017	1
VB_VOR_004	17512	6	179530.640625	184774.484375	596.025512695312	0.279533489665026	0.343368	0.1609	1	VBRARS0370	2.19434629	3.191176471	2.936813187	3.816107383	3.468939394	9	1	2017	1
VB_VOR_004	17539	3	179530.640625	184774.484375	596.025512695312	0.279533489665026	0.081324	0.2958	1	VBRARS0370	2.19434629	3.191176471	2.936813187	3.816107383	3.468939394	9	1	2018	1
VB_VOR_004	17539	5	179530.640625	184774.484375	596.025512695312	0.279533489665026	0.081324	0.2958	1	VBRARS0370	2.19434629	3.191176471	2.936813187	3.816107383	3.468939394	9	1	2018	1
VB_VOR_004	17539	6	179530.640625	184774.484375	596.025512695312	0.279533489665026	0.081324	0.2958	1	VBRARS0370	2.19434629	3.191176471	2.936813187	3.816107383	3.468939394	9	1	2018	1
VB_VOR_004	17567	3	179530.640625	184774.484375	596.025512695312	0.504713245228519	0.058734	0.126	1	VBRARS0370	2.19434629	3.191176471	2.936813187	3.816107383	3.468939394	9	1	2018	1
VB_VOR_004	17567	5	179530.640625	184774.484375	596.025512695312	0.504713245228519	0.058734	0.126	1	VBRARS0370	2.19434629	3.191176471	2.936813187	3.816107383	3.468939394	9	1	2018	1
VB_VOR_004	17567	6	179530.640625	184774.484375	596.025512695312	0.504713245228519	0.058734	0.126	1	VBRARS0370	2.19434629	3.191176471	2.936813187	3.816107383	3.468939394	9	1	2018	1
VB_VOR_004	17609	3	179530.640625	184774.484375	596.025512695312	0.217414936406131	0.058734	0.138	1	VBRARS0370	2.19434629	3.191176471	2.936813187	3.816107383	3.468939394	9	1	2018	1
VB_VOR_004	17609	5	179530.640625	184774.484375	596.025512695312	0.217414936406131	0.058734	0.138	1	VBRARS0370	2.19434629	3.191176471	2.936813187	3.816107383	3.468939394	9	1	2018	1
VB_VOR_004	17609	6	179530.640625	184774.484375	596.025512695312	0.217414936406131	0.058734	0.138	1	VBRARS0370	2.19434629	3.191176471	2.936813187	3.816107383	3.468939394	9	1	2018	1
VB_VOR_004	17637	3	179530.640625	184774.484375	596.025512695312	0.0388240957868091	0.085842	0.165	1	VBRARS0370	2.19434629	3.191176471	2.936813187	3.816107383	3.468939394	9	1	2018	1
VB_VOR_004	17637	5	179530.640625	184774.484375	596.025512695312	0.0388240957868091	0.085842	0.165	1	VBRARS0370	2.19434629	3.191176471	2.936813187	3.816107383	3.468939394	9	1	2018	1
VB_VOR_004	17637	6	179530.640625	184774.484375	596.025512695312	0.0388240957868091	0.085842	0.165	1	VBRARS0370	2.19434629	3.191176471	2.936813187	3.816107383	3.468939394	9	1	2018	1
VB_VOR_004	17680	3	179530.640625	184774.484375	596.025512695312	0.295063127979749	0.040662	0.0812	1	VBRARS0370	2.19434629	3.191176471	2.936813187	3.816107383	3.468939394	9	1	2018	1
VB_VOR_004	17680	5	179530.640625	184774.484375	596.025512695312	0.295063127979749	0.040662	0.0812	1	VBRARS0370	2.19434629	3.191176471	2.936813187	3.816107383	3.468939394	9	1	2018	1
VB_VOR_004	17680	6	179530.640625	184774.484375	596.025512695312	0.295063127979749	0.040662	0.0812	1	VBRARS0370	2.19434629	3.191176471	2.936813187	3.816107383	3.468939394	9	1	2018	1
LI_KBR_003	16972	3	240332.421875	208803.875	135956.1875	0.302827947137111	3.560184	0.0657	1	LIMBRE0285	2.502069781	3.195187166	2.476406534	2.962848297	2.434023286	5	4	2016	1
LI_KBR_003	16972	4	240332.421875	208803.875	135956.1875	0.302827947137111	3.560184	0.0657	1	LIMBRE0285	2.502069781	3.195187166	2.476406534	2.962848297	2.434023286	5	4	2016	1
LI_KBR_003	17014	3	240332.421875	208803.875	135956.1875	0.0776481915736183	0.02259	0.0637	1	LIMBRE0285	2.502069781	3.195187166	2.476406534	2.962848297	2.434023286	5	4	2016	1
LI_KBR_003	17014	4	240332.421875	208803.875	135956.1875	0.0776481915736183	0.02259	0.0637	1	LIMBRE0285	2.502069781	3.195187166	2.476406534	2.962848297	2.434023286	5	4	2016	1
LI_KBR_003	17030	3	240332.421875	208803.875	135956.1875	0.0388240957868091	0.02259	0.1335	1	LIMBRE0285	2.502069781	3.195187166	2.476406534	2.962848297	2.434023286	5	4	2016	1
LI_KBR_003	17030	4	240332.421875	208803.875	135956.1875	0.0388240957868091	0.02259	0.1335	1	LIMBRE0285	2.502069781	3.195187166	2.476406534	2.962848297	2.434023286	5	4	2016	1
LI_KBR_003	17064	3	240332.421875	208803.875	135956.1875	0.201885298091407	0.02259	0.223	1	LIMBRE0285	2.502069781	3.195187166	2.476406534	2.962848297	2.434023286	5	4	2016	1
LI_KBR_003	17064	4	240332.421875	208803.875	135956.1875	0.201885298091407	0.02259	0.223	1	LIMBRE0285	2.502069781	3.195187166	2.476406534	2.962848297	2.434023286	5	4	2016	1
LI_KBR_003	17127	3	240332.421875	208803.875	135956.1875	1.545199012315	0.58734	0.0752	1	LIMBRE0285	2.502069781	3.195187166	2.476406534	2.962848297	2.434023286	5	4	2016	1
LI_KBR_003	17127	4	240332.421875	208803.875	135956.1875	1.545199012315	0.58734	0.0752	1	LIMBRE0285	2.502069781	3.195187166	2.476406534	2.962848297	2.434023286	5	4	2016	1
LI_KBR_003	17182	3	240332.421875	208803.875	135956.1875	0.310592766294473	1.224378	0.0382	1	LIMBRE0285	2.502069781	3.195187166	2.476406534	2.962848297	2.434023286	5	4	2017	1
LI_KBR_003	17182	4	240332.421875	208803.875	135956.1875	0.310592766294473	1.224378	0.0382	1	LIMBRE0285	2.502069781	3.195187166	2.476406534	2.962848297	2.434023286	5	4	2017	1
LI_KBR_003	17210	3	240332.421875	208803.875	135956.1875	0.0388240957868091	0.989442	0.0744	1	LIMBRE0285	2.502069781	3.195187166	2.476406534	2.962848297	2.434023286	5	4	2017	1
LI_KBR_003	17210	4	240332.421875	208803.875	135956.1875	0.0388240957868091	0.989442	0.0744	1	LIMBRE0285	2.502069781	3.195187166	2.476406534	2.962848297	2.434023286	5	4	2017	1
LI_KBR_003	17231	3	240332.421875	208803.875	135956.1875	0.0388240957868091	0.49698	0.0603	1	LIMBRE0285	2.502069781	3.195187166	2.476406534	2.962848297	2.434023286	5	4	2017	1
LI_KBR_003	17231	4	240332.421875	208803.875	135956.1875	0.0388240957868091	0.49698	0.0603	1	LIMBRE0285	2.502069781	3.195187166	2.476406534	2.962848297	2.434023286	5	4	2017	1
LI_KBR_003	17274	3	240332.421875	208803.875	135956.1875	0.0931778298883419	0.524088	0.039	1	LIMBRE0285	2.502069781	3.195187166	2.476406534	2.962848297	2.434023286	5	4	2017	1
LI_KBR_003	17274	4	240332.421875	208803.875	135956.1875	0.0931778298883419	0.524088	0.039	1	LIMBRE0285	2.502069781	3.195187166	2.476406534	2.962848297	2.434023286	5	4	2017	1
LI_KBR_003	17294	3	240332.421875	208803.875	135956.1875	0.0465889149441709	0.149094	0.028	1	LIMBRE0285	2.502069781	3.195187166	2.476406534	2.962848297	2.434023286	5	4	2017	1
LI_KBR_003	17294	4	240332.421875	208803.875	135956.1875	0.0465889149441709	0.149094	0.028	1	LIMBRE0285	2.502069781	3.195187166	2.476406534	2.962848297	2.434023286	5	4	2017	1
AN_BOG_001	16587	3	197396.5	234690.5	64056.03515625	1.35884335253832	0.02259	0.2421	1	ANTRAV0052	2.39986868	3.197761194	3.393018018	3.850649351	3.918588874	5	4	2015	1
AN_BOG_001	16587	4	197396.5	234690.5	64056.03515625	1.35884335253832	0.02259	0.2421	1	ANTRAV0052	2.39986868	3.197761194	3.393018018	3.850649351	3.918588874	5	4	2015	1
AN_BOG_001	16622	3	197396.5	234690.5	64056.03515625	0.0465889149441709	0.04518	0.3607	1	ANTRAV0052	2.39986868	3.197761194	3.393018018	3.850649351	3.918588874	5	4	2015	1
AN_BOG_001	16622	4	197396.5	234690.5	64056.03515625	0.0465889149441709	0.04518	0.3607	1	ANTRAV0052	2.39986868	3.197761194	3.393018018	3.850649351	3.918588874	5	4	2015	1
AN_BOG_001	16644	3	197396.5	234690.5	64056.03515625	0.372711319553368	0.09036	0.371	1	ANTRAV0052	2.39986868	3.197761194	3.393018018	3.850649351	3.918588874	5	4	2015	1
AN_BOG_001	16644	4	197396.5	234690.5	64056.03515625	0.372711319553368	0.09036	0.371	1	ANTRAV0052	2.39986868	3.197761194	3.393018018	3.850649351	3.918588874	5	4	2015	1
AN_BOG_001	16672	3	197396.5	234690.5	64056.03515625	0.17082602146196	0.072288	0.1907	1	ANTRAV0052	2.39986868	3.197761194	3.393018018	3.850649351	3.918588874	5	4	2015	1
AN_BOG_001	16672	4	197396.5	234690.5	64056.03515625	0.17082602146196	0.072288	0.1907	1	ANTRAV0052	2.39986868	3.197761194	3.393018018	3.850649351	3.918588874	5	4	2015	1
AN_BOG_001	16714	3	197396.5	234690.5	64056.03515625	0.0388240957868091	0.038403	0.08	1	ANTRAV0052	2.39986868	3.197761194	3.393018018	3.850649351	3.918588874	5	4	2015	1
AN_BOG_001	16714	4	197396.5	234690.5	64056.03515625	0.0388240957868091	0.038403	0.08	1	ANTRAV0052	2.39986868	3.197761194	3.393018018	3.850649351	3.918588874	5	4	2015	1
AN_BOG_001	16735	3	197396.5	234690.5	64056.03515625	0.139766744832513	0.072288	0.14	1	ANTRAV0052	2.39986868	3.197761194	3.393018018	3.850649351	3.918588874	5	4	2015	1
AN_BOG_001	16735	4	197396.5	234690.5	64056.03515625	0.139766744832513	0.072288	0.14	1	ANTRAV0052	2.39986868	3.197761194	3.393018018	3.850649351	3.918588874	5	4	2015	1
AN_BOG_001	16763	3	197396.5	234690.5	64056.03515625	1.3821378100104	0.162648	0.068	1	ANTRAV0052	2.39986868	3.197761194	3.393018018	3.850649351	3.918588874	5	4	2015	1
AN_BOG_001	16763	4	197396.5	234690.5	64056.03515625	1.3821378100104	0.162648	0.068	1	ANTRAV0052	2.39986868	3.197761194	3.393018018	3.850649351	3.918588874	5	4	2015	1
AN_BOG_001	16804	3	197396.5	234690.5	64056.03515625	0.139766744832513	0.456318	0.0823	1	ANTRAV0052	2.39986868	3.197761194	3.393018018	3.850649351	3.918588874	5	4	2016	1
AN_BOG_001	16804	4	197396.5	234690.5	64056.03515625	0.139766744832513	0.456318	0.0823	1	ANTRAV0052	2.39986868	3.197761194	3.393018018	3.850649351	3.918588874	5	4	2016	1
AN_BOG_001	16833	3	197396.5	234690.5	64056.03515625	0.139766744832513	1.357659	0.0811	1	ANTRAV0052	2.39986868	3.197761194	3.393018018	3.850649351	3.918588874	5	4	2016	1
AN_BOG_001	16833	4	197396.5	234690.5	64056.03515625	0.139766744832513	1.357659	0.0811	1	ANTRAV0052	2.39986868	3.197761194	3.393018018	3.850649351	3.918588874	5	4	2016	1
AN_BOG_001	16861	3	197396.5	234690.5	64056.03515625	0.155296383147237	1.283112	0.0789	1	ANTRAV0052	2.39986868	3.197761194	3.393018018	3.850649351	3.918588874	5	4	2016	1
AN_BOG_001	16861	4	197396.5	234690.5	64056.03515625	0.155296383147237	1.283112	0.0789	1	ANTRAV0052	2.39986868	3.197761194	3.393018018	3.850649351	3.918588874	5	4	2016	1
AN_BOG_001	16902	3	197396.5	234690.5	64056.03515625	0.186355659776684	0.291411	0.0919	1	ANTRAV0052	2.39986868	3.197761194	3.393018018	3.850649351	3.918588874	5	4	2016	1
AN_BOG_001	16902	4	197396.5	234690.5	64056.03515625	0.186355659776684	0.291411	0.0919	1	ANTRAV0052	2.39986868	3.197761194	3.393018018	3.850649351	3.918588874	5	4	2016	1
AN_BOG_001	16923	3	197396.5	234690.5	64056.03515625	0.0388240957868091	0.029367	0.064	1	ANTRAV0052	2.39986868	3.197761194	3.393018018	3.850649351	3.918588874	5	4	2016	1
AN_BOG_001	16923	4	197396.5	234690.5	64056.03515625	0.0388240957868091	0.029367	0.064	1	ANTRAV0052	2.39986868	3.197761194	3.393018018	3.850649351	3.918588874	5	4	2016	1
LI_BEG_001	16196	3	221604.46875	200327.984375	3972.8681640625	0.0776481915736183	0.11295	NA	1	LIMHEC0026	2.759259259	3.204	2.488558352	2.760918253	3.53887762	5	2	2014	1
LI_BEG_001	16237	3	221604.46875	200327.984375	3972.8681640625	0.458124330284348	0.241713	NA	1	LIMHEC0026	2.759259259	3.204	2.488558352	2.760918253	3.53887762	5	2	2014	1
LI_BEG_001	16265	3	221604.46875	200327.984375	3972.8681640625	0.0776481915736183	0.02259	NA	1	LIMHEC0026	2.759259259	3.204	2.488558352	2.760918253	3.53887762	5	2	2014	1
LI_BEG_001	16301	3	221604.46875	200327.984375	3972.8681640625	0.0776481915736183	0.02259	NA	1	LIMHEC0026	2.759259259	3.204	2.488558352	2.760918253	3.53887762	5	2	2014	1
LI_BEG_001	16336	3	221604.46875	200327.984375	3972.8681640625	0.0931778298883419	0.137799	NA	1	LIMHEC0026	2.759259259	3.204	2.488558352	2.760918253	3.53887762	5	2	2014	1
LI_BEG_001	16377	3	221604.46875	200327.984375	3972.8681640625	0.0776481915736183	0.115209	NA	1	LIMHEC0026	2.759259259	3.204	2.488558352	2.760918253	3.53887762	5	2	2014	1
LI_MLV_005	16182	3	217188.921875	185826.28125	8895.5126953125	0.0776481915736183	0.042921	NA	1	LIMZNH0478	2.643396226	3.205	3.212009804	2.272126816	3.690290574	5	4	2014	1
LI_MLV_005	16182	4	217188.921875	185826.28125	8895.5126953125	0.0776481915736183	0.042921	NA	1	LIMZNH0478	2.643396226	3.205	3.212009804	2.272126816	3.690290574	5	4	2014	1
LI_MLV_005	16224	3	217188.921875	185826.28125	8895.5126953125	0.0776481915736183	0.031626	NA	1	LIMZNH0478	2.643396226	3.205	3.212009804	2.272126816	3.690290574	5	4	2014	1
LI_MLV_005	16224	4	217188.921875	185826.28125	8895.5126953125	0.0776481915736183	0.031626	NA	1	LIMZNH0478	2.643396226	3.205	3.212009804	2.272126816	3.690290574	5	4	2014	1
LI_MLV_005	16251	3	217188.921875	185826.28125	8895.5126953125	0.0776481915736183	0.02259	NA	1	LIMZNH0478	2.643396226	3.205	3.212009804	2.272126816	3.690290574	5	4	2014	1
LI_MLV_005	16251	4	217188.921875	185826.28125	8895.5126953125	0.0776481915736183	0.02259	NA	1	LIMZNH0478	2.643396226	3.205	3.212009804	2.272126816	3.690290574	5	4	2014	1
LI_MLV_005	16286	3	217188.921875	185826.28125	8895.5126953125	0.0776481915736183	0.033885	NA	1	LIMZNH0478	2.643396226	3.205	3.212009804	2.272126816	3.690290574	5	4	2014	1
LI_MLV_005	16286	4	217188.921875	185826.28125	8895.5126953125	0.0776481915736183	0.033885	NA	1	LIMZNH0478	2.643396226	3.205	3.212009804	2.272126816	3.690290574	5	4	2014	1
LI_MLV_005	16321	3	217188.921875	185826.28125	8895.5126953125	0.0776481915736183	0.06777	NA	1	LIMZNH0478	2.643396226	3.205	3.212009804	2.272126816	3.690290574	5	4	2014	1
LI_MLV_005	16321	4	217188.921875	185826.28125	8895.5126953125	0.0776481915736183	0.06777	NA	1	LIMZNH0478	2.643396226	3.205	3.212009804	2.272126816	3.690290574	5	4	2014	1
LI_MLV_005	16363	3	217188.921875	185826.28125	8895.5126953125	0.0776481915736183	0.047439	NA	1	LIMZNH0478	2.643396226	3.205	3.212009804	2.272126816	3.690290574	5	4	2014	1
LI_MLV_005	16363	4	217188.921875	185826.28125	8895.5126953125	0.0776481915736183	0.047439	NA	1	LIMZNH0478	2.643396226	3.205	3.212009804	2.272126816	3.690290574	5	4	2014	1
LI_WIK_003	16188	3	224438.453125	185083.890625	35554.51171875	0.0776481915736183	0.027108	NA	1	LIMGNK0095	2.764631043	3.210526316	2.219321149	3.69189907	2.954545455	5	4	2014	1
LI_WIK_003	16224	3	224438.453125	185083.890625	35554.51171875	0.0776481915736183	0.036144	NA	1	LIMGNK0095	2.764631043	3.210526316	2.219321149	3.69189907	2.954545455	5	4	2014	1
LI_WIK_003	16252	3	224438.453125	185083.890625	35554.51171875	0.0776481915736183	0.02259	NA	1	LIMGNK0095	2.764631043	3.210526316	2.219321149	3.69189907	2.954545455	5	4	2014	1
LI_WIK_003	16287	3	224438.453125	185083.890625	35554.51171875	0.0776481915736183	0.024849	NA	1	LIMGNK0095	2.764631043	3.210526316	2.219321149	3.69189907	2.954545455	5	4	2014	1
LI_WIK_003	16322	3	224438.453125	185083.890625	35554.51171875	0.0776481915736183	0.024849	NA	1	LIMGNK0095	2.764631043	3.210526316	2.219321149	3.69189907	2.954545455	5	4	2014	1
LI_WIK_003	16364	3	224438.453125	185083.890625	35554.51171875	0.0776481915736183	0.031626	NA	1	LIMGNK0095	2.764631043	3.210526316	2.219321149	3.69189907	2.954545455	5	4	2014	1
AN_MUI_003	16952	5	205654.8125	219027.34375	6542.91162109375	0.613420713431584	0.083583	0.0453	1	ANTMOL0066	2.045751634	3.217573222	2.726388889	4.156862745	3.463320463	5	2	2016	1
AN_MUI_003	16979	5	205654.8125	219027.34375	6542.91162109375	0.0388240957868091	0.9036	0.0246	1	ANTMOL0066	2.045751634	3.217573222	2.726388889	4.156862745	3.463320463	5	2	2016	1
AN_MUI_003	17029	5	205654.8125	219027.34375	6542.91162109375	0.124237106517789	0.02259	0.0576	1	ANTMOL0066	2.045751634	3.217573222	2.726388889	4.156862745	3.463320463	5	2	2016	1
AN_MUI_003	17049	5	205654.8125	219027.34375	6542.91162109375	0.100942649045704	0.027108	0.02	1	ANTMOL0066	2.045751634	3.217573222	2.726388889	4.156862745	3.463320463	5	2	2016	1
AN_MUI_003	17077	5	205654.8125	219027.34375	6542.91162109375	0.100942649045704	0.065511	0.0395	1	ANTMOL0066	2.045751634	3.217573222	2.726388889	4.156862745	3.463320463	5	2	2016	1
AN_MUI_003	17112	5	205654.8125	219027.34375	6542.91162109375	0.186355659776684	0.56475	0.062	1	ANTMOL0066	2.045751634	3.217573222	2.726388889	4.156862745	3.463320463	5	2	2016	1
AN_MUI_003	17134	5	205654.8125	219027.34375	6542.91162109375	0.46588914944171	0.108432	0.0445	1	ANTMOL0066	2.045751634	3.217573222	2.726388889	4.156862745	3.463320463	5	2	2016	1
AN_MUI_003	17169	5	205654.8125	219027.34375	6542.91162109375	0.46588914944171	0.151353	0.0582	1	ANTMOL0066	2.045751634	3.217573222	2.726388889	4.156862745	3.463320463	5	2	2017	1
AN_MUI_003	17196	5	205654.8125	219027.34375	6542.91162109375	0.846365288152439	0.047439	0.0425	1	ANTMOL0066	2.045751634	3.217573222	2.726388889	4.156862745	3.463320463	5	2	2017	1
AN_MUI_003	17238	5	205654.8125	219027.34375	6542.91162109375	0.139766744832513	0.13554	0.02	1	ANTMOL0066	2.045751634	3.217573222	2.726388889	4.156862745	3.463320463	5	2	2017	1
AN_MUI_003	17259	5	205654.8125	219027.34375	6542.91162109375	0.0854130107309801	0.049698	0.0276	1	ANTMOL0066	2.045751634	3.217573222	2.726388889	4.156862745	3.463320463	5	2	2017	1
AN_MUI_003	17294	5	205654.8125	219027.34375	6542.91162109375	0.0388240957868091	0.04518	0.02	1	ANTMOL0066	2.045751634	3.217573222	2.726388889	4.156862745	3.463320463	5	2	2017	1
LI_TOM_001	17344	6	215869.171875	180807.5	103.608993530273	0.0543537341015328	0.063252	0.17	1	LIMHAS0103	2	3.218934911	3.694070081	3.531481481	2.981788966	9	2	2017	1
LI_TOM_001	17371	6	215869.171875	180807.5	103.608993530273	0.0388240957868091	0.083583	0.15	1	LIMHAS0103	2	3.218934911	3.694070081	3.531481481	2.981788966	9	2	2017	1
LI_TOM_001	17385	6	215869.171875	180807.5	103.608993530273	0.108707468203066	0.079065	0.132	1	LIMHAS0103	2	3.218934911	3.694070081	3.531481481	2.981788966	9	2	2017	1
LI_TOM_001	17413	6	215869.171875	180807.5	103.608993530273	0.0388240957868091	0.065511	0.0902	1	LIMHAS0103	2	3.218934911	3.694070081	3.531481481	2.981788966	9	2	2017	1
LI_TOM_001	17441	6	215869.171875	180807.5	103.608993530273	0.0931778298883419	0.133281	0.09	1	LIMHAS0103	2	3.218934911	3.694070081	3.531481481	2.981788966	9	2	2017	1
LI_TOM_001	17476	6	215869.171875	180807.5	103.608993530273	0.139766744832513	0.092619	0.174	1	LIMHAS0103	2	3.218934911	3.694070081	3.531481481	2.981788966	9	2	2017	1
LI_TOM_001	17504	6	215869.171875	180807.5	103.608993530273	0.0388240957868091	0.058734	0.1718	1	LIMHAS0103	2	3.218934911	3.694070081	3.531481481	2.981788966	9	2	2017	1
LI_TOM_001	17539	6	215869.171875	180807.5	103.608993530273	0.0388240957868091	0.058734	0.1727	1	LIMHAS0103	2	3.218934911	3.694070081	3.531481481	2.981788966	9	2	2018	1
LI_TOM_001	17574	6	215869.171875	180807.5	103.608993530273	0.0698833724162564	0.092619	0.2043	1	LIMHAS0103	2	3.218934911	3.694070081	3.531481481	2.981788966	9	2	2018	1
LI_TOM_001	17595	6	215869.171875	180807.5	103.608993530273	0.25623903219294	0.051957	0.193	1	LIMHAS0103	2	3.218934911	3.694070081	3.531481481	2.981788966	9	2	2018	1
LI_TOM_001	17637	6	215869.171875	180807.5	103.608993530273	0.0388240957868091	0.074547	0.1326	1	LIMHAS0103	2	3.218934911	3.694070081	3.531481481	2.981788966	9	2	2018	1
LI_TOM_001	17665	6	215869.171875	180807.5	103.608993530273	0.0388240957868091	0.04518	0.097	1	LIMHAS0103	2	3.218934911	3.694070081	3.531481481	2.981788966	9	2	2018	1
AN_KOO_001	16196	4	170195.046875	224044.25	76144.234375	0.0776481915736183	0.560232	NA	1	ANTBCT0572	2.13292011	3.223404255	3.829066265	3.38415493	3.01399145	5	4	2014	1
AN_KOO_001	16223	4	170195.046875	224044.25	76144.234375	0.0776481915736183	0.081324	NA	1	ANTBCT0572	2.13292011	3.223404255	3.829066265	3.38415493	3.01399145	5	4	2014	1
AN_KOO_001	16251	4	170195.046875	224044.25	76144.234375	0.0776481915736183	0.029367	NA	1	ANTBCT0572	2.13292011	3.223404255	3.829066265	3.38415493	3.01399145	5	4	2014	1
AN_KOO_001	16287	4	170195.046875	224044.25	76144.234375	0.0776481915736183	0.02259	NA	1	ANTBCT0572	2.13292011	3.223404255	3.829066265	3.38415493	3.01399145	5	4	2014	1
AN_KOO_001	16322	4	170195.046875	224044.25	76144.234375	0.0776481915736183	0.02259	NA	1	ANTBCT0572	2.13292011	3.223404255	3.829066265	3.38415493	3.01399145	5	4	2014	1
AN_KOO_001	16364	4	170195.046875	224044.25	76144.234375	0.0854130107309801	0.065511	NA	1	ANTBCT0572	2.13292011	3.223404255	3.829066265	3.38415493	3.01399145	5	4	2014	1
OV_LIN_001	17330	6	122454.9296875	205645.578125	1131.32897949219	0.0388240957868091	0.027108	0.2743	1	OVLLOK0063	2	3.229559748	1.83776868	3.795861298	3.750588235	3	3	2017	1
OV_LIN_001	17350	6	122454.9296875	205645.578125	1131.32897949219	0.0388240957868091	0.02259	0.3817	1	OVLLOK0063	2	3.229559748	1.83776868	3.795861298	3.750588235	3	3	2017	1
OV_LIN_001	17378	6	122454.9296875	205645.578125	1131.32897949219	1.00942649045704	0.031626	0.6205	1	OVLLOK0063	2	3.229559748	1.83776868	3.795861298	3.750588235	3	3	2017	1
OV_LIN_001	17455	6	122454.9296875	205645.578125	1131.32897949219	1.2811951609647	0.040662	0.02	1	OVLLOK0063	2	3.229559748	1.83776868	3.795861298	3.750588235	3	3	2017	1
OV_LIN_001	17477	6	122454.9296875	205645.578125	1131.32897949219	3.03604429052847	0.056475	0.02	1	OVLLOK0063	2	3.229559748	1.83776868	3.795861298	3.750588235	3	3	2017	1
OV_LIN_001	17505	6	122454.9296875	205645.578125	1131.32897949219	1.14919323528955	3.966804	0.0971	1	OVLLOK0063	2	3.229559748	1.83776868	3.795861298	3.750588235	3	3	2017	1
OV_LIN_001	17546	6	122454.9296875	205645.578125	1131.32897949219	1.47531563989875	0.164907	0.09	1	OVLLOK0063	2	3.229559748	1.83776868	3.795861298	3.750588235	3	3	2018	1
OV_LIN_001	17568	6	122454.9296875	205645.578125	1131.32897949219	0.240709393878217	0.481167	0.076	1	OVLLOK0063	2	3.229559748	1.83776868	3.795861298	3.750588235	3	3	2018	1
OV_LIN_001	17582	6	122454.9296875	205645.578125	1131.32897949219	0.271768670507664	0.246231	0.046	1	OVLLOK0063	2	3.229559748	1.83776868	3.795861298	3.750588235	3	3	2018	1
OV_LIN_001	17617	6	122454.9296875	205645.578125	1131.32897949219	0.232944574720855	0.275598	0.058	1	OVLLOK0063	2	3.229559748	1.83776868	3.795861298	3.750588235	3	3	2018	1
OV_LIN_001	17665	6	122454.9296875	205645.578125	1131.32897949219	0.0388240957868091	0.036144	0.0907	1	OVLLOK0063	2	3.229559748	1.83776868	3.795861298	3.750588235	3	3	2018	1
AN_PUL_003	17337	4	174466.25	212543.515625	49166.2578125	0.0388240957868091	0.04518	0.028	1	ANTZAN0175	1.830218069	3.235099338	3.583737864	3.662790698	3.659606657	5	2	2017	1
AN_PUL_003	17337	6	174466.25	212543.515625	49166.2578125	0.0388240957868091	0.04518	0.028	1	ANTZAN0175	1.830218069	3.235099338	3.583737864	3.662790698	3.659606657	5	2	2017	1
AN_PUL_003	17359	4	174466.25	212543.515625	49166.2578125	0.178590840619322	0.031626	0.037	1	ANTZAN0175	1.830218069	3.235099338	3.583737864	3.662790698	3.659606657	5	2	2017	1
AN_PUL_003	17359	6	174466.25	212543.515625	49166.2578125	0.178590840619322	0.031626	0.037	1	ANTZAN0175	1.830218069	3.235099338	3.583737864	3.662790698	3.659606657	5	2	2017	1
AN_PUL_003	17378	4	174466.25	212543.515625	49166.2578125	0.0388240957868091	0.029367	0.0279	1	ANTZAN0175	1.830218069	3.235099338	3.583737864	3.662790698	3.659606657	5	2	2017	1
AN_PUL_003	17378	6	174466.25	212543.515625	49166.2578125	0.0388240957868091	0.029367	0.0279	1	ANTZAN0175	1.830218069	3.235099338	3.583737864	3.662790698	3.659606657	5	2	2017	1
AN_PUL_003	17435	4	174466.25	212543.515625	49166.2578125	0.0388240957868091	0.040662	0.033	1	ANTZAN0175	1.830218069	3.235099338	3.583737864	3.662790698	3.659606657	5	2	2017	1
AN_PUL_003	17435	6	174466.25	212543.515625	49166.2578125	0.0388240957868091	0.040662	0.033	1	ANTZAN0175	1.830218069	3.235099338	3.583737864	3.662790698	3.659606657	5	2	2017	1
AN_PUL_003	17455	4	174466.25	212543.515625	49166.2578125	0.0621185532588946	0.074547	0.0373	1	ANTZAN0175	1.830218069	3.235099338	3.583737864	3.662790698	3.659606657	5	2	2017	1
AN_PUL_003	17455	6	174466.25	212543.515625	49166.2578125	0.0621185532588946	0.074547	0.0373	1	ANTZAN0175	1.830218069	3.235099338	3.583737864	3.662790698	3.659606657	5	2	2017	1
AN_PUL_003	17497	4	174466.25	212543.515625	49166.2578125	0.0698833724162564	0.063252	0.037	1	ANTZAN0175	1.830218069	3.235099338	3.583737864	3.662790698	3.659606657	5	2	2017	1
AN_PUL_003	17497	6	174466.25	212543.515625	49166.2578125	0.0698833724162564	0.063252	0.037	1	ANTZAN0175	1.830218069	3.235099338	3.583737864	3.662790698	3.659606657	5	2	2017	1
AN_PUL_003	17546	4	174466.25	212543.515625	49166.2578125	0.264003851350302	0.09036	0.043	1	ANTZAN0175	1.830218069	3.235099338	3.583737864	3.662790698	3.659606657	5	2	2018	1
AN_PUL_003	17546	6	174466.25	212543.515625	49166.2578125	0.264003851350302	0.09036	0.043	1	ANTZAN0175	1.830218069	3.235099338	3.583737864	3.662790698	3.659606657	5	2	2018	1
AN_PUL_003	17581	4	174466.25	212543.515625	49166.2578125	0.0388240957868091	0.099396	0.046	1	ANTZAN0175	1.830218069	3.235099338	3.583737864	3.662790698	3.659606657	5	2	2018	1
AN_PUL_003	17581	6	174466.25	212543.515625	49166.2578125	0.0388240957868091	0.099396	0.046	1	ANTZAN0175	1.830218069	3.235099338	3.583737864	3.662790698	3.659606657	5	2	2018	1
AN_PUL_003	17609	4	174466.25	212543.515625	49166.2578125	0.0388240957868091	0.054216	0.066	1	ANTZAN0175	1.830218069	3.235099338	3.583737864	3.662790698	3.659606657	5	2	2018	1
AN_PUL_003	17609	6	174466.25	212543.515625	49166.2578125	0.0388240957868091	0.054216	0.066	1	ANTZAN0175	1.830218069	3.235099338	3.583737864	3.662790698	3.659606657	5	2	2018	1
AN_PUL_003	17644	4	174466.25	212543.515625	49166.2578125	0.0388240957868091	0.049698	0.0575	1	ANTZAN0175	1.830218069	3.235099338	3.583737864	3.662790698	3.659606657	5	2	2018	1
AN_PUL_003	17644	6	174466.25	212543.515625	49166.2578125	0.0388240957868091	0.049698	0.0575	1	ANTZAN0175	1.830218069	3.235099338	3.583737864	3.662790698	3.659606657	5	2	2018	1
AN_PUL_003	17680	4	174466.25	212543.515625	49166.2578125	0.0388240957868091	0.027108	0.0473	1	ANTZAN0175	1.830218069	3.235099338	3.583737864	3.662790698	3.659606657	5	2	2018	1
AN_PUL_003	17680	6	174466.25	212543.515625	49166.2578125	0.0388240957868091	0.027108	0.0473	1	ANTZAN0175	1.830218069	3.235099338	3.583737864	3.662790698	3.659606657	5	2	2018	1
WV_BBV_003	17336	3	74260.6015625	200465.359375	452.31884765625	0.0543537341015328	0.063252	0.024	1	WVLOSK0273	2	3.235576923	2.093373494	4.064181399	3.859259259	4	2	2017	1
WV_BBV_003	17351	3	74260.6015625	200465.359375	452.31884765625	0.0388240957868091	0.079065	0.0284	1	WVLOSK0273	2	3.235576923	2.093373494	4.064181399	3.859259259	4	2	2017	1
WV_BBV_003	17385	3	74260.6015625	200465.359375	452.31884765625	0.0698833724162564	0.079065	0.042	1	WVLOSK0273	2	3.235576923	2.093373494	4.064181399	3.859259259	4	2	2017	1
WV_BBV_003	17435	3	74260.6015625	200465.359375	452.31884765625	0.0621185532588946	0.09036	0.027	1	WVLOSK0273	2	3.235576923	2.093373494	4.064181399	3.859259259	4	2	2017	1
WV_BBV_003	17456	3	74260.6015625	200465.359375	452.31884765625	0.108707468203066	0.160389	0.0263	1	WVLOSK0273	2	3.235576923	2.093373494	4.064181399	3.859259259	4	2	2017	1
WV_BBV_003	17476	3	74260.6015625	200465.359375	452.31884765625	0.0854130107309801	0.099396	0.051	1	WVLOSK0273	2	3.235576923	2.093373494	4.064181399	3.859259259	4	2	2017	1
WV_BBV_003	17504	3	74260.6015625	200465.359375	452.31884765625	0.0388240957868091	0.081324	0.0263	1	WVLOSK0273	2	3.235576923	2.093373494	4.064181399	3.859259259	4	2	2017	1
WV_BBV_003	17533	3	74260.6015625	200465.359375	452.31884765625	0.0388240957868091	0.047439	0.028	1	WVLOSK0273	2	3.235576923	2.093373494	4.064181399	3.859259259	4	2	2018	1
WV_BBV_003	17560	3	74260.6015625	200465.359375	452.31884765625	0.0388240957868091	0.072288	0.02	1	WVLOSK0273	2	3.235576923	2.093373494	4.064181399	3.859259259	4	2	2018	1
WV_BBV_003	17575	3	74260.6015625	200465.359375	452.31884765625	0.0465889149441709	0.063252	0.0252	1	WVLOSK0273	2	3.235576923	2.093373494	4.064181399	3.859259259	4	2	2018	1
WV_BBV_003	17637	3	74260.6015625	200465.359375	452.31884765625	0.139766744832513	0.2259	0.02	1	WVLOSK0273	2	3.235576923	2.093373494	4.064181399	3.859259259	4	2	2018	1
WV_BBV_003	17666	3	74260.6015625	200465.359375	452.31884765625	0.0388240957868091	0.099396	0.0514	1	WVLOSK0273	2	3.235576923	2.093373494	4.064181399	3.859259259	4	2	2018	1
AN_LIL_002	16972	3	180601.21875	216867.609375	7253.59228515625	0.0388240957868091	0.094878	0.1046	1	ANTLIL0293	2.476782753	3.238410596	3.87260274	3.335379464	3.210973725	5	2	2016	1
AN_LIL_002	17014	3	180601.21875	216867.609375	7253.59228515625	0.25623903219294	0.02259	0.0318	1	ANTLIL0293	2.476782753	3.238410596	3.87260274	3.335379464	3.210973725	5	2	2016	1
AN_LIL_002	17029	3	180601.21875	216867.609375	7253.59228515625	0.0388240957868091	0.02259	0.0318	1	ANTLIL0293	2.476782753	3.238410596	3.87260274	3.335379464	3.210973725	5	2	2016	1
AN_LIL_002	17063	3	180601.21875	216867.609375	7253.59228515625	0.0388240957868091	0.02259	0.0342	1	ANTLIL0293	2.476782753	3.238410596	3.87260274	3.335379464	3.210973725	5	2	2016	1
AN_LIL_002	17091	3	180601.21875	216867.609375	7253.59228515625	0.0388240957868091	0.042921	0.0221	1	ANTLIL0293	2.476782753	3.238410596	3.87260274	3.335379464	3.210973725	5	2	2016	1
AN_LIL_002	17112	3	180601.21875	216867.609375	7253.59228515625	0.0388240957868091	0.02259	0.02	1	ANTLIL0293	2.476782753	3.238410596	3.87260274	3.335379464	3.210973725	5	2	2016	1
AN_LIL_002	17127	3	180601.21875	216867.609375	7253.59228515625	0.0465889149441709	0.074547	0.0467	1	ANTLIL0293	2.476782753	3.238410596	3.87260274	3.335379464	3.210973725	5	2	2016	1
AN_LIL_002	17182	3	180601.21875	216867.609375	7253.59228515625	0.302827947137111	0.783873	0.1437	1	ANTLIL0293	2.476782753	3.238410596	3.87260274	3.335379464	3.210973725	5	2	2017	1
AN_LIL_002	17218	3	180601.21875	216867.609375	7253.59228515625	0.0388240957868091	0.02259	0.0371	1	ANTLIL0293	2.476782753	3.238410596	3.87260274	3.335379464	3.210973725	5	2	2017	1
AN_LIL_002	17245	3	180601.21875	216867.609375	7253.59228515625	0.232944574720855	0.320778	0.0606	1	ANTLIL0293	2.476782753	3.238410596	3.87260274	3.335379464	3.210973725	5	2	2017	1
AN_LIL_002	17267	3	180601.21875	216867.609375	7253.59228515625	0.0388240957868091	0.042921	0.026	1	ANTLIL0293	2.476782753	3.238410596	3.87260274	3.335379464	3.210973725	5	2	2017	1
AN_LIL_002	17295	3	180601.21875	216867.609375	7253.59228515625	0.0465889149441709	0.031626	0.02	1	ANTLIL0293	2.476782753	3.238410596	3.87260274	3.335379464	3.210973725	5	2	2017	1
VB_VOR_002	17336	6	179795.390625	184791.65625	121.483489990234	1.68496575714752	0.124245	1.5938	1	VBRARS0043	2	3.24	3.446666667	3.038560411	3.602108768	9	3	2017	1
VB_VOR_002	17350	6	179795.390625	184791.65625	121.483489990234	0.0388240957868091	0.076806	0.854	1	VBRARS0043	2	3.24	3.446666667	3.038560411	3.602108768	9	3	2017	1
VB_VOR_002	17400	6	179795.390625	184791.65625	121.483489990234	0.124237106517789	0.117468	0.468	1	VBRARS0043	2	3.24	3.446666667	3.038560411	3.602108768	9	3	2017	1
VB_VOR_002	17434	6	179795.390625	184791.65625	121.483489990234	0.0465889149441709	0.088101	0.698	1	VBRARS0043	2	3.24	3.446666667	3.038560411	3.602108768	9	3	2017	1
VB_VOR_002	17456	6	179795.390625	184791.65625	121.483489990234	0.411535415340177	0.162648	1.695	1	VBRARS0043	2	3.24	3.446666667	3.038560411	3.602108768	9	3	2017	1
VB_VOR_002	17497	6	179795.390625	184791.65625	121.483489990234	0.0388240957868091	0.058734	0.403	1	VBRARS0043	2	3.24	3.446666667	3.038560411	3.602108768	9	3	2017	1
VB_VOR_002	17512	6	179795.390625	184791.65625	121.483489990234	0.450359511126986	0.079065	0.9811	1	VBRARS0043	2	3.24	3.446666667	3.038560411	3.602108768	9	3	2017	1
VB_VOR_002	17539	6	179795.390625	184791.65625	121.483489990234	0.458124330284348	0.051957	0.2996	1	VBRARS0043	2	3.24	3.446666667	3.038560411	3.602108768	9	3	2018	1
VB_VOR_002	17567	6	179795.390625	184791.65625	121.483489990234	0.4270650536549	0.033885	0.129	1	VBRARS0043	2	3.24	3.446666667	3.038560411	3.602108768	9	3	2018	1
VB_VOR_002	17609	6	179795.390625	184791.65625	121.483489990234	0.0388240957868091	0.083583	0.104	1	VBRARS0043	2	3.24	3.446666667	3.038560411	3.602108768	9	3	2018	1
VB_VOR_002	17637	6	179795.390625	184791.65625	121.483489990234	0.0388240957868091	0.033885	0.0851	1	VBRARS0043	2	3.24	3.446666667	3.038560411	3.602108768	9	3	2018	1
VB_VOR_002	17680	6	179795.390625	184791.65625	121.483489990234	0.0388240957868091	0.02259	0.3852	1	VBRARS0043	2	3.24	3.446666667	3.038560411	3.602108768	9	3	2018	1
AN_E10_001	16196	3	161606.953125	221461.40625	74933.0234375	0.0776481915736183	0.216864	NA	1	ANTBRS0068	2.276587605	3.24025974	3.520689655	3.70631068	3.373399716	5	2	2014	1
AN_E10_001	16196	4	161606.953125	221461.40625	74933.0234375	0.0776481915736183	0.216864	NA	1	ANTBRS0068	2.276587605	3.24025974	3.520689655	3.70631068	3.373399716	5	2	2014	1
AN_E10_001	16196	5	161606.953125	221461.40625	74933.0234375	0.0776481915736183	0.216864	NA	1	ANTBRS0068	2.276587605	3.24025974	3.520689655	3.70631068	3.373399716	5	2	2014	1
AN_E10_001	16223	3	161606.953125	221461.40625	74933.0234375	0.0776481915736183	0.054216	NA	1	ANTBRS0068	2.276587605	3.24025974	3.520689655	3.70631068	3.373399716	5	2	2014	1
AN_E10_001	16223	4	161606.953125	221461.40625	74933.0234375	0.0776481915736183	0.054216	NA	1	ANTBRS0068	2.276587605	3.24025974	3.520689655	3.70631068	3.373399716	5	2	2014	1
AN_E10_001	16223	5	161606.953125	221461.40625	74933.0234375	0.0776481915736183	0.054216	NA	1	ANTBRS0068	2.276587605	3.24025974	3.520689655	3.70631068	3.373399716	5	2	2014	1
AN_E10_001	16251	3	161606.953125	221461.40625	74933.0234375	0.0776481915736183	0.02259	NA	1	ANTBRS0068	2.276587605	3.24025974	3.520689655	3.70631068	3.373399716	5	2	2014	1
AN_E10_001	16251	4	161606.953125	221461.40625	74933.0234375	0.0776481915736183	0.02259	NA	1	ANTBRS0068	2.276587605	3.24025974	3.520689655	3.70631068	3.373399716	5	2	2014	1
AN_E10_001	16251	5	161606.953125	221461.40625	74933.0234375	0.0776481915736183	0.02259	NA	1	ANTBRS0068	2.276587605	3.24025974	3.520689655	3.70631068	3.373399716	5	2	2014	1
AN_E10_001	16287	3	161606.953125	221461.40625	74933.0234375	0.0776481915736183	0.02259	NA	1	ANTBRS0068	2.276587605	3.24025974	3.520689655	3.70631068	3.373399716	5	2	2014	1
AN_E10_001	16287	4	161606.953125	221461.40625	74933.0234375	0.0776481915736183	0.02259	NA	1	ANTBRS0068	2.276587605	3.24025974	3.520689655	3.70631068	3.373399716	5	2	2014	1
AN_E10_001	16287	5	161606.953125	221461.40625	74933.0234375	0.0776481915736183	0.02259	NA	1	ANTBRS0068	2.276587605	3.24025974	3.520689655	3.70631068	3.373399716	5	2	2014	1
AN_E10_001	16322	3	161606.953125	221461.40625	74933.0234375	0.0776481915736183	0.02259	NA	1	ANTBRS0068	2.276587605	3.24025974	3.520689655	3.70631068	3.373399716	5	2	2014	1
AN_E10_001	16322	4	161606.953125	221461.40625	74933.0234375	0.0776481915736183	0.02259	NA	1	ANTBRS0068	2.276587605	3.24025974	3.520689655	3.70631068	3.373399716	5	2	2014	1
AN_E10_001	16322	5	161606.953125	221461.40625	74933.0234375	0.0776481915736183	0.02259	NA	1	ANTBRS0068	2.276587605	3.24025974	3.520689655	3.70631068	3.373399716	5	2	2014	1
AN_E10_001	16364	3	161606.953125	221461.40625	74933.0234375	0.0776481915736183	0.042921	NA	1	ANTBRS0068	2.276587605	3.24025974	3.520689655	3.70631068	3.373399716	5	2	2014	1
AN_E10_001	16364	4	161606.953125	221461.40625	74933.0234375	0.0776481915736183	0.042921	NA	1	ANTBRS0068	2.276587605	3.24025974	3.520689655	3.70631068	3.373399716	5	2	2014	1
AN_E10_001	16364	5	161606.953125	221461.40625	74933.0234375	0.0776481915736183	0.042921	NA	1	ANTBRS0068	2.276587605	3.24025974	3.520689655	3.70631068	3.373399716	5	2	2014	1
AN_SNE_004	16958	3	185748.234375	209981.59375	579.374938964844	0.0931778298883419	0.09036	0.0368	1	ANTKAS0030	2.350574713	3.242753623	3.413793103	3.821383648	3.342741935	5	2	2016	1
AN_SNE_004	16958	7	185748.234375	209981.59375	579.374938964844	0.0931778298883419	0.09036	0.0368	1	ANTKAS0030	2.350574713	3.242753623	3.413793103	3.821383648	3.342741935	5	2	2016	1
AN_SNE_004	17014	3	185748.234375	209981.59375	579.374938964844	0.194120478934046	0.02259	0.0286	1	ANTKAS0030	2.350574713	3.242753623	3.413793103	3.821383648	3.342741935	5	2	2016	1
AN_SNE_004	17014	7	185748.234375	209981.59375	579.374938964844	0.194120478934046	0.02259	0.0286	1	ANTKAS0030	2.350574713	3.242753623	3.413793103	3.821383648	3.342741935	5	2	2016	1
AN_SNE_004	17036	3	185748.234375	209981.59375	579.374938964844	0.0388240957868091	0.02259	0.0542	1	ANTKAS0030	2.350574713	3.242753623	3.413793103	3.821383648	3.342741935	5	2	2016	1
AN_SNE_004	17036	7	185748.234375	209981.59375	579.374938964844	0.0388240957868091	0.02259	0.0542	1	ANTKAS0030	2.350574713	3.242753623	3.413793103	3.821383648	3.342741935	5	2	2016	1
AN_SNE_004	17056	3	185748.234375	209981.59375	579.374938964844	0.0388240957868091	0.02259	0.0295	1	ANTKAS0030	2.350574713	3.242753623	3.413793103	3.821383648	3.342741935	5	2	2016	1
AN_SNE_004	17056	7	185748.234375	209981.59375	579.374938964844	0.0388240957868091	0.02259	0.0295	1	ANTKAS0030	2.350574713	3.242753623	3.413793103	3.821383648	3.342741935	5	2	2016	1
AN_SNE_004	17092	3	185748.234375	209981.59375	579.374938964844	1.13366359697483	0.11295	0.0899	1	ANTKAS0030	2.350574713	3.242753623	3.413793103	3.821383648	3.342741935	5	2	2016	1
AN_SNE_004	17092	7	185748.234375	209981.59375	579.374938964844	1.13366359697483	0.11295	0.0899	1	ANTKAS0030	2.350574713	3.242753623	3.413793103	3.821383648	3.342741935	5	2	2016	1
AN_SNE_004	17127	3	185748.234375	209981.59375	579.374938964844	1.52190455484292	0.2259	0.052	1	ANTKAS0030	2.350574713	3.242753623	3.413793103	3.821383648	3.342741935	5	2	2016	1
AN_SNE_004	17127	7	185748.234375	209981.59375	579.374938964844	1.52190455484292	0.2259	0.052	1	ANTKAS0030	2.350574713	3.242753623	3.413793103	3.821383648	3.342741935	5	2	2016	1
AN_SNE_004	17140	3	185748.234375	209981.59375	579.374938964844	1.66167129967543	0.063252	0.0583	1	ANTKAS0030	2.350574713	3.242753623	3.413793103	3.821383648	3.342741935	5	2	2016	1
AN_SNE_004	17140	7	185748.234375	209981.59375	579.374938964844	1.66167129967543	0.063252	0.0583	1	ANTKAS0030	2.350574713	3.242753623	3.413793103	3.821383648	3.342741935	5	2	2016	1
AN_SNE_004	17176	3	185748.234375	209981.59375	579.374938964844	1.67720093799015	0.092619	0.02	1	ANTKAS0030	2.350574713	3.242753623	3.413793103	3.821383648	3.342741935	5	2	2017	1
AN_SNE_004	17176	7	185748.234375	209981.59375	579.374938964844	1.67720093799015	0.092619	0.02	1	ANTKAS0030	2.350574713	3.242753623	3.413793103	3.821383648	3.342741935	5	2	2017	1
AN_SNE_004	17204	3	185748.234375	209981.59375	579.374938964844	1.33554889506623	0.097137	0.02	1	ANTKAS0030	2.350574713	3.242753623	3.413793103	3.821383648	3.342741935	5	2	2017	1
AN_SNE_004	17204	7	185748.234375	209981.59375	579.374938964844	1.33554889506623	0.097137	0.02	1	ANTKAS0030	2.350574713	3.242753623	3.413793103	3.821383648	3.342741935	5	2	2017	1
AN_SNE_004	17225	3	185748.234375	209981.59375	579.374938964844	0.908483841411333	0.074547	0.02	1	ANTKAS0030	2.350574713	3.242753623	3.413793103	3.821383648	3.342741935	5	2	2017	1
AN_SNE_004	17225	7	185748.234375	209981.59375	579.374938964844	0.908483841411333	0.074547	0.02	1	ANTKAS0030	2.350574713	3.242753623	3.413793103	3.821383648	3.342741935	5	2	2017	1
AN_SNE_004	17266	3	185748.234375	209981.59375	579.374938964844	0.0388240957868091	0.031626	0.02	1	ANTKAS0030	2.350574713	3.242753623	3.413793103	3.821383648	3.342741935	5	2	2017	1
AN_SNE_004	17266	7	185748.234375	209981.59375	579.374938964844	0.0388240957868091	0.031626	0.02	1	ANTKAS0030	2.350574713	3.242753623	3.413793103	3.821383648	3.342741935	5	2	2017	1
AN_SNE_004	17301	3	185748.234375	209981.59375	579.374938964844	0.0465889149441709	0.063252	0.02	1	ANTKAS0030	2.350574713	3.242753623	3.413793103	3.821383648	3.342741935	5	2	2017	1
AN_SNE_004	17301	7	185748.234375	209981.59375	579.374938964844	0.0465889149441709	0.063252	0.02	1	ANTKAS0030	2.350574713	3.242753623	3.413793103	3.821383648	3.342741935	5	2	2017	1
LI_VOB_001	16973	3	241047.890625	185436.46875	22558.099609375	0.0388240957868091	0.081324	0.02	1	LIMMSM0036	1.369586614	3.247368421	3.564692982	4.257656458	3.668199234	5	4	2016	1
LI_VOB_001	16973	7	241047.890625	185436.46875	22558.099609375	0.0388240957868091	0.081324	0.02	1	LIMMSM0036	1.369586614	3.247368421	3.564692982	4.257656458	3.668199234	5	4	2016	1
LI_VOB_001	17014	3	241047.890625	185436.46875	22558.099609375	0.139766744832513	0.02259	0.0272	1	LIMMSM0036	1.369586614	3.247368421	3.564692982	4.257656458	3.668199234	5	4	2016	1
LI_VOB_001	17014	7	241047.890625	185436.46875	22558.099609375	0.139766744832513	0.02259	0.0272	1	LIMMSM0036	1.369586614	3.247368421	3.564692982	4.257656458	3.668199234	5	4	2016	1
LI_VOB_001	17029	3	241047.890625	185436.46875	22558.099609375	0.0388240957868091	0.02259	0.0326	1	LIMMSM0036	1.369586614	3.247368421	3.564692982	4.257656458	3.668199234	5	4	2016	1
LI_VOB_001	17029	7	241047.890625	185436.46875	22558.099609375	0.0388240957868091	0.02259	0.0326	1	LIMMSM0036	1.369586614	3.247368421	3.564692982	4.257656458	3.668199234	5	4	2016	1
LI_VOB_001	17063	3	241047.890625	185436.46875	22558.099609375	0.0388240957868091	0.02259	0.0325	1	LIMMSM0036	1.369586614	3.247368421	3.564692982	4.257656458	3.668199234	5	4	2016	1
LI_VOB_001	17063	7	241047.890625	185436.46875	22558.099609375	0.0388240957868091	0.02259	0.0325	1	LIMMSM0036	1.369586614	3.247368421	3.564692982	4.257656458	3.668199234	5	4	2016	1
LI_VOB_001	17091	3	241047.890625	185436.46875	22558.099609375	0.0388240957868091	0.02259	0.022	1	LIMMSM0036	1.369586614	3.247368421	3.564692982	4.257656458	3.668199234	5	4	2016	1
LI_VOB_001	17091	7	241047.890625	185436.46875	22558.099609375	0.0388240957868091	0.02259	0.022	1	LIMMSM0036	1.369586614	3.247368421	3.564692982	4.257656458	3.668199234	5	4	2016	1
LI_VOB_001	17126	3	241047.890625	185436.46875	22558.099609375	0.0388240957868091	0.042921	0.0334	1	LIMMSM0036	1.369586614	3.247368421	3.564692982	4.257656458	3.668199234	5	4	2016	1
LI_VOB_001	17126	7	241047.890625	185436.46875	22558.099609375	0.0388240957868091	0.042921	0.0334	1	LIMMSM0036	1.369586614	3.247368421	3.564692982	4.257656458	3.668199234	5	4	2016	1
LI_VOB_001	17140	3	241047.890625	185436.46875	22558.099609375	0.0388240957868091	0.051957	0.0303	1	LIMMSM0036	1.369586614	3.247368421	3.564692982	4.257656458	3.668199234	5	4	2016	1
LI_VOB_001	17140	7	241047.890625	185436.46875	22558.099609375	0.0388240957868091	0.051957	0.0303	1	LIMMSM0036	1.369586614	3.247368421	3.564692982	4.257656458	3.668199234	5	4	2016	1
LI_VOB_001	17175	3	241047.890625	185436.46875	22558.099609375	0.0388240957868091	0.083583	0.0353	1	LIMMSM0036	1.369586614	3.247368421	3.564692982	4.257656458	3.668199234	5	4	2017	1
LI_VOB_001	17175	7	241047.890625	185436.46875	22558.099609375	0.0388240957868091	0.083583	0.0353	1	LIMMSM0036	1.369586614	3.247368421	3.564692982	4.257656458	3.668199234	5	4	2017	1
LI_VOB_001	17196	3	241047.890625	185436.46875	22558.099609375	0.0465889149441709	0.664146	0.0307	1	LIMMSM0036	1.369586614	3.247368421	3.564692982	4.257656458	3.668199234	5	4	2017	1
LI_VOB_001	17196	7	241047.890625	185436.46875	22558.099609375	0.0465889149441709	0.664146	0.0307	1	LIMMSM0036	1.369586614	3.247368421	3.564692982	4.257656458	3.668199234	5	4	2017	1
LI_VOB_001	17224	3	241047.890625	185436.46875	22558.099609375	0.0388240957868091	0.036144	0.0227	1	LIMMSM0036	1.369586614	3.247368421	3.564692982	4.257656458	3.668199234	5	4	2017	1
LI_VOB_001	17224	7	241047.890625	185436.46875	22558.099609375	0.0388240957868091	0.036144	0.0227	1	LIMMSM0036	1.369586614	3.247368421	3.564692982	4.257656458	3.668199234	5	4	2017	1
LI_VOB_001	17259	3	241047.890625	185436.46875	22558.099609375	0.0388240957868091	0.083583	0.0355	1	LIMMSM0036	1.369586614	3.247368421	3.564692982	4.257656458	3.668199234	5	4	2017	1
LI_VOB_001	17259	7	241047.890625	185436.46875	22558.099609375	0.0388240957868091	0.083583	0.0355	1	LIMMSM0036	1.369586614	3.247368421	3.564692982	4.257656458	3.668199234	5	4	2017	1
LI_VOB_001	17301	3	241047.890625	185436.46875	22558.099609375	0.0543537341015328	0.085842	0.048	1	LIMMSM0036	1.369586614	3.247368421	3.564692982	4.257656458	3.668199234	5	4	2017	1
LI_VOB_001	17301	7	241047.890625	185436.46875	22558.099609375	0.0543537341015328	0.085842	0.048	1	LIMMSM0036	1.369586614	3.247368421	3.564692982	4.257656458	3.668199234	5	4	2017	1
LI_WIK_002	16182	3	223767.859375	185133.90625	5760.74462890625	0.0776481915736183	0.029367	NA	1	LIMGNK0372	2.33	3.248427673	2.763279446	3.502796421	3.382485876	5	2	2014	1
LI_WIK_002	16224	3	223767.859375	185133.90625	5760.74462890625	0.0776481915736183	0.031626	NA	1	LIMGNK0372	2.33	3.248427673	2.763279446	3.502796421	3.382485876	5	2	2014	1
LI_WIK_002	16252	3	223767.859375	185133.90625	5760.74462890625	0.0776481915736183	0.02259	NA	1	LIMGNK0372	2.33	3.248427673	2.763279446	3.502796421	3.382485876	5	2	2014	1
LI_WIK_002	16287	3	223767.859375	185133.90625	5760.74462890625	0.0776481915736183	0.029367	NA	1	LIMGNK0372	2.33	3.248427673	2.763279446	3.502796421	3.382485876	5	2	2014	1
LI_WIK_002	16322	3	223767.859375	185133.90625	5760.74462890625	0.0776481915736183	0.024849	NA	1	LIMGNK0372	2.33	3.248427673	2.763279446	3.502796421	3.382485876	5	2	2014	1
LI_WIK_002	16364	3	223767.859375	185133.90625	5760.74462890625	0.0776481915736183	0.02259	NA	1	LIMGNK0372	2.33	3.248427673	2.763279446	3.502796421	3.382485876	5	2	2014	1
AN_HGA_001	16182	3	184797.171875	194947.34375	638.963439941406	0.0776481915736183	0.04518	NA	1	ANTHUL0132	2.651515152	3.251798561	3.230985915	3.642201835	2.520393812	5	2	2014	1
AN_HGA_001	16238	3	184797.171875	194947.34375	638.963439941406	0.0776481915736183	0.065511	NA	1	ANTHUL0132	2.651515152	3.251798561	3.230985915	3.642201835	2.520393812	5	2	2014	1
AN_HGA_001	16273	3	184797.171875	194947.34375	638.963439941406	0.0776481915736183	0.040662	NA	1	ANTHUL0132	2.651515152	3.251798561	3.230985915	3.642201835	2.520393812	5	2	2014	1
AN_HGA_001	16293	3	184797.171875	194947.34375	638.963439941406	0.0776481915736183	0.042921	NA	1	ANTHUL0132	2.651515152	3.251798561	3.230985915	3.642201835	2.520393812	5	2	2014	1
AN_HGA_001	16342	3	184797.171875	194947.34375	638.963439941406	0.0776481915736183	0.047439	NA	1	ANTHUL0132	2.651515152	3.251798561	3.230985915	3.642201835	2.520393812	5	2	2014	1
AN_HGA_001	16371	3	184797.171875	194947.34375	638.963439941406	0.0776481915736183	0.02259	NA	1	ANTHUL0132	2.651515152	3.251798561	3.230985915	3.642201835	2.520393812	5	2	2014	1
VB_VIE_007	16965	6	192674.515625	189663.46875	871.330627441406	0.0388240957868091	0.128763	0.1868	1	VBRSZI0243	2	3.25462963	3.535305344	3.901041667	3.589917231	5	3	2016	1
VB_VIE_007	16986	6	192674.515625	189663.46875	871.330627441406	0.46588914944171	0.02259	0.4344	1	VBRSZI0243	2	3.25462963	3.535305344	3.901041667	3.589917231	5	3	2016	1
VB_VIE_007	17029	6	192674.515625	189663.46875	871.330627441406	0.0388240957868091	0.02259	0.1715	1	VBRSZI0243	2	3.25462963	3.535305344	3.901041667	3.589917231	5	3	2016	1
VB_VIE_007	17063	6	192674.515625	189663.46875	871.330627441406	0.0388240957868091	0.02259	0.0963	1	VBRSZI0243	2	3.25462963	3.535305344	3.901041667	3.589917231	5	3	2016	1
VB_VIE_007	17091	6	192674.515625	189663.46875	871.330627441406	0.0388240957868091	0.02259	0.0383	1	VBRSZI0243	2	3.25462963	3.535305344	3.901041667	3.589917231	5	3	2016	1
VB_VIE_007	17112	6	192674.515625	189663.46875	871.330627441406	0.0388240957868091	0.02259	0.0738	1	VBRSZI0243	2	3.25462963	3.535305344	3.901041667	3.589917231	5	3	2016	1
VB_VIE_007	17133	6	192674.515625	189663.46875	871.330627441406	0.248474213035578	0.038403	0.0889	1	VBRSZI0243	2	3.25462963	3.535305344	3.901041667	3.589917231	5	3	2016	1
VB_VIE_007	17175	6	192674.515625	189663.46875	871.330627441406	0.186355659776684	0.056475	0.1198	1	VBRSZI0243	2	3.25462963	3.535305344	3.901041667	3.589917231	5	3	2017	1
VB_VIE_007	17203	6	192674.515625	189663.46875	871.330627441406	0.0388240957868091	0.04518	0.0689	1	VBRSZI0243	2	3.25462963	3.535305344	3.901041667	3.589917231	5	3	2017	1
VB_VIE_007	17224	6	192674.515625	189663.46875	871.330627441406	0.0698833724162564	0.042921	0.0657	1	VBRSZI0243	2	3.25462963	3.535305344	3.901041667	3.589917231	5	3	2017	1
VB_VIE_007	17259	6	192674.515625	189663.46875	871.330627441406	0.0388240957868091	0.056475	0.02	1	VBRSZI0243	2	3.25462963	3.535305344	3.901041667	3.589917231	5	3	2017	1
VB_VIE_007	17295	6	192674.515625	189663.46875	871.330627441406	0.0465889149441709	0.164907	0.041	1	VBRSZI0243	2	3.25462963	3.535305344	3.901041667	3.589917231	5	3	2017	1
LI_BOK_006	16973	3	221087.171875	182685.875	7062.7392578125	0.0388240957868091	0.083583	0.1156	1	LIMHAS0482	2.509202454	3.259433962	3.77027027	2.934454756	3.652235628	5	4	2016	1
LI_BOK_006	16973	4	221087.171875	182685.875	7062.7392578125	0.0388240957868091	0.083583	0.1156	1	LIMHAS0482	2.509202454	3.259433962	3.77027027	2.934454756	3.652235628	5	4	2016	1
LI_BOK_006	16986	3	221087.171875	182685.875	7062.7392578125	0.0388240957868091	0.02259	0.0252	1	LIMHAS0482	2.509202454	3.259433962	3.77027027	2.934454756	3.652235628	5	4	2016	1
LI_BOK_006	16986	4	221087.171875	182685.875	7062.7392578125	0.0388240957868091	0.02259	0.0252	1	LIMHAS0482	2.509202454	3.259433962	3.77027027	2.934454756	3.652235628	5	4	2016	1
LI_BOK_006	17035	3	221087.171875	182685.875	7062.7392578125	0.0388240957868091	0.02259	0.0939	1	LIMHAS0482	2.509202454	3.259433962	3.77027027	2.934454756	3.652235628	5	4	2016	1
LI_BOK_006	17035	4	221087.171875	182685.875	7062.7392578125	0.0388240957868091	0.02259	0.0939	1	LIMHAS0482	2.509202454	3.259433962	3.77027027	2.934454756	3.652235628	5	4	2016	1
LI_BOK_006	17064	3	221087.171875	182685.875	7062.7392578125	0.0388240957868091	0.02259	0.1059	1	LIMHAS0482	2.509202454	3.259433962	3.77027027	2.934454756	3.652235628	5	4	2016	1
LI_BOK_006	17064	4	221087.171875	182685.875	7062.7392578125	0.0388240957868091	0.02259	0.1059	1	LIMHAS0482	2.509202454	3.259433962	3.77027027	2.934454756	3.652235628	5	4	2016	1
LI_BOK_006	17085	3	221087.171875	182685.875	7062.7392578125	0.0388240957868091	0.02259	0.1559	1	LIMHAS0482	2.509202454	3.259433962	3.77027027	2.934454756	3.652235628	5	4	2016	1
LI_BOK_006	17085	4	221087.171875	182685.875	7062.7392578125	0.0388240957868091	0.02259	0.1559	1	LIMHAS0482	2.509202454	3.259433962	3.77027027	2.934454756	3.652235628	5	4	2016	1
LI_BOK_006	17133	3	221087.171875	182685.875	7062.7392578125	0.0388240957868091	0.054216	0.0926	1	LIMHAS0482	2.509202454	3.259433962	3.77027027	2.934454756	3.652235628	5	4	2016	1
LI_BOK_006	17133	4	221087.171875	182685.875	7062.7392578125	0.0388240957868091	0.054216	0.0926	1	LIMHAS0482	2.509202454	3.259433962	3.77027027	2.934454756	3.652235628	5	4	2016	1
LI_BOK_006	17140	3	221087.171875	182685.875	7062.7392578125	0.0388240957868091	0.047439	0.0902	1	LIMHAS0482	2.509202454	3.259433962	3.77027027	2.934454756	3.652235628	5	4	2016	1
LI_BOK_006	17140	4	221087.171875	182685.875	7062.7392578125	0.0388240957868091	0.047439	0.0902	1	LIMHAS0482	2.509202454	3.259433962	3.77027027	2.934454756	3.652235628	5	4	2016	1
LI_BOK_006	17190	3	221087.171875	182685.875	7062.7392578125	0.0388240957868091	0.070029	0.08	1	LIMHAS0482	2.509202454	3.259433962	3.77027027	2.934454756	3.652235628	5	4	2017	1
LI_BOK_006	17190	4	221087.171875	182685.875	7062.7392578125	0.0388240957868091	0.070029	0.08	1	LIMHAS0482	2.509202454	3.259433962	3.77027027	2.934454756	3.652235628	5	4	2017	1
LI_BOK_006	17203	3	221087.171875	182685.875	7062.7392578125	0.0388240957868091	0.02259	0.0276	1	LIMHAS0482	2.509202454	3.259433962	3.77027027	2.934454756	3.652235628	5	4	2017	1
LI_BOK_006	17203	4	221087.171875	182685.875	7062.7392578125	0.0388240957868091	0.02259	0.0276	1	LIMHAS0482	2.509202454	3.259433962	3.77027027	2.934454756	3.652235628	5	4	2017	1
LI_BOK_006	17232	3	221087.171875	182685.875	7062.7392578125	0.0388240957868091	0.040662	0.0383	1	LIMHAS0482	2.509202454	3.259433962	3.77027027	2.934454756	3.652235628	5	4	2017	1
LI_BOK_006	17232	4	221087.171875	182685.875	7062.7392578125	0.0388240957868091	0.040662	0.0383	1	LIMHAS0482	2.509202454	3.259433962	3.77027027	2.934454756	3.652235628	5	4	2017	1
LI_BOK_006	17267	3	221087.171875	182685.875	7062.7392578125	0.0388240957868091	0.04518	0.0512	1	LIMHAS0482	2.509202454	3.259433962	3.77027027	2.934454756	3.652235628	5	4	2017	1
LI_BOK_006	17267	4	221087.171875	182685.875	7062.7392578125	0.0388240957868091	0.04518	0.0512	1	LIMHAS0482	2.509202454	3.259433962	3.77027027	2.934454756	3.652235628	5	4	2017	1
LI_BOK_006	17302	3	221087.171875	182685.875	7062.7392578125	0.155296383147237	0.065511	0.042	1	LIMHAS0482	2.509202454	3.259433962	3.77027027	2.934454756	3.652235628	5	4	2017	1
LI_BOK_006	17302	4	221087.171875	182685.875	7062.7392578125	0.155296383147237	0.065511	0.042	1	LIMHAS0482	2.509202454	3.259433962	3.77027027	2.934454756	3.652235628	5	4	2017	1
AN_LAN_005	16182	3	184637.296875	191331.53125	21052.640625	0.0776481915736183	0.031626	NA	1	ANTHST0508	2.476020043	3.266393443	2.87202381	2.506521739	3.553857351	4	2	2014	1
AN_LAN_005	16231	3	184637.296875	191331.53125	21052.640625	0.0776481915736183	0.033885	NA	1	ANTHST0508	2.476020043	3.266393443	2.87202381	2.506521739	3.553857351	4	2	2014	1
AN_LAN_005	16258	3	184637.296875	191331.53125	21052.640625	0.0776481915736183	0.024849	NA	1	ANTHST0508	2.476020043	3.266393443	2.87202381	2.506521739	3.553857351	4	2	2014	1
AN_LAN_005	16293	3	184637.296875	191331.53125	21052.640625	0.0776481915736183	0.038403	NA	1	ANTHST0508	2.476020043	3.266393443	2.87202381	2.506521739	3.553857351	4	2	2014	1
AN_LAN_005	16329	3	184637.296875	191331.53125	21052.640625	0.0776481915736183	0.047439	NA	1	ANTHST0508	2.476020043	3.266393443	2.87202381	2.506521739	3.553857351	4	2	2014	1
AN_LAN_005	16370	3	184637.296875	191331.53125	21052.640625	0.0776481915736183	0.024849	NA	1	ANTHST0508	2.476020043	3.266393443	2.87202381	2.506521739	3.553857351	4	2	2014	1
WV_CAB_023	17700	1	23891.390625	196079.0625	51.4310150146484	0.0388240957868091	0.02259	0.1875	1	WVLDEP0097	4	3.270833333	3.921052632	4.258663366	3.991260015	1	2	2018	1
WV_CAB_023	17715	1	23891.390625	196079.0625	51.4310150146484	0.0543537341015328	0.058734	0.2773	1	WVLDEP0097	4	3.270833333	3.921052632	4.258663366	3.991260015	1	2	2018	1
LI_ASP_002	17701	3	240792.8125	181131.703125	4384.28271484375	0.0388240957868091	0.049698	0.0587	1	LIMLNK0245	1.240174672	3.276	2.716216216	2.507462687	3.489671002	5	4	2018	1
LI_ASP_002	17861	3	240792.8125	181131.703125	4384.28271484375	0.100942649045704	3.47886	0.0272	1	LIMLNK0245	1.240174672	3.276	2.716216216	2.507462687	3.489671002	5	4	2018	1
LI_ASP_002	17875	3	240792.8125	181131.703125	4384.28271484375	0.0776481915736183	1.978884	0.02	1	LIMLNK0245	1.240174672	3.276	2.716216216	2.507462687	3.489671002	5	4	2018	1
VB_KBL_001	17336	6	177105.5625	180428.484375	166.559661865234	0.0543537341015328	0.047439	0.223	1	VBRHOL0202	4	3.294642857	4.025956284	2.294481982	2.422781272	7	1	2017	1
VB_KBL_001	17350	6	177105.5625	180428.484375	166.559661865234	0.0388240957868091	0.029367	0.0935	1	VBRHOL0202	4	3.294642857	4.025956284	2.294481982	2.422781272	7	1	2017	1
VB_KBL_001	17400	6	177105.5625	180428.484375	166.559661865234	0.0388240957868091	0.024849	0.083	1	VBRHOL0202	4	3.294642857	4.025956284	2.294481982	2.422781272	7	1	2017	1
VB_KBL_001	17434	6	177105.5625	180428.484375	166.559661865234	0.0388240957868091	0.070029	0.04	1	VBRHOL0202	4	3.294642857	4.025956284	2.294481982	2.422781272	7	1	2017	1
VB_KBL_001	17456	6	177105.5625	180428.484375	166.559661865234	0.0465889149441709	0.056475	0.0578	1	VBRHOL0202	4	3.294642857	4.025956284	2.294481982	2.422781272	7	1	2017	1
VB_KBL_001	17497	6	177105.5625	180428.484375	166.559661865234	0.0388240957868091	0.074547	0.223	1	VBRHOL0202	4	3.294642857	4.025956284	2.294481982	2.422781272	7	1	2017	1
VB_KBL_001	17512	6	177105.5625	180428.484375	166.559661865234	0.116472287360427	0.142317	0.1863	1	VBRHOL0202	4	3.294642857	4.025956284	2.294481982	2.422781272	7	1	2017	1
VB_KBL_001	17539	6	177105.5625	180428.484375	166.559661865234	0.108707468203066	0.058734	0.2373	1	VBRHOL0202	4	3.294642857	4.025956284	2.294481982	2.422781272	7	1	2018	1
VB_KBL_001	17567	6	177105.5625	180428.484375	166.559661865234	0.0543537341015328	0.079065	0.148	1	VBRHOL0202	4	3.294642857	4.025956284	2.294481982	2.422781272	7	1	2018	1
VB_KBL_001	17609	6	177105.5625	180428.484375	166.559661865234	0.0465889149441709	0.070029	0.27	1	VBRHOL0202	4	3.294642857	4.025956284	2.294481982	2.422781272	7	1	2018	1
VB_KBL_001	17637	6	177105.5625	180428.484375	166.559661865234	0.0388240957868091	0.058734	0.1532	1	VBRHOL0202	4	3.294642857	4.025956284	2.294481982	2.422781272	7	1	2018	1
VB_KBL_001	17680	6	177105.5625	180428.484375	166.559661865234	0.0388240957868091	0.02259	0.1147	1	VBRHOL0202	4	3.294642857	4.025956284	2.294481982	2.422781272	7	1	2018	1
WV_BDH_002	17714	1	58695.25	220383.859375	348.973937988281	0.0388240957868091	0.040662	0.02	1	WVLDEH0012	1.445945946	3.301948052	3.911242604	4.190821256	3.316111489	1	2	2018	1
WV_BDH_002	17736	1	58695.25	220383.859375	348.973937988281	0.0388240957868091	0.029367	0.02	1	WVLDEH0012	1.445945946	3.301948052	3.911242604	4.190821256	3.316111489	1	2	2018	1
WV_BDH_002	17771	1	58695.25	220383.859375	348.973937988281	0.0388240957868091	0.049698	0.1877	1	WVLDEH0012	1.445945946	3.301948052	3.911242604	4.190821256	3.316111489	1	2	2018	1
WV_BDH_002	17798	1	58695.25	220383.859375	348.973937988281	0.0854130107309801	0.216864	0.072	1	WVLDEH0012	1.445945946	3.301948052	3.911242604	4.190821256	3.316111489	1	2	2018	1
WV_BDH_002	17841	1	58695.25	220383.859375	348.973937988281	0.0465889149441709	0.027108	0.0251	1	WVLDEH0012	1.445945946	3.301948052	3.911242604	4.190821256	3.316111489	1	2	2018	1
WV_BDH_002	17868	1	58695.25	220383.859375	348.973937988281	0.0388240957868091	0.051957	0.0246	1	WVLDEH0012	1.445945946	3.301948052	3.911242604	4.190821256	3.316111489	1	2	2018	1
WV_BDH_002	17882	1	58695.25	220383.859375	348.973937988281	0.0388240957868091	0.02259	0.0207	1	WVLDEH0012	1.445945946	3.301948052	3.911242604	4.190821256	3.316111489	1	2	2018	1
LI_TEU_005	16951	3	225814.28125	188375.40625	19811.490234375	0.279533489665026	0.309483	0.0304	1	LIMZNH0437	2	3.307888041	2.657831325	3.300623053	2.994764398	5	2	2016	1
LI_TEU_005	16951	7	225814.28125	188375.40625	19811.490234375	0.279533489665026	0.309483	0.0304	1	LIMZNH0437	2	3.307888041	2.657831325	3.300623053	2.994764398	5	2	2016	1
LI_TEU_005	16979	3	225814.28125	188375.40625	19811.490234375	0.0776481915736183	0.2259	0.02	1	LIMZNH0437	2	3.307888041	2.657831325	3.300623053	2.994764398	5	2	2016	1
LI_TEU_005	16979	7	225814.28125	188375.40625	19811.490234375	0.0776481915736183	0.2259	0.02	1	LIMZNH0437	2	3.307888041	2.657831325	3.300623053	2.994764398	5	2	2016	1
LI_TEU_005	17021	3	225814.28125	188375.40625	19811.490234375	0.116472287360427	0.160389	0.02	1	LIMZNH0437	2	3.307888041	2.657831325	3.300623053	2.994764398	5	2	2016	1
LI_TEU_005	17021	7	225814.28125	188375.40625	19811.490234375	0.116472287360427	0.160389	0.02	1	LIMZNH0437	2	3.307888041	2.657831325	3.300623053	2.994764398	5	2	2016	1
LI_TEU_005	17063	3	225814.28125	188375.40625	19811.490234375	0.155296383147237	0.088101	0.02	1	LIMZNH0437	2	3.307888041	2.657831325	3.300623053	2.994764398	5	2	2016	1
LI_TEU_005	17063	7	225814.28125	188375.40625	19811.490234375	0.155296383147237	0.088101	0.02	1	LIMZNH0437	2	3.307888041	2.657831325	3.300623053	2.994764398	5	2	2016	1
LI_TEU_005	17092	3	225814.28125	188375.40625	19811.490234375	0.349416862081282	0.343368	0.02	1	LIMZNH0437	2	3.307888041	2.657831325	3.300623053	2.994764398	5	2	2016	1
LI_TEU_005	17092	7	225814.28125	188375.40625	19811.490234375	0.349416862081282	0.343368	0.02	1	LIMZNH0437	2	3.307888041	2.657831325	3.300623053	2.994764398	5	2	2016	1
LI_TEU_005	17112	3	225814.28125	188375.40625	19811.490234375	0.232944574720855	0.492462	0.02	1	LIMZNH0437	2	3.307888041	2.657831325	3.300623053	2.994764398	5	2	2016	1
LI_TEU_005	17112	7	225814.28125	188375.40625	19811.490234375	0.232944574720855	0.492462	0.02	1	LIMZNH0437	2	3.307888041	2.657831325	3.300623053	2.994764398	5	2	2016	1
LI_TEU_005	17140	3	225814.28125	188375.40625	19811.490234375	0.25623903219294	0.652851	0.02	1	LIMZNH0437	2	3.307888041	2.657831325	3.300623053	2.994764398	5	2	2016	1
LI_TEU_005	17140	7	225814.28125	188375.40625	19811.490234375	0.25623903219294	0.652851	0.02	1	LIMZNH0437	2	3.307888041	2.657831325	3.300623053	2.994764398	5	2	2016	1
LI_TEU_005	17183	3	225814.28125	188375.40625	19811.490234375	0.489183606913795	0.650592	0.02	1	LIMZNH0437	2	3.307888041	2.657831325	3.300623053	2.994764398	5	2	2017	1
LI_TEU_005	17183	7	225814.28125	188375.40625	19811.490234375	0.489183606913795	0.650592	0.02	1	LIMZNH0437	2	3.307888041	2.657831325	3.300623053	2.994764398	5	2	2017	1
LI_TEU_005	17210	3	225814.28125	188375.40625	19811.490234375	0.186355659776684	1.33281	0.02	1	LIMZNH0437	2	3.307888041	2.657831325	3.300623053	2.994764398	5	2	2017	1
LI_TEU_005	17210	7	225814.28125	188375.40625	19811.490234375	0.186355659776684	1.33281	0.02	1	LIMZNH0437	2	3.307888041	2.657831325	3.300623053	2.994764398	5	2	2017	1
LI_TEU_005	17254	3	225814.28125	188375.40625	19811.490234375	0.201885298091407	0.754506	0.02	1	LIMZNH0437	2	3.307888041	2.657831325	3.300623053	2.994764398	5	2	2017	1
LI_TEU_005	17254	7	225814.28125	188375.40625	19811.490234375	0.201885298091407	0.754506	0.02	1	LIMZNH0437	2	3.307888041	2.657831325	3.300623053	2.994764398	5	2	2017	1
LI_TEU_005	17274	3	225814.28125	188375.40625	19811.490234375	0.178590840619322	0.833571	0.02	1	LIMZNH0437	2	3.307888041	2.657831325	3.300623053	2.994764398	5	2	2017	1
LI_TEU_005	17274	7	225814.28125	188375.40625	19811.490234375	0.178590840619322	0.833571	0.02	1	LIMZNH0437	2	3.307888041	2.657831325	3.300623053	2.994764398	5	2	2017	1
LI_TEU_005	17294	3	225814.28125	188375.40625	19811.490234375	0.217414936406131	0.740952	0.02	1	LIMZNH0437	2	3.307888041	2.657831325	3.300623053	2.994764398	5	2	2017	1
LI_TEU_005	17294	7	225814.28125	188375.40625	19811.490234375	0.217414936406131	0.740952	0.02	1	LIMZNH0437	2	3.307888041	2.657831325	3.300623053	2.994764398	5	2	2017	1
LI_MAT_010	16951	3	225528.140625	183052.421875	55244.98046875	0.0388240957868091	0.058734	0.1977	1	LIMGNK0142	1.938259109	3.326530612	1.693406593	4.09029484	2.827799228	5	4	2016	1
LI_MAT_010	16951	4	225528.140625	183052.421875	55244.98046875	0.0388240957868091	0.058734	0.1977	1	LIMGNK0142	1.938259109	3.326530612	1.693406593	4.09029484	2.827799228	5	4	2016	1
LI_MAT_010	17015	3	225528.140625	183052.421875	55244.98046875	0.217414936406131	0.02259	0.2231	1	LIMGNK0142	1.938259109	3.326530612	1.693406593	4.09029484	2.827799228	5	4	2016	1
LI_MAT_010	17015	4	225528.140625	183052.421875	55244.98046875	0.217414936406131	0.02259	0.2231	1	LIMGNK0142	1.938259109	3.326530612	1.693406593	4.09029484	2.827799228	5	4	2016	1
LI_MAT_010	17035	3	225528.140625	183052.421875	55244.98046875	0.0388240957868091	0.02259	0.114	1	LIMGNK0142	1.938259109	3.326530612	1.693406593	4.09029484	2.827799228	5	4	2016	1
LI_MAT_010	17035	4	225528.140625	183052.421875	55244.98046875	0.0388240957868091	0.02259	0.114	1	LIMGNK0142	1.938259109	3.326530612	1.693406593	4.09029484	2.827799228	5	4	2016	1
LI_MAT_010	17071	3	225528.140625	183052.421875	55244.98046875	0.194120478934046	0.02259	0.1072	1	LIMGNK0142	1.938259109	3.326530612	1.693406593	4.09029484	2.827799228	5	4	2016	1
LI_MAT_010	17071	4	225528.140625	183052.421875	55244.98046875	0.194120478934046	0.02259	0.1072	1	LIMGNK0142	1.938259109	3.326530612	1.693406593	4.09029484	2.827799228	5	4	2016	1
LI_MAT_010	17098	3	225528.140625	183052.421875	55244.98046875	0.34165204292392	0.038403	0.0435	1	LIMGNK0142	1.938259109	3.326530612	1.693406593	4.09029484	2.827799228	5	4	2016	1
LI_MAT_010	17098	4	225528.140625	183052.421875	55244.98046875	0.34165204292392	0.038403	0.0435	1	LIMGNK0142	1.938259109	3.326530612	1.693406593	4.09029484	2.827799228	5	4	2016	1
LI_MAT_010	17133	3	225528.140625	183052.421875	55244.98046875	0.132001925675151	0.178461	0.0589	1	LIMGNK0142	1.938259109	3.326530612	1.693406593	4.09029484	2.827799228	5	4	2016	1
LI_MAT_010	17133	4	225528.140625	183052.421875	55244.98046875	0.132001925675151	0.178461	0.0589	1	LIMGNK0142	1.938259109	3.326530612	1.693406593	4.09029484	2.827799228	5	4	2016	1
LI_MAT_010	17217	3	225528.140625	183052.421875	55244.98046875	0.0388240957868091	0.029367	0.1143	1	LIMGNK0142	1.938259109	3.326530612	1.693406593	4.09029484	2.827799228	5	4	2017	1
LI_MAT_010	17217	4	225528.140625	183052.421875	55244.98046875	0.0388240957868091	0.029367	0.1143	1	LIMGNK0142	1.938259109	3.326530612	1.693406593	4.09029484	2.827799228	5	4	2017	1
LI_MAT_010	17253	3	225528.140625	183052.421875	55244.98046875	0.186355659776684	0.040662	0.0578	1	LIMGNK0142	1.938259109	3.326530612	1.693406593	4.09029484	2.827799228	5	4	2017	1
LI_MAT_010	17253	4	225528.140625	183052.421875	55244.98046875	0.186355659776684	0.040662	0.0578	1	LIMGNK0142	1.938259109	3.326530612	1.693406593	4.09029484	2.827799228	5	4	2017	1
LI_MAT_010	17275	3	225528.140625	183052.421875	55244.98046875	0.0388240957868091	0.058734	0.11	1	LIMGNK0142	1.938259109	3.326530612	1.693406593	4.09029484	2.827799228	5	4	2017	1
LI_MAT_010	17275	4	225528.140625	183052.421875	55244.98046875	0.0388240957868091	0.058734	0.11	1	LIMGNK0142	1.938259109	3.326530612	1.693406593	4.09029484	2.827799228	5	4	2017	1
LI_MAT_010	17302	3	225528.140625	183052.421875	55244.98046875	0.0543537341015328	0.065511	0.101	1	LIMGNK0142	1.938259109	3.326530612	1.693406593	4.09029484	2.827799228	5	4	2017	1
LI_MAT_010	17302	4	225528.140625	183052.421875	55244.98046875	0.0543537341015328	0.065511	0.101	1	LIMGNK0142	1.938259109	3.326530612	1.693406593	4.09029484	2.827799228	5	4	2017	1
AN_BLA_001	16196	3	181371.15625	224970.140625	30188.46484375	0.0776481915736183	0.029367	NA	1	ANTBSE0334	2.267645222	3.326923077	3.951754386	3.010391198	3.810441268	5	4	2014	1
AN_BLA_001	16196	4	181371.15625	224970.140625	30188.46484375	0.0776481915736183	0.029367	NA	1	ANTBSE0334	2.267645222	3.326923077	3.951754386	3.010391198	3.810441268	5	4	2014	1
AN_BLA_001	16223	3	181371.15625	224970.140625	30188.46484375	0.0776481915736183	0.040662	NA	1	ANTBSE0334	2.267645222	3.326923077	3.951754386	3.010391198	3.810441268	5	4	2014	1
AN_BLA_001	16223	4	181371.15625	224970.140625	30188.46484375	0.0776481915736183	0.040662	NA	1	ANTBSE0334	2.267645222	3.326923077	3.951754386	3.010391198	3.810441268	5	4	2014	1
AN_BLA_001	16251	3	181371.15625	224970.140625	30188.46484375	0.0776481915736183	0.02259	NA	1	ANTBSE0334	2.267645222	3.326923077	3.951754386	3.010391198	3.810441268	5	4	2014	1
AN_BLA_001	16251	4	181371.15625	224970.140625	30188.46484375	0.0776481915736183	0.02259	NA	1	ANTBSE0334	2.267645222	3.326923077	3.951754386	3.010391198	3.810441268	5	4	2014	1
AN_BLA_001	16287	3	181371.15625	224970.140625	30188.46484375	0.0776481915736183	0.024849	NA	1	ANTBSE0334	2.267645222	3.326923077	3.951754386	3.010391198	3.810441268	5	4	2014	1
AN_BLA_001	16287	4	181371.15625	224970.140625	30188.46484375	0.0776481915736183	0.024849	NA	1	ANTBSE0334	2.267645222	3.326923077	3.951754386	3.010391198	3.810441268	5	4	2014	1
AN_BLA_001	16322	3	181371.15625	224970.140625	30188.46484375	0.0776481915736183	0.054216	NA	1	ANTBSE0334	2.267645222	3.326923077	3.951754386	3.010391198	3.810441268	5	4	2014	1
AN_BLA_001	16322	4	181371.15625	224970.140625	30188.46484375	0.0776481915736183	0.054216	NA	1	ANTBSE0334	2.267645222	3.326923077	3.951754386	3.010391198	3.810441268	5	4	2014	1
AN_BLA_001	16364	3	181371.15625	224970.140625	30188.46484375	0.116472287360427	0.042921	NA	1	ANTBSE0334	2.267645222	3.326923077	3.951754386	3.010391198	3.810441268	5	4	2014	1
AN_BLA_001	16364	4	181371.15625	224970.140625	30188.46484375	0.116472287360427	0.042921	NA	1	ANTBSE0334	2.267645222	3.326923077	3.951754386	3.010391198	3.810441268	5	4	2014	1
AN_BLA_001	17547	3	181371.15625	224970.140625	30188.46484375	0.419300234497539	0.11295	0.026	1	ANTBSE0334	2.267645222	3.326923077	3.951754386	3.010391198	3.810441268	5	4	2018	1
AN_BLA_001	17547	4	181371.15625	224970.140625	30188.46484375	0.419300234497539	0.11295	0.026	1	ANTBSE0334	2.267645222	3.326923077	3.951754386	3.010391198	3.810441268	5	4	2018	1
AN_LDL_004	17329	3	194800.40625	224586.140625	10566.8994140625	0.108707468203066	0.146835	0.0453	1	ANTOTH0324	2.243380855	3.331521739	3.246575342	3.37043379	3.264632628	5	2	2017	1
AN_LDL_004	17351	3	194800.40625	224586.140625	10566.8994140625	0.139766744832513	0.085842	0.052	1	ANTOTH0324	2.243380855	3.331521739	3.246575342	3.37043379	3.264632628	5	2	2017	1
AN_LDL_004	17491	3	194800.40625	224586.140625	10566.8994140625	0.0931778298883419	0.117468	0.0754	1	ANTOTH0324	2.243380855	3.331521739	3.246575342	3.37043379	3.264632628	5	2	2017	1
AN_LDL_004	17518	3	194800.40625	224586.140625	10566.8994140625	0.0388240957868091	0.04518	0.0307	1	ANTOTH0324	2.243380855	3.331521739	3.246575342	3.37043379	3.264632628	5	2	2017	1
AN_LDL_004	17540	3	194800.40625	224586.140625	10566.8994140625	0.0388240957868091	0.070029	0.0296	1	ANTOTH0324	2.243380855	3.331521739	3.246575342	3.37043379	3.264632628	5	2	2018	1
AN_LDL_004	17561	3	194800.40625	224586.140625	10566.8994140625	0.0388240957868091	0.058734	0.02	1	ANTOTH0324	2.243380855	3.331521739	3.246575342	3.37043379	3.264632628	5	2	2018	1
AN_LDL_004	17616	3	194800.40625	224586.140625	10566.8994140625	0.0543537341015328	0.063252	0.02	1	ANTOTH0324	2.243380855	3.331521739	3.246575342	3.37043379	3.264632628	5	2	2018	1
AN_LDL_004	17644	3	194800.40625	224586.140625	10566.8994140625	0.0388240957868091	0.079065	0.02	1	ANTOTH0324	2.243380855	3.331521739	3.246575342	3.37043379	3.264632628	5	2	2018	1
AN_LDL_004	17666	3	194800.40625	224586.140625	10566.8994140625	0.0388240957868091	0.04518	0.02	1	ANTOTH0324	2.243380855	3.331521739	3.246575342	3.37043379	3.264632628	5	2	2018	1
LI_KOL_001	17330	3	228129.328125	210214.421875	603.814086914062	0.0698833724162564	0.088101	0.0654	1	LIMNEE0254	1.318965517	3.334532374	3.778409091	3.459472656	3.050645995	5	2	2017	1
LI_KOL_001	17350	3	228129.328125	210214.421875	603.814086914062	0.0388240957868091	0.058734	0.0351	1	LIMNEE0254	1.318965517	3.334532374	3.778409091	3.459472656	3.050645995	5	2	2017	1
LI_KOL_001	17386	3	228129.328125	210214.421875	603.814086914062	0.100942649045704	0.11295	0.083	1	LIMNEE0254	1.318965517	3.334532374	3.778409091	3.459472656	3.050645995	5	2	2017	1
LI_KOL_001	17420	3	228129.328125	210214.421875	603.814086914062	0.63671517090367	0.099396	0.02	1	LIMNEE0254	1.318965517	3.334532374	3.778409091	3.459472656	3.050645995	5	2	2017	1
LI_KOL_001	17463	3	228129.328125	210214.421875	603.814086914062	1.11036913950274	0.094878	0.0538	1	LIMNEE0254	1.318965517	3.334532374	3.778409091	3.459472656	3.050645995	5	2	2017	1
LI_KOL_001	17498	3	228129.328125	210214.421875	603.814086914062	0.621185532588946	0.117468	0.028	1	LIMNEE0254	1.318965517	3.334532374	3.778409091	3.459472656	3.050645995	5	2	2017	1
LI_KOL_001	17518	3	228129.328125	210214.421875	603.814086914062	0.46588914944171	0.106173	0.0252	1	LIMNEE0254	1.318965517	3.334532374	3.778409091	3.459472656	3.050645995	5	2	2017	1
LI_KOL_001	17547	3	228129.328125	210214.421875	603.814086914062	0.248474213035578	0.171684	0.02	1	LIMNEE0254	1.318965517	3.334532374	3.778409091	3.459472656	3.050645995	5	2	2018	1
LI_KOL_001	17575	3	228129.328125	210214.421875	603.814086914062	0.0543537341015328	0.133281	0.02	1	LIMNEE0254	1.318965517	3.334532374	3.778409091	3.459472656	3.050645995	5	2	2018	1
LI_KOL_001	17603	3	228129.328125	210214.421875	603.814086914062	0.0388240957868091	0.058734	0.02	1	LIMNEE0254	1.318965517	3.334532374	3.778409091	3.459472656	3.050645995	5	2	2018	1
LI_KOL_001	17638	3	228129.328125	210214.421875	603.814086914062	0.0698833724162564	0.121986	0.0318	1	LIMNEE0254	1.318965517	3.334532374	3.778409091	3.459472656	3.050645995	5	2	2018	1
LI_KOL_001	17672	3	228129.328125	210214.421875	603.814086914062	0.139766744832513	0.115209	0.0529	1	LIMNEE0254	1.318965517	3.334532374	3.778409091	3.459472656	3.050645995	5	2	2018	1
LI_MLV_029	16958	4	216558.5625	183644.96875	12914.8515625	0.0621185532588946	0.702549	0.054	1	LIMHAS0463	2.632867133	3.337301587	3.586350975	2.40914787	3.596879064	5	4	2016	1
LI_MLV_029	17014	4	216558.5625	183644.96875	12914.8515625	0.0931778298883419	0.02259	0.0325	1	LIMHAS0463	2.632867133	3.337301587	3.586350975	2.40914787	3.596879064	5	4	2016	1
LI_MLV_029	17042	4	216558.5625	183644.96875	12914.8515625	0.0388240957868091	0.02259	0.0851	1	LIMHAS0463	2.632867133	3.337301587	3.586350975	2.40914787	3.596879064	5	4	2016	1
LI_MLV_029	17050	4	216558.5625	183644.96875	12914.8515625	0.0543537341015328	0.029367	0.0647	1	LIMHAS0463	2.632867133	3.337301587	3.586350975	2.40914787	3.596879064	5	4	2016	1
LI_MLV_029	17211	4	216558.5625	183644.96875	12914.8515625	1.55296383147237	0.905859	0.1276	1	LIMHAS0463	2.632867133	3.337301587	3.586350975	2.40914787	3.596879064	5	4	2017	1
LI_MLV_029	17239	4	216558.5625	183644.96875	12914.8515625	0.0543537341015328	0.119727	0.0606	1	LIMHAS0463	2.632867133	3.337301587	3.586350975	2.40914787	3.596879064	5	4	2017	1
LI_MLV_029	17280	4	216558.5625	183644.96875	12914.8515625	0.0388240957868091	0.051957	0.046	1	LIMHAS0463	2.632867133	3.337301587	3.586350975	2.40914787	3.596879064	5	4	2017	1
LI_MLV_029	17302	4	216558.5625	183644.96875	12914.8515625	0.0388240957868091	0.042921	0.05	1	LIMHAS0463	2.632867133	3.337301587	3.586350975	2.40914787	3.596879064	5	4	2017	1
VB_VIE_006	16573	6	192670.484375	189628.859375	916.399841308594	0.0388240957868091	0.02259	0.0445	1	VBRSZI0315	2.458333333	3.338709677	3.754666667	3.742312423	3.3	5	3	2015	1
VB_VIE_006	16588	6	192670.484375	189628.859375	916.399841308594	0.0388240957868091	0.04518	0.057	1	VBRSZI0315	2.458333333	3.338709677	3.754666667	3.742312423	3.3	5	3	2015	1
VB_VIE_006	16616	6	192670.484375	189628.859375	916.399841308594	0.0388240957868091	0.024849	0.0322	1	VBRSZI0315	2.458333333	3.338709677	3.754666667	3.742312423	3.3	5	3	2015	1
VB_VIE_006	16644	6	192670.484375	189628.859375	916.399841308594	0.0388240957868091	0.02259	0.042	1	VBRSZI0315	2.458333333	3.338709677	3.754666667	3.742312423	3.3	5	3	2015	1
VB_VIE_006	16672	6	192670.484375	189628.859375	916.399841308594	0.0388240957868091	0.02259	0.0331	1	VBRSZI0315	2.458333333	3.338709677	3.754666667	3.742312423	3.3	5	3	2015	1
VB_VIE_006	16700	6	192670.484375	189628.859375	916.399841308594	0.0388240957868091	0.042921	0.043	1	VBRSZI0315	2.458333333	3.338709677	3.754666667	3.742312423	3.3	5	3	2015	1
VB_VIE_006	16735	6	192670.484375	189628.859375	916.399841308594	0.0388240957868091	0.02259	0.04	1	VBRSZI0315	2.458333333	3.338709677	3.754666667	3.742312423	3.3	5	3	2015	1
VB_VIE_006	16763	6	192670.484375	189628.859375	916.399841308594	0.264003851350302	0.031626	0.036	1	VBRSZI0315	2.458333333	3.338709677	3.754666667	3.742312423	3.3	5	3	2015	1
VB_VIE_006	16804	6	192670.484375	189628.859375	916.399841308594	0.0388240957868091	0.024849	0.0664	1	VBRSZI0315	2.458333333	3.338709677	3.754666667	3.742312423	3.3	5	3	2016	1
VB_VIE_006	16833	6	192670.484375	189628.859375	916.399841308594	0.0388240957868091	0.04518	0.1092	1	VBRSZI0315	2.458333333	3.338709677	3.754666667	3.742312423	3.3	5	3	2016	1
VB_VIE_006	16860	6	192670.484375	189628.859375	916.399841308594	0.0388240957868091	0.02259	0.0876	1	VBRSZI0315	2.458333333	3.338709677	3.754666667	3.742312423	3.3	5	3	2016	1
VB_VIE_006	16895	6	192670.484375	189628.859375	916.399841308594	0.0388240957868091	0.060993	0.0573	1	VBRSZI0315	2.458333333	3.338709677	3.754666667	3.742312423	3.3	5	3	2016	1
VB_VIE_006	16923	6	192670.484375	189628.859375	916.399841308594	0.0388240957868091	0.02259	0.0636	1	VBRSZI0315	2.458333333	3.338709677	3.754666667	3.742312423	3.3	5	3	2016	1
WV_ZWI_158	17707	1	77670.9453125	227844.125	102.420120239258	0.0543537341015328	0.042921	0.0615	1	WVLKNO0275	4	3.340659341	3.937357631	4.146938776	3.84996133	1	2	2018	1
WV_ZWI_158	17799	1	77670.9453125	227844.125	102.420120239258	0.0388240957868091	0.056475	0.1019	1	WVLKNO0275	4	3.340659341	3.937357631	4.146938776	3.84996133	1	2	2018	1
WV_ZWI_158	17855	1	77670.9453125	227844.125	102.420120239258	0.209650117248769	0.02259	0.0603	1	WVLKNO0275	4	3.340659341	3.937357631	4.146938776	3.84996133	1	2	2018	1
WV_ZWI_158	17875	1	77670.9453125	227844.125	102.420120239258	0.0388240957868091	0.031626	0.0486	1	WVLKNO0275	4	3.340659341	3.937357631	4.146938776	3.84996133	1	2	2018	1
LI_DKV_002	17344	5	228701.703125	163526.078125	152.15461730957	0.0388240957868091	0.027108	0.197	1	LIMTON0189	4	3.342857143	3.574494949	4.149439601	3.209154114	10	1	2017	1
LI_DKV_002	17504	5	228701.703125	163526.078125	152.15461730957	0.0388240957868091	0.117468	0.2654	1	LIMTON0189	4	3.342857143	3.574494949	4.149439601	3.209154114	10	1	2017	1
LI_DKV_002	17539	5	228701.703125	163526.078125	152.15461730957	0.0388240957868091	0.038403	0.0847	1	LIMTON0189	4	3.342857143	3.574494949	4.149439601	3.209154114	10	1	2018	1
LI_DKV_002	17574	5	228701.703125	163526.078125	152.15461730957	0.0388240957868091	0.02259	0.0573	1	LIMTON0189	4	3.342857143	3.574494949	4.149439601	3.209154114	10	1	2018	1
LI_DKV_002	17595	5	228701.703125	163526.078125	152.15461730957	0.232944574720855	0.081324	0.127	1	LIMTON0189	4	3.342857143	3.574494949	4.149439601	3.209154114	10	1	2018	1
LI_DKV_002	17637	5	228701.703125	163526.078125	152.15461730957	0.0388240957868091	0.031626	0.0512	1	LIMTON0189	4	3.342857143	3.574494949	4.149439601	3.209154114	10	1	2018	1
LI_DKV_002	17665	5	228701.703125	163526.078125	152.15461730957	0.0465889149441709	0.02259	0.0413	1	LIMTON0189	4	3.342857143	3.574494949	4.149439601	3.209154114	10	1	2018	1
LI_DKV_002	17714	5	228701.703125	163526.078125	152.15461730957	0.0388240957868091	0.047439	0.1181	1	LIMTON0189	4	3.342857143	3.574494949	4.149439601	3.209154114	10	1	2018	1
LI_HAG_002	17420	3	222966.40625	217474.875	194.639358520508	0.0854130107309801	0.094878	0.02	1	LIMLOM0239	1.718309859	3.345238095	3.828034682	3.856992639	3.680592992	5	2	2017	1
LI_HAG_002	17498	3	222966.40625	217474.875	194.639358520508	0.0698833724162564	0.119727	0.035	1	LIMLOM0239	1.718309859	3.345238095	3.828034682	3.856992639	3.680592992	5	2	2017	1
LI_HAG_002	17518	3	222966.40625	217474.875	194.639358520508	0.0388240957868091	0.076806	0.0276	1	LIMLOM0239	1.718309859	3.345238095	3.828034682	3.856992639	3.680592992	5	2	2017	1
LI_HAG_002	17546	3	222966.40625	217474.875	194.639358520508	0.0388240957868091	0.054216	0.024	1	LIMLOM0239	1.718309859	3.345238095	3.828034682	3.856992639	3.680592992	5	2	2018	1
LI_HAG_002	17574	3	222966.40625	217474.875	194.639358520508	0.0465889149441709	0.079065	0.02	1	LIMLOM0239	1.718309859	3.345238095	3.828034682	3.856992639	3.680592992	5	2	2018	1
LI_HAG_002	17616	3	222966.40625	217474.875	194.639358520508	0.0931778298883419	0.09036	0.02	1	LIMLOM0239	1.718309859	3.345238095	3.828034682	3.856992639	3.680592992	5	2	2018	1
LI_HAG_002	17644	3	222966.40625	217474.875	194.639358520508	0.139766744832513	0.18072	0.0716	1	LIMLOM0239	1.718309859	3.345238095	3.828034682	3.856992639	3.680592992	5	2	2018	1
LI_HAG_002	17672	3	222966.40625	217474.875	194.639358520508	0.163061202304598	0.155871	0.02	1	LIMLOM0239	1.718309859	3.345238095	3.828034682	3.856992639	3.680592992	5	2	2018	1
VB_VDB_001	17344	6	202022.328125	191033.171875	588.085815429688	0.0931778298883419	0.133281	0.363	1	VBRDIE0330	2.325	3.345528455	3.837349398	3.276859504	3.21257485	5	2	2017	1
VB_VDB_001	17372	6	202022.328125	191033.171875	588.085815429688	0.0388240957868091	0.212346	0.556	1	VBRDIE0330	2.325	3.345528455	3.837349398	3.276859504	3.21257485	5	2	2017	1
VB_VDB_001	17399	6	202022.328125	191033.171875	588.085815429688	0.139766744832513	0.201051	0.132	1	VBRDIE0330	2.325	3.345528455	3.837349398	3.276859504	3.21257485	5	2	2017	1
VB_VDB_001	17434	6	202022.328125	191033.171875	588.085815429688	0.124237106517789	0.20331	0.067	1	VBRDIE0330	2.325	3.345528455	3.837349398	3.276859504	3.21257485	5	2	2017	1
VB_VDB_001	17462	6	202022.328125	191033.171875	588.085815429688	0.186355659776684	0.234936	0.2205	1	VBRDIE0330	2.325	3.345528455	3.837349398	3.276859504	3.21257485	5	2	2017	1
VB_VDB_001	17490	6	202022.328125	191033.171875	588.085815429688	0.100942649045704	0.121986	0.1433	1	VBRDIE0330	2.325	3.345528455	3.837349398	3.276859504	3.21257485	5	2	2017	1
VB_VDB_001	17519	6	202022.328125	191033.171875	588.085815429688	0.0388240957868091	0.070029	0.2507	1	VBRDIE0330	2.325	3.345528455	3.837349398	3.276859504	3.21257485	5	2	2017	1
VB_VDB_001	17553	6	202022.328125	191033.171875	588.085815429688	0.0388240957868091	0.047439	0.05	1	VBRDIE0330	2.325	3.345528455	3.837349398	3.276859504	3.21257485	5	2	2018	1
VB_VDB_001	17581	6	202022.328125	191033.171875	588.085815429688	0.0388240957868091	0.065511	0.0339	1	VBRDIE0330	2.325	3.345528455	3.837349398	3.276859504	3.21257485	5	2	2018	1
VB_VDB_001	17602	6	202022.328125	191033.171875	588.085815429688	0.0388240957868091	0.056475	0.051	1	VBRDIE0330	2.325	3.345528455	3.837349398	3.276859504	3.21257485	5	2	2018	1
VB_VDB_001	17625	6	202022.328125	191033.171875	588.085815429688	0.0388240957868091	0.036144	0.024	1	VBRDIE0330	2.325	3.345528455	3.837349398	3.276859504	3.21257485	5	2	2018	1
VB_VDB_001	17680	6	202022.328125	191033.171875	588.085815429688	0.0388240957868091	0.11295	0.1367	1	VBRDIE0330	2.325	3.345528455	3.837349398	3.276859504	3.21257485	5	2	2018	1
LI_GDL_001	16587	5	211661.171875	185818.0625	80572.328125	0.0388240957868091	0.029367	0.02	1	LIMHAS0629	2.203914591	3.351351351	2.109329446	3.300443459	3.527149321	5	2	2015	1
LI_GDL_001	16587	6	211661.171875	185818.0625	80572.328125	0.0388240957868091	0.029367	0.02	1	LIMHAS0629	2.203914591	3.351351351	2.109329446	3.300443459	3.527149321	5	2	2015	1
LI_GDL_001	16615	5	211661.171875	185818.0625	80572.328125	0.0465889149441709	0.079065	0.02	1	LIMHAS0629	2.203914591	3.351351351	2.109329446	3.300443459	3.527149321	5	2	2015	1
LI_GDL_001	16615	6	211661.171875	185818.0625	80572.328125	0.0465889149441709	0.079065	0.02	1	LIMHAS0629	2.203914591	3.351351351	2.109329446	3.300443459	3.527149321	5	2	2015	1
LI_GDL_001	16643	5	211661.171875	185818.0625	80572.328125	0.0388240957868091	0.038403	0.02	1	LIMHAS0629	2.203914591	3.351351351	2.109329446	3.300443459	3.527149321	5	2	2015	1
LI_GDL_001	16643	6	211661.171875	185818.0625	80572.328125	0.0388240957868091	0.038403	0.02	1	LIMHAS0629	2.203914591	3.351351351	2.109329446	3.300443459	3.527149321	5	2	2015	1
LI_GDL_001	16671	5	211661.171875	185818.0625	80572.328125	0.0388240957868091	0.029367	0.02	1	LIMHAS0629	2.203914591	3.351351351	2.109329446	3.300443459	3.527149321	5	2	2015	1
LI_GDL_001	16671	6	211661.171875	185818.0625	80572.328125	0.0388240957868091	0.029367	0.02	1	LIMHAS0629	2.203914591	3.351351351	2.109329446	3.300443459	3.527149321	5	2	2015	1
LI_GDL_001	16698	5	211661.171875	185818.0625	80572.328125	0.0388240957868091	0.074547	0.02	1	LIMHAS0629	2.203914591	3.351351351	2.109329446	3.300443459	3.527149321	5	2	2015	1
LI_GDL_001	16698	6	211661.171875	185818.0625	80572.328125	0.0388240957868091	0.074547	0.02	1	LIMHAS0629	2.203914591	3.351351351	2.109329446	3.300443459	3.527149321	5	2	2015	1
LI_GDL_001	16734	5	211661.171875	185818.0625	80572.328125	0.0543537341015328	0.031626	0.02	1	LIMHAS0629	2.203914591	3.351351351	2.109329446	3.300443459	3.527149321	5	2	2015	1
LI_GDL_001	16734	6	211661.171875	185818.0625	80572.328125	0.0543537341015328	0.031626	0.02	1	LIMHAS0629	2.203914591	3.351351351	2.109329446	3.300443459	3.527149321	5	2	2015	1
LI_GDL_001	16762	5	211661.171875	185818.0625	80572.328125	0.0543537341015328	0.049698	0.02	1	LIMHAS0629	2.203914591	3.351351351	2.109329446	3.300443459	3.527149321	5	2	2015	1
LI_GDL_001	16762	6	211661.171875	185818.0625	80572.328125	0.0543537341015328	0.049698	0.02	1	LIMHAS0629	2.203914591	3.351351351	2.109329446	3.300443459	3.527149321	5	2	2015	1
AN_KAL_006	16951	7	154958.140625	232731.921875	445762.21875	0.89295420309661	0.11295	0.1142	1	ANTKAL0387	1.720635626	3.351851852	3.543037975	3.237535613	2.170676692	5	2	2016	1
AN_KAL_006	16980	7	154958.140625	232731.921875	445762.21875	0.0388240957868091	0.02259	0.0564	1	ANTKAL0387	1.720635626	3.351851852	3.543037975	3.237535613	2.170676692	5	2	2016	1
AN_KAL_006	17035	7	154958.140625	232731.921875	445762.21875	0.0543537341015328	0.033885	0.0847	1	ANTKAL0387	1.720635626	3.351851852	3.543037975	3.237535613	2.170676692	5	2	2016	1
AN_KAL_006	17050	7	154958.140625	232731.921875	445762.21875	0.0388240957868091	0.047439	0.0479	1	ANTKAL0387	1.720635626	3.351851852	3.543037975	3.237535613	2.170676692	5	2	2016	1
AN_KAL_006	17084	7	154958.140625	232731.921875	445762.21875	0.0388240957868091	0.212346	0.188	1	ANTKAL0387	1.720635626	3.351851852	3.543037975	3.237535613	2.170676692	5	2	2016	1
AN_KAL_006	17126	7	154958.140625	232731.921875	445762.21875	0.295063127979749	0.277857	0.1744	1	ANTKAL0387	1.720635626	3.351851852	3.543037975	3.237535613	2.170676692	5	2	2016	1
AN_KAL_006	17141	7	154958.140625	232731.921875	445762.21875	0.434829872812262	0.228159	0.0942	1	ANTKAL0387	1.720635626	3.351851852	3.543037975	3.237535613	2.170676692	5	2	2016	1
AN_KAL_006	17175	7	154958.140625	232731.921875	445762.21875	0.380476138710729	0.295929	0.0903	1	ANTKAL0387	1.720635626	3.351851852	3.543037975	3.237535613	2.170676692	5	2	2017	1
AN_KAL_006	17197	7	154958.140625	232731.921875	445762.21875	0.100942649045704	0.164907	0.0344	1	ANTKAL0387	1.720635626	3.351851852	3.543037975	3.237535613	2.170676692	5	2	2017	1
AN_KAL_006	17224	7	154958.140625	232731.921875	445762.21875	0.271768670507664	0.253008	0.0784	1	ANTKAL0387	1.720635626	3.351851852	3.543037975	3.237535613	2.170676692	5	2	2017	1
AN_KAL_006	17260	7	154958.140625	232731.921875	445762.21875	0.0465889149441709	0.065511	0.0995	1	ANTKAL0387	1.720635626	3.351851852	3.543037975	3.237535613	2.170676692	5	2	2017	1
AN_KAL_006	17315	7	154958.140625	232731.921875	445762.21875	0.0776481915736183	0.162648	0.159	1	ANTKAL0387	1.720635626	3.351851852	3.543037975	3.237535613	2.170676692	5	2	2017	1
AN_KAL_004	16951	3	155202.0625	231376.875	11560.2822265625	0.0388240957868091	0.02259	0.0235	1	ANTKAL0345	1.888621795	3.352941176	3.732091691	3.009744214	3.408560311	5	2	2016	1
AN_KAL_004	16980	3	155202.0625	231376.875	11560.2822265625	0.0388240957868091	0.02259	0.02	1	ANTKAL0345	1.888621795	3.352941176	3.732091691	3.009744214	3.408560311	5	2	2016	1
AN_KAL_004	17030	3	155202.0625	231376.875	11560.2822265625	0.0543537341015328	0.02259	0.0298	1	ANTKAL0345	1.888621795	3.352941176	3.732091691	3.009744214	3.408560311	5	2	2016	1
AN_KAL_004	17126	3	155202.0625	231376.875	11560.2822265625	0.0698833724162564	0.106173	0.0443	1	ANTKAL0345	1.888621795	3.352941176	3.732091691	3.009744214	3.408560311	5	2	2016	1
AN_KAL_004	17197	3	155202.0625	231376.875	11560.2822265625	0.0388240957868091	0.040662	0.029	1	ANTKAL0345	1.888621795	3.352941176	3.732091691	3.009744214	3.408560311	5	2	2017	1
AN_KAL_004	17224	3	155202.0625	231376.875	11560.2822265625	0.0388240957868091	0.036144	0.0243	1	ANTKAL0345	1.888621795	3.352941176	3.732091691	3.009744214	3.408560311	5	2	2017	1
AN_KAL_004	17260	3	155202.0625	231376.875	11560.2822265625	0.0931778298883419	0.09036	0.0208	1	ANTKAL0345	1.888621795	3.352941176	3.732091691	3.009744214	3.408560311	5	2	2017	1
AN_LAN_009	16566	3	185044.671875	190570.5625	3950.11596679688	0.0388240957868091	0.040662	0.02	1	ANTHST0665	3.5	3.354285714	3.315028902	4.359977949	3.013651877	5	2	2015	1
AN_LAN_009	16566	5	185044.671875	190570.5625	3950.11596679688	0.0388240957868091	0.040662	0.02	1	ANTHST0665	3.5	3.354285714	3.315028902	4.359977949	3.013651877	5	2	2015	1
AN_LAN_009	16594	3	185044.671875	190570.5625	3950.11596679688	0.0388240957868091	0.029367	0.02	1	ANTHST0665	3.5	3.354285714	3.315028902	4.359977949	3.013651877	5	2	2015	1
AN_LAN_009	16594	5	185044.671875	190570.5625	3950.11596679688	0.0388240957868091	0.029367	0.02	1	ANTHST0665	3.5	3.354285714	3.315028902	4.359977949	3.013651877	5	2	2015	1
AN_LAN_009	16713	3	185044.671875	190570.5625	3950.11596679688	0.0465889149441709	0.076806	0.02	1	ANTHST0665	3.5	3.354285714	3.315028902	4.359977949	3.013651877	5	2	2015	1
AN_LAN_009	16713	5	185044.671875	190570.5625	3950.11596679688	0.0465889149441709	0.076806	0.02	1	ANTHST0665	3.5	3.354285714	3.315028902	4.359977949	3.013651877	5	2	2015	1
AN_LAN_009	16742	3	185044.671875	190570.5625	3950.11596679688	0.0388240957868091	0.02259	0.02	1	ANTHST0665	3.5	3.354285714	3.315028902	4.359977949	3.013651877	5	2	2015	1
AN_LAN_009	16742	5	185044.671875	190570.5625	3950.11596679688	0.0388240957868091	0.02259	0.02	1	ANTHST0665	3.5	3.354285714	3.315028902	4.359977949	3.013651877	5	2	2015	1
AN_LAN_009	16769	3	185044.671875	190570.5625	3950.11596679688	0.0388240957868091	0.02259	0.02	1	ANTHST0665	3.5	3.354285714	3.315028902	4.359977949	3.013651877	5	2	2015	1
AN_LAN_009	16769	5	185044.671875	190570.5625	3950.11596679688	0.0388240957868091	0.02259	0.02	1	ANTHST0665	3.5	3.354285714	3.315028902	4.359977949	3.013651877	5	2	2015	1
AN_LAN_009	16811	3	185044.671875	190570.5625	3950.11596679688	0.0388240957868091	0.049698	0.0468	1	ANTHST0665	3.5	3.354285714	3.315028902	4.359977949	3.013651877	5	2	2016	1
AN_LAN_009	16811	5	185044.671875	190570.5625	3950.11596679688	0.0388240957868091	0.049698	0.0468	1	ANTHST0665	3.5	3.354285714	3.315028902	4.359977949	3.013651877	5	2	2016	1
AN_LAN_009	16839	3	185044.671875	190570.5625	3950.11596679688	0.458124330284348	0.173943	0.1707	1	ANTHST0665	3.5	3.354285714	3.315028902	4.359977949	3.013651877	5	2	2016	1
AN_LAN_009	16839	5	185044.671875	190570.5625	3950.11596679688	0.458124330284348	0.173943	0.1707	1	ANTHST0665	3.5	3.354285714	3.315028902	4.359977949	3.013651877	5	2	2016	1
AN_LAN_009	16867	3	185044.671875	190570.5625	3950.11596679688	0.574596617644775	0.160389	0.1734	1	ANTHST0665	3.5	3.354285714	3.315028902	4.359977949	3.013651877	5	2	2016	1
AN_LAN_009	16867	5	185044.671875	190570.5625	3950.11596679688	0.574596617644775	0.160389	0.1734	1	ANTHST0665	3.5	3.354285714	3.315028902	4.359977949	3.013651877	5	2	2016	1
AN_LAN_009	16902	3	185044.671875	190570.5625	3950.11596679688	0.0388240957868091	0.054216	0.0457	1	ANTHST0665	3.5	3.354285714	3.315028902	4.359977949	3.013651877	5	2	2016	1
AN_LAN_009	16902	5	185044.671875	190570.5625	3950.11596679688	0.0388240957868091	0.054216	0.0457	1	ANTHST0665	3.5	3.354285714	3.315028902	4.359977949	3.013651877	5	2	2016	1
AN_LAN_009	16930	3	185044.671875	190570.5625	3950.11596679688	0.0465889149441709	0.027108	0.0316	1	ANTHST0665	3.5	3.354285714	3.315028902	4.359977949	3.013651877	5	2	2016	1
AN_LAN_009	16930	5	185044.671875	190570.5625	3950.11596679688	0.0465889149441709	0.027108	0.0316	1	ANTHST0665	3.5	3.354285714	3.315028902	4.359977949	3.013651877	5	2	2016	1
LI_MLV_006	16182	4	218439.671875	184739.234375	84502.75	0.0776481915736183	0.094878	NA	1	LIMZNH0431	1.657423971	3.357142857	2.739823009	3.550458716	2.593382353	5	4	2014	1
LI_MLV_006	16224	4	218439.671875	184739.234375	84502.75	0.0776481915736183	0.185238	NA	1	LIMZNH0431	1.657423971	3.357142857	2.739823009	3.550458716	2.593382353	5	4	2014	1
LI_MLV_006	16251	4	218439.671875	184739.234375	84502.75	0.163061202304598	0.051957	NA	1	LIMZNH0431	1.657423971	3.357142857	2.739823009	3.550458716	2.593382353	5	4	2014	1
LI_MLV_006	16286	4	218439.671875	184739.234375	84502.75	0.0776481915736183	0.085842	NA	1	LIMZNH0431	1.657423971	3.357142857	2.739823009	3.550458716	2.593382353	5	4	2014	1
LI_MLV_006	16321	4	218439.671875	184739.234375	84502.75	0.0776481915736183	0.060993	NA	1	LIMZNH0431	1.657423971	3.357142857	2.739823009	3.550458716	2.593382353	5	4	2014	1
LI_MLV_006	16363	4	218439.671875	184739.234375	84502.75	0.0776481915736183	0.036144	NA	1	LIMZNH0431	1.657423971	3.357142857	2.739823009	3.550458716	2.593382353	5	4	2014	1
AN_DES_004	16952	3	205615.1875	217485.078125	8597.330078125	0.0698833724162564	0.070029	0.0253	1	ANTMOL0716	2.423504868	3.368995633	3.556213018	3.005675955	3.00685401	5	2	2016	1
AN_DES_004	16952	7	205615.1875	217485.078125	8597.330078125	0.0698833724162564	0.070029	0.0253	1	ANTMOL0716	2.423504868	3.368995633	3.556213018	3.005675955	3.00685401	5	2	2016	1
AN_DES_004	16979	3	205615.1875	217485.078125	8597.330078125	0.0388240957868091	0.051957	0.02	1	ANTMOL0716	2.423504868	3.368995633	3.556213018	3.005675955	3.00685401	5	2	2016	1
AN_DES_004	16979	7	205615.1875	217485.078125	8597.330078125	0.0388240957868091	0.051957	0.02	1	ANTMOL0716	2.423504868	3.368995633	3.556213018	3.005675955	3.00685401	5	2	2016	1
AN_DES_004	17029	3	205615.1875	217485.078125	8597.330078125	0.0388240957868091	0.02259	0.0341	1	ANTMOL0716	2.423504868	3.368995633	3.556213018	3.005675955	3.00685401	5	2	2016	1
AN_DES_004	17029	7	205615.1875	217485.078125	8597.330078125	0.0388240957868091	0.02259	0.0341	1	ANTMOL0716	2.423504868	3.368995633	3.556213018	3.005675955	3.00685401	5	2	2016	1
AN_DES_004	17049	3	205615.1875	217485.078125	8597.330078125	0.0465889149441709	0.031626	0.02	1	ANTMOL0716	2.423504868	3.368995633	3.556213018	3.005675955	3.00685401	5	2	2016	1
AN_DES_004	17049	7	205615.1875	217485.078125	8597.330078125	0.0465889149441709	0.031626	0.02	1	ANTMOL0716	2.423504868	3.368995633	3.556213018	3.005675955	3.00685401	5	2	2016	1
AN_DES_004	17085	3	205615.1875	217485.078125	8597.330078125	0.0698833724162564	0.056475	0.0282	1	ANTMOL0716	2.423504868	3.368995633	3.556213018	3.005675955	3.00685401	5	2	2016	1
AN_DES_004	17085	7	205615.1875	217485.078125	8597.330078125	0.0698833724162564	0.056475	0.0282	1	ANTMOL0716	2.423504868	3.368995633	3.556213018	3.005675955	3.00685401	5	2	2016	1
AN_DES_004	17112	3	205615.1875	217485.078125	8597.330078125	0.0465889149441709	0.024849	0.0209	1	ANTMOL0716	2.423504868	3.368995633	3.556213018	3.005675955	3.00685401	5	2	2016	1
AN_DES_004	17112	7	205615.1875	217485.078125	8597.330078125	0.0465889149441709	0.024849	0.0209	1	ANTMOL0716	2.423504868	3.368995633	3.556213018	3.005675955	3.00685401	5	2	2016	1
AN_DES_004	17134	3	205615.1875	217485.078125	8597.330078125	0.0388240957868091	0.142317	0.02	1	ANTMOL0716	2.423504868	3.368995633	3.556213018	3.005675955	3.00685401	5	2	2016	1
AN_DES_004	17134	7	205615.1875	217485.078125	8597.330078125	0.0388240957868091	0.142317	0.02	1	ANTMOL0716	2.423504868	3.368995633	3.556213018	3.005675955	3.00685401	5	2	2016	1
AN_DES_004	17169	3	205615.1875	217485.078125	8597.330078125	0.0388240957868091	0.056475	0.02	1	ANTMOL0716	2.423504868	3.368995633	3.556213018	3.005675955	3.00685401	5	2	2017	1
AN_DES_004	17169	7	205615.1875	217485.078125	8597.330078125	0.0388240957868091	0.056475	0.02	1	ANTMOL0716	2.423504868	3.368995633	3.556213018	3.005675955	3.00685401	5	2	2017	1
AN_DES_004	17196	3	205615.1875	217485.078125	8597.330078125	0.0776481915736183	0.081324	0.02	1	ANTMOL0716	2.423504868	3.368995633	3.556213018	3.005675955	3.00685401	5	2	2017	1
AN_DES_004	17196	7	205615.1875	217485.078125	8597.330078125	0.0776481915736183	0.081324	0.02	1	ANTMOL0716	2.423504868	3.368995633	3.556213018	3.005675955	3.00685401	5	2	2017	1
AN_DES_004	17238	3	205615.1875	217485.078125	8597.330078125	0.0388240957868091	0.04518	0.02	1	ANTMOL0716	2.423504868	3.368995633	3.556213018	3.005675955	3.00685401	5	2	2017	1
AN_DES_004	17238	7	205615.1875	217485.078125	8597.330078125	0.0388240957868091	0.04518	0.02	1	ANTMOL0716	2.423504868	3.368995633	3.556213018	3.005675955	3.00685401	5	2	2017	1
AN_DES_004	17259	3	205615.1875	217485.078125	8597.330078125	0.0388240957868091	0.029367	0.02	1	ANTMOL0716	2.423504868	3.368995633	3.556213018	3.005675955	3.00685401	5	2	2017	1
AN_DES_004	17259	7	205615.1875	217485.078125	8597.330078125	0.0388240957868091	0.029367	0.02	1	ANTMOL0716	2.423504868	3.368995633	3.556213018	3.005675955	3.00685401	5	2	2017	1
AN_DES_004	17294	3	205615.1875	217485.078125	8597.330078125	0.0465889149441709	0.060993	0.027	1	ANTMOL0716	2.423504868	3.368995633	3.556213018	3.005675955	3.00685401	5	2	2017	1
AN_DES_004	17294	7	205615.1875	217485.078125	8597.330078125	0.0465889149441709	0.060993	0.027	1	ANTMOL0716	2.423504868	3.368995633	3.556213018	3.005675955	3.00685401	5	2	2017	1
AN_MOS_002	17693	7	210933.6875	207812.171875	120.66185760498	0.0388240957868091	0.060993	0.0903	1	ANTBAL0559	2.571428571	3.383802817	2.4544	3.405298013	3.24623494	5	2	2018	1
AN_MOS_002	17714	7	210933.6875	207812.171875	120.66185760498	0.0388240957868091	0.072288	0.1141	1	ANTBAL0559	2.571428571	3.383802817	2.4544	3.405298013	3.24623494	5	2	2018	1
AN_MOS_002	17882	7	210933.6875	207812.171875	120.66185760498	0.55130216017269	0.399843	0.0491	1	ANTBAL0559	2.571428571	3.383802817	2.4544	3.405298013	3.24623494	5	2	2018	1
LI_ZUT_001	16972	3	232076.15625	178523.515625	9515.083984375	0.0388240957868091	0.09036	0.02	1	LIMZUT0080	2.021513353	3.386029412	3.601545254	3.664736165	3.333778371	5	2	2016	1
LI_ZUT_001	16972	5	232076.15625	178523.515625	9515.083984375	0.0388240957868091	0.09036	0.02	1	LIMZUT0080	2.021513353	3.386029412	3.601545254	3.664736165	3.333778371	5	2	2016	1
LI_ZUT_001	17015	3	232076.15625	178523.515625	9515.083984375	0.0776481915736183	0.149094	0.02	1	LIMZUT0080	2.021513353	3.386029412	3.601545254	3.664736165	3.333778371	5	2	2016	1
LI_ZUT_001	17015	5	232076.15625	178523.515625	9515.083984375	0.0776481915736183	0.149094	0.02	1	LIMZUT0080	2.021513353	3.386029412	3.601545254	3.664736165	3.333778371	5	2	2016	1
LI_ZUT_001	17029	3	232076.15625	178523.515625	9515.083984375	0.0388240957868091	0.02259	0.02	1	LIMZUT0080	2.021513353	3.386029412	3.601545254	3.664736165	3.333778371	5	2	2016	1
LI_ZUT_001	17029	5	232076.15625	178523.515625	9515.083984375	0.0388240957868091	0.02259	0.02	1	LIMZUT0080	2.021513353	3.386029412	3.601545254	3.664736165	3.333778371	5	2	2016	1
LI_ZUT_001	17057	3	232076.15625	178523.515625	9515.083984375	0.0388240957868091	0.02259	0.02	1	LIMZUT0080	2.021513353	3.386029412	3.601545254	3.664736165	3.333778371	5	2	2016	1
LI_ZUT_001	17057	5	232076.15625	178523.515625	9515.083984375	0.0388240957868091	0.02259	0.02	1	LIMZUT0080	2.021513353	3.386029412	3.601545254	3.664736165	3.333778371	5	2	2016	1
LI_ZUT_001	17084	3	232076.15625	178523.515625	9515.083984375	0.0388240957868091	0.051957	0.109	1	LIMZUT0080	2.021513353	3.386029412	3.601545254	3.664736165	3.333778371	5	2	2016	1
LI_ZUT_001	17084	5	232076.15625	178523.515625	9515.083984375	0.0388240957868091	0.051957	0.109	1	LIMZUT0080	2.021513353	3.386029412	3.601545254	3.664736165	3.333778371	5	2	2016	1
LI_ZUT_001	17126	3	232076.15625	178523.515625	9515.083984375	0.0388240957868091	0.047439	0.02	1	LIMZUT0080	2.021513353	3.386029412	3.601545254	3.664736165	3.333778371	5	2	2016	1
LI_ZUT_001	17126	5	232076.15625	178523.515625	9515.083984375	0.0388240957868091	0.047439	0.02	1	LIMZUT0080	2.021513353	3.386029412	3.601545254	3.664736165	3.333778371	5	2	2016	1
LI_ZUT_001	17196	3	232076.15625	178523.515625	9515.083984375	0.0388240957868091	0.04518	0.02	1	LIMZUT0080	2.021513353	3.386029412	3.601545254	3.664736165	3.333778371	5	2	2017	1
LI_ZUT_001	17196	5	232076.15625	178523.515625	9515.083984375	0.0388240957868091	0.04518	0.02	1	LIMZUT0080	2.021513353	3.386029412	3.601545254	3.664736165	3.333778371	5	2	2017	1
LI_ZUT_001	17232	3	232076.15625	178523.515625	9515.083984375	0.0388240957868091	0.040662	0.02	1	LIMZUT0080	2.021513353	3.386029412	3.601545254	3.664736165	3.333778371	5	2	2017	1
LI_ZUT_001	17232	5	232076.15625	178523.515625	9515.083984375	0.0388240957868091	0.040662	0.02	1	LIMZUT0080	2.021513353	3.386029412	3.601545254	3.664736165	3.333778371	5	2	2017	1
LI_ZUT_001	17259	3	232076.15625	178523.515625	9515.083984375	0.0388240957868091	0.042921	0.02	1	LIMZUT0080	2.021513353	3.386029412	3.601545254	3.664736165	3.333778371	5	2	2017	1
LI_ZUT_001	17259	5	232076.15625	178523.515625	9515.083984375	0.0388240957868091	0.042921	0.02	1	LIMZUT0080	2.021513353	3.386029412	3.601545254	3.664736165	3.333778371	5	2	2017	1
LI_ZUT_001	17301	3	232076.15625	178523.515625	9515.083984375	0.0543537341015328	0.074547	0.02	1	LIMZUT0080	2.021513353	3.386029412	3.601545254	3.664736165	3.333778371	5	2	2017	1
LI_ZUT_001	17301	5	232076.15625	178523.515625	9515.083984375	0.0543537341015328	0.074547	0.02	1	LIMZUT0080	2.021513353	3.386029412	3.601545254	3.664736165	3.333778371	5	2	2017	1
AN_LDL_002	16587	3	195490.046875	224209.59375	1950.06457519531	0.0465889149441709	0.047439	0.0637	1	ANTOTH0306	2.310344828	3.395348837	4.03133515	3.881188119	3.647982063	5	2	2015	1
AN_LDL_002	16622	3	195490.046875	224209.59375	1950.06457519531	0.0621185532588946	0.063252	0.086	1	ANTOTH0306	2.310344828	3.395348837	4.03133515	3.881188119	3.647982063	5	2	2015	1
AN_LDL_002	16672	3	195490.046875	224209.59375	1950.06457519531	0.0465889149441709	0.060993	0.0612	1	ANTOTH0306	2.310344828	3.395348837	4.03133515	3.881188119	3.647982063	5	2	2015	1
AN_LDL_002	16700	3	195490.046875	224209.59375	1950.06457519531	0.0388240957868091	0.036144	0.0548	1	ANTOTH0306	2.310344828	3.395348837	4.03133515	3.881188119	3.647982063	5	2	2015	1
AN_LDL_002	16735	3	195490.046875	224209.59375	1950.06457519531	0.0543537341015328	0.063252	0.05	1	ANTOTH0306	2.310344828	3.395348837	4.03133515	3.881188119	3.647982063	5	2	2015	1
AN_LDL_002	16763	3	195490.046875	224209.59375	1950.06457519531	0.0388240957868091	0.047439	0.039	1	ANTOTH0306	2.310344828	3.395348837	4.03133515	3.881188119	3.647982063	5	2	2015	1
AN_LDL_002	16804	3	195490.046875	224209.59375	1950.06457519531	0.0388240957868091	0.049698	0.0505	1	ANTOTH0306	2.310344828	3.395348837	4.03133515	3.881188119	3.647982063	5	2	2016	1
AN_LDL_002	16833	3	195490.046875	224209.59375	1950.06457519531	0.0388240957868091	0.060993	0.0815	1	ANTOTH0306	2.310344828	3.395348837	4.03133515	3.881188119	3.647982063	5	2	2016	1
AN_LDL_002	16861	3	195490.046875	224209.59375	1950.06457519531	0.0388240957868091	0.221382	0.0391	1	ANTOTH0306	2.310344828	3.395348837	4.03133515	3.881188119	3.647982063	5	2	2016	1
AN_LDL_002	16895	3	195490.046875	224209.59375	1950.06457519531	0.0543537341015328	0.121986	0.0415	1	ANTOTH0306	2.310344828	3.395348837	4.03133515	3.881188119	3.647982063	5	2	2016	1
AN_LDL_002	16923	3	195490.046875	224209.59375	1950.06457519531	0.0388240957868091	0.024849	0.0296	1	ANTOTH0306	2.310344828	3.395348837	4.03133515	3.881188119	3.647982063	5	2	2016	1
AN_GSV_008	17337	3	166408.6875	229395.015625	1315.71557617188	0.0465889149441709	0.056475	0.02	1	ANTWUU0140	1.430501931	3.406896552	4.440871369	2.6796875	1.815096953	5	2	2017	1
AN_GSV_008	17359	3	166408.6875	229395.015625	1315.71557617188	0.194120478934046	0.070029	0.02	1	ANTWUU0140	1.430501931	3.406896552	4.440871369	2.6796875	1.815096953	5	2	2017	1
AN_GSV_008	17379	3	166408.6875	229395.015625	1315.71557617188	0.0776481915736183	0.031626	0.02	1	ANTWUU0140	1.430501931	3.406896552	4.440871369	2.6796875	1.815096953	5	2	2017	1
AN_GSV_008	17421	3	166408.6875	229395.015625	1315.71557617188	0.0543537341015328	0.06777	0.02	1	ANTWUU0140	1.430501931	3.406896552	4.440871369	2.6796875	1.815096953	5	2	2017	1
AN_GSV_008	17449	3	166408.6875	229395.015625	1315.71557617188	0.0543537341015328	0.049698	0.02	1	ANTWUU0140	1.430501931	3.406896552	4.440871369	2.6796875	1.815096953	5	2	2017	1
AN_GSV_008	17477	3	166408.6875	229395.015625	1315.71557617188	0.0776481915736183	0.042921	0.02	1	ANTWUU0140	1.430501931	3.406896552	4.440871369	2.6796875	1.815096953	5	2	2017	1
AN_GSV_008	17505	3	166408.6875	229395.015625	1315.71557617188	0.0698833724162564	0.054216	0.02	1	ANTWUU0140	1.430501931	3.406896552	4.440871369	2.6796875	1.815096953	5	2	2017	1
AN_GSV_008	17534	3	166408.6875	229395.015625	1315.71557617188	0.0388240957868091	0.058734	0.02	1	ANTWUU0140	1.430501931	3.406896552	4.440871369	2.6796875	1.815096953	5	2	2018	1
AN_GSV_008	17567	3	166408.6875	229395.015625	1315.71557617188	0.0543537341015328	0.038403	0.02	1	ANTWUU0140	1.430501931	3.406896552	4.440871369	2.6796875	1.815096953	5	2	2018	1
AN_GSV_008	17610	3	166408.6875	229395.015625	1315.71557617188	0.0388240957868091	0.054216	0.02	1	ANTWUU0140	1.430501931	3.406896552	4.440871369	2.6796875	1.815096953	5	2	2018	1
AN_GSV_008	17631	3	166408.6875	229395.015625	1315.71557617188	0.0388240957868091	0.029367	0.02	1	ANTWUU0140	1.430501931	3.406896552	4.440871369	2.6796875	1.815096953	5	2	2018	1
AN_GSV_008	17674	3	166408.6875	229395.015625	1315.71557617188	0.0388240957868091	0.04518	0.02	1	ANTWUU0140	1.430501931	3.406896552	4.440871369	2.6796875	1.815096953	5	2	2018	1
WV_LEP_007	17337	1	34773.82421875	204578.921875	815.292419433594	0.0543537341015328	0.060993	0.146	1	WVLNWP0032	2.7125	3.41025641	3.646437995	3.525504152	2.560786651	1	2	2017	1
WV_LEP_007	17372	1	34773.82421875	204578.921875	815.292419433594	1.90238069355365	0.04518	0.54	1	WVLNWP0032	2.7125	3.41025641	3.646437995	3.525504152	2.560786651	1	2	2017	1
WV_LEP_007	17407	1	34773.82421875	204578.921875	815.292419433594	0.0388240957868091	0.051957	0.02	1	WVLNWP0032	2.7125	3.41025641	3.646437995	3.525504152	2.560786651	1	2	2017	1
WV_LEP_007	17441	1	34773.82421875	204578.921875	815.292419433594	0.0621185532588946	0.049698	0.052	1	WVLNWP0032	2.7125	3.41025641	3.646437995	3.525504152	2.560786651	1	2	2017	1
WV_LEP_007	17462	1	34773.82421875	204578.921875	815.292419433594	0.0388240957868091	0.027108	0.02	1	WVLNWP0032	2.7125	3.41025641	3.646437995	3.525504152	2.560786651	1	2	2017	1
WV_LEP_007	17490	1	34773.82421875	204578.921875	815.292419433594	0.0388240957868091	0.029367	0.02	1	WVLNWP0032	2.7125	3.41025641	3.646437995	3.525504152	2.560786651	1	2	2017	1
WV_LEP_007	17539	1	34773.82421875	204578.921875	815.292419433594	0.0388240957868091	0.031626	0.0407	1	WVLNWP0032	2.7125	3.41025641	3.646437995	3.525504152	2.560786651	1	2	2018	1
WV_LEP_007	17567	1	34773.82421875	204578.921875	815.292419433594	0.0388240957868091	0.031626	0.02	1	WVLNWP0032	2.7125	3.41025641	3.646437995	3.525504152	2.560786651	1	2	2018	1
WV_LEP_007	17624	1	34773.82421875	204578.921875	815.292419433594	0.0388240957868091	0.121986	0.06	1	WVLNWP0032	2.7125	3.41025641	3.646437995	3.525504152	2.560786651	1	2	2018	1
WV_LEP_007	17638	1	34773.82421875	204578.921875	815.292419433594	0.0388240957868091	0.031626	0.0831	1	WVLNWP0032	2.7125	3.41025641	3.646437995	3.525504152	2.560786651	1	2	2018	1
WV_LEP_007	17673	1	34773.82421875	204578.921875	815.292419433594	0.0388240957868091	0.027108	0.0559	1	WVLNWP0032	2.7125	3.41025641	3.646437995	3.525504152	2.560786651	1	2	2018	1
WV_LEP_007	17777	1	34773.82421875	204578.921875	815.292419433594	0.0388240957868091	0.036144	0.0457	1	WVLNWP0032	2.7125	3.41025641	3.646437995	3.525504152	2.560786651	1	2	2018	1
LI_MAT_013	16951	4	225782.140625	182532.375	37125.78125	0.0621185532588946	0.02259	0.0511	1	LIMGNK0384	1.451645065	3.420792079	3.830792683	3.925382653	3.570464768	5	4	2016	1
LI_MAT_013	17015	4	225782.140625	182532.375	37125.78125	0.0776481915736183	0.02259	0.024	1	LIMGNK0384	1.451645065	3.420792079	3.830792683	3.925382653	3.570464768	5	4	2016	1
LI_MAT_013	17035	4	225782.140625	182532.375	37125.78125	0.0776481915736183	0.031626	0.0427	1	LIMGNK0384	1.451645065	3.420792079	3.830792683	3.925382653	3.570464768	5	4	2016	1
LI_MAT_013	17217	4	225782.140625	182532.375	37125.78125	0.0388240957868091	0.060993	0.0735	1	LIMGNK0384	1.451645065	3.420792079	3.830792683	3.925382653	3.570464768	5	4	2017	1
LI_MAT_013	17253	4	225782.140625	182532.375	37125.78125	0.108707468203066	0.054216	0.0228	1	LIMGNK0384	1.451645065	3.420792079	3.830792683	3.925382653	3.570464768	5	4	2017	1
LI_MAT_013	17275	4	225782.140625	182532.375	37125.78125	0.0388240957868091	0.02259	0.021	1	LIMGNK0384	1.451645065	3.420792079	3.830792683	3.925382653	3.570464768	5	4	2017	1
LI_MAT_013	17302	4	225782.140625	182532.375	37125.78125	0.0621185532588946	0.058734	0.02	1	LIMGNK0384	1.451645065	3.420792079	3.830792683	3.925382653	3.570464768	5	4	2017	1
AN_KAL_007	16951	7	153546.328125	233789.578125	37602.42578125	0.0388240957868091	0.02259	0.0819	1	ANTKAL0019	1.508005822	3.421875	2.725512528	3.51873385	3.933795227	5	2	2016	1
AN_KAL_007	16980	7	153546.328125	233789.578125	37602.42578125	0.0388240957868091	0.02259	0.0983	1	ANTKAL0019	1.508005822	3.421875	2.725512528	3.51873385	3.933795227	5	2	2016	1
AN_KAL_007	17035	7	153546.328125	233789.578125	37602.42578125	0.0388240957868091	0.02259	0.084	1	ANTKAL0019	1.508005822	3.421875	2.725512528	3.51873385	3.933795227	5	2	2016	1
AN_KAL_007	17050	7	153546.328125	233789.578125	37602.42578125	0.0388240957868091	0.02259	0.02	1	ANTKAL0019	1.508005822	3.421875	2.725512528	3.51873385	3.933795227	5	2	2016	1
AN_KAL_007	17084	7	153546.328125	233789.578125	37602.42578125	0.17082602146196	0.070029	0.1701	1	ANTKAL0019	1.508005822	3.421875	2.725512528	3.51873385	3.933795227	5	2	2016	1
AN_KAL_007	17126	7	153546.328125	233789.578125	37602.42578125	0.0388240957868091	0.49698	0.1855	1	ANTKAL0019	1.508005822	3.421875	2.725512528	3.51873385	3.933795227	5	2	2016	1
AN_KAL_007	17141	7	153546.328125	233789.578125	37602.42578125	0.0388240957868091	0.449541	0.1805	1	ANTKAL0019	1.508005822	3.421875	2.725512528	3.51873385	3.933795227	5	2	2016	1
AN_KAL_007	17175	7	153546.328125	233789.578125	37602.42578125	0.139766744832513	0.341109	0.1633	1	ANTKAL0019	1.508005822	3.421875	2.725512528	3.51873385	3.933795227	5	2	2017	1
AN_KAL_007	17197	7	153546.328125	233789.578125	37602.42578125	0.0465889149441709	0.189756	0.1161	1	ANTKAL0019	1.508005822	3.421875	2.725512528	3.51873385	3.933795227	5	2	2017	1
AN_KAL_007	17224	7	153546.328125	233789.578125	37602.42578125	0.163061202304598	0.370476	0.1134	1	ANTKAL0019	1.508005822	3.421875	2.725512528	3.51873385	3.933795227	5	2	2017	1
AN_KAL_007	17260	7	153546.328125	233789.578125	37602.42578125	0.0388240957868091	0.056475	0.0999	1	ANTKAL0019	1.508005822	3.421875	2.725512528	3.51873385	3.933795227	5	2	2017	1
AN_KAL_007	17315	7	153546.328125	233789.578125	37602.42578125	0.0543537341015328	0.083583	0.066	1	ANTKAL0019	1.508005822	3.421875	2.725512528	3.51873385	3.933795227	5	2	2017	1
WV_ZWI_012	17707	1	77507.0625	227732.671875	257.820434570312	0.0776481915736183	0.02259	0.0537	1	WVLKNO0019	2.797297297	3.432806324	2.00877193	4.155086849	3.93639576	1	2	2018	1
WV_ZWI_012	17721	1	77507.0625	227732.671875	257.820434570312	2.23626791732021	0.072288	0.1862	1	WVLKNO0019	2.797297297	3.432806324	2.00877193	4.155086849	3.93639576	1	2	2018	1
WV_ZWI_012	17770	1	77507.0625	227732.671875	257.820434570312	0.0543537341015328	0.142317	0.9639	1	WVLKNO0019	2.797297297	3.432806324	2.00877193	4.155086849	3.93639576	1	2	2018	1
WV_ZWI_012	17799	1	77507.0625	227732.671875	257.820434570312	0.232944574720855	0.074547	0.8436	1	WVLKNO0019	2.797297297	3.432806324	2.00877193	4.155086849	3.93639576	1	2	2018	1
WV_ZWI_012	17819	1	77507.0625	227732.671875	257.820434570312	1.13366359697483	0.201051	0.3244	1	WVLKNO0019	2.797297297	3.432806324	2.00877193	4.155086849	3.93639576	1	2	2018	1
WV_ZWI_012	17855	1	77507.0625	227732.671875	257.820434570312	3.4165204292392	0.110691	0.1146	1	WVLKNO0019	2.797297297	3.432806324	2.00877193	4.155086849	3.93639576	1	2	2018	1
WV_ZWI_012	17875	1	77507.0625	227732.671875	257.820434570312	1.84802695945211	0.153612	0.0531	1	WVLKNO0019	2.797297297	3.432806324	2.00877193	4.155086849	3.93639576	1	2	2018	1
LI_BOK_007	16952	3	221916.984375	184180.90625	23164.75	1.25790070349262	0.097137	0.2567	1	LIMGNK0060	2.221581549	3.4375	1.728015075	3.301597052	2.361130255	5	2	2016	1
LI_BOK_007	16952	4	221916.984375	184180.90625	23164.75	1.25790070349262	0.097137	0.2567	1	LIMGNK0060	2.221581549	3.4375	1.728015075	3.301597052	2.361130255	5	2	2016	1
LI_BOK_007	16980	3	221916.984375	184180.90625	23164.75	1.84026214029475	0.02259	0.1828	1	LIMGNK0060	2.221581549	3.4375	1.728015075	3.301597052	2.361130255	5	2	2016	1
LI_BOK_007	16980	4	221916.984375	184180.90625	23164.75	1.84026214029475	0.02259	0.1828	1	LIMGNK0060	2.221581549	3.4375	1.728015075	3.301597052	2.361130255	5	2	2016	1
LI_BOK_007	17035	3	221916.984375	184180.90625	23164.75	0.0388240957868091	0.02259	0.066	1	LIMGNK0060	2.221581549	3.4375	1.728015075	3.301597052	2.361130255	5	2	2016	1
LI_BOK_007	17035	4	221916.984375	184180.90625	23164.75	0.0388240957868091	0.02259	0.066	1	LIMGNK0060	2.221581549	3.4375	1.728015075	3.301597052	2.361130255	5	2	2016	1
LI_BOK_007	17064	3	221916.984375	184180.90625	23164.75	0.0388240957868091	0.02259	0.0734	1	LIMGNK0060	2.221581549	3.4375	1.728015075	3.301597052	2.361130255	5	2	2016	1
LI_BOK_007	17064	4	221916.984375	184180.90625	23164.75	0.0388240957868091	0.02259	0.0734	1	LIMGNK0060	2.221581549	3.4375	1.728015075	3.301597052	2.361130255	5	2	2016	1
LI_BOK_007	17085	3	221916.984375	184180.90625	23164.75	0.0854130107309801	0.056475	0.0898	1	LIMGNK0060	2.221581549	3.4375	1.728015075	3.301597052	2.361130255	5	2	2016	1
LI_BOK_007	17085	4	221916.984375	184180.90625	23164.75	0.0854130107309801	0.056475	0.0898	1	LIMGNK0060	2.221581549	3.4375	1.728015075	3.301597052	2.361130255	5	2	2016	1
LI_BOK_007	17133	3	221916.984375	184180.90625	23164.75	0.0543537341015328	0.162648	0.0525	1	LIMGNK0060	2.221581549	3.4375	1.728015075	3.301597052	2.361130255	5	2	2016	1
LI_BOK_007	17133	4	221916.984375	184180.90625	23164.75	0.0543537341015328	0.162648	0.0525	1	LIMGNK0060	2.221581549	3.4375	1.728015075	3.301597052	2.361130255	5	2	2016	1
LI_BOK_007	17140	3	221916.984375	184180.90625	23164.75	0.100942649045704	0.198792	0.066	1	LIMGNK0060	2.221581549	3.4375	1.728015075	3.301597052	2.361130255	5	2	2016	1
LI_BOK_007	17140	4	221916.984375	184180.90625	23164.75	0.100942649045704	0.198792	0.066	1	LIMGNK0060	2.221581549	3.4375	1.728015075	3.301597052	2.361130255	5	2	2016	1
LI_BOK_007	17168	3	221916.984375	184180.90625	23164.75	0.496948426071157	0.298188	0.0519	1	LIMGNK0060	2.221581549	3.4375	1.728015075	3.301597052	2.361130255	5	2	2017	1
LI_BOK_007	17168	4	221916.984375	184180.90625	23164.75	0.496948426071157	0.298188	0.0519	1	LIMGNK0060	2.221581549	3.4375	1.728015075	3.301597052	2.361130255	5	2	2017	1
LI_BOK_007	17267	3	221916.984375	184180.90625	23164.75	0.0388240957868091	0.054216	0.0307	1	LIMGNK0060	2.221581549	3.4375	1.728015075	3.301597052	2.361130255	5	2	2017	1
LI_BOK_007	17267	4	221916.984375	184180.90625	23164.75	0.0388240957868091	0.054216	0.0307	1	LIMGNK0060	2.221581549	3.4375	1.728015075	3.301597052	2.361130255	5	2	2017	1
LI_BOK_007	17302	3	221916.984375	184180.90625	23164.75	0.0776481915736183	0.04518	0.023	1	LIMGNK0060	2.221581549	3.4375	1.728015075	3.301597052	2.361130255	5	2	2017	1
LI_BOK_007	17302	4	221916.984375	184180.90625	23164.75	0.0776481915736183	0.04518	0.023	1	LIMGNK0060	2.221581549	3.4375	1.728015075	3.301597052	2.361130255	5	2	2017	1
AN_RVS_002	16595	4	173364.0625	226086.953125	31322.822265625	0.0388240957868091	0.047439	0.024	1	ANTBCT0544	2.16730038	3.437815126	2.40771028	2.3374613	3.779584969	5	4	2015	1
AN_RVS_002	16636	4	173364.0625	226086.953125	31322.822265625	0.0388240957868091	0.02259	0.022	1	ANTBCT0544	2.16730038	3.437815126	2.40771028	2.3374613	3.779584969	5	4	2015	1
AN_RVS_002	16658	4	173364.0625	226086.953125	31322.822265625	0.0388240957868091	0.054216	0.0366	1	ANTBCT0544	2.16730038	3.437815126	2.40771028	2.3374613	3.779584969	5	4	2015	1
AN_RVS_002	16685	4	173364.0625	226086.953125	31322.822265625	0.0543537341015328	0.058734	0.041	1	ANTBCT0544	2.16730038	3.437815126	2.40771028	2.3374613	3.779584969	5	4	2015	1
AN_RVS_002	16727	4	173364.0625	226086.953125	31322.822265625	0.139766744832513	0.056475	0.04	1	ANTBCT0544	2.16730038	3.437815126	2.40771028	2.3374613	3.779584969	5	4	2015	1
AN_RVS_002	16748	4	173364.0625	226086.953125	31322.822265625	0.225179755563493	0.056475	0.0369	1	ANTBCT0544	2.16730038	3.437815126	2.40771028	2.3374613	3.779584969	5	4	2015	1
AN_RVS_002	16776	4	173364.0625	226086.953125	31322.822265625	0.473653968599071	0.074547	0.024	1	ANTBCT0544	2.16730038	3.437815126	2.40771028	2.3374613	3.779584969	5	4	2015	1
AN_RVS_002	16818	4	173364.0625	226086.953125	31322.822265625	0.947307937198143	0.928449	0.0331	1	ANTBCT0544	2.16730038	3.437815126	2.40771028	2.3374613	3.779584969	5	4	2016	1
AN_RVS_002	16847	4	173364.0625	226086.953125	31322.822265625	0.846365288152439	0.149094	0.0424	1	ANTBCT0544	2.16730038	3.437815126	2.40771028	2.3374613	3.779584969	5	4	2016	1
AN_RVS_002	16874	4	173364.0625	226086.953125	31322.822265625	0.729893000792011	0.219123	0.0424	1	ANTBCT0544	2.16730038	3.437815126	2.40771028	2.3374613	3.779584969	5	4	2016	1
AN_RVS_002	16910	4	173364.0625	226086.953125	31322.822265625	0.380476138710729	0.162648	0.0387	1	ANTBCT0544	2.16730038	3.437815126	2.40771028	2.3374613	3.779584969	5	4	2016	1
AN_RVS_002	16944	4	173364.0625	226086.953125	31322.822265625	0.302827947137111	0.167166	0.0475	1	ANTBCT0544	2.16730038	3.437815126	2.40771028	2.3374613	3.779584969	5	4	2016	1
LI_MLV_010	16601	3	216593.484375	185412.84375	11359.904296875	0.0543537341015328	0.049698	0.037	1	LIMHAS0849	2.387065637	3.440559441	3.719373219	2.682719547	3.508253095	5	2	2015	1
LI_MLV_010	16601	4	216593.484375	185412.84375	11359.904296875	0.0543537341015328	0.049698	0.037	1	LIMHAS0849	2.387065637	3.440559441	3.719373219	2.682719547	3.508253095	5	2	2015	1
LI_MLV_010	16601	5	216593.484375	185412.84375	11359.904296875	0.0543537341015328	0.049698	0.037	1	LIMHAS0849	2.387065637	3.440559441	3.719373219	2.682719547	3.508253095	5	2	2015	1
LI_MLV_010	16631	3	216593.484375	185412.84375	11359.904296875	0.0388240957868091	0.027108	0.053	1	LIMHAS0849	2.387065637	3.440559441	3.719373219	2.682719547	3.508253095	5	2	2015	1
LI_MLV_010	16631	4	216593.484375	185412.84375	11359.904296875	0.0388240957868091	0.027108	0.053	1	LIMHAS0849	2.387065637	3.440559441	3.719373219	2.682719547	3.508253095	5	2	2015	1
LI_MLV_010	16631	5	216593.484375	185412.84375	11359.904296875	0.0388240957868091	0.027108	0.053	1	LIMHAS0849	2.387065637	3.440559441	3.719373219	2.682719547	3.508253095	5	2	2015	1
LI_MLV_010	16659	3	216593.484375	185412.84375	11359.904296875	0.0388240957868091	0.042921	0.2532	1	LIMHAS0849	2.387065637	3.440559441	3.719373219	2.682719547	3.508253095	5	2	2015	1
LI_MLV_010	16659	4	216593.484375	185412.84375	11359.904296875	0.0388240957868091	0.042921	0.2532	1	LIMHAS0849	2.387065637	3.440559441	3.719373219	2.682719547	3.508253095	5	2	2015	1
LI_MLV_010	16659	5	216593.484375	185412.84375	11359.904296875	0.0388240957868091	0.042921	0.2532	1	LIMHAS0849	2.387065637	3.440559441	3.719373219	2.682719547	3.508253095	5	2	2015	1
LI_MLV_010	16686	3	216593.484375	185412.84375	11359.904296875	0.0388240957868091	0.092619	0.2159	1	LIMHAS0849	2.387065637	3.440559441	3.719373219	2.682719547	3.508253095	5	2	2015	1
LI_MLV_010	16686	4	216593.484375	185412.84375	11359.904296875	0.0388240957868091	0.092619	0.2159	1	LIMHAS0849	2.387065637	3.440559441	3.719373219	2.682719547	3.508253095	5	2	2015	1
LI_MLV_010	16686	5	216593.484375	185412.84375	11359.904296875	0.0388240957868091	0.092619	0.2159	1	LIMHAS0849	2.387065637	3.440559441	3.719373219	2.682719547	3.508253095	5	2	2015	1
LI_MLV_010	16847	3	216593.484375	185412.84375	11359.904296875	0.0388240957868091	0.707067	0.1088	1	LIMHAS0849	2.387065637	3.440559441	3.719373219	2.682719547	3.508253095	5	2	2016	1
LI_MLV_010	16847	4	216593.484375	185412.84375	11359.904296875	0.0388240957868091	0.707067	0.1088	1	LIMHAS0849	2.387065637	3.440559441	3.719373219	2.682719547	3.508253095	5	2	2016	1
LI_MLV_010	16847	5	216593.484375	185412.84375	11359.904296875	0.0388240957868091	0.707067	0.1088	1	LIMHAS0849	2.387065637	3.440559441	3.719373219	2.682719547	3.508253095	5	2	2016	1
LI_MLV_010	16875	3	216593.484375	185412.84375	11359.904296875	0.0388240957868091	0.029367	0.0551	1	LIMHAS0849	2.387065637	3.440559441	3.719373219	2.682719547	3.508253095	5	2	2016	1
LI_MLV_010	16875	4	216593.484375	185412.84375	11359.904296875	0.0388240957868091	0.029367	0.0551	1	LIMHAS0849	2.387065637	3.440559441	3.719373219	2.682719547	3.508253095	5	2	2016	1
LI_MLV_010	16875	5	216593.484375	185412.84375	11359.904296875	0.0388240957868091	0.029367	0.0551	1	LIMHAS0849	2.387065637	3.440559441	3.719373219	2.682719547	3.508253095	5	2	2016	1
LI_MLV_010	16910	3	216593.484375	185412.84375	11359.904296875	0.0388240957868091	0.02259	0.0348	1	LIMHAS0849	2.387065637	3.440559441	3.719373219	2.682719547	3.508253095	5	2	2016	1
LI_MLV_010	16910	4	216593.484375	185412.84375	11359.904296875	0.0388240957868091	0.02259	0.0348	1	LIMHAS0849	2.387065637	3.440559441	3.719373219	2.682719547	3.508253095	5	2	2016	1
LI_MLV_010	16910	5	216593.484375	185412.84375	11359.904296875	0.0388240957868091	0.02259	0.0348	1	LIMHAS0849	2.387065637	3.440559441	3.719373219	2.682719547	3.508253095	5	2	2016	1
LI_MLV_010	16938	3	216593.484375	185412.84375	11359.904296875	0.0388240957868091	0.024849	0.0441	1	LIMHAS0849	2.387065637	3.440559441	3.719373219	2.682719547	3.508253095	5	2	2016	1
LI_MLV_010	16938	4	216593.484375	185412.84375	11359.904296875	0.0388240957868091	0.024849	0.0441	1	LIMHAS0849	2.387065637	3.440559441	3.719373219	2.682719547	3.508253095	5	2	2016	1
LI_MLV_010	16938	5	216593.484375	185412.84375	11359.904296875	0.0388240957868091	0.024849	0.0441	1	LIMHAS0849	2.387065637	3.440559441	3.719373219	2.682719547	3.508253095	5	2	2016	1
LI_THD_002	16951	3	224304.765625	190838.46875	7269.236328125	0.108707468203066	0.103914	0.0317	1	LIMHHE0322	2.366742597	3.440993789	3.568548387	3.137278107	3.604321908	5	4	2016	1
LI_THD_002	16951	7	224304.765625	190838.46875	7269.236328125	0.108707468203066	0.103914	0.0317	1	LIMHHE0322	2.366742597	3.440993789	3.568548387	3.137278107	3.604321908	5	4	2016	1
LI_THD_002	16979	3	224304.765625	190838.46875	7269.236328125	0.0388240957868091	0.02259	0.0219	1	LIMHHE0322	2.366742597	3.440993789	3.568548387	3.137278107	3.604321908	5	4	2016	1
LI_THD_002	16979	7	224304.765625	190838.46875	7269.236328125	0.0388240957868091	0.02259	0.0219	1	LIMHHE0322	2.366742597	3.440993789	3.568548387	3.137278107	3.604321908	5	4	2016	1
LI_THD_002	17021	3	224304.765625	190838.46875	7269.236328125	0.0388240957868091	0.02259	0.0228	1	LIMHHE0322	2.366742597	3.440993789	3.568548387	3.137278107	3.604321908	5	4	2016	1
LI_THD_002	17021	7	224304.765625	190838.46875	7269.236328125	0.0388240957868091	0.02259	0.0228	1	LIMHHE0322	2.366742597	3.440993789	3.568548387	3.137278107	3.604321908	5	4	2016	1
LI_THD_002	17063	3	224304.765625	190838.46875	7269.236328125	0.0388240957868091	0.033885	0.0381	1	LIMHHE0322	2.366742597	3.440993789	3.568548387	3.137278107	3.604321908	5	4	2016	1
LI_THD_002	17063	7	224304.765625	190838.46875	7269.236328125	0.0388240957868091	0.033885	0.0381	1	LIMHHE0322	2.366742597	3.440993789	3.568548387	3.137278107	3.604321908	5	4	2016	1
LI_THD_002	17092	3	224304.765625	190838.46875	7269.236328125	0.0388240957868091	0.024849	0.02	1	LIMHHE0322	2.366742597	3.440993789	3.568548387	3.137278107	3.604321908	5	4	2016	1
LI_THD_002	17092	7	224304.765625	190838.46875	7269.236328125	0.0388240957868091	0.024849	0.02	1	LIMHHE0322	2.366742597	3.440993789	3.568548387	3.137278107	3.604321908	5	4	2016	1
LI_THD_002	17112	3	224304.765625	190838.46875	7269.236328125	0.0388240957868091	0.02259	0.0202	1	LIMHHE0322	2.366742597	3.440993789	3.568548387	3.137278107	3.604321908	5	4	2016	1
LI_THD_002	17112	7	224304.765625	190838.46875	7269.236328125	0.0388240957868091	0.02259	0.0202	1	LIMHHE0322	2.366742597	3.440993789	3.568548387	3.137278107	3.604321908	5	4	2016	1
LI_THD_002	17183	3	224304.765625	190838.46875	7269.236328125	0.0776481915736183	0.169425	0.02	1	LIMHHE0322	2.366742597	3.440993789	3.568548387	3.137278107	3.604321908	5	4	2017	1
LI_THD_002	17183	7	224304.765625	190838.46875	7269.236328125	0.0776481915736183	0.169425	0.02	1	LIMHHE0322	2.366742597	3.440993789	3.568548387	3.137278107	3.604321908	5	4	2017	1
LI_THD_002	17211	3	224304.765625	190838.46875	7269.236328125	0.0621185532588946	0.133281	0.0476	1	LIMHHE0322	2.366742597	3.440993789	3.568548387	3.137278107	3.604321908	5	4	2017	1
LI_THD_002	17211	7	224304.765625	190838.46875	7269.236328125	0.0621185532588946	0.133281	0.0476	1	LIMHHE0322	2.366742597	3.440993789	3.568548387	3.137278107	3.604321908	5	4	2017	1
LI_THD_002	17254	3	224304.765625	190838.46875	7269.236328125	0.116472287360427	0.155871	0.0209	1	LIMHHE0322	2.366742597	3.440993789	3.568548387	3.137278107	3.604321908	5	4	2017	1
LI_THD_002	17254	7	224304.765625	190838.46875	7269.236328125	0.116472287360427	0.155871	0.0209	1	LIMHHE0322	2.366742597	3.440993789	3.568548387	3.137278107	3.604321908	5	4	2017	1
LI_THD_002	17274	3	224304.765625	190838.46875	7269.236328125	0.0621185532588946	0.097137	0.04	1	LIMHHE0322	2.366742597	3.440993789	3.568548387	3.137278107	3.604321908	5	4	2017	1
LI_THD_002	17274	7	224304.765625	190838.46875	7269.236328125	0.0621185532588946	0.097137	0.04	1	LIMHHE0322	2.366742597	3.440993789	3.568548387	3.137278107	3.604321908	5	4	2017	1
LI_THD_002	17294	3	224304.765625	190838.46875	7269.236328125	0.139766744832513	0.192015	0.038	1	LIMHHE0322	2.366742597	3.440993789	3.568548387	3.137278107	3.604321908	5	4	2017	1
LI_THD_002	17294	7	224304.765625	190838.46875	7269.236328125	0.139766744832513	0.192015	0.038	1	LIMHHE0322	2.366742597	3.440993789	3.568548387	3.137278107	3.604321908	5	4	2017	1
AN_RPT_004	16952	4	203896.390625	220622.234375	8273.2734375	1.31225443759415	0.085842	0.4537	1	ANTMOL0099	2.51734104	3.446078431	3.138601036	3.441618497	3.104042806	5	4	2016	1
AN_RPT_004	16979	4	203896.390625	220622.234375	8273.2734375	0.0388240957868091	0.912636	0.0302	1	ANTMOL0099	2.51734104	3.446078431	3.138601036	3.441618497	3.104042806	5	4	2016	1
AN_RPT_004	17029	4	203896.390625	220622.234375	8273.2734375	0.0621185532588946	0.02259	0.0392	1	ANTMOL0099	2.51734104	3.446078431	3.138601036	3.441618497	3.104042806	5	4	2016	1
AN_RPT_004	17049	4	203896.390625	220622.234375	8273.2734375	0.0388240957868091	0.02259	0.02	1	ANTMOL0099	2.51734104	3.446078431	3.138601036	3.441618497	3.104042806	5	4	2016	1
AN_RPT_004	17077	4	203896.390625	220622.234375	8273.2734375	0.0388240957868091	0.033885	0.03	1	ANTMOL0099	2.51734104	3.446078431	3.138601036	3.441618497	3.104042806	5	4	2016	1
AN_RPT_004	17112	4	203896.390625	220622.234375	8273.2734375	0.100942649045704	0.042921	0.0642	1	ANTMOL0099	2.51734104	3.446078431	3.138601036	3.441618497	3.104042806	5	4	2016	1
AN_RPT_004	17134	4	203896.390625	220622.234375	8273.2734375	0.0388240957868091	0.042921	0.0508	1	ANTMOL0099	2.51734104	3.446078431	3.138601036	3.441618497	3.104042806	5	4	2016	1
AN_RPT_004	17169	4	203896.390625	220622.234375	8273.2734375	0.0388240957868091	0.085842	0.0782	1	ANTMOL0099	2.51734104	3.446078431	3.138601036	3.441618497	3.104042806	5	4	2017	1
AN_RPT_004	17196	4	203896.390625	220622.234375	8273.2734375	0.0388240957868091	0.056475	0.0357	1	ANTMOL0099	2.51734104	3.446078431	3.138601036	3.441618497	3.104042806	5	4	2017	1
AN_RPT_004	17238	4	203896.390625	220622.234375	8273.2734375	0.0621185532588946	0.099396	0.0236	1	ANTMOL0099	2.51734104	3.446078431	3.138601036	3.441618497	3.104042806	5	4	2017	1
AN_RPT_004	17259	4	203896.390625	220622.234375	8273.2734375	0.0698833724162564	0.151353	0.0201	1	ANTMOL0099	2.51734104	3.446078431	3.138601036	3.441618497	3.104042806	5	4	2017	1
AN_RPT_004	17294	4	203896.390625	220622.234375	8273.2734375	0.0543537341015328	0.085842	0.035	1	ANTMOL0099	2.51734104	3.446078431	3.138601036	3.441618497	3.104042806	5	4	2017	1
WV_ZWI_040	17337	1	77259.2578125	228112.703125	189.883438110352	0.0776481915736183	0.031626	0.051	1	WVLKNO0058	1.571428571	3.466666667	3.808659218	4.334398977	3.897649735	1	2	2017	1
WV_ZWI_040	17357	1	77259.2578125	228112.703125	189.883438110352	0.450359511126986	0.036144	0.0388	1	WVLKNO0058	1.571428571	3.466666667	3.808659218	4.334398977	3.897649735	1	2	2017	1
WV_ZWI_040	17379	1	77259.2578125	228112.703125	189.883438110352	0.0698833724162564	0.031626	0.0554	1	WVLKNO0058	1.571428571	3.466666667	3.808659218	4.334398977	3.897649735	1	2	2017	1
WV_ZWI_040	17414	1	77259.2578125	228112.703125	189.883438110352	0.0388240957868091	0.072288	0.0409	1	WVLKNO0058	1.571428571	3.466666667	3.808659218	4.334398977	3.897649735	1	2	2017	1
WV_ZWI_040	17456	1	77259.2578125	228112.703125	189.883438110352	0.116472287360427	0.031626	0.03	1	WVLKNO0058	1.571428571	3.466666667	3.808659218	4.334398977	3.897649735	1	2	2017	1
WV_ZWI_040	17477	1	77259.2578125	228112.703125	189.883438110352	0.0931778298883419	0.042921	0.027	1	WVLKNO0058	1.571428571	3.466666667	3.808659218	4.334398977	3.897649735	1	2	2017	1
WV_ZWI_040	17534	1	77259.2578125	228112.703125	189.883438110352	0.0543537341015328	0.04518	0.02	1	WVLKNO0058	1.571428571	3.466666667	3.808659218	4.334398977	3.897649735	1	2	2018	1
WV_ZWI_040	17575	1	77259.2578125	228112.703125	189.883438110352	0.0543537341015328	0.02259	0.02	1	WVLKNO0058	1.571428571	3.466666667	3.808659218	4.334398977	3.897649735	1	2	2018	1
WV_ZWI_040	17596	1	77259.2578125	228112.703125	189.883438110352	0.0388240957868091	0.036144	0.037	1	WVLKNO0058	1.571428571	3.466666667	3.808659218	4.334398977	3.897649735	1	2	2018	1
WV_ZWI_040	17625	1	77259.2578125	228112.703125	189.883438110352	0.0388240957868091	0.031626	0.02	1	WVLKNO0058	1.571428571	3.466666667	3.808659218	4.334398977	3.897649735	1	2	2018	1
WV_ZWI_040	17666	1	77259.2578125	228112.703125	189.883438110352	0.0388240957868091	0.02259	0.0317	1	WVLKNO0058	1.571428571	3.466666667	3.808659218	4.334398977	3.897649735	1	2	2018	1
LI_MAT_001	16202	4	227166.46875	183856.890625	36693.01953125	0.0776481915736183	0.560232	NA	1	LIMGNK0396	2.073469388	3.472222222	3.306835067	3.716770186	3.058549568	5	4	2014	1
LI_MAT_001	16238	4	227166.46875	183856.890625	36693.01953125	0.17082602146196	0.370476	NA	1	LIMGNK0396	2.073469388	3.472222222	3.306835067	3.716770186	3.058549568	5	4	2014	1
LI_MAT_001	16266	4	227166.46875	183856.890625	36693.01953125	0.776481915736183	0.117468	NA	1	LIMGNK0396	2.073469388	3.472222222	3.306835067	3.716770186	3.058549568	5	4	2014	1
LI_MAT_001	16307	4	227166.46875	183856.890625	36693.01953125	0.0776481915736183	0.230418	NA	1	LIMGNK0396	2.073469388	3.472222222	3.306835067	3.716770186	3.058549568	5	4	2014	1
LI_MAT_001	16342	4	227166.46875	183856.890625	36693.01953125	0.0776481915736183	0.411138	NA	1	LIMGNK0396	2.073469388	3.472222222	3.306835067	3.716770186	3.058549568	5	4	2014	1
LI_MAT_001	16378	4	227166.46875	183856.890625	36693.01953125	0.0776481915736183	0.223641	NA	1	LIMGNK0396	2.073469388	3.472222222	3.306835067	3.716770186	3.058549568	5	4	2014	1
OV_KRA_002	16595	3	87800.5546875	196521.296875	127802.75	0.916248660568695	0.092619	0.126	1	OVLALT0332	2.367621777	3.474074074	3.883977901	4.138927098	4.142964072	3	4	2015	1
OV_KRA_002	16595	4	87800.5546875	196521.296875	127802.75	0.916248660568695	0.092619	0.126	1	OVLALT0332	2.367621777	3.474074074	3.883977901	4.138927098	4.142964072	3	4	2015	1
OV_KRA_002	16622	3	87800.5546875	196521.296875	127802.75	1.00942649045704	0.162648	0.3064	1	OVLALT0332	2.367621777	3.474074074	3.883977901	4.138927098	4.142964072	3	4	2015	1
OV_KRA_002	16622	4	87800.5546875	196521.296875	127802.75	1.00942649045704	0.162648	0.3064	1	OVLALT0332	2.367621777	3.474074074	3.883977901	4.138927098	4.142964072	3	4	2015	1
OV_KRA_002	16650	3	87800.5546875	196521.296875	127802.75	0.0388240957868091	0.029367	0.62	1	OVLALT0332	2.367621777	3.474074074	3.883977901	4.138927098	4.142964072	3	4	2015	1
OV_KRA_002	16650	4	87800.5546875	196521.296875	127802.75	0.0388240957868091	0.029367	0.62	1	OVLALT0332	2.367621777	3.474074074	3.883977901	4.138927098	4.142964072	3	4	2015	1
OV_KRA_002	16678	3	87800.5546875	196521.296875	127802.75	0.0698833724162564	0.942003	0.1182	1	OVLALT0332	2.367621777	3.474074074	3.883977901	4.138927098	4.142964072	3	4	2015	1
OV_KRA_002	16678	4	87800.5546875	196521.296875	127802.75	0.0698833724162564	0.942003	0.1182	1	OVLALT0332	2.367621777	3.474074074	3.883977901	4.138927098	4.142964072	3	4	2015	1
OV_KRA_002	16713	3	87800.5546875	196521.296875	127802.75	1.85579177860948	0.115209	0.35	1	OVLALT0332	2.367621777	3.474074074	3.883977901	4.138927098	4.142964072	3	4	2015	1
OV_KRA_002	16713	4	87800.5546875	196521.296875	127802.75	1.85579177860948	0.115209	0.35	1	OVLALT0332	2.367621777	3.474074074	3.883977901	4.138927098	4.142964072	3	4	2015	1
OV_KRA_002	16742	3	87800.5546875	196521.296875	127802.75	4.22406162160483	0.115209	0.32	1	OVLALT0332	2.367621777	3.474074074	3.883977901	4.138927098	4.142964072	3	4	2015	1
OV_KRA_002	16742	4	87800.5546875	196521.296875	127802.75	4.22406162160483	0.115209	0.32	1	OVLALT0332	2.367621777	3.474074074	3.883977901	4.138927098	4.142964072	3	4	2015	1
OV_KRA_002	16770	3	87800.5546875	196521.296875	127802.75	5.22572329290451	0.386289	0.21	1	OVLALT0332	2.367621777	3.474074074	3.883977901	4.138927098	4.142964072	3	4	2015	1
OV_KRA_002	16770	4	87800.5546875	196521.296875	127802.75	5.22572329290451	0.386289	0.21	1	OVLALT0332	2.367621777	3.474074074	3.883977901	4.138927098	4.142964072	3	4	2015	1
OV_KRA_002	16811	3	87800.5546875	196521.296875	127802.75	6.81751122016368	0.686736	0.1642	1	OVLALT0332	2.367621777	3.474074074	3.883977901	4.138927098	4.142964072	3	4	2016	1
OV_KRA_002	16811	4	87800.5546875	196521.296875	127802.75	6.81751122016368	0.686736	0.1642	1	OVLALT0332	2.367621777	3.474074074	3.883977901	4.138927098	4.142964072	3	4	2016	1
OV_KRA_002	16839	3	87800.5546875	196521.296875	127802.75	4.73653968599071	1.292148	0.215	1	OVLALT0332	2.367621777	3.474074074	3.883977901	4.138927098	4.142964072	3	4	2016	1
OV_KRA_002	16839	4	87800.5546875	196521.296875	127802.75	4.73653968599071	1.292148	0.215	1	OVLALT0332	2.367621777	3.474074074	3.883977901	4.138927098	4.142964072	3	4	2016	1
OV_KRA_002	16867	3	87800.5546875	196521.296875	127802.75	2.15861972574659	1.524825	0.1697	1	OVLALT0332	2.367621777	3.474074074	3.883977901	4.138927098	4.142964072	3	4	2016	1
OV_KRA_002	16867	4	87800.5546875	196521.296875	127802.75	2.15861972574659	1.524825	0.1697	1	OVLALT0332	2.367621777	3.474074074	3.883977901	4.138927098	4.142964072	3	4	2016	1
OV_KRA_002	16902	3	87800.5546875	196521.296875	127802.75	0.0931778298883419	0.702549	0.13	1	OVLALT0332	2.367621777	3.474074074	3.883977901	4.138927098	4.142964072	3	4	2016	1
OV_KRA_002	16902	4	87800.5546875	196521.296875	127802.75	0.0931778298883419	0.702549	0.13	1	OVLALT0332	2.367621777	3.474074074	3.883977901	4.138927098	4.142964072	3	4	2016	1
OV_KRA_002	16930	3	87800.5546875	196521.296875	127802.75	0.194120478934046	0.02259	0.0628	1	OVLALT0332	2.367621777	3.474074074	3.883977901	4.138927098	4.142964072	3	4	2016	1
OV_KRA_002	16930	4	87800.5546875	196521.296875	127802.75	0.194120478934046	0.02259	0.0628	1	OVLALT0332	2.367621777	3.474074074	3.883977901	4.138927098	4.142964072	3	4	2016	1
AN_E10_002	16566	3	166511.9375	229677.59375	277001.5	0.0465889149441709	0.196533	0.02	1	ANTWUU0153	1.738100366	3.476635514	3.786350148	2.5	3.446526151	5	4	2015	1
AN_E10_002	16566	6	166511.9375	229677.59375	277001.5	0.0465889149441709	0.196533	0.02	1	ANTWUU0153	1.738100366	3.476635514	3.786350148	2.5	3.446526151	5	4	2015	1
AN_E10_002	16595	3	166511.9375	229677.59375	277001.5	0.0388240957868091	0.144576	0.02	1	ANTWUU0153	1.738100366	3.476635514	3.786350148	2.5	3.446526151	5	4	2015	1
AN_E10_002	16595	6	166511.9375	229677.59375	277001.5	0.0388240957868091	0.144576	0.02	1	ANTWUU0153	1.738100366	3.476635514	3.786350148	2.5	3.446526151	5	4	2015	1
AN_E10_002	16636	3	166511.9375	229677.59375	277001.5	0.0388240957868091	0.02259	0.02	1	ANTWUU0153	1.738100366	3.476635514	3.786350148	2.5	3.446526151	5	4	2015	1
AN_E10_002	16636	6	166511.9375	229677.59375	277001.5	0.0388240957868091	0.02259	0.02	1	ANTWUU0153	1.738100366	3.476635514	3.786350148	2.5	3.446526151	5	4	2015	1
AN_E10_002	16657	3	166511.9375	229677.59375	277001.5	0.0388240957868091	0.029367	0.02	1	ANTWUU0153	1.738100366	3.476635514	3.786350148	2.5	3.446526151	5	4	2015	1
AN_E10_002	16657	6	166511.9375	229677.59375	277001.5	0.0388240957868091	0.029367	0.02	1	ANTWUU0153	1.738100366	3.476635514	3.786350148	2.5	3.446526151	5	4	2015	1
AN_E10_002	16692	3	166511.9375	229677.59375	277001.5	0.0388240957868091	0.02259	0.02	1	ANTWUU0153	1.738100366	3.476635514	3.786350148	2.5	3.446526151	5	4	2015	1
AN_E10_002	16692	6	166511.9375	229677.59375	277001.5	0.0388240957868091	0.02259	0.02	1	ANTWUU0153	1.738100366	3.476635514	3.786350148	2.5	3.446526151	5	4	2015	1
AN_E10_002	16727	3	166511.9375	229677.59375	277001.5	0.0543537341015328	0.033885	0.02	1	ANTWUU0153	1.738100366	3.476635514	3.786350148	2.5	3.446526151	5	4	2015	1
AN_E10_002	16727	6	166511.9375	229677.59375	277001.5	0.0543537341015328	0.033885	0.02	1	ANTWUU0153	1.738100366	3.476635514	3.786350148	2.5	3.446526151	5	4	2015	1
AN_E10_002	16755	3	166511.9375	229677.59375	277001.5	0.0776481915736183	0.033885	0.02	1	ANTWUU0153	1.738100366	3.476635514	3.786350148	2.5	3.446526151	5	4	2015	1
AN_E10_002	16755	6	166511.9375	229677.59375	277001.5	0.0776481915736183	0.033885	0.02	1	ANTWUU0153	1.738100366	3.476635514	3.786350148	2.5	3.446526151	5	4	2015	1
AN_E10_002	16783	3	166511.9375	229677.59375	277001.5	0.155296383147237	0.097137	0.02	1	ANTWUU0153	1.738100366	3.476635514	3.786350148	2.5	3.446526151	5	4	2015	1
AN_E10_002	16783	6	166511.9375	229677.59375	277001.5	0.155296383147237	0.097137	0.02	1	ANTWUU0153	1.738100366	3.476635514	3.786350148	2.5	3.446526151	5	4	2015	1
AN_E10_002	16825	3	166511.9375	229677.59375	277001.5	0.0388240957868091	1.027845	0.02	1	ANTWUU0153	1.738100366	3.476635514	3.786350148	2.5	3.446526151	5	4	2016	1
AN_E10_002	16825	6	166511.9375	229677.59375	277001.5	0.0388240957868091	1.027845	0.02	1	ANTWUU0153	1.738100366	3.476635514	3.786350148	2.5	3.446526151	5	4	2016	1
AN_E10_002	16853	3	166511.9375	229677.59375	277001.5	0.0388240957868091	0.246231	0.02	1	ANTWUU0153	1.738100366	3.476635514	3.786350148	2.5	3.446526151	5	4	2016	1
AN_E10_002	16853	6	166511.9375	229677.59375	277001.5	0.0388240957868091	0.246231	0.02	1	ANTWUU0153	1.738100366	3.476635514	3.786350148	2.5	3.446526151	5	4	2016	1
AN_E10_002	16896	3	166511.9375	229677.59375	277001.5	0.0543537341015328	0.250749	0.02	1	ANTWUU0153	1.738100366	3.476635514	3.786350148	2.5	3.446526151	5	4	2016	1
AN_E10_002	16896	6	166511.9375	229677.59375	277001.5	0.0543537341015328	0.250749	0.02	1	ANTWUU0153	1.738100366	3.476635514	3.786350148	2.5	3.446526151	5	4	2016	1
AN_E10_002	16916	3	166511.9375	229677.59375	277001.5	0.0543537341015328	0.223641	0.0206	1	ANTWUU0153	1.738100366	3.476635514	3.786350148	2.5	3.446526151	5	4	2016	1
AN_E10_002	16916	6	166511.9375	229677.59375	277001.5	0.0543537341015328	0.223641	0.0206	1	ANTWUU0153	1.738100366	3.476635514	3.786350148	2.5	3.446526151	5	4	2016	1
AN_E10_002	16944	3	166511.9375	229677.59375	277001.5	0.0776481915736183	0.187497	0.0229	1	ANTWUU0153	1.738100366	3.476635514	3.786350148	2.5	3.446526151	5	4	2016	1
AN_E10_002	16944	6	166511.9375	229677.59375	277001.5	0.0776481915736183	0.187497	0.0229	1	ANTWUU0153	1.738100366	3.476635514	3.786350148	2.5	3.446526151	5	4	2016	1
OV_DON_003	17735	6	123753.9609375	190798.5625	6936.6767578125	0.0931778298883419	0.033885	0.0908	1	OVLBLE0193	2.237521515	3.486842105	3.133074935	2.924202128	2.452655889	2	3	2018	1
OV_DON_003	17764	6	123753.9609375	190798.5625	6936.6767578125	0.0388240957868091	0.083583	0.1032	1	OVLBLE0193	2.237521515	3.486842105	3.133074935	2.924202128	2.452655889	2	3	2018	1
OV_DON_003	17778	6	123753.9609375	190798.5625	6936.6767578125	0.0388240957868091	0.038403	0.1244	1	OVLBLE0193	2.237521515	3.486842105	3.133074935	2.924202128	2.452655889	2	3	2018	1
OV_DON_003	17819	6	123753.9609375	190798.5625	6936.6767578125	0.0388240957868091	0.02259	0.1112	1	OVLBLE0193	2.237521515	3.486842105	3.133074935	2.924202128	2.452655889	2	3	2018	1
OV_DON_003	17869	6	123753.9609375	190798.5625	6936.6767578125	0.0388240957868091	0.02259	0.1205	1	OVLBLE0193	2.237521515	3.486842105	3.133074935	2.924202128	2.452655889	2	3	2018	1
OV_DON_003	17883	6	123753.9609375	190798.5625	6936.6767578125	0.0388240957868091	0.097137	0.1376	1	OVLBLE0193	2.237521515	3.486842105	3.133074935	2.924202128	2.452655889	2	3	2018	1
LI_LBV_003	16581	4	213543.421875	187686.28125	203376.765625	0.0388240957868091	0.02259	0.0788	1	LIMHVL0092	2.424911661	3.494791667	3.533236994	3.554901961	3.518243661	5	4	2015	1
LI_LBV_003	16581	6	213543.421875	187686.28125	203376.765625	0.0388240957868091	0.02259	0.0788	1	LIMHVL0092	2.424911661	3.494791667	3.533236994	3.554901961	3.518243661	5	4	2015	1
LI_LBV_003	16581	7	213543.421875	187686.28125	203376.765625	0.0388240957868091	0.02259	0.0788	1	LIMHVL0092	2.424911661	3.494791667	3.533236994	3.554901961	3.518243661	5	4	2015	1
LI_LBV_003	16608	4	213543.421875	187686.28125	203376.765625	0.0388240957868091	0.02259	0.0622	1	LIMHVL0092	2.424911661	3.494791667	3.533236994	3.554901961	3.518243661	5	4	2015	1
LI_LBV_003	16608	6	213543.421875	187686.28125	203376.765625	0.0388240957868091	0.02259	0.0622	1	LIMHVL0092	2.424911661	3.494791667	3.533236994	3.554901961	3.518243661	5	4	2015	1
LI_LBV_003	16608	7	213543.421875	187686.28125	203376.765625	0.0388240957868091	0.02259	0.0622	1	LIMHVL0092	2.424911661	3.494791667	3.533236994	3.554901961	3.518243661	5	4	2015	1
LI_LBV_003	16637	4	213543.421875	187686.28125	203376.765625	0.0388240957868091	0.02259	0.052	1	LIMHVL0092	2.424911661	3.494791667	3.533236994	3.554901961	3.518243661	5	4	2015	1
LI_LBV_003	16637	6	213543.421875	187686.28125	203376.765625	0.0388240957868091	0.02259	0.052	1	LIMHVL0092	2.424911661	3.494791667	3.533236994	3.554901961	3.518243661	5	4	2015	1
LI_LBV_003	16637	7	213543.421875	187686.28125	203376.765625	0.0388240957868091	0.02259	0.052	1	LIMHVL0092	2.424911661	3.494791667	3.533236994	3.554901961	3.518243661	5	4	2015	1
LI_LBV_003	16665	4	213543.421875	187686.28125	203376.765625	0.0388240957868091	0.140058	0.097	1	LIMHVL0092	2.424911661	3.494791667	3.533236994	3.554901961	3.518243661	5	4	2015	1
LI_LBV_003	16665	6	213543.421875	187686.28125	203376.765625	0.0388240957868091	0.140058	0.097	1	LIMHVL0092	2.424911661	3.494791667	3.533236994	3.554901961	3.518243661	5	4	2015	1
LI_LBV_003	16665	7	213543.421875	187686.28125	203376.765625	0.0388240957868091	0.140058	0.097	1	LIMHVL0092	2.424911661	3.494791667	3.533236994	3.554901961	3.518243661	5	4	2015	1
LI_LBV_003	16693	4	213543.421875	187686.28125	203376.765625	0.0854130107309801	0.04518	0.0829	1	LIMHVL0092	2.424911661	3.494791667	3.533236994	3.554901961	3.518243661	5	4	2015	1
LI_LBV_003	16693	6	213543.421875	187686.28125	203376.765625	0.0854130107309801	0.04518	0.0829	1	LIMHVL0092	2.424911661	3.494791667	3.533236994	3.554901961	3.518243661	5	4	2015	1
LI_LBV_003	16693	7	213543.421875	187686.28125	203376.765625	0.0854130107309801	0.04518	0.0829	1	LIMHVL0092	2.424911661	3.494791667	3.533236994	3.554901961	3.518243661	5	4	2015	1
LI_LBV_003	16727	4	213543.421875	187686.28125	203376.765625	0.0388240957868091	0.033885	0.05	1	LIMHVL0092	2.424911661	3.494791667	3.533236994	3.554901961	3.518243661	5	4	2015	1
LI_LBV_003	16727	6	213543.421875	187686.28125	203376.765625	0.0388240957868091	0.033885	0.05	1	LIMHVL0092	2.424911661	3.494791667	3.533236994	3.554901961	3.518243661	5	4	2015	1
LI_LBV_003	16727	7	213543.421875	187686.28125	203376.765625	0.0388240957868091	0.033885	0.05	1	LIMHVL0092	2.424911661	3.494791667	3.533236994	3.554901961	3.518243661	5	4	2015	1
LI_LBV_003	16755	4	213543.421875	187686.28125	203376.765625	0.163061202304598	0.140058	0.087	1	LIMHVL0092	2.424911661	3.494791667	3.533236994	3.554901961	3.518243661	5	4	2015	1
LI_LBV_003	16755	6	213543.421875	187686.28125	203376.765625	0.163061202304598	0.140058	0.087	1	LIMHVL0092	2.424911661	3.494791667	3.533236994	3.554901961	3.518243661	5	4	2015	1
LI_LBV_003	16755	7	213543.421875	187686.28125	203376.765625	0.163061202304598	0.140058	0.087	1	LIMHVL0092	2.424911661	3.494791667	3.533236994	3.554901961	3.518243661	5	4	2015	1
LI_LBV_003	16811	4	213543.421875	187686.28125	203376.765625	0.100942649045704	0.262044	0.0736	1	LIMHVL0092	2.424911661	3.494791667	3.533236994	3.554901961	3.518243661	5	4	2016	1
LI_LBV_003	16811	6	213543.421875	187686.28125	203376.765625	0.100942649045704	0.262044	0.0736	1	LIMHVL0092	2.424911661	3.494791667	3.533236994	3.554901961	3.518243661	5	4	2016	1
LI_LBV_003	16811	7	213543.421875	187686.28125	203376.765625	0.100942649045704	0.262044	0.0736	1	LIMHVL0092	2.424911661	3.494791667	3.533236994	3.554901961	3.518243661	5	4	2016	1
LI_LBV_003	16840	4	213543.421875	187686.28125	203376.765625	0.0388240957868091	0.262044	0.0622	1	LIMHVL0092	2.424911661	3.494791667	3.533236994	3.554901961	3.518243661	5	4	2016	1
LI_LBV_003	16840	6	213543.421875	187686.28125	203376.765625	0.0388240957868091	0.262044	0.0622	1	LIMHVL0092	2.424911661	3.494791667	3.533236994	3.554901961	3.518243661	5	4	2016	1
LI_LBV_003	16840	7	213543.421875	187686.28125	203376.765625	0.0388240957868091	0.262044	0.0622	1	LIMHVL0092	2.424911661	3.494791667	3.533236994	3.554901961	3.518243661	5	4	2016	1
LI_LBV_003	16868	4	213543.421875	187686.28125	203376.765625	0.116472287360427	0.318519	0.0376	1	LIMHVL0092	2.424911661	3.494791667	3.533236994	3.554901961	3.518243661	5	4	2016	1
LI_LBV_003	16868	6	213543.421875	187686.28125	203376.765625	0.116472287360427	0.318519	0.0376	1	LIMHVL0092	2.424911661	3.494791667	3.533236994	3.554901961	3.518243661	5	4	2016	1
LI_LBV_003	16868	7	213543.421875	187686.28125	203376.765625	0.116472287360427	0.318519	0.0376	1	LIMHVL0092	2.424911661	3.494791667	3.533236994	3.554901961	3.518243661	5	4	2016	1
LI_LBV_003	16896	4	213543.421875	187686.28125	203376.765625	0.0388240957868091	0.117468	0.0926	1	LIMHVL0092	2.424911661	3.494791667	3.533236994	3.554901961	3.518243661	5	4	2016	1
LI_LBV_003	16896	6	213543.421875	187686.28125	203376.765625	0.0388240957868091	0.117468	0.0926	1	LIMHVL0092	2.424911661	3.494791667	3.533236994	3.554901961	3.518243661	5	4	2016	1
LI_LBV_003	16896	7	213543.421875	187686.28125	203376.765625	0.0388240957868091	0.117468	0.0926	1	LIMHVL0092	2.424911661	3.494791667	3.533236994	3.554901961	3.518243661	5	4	2016	1
LI_LBV_003	16944	4	213543.421875	187686.28125	203376.765625	0.0776481915736183	0.051957	0.1075	1	LIMHVL0092	2.424911661	3.494791667	3.533236994	3.554901961	3.518243661	5	4	2016	1
LI_LBV_003	16944	6	213543.421875	187686.28125	203376.765625	0.0776481915736183	0.051957	0.1075	1	LIMHVL0092	2.424911661	3.494791667	3.533236994	3.554901961	3.518243661	5	4	2016	1
LI_LBV_003	16944	7	213543.421875	187686.28125	203376.765625	0.0776481915736183	0.051957	0.1075	1	LIMHVL0092	2.424911661	3.494791667	3.533236994	3.554901961	3.518243661	5	4	2016	1
WV_DHE_020	17714	1	54195.36328125	216181.359375	203.279434204102	0.0465889149441709	0.058734	0.0918	1	WVLBRD0124	2	3.495412844	4.00154321	4.054886212	3.668144863	1	2	2018	1
WV_DHE_020	17868	1	54195.36328125	216181.359375	203.279434204102	0.0388240957868091	0.02259	0.1438	1	WVLBRD0124	2	3.495412844	4.00154321	4.054886212	3.668144863	1	2	2018	1
WV_DHE_020	17882	1	54195.36328125	216181.359375	203.279434204102	0.0388240957868091	0.02259	0.2264	1	WVLBRD0124	2	3.495412844	4.00154321	4.054886212	3.668144863	1	2	2018	1
VB_VIE_008	16965	6	192565.59375	189816.9375	1043.10717773438	0.201885298091407	0.106173	0.3375	1	VBRSZI0435	2.129139073	3.5	3.945619335	2.826254826	2.800446761	5	2	2016	1
VB_VIE_008	16986	6	192565.59375	189816.9375	1043.10717773438	0.559066979330051	0.02259	0.7225	1	VBRSZI0435	2.129139073	3.5	3.945619335	2.826254826	2.800446761	5	2	2016	1
VB_VIE_008	17029	6	192565.59375	189816.9375	1043.10717773438	0.0388240957868091	0.02259	0.1193	1	VBRSZI0435	2.129139073	3.5	3.945619335	2.826254826	2.800446761	5	2	2016	1
VB_VIE_008	17063	6	192565.59375	189816.9375	1043.10717773438	0.0388240957868091	0.02259	0.1134	1	VBRSZI0435	2.129139073	3.5	3.945619335	2.826254826	2.800446761	5	2	2016	1
VB_VIE_008	17091	6	192565.59375	189816.9375	1043.10717773438	0.0388240957868091	0.02259	0.0687	1	VBRSZI0435	2.129139073	3.5	3.945619335	2.826254826	2.800446761	5	2	2016	1
VB_VIE_008	17112	6	192565.59375	189816.9375	1043.10717773438	0.0388240957868091	0.02259	0.1035	1	VBRSZI0435	2.129139073	3.5	3.945619335	2.826254826	2.800446761	5	2	2016	1
VB_VIE_008	17133	6	192565.59375	189816.9375	1043.10717773438	0.0388240957868091	0.076806	0.0781	1	VBRSZI0435	2.129139073	3.5	3.945619335	2.826254826	2.800446761	5	2	2016	1
VB_VIE_008	17175	6	192565.59375	189816.9375	1043.10717773438	0.0388240957868091	0.036144	0.051	1	VBRSZI0435	2.129139073	3.5	3.945619335	2.826254826	2.800446761	5	2	2017	1
VB_VIE_008	17203	6	192565.59375	189816.9375	1043.10717773438	0.0388240957868091	0.033885	0.0637	1	VBRSZI0435	2.129139073	3.5	3.945619335	2.826254826	2.800446761	5	2	2017	1
VB_VIE_008	17224	6	192565.59375	189816.9375	1043.10717773438	0.0388240957868091	0.029367	0.0573	1	VBRSZI0435	2.129139073	3.5	3.945619335	2.826254826	2.800446761	5	2	2017	1
VB_VIE_008	17259	6	192565.59375	189816.9375	1043.10717773438	0.0388240957868091	0.04518	0.0206	1	VBRSZI0435	2.129139073	3.5	3.945619335	2.826254826	2.800446761	5	2	2017	1
VB_VIE_008	17295	6	192565.59375	189816.9375	1043.10717773438	0.0388240957868091	0.047439	0.039	1	VBRSZI0435	2.129139073	3.5	3.945619335	2.826254826	2.800446761	5	2	2017	1
WV_TYD_007	17708	1	33336.35546875	203866.859375	95.7875366210938	0.0388240957868091	0.02259	0.0728	1	WVLKOK0001	2	3.5	4.067750678	4.359976663	3.478380233	1	2	2018	1
WV_TYD_007	17742	1	33336.35546875	203866.859375	95.7875366210938	0.0388240957868091	0.02259	0.0941	1	WVLKOK0001	2	3.5	4.067750678	4.359976663	3.478380233	1	2	2018	1
WV_TYD_007	17763	1	33336.35546875	203866.859375	95.7875366210938	0.0388240957868091	0.036144	0.02	1	WVLKOK0001	2	3.5	4.067750678	4.359976663	3.478380233	1	2	2018	1
WV_TYD_007	17777	1	33336.35546875	203866.859375	95.7875366210938	0.0388240957868091	0.040662	0.0615	1	WVLKOK0001	2	3.5	4.067750678	4.359976663	3.478380233	1	2	2018	1
WV_TYD_007	17820	1	33336.35546875	203866.859375	95.7875366210938	0.0931778298883419	0.051957	0.02	1	WVLKOK0001	2	3.5	4.067750678	4.359976663	3.478380233	1	2	2018	1
WV_TYD_007	17862	1	33336.35546875	203866.859375	95.7875366210938	0.0388240957868091	0.02259	0.039	1	WVLKOK0001	2	3.5	4.067750678	4.359976663	3.478380233	1	2	2018	1
WV_TYD_007	17876	1	33336.35546875	203866.859375	95.7875366210938	0.0388240957868091	0.124245	0.0335	1	WVLKOK0001	2	3.5	4.067750678	4.359976663	3.478380233	1	2	2018	1
AN_KAL_003	16601	7	154357.859375	233252.046875	93314	0.0388240957868091	0.027108	0.029	1	ANTKAL0004	1.53997259	3.509345794	4.122126437	3.982166446	3.332205683	5	2	2015	1
AN_KAL_003	16616	7	154357.859375	233252.046875	93314	0.0388240957868091	0.029367	0.038	1	ANTKAL0004	1.53997259	3.509345794	4.122126437	3.982166446	3.332205683	5	2	2015	1
AN_KAL_003	16643	7	154357.859375	233252.046875	93314	0.248474213035578	0.795168	0.069	1	ANTKAL0004	1.53997259	3.509345794	4.122126437	3.982166446	3.332205683	5	2	2015	1
AN_KAL_003	16671	7	154357.859375	233252.046875	93314	1.23460624602053	0.051957	0.0455	1	ANTKAL0004	1.53997259	3.509345794	4.122126437	3.982166446	3.332205683	5	2	2015	1
AN_KAL_003	16699	7	154357.859375	233252.046875	93314	2.47697731119842	0.054216	0.0878	1	ANTKAL0004	1.53997259	3.509345794	4.122126437	3.982166446	3.332205683	5	2	2015	1
AN_KAL_003	16734	7	154357.859375	233252.046875	93314	2.44591803456897	0.149094	0.11	1	ANTKAL0004	1.53997259	3.509345794	4.122126437	3.982166446	3.332205683	5	2	2015	1
AN_KAL_003	16762	7	154357.859375	233252.046875	93314	2.78757007749289	0.347886	0.095	1	ANTKAL0004	1.53997259	3.509345794	4.122126437	3.982166446	3.332205683	5	2	2015	1
AN_KAL_003	16805	7	154357.859375	233252.046875	93314	2.35274020468063	0.356922	0.04	1	ANTKAL0004	1.53997259	3.509345794	4.122126437	3.982166446	3.332205683	5	2	2016	1
AN_KAL_003	16832	7	154357.859375	233252.046875	93314	0.287298308822388	0.173943	0.0472	1	ANTKAL0004	1.53997259	3.509345794	4.122126437	3.982166446	3.332205683	5	2	2016	1
AN_KAL_003	16860	7	154357.859375	233252.046875	93314	0.0698833724162564	0.117468	0.0365	1	ANTKAL0004	1.53997259	3.509345794	4.122126437	3.982166446	3.332205683	5	2	2016	1
AN_KAL_003	16896	7	154357.859375	233252.046875	93314	0.186355659776684	0.230418	0.0475	1	ANTKAL0004	1.53997259	3.509345794	4.122126437	3.982166446	3.332205683	5	2	2016	1
AN_KAL_003	16924	7	154357.859375	233252.046875	93314	0.0388240957868091	0.074547	0.0523	1	ANTKAL0004	1.53997259	3.509345794	4.122126437	3.982166446	3.332205683	5	2	2016	1
LI_LAN_005	16202	4	223689.71875	181906.265625	23637.0625	0.0776481915736183	0.076806	NA	1	LIMDPB0311	2.46822542	3.509541001	2.994680851	3.004065041	3.07296467	5	4	2014	1
LI_LAN_005	16202	6	223689.71875	181906.265625	23637.0625	0.0776481915736183	0.076806	NA	1	LIMDPB0311	2.46822542	3.509541001	2.994680851	3.004065041	3.07296467	5	4	2014	1
LI_LAN_005	16238	4	223689.71875	181906.265625	23637.0625	0.0776481915736183	0.088101	NA	1	LIMDPB0311	2.46822542	3.509541001	2.994680851	3.004065041	3.07296467	5	4	2014	1
LI_LAN_005	16238	6	223689.71875	181906.265625	23637.0625	0.0776481915736183	0.088101	NA	1	LIMDPB0311	2.46822542	3.509541001	2.994680851	3.004065041	3.07296467	5	4	2014	1
LI_LAN_005	16266	4	223689.71875	181906.265625	23637.0625	0.147531563989875	0.128763	NA	1	LIMDPB0311	2.46822542	3.509541001	2.994680851	3.004065041	3.07296467	5	4	2014	1
LI_LAN_005	16266	6	223689.71875	181906.265625	23637.0625	0.147531563989875	0.128763	NA	1	LIMDPB0311	2.46822542	3.509541001	2.994680851	3.004065041	3.07296467	5	4	2014	1
LI_LAN_005	16307	4	223689.71875	181906.265625	23637.0625	0.155296383147237	0.232677	NA	1	LIMDPB0311	2.46822542	3.509541001	2.994680851	3.004065041	3.07296467	5	4	2014	1
LI_LAN_005	16307	6	223689.71875	181906.265625	23637.0625	0.155296383147237	0.232677	NA	1	LIMDPB0311	2.46822542	3.509541001	2.994680851	3.004065041	3.07296467	5	4	2014	1
LI_LAN_005	16342	4	223689.71875	181906.265625	23637.0625	0.217414936406131	0.232677	NA	1	LIMDPB0311	2.46822542	3.509541001	2.994680851	3.004065041	3.07296467	5	4	2014	1
LI_LAN_005	16342	6	223689.71875	181906.265625	23637.0625	0.217414936406131	0.232677	NA	1	LIMDPB0311	2.46822542	3.509541001	2.994680851	3.004065041	3.07296467	5	4	2014	1
LI_LAN_005	16378	4	223689.71875	181906.265625	23637.0625	0.17082602146196	0.18072	NA	1	LIMDPB0311	2.46822542	3.509541001	2.994680851	3.004065041	3.07296467	5	4	2014	1
LI_LAN_005	16378	6	223689.71875	181906.265625	23637.0625	0.17082602146196	0.18072	NA	1	LIMDPB0311	2.46822542	3.509541001	2.994680851	3.004065041	3.07296467	5	4	2014	1
WV_ZWI_162	17707	1	77376.6015625	227748.3125	171.428085327148	0.0465889149441709	0.038403	0.0629	1	WVLKNO0280	3.3125	3.510638298	4.269138756	4.228494624	3.494720965	1	2	2018	1
WV_ZWI_162	17799	1	77376.6015625	227748.3125	171.428085327148	3.0515739288432	0.146835	0.0679	1	WVLKNO0280	3.3125	3.510638298	4.269138756	4.228494624	3.494720965	1	2	2018	1
WV_ZWI_162	17875	1	77376.6015625	227748.3125	171.428085327148	0.0388240957868091	0.049698	0.0492	1	WVLKNO0280	3.3125	3.510638298	4.269138756	4.228494624	3.494720965	1	2	2018	1
AN_ENK_001	17344	3	179565.578125	207741.8125	6990.2734375	0.108707468203066	0.13554	0.094	1	ANTHTS0097	1.504149378	3.514285714	3.945619335	4.219816273	2.889290883	5	4	2017	1
AN_ENK_001	17344	7	179565.578125	207741.8125	6990.2734375	0.108707468203066	0.13554	0.094	1	ANTHTS0097	1.504149378	3.514285714	3.945619335	4.219816273	2.889290883	5	4	2017	1
AN_ENK_001	17378	3	179565.578125	207741.8125	6990.2734375	0.194120478934046	0.259785	0.1227	1	ANTHTS0097	1.504149378	3.514285714	3.945619335	4.219816273	2.889290883	5	4	2017	1
AN_ENK_001	17378	7	179565.578125	207741.8125	6990.2734375	0.194120478934046	0.259785	0.1227	1	ANTHTS0097	1.504149378	3.514285714	3.945619335	4.219816273	2.889290883	5	4	2017	1
AN_ENK_001	17399	3	179565.578125	207741.8125	6990.2734375	0.201885298091407	0.284634	0.133	1	ANTHTS0097	1.504149378	3.514285714	3.945619335	4.219816273	2.889290883	5	4	2017	1
AN_ENK_001	17399	7	179565.578125	207741.8125	6990.2734375	0.201885298091407	0.284634	0.133	1	ANTHTS0097	1.504149378	3.514285714	3.945619335	4.219816273	2.889290883	5	4	2017	1
AN_ENK_001	17435	3	179565.578125	207741.8125	6990.2734375	0.295063127979749	0.438246	0.099	1	ANTHTS0097	1.504149378	3.514285714	3.945619335	4.219816273	2.889290883	5	4	2017	1
AN_ENK_001	17435	7	179565.578125	207741.8125	6990.2734375	0.295063127979749	0.438246	0.099	1	ANTHTS0097	1.504149378	3.514285714	3.945619335	4.219816273	2.889290883	5	4	2017	1
AN_ENK_001	17455	3	179565.578125	207741.8125	6990.2734375	0.302827947137111	0.40662	0.0633	1	ANTHTS0097	1.504149378	3.514285714	3.945619335	4.219816273	2.889290883	5	4	2017	1
AN_ENK_001	17455	7	179565.578125	207741.8125	6990.2734375	0.302827947137111	0.40662	0.0633	1	ANTHTS0097	1.504149378	3.514285714	3.945619335	4.219816273	2.889290883	5	4	2017	1
AN_ENK_001	17497	3	179565.578125	207741.8125	6990.2734375	0.100942649045704	0.2259	0.107	1	ANTHTS0097	1.504149378	3.514285714	3.945619335	4.219816273	2.889290883	5	4	2017	1
AN_ENK_001	17497	7	179565.578125	207741.8125	6990.2734375	0.100942649045704	0.2259	0.107	1	ANTHTS0097	1.504149378	3.514285714	3.945619335	4.219816273	2.889290883	5	4	2017	1
AN_ENK_001	17546	3	179565.578125	207741.8125	6990.2734375	0.100942649045704	0.115209	0.029	1	ANTHTS0097	1.504149378	3.514285714	3.945619335	4.219816273	2.889290883	5	4	2018	1
AN_ENK_001	17546	7	179565.578125	207741.8125	6990.2734375	0.100942649045704	0.115209	0.029	1	ANTHTS0097	1.504149378	3.514285714	3.945619335	4.219816273	2.889290883	5	4	2018	1
AN_ENK_001	17581	3	179565.578125	207741.8125	6990.2734375	0.0388240957868091	0.083583	0.02	1	ANTHTS0097	1.504149378	3.514285714	3.945619335	4.219816273	2.889290883	5	4	2018	1
AN_ENK_001	17581	7	179565.578125	207741.8125	6990.2734375	0.0388240957868091	0.083583	0.02	1	ANTHTS0097	1.504149378	3.514285714	3.945619335	4.219816273	2.889290883	5	4	2018	1
AN_ENK_001	17609	3	179565.578125	207741.8125	6990.2734375	0.0388240957868091	0.054216	0.02	1	ANTHTS0097	1.504149378	3.514285714	3.945619335	4.219816273	2.889290883	5	4	2018	1
AN_ENK_001	17609	7	179565.578125	207741.8125	6990.2734375	0.0388240957868091	0.054216	0.02	1	ANTHTS0097	1.504149378	3.514285714	3.945619335	4.219816273	2.889290883	5	4	2018	1
AN_ENK_001	17644	3	179565.578125	207741.8125	6990.2734375	0.0465889149441709	0.083583	0.02	1	ANTHTS0097	1.504149378	3.514285714	3.945619335	4.219816273	2.889290883	5	4	2018	1
AN_ENK_001	17644	7	179565.578125	207741.8125	6990.2734375	0.0465889149441709	0.083583	0.02	1	ANTHTS0097	1.504149378	3.514285714	3.945619335	4.219816273	2.889290883	5	4	2018	1
AN_ENK_001	17680	3	179565.578125	207741.8125	6990.2734375	0.0698833724162564	0.081324	0.0329	1	ANTHTS0097	1.504149378	3.514285714	3.945619335	4.219816273	2.889290883	5	4	2018	1
AN_ENK_001	17680	7	179565.578125	207741.8125	6990.2734375	0.0698833724162564	0.081324	0.0329	1	ANTHTS0097	1.504149378	3.514285714	3.945619335	4.219816273	2.889290883	5	4	2018	1
WV_ZWI_129	17708	1	79489.2578125	228891.6875	168.186828613281	0.0388240957868091	0.038403	0.0391	1	WVLKNO0003	1.603773585	3.514450867	2.285714286	4.073825503	3.861303745	1	2	2018	1
WV_ZWI_129	17721	1	79489.2578125	228891.6875	168.186828613281	0.0776481915736183	0.081324	0.0237	1	WVLKNO0003	1.603773585	3.514450867	2.285714286	4.073825503	3.861303745	1	2	2018	1
WV_ZWI_129	17750	1	79489.2578125	228891.6875	168.186828613281	0.0388240957868091	0.033885	0.0347	1	WVLKNO0003	1.603773585	3.514450867	2.285714286	4.073825503	3.861303745	1	2	2018	1
WV_ZWI_129	17799	1	79489.2578125	228891.6875	168.186828613281	0.0388240957868091	0.115209	0.022	1	WVLKNO0003	1.603773585	3.514450867	2.285714286	4.073825503	3.861303745	1	2	2018	1
WV_ZWI_129	17819	1	79489.2578125	228891.6875	168.186828613281	0.0698833724162564	0.049698	0.02	1	WVLKNO0003	1.603773585	3.514450867	2.285714286	4.073825503	3.861303745	1	2	2018	1
WV_ZWI_129	17855	1	79489.2578125	228891.6875	168.186828613281	0.0698833724162564	0.081324	0.0212	1	WVLKNO0003	1.603773585	3.514450867	2.285714286	4.073825503	3.861303745	1	2	2018	1
WV_ZWI_129	17882	1	79489.2578125	228891.6875	168.186828613281	0.0388240957868091	0.036144	0.02	1	WVLKNO0003	1.603773585	3.514450867	2.285714286	4.073825503	3.861303745	1	2	2018	1
WV_ASS_001	16195	6	72647.8515625	210504.75	428.504455566406	0.0776481915736183	0.02259	NA	1	WVLBRU1212	2.523364486	3.523923445	1.885010267	4.000609013	3.644067797	3	2	2014	1
WV_ASS_001	16245	6	72647.8515625	210504.75	428.504455566406	0.0776481915736183	0.02259	NA	1	WVLBRU1212	2.523364486	3.523923445	1.885010267	4.000609013	3.644067797	3	2	2014	1
WV_ASS_001	16274	6	72647.8515625	210504.75	428.504455566406	0.0931778298883419	0.029367	NA	1	WVLBRU1212	2.523364486	3.523923445	1.885010267	4.000609013	3.644067797	3	2	2014	1
WV_ASS_001	16308	6	72647.8515625	210504.75	428.504455566406	0.0776481915736183	0.02259	NA	1	WVLBRU1212	2.523364486	3.523923445	1.885010267	4.000609013	3.644067797	3	2	2014	1
WV_ASS_001	16342	6	72647.8515625	210504.75	428.504455566406	0.0776481915736183	0.024849	NA	1	WVLBRU1212	2.523364486	3.523923445	1.885010267	4.000609013	3.644067797	3	2	2014	1
WV_ASS_001	16392	6	72647.8515625	210504.75	428.504455566406	0.217414936406131	0.024849	NA	1	WVLBRU1212	2.523364486	3.523923445	1.885010267	4.000609013	3.644067797	3	2	2014	1
VB_VOR_003	17336	6	179804.515625	184804.03125	66.1518478393555	0.403770596182815	0.04518	0.6687	1	VBRARS0364	2	3.526666667	3.865435356	4.097074468	3.260530421	9	3	2017	1
VB_VOR_003	17350	6	179804.515625	184804.03125	66.1518478393555	0.201885298091407	0.029367	0.4131	1	VBRARS0364	2	3.526666667	3.865435356	4.097074468	3.260530421	9	3	2017	1
VB_VOR_003	17400	6	179804.515625	184804.03125	66.1518478393555	0.0388240957868091	0.029367	0.328	1	VBRARS0364	2	3.526666667	3.865435356	4.097074468	3.260530421	9	3	2017	1
VB_VOR_003	17434	6	179804.515625	184804.03125	66.1518478393555	0.0388240957868091	0.02259	0.084	1	VBRARS0364	2	3.526666667	3.865435356	4.097074468	3.260530421	9	3	2017	1
VB_VOR_003	17456	6	179804.515625	184804.03125	66.1518478393555	0.0543537341015328	0.054216	0.2759	1	VBRARS0364	2	3.526666667	3.865435356	4.097074468	3.260530421	9	3	2017	1
VB_VOR_003	17497	6	179804.515625	184804.03125	66.1518478393555	0.0931778298883419	0.040662	0.418	1	VBRARS0364	2	3.526666667	3.865435356	4.097074468	3.260530421	9	3	2017	1
VB_VOR_003	17512	6	179804.515625	184804.03125	66.1518478393555	0.419300234497539	0.033885	0.5636	1	VBRARS0364	2	3.526666667	3.865435356	4.097074468	3.260530421	9	3	2017	1
VB_VOR_003	17539	6	179804.515625	184804.03125	66.1518478393555	0.628950351746308	0.083583	0.1225	1	VBRARS0364	2	3.526666667	3.865435356	4.097074468	3.260530421	9	3	2018	1
VB_VOR_003	17567	6	179804.515625	184804.03125	66.1518478393555	0.0388240957868091	0.042921	0.263	1	VBRARS0364	2	3.526666667	3.865435356	4.097074468	3.260530421	9	3	2018	1
VB_VOR_003	17609	6	179804.515625	184804.03125	66.1518478393555	0.163061202304598	0.038403	0.11	1	VBRARS0364	2	3.526666667	3.865435356	4.097074468	3.260530421	9	3	2018	1
VB_VOR_003	17637	6	179804.515625	184804.03125	66.1518478393555	0.0388240957868091	0.042921	0.0703	1	VBRARS0364	2	3.526666667	3.865435356	4.097074468	3.260530421	9	3	2018	1
VB_VOR_003	17680	6	179804.515625	184804.03125	66.1518478393555	0.0388240957868091	0.031626	0.1145	1	VBRARS0364	2	3.526666667	3.865435356	4.097074468	3.260530421	9	3	2018	1
LI_MAA_001	16587	6	248290.203125	190735.046875	38701.60546875	0.0388240957868091	0.031626	0.5655	1	LIMDST0178	2	3.532258065	3.802292264	3.711819389	2.802914643	12	4	2015	1
LI_MAA_001	16615	6	248290.203125	190735.046875	38701.60546875	0.0698833724162564	0.09036	0.8905	1	LIMDST0178	2	3.532258065	3.802292264	3.711819389	2.802914643	12	4	2015	1
LI_MAA_001	16643	6	248290.203125	190735.046875	38701.60546875	0.0698833724162564	0.126504	3.094	1	LIMDST0178	2	3.532258065	3.802292264	3.711819389	2.802914643	12	4	2015	1
LI_MAA_001	16671	6	248290.203125	190735.046875	38701.60546875	0.0388240957868091	0.027108	0.3829	1	LIMDST0178	2	3.532258065	3.802292264	3.711819389	2.802914643	12	4	2015	1
LI_MAA_001	16698	6	248290.203125	190735.046875	38701.60546875	0.0931778298883419	0.074547	1.0094	1	LIMDST0178	2	3.532258065	3.802292264	3.711819389	2.802914643	12	4	2015	1
LI_MAA_001	16734	6	248290.203125	190735.046875	38701.60546875	0.0543537341015328	0.056475	1.18	1	LIMDST0178	2	3.532258065	3.802292264	3.711819389	2.802914643	12	4	2015	1
LI_MAA_001	16762	6	248290.203125	190735.046875	38701.60546875	0.147531563989875	2.536857	0.266	1	LIMDST0178	2	3.532258065	3.802292264	3.711819389	2.802914643	12	4	2015	1
LI_MAA_001	16805	6	248290.203125	190735.046875	38701.60546875	0.0388240957868091	2.929923	0.0918	1	LIMDST0178	2	3.532258065	3.802292264	3.711819389	2.802914643	12	4	2016	1
LI_MAA_001	16832	6	248290.203125	190735.046875	38701.60546875	0.0388240957868091	3.738645	0.1599	1	LIMDST0178	2	3.532258065	3.802292264	3.711819389	2.802914643	12	4	2016	1
LI_MAA_001	16867	6	248290.203125	190735.046875	38701.60546875	0.100942649045704	3.176154	0.1008	1	LIMDST0178	2	3.532258065	3.802292264	3.711819389	2.802914643	12	4	2016	1
LI_MAA_001	16896	6	248290.203125	190735.046875	38701.60546875	0.0388240957868091	1.664883	0.1308	1	LIMDST0178	2	3.532258065	3.802292264	3.711819389	2.802914643	12	4	2016	1
LI_MAA_001	16924	6	248290.203125	190735.046875	38701.60546875	0.0388240957868091	0.257526	0.1654	1	LIMDST0178	2	3.532258065	3.802292264	3.711819389	2.802914643	12	4	2016	1
LI_HEU_004	17701	7	240150.53125	189939.125	10531.427734375	0.0388240957868091	0.058734	0.1616	1	LIMDST0215	1.89826087	3.535	2.063388626	1.97007617	2.049454078	5	4	2018	1
LI_HEU_004	17742	7	240150.53125	189939.125	10531.427734375	0.0388240957868091	0.076806	0.2699	1	LIMDST0215	1.89826087	3.535	2.063388626	1.97007617	2.049454078	5	4	2018	1
LI_HEU_004	17861	7	240150.53125	189939.125	10531.427734375	6.53021291134129	0.15813	0.1755	1	LIMDST0215	1.89826087	3.535	2.063388626	1.97007617	2.049454078	5	4	2018	1
LI_HEU_004	17875	7	240150.53125	189939.125	10531.427734375	0.931778298883419	0.239454	0.0534	1	LIMDST0215	1.89826087	3.535	2.063388626	1.97007617	2.049454078	5	4	2018	1
VB_ASD_001	16195	3	197135.96875	189862.265625	13612.11328125	0.0776481915736183	0.024849	NA	1	VBRDIE0443	3.33496732	3.549450549	3.017985612	3.623350923	3.239849624	5	2	2014	1
VB_ASD_001	16231	3	197135.96875	189862.265625	13612.11328125	0.0854130107309801	0.049698	NA	1	VBRDIE0443	3.33496732	3.549450549	3.017985612	3.623350923	3.239849624	5	2	2014	1
VB_ASD_001	16259	3	197135.96875	189862.265625	13612.11328125	0.0776481915736183	0.033885	NA	1	VBRDIE0443	3.33496732	3.549450549	3.017985612	3.623350923	3.239849624	5	2	2014	1
VB_ASD_001	16294	3	197135.96875	189862.265625	13612.11328125	0.0776481915736183	0.033885	NA	1	VBRDIE0443	3.33496732	3.549450549	3.017985612	3.623350923	3.239849624	5	2	2014	1
VB_ASD_001	16329	3	197135.96875	189862.265625	13612.11328125	0.0776481915736183	0.029367	NA	1	VBRDIE0443	3.33496732	3.549450549	3.017985612	3.623350923	3.239849624	5	2	2014	1
VB_ASD_001	16370	3	197135.96875	189862.265625	13612.11328125	0.0776481915736183	0.031626	NA	1	VBRDIE0443	3.33496732	3.549450549	3.017985612	3.623350923	3.239849624	5	2	2014	1
LI_TOM_002	17344	3	216064.625	180688.453125	164.589874267578	0.0465889149441709	0.054216	0.166	1	LIMHAS0281	2	3.552419355	2.803030303	3.511223345	2.901197605	9	2	2017	1
LI_TOM_002	17344	6	216064.625	180688.453125	164.589874267578	0.0465889149441709	0.054216	0.166	1	LIMHAS0281	2	3.552419355	2.803030303	3.511223345	2.901197605	9	2	2017	1
LI_TOM_002	17371	3	216064.625	180688.453125	164.589874267578	0.0388240957868091	0.051957	0.119	1	LIMHAS0281	2	3.552419355	2.803030303	3.511223345	2.901197605	9	2	2017	1
LI_TOM_002	17371	6	216064.625	180688.453125	164.589874267578	0.0388240957868091	0.051957	0.119	1	LIMHAS0281	2	3.552419355	2.803030303	3.511223345	2.901197605	9	2	2017	1
LI_TOM_002	17385	3	216064.625	180688.453125	164.589874267578	0.0621185532588946	0.058734	0.159	1	LIMHAS0281	2	3.552419355	2.803030303	3.511223345	2.901197605	9	2	2017	1
LI_TOM_002	17385	6	216064.625	180688.453125	164.589874267578	0.0621185532588946	0.058734	0.159	1	LIMHAS0281	2	3.552419355	2.803030303	3.511223345	2.901197605	9	2	2017	1
LI_TOM_002	17413	3	216064.625	180688.453125	164.589874267578	0.0388240957868091	0.054216	0.0748	1	LIMHAS0281	2	3.552419355	2.803030303	3.511223345	2.901197605	9	2	2017	1
LI_TOM_002	17413	6	216064.625	180688.453125	164.589874267578	0.0388240957868091	0.054216	0.0748	1	LIMHAS0281	2	3.552419355	2.803030303	3.511223345	2.901197605	9	2	2017	1
LI_TOM_002	17441	3	216064.625	180688.453125	164.589874267578	0.124237106517789	0.092619	0.052	1	LIMHAS0281	2	3.552419355	2.803030303	3.511223345	2.901197605	9	2	2017	1
LI_TOM_002	17441	6	216064.625	180688.453125	164.589874267578	0.124237106517789	0.092619	0.052	1	LIMHAS0281	2	3.552419355	2.803030303	3.511223345	2.901197605	9	2	2017	1
LI_TOM_002	17476	3	216064.625	180688.453125	164.589874267578	0.0388240957868091	0.047439	0.03	1	LIMHAS0281	2	3.552419355	2.803030303	3.511223345	2.901197605	9	2	2017	1
LI_TOM_002	17476	6	216064.625	180688.453125	164.589874267578	0.0388240957868091	0.047439	0.03	1	LIMHAS0281	2	3.552419355	2.803030303	3.511223345	2.901197605	9	2	2017	1
LI_TOM_002	17504	3	216064.625	180688.453125	164.589874267578	0.0388240957868091	0.051957	0.0608	1	LIMHAS0281	2	3.552419355	2.803030303	3.511223345	2.901197605	9	2	2017	1
LI_TOM_002	17504	6	216064.625	180688.453125	164.589874267578	0.0388240957868091	0.051957	0.0608	1	LIMHAS0281	2	3.552419355	2.803030303	3.511223345	2.901197605	9	2	2017	1
LI_TOM_002	17539	3	216064.625	180688.453125	164.589874267578	0.0388240957868091	0.04518	0.0743	1	LIMHAS0281	2	3.552419355	2.803030303	3.511223345	2.901197605	9	2	2018	1
LI_TOM_002	17539	6	216064.625	180688.453125	164.589874267578	0.0388240957868091	0.04518	0.0743	1	LIMHAS0281	2	3.552419355	2.803030303	3.511223345	2.901197605	9	2	2018	1
LI_TOM_002	17574	3	216064.625	180688.453125	164.589874267578	0.0388240957868091	0.047439	0.0991	1	LIMHAS0281	2	3.552419355	2.803030303	3.511223345	2.901197605	9	2	2018	1
LI_TOM_002	17574	6	216064.625	180688.453125	164.589874267578	0.0388240957868091	0.047439	0.0991	1	LIMHAS0281	2	3.552419355	2.803030303	3.511223345	2.901197605	9	2	2018	1
LI_TOM_002	17595	3	216064.625	180688.453125	164.589874267578	0.100942649045704	0.079065	0.107	1	LIMHAS0281	2	3.552419355	2.803030303	3.511223345	2.901197605	9	2	2018	1
LI_TOM_002	17595	6	216064.625	180688.453125	164.589874267578	0.100942649045704	0.079065	0.107	1	LIMHAS0281	2	3.552419355	2.803030303	3.511223345	2.901197605	9	2	2018	1
LI_TOM_002	17637	3	216064.625	180688.453125	164.589874267578	0.0388240957868091	0.060993	0.0788	1	LIMHAS0281	2	3.552419355	2.803030303	3.511223345	2.901197605	9	2	2018	1
LI_TOM_002	17637	6	216064.625	180688.453125	164.589874267578	0.0388240957868091	0.060993	0.0788	1	LIMHAS0281	2	3.552419355	2.803030303	3.511223345	2.901197605	9	2	2018	1
LI_TOM_002	17665	3	216064.625	180688.453125	164.589874267578	0.0388240957868091	0.038403	0.1144	1	LIMHAS0281	2	3.552419355	2.803030303	3.511223345	2.901197605	9	2	2018	1
LI_TOM_002	17665	6	216064.625	180688.453125	164.589874267578	0.0388240957868091	0.038403	0.1144	1	LIMHAS0281	2	3.552419355	2.803030303	3.511223345	2.901197605	9	2	2018	1
AN_WZA_001	17693	3	177160.078125	215633.65625	5177.6787109375	0.0388240957868091	0.033885	0.0217	1	ANTMAL0060	2.265258216	3.554455446	3.737037037	2.333965125	3.203079179	5	4	2018	1
AN_WZA_001	17735	3	177160.078125	215633.65625	5177.6787109375	0.0465889149441709	0.02259	0.0293	1	ANTMAL0060	2.265258216	3.554455446	3.737037037	2.333965125	3.203079179	5	4	2018	1
AN_WZA_001	17764	3	177160.078125	215633.65625	5177.6787109375	0.0388240957868091	0.038403	0.0421	1	ANTMAL0060	2.265258216	3.554455446	3.737037037	2.333965125	3.203079179	5	4	2018	1
AN_WZA_001	17785	3	177160.078125	215633.65625	5177.6787109375	0.0388240957868091	0.02259	0.0548	1	ANTMAL0060	2.265258216	3.554455446	3.737037037	2.333965125	3.203079179	5	4	2018	1
AN_WZA_001	17819	3	177160.078125	215633.65625	5177.6787109375	0.0931778298883419	0.056475	0.0258	1	ANTMAL0060	2.265258216	3.554455446	3.737037037	2.333965125	3.203079179	5	4	2018	1
AN_WZA_001	17855	3	177160.078125	215633.65625	5177.6787109375	0.155296383147237	0.164907	0.0209	1	ANTMAL0060	2.265258216	3.554455446	3.737037037	2.333965125	3.203079179	5	4	2018	1
AN_WZA_001	17869	3	177160.078125	215633.65625	5177.6787109375	0.885189383939248	0.354663	0.0837	1	ANTMAL0060	2.265258216	3.554455446	3.737037037	2.333965125	3.203079179	5	4	2018	1
AN_MOL_001	16202	4	207932.875	212965.953125	1348825.75	0.0776481915736183	0.126504	NA	1	ANTMOL0138	2.75	3.558252427	3.895454545	3.550480769	3.197368421	5	2	2014	1
AN_MOL_001	16202	5	207932.875	212965.953125	1348825.75	0.0776481915736183	0.126504	NA	1	ANTMOL0138	2.75	3.558252427	3.895454545	3.550480769	3.197368421	5	2	2014	1
AN_MOL_001	16202	6	207932.875	212965.953125	1348825.75	0.0776481915736183	0.126504	NA	1	ANTMOL0138	2.75	3.558252427	3.895454545	3.550480769	3.197368421	5	2	2014	1
AN_MOL_001	16244	4	207932.875	212965.953125	1348825.75	0.0776481915736183	0.02259	NA	1	ANTMOL0138	2.75	3.558252427	3.895454545	3.550480769	3.197368421	5	2	2014	1
AN_MOL_001	16244	5	207932.875	212965.953125	1348825.75	0.0776481915736183	0.02259	NA	1	ANTMOL0138	2.75	3.558252427	3.895454545	3.550480769	3.197368421	5	2	2014	1
AN_MOL_001	16244	6	207932.875	212965.953125	1348825.75	0.0776481915736183	0.02259	NA	1	ANTMOL0138	2.75	3.558252427	3.895454545	3.550480769	3.197368421	5	2	2014	1
AN_MOL_001	16259	4	207932.875	212965.953125	1348825.75	0.0776481915736183	0.024849	NA	1	ANTMOL0138	2.75	3.558252427	3.895454545	3.550480769	3.197368421	5	2	2014	1
AN_MOL_001	16259	5	207932.875	212965.953125	1348825.75	0.0776481915736183	0.024849	NA	1	ANTMOL0138	2.75	3.558252427	3.895454545	3.550480769	3.197368421	5	2	2014	1
AN_MOL_001	16259	6	207932.875	212965.953125	1348825.75	0.0776481915736183	0.024849	NA	1	ANTMOL0138	2.75	3.558252427	3.895454545	3.550480769	3.197368421	5	2	2014	1
AN_MOL_001	16300	4	207932.875	212965.953125	1348825.75	0.0776481915736183	0.049698	NA	1	ANTMOL0138	2.75	3.558252427	3.895454545	3.550480769	3.197368421	5	2	2014	1
AN_MOL_001	16300	5	207932.875	212965.953125	1348825.75	0.0776481915736183	0.049698	NA	1	ANTMOL0138	2.75	3.558252427	3.895454545	3.550480769	3.197368421	5	2	2014	1
AN_MOL_001	16300	6	207932.875	212965.953125	1348825.75	0.0776481915736183	0.049698	NA	1	ANTMOL0138	2.75	3.558252427	3.895454545	3.550480769	3.197368421	5	2	2014	1
AN_MOL_001	16329	4	207932.875	212965.953125	1348825.75	0.0776481915736183	0.456318	NA	1	ANTMOL0138	2.75	3.558252427	3.895454545	3.550480769	3.197368421	5	2	2014	1
AN_MOL_001	16329	5	207932.875	212965.953125	1348825.75	0.0776481915736183	0.456318	NA	1	ANTMOL0138	2.75	3.558252427	3.895454545	3.550480769	3.197368421	5	2	2014	1
AN_MOL_001	16329	6	207932.875	212965.953125	1348825.75	0.0776481915736183	0.456318	NA	1	ANTMOL0138	2.75	3.558252427	3.895454545	3.550480769	3.197368421	5	2	2014	1
AN_MOL_001	16377	4	207932.875	212965.953125	1348825.75	0.0776481915736183	0.063252	NA	1	ANTMOL0138	2.75	3.558252427	3.895454545	3.550480769	3.197368421	5	2	2014	1
AN_MOL_001	16377	5	207932.875	212965.953125	1348825.75	0.0776481915736183	0.063252	NA	1	ANTMOL0138	2.75	3.558252427	3.895454545	3.550480769	3.197368421	5	2	2014	1
AN_MOL_001	16377	6	207932.875	212965.953125	1348825.75	0.0776481915736183	0.063252	NA	1	ANTMOL0138	2.75	3.558252427	3.895454545	3.550480769	3.197368421	5	2	2014	1
LI_MLV_004	16182	3	215334.96875	185356.265625	2496.15234375	0.0776481915736183	0.029367	NA	1	LIMHAS0462	2.176190476	3.558510638	3.001344086	2.460234681	3.685837527	5	2	2014	1
LI_MLV_004	16224	3	215334.96875	185356.265625	2496.15234375	0.0776481915736183	0.029367	NA	1	LIMHAS0462	2.176190476	3.558510638	3.001344086	2.460234681	3.685837527	5	2	2014	1
LI_MLV_004	16251	3	215334.96875	185356.265625	2496.15234375	0.0776481915736183	0.047439	NA	1	LIMHAS0462	2.176190476	3.558510638	3.001344086	2.460234681	3.685837527	5	2	2014	1
LI_MLV_004	16286	3	215334.96875	185356.265625	2496.15234375	0.0776481915736183	0.031626	NA	1	LIMHAS0462	2.176190476	3.558510638	3.001344086	2.460234681	3.685837527	5	2	2014	1
LI_MLV_004	16321	3	215334.96875	185356.265625	2496.15234375	0.0776481915736183	0.106173	NA	1	LIMHAS0462	2.176190476	3.558510638	3.001344086	2.460234681	3.685837527	5	2	2014	1
LI_MLV_004	16363	3	215334.96875	185356.265625	2496.15234375	0.0776481915736183	0.027108	NA	1	LIMHAS0462	2.176190476	3.558510638	3.001344086	2.460234681	3.685837527	5	2	2014	1
WV_BBV_001	17336	3	74791.59375	200228.90625	241.830932617188	0.0388240957868091	0.024849	0.02	1	WVLBRN0392	2	3.563636364	4.081039755	3.629049676	3.591246291	4	2	2017	1
WV_BBV_001	17351	3	74791.59375	200228.90625	241.830932617188	0.0388240957868091	0.036144	0.02	1	WVLBRN0392	2	3.563636364	4.081039755	3.629049676	3.591246291	4	2	2017	1
WV_BBV_001	17385	3	74791.59375	200228.90625	241.830932617188	0.0388240957868091	0.027108	0.02	1	WVLBRN0392	2	3.563636364	4.081039755	3.629049676	3.591246291	4	2	2017	1
WV_BBV_001	17435	3	74791.59375	200228.90625	241.830932617188	0.0388240957868091	0.027108	0.02	1	WVLBRN0392	2	3.563636364	4.081039755	3.629049676	3.591246291	4	2	2017	1
WV_BBV_001	17456	3	74791.59375	200228.90625	241.830932617188	0.0465889149441709	0.049698	0.02	1	WVLBRN0392	2	3.563636364	4.081039755	3.629049676	3.591246291	4	2	2017	1
WV_BBV_001	17476	3	74791.59375	200228.90625	241.830932617188	0.0388240957868091	0.029367	0.02	1	WVLBRN0392	2	3.563636364	4.081039755	3.629049676	3.591246291	4	2	2017	1
WV_BBV_001	17504	3	74791.59375	200228.90625	241.830932617188	0.287298308822388	0.492462	0.02	1	WVLBRN0392	2	3.563636364	4.081039755	3.629049676	3.591246291	4	2	2017	1
WV_BBV_001	17533	3	74791.59375	200228.90625	241.830932617188	0.357181681238644	0.720621	0.033	1	WVLBRN0392	2	3.563636364	4.081039755	3.629049676	3.591246291	4	2	2018	1
WV_BBV_001	17560	3	74791.59375	200228.90625	241.830932617188	0.0388240957868091	0.076806	0.026	1	WVLBRN0392	2	3.563636364	4.081039755	3.629049676	3.591246291	4	2	2018	1
WV_BBV_001	17575	3	74791.59375	200228.90625	241.830932617188	0.0931778298883419	0.284634	0.02	1	WVLBRN0392	2	3.563636364	4.081039755	3.629049676	3.591246291	4	2	2018	1
WV_BBV_001	17637	3	74791.59375	200228.90625	241.830932617188	0.0388240957868091	0.054216	0.02	1	WVLBRN0392	2	3.563636364	4.081039755	3.629049676	3.591246291	4	2	2018	1
WV_BBV_001	17666	3	74791.59375	200228.90625	241.830932617188	0.0388240957868091	0.024849	0.02	1	WVLBRN0392	2	3.563636364	4.081039755	3.629049676	3.591246291	4	2	2018	1
WV_VLO_001	16216	3	60954.16015625	205734.296875	1490.62915039062	0.0776481915736183	0.042921	NA	1	WVLJAB0206	2.065868263	3.564705882	2.032163743	4.090742438	3.644394952	4	4	2014	1
WV_VLO_001	16245	3	60954.16015625	205734.296875	1490.62915039062	0.0776481915736183	0.024849	NA	1	WVLJAB0206	2.065868263	3.564705882	2.032163743	4.090742438	3.644394952	4	4	2014	1
WV_VLO_001	16274	3	60954.16015625	205734.296875	1490.62915039062	0.0776481915736183	0.040662	NA	1	WVLJAB0206	2.065868263	3.564705882	2.032163743	4.090742438	3.644394952	4	4	2014	1
WV_VLO_001	16308	3	60954.16015625	205734.296875	1490.62915039062	0.0776481915736183	0.038403	NA	1	WVLJAB0206	2.065868263	3.564705882	2.032163743	4.090742438	3.644394952	4	4	2014	1
WV_VLO_001	16342	3	60954.16015625	205734.296875	1490.62915039062	0.0776481915736183	0.024849	NA	1	WVLJAB0206	2.065868263	3.564705882	2.032163743	4.090742438	3.644394952	4	4	2014	1
WV_VLO_001	16392	3	60954.16015625	205734.296875	1490.62915039062	0.155296383147237	0.094878	NA	1	WVLJAB0206	2.065868263	3.564705882	2.032163743	4.090742438	3.644394952	4	4	2014	1
AN_ZEG_004	17343	3	189865.90625	209502.546875	2700.97875976562	0.0388240957868091	0.058734	0.497	1	ANTGEE0126	2.513043478	3.568181818	3.365424431	2.738839286	3.97866078	5	2	2017	1
AN_ZEG_004	17343	6	189865.90625	209502.546875	2700.97875976562	0.0388240957868091	0.058734	0.497	1	ANTGEE0126	2.513043478	3.568181818	3.365424431	2.738839286	3.97866078	5	2	2017	1
AN_ZEG_004	17359	3	189865.90625	209502.546875	2700.97875976562	0.155296383147237	0.029367	0.2736	1	ANTGEE0126	2.513043478	3.568181818	3.365424431	2.738839286	3.97866078	5	2	2017	1
AN_ZEG_004	17359	6	189865.90625	209502.546875	2700.97875976562	0.155296383147237	0.029367	0.2736	1	ANTGEE0126	2.513043478	3.568181818	3.365424431	2.738839286	3.97866078	5	2	2017	1
AN_ZEG_004	17379	3	189865.90625	209502.546875	2700.97875976562	0.0388240957868091	0.051957	0.2996	1	ANTGEE0126	2.513043478	3.568181818	3.365424431	2.738839286	3.97866078	5	2	2017	1
AN_ZEG_004	17379	6	189865.90625	209502.546875	2700.97875976562	0.0388240957868091	0.051957	0.2996	1	ANTGEE0126	2.513043478	3.568181818	3.365424431	2.738839286	3.97866078	5	2	2017	1
AN_ZEG_004	17413	3	189865.90625	209502.546875	2700.97875976562	0.0388240957868091	0.063252	0.2314	1	ANTGEE0126	2.513043478	3.568181818	3.365424431	2.738839286	3.97866078	5	2	2017	1
AN_ZEG_004	17413	6	189865.90625	209502.546875	2700.97875976562	0.0388240957868091	0.063252	0.2314	1	ANTGEE0126	2.513043478	3.568181818	3.365424431	2.738839286	3.97866078	5	2	2017	1
AN_ZEG_004	17462	3	189865.90625	209502.546875	2700.97875976562	0.0621185532588946	0.081324	0.0928	1	ANTGEE0126	2.513043478	3.568181818	3.365424431	2.738839286	3.97866078	5	2	2017	1
AN_ZEG_004	17462	6	189865.90625	209502.546875	2700.97875976562	0.0621185532588946	0.081324	0.0928	1	ANTGEE0126	2.513043478	3.568181818	3.365424431	2.738839286	3.97866078	5	2	2017	1
AN_ZEG_004	17491	3	189865.90625	209502.546875	2700.97875976562	0.0543537341015328	0.074547	0.2704	1	ANTGEE0126	2.513043478	3.568181818	3.365424431	2.738839286	3.97866078	5	2	2017	1
AN_ZEG_004	17491	6	189865.90625	209502.546875	2700.97875976562	0.0543537341015328	0.074547	0.2704	1	ANTGEE0126	2.513043478	3.568181818	3.365424431	2.738839286	3.97866078	5	2	2017	1
AN_ZEG_004	17518	3	189865.90625	209502.546875	2700.97875976562	0.0388240957868091	0.058734	0.0506	1	ANTGEE0126	2.513043478	3.568181818	3.365424431	2.738839286	3.97866078	5	2	2017	1
AN_ZEG_004	17518	6	189865.90625	209502.546875	2700.97875976562	0.0388240957868091	0.058734	0.0506	1	ANTGEE0126	2.513043478	3.568181818	3.365424431	2.738839286	3.97866078	5	2	2017	1
AN_ZEG_004	17540	3	189865.90625	209502.546875	2700.97875976562	0.0388240957868091	0.072288	0.5587	1	ANTGEE0126	2.513043478	3.568181818	3.365424431	2.738839286	3.97866078	5	2	2018	1
AN_ZEG_004	17540	6	189865.90625	209502.546875	2700.97875976562	0.0388240957868091	0.072288	0.5587	1	ANTGEE0126	2.513043478	3.568181818	3.365424431	2.738839286	3.97866078	5	2	2018	1
AN_ZEG_004	17561	3	189865.90625	209502.546875	2700.97875976562	0.178590840619322	0.09036	1.011	1	ANTGEE0126	2.513043478	3.568181818	3.365424431	2.738839286	3.97866078	5	2	2018	1
AN_ZEG_004	17561	6	189865.90625	209502.546875	2700.97875976562	0.178590840619322	0.09036	1.011	1	ANTGEE0126	2.513043478	3.568181818	3.365424431	2.738839286	3.97866078	5	2	2018	1
AN_ZEG_004	17581	3	189865.90625	209502.546875	2700.97875976562	0.0388240957868091	0.054216	0.2295	1	ANTGEE0126	2.513043478	3.568181818	3.365424431	2.738839286	3.97866078	5	2	2018	1
AN_ZEG_004	17581	6	189865.90625	209502.546875	2700.97875976562	0.0388240957868091	0.054216	0.2295	1	ANTGEE0126	2.513043478	3.568181818	3.365424431	2.738839286	3.97866078	5	2	2018	1
AN_ZEG_004	17630	3	189865.90625	209502.546875	2700.97875976562	0.0621185532588946	0.081324	0.356	1	ANTGEE0126	2.513043478	3.568181818	3.365424431	2.738839286	3.97866078	5	2	2018	1
AN_ZEG_004	17630	6	189865.90625	209502.546875	2700.97875976562	0.0621185532588946	0.081324	0.356	1	ANTGEE0126	2.513043478	3.568181818	3.365424431	2.738839286	3.97866078	5	2	2018	1
AN_ZEG_004	17674	3	189865.90625	209502.546875	2700.97875976562	0.0388240957868091	0.04518	0.4297	1	ANTGEE0126	2.513043478	3.568181818	3.365424431	2.738839286	3.97866078	5	2	2018	1
AN_ZEG_004	17674	6	189865.90625	209502.546875	2700.97875976562	0.0388240957868091	0.04518	0.4297	1	ANTGEE0126	2.513043478	3.568181818	3.365424431	2.738839286	3.97866078	5	2	2018	1
OV_BLA_001	16595	5	101978.0234375	192892.578125	171487.203125	0.0388240957868091	0.024849	0.024	1	OVLGNT0817	2.392857143	3.568181818	2.805882353	2.766776678	2.958567416	3	2	2015	1
OV_BLA_001	16622	5	101978.0234375	192892.578125	171487.203125	0.0543537341015328	0.033885	0.0313	1	OVLGNT0817	2.392857143	3.568181818	2.805882353	2.766776678	2.958567416	3	2	2015	1
OV_BLA_001	16650	5	101978.0234375	192892.578125	171487.203125	0.0388240957868091	0.02259	0.03	1	OVLGNT0817	2.392857143	3.568181818	2.805882353	2.766776678	2.958567416	3	2	2015	1
OV_BLA_001	16678	5	101978.0234375	192892.578125	171487.203125	0.0388240957868091	0.038403	0.02	1	OVLGNT0817	2.392857143	3.568181818	2.805882353	2.766776678	2.958567416	3	2	2015	1
OV_BLA_001	16713	5	101978.0234375	192892.578125	171487.203125	0.0388240957868091	0.02259	0.02	1	OVLGNT0817	2.392857143	3.568181818	2.805882353	2.766776678	2.958567416	3	2	2015	1
OV_BLA_001	16742	5	101978.0234375	192892.578125	171487.203125	0.0388240957868091	0.02259	0.02	1	OVLGNT0817	2.392857143	3.568181818	2.805882353	2.766776678	2.958567416	3	2	2015	1
OV_BLA_001	16770	5	101978.0234375	192892.578125	171487.203125	0.139766744832513	0.131022	0.07	1	OVLGNT0817	2.392857143	3.568181818	2.805882353	2.766776678	2.958567416	3	2	2015	1
LI_VZB_004	16608	3	218953.6875	198862.578125	7354.31103515625	0.0388240957868091	0.02259	0.0697	1	LIMHEC0578	1.052493438	3.576086957	3.93685567	3.940107672	2.503676471	5	3	2015	1
LI_VZB_004	16608	6	218953.6875	198862.578125	7354.31103515625	0.0388240957868091	0.02259	0.0697	1	LIMHEC0578	1.052493438	3.576086957	3.93685567	3.940107672	2.503676471	5	3	2015	1
LI_VZB_004	16608	7	218953.6875	198862.578125	7354.31103515625	0.0388240957868091	0.02259	0.0697	1	LIMHEC0578	1.052493438	3.576086957	3.93685567	3.940107672	2.503676471	5	3	2015	1
LI_VZB_004	16636	3	218953.6875	198862.578125	7354.31103515625	0.0388240957868091	0.042921	0.02	1	LIMHEC0578	1.052493438	3.576086957	3.93685567	3.940107672	2.503676471	5	3	2015	1
LI_VZB_004	16636	6	218953.6875	198862.578125	7354.31103515625	0.0388240957868091	0.042921	0.02	1	LIMHEC0578	1.052493438	3.576086957	3.93685567	3.940107672	2.503676471	5	3	2015	1
LI_VZB_004	16636	7	218953.6875	198862.578125	7354.31103515625	0.0388240957868091	0.042921	0.02	1	LIMHEC0578	1.052493438	3.576086957	3.93685567	3.940107672	2.503676471	5	3	2015	1
LI_VZB_004	16665	3	218953.6875	198862.578125	7354.31103515625	0.0388240957868091	0.027108	0.02	1	LIMHEC0578	1.052493438	3.576086957	3.93685567	3.940107672	2.503676471	5	3	2015	1
LI_VZB_004	16665	6	218953.6875	198862.578125	7354.31103515625	0.0388240957868091	0.027108	0.02	1	LIMHEC0578	1.052493438	3.576086957	3.93685567	3.940107672	2.503676471	5	3	2015	1
LI_VZB_004	16665	7	218953.6875	198862.578125	7354.31103515625	0.0388240957868091	0.027108	0.02	1	LIMHEC0578	1.052493438	3.576086957	3.93685567	3.940107672	2.503676471	5	3	2015	1
LI_VZB_004	16692	3	218953.6875	198862.578125	7354.31103515625	0.0388240957868091	0.033885	0.02	1	LIMHEC0578	1.052493438	3.576086957	3.93685567	3.940107672	2.503676471	5	3	2015	1
LI_VZB_004	16692	6	218953.6875	198862.578125	7354.31103515625	0.0388240957868091	0.033885	0.02	1	LIMHEC0578	1.052493438	3.576086957	3.93685567	3.940107672	2.503676471	5	3	2015	1
LI_VZB_004	16692	7	218953.6875	198862.578125	7354.31103515625	0.0388240957868091	0.033885	0.02	1	LIMHEC0578	1.052493438	3.576086957	3.93685567	3.940107672	2.503676471	5	3	2015	1
LI_VZB_004	16727	3	218953.6875	198862.578125	7354.31103515625	0.0388240957868091	0.040662	0.04	1	LIMHEC0578	1.052493438	3.576086957	3.93685567	3.940107672	2.503676471	5	3	2015	1
LI_VZB_004	16727	6	218953.6875	198862.578125	7354.31103515625	0.0388240957868091	0.040662	0.04	1	LIMHEC0578	1.052493438	3.576086957	3.93685567	3.940107672	2.503676471	5	3	2015	1
LI_VZB_004	16727	7	218953.6875	198862.578125	7354.31103515625	0.0388240957868091	0.040662	0.04	1	LIMHEC0578	1.052493438	3.576086957	3.93685567	3.940107672	2.503676471	5	3	2015	1
LI_VZB_004	16755	3	218953.6875	198862.578125	7354.31103515625	0.0388240957868091	0.024849	0.02	1	LIMHEC0578	1.052493438	3.576086957	3.93685567	3.940107672	2.503676471	5	3	2015	1
LI_VZB_004	16755	6	218953.6875	198862.578125	7354.31103515625	0.0388240957868091	0.024849	0.02	1	LIMHEC0578	1.052493438	3.576086957	3.93685567	3.940107672	2.503676471	5	3	2015	1
LI_VZB_004	16755	7	218953.6875	198862.578125	7354.31103515625	0.0388240957868091	0.024849	0.02	1	LIMHEC0578	1.052493438	3.576086957	3.93685567	3.940107672	2.503676471	5	3	2015	1
LI_VZB_004	16825	3	218953.6875	198862.578125	7354.31103515625	0.0388240957868091	0.178461	0.02	1	LIMHEC0578	1.052493438	3.576086957	3.93685567	3.940107672	2.503676471	5	3	2016	1
LI_VZB_004	16825	6	218953.6875	198862.578125	7354.31103515625	0.0388240957868091	0.178461	0.02	1	LIMHEC0578	1.052493438	3.576086957	3.93685567	3.940107672	2.503676471	5	3	2016	1
LI_VZB_004	16825	7	218953.6875	198862.578125	7354.31103515625	0.0388240957868091	0.178461	0.02	1	LIMHEC0578	1.052493438	3.576086957	3.93685567	3.940107672	2.503676471	5	3	2016	1
LI_VZB_004	16861	3	218953.6875	198862.578125	7354.31103515625	0.0388240957868091	0.140058	0.02	1	LIMHEC0578	1.052493438	3.576086957	3.93685567	3.940107672	2.503676471	5	3	2016	1
LI_VZB_004	16861	6	218953.6875	198862.578125	7354.31103515625	0.0388240957868091	0.140058	0.02	1	LIMHEC0578	1.052493438	3.576086957	3.93685567	3.940107672	2.503676471	5	3	2016	1
LI_VZB_004	16861	7	218953.6875	198862.578125	7354.31103515625	0.0388240957868091	0.140058	0.02	1	LIMHEC0578	1.052493438	3.576086957	3.93685567	3.940107672	2.503676471	5	3	2016	1
LI_VZB_004	16882	3	218953.6875	198862.578125	7354.31103515625	0.0388240957868091	0.06777	0.0303	1	LIMHEC0578	1.052493438	3.576086957	3.93685567	3.940107672	2.503676471	5	3	2016	1
LI_VZB_004	16882	6	218953.6875	198862.578125	7354.31103515625	0.0388240957868091	0.06777	0.0303	1	LIMHEC0578	1.052493438	3.576086957	3.93685567	3.940107672	2.503676471	5	3	2016	1
LI_VZB_004	16882	7	218953.6875	198862.578125	7354.31103515625	0.0388240957868091	0.06777	0.0303	1	LIMHEC0578	1.052493438	3.576086957	3.93685567	3.940107672	2.503676471	5	3	2016	1
LI_VZB_004	16917	3	218953.6875	198862.578125	7354.31103515625	0.0388240957868091	0.079065	0.0227	1	LIMHEC0578	1.052493438	3.576086957	3.93685567	3.940107672	2.503676471	5	3	2016	1
LI_VZB_004	16917	6	218953.6875	198862.578125	7354.31103515625	0.0388240957868091	0.079065	0.0227	1	LIMHEC0578	1.052493438	3.576086957	3.93685567	3.940107672	2.503676471	5	3	2016	1
LI_VZB_004	16917	7	218953.6875	198862.578125	7354.31103515625	0.0388240957868091	0.079065	0.0227	1	LIMHEC0578	1.052493438	3.576086957	3.93685567	3.940107672	2.503676471	5	3	2016	1
LI_VZB_004	16944	3	218953.6875	198862.578125	7354.31103515625	0.0388240957868091	0.027108	0.0302	1	LIMHEC0578	1.052493438	3.576086957	3.93685567	3.940107672	2.503676471	5	3	2016	1
LI_VZB_004	16944	6	218953.6875	198862.578125	7354.31103515625	0.0388240957868091	0.027108	0.0302	1	LIMHEC0578	1.052493438	3.576086957	3.93685567	3.940107672	2.503676471	5	3	2016	1
LI_VZB_004	16944	7	218953.6875	198862.578125	7354.31103515625	0.0388240957868091	0.027108	0.0302	1	LIMHEC0578	1.052493438	3.576086957	3.93685567	3.940107672	2.503676471	5	3	2016	1
LI_ASP_001	16965	3	240870.265625	181364.578125	73360.1015625	0.271768670507664	0.083583	0.1343	1	LIMLNK0237	2.472477064	3.577380952	3.699507389	2.99132321	3.506987578	5	4	2016	1
LI_ASP_001	16965	4	240870.265625	181364.578125	73360.1015625	0.271768670507664	0.083583	0.1343	1	LIMLNK0237	2.472477064	3.577380952	3.699507389	2.99132321	3.506987578	5	4	2016	1
LI_ASP_001	16986	3	240870.265625	181364.578125	73360.1015625	0.25623903219294	0.02259	0.1985	1	LIMLNK0237	2.472477064	3.577380952	3.699507389	2.99132321	3.506987578	5	4	2016	1
LI_ASP_001	16986	4	240870.265625	181364.578125	73360.1015625	0.25623903219294	0.02259	0.1985	1	LIMLNK0237	2.472477064	3.577380952	3.699507389	2.99132321	3.506987578	5	4	2016	1
LI_ASP_001	17029	3	240870.265625	181364.578125	73360.1015625	0.419300234497539	0.027108	0.1679	1	LIMLNK0237	2.472477064	3.577380952	3.699507389	2.99132321	3.506987578	5	4	2016	1
LI_ASP_001	17029	4	240870.265625	181364.578125	73360.1015625	0.419300234497539	0.027108	0.1679	1	LIMLNK0237	2.472477064	3.577380952	3.699507389	2.99132321	3.506987578	5	4	2016	1
LI_ASP_001	17063	3	240870.265625	181364.578125	73360.1015625	0.0388240957868091	0.02259	0.1412	1	LIMLNK0237	2.472477064	3.577380952	3.699507389	2.99132321	3.506987578	5	4	2016	1
LI_ASP_001	17063	4	240870.265625	181364.578125	73360.1015625	0.0388240957868091	0.02259	0.1412	1	LIMLNK0237	2.472477064	3.577380952	3.699507389	2.99132321	3.506987578	5	4	2016	1
LI_ASP_001	17091	3	240870.265625	181364.578125	73360.1015625	0.0388240957868091	0.031626	0.0999	1	LIMLNK0237	2.472477064	3.577380952	3.699507389	2.99132321	3.506987578	5	4	2016	1
LI_ASP_001	17091	4	240870.265625	181364.578125	73360.1015625	0.0388240957868091	0.031626	0.0999	1	LIMLNK0237	2.472477064	3.577380952	3.699507389	2.99132321	3.506987578	5	4	2016	1
LI_ASP_001	17126	3	240870.265625	181364.578125	73360.1015625	0.450359511126986	0.435987	0.0727	1	LIMLNK0237	2.472477064	3.577380952	3.699507389	2.99132321	3.506987578	5	4	2016	1
LI_ASP_001	17126	4	240870.265625	181364.578125	73360.1015625	0.450359511126986	0.435987	0.0727	1	LIMLNK0237	2.472477064	3.577380952	3.699507389	2.99132321	3.506987578	5	4	2016	1
LI_ASP_001	17140	3	240870.265625	181364.578125	73360.1015625	0.442594691969624	0.433728	0.0672	1	LIMLNK0237	2.472477064	3.577380952	3.699507389	2.99132321	3.506987578	5	4	2016	1
LI_ASP_001	17140	4	240870.265625	181364.578125	73360.1015625	0.442594691969624	0.433728	0.0672	1	LIMLNK0237	2.472477064	3.577380952	3.699507389	2.99132321	3.506987578	5	4	2016	1
LI_ASP_001	17175	3	240870.265625	181364.578125	73360.1015625	0.349416862081282	0.634779	0.0477	1	LIMLNK0237	2.472477064	3.577380952	3.699507389	2.99132321	3.506987578	5	4	2017	1
LI_ASP_001	17175	4	240870.265625	181364.578125	73360.1015625	0.349416862081282	0.634779	0.0477	1	LIMLNK0237	2.472477064	3.577380952	3.699507389	2.99132321	3.506987578	5	4	2017	1
LI_ASP_001	17196	3	240870.265625	181364.578125	73360.1015625	0.0776481915736183	0.623484	0.0231	1	LIMLNK0237	2.472477064	3.577380952	3.699507389	2.99132321	3.506987578	5	4	2017	1
LI_ASP_001	17196	4	240870.265625	181364.578125	73360.1015625	0.0776481915736183	0.623484	0.0231	1	LIMLNK0237	2.472477064	3.577380952	3.699507389	2.99132321	3.506987578	5	4	2017	1
LI_ASP_001	17224	3	240870.265625	181364.578125	73360.1015625	0.0465889149441709	0.38403	0.0238	1	LIMLNK0237	2.472477064	3.577380952	3.699507389	2.99132321	3.506987578	5	4	2017	1
LI_ASP_001	17224	4	240870.265625	181364.578125	73360.1015625	0.0465889149441709	0.38403	0.0238	1	LIMLNK0237	2.472477064	3.577380952	3.699507389	2.99132321	3.506987578	5	4	2017	1
LI_ASP_001	17259	3	240870.265625	181364.578125	73360.1015625	0.163061202304598	0.074547	0.0373	1	LIMLNK0237	2.472477064	3.577380952	3.699507389	2.99132321	3.506987578	5	4	2017	1
LI_ASP_001	17259	4	240870.265625	181364.578125	73360.1015625	0.163061202304598	0.074547	0.0373	1	LIMLNK0237	2.472477064	3.577380952	3.699507389	2.99132321	3.506987578	5	4	2017	1
LI_ASP_001	17301	3	240870.265625	181364.578125	73360.1015625	0.100942649045704	0.273339	0.051	1	LIMLNK0237	2.472477064	3.577380952	3.699507389	2.99132321	3.506987578	5	4	2017	1
LI_ASP_001	17301	4	240870.265625	181364.578125	73360.1015625	0.100942649045704	0.273339	0.051	1	LIMLNK0237	2.472477064	3.577380952	3.699507389	2.99132321	3.506987578	5	4	2017	1
AN_RPT_003	16952	3	204634.71875	220535.078125	50866.88671875	0.0543537341015328	0.033885	0.0543	1	ANTMOL0568	2.148246546	3.578651685	2.931585678	3.320610687	3.441958042	5	2	2016	1
AN_RPT_003	16952	4	204634.71875	220535.078125	50866.88671875	0.0543537341015328	0.033885	0.0543	1	ANTMOL0568	2.148246546	3.578651685	2.931585678	3.320610687	3.441958042	5	2	2016	1
AN_RPT_003	16979	3	204634.71875	220535.078125	50866.88671875	0.0388240957868091	0.04518	0.0238	1	ANTMOL0568	2.148246546	3.578651685	2.931585678	3.320610687	3.441958042	5	2	2016	1
AN_RPT_003	16979	4	204634.71875	220535.078125	50866.88671875	0.0388240957868091	0.04518	0.0238	1	ANTMOL0568	2.148246546	3.578651685	2.931585678	3.320610687	3.441958042	5	2	2016	1
AN_RPT_003	17029	3	204634.71875	220535.078125	50866.88671875	0.0854130107309801	0.02259	0.0413	1	ANTMOL0568	2.148246546	3.578651685	2.931585678	3.320610687	3.441958042	5	2	2016	1
AN_RPT_003	17029	4	204634.71875	220535.078125	50866.88671875	0.0854130107309801	0.02259	0.0413	1	ANTMOL0568	2.148246546	3.578651685	2.931585678	3.320610687	3.441958042	5	2	2016	1
AN_RPT_003	17049	3	204634.71875	220535.078125	50866.88671875	0.0388240957868091	0.02259	0.0517	1	ANTMOL0568	2.148246546	3.578651685	2.931585678	3.320610687	3.441958042	5	2	2016	1
AN_RPT_003	17049	4	204634.71875	220535.078125	50866.88671875	0.0388240957868091	0.02259	0.0517	1	ANTMOL0568	2.148246546	3.578651685	2.931585678	3.320610687	3.441958042	5	2	2016	1
AN_RPT_003	17077	3	204634.71875	220535.078125	50866.88671875	0.0388240957868091	0.060993	0.027	1	ANTMOL0568	2.148246546	3.578651685	2.931585678	3.320610687	3.441958042	5	2	2016	1
AN_RPT_003	17077	4	204634.71875	220535.078125	50866.88671875	0.0388240957868091	0.060993	0.027	1	ANTMOL0568	2.148246546	3.578651685	2.931585678	3.320610687	3.441958042	5	2	2016	1
AN_RPT_003	17112	3	204634.71875	220535.078125	50866.88671875	0.0388240957868091	0.02259	0.0215	1	ANTMOL0568	2.148246546	3.578651685	2.931585678	3.320610687	3.441958042	5	2	2016	1
AN_RPT_003	17112	4	204634.71875	220535.078125	50866.88671875	0.0388240957868091	0.02259	0.0215	1	ANTMOL0568	2.148246546	3.578651685	2.931585678	3.320610687	3.441958042	5	2	2016	1
AN_RPT_003	17134	3	204634.71875	220535.078125	50866.88671875	0.0388240957868091	0.054216	0.02	1	ANTMOL0568	2.148246546	3.578651685	2.931585678	3.320610687	3.441958042	5	2	2016	1
AN_RPT_003	17134	4	204634.71875	220535.078125	50866.88671875	0.0388240957868091	0.054216	0.02	1	ANTMOL0568	2.148246546	3.578651685	2.931585678	3.320610687	3.441958042	5	2	2016	1
AN_RPT_003	17169	3	204634.71875	220535.078125	50866.88671875	0.0388240957868091	0.126504	0.0253	1	ANTMOL0568	2.148246546	3.578651685	2.931585678	3.320610687	3.441958042	5	2	2017	1
AN_RPT_003	17169	4	204634.71875	220535.078125	50866.88671875	0.0388240957868091	0.126504	0.0253	1	ANTMOL0568	2.148246546	3.578651685	2.931585678	3.320610687	3.441958042	5	2	2017	1
AN_RPT_003	17196	3	204634.71875	220535.078125	50866.88671875	0.0931778298883419	0.033885	0.02	1	ANTMOL0568	2.148246546	3.578651685	2.931585678	3.320610687	3.441958042	5	2	2017	1
AN_RPT_003	17196	4	204634.71875	220535.078125	50866.88671875	0.0931778298883419	0.033885	0.02	1	ANTMOL0568	2.148246546	3.578651685	2.931585678	3.320610687	3.441958042	5	2	2017	1
AN_RPT_003	17238	3	204634.71875	220535.078125	50866.88671875	0.0388240957868091	0.040662	0.02	1	ANTMOL0568	2.148246546	3.578651685	2.931585678	3.320610687	3.441958042	5	2	2017	1
AN_RPT_003	17238	4	204634.71875	220535.078125	50866.88671875	0.0388240957868091	0.040662	0.02	1	ANTMOL0568	2.148246546	3.578651685	2.931585678	3.320610687	3.441958042	5	2	2017	1
AN_RPT_003	17259	3	204634.71875	220535.078125	50866.88671875	0.0388240957868091	0.040662	0.02	1	ANTMOL0568	2.148246546	3.578651685	2.931585678	3.320610687	3.441958042	5	2	2017	1
AN_RPT_003	17259	4	204634.71875	220535.078125	50866.88671875	0.0388240957868091	0.040662	0.02	1	ANTMOL0568	2.148246546	3.578651685	2.931585678	3.320610687	3.441958042	5	2	2017	1
AN_RPT_003	17294	3	204634.71875	220535.078125	50866.88671875	0.0388240957868091	0.056475	0.02	1	ANTMOL0568	2.148246546	3.578651685	2.931585678	3.320610687	3.441958042	5	2	2017	1
AN_RPT_003	17294	4	204634.71875	220535.078125	50866.88671875	0.0388240957868091	0.056475	0.02	1	ANTMOL0568	2.148246546	3.578651685	2.931585678	3.320610687	3.441958042	5	2	2017	1
LI_DBR_001	17343	6	243286.40625	202514.421875	322.793731689453	0.100942649045704	0.060993	0.127	1	LIMMSK0151	2.865671642	3.586021505	3.5	2.769125683	3.027997128	5	2	2017	1
LI_DBR_001	17371	6	243286.40625	202514.421875	322.793731689453	0.0388240957868091	0.027108	0.111	1	LIMMSK0151	2.865671642	3.586021505	3.5	2.769125683	3.027997128	5	2	2017	1
LI_DBR_001	17385	6	243286.40625	202514.421875	322.793731689453	0.0698833724162564	0.031626	0.117	1	LIMMSK0151	2.865671642	3.586021505	3.5	2.769125683	3.027997128	5	2	2017	1
LI_DBR_001	17420	6	243286.40625	202514.421875	322.793731689453	0.0388240957868091	0.060993	0.0513	1	LIMMSK0151	2.865671642	3.586021505	3.5	2.769125683	3.027997128	5	2	2017	1
LI_DBR_001	17448	6	243286.40625	202514.421875	322.793731689453	0.0388240957868091	0.056475	0.0397	1	LIMMSK0151	2.865671642	3.586021505	3.5	2.769125683	3.027997128	5	2	2017	1
LI_DBR_001	17476	6	243286.40625	202514.421875	322.793731689453	0.0465889149441709	0.054216	0.024	1	LIMMSK0151	2.865671642	3.586021505	3.5	2.769125683	3.027997128	5	2	2017	1
LI_DBR_001	17504	6	243286.40625	202514.421875	322.793731689453	0.0776481915736183	0.036144	0.0417	1	LIMMSK0151	2.865671642	3.586021505	3.5	2.769125683	3.027997128	5	2	2017	1
LI_DBR_001	17533	6	243286.40625	202514.421875	322.793731689453	0.155296383147237	0.243972	0.02	1	LIMMSK0151	2.865671642	3.586021505	3.5	2.769125683	3.027997128	5	2	2018	1
LI_DBR_001	17560	6	243286.40625	202514.421875	322.793731689453	0.0388240957868091	0.042921	0.033	1	LIMMSK0151	2.865671642	3.586021505	3.5	2.769125683	3.027997128	5	2	2018	1
LI_DBR_001	17595	6	243286.40625	202514.421875	322.793731689453	0.209650117248769	0.02259	0.054	1	LIMMSK0151	2.865671642	3.586021505	3.5	2.769125683	3.027997128	5	2	2018	1
LI_DBR_001	17624	6	243286.40625	202514.421875	322.793731689453	0.0388240957868091	0.02259	0.037	1	LIMMSK0151	2.865671642	3.586021505	3.5	2.769125683	3.027997128	5	2	2018	1
LI_DBR_001	17665	6	243286.40625	202514.421875	322.793731689453	0.0388240957868091	0.036144	0.0458	1	LIMMSK0151	2.865671642	3.586021505	3.5	2.769125683	3.027997128	5	2	2018	1
AN_SLH_001	16595	4	174907.171875	228560.8125	4515.62158203125	0.163061202304598	0.162648	1.93	1	ANTRIJ0171	3.319628647	3.590425532	1.848148148	3.998309383	2.574493445	5	2	2015	1
AN_SLH_001	16636	4	174907.171875	228560.8125	4515.62158203125	2.25179755563493	4.529295	3.419	1	ANTRIJ0171	3.319628647	3.590425532	1.848148148	3.998309383	2.574493445	5	2	2015	1
AN_SLH_001	16658	4	174907.171875	228560.8125	4515.62158203125	6.56903700712811	0.295929	4.4035	1	ANTRIJ0171	3.319628647	3.590425532	1.848148148	3.998309383	2.574493445	5	2	2015	1
AN_SLH_001	16685	4	174907.171875	228560.8125	4515.62158203125	1.87908623608156	0.189756	1.6518	1	ANTRIJ0171	3.319628647	3.590425532	1.848148148	3.998309383	2.574493445	5	2	2015	1
AN_SLH_001	16727	4	174907.171875	228560.8125	4515.62158203125	5.21795847374715	0.18072	2	1	ANTRIJ0171	3.319628647	3.590425532	1.848148148	3.998309383	2.574493445	5	2	2015	1
AN_SLH_001	16748	4	174907.171875	228560.8125	4515.62158203125	8.85189383939248	0.237195	2.7667	1	ANTRIJ0171	3.319628647	3.590425532	1.848148148	3.998309383	2.574493445	5	2	2015	1
AN_SLH_001	16776	4	174907.171875	228560.8125	4515.62158203125	4.37159318559471	0.395325	1.311	1	ANTRIJ0171	3.319628647	3.590425532	1.848148148	3.998309383	2.574493445	5	2	2015	1
LI_HAG_001	17330	7	223306.71875	217502.640625	2653.01025390625	0.442594691969624	0.171684	0.058	1	LIMNEE0011	2.203900709	3.591397849	2.962476548	3.788015464	3.129679144	5	2	2017	1
LI_HAG_001	17350	7	223306.71875	217502.640625	2653.01025390625	0.116472287360427	0.309483	0.0484	1	LIMNEE0011	2.203900709	3.591397849	2.962476548	3.788015464	3.129679144	5	2	2017	1
LI_HAG_001	17386	7	223306.71875	217502.640625	2653.01025390625	0.163061202304598	0.083583	0.046	1	LIMNEE0011	2.203900709	3.591397849	2.962476548	3.788015464	3.129679144	5	2	2017	1
LI_HAG_001	17420	7	223306.71875	217502.640625	2653.01025390625	0.0776481915736183	0.103914	0.0205	1	LIMNEE0011	2.203900709	3.591397849	2.962476548	3.788015464	3.129679144	5	2	2017	1
LI_HAG_001	17463	7	223306.71875	217502.640625	2653.01025390625	0.186355659776684	0.110691	0.02	1	LIMNEE0011	2.203900709	3.591397849	2.962476548	3.788015464	3.129679144	5	2	2017	1
LI_HAG_001	17498	7	223306.71875	217502.640625	2653.01025390625	0.0388240957868091	0.119727	0.02	1	LIMNEE0011	2.203900709	3.591397849	2.962476548	3.788015464	3.129679144	5	2	2017	1
LI_HAG_001	17518	7	223306.71875	217502.640625	2653.01025390625	0.0388240957868091	0.099396	0.0804	1	LIMNEE0011	2.203900709	3.591397849	2.962476548	3.788015464	3.129679144	5	2	2017	1
LI_HAG_001	17546	7	223306.71875	217502.640625	2653.01025390625	0.0388240957868091	0.13554	0.02	1	LIMNEE0011	2.203900709	3.591397849	2.962476548	3.788015464	3.129679144	5	2	2018	1
LI_HAG_001	17574	7	223306.71875	217502.640625	2653.01025390625	0.0388240957868091	0.036144	0.02	1	LIMNEE0011	2.203900709	3.591397849	2.962476548	3.788015464	3.129679144	5	2	2018	1
LI_HAG_001	17616	7	223306.71875	217502.640625	2653.01025390625	0.0465889149441709	0.302706	0.02	1	LIMNEE0011	2.203900709	3.591397849	2.962476548	3.788015464	3.129679144	5	2	2018	1
LI_HAG_001	17644	7	223306.71875	217502.640625	2653.01025390625	0.0388240957868091	0.088101	0.02	1	LIMNEE0011	2.203900709	3.591397849	2.962476548	3.788015464	3.129679144	5	2	2018	1
LI_HAG_001	17672	7	223306.71875	217502.640625	2653.01025390625	0.0543537341015328	0.092619	0.02	1	LIMNEE0011	2.203900709	3.591397849	2.962476548	3.788015464	3.129679144	5	2	2018	1
LI_TEU_006	17343	3	224717.59375	188676.96875	10783.5908203125	0.0388240957868091	0.054216	0.03	1	LIMZNH0563	2.562930187	3.594202899	2.545566502	3.448441247	3.452929559	5	4	2017	1
LI_TEU_006	17343	5	224717.59375	188676.96875	10783.5908203125	0.0388240957868091	0.054216	0.03	1	LIMZNH0563	2.562930187	3.594202899	2.545566502	3.448441247	3.452929559	5	4	2017	1
LI_TEU_006	17371	3	224717.59375	188676.96875	10783.5908203125	0.0388240957868091	0.065511	0.032	1	LIMZNH0563	2.562930187	3.594202899	2.545566502	3.448441247	3.452929559	5	4	2017	1
LI_TEU_006	17371	5	224717.59375	188676.96875	10783.5908203125	0.0388240957868091	0.065511	0.032	1	LIMZNH0563	2.562930187	3.594202899	2.545566502	3.448441247	3.452929559	5	4	2017	1
LI_TEU_006	17385	3	224717.59375	188676.96875	10783.5908203125	0.0621185532588946	0.079065	0.096	1	LIMZNH0563	2.562930187	3.594202899	2.545566502	3.448441247	3.452929559	5	4	2017	1
LI_TEU_006	17385	5	224717.59375	188676.96875	10783.5908203125	0.0621185532588946	0.079065	0.096	1	LIMZNH0563	2.562930187	3.594202899	2.545566502	3.448441247	3.452929559	5	4	2017	1
LI_TEU_006	17413	3	224717.59375	188676.96875	10783.5908203125	0.0388240957868091	0.049698	0.0305	1	LIMZNH0563	2.562930187	3.594202899	2.545566502	3.448441247	3.452929559	5	4	2017	1
LI_TEU_006	17413	5	224717.59375	188676.96875	10783.5908203125	0.0388240957868091	0.049698	0.0305	1	LIMZNH0563	2.562930187	3.594202899	2.545566502	3.448441247	3.452929559	5	4	2017	1
LI_TEU_006	17441	3	224717.59375	188676.96875	10783.5908203125	0.0621185532588946	0.074547	0.02	1	LIMZNH0563	2.562930187	3.594202899	2.545566502	3.448441247	3.452929559	5	4	2017	1
LI_TEU_006	17441	5	224717.59375	188676.96875	10783.5908203125	0.0621185532588946	0.074547	0.02	1	LIMZNH0563	2.562930187	3.594202899	2.545566502	3.448441247	3.452929559	5	4	2017	1
LI_TEU_006	17476	3	224717.59375	188676.96875	10783.5908203125	0.0388240957868091	0.024849	0.02	1	LIMZNH0563	2.562930187	3.594202899	2.545566502	3.448441247	3.452929559	5	4	2017	1
LI_TEU_006	17476	5	224717.59375	188676.96875	10783.5908203125	0.0388240957868091	0.024849	0.02	1	LIMZNH0563	2.562930187	3.594202899	2.545566502	3.448441247	3.452929559	5	4	2017	1
LI_TEU_006	17539	3	224717.59375	188676.96875	10783.5908203125	0.0388240957868091	0.029367	0.02	1	LIMZNH0563	2.562930187	3.594202899	2.545566502	3.448441247	3.452929559	5	4	2018	1
LI_TEU_006	17539	5	224717.59375	188676.96875	10783.5908203125	0.0388240957868091	0.029367	0.02	1	LIMZNH0563	2.562930187	3.594202899	2.545566502	3.448441247	3.452929559	5	4	2018	1
LI_TEU_006	17574	3	224717.59375	188676.96875	10783.5908203125	0.0388240957868091	0.027108	0.02	1	LIMZNH0563	2.562930187	3.594202899	2.545566502	3.448441247	3.452929559	5	4	2018	1
LI_TEU_006	17574	5	224717.59375	188676.96875	10783.5908203125	0.0388240957868091	0.027108	0.02	1	LIMZNH0563	2.562930187	3.594202899	2.545566502	3.448441247	3.452929559	5	4	2018	1
LI_TEU_006	17595	3	224717.59375	188676.96875	10783.5908203125	0.0776481915736183	0.027108	0.02	1	LIMZNH0563	2.562930187	3.594202899	2.545566502	3.448441247	3.452929559	5	4	2018	1
LI_TEU_006	17595	5	224717.59375	188676.96875	10783.5908203125	0.0776481915736183	0.027108	0.02	1	LIMZNH0563	2.562930187	3.594202899	2.545566502	3.448441247	3.452929559	5	4	2018	1
LI_TEU_006	17637	3	224717.59375	188676.96875	10783.5908203125	0.0388240957868091	0.040662	0.02	1	LIMZNH0563	2.562930187	3.594202899	2.545566502	3.448441247	3.452929559	5	4	2018	1
LI_TEU_006	17637	5	224717.59375	188676.96875	10783.5908203125	0.0388240957868091	0.040662	0.02	1	LIMZNH0563	2.562930187	3.594202899	2.545566502	3.448441247	3.452929559	5	4	2018	1
LI_TEU_006	17665	3	224717.59375	188676.96875	10783.5908203125	0.0388240957868091	0.040662	0.0287	1	LIMZNH0563	2.562930187	3.594202899	2.545566502	3.448441247	3.452929559	5	4	2018	1
LI_TEU_006	17665	5	224717.59375	188676.96875	10783.5908203125	0.0388240957868091	0.040662	0.0287	1	LIMZNH0563	2.562930187	3.594202899	2.545566502	3.448441247	3.452929559	5	4	2018	1
LI_BER_002	16581	3	243101.53125	195509.5	328917.21875	0.0388240957868091	0.02259	0.02	1	LIMMSK0353	2.575382612	3.594771242	2.252799311	3.804491413	2.823255814	5	2	2015	1
LI_BER_002	16581	4	243101.53125	195509.5	328917.21875	0.0388240957868091	0.02259	0.02	1	LIMMSK0353	2.575382612	3.594771242	2.252799311	3.804491413	2.823255814	5	2	2015	1
LI_BER_002	16594	3	243101.53125	195509.5	328917.21875	0.0388240957868091	0.024849	0.02	1	LIMMSK0353	2.575382612	3.594771242	2.252799311	3.804491413	2.823255814	5	2	2015	1
LI_BER_002	16594	4	243101.53125	195509.5	328917.21875	0.0388240957868091	0.024849	0.02	1	LIMMSK0353	2.575382612	3.594771242	2.252799311	3.804491413	2.823255814	5	2	2015	1
LI_BER_002	16622	3	243101.53125	195509.5	328917.21875	0.0388240957868091	0.033885	0.02	1	LIMMSK0353	2.575382612	3.594771242	2.252799311	3.804491413	2.823255814	5	2	2015	1
LI_BER_002	16622	4	243101.53125	195509.5	328917.21875	0.0388240957868091	0.033885	0.02	1	LIMMSK0353	2.575382612	3.594771242	2.252799311	3.804491413	2.823255814	5	2	2015	1
LI_BER_002	16650	3	243101.53125	195509.5	328917.21875	0.0388240957868091	0.02259	0.02	1	LIMMSK0353	2.575382612	3.594771242	2.252799311	3.804491413	2.823255814	5	2	2015	1
LI_BER_002	16650	4	243101.53125	195509.5	328917.21875	0.0388240957868091	0.02259	0.02	1	LIMMSK0353	2.575382612	3.594771242	2.252799311	3.804491413	2.823255814	5	2	2015	1
LI_BER_002	16678	3	243101.53125	195509.5	328917.21875	0.0543537341015328	0.033885	0.02	1	LIMMSK0353	2.575382612	3.594771242	2.252799311	3.804491413	2.823255814	5	2	2015	1
LI_BER_002	16678	4	243101.53125	195509.5	328917.21875	0.0543537341015328	0.033885	0.02	1	LIMMSK0353	2.575382612	3.594771242	2.252799311	3.804491413	2.823255814	5	2	2015	1
LI_BER_002	16713	3	243101.53125	195509.5	328917.21875	0.0465889149441709	0.033885	0.02	1	LIMMSK0353	2.575382612	3.594771242	2.252799311	3.804491413	2.823255814	5	2	2015	1
LI_BER_002	16713	4	243101.53125	195509.5	328917.21875	0.0465889149441709	0.033885	0.02	1	LIMMSK0353	2.575382612	3.594771242	2.252799311	3.804491413	2.823255814	5	2	2015	1
LI_BER_002	16742	3	243101.53125	195509.5	328917.21875	0.0388240957868091	0.02259	0.02	1	LIMMSK0353	2.575382612	3.594771242	2.252799311	3.804491413	2.823255814	5	2	2015	1
LI_BER_002	16742	4	243101.53125	195509.5	328917.21875	0.0388240957868091	0.02259	0.02	1	LIMMSK0353	2.575382612	3.594771242	2.252799311	3.804491413	2.823255814	5	2	2015	1
LI_BER_002	16769	3	243101.53125	195509.5	328917.21875	0.0388240957868091	0.031626	0.02	1	LIMMSK0353	2.575382612	3.594771242	2.252799311	3.804491413	2.823255814	5	2	2015	1
LI_BER_002	16769	4	243101.53125	195509.5	328917.21875	0.0388240957868091	0.031626	0.02	1	LIMMSK0353	2.575382612	3.594771242	2.252799311	3.804491413	2.823255814	5	2	2015	1
LI_BER_002	16811	3	243101.53125	195509.5	328917.21875	0.0388240957868091	0.040662	0.02	1	LIMMSK0353	2.575382612	3.594771242	2.252799311	3.804491413	2.823255814	5	2	2016	1
LI_BER_002	16811	4	243101.53125	195509.5	328917.21875	0.0388240957868091	0.040662	0.02	1	LIMMSK0353	2.575382612	3.594771242	2.252799311	3.804491413	2.823255814	5	2	2016	1
LI_BER_002	16832	3	243101.53125	195509.5	328917.21875	0.0388240957868091	0.088101	0.02	1	LIMMSK0353	2.575382612	3.594771242	2.252799311	3.804491413	2.823255814	5	2	2016	1
LI_BER_002	16832	4	243101.53125	195509.5	328917.21875	0.0388240957868091	0.088101	0.02	1	LIMMSK0353	2.575382612	3.594771242	2.252799311	3.804491413	2.823255814	5	2	2016	1
LI_BER_002	16867	3	243101.53125	195509.5	328917.21875	0.0388240957868091	0.128763	0.02	1	LIMMSK0353	2.575382612	3.594771242	2.252799311	3.804491413	2.823255814	5	2	2016	1
LI_BER_002	16867	4	243101.53125	195509.5	328917.21875	0.0388240957868091	0.128763	0.02	1	LIMMSK0353	2.575382612	3.594771242	2.252799311	3.804491413	2.823255814	5	2	2016	1
LI_BER_002	16896	3	243101.53125	195509.5	328917.21875	0.0388240957868091	0.054216	0.02	1	LIMMSK0353	2.575382612	3.594771242	2.252799311	3.804491413	2.823255814	5	2	2016	1
LI_BER_002	16896	4	243101.53125	195509.5	328917.21875	0.0388240957868091	0.054216	0.02	1	LIMMSK0353	2.575382612	3.594771242	2.252799311	3.804491413	2.823255814	5	2	2016	1
LI_BER_002	16924	3	243101.53125	195509.5	328917.21875	0.0388240957868091	0.027108	0.02	1	LIMMSK0353	2.575382612	3.594771242	2.252799311	3.804491413	2.823255814	5	2	2016	1
LI_BER_002	16924	4	243101.53125	195509.5	328917.21875	0.0388240957868091	0.027108	0.02	1	LIMMSK0353	2.575382612	3.594771242	2.252799311	3.804491413	2.823255814	5	2	2016	1
AN_MEC_001	16566	4	160281.28125	190267.203125	82533.4609375	0.225179755563493	0.334332	0.0289	1	ANTMEC0388	2.292732167	3.595454545	3.389175258	3.756687898	3.159322034	3	2	2015	1
AN_MEC_001	16566	5	160281.28125	190267.203125	82533.4609375	0.225179755563493	0.334332	0.0289	1	ANTMEC0388	2.292732167	3.595454545	3.389175258	3.756687898	3.159322034	3	2	2015	1
AN_MEC_001	16601	4	160281.28125	190267.203125	82533.4609375	0.0543537341015328	0.29367	0.033	1	ANTMEC0388	2.292732167	3.595454545	3.389175258	3.756687898	3.159322034	3	2	2015	1
AN_MEC_001	16601	5	160281.28125	190267.203125	82533.4609375	0.0543537341015328	0.29367	0.033	1	ANTMEC0388	2.292732167	3.595454545	3.389175258	3.756687898	3.159322034	3	2	2015	1
AN_MEC_001	16629	4	160281.28125	190267.203125	82533.4609375	0.0388240957868091	0.040662	0.026	1	ANTMEC0388	2.292732167	3.595454545	3.389175258	3.756687898	3.159322034	3	2	2015	1
AN_MEC_001	16629	5	160281.28125	190267.203125	82533.4609375	0.0388240957868091	0.040662	0.026	1	ANTMEC0388	2.292732167	3.595454545	3.389175258	3.756687898	3.159322034	3	2	2015	1
AN_MEC_001	16657	4	160281.28125	190267.203125	82533.4609375	0.0388240957868091	0.056475	0.0308	1	ANTMEC0388	2.292732167	3.595454545	3.389175258	3.756687898	3.159322034	3	2	2015	1
AN_MEC_001	16657	5	160281.28125	190267.203125	82533.4609375	0.0388240957868091	0.056475	0.0308	1	ANTMEC0388	2.292732167	3.595454545	3.389175258	3.756687898	3.159322034	3	2	2015	1
AN_MEC_001	16685	4	160281.28125	190267.203125	82533.4609375	0.0388240957868091	0.058734	0.0202	1	ANTMEC0388	2.292732167	3.595454545	3.389175258	3.756687898	3.159322034	3	2	2015	1
AN_MEC_001	16685	5	160281.28125	190267.203125	82533.4609375	0.0388240957868091	0.058734	0.0202	1	ANTMEC0388	2.292732167	3.595454545	3.389175258	3.756687898	3.159322034	3	2	2015	1
AN_MEC_001	16720	4	160281.28125	190267.203125	82533.4609375	0.0349416862081282	0.065511	0.02	1	ANTMEC0388	2.292732167	3.595454545	3.389175258	3.756687898	3.159322034	3	2	2015	1
AN_MEC_001	16720	5	160281.28125	190267.203125	82533.4609375	0.0349416862081282	0.065511	0.02	1	ANTMEC0388	2.292732167	3.595454545	3.389175258	3.756687898	3.159322034	3	2	2015	1
AN_MEC_001	16748	4	160281.28125	190267.203125	82533.4609375	0.0698833724162564	0.074547	0.02	1	ANTMEC0388	2.292732167	3.595454545	3.389175258	3.756687898	3.159322034	3	2	2015	1
AN_MEC_001	16748	5	160281.28125	190267.203125	82533.4609375	0.0698833724162564	0.074547	0.02	1	ANTMEC0388	2.292732167	3.595454545	3.389175258	3.756687898	3.159322034	3	2	2015	1
AN_MEC_001	16776	4	160281.28125	190267.203125	82533.4609375	0.489183606913795	0.072288	0.034	1	ANTMEC0388	2.292732167	3.595454545	3.389175258	3.756687898	3.159322034	3	2	2015	1
AN_MEC_001	16776	5	160281.28125	190267.203125	82533.4609375	0.489183606913795	0.072288	0.034	1	ANTMEC0388	2.292732167	3.595454545	3.389175258	3.756687898	3.159322034	3	2	2015	1
AN_DVH_001	16196	4	174437.140625	224138.078125	30357.583984375	0.0776481915736183	0.420174	NA	1	ANTMAL0136	2.045238095	3.602150538	3.434328358	3.547036082	2.102545969	5	4	2014	1
AN_DVH_001	16223	4	174437.140625	224138.078125	30357.583984375	0.0776481915736183	0.060993	NA	1	ANTMAL0136	2.045238095	3.602150538	3.434328358	3.547036082	2.102545969	5	4	2014	1
AN_DVH_001	16251	4	174437.140625	224138.078125	30357.583984375	0.0776481915736183	0.027108	NA	1	ANTMAL0136	2.045238095	3.602150538	3.434328358	3.547036082	2.102545969	5	4	2014	1
AN_DVH_001	16287	4	174437.140625	224138.078125	30357.583984375	0.0776481915736183	0.024849	NA	1	ANTMAL0136	2.045238095	3.602150538	3.434328358	3.547036082	2.102545969	5	4	2014	1
AN_DVH_001	16322	4	174437.140625	224138.078125	30357.583984375	0.0776481915736183	0.036144	NA	1	ANTMAL0136	2.045238095	3.602150538	3.434328358	3.547036082	2.102545969	5	4	2014	1
AN_DVH_001	16364	4	174437.140625	224138.078125	30357.583984375	0.116472287360427	0.04518	NA	1	ANTMAL0136	2.045238095	3.602150538	3.434328358	3.547036082	2.102545969	5	4	2014	1
WV_ZWI_006	17707	1	78216.5234375	228238.546875	141.998794555664	0.0388240957868091	0.024849	0.0538	1	WVLKNO0022	3.511111111	3.610576923	1.664627364	3.836045056	3.951652387	1	2	2018	1
WV_ZWI_006	17721	1	78216.5234375	228238.546875	141.998794555664	0.0388240957868091	0.040662	0.0281	1	WVLKNO0022	3.511111111	3.610576923	1.664627364	3.836045056	3.951652387	1	2	2018	1
WV_ZWI_006	17750	1	78216.5234375	228238.546875	141.998794555664	0.0388240957868091	0.031626	0.0428	1	WVLKNO0022	3.511111111	3.610576923	1.664627364	3.836045056	3.951652387	1	2	2018	1
WV_ZWI_006	17799	1	78216.5234375	228238.546875	141.998794555664	0.0388240957868091	0.040662	0.0712	1	WVLKNO0022	3.511111111	3.610576923	1.664627364	3.836045056	3.951652387	1	2	2018	1
WV_ZWI_006	17819	1	78216.5234375	228238.546875	141.998794555664	0.100942649045704	0.054216	0.0507	1	WVLKNO0022	3.511111111	3.610576923	1.664627364	3.836045056	3.951652387	1	2	2018	1
WV_ZWI_006	17855	1	78216.5234375	228238.546875	141.998794555664	0.0854130107309801	0.024849	0.036	1	WVLKNO0022	3.511111111	3.610576923	1.664627364	3.836045056	3.951652387	1	2	2018	1
WV_ZWI_006	17875	1	78216.5234375	228238.546875	141.998794555664	0.0388240957868091	0.054216	0.0372	1	WVLKNO0022	3.511111111	3.610576923	1.664627364	3.836045056	3.951652387	1	2	2018	1
WV_MDH_002	17371	3	51232.34375	183677.796875	3423.07397460938	0.0621185532588946	0.051957	0.033	1	WVLHOU0568	2	3.613636364	4.128603104	4.115540541	4.008817046	6	4	2017	1
WV_MDH_002	17371	5	51232.34375	183677.796875	3423.07397460938	0.0621185532588946	0.051957	0.033	1	WVLHOU0568	2	3.613636364	4.128603104	4.115540541	4.008817046	6	4	2017	1
WV_MDH_002	17406	3	51232.34375	183677.796875	3423.07397460938	0.201885298091407	0.094878	0.072	1	WVLHOU0568	2	3.613636364	4.128603104	4.115540541	4.008817046	6	4	2017	1
WV_MDH_002	17406	5	51232.34375	183677.796875	3423.07397460938	0.201885298091407	0.094878	0.072	1	WVLHOU0568	2	3.613636364	4.128603104	4.115540541	4.008817046	6	4	2017	1
WV_MDH_002	17434	3	51232.34375	183677.796875	3423.07397460938	1.06378022455857	0.234936	0.174	1	WVLHOU0568	2	3.613636364	4.128603104	4.115540541	4.008817046	6	4	2017	1
WV_MDH_002	17434	5	51232.34375	183677.796875	3423.07397460938	1.06378022455857	0.234936	0.174	1	WVLHOU0568	2	3.613636364	4.128603104	4.115540541	4.008817046	6	4	2017	1
WV_MDH_002	17463	3	51232.34375	183677.796875	3423.07397460938	1.84026214029475	0.153612	0.4373	1	WVLHOU0568	2	3.613636364	4.128603104	4.115540541	4.008817046	6	4	2017	1
WV_MDH_002	17463	5	51232.34375	183677.796875	3423.07397460938	1.84026214029475	0.153612	0.4373	1	WVLHOU0568	2	3.613636364	4.128603104	4.115540541	4.008817046	6	4	2017	1
WV_MDH_002	17497	3	51232.34375	183677.796875	3423.07397460938	0.17082602146196	0.133281	0.15	1	WVLHOU0568	2	3.613636364	4.128603104	4.115540541	4.008817046	6	4	2017	1
WV_MDH_002	17497	5	51232.34375	183677.796875	3423.07397460938	0.17082602146196	0.133281	0.15	1	WVLHOU0568	2	3.613636364	4.128603104	4.115540541	4.008817046	6	4	2017	1
WV_MDH_002	17554	3	51232.34375	183677.796875	3423.07397460938	0.0388240957868091	0.04518	0.037	1	WVLHOU0568	2	3.613636364	4.128603104	4.115540541	4.008817046	6	4	2018	1
WV_MDH_002	17554	5	51232.34375	183677.796875	3423.07397460938	0.0388240957868091	0.04518	0.037	1	WVLHOU0568	2	3.613636364	4.128603104	4.115540541	4.008817046	6	4	2018	1
WV_MDH_002	17574	3	51232.34375	183677.796875	3423.07397460938	0.0388240957868091	0.040662	0.0356	1	WVLHOU0568	2	3.613636364	4.128603104	4.115540541	4.008817046	6	4	2018	1
WV_MDH_002	17574	5	51232.34375	183677.796875	3423.07397460938	0.0388240957868091	0.040662	0.0356	1	WVLHOU0568	2	3.613636364	4.128603104	4.115540541	4.008817046	6	4	2018	1
WV_MDH_002	17644	3	51232.34375	183677.796875	3423.07397460938	0.0388240957868091	0.056475	0.063	1	WVLHOU0568	2	3.613636364	4.128603104	4.115540541	4.008817046	6	4	2018	1
WV_MDH_002	17644	5	51232.34375	183677.796875	3423.07397460938	0.0388240957868091	0.056475	0.063	1	WVLHOU0568	2	3.613636364	4.128603104	4.115540541	4.008817046	6	4	2018	1
WV_MDH_002	17680	3	51232.34375	183677.796875	3423.07397460938	0.0388240957868091	0.047439	0.0447	1	WVLHOU0568	2	3.613636364	4.128603104	4.115540541	4.008817046	6	4	2018	1
WV_MDH_002	17680	5	51232.34375	183677.796875	3423.07397460938	0.0388240957868091	0.047439	0.0447	1	WVLHOU0568	2	3.613636364	4.128603104	4.115540541	4.008817046	6	4	2018	1
WV_MDH_002	17707	3	51232.34375	183677.796875	3423.07397460938	0.0465889149441709	0.038403	0.0246	1	WVLHOU0568	2	3.613636364	4.128603104	4.115540541	4.008817046	6	4	2018	1
WV_MDH_002	17707	5	51232.34375	183677.796875	3423.07397460938	0.0465889149441709	0.038403	0.0246	1	WVLHOU0568	2	3.613636364	4.128603104	4.115540541	4.008817046	6	4	2018	1
WV_ZWI_008	17707	1	78264.859375	228107.046875	3164.97265625	0.0388240957868091	0.040662	0.0276	1	WVLKNO0065	2.993506494	3.614583333	3.151351351	4.028915663	3.784413693	1	2	2018	1
WV_ZWI_008	17721	1	78264.859375	228107.046875	3164.97265625	0.0465889149441709	0.081324	0.02	1	WVLKNO0065	2.993506494	3.614583333	3.151351351	4.028915663	3.784413693	1	2	2018	1
WV_ZWI_008	17750	1	78264.859375	228107.046875	3164.97265625	0.0388240957868091	0.024849	0.0314	1	WVLKNO0065	2.993506494	3.614583333	3.151351351	4.028915663	3.784413693	1	2	2018	1
WV_ZWI_008	17799	1	78264.859375	228107.046875	3164.97265625	0.0388240957868091	0.029367	0.0625	1	WVLKNO0065	2.993506494	3.614583333	3.151351351	4.028915663	3.784413693	1	2	2018	1
WV_ZWI_008	17819	1	78264.859375	228107.046875	3164.97265625	0.108707468203066	0.047439	0.02	1	WVLKNO0065	2.993506494	3.614583333	3.151351351	4.028915663	3.784413693	1	2	2018	1
WV_ZWI_008	17855	1	78264.859375	228107.046875	3164.97265625	0.155296383147237	0.02259	0.0367	1	WVLKNO0065	2.993506494	3.614583333	3.151351351	4.028915663	3.784413693	1	2	2018	1
WV_ZWI_008	17875	1	78264.859375	228107.046875	3164.97265625	0.0388240957868091	0.246231	0.034	1	WVLKNO0065	2.993506494	3.614583333	3.151351351	4.028915663	3.784413693	1	2	2018	1
WV_DHE_002	17714	1	53854.80078125	216280.421875	214.951156616211	0.0543537341015328	0.056475	0.9558	1	WVLBRD0039	1.464788732	3.618644068	2.788860104	3.99594046	3.922592826	1	2	2018	1
WV_DHE_002	17868	1	53854.80078125	216280.421875	214.951156616211	0.792011554050906	0.056475	0.1704	1	WVLBRD0039	1.464788732	3.618644068	2.788860104	3.99594046	3.922592826	1	2	2018	1
WV_DHE_002	17882	1	53854.80078125	216280.421875	214.951156616211	0.0388240957868091	0.081324	0.142	1	WVLBRD0039	1.464788732	3.618644068	2.788860104	3.99594046	3.922592826	1	2	2018	1
LI_LOM_001	17344	3	210705.15625	212424.140625	11299.603515625	0.100942649045704	0.063252	0.02	1	LIMLOM0030	2	3.627659574	3.726878613	2.644766147	3.327731092	5	2	2017	1
LI_LOM_001	17351	3	210705.15625	212424.140625	11299.603515625	0.0388240957868091	0.051957	0.0308	1	LIMLOM0030	2	3.627659574	3.726878613	2.644766147	3.327731092	5	2	2017	1
LI_LOM_001	17386	3	210705.15625	212424.140625	11299.603515625	0.0776481915736183	0.058734	0.026	1	LIMLOM0030	2	3.627659574	3.726878613	2.644766147	3.327731092	5	2	2017	1
LI_LOM_001	17435	3	210705.15625	212424.140625	11299.603515625	0.0465889149441709	0.031626	0.02	1	LIMLOM0030	2	3.627659574	3.726878613	2.644766147	3.327731092	5	2	2017	1
LI_LOM_001	17455	3	210705.15625	212424.140625	11299.603515625	0.0698833724162564	0.058734	0.02	1	LIMLOM0030	2	3.627659574	3.726878613	2.644766147	3.327731092	5	2	2017	1
LI_LOM_001	17497	3	210705.15625	212424.140625	11299.603515625	0.0776481915736183	0.056475	0.02	1	LIMLOM0030	2	3.627659574	3.726878613	2.644766147	3.327731092	5	2	2017	1
LI_LOM_001	17533	3	210705.15625	212424.140625	11299.603515625	0.108707468203066	0.085842	0.2	1	LIMLOM0030	2	3.627659574	3.726878613	2.644766147	3.327731092	5	2	2018	1
LI_LOM_001	17560	3	210705.15625	212424.140625	11299.603515625	0.0465889149441709	0.192015	0.023	1	LIMLOM0030	2	3.627659574	3.726878613	2.644766147	3.327731092	5	2	2018	1
LI_LOM_001	17602	3	210705.15625	212424.140625	11299.603515625	0.0388240957868091	0.15813	0.02	1	LIMLOM0030	2	3.627659574	3.726878613	2.644766147	3.327731092	5	2	2018	1
LI_LOM_001	17624	3	210705.15625	212424.140625	11299.603515625	0.0388240957868091	0.131022	0.02	1	LIMLOM0030	2	3.627659574	3.726878613	2.644766147	3.327731092	5	2	2018	1
LI_LOM_001	17680	3	210705.15625	212424.140625	11299.603515625	0.0465889149441709	0.058734	0.02	1	LIMLOM0030	2	3.627659574	3.726878613	2.644766147	3.327731092	5	2	2018	1
VB_KBL_002	17336	3	176976.15625	180280.984375	238.430313110352	0.116472287360427	0.085842	0.266	1	VBRHOL0040	3.076923077	3.628318584	3.991017964	3.748387097	3.422641509	7	2	2017	1
VB_KBL_002	17350	3	176976.15625	180280.984375	238.430313110352	1.65390648051807	0.072288	0.499	1	VBRHOL0040	3.076923077	3.628318584	3.991017964	3.748387097	3.422641509	7	2	2017	1
VB_KBL_002	17400	3	176976.15625	180280.984375	238.430313110352	2.51580140698523	0.221382	0.676	1	VBRHOL0040	3.076923077	3.628318584	3.991017964	3.748387097	3.422641509	7	2	2017	1
VB_KBL_002	17434	3	176976.15625	180280.984375	238.430313110352	0.209650117248769	0.160389	0.273	1	VBRHOL0040	3.076923077	3.628318584	3.991017964	3.748387097	3.422641509	7	2	2017	1
VB_KBL_002	17456	3	176976.15625	180280.984375	238.430313110352	0.124237106517789	0.185238	0.3862	1	VBRHOL0040	3.076923077	3.628318584	3.991017964	3.748387097	3.422641509	7	2	2017	1
VB_KBL_002	17497	3	176976.15625	180280.984375	238.430313110352	0.0543537341015328	0.099396	0.315	1	VBRHOL0040	3.076923077	3.628318584	3.991017964	3.748387097	3.422641509	7	2	2017	1
VB_KBL_002	17512	3	176976.15625	180280.984375	238.430313110352	0.100942649045704	0.359181	0.3727	1	VBRHOL0040	3.076923077	3.628318584	3.991017964	3.748387097	3.422641509	7	2	2017	1
VB_KBL_002	17539	3	176976.15625	180280.984375	238.430313110352	0.0465889149441709	0.088101	0.3292	1	VBRHOL0040	3.076923077	3.628318584	3.991017964	3.748387097	3.422641509	7	2	2018	1
VB_KBL_002	17567	3	176976.15625	180280.984375	238.430313110352	0.0465889149441709	0.088101	0.242	1	VBRHOL0040	3.076923077	3.628318584	3.991017964	3.748387097	3.422641509	7	2	2018	1
VB_KBL_002	17609	3	176976.15625	180280.984375	238.430313110352	0.0465889149441709	0.108432	0.139	1	VBRHOL0040	3.076923077	3.628318584	3.991017964	3.748387097	3.422641509	7	2	2018	1
VB_KBL_002	17637	3	176976.15625	180280.984375	238.430313110352	0.0465889149441709	0.092619	0.1895	1	VBRHOL0040	3.076923077	3.628318584	3.991017964	3.748387097	3.422641509	7	2	2018	1
VB_KBL_002	17680	3	176976.15625	180280.984375	238.430313110352	0.0388240957868091	0.02259	0.3403	1	VBRHOL0040	3.076923077	3.628318584	3.991017964	3.748387097	3.422641509	7	2	2018	1
LI_BBV_002	17343	3	236997.1875	192673.609375	3260.53100585938	0.0543537341015328	6.987087	0.02	1	LIMMSK0113	2	3.628865979	3.605113636	3.149417853	3.603745318	5	2	2017	1
LI_BBV_002	17343	4	236997.1875	192673.609375	3260.53100585938	0.0543537341015328	6.987087	0.02	1	LIMMSK0113	2	3.628865979	3.605113636	3.149417853	3.603745318	5	2	2017	1
LI_BBV_002	17371	3	236997.1875	192673.609375	3260.53100585938	0.0621185532588946	5.437413	0.02	1	LIMMSK0113	2	3.628865979	3.605113636	3.149417853	3.603745318	5	2	2017	1
LI_BBV_002	17371	4	236997.1875	192673.609375	3260.53100585938	0.0621185532588946	5.437413	0.02	1	LIMMSK0113	2	3.628865979	3.605113636	3.149417853	3.603745318	5	2	2017	1
LI_BBV_002	17385	3	236997.1875	192673.609375	3260.53100585938	0.139766744832513	5.159556	0.02	1	LIMMSK0113	2	3.628865979	3.605113636	3.149417853	3.603745318	5	2	2017	1
LI_BBV_002	17385	4	236997.1875	192673.609375	3260.53100585938	0.139766744832513	5.159556	0.02	1	LIMMSK0113	2	3.628865979	3.605113636	3.149417853	3.603745318	5	2	2017	1
LI_BBV_002	17420	3	236997.1875	192673.609375	3260.53100585938	0.0465889149441709	5.08275	0.02	1	LIMMSK0113	2	3.628865979	3.605113636	3.149417853	3.603745318	5	2	2017	1
LI_BBV_002	17420	4	236997.1875	192673.609375	3260.53100585938	0.0465889149441709	5.08275	0.02	1	LIMMSK0113	2	3.628865979	3.605113636	3.149417853	3.603745318	5	2	2017	1
LI_BBV_002	17448	3	236997.1875	192673.609375	3260.53100585938	0.0854130107309801	6.467517	0.02	1	LIMMSK0113	2	3.628865979	3.605113636	3.149417853	3.603745318	5	2	2017	1
LI_BBV_002	17448	4	236997.1875	192673.609375	3260.53100585938	0.0854130107309801	6.467517	0.02	1	LIMMSK0113	2	3.628865979	3.605113636	3.149417853	3.603745318	5	2	2017	1
LI_BBV_002	17476	3	236997.1875	192673.609375	3260.53100585938	0.100942649045704	8.105292	0.02	1	LIMMSK0113	2	3.628865979	3.605113636	3.149417853	3.603745318	5	2	2017	1
LI_BBV_002	17476	4	236997.1875	192673.609375	3260.53100585938	0.100942649045704	8.105292	0.02	1	LIMMSK0113	2	3.628865979	3.605113636	3.149417853	3.603745318	5	2	2017	1
LI_BBV_002	17504	3	236997.1875	192673.609375	3260.53100585938	0.108707468203066	10.000593	0.02	1	LIMMSK0113	2	3.628865979	3.605113636	3.149417853	3.603745318	5	2	2017	1
LI_BBV_002	17504	4	236997.1875	192673.609375	3260.53100585938	0.108707468203066	10.000593	0.02	1	LIMMSK0113	2	3.628865979	3.605113636	3.149417853	3.603745318	5	2	2017	1
LI_BBV_002	17533	3	236997.1875	192673.609375	3260.53100585938	0.0776481915736183	10.373328	0.0749	1	LIMMSK0113	2	3.628865979	3.605113636	3.149417853	3.603745318	5	2	2018	1
LI_BBV_002	17533	4	236997.1875	192673.609375	3260.53100585938	0.0776481915736183	10.373328	0.0749	1	LIMMSK0113	2	3.628865979	3.605113636	3.149417853	3.603745318	5	2	2018	1
LI_BBV_002	17560	3	236997.1875	192673.609375	3260.53100585938	0.0388240957868091	11.444094	0.02	1	LIMMSK0113	2	3.628865979	3.605113636	3.149417853	3.603745318	5	2	2018	1
LI_BBV_002	17560	4	236997.1875	192673.609375	3260.53100585938	0.0388240957868091	11.444094	0.02	1	LIMMSK0113	2	3.628865979	3.605113636	3.149417853	3.603745318	5	2	2018	1
LI_BBV_002	17595	3	236997.1875	192673.609375	3260.53100585938	0.0854130107309801	13.325841	0.02	1	LIMMSK0113	2	3.628865979	3.605113636	3.149417853	3.603745318	5	2	2018	1
LI_BBV_002	17595	4	236997.1875	192673.609375	3260.53100585938	0.0854130107309801	13.325841	0.02	1	LIMMSK0113	2	3.628865979	3.605113636	3.149417853	3.603745318	5	2	2018	1
LI_BBV_002	17624	3	236997.1875	192673.609375	3260.53100585938	0.0388240957868091	11.523159	0.02	1	LIMMSK0113	2	3.628865979	3.605113636	3.149417853	3.603745318	5	2	2018	1
LI_BBV_002	17624	4	236997.1875	192673.609375	3260.53100585938	0.0388240957868091	11.523159	0.02	1	LIMMSK0113	2	3.628865979	3.605113636	3.149417853	3.603745318	5	2	2018	1
LI_BBV_002	17665	3	236997.1875	192673.609375	3260.53100585938	0.0388240957868091	7.795809	0.02	1	LIMMSK0113	2	3.628865979	3.605113636	3.149417853	3.603745318	5	2	2018	1
LI_BBV_002	17665	4	236997.1875	192673.609375	3260.53100585938	0.0388240957868091	7.795809	0.02	1	LIMMSK0113	2	3.628865979	3.605113636	3.149417853	3.603745318	5	2	2018	1
AN_VVM_004	16965	3	176535.640625	240775.359375	8718.2998046875	0.225179755563493	0.142317	0.0344	1	ANTHGS0196	2.132152589	3.63	3.967153285	3.634183673	3.581598388	5	4	2016	1
AN_VVM_004	16965	7	176535.640625	240775.359375	8718.2998046875	0.225179755563493	0.142317	0.0344	1	ANTHGS0196	2.132152589	3.63	3.967153285	3.634183673	3.581598388	5	4	2016	1
AN_VVM_004	16987	3	176535.640625	240775.359375	8718.2998046875	0.0388240957868091	0.02259	0.0221	1	ANTHGS0196	2.132152589	3.63	3.967153285	3.634183673	3.581598388	5	4	2016	1
AN_VVM_004	16987	7	176535.640625	240775.359375	8718.2998046875	0.0388240957868091	0.02259	0.0221	1	ANTHGS0196	2.132152589	3.63	3.967153285	3.634183673	3.581598388	5	4	2016	1
AN_VVM_004	17030	3	176535.640625	240775.359375	8718.2998046875	0.318357585451835	0.02259	0.0302	1	ANTHGS0196	2.132152589	3.63	3.967153285	3.634183673	3.581598388	5	4	2016	1
AN_VVM_004	17030	7	176535.640625	240775.359375	8718.2998046875	0.318357585451835	0.02259	0.0302	1	ANTHGS0196	2.132152589	3.63	3.967153285	3.634183673	3.581598388	5	4	2016	1
AN_VVM_004	17056	3	176535.640625	240775.359375	8718.2998046875	0.0388240957868091	0.02259	0.02	1	ANTHGS0196	2.132152589	3.63	3.967153285	3.634183673	3.581598388	5	4	2016	1
AN_VVM_004	17056	7	176535.640625	240775.359375	8718.2998046875	0.0388240957868091	0.02259	0.02	1	ANTHGS0196	2.132152589	3.63	3.967153285	3.634183673	3.581598388	5	4	2016	1
AN_VVM_004	17091	3	176535.640625	240775.359375	8718.2998046875	0.0388240957868091	0.02259	0.0336	1	ANTHGS0196	2.132152589	3.63	3.967153285	3.634183673	3.581598388	5	4	2016	1
AN_VVM_004	17091	7	176535.640625	240775.359375	8718.2998046875	0.0388240957868091	0.02259	0.0336	1	ANTHGS0196	2.132152589	3.63	3.967153285	3.634183673	3.581598388	5	4	2016	1
AN_VVM_004	17113	3	176535.640625	240775.359375	8718.2998046875	0.0388240957868091	0.02259	0.0374	1	ANTHGS0196	2.132152589	3.63	3.967153285	3.634183673	3.581598388	5	4	2016	1
AN_VVM_004	17113	7	176535.640625	240775.359375	8718.2998046875	0.0388240957868091	0.02259	0.0374	1	ANTHGS0196	2.132152589	3.63	3.967153285	3.634183673	3.581598388	5	4	2016	1
AN_VVM_004	17133	3	176535.640625	240775.359375	8718.2998046875	0.481418787756433	0.054216	0.0399	1	ANTHGS0196	2.132152589	3.63	3.967153285	3.634183673	3.581598388	5	4	2016	1
AN_VVM_004	17133	7	176535.640625	240775.359375	8718.2998046875	0.481418787756433	0.054216	0.0399	1	ANTHGS0196	2.132152589	3.63	3.967153285	3.634183673	3.581598388	5	4	2016	1
AN_VVM_004	17182	3	176535.640625	240775.359375	8718.2998046875	0.72212818163465	0.185238	0.0203	1	ANTHGS0196	2.132152589	3.63	3.967153285	3.634183673	3.581598388	5	4	2017	1
AN_VVM_004	17182	7	176535.640625	240775.359375	8718.2998046875	0.72212818163465	0.185238	0.0203	1	ANTHGS0196	2.132152589	3.63	3.967153285	3.634183673	3.581598388	5	4	2017	1
AN_VVM_004	17203	3	176535.640625	240775.359375	8718.2998046875	0.217414936406131	0.072288	0.02	1	ANTHGS0196	2.132152589	3.63	3.967153285	3.634183673	3.581598388	5	4	2017	1
AN_VVM_004	17203	7	176535.640625	240775.359375	8718.2998046875	0.217414936406131	0.072288	0.02	1	ANTHGS0196	2.132152589	3.63	3.967153285	3.634183673	3.581598388	5	4	2017	1
AN_VVM_004	17231	3	176535.640625	240775.359375	8718.2998046875	0.0388240957868091	0.300447	0.0224	1	ANTHGS0196	2.132152589	3.63	3.967153285	3.634183673	3.581598388	5	4	2017	1
AN_VVM_004	17231	7	176535.640625	240775.359375	8718.2998046875	0.0388240957868091	0.300447	0.0224	1	ANTHGS0196	2.132152589	3.63	3.967153285	3.634183673	3.581598388	5	4	2017	1
AN_VVM_004	17274	3	176535.640625	240775.359375	8718.2998046875	0.0388240957868091	0.033885	0.022	1	ANTHGS0196	2.132152589	3.63	3.967153285	3.634183673	3.581598388	5	4	2017	1
AN_VVM_004	17274	7	176535.640625	240775.359375	8718.2998046875	0.0388240957868091	0.033885	0.022	1	ANTHGS0196	2.132152589	3.63	3.967153285	3.634183673	3.581598388	5	4	2017	1
AN_VVM_004	17316	3	176535.640625	240775.359375	8718.2998046875	0.100942649045704	0.103914	0.077	1	ANTHGS0196	2.132152589	3.63	3.967153285	3.634183673	3.581598388	5	4	2017	1
AN_VVM_004	17316	7	176535.640625	240775.359375	8718.2998046875	0.100942649045704	0.103914	0.077	1	ANTHGS0196	2.132152589	3.63	3.967153285	3.634183673	3.581598388	5	4	2017	1
AN_RAV_004	17694	3	197218.609375	229494.015625	10270.66015625	1.95673442765518	0.164907	0.0368	1	ANTRAV0296	2	3.637362637	2.5	3.160300926	3.238073394	5	2	2018	1
AN_RAV_004	17694	7	197218.609375	229494.015625	10270.66015625	1.95673442765518	0.164907	0.0368	1	ANTRAV0296	2	3.637362637	2.5	3.160300926	3.238073394	5	2	2018	1
AN_RAV_004	17883	3	197218.609375	229494.015625	10270.66015625	1.29672479927942	6.594021	0.02	1	ANTRAV0296	2	3.637362637	2.5	3.160300926	3.238073394	5	2	2018	1
AN_RAV_004	17883	7	197218.609375	229494.015625	10270.66015625	1.29672479927942	6.594021	0.02	1	ANTRAV0296	2	3.637362637	2.5	3.160300926	3.238073394	5	2	2018	1
AN_BAS_001	17336	6	207029.21875	204705.8125	25126.517578125	0.0388240957868091	0.058734	0.086	1	ANTBAL0595	2.670182841	3.640625	3.696480938	3.649417853	3.261107314	5	2	2017	1
AN_BAS_001	17372	6	207029.21875	204705.8125	25126.517578125	0.0621185532588946	0.036144	0.136	1	ANTBAL0595	2.670182841	3.640625	3.696480938	3.649417853	3.261107314	5	2	2017	1
AN_BAS_001	17399	6	207029.21875	204705.8125	25126.517578125	0.0621185532588946	0.083583	0.121	1	ANTBAL0595	2.670182841	3.640625	3.696480938	3.649417853	3.261107314	5	2	2017	1
AN_BAS_001	17434	6	207029.21875	204705.8125	25126.517578125	0.0388240957868091	0.031626	0.054	1	ANTBAL0595	2.670182841	3.640625	3.696480938	3.649417853	3.261107314	5	2	2017	1
AN_BAS_001	17448	6	207029.21875	204705.8125	25126.517578125	0.0465889149441709	0.065511	0.1401	1	ANTBAL0595	2.670182841	3.640625	3.696480938	3.649417853	3.261107314	5	2	2017	1
AN_BAS_001	17490	6	207029.21875	204705.8125	25126.517578125	0.194120478934046	0.06777	0.0776	1	ANTBAL0595	2.670182841	3.640625	3.696480938	3.649417853	3.261107314	5	2	2017	1
AN_BAS_001	17533	6	207029.21875	204705.8125	25126.517578125	0.396005777025453	0.099396	0.0508	1	ANTBAL0595	2.670182841	3.640625	3.696480938	3.649417853	3.261107314	5	2	2018	1
AN_BAS_001	17560	6	207029.21875	204705.8125	25126.517578125	0.232944574720855	0.155871	0.084	1	ANTBAL0595	2.670182841	3.640625	3.696480938	3.649417853	3.261107314	5	2	2018	1
AN_BAS_001	17602	6	207029.21875	204705.8125	25126.517578125	0.0388240957868091	0.040662	0.087	1	ANTBAL0595	2.670182841	3.640625	3.696480938	3.649417853	3.261107314	5	2	2018	1
AN_BAS_001	17624	6	207029.21875	204705.8125	25126.517578125	0.0388240957868091	0.029367	0.043	1	ANTBAL0595	2.670182841	3.640625	3.696480938	3.649417853	3.261107314	5	2	2018	1
AN_BAS_001	17673	6	207029.21875	204705.8125	25126.517578125	0.108707468203066	0.09036	0.0911	1	ANTBAL0595	2.670182841	3.640625	3.696480938	3.649417853	3.261107314	5	2	2018	1
LI_THD_004	17343	3	224181.203125	190939.609375	4851.18115234375	0.0465889149441709	0.06777	0.02	1	LIMHHE0330	2.437694704	3.643478261	3.487723214	3.640996602	2.101152369	5	4	2017	1
LI_THD_004	17371	3	224181.203125	190939.609375	4851.18115234375	0.0465889149441709	0.063252	0.02	1	LIMHHE0330	2.437694704	3.643478261	3.487723214	3.640996602	2.101152369	5	4	2017	1
LI_THD_004	17385	3	224181.203125	190939.609375	4851.18115234375	0.0698833724162564	0.058734	0.02	1	LIMHHE0330	2.437694704	3.643478261	3.487723214	3.640996602	2.101152369	5	4	2017	1
LI_THD_004	17413	3	224181.203125	190939.609375	4851.18115234375	0.0388240957868091	0.058734	0.02	1	LIMHHE0330	2.437694704	3.643478261	3.487723214	3.640996602	2.101152369	5	4	2017	1
LI_THD_004	17441	3	224181.203125	190939.609375	4851.18115234375	0.0854130107309801	0.108432	0.02	1	LIMHHE0330	2.437694704	3.643478261	3.487723214	3.640996602	2.101152369	5	4	2017	1
LI_THD_004	17476	3	224181.203125	190939.609375	4851.18115234375	0.0698833724162564	0.065511	0.02	1	LIMHHE0330	2.437694704	3.643478261	3.487723214	3.640996602	2.101152369	5	4	2017	1
LI_THD_004	17539	3	224181.203125	190939.609375	4851.18115234375	0.0388240957868091	0.040662	0.02	1	LIMHHE0330	2.437694704	3.643478261	3.487723214	3.640996602	2.101152369	5	4	2018	1
LI_THD_004	17574	3	224181.203125	190939.609375	4851.18115234375	0.116472287360427	0.031626	0.02	1	LIMHHE0330	2.437694704	3.643478261	3.487723214	3.640996602	2.101152369	5	4	2018	1
LI_THD_004	17595	3	224181.203125	190939.609375	4851.18115234375	0.0388240957868091	0.076806	0.02	1	LIMHHE0330	2.437694704	3.643478261	3.487723214	3.640996602	2.101152369	5	4	2018	1
LI_THD_004	17637	3	224181.203125	190939.609375	4851.18115234375	0.0388240957868091	0.063252	0.02	1	LIMHHE0330	2.437694704	3.643478261	3.487723214	3.640996602	2.101152369	5	4	2018	1
LI_THD_004	17665	3	224181.203125	190939.609375	4851.18115234375	0.0388240957868091	0.051957	0.02	1	LIMHHE0330	2.437694704	3.643478261	3.487723214	3.640996602	2.101152369	5	4	2018	1
AN_KDN_002	16609	3	179506.109375	215010.375	2284.9541015625	0.388240957868091	0.02259	0.1466	1	ANTLIL0362	2.784132841	3.646	2.830188679	2.829283887	2.847900895	5	2	2015	1
AN_KDN_002	16609	5	179506.109375	215010.375	2284.9541015625	0.388240957868091	0.02259	0.1466	1	ANTLIL0362	2.784132841	3.646	2.830188679	2.829283887	2.847900895	5	2	2015	1
AN_KDN_002	16631	3	179506.109375	215010.375	2284.9541015625	0.0388240957868091	0.029367	0.053	1	ANTLIL0362	2.784132841	3.646	2.830188679	2.829283887	2.847900895	5	2	2015	1
AN_KDN_002	16631	5	179506.109375	215010.375	2284.9541015625	0.0388240957868091	0.029367	0.053	1	ANTLIL0362	2.784132841	3.646	2.830188679	2.829283887	2.847900895	5	2	2015	1
AN_KDN_002	16665	3	179506.109375	215010.375	2284.9541015625	0.597891075116861	0.040662	0.0543	1	ANTLIL0362	2.784132841	3.646	2.830188679	2.829283887	2.847900895	5	2	2015	1
AN_KDN_002	16665	5	179506.109375	215010.375	2284.9541015625	0.597891075116861	0.040662	0.0543	1	ANTLIL0362	2.784132841	3.646	2.830188679	2.829283887	2.847900895	5	2	2015	1
AN_KDN_002	16693	3	179506.109375	215010.375	2284.9541015625	0.0931778298883419	0.02259	0.0711	1	ANTLIL0362	2.784132841	3.646	2.830188679	2.829283887	2.847900895	5	2	2015	1
AN_KDN_002	16693	5	179506.109375	215010.375	2284.9541015625	0.0931778298883419	0.02259	0.0711	1	ANTLIL0362	2.784132841	3.646	2.830188679	2.829283887	2.847900895	5	2	2015	1
AN_KDN_002	16728	3	179506.109375	215010.375	2284.9541015625	0.0388240957868091	0.02259	0.02	1	ANTLIL0362	2.784132841	3.646	2.830188679	2.829283887	2.847900895	5	2	2015	1
AN_KDN_002	16728	5	179506.109375	215010.375	2284.9541015625	0.0388240957868091	0.02259	0.02	1	ANTLIL0362	2.784132841	3.646	2.830188679	2.829283887	2.847900895	5	2	2015	1
AN_KDN_002	16756	3	179506.109375	215010.375	2284.9541015625	0.0543537341015328	0.031626	0.024	1	ANTLIL0362	2.784132841	3.646	2.830188679	2.829283887	2.847900895	5	2	2015	1
AN_KDN_002	16756	5	179506.109375	215010.375	2284.9541015625	0.0543537341015328	0.031626	0.024	1	ANTLIL0362	2.784132841	3.646	2.830188679	2.829283887	2.847900895	5	2	2015	1
AN_KDN_002	16784	3	179506.109375	215010.375	2284.9541015625	0.100942649045704	0.024849	0.02	1	ANTLIL0362	2.784132841	3.646	2.830188679	2.829283887	2.847900895	5	2	2015	1
AN_KDN_002	16784	5	179506.109375	215010.375	2284.9541015625	0.100942649045704	0.024849	0.02	1	ANTLIL0362	2.784132841	3.646	2.830188679	2.829283887	2.847900895	5	2	2015	1
AN_KDN_002	16825	3	179506.109375	215010.375	2284.9541015625	0.0388240957868091	0.201051	0.02	1	ANTLIL0362	2.784132841	3.646	2.830188679	2.829283887	2.847900895	5	2	2016	1
AN_KDN_002	16825	5	179506.109375	215010.375	2284.9541015625	0.0388240957868091	0.201051	0.02	1	ANTLIL0362	2.784132841	3.646	2.830188679	2.829283887	2.847900895	5	2	2016	1
AN_KDN_002	16854	3	179506.109375	215010.375	2284.9541015625	0.0388240957868091	0.027108	0.02	1	ANTLIL0362	2.784132841	3.646	2.830188679	2.829283887	2.847900895	5	2	2016	1
AN_KDN_002	16854	5	179506.109375	215010.375	2284.9541015625	0.0388240957868091	0.027108	0.02	1	ANTLIL0362	2.784132841	3.646	2.830188679	2.829283887	2.847900895	5	2	2016	1
AN_KDN_002	16895	3	179506.109375	215010.375	2284.9541015625	0.0388240957868091	0.058734	0.02	1	ANTLIL0362	2.784132841	3.646	2.830188679	2.829283887	2.847900895	5	2	2016	1
AN_KDN_002	16895	5	179506.109375	215010.375	2284.9541015625	0.0388240957868091	0.058734	0.02	1	ANTLIL0362	2.784132841	3.646	2.830188679	2.829283887	2.847900895	5	2	2016	1
AN_KDN_002	16917	3	179506.109375	215010.375	2284.9541015625	0.0388240957868091	0.02259	0.0316	1	ANTLIL0362	2.784132841	3.646	2.830188679	2.829283887	2.847900895	5	2	2016	1
AN_KDN_002	16917	5	179506.109375	215010.375	2284.9541015625	0.0388240957868091	0.02259	0.0316	1	ANTLIL0362	2.784132841	3.646	2.830188679	2.829283887	2.847900895	5	2	2016	1
AN_KDN_002	16945	3	179506.109375	215010.375	2284.9541015625	0.0543537341015328	0.02259	0.0255	1	ANTLIL0362	2.784132841	3.646	2.830188679	2.829283887	2.847900895	5	2	2016	1
AN_KDN_002	16945	5	179506.109375	215010.375	2284.9541015625	0.0543537341015328	0.02259	0.0255	1	ANTLIL0362	2.784132841	3.646	2.830188679	2.829283887	2.847900895	5	2	2016	1
LI_THD_003	16951	3	223533.234375	190341.046875	13856.1279296875	0.0388240957868091	0.759024	0.0301	1	LIMHHE0315	2.293157076	3.64957265	3.603794643	4.189718482	3.464661654	5	4	2016	1
LI_THD_003	16979	3	223533.234375	190341.046875	13856.1279296875	0.0388240957868091	0.02259	0.0314	1	LIMHHE0315	2.293157076	3.64957265	3.603794643	4.189718482	3.464661654	5	4	2016	1
LI_THD_003	17021	3	223533.234375	190341.046875	13856.1279296875	0.0698833724162564	0.02259	0.02	1	LIMHHE0315	2.293157076	3.64957265	3.603794643	4.189718482	3.464661654	5	4	2016	1
LI_THD_003	17112	3	223533.234375	190341.046875	13856.1279296875	0.0543537341015328	0.029367	0.02	1	LIMHHE0315	2.293157076	3.64957265	3.603794643	4.189718482	3.464661654	5	4	2016	1
LI_THD_003	17140	3	223533.234375	190341.046875	13856.1279296875	0.116472287360427	0.085842	0.0268	1	LIMHHE0315	2.293157076	3.64957265	3.603794643	4.189718482	3.464661654	5	4	2016	1
LI_THD_003	17183	3	223533.234375	190341.046875	13856.1279296875	0.0854130107309801	0.117468	0.0435	1	LIMHHE0315	2.293157076	3.64957265	3.603794643	4.189718482	3.464661654	5	4	2017	1
LI_THD_003	17211	3	223533.234375	190341.046875	13856.1279296875	0.0698833724162564	0.124245	0.02	1	LIMHHE0315	2.293157076	3.64957265	3.603794643	4.189718482	3.464661654	5	4	2017	1
LI_THD_003	17254	3	223533.234375	190341.046875	13856.1279296875	0.108707468203066	0.092619	0.02	1	LIMHHE0315	2.293157076	3.64957265	3.603794643	4.189718482	3.464661654	5	4	2017	1
LI_THD_003	17274	3	223533.234375	190341.046875	13856.1279296875	0.0543537341015328	0.072288	0.02	1	LIMHHE0315	2.293157076	3.64957265	3.603794643	4.189718482	3.464661654	5	4	2017	1
LI_THD_003	17294	3	223533.234375	190341.046875	13856.1279296875	0.116472287360427	0.101655	0.025	1	LIMHHE0315	2.293157076	3.64957265	3.603794643	4.189718482	3.464661654	5	4	2017	1
LI_MAA_003	17701	6	243248.578125	177841.796875	14454.1142578125	0.0388240957868091	0.029367	0.2542	1	LIMLNK0101	2	3.651162791	2.658088235	3.952818627	2.897768179	12	4	2018	1
LI_MAA_003	17742	6	243248.578125	177841.796875	14454.1142578125	0.0388240957868091	0.02259	2.4439	1	LIMLNK0101	2	3.651162791	2.658088235	3.952818627	2.897768179	12	4	2018	1
LI_MAA_003	17764	6	243248.578125	177841.796875	14454.1142578125	0.0388240957868091	0.085842	0.9525	1	LIMLNK0101	2	3.651162791	2.658088235	3.952818627	2.897768179	12	4	2018	1
LI_MAA_003	17784	6	243248.578125	177841.796875	14454.1142578125	0.0388240957868091	0.108432	1.4013	1	LIMLNK0101	2	3.651162791	2.658088235	3.952818627	2.897768179	12	4	2018	1
LI_MAA_003	17875	6	243248.578125	177841.796875	14454.1142578125	0.100942649045704	0.02259	0.3486	1	LIMLNK0101	2	3.651162791	2.658088235	3.952818627	2.897768179	12	4	2018	1
AN_GSV_004	16636	5	162719.6875	225033.875	986.634948730469	0.0465889149441709	0.036144	0.041	1	ANTBCT0252	1.842657343	3.662921348	2.58566108	3.76034713	2.54811119	5	2	2015	1
AN_GSV_004	16636	6	162719.6875	225033.875	986.634948730469	0.0465889149441709	0.036144	0.041	1	ANTBCT0252	1.842657343	3.662921348	2.58566108	3.76034713	2.54811119	5	2	2015	1
AN_GSV_004	16657	5	162719.6875	225033.875	986.634948730469	0.0388240957868091	0.038403	0.0267	1	ANTBCT0252	1.842657343	3.662921348	2.58566108	3.76034713	2.54811119	5	2	2015	1
AN_GSV_004	16657	6	162719.6875	225033.875	986.634948730469	0.0388240957868091	0.038403	0.0267	1	ANTBCT0252	1.842657343	3.662921348	2.58566108	3.76034713	2.54811119	5	2	2015	1
AN_GSV_004	16692	5	162719.6875	225033.875	986.634948730469	0.0465889149441709	0.038403	0.0252	1	ANTBCT0252	1.842657343	3.662921348	2.58566108	3.76034713	2.54811119	5	2	2015	1
AN_GSV_004	16692	6	162719.6875	225033.875	986.634948730469	0.0465889149441709	0.038403	0.0252	1	ANTBCT0252	1.842657343	3.662921348	2.58566108	3.76034713	2.54811119	5	2	2015	1
AN_GSV_004	16727	5	162719.6875	225033.875	986.634948730469	0.0621185532588946	0.070029	0.02	1	ANTBCT0252	1.842657343	3.662921348	2.58566108	3.76034713	2.54811119	5	2	2015	1
AN_GSV_004	16727	6	162719.6875	225033.875	986.634948730469	0.0621185532588946	0.070029	0.02	1	ANTBCT0252	1.842657343	3.662921348	2.58566108	3.76034713	2.54811119	5	2	2015	1
AN_GSV_004	16755	5	162719.6875	225033.875	986.634948730469	0.0388240957868091	0.036144	0.02	1	ANTBCT0252	1.842657343	3.662921348	2.58566108	3.76034713	2.54811119	5	2	2015	1
AN_GSV_004	16755	6	162719.6875	225033.875	986.634948730469	0.0388240957868091	0.036144	0.02	1	ANTBCT0252	1.842657343	3.662921348	2.58566108	3.76034713	2.54811119	5	2	2015	1
AN_GSV_004	16783	5	162719.6875	225033.875	986.634948730469	0.0388240957868091	0.042921	0.022	1	ANTBCT0252	1.842657343	3.662921348	2.58566108	3.76034713	2.54811119	5	2	2015	1
AN_GSV_004	16783	6	162719.6875	225033.875	986.634948730469	0.0388240957868091	0.042921	0.022	1	ANTBCT0252	1.842657343	3.662921348	2.58566108	3.76034713	2.54811119	5	2	2015	1
AN_GSV_004	16825	5	162719.6875	225033.875	986.634948730469	0.0465889149441709	0.630261	0.0205	1	ANTBCT0252	1.842657343	3.662921348	2.58566108	3.76034713	2.54811119	5	2	2016	1
AN_GSV_004	16825	6	162719.6875	225033.875	986.634948730469	0.0465889149441709	0.630261	0.0205	1	ANTBCT0252	1.842657343	3.662921348	2.58566108	3.76034713	2.54811119	5	2	2016	1
AN_GSV_004	16853	5	162719.6875	225033.875	986.634948730469	0.0388240957868091	0.033885	0.0349	1	ANTBCT0252	1.842657343	3.662921348	2.58566108	3.76034713	2.54811119	5	2	2016	1
AN_GSV_004	16853	6	162719.6875	225033.875	986.634948730469	0.0388240957868091	0.033885	0.0349	1	ANTBCT0252	1.842657343	3.662921348	2.58566108	3.76034713	2.54811119	5	2	2016	1
AN_GSV_004	16896	5	162719.6875	225033.875	986.634948730469	0.0388240957868091	0.24849	0.0286	1	ANTBCT0252	1.842657343	3.662921348	2.58566108	3.76034713	2.54811119	5	2	2016	1
AN_GSV_004	16896	6	162719.6875	225033.875	986.634948730469	0.0388240957868091	0.24849	0.0286	1	ANTBCT0252	1.842657343	3.662921348	2.58566108	3.76034713	2.54811119	5	2	2016	1
AN_GSV_004	16916	5	162719.6875	225033.875	986.634948730469	0.0388240957868091	0.02259	0.0471	1	ANTBCT0252	1.842657343	3.662921348	2.58566108	3.76034713	2.54811119	5	2	2016	1
AN_GSV_004	16916	6	162719.6875	225033.875	986.634948730469	0.0388240957868091	0.02259	0.0471	1	ANTBCT0252	1.842657343	3.662921348	2.58566108	3.76034713	2.54811119	5	2	2016	1
AN_GSV_004	16944	5	162719.6875	225033.875	986.634948730469	0.124237106517789	0.070029	0.0436	1	ANTBCT0252	1.842657343	3.662921348	2.58566108	3.76034713	2.54811119	5	2	2016	1
AN_GSV_004	16944	6	162719.6875	225033.875	986.634948730469	0.124237106517789	0.070029	0.0436	1	ANTBCT0252	1.842657343	3.662921348	2.58566108	3.76034713	2.54811119	5	2	2016	1
OV_MOL_002	16601	6	125650.84375	199335.875	828.397521972656	0.0465889149441709	0.04518	0.106	1	OVLLOK0354	2.591133005	3.670588235	3.556053812	3.662216288	3.471417966	3	4	2015	1
OV_MOL_002	16629	6	125650.84375	199335.875	828.397521972656	0.0931778298883419	0.027108	0.224	1	OVLLOK0354	2.591133005	3.670588235	3.556053812	3.662216288	3.471417966	3	4	2015	1
OV_MOL_002	16657	6	125650.84375	199335.875	828.397521972656	0.0388240957868091	0.027108	0.2347	1	OVLLOK0354	2.591133005	3.670588235	3.556053812	3.662216288	3.471417966	3	4	2015	1
OV_MOL_002	16685	6	125650.84375	199335.875	828.397521972656	0.0388240957868091	0.031626	0.0571	1	OVLLOK0354	2.591133005	3.670588235	3.556053812	3.662216288	3.471417966	3	4	2015	1
OV_MOL_002	16720	6	125650.84375	199335.875	828.397521972656	0.0232944574720855	0.02259	0.06	1	OVLLOK0354	2.591133005	3.670588235	3.556053812	3.662216288	3.471417966	3	4	2015	1
OV_MOL_002	16748	6	125650.84375	199335.875	828.397521972656	0.0388240957868091	0.02259	0.1085	1	OVLLOK0354	2.591133005	3.670588235	3.556053812	3.662216288	3.471417966	3	4	2015	1
OV_MOL_002	16776	6	125650.84375	199335.875	828.397521972656	0.0698833724162564	0.06777	0.161	1	OVLLOK0354	2.591133005	3.670588235	3.556053812	3.662216288	3.471417966	3	4	2015	1
OV_MOL_002	16811	6	125650.84375	199335.875	828.397521972656	0.0388240957868091	0.124245	0.29	1	OVLLOK0354	2.591133005	3.670588235	3.556053812	3.662216288	3.471417966	3	4	2016	1
OV_MOL_002	16839	6	125650.84375	199335.875	828.397521972656	0.132001925675151	0.230418	0.3767	1	OVLLOK0354	2.591133005	3.670588235	3.556053812	3.662216288	3.471417966	3	4	2016	1
OV_MOL_002	16867	6	125650.84375	199335.875	828.397521972656	0.147531563989875	0.133281	0.1548	1	OVLLOK0354	2.591133005	3.670588235	3.556053812	3.662216288	3.471417966	3	4	2016	1
OV_MOL_002	16903	6	125650.84375	199335.875	828.397521972656	0.0388240957868091	0.065511	0.1506	1	OVLLOK0354	2.591133005	3.670588235	3.556053812	3.662216288	3.471417966	3	4	2016	1
OV_MOL_002	16931	6	125650.84375	199335.875	828.397521972656	0.155296383147237	0.085842	0.136	1	OVLLOK0354	2.591133005	3.670588235	3.556053812	3.662216288	3.471417966	3	4	2016	1
OV_FON_002	17330	5	124827.3203125	207065.578125	4196.55029296875	0.0388240957868091	0.027108	0.0345	1	OVLSIN0269	2	3.672222222	3.481873112	3.897664835	3.445529677	3	1	2017	1
OV_FON_002	17350	5	124827.3203125	207065.578125	4196.55029296875	0.0465889149441709	0.031626	0.0375	1	OVLSIN0269	2	3.672222222	3.481873112	3.897664835	3.445529677	3	1	2017	1
OV_FON_002	17378	5	124827.3203125	207065.578125	4196.55029296875	0.0388240957868091	0.031626	0.02	1	OVLSIN0269	2	3.672222222	3.481873112	3.897664835	3.445529677	3	1	2017	1
OV_FON_002	17414	5	124827.3203125	207065.578125	4196.55029296875	0.0698833724162564	0.051957	0.02	1	OVLSIN0269	2	3.672222222	3.481873112	3.897664835	3.445529677	3	1	2017	1
OV_FON_002	17455	5	124827.3203125	207065.578125	4196.55029296875	0.0388240957868091	0.033885	0.02	1	OVLSIN0269	2	3.672222222	3.481873112	3.897664835	3.445529677	3	1	2017	1
OV_FON_002	17477	5	124827.3203125	207065.578125	4196.55029296875	0.163061202304598	0.101655	0.02	1	OVLSIN0269	2	3.672222222	3.481873112	3.897664835	3.445529677	3	1	2017	1
OV_FON_002	17505	5	124827.3203125	207065.578125	4196.55029296875	0.232944574720855	0.094878	0.02	1	OVLSIN0269	2	3.672222222	3.481873112	3.897664835	3.445529677	3	1	2017	1
OV_FON_002	17546	5	124827.3203125	207065.578125	4196.55029296875	0.279533489665026	0.070029	0.02	1	OVLSIN0269	2	3.672222222	3.481873112	3.897664835	3.445529677	3	1	2018	1
OV_FON_002	17568	5	124827.3203125	207065.578125	4196.55029296875	0.0698833724162564	0.675441	0.02	1	OVLSIN0269	2	3.672222222	3.481873112	3.897664835	3.445529677	3	1	2018	1
OV_FON_002	17582	5	124827.3203125	207065.578125	4196.55029296875	0.0465889149441709	0.092619	0.02	1	OVLSIN0269	2	3.672222222	3.481873112	3.897664835	3.445529677	3	1	2018	1
OV_FON_002	17617	5	124827.3203125	207065.578125	4196.55029296875	0.0388240957868091	0.047439	0.02	1	OVLSIN0269	2	3.672222222	3.481873112	3.897664835	3.445529677	3	1	2018	1
OV_FON_002	17665	5	124827.3203125	207065.578125	4196.55029296875	0.0388240957868091	0.047439	0.02	1	OVLSIN0269	2	3.672222222	3.481873112	3.897664835	3.445529677	3	1	2018	1
WV_HOS_001	17337	1	25943.890625	200463.015625	125.877487182617	0.0776481915736183	0.076806	0.025	1	WVLDEP0075	3.22826087	3.675	3.912820513	4.060287611	3.66939332	1	2	2017	1
WV_HOS_001	17372	1	25943.890625	200463.015625	125.877487182617	0.0698833724162564	0.038403	0.02	1	WVLDEP0075	3.22826087	3.675	3.912820513	4.060287611	3.66939332	1	2	2017	1
WV_HOS_001	17407	1	25943.890625	200463.015625	125.877487182617	0.0388240957868091	0.031626	0.02	1	WVLDEP0075	3.22826087	3.675	3.912820513	4.060287611	3.66939332	1	2	2017	1
WV_HOS_001	17441	1	25943.890625	200463.015625	125.877487182617	0.0621185532588946	0.070029	0.02	1	WVLDEP0075	3.22826087	3.675	3.912820513	4.060287611	3.66939332	1	2	2017	1
WV_HOS_001	17462	1	25943.890625	200463.015625	125.877487182617	0.0465889149441709	0.056475	0.02	1	WVLDEP0075	3.22826087	3.675	3.912820513	4.060287611	3.66939332	1	2	2017	1
WV_HOS_001	17490	1	25943.890625	200463.015625	125.877487182617	0.0388240957868091	0.033885	0.02	1	WVLDEP0075	3.22826087	3.675	3.912820513	4.060287611	3.66939332	1	2	2017	1
WV_HOS_001	17539	1	25943.890625	200463.015625	125.877487182617	0.0388240957868091	0.038403	0.02	1	WVLDEP0075	3.22826087	3.675	3.912820513	4.060287611	3.66939332	1	2	2018	1
WV_HOS_001	17567	1	25943.890625	200463.015625	125.877487182617	0.0388240957868091	0.074547	0.02	1	WVLDEP0075	3.22826087	3.675	3.912820513	4.060287611	3.66939332	1	2	2018	1
WV_HOS_001	17624	1	25943.890625	200463.015625	125.877487182617	0.0465889149441709	0.036144	0.022	1	WVLDEP0075	3.22826087	3.675	3.912820513	4.060287611	3.66939332	1	2	2018	1
WV_HOS_001	17638	1	25943.890625	200463.015625	125.877487182617	0.0388240957868091	0.042921	0.0305	1	WVLDEP0075	3.22826087	3.675	3.912820513	4.060287611	3.66939332	1	2	2018	1
WV_HOS_001	17673	1	25943.890625	200463.015625	125.877487182617	0.0621185532588946	0.049698	0.0434	1	WVLDEP0075	3.22826087	3.675	3.912820513	4.060287611	3.66939332	1	2	2018	1
WV_BUL_002	16958	3	75705.6796875	200526.421875	2194.59887695312	0.0388240957868091	0.214605	0.02	1	WVLBRN0148	2.555718475	3.677083333	4.009887006	3.890583554	3.686830015	4	2	2016	1
WV_BUL_002	16958	7	75705.6796875	200526.421875	2194.59887695312	0.0388240957868091	0.214605	0.02	1	WVLBRN0148	2.555718475	3.677083333	4.009887006	3.890583554	3.686830015	4	2	2016	1
WV_BUL_002	16987	3	75705.6796875	200526.421875	2194.59887695312	0.0388240957868091	0.02259	0.0302	1	WVLBRN0148	2.555718475	3.677083333	4.009887006	3.890583554	3.686830015	4	2	2016	1
WV_BUL_002	16987	7	75705.6796875	200526.421875	2194.59887695312	0.0388240957868091	0.02259	0.0302	1	WVLBRN0148	2.555718475	3.677083333	4.009887006	3.890583554	3.686830015	4	2	2016	1
WV_BUL_002	17022	3	75705.6796875	200526.421875	2194.59887695312	0.0621185532588946	0.02259	0.0276	1	WVLBRN0148	2.555718475	3.677083333	4.009887006	3.890583554	3.686830015	4	2	2016	1
WV_BUL_002	17022	7	75705.6796875	200526.421875	2194.59887695312	0.0621185532588946	0.02259	0.0276	1	WVLBRN0148	2.555718475	3.677083333	4.009887006	3.890583554	3.686830015	4	2	2016	1
WV_BUL_002	17063	3	75705.6796875	200526.421875	2194.59887695312	0.0388240957868091	0.02259	0.0488	1	WVLBRN0148	2.555718475	3.677083333	4.009887006	3.890583554	3.686830015	4	2	2016	1
WV_BUL_002	17063	7	75705.6796875	200526.421875	2194.59887695312	0.0388240957868091	0.02259	0.0488	1	WVLBRN0148	2.555718475	3.677083333	4.009887006	3.890583554	3.686830015	4	2	2016	1
WV_BUL_002	17085	3	75705.6796875	200526.421875	2194.59887695312	0.100942649045704	0.031626	0.1164	1	WVLBRN0148	2.555718475	3.677083333	4.009887006	3.890583554	3.686830015	4	2	2016	1
WV_BUL_002	17085	7	75705.6796875	200526.421875	2194.59887695312	0.100942649045704	0.031626	0.1164	1	WVLBRN0148	2.555718475	3.677083333	4.009887006	3.890583554	3.686830015	4	2	2016	1
WV_BUL_002	17113	3	75705.6796875	200526.421875	2194.59887695312	0.605655894274222	0.06777	0.0786	1	WVLBRN0148	2.555718475	3.677083333	4.009887006	3.890583554	3.686830015	4	2	2016	1
WV_BUL_002	17113	7	75705.6796875	200526.421875	2194.59887695312	0.605655894274222	0.06777	0.0786	1	WVLBRN0148	2.555718475	3.677083333	4.009887006	3.890583554	3.686830015	4	2	2016	1
WV_BUL_002	17134	3	75705.6796875	200526.421875	2194.59887695312	0.729893000792011	0.243972	0.0321	1	WVLBRN0148	2.555718475	3.677083333	4.009887006	3.890583554	3.686830015	4	2	2016	1
WV_BUL_002	17134	7	75705.6796875	200526.421875	2194.59887695312	0.729893000792011	0.243972	0.0321	1	WVLBRN0148	2.555718475	3.677083333	4.009887006	3.890583554	3.686830015	4	2	2016	1
WV_BUL_002	17169	3	75705.6796875	200526.421875	2194.59887695312	0.535772521857966	0.167166	0.0436	1	WVLBRN0148	2.555718475	3.677083333	4.009887006	3.890583554	3.686830015	4	2	2017	1
WV_BUL_002	17169	7	75705.6796875	200526.421875	2194.59887695312	0.535772521857966	0.167166	0.0436	1	WVLBRN0148	2.555718475	3.677083333	4.009887006	3.890583554	3.686830015	4	2	2017	1
WV_BUL_002	17211	3	75705.6796875	200526.421875	2194.59887695312	0.147531563989875	0.228159	0.0347	1	WVLBRN0148	2.555718475	3.677083333	4.009887006	3.890583554	3.686830015	4	2	2017	1
WV_BUL_002	17211	7	75705.6796875	200526.421875	2194.59887695312	0.147531563989875	0.228159	0.0347	1	WVLBRN0148	2.555718475	3.677083333	4.009887006	3.890583554	3.686830015	4	2	2017	1
WV_BUL_002	17239	3	75705.6796875	200526.421875	2194.59887695312	0.0698833724162564	0.194274	0.0303	1	WVLBRN0148	2.555718475	3.677083333	4.009887006	3.890583554	3.686830015	4	2	2017	1
WV_BUL_002	17239	7	75705.6796875	200526.421875	2194.59887695312	0.0698833724162564	0.194274	0.0303	1	WVLBRN0148	2.555718475	3.677083333	4.009887006	3.890583554	3.686830015	4	2	2017	1
WV_BUL_002	17260	3	75705.6796875	200526.421875	2194.59887695312	0.108707468203066	0.115209	0.0287	1	WVLBRN0148	2.555718475	3.677083333	4.009887006	3.890583554	3.686830015	4	2	2017	1
WV_BUL_002	17260	7	75705.6796875	200526.421875	2194.59887695312	0.108707468203066	0.115209	0.0287	1	WVLBRN0148	2.555718475	3.677083333	4.009887006	3.890583554	3.686830015	4	2	2017	1
WV_BUL_002	17302	3	75705.6796875	200526.421875	2194.59887695312	0.0776481915736183	0.101655	0.029	1	WVLBRN0148	2.555718475	3.677083333	4.009887006	3.890583554	3.686830015	4	2	2017	1
WV_BUL_002	17302	7	75705.6796875	200526.421875	2194.59887695312	0.0776481915736183	0.101655	0.029	1	WVLBRN0148	2.555718475	3.677083333	4.009887006	3.890583554	3.686830015	4	2	2017	1
LI_BBV_001	17420	3	236557.21875	192255.34375	899.419372558594	0.0465889149441709	0.065511	0.6189	1	LIMOPG0122	2.070866142	3.677290837	4.06097561	3.559474412	3.93388922	5	2	2017	1
LI_BBV_001	17448	3	236557.21875	192255.34375	899.419372558594	0.0698833724162564	0.088101	0.6419	1	LIMOPG0122	2.070866142	3.677290837	4.06097561	3.559474412	3.93388922	5	2	2017	1
LI_BBV_001	17476	3	236557.21875	192255.34375	899.419372558594	0.0388240957868091	0.036144	0.071	1	LIMOPG0122	2.070866142	3.677290837	4.06097561	3.559474412	3.93388922	5	2	2017	1
LI_BBV_001	17504	3	236557.21875	192255.34375	899.419372558594	0.0388240957868091	0.266562	0.0548	1	LIMOPG0122	2.070866142	3.677290837	4.06097561	3.559474412	3.93388922	5	2	2017	1
LI_BBV_001	17533	3	236557.21875	192255.34375	899.419372558594	0.139766744832513	1.777833	0.86	1	LIMOPG0122	2.070866142	3.677290837	4.06097561	3.559474412	3.93388922	5	2	2018	1
LI_BBV_001	17560	3	236557.21875	192255.34375	899.419372558594	0.0388240957868091	0.327555	0.139	1	LIMOPG0122	2.070866142	3.677290837	4.06097561	3.559474412	3.93388922	5	2	2018	1
LI_BBV_001	17595	3	236557.21875	192255.34375	899.419372558594	0.364946500396006	0.415656	0.327	1	LIMOPG0122	2.070866142	3.677290837	4.06097561	3.559474412	3.93388922	5	2	2018	1
LI_BBV_001	17624	3	236557.21875	192255.34375	899.419372558594	0.0465889149441709	0.042921	0.091	1	LIMOPG0122	2.070866142	3.677290837	4.06097561	3.559474412	3.93388922	5	2	2018	1
LI_BBV_001	17665	3	236557.21875	192255.34375	899.419372558594	0.0388240957868091	0.024849	0.6862	1	LIMOPG0122	2.070866142	3.677290837	4.06097561	3.559474412	3.93388922	5	2	2018	1
VB_ABH_009	17700	3	193264.515625	191265.75	3457.37231445312	0.0543537341015328	0.06777	0.0849	1	VBRSZI0333	2.93768546	3.68	3.601626016	3.789509537	3.520849128	5	2	2018	1
VB_ABH_009	17743	3	193264.515625	191265.75	3457.37231445312	0.0388240957868091	0.033885	0.1066	1	VBRSZI0333	2.93768546	3.68	3.601626016	3.789509537	3.520849128	5	2	2018	1
VB_ABH_009	17770	3	193264.515625	191265.75	3457.37231445312	0.0388240957868091	0.038403	0.2462	1	VBRSZI0333	2.93768546	3.68	3.601626016	3.789509537	3.520849128	5	2	2018	1
VB_ABH_009	17798	3	193264.515625	191265.75	3457.37231445312	2.33721056636591	0.070029	0.4837	1	VBRSZI0333	2.93768546	3.68	3.601626016	3.789509537	3.520849128	5	2	2018	1
VB_ABH_009	17876	3	193264.515625	191265.75	3457.37231445312	1.71602503377696	0.042921	0.0858	1	VBRSZI0333	2.93768546	3.68	3.601626016	3.789509537	3.520849128	5	2	2018	1
WV_WES_007	17700	1	23183.142578125	198201.25	127.996109008789	0.0465889149441709	0.031626	0.0655	1	WVLDEP0065	1.261904762	3.688034188	4.150914634	4.275429326	3.753063725	1	2	2018	1
WV_WES_007	17715	1	23183.142578125	198201.25	127.996109008789	0.0698833724162564	0.056475	0.0291	1	WVLDEP0065	1.261904762	3.688034188	4.150914634	4.275429326	3.753063725	1	2	2018	1
WV_WES_007	17764	1	23183.142578125	198201.25	127.996109008789	0.155296383147237	0.049698	0.0586	1	WVLDEP0065	1.261904762	3.688034188	4.150914634	4.275429326	3.753063725	1	2	2018	1
WV_WES_007	17785	1	23183.142578125	198201.25	127.996109008789	0.0776481915736183	0.033885	0.0599	1	WVLDEP0065	1.261904762	3.688034188	4.150914634	4.275429326	3.753063725	1	2	2018	1
WV_WES_007	17861	1	23183.142578125	198201.25	127.996109008789	5.22572329290451	0.047439	0.4538	1	WVLDEP0065	1.261904762	3.688034188	4.150914634	4.275429326	3.753063725	1	2	2018	1
WV_WES_007	17876	1	23183.142578125	198201.25	127.996109008789	1.04048576708648	0.239454	0.0963	1	WVLDEP0065	1.261904762	3.688034188	4.150914634	4.275429326	3.753063725	1	2	2018	1
LI_VOB_002	17701	3	241097.34375	185272.421875	529.077819824219	0.0931778298883419	0.140058	0.0751	1	LIMMSM0167	2.336538462	3.688172043	4.008883249	3.868925831	3.13080772	5	2	2018	1
LI_VOB_002	17701	7	241097.34375	185272.421875	529.077819824219	0.0931778298883419	0.140058	0.0751	1	LIMMSM0167	2.336538462	3.688172043	4.008883249	3.868925831	3.13080772	5	2	2018	1
LI_VOB_002	17875	3	241097.34375	185272.421875	529.077819824219	0.139766744832513	0.06777	0.0655	1	LIMMSM0167	2.336538462	3.688172043	4.008883249	3.868925831	3.13080772	5	2	2018	1
LI_VOB_002	17875	7	241097.34375	185272.421875	529.077819824219	0.139766744832513	0.06777	0.0655	1	LIMMSM0167	2.336538462	3.688172043	4.008883249	3.868925831	3.13080772	5	2	2018	1
WV_LEP_003	17701	1	34738.79296875	204460.8125	1372.38110351562	0.116472287360427	0.024849	0.0446	1	WVLNWP0009	2.314685315	3.689795918	4.528225806	4.112811791	3.701991008	1	2	2018	1
WV_LEP_003	17721	1	34738.79296875	204460.8125	1372.38110351562	0.163061202304598	0.031626	0.0516	1	WVLNWP0009	2.314685315	3.689795918	4.528225806	4.112811791	3.701991008	1	2	2018	1
WV_LEP_003	17763	1	34738.79296875	204460.8125	1372.38110351562	0.0698833724162564	0.038403	0.0275	1	WVLNWP0009	2.314685315	3.689795918	4.528225806	4.112811791	3.701991008	1	2	2018	1
WV_LEP_003	17777	1	34738.79296875	204460.8125	1372.38110351562	0.0698833724162564	0.060993	0.0264	1	WVLNWP0009	2.314685315	3.689795918	4.528225806	4.112811791	3.701991008	1	2	2018	1
WV_LEP_003	17820	1	34738.79296875	204460.8125	1372.38110351562	0.209650117248769	0.115209	0.0377	1	WVLNWP0009	2.314685315	3.689795918	4.528225806	4.112811791	3.701991008	1	2	2018	1
WV_LEP_003	17862	1	34738.79296875	204460.8125	1372.38110351562	1.85579177860948	0.537642	0.0228	1	WVLNWP0009	2.314685315	3.689795918	4.528225806	4.112811791	3.701991008	1	2	2018	1
WV_LEP_003	17876	1	34738.79296875	204460.8125	1372.38110351562	1.27343034180734	1.165644	0.0232	1	WVLNWP0009	2.314685315	3.689795918	4.528225806	4.112811791	3.701991008	1	2	2018	1
AN_BLA_003	16608	3	181020.265625	224966.40625	41947.8515625	0.0543537341015328	0.370476	0.02	1	ANTBSE0338	2.499714122	3.697841727	3.363896848	3.516733601	3.420694864	5	2	2015	1
AN_BLA_003	16608	4	181020.265625	224966.40625	41947.8515625	0.0543537341015328	0.370476	0.02	1	ANTBSE0338	2.499714122	3.697841727	3.363896848	3.516733601	3.420694864	5	2	2015	1
AN_BLA_003	16629	3	181020.265625	224966.40625	41947.8515625	0.116472287360427	0.345627	0.116	1	ANTBSE0338	2.499714122	3.697841727	3.363896848	3.516733601	3.420694864	5	2	2015	1
AN_BLA_003	16629	4	181020.265625	224966.40625	41947.8515625	0.116472287360427	0.345627	0.116	1	ANTBSE0338	2.499714122	3.697841727	3.363896848	3.516733601	3.420694864	5	2	2015	1
AN_BLA_003	16664	3	181020.265625	224966.40625	41947.8515625	0.0388240957868091	0.318519	0.02	1	ANTBSE0338	2.499714122	3.697841727	3.363896848	3.516733601	3.420694864	5	2	2015	1
AN_BLA_003	16664	4	181020.265625	224966.40625	41947.8515625	0.0388240957868091	0.318519	0.02	1	ANTBSE0338	2.499714122	3.697841727	3.363896848	3.516733601	3.420694864	5	2	2015	1
AN_BLA_003	16685	3	181020.265625	224966.40625	41947.8515625	0.0388240957868091	0.350145	0.02	1	ANTBSE0338	2.499714122	3.697841727	3.363896848	3.516733601	3.420694864	5	2	2015	1
AN_BLA_003	16685	4	181020.265625	224966.40625	41947.8515625	0.0388240957868091	0.350145	0.02	1	ANTBSE0338	2.499714122	3.697841727	3.363896848	3.516733601	3.420694864	5	2	2015	1
AN_BLA_003	16720	3	181020.265625	224966.40625	41947.8515625	0.0194120478934046	0.325296	0.02	1	ANTBSE0338	2.499714122	3.697841727	3.363896848	3.516733601	3.420694864	5	2	2015	1
AN_BLA_003	16720	4	181020.265625	224966.40625	41947.8515625	0.0194120478934046	0.325296	0.02	1	ANTBSE0338	2.499714122	3.697841727	3.363896848	3.516733601	3.420694864	5	2	2015	1
AN_BLA_003	16748	3	181020.265625	224966.40625	41947.8515625	0.0388240957868091	0.318519	0.0237	1	ANTBSE0338	2.499714122	3.697841727	3.363896848	3.516733601	3.420694864	5	2	2015	1
AN_BLA_003	16748	4	181020.265625	224966.40625	41947.8515625	0.0388240957868091	0.318519	0.0237	1	ANTBSE0338	2.499714122	3.697841727	3.363896848	3.516733601	3.420694864	5	2	2015	1
AN_BLA_003	16777	3	181020.265625	224966.40625	41947.8515625	0.0388240957868091	0.314001	0.02	1	ANTBSE0338	2.499714122	3.697841727	3.363896848	3.516733601	3.420694864	5	2	2015	1
AN_BLA_003	16777	4	181020.265625	224966.40625	41947.8515625	0.0388240957868091	0.314001	0.02	1	ANTBSE0338	2.499714122	3.697841727	3.363896848	3.516733601	3.420694864	5	2	2015	1
AN_BLA_003	16819	3	181020.265625	224966.40625	41947.8515625	0.0388240957868091	1.045917	0.02	1	ANTBSE0338	2.499714122	3.697841727	3.363896848	3.516733601	3.420694864	5	2	2016	1
AN_BLA_003	16819	4	181020.265625	224966.40625	41947.8515625	0.0388240957868091	1.045917	0.02	1	ANTBSE0338	2.499714122	3.697841727	3.363896848	3.516733601	3.420694864	5	2	2016	1
AN_BLA_003	16846	3	181020.265625	224966.40625	41947.8515625	0.0388240957868091	0.440505	0.02	1	ANTBSE0338	2.499714122	3.697841727	3.363896848	3.516733601	3.420694864	5	2	2016	1
AN_BLA_003	16846	4	181020.265625	224966.40625	41947.8515625	0.0388240957868091	0.440505	0.02	1	ANTBSE0338	2.499714122	3.697841727	3.363896848	3.516733601	3.420694864	5	2	2016	1
AN_BLA_003	16874	3	181020.265625	224966.40625	41947.8515625	0.0388240957868091	0.58734	0.02	1	ANTBSE0338	2.499714122	3.697841727	3.363896848	3.516733601	3.420694864	5	2	2016	1
AN_BLA_003	16874	4	181020.265625	224966.40625	41947.8515625	0.0388240957868091	0.58734	0.02	1	ANTBSE0338	2.499714122	3.697841727	3.363896848	3.516733601	3.420694864	5	2	2016	1
AN_BLA_003	16909	3	181020.265625	224966.40625	41947.8515625	0.0388240957868091	0.517311	0.02	1	ANTBSE0338	2.499714122	3.697841727	3.363896848	3.516733601	3.420694864	5	2	2016	1
AN_BLA_003	16909	4	181020.265625	224966.40625	41947.8515625	0.0388240957868091	0.517311	0.02	1	ANTBSE0338	2.499714122	3.697841727	3.363896848	3.516733601	3.420694864	5	2	2016	1
AN_BLA_003	16938	3	181020.265625	224966.40625	41947.8515625	0.0543537341015328	0.580563	0.02	1	ANTBSE0338	2.499714122	3.697841727	3.363896848	3.516733601	3.420694864	5	2	2016	1
AN_BLA_003	16938	4	181020.265625	224966.40625	41947.8515625	0.0543537341015328	0.580563	0.02	1	ANTBSE0338	2.499714122	3.697841727	3.363896848	3.516733601	3.420694864	5	2	2016	1
WV_NOD_010	17441	1	28494.677734375	200246.90625	1900.87731933594	0.0698833724162564	0.072288	0.02	1	WVLKOK0028	1.381642512	3.698924731	4.026041667	4.071428571	3.814786585	1	2	2017	1
WV_NOD_010	17462	1	28494.677734375	200246.90625	1900.87731933594	0.0543537341015328	0.070029	0.02	1	WVLKOK0028	1.381642512	3.698924731	4.026041667	4.071428571	3.814786585	1	2	2017	1
WV_NOD_010	17490	1	28494.677734375	200246.90625	1900.87731933594	0.0388240957868091	0.029367	0.02	1	WVLKOK0028	1.381642512	3.698924731	4.026041667	4.071428571	3.814786585	1	2	2017	1
WV_NOD_010	17539	1	28494.677734375	200246.90625	1900.87731933594	0.0388240957868091	0.033885	0.02	1	WVLKOK0028	1.381642512	3.698924731	4.026041667	4.071428571	3.814786585	1	2	2018	1
WV_NOD_010	17567	1	28494.677734375	200246.90625	1900.87731933594	0.0388240957868091	0.029367	0.02	1	WVLKOK0028	1.381642512	3.698924731	4.026041667	4.071428571	3.814786585	1	2	2018	1
WV_NOD_010	17624	1	28494.677734375	200246.90625	1900.87731933594	0.0388240957868091	0.115209	0.02	1	WVLKOK0028	1.381642512	3.698924731	4.026041667	4.071428571	3.814786585	1	2	2018	1
WV_NOD_010	17638	1	28494.677734375	200246.90625	1900.87731933594	0.0388240957868091	0.036144	0.02	1	WVLKOK0028	1.381642512	3.698924731	4.026041667	4.071428571	3.814786585	1	2	2018	1
WV_NOD_010	17673	1	28494.677734375	200246.90625	1900.87731933594	0.0698833724162564	0.09036	0.0247	1	WVLKOK0028	1.381642512	3.698924731	4.026041667	4.071428571	3.814786585	1	2	2018	1
AN_GIE_001	16958	3	186024.125	219497.65625	73635.5390625	0.0388240957868091	0.121986	0.02	1	ANTLIL0415	2.936772047	3.698979592	3.089775561	3.642996109	3.340892984	5	2	2016	1
AN_GIE_001	16958	4	186024.125	219497.65625	73635.5390625	0.0388240957868091	0.121986	0.02	1	ANTLIL0415	2.936772047	3.698979592	3.089775561	3.642996109	3.340892984	5	2	2016	1
AN_GIE_001	16986	3	186024.125	219497.65625	73635.5390625	0.0388240957868091	0.02259	0.02	1	ANTLIL0415	2.936772047	3.698979592	3.089775561	3.642996109	3.340892984	5	2	2016	1
AN_GIE_001	16986	4	186024.125	219497.65625	73635.5390625	0.0388240957868091	0.02259	0.02	1	ANTLIL0415	2.936772047	3.698979592	3.089775561	3.642996109	3.340892984	5	2	2016	1
AN_GIE_001	17029	3	186024.125	219497.65625	73635.5390625	0.0388240957868091	0.027108	0.02	1	ANTLIL0415	2.936772047	3.698979592	3.089775561	3.642996109	3.340892984	5	2	2016	1
AN_GIE_001	17029	4	186024.125	219497.65625	73635.5390625	0.0388240957868091	0.027108	0.02	1	ANTLIL0415	2.936772047	3.698979592	3.089775561	3.642996109	3.340892984	5	2	2016	1
AN_GIE_001	17057	3	186024.125	219497.65625	73635.5390625	0.0388240957868091	0.02259	0.02	1	ANTLIL0415	2.936772047	3.698979592	3.089775561	3.642996109	3.340892984	5	2	2016	1
AN_GIE_001	17057	4	186024.125	219497.65625	73635.5390625	0.0388240957868091	0.02259	0.02	1	ANTLIL0415	2.936772047	3.698979592	3.089775561	3.642996109	3.340892984	5	2	2016	1
AN_GIE_001	17091	3	186024.125	219497.65625	73635.5390625	0.0388240957868091	0.040662	0.02	1	ANTLIL0415	2.936772047	3.698979592	3.089775561	3.642996109	3.340892984	5	2	2016	1
AN_GIE_001	17091	4	186024.125	219497.65625	73635.5390625	0.0388240957868091	0.040662	0.02	1	ANTLIL0415	2.936772047	3.698979592	3.089775561	3.642996109	3.340892984	5	2	2016	1
AN_GIE_001	17112	3	186024.125	219497.65625	73635.5390625	0.0854130107309801	0.024849	0.02	1	ANTLIL0415	2.936772047	3.698979592	3.089775561	3.642996109	3.340892984	5	2	2016	1
AN_GIE_001	17112	4	186024.125	219497.65625	73635.5390625	0.0854130107309801	0.024849	0.02	1	ANTLIL0415	2.936772047	3.698979592	3.089775561	3.642996109	3.340892984	5	2	2016	1
AN_GIE_001	17134	3	186024.125	219497.65625	73635.5390625	0.108707468203066	0.085842	0.02	1	ANTLIL0415	2.936772047	3.698979592	3.089775561	3.642996109	3.340892984	5	2	2016	1
AN_GIE_001	17134	4	186024.125	219497.65625	73635.5390625	0.108707468203066	0.085842	0.02	1	ANTLIL0415	2.936772047	3.698979592	3.089775561	3.642996109	3.340892984	5	2	2016	1
AN_GIE_001	17182	3	186024.125	219497.65625	73635.5390625	0.155296383147237	0.185238	0.02	1	ANTLIL0415	2.936772047	3.698979592	3.089775561	3.642996109	3.340892984	5	2	2017	1
AN_GIE_001	17182	4	186024.125	219497.65625	73635.5390625	0.155296383147237	0.185238	0.02	1	ANTLIL0415	2.936772047	3.698979592	3.089775561	3.642996109	3.340892984	5	2	2017	1
AN_GIE_001	17203	3	186024.125	219497.65625	73635.5390625	0.0698833724162564	0.176202	0.02	1	ANTLIL0415	2.936772047	3.698979592	3.089775561	3.642996109	3.340892984	5	2	2017	1
AN_GIE_001	17203	4	186024.125	219497.65625	73635.5390625	0.0698833724162564	0.176202	0.02	1	ANTLIL0415	2.936772047	3.698979592	3.089775561	3.642996109	3.340892984	5	2	2017	1
AN_GIE_001	17231	3	186024.125	219497.65625	73635.5390625	0.0621185532588946	0.228159	0.02	1	ANTLIL0415	2.936772047	3.698979592	3.089775561	3.642996109	3.340892984	5	2	2017	1
AN_GIE_001	17231	4	186024.125	219497.65625	73635.5390625	0.0621185532588946	0.228159	0.02	1	ANTLIL0415	2.936772047	3.698979592	3.089775561	3.642996109	3.340892984	5	2	2017	1
AN_GIE_001	17281	3	186024.125	219497.65625	73635.5390625	0.0388240957868091	0.146835	0.02	1	ANTLIL0415	2.936772047	3.698979592	3.089775561	3.642996109	3.340892984	5	2	2017	1
AN_GIE_001	17281	4	186024.125	219497.65625	73635.5390625	0.0388240957868091	0.146835	0.02	1	ANTLIL0415	2.936772047	3.698979592	3.089775561	3.642996109	3.340892984	5	2	2017	1
AN_GIE_001	17301	3	186024.125	219497.65625	73635.5390625	0.0698833724162564	0.094878	0.02	1	ANTLIL0415	2.936772047	3.698979592	3.089775561	3.642996109	3.340892984	5	2	2017	1
AN_GIE_001	17301	4	186024.125	219497.65625	73635.5390625	0.0698833724162564	0.094878	0.02	1	ANTLIL0415	2.936772047	3.698979592	3.089775561	3.642996109	3.340892984	5	2	2017	1
WV_ZWI_119	17708	8	79823.3125	228217.53125	196.766891479492	0.535772521857966	0.108432	0.262	1	WVLKNO0020	1.872727273	3.700934579	2.00872093	4.363057325	3.923132705	1	4	2018	1
WV_ZWI_119	17771	8	79823.3125	228217.53125	196.766891479492	0.0388240957868091	0.370476	0.6317	1	WVLKNO0020	1.872727273	3.700934579	2.00872093	4.363057325	3.923132705	1	4	2018	1
WV_ZWI_119	17799	8	79823.3125	228217.53125	196.766891479492	0.792011554050906	0.804204	0.3019	1	WVLKNO0020	1.872727273	3.700934579	2.00872093	4.363057325	3.923132705	1	4	2018	1
WV_ZWI_119	17820	8	79823.3125	228217.53125	196.766891479492	0.986132032984952	2.322252	0.6106	1	WVLKNO0020	1.872727273	3.700934579	2.00872093	4.363057325	3.923132705	1	4	2018	1
WV_ZWI_119	17862	8	79823.3125	228217.53125	196.766891479492	0.613420713431584	2.900556	0.5318	1	WVLKNO0020	1.872727273	3.700934579	2.00872093	4.363057325	3.923132705	1	4	2018	1
WV_ZWI_119	17882	8	79823.3125	228217.53125	196.766891479492	0.0388240957868091	0.219123	0.3799	1	WVLKNO0020	1.872727273	3.700934579	2.00872093	4.363057325	3.923132705	1	4	2018	1
WV_ZEB_007	17337	1	66551.1328125	224715.78125	31753.810546875	0.0388240957868091	0.110691	0.067	1	WVLBRU0374	1.710930443	3.701834862	3.861878453	2.126566416	3.71640625	1	4	2017	1
WV_ZEB_007	17357	1	66551.1328125	224715.78125	31753.810546875	0.364946500396006	0.049698	0.0734	1	WVLBRU0374	1.710930443	3.701834862	3.861878453	2.126566416	3.71640625	1	4	2017	1
WV_ZEB_007	17379	1	66551.1328125	224715.78125	31753.810546875	0.0388240957868091	0.054216	0.1817	1	WVLBRU0374	1.710930443	3.701834862	3.861878453	2.126566416	3.71640625	1	4	2017	1
WV_ZEB_007	17449	1	66551.1328125	224715.78125	31753.810546875	0.225179755563493	0.049698	0.026	1	WVLBRU0374	1.710930443	3.701834862	3.861878453	2.126566416	3.71640625	1	4	2017	1
WV_ZEB_007	17477	1	66551.1328125	224715.78125	31753.810546875	0.100942649045704	0.047439	0.02	1	WVLBRU0374	1.710930443	3.701834862	3.861878453	2.126566416	3.71640625	1	4	2017	1
WV_ZEB_007	17534	1	66551.1328125	224715.78125	31753.810546875	0.116472287360427	0.216864	0.0368	1	WVLBRU0374	1.710930443	3.701834862	3.861878453	2.126566416	3.71640625	1	4	2018	1
WV_ZEB_007	17575	1	66551.1328125	224715.78125	31753.810546875	0.0621185532588946	0.205569	0.0234	1	WVLBRU0374	1.710930443	3.701834862	3.861878453	2.126566416	3.71640625	1	4	2018	1
WV_ZEB_007	17596	1	66551.1328125	224715.78125	31753.810546875	0.0388240957868091	0.072288	0.052	1	WVLBRU0374	1.710930443	3.701834862	3.861878453	2.126566416	3.71640625	1	4	2018	1
WV_ZEB_007	17625	1	66551.1328125	224715.78125	31753.810546875	0.0388240957868091	0.024849	0.025	1	WVLBRU0374	1.710930443	3.701834862	3.861878453	2.126566416	3.71640625	1	4	2018	1
WV_ZEB_007	17666	1	66551.1328125	224715.78125	31753.810546875	0.0388240957868091	0.038403	0.0653	1	WVLBRU0374	1.710930443	3.701834862	3.861878453	2.126566416	3.71640625	1	4	2018	1
LI_SCH_001	17700	4	246202.203125	199016.328125	18629.486328125	0.0621185532588946	0.117468	0.4093	1	LIMMSK0341	2	3.706521739	3.153061224	2.124643197	3.266906044	5	2	2018	1
LI_SCH_001	17715	4	246202.203125	199016.328125	18629.486328125	0.691068905005202	0.173943	0.4672	1	LIMMSK0341	2	3.706521739	3.153061224	2.124643197	3.266906044	5	2	2018	1
OV_VOS_001	16595	6	92676.1640625	187733.953125	161199.265625	0.0388240957868091	0.02259	0.344	1	OVLDEI0194	2.819134003	3.707865169	3.885885886	4.358603667	3.78302583	3	1	2015	1
OV_VOS_001	16622	6	92676.1640625	187733.953125	161199.265625	0.0388240957868091	0.02259	0.4708	1	OVLDEI0194	2.819134003	3.707865169	3.885885886	4.358603667	3.78302583	3	1	2015	1
OV_VOS_001	16650	6	92676.1640625	187733.953125	161199.265625	0.0388240957868091	0.02259	0.25	1	OVLDEI0194	2.819134003	3.707865169	3.885885886	4.358603667	3.78302583	3	1	2015	1
OV_VOS_001	16678	6	92676.1640625	187733.953125	161199.265625	0.0388240957868091	0.027108	0.1039	1	OVLDEI0194	2.819134003	3.707865169	3.885885886	4.358603667	3.78302583	3	1	2015	1
OV_VOS_001	16713	6	92676.1640625	187733.953125	161199.265625	0.0388240957868091	0.029367	0.1	1	OVLDEI0194	2.819134003	3.707865169	3.885885886	4.358603667	3.78302583	3	1	2015	1
OV_VOS_001	16742	6	92676.1640625	187733.953125	161199.265625	0.139766744832513	0.079065	0.12	1	OVLDEI0194	2.819134003	3.707865169	3.885885886	4.358603667	3.78302583	3	1	2015	1
OV_VOS_001	16770	6	92676.1640625	187733.953125	161199.265625	0.209650117248769	0.537642	0.18	1	OVLDEI0194	2.819134003	3.707865169	3.885885886	4.358603667	3.78302583	3	1	2015	1
WV_ZWI_133	17337	1	78652.0859375	227751.390625	92.4471206665039	0.17082602146196	0.849384	0.69	1	WVLKNO0061	4	3.716037736	3.949152542	4.02734375	3.647328244	1	2	2017	1
WV_ZWI_133	17357	1	78652.0859375	227751.390625	92.4471206665039	0.310592766294473	0.176202	2.178	1	WVLKNO0061	4	3.716037736	3.949152542	4.02734375	3.647328244	1	2	2017	1
WV_ZWI_133	17379	1	78652.0859375	227751.390625	92.4471206665039	0.0621185532588946	0.11295	1.4482	1	WVLKNO0061	4	3.716037736	3.949152542	4.02734375	3.647328244	1	2	2017	1
WV_ZWI_133	17414	1	78652.0859375	227751.390625	92.4471206665039	0.0543537341015328	0.119727	1.0204	1	WVLKNO0061	4	3.716037736	3.949152542	4.02734375	3.647328244	1	2	2017	1
WV_ZWI_133	17456	1	78652.0859375	227751.390625	92.4471206665039	0.0931778298883419	0.110691	0.4003	1	WVLKNO0061	4	3.716037736	3.949152542	4.02734375	3.647328244	1	2	2017	1
WV_ZWI_133	17491	1	78652.0859375	227751.390625	92.4471206665039	0.186355659776684	0.076806	0.1726	1	WVLKNO0061	4	3.716037736	3.949152542	4.02734375	3.647328244	1	2	2017	1
WV_ZWI_133	17547	1	78652.0859375	227751.390625	92.4471206665039	0.0388240957868091	0.033885	0.102	1	WVLKNO0061	4	3.716037736	3.949152542	4.02734375	3.647328244	1	2	2018	1
WV_ZWI_133	17589	1	78652.0859375	227751.390625	92.4471206665039	0.0465889149441709	0.054216	0.101	1	WVLKNO0061	4	3.716037736	3.949152542	4.02734375	3.647328244	1	2	2018	1
WV_ZWI_133	17616	1	78652.0859375	227751.390625	92.4471206665039	0.0388240957868091	0.966852	0.059	1	WVLKNO0061	4	3.716037736	3.949152542	4.02734375	3.647328244	1	2	2018	1
WV_ZWI_133	17645	1	78652.0859375	227751.390625	92.4471206665039	0.0388240957868091	0.072288	0.1255	1	WVLKNO0061	4	3.716037736	3.949152542	4.02734375	3.647328244	1	2	2018	1
WV_ZWI_133	17708	1	78652.0859375	227751.390625	92.4471206665039	0.0465889149441709	0.054216	0.1232	1	WVLKNO0061	4	3.716037736	3.949152542	4.02734375	3.647328244	1	2	2018	1
AN_DVH_008	16973	6	175541.828125	224506.390625	6698.53857421875	0.0388240957868091	0.054216	0.02	1	ANTRIJ0030	2.144736842	3.716346154	3.11038961	3.96969697	3.401288811	5	4	2016	1
AN_DVH_008	17014	6	175541.828125	224506.390625	6698.53857421875	0.0931778298883419	0.040662	0.02	1	ANTRIJ0030	2.144736842	3.716346154	3.11038961	3.96969697	3.401288811	5	4	2016	1
AN_DVH_008	17042	6	175541.828125	224506.390625	6698.53857421875	0.0388240957868091	0.027108	0.02	1	ANTRIJ0030	2.144736842	3.716346154	3.11038961	3.96969697	3.401288811	5	4	2016	1
AN_DVH_008	17063	6	175541.828125	224506.390625	6698.53857421875	0.0388240957868091	0.031626	0.02	1	ANTRIJ0030	2.144736842	3.716346154	3.11038961	3.96969697	3.401288811	5	4	2016	1
AN_DVH_008	17098	6	175541.828125	224506.390625	6698.53857421875	0.271768670507664	0.029367	0.02	1	ANTRIJ0030	2.144736842	3.716346154	3.11038961	3.96969697	3.401288811	5	4	2016	1
AN_DVH_008	17127	6	175541.828125	224506.390625	6698.53857421875	0.683304085847841	0.065511	0.0352	1	ANTRIJ0030	2.144736842	3.716346154	3.11038961	3.96969697	3.401288811	5	4	2016	1
AN_DVH_008	17141	6	175541.828125	224506.390625	6698.53857421875	0.745422639106735	0.056475	0.0233	1	ANTRIJ0030	2.144736842	3.716346154	3.11038961	3.96969697	3.401288811	5	4	2016	1
AN_DVH_008	17183	6	175541.828125	224506.390625	6698.53857421875	0.854130107309801	0.131022	0.02	1	ANTRIJ0030	2.144736842	3.716346154	3.11038961	3.96969697	3.401288811	5	4	2017	1
AN_DVH_008	17217	6	175541.828125	224506.390625	6698.53857421875	0.520242883543242	0.228159	0.0465	1	ANTRIJ0030	2.144736842	3.716346154	3.11038961	3.96969697	3.401288811	5	4	2017	1
AN_DVH_008	17253	6	175541.828125	224506.390625	6698.53857421875	0.520242883543242	0.196533	0.02	1	ANTRIJ0030	2.144736842	3.716346154	3.11038961	3.96969697	3.401288811	5	4	2017	1
AN_DVH_008	17275	6	175541.828125	224506.390625	6698.53857421875	0.295063127979749	0.146835	0.034	1	ANTRIJ0030	2.144736842	3.716346154	3.11038961	3.96969697	3.401288811	5	4	2017	1
AN_DVH_008	17316	6	175541.828125	224506.390625	6698.53857421875	0.124237106517789	0.151353	0.02	1	ANTRIJ0030	2.144736842	3.716346154	3.11038961	3.96969697	3.401288811	5	4	2017	1
OV_LIO_001	17344	5	138975.65625	215092.984375	563.887023925781	0.124237106517789	0.065511	0.126	1	OVLBVN0466	3	3.716666667	4.07748184	4.363483146	3.642072214	2	1	2017	1
OV_LIO_001	17378	5	138975.65625	215092.984375	563.887023925781	0.17082602146196	0.085842	0.1401	1	OVLBVN0466	3	3.716666667	4.07748184	4.363483146	3.642072214	2	1	2017	1
OV_LIO_001	17407	5	138975.65625	215092.984375	563.887023925781	0.0543537341015328	0.074547	0.422	1	OVLBVN0466	3	3.716666667	4.07748184	4.363483146	3.642072214	2	1	2017	1
OV_LIO_001	17414	5	138975.65625	215092.984375	563.887023925781	0.0388240957868091	0.097137	0.0827	1	OVLBVN0466	3	3.716666667	4.07748184	4.363483146	3.642072214	2	1	2017	1
OV_LIO_001	17455	5	138975.65625	215092.984375	563.887023925781	0.186355659776684	0.101655	0.1306	1	OVLBVN0466	3	3.716666667	4.07748184	4.363483146	3.642072214	2	1	2017	1
OV_LIO_001	17477	5	138975.65625	215092.984375	563.887023925781	0.116472287360427	0.04518	0.02	1	OVLBVN0466	3	3.716666667	4.07748184	4.363483146	3.642072214	2	1	2017	1
OV_LIO_001	17505	5	138975.65625	215092.984375	563.887023925781	0.124237106517789	0.042921	0.02	1	OVLBVN0466	3	3.716666667	4.07748184	4.363483146	3.642072214	2	1	2017	1
OV_LIO_001	17546	5	138975.65625	215092.984375	563.887023925781	0.0388240957868091	0.058734	0.02	1	OVLBVN0466	3	3.716666667	4.07748184	4.363483146	3.642072214	2	1	2018	1
OV_LIO_001	17568	5	138975.65625	215092.984375	563.887023925781	0.0388240957868091	0.027108	0.02	1	OVLBVN0466	3	3.716666667	4.07748184	4.363483146	3.642072214	2	1	2018	1
OV_LIO_001	17582	5	138975.65625	215092.984375	563.887023925781	0.0388240957868091	0.038403	0.02	1	OVLBVN0466	3	3.716666667	4.07748184	4.363483146	3.642072214	2	1	2018	1
OV_LIO_001	17617	5	138975.65625	215092.984375	563.887023925781	0.0388240957868091	0.065511	0.02	1	OVLBVN0466	3	3.716666667	4.07748184	4.363483146	3.642072214	2	1	2018	1
OV_LIO_001	17665	5	138975.65625	215092.984375	563.887023925781	0.0388240957868091	0.029367	0.0216	1	OVLBVN0466	3	3.716666667	4.07748184	4.363483146	3.642072214	2	1	2018	1
WV_ZWI_060	17337	1	76961.734375	226441.359375	219.70866394043	9.37213672293572	0.47439	22.11	1	WVLKNO0205	3.122807018	3.724576271	3.967329545	3.800511509	3.802325581	1	2	2017	1
WV_ZWI_060	17414	1	76961.734375	226441.359375	219.70866394043	1.29672479927942	0.198792	4.9099	1	WVLKNO0205	3.122807018	3.724576271	3.967329545	3.800511509	3.802325581	1	2	2017	1
WV_ZWI_060	17449	1	76961.734375	226441.359375	219.70866394043	0.108707468203066	0.162648	2.9713	1	WVLKNO0205	3.122807018	3.724576271	3.967329545	3.800511509	3.802325581	1	2	2017	1
WV_ZWI_060	17477	1	76961.734375	226441.359375	219.70866394043	1.00166167129968	0.131022	4.087	1	WVLKNO0205	3.122807018	3.724576271	3.967329545	3.800511509	3.802325581	1	2	2017	1
WV_ZWI_060	17534	1	76961.734375	226441.359375	219.70866394043	1.13366359697483	0.187497	4.045	1	WVLKNO0205	3.122807018	3.724576271	3.967329545	3.800511509	3.802325581	1	2	2018	1
WV_ZWI_060	17575	1	76961.734375	226441.359375	219.70866394043	1.29672479927942	0.727398	3.6747	1	WVLKNO0205	3.122807018	3.724576271	3.967329545	3.800511509	3.802325581	1	2	2018	1
WV_ZWI_060	17596	1	76961.734375	226441.359375	219.70866394043	0.0388240957868091	0.246231	4.938	1	WVLKNO0205	3.122807018	3.724576271	3.967329545	3.800511509	3.802325581	1	2	2018	1
WV_ZWI_060	17625	1	76961.734375	226441.359375	219.70866394043	0.0854130107309801	0.146835	3.926	1	WVLKNO0205	3.122807018	3.724576271	3.967329545	3.800511509	3.802325581	1	2	2018	1
WV_ZWI_060	17666	1	76961.734375	226441.359375	219.70866394043	8.27729722174771	0.108432	6.8685	1	WVLKNO0205	3.122807018	3.724576271	3.967329545	3.800511509	3.802325581	1	2	2018	1
AN_ELS_001	17693	3	180292.25	242267.15625	634.340942382812	0.0388240957868091	0.058734	0.104	1	ANTHGS0029	2.323529412	3.726315789	4.267806268	3.90313779	3.921417565	5	2	2018	1
AN_ELS_001	17735	3	180292.25	242267.15625	634.340942382812	1.03272094792912	0.042921	0.0258	1	ANTHGS0029	2.323529412	3.726315789	4.267806268	3.90313779	3.921417565	5	2	2018	1
AN_ELS_001	17883	3	180292.25	242267.15625	634.340942382812	0.411535415340177	0.359181	0.02	1	ANTHGS0029	2.323529412	3.726315789	4.267806268	3.90313779	3.921417565	5	2	2018	1
AN_ZAM_001	16588	6	191466.3125	198650.578125	881.084106445312	0.0621185532588946	0.058734	0.2712	1	ANTGEE0889	2.078534031	3.728723404	3.639344262	4.142947103	3.409947249	5	2	2015	1
AN_ZAM_001	16679	6	191466.3125	198650.578125	881.084106445312	0.0388240957868091	0.031626	0.144	1	ANTGEE0889	2.078534031	3.728723404	3.639344262	4.142947103	3.409947249	5	2	2015	1
AN_ZAM_001	16714	6	191466.3125	198650.578125	881.084106445312	0.0388240957868091	0.02259	0.02	1	ANTGEE0889	2.078534031	3.728723404	3.639344262	4.142947103	3.409947249	5	2	2015	1
AN_ZAM_001	16743	6	191466.3125	198650.578125	881.084106445312	0.0388240957868091	0.02259	0.02	1	ANTGEE0889	2.078534031	3.728723404	3.639344262	4.142947103	3.409947249	5	2	2015	1
AN_ZAM_001	16770	6	191466.3125	198650.578125	881.084106445312	0.0388240957868091	0.142317	0.07	1	ANTGEE0889	2.078534031	3.728723404	3.639344262	4.142947103	3.409947249	5	2	2015	1
AN_ZAM_001	16812	6	191466.3125	198650.578125	881.084106445312	0.0388240957868091	0.031626	0.1121	1	ANTGEE0889	2.078534031	3.728723404	3.639344262	4.142947103	3.409947249	5	2	2016	1
AN_ZAM_001	16840	6	191466.3125	198650.578125	881.084106445312	0.0388240957868091	0.02259	0.274	1	ANTGEE0889	2.078534031	3.728723404	3.639344262	4.142947103	3.409947249	5	2	2016	1
AN_ZAM_001	16868	6	191466.3125	198650.578125	881.084106445312	0.0854130107309801	0.040662	0.2029	1	ANTGEE0889	2.078534031	3.728723404	3.639344262	4.142947103	3.409947249	5	2	2016	1
AN_ZAM_001	16903	6	191466.3125	198650.578125	881.084106445312	0.0388240957868091	0.092619	0.4094	1	ANTGEE0889	2.078534031	3.728723404	3.639344262	4.142947103	3.409947249	5	2	2016	1
AN_ZAM_001	16931	6	191466.3125	198650.578125	881.084106445312	0.0776481915736183	0.02259	0.1928	1	ANTGEE0889	2.078534031	3.728723404	3.639344262	4.142947103	3.409947249	5	2	2016	1
LI_ABH_002	17700	3	194985.828125	192950.953125	5831.47802734375	0.0388240957868091	0.081324	0.3247	1	LIMTES0127	2.363080685	3.744318182	3.213276836	3.789021164	2.597931034	5	2	2018	1
LI_ABH_002	17743	3	194985.828125	192950.953125	5831.47802734375	0.0465889149441709	0.06777	0.078	1	LIMTES0127	2.363080685	3.744318182	3.213276836	3.789021164	2.597931034	5	2	2018	1
LI_ABH_002	17770	3	194985.828125	192950.953125	5831.47802734375	2.78757007749289	0.11295	0.2484	1	LIMTES0127	2.363080685	3.744318182	3.213276836	3.789021164	2.597931034	5	2	2018	1
LI_ABH_002	17798	3	194985.828125	192950.953125	5831.47802734375	4.78312860093488	0.18072	0.4688	1	LIMTES0127	2.363080685	3.744318182	3.213276836	3.789021164	2.597931034	5	2	2018	1
LI_ABH_002	17827	3	194985.828125	192950.953125	5831.47802734375	4.53465438789931	0.237195	0.4403	1	LIMTES0127	2.363080685	3.744318182	3.213276836	3.789021164	2.597931034	5	2	2018	1
LI_ABH_002	17854	3	194985.828125	192950.953125	5831.47802734375	4.34053390896526	0.137799	0.1608	1	LIMTES0127	2.363080685	3.744318182	3.213276836	3.789021164	2.597931034	5	2	2018	1
LI_ABH_002	17876	3	194985.828125	192950.953125	5831.47802734375	3.05933874800056	0.395325	0.0957	1	LIMTES0127	2.363080685	3.744318182	3.213276836	3.789021164	2.597931034	5	2	2018	1
VB_VIE_004	16573	3	192711.15625	189772.296875	664.403686523438	0.0388240957868091	0.033885	0.0591	1	VBRSZI0297	2.09009009	3.747126437	3.643877551	3.761666667	2.662756598	5	3	2015	1
VB_VIE_004	16573	6	192711.15625	189772.296875	664.403686523438	0.0388240957868091	0.033885	0.0591	1	VBRSZI0297	2.09009009	3.747126437	3.643877551	3.761666667	2.662756598	5	3	2015	1
VB_VIE_004	16588	3	192711.15625	189772.296875	664.403686523438	0.0388240957868091	0.029367	0.0712	1	VBRSZI0297	2.09009009	3.747126437	3.643877551	3.761666667	2.662756598	5	3	2015	1
VB_VIE_004	16588	6	192711.15625	189772.296875	664.403686523438	0.0388240957868091	0.029367	0.0712	1	VBRSZI0297	2.09009009	3.747126437	3.643877551	3.761666667	2.662756598	5	3	2015	1
VB_VIE_004	16616	3	192711.15625	189772.296875	664.403686523438	0.0388240957868091	0.040662	0.0509	1	VBRSZI0297	2.09009009	3.747126437	3.643877551	3.761666667	2.662756598	5	3	2015	1
VB_VIE_004	16616	6	192711.15625	189772.296875	664.403686523438	0.0388240957868091	0.040662	0.0509	1	VBRSZI0297	2.09009009	3.747126437	3.643877551	3.761666667	2.662756598	5	3	2015	1
VB_VIE_004	16644	3	192711.15625	189772.296875	664.403686523438	0.0388240957868091	0.02259	0.09	1	VBRSZI0297	2.09009009	3.747126437	3.643877551	3.761666667	2.662756598	5	3	2015	1
VB_VIE_004	16644	6	192711.15625	189772.296875	664.403686523438	0.0388240957868091	0.02259	0.09	1	VBRSZI0297	2.09009009	3.747126437	3.643877551	3.761666667	2.662756598	5	3	2015	1
VB_VIE_004	16672	3	192711.15625	189772.296875	664.403686523438	0.0388240957868091	0.029367	0.0692	1	VBRSZI0297	2.09009009	3.747126437	3.643877551	3.761666667	2.662756598	5	3	2015	1
VB_VIE_004	16672	6	192711.15625	189772.296875	664.403686523438	0.0388240957868091	0.029367	0.0692	1	VBRSZI0297	2.09009009	3.747126437	3.643877551	3.761666667	2.662756598	5	3	2015	1
VB_VIE_004	16700	3	192711.15625	189772.296875	664.403686523438	0.0388240957868091	0.027108	0.0397	1	VBRSZI0297	2.09009009	3.747126437	3.643877551	3.761666667	2.662756598	5	3	2015	1
VB_VIE_004	16700	6	192711.15625	189772.296875	664.403686523438	0.0388240957868091	0.027108	0.0397	1	VBRSZI0297	2.09009009	3.747126437	3.643877551	3.761666667	2.662756598	5	3	2015	1
VB_VIE_004	16735	3	192711.15625	189772.296875	664.403686523438	0.0388240957868091	0.033885	0.04	1	VBRSZI0297	2.09009009	3.747126437	3.643877551	3.761666667	2.662756598	5	3	2015	1
VB_VIE_004	16735	6	192711.15625	189772.296875	664.403686523438	0.0388240957868091	0.033885	0.04	1	VBRSZI0297	2.09009009	3.747126437	3.643877551	3.761666667	2.662756598	5	3	2015	1
VB_VIE_004	16763	3	192711.15625	189772.296875	664.403686523438	0.0388240957868091	0.038403	0.032	1	VBRSZI0297	2.09009009	3.747126437	3.643877551	3.761666667	2.662756598	5	3	2015	1
VB_VIE_004	16763	6	192711.15625	189772.296875	664.403686523438	0.0388240957868091	0.038403	0.032	1	VBRSZI0297	2.09009009	3.747126437	3.643877551	3.761666667	2.662756598	5	3	2015	1
VB_VIE_004	16804	3	192711.15625	189772.296875	664.403686523438	0.0388240957868091	0.02259	0.0363	1	VBRSZI0297	2.09009009	3.747126437	3.643877551	3.761666667	2.662756598	5	3	2016	1
VB_VIE_004	16804	6	192711.15625	189772.296875	664.403686523438	0.0388240957868091	0.02259	0.0363	1	VBRSZI0297	2.09009009	3.747126437	3.643877551	3.761666667	2.662756598	5	3	2016	1
VB_VIE_004	16833	3	192711.15625	189772.296875	664.403686523438	0.0388240957868091	0.051957	0.0414	1	VBRSZI0297	2.09009009	3.747126437	3.643877551	3.761666667	2.662756598	5	3	2016	1
VB_VIE_004	16833	6	192711.15625	189772.296875	664.403686523438	0.0388240957868091	0.051957	0.0414	1	VBRSZI0297	2.09009009	3.747126437	3.643877551	3.761666667	2.662756598	5	3	2016	1
VB_VIE_004	16860	3	192711.15625	189772.296875	664.403686523438	0.0388240957868091	0.02259	0.0668	1	VBRSZI0297	2.09009009	3.747126437	3.643877551	3.761666667	2.662756598	5	3	2016	1
VB_VIE_004	16860	6	192711.15625	189772.296875	664.403686523438	0.0388240957868091	0.02259	0.0668	1	VBRSZI0297	2.09009009	3.747126437	3.643877551	3.761666667	2.662756598	5	3	2016	1
VB_VIE_004	16895	3	192711.15625	189772.296875	664.403686523438	0.0388240957868091	0.085842	0.0517	1	VBRSZI0297	2.09009009	3.747126437	3.643877551	3.761666667	2.662756598	5	3	2016	1
VB_VIE_004	16895	6	192711.15625	189772.296875	664.403686523438	0.0388240957868091	0.085842	0.0517	1	VBRSZI0297	2.09009009	3.747126437	3.643877551	3.761666667	2.662756598	5	3	2016	1
VB_VIE_004	16923	3	192711.15625	189772.296875	664.403686523438	0.0698833724162564	0.031626	0.062	1	VBRSZI0297	2.09009009	3.747126437	3.643877551	3.761666667	2.662756598	5	3	2016	1
VB_VIE_004	16923	6	192711.15625	189772.296875	664.403686523438	0.0698833724162564	0.031626	0.062	1	VBRSZI0297	2.09009009	3.747126437	3.643877551	3.761666667	2.662756598	5	3	2016	1
WV_BDH_006	17714	1	57568.3359375	219955.28125	199.717788696289	0.0543537341015328	0.058734	0.02	1	WVLDEH0011	1.232142857	3.747787611	3.918732782	3.305719921	3.34965035	1	2	2018	1
WV_BDH_006	17736	1	57568.3359375	219955.28125	199.717788696289	0.0388240957868091	0.038403	0.02	1	WVLDEH0011	1.232142857	3.747787611	3.918732782	3.305719921	3.34965035	1	2	2018	1
WV_BDH_006	17771	1	57568.3359375	219955.28125	199.717788696289	0.0388240957868091	0.027108	0.0282	1	WVLDEH0011	1.232142857	3.747787611	3.918732782	3.305719921	3.34965035	1	2	2018	1
WV_BDH_006	17798	1	57568.3359375	219955.28125	199.717788696289	0.0854130107309801	0.146835	0.0538	1	WVLDEH0011	1.232142857	3.747787611	3.918732782	3.305719921	3.34965035	1	2	2018	1
WV_BDH_006	17841	1	57568.3359375	219955.28125	199.717788696289	0.186355659776684	0.024849	0.022	1	WVLDEH0011	1.232142857	3.747787611	3.918732782	3.305719921	3.34965035	1	2	2018	1
WV_BDH_006	17868	1	57568.3359375	219955.28125	199.717788696289	0.100942649045704	0.072288	0.0214	1	WVLDEH0011	1.232142857	3.747787611	3.918732782	3.305719921	3.34965035	1	2	2018	1
WV_BDH_006	17882	1	57568.3359375	219955.28125	199.717788696289	0.0854130107309801	0.02259	0.02	1	WVLDEH0011	1.232142857	3.747787611	3.918732782	3.305719921	3.34965035	1	2	2018	1
AN_TIE_007	17694	3	188151.3125	217474.984375	21134.984375	0.0388240957868091	0.051957	0.02	1	ANTKAS0474	2.99474606	3.755681818	4.128238342	3.67806841	3.896640827	5	4	2018	1
LI_BOK_004	16952	3	221885.890625	184125.6875	25928.8359375	0.302827947137111	0.124245	0.0558	1	LIMGNK0397	2.311070999	3.760504202	2.588235294	4.099865047	2.932533733	5	4	2016	1
LI_BOK_004	16952	4	221885.890625	184125.6875	25928.8359375	0.302827947137111	0.124245	0.0558	1	LIMGNK0397	2.311070999	3.760504202	2.588235294	4.099865047	2.932533733	5	4	2016	1
LI_BOK_004	16980	3	221885.890625	184125.6875	25928.8359375	0.163061202304598	0.070029	0.0593	1	LIMGNK0397	2.311070999	3.760504202	2.588235294	4.099865047	2.932533733	5	4	2016	1
LI_BOK_004	16980	4	221885.890625	184125.6875	25928.8359375	0.163061202304598	0.070029	0.0593	1	LIMGNK0397	2.311070999	3.760504202	2.588235294	4.099865047	2.932533733	5	4	2016	1
LI_BOK_004	17035	3	221885.890625	184125.6875	25928.8359375	0.310592766294473	0.117468	0.0495	1	LIMGNK0397	2.311070999	3.760504202	2.588235294	4.099865047	2.932533733	5	4	2016	1
LI_BOK_004	17035	4	221885.890625	184125.6875	25928.8359375	0.310592766294473	0.117468	0.0495	1	LIMGNK0397	2.311070999	3.760504202	2.588235294	4.099865047	2.932533733	5	4	2016	1
LI_BOK_004	17064	3	221885.890625	184125.6875	25928.8359375	0.0388240957868091	0.02259	0.0729	1	LIMGNK0397	2.311070999	3.760504202	2.588235294	4.099865047	2.932533733	5	4	2016	1
LI_BOK_004	17064	4	221885.890625	184125.6875	25928.8359375	0.0388240957868091	0.02259	0.0729	1	LIMGNK0397	2.311070999	3.760504202	2.588235294	4.099865047	2.932533733	5	4	2016	1
LI_BOK_004	17085	3	221885.890625	184125.6875	25928.8359375	0.0388240957868091	0.070029	0.0552	1	LIMGNK0397	2.311070999	3.760504202	2.588235294	4.099865047	2.932533733	5	4	2016	1
LI_BOK_004	17085	4	221885.890625	184125.6875	25928.8359375	0.0388240957868091	0.070029	0.0552	1	LIMGNK0397	2.311070999	3.760504202	2.588235294	4.099865047	2.932533733	5	4	2016	1
LI_BOK_004	17133	3	221885.890625	184125.6875	25928.8359375	0.116472287360427	0.257526	0.063	1	LIMGNK0397	2.311070999	3.760504202	2.588235294	4.099865047	2.932533733	5	4	2016	1
LI_BOK_004	17133	4	221885.890625	184125.6875	25928.8359375	0.116472287360427	0.257526	0.063	1	LIMGNK0397	2.311070999	3.760504202	2.588235294	4.099865047	2.932533733	5	4	2016	1
LI_BOK_004	17140	3	221885.890625	184125.6875	25928.8359375	0.139766744832513	0.309483	0.0639	1	LIMGNK0397	2.311070999	3.760504202	2.588235294	4.099865047	2.932533733	5	4	2016	1
LI_BOK_004	17140	4	221885.890625	184125.6875	25928.8359375	0.139766744832513	0.309483	0.0639	1	LIMGNK0397	2.311070999	3.760504202	2.588235294	4.099865047	2.932533733	5	4	2016	1
LI_BOK_004	17168	3	221885.890625	184125.6875	25928.8359375	0.512478064385881	0.341109	0.1428	1	LIMGNK0397	2.311070999	3.760504202	2.588235294	4.099865047	2.932533733	5	4	2017	1
LI_BOK_004	17168	4	221885.890625	184125.6875	25928.8359375	0.512478064385881	0.341109	0.1428	1	LIMGNK0397	2.311070999	3.760504202	2.588235294	4.099865047	2.932533733	5	4	2017	1
LI_BOK_004	17267	3	221885.890625	184125.6875	25928.8359375	0.0388240957868091	0.040662	0.0329	1	LIMGNK0397	2.311070999	3.760504202	2.588235294	4.099865047	2.932533733	5	4	2017	1
LI_BOK_004	17267	4	221885.890625	184125.6875	25928.8359375	0.0388240957868091	0.040662	0.0329	1	LIMGNK0397	2.311070999	3.760504202	2.588235294	4.099865047	2.932533733	5	4	2017	1
LI_BOK_004	17302	3	221885.890625	184125.6875	25928.8359375	0.0621185532588946	0.063252	0.02	1	LIMGNK0397	2.311070999	3.760504202	2.588235294	4.099865047	2.932533733	5	4	2017	1
LI_BOK_004	17302	4	221885.890625	184125.6875	25928.8359375	0.0621185532588946	0.063252	0.02	1	LIMGNK0397	2.311070999	3.760504202	2.588235294	4.099865047	2.932533733	5	4	2017	1
WV_WES_031	17700	1	22723.33203125	199089.015625	345.088287353516	0.0388240957868091	0.036144	0.0413	1	WVLDEP0047	1.287671233	3.761061947	4.054846939	4.153482881	3.928571429	1	2	2018	1
WV_WES_031	17715	1	22723.33203125	199089.015625	345.088287353516	0.0388240957868091	0.04518	0.0317	1	WVLDEP0047	1.287671233	3.761061947	4.054846939	4.153482881	3.928571429	1	2	2018	1
LI_MLV_016	16603	3	216701.109375	186049.171875	26814.291015625	0.0388240957868091	0.036144	0.057	1	LIMZNH0477	2.372011252	3.76119403	2.36761488	3.061155914	3.588764045	5	4	2015	1
LI_MLV_016	16603	4	216701.109375	186049.171875	26814.291015625	0.0388240957868091	0.036144	0.057	1	LIMZNH0477	2.372011252	3.76119403	2.36761488	3.061155914	3.588764045	5	4	2015	1
LI_MLV_016	16603	5	216701.109375	186049.171875	26814.291015625	0.0388240957868091	0.036144	0.057	1	LIMZNH0477	2.372011252	3.76119403	2.36761488	3.061155914	3.588764045	5	4	2015	1
LI_MLV_016	16631	3	216701.109375	186049.171875	26814.291015625	0.0388240957868091	0.094878	0.047	1	LIMZNH0477	2.372011252	3.76119403	2.36761488	3.061155914	3.588764045	5	4	2015	1
LI_MLV_016	16631	4	216701.109375	186049.171875	26814.291015625	0.0388240957868091	0.094878	0.047	1	LIMZNH0477	2.372011252	3.76119403	2.36761488	3.061155914	3.588764045	5	4	2015	1
LI_MLV_016	16631	5	216701.109375	186049.171875	26814.291015625	0.0388240957868091	0.094878	0.047	1	LIMZNH0477	2.372011252	3.76119403	2.36761488	3.061155914	3.588764045	5	4	2015	1
LI_MLV_016	16659	3	216701.109375	186049.171875	26814.291015625	0.0388240957868091	0.616707	0.0534	1	LIMZNH0477	2.372011252	3.76119403	2.36761488	3.061155914	3.588764045	5	4	2015	1
LI_MLV_016	16659	4	216701.109375	186049.171875	26814.291015625	0.0388240957868091	0.616707	0.0534	1	LIMZNH0477	2.372011252	3.76119403	2.36761488	3.061155914	3.588764045	5	4	2015	1
LI_MLV_016	16659	5	216701.109375	186049.171875	26814.291015625	0.0388240957868091	0.616707	0.0534	1	LIMZNH0477	2.372011252	3.76119403	2.36761488	3.061155914	3.588764045	5	4	2015	1
LI_MLV_016	16686	3	216701.109375	186049.171875	26814.291015625	0.0388240957868091	0.042921	0.0551	1	LIMZNH0477	2.372011252	3.76119403	2.36761488	3.061155914	3.588764045	5	4	2015	1
LI_MLV_016	16686	4	216701.109375	186049.171875	26814.291015625	0.0388240957868091	0.042921	0.0551	1	LIMZNH0477	2.372011252	3.76119403	2.36761488	3.061155914	3.588764045	5	4	2015	1
LI_MLV_016	16686	5	216701.109375	186049.171875	26814.291015625	0.0388240957868091	0.042921	0.0551	1	LIMZNH0477	2.372011252	3.76119403	2.36761488	3.061155914	3.588764045	5	4	2015	1
LI_MLV_016	16721	3	216701.109375	186049.171875	26814.291015625	0.147531563989875	0.126504	0.04	1	LIMZNH0477	2.372011252	3.76119403	2.36761488	3.061155914	3.588764045	5	4	2015	1
LI_MLV_016	16721	4	216701.109375	186049.171875	26814.291015625	0.147531563989875	0.126504	0.04	1	LIMZNH0477	2.372011252	3.76119403	2.36761488	3.061155914	3.588764045	5	4	2015	1
LI_MLV_016	16721	5	216701.109375	186049.171875	26814.291015625	0.147531563989875	0.126504	0.04	1	LIMZNH0477	2.372011252	3.76119403	2.36761488	3.061155914	3.588764045	5	4	2015	1
LI_MLV_016	16748	3	216701.109375	186049.171875	26814.291015625	0.0388240957868091	0.02259	0.0494	1	LIMZNH0477	2.372011252	3.76119403	2.36761488	3.061155914	3.588764045	5	4	2015	1
LI_MLV_016	16748	4	216701.109375	186049.171875	26814.291015625	0.0388240957868091	0.02259	0.0494	1	LIMZNH0477	2.372011252	3.76119403	2.36761488	3.061155914	3.588764045	5	4	2015	1
LI_MLV_016	16748	5	216701.109375	186049.171875	26814.291015625	0.0388240957868091	0.02259	0.0494	1	LIMZNH0477	2.372011252	3.76119403	2.36761488	3.061155914	3.588764045	5	4	2015	1
LI_MLV_016	16777	3	216701.109375	186049.171875	26814.291015625	2.71768670507664	0.060993	0.202	1	LIMZNH0477	2.372011252	3.76119403	2.36761488	3.061155914	3.588764045	5	4	2015	1
LI_MLV_016	16777	4	216701.109375	186049.171875	26814.291015625	2.71768670507664	0.060993	0.202	1	LIMZNH0477	2.372011252	3.76119403	2.36761488	3.061155914	3.588764045	5	4	2015	1
LI_MLV_016	16777	5	216701.109375	186049.171875	26814.291015625	2.71768670507664	0.060993	0.202	1	LIMZNH0477	2.372011252	3.76119403	2.36761488	3.061155914	3.588764045	5	4	2015	1
LI_MLV_016	16847	3	216701.109375	186049.171875	26814.291015625	0.100942649045704	0.228159	0.158	1	LIMZNH0477	2.372011252	3.76119403	2.36761488	3.061155914	3.588764045	5	4	2016	1
LI_MLV_016	16847	4	216701.109375	186049.171875	26814.291015625	0.100942649045704	0.228159	0.158	1	LIMZNH0477	2.372011252	3.76119403	2.36761488	3.061155914	3.588764045	5	4	2016	1
LI_MLV_016	16847	5	216701.109375	186049.171875	26814.291015625	0.100942649045704	0.228159	0.158	1	LIMZNH0477	2.372011252	3.76119403	2.36761488	3.061155914	3.588764045	5	4	2016	1
LI_MLV_016	16875	3	216701.109375	186049.171875	26814.291015625	0.0388240957868091	0.02259	0.3988	1	LIMZNH0477	2.372011252	3.76119403	2.36761488	3.061155914	3.588764045	5	4	2016	1
LI_MLV_016	16875	4	216701.109375	186049.171875	26814.291015625	0.0388240957868091	0.02259	0.3988	1	LIMZNH0477	2.372011252	3.76119403	2.36761488	3.061155914	3.588764045	5	4	2016	1
LI_MLV_016	16875	5	216701.109375	186049.171875	26814.291015625	0.0388240957868091	0.02259	0.3988	1	LIMZNH0477	2.372011252	3.76119403	2.36761488	3.061155914	3.588764045	5	4	2016	1
LI_MLV_016	16910	3	216701.109375	186049.171875	26814.291015625	0.0388240957868091	0.02259	0.0427	1	LIMZNH0477	2.372011252	3.76119403	2.36761488	3.061155914	3.588764045	5	4	2016	1
LI_MLV_016	16910	4	216701.109375	186049.171875	26814.291015625	0.0388240957868091	0.02259	0.0427	1	LIMZNH0477	2.372011252	3.76119403	2.36761488	3.061155914	3.588764045	5	4	2016	1
LI_MLV_016	16910	5	216701.109375	186049.171875	26814.291015625	0.0388240957868091	0.02259	0.0427	1	LIMZNH0477	2.372011252	3.76119403	2.36761488	3.061155914	3.588764045	5	4	2016	1
LI_MLV_016	16938	3	216701.109375	186049.171875	26814.291015625	0.108707468203066	0.02259	0.0989	1	LIMZNH0477	2.372011252	3.76119403	2.36761488	3.061155914	3.588764045	5	4	2016	1
LI_MLV_016	16938	4	216701.109375	186049.171875	26814.291015625	0.108707468203066	0.02259	0.0989	1	LIMZNH0477	2.372011252	3.76119403	2.36761488	3.061155914	3.588764045	5	4	2016	1
LI_MLV_016	16938	5	216701.109375	186049.171875	26814.291015625	0.108707468203066	0.02259	0.0989	1	LIMZNH0477	2.372011252	3.76119403	2.36761488	3.061155914	3.588764045	5	4	2016	1
LI_VZB_008	16980	7	217601.515625	197915.9375	3614.9814453125	0.0621185532588946	0.137799	0.02	1	LIMBRG0199	2.262396694	3.764367816	2.621212121	3.449129853	1.632923833	5	2	2016	1
LI_VZB_008	17015	7	217601.515625	197915.9375	3614.9814453125	0.155296383147237	0.02259	0.02	1	LIMBRG0199	2.262396694	3.764367816	2.621212121	3.449129853	1.632923833	5	2	2016	1
LI_VZB_008	17042	7	217601.515625	197915.9375	3614.9814453125	0.0388240957868091	0.02259	0.02	1	LIMBRG0199	2.262396694	3.764367816	2.621212121	3.449129853	1.632923833	5	2	2016	1
LI_VZB_008	17070	7	217601.515625	197915.9375	3614.9814453125	0.0388240957868091	0.02259	0.02	1	LIMBRG0199	2.262396694	3.764367816	2.621212121	3.449129853	1.632923833	5	2	2016	1
LI_VZB_008	17099	7	217601.515625	197915.9375	3614.9814453125	0.0621185532588946	0.036144	0.02	1	LIMBRG0199	2.262396694	3.764367816	2.621212121	3.449129853	1.632923833	5	2	2016	1
LI_VZB_008	17133	7	217601.515625	197915.9375	3614.9814453125	0.217414936406131	0.133281	0.02	1	LIMBRG0199	2.262396694	3.764367816	2.621212121	3.449129853	1.632923833	5	2	2016	1
LI_VZB_008	17168	7	217601.515625	197915.9375	3614.9814453125	0.372711319553368	0.162648	0.02	1	LIMBRG0199	2.262396694	3.764367816	2.621212121	3.449129853	1.632923833	5	2	2017	1
LI_VZB_008	17189	7	217601.515625	197915.9375	3614.9814453125	0.240709393878217	0.282375	0.02	1	LIMBRG0199	2.262396694	3.764367816	2.621212121	3.449129853	1.632923833	5	2	2017	1
LI_VZB_008	17210	7	217601.515625	197915.9375	3614.9814453125	0.155296383147237	0.241713	0.02	1	LIMBRG0199	2.262396694	3.764367816	2.621212121	3.449129853	1.632923833	5	2	2017	1
LI_VZB_008	17246	7	217601.515625	197915.9375	3614.9814453125	0.194120478934046	0.196533	0.02	1	LIMBRG0199	2.262396694	3.764367816	2.621212121	3.449129853	1.632923833	5	2	2017	1
LI_VZB_008	17280	7	217601.515625	197915.9375	3614.9814453125	0.163061202304598	0.124245	0.02	1	LIMBRG0199	2.262396694	3.764367816	2.621212121	3.449129853	1.632923833	5	2	2017	1
LI_VZB_008	17316	7	217601.515625	197915.9375	3614.9814453125	0.364946500396006	0.11295	0.02	1	LIMBRG0199	2.262396694	3.764367816	2.621212121	3.449129853	1.632923833	5	2	2017	1
WV_ZEB_001	17714	1	65181.39453125	224203.09375	4237.18115234375	0.0388240957868091	0.027108	0.0255	1	WVLBLA0206	2.177506775	3.767857143	2.737309645	3.124327957	3.430583501	2	4	2018	1
WV_ZEB_001	17736	1	65181.39453125	224203.09375	4237.18115234375	0.0465889149441709	0.04518	0.0241	1	WVLBLA0206	2.177506775	3.767857143	2.737309645	3.124327957	3.430583501	2	4	2018	1
WV_ZEB_001	17771	1	65181.39453125	224203.09375	4237.18115234375	0.0388240957868091	0.042921	0.162	1	WVLBLA0206	2.177506775	3.767857143	2.737309645	3.124327957	3.430583501	2	4	2018	1
WV_ZEB_001	17798	1	65181.39453125	224203.09375	4237.18115234375	0.0388240957868091	0.108432	0.0964	1	WVLBLA0206	2.177506775	3.767857143	2.737309645	3.124327957	3.430583501	2	4	2018	1
WV_ZEB_001	17841	1	65181.39453125	224203.09375	4237.18115234375	0.489183606913795	0.085842	0.0891	1	WVLBLA0206	2.177506775	3.767857143	2.737309645	3.124327957	3.430583501	2	4	2018	1
WV_ZEB_001	17862	1	65181.39453125	224203.09375	4237.18115234375	0.745422639106735	0.176202	0.097	1	WVLBLA0206	2.177506775	3.767857143	2.737309645	3.124327957	3.430583501	2	4	2018	1
WV_ZEB_001	17882	1	65181.39453125	224203.09375	4237.18115234375	0.357181681238644	0.169425	0.028	1	WVLBLA0206	2.177506775	3.767857143	2.737309645	3.124327957	3.430583501	2	4	2018	1
WV_KPV_001	17336	6	71202.4921875	201518.609375	707.55908203125	0.100942649045704	0.09036	0.387	1	WVLOSK0053	2.935185185	3.776470588	3.738872404	2.130328867	4.046734955	4	2	2017	1
WV_KPV_001	17351	6	71202.4921875	201518.609375	707.55908203125	0.0388240957868091	0.040662	0.4326	1	WVLOSK0053	2.935185185	3.776470588	3.738872404	2.130328867	4.046734955	4	2	2017	1
WV_KPV_001	17385	6	71202.4921875	201518.609375	707.55908203125	0.147531563989875	0.081324	0.591	1	WVLOSK0053	2.935185185	3.776470588	3.738872404	2.130328867	4.046734955	4	2	2017	1
WV_KPV_001	17435	6	71202.4921875	201518.609375	707.55908203125	0.0621185532588946	0.060993	0.37	1	WVLOSK0053	2.935185185	3.776470588	3.738872404	2.130328867	4.046734955	4	2	2017	1
WV_KPV_001	17456	6	71202.4921875	201518.609375	707.55908203125	0.0621185532588946	0.056475	0.4643	1	WVLOSK0053	2.935185185	3.776470588	3.738872404	2.130328867	4.046734955	4	2	2017	1
WV_KPV_001	17476	6	71202.4921875	201518.609375	707.55908203125	0.186355659776684	0.054216	0.439	1	WVLOSK0053	2.935185185	3.776470588	3.738872404	2.130328867	4.046734955	4	2	2017	1
WV_KPV_001	17504	6	71202.4921875	201518.609375	707.55908203125	0.0698833724162564	0.146835	0.7946	1	WVLOSK0053	2.935185185	3.776470588	3.738872404	2.130328867	4.046734955	4	2	2017	1
WV_KPV_001	17533	6	71202.4921875	201518.609375	707.55908203125	0.698833724162564	1.949517	0.514	1	WVLOSK0053	2.935185185	3.776470588	3.738872404	2.130328867	4.046734955	4	2	2018	1
WV_KPV_001	17560	6	71202.4921875	201518.609375	707.55908203125	0.17082602146196	0.433728	0.424	1	WVLOSK0053	2.935185185	3.776470588	3.738872404	2.130328867	4.046734955	4	2	2018	1
WV_KPV_001	17575	6	71202.4921875	201518.609375	707.55908203125	0.0931778298883419	0.178461	0.5243	1	WVLOSK0053	2.935185185	3.776470588	3.738872404	2.130328867	4.046734955	4	2	2018	1
WV_KPV_001	17637	6	71202.4921875	201518.609375	707.55908203125	0.0388240957868091	0.074547	0.5507	1	WVLOSK0053	2.935185185	3.776470588	3.738872404	2.130328867	4.046734955	4	2	2018	1
WV_KPV_001	17666	6	71202.4921875	201518.609375	707.55908203125	0.0388240957868091	0.040662	0.6195	1	WVLOSK0053	2.935185185	3.776470588	3.738872404	2.130328867	4.046734955	4	2	2018	1
WV_NOD_016	17708	1	28715.5	200382.140625	327.978393554688	0.0388240957868091	0.04518	0.0632	1	WVLKOK0017	1.154929577	3.777777778	4.210182768	4.274230331	3.759715026	1	2	2018	1
WV_NOD_016	17742	1	28715.5	200382.140625	327.978393554688	0.0543537341015328	0.664146	0.1237	1	WVLKOK0017	1.154929577	3.777777778	4.210182768	4.274230331	3.759715026	1	2	2018	1
WV_NOD_016	17763	1	28715.5	200382.140625	327.978393554688	0.0465889149441709	0.06777	0.8681	1	WVLKOK0017	1.154929577	3.777777778	4.210182768	4.274230331	3.759715026	1	2	2018	1
WV_NOD_016	17777	1	28715.5	200382.140625	327.978393554688	0.0543537341015328	0.036144	0.255	1	WVLKOK0017	1.154929577	3.777777778	4.210182768	4.274230331	3.759715026	1	2	2018	1
WV_NOD_016	17862	1	28715.5	200382.140625	327.978393554688	0.108707468203066	0.036144	0.1095	1	WVLKOK0017	1.154929577	3.777777778	4.210182768	4.274230331	3.759715026	1	2	2018	1
WV_NOD_016	17876	1	28715.5	200382.140625	327.978393554688	0.0931778298883419	0.063252	0.0846	1	WVLKOK0017	1.154929577	3.777777778	4.210182768	4.274230331	3.759715026	1	2	2018	1
WV_BUL_001	16195	3	75697.34375	200419.921875	12563.84765625	0.0776481915736183	0.038403	NA	1	WVLBRN0145	2.358864028	3.791666667	4.323795181	3.050603528	3.611450382	4	2	2014	1
WV_BUL_001	16245	3	75697.34375	200419.921875	12563.84765625	0.0776481915736183	0.063252	NA	1	WVLBRN0145	2.358864028	3.791666667	4.323795181	3.050603528	3.611450382	4	2	2014	1
WV_BUL_001	16274	3	75697.34375	200419.921875	12563.84765625	0.0776481915736183	0.092619	NA	1	WVLBRN0145	2.358864028	3.791666667	4.323795181	3.050603528	3.611450382	4	2	2014	1
WV_BUL_001	16308	3	75697.34375	200419.921875	12563.84765625	0.225179755563493	0.223641	NA	1	WVLBRN0145	2.358864028	3.791666667	4.323795181	3.050603528	3.611450382	4	2	2014	1
WV_BUL_001	16342	3	75697.34375	200419.921875	12563.84765625	0.108707468203066	0.121986	NA	1	WVLBRN0145	2.358864028	3.791666667	4.323795181	3.050603528	3.611450382	4	2	2014	1
WV_BUL_001	16392	3	75697.34375	200419.921875	12563.84765625	1.42872672495458	0.117468	NA	1	WVLBRN0145	2.358864028	3.791666667	4.323795181	3.050603528	3.611450382	4	2	2014	1
WV_ZWI_045	17707	1	78093.9453125	228497.015625	140.512512207031	0.0621185532588946	0.038403	0.0381	1	WVLKNO0025	1.43373494	3.792792793	2.61031746	4.081225033	3.959397511	1	2	2018	1
WV_ZWI_045	17721	1	78093.9453125	228497.015625	140.512512207031	0.0465889149441709	0.054216	0.02	1	WVLKNO0025	1.43373494	3.792792793	2.61031746	4.081225033	3.959397511	1	2	2018	1
WV_ZWI_045	17770	1	78093.9453125	228497.015625	140.512512207031	0.0543537341015328	0.031626	0.0237	1	WVLKNO0025	1.43373494	3.792792793	2.61031746	4.081225033	3.959397511	1	2	2018	1
WV_ZWI_045	17799	1	78093.9453125	228497.015625	140.512512207031	0.0388240957868091	0.063252	0.0228	1	WVLKNO0025	1.43373494	3.792792793	2.61031746	4.081225033	3.959397511	1	2	2018	1
WV_ZWI_045	17819	1	78093.9453125	228497.015625	140.512512207031	0.0698833724162564	0.056475	0.02	1	WVLKNO0025	1.43373494	3.792792793	2.61031746	4.081225033	3.959397511	1	2	2018	1
WV_ZWI_045	17855	1	78093.9453125	228497.015625	140.512512207031	0.442594691969624	0.029367	0.1298	1	WVLKNO0025	1.43373494	3.792792793	2.61031746	4.081225033	3.959397511	1	2	2018	1
WV_ZWI_045	17875	1	78093.9453125	228497.015625	140.512512207031	0.0388240957868091	0.054216	0.02	1	WVLKNO0025	1.43373494	3.792792793	2.61031746	4.081225033	3.959397511	1	2	2018	1
WV_ZWI_011	17707	1	77460.4453125	228294.234375	890.821960449219	0.0388240957868091	0.038403	0.0261	1	WVLKNO0039	1.486956522	3.794871795	3.9539801	4.259416768	3.795081967	1	2	2018	1
WV_ZWI_011	17721	1	77460.4453125	228294.234375	890.821960449219	0.0388240957868091	0.065511	0.02	1	WVLKNO0039	1.486956522	3.794871795	3.9539801	4.259416768	3.795081967	1	2	2018	1
WV_ZWI_011	17770	1	77460.4453125	228294.234375	890.821960449219	0.0388240957868091	0.051957	0.0232	1	WVLKNO0039	1.486956522	3.794871795	3.9539801	4.259416768	3.795081967	1	2	2018	1
WV_ZWI_011	17799	1	77460.4453125	228294.234375	890.821960449219	0.0388240957868091	0.196533	0.02	1	WVLKNO0039	1.486956522	3.794871795	3.9539801	4.259416768	3.795081967	1	2	2018	1
WV_ZWI_011	17819	1	77460.4453125	228294.234375	890.821960449219	0.0698833724162564	0.056475	0.02	1	WVLKNO0039	1.486956522	3.794871795	3.9539801	4.259416768	3.795081967	1	2	2018	1
WV_ZWI_011	17855	1	77460.4453125	228294.234375	890.821960449219	0.0621185532588946	0.02259	0.02	1	WVLKNO0039	1.486956522	3.794871795	3.9539801	4.259416768	3.795081967	1	2	2018	1
WV_ZWI_011	17875	1	77460.4453125	228294.234375	890.821960449219	0.0388240957868091	0.042921	0.02	1	WVLKNO0039	1.486956522	3.794871795	3.9539801	4.259416768	3.795081967	1	2	2018	1
LI_HAL_002	17344	6	201697.484375	186270.921875	3556.89135742188	0.100942649045704	0.13554	0.171	1	LIMHLN0068	2.23877551	3.795	2.927777778	3.538751346	3.32883187	5	3	2017	1
LI_HAL_002	17372	6	201697.484375	186270.921875	3556.89135742188	0.0621185532588946	0.11295	0.191	1	LIMHLN0068	2.23877551	3.795	2.927777778	3.538751346	3.32883187	5	3	2017	1
LI_HAL_002	17399	6	201697.484375	186270.921875	3556.89135742188	0.0698833724162564	0.108432	0.104	1	LIMHLN0068	2.23877551	3.795	2.927777778	3.538751346	3.32883187	5	3	2017	1
LI_HAL_002	17434	6	201697.484375	186270.921875	3556.89135742188	0.0776481915736183	0.128763	0.106	1	LIMHLN0068	2.23877551	3.795	2.927777778	3.538751346	3.32883187	5	3	2017	1
LI_HAL_002	17462	6	201697.484375	186270.921875	3556.89135742188	0.108707468203066	0.144576	0.2813	1	LIMHLN0068	2.23877551	3.795	2.927777778	3.538751346	3.32883187	5	3	2017	1
LI_HAL_002	17490	6	201697.484375	186270.921875	3556.89135742188	0.217414936406131	0.124245	0.1041	1	LIMHLN0068	2.23877551	3.795	2.927777778	3.538751346	3.32883187	5	3	2017	1
LI_HAL_002	17519	6	201697.484375	186270.921875	3556.89135742188	0.388240957868091	0.169425	0.1333	1	LIMHLN0068	2.23877551	3.795	2.927777778	3.538751346	3.32883187	5	3	2017	1
LI_HAL_002	17553	6	201697.484375	186270.921875	3556.89135742188	0.597891075116861	0.115209	0.061	1	LIMHLN0068	2.23877551	3.795	2.927777778	3.538751346	3.32883187	5	3	2018	1
LI_HAL_002	17581	6	201697.484375	186270.921875	3556.89135742188	0.279533489665026	0.178461	0.0339	1	LIMHLN0068	2.23877551	3.795	2.927777778	3.538751346	3.32883187	5	3	2018	1
LI_HAL_002	17602	6	201697.484375	186270.921875	3556.89135742188	0.0388240957868091	0.182979	0.141	1	LIMHLN0068	2.23877551	3.795	2.927777778	3.538751346	3.32883187	5	3	2018	1
LI_HAL_002	17625	6	201697.484375	186270.921875	3556.89135742188	0.0776481915736183	0.146835	0.023	1	LIMHLN0068	2.23877551	3.795	2.927777778	3.538751346	3.32883187	5	3	2018	1
LI_HAL_002	17680	6	201697.484375	186270.921875	3556.89135742188	0.132001925675151	0.15813	0.147	1	LIMHLN0068	2.23877551	3.795	2.927777778	3.538751346	3.32883187	5	3	2018	1
LI_EGO_001	17693	6	213213.765625	160340.03125	95.344123840332	0.0388240957868091	0.02259	0.0314	1	LIMHEE0063	2	3.801136364	2.569293478	3.13302139	1.519093079	10	1	2018	1
LI_EGO_001	17714	6	213213.765625	160340.03125	95.344123840332	0.0388240957868091	0.038403	0.0241	1	LIMHEE0063	2	3.801136364	2.569293478	3.13302139	1.519093079	10	1	2018	1
LI_EGO_001	17749	6	213213.765625	160340.03125	95.344123840332	0.0388240957868091	0.02259	0.0482	1	LIMHEE0063	2	3.801136364	2.569293478	3.13302139	1.519093079	10	1	2018	1
LI_EGO_001	17798	6	213213.765625	160340.03125	95.344123840332	0.0621185532588946	0.04518	0.6776	1	LIMHEE0063	2	3.801136364	2.569293478	3.13302139	1.519093079	10	1	2018	1
LI_EGO_001	17827	6	213213.765625	160340.03125	95.344123840332	0.0465889149441709	0.38403	0.02	1	LIMHEE0063	2	3.801136364	2.569293478	3.13302139	1.519093079	10	1	2018	1
LI_EGO_001	17854	6	213213.765625	160340.03125	95.344123840332	0.481418787756433	0.027108	0.0263	1	LIMHEE0063	2	3.801136364	2.569293478	3.13302139	1.519093079	10	1	2018	1
LI_EGO_001	17883	6	213213.765625	160340.03125	95.344123840332	0.0388240957868091	0.02259	0.0422	1	LIMHEE0063	2	3.801136364	2.569293478	3.13302139	1.519093079	10	1	2018	1
AN_KSV_006	17693	3	158799.609375	225374.046875	633.056762695312	0.0388240957868091	0.065511	0.0938	1	ANTBRS0179	2.531128405	3.803571429	3.650815217	3.827017115	3.539403213	5	2	2018	1
AN_KSV_006	17735	3	158799.609375	225374.046875	633.056762695312	0.0931778298883419	0.070029	0.0694	1	ANTBRS0179	2.531128405	3.803571429	3.650815217	3.827017115	3.539403213	5	2	2018	1
AN_KSV_006	17763	3	158799.609375	225374.046875	633.056762695312	0.100942649045704	0.108432	0.2941	1	ANTBRS0179	2.531128405	3.803571429	3.650815217	3.827017115	3.539403213	5	2	2018	1
AN_KSV_006	17869	3	158799.609375	225374.046875	633.056762695312	2.07320671501561	0.06777	0.0203	1	ANTBRS0179	2.531128405	3.803571429	3.650815217	3.827017115	3.539403213	5	2	2018	1
WV_ZWI_042	17707	1	77983.7890625	228521.921875	169.672210693359	0.0388240957868091	0.02259	0.0251	1	WVLKNO0002	1.6	3.810344828	2.24742268	4.003726708	3.975428146	1	2	2018	1
WV_ZWI_042	17721	1	77983.7890625	228521.921875	169.672210693359	0.0621185532588946	0.228159	0.0212	1	WVLKNO0002	1.6	3.810344828	2.24742268	4.003726708	3.975428146	1	2	2018	1
WV_ZWI_042	17770	1	77983.7890625	228521.921875	169.672210693359	0.0388240957868091	0.027108	0.02	1	WVLKNO0002	1.6	3.810344828	2.24742268	4.003726708	3.975428146	1	2	2018	1
WV_ZWI_042	17799	1	77983.7890625	228521.921875	169.672210693359	0.0388240957868091	0.162648	0.02	1	WVLKNO0002	1.6	3.810344828	2.24742268	4.003726708	3.975428146	1	2	2018	1
WV_ZWI_042	17819	1	77983.7890625	228521.921875	169.672210693359	0.0621185532588946	0.047439	0.02	1	WVLKNO0002	1.6	3.810344828	2.24742268	4.003726708	3.975428146	1	2	2018	1
WV_ZWI_042	17855	1	77983.7890625	228521.921875	169.672210693359	0.100942649045704	0.024849	0.022	1	WVLKNO0002	1.6	3.810344828	2.24742268	4.003726708	3.975428146	1	2	2018	1
WV_ZWI_042	17875	1	77983.7890625	228521.921875	169.672210693359	0.0388240957868091	0.29367	0.02	1	WVLKNO0002	1.6	3.810344828	2.24742268	4.003726708	3.975428146	1	2	2018	1
AN_RAV_002	17329	3	198847.484375	231074.75	2163.51318359375	0.0388240957868091	0.04518	0.1634	1	ANTARE0025	2.893034826	3.814917127	3.675046555	3.55806142	3.282841823	5	2	2017	1
AN_RAV_002	17351	3	198847.484375	231074.75	2163.51318359375	0.0388240957868091	0.049698	0.0948	1	ANTARE0025	2.893034826	3.814917127	3.675046555	3.55806142	3.282841823	5	2	2017	1
AN_RAV_002	17378	3	198847.484375	231074.75	2163.51318359375	0.0543537341015328	0.076806	0.1748	1	ANTARE0025	2.893034826	3.814917127	3.675046555	3.55806142	3.282841823	5	2	2017	1
AN_RAV_002	17435	3	198847.484375	231074.75	2163.51318359375	0.124237106517789	0.182979	0.143	1	ANTARE0025	2.893034826	3.814917127	3.675046555	3.55806142	3.282841823	5	2	2017	1
AN_RAV_002	17455	3	198847.484375	231074.75	2163.51318359375	0.116472287360427	0.365958	0.0587	1	ANTARE0025	2.893034826	3.814917127	3.675046555	3.55806142	3.282841823	5	2	2017	1
AN_RAV_002	17491	3	198847.484375	231074.75	2163.51318359375	0.0621185532588946	0.795168	0.0641	1	ANTARE0025	2.893034826	3.814917127	3.675046555	3.55806142	3.282841823	5	2	2017	1
AN_RAV_002	17511	3	198847.484375	231074.75	2163.51318359375	0.17082602146196	1.484163	0.0613	1	ANTARE0025	2.893034826	3.814917127	3.675046555	3.55806142	3.282841823	5	2	2017	1
AN_RAV_002	17540	3	198847.484375	231074.75	2163.51318359375	0.100942649045704	2.132496	0.0829	1	ANTARE0025	2.893034826	3.814917127	3.675046555	3.55806142	3.282841823	5	2	2018	1
AN_RAV_002	17561	3	198847.484375	231074.75	2163.51318359375	0.0388240957868091	2.498454	0.053	1	ANTARE0025	2.893034826	3.814917127	3.675046555	3.55806142	3.282841823	5	2	2018	1
AN_RAV_002	17596	3	198847.484375	231074.75	2163.51318359375	0.0388240957868091	2.550411	0.059	1	ANTARE0025	2.893034826	3.814917127	3.675046555	3.55806142	3.282841823	5	2	2018	1
AN_RAV_002	17630	3	198847.484375	231074.75	2163.51318359375	0.0698833724162564	1.960812	0.034	1	ANTARE0025	2.893034826	3.814917127	3.675046555	3.55806142	3.282841823	5	2	2018	1
AN_RAV_002	17666	3	198847.484375	231074.75	2163.51318359375	0.0698833724162564	0.13554	0.0716	1	ANTARE0025	2.893034826	3.814917127	3.675046555	3.55806142	3.282841823	5	2	2018	1
WV_LEI_001	16958	6	72808.359375	205803.96875	2716.8681640625	0.108707468203066	0.246231	0.236	1	WVLOSK0526	2	3.81512605	4.176870748	4.225707257	3.681632653	3	1	2016	1
WV_LEI_001	16987	6	72808.359375	205803.96875	2716.8681640625	0.0776481915736183	0.02259	0.2893	1	WVLOSK0526	2	3.81512605	4.176870748	4.225707257	3.681632653	3	1	2016	1
WV_LEI_001	17022	6	72808.359375	205803.96875	2716.8681640625	0.0698833724162564	0.02259	0.1844	1	WVLOSK0526	2	3.81512605	4.176870748	4.225707257	3.681632653	3	1	2016	1
WV_LEI_001	17057	6	72808.359375	205803.96875	2716.8681640625	0.155296383147237	0.02259	0.1955	1	WVLOSK0526	2	3.81512605	4.176870748	4.225707257	3.681632653	3	1	2016	1
WV_LEI_001	17085	6	72808.359375	205803.96875	2716.8681640625	0.0698833724162564	0.027108	0.1026	1	WVLOSK0526	2	3.81512605	4.176870748	4.225707257	3.681632653	3	1	2016	1
WV_LEI_001	17113	6	72808.359375	205803.96875	2716.8681640625	0.194120478934046	0.047439	0.2991	1	WVLOSK0526	2	3.81512605	4.176870748	4.225707257	3.681632653	3	1	2016	1
WV_LEI_001	17134	6	72808.359375	205803.96875	2716.8681640625	0.0776481915736183	0.128763	0.0866	1	WVLOSK0526	2	3.81512605	4.176870748	4.225707257	3.681632653	3	1	2016	1
WV_LEI_001	17169	6	72808.359375	205803.96875	2716.8681640625	0.116472287360427	0.079065	0.1539	1	WVLOSK0526	2	3.81512605	4.176870748	4.225707257	3.681632653	3	1	2017	1
WV_LEI_001	17211	6	72808.359375	205803.96875	2716.8681640625	0.0543537341015328	0.153612	0.0767	1	WVLOSK0526	2	3.81512605	4.176870748	4.225707257	3.681632653	3	1	2017	1
WV_LEI_001	17239	6	72808.359375	205803.96875	2716.8681640625	0.0621185532588946	0.063252	0.0884	1	WVLOSK0526	2	3.81512605	4.176870748	4.225707257	3.681632653	3	1	2017	1
WV_LEI_001	17260	6	72808.359375	205803.96875	2716.8681640625	0.0931778298883419	0.060993	0.2006	1	WVLOSK0526	2	3.81512605	4.176870748	4.225707257	3.681632653	3	1	2017	1
WV_LEI_001	17302	6	72808.359375	205803.96875	2716.8681640625	0.0465889149441709	0.074547	0.163	1	WVLOSK0526	2	3.81512605	4.176870748	4.225707257	3.681632653	3	1	2017	1
WV_LEI_003	17336	6	73042.921875	205622.390625	151.994033813477	0.0465889149441709	0.054216	0.12	1	WVLOSK0526	2	3.81512605	4.176870748	4.225707257	3.681632653	3	1	2017	1
WV_LEI_003	17351	6	73042.921875	205622.390625	151.994033813477	0.0388240957868091	0.036144	0.0793	1	WVLOSK0526	2	3.81512605	4.176870748	4.225707257	3.681632653	3	1	2017	1
WV_LEI_003	17385	6	73042.921875	205622.390625	151.994033813477	0.0465889149441709	0.031626	0.02	1	WVLOSK0526	2	3.81512605	4.176870748	4.225707257	3.681632653	3	1	2017	1
WV_LEI_003	17435	6	73042.921875	205622.390625	151.994033813477	0.0388240957868091	0.072288	0.043	1	WVLOSK0526	2	3.81512605	4.176870748	4.225707257	3.681632653	3	1	2017	1
WV_LEI_003	17476	6	73042.921875	205622.390625	151.994033813477	0.0465889149441709	0.056475	0.02	1	WVLOSK0526	2	3.81512605	4.176870748	4.225707257	3.681632653	3	1	2017	1
WV_LEI_003	17504	6	73042.921875	205622.390625	151.994033813477	0.0388240957868091	0.040662	0.0435	1	WVLOSK0526	2	3.81512605	4.176870748	4.225707257	3.681632653	3	1	2017	1
WV_LEI_003	17533	6	73042.921875	205622.390625	151.994033813477	0.0465889149441709	3.399795	0.1914	1	WVLOSK0526	2	3.81512605	4.176870748	4.225707257	3.681632653	3	1	2018	1
WV_LEI_003	17560	6	73042.921875	205622.390625	151.994033813477	0.0388240957868091	0.031626	0.02	1	WVLOSK0526	2	3.81512605	4.176870748	4.225707257	3.681632653	3	1	2018	1
WV_LEI_003	17575	6	73042.921875	205622.390625	151.994033813477	0.0543537341015328	0.038403	0.02	1	WVLOSK0526	2	3.81512605	4.176870748	4.225707257	3.681632653	3	1	2018	1
WV_LEI_003	17637	6	73042.921875	205622.390625	151.994033813477	0.0388240957868091	0.06777	0.0644	1	WVLOSK0526	2	3.81512605	4.176870748	4.225707257	3.681632653	3	1	2018	1
WV_LEI_003	17666	6	73042.921875	205622.390625	151.994033813477	0.0388240957868091	0.060993	0.1332	1	WVLOSK0526	2	3.81512605	4.176870748	4.225707257	3.681632653	3	1	2018	1
WV_WAD_004	17701	1	39929.9140625	208582.921875	373.146057128906	0.0388240957868091	0.02259	0.0536	1	WVLMID0136	1.618421053	3.822580645	4.125348189	4.32374541	3.932657495	1	2	2018	1
WV_WAD_004	17721	1	39929.9140625	208582.921875	373.146057128906	0.0388240957868091	0.029367	0.3137	1	WVLMID0136	1.618421053	3.822580645	4.125348189	4.32374541	3.932657495	1	2	2018	1
WV_WAD_004	17882	1	39929.9140625	208582.921875	373.146057128906	0.0388240957868091	0.056475	0.0482	1	WVLMID0136	1.618421053	3.822580645	4.125348189	4.32374541	3.932657495	1	2	2018	1
WV_ZWI_116	16839	8	79604.0703125	228246.546875	761.705871582031	0.0388240957868091	0.221382	0.0917	1	WVLKNO0014	1.948717949	3.833333333	3.493069307	4.292418773	3.966958867	1	2	2016	1
WV_ZWI_116	16867	8	79604.0703125	228246.546875	761.705871582031	0.0388240957868091	0.02259	0.131	1	WVLKNO0014	1.948717949	3.833333333	3.493069307	4.292418773	3.966958867	1	2	2016	1
WV_ZWI_116	16902	8	79604.0703125	228246.546875	761.705871582031	0.0388240957868091	0.490203	0.2808	1	WVLKNO0014	1.948717949	3.833333333	3.493069307	4.292418773	3.966958867	1	2	2016	1
WV_ZWI_116	16930	8	79604.0703125	228246.546875	761.705871582031	0.132001925675151	0.02259	0.3712	1	WVLKNO0014	1.948717949	3.833333333	3.493069307	4.292418773	3.966958867	1	2	2016	1
WV_ZWI_116	16958	8	79604.0703125	228246.546875	761.705871582031	0.0388240957868091	2.570742	0.286	1	WVLKNO0014	1.948717949	3.833333333	3.493069307	4.292418773	3.966958867	1	2	2016	1
WV_ZWI_116	16987	8	79604.0703125	228246.546875	761.705871582031	0.108707468203066	0.02259	1.0299	1	WVLKNO0014	1.948717949	3.833333333	3.493069307	4.292418773	3.966958867	1	2	2016	1
WV_ZWI_116	17022	8	79604.0703125	228246.546875	761.705871582031	0.364946500396006	0.783873	1.002	1	WVLKNO0014	1.948717949	3.833333333	3.493069307	4.292418773	3.966958867	1	2	2016	1
WV_ZWI_116	17113	8	79604.0703125	228246.546875	761.705871582031	0.0388240957868091	0.02259	0.1404	1	WVLKNO0014	1.948717949	3.833333333	3.493069307	4.292418773	3.966958867	1	2	2016	1
WV_ZWI_116	17134	8	79604.0703125	228246.546875	761.705871582031	0.442594691969624	0.02259	0.1113	1	WVLKNO0014	1.948717949	3.833333333	3.493069307	4.292418773	3.966958867	1	2	2016	1
WV_ZWI_116	17169	8	79604.0703125	228246.546875	761.705871582031	0.0388240957868091	0.4518	0.0808	1	WVLKNO0014	1.948717949	3.833333333	3.493069307	4.292418773	3.966958867	1	2	2017	1
WV_ZWI_116	17211	8	79604.0703125	228246.546875	761.705871582031	0.504713245228519	0.094878	0.0865	1	WVLKNO0014	1.948717949	3.833333333	3.493069307	4.292418773	3.966958867	1	2	2017	1
WV_ZWI_116	17239	8	79604.0703125	228246.546875	761.705871582031	0.178590840619322	0.054216	0.02	1	WVLKNO0014	1.948717949	3.833333333	3.493069307	4.292418773	3.966958867	1	2	2017	1
WV_ZWI_116	17260	8	79604.0703125	228246.546875	761.705871582031	0.450359511126986	0.381771	0.0829	1	WVLKNO0014	1.948717949	3.833333333	3.493069307	4.292418773	3.966958867	1	2	2017	1
WV_ZWI_116	17302	8	79604.0703125	228246.546875	761.705871582031	0.4270650536549	0.345627	0.353	1	WVLKNO0014	1.948717949	3.833333333	3.493069307	4.292418773	3.966958867	1	2	2017	1
WV_ZWI_116	17337	8	79604.0703125	228246.546875	761.705871582031	1.10260432034538	0.63252	1.051	1	WVLKNO0014	1.948717949	3.833333333	3.493069307	4.292418773	3.966958867	1	2	2017	1
WV_ZWI_116	17357	8	79604.0703125	228246.546875	761.705871582031	2.31391610889382	0.510534	0.4186	1	WVLKNO0014	1.948717949	3.833333333	3.493069307	4.292418773	3.966958867	1	2	2017	1
WV_ZWI_116	17379	8	79604.0703125	228246.546875	761.705871582031	0.0388240957868091	0.02259	1.3072	1	WVLKNO0014	1.948717949	3.833333333	3.493069307	4.292418773	3.966958867	1	2	2017	1
WV_ZWI_116	17414	8	79604.0703125	228246.546875	761.705871582031	0.0388240957868091	0.413397	0.4825	1	WVLKNO0014	1.948717949	3.833333333	3.493069307	4.292418773	3.966958867	1	2	2017	1
WV_ZWI_116	17456	8	79604.0703125	228246.546875	761.705871582031	0.419300234497539	0.304965	0.3893	1	WVLKNO0014	1.948717949	3.833333333	3.493069307	4.292418773	3.966958867	1	2	2017	1
WV_ZWI_116	17491	8	79604.0703125	228246.546875	761.705871582031	2.54686068361468	0.13554	0.02	1	WVLKNO0014	1.948717949	3.833333333	3.493069307	4.292418773	3.966958867	1	2	2017	1
WV_ZWI_116	17547	8	79604.0703125	228246.546875	761.705871582031	0.714363362477288	0.445023	0.044	1	WVLKNO0014	1.948717949	3.833333333	3.493069307	4.292418773	3.966958867	1	2	2018	1
WV_ZWI_116	17589	8	79604.0703125	228246.546875	761.705871582031	1.14142841613219	0.070029	0.39	1	WVLKNO0014	1.948717949	3.833333333	3.493069307	4.292418773	3.966958867	1	2	2018	1
WV_ZWI_116	17616	8	79604.0703125	228246.546875	761.705871582031	0.364946500396006	0.11295	0.073	1	WVLKNO0014	1.948717949	3.833333333	3.493069307	4.292418773	3.966958867	1	2	2018	1
WV_ZWI_116	17645	8	79604.0703125	228246.546875	761.705871582031	0.0388240957868091	0.334332	0.6109	1	WVLKNO0014	1.948717949	3.833333333	3.493069307	4.292418773	3.966958867	1	2	2018	1
AN_NOL_001	16581	7	154543.8125	234652.890625	33305.09375	0.0388240957868091	0.02259	0.0539	1	ANTKAL0383	2.165794979	3.835164835	3.218023256	3.471319312	3.566160521	5	2	2015	1
AN_NOL_001	16601	7	154543.8125	234652.890625	33305.09375	0.0465889149441709	0.047439	0.047	1	ANTKAL0383	2.165794979	3.835164835	3.218023256	3.471319312	3.566160521	5	2	2015	1
AN_NOL_001	16616	7	154543.8125	234652.890625	33305.09375	0.100942649045704	0.083583	0.0841	1	ANTKAL0383	2.165794979	3.835164835	3.218023256	3.471319312	3.566160521	5	2	2015	1
AN_NOL_001	16643	7	154543.8125	234652.890625	33305.09375	0.0388240957868091	0.027108	0.092	1	ANTKAL0383	2.165794979	3.835164835	3.218023256	3.471319312	3.566160521	5	2	2015	1
AN_NOL_001	16671	7	154543.8125	234652.890625	33305.09375	0.0543537341015328	0.070029	0.0687	1	ANTKAL0383	2.165794979	3.835164835	3.218023256	3.471319312	3.566160521	5	2	2015	1
AN_NOL_001	16699	7	154543.8125	234652.890625	33305.09375	0.450359511126986	0.09036	0.1263	1	ANTKAL0383	2.165794979	3.835164835	3.218023256	3.471319312	3.566160521	5	2	2015	1
AN_NOL_001	16734	7	154543.8125	234652.890625	33305.09375	0.745422639106735	0.124245	0.18	1	ANTKAL0383	2.165794979	3.835164835	3.218023256	3.471319312	3.566160521	5	2	2015	1
AN_NOL_001	16762	7	154543.8125	234652.890625	33305.09375	2.43815321541161	0.155871	0.164	1	ANTKAL0383	2.165794979	3.835164835	3.218023256	3.471319312	3.566160521	5	2	2015	1
AN_NOL_001	16805	7	154543.8125	234652.890625	33305.09375	1.32778407590887	0.207828	0.0441	1	ANTKAL0383	2.165794979	3.835164835	3.218023256	3.471319312	3.566160521	5	2	2016	1
AN_NOL_001	16832	7	154543.8125	234652.890625	33305.09375	0.132001925675151	0.187497	0.0452	1	ANTKAL0383	2.165794979	3.835164835	3.218023256	3.471319312	3.566160521	5	2	2016	1
AN_NOL_001	16860	7	154543.8125	234652.890625	33305.09375	0.0698833724162564	0.182979	0.0358	1	ANTKAL0383	2.165794979	3.835164835	3.218023256	3.471319312	3.566160521	5	2	2016	1
AN_NOL_001	16896	7	154543.8125	234652.890625	33305.09375	0.0465889149441709	0.13554	0.048	1	ANTKAL0383	2.165794979	3.835164835	3.218023256	3.471319312	3.566160521	5	2	2016	1
AN_NOL_001	16924	7	154543.8125	234652.890625	33305.09375	0.0388240957868091	0.02259	0.0354	1	ANTKAL0383	2.165794979	3.835164835	3.218023256	3.471319312	3.566160521	5	2	2016	1
WV_TYD_009	17708	1	32512.6484375	203691.53125	234.076705932617	0.0388240957868091	0.033885	0.0451	1	WVLKOK0010	2.733870968	3.836842105	4.049418605	4.171568627	3.815891473	1	2	2018	1
WV_TYD_009	17742	1	32512.6484375	203691.53125	234.076705932617	0.0388240957868091	0.024849	0.0374	1	WVLKOK0010	2.733870968	3.836842105	4.049418605	4.171568627	3.815891473	1	2	2018	1
WV_TYD_009	17763	1	32512.6484375	203691.53125	234.076705932617	0.0388240957868091	0.027108	0.0264	1	WVLKOK0010	2.733870968	3.836842105	4.049418605	4.171568627	3.815891473	1	2	2018	1
WV_TYD_009	17777	1	32512.6484375	203691.53125	234.076705932617	0.0388240957868091	0.036144	0.0292	1	WVLKOK0010	2.733870968	3.836842105	4.049418605	4.171568627	3.815891473	1	2	2018	1
WV_TYD_009	17876	1	32512.6484375	203691.53125	234.076705932617	0.0854130107309801	0.054216	0.0364	1	WVLKOK0010	2.733870968	3.836842105	4.049418605	4.171568627	3.815891473	1	2	2018	1
AN_GSV_006	16959	7	163455.25	226544.671875	2788.05346679688	0.0388240957868091	0.049698	0.02	1	ANTBCT0231	2.215320911	3.840206186	2.848699764	1.48318872	2.55174453	5	2	2016	1
AN_GSV_006	16987	7	163455.25	226544.671875	2788.05346679688	0.0388240957868091	0.02259	0.02	1	ANTBCT0231	2.215320911	3.840206186	2.848699764	1.48318872	2.55174453	5	2	2016	1
AN_GSV_006	17035	7	163455.25	226544.671875	2788.05346679688	0.0388240957868091	0.02259	0.02	1	ANTBCT0231	2.215320911	3.840206186	2.848699764	1.48318872	2.55174453	5	2	2016	1
AN_GSV_006	17056	7	163455.25	226544.671875	2788.05346679688	0.0388240957868091	0.02259	0.02	1	ANTBCT0231	2.215320911	3.840206186	2.848699764	1.48318872	2.55174453	5	2	2016	1
AN_GSV_006	17126	7	163455.25	226544.671875	2788.05346679688	0.248474213035578	0.18072	0.02	1	ANTBCT0231	2.215320911	3.840206186	2.848699764	1.48318872	2.55174453	5	2	2016	1
AN_GSV_006	17141	7	163455.25	226544.671875	2788.05346679688	0.147531563989875	0.083583	0.0272	1	ANTBCT0231	2.215320911	3.840206186	2.848699764	1.48318872	2.55174453	5	2	2016	1
AN_GSV_006	17175	7	163455.25	226544.671875	2788.05346679688	0.0776481915736183	0.131022	0.02	1	ANTBCT0231	2.215320911	3.840206186	2.848699764	1.48318872	2.55174453	5	2	2017	1
AN_GSV_006	17224	7	163455.25	226544.671875	2788.05346679688	0.364946500396006	0.189756	0.02	1	ANTBCT0231	2.215320911	3.840206186	2.848699764	1.48318872	2.55174453	5	2	2017	1
AN_GSV_006	17253	7	163455.25	226544.671875	2788.05346679688	0.0776481915736183	0.140058	0.02	1	ANTBCT0231	2.215320911	3.840206186	2.848699764	1.48318872	2.55174453	5	2	2017	1
AN_GSV_006	17281	7	163455.25	226544.671875	2788.05346679688	0.0388240957868091	0.036144	0.02	1	ANTBCT0231	2.215320911	3.840206186	2.848699764	1.48318872	2.55174453	5	2	2017	1
AN_GSV_006	17315	7	163455.25	226544.671875	2788.05346679688	0.0621185532588946	0.056475	0.02	1	ANTBCT0231	2.215320911	3.840206186	2.848699764	1.48318872	2.55174453	5	2	2017	1
OV_DAM_001	16595	6	112363.7265625	194172.984375	8717.01953125	0.0388240957868091	0.02259	0.046	1	OVLDSB0184	2.739685658	3.843137255	3.69460501	3.601997897	3.481397115	3	4	2015	1
OV_DAM_001	16622	6	112363.7265625	194172.984375	8717.01953125	0.0388240957868091	0.02259	0.1508	1	OVLDSB0184	2.739685658	3.843137255	3.69460501	3.601997897	3.481397115	3	4	2015	1
OV_DAM_001	16650	6	112363.7265625	194172.984375	8717.01953125	0.0388240957868091	0.060993	0.07	1	OVLDSB0184	2.739685658	3.843137255	3.69460501	3.601997897	3.481397115	3	4	2015	1
OV_DAM_001	16678	6	112363.7265625	194172.984375	8717.01953125	0.0388240957868091	0.031626	0.0569	1	OVLDSB0184	2.739685658	3.843137255	3.69460501	3.601997897	3.481397115	3	4	2015	1
OV_DAM_001	16713	6	112363.7265625	194172.984375	8717.01953125	0.0388240957868091	0.029367	0.06	1	OVLDSB0184	2.739685658	3.843137255	3.69460501	3.601997897	3.481397115	3	4	2015	1
OV_DAM_001	16742	6	112363.7265625	194172.984375	8717.01953125	0.0388240957868091	0.040662	0.06	1	OVLDSB0184	2.739685658	3.843137255	3.69460501	3.601997897	3.481397115	3	4	2015	1
OV_DAM_001	16770	6	112363.7265625	194172.984375	8717.01953125	0.349416862081282	0.275598	0.12	1	OVLDSB0184	2.739685658	3.843137255	3.69460501	3.601997897	3.481397115	3	4	2015	1
OV_DAM_001	16811	6	112363.7265625	194172.984375	8717.01953125	0.403770596182815	0.494721	0.1507	1	OVLDSB0184	2.739685658	3.843137255	3.69460501	3.601997897	3.481397115	3	4	2016	1
OV_DAM_001	16839	6	112363.7265625	194172.984375	8717.01953125	0.108707468203066	0.481167	0.1574	1	OVLDSB0184	2.739685658	3.843137255	3.69460501	3.601997897	3.481397115	3	4	2016	1
OV_DAM_001	16867	6	112363.7265625	194172.984375	8717.01953125	0.147531563989875	0.02259	0.1105	1	OVLDSB0184	2.739685658	3.843137255	3.69460501	3.601997897	3.481397115	3	4	2016	1
OV_DAM_001	16902	6	112363.7265625	194172.984375	8717.01953125	0.0388240957868091	0.060993	0.0728	1	OVLDSB0184	2.739685658	3.843137255	3.69460501	3.601997897	3.481397115	3	4	2016	1
OV_DAM_001	16931	6	112363.7265625	194172.984375	8717.01953125	0.139766744832513	0.024849	0.0668	1	OVLDSB0184	2.739685658	3.843137255	3.69460501	3.601997897	3.481397115	3	4	2016	1
WV_SBE_001	17701	1	38143.59375	205489.640625	2215.33178710938	0.0388240957868091	0.02259	1.5602	1	WVLMID0135	1.670542636	3.844444444	4.159438776	3.934670116	3.909442724	1	2	2018	1
WV_SBE_001	17721	1	38143.59375	205489.640625	2215.33178710938	0.854130107309801	0.036144	2.2674	1	WVLMID0135	1.670542636	3.844444444	4.159438776	3.934670116	3.909442724	1	2	2018	1
WV_SBE_001	17750	1	38143.59375	205489.640625	2215.33178710938	3.75040765300576	0.058734	1.3561	1	WVLMID0135	1.670542636	3.844444444	4.159438776	3.934670116	3.909442724	1	2	2018	1
WV_SBE_001	17785	1	38143.59375	205489.640625	2215.33178710938	0.72212818163465	0.056475	0.9895	1	WVLMID0135	1.670542636	3.844444444	4.159438776	3.934670116	3.909442724	1	2	2018	1
WV_SBE_001	17841	1	38143.59375	205489.640625	2215.33178710938	0.0388240957868091	0.02259	0.0824	1	WVLMID0135	1.670542636	3.844444444	4.159438776	3.934670116	3.909442724	1	2	2018	1
WV_SBE_001	17868	1	38143.59375	205489.640625	2215.33178710938	0.0388240957868091	0.02259	0.0601	1	WVLMID0135	1.670542636	3.844444444	4.159438776	3.934670116	3.909442724	1	2	2018	1
WV_SBE_001	17882	1	38143.59375	205489.640625	2215.33178710938	0.0388240957868091	0.040662	0.0929	1	WVLMID0135	1.670542636	3.844444444	4.159438776	3.934670116	3.909442724	1	2	2018	1
AN_RET_001	16217	5	196301.609375	212819.609375	50997.6796875	0.0776481915736183	0.029367	NA	1	ANTRET0236	2.438528558	3.850961538	3.45049505	2.666487648	2.671214642	5	2	2014	1
AN_RET_001	16237	5	196301.609375	212819.609375	50997.6796875	0.0776481915736183	0.027108	NA	1	ANTRET0236	2.438528558	3.850961538	3.45049505	2.666487648	2.671214642	5	2	2014	1
AN_RET_001	16259	5	196301.609375	212819.609375	50997.6796875	0.108707468203066	0.047439	NA	1	ANTRET0236	2.438528558	3.850961538	3.45049505	2.666487648	2.671214642	5	2	2014	1
AN_RET_001	16301	5	196301.609375	212819.609375	50997.6796875	0.0776481915736183	0.070029	NA	1	ANTRET0236	2.438528558	3.850961538	3.45049505	2.666487648	2.671214642	5	2	2014	1
AN_RET_001	16335	5	196301.609375	212819.609375	50997.6796875	0.0776481915736183	0.074547	NA	1	ANTRET0236	2.438528558	3.850961538	3.45049505	2.666487648	2.671214642	5	2	2014	1
AN_RET_001	16371	5	196301.609375	212819.609375	50997.6796875	0.186355659776684	0.176202	NA	1	ANTRET0236	2.438528558	3.850961538	3.45049505	2.666487648	2.671214642	5	2	2014	1
AN_FOR_001	17693	3	158763.25	224483.484375	46212.8046875	0.0388240957868091	0.031626	0.02	1	ANTBRS0178	2.246491228	3.858695652	3.559248555	3.917737789	3.505609574	5	4	2018	1
AN_FOR_001	17735	3	158763.25	224483.484375	46212.8046875	0.0543537341015328	0.029367	0.02	1	ANTBRS0178	2.246491228	3.858695652	3.559248555	3.917737789	3.505609574	5	4	2018	1
AN_FOR_001	17763	3	158763.25	224483.484375	46212.8046875	0.0388240957868091	0.027108	0.02	1	ANTBRS0178	2.246491228	3.858695652	3.559248555	3.917737789	3.505609574	5	4	2018	1
AN_FOR_001	17785	3	158763.25	224483.484375	46212.8046875	0.0388240957868091	0.027108	0.0651	1	ANTBRS0178	2.246491228	3.858695652	3.559248555	3.917737789	3.505609574	5	4	2018	1
AN_FOR_001	17819	3	158763.25	224483.484375	46212.8046875	0.139766744832513	0.04518	0.02	1	ANTBRS0178	2.246491228	3.858695652	3.559248555	3.917737789	3.505609574	5	4	2018	1
AN_FOR_001	17855	3	158763.25	224483.484375	46212.8046875	0.326122404609197	0.02259	0.02	1	ANTBRS0178	2.246491228	3.858695652	3.559248555	3.917737789	3.505609574	5	4	2018	1
AN_FOR_001	17869	3	158763.25	224483.484375	46212.8046875	0.209650117248769	0.146835	0.0503	1	ANTBRS0178	2.246491228	3.858695652	3.559248555	3.917737789	3.505609574	5	4	2018	1
WV_DAM_001	17337	6	73747.59375	216354.671875	4876.513671875	0.116472287360427	0.054216	0.376	1	WVLDAM0090	2.458206687	3.868794326	4.081896552	4.098984772	3.848351648	2	4	2017	1
WV_DAM_001	17357	6	73747.59375	216354.671875	4876.513671875	0.458124330284348	0.06777	0.69	1	WVLDAM0090	2.458206687	3.868794326	4.081896552	4.098984772	3.848351648	2	4	2017	1
WV_DAM_001	17379	6	73747.59375	216354.671875	4876.513671875	0.0698833724162564	0.036144	0.4966	1	WVLDAM0090	2.458206687	3.868794326	4.081896552	4.098984772	3.848351648	2	4	2017	1
WV_DAM_001	17414	6	73747.59375	216354.671875	4876.513671875	0.0854130107309801	0.047439	0.366	1	WVLDAM0090	2.458206687	3.868794326	4.081896552	4.098984772	3.848351648	2	4	2017	1
WV_DAM_001	17449	6	73747.59375	216354.671875	4876.513671875	0.0698833724162564	0.051957	0.2378	1	WVLDAM0090	2.458206687	3.868794326	4.081896552	4.098984772	3.848351648	2	4	2017	1
WV_DAM_001	17477	6	73747.59375	216354.671875	4876.513671875	0.0621185532588946	0.081324	0.304	1	WVLDAM0090	2.458206687	3.868794326	4.081896552	4.098984772	3.848351648	2	4	2017	1
WV_DAM_001	17534	6	73747.59375	216354.671875	4876.513671875	0.512478064385881	0.397584	0.859	1	WVLDAM0090	2.458206687	3.868794326	4.081896552	4.098984772	3.848351648	2	4	2018	1
WV_DAM_001	17575	6	73747.59375	216354.671875	4876.513671875	0.0698833724162564	0.094878	0.8565	1	WVLDAM0090	2.458206687	3.868794326	4.081896552	4.098984772	3.848351648	2	4	2018	1
WV_DAM_001	17596	6	73747.59375	216354.671875	4876.513671875	0.0388240957868091	0.027108	0.937	1	WVLDAM0090	2.458206687	3.868794326	4.081896552	4.098984772	3.848351648	2	4	2018	1
WV_DAM_001	17625	6	73747.59375	216354.671875	4876.513671875	0.0388240957868091	0.031626	0.871	1	WVLDAM0090	2.458206687	3.868794326	4.081896552	4.098984772	3.848351648	2	4	2018	1
WV_DAM_001	17666	6	73747.59375	216354.671875	4876.513671875	0.0388240957868091	0.029367	1.352	1	WVLDAM0090	2.458206687	3.868794326	4.081896552	4.098984772	3.848351648	2	4	2018	1
AN_DEB_001	17337	3	154891.859375	239202.484375	6362.44140625	0.248474213035578	0.347886	0.041	1	ANTESS0009	2.672520661	3.868932039	3.557613169	3.587962963	3.781740371	5	2	2017	1
AN_DEB_001	17359	3	154891.859375	239202.484375	6362.44140625	0.240709393878217	0.282375	0.1472	1	ANTESS0009	2.672520661	3.868932039	3.557613169	3.587962963	3.781740371	5	2	2017	1
AN_DEB_001	17379	3	154891.859375	239202.484375	6362.44140625	0.333887223766558	0.460836	0.19	1	ANTESS0009	2.672520661	3.868932039	3.557613169	3.587962963	3.781740371	5	2	2017	1
AN_DEB_001	17421	3	154891.859375	239202.484375	6362.44140625	0.380476138710729	0.481167	0.1058	1	ANTESS0009	2.672520661	3.868932039	3.557613169	3.587962963	3.781740371	5	2	2017	1
AN_DEB_001	17449	3	154891.859375	239202.484375	6362.44140625	0.489183606913795	0.70029	0.0406	1	ANTESS0009	2.672520661	3.868932039	3.557613169	3.587962963	3.781740371	5	2	2017	1
AN_DEB_001	17477	3	154891.859375	239202.484375	6362.44140625	0.209650117248769	0.323037	0.07	1	ANTESS0009	2.672520661	3.868932039	3.557613169	3.587962963	3.781740371	5	2	2017	1
AN_DEB_001	17505	3	154891.859375	239202.484375	6362.44140625	0.186355659776684	0.291411	0.0404	1	ANTESS0009	2.672520661	3.868932039	3.557613169	3.587962963	3.781740371	5	2	2017	1
AN_DEB_001	17534	3	154891.859375	239202.484375	6362.44140625	0.116472287360427	0.198792	0.0512	1	ANTESS0009	2.672520661	3.868932039	3.557613169	3.587962963	3.781740371	5	2	2018	1
AN_DEB_001	17568	3	154891.859375	239202.484375	6362.44140625	0.0543537341015328	0.155871	0.039	1	ANTESS0009	2.672520661	3.868932039	3.557613169	3.587962963	3.781740371	5	2	2018	1
AN_DEB_001	17610	3	154891.859375	239202.484375	6362.44140625	0.116472287360427	0.178461	0.043	1	ANTESS0009	2.672520661	3.868932039	3.557613169	3.587962963	3.781740371	5	2	2018	1
AN_DEB_001	17631	3	154891.859375	239202.484375	6362.44140625	0.139766744832513	0.169425	0.024	1	ANTESS0009	2.672520661	3.868932039	3.557613169	3.587962963	3.781740371	5	2	2018	1
AN_DEB_001	17674	3	154891.859375	239202.484375	6362.44140625	0.163061202304598	0.250749	0.0842	1	ANTESS0009	2.672520661	3.868932039	3.557613169	3.587962963	3.781740371	5	2	2018	1
WV_ZWI_157	17337	1	78274.7890625	228034.78125	744.377807617188	0.0854130107309801	0.09036	0.142	1	WVLKNO0388	2.980645161	3.87012987	3.78422619	3.910290237	3.821584529	1	2	2017	1
WV_ZWI_157	17379	1	78274.7890625	228034.78125	744.377807617188	0.986132032984952	0.088101	0.3939	1	WVLKNO0388	2.980645161	3.87012987	3.78422619	3.910290237	3.821584529	1	2	2017	1
WV_ZWI_157	17414	1	78274.7890625	228034.78125	744.377807617188	0.264003851350302	0.144576	0.5684	1	WVLKNO0388	2.980645161	3.87012987	3.78422619	3.910290237	3.821584529	1	2	2017	1
WV_ZWI_157	17456	1	78274.7890625	228034.78125	744.377807617188	0.124237106517789	0.06777	0.1339	1	WVLKNO0388	2.980645161	3.87012987	3.78422619	3.910290237	3.821584529	1	2	2017	1
WV_ZWI_157	17491	1	78274.7890625	228034.78125	744.377807617188	0.0621185532588946	0.033885	0.0447	1	WVLKNO0388	2.980645161	3.87012987	3.78422619	3.910290237	3.821584529	1	2	2017	1
WV_ZWI_157	17547	1	78274.7890625	228034.78125	744.377807617188	0.0388240957868091	0.06777	0.046	1	WVLKNO0388	2.980645161	3.87012987	3.78422619	3.910290237	3.821584529	1	2	2018	1
WV_ZWI_157	17589	1	78274.7890625	228034.78125	744.377807617188	0.0388240957868091	0.033885	0.055	1	WVLKNO0388	2.980645161	3.87012987	3.78422619	3.910290237	3.821584529	1	2	2018	1
WV_ZWI_157	17616	1	78274.7890625	228034.78125	744.377807617188	0.0388240957868091	0.040662	0.028	1	WVLKNO0388	2.980645161	3.87012987	3.78422619	3.910290237	3.821584529	1	2	2018	1
WV_ZWI_157	17645	1	78274.7890625	228034.78125	744.377807617188	0.0388240957868091	0.065511	0.0812	1	WVLKNO0388	2.980645161	3.87012987	3.78422619	3.910290237	3.821584529	1	2	2018	1
WV_ZWI_157	17708	1	78274.7890625	228034.78125	744.377807617188	0.0388240957868091	0.036144	0.0866	1	WVLKNO0388	2.980645161	3.87012987	3.78422619	3.910290237	3.821584529	1	2	2018	1
LI_MLV_025	16958	3	215570.953125	185347.203125	22079	0.0465889149441709	0.074547	0.0782	1	LIMHAS0619	2.817351598	3.875	2.303030303	2.796199214	3.640364188	5	2	2016	1
LI_MLV_025	16958	4	215570.953125	185347.203125	22079	0.0465889149441709	0.074547	0.0782	1	LIMHAS0619	2.817351598	3.875	2.303030303	2.796199214	3.640364188	5	2	2016	1
LI_MLV_025	16958	5	215570.953125	185347.203125	22079	0.0465889149441709	0.074547	0.0782	1	LIMHAS0619	2.817351598	3.875	2.303030303	2.796199214	3.640364188	5	2	2016	1
LI_MLV_025	17014	3	215570.953125	185347.203125	22079	0.0388240957868091	0.02259	0.0411	1	LIMHAS0619	2.817351598	3.875	2.303030303	2.796199214	3.640364188	5	2	2016	1
LI_MLV_025	17014	4	215570.953125	185347.203125	22079	0.0388240957868091	0.02259	0.0411	1	LIMHAS0619	2.817351598	3.875	2.303030303	2.796199214	3.640364188	5	2	2016	1
LI_MLV_025	17014	5	215570.953125	185347.203125	22079	0.0388240957868091	0.02259	0.0411	1	LIMHAS0619	2.817351598	3.875	2.303030303	2.796199214	3.640364188	5	2	2016	1
LI_MLV_025	17042	3	215570.953125	185347.203125	22079	0.0388240957868091	0.02259	0.0363	1	LIMHAS0619	2.817351598	3.875	2.303030303	2.796199214	3.640364188	5	2	2016	1
LI_MLV_025	17042	4	215570.953125	185347.203125	22079	0.0388240957868091	0.02259	0.0363	1	LIMHAS0619	2.817351598	3.875	2.303030303	2.796199214	3.640364188	5	2	2016	1
LI_MLV_025	17042	5	215570.953125	185347.203125	22079	0.0388240957868091	0.02259	0.0363	1	LIMHAS0619	2.817351598	3.875	2.303030303	2.796199214	3.640364188	5	2	2016	1
LI_MLV_025	17050	3	215570.953125	185347.203125	22079	0.0388240957868091	0.02259	0.0744	1	LIMHAS0619	2.817351598	3.875	2.303030303	2.796199214	3.640364188	5	2	2016	1
LI_MLV_025	17050	4	215570.953125	185347.203125	22079	0.0388240957868091	0.02259	0.0744	1	LIMHAS0619	2.817351598	3.875	2.303030303	2.796199214	3.640364188	5	2	2016	1
LI_MLV_025	17050	5	215570.953125	185347.203125	22079	0.0388240957868091	0.02259	0.0744	1	LIMHAS0619	2.817351598	3.875	2.303030303	2.796199214	3.640364188	5	2	2016	1
LI_MLV_025	17211	3	215570.953125	185347.203125	22079	0.0776481915736183	1.032363	0.1274	1	LIMHAS0619	2.817351598	3.875	2.303030303	2.796199214	3.640364188	5	2	2017	1
LI_MLV_025	17211	4	215570.953125	185347.203125	22079	0.0776481915736183	1.032363	0.1274	1	LIMHAS0619	2.817351598	3.875	2.303030303	2.796199214	3.640364188	5	2	2017	1
LI_MLV_025	17211	5	215570.953125	185347.203125	22079	0.0776481915736183	1.032363	0.1274	1	LIMHAS0619	2.817351598	3.875	2.303030303	2.796199214	3.640364188	5	2	2017	1
LI_MLV_025	17238	3	215570.953125	185347.203125	22079	0.0543537341015328	0.036144	0.0237	1	LIMHAS0619	2.817351598	3.875	2.303030303	2.796199214	3.640364188	5	2	2017	1
LI_MLV_025	17238	4	215570.953125	185347.203125	22079	0.0543537341015328	0.036144	0.0237	1	LIMHAS0619	2.817351598	3.875	2.303030303	2.796199214	3.640364188	5	2	2017	1
LI_MLV_025	17238	5	215570.953125	185347.203125	22079	0.0543537341015328	0.036144	0.0237	1	LIMHAS0619	2.817351598	3.875	2.303030303	2.796199214	3.640364188	5	2	2017	1
LI_MLV_025	17280	3	215570.953125	185347.203125	22079	0.0388240957868091	0.033885	0.022	1	LIMHAS0619	2.817351598	3.875	2.303030303	2.796199214	3.640364188	5	2	2017	1
LI_MLV_025	17280	4	215570.953125	185347.203125	22079	0.0388240957868091	0.033885	0.022	1	LIMHAS0619	2.817351598	3.875	2.303030303	2.796199214	3.640364188	5	2	2017	1
LI_MLV_025	17280	5	215570.953125	185347.203125	22079	0.0388240957868091	0.033885	0.022	1	LIMHAS0619	2.817351598	3.875	2.303030303	2.796199214	3.640364188	5	2	2017	1
LI_MLV_025	17302	3	215570.953125	185347.203125	22079	0.0543537341015328	0.187497	0.027	1	LIMHAS0619	2.817351598	3.875	2.303030303	2.796199214	3.640364188	5	2	2017	1
LI_MLV_025	17302	4	215570.953125	185347.203125	22079	0.0543537341015328	0.187497	0.027	1	LIMHAS0619	2.817351598	3.875	2.303030303	2.796199214	3.640364188	5	2	2017	1
LI_MLV_025	17302	5	215570.953125	185347.203125	22079	0.0543537341015328	0.187497	0.027	1	LIMHAS0619	2.817351598	3.875	2.303030303	2.796199214	3.640364188	5	2	2017	1
WV_POB_001	17707	3	52891.51171875	172292.15625	133.000396728516	0.0543537341015328	0.031626	0.02	1	WVLZNB0856	2	3.87826087	3.822714681	4.350063532	3.824124514	6	2	2018	1
WV_POB_001	17735	3	52891.51171875	172292.15625	133.000396728516	0.0465889149441709	0.02259	0.0222	1	WVLZNB0856	2	3.87826087	3.822714681	4.350063532	3.824124514	6	2	2018	1
WV_POB_001	17764	3	52891.51171875	172292.15625	133.000396728516	0.0698833724162564	0.027108	0.02	1	WVLZNB0856	2	3.87826087	3.822714681	4.350063532	3.824124514	6	2	2018	1
WV_POB_001	17778	3	52891.51171875	172292.15625	133.000396728516	0.0388240957868091	0.027108	0.02	1	WVLZNB0856	2	3.87826087	3.822714681	4.350063532	3.824124514	6	2	2018	1
WV_POB_001	17819	3	52891.51171875	172292.15625	133.000396728516	0.0698833724162564	0.074547	0.02	1	WVLZNB0856	2	3.87826087	3.822714681	4.350063532	3.824124514	6	2	2018	1
WV_POB_001	17869	3	52891.51171875	172292.15625	133.000396728516	0.0465889149441709	0.169425	0.02	1	WVLZNB0856	2	3.87826087	3.822714681	4.350063532	3.824124514	6	2	2018	1
WV_POB_001	17883	3	52891.51171875	172292.15625	133.000396728516	0.512478064385881	0.359181	0.02	1	WVLZNB0856	2	3.87826087	3.822714681	4.350063532	3.824124514	6	2	2018	1
LI_OPH_006	17701	7	232369.421875	193828.78125	21733.119140625	0.0698833724162564	0.110691	0.0999	1	LIMOPG0009	2.80375	3.89	2.22993311	3.8125	3.678752719	5	4	2018	1
LI_OPH_006	17742	7	232369.421875	193828.78125	21733.119140625	0.0388240957868091	0.038403	0.0585	1	LIMOPG0009	2.80375	3.89	2.22993311	3.8125	3.678752719	5	4	2018	1
LI_OPH_006	17764	7	232369.421875	193828.78125	21733.119140625	0.0388240957868091	0.027108	0.0362	1	LIMOPG0009	2.80375	3.89	2.22993311	3.8125	3.678752719	5	4	2018	1
LI_OPH_006	17784	7	232369.421875	193828.78125	21733.119140625	0.0621185532588946	0.04518	0.0283	1	LIMOPG0009	2.80375	3.89	2.22993311	3.8125	3.678752719	5	4	2018	1
LI_OPH_006	17812	7	232369.421875	193828.78125	21733.119140625	0.72212818163465	0.072288	0.0992	1	LIMOPG0009	2.80375	3.89	2.22993311	3.8125	3.678752719	5	4	2018	1
LI_OPH_006	17861	7	232369.421875	193828.78125	21733.119140625	2.04214743838616	0.121986	0.1105	1	LIMOPG0009	2.80375	3.89	2.22993311	3.8125	3.678752719	5	4	2018	1
LI_OPH_006	17875	7	232369.421875	193828.78125	21733.119140625	1.78590840619322	0.275598	0.0877	1	LIMOPG0009	2.80375	3.89	2.22993311	3.8125	3.678752719	5	4	2018	1
LI_MEC_002	16594	7	237185.296875	185799.9375	7646.359375	0.0776481915736183	0.051957	0.026	1	LIMMSM0198	1.037151703	3.891089109	3.200581395	2.882163324	2.125358166	5	2	2015	1
LI_MEC_002	16713	7	237185.296875	185799.9375	7646.359375	0.0465889149441709	0.033885	0.06	1	LIMMSM0198	1.037151703	3.891089109	3.200581395	2.882163324	2.125358166	5	2	2015	1
LI_MEC_002	16742	7	237185.296875	185799.9375	7646.359375	0.0388240957868091	0.02259	0.02	1	LIMMSM0198	1.037151703	3.891089109	3.200581395	2.882163324	2.125358166	5	2	2015	1
LI_MEC_002	16805	7	237185.296875	185799.9375	7646.359375	0.0388240957868091	0.027108	0.02	1	LIMMSM0198	1.037151703	3.891089109	3.200581395	2.882163324	2.125358166	5	2	2016	1
LI_MEC_002	16832	7	237185.296875	185799.9375	7646.359375	0.0388240957868091	0.04518	0.02	1	LIMMSM0198	1.037151703	3.891089109	3.200581395	2.882163324	2.125358166	5	2	2016	1
LI_MEC_002	16867	7	237185.296875	185799.9375	7646.359375	0.0388240957868091	0.049698	0.02	1	LIMMSM0198	1.037151703	3.891089109	3.200581395	2.882163324	2.125358166	5	2	2016	1
LI_MEC_002	16902	7	237185.296875	185799.9375	7646.359375	0.0543537341015328	0.097137	0.0326	1	LIMMSM0198	1.037151703	3.891089109	3.200581395	2.882163324	2.125358166	5	2	2016	1
LI_MEC_002	16924	7	237185.296875	185799.9375	7646.359375	0.0388240957868091	0.024849	0.0264	1	LIMMSM0198	1.037151703	3.891089109	3.200581395	2.882163324	2.125358166	5	2	2016	1
WV_WES_044	17700	1	23869.7734375	198223.09375	125.829216003418	0.0388240957868091	0.024849	0.0863	1	WVLDEP0167	1.211538462	3.891959799	3.966666667	3.844315245	3.795408508	1	2	2018	1
AN_ELS_002	17693	3	180686.859375	242951.796875	1086.65673828125	0.0388240957868091	0.040662	0.0339	1	ANTHGS0010	2.412408759	3.901869159	3.916913947	3.806648575	3.528735632	5	2	2018	1
AN_ELS_002	17735	3	180686.859375	242951.796875	1086.65673828125	0.0388240957868091	0.027108	0.041	1	ANTHGS0010	2.412408759	3.901869159	3.916913947	3.806648575	3.528735632	5	2	2018	1
AN_ELS_002	17855	3	180686.859375	242951.796875	1086.65673828125	0.186355659776684	0.02259	0.02	1	ANTHGS0010	2.412408759	3.901869159	3.916913947	3.806648575	3.528735632	5	2	2018	1
AN_ELS_002	17883	3	180686.859375	242951.796875	1086.65673828125	0.0388240957868091	0.02259	0.02	1	ANTHGS0010	2.412408759	3.901869159	3.916913947	3.806648575	3.528735632	5	2	2018	1
WV_ZWI_124	17875	1	77324.7578125	227672.78125	35.791862487793	0.0388240957868091	0.070029	0.0723	1	WVLKNO0283	2	3.904166667	4.370229008	4.017904509	3.049710278	1	2	2018	1
AN_PUL_001	16972	4	174230.90625	212262.296875	81542.234375	0.0388240957868091	0.201051	0.0732	1	ANTZAN0122	2.492192804	3.905882353	3.781170483	3.570666667	3.372127502	5	2	2016	1
AN_PUL_001	16972	6	174230.90625	212262.296875	81542.234375	0.0388240957868091	0.201051	0.0732	1	ANTZAN0122	2.492192804	3.905882353	3.781170483	3.570666667	3.372127502	5	2	2016	1
AN_PUL_001	17015	4	174230.90625	212262.296875	81542.234375	0.240709393878217	0.02259	0.1014	1	ANTZAN0122	2.492192804	3.905882353	3.781170483	3.570666667	3.372127502	5	2	2016	1
AN_PUL_001	17015	6	174230.90625	212262.296875	81542.234375	0.240709393878217	0.02259	0.1014	1	ANTZAN0122	2.492192804	3.905882353	3.781170483	3.570666667	3.372127502	5	2	2016	1
AN_PUL_001	17043	4	174230.90625	212262.296875	81542.234375	0.0388240957868091	0.02259	0.0448	1	ANTZAN0122	2.492192804	3.905882353	3.781170483	3.570666667	3.372127502	5	2	2016	1
AN_PUL_001	17043	6	174230.90625	212262.296875	81542.234375	0.0388240957868091	0.02259	0.0448	1	ANTZAN0122	2.492192804	3.905882353	3.781170483	3.570666667	3.372127502	5	2	2016	1
AN_PUL_001	17077	4	174230.90625	212262.296875	81542.234375	0.0388240957868091	0.024849	0.0565	1	ANTZAN0122	2.492192804	3.905882353	3.781170483	3.570666667	3.372127502	5	2	2016	1
AN_PUL_001	17077	6	174230.90625	212262.296875	81542.234375	0.0388240957868091	0.024849	0.0565	1	ANTZAN0122	2.492192804	3.905882353	3.781170483	3.570666667	3.372127502	5	2	2016	1
AN_PUL_001	17098	4	174230.90625	212262.296875	81542.234375	0.17082602146196	0.221382	0.0365	1	ANTZAN0122	2.492192804	3.905882353	3.781170483	3.570666667	3.372127502	5	2	2016	1
AN_PUL_001	17098	6	174230.90625	212262.296875	81542.234375	0.17082602146196	0.221382	0.0365	1	ANTZAN0122	2.492192804	3.905882353	3.781170483	3.570666667	3.372127502	5	2	2016	1
AN_PUL_001	17127	4	174230.90625	212262.296875	81542.234375	0.520242883543242	0.503757	0.058	1	ANTZAN0122	2.492192804	3.905882353	3.781170483	3.570666667	3.372127502	5	2	2016	1
AN_PUL_001	17127	6	174230.90625	212262.296875	81542.234375	0.520242883543242	0.503757	0.058	1	ANTZAN0122	2.492192804	3.905882353	3.781170483	3.570666667	3.372127502	5	2	2016	1
AN_PUL_001	17141	4	174230.90625	212262.296875	81542.234375	0.458124330284348	0.343368	0.0402	1	ANTZAN0122	2.492192804	3.905882353	3.781170483	3.570666667	3.372127502	5	2	2016	1
AN_PUL_001	17141	6	174230.90625	212262.296875	81542.234375	0.458124330284348	0.343368	0.0402	1	ANTZAN0122	2.492192804	3.905882353	3.781170483	3.570666667	3.372127502	5	2	2016	1
AN_PUL_001	17183	4	174230.90625	212262.296875	81542.234375	0.46588914944171	0.555714	0.0689	1	ANTZAN0122	2.492192804	3.905882353	3.781170483	3.570666667	3.372127502	5	2	2017	1
AN_PUL_001	17183	6	174230.90625	212262.296875	81542.234375	0.46588914944171	0.555714	0.0689	1	ANTZAN0122	2.492192804	3.905882353	3.781170483	3.570666667	3.372127502	5	2	2017	1
AN_PUL_001	17217	4	174230.90625	212262.296875	81542.234375	0.0388240957868091	0.02259	0.0906	1	ANTZAN0122	2.492192804	3.905882353	3.781170483	3.570666667	3.372127502	5	2	2017	1
AN_PUL_001	17217	6	174230.90625	212262.296875	81542.234375	0.0388240957868091	0.02259	0.0906	1	ANTZAN0122	2.492192804	3.905882353	3.781170483	3.570666667	3.372127502	5	2	2017	1
AN_PUL_001	17245	4	174230.90625	212262.296875	81542.234375	0.0388240957868091	0.036144	0.0342	1	ANTZAN0122	2.492192804	3.905882353	3.781170483	3.570666667	3.372127502	5	2	2017	1
AN_PUL_001	17245	6	174230.90625	212262.296875	81542.234375	0.0388240957868091	0.036144	0.0342	1	ANTZAN0122	2.492192804	3.905882353	3.781170483	3.570666667	3.372127502	5	2	2017	1
AN_PUL_001	17280	4	174230.90625	212262.296875	81542.234375	0.0388240957868091	0.033885	0.058	1	ANTZAN0122	2.492192804	3.905882353	3.781170483	3.570666667	3.372127502	5	2	2017	1
AN_PUL_001	17280	6	174230.90625	212262.296875	81542.234375	0.0388240957868091	0.033885	0.058	1	ANTZAN0122	2.492192804	3.905882353	3.781170483	3.570666667	3.372127502	5	2	2017	1
AN_PUL_001	17315	4	174230.90625	212262.296875	81542.234375	0.0931778298883419	0.253008	0.05	1	ANTZAN0122	2.492192804	3.905882353	3.781170483	3.570666667	3.372127502	5	2	2017	1
AN_PUL_001	17315	6	174230.90625	212262.296875	81542.234375	0.0931778298883419	0.253008	0.05	1	ANTZAN0122	2.492192804	3.905882353	3.781170483	3.570666667	3.372127502	5	2	2017	1
OV_MOL_001	16195	6	125664.7265625	199427.46875	239460.296875	1.66167129967543	0.264303	NA	1	OVLLOK0348	2.3471654	3.908385093	2.953964194	3.80273224	3.892136395	3	4	2014	1
OV_MOL_001	16245	6	125664.7265625	199427.46875	239460.296875	0.667774447533117	0.103914	NA	1	OVLLOK0348	2.3471654	3.908385093	2.953964194	3.80273224	3.892136395	3	4	2014	1
OV_MOL_001	16274	6	125664.7265625	199427.46875	239460.296875	0.0776481915736183	0.033885	NA	1	OVLLOK0348	2.3471654	3.908385093	2.953964194	3.80273224	3.892136395	3	4	2014	1
OV_MOL_001	16307	6	125664.7265625	199427.46875	239460.296875	2.3993291196248	0.054216	NA	1	OVLLOK0348	2.3471654	3.908385093	2.953964194	3.80273224	3.892136395	3	4	2014	1
OV_MOL_001	16342	6	125664.7265625	199427.46875	239460.296875	0.396005777025453	0.092619	NA	1	OVLLOK0348	2.3471654	3.908385093	2.953964194	3.80273224	3.892136395	3	4	2014	1
OV_MOL_001	16391	6	125664.7265625	199427.46875	239460.296875	1.42096190579721	0.081324	NA	1	OVLLOK0348	2.3471654	3.908385093	2.953964194	3.80273224	3.892136395	3	4	2014	1
WV_ZGV_001	16958	3	70234.84375	197822.828125	5300.826171875	0.628950351746308	0.228159	0.0511	1	WVLOSK0059	2.137316562	3.924369748	3.46735905	3.925233645	3.563991323	4	2	2016	1
WV_ZGV_001	16987	3	70234.84375	197822.828125	5300.826171875	0.0854130107309801	0.02259	0.0602	1	WVLOSK0059	2.137316562	3.924369748	3.46735905	3.925233645	3.563991323	4	2	2016	1
WV_ZGV_001	17022	3	70234.84375	197822.828125	5300.826171875	0.0543537341015328	0.02259	0.0302	1	WVLOSK0059	2.137316562	3.924369748	3.46735905	3.925233645	3.563991323	4	2	2016	1
WV_ZGV_001	17057	3	70234.84375	197822.828125	5300.826171875	0.271768670507664	0.02259	0.0498	1	WVLOSK0059	2.137316562	3.924369748	3.46735905	3.925233645	3.563991323	4	2	2016	1
WV_ZGV_001	17085	3	70234.84375	197822.828125	5300.826171875	0.0388240957868091	0.02259	0.1028	1	WVLOSK0059	2.137316562	3.924369748	3.46735905	3.925233645	3.563991323	4	2	2016	1
WV_ZGV_001	17113	3	70234.84375	197822.828125	5300.826171875	0.481418787756433	0.02259	0.0969	1	WVLOSK0059	2.137316562	3.924369748	3.46735905	3.925233645	3.563991323	4	2	2016	1
WV_ZGV_001	17134	3	70234.84375	197822.828125	5300.826171875	0.481418787756433	0.092619	0.0467	1	WVLOSK0059	2.137316562	3.924369748	3.46735905	3.925233645	3.563991323	4	2	2016	1
WV_ZGV_001	17169	3	70234.84375	197822.828125	5300.826171875	0.652244809218393	0.079065	0.0867	1	WVLOSK0059	2.137316562	3.924369748	3.46735905	3.925233645	3.563991323	4	2	2017	1
WV_ZGV_001	17211	3	70234.84375	197822.828125	5300.826171875	0.240709393878217	0.142317	0.0674	1	WVLOSK0059	2.137316562	3.924369748	3.46735905	3.925233645	3.563991323	4	2	2017	1
WV_ZGV_001	17239	3	70234.84375	197822.828125	5300.826171875	0.240709393878217	0.142317	0.0394	1	WVLOSK0059	2.137316562	3.924369748	3.46735905	3.925233645	3.563991323	4	2	2017	1
WV_ZGV_001	17260	3	70234.84375	197822.828125	5300.826171875	0.0854130107309801	0.065511	0.0552	1	WVLOSK0059	2.137316562	3.924369748	3.46735905	3.925233645	3.563991323	4	2	2017	1
WV_ZGV_001	17302	3	70234.84375	197822.828125	5300.826171875	0.0698833724162564	0.106173	0.092	1	WVLOSK0059	2.137316562	3.924369748	3.46735905	3.925233645	3.563991323	4	2	2017	1
WV_WES_009	17700	1	23089.466796875	198249.765625	82.3178253173828	0.0388240957868091	0.038403	0.0339	1	WVLDEP0051	1	3.931623932	4.044973545	4.35791757	2.961486486	1	2	2018	1
OV_STB_001	16959	3	129192.0546875	214922.34375	257.182647705078	0.201885298091407	0.70029	0.0517	1	OVLSTK0268	2.880952381	3.933333333	3.955377574	4.406802721	3.888963211	3	2	2016	1
OV_STB_001	16959	5	129192.0546875	214922.34375	257.182647705078	0.201885298091407	0.70029	0.0517	1	OVLSTK0268	2.880952381	3.933333333	3.955377574	4.406802721	3.888963211	3	2	2016	1
OV_STB_001	16980	3	129192.0546875	214922.34375	257.182647705078	0.124237106517789	0.02259	0.0533	1	OVLSTK0268	2.880952381	3.933333333	3.955377574	4.406802721	3.888963211	3	2	2016	1
OV_STB_001	16980	5	129192.0546875	214922.34375	257.182647705078	0.124237106517789	0.02259	0.0533	1	OVLSTK0268	2.880952381	3.933333333	3.955377574	4.406802721	3.888963211	3	2	2016	1
OV_STB_001	17021	3	129192.0546875	214922.34375	257.182647705078	0.372711319553368	0.02259	0.0593	1	OVLSTK0268	2.880952381	3.933333333	3.955377574	4.406802721	3.888963211	3	2	2016	1
OV_STB_001	17021	5	129192.0546875	214922.34375	257.182647705078	0.372711319553368	0.02259	0.0593	1	OVLSTK0268	2.880952381	3.933333333	3.955377574	4.406802721	3.888963211	3	2	2016	1
OV_STB_001	17056	3	129192.0546875	214922.34375	257.182647705078	2.73321634339136	0.065511	0.0536	1	OVLSTK0268	2.880952381	3.933333333	3.955377574	4.406802721	3.888963211	3	2	2016	1
OV_STB_001	17056	5	129192.0546875	214922.34375	257.182647705078	2.73321634339136	0.065511	0.0536	1	OVLSTK0268	2.880952381	3.933333333	3.955377574	4.406802721	3.888963211	3	2	2016	1
OV_STB_001	17077	3	129192.0546875	214922.34375	257.182647705078	1.55296383147237	0.024849	0.2138	1	OVLSTK0268	2.880952381	3.933333333	3.955377574	4.406802721	3.888963211	3	2	2016	1
OV_STB_001	17077	5	129192.0546875	214922.34375	257.182647705078	1.55296383147237	0.024849	0.2138	1	OVLSTK0268	2.880952381	3.933333333	3.955377574	4.406802721	3.888963211	3	2	2016	1
OV_STB_001	17112	3	129192.0546875	214922.34375	257.182647705078	0.163061202304598	0.02259	0.7273	1	OVLSTK0268	2.880952381	3.933333333	3.955377574	4.406802721	3.888963211	3	2	2016	1
OV_STB_001	17112	5	129192.0546875	214922.34375	257.182647705078	0.163061202304598	0.02259	0.7273	1	OVLSTK0268	2.880952381	3.933333333	3.955377574	4.406802721	3.888963211	3	2	2016	1
OV_STB_001	17133	3	129192.0546875	214922.34375	257.182647705078	0.0931778298883419	0.088101	0.0496	1	OVLSTK0268	2.880952381	3.933333333	3.955377574	4.406802721	3.888963211	3	2	2016	1
OV_STB_001	17133	5	129192.0546875	214922.34375	257.182647705078	0.0931778298883419	0.088101	0.0496	1	OVLSTK0268	2.880952381	3.933333333	3.955377574	4.406802721	3.888963211	3	2	2016	1
OV_STB_001	17168	3	129192.0546875	214922.34375	257.182647705078	0.349416862081282	0.06777	0.0454	1	OVLSTK0268	2.880952381	3.933333333	3.955377574	4.406802721	3.888963211	3	2	2017	1
OV_STB_001	17168	5	129192.0546875	214922.34375	257.182647705078	0.349416862081282	0.06777	0.0454	1	OVLSTK0268	2.880952381	3.933333333	3.955377574	4.406802721	3.888963211	3	2	2017	1
OV_STB_001	17197	3	129192.0546875	214922.34375	257.182647705078	0.240709393878217	0.076806	0.02	1	OVLSTK0268	2.880952381	3.933333333	3.955377574	4.406802721	3.888963211	3	2	2017	1
OV_STB_001	17197	5	129192.0546875	214922.34375	257.182647705078	0.240709393878217	0.076806	0.02	1	OVLSTK0268	2.880952381	3.933333333	3.955377574	4.406802721	3.888963211	3	2	2017	1
OV_STB_001	17225	3	129192.0546875	214922.34375	257.182647705078	0.264003851350302	0.097137	0.0334	1	OVLSTK0268	2.880952381	3.933333333	3.955377574	4.406802721	3.888963211	3	2	2017	1
OV_STB_001	17225	5	129192.0546875	214922.34375	257.182647705078	0.264003851350302	0.097137	0.0334	1	OVLSTK0268	2.880952381	3.933333333	3.955377574	4.406802721	3.888963211	3	2	2017	1
OV_STB_001	17275	3	129192.0546875	214922.34375	257.182647705078	0.147531563989875	0.042921	0.042	1	OVLSTK0268	2.880952381	3.933333333	3.955377574	4.406802721	3.888963211	3	2	2017	1
OV_STB_001	17275	5	129192.0546875	214922.34375	257.182647705078	0.147531563989875	0.042921	0.042	1	OVLSTK0268	2.880952381	3.933333333	3.955377574	4.406802721	3.888963211	3	2	2017	1
OV_STB_001	17295	3	129192.0546875	214922.34375	257.182647705078	0.0621185532588946	0.060993	0.047	1	OVLSTK0268	2.880952381	3.933333333	3.955377574	4.406802721	3.888963211	3	2	2017	1
OV_STB_001	17295	5	129192.0546875	214922.34375	257.182647705078	0.0621185532588946	0.060993	0.047	1	OVLSTK0268	2.880952381	3.933333333	3.955377574	4.406802721	3.888963211	3	2	2017	1
LI_BOK_001	16188	6	222063.515625	183724.609375	7508.43408203125	0.0776481915736183	0.027108	NA	1	LIMGNK0064	2.43620178	3.9375	1.681710214	3.091894977	2.853810264	5	4	2014	1
LI_BOK_001	16232	6	222063.515625	183724.609375	7508.43408203125	0.209650117248769	0.063252	NA	1	LIMGNK0064	2.43620178	3.9375	1.681710214	3.091894977	2.853810264	5	4	2014	1
LI_BOK_001	16252	6	222063.515625	183724.609375	7508.43408203125	0.108707468203066	0.031626	NA	1	LIMGNK0064	2.43620178	3.9375	1.681710214	3.091894977	2.853810264	5	4	2014	1
LI_BOK_001	16287	6	222063.515625	183724.609375	7508.43408203125	0.0776481915736183	0.056475	NA	1	LIMGNK0064	2.43620178	3.9375	1.681710214	3.091894977	2.853810264	5	4	2014	1
LI_BOK_001	16322	6	222063.515625	183724.609375	7508.43408203125	0.0776481915736183	0.079065	NA	1	LIMGNK0064	2.43620178	3.9375	1.681710214	3.091894977	2.853810264	5	4	2014	1
LI_BOK_001	16364	6	222063.515625	183724.609375	7508.43408203125	0.0776481915736183	0.047439	NA	1	LIMGNK0064	2.43620178	3.9375	1.681710214	3.091894977	2.853810264	5	4	2014	1
WV_CAB_010	17700	1	25581.5390625	196978.078125	9339.4736328125	0.0388240957868091	0.036144	0.0543	1	WVLDEP0012	2.023550725	3.944852941	4.224874372	4.33682266	4	1	2	2018	1
WV_CAB_010	17715	1	25581.5390625	196978.078125	9339.4736328125	0.0388240957868091	0.033885	0.0313	1	WVLDEP0012	2.023550725	3.944852941	4.224874372	4.33682266	4	1	2	2018	1
WV_CAB_010	17764	1	25581.5390625	196978.078125	9339.4736328125	0.0543537341015328	0.024849	0.0399	1	WVLDEP0012	2.023550725	3.944852941	4.224874372	4.33682266	4	1	2	2018	1
WV_CAB_010	17785	1	25581.5390625	196978.078125	9339.4736328125	0.0388240957868091	0.029367	0.0453	1	WVLDEP0012	2.023550725	3.944852941	4.224874372	4.33682266	4	1	2	2018	1
WV_CAB_010	17812	1	25581.5390625	196978.078125	9339.4736328125	0.155296383147237	0.02259	0.0704	1	WVLDEP0012	2.023550725	3.944852941	4.224874372	4.33682266	4	1	2	2018	1
WV_CAB_010	17861	1	25581.5390625	196978.078125	9339.4736328125	0.217414936406131	0.051957	0.0683	1	WVLDEP0012	2.023550725	3.944852941	4.224874372	4.33682266	4	1	2	2018	1
WV_CAB_010	17876	1	25581.5390625	196978.078125	9339.4736328125	0.543537341015328	0.214605	0.0358	1	WVLDEP0012	2.023550725	3.944852941	4.224874372	4.33682266	4	1	2	2018	1
WV_WES_003	17764	1	23331.56640625	198202.3125	184.321258544922	22.0365567685929	0.088101	1.1351	1	WVLDEP0058	1.296296296	3.945833333	4.033149171	3.520915033	3.945205479	1	2	2018	1
WV_WES_003	17785	1	23331.56640625	198202.3125	184.321258544922	3.91346885531036	0.09036	2.2184	1	WVLDEP0058	1.296296296	3.945833333	4.033149171	3.520915033	3.945205479	1	2	2018	1
WV_WES_003	17812	1	23331.56640625	198202.3125	184.321258544922	2.40709393878217	0.106173	3.3737	1	WVLDEP0058	1.296296296	3.945833333	4.033149171	3.520915033	3.945205479	1	2	2018	1
WV_WES_003	17861	1	23331.56640625	198202.3125	184.321258544922	1.17248769276164	0.11295	1.3628	1	WVLDEP0058	1.296296296	3.945833333	4.033149171	3.520915033	3.945205479	1	2	2018	1
WV_WES_003	17876	1	23331.56640625	198202.3125	184.321258544922	0.0388240957868091	0.146835	0.8516	1	WVLDEP0058	1.296296296	3.945833333	4.033149171	3.520915033	3.945205479	1	2	2018	1
AN_GOO_001	16188	3	201625.15625	220217.34375	1611.494140625	0.0776481915736183	0.031626	NA	1	ANTRET0199	2.230496454	3.952631579	4.044041451	2.819103522	2.660677263	5	2	2014	1
AN_GOO_001	16232	3	201625.15625	220217.34375	1611.494140625	0.0776481915736183	0.042921	NA	1	ANTRET0199	2.230496454	3.952631579	4.044041451	2.819103522	2.660677263	5	2	2014	1
AN_GOO_001	16265	3	201625.15625	220217.34375	1611.494140625	0.0776481915736183	0.038403	NA	1	ANTRET0199	2.230496454	3.952631579	4.044041451	2.819103522	2.660677263	5	2	2014	1
AN_GOO_001	16294	3	201625.15625	220217.34375	1611.494140625	0.0776481915736183	0.036144	NA	1	ANTRET0199	2.230496454	3.952631579	4.044041451	2.819103522	2.660677263	5	2	2014	1
AN_GOO_001	16329	3	201625.15625	220217.34375	1611.494140625	0.0776481915736183	0.033885	NA	1	ANTRET0199	2.230496454	3.952631579	4.044041451	2.819103522	2.660677263	5	2	2014	1
AN_GOO_001	16371	3	201625.15625	220217.34375	1611.494140625	0.0776481915736183	0.02259	NA	1	ANTRET0199	2.230496454	3.952631579	4.044041451	2.819103522	2.660677263	5	2	2014	1
LI_JUF_001	16965	3	240347.484375	180912.96875	38551.54296875	0.124237106517789	0.119727	0.0281	1	LIMLNK0105	1.863636364	3.958333333	2.214015152	3.962516734	3.381355932	5	4	2016	1
LI_JUF_001	16986	3	240347.484375	180912.96875	38551.54296875	0.0388240957868091	0.042921	0.0283	1	LIMLNK0105	1.863636364	3.958333333	2.214015152	3.962516734	3.381355932	5	4	2016	1
LI_JUF_001	17029	3	240347.484375	180912.96875	38551.54296875	0.0388240957868091	0.02259	0.0396	1	LIMLNK0105	1.863636364	3.958333333	2.214015152	3.962516734	3.381355932	5	4	2016	1
LI_JUF_001	17063	3	240347.484375	180912.96875	38551.54296875	0.0388240957868091	0.02259	0.026	1	LIMLNK0105	1.863636364	3.958333333	2.214015152	3.962516734	3.381355932	5	4	2016	1
LI_JUF_001	17091	3	240347.484375	180912.96875	38551.54296875	0.0388240957868091	0.031626	0.02	1	LIMLNK0105	1.863636364	3.958333333	2.214015152	3.962516734	3.381355932	5	4	2016	1
LI_JUF_001	17126	3	240347.484375	180912.96875	38551.54296875	0.155296383147237	0.081324	0.0478	1	LIMLNK0105	1.863636364	3.958333333	2.214015152	3.962516734	3.381355932	5	4	2016	1
LI_JUF_001	17140	3	240347.484375	180912.96875	38551.54296875	0.0854130107309801	0.137799	0.0319	1	LIMLNK0105	1.863636364	3.958333333	2.214015152	3.962516734	3.381355932	5	4	2016	1
LI_JUF_001	17175	3	240347.484375	180912.96875	38551.54296875	0.194120478934046	0.264303	0.0319	1	LIMLNK0105	1.863636364	3.958333333	2.214015152	3.962516734	3.381355932	5	4	2017	1
LI_JUF_001	17203	3	240347.484375	180912.96875	38551.54296875	0.0931778298883419	0.304965	0.02	1	LIMLNK0105	1.863636364	3.958333333	2.214015152	3.962516734	3.381355932	5	4	2017	1
LI_JUF_001	17224	3	240347.484375	180912.96875	38551.54296875	0.17082602146196	0.314001	0.0282	1	LIMLNK0105	1.863636364	3.958333333	2.214015152	3.962516734	3.381355932	5	4	2017	1
LI_JUF_001	17259	3	240347.484375	180912.96875	38551.54296875	0.0543537341015328	0.070029	0.0278	1	LIMLNK0105	1.863636364	3.958333333	2.214015152	3.962516734	3.381355932	5	4	2017	1
LI_JUF_001	17301	3	240347.484375	180912.96875	38551.54296875	0.0465889149441709	0.079065	0.027	1	LIMLNK0105	1.863636364	3.958333333	2.214015152	3.962516734	3.381355932	5	4	2017	1
WV_VLO_002	16216	3	61406.33203125	205189.25	4473.4013671875	0.0776481915736183	0.06777	NA	1	WVLJAB0174	2.037735849	3.960227273	4.134285714	3.925391095	2.750748503	4	4	2014	1
WV_VLO_002	16245	3	61406.33203125	205189.25	4473.4013671875	0.147531563989875	0.060993	NA	1	WVLJAB0174	2.037735849	3.960227273	4.134285714	3.925391095	2.750748503	4	4	2014	1
WV_VLO_002	16274	3	61406.33203125	205189.25	4473.4013671875	0.0776481915736183	0.079065	NA	1	WVLJAB0174	2.037735849	3.960227273	4.134285714	3.925391095	2.750748503	4	4	2014	1
WV_VLO_002	16308	3	61406.33203125	205189.25	4473.4013671875	0.0776481915736183	0.085842	NA	1	WVLJAB0174	2.037735849	3.960227273	4.134285714	3.925391095	2.750748503	4	4	2014	1
WV_VLO_002	16342	3	61406.33203125	205189.25	4473.4013671875	0.116472287360427	0.106173	NA	1	WVLJAB0174	2.037735849	3.960227273	4.134285714	3.925391095	2.750748503	4	4	2014	1
WV_VLO_002	16392	3	61406.33203125	205189.25	4473.4013671875	0.496948426071157	0.081324	NA	1	WVLJAB0174	2.037735849	3.960227273	4.134285714	3.925391095	2.750748503	4	4	2014	1
WV_TYD_017	17742	1	33019.046875	202448.78125	75.3778991699219	0.302827947137111	0.076806	0.3702	1	WVLKOK0125	1.314285714	3.961832061	4.403061224	4.136200717	3.826530612	1	2	2018	1
WV_TYD_017	17777	1	33019.046875	202448.78125	75.3778991699219	0.0388240957868091	0.04518	0.3289	1	WVLKOK0125	1.314285714	3.961832061	4.403061224	4.136200717	3.826530612	1	2	2018	1
WV_TYD_017	17876	1	33019.046875	202448.78125	75.3778991699219	0.0854130107309801	0.106173	0.0702	1	WVLKOK0125	1.314285714	3.961832061	4.403061224	4.136200717	3.826530612	1	2	2018	1
VB_VIE_003	16195	6	192564.796875	189888.953125	693.308471679688	0.0776481915736183	0.02259	NA	1	VBRSZI0401	2.4	3.967391304	3.414322251	3.760923845	2.953813856	5	2	2014	1
VB_VIE_003	16231	6	192564.796875	189888.953125	693.308471679688	0.0776481915736183	0.029367	NA	1	VBRSZI0401	2.4	3.967391304	3.414322251	3.760923845	2.953813856	5	2	2014	1
VB_VIE_003	16259	6	192564.796875	189888.953125	693.308471679688	0.0776481915736183	0.031626	NA	1	VBRSZI0401	2.4	3.967391304	3.414322251	3.760923845	2.953813856	5	2	2014	1
VB_VIE_003	16294	6	192564.796875	189888.953125	693.308471679688	0.0776481915736183	0.02259	NA	1	VBRSZI0401	2.4	3.967391304	3.414322251	3.760923845	2.953813856	5	2	2014	1
VB_VIE_003	16329	6	192564.796875	189888.953125	693.308471679688	0.0776481915736183	0.033885	NA	1	VBRSZI0401	2.4	3.967391304	3.414322251	3.760923845	2.953813856	5	2	2014	1
VB_VIE_003	16370	6	192564.796875	189888.953125	693.308471679688	0.0776481915736183	0.040662	NA	1	VBRSZI0401	2.4	3.967391304	3.414322251	3.760923845	2.953813856	5	2	2014	1
LI_LUY_001	17700	3	240200.75	206979.578125	634.626892089844	0.0465889149441709	0.065511	0.0619	1	LIMBRE0263	2	3.975961538	3.047945205	3.209228824	3.345705968	5	2	2018	1
LI_LUY_001	17875	3	240200.75	206979.578125	634.626892089844	0.0388240957868091	0.02259	0.0735	1	LIMBRE0263	2	3.975961538	3.047945205	3.209228824	3.345705968	5	2	2018	1
LI_EIM_001	16216	3	242220.78125	189161.625	685765.3125	0.0776481915736183	0.04518	NA	1	LIMMSM0026	2.080014749	3.985	3.662121212	3.013917526	3.789473684	5	4	2014	1
LI_EIM_001	16216	4	242220.78125	189161.625	685765.3125	0.0776481915736183	0.04518	NA	1	LIMMSM0026	2.080014749	3.985	3.662121212	3.013917526	3.789473684	5	4	2014	1
LI_EIM_001	16245	3	242220.78125	189161.625	685765.3125	0.0776481915736183	0.02259	NA	1	LIMMSM0026	2.080014749	3.985	3.662121212	3.013917526	3.789473684	5	4	2014	1
LI_EIM_001	16245	4	242220.78125	189161.625	685765.3125	0.0776481915736183	0.02259	NA	1	LIMMSM0026	2.080014749	3.985	3.662121212	3.013917526	3.789473684	5	4	2014	1
LI_EIM_001	16273	3	242220.78125	189161.625	685765.3125	0.0776481915736183	0.02259	NA	1	LIMMSM0026	2.080014749	3.985	3.662121212	3.013917526	3.789473684	5	4	2014	1
LI_EIM_001	16273	4	242220.78125	189161.625	685765.3125	0.0776481915736183	0.02259	NA	1	LIMMSM0026	2.080014749	3.985	3.662121212	3.013917526	3.789473684	5	4	2014	1
LI_EIM_001	16300	3	242220.78125	189161.625	685765.3125	0.0776481915736183	0.038403	NA	1	LIMMSM0026	2.080014749	3.985	3.662121212	3.013917526	3.789473684	5	4	2014	1
LI_EIM_001	16300	4	242220.78125	189161.625	685765.3125	0.0776481915736183	0.038403	NA	1	LIMMSM0026	2.080014749	3.985	3.662121212	3.013917526	3.789473684	5	4	2014	1
LI_EIM_001	16335	3	242220.78125	189161.625	685765.3125	0.0776481915736183	0.02259	NA	1	LIMMSM0026	2.080014749	3.985	3.662121212	3.013917526	3.789473684	5	4	2014	1
LI_EIM_001	16335	4	242220.78125	189161.625	685765.3125	0.0776481915736183	0.02259	NA	1	LIMMSM0026	2.080014749	3.985	3.662121212	3.013917526	3.789473684	5	4	2014	1
LI_EIM_001	16371	3	242220.78125	189161.625	685765.3125	0.0776481915736183	0.033885	NA	1	LIMMSM0026	2.080014749	3.985	3.662121212	3.013917526	3.789473684	5	4	2014	1
LI_EIM_001	16371	4	242220.78125	189161.625	685765.3125	0.0776481915736183	0.033885	NA	1	LIMMSM0026	2.080014749	3.985	3.662121212	3.013917526	3.789473684	5	4	2014	1
OV_KRA_001	16195	3	87786.796875	196490.609375	88338.6875	0.310592766294473	0.056475	NA	1	OVLALT0344	2.507736944	3.988095238	3.598011364	3.875333333	3.645705521	3	4	2014	1
OV_KRA_001	16195	4	87786.796875	196490.609375	88338.6875	0.310592766294473	0.056475	NA	1	OVLALT0344	2.507736944	3.988095238	3.598011364	3.875333333	3.645705521	3	4	2014	1
OV_KRA_001	16342	3	87786.796875	196490.609375	88338.6875	0.0776481915736183	0.063252	NA	1	OVLALT0344	2.507736944	3.988095238	3.598011364	3.875333333	3.645705521	3	4	2014	1
OV_KRA_001	16342	4	87786.796875	196490.609375	88338.6875	0.0776481915736183	0.063252	NA	1	OVLALT0344	2.507736944	3.988095238	3.598011364	3.875333333	3.645705521	3	4	2014	1
OV_KRA_001	16392	3	87786.796875	196490.609375	88338.6875	0.450359511126986	0.58734	NA	1	OVLALT0344	2.507736944	3.988095238	3.598011364	3.875333333	3.645705521	3	4	2014	1
OV_KRA_001	16392	4	87786.796875	196490.609375	88338.6875	0.450359511126986	0.58734	NA	1	OVLALT0344	2.507736944	3.988095238	3.598011364	3.875333333	3.645705521	3	4	2014	1
AN_TVG_004	16587	3	189494.859375	229054.046875	1827.07373046875	0.0388240957868091	0.036144	0.2685	1	ANTTUR0082	2.587912088	3.988372093	3.352813853	3.994073276	2.47678703	5	2	2015	1
AN_TVG_004	16622	3	189494.859375	229054.046875	1827.07373046875	0.0543537341015328	0.072288	1.2108	1	ANTTUR0082	2.587912088	3.988372093	3.352813853	3.994073276	2.47678703	5	2	2015	1
AN_TVG_004	16672	3	189494.859375	229054.046875	1827.07373046875	0.124237106517789	0.047439	0.0668	1	ANTTUR0082	2.587912088	3.988372093	3.352813853	3.994073276	2.47678703	5	2	2015	1
AN_TVG_004	16700	3	189494.859375	229054.046875	1827.07373046875	0.232944574720855	0.056475	0.07	1	ANTTUR0082	2.587912088	3.988372093	3.352813853	3.994073276	2.47678703	5	2	2015	1
AN_TVG_004	16735	3	189494.859375	229054.046875	1827.07373046875	0.0698833724162564	0.115209	0.04	1	ANTTUR0082	2.587912088	3.988372093	3.352813853	3.994073276	2.47678703	5	2	2015	1
AN_TVG_004	16763	3	189494.859375	229054.046875	1827.07373046875	0.0465889149441709	0.072288	0.033	1	ANTTUR0082	2.587912088	3.988372093	3.352813853	3.994073276	2.47678703	5	2	2015	1
AN_TVG_004	16804	3	189494.859375	229054.046875	1827.07373046875	0.0388240957868091	0.060993	0.0423	1	ANTTUR0082	2.587912088	3.988372093	3.352813853	3.994073276	2.47678703	5	2	2016	1
AN_TVG_004	16833	3	189494.859375	229054.046875	1827.07373046875	0.0388240957868091	0.049698	0.02	1	ANTTUR0082	2.587912088	3.988372093	3.352813853	3.994073276	2.47678703	5	2	2016	1
AN_TVG_004	16861	3	189494.859375	229054.046875	1827.07373046875	0.0388240957868091	0.088101	0.0251	1	ANTTUR0082	2.587912088	3.988372093	3.352813853	3.994073276	2.47678703	5	2	2016	1
AN_TVG_004	16895	3	189494.859375	229054.046875	1827.07373046875	0.0388240957868091	0.072288	0.0312	1	ANTTUR0082	2.587912088	3.988372093	3.352813853	3.994073276	2.47678703	5	2	2016	1
AN_TVG_004	16923	3	189494.859375	229054.046875	1827.07373046875	0.0388240957868091	0.02259	0.0294	1	ANTTUR0082	2.587912088	3.988372093	3.352813853	3.994073276	2.47678703	5	2	2016	1
AN_ZEG_001	16217	6	190000.171875	209732.6875	1795.00366210938	0.0776481915736183	0.033885	NA	1	ANTGEE0105	1.481781377	4	3.726640159	3.148633257	3.338748496	5	3	2014	1
AN_ZEG_001	16238	6	190000.171875	209732.6875	1795.00366210938	0.0776481915736183	0.036144	NA	1	ANTGEE0105	1.481781377	4	3.726640159	3.148633257	3.338748496	5	3	2014	1
AN_ZEG_001	16273	6	190000.171875	209732.6875	1795.00366210938	0.0776481915736183	0.103914	NA	1	ANTGEE0105	1.481781377	4	3.726640159	3.148633257	3.338748496	5	3	2014	1
AN_ZEG_001	16307	6	190000.171875	209732.6875	1795.00366210938	0.0776481915736183	0.031626	NA	1	ANTGEE0105	1.481781377	4	3.726640159	3.148633257	3.338748496	5	3	2014	1
AN_ZEG_001	16336	6	190000.171875	209732.6875	1795.00366210938	0.0776481915736183	0.074547	NA	1	ANTGEE0105	1.481781377	4	3.726640159	3.148633257	3.338748496	5	3	2014	1
AN_ZEG_001	16378	6	190000.171875	209732.6875	1795.00366210938	0.0776481915736183	0.027108	NA	1	ANTGEE0105	1.481781377	4	3.726640159	3.148633257	3.338748496	5	3	2014	1
WV_SBE_002	17701	1	38591.99609375	205495.734375	107.696556091309	0.0388240957868091	0.02259	1.1526	1	WVLMID0220	4	4	4.430703625	4.018392371	3.941754917	1	2	2018	1
WV_GUP_002	17336	3	78154.046875	196864.640625	7796.77294921875	0.0698833724162564	0.085842	0.419	1	WVLWIN0255	3.446601942	4.011111111	3.836336336	3.642947103	3.834586466	3	2	2017	1
WV_GUP_002	17336	4	78154.046875	196864.640625	7796.77294921875	0.0698833724162564	0.085842	0.419	1	WVLWIN0255	3.446601942	4.011111111	3.836336336	3.642947103	3.834586466	3	2	2017	1
WV_GUP_002	17351	3	78154.046875	196864.640625	7796.77294921875	1.50637491652819	0.124245	0.2142	1	WVLWIN0255	3.446601942	4.011111111	3.836336336	3.642947103	3.834586466	3	2	2017	1
WV_GUP_002	17351	4	78154.046875	196864.640625	7796.77294921875	1.50637491652819	0.124245	0.2142	1	WVLWIN0255	3.446601942	4.011111111	3.836336336	3.642947103	3.834586466	3	2	2017	1
WV_GUP_002	17435	3	78154.046875	196864.640625	7796.77294921875	0.116472287360427	0.106173	0.12	1	WVLWIN0255	3.446601942	4.011111111	3.836336336	3.642947103	3.834586466	3	2	2017	1
WV_GUP_002	17435	4	78154.046875	196864.640625	7796.77294921875	0.116472287360427	0.106173	0.12	1	WVLWIN0255	3.446601942	4.011111111	3.836336336	3.642947103	3.834586466	3	2	2017	1
WV_GUP_002	17456	3	78154.046875	196864.640625	7796.77294921875	1.59178792725917	0.31626	0.219	1	WVLWIN0255	3.446601942	4.011111111	3.836336336	3.642947103	3.834586466	3	2	2017	1
WV_GUP_002	17456	4	78154.046875	196864.640625	7796.77294921875	1.59178792725917	0.31626	0.219	1	WVLWIN0255	3.446601942	4.011111111	3.836336336	3.642947103	3.834586466	3	2	2017	1
WV_GUP_002	17476	3	78154.046875	196864.640625	7796.77294921875	1.99555852344199	0.506016	0.593	1	WVLWIN0255	3.446601942	4.011111111	3.836336336	3.642947103	3.834586466	3	2	2017	1
WV_GUP_002	17476	4	78154.046875	196864.640625	7796.77294921875	1.99555852344199	0.506016	0.593	1	WVLWIN0255	3.446601942	4.011111111	3.836336336	3.642947103	3.834586466	3	2	2017	1
WV_GUP_002	17504	3	78154.046875	196864.640625	7796.77294921875	0.0388240957868091	0.02259	0.1495	1	WVLWIN0255	3.446601942	4.011111111	3.836336336	3.642947103	3.834586466	3	2	2017	1
WV_GUP_002	17504	4	78154.046875	196864.640625	7796.77294921875	0.0388240957868091	0.02259	0.1495	1	WVLWIN0255	3.446601942	4.011111111	3.836336336	3.642947103	3.834586466	3	2	2017	1
WV_GUP_002	17533	3	78154.046875	196864.640625	7796.77294921875	0.17082602146196	0.146835	0.118	1	WVLWIN0255	3.446601942	4.011111111	3.836336336	3.642947103	3.834586466	3	2	2018	1
WV_GUP_002	17533	4	78154.046875	196864.640625	7796.77294921875	0.17082602146196	0.146835	0.118	1	WVLWIN0255	3.446601942	4.011111111	3.836336336	3.642947103	3.834586466	3	2	2018	1
WV_GUP_002	17560	3	78154.046875	196864.640625	7796.77294921875	0.0388240957868091	0.081324	0.067	1	WVLWIN0255	3.446601942	4.011111111	3.836336336	3.642947103	3.834586466	3	2	2018	1
WV_GUP_002	17560	4	78154.046875	196864.640625	7796.77294921875	0.0388240957868091	0.081324	0.067	1	WVLWIN0255	3.446601942	4.011111111	3.836336336	3.642947103	3.834586466	3	2	2018	1
WV_GUP_002	17575	3	78154.046875	196864.640625	7796.77294921875	0.0465889149441709	0.081324	0.1486	1	WVLWIN0255	3.446601942	4.011111111	3.836336336	3.642947103	3.834586466	3	2	2018	1
WV_GUP_002	17575	4	78154.046875	196864.640625	7796.77294921875	0.0465889149441709	0.081324	0.1486	1	WVLWIN0255	3.446601942	4.011111111	3.836336336	3.642947103	3.834586466	3	2	2018	1
WV_GUP_002	17637	3	78154.046875	196864.640625	7796.77294921875	0.0543537341015328	0.101655	0.0478	1	WVLWIN0255	3.446601942	4.011111111	3.836336336	3.642947103	3.834586466	3	2	2018	1
WV_GUP_002	17637	4	78154.046875	196864.640625	7796.77294921875	0.0543537341015328	0.101655	0.0478	1	WVLWIN0255	3.446601942	4.011111111	3.836336336	3.642947103	3.834586466	3	2	2018	1
WV_GUP_002	17666	3	78154.046875	196864.640625	7796.77294921875	0.0388240957868091	0.04518	0.1424	1	WVLWIN0255	3.446601942	4.011111111	3.836336336	3.642947103	3.834586466	3	2	2018	1
WV_GUP_002	17666	4	78154.046875	196864.640625	7796.77294921875	0.0388240957868091	0.04518	0.1424	1	WVLWIN0255	3.446601942	4.011111111	3.836336336	3.642947103	3.834586466	3	2	2018	1
AN_RIN_001	17693	3	164801.796875	219100.90625	10436.681640625	0.0388240957868091	0.02259	0.0229	1	ANTSIL0322	2.315822002	4.018099548	3.741982507	4.035591274	3.563176895	5	2	2018	1
AN_RIN_001	17735	3	164801.796875	219100.90625	10436.681640625	0.0465889149441709	0.02259	0.02	1	ANTSIL0322	2.315822002	4.018099548	3.741982507	4.035591274	3.563176895	5	2	2018	1
AN_RIN_001	17763	3	164801.796875	219100.90625	10436.681640625	0.0388240957868091	0.024849	0.02	1	ANTSIL0322	2.315822002	4.018099548	3.741982507	4.035591274	3.563176895	5	2	2018	1
AN_RIN_001	17785	3	164801.796875	219100.90625	10436.681640625	0.0388240957868091	0.036144	0.0379	1	ANTSIL0322	2.315822002	4.018099548	3.741982507	4.035591274	3.563176895	5	2	2018	1
AN_RIN_001	17819	3	164801.796875	219100.90625	10436.681640625	0.116472287360427	0.042921	0.02	1	ANTSIL0322	2.315822002	4.018099548	3.741982507	4.035591274	3.563176895	5	2	2018	1
AN_RIN_001	17855	3	164801.796875	219100.90625	10436.681640625	0.163061202304598	0.02259	0.02	1	ANTSIL0322	2.315822002	4.018099548	3.741982507	4.035591274	3.563176895	5	2	2018	1
AN_RIN_001	17869	3	164801.796875	219100.90625	10436.681640625	0.0388240957868091	0.027108	0.02	1	ANTSIL0322	2.315822002	4.018099548	3.741982507	4.035591274	3.563176895	5	2	2018	1
WV_WES_006	17700	1	23164.548828125	198289.75	136.630355834961	0.0388240957868091	0.040662	0.0477	1	WVLDEP0067	1.553191489	4.018115942	3.383206107	3.900595238	3.878474467	1	2	2018	1
WV_WES_006	17715	1	23164.548828125	198289.75	136.630355834961	0.0543537341015328	0.049698	0.0271	1	WVLDEP0067	1.553191489	4.018115942	3.383206107	3.900595238	3.878474467	1	2	2018	1
WV_WES_006	17876	1	23164.548828125	198289.75	136.630355834961	1.02495612877176	0.173943	0.1682	1	WVLDEP0067	1.553191489	4.018115942	3.383206107	3.900595238	3.878474467	1	2	2018	1
AN_GVM_001	16959	5	155371.96875	194454.71875	636331.125	0.0388240957868091	0.15813	0.02	1	ANTMEC0030	2.281807166	4.036697248	3.2	3.69184492	2.900255754	2	1	2016	1
AN_GVM_001	16980	5	155371.96875	194454.71875	636331.125	0.0388240957868091	0.02259	0.02	1	ANTMEC0030	2.281807166	4.036697248	3.2	3.69184492	2.900255754	2	1	2016	1
AN_GVM_001	17021	5	155371.96875	194454.71875	636331.125	0.0388240957868091	0.02259	0.02	1	ANTMEC0030	2.281807166	4.036697248	3.2	3.69184492	2.900255754	2	1	2016	1
AN_GVM_001	17056	5	155371.96875	194454.71875	636331.125	0.0698833724162564	0.02259	0.02	1	ANTMEC0030	2.281807166	4.036697248	3.2	3.69184492	2.900255754	2	1	2016	1
AN_GVM_001	17084	5	155371.96875	194454.71875	636331.125	0.0388240957868091	0.040662	0.02	1	ANTMEC0030	2.281807166	4.036697248	3.2	3.69184492	2.900255754	2	1	2016	1
AN_GVM_001	17112	5	155371.96875	194454.71875	636331.125	0.0543537341015328	0.047439	0.02	1	ANTMEC0030	2.281807166	4.036697248	3.2	3.69184492	2.900255754	2	1	2016	1
AN_GVM_001	17133	5	155371.96875	194454.71875	636331.125	0.209650117248769	0.074547	0.0266	1	ANTMEC0030	2.281807166	4.036697248	3.2	3.69184492	2.900255754	2	1	2016	1
AN_GVM_001	17168	5	155371.96875	194454.71875	636331.125	0.186355659776684	0.142317	0.0303	1	ANTMEC0030	2.281807166	4.036697248	3.2	3.69184492	2.900255754	2	1	2017	1
AN_GVM_001	17197	5	155371.96875	194454.71875	636331.125	0.0388240957868091	0.352404	0.0201	1	ANTMEC0030	2.281807166	4.036697248	3.2	3.69184492	2.900255754	2	1	2017	1
AN_GVM_001	17225	5	155371.96875	194454.71875	636331.125	0.0388240957868091	0.347886	0.02	1	ANTMEC0030	2.281807166	4.036697248	3.2	3.69184492	2.900255754	2	1	2017	1
AN_GVM_001	17275	5	155371.96875	194454.71875	636331.125	0.0388240957868091	0.228159	0.02	1	ANTMEC0030	2.281807166	4.036697248	3.2	3.69184492	2.900255754	2	1	2017	1
AN_GVM_001	17295	5	155371.96875	194454.71875	636331.125	0.0388240957868091	0.196533	0.02	1	ANTMEC0030	2.281807166	4.036697248	3.2	3.69184492	2.900255754	2	1	2017	1
AN_VVM_003	16965	3	176572.65625	240570.921875	495.105773925781	0.0698833724162564	0.097137	0.1264	1	ANTHGS0622	4	4.047413793	4.280148423	3.561889251	3.565656566	5	2	2016	1
AN_VVM_003	16987	3	176572.65625	240570.921875	495.105773925781	0.0388240957868091	0.02259	0.0862	1	ANTHGS0622	4	4.047413793	4.280148423	3.561889251	3.565656566	5	2	2016	1
AN_VVM_003	17030	3	176572.65625	240570.921875	495.105773925781	0.0621185532588946	0.02259	0.0338	1	ANTHGS0622	4	4.047413793	4.280148423	3.561889251	3.565656566	5	2	2016	1
AN_VVM_003	17056	3	176572.65625	240570.921875	495.105773925781	0.116472287360427	0.02259	0.05	1	ANTHGS0622	4	4.047413793	4.280148423	3.561889251	3.565656566	5	2	2016	1
AN_VVM_003	17091	3	176572.65625	240570.921875	495.105773925781	0.815306011522992	0.094878	0.0811	1	ANTHGS0622	4	4.047413793	4.280148423	3.561889251	3.565656566	5	2	2016	1
AN_VVM_003	17113	3	176572.65625	240570.921875	495.105773925781	0.458124330284348	0.02259	0.0983	1	ANTHGS0622	4	4.047413793	4.280148423	3.561889251	3.565656566	5	2	2016	1
AN_VVM_003	17140	3	176572.65625	240570.921875	495.105773925781	0.0854130107309801	0.056475	0.0689	1	ANTHGS0622	4	4.047413793	4.280148423	3.561889251	3.565656566	5	2	2016	1
AN_VVM_003	17182	3	176572.65625	240570.921875	495.105773925781	0.0388240957868091	0.047439	0.028	1	ANTHGS0622	4	4.047413793	4.280148423	3.561889251	3.565656566	5	2	2017	1
AN_VVM_003	17203	3	176572.65625	240570.921875	495.105773925781	0.0388240957868091	0.040662	0.0295	1	ANTHGS0622	4	4.047413793	4.280148423	3.561889251	3.565656566	5	2	2017	1
AN_VVM_003	17231	3	176572.65625	240570.921875	495.105773925781	0.0388240957868091	0.033885	0.0377	1	ANTHGS0622	4	4.047413793	4.280148423	3.561889251	3.565656566	5	2	2017	1
AN_VVM_003	17274	3	176572.65625	240570.921875	495.105773925781	0.0388240957868091	0.060993	0.095	1	ANTHGS0622	4	4.047413793	4.280148423	3.561889251	3.565656566	5	2	2017	1
AN_VVM_003	17316	3	176572.65625	240570.921875	495.105773925781	0.0776481915736183	0.063252	0.06	1	ANTHGS0622	4	4.047413793	4.280148423	3.561889251	3.565656566	5	2	2017	1
WV_WES_038	17337	1	24306.9375	199038.671875	11789.6806640625	0.0698833724162564	0.036144	0.021	1	WVLDEP0070	1.468562874	4.063451777	3.965	4.142064373	3.485141159	1	2	2017	1
WV_WES_038	17372	1	24306.9375	199038.671875	11789.6806640625	0.0854130107309801	0.033885	0.035	1	WVLDEP0070	1.468562874	4.063451777	3.965	4.142064373	3.485141159	1	2	2017	1
WV_WES_038	17407	1	24306.9375	199038.671875	11789.6806640625	0.0388240957868091	0.024849	0.02	1	WVLDEP0070	1.468562874	4.063451777	3.965	4.142064373	3.485141159	1	2	2017	1
WV_WES_038	17441	1	24306.9375	199038.671875	11789.6806640625	0.0388240957868091	0.033885	0.02	1	WVLDEP0070	1.468562874	4.063451777	3.965	4.142064373	3.485141159	1	2	2017	1
WV_WES_038	17462	1	24306.9375	199038.671875	11789.6806640625	0.0388240957868091	0.031626	0.02	1	WVLDEP0070	1.468562874	4.063451777	3.965	4.142064373	3.485141159	1	2	2017	1
WV_WES_038	17490	1	24306.9375	199038.671875	11789.6806640625	0.0388240957868091	0.027108	0.4158	1	WVLDEP0070	1.468562874	4.063451777	3.965	4.142064373	3.485141159	1	2	2017	1
WV_WES_038	17539	1	24306.9375	199038.671875	11789.6806640625	0.0388240957868091	0.04518	0.02	1	WVLDEP0070	1.468562874	4.063451777	3.965	4.142064373	3.485141159	1	2	2018	1
WV_WES_038	17567	1	24306.9375	199038.671875	11789.6806640625	0.0388240957868091	0.027108	0.02	1	WVLDEP0070	1.468562874	4.063451777	3.965	4.142064373	3.485141159	1	2	2018	1
WV_WES_038	17624	1	24306.9375	199038.671875	11789.6806640625	0.0465889149441709	0.09036	0.02	1	WVLDEP0070	1.468562874	4.063451777	3.965	4.142064373	3.485141159	1	2	2018	1
WV_WES_038	17638	1	24306.9375	199038.671875	11789.6806640625	0.0388240957868091	0.04518	0.0219	1	WVLDEP0070	1.468562874	4.063451777	3.965	4.142064373	3.485141159	1	2	2018	1
WV_WES_038	17673	1	24306.9375	199038.671875	11789.6806640625	0.0388240957868091	0.036144	0.0238	1	WVLDEP0070	1.468562874	4.063451777	3.965	4.142064373	3.485141159	1	2	2018	1
AN_NOL_002	17337	3	156176.421875	234608.671875	32164.80078125	0.0465889149441709	0.038403	0.02	1	ANTESS0062	2.263692308	4.09047619	3.536855037	3.69629156	3.575268817	5	2	2017	1
AN_NOL_002	17337	7	156176.421875	234608.671875	32164.80078125	0.0465889149441709	0.038403	0.02	1	ANTESS0062	2.263692308	4.09047619	3.536855037	3.69629156	3.575268817	5	2	2017	1
AN_NOL_002	17359	3	156176.421875	234608.671875	32164.80078125	0.0621185532588946	0.031626	0.02	1	ANTESS0062	2.263692308	4.09047619	3.536855037	3.69629156	3.575268817	5	2	2017	1
AN_NOL_002	17359	7	156176.421875	234608.671875	32164.80078125	0.0621185532588946	0.031626	0.02	1	ANTESS0062	2.263692308	4.09047619	3.536855037	3.69629156	3.575268817	5	2	2017	1
AN_NOL_002	17379	3	156176.421875	234608.671875	32164.80078125	0.0388240957868091	0.029367	0.02	1	ANTESS0062	2.263692308	4.09047619	3.536855037	3.69629156	3.575268817	5	2	2017	1
AN_NOL_002	17379	7	156176.421875	234608.671875	32164.80078125	0.0388240957868091	0.029367	0.02	1	ANTESS0062	2.263692308	4.09047619	3.536855037	3.69629156	3.575268817	5	2	2017	1
AN_NOL_002	17421	3	156176.421875	234608.671875	32164.80078125	0.0388240957868091	0.038403	0.02	1	ANTESS0062	2.263692308	4.09047619	3.536855037	3.69629156	3.575268817	5	2	2017	1
AN_NOL_002	17421	7	156176.421875	234608.671875	32164.80078125	0.0388240957868091	0.038403	0.02	1	ANTESS0062	2.263692308	4.09047619	3.536855037	3.69629156	3.575268817	5	2	2017	1
AN_NOL_002	17449	3	156176.421875	234608.671875	32164.80078125	0.0388240957868091	0.04518	0.02	1	ANTESS0062	2.263692308	4.09047619	3.536855037	3.69629156	3.575268817	5	2	2017	1
AN_NOL_002	17449	7	156176.421875	234608.671875	32164.80078125	0.0388240957868091	0.04518	0.02	1	ANTESS0062	2.263692308	4.09047619	3.536855037	3.69629156	3.575268817	5	2	2017	1
AN_NOL_002	17477	3	156176.421875	234608.671875	32164.80078125	0.0388240957868091	0.072288	0.02	1	ANTESS0062	2.263692308	4.09047619	3.536855037	3.69629156	3.575268817	5	2	2017	1
AN_NOL_002	17477	7	156176.421875	234608.671875	32164.80078125	0.0388240957868091	0.072288	0.02	1	ANTESS0062	2.263692308	4.09047619	3.536855037	3.69629156	3.575268817	5	2	2017	1
AN_NOL_002	17505	3	156176.421875	234608.671875	32164.80078125	0.0465889149441709	0.176202	0.02	1	ANTESS0062	2.263692308	4.09047619	3.536855037	3.69629156	3.575268817	5	2	2017	1
AN_NOL_002	17505	7	156176.421875	234608.671875	32164.80078125	0.0465889149441709	0.176202	0.02	1	ANTESS0062	2.263692308	4.09047619	3.536855037	3.69629156	3.575268817	5	2	2017	1
AN_NOL_002	17534	3	156176.421875	234608.671875	32164.80078125	0.0388240957868091	0.298188	0.02	1	ANTESS0062	2.263692308	4.09047619	3.536855037	3.69629156	3.575268817	5	2	2018	1
AN_NOL_002	17534	7	156176.421875	234608.671875	32164.80078125	0.0388240957868091	0.298188	0.02	1	ANTESS0062	2.263692308	4.09047619	3.536855037	3.69629156	3.575268817	5	2	2018	1
AN_NOL_002	17568	3	156176.421875	234608.671875	32164.80078125	0.0388240957868091	0.221382	0.02	1	ANTESS0062	2.263692308	4.09047619	3.536855037	3.69629156	3.575268817	5	2	2018	1
AN_NOL_002	17568	7	156176.421875	234608.671875	32164.80078125	0.0388240957868091	0.221382	0.02	1	ANTESS0062	2.263692308	4.09047619	3.536855037	3.69629156	3.575268817	5	2	2018	1
AN_NOL_002	17610	3	156176.421875	234608.671875	32164.80078125	0.0388240957868091	0.060993	0.02	1	ANTESS0062	2.263692308	4.09047619	3.536855037	3.69629156	3.575268817	5	2	2018	1
AN_NOL_002	17610	7	156176.421875	234608.671875	32164.80078125	0.0388240957868091	0.060993	0.02	1	ANTESS0062	2.263692308	4.09047619	3.536855037	3.69629156	3.575268817	5	2	2018	1
AN_NOL_002	17631	3	156176.421875	234608.671875	32164.80078125	0.0388240957868091	0.029367	0.02	1	ANTESS0062	2.263692308	4.09047619	3.536855037	3.69629156	3.575268817	5	2	2018	1
AN_NOL_002	17631	7	156176.421875	234608.671875	32164.80078125	0.0388240957868091	0.029367	0.02	1	ANTESS0062	2.263692308	4.09047619	3.536855037	3.69629156	3.575268817	5	2	2018	1
AN_NOL_002	17674	3	156176.421875	234608.671875	32164.80078125	0.0388240957868091	0.033885	0.02	1	ANTESS0062	2.263692308	4.09047619	3.536855037	3.69629156	3.575268817	5	2	2018	1
AN_NOL_002	17674	7	156176.421875	234608.671875	32164.80078125	0.0388240957868091	0.033885	0.02	1	ANTESS0062	2.263692308	4.09047619	3.536855037	3.69629156	3.575268817	5	2	2018	1
WV_BRE_010	17337	1	53287.79296875	217363.84375	127.43913269043	0.0931778298883419	0.079065	0.106	1	WVLBRD0077	1.25	4.091666667	4.128787879	3.994557823	2.562787136	1	2	2017	1
WV_BRE_010	17372	1	53287.79296875	217363.84375	127.43913269043	0.0388240957868091	0.036144	0.02	1	WVLBRD0077	1.25	4.091666667	4.128787879	3.994557823	2.562787136	1	2	2017	1
WV_BRE_010	17407	1	53287.79296875	217363.84375	127.43913269043	0.0465889149441709	0.065511	0.02	1	WVLBRD0077	1.25	4.091666667	4.128787879	3.994557823	2.562787136	1	2	2017	1
WV_BRE_010	17441	1	53287.79296875	217363.84375	127.43913269043	0.0621185532588946	0.076806	0.02	1	WVLBRD0077	1.25	4.091666667	4.128787879	3.994557823	2.562787136	1	2	2017	1
WV_BRE_010	17463	1	53287.79296875	217363.84375	127.43913269043	0.0388240957868091	0.033885	0.02	1	WVLBRD0077	1.25	4.091666667	4.128787879	3.994557823	2.562787136	1	2	2017	1
WV_BRE_010	17477	1	53287.79296875	217363.84375	127.43913269043	0.0388240957868091	0.031626	0.02	1	WVLBRD0077	1.25	4.091666667	4.128787879	3.994557823	2.562787136	1	2	2017	1
WV_BRE_010	17553	1	53287.79296875	217363.84375	127.43913269043	0.0388240957868091	0.033885	0.02	1	WVLBRD0077	1.25	4.091666667	4.128787879	3.994557823	2.562787136	1	2	2018	1
WV_BRE_010	17574	1	53287.79296875	217363.84375	127.43913269043	0.0388240957868091	0.029367	0.02	1	WVLBRD0077	1.25	4.091666667	4.128787879	3.994557823	2.562787136	1	2	2018	1
WV_BRE_010	17624	1	53287.79296875	217363.84375	127.43913269043	0.0543537341015328	0.140058	0.028	1	WVLBRD0077	1.25	4.091666667	4.128787879	3.994557823	2.562787136	1	2	2018	1
WV_BRE_010	17645	1	53287.79296875	217363.84375	127.43913269043	0.0388240957868091	0.083583	0.0601	1	WVLBRD0077	1.25	4.091666667	4.128787879	3.994557823	2.562787136	1	2	2018	1
WV_BRE_010	17673	1	53287.79296875	217363.84375	127.43913269043	0.0388240957868091	0.049698	0.042	1	WVLBRD0077	1.25	4.091666667	4.128787879	3.994557823	2.562787136	1	2	2018	1
WV_GAV_001	16216	5	76046.0859375	170385.03125	537502.75	0.0776481915736183	1.425429	NA	1	WVLHAR0329	2.123024605	4.102803738	4.294871795	3.531941032	3.940828402	3	1	2014	1
WV_GAV_001	16216	6	76046.0859375	170385.03125	537502.75	0.0776481915736183	1.425429	NA	1	WVLHAR0329	2.123024605	4.102803738	4.294871795	3.531941032	3.940828402	3	1	2014	1
WV_GAV_001	16245	5	76046.0859375	170385.03125	537502.75	0.0776481915736183	0.02259	NA	1	WVLHAR0329	2.123024605	4.102803738	4.294871795	3.531941032	3.940828402	3	1	2014	1
WV_GAV_001	16245	6	76046.0859375	170385.03125	537502.75	0.0776481915736183	0.02259	NA	1	WVLHAR0329	2.123024605	4.102803738	4.294871795	3.531941032	3.940828402	3	1	2014	1
WV_GAV_001	16274	5	76046.0859375	170385.03125	537502.75	0.0776481915736183	1.027845	NA	1	WVLHAR0329	2.123024605	4.102803738	4.294871795	3.531941032	3.940828402	3	1	2014	1
WV_GAV_001	16274	6	76046.0859375	170385.03125	537502.75	0.0776481915736183	1.027845	NA	1	WVLHAR0329	2.123024605	4.102803738	4.294871795	3.531941032	3.940828402	3	1	2014	1
WV_GAV_001	16308	5	76046.0859375	170385.03125	537502.75	0.0776481915736183	0.894564	NA	1	WVLHAR0329	2.123024605	4.102803738	4.294871795	3.531941032	3.940828402	3	1	2014	1
WV_GAV_001	16308	6	76046.0859375	170385.03125	537502.75	0.0776481915736183	0.894564	NA	1	WVLHAR0329	2.123024605	4.102803738	4.294871795	3.531941032	3.940828402	3	1	2014	1
WV_GAV_001	16342	5	76046.0859375	170385.03125	537502.75	0.0776481915736183	0.946521	NA	1	WVLHAR0329	2.123024605	4.102803738	4.294871795	3.531941032	3.940828402	3	1	2014	1
WV_GAV_001	16342	6	76046.0859375	170385.03125	537502.75	0.0776481915736183	0.946521	NA	1	WVLHAR0329	2.123024605	4.102803738	4.294871795	3.531941032	3.940828402	3	1	2014	1
WV_GAV_001	16392	5	76046.0859375	170385.03125	537502.75	0.396005777025453	1.463832	NA	1	WVLHAR0329	2.123024605	4.102803738	4.294871795	3.531941032	3.940828402	3	1	2014	1
WV_GAV_001	16392	6	76046.0859375	170385.03125	537502.75	0.396005777025453	1.463832	NA	1	WVLHAR0329	2.123024605	4.102803738	4.294871795	3.531941032	3.940828402	3	1	2014	1
OV_DON_001	16601	5	122274.8359375	191612.4375	265285.78125	0.0388240957868091	0.02259	0.022	1	OVLBLE0018	2.767807586	4.10326087	3.31535649	3.41089613	3.281690141	2	1	2015	1
OV_DON_001	16629	5	122274.8359375	191612.4375	265285.78125	0.0388240957868091	0.02259	0.02	1	OVLBLE0018	2.767807586	4.10326087	3.31535649	3.41089613	3.281690141	2	1	2015	1
OV_DON_001	16657	5	122274.8359375	191612.4375	265285.78125	0.0388240957868091	0.02259	0.02	1	OVLBLE0018	2.767807586	4.10326087	3.31535649	3.41089613	3.281690141	2	1	2015	1
OV_DON_001	16685	5	122274.8359375	191612.4375	265285.78125	0.0388240957868091	0.02259	0.02	1	OVLBLE0018	2.767807586	4.10326087	3.31535649	3.41089613	3.281690141	2	1	2015	1
OV_DON_001	16720	5	122274.8359375	191612.4375	265285.78125	0.0194120478934046	0.036144	0.02	1	OVLBLE0018	2.767807586	4.10326087	3.31535649	3.41089613	3.281690141	2	1	2015	1
OV_DON_001	16748	5	122274.8359375	191612.4375	265285.78125	0.0388240957868091	0.02259	0.02	1	OVLBLE0018	2.767807586	4.10326087	3.31535649	3.41089613	3.281690141	2	1	2015	1
OV_DON_001	16776	5	122274.8359375	191612.4375	265285.78125	0.232944574720855	0.027108	0.125	1	OVLBLE0018	2.767807586	4.10326087	3.31535649	3.41089613	3.281690141	2	1	2015	1
OV_DON_001	16811	5	122274.8359375	191612.4375	265285.78125	0.287298308822388	0.072288	0.1558	1	OVLBLE0018	2.767807586	4.10326087	3.31535649	3.41089613	3.281690141	2	1	2016	1
OV_DON_001	16839	5	122274.8359375	191612.4375	265285.78125	0.364946500396006	0.121986	0.1334	1	OVLBLE0018	2.767807586	4.10326087	3.31535649	3.41089613	3.281690141	2	1	2016	1
OV_DON_001	16867	5	122274.8359375	191612.4375	265285.78125	0.264003851350302	0.15813	0.1258	1	OVLBLE0018	2.767807586	4.10326087	3.31535649	3.41089613	3.281690141	2	1	2016	1
OV_DON_001	16903	5	122274.8359375	191612.4375	265285.78125	0.0543537341015328	0.216864	0.1212	1	OVLBLE0018	2.767807586	4.10326087	3.31535649	3.41089613	3.281690141	2	1	2016	1
OV_DON_001	16931	5	122274.8359375	191612.4375	265285.78125	0.0388240957868091	0.02259	0.0264	1	OVLBLE0018	2.767807586	4.10326087	3.31535649	3.41089613	3.281690141	2	1	2016	1
WV_ZWI_120	17708	1	78573.328125	228533.453125	61.1241645812988	0.0465889149441709	0.04518	0.0552	1	WVLKNO0380	1	4.11	4.305722892	3.936069987	3.152654867	1	2	2018	1
WV_ZWI_120	17875	1	78573.328125	228533.453125	61.1241645812988	0.0388240957868091	0.04518	0.0301	1	WVLKNO0380	1	4.11	4.305722892	3.936069987	3.152654867	1	2	2018	1
AN_ARE_001	16587	3	203427.90625	221564.15625	112980.3671875	0.186355659776684	0.27108	0.02	1	ANTARE0200	3.032974001	4.113402062	3.06097561	1.890736342	2.273786408	5	2	2015	1
AN_ARE_001	16587	4	203427.90625	221564.15625	112980.3671875	0.186355659776684	0.27108	0.02	1	ANTARE0200	3.032974001	4.113402062	3.06097561	1.890736342	2.273786408	5	2	2015	1
AN_ARE_001	16622	3	203427.90625	221564.15625	112980.3671875	0.0776481915736183	0.241713	0.02	1	ANTARE0200	3.032974001	4.113402062	3.06097561	1.890736342	2.273786408	5	2	2015	1
AN_ARE_001	16622	4	203427.90625	221564.15625	112980.3671875	0.0776481915736183	0.241713	0.02	1	ANTARE0200	3.032974001	4.113402062	3.06097561	1.890736342	2.273786408	5	2	2015	1
AN_ARE_001	16644	3	203427.90625	221564.15625	112980.3671875	0.0388240957868091	0.327555	0.044	1	ANTARE0200	3.032974001	4.113402062	3.06097561	1.890736342	2.273786408	5	2	2015	1
AN_ARE_001	16644	4	203427.90625	221564.15625	112980.3671875	0.0388240957868091	0.327555	0.044	1	ANTARE0200	3.032974001	4.113402062	3.06097561	1.890736342	2.273786408	5	2	2015	1
AN_ARE_001	16672	3	203427.90625	221564.15625	112980.3671875	0.0388240957868091	0.119727	0.02	1	ANTARE0200	3.032974001	4.113402062	3.06097561	1.890736342	2.273786408	5	2	2015	1
AN_ARE_001	16672	4	203427.90625	221564.15625	112980.3671875	0.0388240957868091	0.119727	0.02	1	ANTARE0200	3.032974001	4.113402062	3.06097561	1.890736342	2.273786408	5	2	2015	1
AN_ARE_001	16700	3	203427.90625	221564.15625	112980.3671875	0.0388240957868091	0.108432	0.02	1	ANTARE0200	3.032974001	4.113402062	3.06097561	1.890736342	2.273786408	5	2	2015	1
AN_ARE_001	16700	4	203427.90625	221564.15625	112980.3671875	0.0388240957868091	0.108432	0.02	1	ANTARE0200	3.032974001	4.113402062	3.06097561	1.890736342	2.273786408	5	2	2015	1
AN_ARE_001	16735	3	203427.90625	221564.15625	112980.3671875	0.100942649045704	0.144576	0.02	1	ANTARE0200	3.032974001	4.113402062	3.06097561	1.890736342	2.273786408	5	2	2015	1
AN_ARE_001	16735	4	203427.90625	221564.15625	112980.3671875	0.100942649045704	0.144576	0.02	1	ANTARE0200	3.032974001	4.113402062	3.06097561	1.890736342	2.273786408	5	2	2015	1
AN_ARE_001	16762	3	203427.90625	221564.15625	112980.3671875	0.232944574720855	0.092619	0.03	1	ANTARE0200	3.032974001	4.113402062	3.06097561	1.890736342	2.273786408	5	2	2015	1
AN_ARE_001	16762	4	203427.90625	221564.15625	112980.3671875	0.232944574720855	0.092619	0.03	1	ANTARE0200	3.032974001	4.113402062	3.06097561	1.890736342	2.273786408	5	2	2015	1
AN_ARE_001	16804	3	203427.90625	221564.15625	112980.3671875	0.248474213035578	0.124245	0.02	1	ANTARE0200	3.032974001	4.113402062	3.06097561	1.890736342	2.273786408	5	2	2016	1
AN_ARE_001	16804	4	203427.90625	221564.15625	112980.3671875	0.248474213035578	0.124245	0.02	1	ANTARE0200	3.032974001	4.113402062	3.06097561	1.890736342	2.273786408	5	2	2016	1
AN_ARE_001	16833	3	203427.90625	221564.15625	112980.3671875	0.155296383147237	0.289152	0.02	1	ANTARE0200	3.032974001	4.113402062	3.06097561	1.890736342	2.273786408	5	2	2016	1
AN_ARE_001	16833	4	203427.90625	221564.15625	112980.3671875	0.155296383147237	0.289152	0.02	1	ANTARE0200	3.032974001	4.113402062	3.06097561	1.890736342	2.273786408	5	2	2016	1
AN_ARE_001	16861	3	203427.90625	221564.15625	112980.3671875	0.116472287360427	0.492462	0.02	1	ANTARE0200	3.032974001	4.113402062	3.06097561	1.890736342	2.273786408	5	2	2016	1
AN_ARE_001	16861	4	203427.90625	221564.15625	112980.3671875	0.116472287360427	0.492462	0.02	1	ANTARE0200	3.032974001	4.113402062	3.06097561	1.890736342	2.273786408	5	2	2016	1
AN_ARE_001	16895	3	203427.90625	221564.15625	112980.3671875	0.0621185532588946	0.501498	0.02	1	ANTARE0200	3.032974001	4.113402062	3.06097561	1.890736342	2.273786408	5	2	2016	1
AN_ARE_001	16895	4	203427.90625	221564.15625	112980.3671875	0.0621185532588946	0.501498	0.02	1	ANTARE0200	3.032974001	4.113402062	3.06097561	1.890736342	2.273786408	5	2	2016	1
AN_ARE_001	16923	3	203427.90625	221564.15625	112980.3671875	0.100942649045704	0.467613	0.02	1	ANTARE0200	3.032974001	4.113402062	3.06097561	1.890736342	2.273786408	5	2	2016	1
AN_ARE_001	16923	4	203427.90625	221564.15625	112980.3671875	0.100942649045704	0.467613	0.02	1	ANTARE0200	3.032974001	4.113402062	3.06097561	1.890736342	2.273786408	5	2	2016	1
AN_TVG_005	16587	2	189519.265625	228505.265625	38010.5859375	0.0698833724162564	0.047439	0.0716	1	ANTTUR0296	2.368644068	4.122340426	2.814252336	3.882596685	3.639057751	5	4	2015	1
AN_TVG_005	16587	3	189519.265625	228505.265625	38010.5859375	0.0698833724162564	0.047439	0.0716	1	ANTTUR0296	2.368644068	4.122340426	2.814252336	3.882596685	3.639057751	5	4	2015	1
AN_TVG_005	16587	4	189519.265625	228505.265625	38010.5859375	0.0698833724162564	0.047439	0.0716	1	ANTTUR0296	2.368644068	4.122340426	2.814252336	3.882596685	3.639057751	5	4	2015	1
AN_TVG_005	16587	7	189519.265625	228505.265625	38010.5859375	0.0698833724162564	0.047439	0.0716	1	ANTTUR0296	2.368644068	4.122340426	2.814252336	3.882596685	3.639057751	5	4	2015	1
AN_TVG_005	16622	2	189519.265625	228505.265625	38010.5859375	0.0465889149441709	0.042921	0.1269	1	ANTTUR0296	2.368644068	4.122340426	2.814252336	3.882596685	3.639057751	5	4	2015	1
AN_TVG_005	16622	3	189519.265625	228505.265625	38010.5859375	0.0465889149441709	0.042921	0.1269	1	ANTTUR0296	2.368644068	4.122340426	2.814252336	3.882596685	3.639057751	5	4	2015	1
AN_TVG_005	16622	4	189519.265625	228505.265625	38010.5859375	0.0465889149441709	0.042921	0.1269	1	ANTTUR0296	2.368644068	4.122340426	2.814252336	3.882596685	3.639057751	5	4	2015	1
AN_TVG_005	16622	7	189519.265625	228505.265625	38010.5859375	0.0465889149441709	0.042921	0.1269	1	ANTTUR0296	2.368644068	4.122340426	2.814252336	3.882596685	3.639057751	5	4	2015	1
AN_TVG_005	16644	2	189519.265625	228505.265625	38010.5859375	0.0388240957868091	0.036144	0.055	1	ANTTUR0296	2.368644068	4.122340426	2.814252336	3.882596685	3.639057751	5	4	2015	1
AN_TVG_005	16644	3	189519.265625	228505.265625	38010.5859375	0.0388240957868091	0.036144	0.055	1	ANTTUR0296	2.368644068	4.122340426	2.814252336	3.882596685	3.639057751	5	4	2015	1
AN_TVG_005	16644	4	189519.265625	228505.265625	38010.5859375	0.0388240957868091	0.036144	0.055	1	ANTTUR0296	2.368644068	4.122340426	2.814252336	3.882596685	3.639057751	5	4	2015	1
AN_TVG_005	16644	7	189519.265625	228505.265625	38010.5859375	0.0388240957868091	0.036144	0.055	1	ANTTUR0296	2.368644068	4.122340426	2.814252336	3.882596685	3.639057751	5	4	2015	1
AN_TVG_005	16672	2	189519.265625	228505.265625	38010.5859375	0.0388240957868091	0.047439	0.0401	1	ANTTUR0296	2.368644068	4.122340426	2.814252336	3.882596685	3.639057751	5	4	2015	1
AN_TVG_005	16672	3	189519.265625	228505.265625	38010.5859375	0.0388240957868091	0.047439	0.0401	1	ANTTUR0296	2.368644068	4.122340426	2.814252336	3.882596685	3.639057751	5	4	2015	1
AN_TVG_005	16672	4	189519.265625	228505.265625	38010.5859375	0.0388240957868091	0.047439	0.0401	1	ANTTUR0296	2.368644068	4.122340426	2.814252336	3.882596685	3.639057751	5	4	2015	1
AN_TVG_005	16672	7	189519.265625	228505.265625	38010.5859375	0.0388240957868091	0.047439	0.0401	1	ANTTUR0296	2.368644068	4.122340426	2.814252336	3.882596685	3.639057751	5	4	2015	1
AN_TVG_005	16700	2	189519.265625	228505.265625	38010.5859375	0.0621185532588946	0.065511	0.0785	1	ANTTUR0296	2.368644068	4.122340426	2.814252336	3.882596685	3.639057751	5	4	2015	1
AN_TVG_005	16700	3	189519.265625	228505.265625	38010.5859375	0.0621185532588946	0.065511	0.0785	1	ANTTUR0296	2.368644068	4.122340426	2.814252336	3.882596685	3.639057751	5	4	2015	1
AN_TVG_005	16700	4	189519.265625	228505.265625	38010.5859375	0.0621185532588946	0.065511	0.0785	1	ANTTUR0296	2.368644068	4.122340426	2.814252336	3.882596685	3.639057751	5	4	2015	1
AN_TVG_005	16700	7	189519.265625	228505.265625	38010.5859375	0.0621185532588946	0.065511	0.0785	1	ANTTUR0296	2.368644068	4.122340426	2.814252336	3.882596685	3.639057751	5	4	2015	1
AN_TVG_005	16735	2	189519.265625	228505.265625	38010.5859375	0.248474213035578	0.140058	0.08	1	ANTTUR0296	2.368644068	4.122340426	2.814252336	3.882596685	3.639057751	5	4	2015	1
AN_TVG_005	16735	3	189519.265625	228505.265625	38010.5859375	0.248474213035578	0.140058	0.08	1	ANTTUR0296	2.368644068	4.122340426	2.814252336	3.882596685	3.639057751	5	4	2015	1
AN_TVG_005	16735	4	189519.265625	228505.265625	38010.5859375	0.248474213035578	0.140058	0.08	1	ANTTUR0296	2.368644068	4.122340426	2.814252336	3.882596685	3.639057751	5	4	2015	1
AN_TVG_005	16735	7	189519.265625	228505.265625	38010.5859375	0.248474213035578	0.140058	0.08	1	ANTTUR0296	2.368644068	4.122340426	2.814252336	3.882596685	3.639057751	5	4	2015	1
AN_TVG_005	16763	2	189519.265625	228505.265625	38010.5859375	0.349416862081282	0.167166	0.048	1	ANTTUR0296	2.368644068	4.122340426	2.814252336	3.882596685	3.639057751	5	4	2015	1
AN_TVG_005	16763	3	189519.265625	228505.265625	38010.5859375	0.349416862081282	0.167166	0.048	1	ANTTUR0296	2.368644068	4.122340426	2.814252336	3.882596685	3.639057751	5	4	2015	1
AN_TVG_005	16763	4	189519.265625	228505.265625	38010.5859375	0.349416862081282	0.167166	0.048	1	ANTTUR0296	2.368644068	4.122340426	2.814252336	3.882596685	3.639057751	5	4	2015	1
AN_TVG_005	16763	7	189519.265625	228505.265625	38010.5859375	0.349416862081282	0.167166	0.048	1	ANTTUR0296	2.368644068	4.122340426	2.814252336	3.882596685	3.639057751	5	4	2015	1
AN_TVG_005	16804	2	189519.265625	228505.265625	38010.5859375	0.17082602146196	0.24849	0.0238	1	ANTTUR0296	2.368644068	4.122340426	2.814252336	3.882596685	3.639057751	5	4	2016	1
AN_TVG_005	16804	3	189519.265625	228505.265625	38010.5859375	0.17082602146196	0.24849	0.0238	1	ANTTUR0296	2.368644068	4.122340426	2.814252336	3.882596685	3.639057751	5	4	2016	1
AN_TVG_005	16804	4	189519.265625	228505.265625	38010.5859375	0.17082602146196	0.24849	0.0238	1	ANTTUR0296	2.368644068	4.122340426	2.814252336	3.882596685	3.639057751	5	4	2016	1
AN_TVG_005	16804	7	189519.265625	228505.265625	38010.5859375	0.17082602146196	0.24849	0.0238	1	ANTTUR0296	2.368644068	4.122340426	2.814252336	3.882596685	3.639057751	5	4	2016	1
AN_TVG_005	16833	2	189519.265625	228505.265625	38010.5859375	0.0776481915736183	0.347886	0.0214	1	ANTTUR0296	2.368644068	4.122340426	2.814252336	3.882596685	3.639057751	5	4	2016	1
AN_TVG_005	16833	3	189519.265625	228505.265625	38010.5859375	0.0776481915736183	0.347886	0.0214	1	ANTTUR0296	2.368644068	4.122340426	2.814252336	3.882596685	3.639057751	5	4	2016	1
AN_TVG_005	16833	4	189519.265625	228505.265625	38010.5859375	0.0776481915736183	0.347886	0.0214	1	ANTTUR0296	2.368644068	4.122340426	2.814252336	3.882596685	3.639057751	5	4	2016	1
AN_TVG_005	16833	7	189519.265625	228505.265625	38010.5859375	0.0776481915736183	0.347886	0.0214	1	ANTTUR0296	2.368644068	4.122340426	2.814252336	3.882596685	3.639057751	5	4	2016	1
AN_TVG_005	16861	2	189519.265625	228505.265625	38010.5859375	0.0388240957868091	0.223641	0.025	1	ANTTUR0296	2.368644068	4.122340426	2.814252336	3.882596685	3.639057751	5	4	2016	1
AN_TVG_005	16861	3	189519.265625	228505.265625	38010.5859375	0.0388240957868091	0.223641	0.025	1	ANTTUR0296	2.368644068	4.122340426	2.814252336	3.882596685	3.639057751	5	4	2016	1
AN_TVG_005	16861	4	189519.265625	228505.265625	38010.5859375	0.0388240957868091	0.223641	0.025	1	ANTTUR0296	2.368644068	4.122340426	2.814252336	3.882596685	3.639057751	5	4	2016	1
AN_TVG_005	16861	7	189519.265625	228505.265625	38010.5859375	0.0388240957868091	0.223641	0.025	1	ANTTUR0296	2.368644068	4.122340426	2.814252336	3.882596685	3.639057751	5	4	2016	1
AN_TVG_005	16895	2	189519.265625	228505.265625	38010.5859375	0.0388240957868091	0.099396	0.0354	1	ANTTUR0296	2.368644068	4.122340426	2.814252336	3.882596685	3.639057751	5	4	2016	1
AN_TVG_005	16895	3	189519.265625	228505.265625	38010.5859375	0.0388240957868091	0.099396	0.0354	1	ANTTUR0296	2.368644068	4.122340426	2.814252336	3.882596685	3.639057751	5	4	2016	1
AN_TVG_005	16895	4	189519.265625	228505.265625	38010.5859375	0.0388240957868091	0.099396	0.0354	1	ANTTUR0296	2.368644068	4.122340426	2.814252336	3.882596685	3.639057751	5	4	2016	1
AN_TVG_005	16895	7	189519.265625	228505.265625	38010.5859375	0.0388240957868091	0.099396	0.0354	1	ANTTUR0296	2.368644068	4.122340426	2.814252336	3.882596685	3.639057751	5	4	2016	1
AN_TVG_005	16923	2	189519.265625	228505.265625	38010.5859375	0.0388240957868091	0.02259	0.0306	1	ANTTUR0296	2.368644068	4.122340426	2.814252336	3.882596685	3.639057751	5	4	2016	1
AN_TVG_005	16923	3	189519.265625	228505.265625	38010.5859375	0.0388240957868091	0.02259	0.0306	1	ANTTUR0296	2.368644068	4.122340426	2.814252336	3.882596685	3.639057751	5	4	2016	1
AN_TVG_005	16923	4	189519.265625	228505.265625	38010.5859375	0.0388240957868091	0.02259	0.0306	1	ANTTUR0296	2.368644068	4.122340426	2.814252336	3.882596685	3.639057751	5	4	2016	1
AN_TVG_005	16923	7	189519.265625	228505.265625	38010.5859375	0.0388240957868091	0.02259	0.0306	1	ANTTUR0296	2.368644068	4.122340426	2.814252336	3.882596685	3.639057751	5	4	2016	1
OV_STB_002	17330	3	129128.3515625	214835.703125	1194.80358886719	0.0388240957868091	0.036144	0.02	1	OVLSTK0295	2	4.130681818	4.065365854	3.981958763	3.669247009	3	2	2017	1
OV_STB_002	17330	5	129128.3515625	214835.703125	1194.80358886719	0.0388240957868091	0.036144	0.02	1	OVLSTK0295	2	4.130681818	4.065365854	3.981958763	3.669247009	3	2	2017	1
OV_STB_002	17350	3	129128.3515625	214835.703125	1194.80358886719	0.0388240957868091	0.038403	0.02	1	OVLSTK0295	2	4.130681818	4.065365854	3.981958763	3.669247009	3	2	2017	1
OV_STB_002	17350	5	129128.3515625	214835.703125	1194.80358886719	0.0388240957868091	0.038403	0.02	1	OVLSTK0295	2	4.130681818	4.065365854	3.981958763	3.669247009	3	2	2017	1
OV_STB_002	17378	3	129128.3515625	214835.703125	1194.80358886719	0.0543537341015328	0.031626	0.02	1	OVLSTK0295	2	4.130681818	4.065365854	3.981958763	3.669247009	3	2	2017	1
OV_STB_002	17378	5	129128.3515625	214835.703125	1194.80358886719	0.0543537341015328	0.031626	0.02	1	OVLSTK0295	2	4.130681818	4.065365854	3.981958763	3.669247009	3	2	2017	1
OV_STB_002	17414	3	129128.3515625	214835.703125	1194.80358886719	0.132001925675151	0.02259	0.0214	1	OVLSTK0295	2	4.130681818	4.065365854	3.981958763	3.669247009	3	2	2017	1
OV_STB_002	17414	5	129128.3515625	214835.703125	1194.80358886719	0.132001925675151	0.02259	0.0214	1	OVLSTK0295	2	4.130681818	4.065365854	3.981958763	3.669247009	3	2	2017	1
OV_STB_002	17455	3	129128.3515625	214835.703125	1194.80358886719	0.0388240957868091	0.029367	0.02	1	OVLSTK0295	2	4.130681818	4.065365854	3.981958763	3.669247009	3	2	2017	1
OV_STB_002	17455	5	129128.3515625	214835.703125	1194.80358886719	0.0388240957868091	0.029367	0.02	1	OVLSTK0295	2	4.130681818	4.065365854	3.981958763	3.669247009	3	2	2017	1
OV_STB_002	17477	3	129128.3515625	214835.703125	1194.80358886719	0.0388240957868091	0.031626	0.02	1	OVLSTK0295	2	4.130681818	4.065365854	3.981958763	3.669247009	3	2	2017	1
OV_STB_002	17477	5	129128.3515625	214835.703125	1194.80358886719	0.0388240957868091	0.031626	0.02	1	OVLSTK0295	2	4.130681818	4.065365854	3.981958763	3.669247009	3	2	2017	1
OV_STB_002	17505	3	129128.3515625	214835.703125	1194.80358886719	0.0543537341015328	0.04518	0.02	1	OVLSTK0295	2	4.130681818	4.065365854	3.981958763	3.669247009	3	2	2017	1
OV_STB_002	17505	5	129128.3515625	214835.703125	1194.80358886719	0.0543537341015328	0.04518	0.02	1	OVLSTK0295	2	4.130681818	4.065365854	3.981958763	3.669247009	3	2	2017	1
OV_STB_002	17546	3	129128.3515625	214835.703125	1194.80358886719	0.0698833724162564	0.083583	0.02	1	OVLSTK0295	2	4.130681818	4.065365854	3.981958763	3.669247009	3	2	2018	1
OV_STB_002	17546	5	129128.3515625	214835.703125	1194.80358886719	0.0698833724162564	0.083583	0.02	1	OVLSTK0295	2	4.130681818	4.065365854	3.981958763	3.669247009	3	2	2018	1
OV_STB_002	17568	3	129128.3515625	214835.703125	1194.80358886719	0.0388240957868091	0.081324	0.02	1	OVLSTK0295	2	4.130681818	4.065365854	3.981958763	3.669247009	3	2	2018	1
OV_STB_002	17568	5	129128.3515625	214835.703125	1194.80358886719	0.0388240957868091	0.081324	0.02	1	OVLSTK0295	2	4.130681818	4.065365854	3.981958763	3.669247009	3	2	2018	1
OV_STB_002	17582	3	129128.3515625	214835.703125	1194.80358886719	0.0388240957868091	0.027108	0.02	1	OVLSTK0295	2	4.130681818	4.065365854	3.981958763	3.669247009	3	2	2018	1
OV_STB_002	17582	5	129128.3515625	214835.703125	1194.80358886719	0.0388240957868091	0.027108	0.02	1	OVLSTK0295	2	4.130681818	4.065365854	3.981958763	3.669247009	3	2	2018	1
OV_STB_002	17617	3	129128.3515625	214835.703125	1194.80358886719	0.0388240957868091	0.072288	0.024	1	OVLSTK0295	2	4.130681818	4.065365854	3.981958763	3.669247009	3	2	2018	1
OV_STB_002	17617	5	129128.3515625	214835.703125	1194.80358886719	0.0388240957868091	0.072288	0.024	1	OVLSTK0295	2	4.130681818	4.065365854	3.981958763	3.669247009	3	2	2018	1
OV_STB_002	17665	3	129128.3515625	214835.703125	1194.80358886719	0.0388240957868091	0.063252	0.0279	1	OVLSTK0295	2	4.130681818	4.065365854	3.981958763	3.669247009	3	2	2018	1
OV_STB_002	17665	5	129128.3515625	214835.703125	1194.80358886719	0.0388240957868091	0.063252	0.0279	1	OVLSTK0295	2	4.130681818	4.065365854	3.981958763	3.669247009	3	2	2018	1
LI_MOB_001	17700	4	245784.25	206792.953125	14332.01953125	0.0621185532588946	0.11295	0.2347	1	LIMKIN0100	2	4.132183908	3.144628099	3.238009592	3.271199389	5	3	2018	1
LI_MOB_001	17700	6	245784.25	206792.953125	14332.01953125	0.0621185532588946	0.11295	0.2347	1	LIMKIN0100	2	4.132183908	3.144628099	3.238009592	3.271199389	5	3	2018	1
LI_MOB_001	17715	4	245784.25	206792.953125	14332.01953125	0.178590840619322	0.210087	0.6396	1	LIMKIN0100	2	4.132183908	3.144628099	3.238009592	3.271199389	5	3	2018	1
LI_MOB_001	17715	6	245784.25	206792.953125	14332.01953125	0.178590840619322	0.210087	0.6396	1	LIMKIN0100	2	4.132183908	3.144628099	3.238009592	3.271199389	5	3	2018	1
LI_MOB_001	17812	4	245784.25	206792.953125	14332.01953125	1.35107853338096	0.189756	0.0438	1	LIMKIN0100	2	4.132183908	3.144628099	3.238009592	3.271199389	5	3	2018	1
LI_MOB_001	17812	6	245784.25	206792.953125	14332.01953125	1.35107853338096	0.189756	0.0438	1	LIMKIN0100	2	4.132183908	3.144628099	3.238009592	3.271199389	5	3	2018	1
LI_MOB_001	17861	4	245784.25	206792.953125	14332.01953125	0.264003851350302	1.10691	0.0492	1	LIMKIN0100	2	4.132183908	3.144628099	3.238009592	3.271199389	5	3	2018	1
LI_MOB_001	17861	6	245784.25	206792.953125	14332.01953125	0.264003851350302	1.10691	0.0492	1	LIMKIN0100	2	4.132183908	3.144628099	3.238009592	3.271199389	5	3	2018	1
LI_MOB_001	17875	4	245784.25	206792.953125	14332.01953125	0.760952277421459	2.4849	0.132	1	LIMKIN0100	2	4.132183908	3.144628099	3.238009592	3.271199389	5	3	2018	1
LI_MOB_001	17875	6	245784.25	206792.953125	14332.01953125	0.760952277421459	2.4849	0.132	1	LIMKIN0100	2	4.132183908	3.144628099	3.238009592	3.271199389	5	3	2018	1
WV_GUP_001	17336	3	78293.6171875	196644.734375	1170.53747558594	0.264003851350302	0.18072	0.167	1	WVLRUI0009	1.813432836	4.142857143	4.359188544	3.958005249	3.408885542	3	2	2017	1
WV_GUP_001	17351	3	78293.6171875	196644.734375	1170.53747558594	0.0388240957868091	0.081324	0.2197	1	WVLRUI0009	1.813432836	4.142857143	4.359188544	3.958005249	3.408885542	3	2	2017	1
WV_GUP_001	17385	3	78293.6171875	196644.734375	1170.53747558594	0.194120478934046	0.11295	0.282	1	WVLRUI0009	1.813432836	4.142857143	4.359188544	3.958005249	3.408885542	3	2	2017	1
WV_GUP_001	17435	3	78293.6171875	196644.734375	1170.53747558594	0.0621185532588946	0.092619	0.102	1	WVLRUI0009	1.813432836	4.142857143	4.359188544	3.958005249	3.408885542	3	2	2017	1
WV_GUP_001	17456	3	78293.6171875	196644.734375	1170.53747558594	0.0854130107309801	0.103914	0.0895	1	WVLRUI0009	1.813432836	4.142857143	4.359188544	3.958005249	3.408885542	3	2	2017	1
WV_GUP_001	17476	3	78293.6171875	196644.734375	1170.53747558594	0.0698833724162564	0.094878	0.261	1	WVLRUI0009	1.813432836	4.142857143	4.359188544	3.958005249	3.408885542	3	2	2017	1
WV_GUP_001	17504	3	78293.6171875	196644.734375	1170.53747558594	0.0465889149441709	0.056475	0.0351	1	WVLRUI0009	1.813432836	4.142857143	4.359188544	3.958005249	3.408885542	3	2	2017	1
WV_GUP_001	17533	3	78293.6171875	196644.734375	1170.53747558594	0.0465889149441709	1.570005	0.1106	1	WVLRUI0009	1.813432836	4.142857143	4.359188544	3.958005249	3.408885542	3	2	2018	1
WV_GUP_001	17560	3	78293.6171875	196644.734375	1170.53747558594	0.0388240957868091	0.058734	0.047	1	WVLRUI0009	1.813432836	4.142857143	4.359188544	3.958005249	3.408885542	3	2	2018	1
WV_GUP_001	17575	3	78293.6171875	196644.734375	1170.53747558594	0.0388240957868091	0.033885	0.0573	1	WVLRUI0009	1.813432836	4.142857143	4.359188544	3.958005249	3.408885542	3	2	2018	1
WV_GUP_001	17637	3	78293.6171875	196644.734375	1170.53747558594	0.0388240957868091	0.058734	0.0724	1	WVLRUI0009	1.813432836	4.142857143	4.359188544	3.958005249	3.408885542	3	2	2018	1
WV_GUP_001	17666	3	78293.6171875	196644.734375	1170.53747558594	0.0388240957868091	0.042921	0.0514	1	WVLRUI0009	1.813432836	4.142857143	4.359188544	3.958005249	3.408885542	3	2	2018	1
WV_DHE_023	17714	1	54198.3046875	216181.125	229.922714233398	0.0465889149441709	0.060993	0.1902	1	WVLBRD0088	2	4.146341463	2.960585586	3.726141079	3.539891557	1	2	2018	1
WV_DHE_023	17868	1	54198.3046875	216181.125	229.922714233398	0.0388240957868091	0.054216	0.2251	1	WVLBRD0088	2	4.146341463	2.960585586	3.726141079	3.539891557	1	2	2018	1
WV_DHE_023	17882	1	54198.3046875	216181.125	229.922714233398	0.0388240957868091	0.02259	0.181	1	WVLBRD0088	2	4.146341463	2.960585586	3.726141079	3.539891557	1	2	2018	1
AN_VVM_006	17694	3	182533.40625	233672.296875	2513.57275390625	0.0465889149441709	0.04518	0.0515	1	ANTHGS0569	2.052763819	4.14673913	2.648843931	2.692556634	3.990327381	5	2	2018	1
AN_VVM_006	17735	3	182533.40625	233672.296875	2513.57275390625	0.0388240957868091	0.02259	0.185	1	ANTHGS0569	2.052763819	4.14673913	2.648843931	2.692556634	3.990327381	5	2	2018	1
AN_VVM_006	17763	3	182533.40625	233672.296875	2513.57275390625	0.100942649045704	0.119727	0.5992	1	ANTHGS0569	2.052763819	4.14673913	2.648843931	2.692556634	3.990327381	5	2	2018	1
AN_VVM_006	17785	3	182533.40625	233672.296875	2513.57275390625	0.0388240957868091	0.176202	0.3858	1	ANTHGS0569	2.052763819	4.14673913	2.648843931	2.692556634	3.990327381	5	2	2018	1
AN_VVM_006	17862	3	182533.40625	233672.296875	2513.57275390625	0.147531563989875	0.083583	0.1187	1	ANTHGS0569	2.052763819	4.14673913	2.648843931	2.692556634	3.990327381	5	2	2018	1
AN_VVM_006	17883	3	182533.40625	233672.296875	2513.57275390625	0.264003851350302	0.079065	0.3336	1	ANTHGS0569	2.052763819	4.14673913	2.648843931	2.692556634	3.990327381	5	2	2018	1
WV_BLA_002	17371	6	44311.69921875	187081.390625	7549.474609375	0.0388240957868091	0.02259	0.616	1	WVLDIK1027	2.083870968	4.158163265	3.937046005	3.994282084	4.064269319	2	3	2017	1
WV_BLA_002	17406	6	44311.69921875	187081.390625	7549.474609375	0.0388240957868091	0.051957	0.638	1	WVLDIK1027	2.083870968	4.158163265	3.937046005	3.994282084	4.064269319	2	3	2017	1
WV_BLA_002	17434	6	44311.69921875	187081.390625	7549.474609375	0.0388240957868091	0.036144	0.308	1	WVLDIK1027	2.083870968	4.158163265	3.937046005	3.994282084	4.064269319	2	3	2017	1
WV_BLA_002	17463	6	44311.69921875	187081.390625	7549.474609375	2.01108816175671	0.063252	0.9238	1	WVLDIK1027	2.083870968	4.158163265	3.937046005	3.994282084	4.064269319	2	3	2017	1
WV_BLA_002	17497	6	44311.69921875	187081.390625	7549.474609375	2.14309008743186	0.266562	0.718	1	WVLDIK1027	2.083870968	4.158163265	3.937046005	3.994282084	4.064269319	2	3	2017	1
WV_BLA_002	17554	6	44311.69921875	187081.390625	7549.474609375	0.0931778298883419	4.890735	0.238	1	WVLDIK1027	2.083870968	4.158163265	3.937046005	3.994282084	4.064269319	2	3	2018	1
WV_BLA_002	17574	6	44311.69921875	187081.390625	7549.474609375	0.0388240957868091	3.097089	0.1747	1	WVLDIK1027	2.083870968	4.158163265	3.937046005	3.994282084	4.064269319	2	3	2018	1
WV_BLA_002	17631	6	44311.69921875	187081.390625	7549.474609375	0.0465889149441709	0.070029	0.233	1	WVLDIK1027	2.083870968	4.158163265	3.937046005	3.994282084	4.064269319	2	3	2018	1
WV_BLA_002	17645	6	44311.69921875	187081.390625	7549.474609375	0.0388240957868091	0.042921	0.6147	1	WVLDIK1027	2.083870968	4.158163265	3.937046005	3.994282084	4.064269319	2	3	2018	1
WV_BLA_002	17680	6	44311.69921875	187081.390625	7549.474609375	0.0388240957868091	0.02259	0.5767	1	WVLDIK1027	2.083870968	4.158163265	3.937046005	3.994282084	4.064269319	2	3	2018	1
WV_ZEB_003	17714	1	65559.6953125	224346.390625	10080.1962890625	0.0388240957868091	0.031626	0.0325	1	WVLBRU0369	1.84120983	4.172413793	3.533557047	4.119372442	3.503448276	2	4	2018	1
WV_ZEB_003	17736	1	65559.6953125	224346.390625	10080.1962890625	0.0388240957868091	0.029367	0.0313	1	WVLBRU0369	1.84120983	4.172413793	3.533557047	4.119372442	3.503448276	2	4	2018	1
WV_ZEB_003	17771	1	65559.6953125	224346.390625	10080.1962890625	0.0388240957868091	0.042921	0.0324	1	WVLBRU0369	1.84120983	4.172413793	3.533557047	4.119372442	3.503448276	2	4	2018	1
WV_ZEB_003	17798	1	65559.6953125	224346.390625	10080.1962890625	0.0388240957868091	0.295929	0.0283	1	WVLBRU0369	1.84120983	4.172413793	3.533557047	4.119372442	3.503448276	2	4	2018	1
WV_ZEB_003	17841	1	65559.6953125	224346.390625	10080.1962890625	0.0465889149441709	0.042921	0.02	1	WVLBRU0369	1.84120983	4.172413793	3.533557047	4.119372442	3.503448276	2	4	2018	1
WV_ZEB_003	17862	1	65559.6953125	224346.390625	10080.1962890625	0.0698833724162564	0.056475	0.033	1	WVLBRU0369	1.84120983	4.172413793	3.533557047	4.119372442	3.503448276	2	4	2018	1
WV_ZEB_003	17882	1	65559.6953125	224346.390625	10080.1962890625	0.100942649045704	0.101655	0.0275	1	WVLBRU0369	1.84120983	4.172413793	3.533557047	4.119372442	3.503448276	2	4	2018	1
AN_SNE_007	16966	7	186110.734375	210354.484375	2553.14575195312	0.0388240957868091	0.060993	0.0315	1	ANTKAS0033	2.422619048	4.183206107	2.627427184	3.087859425	3.090850515	5	2	2016	1
AN_SNE_007	17014	7	186110.734375	210354.484375	2553.14575195312	0.108707468203066	0.02259	0.0422	1	ANTKAS0033	2.422619048	4.183206107	2.627427184	3.087859425	3.090850515	5	2	2016	1
AN_SNE_007	17036	7	186110.734375	210354.484375	2553.14575195312	0.201885298091407	0.02259	0.1493	1	ANTKAS0033	2.422619048	4.183206107	2.627427184	3.087859425	3.090850515	5	2	2016	1
AN_SNE_007	17056	7	186110.734375	210354.484375	2553.14575195312	0.0388240957868091	0.02259	0.0363	1	ANTKAS0033	2.422619048	4.183206107	2.627427184	3.087859425	3.090850515	5	2	2016	1
AN_SNE_007	17092	7	186110.734375	210354.484375	2553.14575195312	1.74708431040641	4.547367	0.0362	1	ANTKAS0033	2.422619048	4.183206107	2.627427184	3.087859425	3.090850515	5	2	2016	1
AN_SNE_007	17127	7	186110.734375	210354.484375	2553.14575195312	0.667774447533117	0.411138	0.02	1	ANTKAS0033	2.422619048	4.183206107	2.627427184	3.087859425	3.090850515	5	2	2016	1
AN_SNE_007	17140	7	186110.734375	210354.484375	2553.14575195312	0.760952277421459	0.612189	0.02	1	ANTKAS0033	2.422619048	4.183206107	2.627427184	3.087859425	3.090850515	5	2	2016	1
AN_SNE_007	17176	7	186110.734375	210354.484375	2553.14575195312	0.411535415340177	0.133281	0.02	1	ANTKAS0033	2.422619048	4.183206107	2.627427184	3.087859425	3.090850515	5	2	2017	1
AN_SNE_007	17204	7	186110.734375	210354.484375	2553.14575195312	0.0543537341015328	0.076806	0.02	1	ANTKAS0033	2.422619048	4.183206107	2.627427184	3.087859425	3.090850515	5	2	2017	1
AN_SNE_007	17225	7	186110.734375	210354.484375	2553.14575195312	0.0543537341015328	0.09036	0.02	1	ANTKAS0033	2.422619048	4.183206107	2.627427184	3.087859425	3.090850515	5	2	2017	1
AN_SNE_007	17266	7	186110.734375	210354.484375	2553.14575195312	0.0388240957868091	0.060993	0.02	1	ANTKAS0033	2.422619048	4.183206107	2.627427184	3.087859425	3.090850515	5	2	2017	1
AN_SNE_007	17301	7	186110.734375	210354.484375	2553.14575195312	0.0465889149441709	0.063252	0.023	1	ANTKAS0033	2.422619048	4.183206107	2.627427184	3.087859425	3.090850515	5	2	2017	1
AN_DVH_006	16608	4	174986	224341.171875	25934.427734375	0.0388240957868091	0.02259	0.02	1	ANTRIJ0076	1.952554745	4.1875	3.07875895	3.753676471	4.214052288	5	2	2015	1
AN_DVH_006	16629	4	174986	224341.171875	25934.427734375	0.0388240957868091	0.076806	0.025	1	ANTRIJ0076	1.952554745	4.1875	3.07875895	3.753676471	4.214052288	5	2	2015	1
AN_DVH_006	16658	4	174986	224341.171875	25934.427734375	0.0388240957868091	0.027108	0.0222	1	ANTRIJ0076	1.952554745	4.1875	3.07875895	3.753676471	4.214052288	5	2	2015	1
AN_DVH_006	16692	4	174986	224341.171875	25934.427734375	0.0388240957868091	0.031626	0.02	1	ANTRIJ0076	1.952554745	4.1875	3.07875895	3.753676471	4.214052288	5	2	2015	1
AN_DVH_006	16720	4	174986	224341.171875	25934.427734375	0.0194120478934046	0.02259	0.02	1	ANTRIJ0076	1.952554745	4.1875	3.07875895	3.753676471	4.214052288	5	2	2015	1
AN_DVH_006	16748	4	174986	224341.171875	25934.427734375	0.0388240957868091	0.024849	0.0365	1	ANTRIJ0076	1.952554745	4.1875	3.07875895	3.753676471	4.214052288	5	2	2015	1
AN_DVH_006	16776	4	174986	224341.171875	25934.427734375	0.0854130107309801	0.054216	0.02	1	ANTRIJ0076	1.952554745	4.1875	3.07875895	3.753676471	4.214052288	5	2	2015	1
AN_DVH_006	16818	4	174986	224341.171875	25934.427734375	0.116472287360427	0.117468	0.0541	1	ANTRIJ0076	1.952554745	4.1875	3.07875895	3.753676471	4.214052288	5	2	2016	1
AN_DVH_006	16847	4	174986	224341.171875	25934.427734375	0.163061202304598	0.160389	0.039	1	ANTRIJ0076	1.952554745	4.1875	3.07875895	3.753676471	4.214052288	5	2	2016	1
AN_DVH_006	16874	4	174986	224341.171875	25934.427734375	0.201885298091407	0.20331	0.0275	1	ANTRIJ0076	1.952554745	4.1875	3.07875895	3.753676471	4.214052288	5	2	2016	1
AN_DVH_006	16910	4	174986	224341.171875	25934.427734375	0.0388240957868091	0.110691	0.0317	1	ANTRIJ0076	1.952554745	4.1875	3.07875895	3.753676471	4.214052288	5	2	2016	1
AN_DVH_006	16939	4	174986	224341.171875	25934.427734375	0.0388240957868091	0.029367	0.0372	1	ANTRIJ0076	1.952554745	4.1875	3.07875895	3.753676471	4.214052288	5	2	2016	1
WV_DHE_005	17714	1	54256.69921875	216339.65625	263.927154541016	0.124237106517789	0.15813	0.7471	1	WVLBRD0035	2	4.204545455	4.16066482	4.275163399	3.702660407	1	2	2018	1
WV_DHE_005	17736	1	54256.69921875	216339.65625	263.927154541016	0.0388240957868091	0.02259	2.9516	1	WVLBRD0035	2	4.204545455	4.16066482	4.275163399	3.702660407	1	2	2018	1
WV_DHE_005	17771	1	54256.69921875	216339.65625	263.927154541016	0.124237106517789	0.237195	3.411	1	WVLBRD0035	2	4.204545455	4.16066482	4.275163399	3.702660407	1	2	2018	1
WV_DHE_005	17798	1	54256.69921875	216339.65625	263.927154541016	0.116472287360427	1.764279	0.649	1	WVLBRD0035	2	4.204545455	4.16066482	4.275163399	3.702660407	1	2	2018	1
WV_DHE_005	17841	1	54256.69921875	216339.65625	263.927154541016	0.613420713431584	0.544419	0.3399	1	WVLBRD0035	2	4.204545455	4.16066482	4.275163399	3.702660407	1	2	2018	1
WV_DHE_005	17868	1	54256.69921875	216339.65625	263.927154541016	0.628950351746308	0.320778	0.8398	1	WVLBRD0035	2	4.204545455	4.16066482	4.275163399	3.702660407	1	2	2018	1
WV_DHE_005	17882	1	54256.69921875	216339.65625	263.927154541016	0.0388240957868091	0.027108	0.6219	1	WVLBRD0035	2	4.204545455	4.16066482	4.275163399	3.702660407	1	2	2018	1
WV_ZWI_013	17357	1	78536.609375	228424.375	89.6896591186523	0.815306011522992	0.079065	0.3075	1	WVLKNO0265	1.452991453	4.20890411	4.118231047	4.372030238	3.672439759	1	2	2017	1
WV_ZWI_013	17456	1	78536.609375	228424.375	89.6896591186523	0.132001925675151	0.06777	0.0553	1	WVLKNO0265	1.452991453	4.20890411	4.118231047	4.372030238	3.672439759	1	2	2017	1
WV_ZWI_013	17491	1	78536.609375	228424.375	89.6896591186523	0.0388240957868091	0.031626	0.02	1	WVLKNO0265	1.452991453	4.20890411	4.118231047	4.372030238	3.672439759	1	2	2017	1
WV_ZWI_013	17547	1	78536.609375	228424.375	89.6896591186523	0.0388240957868091	0.033885	0.021	1	WVLKNO0265	1.452991453	4.20890411	4.118231047	4.372030238	3.672439759	1	2	2018	1
WV_ZWI_013	17589	1	78536.609375	228424.375	89.6896591186523	0.0465889149441709	0.040662	0.034	1	WVLKNO0265	1.452991453	4.20890411	4.118231047	4.372030238	3.672439759	1	2	2018	1
WV_ZWI_013	17616	1	78536.609375	228424.375	89.6896591186523	0.0465889149441709	0.185238	0.027	1	WVLKNO0265	1.452991453	4.20890411	4.118231047	4.372030238	3.672439759	1	2	2018	1
WV_ZWI_013	17645	1	78536.609375	228424.375	89.6896591186523	0.0388240957868091	0.092619	0.0436	1	WVLKNO0265	1.452991453	4.20890411	4.118231047	4.372030238	3.672439759	1	2	2018	1
WV_ZWI_013	17708	1	78536.609375	228424.375	89.6896591186523	0.0388240957868091	0.031626	0.0519	1	WVLKNO0265	1.452991453	4.20890411	4.118231047	4.372030238	3.672439759	1	2	2018	1
WV_MDH_003	17371	3	50460.52734375	184563.296875	368.814727783203	0.0543537341015328	0.065511	0.022	1	WVLHOU0552	2	4.22195122	3.746987952	3.901217862	3.642264151	6	4	2017	1
WV_MDH_003	17406	3	50460.52734375	184563.296875	368.814727783203	0.0698833724162564	0.076806	0.02	1	WVLHOU0552	2	4.22195122	3.746987952	3.901217862	3.642264151	6	4	2017	1
WV_MDH_003	17434	3	50460.52734375	184563.296875	368.814727783203	0.0543537341015328	0.085842	0.043	1	WVLHOU0552	2	4.22195122	3.746987952	3.901217862	3.642264151	6	4	2017	1
WV_MDH_003	17463	3	50460.52734375	184563.296875	368.814727783203	0.0543537341015328	0.063252	0.022	1	WVLHOU0552	2	4.22195122	3.746987952	3.901217862	3.642264151	6	4	2017	1
WV_MDH_003	17497	3	50460.52734375	184563.296875	368.814727783203	0.0388240957868091	0.063252	0.034	1	WVLHOU0552	2	4.22195122	3.746987952	3.901217862	3.642264151	6	4	2017	1
WV_MDH_003	17554	3	50460.52734375	184563.296875	368.814727783203	0.0388240957868091	0.058734	0.02	1	WVLHOU0552	2	4.22195122	3.746987952	3.901217862	3.642264151	6	4	2018	1
WV_MDH_003	17574	3	50460.52734375	184563.296875	368.814727783203	0.0388240957868091	0.06777	0.0278	1	WVLHOU0552	2	4.22195122	3.746987952	3.901217862	3.642264151	6	4	2018	1
WV_MDH_003	17644	3	50460.52734375	184563.296875	368.814727783203	0.0388240957868091	0.079065	0.0318	1	WVLHOU0552	2	4.22195122	3.746987952	3.901217862	3.642264151	6	4	2018	1
WV_MDH_003	17680	3	50460.52734375	184563.296875	368.814727783203	0.0543537341015328	0.063252	0.0313	1	WVLHOU0552	2	4.22195122	3.746987952	3.901217862	3.642264151	6	4	2018	1
WV_MDH_003	17707	3	50460.52734375	184563.296875	368.814727783203	0.0543537341015328	0.063252	0.02	1	WVLHOU0552	2	4.22195122	3.746987952	3.901217862	3.642264151	6	4	2018	1
AN_DVH_007	16973	4	175692.625	224558.046875	3249.62060546875	0.0698833724162564	0.275598	0.0386	1	ANTRIJ0053	2.025462963	4.225	4.214114833	3.818356868	3.272461651	5	4	2016	1
AN_DVH_007	17014	4	175692.625	224558.046875	3249.62060546875	0.225179755563493	0.029367	0.0242	1	ANTRIJ0053	2.025462963	4.225	4.214114833	3.818356868	3.272461651	5	4	2016	1
AN_DVH_007	17042	4	175692.625	224558.046875	3249.62060546875	0.0465889149441709	0.029367	0.0369	1	ANTRIJ0053	2.025462963	4.225	4.214114833	3.818356868	3.272461651	5	4	2016	1
AN_DVH_007	17063	4	175692.625	224558.046875	3249.62060546875	0.0776481915736183	0.074547	0.0611	1	ANTRIJ0053	2.025462963	4.225	4.214114833	3.818356868	3.272461651	5	4	2016	1
AN_DVH_007	17098	4	175692.625	224558.046875	3249.62060546875	0.116472287360427	0.02259	0.0306	1	ANTRIJ0053	2.025462963	4.225	4.214114833	3.818356868	3.272461651	5	4	2016	1
AN_DVH_007	17127	4	175692.625	224558.046875	3249.62060546875	0.0776481915736183	0.171684	0.0795	1	ANTRIJ0053	2.025462963	4.225	4.214114833	3.818356868	3.272461651	5	4	2016	1
AN_DVH_007	17141	4	175692.625	224558.046875	3249.62060546875	0.132001925675151	0.042921	0.0783	1	ANTRIJ0053	2.025462963	4.225	4.214114833	3.818356868	3.272461651	5	4	2016	1
AN_DVH_007	17183	4	175692.625	224558.046875	3249.62060546875	0.0388240957868091	0.323037	0.1119	1	ANTRIJ0053	2.025462963	4.225	4.214114833	3.818356868	3.272461651	5	4	2017	1
AN_DVH_007	17217	4	175692.625	224558.046875	3249.62060546875	0.0388240957868091	0.027108	0.0411	1	ANTRIJ0053	2.025462963	4.225	4.214114833	3.818356868	3.272461651	5	4	2017	1
AN_DVH_007	17253	4	175692.625	224558.046875	3249.62060546875	0.34165204292392	0.467613	0.02	1	ANTRIJ0053	2.025462963	4.225	4.214114833	3.818356868	3.272461651	5	4	2017	1
AN_DVH_007	17275	4	175692.625	224558.046875	3249.62060546875	0.0465889149441709	0.06777	0.039	1	ANTRIJ0053	2.025462963	4.225	4.214114833	3.818356868	3.272461651	5	4	2017	1
AN_DVH_007	17316	4	175692.625	224558.046875	3249.62060546875	0.116472287360427	0.049698	0.073	1	ANTRIJ0053	2.025462963	4.225	4.214114833	3.818356868	3.272461651	5	4	2017	1
WV_MID_001	17742	1	42950.16796875	210669.578125	5891.4716796875	0.0388240957868091	0.038403	0.2016	1	WVLMID0075	3.015	4.236263736	3.973389356	4.190694626	3.922668688	1	2	2018	1
WV_MID_001	17750	1	42950.16796875	210669.578125	5891.4716796875	0.147531563989875	0.056475	0.3588	1	WVLMID0075	3.015	4.236263736	3.973389356	4.190694626	3.922668688	1	2	2018	1
WV_MID_001	17785	1	42950.16796875	210669.578125	5891.4716796875	0.442594691969624	0.076806	0.1472	1	WVLMID0075	3.015	4.236263736	3.973389356	4.190694626	3.922668688	1	2	2018	1
WV_MID_001	17841	1	42950.16796875	210669.578125	5891.4716796875	0.163061202304598	0.512793	0.0604	1	WVLMID0075	3.015	4.236263736	3.973389356	4.190694626	3.922668688	1	2	2018	1
WV_MID_001	17868	1	42950.16796875	210669.578125	5891.4716796875	0.0388240957868091	0.356922	0.0496	1	WVLMID0075	3.015	4.236263736	3.973389356	4.190694626	3.922668688	1	2	2018	1
WV_MID_001	17882	1	42950.16796875	210669.578125	5891.4716796875	0.0388240957868091	0.377253	0.0492	1	WVLMID0075	3.015	4.236263736	3.973389356	4.190694626	3.922668688	1	2	2018	1
WV_WAD_002	17701	1	39971.7578125	208759.921875	25.132152557373	0.0388240957868091	0.033885	0.1162	1	WVLMID0204	1	4.240196078	4.202898551	4.121026895	3.592534992	1	2	2018	1
WV_WAD_002	17721	1	39971.7578125	208759.921875	25.132152557373	0.0465889149441709	0.054216	0.0604	1	WVLMID0204	1	4.240196078	4.202898551	4.121026895	3.592534992	1	2	2018	1
WV_WAD_002	17868	1	39971.7578125	208759.921875	25.132152557373	0.0388240957868091	0.024849	0.0253	1	WVLMID0204	1	4.240196078	4.202898551	4.121026895	3.592534992	1	2	2018	1
WV_WAD_002	17882	1	39971.7578125	208759.921875	25.132152557373	0.0388240957868091	0.083583	0.0227	1	WVLMID0204	1	4.240196078	4.202898551	4.121026895	3.592534992	1	2	2018	1
WV_DIE_001	16839	8	80606.0234375	227183.03125	8349.6572265625	0.683304085847841	0.530865	0.311	1	WVLKNO0266	1.693181818	4.24122807	4.238292011	4.073351279	3.672699849	2	1	2016	1
WV_DIE_001	16867	8	80606.0234375	227183.03125	8349.6572265625	0.0388240957868091	1.280853	0.279	1	WVLKNO0266	1.693181818	4.24122807	4.238292011	4.073351279	3.672699849	2	1	2016	1
WV_DIE_001	16902	8	80606.0234375	227183.03125	8349.6572265625	0.0388240957868091	0.618966	0.1809	1	WVLKNO0266	1.693181818	4.24122807	4.238292011	4.073351279	3.672699849	2	1	2016	1
WV_DIE_001	16930	8	80606.0234375	227183.03125	8349.6572265625	0.481418787756433	0.176202	0.2585	1	WVLKNO0266	1.693181818	4.24122807	4.238292011	4.073351279	3.672699849	2	1	2016	1
WV_DIE_001	16958	8	80606.0234375	227183.03125	8349.6572265625	0.0388240957868091	2.50749	0.257	1	WVLKNO0266	1.693181818	4.24122807	4.238292011	4.073351279	3.672699849	2	1	2016	1
WV_DIE_001	16987	8	80606.0234375	227183.03125	8349.6572265625	0.279533489665026	0.070029	0.5193	1	WVLKNO0266	1.693181818	4.24122807	4.238292011	4.073351279	3.672699849	2	1	2016	1
WV_DIE_001	17022	8	80606.0234375	227183.03125	8349.6572265625	0.481418787756433	0.02259	0.1454	1	WVLKNO0266	1.693181818	4.24122807	4.238292011	4.073351279	3.672699849	2	1	2016	1
WV_DIE_001	17057	8	80606.0234375	227183.03125	8349.6572265625	0.605655894274222	0.02259	1.7944	1	WVLKNO0266	1.693181818	4.24122807	4.238292011	4.073351279	3.672699849	2	1	2016	1
WV_DIE_001	17085	8	80606.0234375	227183.03125	8349.6572265625	0.411535415340177	3.562443	1.5504	1	WVLKNO0266	1.693181818	4.24122807	4.238292011	4.073351279	3.672699849	2	1	2016	1
WV_DIE_001	17113	8	80606.0234375	227183.03125	8349.6572265625	2.39156430046744	0.618966	0.5754	1	WVLKNO0266	1.693181818	4.24122807	4.238292011	4.073351279	3.672699849	2	1	2016	1
WV_DIE_001	17134	8	80606.0234375	227183.03125	8349.6572265625	0.25623903219294	0.600894	0.1921	1	WVLKNO0266	1.693181818	4.24122807	4.238292011	4.073351279	3.672699849	2	1	2016	1
WV_DIE_001	17169	8	80606.0234375	227183.03125	8349.6572265625	1.04048576708648	0.716103	0.1932	1	WVLKNO0266	1.693181818	4.24122807	4.238292011	4.073351279	3.672699849	2	1	2017	1
WV_DIE_001	17211	8	80606.0234375	227183.03125	8349.6572265625	0.613420713431584	0.298188	0.2433	1	WVLKNO0266	1.693181818	4.24122807	4.238292011	4.073351279	3.672699849	2	1	2017	1
WV_DIE_001	17239	8	80606.0234375	227183.03125	8349.6572265625	0.163061202304598	0.350145	0.2112	1	WVLKNO0266	1.693181818	4.24122807	4.238292011	4.073351279	3.672699849	2	1	2017	1
WV_DIE_001	17260	8	80606.0234375	227183.03125	8349.6572265625	0.0388240957868091	0.417915	0.2461	1	WVLKNO0266	1.693181818	4.24122807	4.238292011	4.073351279	3.672699849	2	1	2017	1
WV_DIE_001	17302	8	80606.0234375	227183.03125	8349.6572265625	0.450359511126986	0.280116	0.508	1	WVLKNO0266	1.693181818	4.24122807	4.238292011	4.073351279	3.672699849	2	1	2017	1
WV_DIE_001	17337	8	80606.0234375	227183.03125	8349.6572265625	1.45202118242666	0.381771	2.912	1	WVLKNO0266	1.693181818	4.24122807	4.238292011	4.073351279	3.672699849	2	1	2017	1
WV_DIE_001	17357	8	80606.0234375	227183.03125	8349.6572265625	1.11036913950274	0.506016	1.9318	1	WVLKNO0266	1.693181818	4.24122807	4.238292011	4.073351279	3.672699849	2	1	2017	1
WV_DIE_001	17379	8	80606.0234375	227183.03125	8349.6572265625	0.0388240957868091	0.528606	0.791	1	WVLKNO0266	1.693181818	4.24122807	4.238292011	4.073351279	3.672699849	2	1	2017	1
WV_DIE_001	17414	8	80606.0234375	227183.03125	8349.6572265625	0.178590840619322	0.433728	0.7419	1	WVLKNO0266	1.693181818	4.24122807	4.238292011	4.073351279	3.672699849	2	1	2017	1
WV_DIE_001	17456	8	80606.0234375	227183.03125	8349.6572265625	0.729893000792011	0.682218	0.3754	1	WVLKNO0266	1.693181818	4.24122807	4.238292011	4.073351279	3.672699849	2	1	2017	1
WV_DIE_001	17491	8	80606.0234375	227183.03125	8349.6572265625	0.885189383939248	0.476649	1.9144	1	WVLKNO0266	1.693181818	4.24122807	4.238292011	4.073351279	3.672699849	2	1	2017	1
WV_DIE_001	17547	8	80606.0234375	227183.03125	8349.6572265625	0.675539266690479	0.869715	0.183	1	WVLKNO0266	1.693181818	4.24122807	4.238292011	4.073351279	3.672699849	2	1	2018	1
WV_DIE_001	17589	8	80606.0234375	227183.03125	8349.6572265625	1.67720093799015	0.386289	0.505	1	WVLKNO0266	1.693181818	4.24122807	4.238292011	4.073351279	3.672699849	2	1	2018	1
WV_DIE_001	17616	8	80606.0234375	227183.03125	8349.6572265625	0.590126255959499	0.560232	0.132	1	WVLKNO0266	1.693181818	4.24122807	4.238292011	4.073351279	3.672699849	2	1	2018	1
WV_DIE_001	17645	8	80606.0234375	227183.03125	8349.6572265625	0.0388240957868091	0.336591	0.5026	1	WVLKNO0266	1.693181818	4.24122807	4.238292011	4.073351279	3.672699849	2	1	2018	1
WV_DIE_001	17750	8	80606.0234375	227183.03125	8349.6572265625	1.30448961843679	0.438246	2.7937	1	WVLKNO0266	1.693181818	4.24122807	4.238292011	4.073351279	3.672699849	2	1	2018	1
WV_DIE_001	17771	8	80606.0234375	227183.03125	8349.6572265625	0.0388240957868091	0.381771	1.1132	1	WVLKNO0266	1.693181818	4.24122807	4.238292011	4.073351279	3.672699849	2	1	2018	1
WV_DIE_001	17799	8	80606.0234375	227183.03125	8349.6572265625	0.163061202304598	0.171684	0.9855	1	WVLKNO0266	1.693181818	4.24122807	4.238292011	4.073351279	3.672699849	2	1	2018	1
WV_DIE_001	17820	8	80606.0234375	227183.03125	8349.6572265625	0.815306011522992	4.696461	0.6714	1	WVLKNO0266	1.693181818	4.24122807	4.238292011	4.073351279	3.672699849	2	1	2018	1
WV_DIE_001	17862	8	80606.0234375	227183.03125	8349.6572265625	0.566831798487413	2.301921	0.216	1	WVLKNO0266	1.693181818	4.24122807	4.238292011	4.073351279	3.672699849	2	1	2018	1
WV_DIE_001	17882	8	80606.0234375	227183.03125	8349.6572265625	0.0388240957868091	0.386289	0.4065	1	WVLKNO0266	1.693181818	4.24122807	4.238292011	4.073351279	3.672699849	2	1	2018	1
WV_DIE_001_zuid	17771	8	80606.0234375	227183.03125	10941.69140625	0.0388240957868091	0.372735	1.2822	1	WVLKNO0266	1.693181818	4.24122807	4.238292011	4.073351279	3.672699849	2	1	2018	1
AN_GSV_007	16959	7	165722.140625	227681.015625	17789.455078125	0.0621185532588946	0.054216	0.02	1	ANTBCT0028	2.251828631	4.260638298	3.954545455	2.116192831	1.138224349	5	2	2016	1
AN_GSV_007	16987	7	165722.140625	227681.015625	17789.455078125	0.0388240957868091	0.02259	0.02	1	ANTBCT0028	2.251828631	4.260638298	3.954545455	2.116192831	1.138224349	5	2	2016	1
AN_GSV_007	17035	7	165722.140625	227681.015625	17789.455078125	0.0388240957868091	0.02259	0.02	1	ANTBCT0028	2.251828631	4.260638298	3.954545455	2.116192831	1.138224349	5	2	2016	1
AN_GSV_007	17056	7	165722.140625	227681.015625	17789.455078125	0.0388240957868091	0.02259	0.02	1	ANTBCT0028	2.251828631	4.260638298	3.954545455	2.116192831	1.138224349	5	2	2016	1
AN_GSV_007	17098	7	165722.140625	227681.015625	17789.455078125	0.279533489665026	0.036144	0.02	1	ANTBCT0028	2.251828631	4.260638298	3.954545455	2.116192831	1.138224349	5	2	2016	1
AN_GSV_007	17126	7	165722.140625	227681.015625	17789.455078125	0.473653968599071	0.131022	0.02	1	ANTBCT0028	2.251828631	4.260638298	3.954545455	2.116192831	1.138224349	5	2	2016	1
AN_GSV_007	17141	7	165722.140625	227681.015625	17789.455078125	0.504713245228519	0.101655	0.02	1	ANTBCT0028	2.251828631	4.260638298	3.954545455	2.116192831	1.138224349	5	2	2016	1
AN_GSV_007	17175	7	165722.140625	227681.015625	17789.455078125	0.706598543319926	0.232677	0.02	1	ANTBCT0028	2.251828631	4.260638298	3.954545455	2.116192831	1.138224349	5	2	2017	1
AN_GSV_007	17224	7	165722.140625	227681.015625	17789.455078125	0.34165204292392	0.160389	0.02	1	ANTBCT0028	2.251828631	4.260638298	3.954545455	2.116192831	1.138224349	5	2	2017	1
AN_GSV_007	17253	7	165722.140625	227681.015625	17789.455078125	0.163061202304598	0.099396	0.02	1	ANTBCT0028	2.251828631	4.260638298	3.954545455	2.116192831	1.138224349	5	2	2017	1
AN_GSV_007	17281	7	165722.140625	227681.015625	17789.455078125	0.0465889149441709	0.079065	0.02	1	ANTBCT0028	2.251828631	4.260638298	3.954545455	2.116192831	1.138224349	5	2	2017	1
AN_GSV_007	17315	7	165722.140625	227681.015625	17789.455078125	0.0388240957868091	0.031626	0.02	1	ANTBCT0028	2.251828631	4.260638298	3.954545455	2.116192831	1.138224349	5	2	2017	1
WV_WES_012	17700	1	22869.56640625	198422.484375	90.9928131103516	0.0621185532588946	0.058734	0.0367	1	WVLDEP0061	1.342105263	4.274336283	4.04005168	4.234752589	3.911994322	1	2	2018	1
WV_WES_012	17715	1	22869.56640625	198422.484375	90.9928131103516	0.0465889149441709	0.074547	0.02	1	WVLDEP0061	1.342105263	4.274336283	4.04005168	4.234752589	3.911994322	1	2	2018	1
WV_WES_012	17764	1	22869.56640625	198422.484375	90.9928131103516	1.09483950118802	0.133281	0.0341	1	WVLDEP0061	1.342105263	4.274336283	4.04005168	4.234752589	3.911994322	1	2	2018	1
WV_WES_012	17785	1	22869.56640625	198422.484375	90.9928131103516	1.39766744832513	0.140058	0.0637	1	WVLDEP0061	1.342105263	4.274336283	4.04005168	4.234752589	3.911994322	1	2	2018	1
WV_WES_012	17876	1	22869.56640625	198422.484375	90.9928131103516	0.737657819949373	0.377253	0.1918	1	WVLDEP0061	1.342105263	4.274336283	4.04005168	4.234752589	3.911994322	1	2	2018	1
WV_IJZ_002	17337	1	35554.109375	205965.453125	210.087493896484	0.147531563989875	0.049698	0.524	1	WVLNWP0026	3.407407407	4.274509804	3.620058565	3.699447514	3.65876052	1	2	2017	1
WV_IJZ_002	17372	1	35554.109375	205965.453125	210.087493896484	0.0388240957868091	0.029367	0.185	1	WVLNWP0026	3.407407407	4.274509804	3.620058565	3.699447514	3.65876052	1	2	2017	1
WV_IJZ_002	17407	1	35554.109375	205965.453125	210.087493896484	0.0388240957868091	0.047439	0.314	1	WVLNWP0026	3.407407407	4.274509804	3.620058565	3.699447514	3.65876052	1	2	2017	1
WV_IJZ_002	17441	1	35554.109375	205965.453125	210.087493896484	0.0543537341015328	0.079065	0.127	1	WVLNWP0026	3.407407407	4.274509804	3.620058565	3.699447514	3.65876052	1	2	2017	1
WV_IJZ_002	17462	1	35554.109375	205965.453125	210.087493896484	0.0465889149441709	0.054216	0.1466	1	WVLNWP0026	3.407407407	4.274509804	3.620058565	3.699447514	3.65876052	1	2	2017	1
WV_IJZ_002	17490	1	35554.109375	205965.453125	210.087493896484	0.0388240957868091	0.058734	0.2279	1	WVLNWP0026	3.407407407	4.274509804	3.620058565	3.699447514	3.65876052	1	2	2017	1
WV_IJZ_002	17553	1	35554.109375	205965.453125	210.087493896484	0.108707468203066	0.431469	0.11	1	WVLNWP0026	3.407407407	4.274509804	3.620058565	3.699447514	3.65876052	1	2	2018	1
WV_IJZ_002	17567	1	35554.109375	205965.453125	210.087493896484	0.0388240957868091	0.171684	0.035	1	WVLNWP0026	3.407407407	4.274509804	3.620058565	3.699447514	3.65876052	1	2	2018	1
WV_IJZ_002	17624	1	35554.109375	205965.453125	210.087493896484	0.0388240957868091	0.300447	0.108	1	WVLNWP0026	3.407407407	4.274509804	3.620058565	3.699447514	3.65876052	1	2	2018	1
WV_IJZ_002	17638	1	35554.109375	205965.453125	210.087493896484	0.0388240957868091	0.038403	0.0855	1	WVLNWP0026	3.407407407	4.274509804	3.620058565	3.699447514	3.65876052	1	2	2018	1
WV_IJZ_002	17673	1	35554.109375	205965.453125	210.087493896484	0.0388240957868091	0.051957	0.0765	1	WVLNWP0026	3.407407407	4.274509804	3.620058565	3.699447514	3.65876052	1	2	2018	1
AN_BGO_001	17344	3	205407.515625	211741.671875	4787.599609375	0.0388240957868091	0.040662	0.02	1	ANTMOL0576	1.704402516	4.280966767	2.892026578	3.362091503	2.423952491	5	4	2017	1
AN_BGO_001	17344	4	205407.515625	211741.671875	4787.599609375	0.0388240957868091	0.040662	0.02	1	ANTMOL0576	1.704402516	4.280966767	2.892026578	3.362091503	2.423952491	5	4	2017	1
AN_BGO_001	17344	6	205407.515625	211741.671875	4787.599609375	0.0388240957868091	0.040662	0.02	1	ANTMOL0576	1.704402516	4.280966767	2.892026578	3.362091503	2.423952491	5	4	2017	1
AN_BGO_001	17372	3	205407.515625	211741.671875	4787.599609375	0.0388240957868091	0.031626	0.02	1	ANTMOL0576	1.704402516	4.280966767	2.892026578	3.362091503	2.423952491	5	4	2017	1
AN_BGO_001	17372	4	205407.515625	211741.671875	4787.599609375	0.0388240957868091	0.031626	0.02	1	ANTMOL0576	1.704402516	4.280966767	2.892026578	3.362091503	2.423952491	5	4	2017	1
AN_BGO_001	17372	6	205407.515625	211741.671875	4787.599609375	0.0388240957868091	0.031626	0.02	1	ANTMOL0576	1.704402516	4.280966767	2.892026578	3.362091503	2.423952491	5	4	2017	1
AN_BGO_001	17386	3	205407.515625	211741.671875	4787.599609375	0.0388240957868091	0.031626	0.02	1	ANTMOL0576	1.704402516	4.280966767	2.892026578	3.362091503	2.423952491	5	4	2017	1
AN_BGO_001	17386	4	205407.515625	211741.671875	4787.599609375	0.0388240957868091	0.031626	0.02	1	ANTMOL0576	1.704402516	4.280966767	2.892026578	3.362091503	2.423952491	5	4	2017	1
AN_BGO_001	17386	6	205407.515625	211741.671875	4787.599609375	0.0388240957868091	0.031626	0.02	1	ANTMOL0576	1.704402516	4.280966767	2.892026578	3.362091503	2.423952491	5	4	2017	1
AN_BGO_001	17435	3	205407.515625	211741.671875	4787.599609375	0.0388240957868091	0.027108	0.02	1	ANTMOL0576	1.704402516	4.280966767	2.892026578	3.362091503	2.423952491	5	4	2017	1
AN_BGO_001	17435	4	205407.515625	211741.671875	4787.599609375	0.0388240957868091	0.027108	0.02	1	ANTMOL0576	1.704402516	4.280966767	2.892026578	3.362091503	2.423952491	5	4	2017	1
AN_BGO_001	17435	6	205407.515625	211741.671875	4787.599609375	0.0388240957868091	0.027108	0.02	1	ANTMOL0576	1.704402516	4.280966767	2.892026578	3.362091503	2.423952491	5	4	2017	1
AN_BGO_001	17455	3	205407.515625	211741.671875	4787.599609375	0.0388240957868091	0.042921	0.0351	1	ANTMOL0576	1.704402516	4.280966767	2.892026578	3.362091503	2.423952491	5	4	2017	1
AN_BGO_001	17455	4	205407.515625	211741.671875	4787.599609375	0.0388240957868091	0.042921	0.0351	1	ANTMOL0576	1.704402516	4.280966767	2.892026578	3.362091503	2.423952491	5	4	2017	1
AN_BGO_001	17455	6	205407.515625	211741.671875	4787.599609375	0.0388240957868091	0.042921	0.0351	1	ANTMOL0576	1.704402516	4.280966767	2.892026578	3.362091503	2.423952491	5	4	2017	1
AN_BGO_001	17497	3	205407.515625	211741.671875	4787.599609375	0.0388240957868091	0.054216	0.027	1	ANTMOL0576	1.704402516	4.280966767	2.892026578	3.362091503	2.423952491	5	4	2017	1
AN_BGO_001	17497	4	205407.515625	211741.671875	4787.599609375	0.0388240957868091	0.054216	0.027	1	ANTMOL0576	1.704402516	4.280966767	2.892026578	3.362091503	2.423952491	5	4	2017	1
AN_BGO_001	17497	6	205407.515625	211741.671875	4787.599609375	0.0388240957868091	0.054216	0.027	1	ANTMOL0576	1.704402516	4.280966767	2.892026578	3.362091503	2.423952491	5	4	2017	1
AN_BGO_001	17546	3	205407.515625	211741.671875	4787.599609375	0.295063127979749	0.149094	0.028	1	ANTMOL0576	1.704402516	4.280966767	2.892026578	3.362091503	2.423952491	5	4	2018	1
AN_BGO_001	17546	4	205407.515625	211741.671875	4787.599609375	0.295063127979749	0.149094	0.028	1	ANTMOL0576	1.704402516	4.280966767	2.892026578	3.362091503	2.423952491	5	4	2018	1
AN_BGO_001	17546	6	205407.515625	211741.671875	4787.599609375	0.295063127979749	0.149094	0.028	1	ANTMOL0576	1.704402516	4.280966767	2.892026578	3.362091503	2.423952491	5	4	2018	1
AN_BGO_001	17560	3	205407.515625	211741.671875	4787.599609375	0.17082602146196	0.20331	0.02	1	ANTMOL0576	1.704402516	4.280966767	2.892026578	3.362091503	2.423952491	5	4	2018	1
AN_BGO_001	17560	4	205407.515625	211741.671875	4787.599609375	0.17082602146196	0.20331	0.02	1	ANTMOL0576	1.704402516	4.280966767	2.892026578	3.362091503	2.423952491	5	4	2018	1
AN_BGO_001	17560	6	205407.515625	211741.671875	4787.599609375	0.17082602146196	0.20331	0.02	1	ANTMOL0576	1.704402516	4.280966767	2.892026578	3.362091503	2.423952491	5	4	2018	1
AN_BGO_001	17602	3	205407.515625	211741.671875	4787.599609375	0.0388240957868091	0.124245	0.076	1	ANTMOL0576	1.704402516	4.280966767	2.892026578	3.362091503	2.423952491	5	4	2018	1
AN_BGO_001	17602	4	205407.515625	211741.671875	4787.599609375	0.0388240957868091	0.124245	0.076	1	ANTMOL0576	1.704402516	4.280966767	2.892026578	3.362091503	2.423952491	5	4	2018	1
AN_BGO_001	17602	6	205407.515625	211741.671875	4787.599609375	0.0388240957868091	0.124245	0.076	1	ANTMOL0576	1.704402516	4.280966767	2.892026578	3.362091503	2.423952491	5	4	2018	1
AN_BGO_001	17644	3	205407.515625	211741.671875	4787.599609375	0.0388240957868091	0.036144	0.0375	1	ANTMOL0576	1.704402516	4.280966767	2.892026578	3.362091503	2.423952491	5	4	2018	1
AN_BGO_001	17644	4	205407.515625	211741.671875	4787.599609375	0.0388240957868091	0.036144	0.0375	1	ANTMOL0576	1.704402516	4.280966767	2.892026578	3.362091503	2.423952491	5	4	2018	1
AN_BGO_001	17644	6	205407.515625	211741.671875	4787.599609375	0.0388240957868091	0.036144	0.0375	1	ANTMOL0576	1.704402516	4.280966767	2.892026578	3.362091503	2.423952491	5	4	2018	1
AN_BGO_001	17680	3	205407.515625	211741.671875	4787.599609375	0.0388240957868091	0.029367	0.0314	1	ANTMOL0576	1.704402516	4.280966767	2.892026578	3.362091503	2.423952491	5	4	2018	1
AN_BGO_001	17680	4	205407.515625	211741.671875	4787.599609375	0.0388240957868091	0.029367	0.0314	1	ANTMOL0576	1.704402516	4.280966767	2.892026578	3.362091503	2.423952491	5	4	2018	1
AN_BGO_001	17680	6	205407.515625	211741.671875	4787.599609375	0.0388240957868091	0.029367	0.0314	1	ANTMOL0576	1.704402516	4.280966767	2.892026578	3.362091503	2.423952491	5	4	2018	1
WV_ZWI_043	17707	1	77688.28125	228252.8125	131.682907104492	0.0388240957868091	0.029367	0.0381	1	WVLKNO0028	1.2	4.290598291	1.457746479	3.928484848	3.964649898	1	2	2018	1
WV_ZWI_043	17721	1	77688.28125	228252.8125	131.682907104492	0.0465889149441709	0.058734	0.0277	1	WVLKNO0028	1.2	4.290598291	1.457746479	3.928484848	3.964649898	1	2	2018	1
WV_ZWI_043	17770	1	77688.28125	228252.8125	131.682907104492	0.0388240957868091	0.049698	0.0575	1	WVLKNO0028	1.2	4.290598291	1.457746479	3.928484848	3.964649898	1	2	2018	1
WV_ZWI_043	17799	1	77688.28125	228252.8125	131.682907104492	0.0388240957868091	0.192015	0.0348	1	WVLKNO0028	1.2	4.290598291	1.457746479	3.928484848	3.964649898	1	2	2018	1
WV_ZWI_043	17819	1	77688.28125	228252.8125	131.682907104492	0.163061202304598	0.058734	0.029	1	WVLKNO0028	1.2	4.290598291	1.457746479	3.928484848	3.964649898	1	2	2018	1
WV_ZWI_043	17855	1	77688.28125	228252.8125	131.682907104492	0.155296383147237	0.02259	0.0292	1	WVLKNO0028	1.2	4.290598291	1.457746479	3.928484848	3.964649898	1	2	2018	1
WV_ZWI_043	17875	1	77688.28125	228252.8125	131.682907104492	0.0388240957868091	0.083583	0.0315	1	WVLKNO0028	1.2	4.290598291	1.457746479	3.928484848	3.964649898	1	2	2018	1
AN_WKV_001	16601	5	155538.234375	194993.296875	158782.5	0.0388240957868091	0.02259	0.02	1	ANTMEC0180	1.873330035	4.318181818	3.087818697	2.377224199	3.519280206	2	2	2015	1
AN_WKV_001	16629	5	155538.234375	194993.296875	158782.5	0.0388240957868091	0.02259	0.02	1	ANTMEC0180	1.873330035	4.318181818	3.087818697	2.377224199	3.519280206	2	2	2015	1
AN_WKV_001	16657	5	155538.234375	194993.296875	158782.5	0.0388240957868091	0.038403	0.02	1	ANTMEC0180	1.873330035	4.318181818	3.087818697	2.377224199	3.519280206	2	2	2015	1
AN_WKV_001	16685	5	155538.234375	194993.296875	158782.5	0.0388240957868091	0.02259	0.02	1	ANTMEC0180	1.873330035	4.318181818	3.087818697	2.377224199	3.519280206	2	2	2015	1
AN_WKV_001	16720	5	155538.234375	194993.296875	158782.5	0.0194120478934046	0.02259	0.1	1	ANTMEC0180	1.873330035	4.318181818	3.087818697	2.377224199	3.519280206	2	2	2015	1
AN_WKV_001	16748	5	155538.234375	194993.296875	158782.5	0.0388240957868091	0.02259	0.02	1	ANTMEC0180	1.873330035	4.318181818	3.087818697	2.377224199	3.519280206	2	2	2015	1
AN_WKV_001	16776	5	155538.234375	194993.296875	158782.5	0.0931778298883419	0.024849	0.02	1	ANTMEC0180	1.873330035	4.318181818	3.087818697	2.377224199	3.519280206	2	2	2015	1
WV_WES_014	17700	1	22798.794921875	198419.296875	114.774253845215	0.0388240957868091	0.036144	0.0377	1	WVLDEP0057	1	4.327586207	3.940184049	4.114893617	3.856946355	1	2	2018	1
LI_HEU_002	16587	7	239121.46875	190224.09375	10840.3310546875	0.0465889149441709	0.04518	0.0984	1	LIMDST0104	2.810541311	4.335106383	2.697969543	3.721166893	3.882309942	5	4	2015	1
LI_HEU_002	16615	7	239121.46875	190224.09375	10840.3310546875	0.0931778298883419	0.097137	0.0671	1	LIMDST0104	2.810541311	4.335106383	2.697969543	3.721166893	3.882309942	5	4	2015	1
LI_HEU_002	16644	7	239121.46875	190224.09375	10840.3310546875	0.147531563989875	0.151353	0.128	1	LIMDST0104	2.810541311	4.335106383	2.697969543	3.721166893	3.882309942	5	4	2015	1
LI_HEU_002	16671	7	239121.46875	190224.09375	10840.3310546875	0.108707468203066	0.108432	0.0557	1	LIMDST0104	2.810541311	4.335106383	2.697969543	3.721166893	3.882309942	5	4	2015	1
LI_HEU_002	16698	7	239121.46875	190224.09375	10840.3310546875	0.124237106517789	0.115209	0.0516	1	LIMDST0104	2.810541311	4.335106383	2.697969543	3.721166893	3.882309942	5	4	2015	1
LI_HEU_002	16734	7	239121.46875	190224.09375	10840.3310546875	0.0698833724162564	0.081324	0.05	1	LIMDST0104	2.810541311	4.335106383	2.697969543	3.721166893	3.882309942	5	4	2015	1
LI_HEU_002	16762	7	239121.46875	190224.09375	10840.3310546875	0.302827947137111	0.058734	0.042	1	LIMDST0104	2.810541311	4.335106383	2.697969543	3.721166893	3.882309942	5	4	2015	1
LI_HEU_002	16805	7	239121.46875	190224.09375	10840.3310546875	0.295063127979749	0.04518	0.0274	1	LIMDST0104	2.810541311	4.335106383	2.697969543	3.721166893	3.882309942	5	4	2016	1
LI_HEU_002	16832	7	239121.46875	190224.09375	10840.3310546875	1.02495612877176	0.079065	0.0404	1	LIMDST0104	2.810541311	4.335106383	2.697969543	3.721166893	3.882309942	5	4	2016	1
LI_HEU_002	16867	7	239121.46875	190224.09375	10840.3310546875	0.652244809218393	0.173943	0.0372	1	LIMDST0104	2.810541311	4.335106383	2.697969543	3.721166893	3.882309942	5	4	2016	1
LI_HEU_002	16896	7	239121.46875	190224.09375	10840.3310546875	1.04825058624385	0.108432	0.0456	1	LIMDST0104	2.810541311	4.335106383	2.697969543	3.721166893	3.882309942	5	4	2016	1
LI_HEU_002	16924	7	239121.46875	190224.09375	10840.3310546875	0.543537341015328	0.085842	0.062	1	LIMDST0104	2.810541311	4.335106383	2.697969543	3.721166893	3.882309942	5	4	2016	1
LI_ZPB_001	16965	4	240330.28125	180375.640625	3739.47241210938	0.0698833724162564	0.119727	0.036	1	LIMLNK0167	2	4.348039216	3.430904523	3.884896468	2.302410519	5	2	2016	1
LI_ZPB_001	16965	7	240330.28125	180375.640625	3739.47241210938	0.0698833724162564	0.119727	0.036	1	LIMLNK0167	2	4.348039216	3.430904523	3.884896468	2.302410519	5	2	2016	1
LI_ZPB_001	16986	4	240330.28125	180375.640625	3739.47241210938	0.0388240957868091	0.02259	0.02	1	LIMLNK0167	2	4.348039216	3.430904523	3.884896468	2.302410519	5	2	2016	1
LI_ZPB_001	16986	7	240330.28125	180375.640625	3739.47241210938	0.0388240957868091	0.02259	0.02	1	LIMLNK0167	2	4.348039216	3.430904523	3.884896468	2.302410519	5	2	2016	1
LI_ZPB_001	17029	4	240330.28125	180375.640625	3739.47241210938	0.0388240957868091	0.02259	0.02	1	LIMLNK0167	2	4.348039216	3.430904523	3.884896468	2.302410519	5	2	2016	1
LI_ZPB_001	17029	7	240330.28125	180375.640625	3739.47241210938	0.0388240957868091	0.02259	0.02	1	LIMLNK0167	2	4.348039216	3.430904523	3.884896468	2.302410519	5	2	2016	1
LI_ZPB_001	17063	4	240330.28125	180375.640625	3739.47241210938	0.0388240957868091	0.036144	0.02	1	LIMLNK0167	2	4.348039216	3.430904523	3.884896468	2.302410519	5	2	2016	1
LI_ZPB_001	17063	7	240330.28125	180375.640625	3739.47241210938	0.0388240957868091	0.036144	0.02	1	LIMLNK0167	2	4.348039216	3.430904523	3.884896468	2.302410519	5	2	2016	1
LI_ZPB_001	17091	4	240330.28125	180375.640625	3739.47241210938	0.0388240957868091	0.031626	0.02	1	LIMLNK0167	2	4.348039216	3.430904523	3.884896468	2.302410519	5	2	2016	1
LI_ZPB_001	17091	7	240330.28125	180375.640625	3739.47241210938	0.0388240957868091	0.031626	0.02	1	LIMLNK0167	2	4.348039216	3.430904523	3.884896468	2.302410519	5	2	2016	1
LI_ZPB_001	17126	4	240330.28125	180375.640625	3739.47241210938	0.0465889149441709	0.815499	0.02	1	LIMLNK0167	2	4.348039216	3.430904523	3.884896468	2.302410519	5	2	2016	1
LI_ZPB_001	17126	7	240330.28125	180375.640625	3739.47241210938	0.0465889149441709	0.815499	0.02	1	LIMLNK0167	2	4.348039216	3.430904523	3.884896468	2.302410519	5	2	2016	1
LI_ZPB_001	17140	4	240330.28125	180375.640625	3739.47241210938	0.147531563989875	0.216864	0.02	1	LIMLNK0167	2	4.348039216	3.430904523	3.884896468	2.302410519	5	2	2016	1
LI_ZPB_001	17140	7	240330.28125	180375.640625	3739.47241210938	0.147531563989875	0.216864	0.02	1	LIMLNK0167	2	4.348039216	3.430904523	3.884896468	2.302410519	5	2	2016	1
LI_ZPB_001	17175	4	240330.28125	180375.640625	3739.47241210938	0.116472287360427	0.18072	0.0215	1	LIMLNK0167	2	4.348039216	3.430904523	3.884896468	2.302410519	5	2	2017	1
LI_ZPB_001	17175	7	240330.28125	180375.640625	3739.47241210938	0.116472287360427	0.18072	0.0215	1	LIMLNK0167	2	4.348039216	3.430904523	3.884896468	2.302410519	5	2	2017	1
LI_ZPB_001	17196	4	240330.28125	180375.640625	3739.47241210938	0.0698833724162564	0.137799	0.02	1	LIMLNK0167	2	4.348039216	3.430904523	3.884896468	2.302410519	5	2	2017	1
LI_ZPB_001	17196	7	240330.28125	180375.640625	3739.47241210938	0.0698833724162564	0.137799	0.02	1	LIMLNK0167	2	4.348039216	3.430904523	3.884896468	2.302410519	5	2	2017	1
LI_ZPB_001	17224	4	240330.28125	180375.640625	3739.47241210938	0.0698833724162564	0.115209	0.02	1	LIMLNK0167	2	4.348039216	3.430904523	3.884896468	2.302410519	5	2	2017	1
LI_ZPB_001	17224	7	240330.28125	180375.640625	3739.47241210938	0.0698833724162564	0.115209	0.02	1	LIMLNK0167	2	4.348039216	3.430904523	3.884896468	2.302410519	5	2	2017	1
LI_ZPB_001	17259	4	240330.28125	180375.640625	3739.47241210938	0.0465889149441709	0.081324	0.02	1	LIMLNK0167	2	4.348039216	3.430904523	3.884896468	2.302410519	5	2	2017	1
LI_ZPB_001	17259	7	240330.28125	180375.640625	3739.47241210938	0.0465889149441709	0.081324	0.02	1	LIMLNK0167	2	4.348039216	3.430904523	3.884896468	2.302410519	5	2	2017	1
LI_ZPB_001	17301	4	240330.28125	180375.640625	3739.47241210938	0.124237106517789	0.094878	0.047	1	LIMLNK0167	2	4.348039216	3.430904523	3.884896468	2.302410519	5	2	2017	1
LI_ZPB_001	17301	7	240330.28125	180375.640625	3739.47241210938	0.124237106517789	0.094878	0.047	1	LIMLNK0167	2	4.348039216	3.430904523	3.884896468	2.302410519	5	2	2017	1
WV_WES_018	17700	1	22781.501953125	199064.296875	191.410125732422	0.0388240957868091	0.040662	0.0266	1	WVLDEP0073	1.261904762	4.351351351	3.950268817	4.208284714	3.761515602	1	2	2018	1
WV_WES_018	17715	1	22781.501953125	199064.296875	191.410125732422	0.0621185532588946	0.070029	0.0219	1	WVLDEP0073	1.261904762	4.351351351	3.950268817	4.208284714	3.761515602	1	2	2018	1
WV_WES_018	17764	1	22781.501953125	199064.296875	191.410125732422	0.0388240957868091	0.031626	0.1336	1	WVLDEP0073	1.261904762	4.351351351	3.950268817	4.208284714	3.761515602	1	2	2018	1
WV_WES_018	17785	1	22781.501953125	199064.296875	191.410125732422	0.0776481915736183	0.054216	0.0971	1	WVLDEP0073	1.261904762	4.351351351	3.950268817	4.208284714	3.761515602	1	2	2018	1
WV_WES_018	17812	1	22781.501953125	199064.296875	191.410125732422	0.481418787756433	0.036144	0.216	1	WVLDEP0073	1.261904762	4.351351351	3.950268817	4.208284714	3.761515602	1	2	2018	1
WV_WES_018	17861	1	22781.501953125	199064.296875	191.410125732422	1.61508238473126	0.040662	0.2071	1	WVLDEP0073	1.261904762	4.351351351	3.950268817	4.208284714	3.761515602	1	2	2018	1
AN_KDN_003	16972	5	179992.9375	215269.140625	1767.1025390625	0.0388240957868091	0.065511	0.1225	1	ANTLIL0243	2.557142857	4.411016949	3.568710359	3.082785088	3.679973387	5	2	2016	1
AN_KDN_003	17014	5	179992.9375	215269.140625	1767.1025390625	0.25623903219294	0.02259	0.0865	1	ANTLIL0243	2.557142857	4.411016949	3.568710359	3.082785088	3.679973387	5	2	2016	1
AN_KDN_003	17035	5	179992.9375	215269.140625	1767.1025390625	0.0388240957868091	0.02259	0.0756	1	ANTLIL0243	2.557142857	4.411016949	3.568710359	3.082785088	3.679973387	5	2	2016	1
AN_KDN_003	17063	5	179992.9375	215269.140625	1767.1025390625	0.0388240957868091	0.02259	0.2042	1	ANTLIL0243	2.557142857	4.411016949	3.568710359	3.082785088	3.679973387	5	2	2016	1
AN_KDN_003	17092	5	179992.9375	215269.140625	1767.1025390625	0.0854130107309801	0.083583	0.1092	1	ANTLIL0243	2.557142857	4.411016949	3.568710359	3.082785088	3.679973387	5	2	2016	1
AN_KDN_003	17112	5	179992.9375	215269.140625	1767.1025390625	0.0388240957868091	0.02259	0.1136	1	ANTLIL0243	2.557142857	4.411016949	3.568710359	3.082785088	3.679973387	5	2	2016	1
AN_KDN_003	17127	5	179992.9375	215269.140625	1767.1025390625	0.0388240957868091	0.076806	0.0926	1	ANTLIL0243	2.557142857	4.411016949	3.568710359	3.082785088	3.679973387	5	2	2016	1
AN_KDN_003	17183	5	179992.9375	215269.140625	1767.1025390625	0.0388240957868091	0.027108	0.0933	1	ANTLIL0243	2.557142857	4.411016949	3.568710359	3.082785088	3.679973387	5	2	2017	1
AN_KDN_003	17218	5	179992.9375	215269.140625	1767.1025390625	0.0388240957868091	0.040662	0.0344	1	ANTLIL0243	2.557142857	4.411016949	3.568710359	3.082785088	3.679973387	5	2	2017	1
AN_KDN_003	17245	5	179992.9375	215269.140625	1767.1025390625	0.0388240957868091	0.065511	0.048	1	ANTLIL0243	2.557142857	4.411016949	3.568710359	3.082785088	3.679973387	5	2	2017	1
AN_KDN_003	17267	5	179992.9375	215269.140625	1767.1025390625	0.0388240957868091	0.04518	0.0464	1	ANTLIL0243	2.557142857	4.411016949	3.568710359	3.082785088	3.679973387	5	2	2017	1
AN_KDN_003	17295	5	179992.9375	215269.140625	1767.1025390625	0.0465889149441709	0.049698	0.153	1	ANTLIL0243	2.557142857	4.411016949	3.568710359	3.082785088	3.679973387	5	2	2017	1
WV_ZWI_149	17708	1	79257.71875	227985.859375	1533.29858398438	0.0931778298883419	0.051957	0.2046	1	WVLKNO0365	2.175115207	4.417322835	3.929216867	4.33162612	3.457309942	1	2	2018	1
WV_ZWI_149	17799	1	79257.71875	227985.859375	1533.29858398438	0.0388240957868091	0.115209	0.0626	1	WVLKNO0365	2.175115207	4.417322835	3.929216867	4.33162612	3.457309942	1	2	2018	1
WV_ZWI_149	17855	1	79257.71875	227985.859375	1533.29858398438	0.0388240957868091	0.027108	0.0624	1	WVLKNO0365	2.175115207	4.417322835	3.929216867	4.33162612	3.457309942	1	2	2018	1
WV_ZWI_149	17882	1	79257.71875	227985.859375	1533.29858398438	0.0388240957868091	0.038403	0.044	1	WVLKNO0365	2.175115207	4.417322835	3.929216867	4.33162612	3.457309942	1	2	2018	1
LI_MLV_003	16182	3	215602.671875	185405.703125	9037.486328125	0.0776481915736183	0.042921	NA	1	LIMHAS0541	2.425064599	4.418032787	2.696461825	3.814153439	2.270928463	5	2	2014	1
LI_MLV_003	16182	4	215602.671875	185405.703125	9037.486328125	0.0776481915736183	0.042921	NA	1	LIMHAS0541	2.425064599	4.418032787	2.696461825	3.814153439	2.270928463	5	2	2014	1
LI_MLV_003	16224	3	215602.671875	185405.703125	9037.486328125	0.0776481915736183	0.02259	NA	1	LIMHAS0541	2.425064599	4.418032787	2.696461825	3.814153439	2.270928463	5	2	2014	1
LI_MLV_003	16224	4	215602.671875	185405.703125	9037.486328125	0.0776481915736183	0.02259	NA	1	LIMHAS0541	2.425064599	4.418032787	2.696461825	3.814153439	2.270928463	5	2	2014	1
LI_MLV_003	16251	3	215602.671875	185405.703125	9037.486328125	0.0776481915736183	0.027108	NA	1	LIMHAS0541	2.425064599	4.418032787	2.696461825	3.814153439	2.270928463	5	2	2014	1
LI_MLV_003	16251	4	215602.671875	185405.703125	9037.486328125	0.0776481915736183	0.027108	NA	1	LIMHAS0541	2.425064599	4.418032787	2.696461825	3.814153439	2.270928463	5	2	2014	1
LI_MLV_003	16286	3	215602.671875	185405.703125	9037.486328125	0.0776481915736183	0.02259	NA	1	LIMHAS0541	2.425064599	4.418032787	2.696461825	3.814153439	2.270928463	5	2	2014	1
LI_MLV_003	16286	4	215602.671875	185405.703125	9037.486328125	0.0776481915736183	0.02259	NA	1	LIMHAS0541	2.425064599	4.418032787	2.696461825	3.814153439	2.270928463	5	2	2014	1
LI_MLV_003	16321	3	215602.671875	185405.703125	9037.486328125	0.0776481915736183	0.063252	NA	1	LIMHAS0541	2.425064599	4.418032787	2.696461825	3.814153439	2.270928463	5	2	2014	1
LI_MLV_003	16321	4	215602.671875	185405.703125	9037.486328125	0.0776481915736183	0.063252	NA	1	LIMHAS0541	2.425064599	4.418032787	2.696461825	3.814153439	2.270928463	5	2	2014	1
LI_MLV_003	16363	3	215602.671875	185405.703125	9037.486328125	0.0776481915736183	0.038403	NA	1	LIMHAS0541	2.425064599	4.418032787	2.696461825	3.814153439	2.270928463	5	2	2014	1
LI_MLV_003	16363	4	215602.671875	185405.703125	9037.486328125	0.0776481915736183	0.038403	NA	1	LIMHAS0541	2.425064599	4.418032787	2.696461825	3.814153439	2.270928463	5	2	2014	1
VB_VIN_002	17693	6	203638.46875	169926.921875	874.109436035156	0.0388240957868091	0.024849	0.095	1	VBRZOU0046	2.830882353	4.448484848	4.25625	4.426309379	3.943989931	9	1	2018	1
VB_VIN_002	17714	6	203638.46875	169926.921875	874.109436035156	0.0543537341015328	0.065511	0.0614	1	VBRZOU0046	2.830882353	4.448484848	4.25625	4.426309379	3.943989931	9	1	2018	1
VB_VIN_002	17749	6	203638.46875	169926.921875	874.109436035156	0.0388240957868091	0.047439	0.1868	1	VBRZOU0046	2.830882353	4.448484848	4.25625	4.426309379	3.943989931	9	1	2018	1
VB_VIN_002	17798	6	203638.46875	169926.921875	874.109436035156	0.17082602146196	0.02259	0.0913	1	VBRZOU0046	2.830882353	4.448484848	4.25625	4.426309379	3.943989931	9	1	2018	1
VB_VIN_002	17827	6	203638.46875	169926.921875	874.109436035156	0.100942649045704	0.318519	0.1138	1	VBRZOU0046	2.830882353	4.448484848	4.25625	4.426309379	3.943989931	9	1	2018	1
VB_VIN_002	17854	6	203638.46875	169926.921875	874.109436035156	1.25013588433525	0.02259	0.1253	1	VBRZOU0046	2.830882353	4.448484848	4.25625	4.426309379	3.943989931	9	1	2018	1
VB_VIN_002	17883	6	203638.46875	169926.921875	874.109436035156	0.784246734893544	0.192015	0.0507	1	VBRZOU0046	2.830882353	4.448484848	4.25625	4.426309379	3.943989931	9	1	2018	1
AN_RPT_001	16202	3	205404.9375	220199.015625	30224.51171875	0.0776481915736183	0.024849	NA	1	ANTMOL0720	2.669571046	4.452631579	3.736961451	3.256339581	2.63343254	5	4	2014	1
AN_RPT_001	16232	3	205404.9375	220199.015625	30224.51171875	0.0776481915736183	0.02259	NA	1	ANTMOL0720	2.669571046	4.452631579	3.736961451	3.256339581	2.63343254	5	4	2014	1
AN_RPT_001	16265	3	205404.9375	220199.015625	30224.51171875	0.0776481915736183	0.02259	NA	1	ANTMOL0720	2.669571046	4.452631579	3.736961451	3.256339581	2.63343254	5	4	2014	1
AN_RPT_001	16294	3	205404.9375	220199.015625	30224.51171875	0.0776481915736183	0.02259	NA	1	ANTMOL0720	2.669571046	4.452631579	3.736961451	3.256339581	2.63343254	5	4	2014	1
AN_RPT_001	16329	3	205404.9375	220199.015625	30224.51171875	0.0776481915736183	0.027108	NA	1	ANTMOL0720	2.669571046	4.452631579	3.736961451	3.256339581	2.63343254	5	4	2014	1
AN_RPT_001	16391	3	205404.9375	220199.015625	30224.51171875	0.0776481915736183	0.031626	NA	1	ANTMOL0720	2.669571046	4.452631579	3.736961451	3.256339581	2.63343254	5	4	2014	1
AN_DVH_010	16973	4	174681.9375	223646.15625	33232.26171875	0.0388240957868091	0.094878	0.0251	1	ANTMAL0275	2.107441154	4.471153846	4.144808743	3.184508816	2.95136612	5	4	2016	1
AN_DVH_010	17014	4	174681.9375	223646.15625	33232.26171875	0.0543537341015328	0.02259	0.0201	1	ANTMAL0275	2.107441154	4.471153846	4.144808743	3.184508816	2.95136612	5	4	2016	1
AN_DVH_010	17036	4	174681.9375	223646.15625	33232.26171875	0.0388240957868091	0.02259	0.02	1	ANTMAL0275	2.107441154	4.471153846	4.144808743	3.184508816	2.95136612	5	4	2016	1
AN_DVH_010	17063	4	174681.9375	223646.15625	33232.26171875	0.0388240957868091	0.036144	0.0278	1	ANTMAL0275	2.107441154	4.471153846	4.144808743	3.184508816	2.95136612	5	4	2016	1
AN_DVH_010	17098	4	174681.9375	223646.15625	33232.26171875	0.0698833724162564	0.029367	0.0286	1	ANTMAL0275	2.107441154	4.471153846	4.144808743	3.184508816	2.95136612	5	4	2016	1
AN_DVH_010	17127	4	174681.9375	223646.15625	33232.26171875	0.139766744832513	0.092619	0.02	1	ANTMAL0275	2.107441154	4.471153846	4.144808743	3.184508816	2.95136612	5	4	2016	1
AN_DVH_010	17141	4	174681.9375	223646.15625	33232.26171875	0.155296383147237	0.081324	0.0241	1	ANTMAL0275	2.107441154	4.471153846	4.144808743	3.184508816	2.95136612	5	4	2016	1
AN_DVH_010	17183	4	174681.9375	223646.15625	33232.26171875	0.186355659776684	0.137799	0.02	1	ANTMAL0275	2.107441154	4.471153846	4.144808743	3.184508816	2.95136612	5	4	2017	1
AN_DVH_010	17217	4	174681.9375	223646.15625	33232.26171875	0.116472287360427	0.11295	0.02	1	ANTMAL0275	2.107441154	4.471153846	4.144808743	3.184508816	2.95136612	5	4	2017	1
AN_DVH_010	17253	4	174681.9375	223646.15625	33232.26171875	0.25623903219294	0.140058	0.02	1	ANTMAL0275	2.107441154	4.471153846	4.144808743	3.184508816	2.95136612	5	4	2017	1
AN_DVH_010	17275	4	174681.9375	223646.15625	33232.26171875	0.139766744832513	0.115209	0.02	1	ANTMAL0275	2.107441154	4.471153846	4.144808743	3.184508816	2.95136612	5	4	2017	1
AN_DVH_010	17315	4	174681.9375	223646.15625	33232.26171875	0.100942649045704	0.094878	0.025	1	ANTMAL0275	2.107441154	4.471153846	4.144808743	3.184508816	2.95136612	5	4	2017	1
AN_ZEG_002	17343	3	189425.125	210062.8125	43779.01171875	0.0388240957868091	0.036144	0.124	1	ANTGEE0107	1.435551811	4.474789916	3.95124283	3.573141487	3.273670558	5	3	2017	1
AN_ZEG_002	17343	4	189425.125	210062.8125	43779.01171875	0.0388240957868091	0.036144	0.124	1	ANTGEE0107	1.435551811	4.474789916	3.95124283	3.573141487	3.273670558	5	3	2017	1
AN_ZEG_002	17343	6	189425.125	210062.8125	43779.01171875	0.0388240957868091	0.036144	0.124	1	ANTGEE0107	1.435551811	4.474789916	3.95124283	3.573141487	3.273670558	5	3	2017	1
AN_ZEG_002	17359	3	189425.125	210062.8125	43779.01171875	0.194120478934046	0.031626	0.0787	1	ANTGEE0107	1.435551811	4.474789916	3.95124283	3.573141487	3.273670558	5	3	2017	1
AN_ZEG_002	17359	4	189425.125	210062.8125	43779.01171875	0.194120478934046	0.031626	0.0787	1	ANTGEE0107	1.435551811	4.474789916	3.95124283	3.573141487	3.273670558	5	3	2017	1
AN_ZEG_002	17359	6	189425.125	210062.8125	43779.01171875	0.194120478934046	0.031626	0.0787	1	ANTGEE0107	1.435551811	4.474789916	3.95124283	3.573141487	3.273670558	5	3	2017	1
AN_ZEG_002	17379	3	189425.125	210062.8125	43779.01171875	0.0388240957868091	0.056475	0.1074	1	ANTGEE0107	1.435551811	4.474789916	3.95124283	3.573141487	3.273670558	5	3	2017	1
AN_ZEG_002	17379	4	189425.125	210062.8125	43779.01171875	0.0388240957868091	0.056475	0.1074	1	ANTGEE0107	1.435551811	4.474789916	3.95124283	3.573141487	3.273670558	5	3	2017	1
AN_ZEG_002	17379	6	189425.125	210062.8125	43779.01171875	0.0388240957868091	0.056475	0.1074	1	ANTGEE0107	1.435551811	4.474789916	3.95124283	3.573141487	3.273670558	5	3	2017	1
AN_ZEG_002	17413	3	189425.125	210062.8125	43779.01171875	0.0388240957868091	0.04518	0.0453	1	ANTGEE0107	1.435551811	4.474789916	3.95124283	3.573141487	3.273670558	5	3	2017	1
AN_ZEG_002	17413	4	189425.125	210062.8125	43779.01171875	0.0388240957868091	0.04518	0.0453	1	ANTGEE0107	1.435551811	4.474789916	3.95124283	3.573141487	3.273670558	5	3	2017	1
AN_ZEG_002	17413	6	189425.125	210062.8125	43779.01171875	0.0388240957868091	0.04518	0.0453	1	ANTGEE0107	1.435551811	4.474789916	3.95124283	3.573141487	3.273670558	5	3	2017	1
AN_ZEG_002	17462	3	189425.125	210062.8125	43779.01171875	0.147531563989875	0.072288	0.5885	1	ANTGEE0107	1.435551811	4.474789916	3.95124283	3.573141487	3.273670558	5	3	2017	1
AN_ZEG_002	17462	4	189425.125	210062.8125	43779.01171875	0.147531563989875	0.072288	0.5885	1	ANTGEE0107	1.435551811	4.474789916	3.95124283	3.573141487	3.273670558	5	3	2017	1
AN_ZEG_002	17462	6	189425.125	210062.8125	43779.01171875	0.147531563989875	0.072288	0.5885	1	ANTGEE0107	1.435551811	4.474789916	3.95124283	3.573141487	3.273670558	5	3	2017	1
AN_ZEG_002	17491	3	189425.125	210062.8125	43779.01171875	0.644479990061031	0.094878	0.1654	1	ANTGEE0107	1.435551811	4.474789916	3.95124283	3.573141487	3.273670558	5	3	2017	1
AN_ZEG_002	17491	4	189425.125	210062.8125	43779.01171875	0.644479990061031	0.094878	0.1654	1	ANTGEE0107	1.435551811	4.474789916	3.95124283	3.573141487	3.273670558	5	3	2017	1
AN_ZEG_002	17491	6	189425.125	210062.8125	43779.01171875	0.644479990061031	0.094878	0.1654	1	ANTGEE0107	1.435551811	4.474789916	3.95124283	3.573141487	3.273670558	5	3	2017	1
AN_ZEG_002	17518	3	189425.125	210062.8125	43779.01171875	0.496948426071157	0.115209	0.133	1	ANTGEE0107	1.435551811	4.474789916	3.95124283	3.573141487	3.273670558	5	3	2017	1
AN_ZEG_002	17518	4	189425.125	210062.8125	43779.01171875	0.496948426071157	0.115209	0.133	1	ANTGEE0107	1.435551811	4.474789916	3.95124283	3.573141487	3.273670558	5	3	2017	1
AN_ZEG_002	17518	6	189425.125	210062.8125	43779.01171875	0.496948426071157	0.115209	0.133	1	ANTGEE0107	1.435551811	4.474789916	3.95124283	3.573141487	3.273670558	5	3	2017	1
AN_ZEG_002	17540	3	189425.125	210062.8125	43779.01171875	0.271768670507664	0.126504	0.1044	1	ANTGEE0107	1.435551811	4.474789916	3.95124283	3.573141487	3.273670558	5	3	2018	1
AN_ZEG_002	17540	4	189425.125	210062.8125	43779.01171875	0.271768670507664	0.126504	0.1044	1	ANTGEE0107	1.435551811	4.474789916	3.95124283	3.573141487	3.273670558	5	3	2018	1
AN_ZEG_002	17540	6	189425.125	210062.8125	43779.01171875	0.271768670507664	0.126504	0.1044	1	ANTGEE0107	1.435551811	4.474789916	3.95124283	3.573141487	3.273670558	5	3	2018	1
AN_ZEG_002	17561	3	189425.125	210062.8125	43779.01171875	0.124237106517789	0.151353	0.092	1	ANTGEE0107	1.435551811	4.474789916	3.95124283	3.573141487	3.273670558	5	3	2018	1
AN_ZEG_002	17561	4	189425.125	210062.8125	43779.01171875	0.124237106517789	0.151353	0.092	1	ANTGEE0107	1.435551811	4.474789916	3.95124283	3.573141487	3.273670558	5	3	2018	1
AN_ZEG_002	17561	6	189425.125	210062.8125	43779.01171875	0.124237106517789	0.151353	0.092	1	ANTGEE0107	1.435551811	4.474789916	3.95124283	3.573141487	3.273670558	5	3	2018	1
AN_ZEG_002	17581	3	189425.125	210062.8125	43779.01171875	0.0388240957868091	0.056475	0.1008	1	ANTGEE0107	1.435551811	4.474789916	3.95124283	3.573141487	3.273670558	5	3	2018	1
AN_ZEG_002	17581	4	189425.125	210062.8125	43779.01171875	0.0388240957868091	0.056475	0.1008	1	ANTGEE0107	1.435551811	4.474789916	3.95124283	3.573141487	3.273670558	5	3	2018	1
AN_ZEG_002	17581	6	189425.125	210062.8125	43779.01171875	0.0388240957868091	0.056475	0.1008	1	ANTGEE0107	1.435551811	4.474789916	3.95124283	3.573141487	3.273670558	5	3	2018	1
AN_ZEG_002	17630	3	189425.125	210062.8125	43779.01171875	0.0388240957868091	0.036144	0.048	1	ANTGEE0107	1.435551811	4.474789916	3.95124283	3.573141487	3.273670558	5	3	2018	1
AN_ZEG_002	17630	4	189425.125	210062.8125	43779.01171875	0.0388240957868091	0.036144	0.048	1	ANTGEE0107	1.435551811	4.474789916	3.95124283	3.573141487	3.273670558	5	3	2018	1
AN_ZEG_002	17630	6	189425.125	210062.8125	43779.01171875	0.0388240957868091	0.036144	0.048	1	ANTGEE0107	1.435551811	4.474789916	3.95124283	3.573141487	3.273670558	5	3	2018	1
AN_ZEG_002	17674	3	189425.125	210062.8125	43779.01171875	0.0388240957868091	0.051957	0.1036	1	ANTGEE0107	1.435551811	4.474789916	3.95124283	3.573141487	3.273670558	5	3	2018	1
AN_ZEG_002	17674	4	189425.125	210062.8125	43779.01171875	0.0388240957868091	0.051957	0.1036	1	ANTGEE0107	1.435551811	4.474789916	3.95124283	3.573141487	3.273670558	5	3	2018	1
AN_ZEG_002	17674	6	189425.125	210062.8125	43779.01171875	0.0388240957868091	0.051957	0.1036	1	ANTGEE0107	1.435551811	4.474789916	3.95124283	3.573141487	3.273670558	5	3	2018	1
WV_BDH_008	17337	1	59443.44140625	221440.734375	129.716873168945	0.0698833724162564	0.119727	0.056	1	WVLDEH0220	1.735849057	4.494505495	3.786666667	4.244808743	3.891172914	1	2	2017	1
WV_BDH_008	17372	1	59443.44140625	221440.734375	129.716873168945	0.0698833724162564	0.033885	0.063	1	WVLDEH0220	1.735849057	4.494505495	3.786666667	4.244808743	3.891172914	1	2	2017	1
WV_BDH_008	17379	1	59443.44140625	221440.734375	129.716873168945	0.0388240957868091	0.036144	0.02	1	WVLDEH0220	1.735849057	4.494505495	3.786666667	4.244808743	3.891172914	1	2	2017	1
WV_BDH_008	17449	1	59443.44140625	221440.734375	129.716873168945	0.0388240957868091	0.038403	0.02	1	WVLDEH0220	1.735849057	4.494505495	3.786666667	4.244808743	3.891172914	1	2	2017	1
WV_BDH_008	17463	1	59443.44140625	221440.734375	129.716873168945	0.0621185532588946	0.036144	0.02	1	WVLDEH0220	1.735849057	4.494505495	3.786666667	4.244808743	3.891172914	1	2	2017	1
WV_BDH_008	17477	1	59443.44140625	221440.734375	129.716873168945	0.0465889149441709	0.036144	0.02	1	WVLDEH0220	1.735849057	4.494505495	3.786666667	4.244808743	3.891172914	1	2	2017	1
WV_BDH_008	17534	1	59443.44140625	221440.734375	129.716873168945	0.0388240957868091	0.040662	0.02	1	WVLDEH0220	1.735849057	4.494505495	3.786666667	4.244808743	3.891172914	1	2	2018	1
WV_BDH_008	17575	1	59443.44140625	221440.734375	129.716873168945	0.0776481915736183	0.02259	0.02	1	WVLDEH0220	1.735849057	4.494505495	3.786666667	4.244808743	3.891172914	1	2	2018	1
WV_BDH_008	17596	1	59443.44140625	221440.734375	129.716873168945	0.0388240957868091	0.128763	0.035	1	WVLDEH0220	1.735849057	4.494505495	3.786666667	4.244808743	3.891172914	1	2	2018	1
WV_BDH_008	17625	1	59443.44140625	221440.734375	129.716873168945	0.0388240957868091	0.027108	0.02	1	WVLDEH0220	1.735849057	4.494505495	3.786666667	4.244808743	3.891172914	1	2	2018	1
WV_BDH_008	17666	1	59443.44140625	221440.734375	129.716873168945	0.0388240957868091	0.042921	0.0414	1	WVLDEH0220	1.735849057	4.494505495	3.786666667	4.244808743	3.891172914	1	2	2018	1
LI_LAN_008	16202	6	223296.5	181749.359375	13590.95703125	2.25179755563493	0.063252	NA	1	LIMDPB0315	2.169266055	4.507936508	3.450684932	2.445897741	3.050151976	5	4	2014	1
LI_LAN_008	16238	6	223296.5	181749.359375	13590.95703125	4.1697078875033	0.079065	NA	1	LIMDPB0315	2.169266055	4.507936508	3.450684932	2.445897741	3.050151976	5	4	2014	1
LI_LAN_008	16266	6	223296.5	181749.359375	13590.95703125	2.42262357709689	0.031626	NA	1	LIMDPB0315	2.169266055	4.507936508	3.450684932	2.445897741	3.050151976	5	4	2014	1
LI_LAN_008	16307	6	223296.5	181749.359375	13590.95703125	1.83249732113739	0.070029	NA	1	LIMDPB0315	2.169266055	4.507936508	3.450684932	2.445897741	3.050151976	5	4	2014	1
LI_LAN_008	16342	6	223296.5	181749.359375	13590.95703125	0.729893000792011	0.094878	NA	1	LIMDPB0315	2.169266055	4.507936508	3.450684932	2.445897741	3.050151976	5	4	2014	1
LI_LAN_008	16378	6	223296.5	181749.359375	13590.95703125	1.59178792725917	0.083583	NA	1	LIMDPB0315	2.169266055	4.507936508	3.450684932	2.445897741	3.050151976	5	4	2014	1
AN_SNE_001	16217	7	185553.640625	210055.796875	2440.833984375	0.108707468203066	0.074547	NA	1	ANTKAS616	NA	NA	NA	NA	NA	5	2	2014	1
AN_SNE_001	16238	7	185553.640625	210055.796875	2440.833984375	0.0776481915736183	0.054216	NA	1	ANTKAS616	NA	NA	NA	NA	NA	5	2	2014	1
AN_SNE_001	16273	7	185553.640625	210055.796875	2440.833984375	0.124237106517789	0.038403	NA	1	ANTKAS616	NA	NA	NA	NA	NA	5	2	2014	1
AN_SNE_001	16307	7	185553.640625	210055.796875	2440.833984375	0.0776481915736183	0.063252	NA	1	ANTKAS616	NA	NA	NA	NA	NA	5	2	2014	1
AN_SNE_001	16336	7	185553.640625	210055.796875	2440.833984375	0.0776481915736183	0.081324	NA	1	ANTKAS616	NA	NA	NA	NA	NA	5	2	2014	1
AN_SNE_001	16391	7	185553.640625	210055.796875	2440.833984375	0.116472287360427	0.063252	NA	1	ANTKAS616	NA	NA	NA	NA	NA	5	2	2014	1
LI_HEU_003	16973	7	238097.984375	190648.1875	24923.0234375	0.0465889149441709	0.063252	0.0231	1	LIMAS224	NA	NA	NA	NA	NA	5	2	2016	1
LI_HEU_003	17015	7	238097.984375	190648.1875	24923.0234375	0.186355659776684	0.02259	0.0335	1	LIMAS224	NA	NA	NA	NA	NA	5	2	2016	1
LI_HEU_003	17042	7	238097.984375	190648.1875	24923.0234375	0.0388240957868091	0.02259	0.0443	1	LIMAS224	NA	NA	NA	NA	NA	5	2	2016	1
LI_HEU_003	17070	7	238097.984375	190648.1875	24923.0234375	0.0388240957868091	0.02259	0.0421	1	LIMAS224	NA	NA	NA	NA	NA	5	2	2016	1
LI_HEU_003	17099	7	238097.984375	190648.1875	24923.0234375	0.0388240957868091	0.054216	0.0384	1	LIMAS224	NA	NA	NA	NA	NA	5	2	2016	1
LI_HEU_003	17133	7	238097.984375	190648.1875	24923.0234375	0.0388240957868091	0.049698	0.0438	1	LIMAS224	NA	NA	NA	NA	NA	5	2	2016	1
LI_HEU_003	17168	7	238097.984375	190648.1875	24923.0234375	0.0621185532588946	0.063252	0.0433	1	LIMAS224	NA	NA	NA	NA	NA	5	2	2017	1
LI_HEU_003	17189	7	238097.984375	190648.1875	24923.0234375	0.0388240957868091	0.049698	0.0373	1	LIMAS224	NA	NA	NA	NA	NA	5	2	2017	1
LI_HEU_003	17210	7	238097.984375	190648.1875	24923.0234375	0.0388240957868091	0.049698	0.0611	1	LIMAS224	NA	NA	NA	NA	NA	5	2	2017	1
LI_HEU_003	17246	7	238097.984375	190648.1875	24923.0234375	0.0465889149441709	0.094878	0.0604	1	LIMAS224	NA	NA	NA	NA	NA	5	2	2017	1
LI_HEU_003	17280	7	238097.984375	190648.1875	24923.0234375	0.0698833724162564	0.11295	0.072	1	LIMAS224	NA	NA	NA	NA	NA	5	2	2017	1
LI_HEU_003	17316	7	238097.984375	190648.1875	24923.0234375	0.0388240957868091	0.126504	0.078	1	LIMAS224	NA	NA	NA	NA	NA	5	2	2017	1
WV_MDH_004	17371	3	51306.00390625	185174.078125	146.580917358398	0.0543537341015328	0.081324	0.056	1	WVLHOU686	NA	NA	NA	NA	NA	6	4	2017	1
WV_MDH_004	17406	3	51306.00390625	185174.078125	146.580917358398	0.0543537341015328	0.103914	0.036	1	WVLHOU686	NA	NA	NA	NA	NA	6	4	2017	1
WV_MDH_004	17434	3	51306.00390625	185174.078125	146.580917358398	0.0776481915736183	0.11295	0.02	1	WVLHOU686	NA	NA	NA	NA	NA	6	4	2017	1
WV_MDH_004	17463	3	51306.00390625	185174.078125	146.580917358398	0.0854130107309801	0.106173	0.0695	1	WVLHOU686	NA	NA	NA	NA	NA	6	4	2017	1
WV_MDH_004	17497	3	51306.00390625	185174.078125	146.580917358398	0.0776481915736183	0.092619	0.069	1	WVLHOU686	NA	NA	NA	NA	NA	6	4	2017	1
WV_MDH_004	17554	3	51306.00390625	185174.078125	146.580917358398	0.0388240957868091	0.058734	0.045	1	WVLHOU686	NA	NA	NA	NA	NA	6	4	2018	1
WV_MDH_004	17574	3	51306.00390625	185174.078125	146.580917358398	0.0388240957868091	0.06777	0.0347	1	WVLHOU686	NA	NA	NA	NA	NA	6	4	2018	1
WV_MDH_004	17644	3	51306.00390625	185174.078125	146.580917358398	0.0388240957868091	0.119727	0.0596	1	WVLHOU686	NA	NA	NA	NA	NA	6	4	2018	1
WV_MDH_004	17680	3	51306.00390625	185174.078125	146.580917358398	0.0388240957868091	0.060993	0.049	1	WVLHOU686	NA	NA	NA	NA	NA	6	4	2018	1
WV_MDH_004	17707	3	51306.00390625	185174.078125	146.580917358398	0.0543537341015328	0.058734	0.0629	1	WVLHOU686	NA	NA	NA	NA	NA	6	4	2018	1
