id	year	is_3260	species	date
1	2004	TRUE	GroenDen	2004
1	2015	FALSE	-	2015-07-13
2	2004	TRUE	RanunFlu	2004
2	2013	TRUE	RanunFlu	2013
2	2015	TRUE	RanunFlu	2015-05-02
2	2017	TRUE	RanunFlu	2017-08-14
2	2018	TRUE	RanunFlu	2018
2	2019	TRUE	RanunFlu	2019
3	2005	TRUE	FontiAnt	2005
4	2002	TRUE	CalliHam	2002-08-08
4	2005	FALSE	-	2005
5	2004	TRUE	RanunFlu	2004
6	2004	FALSE	-	2004
6	2011	FALSE	-	2011-09-30
7	2004	FALSE	-	2004
7	2009	FALSE	-	2009-09-17
8	1990	FALSE	-	1990-05
8	2004	TRUE	FontiAnt,GroenDen	2004
9	2004	FALSE	-	2004
9	2004	FALSE	-	2004-08
10	2004	FALSE	-	2004
11	2006	FALSE	-	2006-07
12	2002	FALSE	-	2002
12	2006	FALSE	-	2006-07
13	2002	FALSE	-	2002
14	2002	FALSE	-	2002
14	2012	FALSE	-	2012-07-10
15	2008	FALSE	-	2008-07-02
16	2008	TRUE	LuronNat	2008-07-02
16	2009	TRUE	LuronNat,CalliHam,PotamPol	2009-06-09
16	2015	TRUE	LuronNat	2015
17	2002	FALSE	-	2002
18	2002	FALSE	-	2002
19	2002	FALSE	-	2002
20	2002	TRUE	CalliHam	2002-07-24
20	2005	FALSE	-	2005
21	2002	TRUE	CalliHam	2002-09-06
21	2005	FALSE	-	2005
21	2013	FALSE	-	2013-08-21
21	2017	FALSE	-	2017-07-17
22	2005	TRUE	PotamPol	2005
23	2005	TRUE	PotamPus	2005
24	2005	TRUE	CalliHam	2005
25	2005	TRUE	CalliHam	2005
26	2005	TRUE	RanunPel	2005
26	2009	FALSE	-	2009-08-21
27	2006	TRUE	CalliHam	2006-08-09
27	2011	FALSE	-	2011-06-01
27	2014	FALSE	-	2014-07-23
27	2017	FALSE	-	2017-06-30
28	2006	TRUE	CalliHam	2006-08-21
29	2006	TRUE	CalliHam	2006-08-21
29	2017	TRUE	CalliHam	2017-07-17
30	2006	TRUE	CalliHam	2006-08-22
31	2006	TRUE	CalliHam	2006-08-22
32	2009	FALSE	-	2009-09-09
33	2002	FALSE	-	2002
34	2002	FALSE	-	2002
34	2009	FALSE	-	2009-09-09
35	2002	FALSE	-	2002
36	2006	TRUE	CalliHam	2006-08-22
37	2006	FALSE	-	2006-08
38	2006	TRUE	CalliHam,PotamPol	2006-08-31
38	2013	TRUE	PotamPol	2013-06-11
39	1989	FALSE	-	1989-08
39	2002	TRUE	CalliHam	2002-08-22
39	2006	TRUE	PotamPol	2006-08-31
40	2002	TRUE	CalliHam,PotamPol	2002
40	2003	TRUE	CalliHam,PotamPol	2003
41	2002	TRUE	CalliHam,PotamPol	2002
41	2003	TRUE	CalliHam,PotamPol	2003
41	2016	TRUE	CalliHam	2016-08-05
42	2002	TRUE	CalliHam,PotamPol	2002
42	2003	TRUE	CalliHam,PotamPol	2003
43	2002	TRUE	CalliHam,PotamPol	2002
43	2003	TRUE	CalliHam,PotamPol	2003
44	2002	TRUE	CalliHam,PotamPol	2002
44	2003	TRUE	CalliHam,PotamPol	2003
45	2002	TRUE	CalliHam,PotamPol	2002
45	2003	TRUE	CalliHam,PotamPol	2003
45	2015	TRUE	CalliHam	2015-07-09
46	2006	FALSE	-	2006-09
47	2019	FALSE	-	2019-07-04
48	2006	TRUE	CalliHam,RanunPelG	2006-09-06
48	2008	TRUE	RanunPel	2008-05-30
49	2006	TRUE	CalliHam	2006-09-01
50	2002	TRUE	PotamPol	2002
50	2003	TRUE	PotamPol	2003
51	2006	TRUE	PotNod,RanFlu	2006-09-15
51	2011	TRUE	PotamNod	2011
51	2012	TRUE	zs	2012-09
51	2013	TRUE	PotamNod	2013
51	2014	TRUE	PotamNod	2014
51	2015	TRUE	PotamNod	2015
51	2017	TRUE	PotamNod	2017-08
51	2017	TRUE	FontiAnt,PotNod,PotPer,RanFlu	2017-09-05
51	2018	TRUE	FonAnt,PotNod,PotPer	2018-08-08
51	2019	TRUE	CinclRip,FonAnt,PotNod,PPer	2019-08-16
52	2006	TRUE	PotamBer	2006-09-07
52	2019	FALSE	-	2019-07-02
53	2001	FALSE	-	2001
53	2002	TRUE	CalliHam,PotamObt,PotamPer,RanunAqu	2002-08-28
53	2003	TRUE	RanunPen	2003najaar
53	2004	TRUE	PotamPer,RanunAquG	2004-08-30
53	2008	TRUE	PotamPer	2008-09-01
53	2010	TRUE	PotamPer	2010-09-22
53	2013	TRUE	PotamPer	2013-07-16
53	2015	TRUE	PotamBer,PotamPer	2015-08-13
53	2016	TRUE	PotamPer	2016-08-01
53	2019	FALSE	-	2019-07-29
54	2001	TRUE	RanunAqu	2001
55	2001	FALSE	-	2001
55	2004	TRUE	PotamPer	2004Voorjaar
55	2006	TRUE	PotamPer	2006-07-31
56	2006	TRUE	PotamPer	2006-07-31
57	2001	TRUE	RanunAqu	2001
58	2006	TRUE	RanunPelG	2006-07-31
58	2008	TRUE	RanunPel	2008-05-29
59	2006	TRUE	RanunPelG	2006-07-31
59	2008	FALSE	-	2008-05-29
60	2003	FALSE	-	2003of2004
60	2006	FALSE	-	2006-07
61	2006	FALSE	-	2006-07
62	2003	TRUE	RanunPen	2003najaar
62	2004	TRUE	RanunPen	2004voorjaar
63	2003	FALSE	-	2003
63	2006	TRUE	MyrioVer,RanunPel	2006-06-21
63	2007	FALSE	-	2007-08
64	2006	TRUE	LuronNat	2006-06-21
64	2008	FALSE	-	2008-07-01
64	2009	FALSE	-	2009-06-08
64	2018	TRUE	PotamPol	2018-05-25
65	2005	TRUE	LuronNat	2005
65	2007	FALSE	-	2007-07
66	2006	TRUE	PotamBer	2006-09-07
67	2018	TRUE	RanunBatG	2018-09-19
67	NA	TRUE	RanunHed	z.d.
68	1989	FALSE	-	1989-08
68	2006	TRUE	CalliHam	2006-09-01
69	2002	TRUE	PotamPol	2002
69	2003	TRUE	PotamPol	2003
69	2006	FALSE	-	2006-09
70	2002	TRUE	CalliHam,PotamPol	2002
70	2003	TRUE	CalliHam,PotamPol	2003
71	2004	FALSE	-	2004
72	2002	FALSE	-	2002-07
72	2004	FALSE	-	2004
73	2004	FALSE	-	2004
73	2014	FALSE	-	2014-09-04
74	2001	TRUE	PotamPer	2001
75	2005	TRUE	RanunPel	2005
76	2005	TRUE	PotamObt	2005
76	2009	FALSE	-	2009-08-18
77	2005	TRUE	PotamBer	2005
77	2009	FALSE	-	2009-08-20
78	2008	TRUE	RanunFlu	2008-08-06
78	2009	TRUE	RanunFlu	2009-06-16
78	2015	TRUE	FontiAnt,RanunFlu	2015-07-13
79	2008	TRUE	RanunFlu	2008-08-06
79	2013	TRUE	RanunFlu	2013-09-17
79	2018	TRUE	RanunFlu	2018-08-06
80	2009	FALSE	-	2009-09-07
81	2009	FALSE	-	2009-09-07
82	2009	FALSE	-	2009-08-26
83	1989	TRUE	RanunPel	1989-07-13
83	2009	FALSE	-	2009-08-26
84	2005	TRUE	PotamPol	2005
84	2019	FALSE	-	2019-07-01
85	2005	TRUE	PotamPol	2005
85	2017	FALSE	-	2017-07-07
86	2005	TRUE	PotamPol	2005
87	2005	TRUE	PotamPol	2005
88	2005	TRUE	PotamPol,RanunFlu	2005
89	2005	TRUE	PotamPol	2005
90	2005	TRUE	PotamPol	2005
91	2005	TRUE	PotamPol	2005
92	2005	TRUE	PotamPol	2005
93	2005	TRUE	PotamBer	2005
93	2016	FALSE	-	2016-07-27
93	2017	FALSE	-	2017-07-06
94	2004	FALSE	-	2004
95	2004	TRUE	FontiAnt,GroenDen	2004
95	2016	TRUE	GroenDen	2016-10-21
95	2017	TRUE	GroenDen	2017-10-07
96	2004	FALSE	-	2004
97	2004	FALSE	-	2004
98	2004	TRUE	PotamObt,RanunPel	2004
99	2004	TRUE	PotamPol,RanunPel	2004
99	2019	TRUE	CalliHam,RanunPel	2019
100	2004	TRUE	RanunPel	2004
100	2007	FALSE	-	2007-07-09
100	2010	TRUE	CalliHam,RanunPel	2010-05-20
100	2013	TRUE	RanunPel	2013-06-11
100	2016	TRUE	CalliHam,RanunPelG	2016-07-06
100	2018	TRUE	RanunPelG	2018-07-24
101	2004	TRUE	RanunPel	2004
102	2005	TRUE	PotamPol	2005
103	2004	TRUE	RanunPel	2004
104	2004	TRUE	PotamPol,RanunPel	2004
105	2004	TRUE	PotamPol,RanunPel	2004
106	2004	TRUE	RanunPel	2004
107	2004	TRUE	PotamPol,RanunPel	2004
108	2004	TRUE	PotamPol,RanunPel	2004
109	2004	TRUE	RanunPel	2004
109	2013	TRUE	CalliHam	2013-06-14
109	2016	FALSE	-	2016-06-28
109	2018	FALSE	-	2018-07-23
110	2001	TRUE	PotamPer	2001
110	2010	TRUE	PotamPer	2010-06-19
110	2015	TRUE	PotamPer	2015-06-02
111	2001	TRUE	PotamPer	2001
112	2001	TRUE	PotamPer	2001
113	2001	TRUE	PotamPer	2001
114	2001	TRUE	PotamPer	2001
115	2006	TRUE	CalliHam	2006-09-06
115	2016	TRUE	CalliHam	2016-08-12
115	2019	FALSE	-	2019-07-01
116	2006	FALSE	-	2006-09
117	2006	FALSE	-	2006-09
118	2006	FALSE	-	2006-09
119	2006	TRUE	CalliHam	2006-09-06
119	2017	FALSE	-	2017-07-07
119	2018	FALSE	-	2018-08-10
120	2006	TRUE	CalliHam	2006-09-06
120	2016	FALSE	-	2016-08-08
121	2006	FALSE	-	2006-09
122	2006	TRUE	PotamPol	2006-09-06
122	2013	TRUE	PotamPol	2013-08-15
122	2016	TRUE	PotamPol	2016-09-05
123	2006	FALSE	-	2006-09
124	2009	FALSE	-	2009-09-01
124	2014	FALSE	-	2014-08-25
124	2017	FALSE	-	2017-07-20
124	2019	FALSE	-	2019-08-12
125	2002	TRUE	PotamPol	2002
125	2003	TRUE	PotamPol	2003
126	2002	TRUE	PotamPol	2002
126	2003	TRUE	PotamPol	2003
126	2006	FALSE	-	2006-09
127	2002	TRUE	PotamPol	2002
127	2003	TRUE	PotamPol	2003
128	2002	TRUE	PotamPol	2002
128	2003	TRUE	PotamPol	2003
129	2002	TRUE	PotamPol	2002
129	2003	TRUE	PotamPol	2003
129	2006	FALSE	-	2006-09
130	2002	TRUE	PotamPol	2002
130	2003	TRUE	PotamPol	2003
131	1989	FALSE	-	1989-08
131	2002	TRUE	PotamPol	2002
131	2003	TRUE	PotamPol	2003
131	2006	FALSE	-	2006-09
132	2002	TRUE	PotamPol	2002
132	2003	TRUE	PotamPol	2003
133	2006	TRUE	CalliHam	2006-08-07
133	2016	TRUE	CalliHam	2016-07-27
134	1990	FALSE	-	1990-05
134	2006	FALSE	-	2006-08
134	2009	FALSE	-	2009-07-02
134	2014	TRUE	CalliHam	2014-07-23
134	2019	FALSE	-	2019-07-23
135	2005	FALSE	-	2005
135	2006	FALSE	-	2006-08
135	2014	FALSE	-	2014-08-04
135	2016	FALSE	-	2016-06-22
135	2019	FALSE	-	2019-09-17
136	2002	TRUE	CalliHam	2002-08-29
136	2005	FALSE	-	2005
136	2006	FALSE	-	2006-08
137	2006	TRUE	CalliHam	2006-08-07
138	2006	FALSE	-	2006-08
138	2014	FALSE	-	2014-08-25
138	2019	FALSE	-	2019-09-17
139	2006	FALSE	-	2006-08
139	2014	FALSE	-	2014-08-04
139	2016	FALSE	-	2016-06-22
139	2019	FALSE	-	2019-07-22
140	2006	FALSE	-	2006-08
141	2006	FALSE	-	2006-08
142	1990	FALSE	-	1990-05
142	2006	FALSE	-	2006-08
143	2006	FALSE	-	2006-08
144	2006	FALSE	-	2006-08
145	2006	FALSE	-	2006-08
145	2012	FALSE	-	2012-09-11
145	2013	FALSE	-	2013-09-16
145	2017	FALSE	-	2017-06-29
145	2019	FALSE	-	2019-06-11
146	2006	FALSE	-	2006-08
147	1990	FALSE	-	1990-05
147	2006	FALSE	-	2006-08
148	2006	FALSE	-	2006-08
149	2006	FALSE	-	2006-08
150	2004	FALSE	-	2004-07
150	2006	FALSE	-	2006-08
151	2006	FALSE	-	2006-08
152	1990	FALSE	-	1990-05
152	2006	FALSE	-	2006-08
153	2006	FALSE	-	2006-09
154	2006	FALSE	-	2006-09
155	2001	TRUE	PotamPer	2001
156	2005	TRUE	PotamPol,RanunFlu	2005
156	2016	FALSE	-	2016-08-29
157	1990	FALSE	-	1990-05
157	2005	TRUE	PotamPol	2005
158	2005	TRUE	PotamObt	2005
159	2004	TRUE	GroenDen	2004
159	2009	TRUE	FontiAnt,GroenDen	2009-09-17
160	2005	TRUE	PotamPol	2005
161	2005	TRUE	PotamPol	2005
161	2011	FALSE	-	2011
161	2013	FALSE	-	2013-06-28
161	2016	FALSE	-	2016-07-05
161	2018	FALSE	-	2018-06-12
161	2019	FALSE	-	2019-09-30
162	2004	FALSE	-	2004
163	2005	FALSE	-	2005
164	2005	TRUE	PotamPol	2005
164	2006	FALSE	-	2006-08
165	2005	FALSE	-	2005
166	1990	FALSE	-	1990-05
166	2005	FALSE	-	2005
167	2005	FALSE	-	2005
168	2005	FALSE	-	2005
169	1990	TRUE	RanunPel	1990-06-25
169	2001	FALSE	-	2001
169	2002	FALSE	-	2002
170	2005	FALSE	-	2005
170	2006	TRUE	LuronNat	2006
170	2009	FALSE	-	2009-08-20
171	2004	TRUE	RanunFlu	2004
172	2004	TRUE	RanunFlu	2004
173	2006	TRUE	PotamPol	2006-09-06
174	2007	TRUE	RanunPelG	2007-08-06
174	2008	TRUE	RanunPel	2008-05-30
175	2007	TRUE	RanunFlu	2007-08-21
175	2016	FALSE	-	2016-09-07
176	2007	TRUE	CalliHam	2007-07-27
177	1991	TRUE	RanunAqu	1991-07-03
177	2007	TRUE	PotamBer	2007-08-17
178	2003	FALSE	-	2003
179	1991	FALSE	-	1991-06
179	2003	FALSE	-	2003
180	2003	FALSE	-	2003
181	2003	FALSE	-	2003
181	2007	FALSE	-	2007-07
182	2003	FALSE	-	2003
182	2007	FALSE	-	2007-07
183	2003	FALSE	-	2003
184	2003	FALSE	-	2003
185	2008	FALSE	-	2008-07-07
185	NA	TRUE	PotamPol	z.d.
186	2008	FALSE	-	2008-07-08
186	2018	FALSE	-	2018-06-06
187	2008	TRUE	CalliHam	2008-07-08
187	2018	TRUE	CalliHam,RanunHed	2018-06-06
187	NA	TRUE	RanunHed	z.d.
188	2008	FALSE	-	2008-07-08
188	2018	FALSE	-	2018-06-06
189	2007	TRUE	PotamPol	2007
189	2019	TRUE	PotamPol	2019-05-28
190	2008	FALSE	-	2008-07-07
190	NA	TRUE	PotamPol	z.d.
191	2003	FALSE	-	2003
192	2004	FALSE	-	2004
193	2004	FALSE	-	2004
194	2004	FALSE	-	2004
195	2004	FALSE	-	2004
196	2004	FALSE	-	2004
197	2004	FALSE	-	2004
198	2001	FALSE	-	2001
198	2017	FALSE	-	2017
199	2001	TRUE	PotamPer	2001
199	2017	FALSE	-	2017
199	2019	FALSE	-	2019-07-26
200	1990	FALSE	-	1990-06
200	2001	TRUE	PotamPer	2001
200	2003	FALSE	-	2003of2004
201	2001	TRUE	PotamPer	2001
202	2001	FALSE	-	2001
203	2006	FALSE	-	2006-09
204	2006	FALSE	-	2006-09
205	1990	FALSE	-	1990-08
206	2006	FALSE	-	2006-09
207	2001	FALSE	-	2001
207	2002	FALSE	-	2002
207	2006	FALSE	-	2006-09
208	2001	FALSE	-	2001
209	1990	FALSE	-	1990-06
209	2001	FALSE	-	2001
210	1990	TRUE	RanunPel	1990-06-18
210	2001	FALSE	-	2001
210	2003	FALSE	-	2003of2004
211	2001	FALSE	-	2001
212	2001	FALSE	-	2001
213	1990	TRUE	LuronNat	1990-06-14
213	2006	FALSE	-	2006-08
214	2006	FALSE	-	2006-08
215	1990	FALSE	-	1990-06
217	2006	FALSE	-	2006-08
218	2003	FALSE	-	2003of2004
218	2006	FALSE	-	2006-08
219	2006	FALSE	-	2006-08
220	2006	FALSE	-	2006-08
220	2019	FALSE	-	2019-06-11
221	2005	TRUE	PotamPol	2005
222	2005	TRUE	PotamPol	2005
222	2006	FALSE	-	2006-08
223	2005	TRUE	PotamPol	2005
224	2005	TRUE	PotamPol	2005
225	2004	FALSE	-	2004
226	1990	FALSE	-	1990-05
226	2001	FALSE	-	2001
227	2003	FALSE	-	2003of2004
227	2006	FALSE	-	2006-06
227	2012	FALSE	-	2012-09-20
227	2017	FALSE	-	2017-06-14
228	2006	FALSE	-	2006-06
229	2006	FALSE	-	2006-06
229	2009	FALSE	-	2009-08-04
229	2012	FALSE	-	2012-09-20
229	2017	FALSE	-	2017-06-13
230	2006	FALSE	-	2006-08
231	2003	FALSE	-	2003of2004
232	2006	FALSE	-	2006-08
233	2004	FALSE	-	2004
234	2004	FALSE	-	2004
235	2004	FALSE	-	2004
236	1991	FALSE	-	1991-08
236	2004	FALSE	-	2004
237	2004	FALSE	-	2004
238	2004	FALSE	-	2004
238	2014	FALSE	-	2014-08-01
239	1990	FALSE	-	1990-06
239	2001	FALSE	-	2001
239	2003	FALSE	-	2003of2004
240	2001	FALSE	-	2001
241	2001	FALSE	-	2001
241	2011	FALSE	-	2011-07-20
242	2001	FALSE	-	2001
243	2006	TRUE	PotamPer	2006-07-31
244	2006	FALSE	-	2006-07
245	2006	FALSE	-	2006-07
246	2006	TRUE	PotamPer	2006-07-31
247	2006	FALSE	-	2006-07
248	2006	FALSE	-	2006-07
249	2006	TRUE	PotamPer	2006-07-31
250	2002	FALSE	-	2002
251	2002	FALSE	-	2002
252	2002	FALSE	-	2002
253	2002	FALSE	-	2002
254	2002	FALSE	-	2002
255	2002	FALSE	-	2002
256	2002	FALSE	-	2002
256	2013	FALSE	-	2013-09-24
256	2016	FALSE	-	2016-08-24
257	2002	FALSE	-	2002
257	2013	FALSE	-	2013-09-17
257	2015	FALSE	-	2015-07-31
257	2017	FALSE	-	2017-08-18
258	2002	FALSE	-	2002
259	2002	FALSE	-	2002
260	2002	FALSE	-	2002
261	2002	FALSE	-	2002
262	2002	FALSE	-	2002
262	2013	FALSE	-	2013-09-23
262	2016	FALSE	-	2016-08-24
262	2019	FALSE	-	2019-05-29
263	2002	FALSE	-	2002
264	2002	FALSE	-	2002
264	2016	FALSE	-	2016-06-09
264	2019	FALSE	-	2019-05-29
265	2002	FALSE	-	2002
266	2002	FALSE	-	2002
267	2004	TRUE	RanunPen	2004voorjaar
267	2006	TRUE	CalliHam	2006-08-14
270	1990	TRUE	RanunPel	1990-06-14
272	2006	FALSE	-	2006-08
273	2001	FALSE	-	2001
273	2002	FALSE	-	2002
274	2001	FALSE	-	2001
274	2002	FALSE	-	2002
275	2001	FALSE	-	2001
275	2002	FALSE	-	2002
276	1990	FALSE	-	1990-06
276	2001	FALSE	-	2001
276	2002	FALSE	-	2002
277	2001	FALSE	-	2001
277	2002	FALSE	-	2002
278	2004	FALSE	-	2004
279	2004	FALSE	-	2004
280	2004	FALSE	-	2004
281	2004	FALSE	-	2004
282	2005	FALSE	-	2005
283	2005	FALSE	-	2005
284	1990	FALSE	-	1990-05
284	2005	FALSE	-	2005
285	2005	FALSE	-	2005
286	2005	FALSE	-	2005
287	2005	FALSE	-	2005
287	2011	FALSE	-	2011
287	2013	FALSE	-	2013-06-28
287	2016	FALSE	-	2016-07-05
287	2018	FALSE	-	2018
287	2019	FALSE	-	2019-09-30
288	2005	FALSE	-	2005
289	2005	FALSE	-	2005
290	1990	FALSE	-	1990-05
290	2005	FALSE	-	2005
291	2005	FALSE	-	2005
292	2005	FALSE	-	2005
294	2006	TRUE	CalliHam	2006-08-09
294	2015	TRUE	CalliHam	2015-06-25
295	2001	FALSE	-	2001
295	2004	TRUE	PotamPer,RanunAqu	2004-08-19
296	2005	TRUE	CalliHam,PotamPol	2005
297	2006	FALSE	-	2006-08
298	2006	FALSE	-	2006-08
299	1990	FALSE	-	1990-05
300	1989	FALSE	-	1989-08
300	2006	FALSE	-	2006-08
301	2001	FALSE	-	2001
302	1990	TRUE	PotamObt,RanunPel	1990-06-18
302	2001	FALSE	-	2001
303	2001	FALSE	-	2001
303	2002	FALSE	-	2002
303	2006	TRUE	CalliHam	2006-09-05
304	1989	FALSE	-	1989-11
304	2001	FALSE	-	2001
304	2002	FALSE	-	2002
305	2001	FALSE	-	2001
305	2002	FALSE	-	2002
305	2006	TRUE	CalliHam	2006-09-05
306	2001	FALSE	-	2001
306	2002	FALSE	-	2002
306	2003	FALSE	-	2003of2004
306	2006	FALSE	-	2006-09
307	2001	FALSE	-	2001
307	2002	FALSE	-	2002
307	2006	TRUE	CalliHam,RanunPelG	2006-09-05
307	2008	TRUE	RanunBatG	2008-05-29
308	2006	FALSE	-	2006-09
309	1990	FALSE	-	1990-06
309	2006	FALSE	-	2006-09
310	2004	FALSE	-	2004
311	2004	TRUE	RanunPel	2004
312	2004	TRUE	RanunPel	2004
312	2004	TRUE	CalliHam,RanunAqu	2004-07-09
312	2013	TRUE	CalliHam,RanunPel	2013-07-21
313	2002	FALSE	-	2002
313	2003	FALSE	-	2003
314	2002	TRUE	PotamPol	2002
314	2003	TRUE	PotamPol	2003
315	2006	TRUE	CalliHam	2006-08-16
316	2006	TRUE	CalliHam	2006-07-04
318	2007	FALSE	-	2007-07
319	2007	TRUE	CalliHam	2007-07-26
319	2016	TRUE	CalliHam	2016-08-11
319	2019	TRUE	CalliHam	2019-04-14
320	2007	FALSE	-	2007-07
320	2012	FALSE	-	2012-07-18
320	2017	FALSE	-	2017-07-27
321	2003	FALSE	-	2003
321	2007	FALSE	-	2007-07
321	2012	FALSE	-	2012-07-19
321	2017	FALSE	-	2017-07-27
322	1991	FALSE	-	1991-06
322	2003	FALSE	-	2003
323	2003	FALSE	-	2003
323	2007	FALSE	-	2007-07
324	2006	FALSE	-	2006-08
325	2005	FALSE	-	2005
326	2005	FALSE	-	2005
327	2005	FALSE	-	2005
327	2018	FALSE	-	2018-06-08
328	2001	FALSE	-	2001
329	2001	FALSE	-	2001
330	2001	FALSE	-	2001
331	2001	FALSE	-	2001
331	2012	FALSE	-	2012-08-14
332	2001	FALSE	-	2001
333	2001	FALSE	-	2001
334	2003	FALSE	-	2003
335	2003	FALSE	-	2003
336	2003	FALSE	-	2003
337	1991	FALSE	-	1991-04
337	1991	FALSE	-	1991-05
337	2003	FALSE	-	2003
338	2005	FALSE	-	2005
339	1992	FALSE	-	1992-06
339	2002	FALSE	-	2002
339	2003	FALSE	-	2003
340	1992	FALSE	-	1992-06
340	2002	FALSE	-	2002
340	2003	FALSE	-	2003
341	1992	FALSE	-	1992-06
341	2002	FALSE	-	2002
341	2003	FALSE	-	2003
342	2002	FALSE	-	2002
342	2003	FALSE	-	2003
342	2012	FALSE	-	2012-08-09
342	2014	FALSE	-	2014-05-27
342	2014	FALSE	-	2014-07-24
342	2015	FALSE	-	2015-08-07
342	2016	FALSE	-	2016-08-08
343	2002	FALSE	-	2002
343	2003	FALSE	-	2003
344	2002	FALSE	-	2002
344	2003	FALSE	-	2003
344	2012	FALSE	-	2012-08-09
344	2014	FALSE	-	2014-07-24
345	2002	FALSE	-	2002
345	2003	FALSE	-	2003
346	2002	FALSE	-	2002
346	2003	FALSE	-	2003
347	2002	FALSE	-	2002
347	2003	FALSE	-	2003
348	2002	FALSE	-	2002
348	2003	FALSE	-	2003
348	2016	FALSE	-	2016-08-08
349	2002	FALSE	-	2002
350	2002	FALSE	-	2002
350	2010	TRUE	RanunBatG	2010-10-05
351	2002	FALSE	-	2002
351	2007	TRUE	CalliHam	2007-06-12
351	2010	FALSE	-	2010-06-08
351	2013	FALSE	-	2013-07-08
351	2016	FALSE	-	2016-07-12
351	2019	FALSE	-	2019-06-17
352	2002	FALSE	-	2002
352	2006	FALSE	-	2006-07
353	2002	FALSE	-	2002
353	2006	FALSE	-	2006-07
353	2019	FALSE	-	2019-06
354	2002	FALSE	-	2002
354	2007	TRUE	CalliHam	2007-06-13
354	2010	FALSE	-	2010-06-21
354	2013	FALSE	-	2013-07-02
354	2016	FALSE	-	2016-07-14
354	2019	FALSE	-	2019-06-19
355	2002	FALSE	-	2002
355	2006	FALSE	-	2006-07
356	2002	FALSE	-	2002
356	2006	FALSE	-	2006-07
356	2009	TRUE	CalliHam	2009-06-30
356	2012	FALSE	-	2012-07-26
356	2016	FALSE	-	2016-07-14
356	2019	FALSE	-	2019-06-19
357	2007	TRUE	RanunPel	2007-07-06
359	2013	FALSE	-	2013-07-17
359	2016	FALSE	-	2016-09-19
359	2018	FALSE	-	2018-06-07
363	2006	FALSE	-	2006-09
365	2006	FALSE	-	2006-07
367	2015	TRUE	PotamNod	2015-07-16
368	2001	FALSE	-	2001
368	2013	FALSE	-	2013-09-16
368	2014	FALSE	-	2014-08-12
368	2015	FALSE	-	2015-08-27
369	2001	FALSE	-	2001
370	2001	FALSE	-	2001
370	2014	FALSE	-	2014-09-01
371	2001	FALSE	-	2001
372	2001	FALSE	-	2001
373	2001	FALSE	-	2001
374	1990	FALSE	-	1990-05
374	2001	FALSE	-	2001
375	1990	FALSE	-	1990-05
375	2001	FALSE	-	2001
376	1990	FALSE	-	1990-05
376	2001	FALSE	-	2001
377	1990	FALSE	-	1990-05
377	2005	FALSE	-	2005
378	2005	FALSE	-	2005
379	2006	FALSE	-	2006-08
380	2004	FALSE	-	2004
381	2003	FALSE	-	2003
381	2004	FALSE	-	2004
381	2014	FALSE	-	2014-07-02
381	2014	FALSE	-	2014-08-21
381	2017	FALSE	-	2017-06-15
382	2003	FALSE	-	2003
382	2004	FALSE	-	2004
382	2011	FALSE	-	2011-08-31
382	2014	FALSE	-	2014-07-02
382	2017	FALSE	-	2017-06-15
383	2005	FALSE	-	2005
384	1990	FALSE	-	1990-05
384	2005	FALSE	-	2005
385	2001	FALSE	-	2001
385	2002	FALSE	-	2002
385	2003	FALSE	-	2003of2004
385	2004	FALSE	-	2004-09
385	2006	FALSE	-	2006-09
386	2001	FALSE	-	2001
386	2002	FALSE	-	2002
386	2003	FALSE	-	2003of2004
387	2001	FALSE	-	2001
387	2002	FALSE	-	2002
387	2006	FALSE	-	2006-09
387	2011	FALSE	-	2011-08-03
387	2015	FALSE	-	2015-08-06
388	1990	FALSE	-	1990-06
388	2001	FALSE	-	2001
388	2002	FALSE	-	2002
389	2004	FALSE	-	2004
390	2002	FALSE	-	2002
391	2006	FALSE	-	2006-09
392	2006	FALSE	-	2006-09
393	1990	FALSE	-	1990-05
393	2001	FALSE	-	2001
393	2002	FALSE	-	2002
393	2006	FALSE	-	2006-09
394	2006	FALSE	-	2006-09
395	2006	FALSE	-	2006-09
396	2006	FALSE	-	2006-09
397	2006	FALSE	-	2006-09
398	2001	TRUE	PotamPol	2001
398	2002	TRUE	PotamPol	2002
398	2006	FALSE	-	2006-09
399	2006	FALSE	-	2006-09
400	2002	FALSE	-	2002
401	2002	FALSE	-	2002
401	2016	FALSE	-	2016-08-25
401	2019	FALSE	-	2019-07-02
402	2002	FALSE	-	2002
403	2002	TRUE	CalliHam,PotamPol	2002
403	2003	TRUE	CalliHam,PotamPol	2003
404	2002	TRUE	CalliHam,PotamPol	2002
404	2003	TRUE	CalliHam,PotamPol	2003
404	2006	TRUE	MyrioVer	2006-09-01
404	2015	TRUE	CalliHam	2015-06-25
405	2002	TRUE	CalliHam,PotamPol	2002
405	2003	TRUE	CalliHam,PotamPol	2003
405	2015	TRUE	CalliHam	2015-06-25
406	2004	FALSE	-	2004
407	2004	FALSE	-	2004
408	1989	FALSE	-	1989-08
408	2004	TRUE	RanunPel	2004
409	2004	TRUE	RanunPel	2004
410	2004	FALSE	-	2004
411	2004	FALSE	-	2004
412	2004	FALSE	-	2004
413	2004	FALSE	-	2004
414	1989	FALSE	-	1989-08
414	2004	FALSE	-	2004
415	2004	FALSE	-	2004
416	1989	TRUE	RanunPel	1989-08-31
416	2004	FALSE	-	2004
416	2006	FALSE	-	2006-08
417	2004	FALSE	-	2004
417	2006	FALSE	-	2006-08
418	1993	FALSE	-	1993-06
418	2004	FALSE	-	2004
419	1989	FALSE	-	1989-07
419	2002	FALSE	-	2002
419	2009	FALSE	-	2009-09-07
420	2002	FALSE	-	2002
420	2006	FALSE	-	2006-07
421	2002	FALSE	-	2002
421	2006	FALSE	-	2006-07
422	2002	FALSE	-	2002
423	2002	TRUE	MyrioVer	2002
423	2006	FALSE	-	2006-07
424	2006	FALSE	-	2006-07
425	2006	FALSE	-	2006-07
426	2002	FALSE	-	2002
427	2006	TRUE	CalliHam,RanunBatG	2006-07-03
427	2008	FALSE	-	2008-05-29
427	2016	FALSE	-	2016-08-19
427	2019	FALSE	-	2019-07-25
428	1989	FALSE	-	1989-07
429	2006	TRUE	CalliHam,RanunBatG	2006-07-03
429	2008	FALSE	-	2008-05-29
429	2016	TRUE	CalliHam	2016-08-19
429	2017	TRUE	PotamBer,PotamObt	2017-07-13
429	2018	FALSE	-	2018-07-25
429	2019	FALSE	-	2019-07-25
430	2006	FALSE	-	2006-08
431	2006	FALSE	-	2006-08
432	2001	FALSE	-	2001
432	2002	FALSE	-	2002
433	2001	FALSE	-	2001
433	2002	FALSE	-	2002
434	2001	FALSE	-	2001
434	2002	FALSE	-	2002
434	2006	TRUE	RanunPelG	2006-09-05
434	2016	TRUE	RanunPel	2016-07-23
434	2017	TRUE	RanunPel	2017-05-17
435	2001	FALSE	-	2001
435	2003	FALSE	-	2003of2004
436	2001	FALSE	-	2001
437	2001	FALSE	-	2001
437	2002	TRUE	PotamObt,RanunAquG	2002-09-04
437	2006	FALSE	-	2006-08
437	2012	FALSE	-	2012-08-13
437	2017	FALSE	-	2017-07-04
438	1990	TRUE	RanunPel	1990-06-18
438	2001	FALSE	-	2001
439	2001	FALSE	-	2001
440	2001	FALSE	-	2001
441	2001	FALSE	-	2001
441	2003	FALSE	-	2003of2004
441	2006	FALSE	-	2006-08
442	2001	FALSE	-	2001
443	2001	FALSE	-	2001
443	2006	FALSE	-	2006-08
443	2012	FALSE	-	2012-08-13
443	2017	FALSE	-	2017-07-18
444	1990	FALSE	-	1990-06
444	2001	FALSE	-	2001
445	2001	FALSE	-	2001
445	2006	FALSE	-	2006-08
446	2002	FALSE	-	2002
446	2003	FALSE	-	2003
447	2003	FALSE	-	2003
447	2004	FALSE	-	2004
448	2003	FALSE	-	2003
448	2004	FALSE	-	2004
449	2003	FALSE	-	2003
449	2004	FALSE	-	2004
449	2012	FALSE	-	2012-08-28
450	2009	FALSE	-	2009-08-25
451	2009	FALSE	-	2009-08-25
452	1993	FALSE	-	1993-06
453	2003	FALSE	-	2003
453	2004	FALSE	-	2004
453	2011	FALSE	-	2011-07-20
453	2014	FALSE	-	2014-07-03
453	2014	FALSE	-	2014-08-07
453	2015	FALSE	-	2015-09-03
453	2016	FALSE	-	2016-07-14
453	2017	FALSE	-	2017-08-30
453	2018	FALSE	-	2018-07-19
454	1989	TRUE	RanunPel	1989-06-21
454	2006	FALSE	-	2006-08
455	2009	FALSE	-	2009-08-14
456	2009	FALSE	-	2009-08-14
457	2009	FALSE	-	2009-08-14
458	2009	FALSE	-	2009-08-14
459	2009	FALSE	-	2009-08-20
460	2009	FALSE	-	2009-08-18
461	2009	FALSE	-	2009-08-18
462	2009	FALSE	-	2009-08-18
463	2003	FALSE	-	2003of2004
463	2009	FALSE	-	2009-08-17
464	2009	FALSE	-	2009-08-17
465	2009	FALSE	-	2009-08-18
466	2005	TRUE	RanunPel	2005
466	2009	TRUE	RanunBatG	2009-08-18
467	2005	TRUE	RanunPel	2005
467	2009	FALSE	-	2009-08-18
468	2009	FALSE	-	2009-08-21
469	2009	FALSE	-	2009-08-21
470	2009	FALSE	-	2009-08-21
471	2009	FALSE	-	2009-08-21
472	2009	FALSE	-	2009-08-21
473	2009	FALSE	-	2009-08-21
474	2009	FALSE	-	2009-08-21
475	2009	FALSE	-	2009-08-21
476	2009	FALSE	-	2009-08-20
477	2009	FALSE	-	2009-08-20
478	2009	FALSE	-	2009-08-20
479	2002	TRUE	CalliHam,PotamPol	2002
479	2003	TRUE	CalliHam,PotamPol	2003
479	2015	FALSE	-	2015-06-25
479	2016	TRUE	MyrioVer	2016-08-01
480	2002	TRUE	CalliHam,PotamPol	2002
480	2003	TRUE	CalliHam,PotamPol	2003
481	2002	TRUE	CalliHam,PotamPol	2002
481	2003	TRUE	CalliHam,PotamPol	2003
482	2002	TRUE	CalliHam,PotamPol	2002
482	2003	TRUE	CalliHam,PotamPol	2003
482	2011	FALSE	-	2011-09-21
482	2015	TRUE	CalliHam	2015-07-09
482	2017	TRUE	CalliHam	2017-07-17
483	2002	TRUE	CalliHam,PotamPol	2002
483	2003	TRUE	CalliHam,PotamPol	2003
483	2011	FALSE	-	2011-09-21
484	2012	FALSE	-	2012-06
484	2017	FALSE	-	2017-08-24
484	2019	FALSE	-	2019-08-20
485	2013	TRUE	PotamPol	2013-07-24
486	2012	TRUE	PotamPol	2012-11-09
487	2012	TRUE	PotamPol	2012-06-02
488	2015	TRUE	RanunPel	2015-06-17
489	2014	TRUE	PotamPol	2014-12-01
490	2016	TRUE	PotamPol	2016-02-18
491	2003	FALSE	-	2003
491	2014	TRUE	CalliHam	2014-06-18
492	2003	FALSE	-	2003
493	2003	FALSE	-	2003
493	2004	FALSE	-	2004
493	2012	FALSE	-	2012-09-12
493	2017	FALSE	-	2017-08-30
494	1991	FALSE	-	1991-05
494	2003	FALSE	-	2003
494	2004	FALSE	-	2004
494	2017	FALSE	-	2017-08-30
495	2003	FALSE	-	2003
495	2004	FALSE	-	2004
495	2007	FALSE	-	2007-08
496	2003	FALSE	-	2003
496	2004	FALSE	-	2004
496	2007	FALSE	-	2007-08
497	2003	FALSE	-	2003
497	2004	FALSE	-	2004
498	2007	FALSE	-	2007-08
499	2007	FALSE	-	2007-08
500	2007	FALSE	-	2007-08
501	2003	FALSE	-	2003
501	2004	FALSE	-	2004
502	1991	FALSE	-	1991-05
502	2003	FALSE	-	2003
502	2004	FALSE	-	2004
503	2004	FALSE	-	2004
504	2004	FALSE	-	2004
505	2004	FALSE	-	2004
506	2003	FALSE	-	2003
506	2004	FALSE	-	2004
507	2003	FALSE	-	2003
507	2004	FALSE	-	2004
508	2003	FALSE	-	2003
508	2004	FALSE	-	2004
509	2003	FALSE	-	2003
509	2004	FALSE	-	2004
510	2003	FALSE	-	2003
510	2004	FALSE	-	2004
511	2003	FALSE	-	2003
511	2004	FALSE	-	2004
512	1991	FALSE	-	1991-05
512	2003	FALSE	-	2003
512	2004	FALSE	-	2004
513	2003	FALSE	-	2003
513	2004	FALSE	-	2004
514	2003	FALSE	-	2003
514	2004	FALSE	-	2004
515	2003	FALSE	-	2003
515	2004	FALSE	-	2004
516	1991	FALSE	-	1991-05
516	2003	FALSE	-	2003
516	2004	FALSE	-	2004
517	2003	FALSE	-	2003
517	2004	FALSE	-	2004
517	2015	FALSE	-	2015-08-10
517	2017	FALSE	-	2017-09-19
518	1991	FALSE	-	1991-05
518	2003	FALSE	-	2003
518	2004	FALSE	-	2004
519	2003	FALSE	-	2003
519	2004	FALSE	-	2004
520	2003	FALSE	-	2003
520	2004	FALSE	-	2004
521	2002	FALSE	-	2002-07
521	2003	FALSE	-	2003
521	2004	FALSE	-	2004
522	2002	FALSE	-	2002
522	2003	FALSE	-	2003
523	1993	FALSE	-	1993-06
523	2002	FALSE	-	2002
523	2003	FALSE	-	2003
524	2002	FALSE	-	2002
524	2003	FALSE	-	2003
525	2002	FALSE	-	2002
525	2003	FALSE	-	2003
525	2011	FALSE	-	2011
525	2015	FALSE	-	2015
525	2018	FALSE	-	2018-07
526	2002	FALSE	-	2002
526	2003	FALSE	-	2003
527	2002	FALSE	-	2002
527	2003	FALSE	-	2003
528	2002	FALSE	-	2002
528	2003	FALSE	-	2003
529	1993	FALSE	-	1993-06
529	2002	FALSE	-	2002
529	2003	FALSE	-	2003
530	2002	FALSE	-	2002
530	2003	FALSE	-	2003
530	2011	FALSE	-	2011-08-25
531	2005	FALSE	-	2005
532	2005	FALSE	-	2005
533	2005	FALSE	-	2005
533	2009	FALSE	-	2009-08-18
534	2005	FALSE	-	2005
534	2009	FALSE	-	2009-08-18
535	2003	FALSE	-	2003of2004
535	2005	FALSE	-	2005
535	2009	FALSE	-	2009-08-18
536	2007	FALSE	-	2007-07
537	2006	FALSE	-	2006-08
537	2011	FALSE	-	2011-06-01
537	2014	FALSE	-	2014-07-31
537	2015	FALSE	-	2015-09-21
537	2017	FALSE	-	2017-06-30
537	2018	FALSE	-	2018-06-08
537	2019	FALSE	-	2019-06-11
538	1990	FALSE	-	1990-05
540	2001	FALSE	-	2001
540	2003	FALSE	-	2003of2004
540	2007	TRUE	CalliHam	2007-09-17
540	2010	FALSE	-	2010-06-01
540	2010	FALSE	-	2010-09-21
540	2013	FALSE	-	2013-06-17
540	2013	FALSE	-	2013-08-22
540	2017	FALSE	-	2017-06-21
540	2018	FALSE	-	2018-07
540	2019	FALSE	-	2019-07
541	2001	FALSE	-	2001
542	2001	FALSE	-	2001
543	2001	FALSE	-	2001
544	2001	FALSE	-	2001
545	1989	TRUE	PotamBer,RanunPel	1989-06-14
545	1990	TRUE	PotamBer,RanunPel	1990-06-14
545	2001	TRUE	RanunAqu	2001
546	2001	TRUE	RanunAqu	2001
547	2001	TRUE	RanunAqu	2001
547	2006	TRUE	PotamObt,RanunPelG	2006-08-03
547	2008	TRUE	RanunPel	2008-05-29
548	2006	FALSE	-	2006-09
549	2001	FALSE	-	2001
549	2002	FALSE	-	2002
549	2011	FALSE	-	2011-08-02
549	2014	FALSE	-	2014-07-17
550	1990	FALSE	-	1990-06
550	2001	FALSE	-	2001
550	2002	FALSE	-	2002
551	2001	FALSE	-	2001
551	2002	FALSE	-	2002
551	2006	FALSE	-	2006-09
552	2006	FALSE	-	2006-09
552	2011	FALSE	-	2011-08-02
552	2014	FALSE	-	2014-07-17
553	1990	TRUE	RanunPel	1990-06-25
553	2003	FALSE	-	2003of2004
553	2006	FALSE	-	2006-09
554	2009	FALSE	-	2009-09-16
555	2009	FALSE	-	2009-09-16
556	2009	FALSE	-	2009-09-16
557	2005	TRUE	PotamPol	2005
557	2006	FALSE	-	2006-08
558	2005	FALSE	-	2005
559	2005	FALSE	-	2005
559	2019	FALSE	-	2019-07-01
560	2001	FALSE	-	2001
560	2002	FALSE	-	2002
560	2005	TRUE	PotamPol	2005
560	2016	FALSE	-	2016-08-08
561	2005	TRUE	PotamPol	2005
561	2016	FALSE	-	2016-08-08
562	2004	FALSE	-	2004
563	1989	FALSE	-	1989-08
563	2004	FALSE	-	2004
564	2004	FALSE	-	2004
565	2004	FALSE	-	2004
566	2005	FALSE	-	2005
567	2005	FALSE	-	2005
568	2004	FALSE	-	2004
569	2004	FALSE	-	2004
570	2004	FALSE	-	2004
571	2004	FALSE	-	2004
572	2004	TRUE	RanunPel	2004
573	1989	TRUE	RanunPel	1989-08-29
573	2004	TRUE	RanunPel	2004
573	2012	TRUE	RanunPel	2012-05-31
574	2004	TRUE	RanunPel	2004
575	2006	TRUE	CalliHam,PotamPol	2006-08-31
576	2006	FALSE	-	2006-08
576	2012	FALSE	-	2012-09-05
576	2013	FALSE	-	2013-07-30
576	2016	FALSE	-	2016-06-20
576	2018	FALSE	-	2018-08-31
577	2001	FALSE	-	2001
577	2002	FALSE	-	2002
578	2001	FALSE	-	2001
578	2002	FALSE	-	2002
579	2001	FALSE	-	2001
579	2002	FALSE	-	2002
579	2003	FALSE	-	2003of2004
579	2006	FALSE	-	2006-09
580	2001	FALSE	-	2001
580	2002	FALSE	-	2002
581	2001	FALSE	-	2001
581	2002	FALSE	-	2002
582	2001	FALSE	-	2001
582	2002	FALSE	-	2002
583	2001	FALSE	-	2001
583	2002	FALSE	-	2002
583	2003	FALSE	-	2003of2004
583	2006	FALSE	-	2006-09
584	2001	FALSE	-	2001
584	2002	FALSE	-	2002
584	2006	FALSE	-	2006-09
585	2001	FALSE	-	2001
585	2002	FALSE	-	2002
585	2012	FALSE	-	2012-08-27
585	2014	FALSE	-	2014-07-16
585	2017	FALSE	-	2017-07-17
586	1989	FALSE	-	1989-11
586	1990	FALSE	-	1990-06
586	2001	FALSE	-	2001
586	2002	FALSE	-	2002
586	2006	FALSE	-	2006-09
587	2001	FALSE	-	2001
587	2002	FALSE	-	2002
587	2015	FALSE	-	2015-07-30
587	2016	FALSE	-	2016-08-18
587	2019	FALSE	-	2019-07-25
588	2007	FALSE	-	2007-08
589	2007	FALSE	-	2007-08
590	2007	FALSE	-	2007-08
591	1990	TRUE	RanunPel	1990-06-27
592	2005	FALSE	-	2005
592	2006	FALSE	-	2006-08
593	2005	FALSE	-	2005
594	2005	TRUE	PotamPol	2005
594	2015	FALSE	-	2015-06-19
594	2017	FALSE	-	2017-07-07
595	2005	TRUE	PotamPol	2005
595	2006	FALSE	-	2006-08
596	2005	TRUE	PotamPol	2005
596	2017	FALSE	-	2017-07-07
597	2001	FALSE	-	2001
597	2002	FALSE	-	2002
598	2006	FALSE	-	2006-09
599	2006	FALSE	-	2006-09
600	2006	FALSE	-	2006-09
600	2014	TRUE	PotamPol	2014-06-12
601	2006	FALSE	-	2006-09
601	2012	FALSE	-	2012-07
601	2016	FALSE	-	2016-06-06
602	2006	TRUE	PotamNod,RanunFlu	2006-09-15
602	2010	TRUE	FontiAnt,PotamNod,PotamPer	2010
602	2011	TRUE	FontiAnt,PotamNod,PotamPer	2011
602	2011	TRUE	PotamNod	2011
602	2013	TRUE	FontiAnt,PotamNod,PotamPer	2013
602	2015	TRUE	FontiAnt,PotamNod,PotamPer	2015
602	2017	TRUE	FontiAnt,PotamNod,PotamPer	2017
602	2017	TRUE	PotamNod,PotamPer,RanunFlu	2017-08-21
602	2018	TRUE	PotamMuc,PotamNod	2018
602	2018	TRUE	FontiAnt,PotamNod,PotamPer(2x)	2018-10-04
602	2019	TRUE	FontiAnt,PotamNod,PotamPer	2019
602	2019	NA	NA	2019-08-14
603	2006	FALSE	-	2006-09
603	2011	TRUE	PotamNod	2011-07-20
603	2013	TRUE	PotamNod	2013-08-16
603	2019	TRUE	PotamNod	2019-09-15
604	2006	FALSE	-	2006-09
604	2011	TRUE	PotamNod,PotamPer	2011
604	2012	TRUE	PotamNod,PotamPer	2012
604	2012	TRUE	PotamNod	2012-09
604	2013	TRUE	PotamNod,PotamPer	2013
604	2018	TRUE	PotamNod,PotamPer	2018-10-04
604	2019	TRUE	PotamNod	2019-09-05
605	2004	FALSE	-	2004-09
605	2007	FALSE	-	2007
605	2011	TRUE	PotamNod	2011
605	2013	TRUE	PotamNod	2013
605	2015	TRUE	PotamNod,PotamPer	2015
605	2019	TRUE	PotamNod,PotamPer	2019-06-11
606	1990	FALSE	-	1990-05
607	2006	FALSE	-	2006-08
608	2006	FALSE	-	2006-08
608	2011	FALSE	-	2011-06-16
608	2014	FALSE	-	2014-07-31
608	2017	FALSE	-	2017-06-30
608	2019	FALSE	-	2019-06-11
609	2006	TRUE	CalliHam	2006-08-22
609	2009	TRUE	CalliHam	2009-09-17
610	2007	FALSE	-	2007-08
611	2007	FALSE	-	2007-08
612	2007	FALSE	-	2007-08
613	2007	FALSE	-	2007-08
614	2007	FALSE	-	2007-08
615	2007	FALSE	-	2007-08
616	2007	FALSE	-	2007-08
617	2007	FALSE	-	2007-08
618	2007	FALSE	-	2007-08
619	2007	FALSE	-	2007-08
620	2007	FALSE	-	2007-08
621	2001	FALSE	-	2001
621	2002	FALSE	-	2002
621	2007	FALSE	-	2007-08
622	2007	FALSE	-	2007-08
622	2016	FALSE	-	2016-07-04
623	1990	FALSE	-	1990-05
623	2001	FALSE	-	2001
623	2002	FALSE	-	2002
623	2007	FALSE	-	2007-08
623	2016	FALSE	-	2016-07-04
624	2006	FALSE	-	2006-09
625	2001	TRUE	PotamPol	2001
625	2002	TRUE	PotamPol	2002
625	2006	FALSE	-	2006-09
626	2006	FALSE	-	2006-09
627	2006	FALSE	-	2006-09
628	2001	FALSE	-	2001
628	2002	FALSE	-	2002
629	1990	FALSE	-	1990-05
629	2006	FALSE	-	2006-08
629	2018	FALSE	-	2018-09
630	2006	FALSE	-	2006-08
630	2018	FALSE	-	2018-09
631	2006	FALSE	-	2006-08
632	2004	TRUE	FontiAnt,GroenDen	2004
632	2018	TRUE	CalliHam,FontiAnt,GroenDen	2018-08-11
633	2004	TRUE	FontiAnt	2004
633	2017	TRUE	FontiAnt,GroenDen,PotamBer	2017-07-17
634	2004	TRUE	FontiAnt,RanunFlu	2004
635	1990	TRUE	RanunFlu	1990-05-22
635	2004	TRUE	FontiAnt,RanunFlu	2004
636	2004	FALSE	-	2004
636	2007	FALSE	-	2007-09
637	2004	FALSE	-	2004
638	1991	FALSE	-	1991-04
638	2007	FALSE	-	2007-08
639	2007	FALSE	-	2007-08
640	2007	FALSE	-	2007-08
641	2004	FALSE	-	2004
641	2007	FALSE	-	2007-08
642	2004	FALSE	-	2004
642	2007	FALSE	-	2007-08
643	2004	FALSE	-	2004
643	2014	FALSE	-	2014-08-01
644	2004	FALSE	-	2004
645	2004	FALSE	-	2004
646	2006	FALSE	-	2006-08
647	2001	FALSE	-	2001
648	2001	TRUE	PotamPer	2001
649	1990	TRUE	RanunPel	1990-06-18
649	2001	TRUE	PotamPer	2001
649	2017	FALSE	-	2017-06-02
650	2001	TRUE	PotamPer	2001
650	2007	TRUE	PotamPer	2007-08-08
650	2010	TRUE	PotamPer	2010-06-04
650	2010	TRUE	PotamPer	2010-08-25
650	2013	TRUE	PotamPer	2013-07-17
650	2016	TRUE	PotamPer	2016-08-23
650	2017	FALSE	-	2017-06-02
650	2019	FALSE	-	2019-07-31
651	2001	FALSE	-	2001
652	2001	FALSE	-	2001
653	2001	FALSE	-	2001
653	2002	FALSE	-	2002
654	1991	FALSE	-	1991-07
654	2001	FALSE	-	2001
654	2002	FALSE	-	2002
655	1990	FALSE	-	1990-10
655	2001	FALSE	-	2001
655	2002	FALSE	-	2002
656	2001	FALSE	-	2001
656	2002	FALSE	-	2002
657	2001	FALSE	-	2001
657	2002	FALSE	-	2002
658	2001	FALSE	-	2001
658	2002	FALSE	-	2002
659	2001	FALSE	-	2001
659	2002	FALSE	-	2002
660	2001	FALSE	-	2001
660	2002	FALSE	-	2002
661	2001	FALSE	-	2001
661	2002	FALSE	-	2002
661	2009	FALSE	-	2009-09-16
661	2012	FALSE	-	2012-08-28
661	2017	FALSE	-	2017-09-22
662	2001	FALSE	-	2001
662	2002	FALSE	-	2002
663	1988	FALSE	-	1988-09
663	2001	FALSE	-	2001
663	2002	FALSE	-	2002
664	1988	FALSE	-	1988-09
664	2001	FALSE	-	2001
664	2002	FALSE	-	2002
665	1988	FALSE	-	1988-09
665	2001	FALSE	-	2001
665	2002	FALSE	-	2002
666	1988	FALSE	-	1988-09
666	2001	FALSE	-	2001
666	2002	FALSE	-	2002
667	2001	FALSE	-	2001
667	2002	FALSE	-	2002
668	2005	FALSE	-	2005
669	2005	FALSE	-	2005
669	2014	FALSE	-	2014-06-20
670	2005	FALSE	-	2005
670	2014	FALSE	-	2014-06-20
671	2005	FALSE	-	2005
672	2005	FALSE	-	2005
673	2005	FALSE	-	2005
674	2005	FALSE	-	2005
675	2005	FALSE	-	2005
676	2005	FALSE	-	2005
677	2005	FALSE	-	2005
678	2006	FALSE	-	2006-08
679	1994	FALSE	-	1994-04
679	2006	FALSE	-	2006-08
680	2006	FALSE	-	2006-08
681	2006	FALSE	-	2006-08
682	1994	FALSE	-	1994-04
682	2002	FALSE	-	2002
683	1994	FALSE	-	1994-04
683	2002	FALSE	-	2002
684	1994	FALSE	-	1994-04
684	2002	FALSE	-	2002
685	1994	FALSE	-	1994-05
685	2002	FALSE	-	2002
686	2003	FALSE	-	2003of2004
686	2011	FALSE	-	2011-08-10
687	2003	FALSE	-	2003of2004
687	2017	TRUE	CalliHam	2017-04-30
688	2007	TRUE	PotamNod	2007
688	2011	TRUE	PotamNod	2011-07-26
689	2007	TRUE	PotamNod	2007
689	2011	TRUE	PotamNod	2011-07-26
689	2019	TRUE	FontiAnt,PotamNod	2019-08-16
690	2007	TRUE	PotamNod	2007
691	2007	FALSE	-	2007-08
692	2006	TRUE	LuronNat	2006
692	2007	TRUE	LuronNat	2007-08-17
692	2008	FALSE	-	2008-07-01
692	2009	TRUE	LuronNat	2009-06-08
692	2015	TRUE	RanunPel	2015-05-25
692	2016	FALSE	-	2016-05-01
693	1994	FALSE	-	1994-04
693	2008	FALSE	-	2008-07-07
693	NA	TRUE	PotamPol	z.d.
694	2007	TRUE	PotamPol	2007
694	2008	TRUE	PotamPol	2008-07-07
694	2015	TRUE	PotamPol	2015-10-08
694	2016	TRUE	PotamPol	2016-04-02
694	2019	TRUE	PotamPol	2019-05-28
695	2004	TRUE	RanunFlu	2004-08-24
695	2008	TRUE	RanunFlu	2008-08-06
696	1990	TRUE	RanunFlu	1990-05-22
696	2004	TRUE	RanunFlu	2004-08-24
696	2008	TRUE	RanunFlu	2008-07-24
696	2008	TRUE	RanunFlu	2008-08-06
696	2011	TRUE	RanunFlu	2011-07-25
696	2013	TRUE	RanunFlu	2013-08-27
696	2017	TRUE	RanunFlu	2017-09-13
697	2008	FALSE	-	2008-07-02
698	2004	TRUE	FontiAnt	2004
699	2004	TRUE	GroenDen	2004
699	2013	FALSE	-	2013-09-18
699	2015	FALSE	-	2015-07-13
700	2004	FALSE	-	2004
701	1990	FALSE	-	1990-05
701	2004	FALSE	-	2004
702	2004	FALSE	-	2004
703	2004	FALSE	-	2004
704	2004	FALSE	-	2004
705	2004	TRUE	FontiAnt,RanunFlu	2004
705	2017	TRUE	RanunFlu	2017-07
706	2004	FALSE	-	2004
707	2004	TRUE	RanunPel	2004
708	2004	TRUE	RanunPel	2004
708	2007	FALSE	-	2007-06-15
708	2010	TRUE	CalliHam	2010-06-18
709	2004	TRUE	PotamPol,RanunPel	2004
709	2007	TRUE	RanunPel	2007-06-22
709	2010	TRUE	CalliHam	2010-05-20
709	2013	FALSE	-	2013-06-14
709	2018	FALSE	-	2018-07-23
710	2004	FALSE	-	2004
710	2007	TRUE	RanunPel	2007-06-22
710	2010	TRUE	CalliHam	2010-05-20
710	2013	FALSE	-	2013-06-14
710	2018	FALSE	-	2018-07-23
711	2004	TRUE	PotamPol,RanunPel	2004
711	2011	FALSE	-	2011-05-26
711	2011	FALSE	-	2011-09-09
711	2013	FALSE	-	2013-06-18
712	2004	TRUE	PotamPol,RanunPel	2004
712	2011	TRUE	CalliHam	2011-05-26
712	2011	TRUE	CalliHam	2011-09-09
712	2013	TRUE	CalliHam	2013-06-18
713	2004	TRUE	RanunPel	2004
714	2004	TRUE	RanunPel	2004
714	2007	FALSE	-	2007-07-09
714	2010	TRUE	CalliHam,RanunBatG	2010-06-17
714	2013	TRUE	CalliHam,RanunBatG	2013-06-11
714	2016	TRUE	CalliHam,RanunPelG	2016-07-06
714	2018	FALSE	-	2018-07-24
715	2004	TRUE	RanunPel	2004
716	2005	FALSE	-	2005
717	2005	FALSE	-	2005
718	2005	FALSE	-	2005
719	1990	TRUE	FontiAnt	1990-05-24
719	2005	FALSE	-	2005
720	2005	FALSE	-	2005
720	2011	FALSE	-	2011-05-26
720	2013	FALSE	-	2013-06-28
720	2015	FALSE	-	2015-08-14
720	2016	FALSE	-	2016-08-23
720	2018	FALSE	-	2018-06-12
721	2005	FALSE	-	2005
722	2005	FALSE	-	2005
723	2005	FALSE	-	2005
723	2011	FALSE	-	2011-05-17
724	2005	FALSE	-	2005
725	2005	FALSE	-	2005
725	2011	FALSE	-	2011-05
725	2011	FALSE	-	2011-07
726	2005	FALSE	-	2005
726	2013	FALSE	-	2013
726	2016	FALSE	-	2016
726	2019	FALSE	-	2019-07-16
727	2005	FALSE	-	2005
728	2005	FALSE	-	2005
729	2005	FALSE	-	2005
729	2011	FALSE	-	2011-05-25
729	2013	FALSE	-	2013-06-27
730	2001	FALSE	-	2001
730	2002	FALSE	-	2002
730	2005	FALSE	-	2005
730	2016	FALSE	-	2016-08-23
730	2018	FALSE	-	2018-06-18
731	2002	TRUE	CalliHam	2002-08-16
731	2005	FALSE	-	2005
731	2013	FALSE	-	2013-08-21
732	2004	FALSE	-	2004
733	2004	FALSE	-	2004
734	2004	FALSE	-	2004
735	2004	FALSE	-	2004
736	2004	FALSE	-	2004
737	1989	FALSE	-	1989-08
737	2006	FALSE	-	2006-09
738	2006	FALSE	-	2006-09
739	2006	FALSE	-	2006-08
740	2006	FALSE	-	2006-08
741	2006	FALSE	-	2006-08
742	2006	FALSE	-	2006-08
743	2006	FALSE	-	2006-08
744	1993	TRUE	CalliHam	1993-07-01
744	2006	FALSE	-	2006-08
745	2006	FALSE	-	2006-08
746	2006	FALSE	-	2006-08
748	2006	TRUE	GroenDen	2006-08-30
749	2006	FALSE	-	2006-08
750	2006	FALSE	-	2006-08
751	1993	TRUE	CalliHam,GroenDen	1993-05-06
751	2006	FALSE	-	2006-08
752	2006	FALSE	-	2006-08
753	2006	FALSE	-	2006-08
754	2006	FALSE	-	2006-08
755	2006	FALSE	-	2006-08
756	1993	TRUE	GroenDen	1993-05-06
756	2006	FALSE	-	2006-08
757	1993	TRUE	MyrioVer	1993-06-28
757	2006	FALSE	-	2006-08
758	2006	FALSE	-	2006-08
759	1993	FALSE	-	1993-06
759	2006	TRUE	PotamBer	2006-08-28
760	2006	FALSE	-	2006-08
761	2006	FALSE	-	2006-08
762	2004	FALSE	-	2004
763	2004	FALSE	-	2004
764	1990	TRUE	RanunFlu	1990-05-22
767	2004	TRUE	RanunFlu	2004
767	2019	TRUE	FontiAnt,RanunFlu	2019-07-02
768	1990	FALSE	-	1990-05
768	2001	TRUE	PotamPol	2001
768	2002	TRUE	PotamPol	2002
768	2005	FALSE	-	2005
769	2005	FALSE	-	2005
770	2005	FALSE	-	2005
771	2005	FALSE	-	2005
772	2005	FALSE	-	2005
773	2005	FALSE	-	2005
774	2005	FALSE	-	2005
775	2001	FALSE	-	2001
775	2002	FALSE	-	2002
775	2005	FALSE	-	2005
776	2002	TRUE	CalliHam	2002
776	2003	TRUE	CalliHam	2003
776	2006	TRUE	CalliHam	2006-09-01
777	2002	TRUE	CalliHam	2002
777	2003	TRUE	CalliHam	2003
778	2002	TRUE	PotamPol	2002
778	2003	TRUE	PotamPol	2003
779	2002	TRUE	CalliHam,MyrioVer,PotamPol	2002
779	2003	TRUE	CalliHam,MyrioVer,PotamPol	2003
779	2006	TRUE	MyrioVer	2006-09-01
779	2015	TRUE	MyrioVer	2015-07-09
780	2002	TRUE	CalliHam,MyrioVer,PotamPol	2002
780	2003	TRUE	CalliHam,MyrioVer,PotamPol	2003
781	2009	FALSE	-	2009-09-10
782	2009	FALSE	-	2009-09-08
783	2009	FALSE	-	2009-09-08
784	2006	TRUE	CalliHam,RanunPelG	2006-09-06
784	2008	TRUE	RanunPel	2008-05-30
785	2006	FALSE	-	2006-09
785	2009	FALSE	-	2009-09-10
786	2006	FALSE	-	2006-09
787	2006	FALSE	-	2006-09
789	1989	TRUE	RanunPel	1989-08-28
789	2006	TRUE	CalliHam	2006-09-06
789	2015	FALSE	-	2015-07-28
789	2017	TRUE	RanunPel	2017-06-27
789	2019	FALSE	-	2019-07-30
790	2006	FALSE	-	2006-09
790	2015	FALSE	-	2015-07-28
790	2017	FALSE	-	2017-06-27
790	2019	FALSE	-	2019-07-30
791	2002	TRUE	PotamPol	2002
791	2003	TRUE	PotamPol	2003
792	2002	FALSE	-	2002
792	2003	FALSE	-	2003
793	2002	TRUE	PotamPol	2002
793	2003	TRUE	PotamPol	2003
794	2002	FALSE	-	2002
794	2003	FALSE	-	2003
795	2002	TRUE	PotamPol	2002
795	2003	TRUE	PotamPol	2003
796	2002	TRUE	PotamPol	2002
796	2003	TRUE	PotamPol	2003
797	2002	FALSE	-	2002
797	2003	FALSE	-	2003
798	2002	FALSE	-	2002
798	2003	FALSE	-	2003
798	2006	FALSE	-	2006-09
799	2002	FALSE	-	2002
799	2003	FALSE	-	2003
800	2004	FALSE	-	2004
801	2004	FALSE	-	2004
802	2004	FALSE	-	2004
802	2004	FALSE	-	2004-07-08
803	2002	FALSE	-	2002
803	2012	FALSE	-	2012-06-27
803	2019	FALSE	-	2019-06-05
804	1989	FALSE	-	1989-08
804	2002	FALSE	-	2002
804	2006	FALSE	-	2006-07
805	2006	FALSE	-	2006-08
806	2006	FALSE	-	2006-08
807	2006	FALSE	-	2006-08
807	2016	TRUE	CalliHam	2016-10-11
808	2006	FALSE	-	2006-08
809	2006	FALSE	-	2006-08
810	2006	FALSE	-	2006-08
811	2006	FALSE	-	2006-08
812	1989	FALSE	-	1989-08
813	2001	FALSE	-	2001
813	2002	FALSE	-	2002
813	2017	FALSE	-	2017-06-01
814	2001	FALSE	-	2001
814	2002	FALSE	-	2002
815	2001	FALSE	-	2001
815	2002	FALSE	-	2002
816	2001	FALSE	-	2001
816	2002	FALSE	-	2002
817	2006	FALSE	-	2006-08
818	2001	FALSE	-	2001
818	2002	FALSE	-	2002
819	1988	FALSE	-	1988-10
819	2001	FALSE	-	2001
819	2002	FALSE	-	2002
820	2001	FALSE	-	2001
820	2002	FALSE	-	2002
821	2004	FALSE	-	2004
822	2004	FALSE	-	2004
823	1991	FALSE	-	1991-04
823	2004	FALSE	-	2004
824	2003	FALSE	-	2003
824	2004	FALSE	-	2004
825	2003	FALSE	-	2003
825	2004	FALSE	-	2004
826	2003	FALSE	-	2003
826	2004	FALSE	-	2004
827	2007	FALSE	-	2007-08
828	2007	FALSE	-	2007-08
829	2007	FALSE	-	2007-08
830	1991	FALSE	-	1991-05
830	2007	FALSE	-	2007-08
831	2007	FALSE	-	2007-08
832	2009	FALSE	-	2009-08-14
833	1993	FALSE	-	1993-06
833	2009	FALSE	-	2009-08-24
833	2015	FALSE	-	2015-06-25
834	2009	FALSE	-	2009-08-24
835	2009	FALSE	-	2009-08-07
836	2009	FALSE	-	2009-08-13
837	2009	FALSE	-	2009-08-13
838	2009	FALSE	-	2009-08-07
839	2009	FALSE	-	2009-08-07
840	1990	FALSE	-	1990-06
841	2009	FALSE	-	2009-08-07
842	2009	FALSE	-	2009-08-07
843	2009	FALSE	-	2009-08-17
844	2009	FALSE	-	2009-08-17
845	2009	FALSE	-	2009-08-17
846	2009	FALSE	-	2009-08-17
847	2009	FALSE	-	2009-08-17
848	2009	FALSE	-	2009-08-13
849	2009	FALSE	-	2009-08-13
850	2009	FALSE	-	2009-08-14
851	2009	FALSE	-	2009-08-13
852	2009	TRUE	RanunBatG	2009-08-13
853	2009	FALSE	-	2009-08-14
854	1990	TRUE	LuronNat	1990-06-19
854	2009	FALSE	-	2009-08-17
855	2007	TRUE	LuronNat	2007
855	2010	TRUE	LuronNat	2010-06-11
855	2012	TRUE	LuronNat	2012-09-26
855	2015	TRUE	LuronNat	2015-06
855	2017	TRUE	LuronNat	2017
855	2017	NA	NA	2017
855	2018	NA	NA	2018
855	2019	NA	NA	2019
856	2006	TRUE	CalliHam	2006-08-16
856	2015	TRUE	CalliHam	2015-06-18
857	1989	TRUE	RanunPel	1989-08-21
858	2004	FALSE	-	2004
859	2004	FALSE	-	2004
860	2004	FALSE	-	2004
861	2004	FALSE	-	2004
862	2004	FALSE	-	2004
863	2004	FALSE	-	2004
863	2012	FALSE	-	2012-08-22
863	2015	FALSE	-	2015-07-01
863	2018	FALSE	-	2018-07-04
864	2004	FALSE	-	2004
864	2012	FALSE	-	2012-08-22
864	2015	FALSE	-	2015-07-01
864	2018	FALSE	-	2018-07-04
865	2004	FALSE	-	2004
866	2004	FALSE	-	2004
866	2011	FALSE	-	2011-06
866	2015	FALSE	-	2015
866	2018	FALSE	-	2018-07-03
867	2004	FALSE	-	2004
868	2004	FALSE	-	2004
869	2004	FALSE	-	2004
869	2018	FALSE	-	2018-09-10
870	2004	FALSE	-	2004
871	2004	FALSE	-	2004
872	2004	FALSE	-	2004
872	2012	FALSE	-	2012-08-01
872	2015	FALSE	-	2015-07-08
872	2018	FALSE	-	2018-06
873	2004	FALSE	-	2004
874	2004	FALSE	-	2004
875	2004	FALSE	-	2004
876	2004	FALSE	-	2004
877	1993	FALSE	-	1993-05
877	2004	FALSE	-	2004
878	1993	FALSE	-	1993-05
878	2004	FALSE	-	2004
879	1993	FALSE	-	1993-07
879	2004	FALSE	-	2004
880	1993	FALSE	-	1993-06
880	2004	FALSE	-	2004
881	1993	FALSE	-	1993-06
881	2004	FALSE	-	2004
882	1993	FALSE	-	1993-06
882	2004	FALSE	-	2004
883	1993	FALSE	-	1993-06
883	2004	FALSE	-	2004
884	1993	FALSE	-	1993-06
884	2004	FALSE	-	2004
885	1993	FALSE	-	1993-06
885	2004	FALSE	-	2004
886	2004	TRUE	RanunAqu	2004
886	2006	FALSE	-	2006-08
887	2006	FALSE	-	2006-06
887	2012	FALSE	-	2012-08-14
887	2017	FALSE	-	2017-06-13
888	2003	FALSE	-	2003of2004
889	2006	FALSE	-	2006-06
890	2006	FALSE	-	2006-06
890	2012	FALSE	-	2012-08-14
890	2017	FALSE	-	2017-06-01
891	2006	FALSE	-	2006-06
892	2006	FALSE	-	2006-06
893	2003	FALSE	-	2003of2004
894	2001	TRUE	PotamPol	2001
894	2006	FALSE	-	2006-08
895	2001	TRUE	PotamPol	2001
895	2013	FALSE	-	2013-06-17
895	2017	FALSE	-	2017-06-20
896	2001	FALSE	-	2001
897	2001	FALSE	-	2001
898	2001	FALSE	-	2001
899	2001	FALSE	-	2001
900	2001	FALSE	-	2001
901	2001	FALSE	-	2001
901	2003	FALSE	-	2003of2004
902	2001	FALSE	-	2001
903	2001	FALSE	-	2001
904	2001	FALSE	-	2001
905	2001	FALSE	-	2001
905	2002	FALSE	-	2002
906	2001	FALSE	-	2001
906	2002	FALSE	-	2002
907	2002	TRUE	PotamPol	2002
907	2003	TRUE	PotamPol	2003
907	2006	FALSE	-	2006-09
908	2002	TRUE	PotamPol	2002
908	2003	TRUE	PotamPol	2003
909	2002	TRUE	PotamPol	2002
909	2003	TRUE	PotamPol	2003
909	2013	FALSE	-	2013-07-18
909	2016	FALSE	-	2016-07-15
909	2018	TRUE	CalliHam,Fonti-sp,MyrioAlt,PotamBer	2018-06-28
910	2002	TRUE	PotamPol	2002
910	2003	TRUE	PotamPol	2003
911	1989	FALSE	-	1989-08
911	2002	TRUE	CalliHam,PotamPol	2002
911	2003	TRUE	CalliHam,PotamPol	2003
911	2006	FALSE	-	2006-09
912	1990	TRUE	PotamBer,PotamObt	1990-06-12
912	2005	FALSE	-	2005
912	2009	FALSE	-	2009-08-20
913	2005	FALSE	-	2005
914	2005	FALSE	-	2005
914	2009	FALSE	-	2009-08-14
915	1990	TRUE	PotamBer	1990-06-12
915	2003	FALSE	-	2003of2004
915	2005	FALSE	-	2005
915	2009	FALSE	-	2009-08-14
916	2005	FALSE	-	2005
917	2005	FALSE	-	2005
917	2009	FALSE	-	2009-08-14
918	2005	FALSE	-	2005
918	2009	FALSE	-	2009-08-14
919	2005	FALSE	-	2005
919	2009	FALSE	-	2009-08-14
920	1989	FALSE	-	1989-10
920	2005	FALSE	-	2005
921	1990	FALSE	-	1990-06
921	2005	FALSE	-	2005
922	2005	FALSE	-	2005
922	2009	FALSE	-	2009-08-13
923	2005	FALSE	-	2005
923	2009	FALSE	-	2009-08-13
924	2005	FALSE	-	2005
924	2009	FALSE	-	2009-08-07
924	2011	FALSE	-	2011-07-18
924	2014	FALSE	-	2014-08-13
924	2017	FALSE	-	2017-08
925	2005	FALSE	-	2005
926	2005	FALSE	-	2005
926	2009	FALSE	-	2009-08-17
926	2012	FALSE	-	2012-07-23
926	2014	FALSE	-	2014-07-30
926	2017	FALSE	-	2017-08-24
927	2005	FALSE	-	2005
927	2009	FALSE	-	2009-07-02
927	2009	FALSE	-	2009-08-17
927	2012	FALSE	-	2012-07-23
927	2014	FALSE	-	2014-07-30
927	2017	FALSE	-	2017-08-24
928	2005	FALSE	-	2005
928	2009	FALSE	-	2009-08-17
929	2005	FALSE	-	2005
930	2005	FALSE	-	2005
931	2005	FALSE	-	2005
931	2009	FALSE	-	2009-08-07
932	2005	FALSE	-	2005
932	2009	FALSE	-	2009-08-07
933	2005	FALSE	-	2005
933	2009	FALSE	-	2009-08-17
934	2005	FALSE	-	2005
935	2003	FALSE	-	2003of2004
935	2009	FALSE	-	2009-08-07
936	1989	FALSE	-	1989-10
936	2005	FALSE	-	2005
937	1990	FALSE	-	1990-06
937	2005	FALSE	-	2005
938	2005	TRUE	PotamPol	2005
939	2003	FALSE	-	2003of2004
939	2005	TRUE	PotamPol	2005
939	2009	FALSE	-	2009-08-07
940	2005	TRUE	PotamPol	2005
940	2009	FALSE	-	2009-08-07
941	2005	FALSE	-	2005
941	2009	FALSE	-	2009-08-07
942	1990	FALSE	-	1990-06
942	2005	FALSE	-	2005
943	2005	FALSE	-	2005
944	2004	FALSE	-	2004
944	2007	FALSE	-	2007-08-06
944	2010	FALSE	-	2010-07-01
944	2016	FALSE	-	2016-06-28
944	2019	FALSE	-	2019-05-21
945	2004	FALSE	-	2004
946	2004	FALSE	-	2004
946	2007	FALSE	-	2007-08
946	2010	FALSE	-	2010-07-01
946	2016	FALSE	-	2016-06-28
946	2019	FALSE	-	2019-05-21
947	2004	FALSE	-	2004
948	2004	FALSE	-	2004
948	2009	FALSE	-	2009-06-22
948	2012	FALSE	-	2012-06-14
948	2016	FALSE	-	2016-06-27
948	2019	FALSE	-	2019-05-22
949	2004	FALSE	-	2004
950	2004	FALSE	-	2004
950	2019	FALSE	-	2019-07-01
951	2004	FALSE	-	2004
952	2004	FALSE	-	2004
953	1989	FALSE	-	1989-06
953	2004	FALSE	-	2004
954	2004	FALSE	-	2004
955	1989	FALSE	-	1989-06
955	2004	FALSE	-	2004
956	1989	FALSE	-	1989-06
956	2004	FALSE	-	2004
957	2006	FALSE	-	2006-08
958	2001	FALSE	-	2001
958	2003	FALSE	-	2003of2004
959	2001	FALSE	-	2001
959	2011	FALSE	-	2011-08-10
960	2001	FALSE	-	2001
961	2001	FALSE	-	2001
961	2013	FALSE	-	2013-06-17
961	2013	FALSE	-	2013-08-22
961	2017	FALSE	-	2017-06-20
963	1989	FALSE	-	1989-08
964	2004	TRUE	RanunPen	2004voorjaar
964	2009	FALSE	-	2009-09-07
965	2006	FALSE	-	2006-08
966	1990	FALSE	-	1990-06
966	2001	FALSE	-	2001
966	2015	TRUE	PotamLuc	2015
967	2001	FALSE	-	2001
967	2003	FALSE	-	2003of2004
967	2011	TRUE	PotamPer	2011-06-23
967	2014	TRUE	PotamPer	2014-08-29
968	2001	FALSE	-	2001
969	2019	FALSE	-	2019-06-19
970	2007	TRUE	CalliHam,LuronNat	2007
970	2016	TRUE	LuronNat,MyrioAlt	2016-08-18
970	2017	TRUE	LuronNat	2017-08-22
970	2019	TRUE	RanunPel	2019-05-12
971	2001	FALSE	-	2001
972	2001	FALSE	-	2001
973	2001	FALSE	-	2001
974	2001	TRUE	PotamPer	2001
974	2017	FALSE	-	2017-07-18
975	2001	FALSE	-	2001
976	2001	FALSE	-	2001
977	2001	FALSE	-	2001
977	2015	FALSE	-	2015-08-13
978	2001	TRUE	PotamPer	2001
979	2001	FALSE	-	2001
979	2002	FALSE	-	2002
980	1990	FALSE	-	1990-05
980	1990	FALSE	-	1990-06
980	2001	TRUE	PotamPer	2001
980	2003	FALSE	-	2003of2004
980	2010	TRUE	PotamPer	2010-06-19
981	2001	FALSE	-	2001
982	2001	FALSE	-	2001
983	2005	FALSE	-	2005
984	2005	FALSE	-	2005
985	1990	FALSE	-	1990-05
985	2005	FALSE	-	2005
986	2005	FALSE	-	2005
987	2005	FALSE	-	2005
987	2016	FALSE	-	2016-08-23
987	2018	FALSE	-	2018-06-18
988	2005	FALSE	-	2005
989	2006	FALSE	-	2006-08
989	2012	FALSE	-	2012-09-05
989	2013	FALSE	-	2013-07
989	2016	FALSE	-	2016-06
989	2018	FALSE	-	2018-07-31
990	2002	FALSE	-	2002
990	2003	FALSE	-	2003
991	2002	FALSE	-	2002
991	2003	FALSE	-	2003
991	2006	FALSE	-	2006-08
992	2002	FALSE	-	2002
992	2003	FALSE	-	2003
993	1989	FALSE	-	1989-08
993	2002	FALSE	-	2002
993	2003	FALSE	-	2003
993	2006	FALSE	-	2006-08
994	2002	TRUE	PotamPol	2002
994	2003	TRUE	PotamPol	2003
994	2016	TRUE	nietgespecifieerd	2016-01
995	2002	TRUE	CalliHam,PotamPol	2002
995	2003	TRUE	CalliHam,PotamPol	2003
995	2016	TRUE	nietgespecifieerd	2016-01
995	2016	TRUE	CalliHam	2016-08-08
995	2016	TRUE	PotamPol	2016-08-24
996	2002	FALSE	-	2002
996	2003	FALSE	-	2003
996	2006	FALSE	-	2006-08
997	2002	TRUE	CalliHam,PotamPol	2002
997	2003	TRUE	CalliHam,PotamPol	2003
997	2006	TRUE	CalliHam	2006-08-31
997	2019	FALSE	-	2019-07-26
998	2004	TRUE	RanunPel	2004
999	2004	TRUE	RanunPel	2004
1000	1989	TRUE	RanunPel	1989-08-29
1000	2004	TRUE	RanunPel	2004
1001	2004	TRUE	RanunPel	2004
1002	2004	TRUE	RanunPel	2004
1003	2001	FALSE	-	2001
1003	2002	FALSE	-	2002
1003	2006	FALSE	-	2006-09
1004	1990	FALSE	-	1990-06
1004	2001	FALSE	-	2001
1004	2002	FALSE	-	2002
1005	2001	FALSE	-	2001
1005	2002	FALSE	-	2002
1006	2001	FALSE	-	2001
1006	2002	FALSE	-	2002
1006	2002	TRUE	CalliHam,RanunAquG	2002-09-10
1006	2006	FALSE	-	2006-09
1007	2001	FALSE	-	2001
1007	2002	FALSE	-	2002
1008	2001	FALSE	-	2001
1008	2002	FALSE	-	2002
1008	2006	FALSE	-	2006-09
1009	2001	FALSE	-	2001
1009	2002	FALSE	-	2002
1009	2006	FALSE	-	2006-09
1010	2001	FALSE	-	2001
1010	2002	FALSE	-	2002
1011	2004	FALSE	-	2004
1012	2004	FALSE	-	2004
1013	2004	FALSE	-	2004
1014	2004	FALSE	-	2004
1015	2004	FALSE	-	2004
1016	2004	FALSE	-	2004
1017	2004	FALSE	-	2004
1018	2004	FALSE	-	2004
1018	2012	FALSE	-	2012-07-26
1018	2016	FALSE	-	2016-07-25
1018	2019	FALSE	-	2019-07-04
1019	2004	FALSE	-	2004
1020	2004	FALSE	-	2004
1021	2004	FALSE	-	2004
1022	1990	FALSE	-	1990-10
1022	2004	FALSE	-	2004
1023	2004	FALSE	-	2004
1023	2008	FALSE	-	2008-09-29
1023	2011	FALSE	-	2011-09-08
1023	2014	FALSE	-	2014-07-15
1023	2017	FALSE	-	2017-07-19
1024	2002	FALSE	-	2002-07
1024	2004	FALSE	-	2004
1025	2004	FALSE	-	2004
1025	2011	FALSE	-	2011-09-08
1025	2014	FALSE	-	2014-07-15
1025	2017	FALSE	-	2017-07-19
1026	2005	FALSE	-	2005
1027	2005	FALSE	-	2005
1028	2005	FALSE	-	2005
1029	2005	FALSE	-	2005
1030	1988	FALSE	-	1988-07
1030	2005	FALSE	-	2005
1031	2006	FALSE	-	2006-09
1032	1990	FALSE	-	1990-06
1032	2006	FALSE	-	2006-09
1033	2006	FALSE	-	2006-09
1034	2006	FALSE	-	2006-09
1035	2001	FALSE	-	2001
1035	2002	FALSE	-	2002
1036	2003	FALSE	-	2003of2004
1036	2006	FALSE	-	2006-09
1037	2006	FALSE	-	2006-09
1038	2001	TRUE	PotamPer	2001
1039	2001	FALSE	-	2001
1040	2001	FALSE	-	2001
1041	2001	FALSE	-	2001
1042	2001	FALSE	-	2001
1043	2001	FALSE	-	2001
1044	2008	TRUE	FontiAnt	2008-07-29
1044	2012	FALSE	-	2012-07-24
1044	2012	FALSE	-	2012-10-02
1045	2008	TRUE	PotamBer	2008-07-23
1046	1989	FALSE	-	1989-08
1046	2007	TRUE	CalliHam	2007-07-30
1046	2010	FALSE	-	2010-06-30
1046	2016	FALSE	-	2016-08-25
1046	2019	TRUE	PotamObt	2019-07-02
1047	2016	TRUE	PotamPol	2016-03-17
1048	2009	FALSE	-	2009-09-10
1048	2016	TRUE	PotamNod	2016-08-12
1049	2008	FALSE	-	2008-06-24
1049	2011	TRUE	CalliHam	2011-06-23
1049	2014	FALSE	-	2014-08-13
1049	2019	FALSE	-	2019-06-26
1050	2008	TRUE	CalliHam	2008-06-24
1050	2011	FALSE	-	2011-06-16
1050	2014	FALSE	-	2014-08-13
1050	2019	FALSE	-	2019-06-26
1051	2008	TRUE	PotamPer	2008-07-29
1052	2007	TRUE	CalliHam	2007-07-24
1052	2010	FALSE	-	2010-06-23
1052	2013	FALSE	-	2013-08-14
1052	2016	FALSE	-	2016-07-27
1053	2004	FALSE	-	2004
1054	2004	FALSE	-	2004
1054	2007	FALSE	-	2007-06-15
1054	2010	TRUE	CalliHam	2010-06-18
1054	2013	TRUE	CalliHam	2013-06-14
1054	2016	FALSE	-	2016-08-28
1054	2018	FALSE	-	2018-07-23
1055	2006	FALSE	-	2006-08
1055	2015	TRUE	CalliHam	2015-06-18
1056	2009	TRUE	CalliHam	2009-08-26
1056	2012	FALSE	-	2012-07-18
1056	2016	FALSE	-	2016-07-15
1056	2019	FALSE	-	2019-05-28
1057	2010	TRUE	RanunHed	2010-05-23
1057	2013	TRUE	RanunHed	2013-05-22
1057	2018	TRUE	RanunHed	2018-05-05
1057	2018	TRUE	RanunHed	2018-06-07
1057	2019	TRUE	RanunHed	2019-05-16
1058	2016	TRUE	nietgespecifieerd	2016
1059	2016	TRUE	nietgespecifieerd	2016
1060	2016	TRUE	nietgespecifieerd	2016
1061	2013	TRUE	PotamBer	2013-09-17
1061	2016	TRUE	nietgespecifieerd	2016
1061	2018	FALSE	-	2018-09-06
1062	2007	TRUE	CalliHam,LuronNat	2007
1062	2009	TRUE	PotamPol	2009-09-19
1062	2013	FALSE	-	2013-09-17
1062	2015	TRUE	LuronNat	2015-07-15
1062	2016	TRUE	LuronNat,MyrioAlt	2016-08-18
1062	2018	TRUE	LuronNat	2018-05-26
1062	2018	FALSE	-	2018-09-05
1063	2015	TRUE	PotamPer	2015-06-10
1063	2018	FALSE	-	2018-07-05
1064	2011	TRUE	RanunPel	2011-04-20
1065	2004	FALSE	-	2004
1066	2003	TRUE	CalliHam,PotamPol	2003
1066	2003	TRUE	CalliHam,PotamPol	2003
1066	2006	TRUE	CalliHam,PotamBer	2006-09-01
1066	2017	TRUE	MyrioVer	2017-10-24
1067	2004	FALSE	-	2004
1068	2004	FALSE	-	2004
1068	2016	TRUE	PotamPol	2016-11-23
1069	2004	TRUE	RanunPel	2004
1069	2017	TRUE	RanunPel	2017-07-23
1070	2004	TRUE	PotamPol,RanunPel	2004
1071	2004	TRUE	PotamPol,RanunPel	2004
1071	2016	FALSE	-	2016-08-05
1072	2002	TRUE	CalliHam,PotamPol	2002
1072	2003	TRUE	CalliHam,PotamPol	2003
1073	2002	TRUE	CalliHam,PotamPol	2002
1073	2003	TRUE	CalliHam,PotamPol	2003
1073	2017	FALSE	-	2017-07-17
1074	2003	TRUE	CalliHam,PotamPol	2003
1074	2003	TRUE	CalliHam,PotamPol	2003
1074	2006	TRUE	CalliHam,PotamBer	2006-09-01
1075	2004	FALSE	-	2004
1076	2006	FALSE	-	2006-08
1077	1992	FALSE	-	1992-05
1080	1992	FALSE	-	1992-05
1080	2006	FALSE	-	2006-08
1081	1992	TRUE	RanunPel	1992-05-13
1081	2006	FALSE	-	2006-08
1083	2006	FALSE	-	2006-08
1084	1992	FALSE	-	1992-05
1084	2004	FALSE	-	2004
1085	1992	FALSE	-	1992-05
1085	2004	FALSE	-	2004
1086	2004	FALSE	-	2004
1086	2007	FALSE	-	2007-08
1086	2011	FALSE	-	2011-08
1086	2017	FALSE	-	2017-07-13
1087	2004	FALSE	-	2004
1088	2004	FALSE	-	2004
1089	2004	FALSE	-	2004
1090	2004	FALSE	-	2004
1091	2004	FALSE	-	2004
1092	2004	FALSE	-	2004
1093	2004	FALSE	-	2004
1093	2007	FALSE	-	2007-09
1094	2007	FALSE	-	2007-09
1094	2018	FALSE	-	2018-08-06
1095	2004	FALSE	-	2004
1096	2004	FALSE	-	2004
1096	2007	FALSE	-	2007-09
1097	2004	FALSE	-	2004
1098	1990	TRUE	PotamPer	1990-05-21
1098	1990	FALSE	-	1990-06
1098	2001	FALSE	-	2001
1099	2004	FALSE	-	2004
1100	2004	FALSE	-	2004
1101	2004	FALSE	-	2004
1102	2004	FALSE	-	2004
1103	2005	FALSE	-	2005
1104	2005	FALSE	-	2005
1105	1990	FALSE	-	1990-05
1105	2005	FALSE	-	2005
1106	2005	FALSE	-	2005
1107	1990	FALSE	-	1990-05
1107	2005	FALSE	-	2005
1108	2005	FALSE	-	2005
1108	2012	FALSE	-	2012-07-31
1108	2014	FALSE	-	2014-08-28
1109	2005	FALSE	-	2005
1109	2012	FALSE	-	2012
1109	2018	FALSE	-	2018-08-21
1110	2005	FALSE	-	2005
1111	2005	FALSE	-	2005
1112	1990	FALSE	-	1990-05
1112	2005	FALSE	-	2005
1113	2002	TRUE	CalliHam,PotamPol	2002
1113	2003	TRUE	CalliHam,PotamPol	2003
1114	2002	TRUE	CalliHam,PotamPol	2002
1114	2003	TRUE	CalliHam,PotamPol	2003
1115	1989	FALSE	-	1989-08
1115	2002	TRUE	CalliHam,PotamPol	2002
1115	2003	TRUE	CalliHam,PotamPol	2003
1115	2006	TRUE	CalliHam	2006-09-01
1116	2002	TRUE	CalliHam,PotamPol	2002
1116	2003	TRUE	CalliHam,PotamPol	2003
1117	2002	TRUE	PotamPol	2002
1117	2003	TRUE	PotamPol	2003
1117	2013	FALSE	-	2013-07-18
1117	2016	FALSE	-	2016-06-17
1117	2018	TRUE	CalliHam,FontiAnt	2018-06-28
1118	1989	FALSE	-	1989-08
1118	2002	TRUE	CalliHam,PotamPol	2002
1118	2003	TRUE	CalliHam,PotamPol	2003
1118	2006	FALSE	-	2006-09
1119	2002	TRUE	CalliHam,PotamPol	2002
1119	2003	TRUE	CalliHam,PotamPol	2003
1120	2002	TRUE	PotamPol	2002
1120	2003	TRUE	PotamPol	2003
1121	2002	TRUE	CalliHam,PotamPol	2002
1121	2003	TRUE	CalliHam,PotamPol	2003
1121	2019	FALSE	-	2019-07-26
1122	2001	FALSE	-	2001
1123	2001	FALSE	-	2001
1123	2011	FALSE	-	2011-09-27
1123	2013	FALSE	-	2013-08-28
1123	2014	FALSE	-	2014-09-01
1124	2001	FALSE	-	2001
1125	2001	FALSE	-	2001
1126	1989	FALSE	-	1989-08
1126	2004	FALSE	-	2004
1127	2004	FALSE	-	2004
1128	2004	FALSE	-	2004
1129	2004	FALSE	-	2004
1129	2013	TRUE	RanunPel	2013-07-21
1129	2017	TRUE	RanunPel	2017-07-23
1130	2001	FALSE	-	2001
1130	2002	FALSE	-	2002
1130	2006	FALSE	-	2006-09
1131	2001	FALSE	-	2001
1131	2002	FALSE	-	2002
1131	2006	TRUE	RanunPelG	2006-09-05
1131	2008	FALSE	-	2008-05-30
1131	2017	TRUE	CalliHam,PotamObt,RanunPel	2017-06-02
1132	1990	TRUE	PotamBer,RanunPel	1990-06-25
1132	2001	FALSE	-	2001
1132	2002	FALSE	-	2002
1133	2002	TRUE	CalliHam,PotamBer,RanunAqu	2002-08-21
1133	2003	TRUE	RanunPen	2003najaar
1133	2004	TRUE	RanunPen	2004voorjaar
1133	2006	TRUE	PotamBer,RanunPelG	2006-09-05
1133	2008	TRUE	RanunPel	2008-05-30
1134	2006	TRUE	CalliHam,PotamBer,RanunPelG	2006-09-05
1135	2001	FALSE	-	2001
1135	2002	FALSE	-	2002
1135	2016	TRUE	CalliHam,RanunBatG	2016-08-04
1136	2001	FALSE	-	2001
1136	2002	FALSE	-	2002
1136	2002	TRUE	CalliHam,PotamObt,RanunAquG	2002-09-03
1136	2006	TRUE	CalliHam,PotamBer,RanunPelG	2006-09-05
1137	2001	FALSE	-	2001
1137	2002	FALSE	-	2002
1137	2006	TRUE	CalliHam,RanunPelG	2006-09-05
1137	2017	TRUE	CalliHam,PotamBer,RanunPel	2017
1137	2017	TRUE	RanunPel	2017-08-17
1139	2001	FALSE	-	2001
1139	2002	FALSE	-	2002
1139	2006	FALSE	-	2006-09
1140	2001	FALSE	-	2001
1140	2002	FALSE	-	2002
1141	2001	FALSE	-	2001
1141	2002	FALSE	-	2002
1142	1990	FALSE	-	1990-06
1142	2001	FALSE	-	2001
1142	2002	FALSE	-	2002
1143	2001	FALSE	-	2001
1143	2002	FALSE	-	2002
1144	2001	FALSE	-	2001
1144	2002	FALSE	-	2002
1145	2001	FALSE	-	2001
1145	2002	FALSE	-	2002
1146	2001	FALSE	-	2001
1146	2002	FALSE	-	2002
1147	2004	TRUE	PotamPol	2004
1147	2006	TRUE	CalliHam,PotamPol	2006-08-22
1148	2004	TRUE	PotamPol	2004
1149	2002	TRUE	CalliHam,RanunFlu	2002-09-10
1149	2004	TRUE	RanunPel	2004
1149	2013	TRUE	RanunPel	2013-07-21
1150	1989	FALSE	-	1989-11
1150	1990	FALSE	-	1990-06
1150	2001	FALSE	-	2001
1150	2002	FALSE	-	2002
1151	2001	FALSE	-	2001
1151	2002	FALSE	-	2002
1152	2001	FALSE	-	2001
1152	2002	FALSE	-	2002
1153	2001	FALSE	-	2001
1153	2002	FALSE	-	2002
1153	2003	FALSE	-	2003of2004
1154	2001	FALSE	-	2001
1154	2002	FALSE	-	2002
1154	2006	TRUE	PotamBer	2006-09-20
1155	2001	FALSE	-	2001
1155	2002	FALSE	-	2002
1155	2003	FALSE	-	2003of2004
1155	2006	FALSE	-	2006-09
1156	2001	FALSE	-	2001
1156	2002	FALSE	-	2002
1156	2006	FALSE	-	2006-09
1157	1990	TRUE	RanunPel	1990-06-26
1157	2001	FALSE	-	2001
1157	2002	FALSE	-	2002
1157	2006	TRUE	RanunPelG	2006-09-14
1157	2008	FALSE	-	2008-05-30
1158	2003	TRUE	RanunPen	2003najaar
1158	2004	TRUE	RanunPen	2004voorjaar
1158	2006	TRUE	RanunPelG	2006-09-14
1158	2008	TRUE	RanunPel	2008-05-30
1158	2015	TRUE	RanunBatG	2015
1159	1999	TRUE	RanunBatG	1999
1159	2015	TRUE	RanunBatG	2015
1160	2011	TRUE	RanunAqu	2011-06-11
1160	2011	TRUE	RanunAqu	2011-09-21
1160	2015	TRUE	RanunBatG	2015
1161	2001	FALSE	-	2001
1161	2002	FALSE	-	2002
1162	2001	FALSE	-	2001
1162	2002	FALSE	-	2002
1162	2003	TRUE	RanunPen	2003najaar
1162	2004	TRUE	RanunPen	2004voorjaar
1162	2006	TRUE	RanunBatG	2006-09-14
1162	2017	FALSE	-	2017-08-01
1163	2001	FALSE	-	2001
1163	2003	FALSE	-	2003of2004
1164	2001	FALSE	-	2001
1165	1990	FALSE	-	1990-05
1165	2001	FALSE	-	2001
1166	2001	FALSE	-	2001
1167	2001	FALSE	-	2001
1168	2001	FALSE	-	2001
1169	2003	FALSE	-	2003of2004
1169	2006	FALSE	-	2006-07
1170	2013	FALSE	-	2013-06-24
1170	2017	FALSE	-	2017-06-22
1171	1990	FALSE	-	1990-06
1172	2003	FALSE	-	2003of2004
1172	2006	FALSE	-	2006-07
1173	2006	FALSE	-	2006-07
1173	2013	FALSE	-	2013-06-12
1173	2017	FALSE	-	2017-07-27
1174	2003	FALSE	-	2003of2004
1174	2006	FALSE	-	2006-07
1176	2006	TRUE	CalliHam,RanunBatG	2006-07-06
1176	2008	FALSE	-	2008-05-29
1176	2016	FALSE	-	2016-08-26
1176	2018	FALSE	-	2018
1177	1990	FALSE	-	1990-06
1179	2006	FALSE	-	2006-07
1179	2013	FALSE	-	2013-06-12
1179	2017	FALSE	-	2017-07-27
1180	2001	FALSE	-	2001
1180	2002	FALSE	-	2002
1180	2019	TRUE	RanunPel	2019
1181	2001	FALSE	-	2001
1181	2002	FALSE	-	2002
1181	2006	FALSE	-	2006-09
1181	2011	TRUE	PotamPol,RanunPel	2011-05-07
1181	2018	TRUE	RanunPel	2018-07-01
1182	1989	FALSE	-	1989-11
1182	2001	FALSE	-	2001
1182	2002	FALSE	-	2002
1183	2001	FALSE	-	2001
1183	2002	FALSE	-	2002
1183	2006	TRUE	PotamPer	2006-09-19
1183	2019	FALSE	-	2019-07-03
1184	2003	FALSE	-	2003of2004
1185	2006	FALSE	-	2006-07
1185	2011	FALSE	-	2011-09-07
1185	2013	FALSE	-	2013-07-08
1185	2017	FALSE	-	2017-06-23
1186	1990	FALSE	-	1990-06
1186	2003	FALSE	-	2003of2004
1186	2006	FALSE	-	2006-07
1188	2003	FALSE	-	2003of2004
1188	2006	FALSE	-	2006-07
1189	2011	FALSE	-	2011-09-07
1189	2013	FALSE	-	2013-06-26
1190	2003	FALSE	-	2003of2004
1191	2006	FALSE	-	2006-07
1192	1990	TRUE	LuronNat	1990-06-14
1193	2006	FALSE	-	2006-07
1194	1990	FALSE	-	1990-06
1195	2006	FALSE	-	2006-07
1196	2003	FALSE	-	2003of2004
1196	2006	FALSE	-	2006-07
1197	1989	FALSE	-	1989-10
1197	1990	FALSE	-	1990-06
1197	2006	FALSE	-	2006-07
1199	2006	FALSE	-	2006-07
1200	2006	FALSE	-	2006-08
1201	2006	FALSE	-	2006-08
1202	1989	TRUE	RanunPel	1989-10-03
1202	1990	TRUE	PotamPer,RanunAqu,RanunPel	1990-05-21
1202	2001	FALSE	-	2001
1203	2001	FALSE	-	2001
1204	2001	FALSE	-	2001
1205	1990	FALSE	-	1990-06
1205	2001	FALSE	-	2001
1205	2008	TRUE	PotamPer	2008-08-07
1205	2011	TRUE	PotamObt	2011-08-01
1205	2017	TRUE	PotamPer,RanunBatG	2017-07-03
1206	2001	FALSE	-	2001
1207	2006	FALSE	-	2006-07
1208	2002	TRUE	CalliHam,RanunAqu	2002-08-09
1208	2003	FALSE	-	2003of2004
1208	2006	FALSE	-	2006-07
1209	1990	TRUE	RanunPel	1990-06-18
1212	2006	TRUE	PotamObt,RanunPelG	2006-07-31
1212	2008	FALSE	-	2008-05-29
1212	2018	TRUE	PotamObt,RanunBatG	2018
1213	2007	FALSE	-	2007-08
1214	2007	FALSE	-	2007-08
1215	2007	FALSE	-	2007-08
1216	2007	FALSE	-	2007-08
1216	2011	FALSE	-	2011-09-06
1217	2006	FALSE	-	2006-06
1217	2007	FALSE	-	2007-08
1218	2003	FALSE	-	2003of2004
1221	2004	FALSE	-	2004
1222	2004	FALSE	-	2004
1223	2005	FALSE	-	2005
1224	1990	FALSE	-	1990-06
1224	2005	FALSE	-	2005
1225	2005	FALSE	-	2005
1226	2003	FALSE	-	2003of2004
1226	2005	FALSE	-	2005
1227	2005	FALSE	-	2005
1227	2009	FALSE	-	2009-08-20
1227	2013	FALSE	-	2013-08-21
1227	2017	FALSE	-	2017-08-02
1228	2005	FALSE	-	2005
1229	2005	FALSE	-	2005
1230	2005	FALSE	-	2005
1230	2009	FALSE	-	2009-08-20
1230	2012	FALSE	-	2012-09-06
1230	2014	FALSE	-	2014-08-14
1230	2017	FALSE	-	2017-08-23
1231	2005	FALSE	-	2005
1232	2003	FALSE	-	2003of2004
1232	2005	FALSE	-	2005
1232	2009	FALSE	-	2009-08-20
1233	2005	FALSE	-	2005
1233	2012	FALSE	-	2012-07-24
1233	2014	FALSE	-	2014-07-31
1233	2017	FALSE	-	2017-08-09
1234	2005	FALSE	-	2005
1234	2009	FALSE	-	2009-08-20
1235	2001	FALSE	-	2001
1235	2015	TRUE	PotamLuc	2015
1236	1989	FALSE	-	1989-10
1236	1990	FALSE	-	1990-06
1236	2001	FALSE	-	2001
1236	2015	TRUE	PotamLuc	2015
1237	2001	FALSE	-	2001
1237	2015	TRUE	PotamLuc	2015
1237	2018	TRUE	PotamLuc	2018-04-25
1238	2001	FALSE	-	2001
1238	2015	TRUE	PotamLuc	2015
1239	2001	FALSE	-	2001
1240	2004	FALSE	-	2004
1240	2011	FALSE	-	2011-09-29
1241	1994	FALSE	-	1994-04
1241	2004	FALSE	-	2004
1242	2004	FALSE	-	2004
1243	1994	FALSE	-	1994-04
1243	2004	FALSE	-	2004
1244	2004	FALSE	-	2004
1244	2011	FALSE	-	2011-09-29
1244	2016	FALSE	-	2016-09-17
1245	2004	FALSE	-	2004
1245	2011	FALSE	-	2011-09-29
1245	2016	FALSE	-	2016-09-17
1246	1994	FALSE	-	1994-04
1246	2004	FALSE	-	2004
1247	2004	FALSE	-	2004
1247	2013	FALSE	-	2013-09-17
1247	2018	FALSE	-	2018-06-28
1248	2004	FALSE	-	2004
1248	2014	FALSE	-	2014-09-04
1249	2001	FALSE	-	2001
1249	2002	FALSE	-	2002
1249	2006	FALSE	-	2006-09
1250	2001	FALSE	-	2001
1250	2002	FALSE	-	2002
1251	2001	FALSE	-	2001
1251	2002	FALSE	-	2002
1251	2004	TRUE	FontiAnt,RanunAquG	2004-09
1251	2006	FALSE	-	2006-09
1252	2001	FALSE	-	2001
1252	2002	FALSE	-	2002
1252	2006	FALSE	-	2006-09
1253	2008	FALSE	-	2008-07-08
1253	2009	FALSE	-	2009-09-09
1254	2009	FALSE	-	2009-09-09
1255	2008	TRUE	CalliHam	2008-07-08
1255	2009	TRUE	CalliHam	2009-09-09
1256	2008	TRUE	CalliHam	2008-07-08
1256	2009	TRUE	CalliHam	2009-09-09
1257	1994	TRUE	RanunAqu	1994-05-20
1257	2008	TRUE	CalliHam	2008-07-08
1258	2008	TRUE	CalliHam	2008-07-08
1258	2009	TRUE	CalliHam	2009-09-09
1259	1990	TRUE	RanunPel	1990-06-26
1259	2001	FALSE	-	2001
1259	2002	FALSE	-	2002
1259	2006	FALSE	-	2006-09
1260	2001	FALSE	-	2001
1260	2002	FALSE	-	2002
1261	2001	FALSE	-	2001
1261	2002	FALSE	-	2002
1261	2003	FALSE	-	2003of2004
1261	2012	FALSE	-	2012-08-27
1261	2014	FALSE	-	2014-07-16
1261	2017	FALSE	-	2017-07-17
1262	2001	FALSE	-	2001
1262	2002	FALSE	-	2002
1262	2006	FALSE	-	2006-09
1263	2001	FALSE	-	2001
1263	2002	FALSE	-	2002
1264	2001	FALSE	-	2001
1264	2002	FALSE	-	2002
1265	2006	FALSE	-	2006-09
1266	2001	FALSE	-	2001
1266	2002	FALSE	-	2002
1266	2006	FALSE	-	2006-09
1266	2012	FALSE	-	2012-08-27
1266	2014	FALSE	-	2014-07-16
1266	2017	FALSE	-	2017-07-17
1267	2001	FALSE	-	2001
1267	2002	FALSE	-	2002
1268	2004	FALSE	-	2004
1269	2004	FALSE	-	2004
1270	2004	FALSE	-	2004
1270	2011	FALSE	-	2011-08-02
1270	2013	FALSE	-	2013-08-20
1270	2017	FALSE	-	2017-06-19
1271	2004	FALSE	-	2004
1272	2004	FALSE	-	2004
1273	2004	FALSE	-	2004
1274	2004	FALSE	-	2004
1275	2004	FALSE	-	2004
1276	2003	FALSE	-	2003
1276	2007	FALSE	-	2007-07
1277	1991	FALSE	-	1991-06
1277	2003	FALSE	-	2003
1278	2003	FALSE	-	2003
1278	2007	FALSE	-	2007-07
1279	2003	FALSE	-	2003
1280	1991	FALSE	-	1991-06
1280	2003	FALSE	-	2003
1281	2003	FALSE	-	2003
1281	2011	FALSE	-	2011-07-28
1281	2014	FALSE	-	2014-08-06
1281	2014	FALSE	-	2014-08-20
1281	2016	FALSE	-	2016-07
1281	2018	FALSE	-	2018
1282	2001	FALSE	-	2001
1282	2011	FALSE	-	2011-06-15
1282	2014	FALSE	-	2014-06-30
1283	1991	FALSE	-	1991-07
1283	2001	FALSE	-	2001
1284	2001	FALSE	-	2001
1285	2001	FALSE	-	2001
1286	1988	FALSE	-	1988-09
1286	2001	FALSE	-	2001
1286	2002	FALSE	-	2002
1287	2001	FALSE	-	2001
1287	2002	FALSE	-	2002
1287	2013	FALSE	-	2013-07-04
1287	2017	FALSE	-	2017-06-01
1288	2001	FALSE	-	2001
1288	2002	FALSE	-	2002
1289	1988	FALSE	-	1988-09
1289	2001	FALSE	-	2001
1289	2002	FALSE	-	2002
1289	2017	FALSE	-	2017-06-01
1290	2003	FALSE	-	2003
1290	2004	FALSE	-	2004
1291	2003	FALSE	-	2003
1291	2004	FALSE	-	2004
1292	2003	FALSE	-	2003
1292	2004	FALSE	-	2004
1293	2003	FALSE	-	2003
1293	2004	FALSE	-	2004
1294	1991	FALSE	-	1991-05
1294	2003	FALSE	-	2003
1294	2004	FALSE	-	2004
1295	1990	FALSE	-	1990-06
1295	2001	FALSE	-	2001
1295	2002	FALSE	-	2002
1296	2001	FALSE	-	2001
1296	2002	FALSE	-	2002
1297	2001	FALSE	-	2001
1297	2002	FALSE	-	2002
1297	2003	FALSE	-	2003of2004
1298	2001	FALSE	-	2001
1298	2002	FALSE	-	2002
1299	2001	FALSE	-	2001
1299	2002	FALSE	-	2002
1300	2001	FALSE	-	2001
1300	2002	FALSE	-	2002
1300	2003	FALSE	-	2003of2004
1300	2006	TRUE	CalliHam,FontiAnt,RanunBatG	2006-09-20
1301	2001	FALSE	-	2001
1301	2002	FALSE	-	2002
1301	2006	TRUE	RanunBatG	2006-09-20
1301	2008	TRUE	RanunBatG	2008-05-30
1302	2001	FALSE	-	2001
1302	2002	FALSE	-	2002
1303	2001	FALSE	-	2001
1303	2002	FALSE	-	2002
1303	2014	FALSE	-	2014-08-20
1304	2001	FALSE	-	2001
1304	2002	FALSE	-	2002
1305	2001	FALSE	-	2001
1305	2002	FALSE	-	2002
1306	2001	FALSE	-	2001
1306	2002	FALSE	-	2002
1306	2003	FALSE	-	2003of2004
1307	2006	FALSE	-	2006-08
1308	2001	FALSE	-	2001
1308	2006	TRUE	PotamObt,RanunPelG	2006-08-03
1308	2019	TRUE	RanunPel	2019
1309	2001	FALSE	-	2001
1309	2003	TRUE	RanunPen	2003najaar
1309	2004	TRUE	RanunPen	2004voorjaar
1309	2006	TRUE	PotamObt,RanunPelG	2006-08-03
1309	2008	TRUE	RanunPel	2008-05-29
1310	2001	FALSE	-	2001
1310	2006	TRUE	PotamObt	2006-08-03
1311	2001	FALSE	-	2001
1311	2002	FALSE	-	2002
1311	2006	FALSE	-	2006-09
1312	2001	FALSE	-	2001
1312	2002	FALSE	-	2002
1313	2001	FALSE	-	2001
1313	2002	FALSE	-	2002
1314	2001	FALSE	-	2001
1314	2002	FALSE	-	2002
1315	2001	FALSE	-	2001
1315	2002	FALSE	-	2002
1315	2003	FALSE	-	2003of2004
1315	2006	FALSE	-	2006-09
1316	2006	FALSE	-	2006-09
1317	2003	TRUE	PotamPer	2003najaar
1318	1990	FALSE	-	1990-06
1318	2006	TRUE	PotamBer	2006-09-19
1319	2006	TRUE	PotamBer,PotamPol	2006-09-19
1319	2012	TRUE	PotamPol	2012-05-20
1319	2019	FALSE	-	2019-05-27
1320	2006	FALSE	-	2006-09
1321	2001	FALSE	-	2001
1321	2002	FALSE	-	2002
1322	2001	FALSE	-	2001
1322	2002	FALSE	-	2002
1322	2011	FALSE	-	2011
1322	2014	FALSE	-	2014-07-23
1322	2015	FALSE	-	2015-08
1322	2017	FALSE	-	2017
1323	2001	FALSE	-	2001
1323	2002	FALSE	-	2002
1324	2001	FALSE	-	2001
1324	2002	FALSE	-	2002
1325	2001	FALSE	-	2001
1325	2002	FALSE	-	2002
1326	2001	FALSE	-	2001
1326	2002	FALSE	-	2002
1326	2003	FALSE	-	2003of2004
1327	2001	FALSE	-	2001
1327	2002	FALSE	-	2002
1327	2011	FALSE	-	2011-09-19
1327	2014	FALSE	-	2014-07-18
1328	2001	FALSE	-	2001
1328	2002	FALSE	-	2002
1329	2001	FALSE	-	2001
1329	2002	FALSE	-	2002
1329	2011	FALSE	-	2011-05-26
1329	2014	FALSE	-	2014-07-23
1329	2015	FALSE	-	2015-08
1329	2017	FALSE	-	2017-08-17
1330	2001	FALSE	-	2001
1330	2002	FALSE	-	2002
1331	2001	FALSE	-	2001
1331	2002	FALSE	-	2002
1332	2006	FALSE	-	2006-09
1333	1990	TRUE	PotamBer	1990-06-12
1333	2005	FALSE	-	2005
1334	2005	FALSE	-	2005
1334	2009	FALSE	-	2009-08-21
1334	2017	FALSE	-	2017-08-10
1335	2005	FALSE	-	2005
1335	2009	FALSE	-	2009-08-20
1336	2005	FALSE	-	2005
1337	2005	FALSE	-	2005
1338	2005	FALSE	-	2005
1338	2009	FALSE	-	2009-08-21
1338	2012	FALSE	-	2012-07-24
1338	2014	FALSE	-	2014-07-31
1338	2017	FALSE	-	2017-08-10
1339	2005	FALSE	-	2005
1339	2009	FALSE	-	2009-08-21
1341	2003	FALSE	-	2003of2004
1341	2009	FALSE	-	2009-08-21
1342	2005	FALSE	-	2005
1342	2009	FALSE	-	2009-08-18
1342	2013	FALSE	-	2013-08-21
1342	2017	FALSE	-	2017-08-02
1343	2005	FALSE	-	2005
1344	2005	FALSE	-	2005
1345	2005	FALSE	-	2005
1346	2005	FALSE	-	2005
1346	2009	FALSE	-	2009-08-18
1346	2012	FALSE	-	2012-07-25
1346	2014	FALSE	-	2014-07-29
1346	2017	FALSE	-	2017-08-16
1347	2005	FALSE	-	2005
1347	2009	FALSE	-	2009-08-20
1347	2012	FALSE	-	2012-07-25
1347	2014	FALSE	-	2014-07-29
1347	2017	FALSE	-	2017-08-16
1348	2005	FALSE	-	2005
1348	2009	FALSE	-	2009-08-18
1348	2012	FALSE	-	2012-07-25
1348	2014	FALSE	-	2014-07-29
1348	2017	FALSE	-	2017-08-16
1349	2003	TRUE	RanunPen	2003najaar
1349	2004	TRUE	RanunPen	2004voorjaar
1349	2005	FALSE	-	2005
1349	2009	TRUE	RanunBatG	2009-08-18
1350	2005	FALSE	-	2005
1350	2009	FALSE	-	2009-08-18
1351	2005	FALSE	-	2005
1351	2009	FALSE	-	2009-08-20
1352	2006	FALSE	-	2006-07
1353	2006	FALSE	-	2006-07
1353	2008	FALSE	-	2008-05-29
1354	2003	FALSE	-	2003of2004
1355	2006	FALSE	-	2006-07
1356	2003	TRUE	RanunPen	2003najaar
1356	2004	TRUE	RanunPen	2004voorjaar
1356	2006	FALSE	-	2006-07
1357	2006	FALSE	-	2006-07
1358	2002	TRUE	PotamObt	2002-08-27
1358	2006	TRUE	PotamObt	2006-07-28
1359	2006	FALSE	-	2006-07
1360	2006	FALSE	-	2006-07
1361	2006	TRUE	CalliHam	2006-07-28
1362	1989	FALSE	-	1989-10
1362	1990	FALSE	-	1990-06
1363	2006	TRUE	CalliHam	2006-07-28
1364	2006	FALSE	-	2006-07
1365	1989	FALSE	-	1989-10
1365	1990	TRUE	PotamPer	1990-06-14
1366	2006	FALSE	-	2006-07
1367	2009	FALSE	-	2009-08-18
1368	2009	FALSE	-	2009-08-18
1369	2009	FALSE	-	2009-08-18
1370	2001	FALSE	-	2001
1371	1990	FALSE	-	1990-06
1371	2001	FALSE	-	2001
1372	2001	FALSE	-	2001
1373	2001	FALSE	-	2001
1373	2003	FALSE	-	2003of2004
1374	2001	FALSE	-	2001
1375	1990	FALSE	-	1990-06
1375	2001	FALSE	-	2001
1376	2001	FALSE	-	2001
1376	2013	FALSE	-	2013-06-18
1376	2013	FALSE	-	2013-08-29
1377	1991	FALSE	-	1991-06
1377	2001	FALSE	-	2001
1378	2001	FALSE	-	2001
1379	1991	FALSE	-	1991-06
1379	2001	FALSE	-	2001
1380	2001	FALSE	-	2001
1380	2014	FALSE	-	2014-08-19
1380	2017	FALSE	-	2017-09-11
1381	2001	FALSE	-	2001
1381	2004	FALSE	-	2004-08
1382	2001	FALSE	-	2001
1383	1991	FALSE	-	1991-06
1383	2001	FALSE	-	2001
1384	2001	FALSE	-	2001
1385	2001	FALSE	-	2001
1386	1991	FALSE	-	1991-07
1386	2001	FALSE	-	2001
1387	2001	FALSE	-	2001
1387	2011	FALSE	-	2011-06-01
1387	2014	FALSE	-	2014
1387	2017	FALSE	-	2017
1387	2019	FALSE	-	2019-06-20
1388	2001	FALSE	-	2001
1389	2001	FALSE	-	2001
1389	2004	FALSE	-	2004-08
1390	2001	FALSE	-	2001
1390	2018	FALSE	-	2018-08-28
1391	2001	FALSE	-	2001
1391	2002	FALSE	-	2002-08
1391	2008	FALSE	-	2008-06-10
1391	2014	FALSE	-	2014-06-30
1391	2017	FALSE	-	2017-07-17
1391	2019	FALSE	-	2019-06-20
1392	2001	FALSE	-	2001
1392	2002	TRUE	PotamObt,RanunAquG	2002-09-02
1392	2003	TRUE	RanunPen	2003najaar
1392	2006	TRUE	PotamObt	2006-08-03
1393	2001	FALSE	-	2001
1393	2006	FALSE	-	2006-08
1393	2009	FALSE	-	2009-07-28
1393	2017	FALSE	-	2017-07-04
1394	2001	FALSE	-	2001
1395	2001	FALSE	-	2001
1395	2002	TRUE	PotamObt,RanunAquG	2002-08-07
1395	2006	TRUE	PotamObt	2006-08-03
1395	2018	TRUE	PotamObt	2018-07-17
1396	2006	FALSE	-	2006-08
1397	1990	TRUE	RanunPel	1990-06-14
1399	2003	FALSE	-	2003
1399	2004	FALSE	-	2004
1400	1993	FALSE	-	1993-06
1400	2003	FALSE	-	2003
1400	2004	FALSE	-	2004
1401	2003	FALSE	-	2003
1401	2004	FALSE	-	2004
1402	1993	FALSE	-	1993-06
1402	2003	FALSE	-	2003
1402	2004	FALSE	-	2004
1403	2003	FALSE	-	2003
1403	2004	FALSE	-	2004
1404	1993	FALSE	-	1993-06
1404	2003	FALSE	-	2003
1404	2004	FALSE	-	2004
1405	2003	FALSE	-	2003
1405	2004	FALSE	-	2004
1405	2015	FALSE	-	2015-06-15
1406	2003	FALSE	-	2003
1406	2004	FALSE	-	2004
1406	2013	FALSE	-	2013-07-31
1406	2017	FALSE	-	2017-07-07
1407	1993	FALSE	-	1993-04
1407	2003	FALSE	-	2003
1407	2004	FALSE	-	2004
1408	2003	FALSE	-	2003
1408	2004	FALSE	-	2004
1408	2015	FALSE	-	2015-06-15
1409	2017	FALSE	-	2017-07-07
1410	2017	FALSE	-	2017-07-07
1410	2019	FALSE	-	2019-07-01
1411	1991	FALSE	-	1991-07
1412	2007	FALSE	-	2007-08
1413	2007	FALSE	-	2007-08
1413	2013	FALSE	-	2013-07-03
1413	2013	FALSE	-	2013-07-17
1413	2016	FALSE	-	2016-07-05
1413	2019	FALSE	-	2019-09-13
1414	2007	FALSE	-	2007-08
1415	2009	FALSE	-	2009-09-09
1416	2009	TRUE	RanunBatG	2009-09-09
1416	2017	TRUE	CalliHam,RanunAqu	2017-05-19
1417	2009	FALSE	-	2009-09-09
1418	2007	FALSE	-	2007-08
1419	2007	FALSE	-	2007-08
1420	1991	FALSE	-	1991-04
1421	2007	FALSE	-	2007-08
1422	2007	FALSE	-	2007-08
1423	1991	FALSE	-	1991-04
1425	2007	FALSE	-	2007-08
1425	2012	FALSE	-	2012-07-06
1426	2007	FALSE	-	2007-08
1427	2007	FALSE	-	2007-08
1428	2006	FALSE	-	2006-06
1428	2007	FALSE	-	2007-08
1428	2013	FALSE	-	2013-07-17
1428	2015	FALSE	-	2015-09-04
1428	2016	FALSE	-	2016-09-19
1428	2017	FALSE	-	2017-09-28
1428	2018	FALSE	-	2018
1428	2019	FALSE	-	2019
1429	1991	FALSE	-	1991-07
1429	2007	FALSE	-	2007-08
1430	1991	FALSE	-	1991-07
1430	1991	FALSE	-	1991-09
1431	2007	FALSE	-	2007-08
1432	2001	FALSE	-	2001
1433	2001	FALSE	-	2001
1434	2001	FALSE	-	2001
1434	2006	FALSE	-	2006-06
1435	2001	FALSE	-	2001
1436	2001	FALSE	-	2001
1436	2011	FALSE	-	2011-09-15
1436	2017	FALSE	-	2017-07-26
1437	2001	FALSE	-	2001
1438	2001	FALSE	-	2001
1439	1990	FALSE	-	1990-06
1439	2001	FALSE	-	2001
1440	2001	FALSE	-	2001
1441	2001	FALSE	-	2001
1442	2001	FALSE	-	2001
1443	2001	FALSE	-	2001
1444	2001	FALSE	-	2001
1445	2006	FALSE	-	2006-08
1446	1990	FALSE	-	1990-06
1446	2006	FALSE	-	2006-08
1447	2006	FALSE	-	2006-08
1448	2003	FALSE	-	2003of2004
1448	2006	FALSE	-	2006-08
1449	2006	FALSE	-	2006-08
1450	2006	FALSE	-	2006-08
1451	2003	FALSE	-	2003of2004
1452	2002	TRUE	CalliHam	2002-08-05
1452	2006	TRUE	PotamLuc	2006-06-29
1452	2016	FALSE	-	2016-08-26
1453	2012	FALSE	-	2012-08-14
1453	2017	FALSE	-	2017-06-13
1454	2003	FALSE	-	2003of2004
1454	2006	FALSE	-	2006-06
1455	2006	FALSE	-	2006-06
1456	2006	FALSE	-	2006-06
1456	2012	FALSE	-	2012-09-20
1456	2017	FALSE	-	2017-06-14
1457	2004	FALSE	-	2004
1458	2004	FALSE	-	2004
1459	2004	FALSE	-	2004
1460	2004	FALSE	-	2004
1461	2004	FALSE	-	2004
1462	2004	FALSE	-	2004
1463	2004	FALSE	-	2004
1464	2005	FALSE	-	2005
1465	2005	FALSE	-	2005
1466	1988	FALSE	-	1988-07
1466	2005	FALSE	-	2005
1467	2005	FALSE	-	2005
1468	1988	FALSE	-	1988-07
1468	2005	FALSE	-	2005
1469	2005	FALSE	-	2005
1470	2005	FALSE	-	2005
1470	2009	FALSE	-	2009-08-24
1470	2019	FALSE	-	2019-06-17
1471	1988	FALSE	-	1988-07
1471	2005	FALSE	-	2005
1472	2005	FALSE	-	2005
1472	2019	FALSE	-	2019-06-17
1473	2005	FALSE	-	2005
1474	2005	FALSE	-	2005
1475	2005	FALSE	-	2005
1476	1988	FALSE	-	1988-07
1476	2005	FALSE	-	2005
1477	2005	FALSE	-	2005
1478	2005	FALSE	-	2005
1479	1988	FALSE	-	1988-07
1479	2005	FALSE	-	2005
1480	2005	FALSE	-	2005
1481	2005	FALSE	-	2005
1482	1988	FALSE	-	1988-07
1482	2005	FALSE	-	2005
1483	2005	FALSE	-	2005
1484	1988	FALSE	-	1988-07
1484	2005	FALSE	-	2005
1485	2005	FALSE	-	2005
1486	2005	FALSE	-	2005
1486	2019	FALSE	-	2019-06-17
1487	1988	FALSE	-	1988-07
1487	2005	FALSE	-	2005
1488	2007	TRUE	CalliHam	2007-07-27
1488	2015	TRUE	CalliHam	2015-06-25
1489	1991	FALSE	-	1991-06
1489	2007	FALSE	-	2007-08
1490	2007	TRUE	CalliHam	2007-08-03
1491	2007	FALSE	-	2007-07
1492	2007	FALSE	-	2007-07
1492	NA	TRUE	RanunHed	z.d.
1493	2007	FALSE	-	2007-07
1494	1991	FALSE	-	1991-06
1495	2007	FALSE	-	2007-07
1496	2007	FALSE	-	2007-08
1497	2007	FALSE	-	2007-08
1498	2007	FALSE	-	2007-08
1499	2009	FALSE	-	2009-08-26
1500	2009	FALSE	-	2009-08-26
1501	2009	FALSE	-	2009-08-26
1502	2009	TRUE	CalliHam	2009-08-26
1502	2016	TRUE	CalliHam	2016-08-19
1503	1991	FALSE	-	1991-06
1504	1991	TRUE	CalliHam	1991-06-11
1504	2003	FALSE	-	2003
1505	2003	FALSE	-	2003
1505	2007	FALSE	-	2007-07
1506	2003	FALSE	-	2003
1507	2003	FALSE	-	2003
1508	1991	FALSE	-	1991-06
1508	2003	FALSE	-	2003
1509	2003	FALSE	-	2003
1509	2007	FALSE	-	2007-07
1510	2003	FALSE	-	2003
1511	2003	FALSE	-	2003
1512	2006	FALSE	-	2006-08
1513	2004	FALSE	-	2004
1514	2007	FALSE	-	2007-09
1514	2012	FALSE	-	2012-08-23
1515	2004	FALSE	-	2004
1516	2004	FALSE	-	2004
1517	2004	FALSE	-	2004
1518	2004	FALSE	-	2004
1519	1991	TRUE	RanunAqu	1991-03-21
1519	2004	FALSE	-	2004
1520	2004	FALSE	-	2004
1520	2007	FALSE	-	2007-09
1520	2011	FALSE	-	2011-07-18
1521	2004	FALSE	-	2004
1521	2007	FALSE	-	2007-09
1522	2004	FALSE	-	2004
1522	2007	FALSE	-	2007-09
1522	2011	FALSE	-	2011-07-28
1522	2014	FALSE	-	2014-08-06
1522	2017	FALSE	-	2017-06-21
1523	2007	FALSE	-	2007-09
1524	2007	FALSE	-	2007-09
1525	1991	FALSE	-	1991-06
1525	2004	FALSE	-	2004
1526	2004	FALSE	-	2004
1526	2007	FALSE	-	2007-09
1527	2003	FALSE	-	2003
1527	2007	TRUE	CalliHam	2007-07-27
1528	2003	FALSE	-	2003
1528	2007	FALSE	-	2007-07
1528	2012	FALSE	-	2012-07-13
1528	2018	FALSE	-	2018-08-29
1529	2003	FALSE	-	2003
1530	2003	FALSE	-	2003
1530	2013	FALSE	-	2013-08-01
1530	2013	FALSE	-	2013-09-05
1530	2016	FALSE	-	2016
1530	2018	FALSE	-	2018
1531	2003	FALSE	-	2003
1532	2003	FALSE	-	2003
1533	2003	FALSE	-	2003
1534	2003	FALSE	-	2003
1535	2003	FALSE	-	2003
1536	2003	FALSE	-	2003
1537	1991	FALSE	-	1991-06
1537	2003	FALSE	-	2003
1538	2003	FALSE	-	2003
1538	2007	FALSE	-	2007-07
1539	1991	TRUE	RanunAqu	1991-06-10
1540	1988	FALSE	-	1988-09
1540	2001	FALSE	-	2001
1540	2002	FALSE	-	2002
1541	2001	FALSE	-	2001
1541	2002	FALSE	-	2002
1541	2013	FALSE	-	2013-07-05
1541	2015	FALSE	-	2015-06-24
1541	2017	FALSE	-	2017-07-13
1542	2001	FALSE	-	2001
1542	2002	FALSE	-	2002
1543	2001	FALSE	-	2001
1543	2002	FALSE	-	2002
1544	2001	FALSE	-	2001
1544	2002	FALSE	-	2002
1545	1988	FALSE	-	1988-09
1545	2001	FALSE	-	2001
1545	2002	FALSE	-	2002
1546	2001	FALSE	-	2001
1546	2002	FALSE	-	2002
1547	2001	FALSE	-	2001
1547	2002	FALSE	-	2002
1548	2001	FALSE	-	2001
1548	2002	FALSE	-	2002
1549	2001	FALSE	-	2001
1549	2002	FALSE	-	2002
1550	2001	FALSE	-	2001
1550	2002	FALSE	-	2002
1551	2001	FALSE	-	2001
1551	2002	FALSE	-	2002
1551	2010	FALSE	-	2010-07-02
1551	2016	FALSE	-	2016-07-05
1552	1988	FALSE	-	1988-09
1552	2001	FALSE	-	2001
1552	2002	FALSE	-	2002
1553	2001	FALSE	-	2001
1553	2002	FALSE	-	2002
1554	2001	FALSE	-	2001
1554	2002	FALSE	-	2002
1555	2001	FALSE	-	2001
1555	2002	FALSE	-	2002
1556	1988	FALSE	-	1988-09
1556	2001	FALSE	-	2001
1556	2002	FALSE	-	2002
1557	2001	FALSE	-	2001
1557	2002	FALSE	-	2002
1557	2014	FALSE	-	2014-06-06
1558	2001	FALSE	-	2001
1558	2002	FALSE	-	2002
1559	1988	FALSE	-	1988-09
1559	2001	FALSE	-	2001
1559	2002	FALSE	-	2002
1560	2001	FALSE	-	2001
1560	2002	FALSE	-	2002
1561	1988	FALSE	-	1988-09
1561	2001	FALSE	-	2001
1561	2002	FALSE	-	2002
1562	2001	FALSE	-	2001
1562	2002	FALSE	-	2002
1563	2001	FALSE	-	2001
1563	2002	FALSE	-	2002
1564	2001	FALSE	-	2001
1564	2002	FALSE	-	2002
1565	2001	FALSE	-	2001
1565	2002	FALSE	-	2002
1566	2001	FALSE	-	2001
1566	2002	FALSE	-	2002
1567	2001	FALSE	-	2001
1567	2002	FALSE	-	2002
1568	2001	FALSE	-	2001
1568	2002	FALSE	-	2002
1569	2001	FALSE	-	2001
1569	2002	FALSE	-	2002
1570	2001	FALSE	-	2001
1570	2002	FALSE	-	2002
1571	2001	FALSE	-	2001
1571	2002	FALSE	-	2002
1572	2001	FALSE	-	2001
1572	2002	FALSE	-	2002
1573	1988	FALSE	-	1988-09
1573	2001	FALSE	-	2001
1573	2002	FALSE	-	2002
1574	2001	FALSE	-	2001
1574	2002	FALSE	-	2002
1575	2001	FALSE	-	2001
1575	2002	FALSE	-	2002
1576	1988	FALSE	-	1988-09
1576	2001	FALSE	-	2001
1576	2002	FALSE	-	2002
1577	2001	FALSE	-	2001
1577	2002	FALSE	-	2002
1578	2001	FALSE	-	2001
1578	2002	FALSE	-	2002
1578	2013	FALSE	-	2013-07-05
1578	2015	FALSE	-	2015-06-24
1578	2017	FALSE	-	2017-07-13
1579	1988	FALSE	-	1988-10
1579	2001	FALSE	-	2001
1579	2002	FALSE	-	2002
1580	2001	FALSE	-	2001
1580	2002	FALSE	-	2002
1581	2001	FALSE	-	2001
1581	2002	FALSE	-	2002
1582	2001	FALSE	-	2001
1582	2008	FALSE	-	2008-06-10
1582	2014	FALSE	-	2014-06-30
1582	2017	FALSE	-	2017-07-17
1582	2019	FALSE	-	2019-06-20
1583	2001	FALSE	-	2001
1584	1990	FALSE	-	1990-10
1584	2001	FALSE	-	2001
1585	2001	FALSE	-	2001
1585	2002	FALSE	-	2002
1586	2001	FALSE	-	2001
1586	2002	FALSE	-	2002
1587	2001	FALSE	-	2001
1587	2002	FALSE	-	2002
1588	1988	FALSE	-	1988-10
1588	2001	FALSE	-	2001
1588	2002	FALSE	-	2002
1589	2001	FALSE	-	2001
1589	2002	FALSE	-	2002
1590	2001	FALSE	-	2001
1590	2002	FALSE	-	2002
1591	1988	FALSE	-	1988-10
1591	2006	FALSE	-	2006-08
1592	2006	FALSE	-	2006-08
1593	2001	FALSE	-	2001
1593	2002	FALSE	-	2002
1594	2001	FALSE	-	2001
1594	2002	FALSE	-	2002
1595	2001	FALSE	-	2001
1595	2002	FALSE	-	2002
1596	2007	FALSE	-	2007-08
1597	1991	FALSE	-	1991-07
1598	2007	FALSE	-	2007-08
1599	1991	FALSE	-	1991-07
1599	2007	FALSE	-	2007-08
1600	2007	FALSE	-	2007-08
1601	2007	FALSE	-	2007-08
1602	2007	FALSE	-	2007-08
1603	2003	FALSE	-	2003
1604	2003	FALSE	-	2003
1605	2003	FALSE	-	2003
1606	2003	FALSE	-	2003
1606	2006	FALSE	-	2006-06
1607	2003	FALSE	-	2003
1607	2007	FALSE	-	2007-08
1608	2003	FALSE	-	2003
1608	2006	FALSE	-	2006-06
1609	2003	FALSE	-	2003
1609	2007	FALSE	-	2007-08
1609	2011	FALSE	-	2011-06-16
1609	2014	FALSE	-	2014-08-06
1609	2017	FALSE	-	2017-07-05
1610	2003	FALSE	-	2003
1610	2007	FALSE	-	2007-08
1610	2011	FALSE	-	2011-06-21
1610	2014	FALSE	-	2014-08-05
1610	2017	FALSE	-	2017-07-05
1611	2003	FALSE	-	2003
1611	2007	FALSE	-	2007-08
1611	2011	FALSE	-	2011-06-21
1611	2014	FALSE	-	2014-08-05
1612	2003	FALSE	-	2003
1612	2006	FALSE	-	2006-06
1612	2017	FALSE	-	2017-08-11
1613	2007	FALSE	-	2007-08
1614	2006	FALSE	-	2006-06
1615	2007	FALSE	-	2007-07
1616	2006	FALSE	-	2006-09
1616	2007	FALSE	-	2007-08
1617	1991	TRUE	CalliHam	1991-07-03
1617	2007	TRUE	PotamPol	2007-08-14
1617	2017	FALSE	-	2017-07-07
1618	2001	FALSE	-	2001
1618	2002	FALSE	-	2002
1619	2001	FALSE	-	2001
1619	2002	FALSE	-	2002
1620	2001	FALSE	-	2001
1620	2002	FALSE	-	2002
1621	2001	FALSE	-	2001
1621	2002	FALSE	-	2002
1622	2001	FALSE	-	2001
1622	2002	FALSE	-	2002
1623	1993	FALSE	-	1993-06
1623	2001	FALSE	-	2001
1623	2002	FALSE	-	2002
1624	2001	FALSE	-	2001
1624	2002	FALSE	-	2002
1625	2001	FALSE	-	2001
1625	2002	FALSE	-	2002
1626	2004	FALSE	-	2004-07
1627	2001	FALSE	-	2001
1627	2002	FALSE	-	2002
1628	2001	FALSE	-	2001
1628	2002	FALSE	-	2002
1629	2001	FALSE	-	2001
1629	2002	FALSE	-	2002
1630	2001	FALSE	-	2001
1630	2002	FALSE	-	2002
1631	2001	FALSE	-	2001
1631	2002	FALSE	-	2002
1632	2001	FALSE	-	2001
1632	2002	FALSE	-	2002
1633	2001	FALSE	-	2001
1633	2002	FALSE	-	2002
1634	2001	FALSE	-	2001
1634	2002	FALSE	-	2002
1635	2001	FALSE	-	2001
1635	2002	FALSE	-	2002
1636	2001	FALSE	-	2001
1636	2002	FALSE	-	2002
1637	2001	FALSE	-	2001
1637	2002	FALSE	-	2002
1638	2001	FALSE	-	2001
1638	2002	FALSE	-	2002
1639	2001	FALSE	-	2001
1639	2002	FALSE	-	2002
1640	2001	FALSE	-	2001
1640	2002	FALSE	-	2002
1641	2001	FALSE	-	2001
1641	2002	FALSE	-	2002
1642	1993	FALSE	-	1993-03
1642	2001	FALSE	-	2001
1642	2002	FALSE	-	2002
1643	1993	FALSE	-	1993-06
1643	2001	FALSE	-	2001
1643	2002	FALSE	-	2002
1644	2001	FALSE	-	2001
1644	2002	FALSE	-	2002
1645	2001	FALSE	-	2001
1645	2002	FALSE	-	2002
1645	2008	FALSE	-	2008-06-23
1645	2012	FALSE	-	2012-06-19
1645	2017	FALSE	-	2017-07-04
1646	2001	FALSE	-	2001
1646	2002	FALSE	-	2002
1647	2001	FALSE	-	2001
1647	2002	FALSE	-	2002
1648	2001	FALSE	-	2001
1648	2002	FALSE	-	2002
1649	2001	FALSE	-	2001
1649	2002	FALSE	-	2002
1650	2001	FALSE	-	2001
1650	2002	FALSE	-	2002
1651	2001	FALSE	-	2001
1651	2002	FALSE	-	2002
1652	2001	FALSE	-	2001
1652	2002	FALSE	-	2002
1653	2001	FALSE	-	2001
1653	2002	FALSE	-	2002
1654	2001	FALSE	-	2001
1654	2002	FALSE	-	2002
1655	2001	FALSE	-	2001
1655	2002	FALSE	-	2002
1656	2001	FALSE	-	2001
1656	2002	FALSE	-	2002
1657	2001	FALSE	-	2001
1657	2002	FALSE	-	2002
1658	2003	FALSE	-	2003
1658	2004	FALSE	-	2004
1659	2007	FALSE	-	2007-08
1660	2007	FALSE	-	2007-08
1660	2019	FALSE	-	2019-09-27
1661	2007	FALSE	-	2007-08
1661	2009	FALSE	-	2009-09-16
1662	2009	FALSE	-	2009-09-16
1663	2007	FALSE	-	2007-08
1664	2007	FALSE	-	2007-08
1664	2009	FALSE	-	2009-09-16
1665	1993	FALSE	-	1993-04
1665	2003	FALSE	-	2003
1665	2004	FALSE	-	2004
1666	2003	FALSE	-	2003
1666	2004	FALSE	-	2004
1667	2007	FALSE	-	2007-07
1667	2016	FALSE	-	2016-09-12
1667	2019	FALSE	-	2019-08-01
1668	2007	FALSE	-	2007-07
1668	2016	FALSE	-	2016-07-15
1668	2019	FALSE	-	2019-08-01
1669	2003	FALSE	-	2003
1669	2007	FALSE	-	2007-07
1670	2003	FALSE	-	2003
1671	2003	FALSE	-	2003
1672	2003	FALSE	-	2003
1673	2003	FALSE	-	2003
1674	1991	FALSE	-	1991-06
1674	2003	FALSE	-	2003
1675	2003	FALSE	-	2003
1675	2016	FALSE	-	2016
1675	2018	FALSE	-	2018
1675	2019	FALSE	-	2019
1676	2003	FALSE	-	2003
1677	2003	FALSE	-	2003
1678	2003	FALSE	-	2003
1679	2003	FALSE	-	2003
1680	2003	FALSE	-	2003
1680	2012	FALSE	-	2012-08-02
1680	2017	FALSE	-	2017-09-04
1681	2003	FALSE	-	2003
1682	2003	FALSE	-	2003
1683	2003	FALSE	-	2003
1683	2013	FALSE	-	2013-08-08
1683	2016	FALSE	-	2016-08-29
1683	2019	FALSE	-	2019-07-08
1684	2003	FALSE	-	2003
1685	2003	FALSE	-	2003
1686	2003	FALSE	-	2003
1687	2002	FALSE	-	2002
1687	2003	FALSE	-	2003
1688	2002	FALSE	-	2002
1688	2003	FALSE	-	2003
1689	2009	FALSE	-	2009-08-20
1690	2006	FALSE	-	2006-08
1690	2007	FALSE	-	2007-08-13
1690	2010	FALSE	-	2010-08-26
1690	2016	FALSE	-	2016-09-08
1690	2019	FALSE	-	2019-08-05
1691	2003	FALSE	-	2003of2004
1691	2006	TRUE	CalliHam	2006-06-22
1692	2001	FALSE	-	2001
1692	2002	FALSE	-	2002
1692	2002	TRUE	CalliHam,RanunTri	2002-08-22
1692	2003	TRUE	RanunPen	2003najaar
1692	2004	TRUE	RanunPen	2004voorjaar
1692	2006	TRUE	RanunBatG	2006-09-14
1693	2001	FALSE	-	2001
1693	2002	FALSE	-	2002
1693	2010	TRUE	CalliHam,PotamBer,RanunPel	2010
1693	2011	TRUE	CalliHam,PotamBer,RanunPel	2011
1693	2012	TRUE	CalliHam,PotamBer,RanunPel	2012
1693	2014	TRUE	CalliHam,PotamBer,RanunPel	2014
1693	2015	TRUE	nietgespecifieerd	2015
1693	2016	TRUE	RanunAqu	2016-06-01
1693	2019	TRUE	RanunPel	2019-07-04
1694	1990	FALSE	-	1990-06
1694	2001	FALSE	-	2001
1694	2002	FALSE	-	2002
1695	2001	FALSE	-	2001
1695	2002	FALSE	-	2002
1695	2006	TRUE	RanunPelG	2006-09-14
1695	2008	TRUE	RanunBatG	2008-5-30
1695	2014	TRUE	PotamPol	2014-11-21
1695	2015	TRUE	nietgespecifieerd	2015
1695	2016	FALSE	-	2016-07-28
1695	2017	FALSE	-	2017-05-17
1696	2006	TRUE	RanunPelG	2006-09-14
1696	2016	FALSE	-	2016-07-28
1696	2018	FALSE	-	2018
1697	2003	TRUE	RanunPen	2003najaar
1697	2006	TRUE	PotamPol,RanunPelG	2006-09-14
1697	2008	TRUE	RanunPel	2008-05-30
1699	2006	FALSE	-	2006-09
1700	2003	FALSE	-	2003of2004
1701	2003	FALSE	-	2003of2004
1702	2003	FALSE	-	2003of2004
1704	2001	FALSE	-	2001
1705	2003	FALSE	-	2003of2004
1707	1990	FALSE	-	1990-06
1708	2001	FALSE	-	2001
1709	2001	FALSE	-	2001
1709	2003	FALSE	-	2003of2004
1710	2001	FALSE	-	2001
1711	2001	FALSE	-	2001
1711	2002	FALSE	-	2002
1711	2006	FALSE	-	2006-09
1712	2001	FALSE	-	2001
1712	2002	FALSE	-	2002
1712	2003	FALSE	-	2003of2004
1712	2006	FALSE	-	2006-09
1713	2001	FALSE	-	2001
1713	2002	FALSE	-	2002
1713	2006	TRUE	CalliHam	2006-09-12
1713	2016	TRUE	RanunPel	2016-05-13
1714	2001	FALSE	-	2001
1714	2002	FALSE	-	2002
1714	2006	TRUE	RanunPelG	2006-09-12
1714	2008	TRUE	RanunBatG	2008-05-29
1715	2001	FALSE	-	2001
1715	2002	FALSE	-	2002
1715	2006	FALSE	-	2006-09
1716	1990	TRUE	RanunPel	1990-06-25
1716	2001	FALSE	-	2001
1716	2002	FALSE	-	2002
1717	2001	FALSE	-	2001
1717	2002	FALSE	-	2002
1717	2006	FALSE	-	2006-09
1718	2001	FALSE	-	2001
1718	2002	FALSE	-	2002
1718	2003	FALSE	-	2003of2004
1719	2001	FALSE	-	2001
1719	2002	FALSE	-	2002
1719	2003	FALSE	-	2003of2004
1720	2001	FALSE	-	2001
1720	2002	FALSE	-	2002
1721	2001	FALSE	-	2001
1721	2002	FALSE	-	2002
1722	2001	FALSE	-	2001
1722	2002	TRUE	CalliHam,PotamObt	2002-08-07
1722	2003	FALSE	-	2003of2004
1722	2006	FALSE	-	2006-08
1723	2001	FALSE	-	2001
1723	2006	FALSE	-	2006-08
1723	2009	FALSE	-	2009-07-29
1723	2017	FALSE	-	2017-07-18
1724	2001	FALSE	-	2001
1725	2001	FALSE	-	2001
1726	2001	FALSE	-	2001
1727	2006	FALSE	-	2006-06
1727	2011	FALSE	-	2011-07-18
1727	2017	FALSE	-	2017-06-20
1728	2001	FALSE	-	2001
1728	2006	FALSE	-	2006-06
1728	2011	FALSE	-	2011-07-18
1728	2017	FALSE	-	2017-06-14
1729	2001	FALSE	-	2001
1729	2003	FALSE	-	2003of2004
1729	2006	FALSE	-	2006-06
1730	2001	FALSE	-	2001
1730	2006	FALSE	-	2006-06
1731	2006	FALSE	-	2006-06
1732	2003	FALSE	-	2003of2004
1732	2006	FALSE	-	2006-06
1733	2006	FALSE	-	2006-06
1734	2001	FALSE	-	2001
1735	1990	FALSE	-	1990-06
1735	2001	FALSE	-	2001
1736	1990	FALSE	-	1990-06
1736	2001	FALSE	-	2001
1737	2004	FALSE	-	2004
1738	2004	FALSE	-	2004
1739	2001	FALSE	-	2001
1740	2001	FALSE	-	2001
1741	2001	FALSE	-	2001
1742	2002	FALSE	-	2002
1742	2003	FALSE	-	2003
1743	2002	FALSE	-	2002
1743	2003	FALSE	-	2003
1744	2002	FALSE	-	2002
1744	2003	FALSE	-	2003
1745	2002	FALSE	-	2002
1745	2003	FALSE	-	2003
1746	2002	FALSE	-	2002
1746	2003	FALSE	-	2003
1747	2004	FALSE	-	2004
1748	2004	FALSE	-	2004
1749	2004	FALSE	-	2004
1750	1992	FALSE	-	1992-05
1750	2004	FALSE	-	2004
1751	2004	FALSE	-	2004
1752	2004	FALSE	-	2004
1752	2011	FALSE	-	2011-09-14
1752	2014	FALSE	-	2014-07-14
1753	2004	FALSE	-	2004
1754	2004	FALSE	-	2004
1755	2004	FALSE	-	2004
1756	2004	FALSE	-	2004
1757	2004	FALSE	-	2004
1758	2004	FALSE	-	2004
1759	2006	FALSE	-	2006-08
1760	1994	FALSE	-	1994-05
1760	2006	FALSE	-	2006-08
1761	2006	FALSE	-	2006-08
1761	2014	FALSE	-	2014-06-13
1762	1994	TRUE	RanunPel	1994-05-05
1762	2006	FALSE	-	2006-08
1763	2006	FALSE	-	2006-08
1765	2006	FALSE	-	2006-08
1766	2004	FALSE	-	2004
1767	2004	FALSE	-	2004
1768	2004	FALSE	-	2004
1769	2004	FALSE	-	2004
1770	2004	FALSE	-	2004
1770	2019	FALSE	-	2019-08-30
1771	2004	FALSE	-	2004
1771	2019	FALSE	-	2019-09-12
1772	2004	FALSE	-	2004
1773	2004	FALSE	-	2004
1774	2004	FALSE	-	2004
1775	2004	FALSE	-	2004
1776	2004	FALSE	-	2004
1777	2004	FALSE	-	2004
1777	2012	FALSE	-	2012-07-26
1777	2016	FALSE	-	2016-07-25
1777	2019	FALSE	-	2019
1778	2004	FALSE	-	2004
1779	2004	FALSE	-	2004
1780	2004	FALSE	-	2004
1781	2004	FALSE	-	2004
1781	2019	FALSE	-	2019-09-12
1782	2004	FALSE	-	2004
1783	2004	FALSE	-	2004
1784	1992	FALSE	-	1992-06
1784	2006	FALSE	-	2006-08
1785	2006	TRUE	RanunBatG	2006-08-31
1786	2006	FALSE	-	2006-08
1787	2006	FALSE	-	2006-08
1788	2006	FALSE	-	2006-08
1789	2006	FALSE	-	2006-08
1791	1992	TRUE	RanunPel	1992-05-22
1791	2006	FALSE	-	2006-08
1793	2006	FALSE	-	2006-08
1794	2006	FALSE	-	2006-09
1795	2007	FALSE	-	2007-08
1796	2004	FALSE	-	2004
1797	2004	FALSE	-	2004
1798	2001	FALSE	-	2001
1798	2002	FALSE	-	2002
1799	2001	FALSE	-	2001
1799	2002	FALSE	-	2002
1800	2001	FALSE	-	2001
1800	2002	FALSE	-	2002
1801	2001	FALSE	-	2001
1801	2002	FALSE	-	2002
1802	2001	FALSE	-	2001
1802	2002	FALSE	-	2002
1803	2001	FALSE	-	2001
1803	2002	FALSE	-	2002
1804	2001	FALSE	-	2001
1804	2002	FALSE	-	2002
1805	2001	FALSE	-	2001
1805	2002	FALSE	-	2002
1806	2001	FALSE	-	2001
1806	2002	FALSE	-	2002
1807	2001	FALSE	-	2001
1807	2002	FALSE	-	2002
1807	2002	FALSE	-	2002-07
1808	2001	FALSE	-	2001
1808	2002	FALSE	-	2002
1808	2002	FALSE	-	2002-07
1809	2001	FALSE	-	2001
1809	2002	FALSE	-	2002
1810	2001	FALSE	-	2001
1810	2002	FALSE	-	2002
1810	2011	FALSE	-	2011-05-24
1810	2013	FALSE	-	2013-09
1810	2017	FALSE	-	2017-08-25
1811	2001	FALSE	-	2001
1811	2002	FALSE	-	2002
1812	2001	FALSE	-	2001
1812	2002	FALSE	-	2002
1813	1991	FALSE	-	1991-09
1813	2001	FALSE	-	2001
1813	2002	FALSE	-	2002
1814	1994	FALSE	-	1994-03
1814	2005	FALSE	-	2005
1815	1994	FALSE	-	1994-03
1815	2005	FALSE	-	2005
1816	2005	FALSE	-	2005
1817	2005	FALSE	-	2005
1818	2005	FALSE	-	2005
1818	2011	FALSE	-	2011-05-26
1818	2019	FALSE	-	2019-07-03
1819	2005	FALSE	-	2005
1820	2005	FALSE	-	2005
1820	2011	FALSE	-	2011-05-26
1820	2019	FALSE	-	2019-07-03
1821	2005	FALSE	-	2005
1822	2005	FALSE	-	2005
1823	2005	FALSE	-	2005
1824	2005	FALSE	-	2005
1824	2011	FALSE	-	2011-05-26
1824	2019	FALSE	-	2019-07-03
1825	2005	FALSE	-	2005
1826	2005	FALSE	-	2005
1827	2001	FALSE	-	2001
1827	2002	FALSE	-	2002
1827	2011	FALSE	-	2011-05-24
1827	2013	FALSE	-	2013-09-20
1827	2017	FALSE	-	2017-08-25
1828	2001	FALSE	-	2001
1828	2002	FALSE	-	2002
1829	2001	FALSE	-	2001
1829	2002	FALSE	-	2002
1830	2001	FALSE	-	2001
1830	2002	FALSE	-	2002
1831	2001	FALSE	-	2001
1831	2002	FALSE	-	2002
1831	2002	FALSE	-	2002-07
1832	2001	FALSE	-	2001
1832	2002	FALSE	-	2002
1833	2001	FALSE	-	2001
1833	2002	FALSE	-	2002
1834	2001	FALSE	-	2001
1834	2002	FALSE	-	2002
1835	2001	FALSE	-	2001
1835	2002	FALSE	-	2002
1836	2001	FALSE	-	2001
1836	2002	FALSE	-	2002
1837	2001	FALSE	-	2001
1837	2002	FALSE	-	2002
1838	2001	FALSE	-	2001
1838	2002	FALSE	-	2002
1839	2001	FALSE	-	2001
1839	2002	FALSE	-	2002
1840	2001	FALSE	-	2001
1840	2002	FALSE	-	2002
1840	2018	FALSE	-	2018-06-14
1841	2001	FALSE	-	2001
1841	2002	FALSE	-	2002
1842	2001	FALSE	-	2001
1842	2002	FALSE	-	2002
1843	2001	FALSE	-	2001
1843	2002	FALSE	-	2002
1844	2001	FALSE	-	2001
1844	2002	FALSE	-	2002
1844	2013	FALSE	-	2013-06-27
1844	2013	FALSE	-	2013-07-04
1844	2018	FALSE	-	2018-06-14
1845	2001	FALSE	-	2001
1845	2002	FALSE	-	2002
1846	2001	FALSE	-	2001
1846	2002	FALSE	-	2002
1847	2001	FALSE	-	2001
1847	2002	FALSE	-	2002
1847	2011	FALSE	-	2011-05-23
1847	2014	FALSE	-	2014-05-28
1847	2017	FALSE	-	2017-08-04
1848	2001	FALSE	-	2001
1848	2002	FALSE	-	2002
1849	2001	FALSE	-	2001
1849	2002	FALSE	-	2002
1850	2001	FALSE	-	2001
1850	2002	FALSE	-	2002
1851	2001	FALSE	-	2001
1851	2002	FALSE	-	2002
1852	2001	FALSE	-	2001
1852	2002	FALSE	-	2002
1852	2011	FALSE	-	2011-05-23
1852	2014	FALSE	-	2014-05-28
1852	2017	FALSE	-	2017-08-04
1853	2001	FALSE	-	2001
1853	2002	FALSE	-	2002
1853	2012	FALSE	-	2012-09-13
1854	2001	FALSE	-	2001
1854	2002	FALSE	-	2002
1855	2001	FALSE	-	2001
1855	2002	FALSE	-	2002
1856	2001	FALSE	-	2001
1856	2002	FALSE	-	2002
1857	2001	FALSE	-	2001
1857	2002	FALSE	-	2002
1858	2001	FALSE	-	2001
1858	2002	FALSE	-	2002
1859	2001	FALSE	-	2001
1859	2002	FALSE	-	2002
1860	2001	FALSE	-	2001
1860	2002	FALSE	-	2002
1861	2001	FALSE	-	2001
1861	2002	FALSE	-	2002
1862	2001	FALSE	-	2001
1862	2002	FALSE	-	2002
1863	2001	FALSE	-	2001
1863	2002	FALSE	-	2002
1864	2001	FALSE	-	2001
1864	2002	FALSE	-	2002
1865	2001	FALSE	-	2001
1865	2002	FALSE	-	2002
1866	2001	FALSE	-	2001
1866	2002	FALSE	-	2002
1866	2011	FALSE	-	2011-08-30
1866	2014	FALSE	-	2014-08-05
1866	2017	FALSE	-	2017-09-22
1867	1990	FALSE	-	1990-11
1867	2001	FALSE	-	2001
1867	2002	FALSE	-	2002
1868	2001	FALSE	-	2001
1868	2002	FALSE	-	2002
1869	1991	FALSE	-	1991-07
1869	2001	FALSE	-	2001
1869	2002	FALSE	-	2002
1870	2001	FALSE	-	2001
1870	2002	FALSE	-	2002
1871	2001	FALSE	-	2001
1871	2002	FALSE	-	2002
1872	2003	FALSE	-	2003
1873	2003	FALSE	-	2003
1873	2007	FALSE	-	2007-08
1874	2003	FALSE	-	2003
1874	2011	FALSE	-	2011-06-27
1874	2014	FALSE	-	2014-08-21
1874	2014	FALSE	-	2014-09-30
1874	2017	FALSE	-	2017-06-14
1875	2003	FALSE	-	2003
1876	1991	FALSE	-	1991-09
1876	2003	FALSE	-	2003
1877	2003	FALSE	-	2003
1877	2013	FALSE	-	2013-07-26
1877	2016	FALSE	-	2016-08-01
1877	2019	FALSE	-	2019-08-22
1878	2003	FALSE	-	2003
1879	2003	FALSE	-	2003
1879	2011	FALSE	-	2011-06-21
1879	2014	FALSE	-	2014-08-21
1879	2017	FALSE	-	2017-06-14
1880	1991	FALSE	-	1991-07
1880	2003	FALSE	-	2003
1881	2003	FALSE	-	2003
1881	2013	FALSE	-	2013-07-19
1881	2016	FALSE	-	2016-08-01
1881	2019	FALSE	-	2019-08-22
1882	1991	FALSE	-	1991-07
1882	2003	FALSE	-	2003
1883	2003	FALSE	-	2003
1884	2003	FALSE	-	2003
1885	2007	FALSE	-	2007-08
1886	2003	FALSE	-	2003
1886	2004	FALSE	-	2004
1887	1991	FALSE	-	1991-05
1887	2003	FALSE	-	2003
1887	2004	FALSE	-	2004
1888	2001	FALSE	-	2001
1888	2002	FALSE	-	2002
1889	2001	FALSE	-	2001
1889	2002	FALSE	-	2002
1890	2001	FALSE	-	2001
1890	2002	FALSE	-	2002
1891	1991	FALSE	-	1991-07
1891	2001	FALSE	-	2001
1891	2002	FALSE	-	2002
1892	2001	FALSE	-	2001
1892	2002	FALSE	-	2002
1893	1991	FALSE	-	1991-07
1893	2001	FALSE	-	2001
1893	2002	FALSE	-	2002
1894	2001	FALSE	-	2001
1894	2002	FALSE	-	2002
1894	2013	FALSE	-	2013-07
1895	2001	FALSE	-	2001
1895	2002	FALSE	-	2002
1896	1991	FALSE	-	1991-07
1896	2001	FALSE	-	2001
1896	2002	FALSE	-	2002
1897	2001	FALSE	-	2001
1897	2002	FALSE	-	2002
1897	2011	FALSE	-	2011-06-28
1897	2013	FALSE	-	2013-07-31
1897	2017	FALSE	-	2017-08-25
1898	2001	FALSE	-	2001
1898	2002	FALSE	-	2002
1899	2001	FALSE	-	2001
1899	2002	FALSE	-	2002
1900	2001	FALSE	-	2001
1900	2002	FALSE	-	2002
1901	2004	FALSE	-	2004
1902	2004	FALSE	-	2004
1902	2011	FALSE	-	2011-08-04
1902	2014	FALSE	-	2014-07-31
1902	2017	FALSE	-	2017-07-26
1903	2004	FALSE	-	2004
1904	2004	FALSE	-	2004
1904	2012	FALSE	-	2012-06-27
1905	2004	FALSE	-	2004
1906	2004	FALSE	-	2004
1907	2004	FALSE	-	2004
1908	2001	FALSE	-	2001
1908	2002	FALSE	-	2002
1909	2001	FALSE	-	2001
1909	2002	FALSE	-	2002
1910	2001	FALSE	-	2001
1910	2002	FALSE	-	2002
1911	2001	FALSE	-	2001
1911	2002	FALSE	-	2002
1912	2001	FALSE	-	2001
1912	2002	FALSE	-	2002
1913	2001	FALSE	-	2001
1913	2002	FALSE	-	2002
1914	2001	FALSE	-	2001
1914	2002	FALSE	-	2002
1915	2001	FALSE	-	2001
1915	2002	FALSE	-	2002
1916	2001	FALSE	-	2001
1916	2002	FALSE	-	2002
1917	2001	FALSE	-	2001
1917	2002	FALSE	-	2002
1918	2001	FALSE	-	2001
1918	2002	FALSE	-	2002
1918	2012	FALSE	-	2012-08-28
1918	2017	FALSE	-	2017-09-22
1919	2001	FALSE	-	2001
1919	2002	FALSE	-	2002
1920	2001	FALSE	-	2001
1920	2002	FALSE	-	2002
1921	2009	FALSE	-	2009-08-25
1922	1993	FALSE	-	1993-06
1923	2009	FALSE	-	2009-08-25
1924	2009	FALSE	-	2009-08-25
1925	2001	FALSE	-	2001
1925	2002	FALSE	-	2002
1926	2001	FALSE	-	2001
1926	2002	FALSE	-	2002
1927	2001	FALSE	-	2001
1927	2002	FALSE	-	2002
1928	2001	FALSE	-	2001
1928	2002	FALSE	-	2002
1929	2001	FALSE	-	2001
1929	2002	FALSE	-	2002
1930	2003	FALSE	-	2003
1930	2004	FALSE	-	2004
1931	2003	FALSE	-	2003
1931	2004	FALSE	-	2004
1931	2007	FALSE	-	2007-08
1932	2003	FALSE	-	2003
1932	2004	FALSE	-	2004
1933	2003	FALSE	-	2003
1933	2004	FALSE	-	2004
1933	2007	FALSE	-	2007-08
1934	2003	FALSE	-	2003
1934	2004	FALSE	-	2004
1935	2002	TRUE	CalliHam	2002-07-31
1935	2003	FALSE	-	2003
1935	2004	FALSE	-	2004
1935	2007	FALSE	-	2007-08
1936	2003	FALSE	-	2003
1936	2004	FALSE	-	2004
1936	2011	FALSE	-	2011-07-28
1936	2014	FALSE	-	2014-07-03
1936	2016	FALSE	-	2016
1936	2018	FALSE	-	2018
1937	2003	FALSE	-	2003
1937	2004	FALSE	-	2004
1937	2013	FALSE	-	2013-10-08
1937	2014	FALSE	-	2014-07-04
1938	2003	FALSE	-	2003
1938	2004	FALSE	-	2004
1939	2003	FALSE	-	2003
1939	2004	FALSE	-	2004
1939	2007	FALSE	-	2007-08
1939	2011	FALSE	-	2011-07-28
1939	2014	FALSE	-	2014-07-03
1939	2016	FALSE	-	2016-07-14
1939	2018	FALSE	-	2018-07-19
1940	2003	FALSE	-	2003
1940	2004	FALSE	-	2004
1940	2013	FALSE	-	2013-10-08
1940	2014	FALSE	-	2014-07-04
1941	2003	FALSE	-	2003
1941	2004	FALSE	-	2004
1941	2007	FALSE	-	2007-08
1942	2003	FALSE	-	2003
1942	2004	FALSE	-	2004
1942	2011	FALSE	-	2011-08-31
1942	2012	FALSE	-	2012-08-28
1942	2014	FALSE	-	2014-07-02
1942	2017	FALSE	-	2017-06-15
1942	2018	FALSE	-	2018-08-07
1943	2002	FALSE	-	2002
1943	2003	FALSE	-	2003
1944	2002	FALSE	-	2002
1944	2003	FALSE	-	2003
1945	2002	FALSE	-	2002
1945	2003	FALSE	-	2003
1945	2011	FALSE	-	2011-06-09
1945	2015	FALSE	-	2015-08-03
1945	2018	FALSE	-	2018-07-23
1946	2002	FALSE	-	2002
1946	2003	FALSE	-	2003
1947	2002	FALSE	-	2002
1947	2003	FALSE	-	2003
1948	1993	FALSE	-	1993-06
1948	2002	FALSE	-	2002
1948	2003	FALSE	-	2003
1949	1993	FALSE	-	1993-06
1949	2002	FALSE	-	2002
1949	2003	FALSE	-	2003
1950	2002	FALSE	-	2002
1950	2003	FALSE	-	2003
1951	2002	FALSE	-	2002
1951	2003	FALSE	-	2003
1952	2002	FALSE	-	2002
1952	2003	FALSE	-	2003
1953	2002	FALSE	-	2002
1953	2003	FALSE	-	2003
1954	2002	FALSE	-	2002
1954	2003	FALSE	-	2003
1954	2018	FALSE	-	2018-07-23
1955	2002	FALSE	-	2002
1955	2003	FALSE	-	2003
1956	2002	FALSE	-	2002
1956	2003	FALSE	-	2003
1957	2002	FALSE	-	2002
1957	2003	FALSE	-	2003
1958	2002	FALSE	-	2002
1958	2003	FALSE	-	2003
1959	2002	FALSE	-	2002
1959	2003	FALSE	-	2003
1960	2002	FALSE	-	2002
1960	2003	FALSE	-	2003
1961	1993	FALSE	-	1993-06
1961	2002	FALSE	-	2002
1961	2003	FALSE	-	2003
1962	1988	FALSE	-	1988-07
1962	2005	FALSE	-	2005
1963	1988	FALSE	-	1988-07
1963	2005	FALSE	-	2005
1964	2005	FALSE	-	2005
1965	2005	FALSE	-	2005
1966	2005	FALSE	-	2005
1967	2005	FALSE	-	2005
1968	2005	FALSE	-	2005
1969	2005	FALSE	-	2005
1969	2008	FALSE	-	2008-07-08
1969	2017	FALSE	-	2017-08-02
1970	2001	FALSE	-	2001
1970	2002	FALSE	-	2002
1971	1993	FALSE	-	1993-06
1971	2004	FALSE	-	2004
1972	1993	FALSE	-	1993-06
1972	2004	FALSE	-	2004
1973	1993	FALSE	-	1993-02
1973	2004	FALSE	-	2004
1974	1993	FALSE	-	1993-06
1974	2004	FALSE	-	2004
1975	1993	FALSE	-	1993-06
1975	2004	FALSE	-	2004
1976	1993	FALSE	-	1993-06
1976	2004	FALSE	-	2004
1976	2019	FALSE	-	2019-08-30
1977	1993	FALSE	-	1993-06
1977	2004	FALSE	-	2004
1978	1993	FALSE	-	1993-02
1978	2004	FALSE	-	2004
1979	1993	FALSE	-	1993-06
1979	2004	FALSE	-	2004
1980	2007	FALSE	-	2007-08
1981	1991	TRUE	RanunAqu	1991-04-24
1981	2007	FALSE	-	2007-08
1983	2004	FALSE	-	2004
1984	2004	FALSE	-	2004
1985	2004	FALSE	-	2004
1986	2003	FALSE	-	2003
1986	2004	FALSE	-	2004
1987	2003	FALSE	-	2003
1987	2004	FALSE	-	2004
1988	2003	FALSE	-	2003
1988	2004	FALSE	-	2004
1989	2003	FALSE	-	2003
1989	2004	FALSE	-	2004
1990	2003	FALSE	-	2003
1990	2004	FALSE	-	2004
1991	2003	FALSE	-	2003
1991	2004	FALSE	-	2004
1992	2004	FALSE	-	2004
1993	2004	FALSE	-	2004
1994	2004	FALSE	-	2004
1995	2004	FALSE	-	2004
1995	2007	FALSE	-	2007-06-19
1995	2010	FALSE	-	2010-05-21
1995	2014	FALSE	-	2014-08-01
1996	2004	FALSE	-	2004
1997	2004	FALSE	-	2004
1998	1991	FALSE	-	1991-08
1998	2004	FALSE	-	2004
1999	2004	FALSE	-	2004
2000	2004	FALSE	-	2004
2001	2004	FALSE	-	2004
2001	2007	FALSE	-	2007-08
2001	2011	FALSE	-	2011-07-12
2001	2014	FALSE	-	2014-08-06
2001	2017	FALSE	-	2017-06-21
2002	2004	FALSE	-	2004
2003	2004	FALSE	-	2004
2004	2004	FALSE	-	2004
2005	2004	FALSE	-	2004
2006	2004	FALSE	-	2004
2006	2012	FALSE	-	2012-06-20
2007	2004	FALSE	-	2004
2008	2004	FALSE	-	2004
2009	2004	FALSE	-	2004
2010	2004	FALSE	-	2004
2011	2004	FALSE	-	2004
2012	2004	FALSE	-	2004
2013	2004	FALSE	-	2004
2014	2004	FALSE	-	2004
2014	2007	FALSE	-	2007-08
2015	2004	FALSE	-	2004
2016	2004	FALSE	-	2004
2016	2007	FALSE	-	2007-08
2017	2007	FALSE	-	2007-08
2017	2017	FALSE	-	2017-07-19
2018	2007	FALSE	-	2007-08
2019	2007	FALSE	-	2007-08
2020	1991	TRUE	RanunAqu	1991-04-10
2020	2007	FALSE	-	2007-08
2021	2007	FALSE	-	2007-08
2023	1991	FALSE	-	1991-04
2023	2007	FALSE	-	2007-08
2024	2007	FALSE	-	2007-08
2025	2007	FALSE	-	2007-08
2026	1991	TRUE	RanunAqu	1991-04-10
2026	2007	FALSE	-	2007-08
2027	2007	FALSE	-	2007-08
2028	2007	FALSE	-	2007-08
2029	2007	FALSE	-	2007-08
2030	2007	FALSE	-	2007-09
2031	1991	FALSE	-	1991-04
2031	2004	FALSE	-	2004
2031	2007	FALSE	-	2007-08
2031	2011	FALSE	-	2011-08-25
2032	2004	FALSE	-	2004
2032	2007	FALSE	-	2007-08
2032	2011	FALSE	-	2011-08-01
2033	2004	FALSE	-	2004
2034	2004	FALSE	-	2004
2035	2004	FALSE	-	2004
2036	2004	FALSE	-	2004
2037	2008	FALSE	-	2008-08-07
2038	1994	TRUE	RanunAqu	1994-05-16
2038	2008	FALSE	-	2008-07-08
2038	2009	FALSE	-	2009-09-09
2039	2006	FALSE	-	2006-09
2040	2006	FALSE	-	2006-09
2040	2008	FALSE	-	2008-08-14
2041	2006	FALSE	-	2006-09
2041	2008	TRUE	PotamPol	2008-08-14
2042	2002	FALSE	-	2002
2042	2008	FALSE	-	2008-08-07
2043	2002	FALSE	-	2002
2043	2008	TRUE	CalliHam	2008-08-07
2044	2002	FALSE	-	2002
2044	2008	FALSE	-	2008-08-07
2045	2002	FALSE	-	2002
2045	2008	FALSE	-	2008-08-07
2046	2008	FALSE	-	2008-08-07
2047	2005	FALSE	-	2005
2048	2005	FALSE	-	2005
2048	2009	TRUE	CalliHam	2009-09-16
2049	2005	FALSE	-	2005
2050	2005	FALSE	-	2005
2050	2009	FALSE	-	2009-09-16
2051	2005	FALSE	-	2005
2052	2009	FALSE	-	2009-09-11
2053	2009	FALSE	-	2009-09-11
2054	1994	FALSE	-	1994-05
2054	2009	FALSE	-	2009-09-11
2055	2009	FALSE	-	2009-08-25
2056	1991	FALSE	-	1991-07
2056	2009	FALSE	-	2009-08-25
2057	2009	FALSE	-	2009-08-25
2058	2001	FALSE	-	2001
2058	2002	FALSE	-	2002
2058	2009	FALSE	-	2009-09-16
2059	1991	FALSE	-	1991-07
2059	2001	FALSE	-	2001
2059	2002	FALSE	-	2002
2059	2009	FALSE	-	2009-09-16
2060	2009	FALSE	-	2009-09-16
2061	1993	FALSE	-	1993-06
2062	2009	FALSE	-	2009-08-25
2063	2009	FALSE	-	2009-09-11
2064	2009	FALSE	-	2009-09-08
2065	2006	FALSE	-	2006-09
2066	2009	FALSE	-	2009-09-10
2067	2006	FALSE	-	2006-09
2068	2009	FALSE	-	2009-09-10
2069	2009	FALSE	-	2009-09-17
2070	1989	TRUE	PotamBer	1989-07-13
2070	2009	FALSE	-	2009-08-26
2071	2009	FALSE	-	2009-08-26
2072	2009	FALSE	-	2009-09-09
2073	2003	FALSE	-	2003
2073	2004	FALSE	-	2004
2073	2015	FALSE	-	2015-06-15
2074	2003	FALSE	-	2003
2074	2004	FALSE	-	2004
2074	2009	FALSE	-	2009-08-24
2075	2001	FALSE	-	2001
2075	2006	FALSE	-	2006-08
2076	2001	FALSE	-	2001
2077	2001	FALSE	-	2001
2077	2016	TRUE	PotamPol	2016-05-25
2078	2003	FALSE	-	2003
2078	2004	FALSE	-	2004
2079	1993	FALSE	-	1993-06
2079	2003	FALSE	-	2003
2079	2004	FALSE	-	2004
2079	2009	FALSE	-	2009-08-24
2080	2009	FALSE	-	2009-09-09
2081	2001	FALSE	-	2001
2081	2002	FALSE	-	2002
2081	2015	FALSE	-	2015-06-24
2081	2017	FALSE	-	2017-07-13
2082	2001	FALSE	-	2001
2082	2002	FALSE	-	2002
2083	2001	FALSE	-	2001
2083	2002	FALSE	-	2002
2083	2009	FALSE	-	2009-08-24
2084	2001	FALSE	-	2001
2084	2002	FALSE	-	2002
2084	2009	FALSE	-	2009-08-24
2085	2001	FALSE	-	2001
2085	2002	FALSE	-	2002
2086	2002	FALSE	-	2002
2087	2002	FALSE	-	2002
2087	2009	FALSE	-	2009-09-07
2088	2002	FALSE	-	2002
2089	2009	FALSE	-	2009-09-07
2090	2009	FALSE	-	2009-09-07
2091	2005	FALSE	-	2005
2091	2011	FALSE	-	2011-05-25
2091	2017	FALSE	-	2017-06-19
2092	2005	FALSE	-	2005
2092	2009	FALSE	-	2009-08-24
2092	2019	FALSE	-	2019-06-17
2093	2009	FALSE	-	2009-08-26
2094	2009	FALSE	-	2009-08-26
2094	2012	FALSE	-	2012-07-18
2094	2016	FALSE	-	2016-07-15
2094	2019	FALSE	-	2019-05-28
2095	1989	TRUE	PotamBer	1989-08-09
2095	2009	TRUE	CalliHam	2009-08-26
2096	2009	FALSE	-	2009-09-07
2097	2009	FALSE	-	2009-09-07
2098	2009	FALSE	-	2009-09-08
2099	1990	FALSE	-	1990-06
2100	2009	FALSE	-	2009-09-08
2101	2009	FALSE	-	2009-09-10
2102	2009	TRUE	PotamPol	2009-09-10
2103	2009	FALSE	-	2009-09-11
2104	2009	FALSE	-	2009-09-11
2105	2009	FALSE	-	2009-09-09
2106	2009	FALSE	-	2009-09-09
2107	2009	FALSE	-	2009-09-10
2108	2003	FALSE	-	2003of2004
2109	2009	FALSE	-	2009-08-26
2110	2009	FALSE	-	2009-08-26
2111	2009	FALSE	-	2009-08-26
2112	2009	FALSE	-	2009-08-26
2113	2004	TRUE	PotamBer	2004
2113	2009	FALSE	-	2009-09-08
2114	2009	FALSE	-	2009-09-08
2115	2009	FALSE	-	2009-09-11
2116	2009	FALSE	-	2009-09-11
2117	2002	FALSE	-	2002-07
2118	2009	FALSE	-	2009-09-16
2119	2002	FALSE	-	2002-07
2120	2009	FALSE	-	2009-09-16
2121	2009	FALSE	-	2009-09-16
2122	2009	FALSE	-	2009-08-26
2123	2009	TRUE	PotamPol	2009
2123	2015	TRUE	PotamPol	2015-08-28
2123	2017	TRUE	PotamPol	2017-06-19
2123	2019	TRUE	PotamPol	2019-08-09
2124	2009	TRUE	PotamPol	2009
2124	2019	TRUE	PotamPol	2019-08-09
2125	2007	TRUE	PotamPol	2007
2125	2008	FALSE	-	2008-07-07
2126	2007	TRUE	PotamPol	2007
2126	2019	TRUE	PotamPol	2019-05-28
2127	2007	TRUE	PotamNod	2007-07-22
2127	2007	TRUE	PotamNod	2007-09-14
2127	2010	TRUE	PotamNod	2010-09-15
2128	2007	TRUE	PotamNod	2007-09-14
2128	2010	TRUE	PotamNod	2010-09-16
2128	2015	TRUE	PotamNod	2015-09-26
2129	2007	TRUE	RanunAqu	2007-09-24
2129	2010	FALSE	-	2010-07-27
2129	2013	FALSE	-	2013-08-01
2129	2014	FALSE	-	2014-06-19
2129	2015	FALSE	-	2015-08-06
2129	2016	FALSE	-	2016-08-31
2129	2019	FALSE	-	2019-07-25
2130	2008	FALSE	-	2008-08-20
2130	2011	TRUE	PotamObt	2011-08-04
2130	2013	FALSE	-	2013-06-19
2131	2009	TRUE	PotamObt	2009-08-10
2131	2012	FALSE	-	2012-09-19
2132	2010	TRUE	RanunPel	2010-06-24
2133	2004	TRUE	RanunFlu	2004
2133	2008	TRUE	RanunFlu	2008-07-09
2133	2013	FALSE	-	2013-09-26
2134	2004	TRUE	FontiAnt,RanunFlu	2004
2135	2004	TRUE	FontiAnt,RanunFlu	2004
2135	2008	TRUE	RanunFlu	2008-07-09
2136	2019	TRUE	RanunFlu	2019-08-14
2137	2008	TRUE	RanunFlu	2008-07-25
2137	2011	TRUE	FontiAnt	2011-07-25
2137	2013	TRUE	RanunFlu	2013-08-27
2137	2017	TRUE	RanunFlu	2017-09-13
2138	1990	TRUE	RanunFlu	1990-05-22
2138	2004	TRUE	RanunFlu	2004-08-24
2138	2008	TRUE	RanunFlu	2008-08-06
2139	1990	TRUE	RanunFlu	1990-05-22
2139	2004	TRUE	RanunFlu	2004-08-24
2139	2008	TRUE	RanunFlu	2008-08-06
2140	2008	TRUE	RanunFlu	2008-08-06
2140	2017	TRUE	RanunFlu	2017-07-17
2141	2008	TRUE	RanunFlu	2008-07-24
2141	2008	TRUE	RanunFlu	2008-08-06
2141	2011	TRUE	RanunFlu	2011-07-25
2141	2013	TRUE	RanunFlu	2013-08-27
2141	2017	TRUE	RanunFlu	2017-09-13
2142	2001	FALSE	-	2001
2142	2002	FALSE	-	2002
2143	2001	FALSE	-	2001
2143	2002	FALSE	-	2002
2143	2007	TRUE	CalliHam	2007-09-19
2143	2010	FALSE	-	2010-07-27
2143	2013	FALSE	-	2013-07-29
2143	2014	FALSE	-	2014-06-18
2143	2016	FALSE	-	2016-08-18
2143	2019	FALSE	-	2019-07-25
2144	2001	FALSE	-	2001
2144	2002	FALSE	-	2002
2145	2001	FALSE	-	2001
2145	2002	FALSE	-	2002
2145	2007	TRUE	CalliHam	2007-09-19
2145	2010	FALSE	-	2010-07-27
2145	2013	FALSE	-	2013-07-29
2145	2014	FALSE	-	2014-06-18
2145	2016	FALSE	-	2016-08-17
2145	2019	FALSE	-	2019-07-16
2146	2001	FALSE	-	2001
2146	2002	FALSE	-	2002
2146	2007	TRUE	CalliHam	2007-09-12
2146	2010	TRUE	RanunAqu	2010-07-15
2146	2013	TRUE	RanuPel	2013-07-22
2146	2016	TRUE	RanunPel	2016-08-17
2146	2019	TRUE	RanunPel	2019-06-20
2147	2001	FALSE	-	2001
2147	2002	FALSE	-	2002
2147	2002	TRUE	CalliHam,RanunTri	2002-08-22
2147	2003	TRUE	RanunPen	2003najaar
2147	2004	TRUE	RanunPen	2004voorjaar
2147	2006	TRUE	RanunBatG	2006-09-14
2147	2007	TRUE	CalliHam	2007-09-12
2147	2010	TRUE	RanunAqu	2010-07-15
2149	2007	FALSE	-	2007-09-06
2149	2010	TRUE	RanunAqu	2010-07-15
2149	2013	TRUE	RanunPel	2013-07-22
2149	2016	FALSE	-	2016-10-03
2149	2017	FALSE	-	2017-07-25
2149	2019	FALSE	-	2019-07-16
2150	2006	FALSE	-	2006-09
2151	2007	TRUE	CalliHam	2007-09-04
2151	2010	FALSE	-	2010-07-19
2151	2013	FALSE	-	2013-07-22
2151	2016	FALSE	-	2016-08-17
2151	2019	FALSE	-	2019-06-20
2152	2001	TRUE	PotamPer	2001
2153	2001	TRUE	PotamPer	2001
2153	2007	TRUE	PotamPer	2007-08-06
2153	2010	TRUE	PotamPer	2010-06-19
2153	2010	TRUE	PotamPer	2010-07-08
2153	2013	TRUE	PotamPer	2013-07-18
2153	2016	FALSE	-	2016-08-24
2153	2017	FALSE	-	2017-08-29
2153	2019	FALSE	-	2019-08-07
2154	2001	TRUE	PotamPer	2001
2154	2019	FALSE	-	2019-07-26
2155	2001	TRUE	PotamPer	2001
2155	2007	TRUE	PotamPer	2007-08-07
2155	2010	TRUE	PotamPer	2010-06-04
2155	2010	TRUE	PotamPer	2010-07-08
2155	2013	TRUE	PotamPer	2013-07-18
2155	2016	FALSE	-	2016-08-24
2155	2019	FALSE	-	2019-08-07
2156	2001	FALSE	-	2001
2157	2001	FALSE	-	2001
2157	2007	FALSE	-	2007-08-07
2157	2010	TRUE	PotamPer	2010-06-17
2157	2010	TRUE	PotamPer	2010-07-08
2157	2013	TRUE	PotamPer	2013-07-18
2157	2016	TRUE	PotamPer	2016-08-23
2157	2017	FALSE	-	2017-08-29
2157	2019	FALSE	-	2019-08-07
2158	2001	FALSE	-	2001
2158	2009	TRUE	PotamPer	2009-08-10
2158	2017	FALSE	-	2017
2158	2019	FALSE	-	2019-08-01
2159	2001	FALSE	-	2001
2160	2001	FALSE	-	2001
2160	2009	TRUE	PotamPer	2009-06-24
2161	2001	FALSE	-	2001
2162	2001	FALSE	-	2001
2162	2007	TRUE	PotamPer	2007-08-08
2162	2010	TRUE	PotamPer	2010-08-25
2162	2013	TRUE	PotamPer	2013-07-17
2162	2016	TRUE	PotamPer	2016-08-23
2162	2019	FALSE	-	2019-07-31
2163	2001	TRUE	PotamPer	2001
2163	2017	FALSE	-	2017-06-02
2164	2001	TRUE	PotamPer	2001
2165	2001	FALSE	-	2001
2166	2001	FALSE	-	2001
2166	2007	FALSE	-	2007-08-16
2166	2010	TRUE	RanunAqu	2010-09-27
2166	2013	FALSE	-	2013-07-16
2166	2016	FALSE	-	2016-08-01
2166	2019	FALSE	-	2019-07-29
2167	2005	FALSE	-	2005
2167	2009	FALSE	-	2009-08-07
2168	2005	FALSE	-	2005
2168	2007	TRUE	RanunAqu	2007-09-12
2168	2009	FALSE	-	2009-08-07
2168	2010	FALSE	-	2010-08-24
2168	2013	FALSE	-	2013-08-21
2168	2017	FALSE	-	2017-08-02
2169	2005	FALSE	-	2005
2169	2009	FALSE	-	2009-08-07
2170	2005	FALSE	-	2005
2170	2008	FALSE	-	2008-08-05
2170	2011	TRUE	RanunPel	2011-07-19
2170	2014	FALSE	-	2014-07-31
2170	2017	FALSE	-	2017-08-09
2171	2001	FALSE	-	2001
2171	2007	TRUE	RanunAqu	2007-09-13
2171	2010	FALSE	-	2010-06-02
2171	2010	FALSE	-	2010-09-22
2171	2013	FALSE	-	2013
2171	2014	FALSE	-	2014-08-25
2172	2001	FALSE	-	2001
2173	2001	FALSE	-	2001
2174	2001	FALSE	-	2001
2174	2007	TRUE	CalliHam	2007-09-17
2174	2009	FALSE	-	2009-06-29
2174	2010	FALSE	-	2010-06-02
2174	2010	FALSE	-	2010-09-21
2174	2013	FALSE	-	2013
2174	2014	FALSE	-	2014-08-25
2174	2018	FALSE	-	2018-07-19
2174	2019	FALSE	-	2019-07-03
2175	2001	FALSE	-	2001
2175	2007	TRUE	CalliHam	2007-09-17
2175	2010	FALSE	-	2010-06-01
2175	2010	FALSE	-	2010-09-21
2175	2013	FALSE	-	2013-06-17
2175	2013	FALSE	-	2013-08-22
2175	2017	FALSE	-	2017-06-21
2175	2018	FALSE	-	2018-07
2175	2019	FALSE	-	2019-07
2176	2006	FALSE	-	2006-07
2176	2011	FALSE	-	2011-09-07
2176	2013	FALSE	-	2013-06-26
2177	2006	FALSE	-	2006-07
2177	2008	TRUE	CalliHam	2008-09-11
2177	2011	FALSE	-	2011-09-07
2177	2013	FALSE	-	2013-06-26
2177	2017	FALSE	-	2017-06-23
2178	2008	TRUE	CalliHam	2008-09-11
2178	2011	FALSE	-	2011-09-07
2178	2013	FALSE	-	2013-06-26
2178	2017	FALSE	-	2017-06-27
2179	1990	FALSE	-	1990-06
2179	2001	FALSE	-	2001
2179	2003	FALSE	-	2003of2004
2180	2001	FALSE	-	2001
2180	2008	TRUE	PotamPer	2008-08-07
2180	2011	TRUE	PotamObt	2011-08-01
2180	2016	TRUE	PotamPer	2016-08-04
2180	2017	TRUE	PotamPer,RanunBatG	2017-07-03
2181	2008	TRUE	PotamObt	2008-08-07
2181	2011	TRUE	PotamObt	2011-08-01
2181	2017	TRUE	PotamBer	2017-08-01
2182	2002	TRUE	CalliHam,RanunAqu	2002-08-09
2182	2003	FALSE	-	2003of2004
2182	2006	FALSE	-	2006-07
2182	2008	TRUE	PotamObt	2008-08-07
2182	2011	TRUE	PotamObt	2011-08-01
2182	2017	TRUE	PotamBer	2017-08-01
2183	2006	FALSE	-	2006-07
2184	2008	FALSE	-	2008-08-07
2184	2011	TRUE	PotamObt	2011-08-01
2184	2017	TRUE	PotamFri	2017-07-03
2185	2018	FALSE	-	2018-06-07
2186	2007	TRUE	CalliHam	2007-08-08
2186	2007	TRUE	CalliHam	2007-08-08
2186	2011	FALSE	-	2011-09-06
2186	2018	TRUE	CalliHam	2018-06-07
2187	2007	TRUE	CalliHam	2007-08-08
2188	2007	TRUE	CalliHam	2007-08-08
2188	2011	FALSE	-	2011-09-06
2188	2018	TRUE	CalliHam	2018-06-07
2189	2006	FALSE	-	2006-09
2190	2006	FALSE	-	2006-09
2190	2008	FALSE	-	2008-08-18
2190	2011	TRUE	CalliHam	2011-08-02
2190	2014	FALSE	-	2014-07-17
2191	2001	FALSE	-	2001
2191	2002	FALSE	-	2002
2191	2006	TRUE	RanunPelG	2006-09-05
2191	2008	TRUE	RanunPel	2008-05-30
2192	2001	FALSE	-	2001
2192	2002	FALSE	-	2002
2192	2009	TRUE	CalliHam,RanunPel	2009-08-11
2192	2011	TRUE	CalliHam	2011-09-20
2192	2017	FALSE	-	2017-09-07
2193	2001	FALSE	-	2001
2193	2002	FALSE	-	2002
2193	2002	TRUE	CalliHam,PotamObt,RanunAquG	2002-09-03
2193	2006	TRUE	CalliHam,PotamBer,RanunPelG	2006-09-05
2193	2009	TRUE	CalliHam,PotamBer,RanunPel	2009-08-12
2193	2011	TRUE	CalliHam,RanunPel	2011-09-20
2193	2017	TRUE	RanunPel	2017-09-07
2194	2001	FALSE	-	2001
2194	2002	FALSE	-	2002
2194	2009	TRUE	CalliHam,PotamBer,RanunPel	2009-08-12
2194	2009	TRUE	RanunAqu	2009-11-19
2194	2011	TRUE	CalliHam,RanunPel	2011-09-20
2194	2017	TRUE	RanunPel	2017-09-07
2195	2001	FALSE	-	2001
2195	2002	FALSE	-	2002
2195	2006	TRUE	PotamBer,RanunPelG	2006-09-05
2195	2009	TRUE	CalliHam,RanunPel	2009-08-11
2195	2011	TRUE	CalliHam,RanunPel	2011-09-20
2195	2017	TRUE	RanunPel	2017-05-19
2195	2017	TRUE	RanunPel	2017-09-07
2196	2001	FALSE	-	2001
2196	2002	FALSE	-	2002
2196	2006	TRUE	CalliHam,PotamBer,RanunPelG	2006-09-05
2196	2017	TRUE	RanunPel	2017-05-19
2197	2001	FALSE	-	2001
2197	2002	FALSE	-	2002
2197	2006	TRUE	CalliHam,PotamBer	2006-09-19
2197	2019	FALSE	-	2019-07-03
2198	2001	FALSE	-	2001
2198	2002	FALSE	-	2002
2198	2009	TRUE	CalliHam	2009-07-09
2198	2012	TRUE	PotamBer	2012-07-19
2198	2014	FALSE	-	2014-08-18
2198	2017	FALSE	-	2017-07-24
2198	2018	FALSE	-	2018-06-07
2199	2001	FALSE	-	2001
2199	2002	FALSE	-	2002
2199	2006	TRUE	RanunPelG	2006-09-14
2200	2001	FALSE	-	2001
2200	2002	FALSE	-	2002
2200	2010	TRUE	RanunAqu	2010-07-20
2200	2013	FALSE	-	2013-06-25
2200	2014	FALSE	-	2014-08-19
2200	2017	FALSE	-	2017-08-01
2201	2003	FALSE	-	2003
2201	2013	FALSE	-	2013-08-08
2201	2016	FALSE	-	2016-08
2201	2019	FALSE	-	2019-07
2202	2003	FALSE	-	2003
2202	2007	TRUE	RanunPel	2007-08-30
2202	2010	FALSE	-	2010-08-26
2203	2007	FALSE	-	2007-08
2203	2015	FALSE	-	2015-09-04
2203	2017	FALSE	-	2017-09-28
2204	2007	TRUE	CalliHam	2007-06-07
2204	2007	FALSE	-	2007-10-18
2204	2010	FALSE	-	2010-06-24
2205	2004	FALSE	-	2004
2205	2011	FALSE	-	2011-07-28
2205	2011	FALSE	-	2011-08-04
2205	2018	FALSE	-	2018-07-09
2206	2004	FALSE	-	2004
2206	2007	FALSE	-	2007-09-25
2206	2011	FALSE	-	2011-06-28
2206	2018	FALSE	-	2018-07-09
2207	2001	FALSE	-	2001
2208	2001	FALSE	-	2001
2208	2008	FALSE	-	2008-06-10
2208	2011	TRUE	FontiAnt	2011-06-01
2208	2014	FALSE	-	2014-06-30
2208	2017	FALSE	-	2017-07-17
2208	2019	TRUE	Fonti-sp	2019-06-20
2209	2001	FALSE	-	2001
2209	2002	FALSE	-	2002
2210	2001	FALSE	-	2001
2210	2002	FALSE	-	2002
2210	2010	TRUE	CalliHam	2010-07-02
2210	2016	FALSE	-	2016-07-05
2211	2001	FALSE	-	2001
2211	2002	FALSE	-	2002
2211	2016	TRUE	PotamPol	2016
2212	2001	FALSE	-	2001
2212	2002	FALSE	-	2002
2212	2010	TRUE	RanunAqu	2010-07-20
2212	2013	FALSE	-	2013-06-25
2212	2014	FALSE	-	2014-08-19
2212	2016	TRUE	PotamPol	2016-09-13
2212	2017	FALSE	-	2017-08-01
2213	2004	FALSE	-	2004
2213	2007	FALSE	-	2007-06-11
2213	2010	FALSE	-	2010-06-07
2213	2016	FALSE	-	2016-07-19
2213	2019	FALSE	-	2019-07-01
2214	2004	FALSE	-	2004
2214	2007	TRUE	CalliHam	2007-06-11
2214	2010	FALSE	-	2010-06-07
2214	2016	FALSE	-	2016-07-19
2215	2004	FALSE	-	2004
2216	2004	FALSE	-	2004
2216	2007	TRUE	CalliHam	2007-06-12
2216	2010	FALSE	-	2010-06-07
2216	2016	FALSE	-	2016-07-19
2216	2019	FALSE	-	2019-07-01
2217	2002	FALSE	-	2002
2217	2013	FALSE	-	2013-08-01
2218	2002	FALSE	-	2002
2219	2002	FALSE	-	2002
2219	2007	TRUE	CalliHam	2007-06-27
2219	2010	FALSE	-	2010-06-08
2219	2013	FALSE	-	2013-07-08
2219	2016	FALSE	-	2016-08-30
2219	2019	FALSE	-	2019-07-03
2220	2002	FALSE	-	2002
2220	2009	TRUE	RanunPel	2009-06-25
2220	2013	FALSE	-	2013-09-17
2220	2015	FALSE	-	2015-07-31
2220	2017	FALSE	-	2017-08-18
2221	1994	FALSE	-	1994-04
2221	2002	FALSE	-	2002
2224	2006	FALSE	-	2006-09
2224	2012	FALSE	-	2012-09
2224	2013	TRUE	PotamNod	2013-08-16
2225	2004	TRUE	FontiAnt,GroenDen	2004
2225	2017	TRUE	FontiAnt	2017-03-04
2226	2004	TRUE	FontiAnt,GroenDen	2004
2226	2011	TRUE	GroenDen	2011-08-10
2226	2013	TRUE	FontiAnt,GroenDen	2013-11-17
2226	2017	TRUE	FontiAnt,GroenDen	2017-03-04
2226	2017	TRUE	GroenDen	2017-04-23
2226	2019	TRUE	GroenDen	2019-08-11
2227	2004	TRUE	FontiAnt,RanunFlu	2004
2227	2008	FALSE	-	2008-07-09
2227	2013	TRUE	FontiAnt	2013-09-26
2228	2004	TRUE	FontiAnt,RanunFlu	2004
2228	2016	TRUE	RanunFlu	2016-08-31
2228	2019	TRUE	FontiAnt,RanunFlu	2019-07-02
2228	2019	TRUE	RanunFlu	2019-12-26
2229	2004	TRUE	FontiAnt,RanunFlu	2004
2229	NA	TRUE	RanunFlu	28-07-2013
2230	2004	TRUE	FontiAnt,RanunFlu	2004
2230	2010	TRUE	RanunFlu	2010-08-04
2230	2013	TRUE	RaununFlu	2013-06-03
2230	2016	TRUE	RaununFlu	2016-07
2230	2016	TRUE	FontiAnt	2016-08
2231	2004	TRUE	FontiAnt,RanunFlu	2004
2232	2004	TRUE	FontiAnt,RanunFlu	2004
2232	2008	TRUE	RanunFlu	2008-07-09
2232	2013	TRUE	RanunFlu	2013-09-26
2233	2004	TRUE	RanunFlu	2004-08-24
2233	2008	TRUE	RanunFlu	2008-08-06
2233	2015	TRUE	FontiAnt,RanunFlu	2015-07-13
2234	2004	TRUE	RanunFlu	2004-08-24
2234	2008	TRUE	RanunFlu	2008-08-06
2235	2004	TRUE	RanunFlu	2004-08-24
2235	2008	TRUE	RanunFlu	2008-08-06
2235	2015	TRUE	RanunFlu	2015-07-13
2236	2006	FALSE	-	2006-09
2237	2006	FALSE	-	2006-09
2237	2014	TRUE	PotamPol	2014-12-17
2237	2018	TRUE	PotamPol	2018-11-23
2238	2006	FALSE	-	2006-09
2238	2013	TRUE	PotamPol	2013-11
2238	2014	TRUE	PotamPol	2014-12-14
2238	2015	TRUE	PotamPol	2015-06-27
2238	2016	TRUE	PotamPol	2016-06-22
2238	2016	TRUE	PotamPol	2016-11-05
2238	2019	TRUE	PotamPol	2019-10
2239	2006	FALSE	-	2006-09
2239	2018	TRUE	PotamPol	2018-08-19
2239	2019	TRUE	PotamPol	2019
2240	2006	FALSE	-	2006-09
2240	2013	TRUE	PotamPol	2013-05-31
2240	2019	TRUE	PotamPol	2019-09-27
2241	2012	FALSE	-	2012-07-19
2241	2016	FALSE	-	2016-06-06
2241	2018	FALSE	-	2018-08-06
2242	2006	TRUE	PotamNod,RanunFlu	2006-09-15
2242	2009	TRUE	RanunFlu	2009
2242	2011	TRUE	PotamNod,RanunFlu	2011-10-14
2242	2012	TRUE	nietgespecifieerd	2012-09
2242	2013	TRUE	PotamPer	2013-08-16
2242	2015	TRUE	PotamNod	2015-08-08
2242	2019	TRUE	CinclFon,PotamNod	2019-09-26
2243	2006	TRUE	PotamNod,RanunFlu	2006-09-15
2243	2012	TRUE	nietgespecifieerd	2012-09
2243	2014	TRUE	PotamNod	2014
2243	2019	TRUE	PotamNod,PotamPer	2019-08-14
2244	2006	TRUE	PotamNod,RanunFlu	2006-09-15
2244	2009	TRUE	RanunFlu	2009
2244	2011	TRUE	RanunFlu,PotamNod	2011
2244	2012	TRUE	PotamNod	2012
2244	2012	TRUE	nietgespecifieerd	2012-09
2244	2013	TRUE	PotamNod	2013
2244	2015	TRUE	PotamNod	2015
2244	2018	TRUE	FontiAnt	2018-08-08
2245	2015	TRUE	PotamNod	2015-06-03
2246	2015	TRUE	CalliHam	2015-09-26
2248	2015	TRUE	PotamNod	2015-08-23
2249	2006	FALSE	-	2006-08
2250	2006	FALSE	-	2006-08
2250	2015	TRUE	CalliHam	2015-05-13
2251	2006	FALSE	-	2006-08
2251	2014	TRUE	CalliHam	2014-07-23
2252	2015	TRUE	PotamPol	2015-05-15
2253	2005	FALSE	-	2005
2253	2011	FALSE	-	2011-05-25
2253	2013	FALSE	-	2013-06-27
2253	2013	TRUE	PotamAcu	2013-08-21
2253	2019	FALSE	-	2019-07-26
2254	2004	FALSE	-	2004
2254	2009	FALSE	-	2009-09-04
2254	2012	TRUE	RanunBatG	2012-05-30
2254	2013	TRUE	CalliHam	2013-06-11
2254	2016	TRUE	RanunPel	2016-07-06
2254	2018	FALSE	-	2018-07-24
2255	2004	FALSE	-	2004
2256	2004	FALSE	-	2004
2256	2015	TRUE	RanunPel	2015-06-03
2257	2004	FALSE	-	2004
2257	2013	TRUE	CalliHam	2013-06-18
2259	2011	TRUE	PotamPol	2011-05-19
2260	2006	FALSE	-	2006-09
2261	2006	FALSE	-	2006-09
2261	2014	FALSE	-	2014-08-25
2261	2017	FALSE	-	2017-07-20
2261	2019	FALSE	-	2019-08-12
2262	2006	FALSE	-	2006-09
2262	2013	TRUE	PotamPol	2013-08-15
2263	2006	FALSE	-	2006-09
2263	2013	TRUE	PotamPol	2013-07-09
2264	2006	TRUE	CalliHam	2006-09-06
2264	2008	TRUE	PotamPol	2008-12-24
2264	2013	TRUE	PotamPol	2013-07-09
2264	2018	FALSE	-	2018-08-10
2265	2006	TRUE	CalliHam	2006-09-06
2265	2014	FALSE	-	2014-08-21
2265	2017	FALSE	-	2017-07-20
2265	2019	FALSE	-	2019-08-12
2266	2002	TRUE	CalliHam,PotamPol	2002
2266	2003	TRUE	CalliHam,PotamPol	2003
2266	2013	FALSE	-	2013-07-24
2267	2002	TRUE	CalliHam,PotamPol	2002
2267	2003	TRUE	CalliHam,PotamPol	2003
2267	2013	FALSE	-	2013-07-18
2267	2016	FALSE	-	2016-07-15
2267	2018	TRUE	CalliHam,Fonti-sp,MyrioAlt,PotamBer	2018-06-28
2268	2015	FALSE	-	2015-07-28
2268	2017	TRUE	RanunPel	2017-06-27
2268	2019	FALSE	-	2019-07-30
2269	2006	TRUE	CalliHam,RanunPelG	2006-09-06
2269	2008	TRUE	RanunPel	2008-05-30
2270	2006	TRUE	CalliHam,RanunPelG	2006-09-06
2270	2008	TRUE	RanunPel	2008-05-30
2270	2015	FALSE	-	2015-07-28
2270	2017	FALSE	-	2017-06-27
2270	2019	FALSE	-	2019-07-30
2271	2006	TRUE	CalliHam	2006-08-16
2271	2016	TRUE	PotamFri	2016-08-16
2272	2003	FALSE	-	2003
2272	2014	TRUE	CalliHam	2014-05-24
2273	2015	TRUE	PotamPol	2015-05-25
2273	2017	TRUE	PotamPol	2017-10-18
2273	2018	TRUE	PotamPol	2018-08-08
2273	2019	TRUE	PotamPol	2019
2274	1986	TRUE	MyrioVer	1986-09-14
2275	2009	TRUE	PotamCol	2009
2275	2012	TRUE	PotamCol	2012-08-20
2275	2013	TRUE	PotamCol	2013-06-22
2275	2015	TRUE	PotamCol,PotamPol	2015
2275	2017	TRUE	PotamPol	2017
2275	2018	TRUE	PotamCol	2018
2275	2019	TRUE	PotamCol	2019
2275	2019	TRUE	PotamCol	2019-05-09
2276	2012	TRUE	RanunPel	2012-06-01
2277	2012	TRUE	RanunPel	2012-05-16
2277	2018	FALSE	-	2018-05-25
2278	2011	TRUE	PotamPol	2011-11-04
2279	2010	TRUE	PotamPol	2010-09-21
2279	2011	FALSE	-	2011-08-09
2279	2014	FALSE	-	2014-07-22
2279	2015	FALSE	-	2015-08-05
2279	2019	TRUE	PotamPol	2019-08-26
2280	2010	TRUE	PotamPol	2010-09-21
2280	2011	FALSE	-	2011-08-09
2280	2014	FALSE	-	2014-07-22
2280	2015	FALSE	-	2015-08-05
2280	2019	TRUE	PotamPol	2019-08-26
2281	2006	FALSE	-	2006-09
2281	2013	TRUE	PotamPol	2013-07-19
2282	2006	TRUE	RanunPelG	2006-09-14
2282	2018	FALSE	-	2018-05-25
2283	2006	TRUE	RanunPelG	2006-09-14
2283	2011	TRUE	PotamBer,PotamPol	2011-10-01
2283	2015	FALSE	-	2015-07-06
2284	2013	TRUE	PotamPol	2013-03-02
2285	2006	FALSE	-	2006-09
2286	2006	FALSE	-	2006-09
2286	2015	TRUE	PotamPol	2015-07-23
2287	2006	FALSE	-	2006-09
2287	2015	TRUE	RanunBatG	2015
2289	2015	TRUE	PotamBer	2015-07-13
2290	2001	FALSE	-	2001
2290	2002	FALSE	-	2002
2291	2001	FALSE	-	2001
2291	2002	FALSE	-	2002
2291	2012	TRUE	PotamBer	2012-07-19
2291	2014	TRUE	PotamObt	2014-08-18
2291	2017	TRUE	CalliHam	2017-07-24
2292	2001	FALSE	-	2001
2292	2002	FALSE	-	2002
2292	2015	TRUE	PotamBer	2015-09-30
2293	2012	TRUE	PotamBer	2012-07-18
2294	2001	FALSE	-	2001
2294	2002	FALSE	-	2002
2294	2006	TRUE	PotamPer	2006-09-19
2294	2011	TRUE	RanunPel	2011-05-30
2294	2013	TRUE	RanunPel	2013-06-23
2294	2016	TRUE	RanunAqu	2016-07-01
2295	2001	FALSE	-	2001
2295	2002	FALSE	-	2002
2295	2018	FALSE	-	2018-06-07
2296	2001	FALSE	-	2001
2296	2002	FALSE	-	2002
2296	2006	TRUE	CalliHam,PotamAlp,PotamBer	2006-09-19
2296	2012	FALSE	-	2012-07-19
2296	2014	FALSE	-	2014-08-19
2296	2017	FALSE	-	2017-07-24
2296	2018	FALSE	-	2018-06-07
2297	2001	FALSE	-	2001
2297	2002	FALSE	-	2002
2297	2013	FALSE	-	2013-07-29
2297	2014	FALSE	-	2014-06-18
2297	2016	FALSE	-	2016-08-18
2297	2019	FALSE	-	2019-07-16
2298	2001	FALSE	-	2001
2298	2002	FALSE	-	2002
2298	2017	TRUE	FontiAnt	2017-06-02
2299	2001	FALSE	-	2001
2299	2002	FALSE	-	2002
2299	2015	TRUE	FontiAnt	2015-08-13
2300	2001	FALSE	-	2001
2300	2002	FALSE	-	2002
2300	2004	TRUE	FontiAnt,RanunBatG	2004-09
2300	2006	FALSE	-	2006-09
2301	2001	FALSE	-	2001
2301	2002	FALSE	-	2002
2302	2001	FALSE	-	2001
2302	2002	FALSE	-	2002
2302	2013	TRUE	PotamPol	2013-07-11
2302	2018	FALSE	-	2018-06-07
2304	2011	TRUE	PotamPol	2011-09-17
2306	2012	TRUE	PotamPol	2012-04-25
2307	2017	FALSE	-	2017-05-19
2308	2001	FALSE	-	2001
2308	2002	FALSE	-	2002
2308	2019	TRUE	RanunPel	2019-05-24
2309	2001	FALSE	-	2001
2309	2002	FALSE	-	2002
2309	2006	TRUE	CalliHam,RanunPelG	2006-09-05
2309	2011	TRUE	RanunAqu	2011-09-19
2310	2001	FALSE	-	2001
2310	2002	FALSE	-	2002
2310	2006	FALSE	-	2006-09
2311	2001	FALSE	-	2001
2311	2002	FALSE	-	2002
2311	2006	FALSE	-	2006-09
2311	2011	TRUE	RanunAqu	2011-11-19
2312	2011	TRUE	PotamPol	2011-10-24
2313	2001	FALSE	-	2001
2313	2002	FALSE	-	2002
2313	2006	TRUE	CalliHam	2006-09-05
2314	2001	FALSE	-	2001
2314	2002	FALSE	-	2002
2314	2006	TRUE	CalliHam	2006-09-05
2314	2011	FALSE	-	2011-08-03
2314	2015	TRUE	RanunBatG	2015-08-19
2315	2001	FALSE	-	2001
2315	2002	FALSE	-	2002
2315	2006	TRUE	CalliHam	2006-09-12
2316	2001	FALSE	-	2001
2316	2002	FALSE	-	2002
2316	2006	TRUE	CalliHam	2006-09-12
2316	2011	FALSE	-	2011-08-03
2316	2015	TRUE	RanunBatG	2015-08-19
2317	2014	TRUE	FontiAnt	2014-07-22
2317	2018	TRUE	Fonti-sp	2018-06-19
2318	2013	TRUE	CinclFon	2013-03-01
2318	2017	TRUE	CinclFon	2017-12-14
2318	2018	FALSE	-	2018-06-07
2324	2014	TRUE	PotamPol	2014-06-17
2325	2014	TRUE	PotamPol	2014-04-09
2327	2010	TRUE	PotamPol	2010-09-29
2328	2010	TRUE	RanunHed	2010-07-27
2329	2008	TRUE	RanunHed	2008-07-31
2329	2019	TRUE	RanunHed	2019-05-05
2330	2012	TRUE	PotamPol	2012-05-14
2330	2014	TRUE	PotamPol	2014-07-20
2331	2001	FALSE	-	2001
2332	2001	FALSE	-	2001
2332	2010	TRUE	PotamPer	2010-06-19
2333	2001	FALSE	-	2001
2334	2001	FALSE	-	2001
2334	2010	TRUE	PotamPer	2010-06-19
2335	2001	TRUE	PotamPer	2001
2335	2017	FALSE	-	2017
2336	2001	TRUE	PotamPer	2001
2336	2010	TRUE	PotamPer	2010-06-19
2336	2015	TRUE	PotamPer	2015-06-26
2336	2017	FALSE	-	2017
2337	2001	TRUE	PotamPer	2001
2337	2017	FALSE	-	2017
2338	2001	TRUE	PotamPer	2001
2338	2011	TRUE	PotamPer	2011-06-21
2338	2017	FALSE	-	2017
2339	2001	TRUE	PotamPer	2001
2339	2012	TRUE	PotamPer	2012-06-21
2340	2001	TRUE	PotamPer	2001
2341	2001	TRUE	PotamPer	2001
2341	2010	TRUE	PotamPer	2010-06-19
2342	2001	TRUE	PotamPer	2001
2343	2001	TRUE	PotamPer	2001
2343	2015	TRUE	PotamPer	2015-08-12
2344	2001	TRUE	PotamPer	2001
2344	2012	TRUE	PotamPer	2012-05-19
2345	2001	FALSE	-	2001
2345	2015	TRUE	PotamLuc	2015
2346	2001	FALSE	-	2001
2347	2001	FALSE	-	2001
2347	2006	TRUE	PotamObt	2006-08-03
2347	2012	FALSE	-	2012-08-13
2347	2017	FALSE	-	2017-07-04
2348	2001	FALSE	-	2001
2348	2006	TRUE	PotamObt	2006-08-03
2349	2001	FALSE	-	2001
2349	2006	TRUE	PotamObt	2006-08-03
2350	2001	FALSE	-	2001
2350	2006	TRUE	PotamObt	2006-08-03
2350	2015	TRUE	PotamBer	2015-07-06
2351	2001	FALSE	-	2001
2352	2001	FALSE	-	2001
2352	2013	TRUE	PotamPer	2013-06-15
2353	2006	FALSE	-	2006-07
2353	2014	TRUE	PotamPol	2014-11-06
2354	2014	TRUE	PotamBer	2014-07-03
2356	2014	TRUE	PotamPol	2014
2359	2013	TRUE	CalliHam	2013-08-19
2359	2016	FALSE	-	2016-07-26
2359	2019	FALSE	-	2019-05-23
2361	2013	FALSE	-	2013-08-19
2361	2016	FALSE	-	2016-07-26
2361	2019	FALSE	-	2019-05-23
2363	2013	TRUE	CalliHam	2013-08-19
2363	2016	FALSE	-	2016-07-26
2363	2019	FALSE	-	2019-05-23
2366	2011	FALSE	-	2011-08-04
2366	2013	TRUE	PotamObt	2013-06-19
2369	2009	FALSE	-	2009-09-07
2370	2008	TRUE	PotamPol	2008-11-14
2372	2001	FALSE	-	2001
2373	2001	FALSE	-	2001
2373	2015	TRUE	PotamLuc	2015
2375	2014	TRUE	PotamBer	2014-06-30
2376	2004	FALSE	-	2004
2376	2011	FALSE	-	2011-06-22
2376	2015	TRUE	RanunBatG	2015-07-14
2376	2018	FALSE	-	2018-06-22
2377	2015	TRUE	MyrioVer	2015-07-14
2378	2012	FALSE	-	2012-09-18
2378	2015	TRUE	PotamBer	2015-06-30
2378	2018	FALSE	-	2018-06-20
2379	2011	TRUE	CalliHam	2011-08-17
2379	2018	FALSE	-	2018-07-16
2380	2012	TRUE	RanunAqu	2012-05-21
2381	2002	FALSE	-	2002
2381	2003	FALSE	-	2003
2382	2002	FALSE	-	2002
2382	2003	FALSE	-	2003
2382	2009	TRUE	CalliHam	2009-08-16
2383	2012	TRUE	CalliHam,RanunPel	2012-06-04
2384	2002	FALSE	-	2002
2385	2002	FALSE	-	2002
2385	2012	TRUE	PotamBer	2012-06-19
2385	2018	FALSE	-	2018-06-06
2386	2009	TRUE	PotamPol	2009-03-27
2386	2015	TRUE	PotamPol	2015
2386	2016	TRUE	PotamPol	2016-02-02
2386	2017	TRUE	PotamPol	2017-10-04
2386	2019	TRUE	PotamPol	2019-04-26
2387	2010	TRUE	RanunAqu	2010-05-30
2388	2012	TRUE	RanunHed	2012-06
2388	2013	TRUE	RanunHed	2013-05
2388	2015	TRUE	RanunHed	2015-03-12
2388	2018	TRUE	RanunHed	2018-06-04
2389	2007	TRUE	PotamPol	2007
2389	2019	FALSE	-	2019-05-28
2390	2018	FALSE	-	2018-06-04
2391	2012	TRUE	RanunHed	2012
2391	2013	TRUE	RanunHed	2013-05-18
2391	2014	TRUE	RanunHed	2014
2391	2018	FALSE	-	2018-06-04
2392	2013	TRUE	RanunHed	2013-05-25
2392	2014	TRUE	RanunHed	2014
2392	2015	TRUE	RanunHed	2015-06
2392	2016	TRUE	RanunHed	2016-01-10
2392	2018	TRUE	RanunHed	2018-06-04
2393	2013	TRUE	RanunHed	2013-05-18
2393	2014	TRUE	RanunHed	2014
2393	2016	TRUE	RanunHed	2016-02-21
2393	2018	FALSE	-	2018-06-04
2394	2012	TRUE	RanunHed	2012-06-17
2394	2018	FALSE	-	2018-06-04
2395	2016	TRUE	RanunHed	2016
2396	2016	TRUE	RanunHed	2016-03-28
2396	2018	TRUE	RanunHed	2018-06-06
2397	2012	TRUE	RanunHed	2012-06-30
2397	2018	FALSE	-	2018-06-04
2398	2013	TRUE	RanunHed	2013-05-20
2398	2015	TRUE	RanunHed	2015-03-01
2398	2018	TRUE	RanunHed	2018-06-04
2399	2016	FALSE	-	2016-09-14
2400	2016	FALSE	-	2016-09
2401	2006	FALSE	-	2006-09
2401	2016	TRUE	PotamPol	2016-06-25
2401	2019	TRUE	PotamPol	2019
2402	2007	FALSE	-	2007-08
2402	2016	TRUE	RanunPel	2016-05-27
2404	2016	TRUE	PotamPol	2016-08-04
2405	2007	FALSE	-	2007-09-27
2405	2016	FALSE	-	2016-07-14
2405	2019	FALSE	-	2019-06-17
2406	2002	TRUE	CalliHam,PotamPol	2002
2406	2003	TRUE	CalliHam,PotamPol	2003
2406	2016	TRUE	CalliHam	2016-08-05
2407	2003	TRUE	CalliHam,PotamPol	2003
2407	2003	TRUE	CalliHam,PotamPol	2003
2408	2004	TRUE	RanunFlu	2004-08-24
2408	2008	TRUE	RanunFlu	2008-08-06
2409	2004	TRUE	RanunFlu	2004-08-24
2409	2008	TRUE	RanunFlu	2008-08-06
2410	2006	TRUE	CalliHam	2006-08-07
2410	2016	TRUE	CalliHam	2016-07-27
2411	2016	TRUE	CalliHam	2016-08-27
2412	2016	TRUE	PotamPol	2016-06-16
2413	2004	FALSE	-	2004
2413	2018	FALSE	-	2018-07-24
2414	2004	FALSE	-	2004
2414	2017	TRUE	RanunPel	2017-05-17
2415	2006	FALSE	-	2006-09
2416	2006	FALSE	-	2006-09
2416	2016	TRUE	PotamPol	2016-07-27
2416	2017	TRUE	PotamPol	2017-05-31
2417	2016	TRUE	RanunPel	2016-05-26
2418	2006	TRUE	CalliHam,PotamBer,RanunPelG	2006-09-05
2418	2012	TRUE	PotamPol	2012-07-26
2419	2017	FALSE	-	2017-05-19
2420	2001	FALSE	-	2001
2420	2002	FALSE	-	2002
2421	2002	TRUE	CalliHam,PotamPol	2002
2421	2003	TRUE	CalliHam,PotamPol	2003
2422	2002	TRUE	CalliHam,PotamPol	2002
2422	2003	TRUE	CalliHam,PotamPol	2003
2422	2015	TRUE	CalliHam	2015-07-09
2423	2001	FALSE	-	2001
2423	2002	FALSE	-	2002
2424	2006	TRUE	CalliHam	2006-08-07
2424	2016	TRUE	CalliHam	2016-07-27
2425	2005	FALSE	-	2005
2425	2012	FALSE	-	2012-07-31
2425	2014	FALSE	-	2014-08-28
2426	2006	TRUE	CalliHam	2006-07-28
2427	2006	TRUE	CalliHam	2006-07-28
2428	2005	FALSE	-	2005
2428	2017	TRUE	PotamBer	2017-07-30
2429	2005	FALSE	-	2005
2429	2012	FALSE	-	2012-07-31
2429	2014	FALSE	-	2014-08-28
2429	2017	TRUE	PotamBer,PotamNod	2017-07-05
2429	2018	TRUE	PotamNod	2018-06-08
2430	2005	FALSE	-	2005
2430	2012	FALSE	-	2012
2431	2005	FALSE	-	2005
2431	2012	FALSE	-	2012
2431	2017	TRUE	PotamBer	2017-08-16
2432	2005	FALSE	-	2005
2433	2005	FALSE	-	2005
2433	2017	TRUE	RanunPel	2017-04-04
2434	2005	FALSE	-	2005
2435	2016	FALSE	-	2016-06-23
2435	2019	FALSE	-	2019-09-17
2436	2016	TRUE	CalliHam	2016-04-05
2437	2002	TRUE	CalliHam,PotamPol	2002
2437	2003	TRUE	CalliHam,PotamPol	2003
2437	2011	TRUE	MyrioVer?	2011-09-29
2437	2013	TRUE	RanunPel	2013-07-17
2437	2015	FALSE	-	2015-06-16
2437	2016	TRUE	CalliHam,MyrioVer	2016-08-05
2438	2002	TRUE	CalliHam,PotamPol	2002
2438	2003	TRUE	CalliHam,PotamPol	2003
2439	2002	TRUE	CalliHam,PotamPol	2002
2439	2003	TRUE	CalliHam,PotamPol	2003
2439	2011	FALSE	-	2011-09-29
2439	2013	FALSE	-	2013-07-17
2439	2015	FALSE	-	2015-06-16
2440	2002	TRUE	CalliHam,PotamPol	2002
2440	2003	TRUE	CalliHam,PotamPol	2003
2440	2011	FALSE	-	2011
2440	2013	FALSE	-	2013-07-18
2440	2015	FALSE	-	2015-06-16
2441	2002	FALSE	-	2002
2441	2007	TRUE	CalliHam	2007-06-28
2441	2010	FALSE	-	2010-06-21
2441	2013	FALSE	-	2013-08-01
2441	2016	TRUE	CalliHam	2016-08-30
2441	2019	FALSE	-	2019-07-15
2442	2006	TRUE	CalliHam,RanunBatG	2006-07-03
2442	2008	FALSE	-	2008-05-29
2442	2016	TRUE	CalliHam	2016-08-19
2443	2017	TRUE	PotamPol	2017-08-14
2444	2017	TRUE	PotamObt	2017-11-14
2445	2003	FALSE	-	2003
2445	2013	FALSE	-	2013-08-08
2445	2019	FALSE	-	2019-07-08
2446	2003	FALSE	-	2003
2446	2013	FALSE	-	2013-08-08
2446	2016	TRUE	FontiAnt	2016-08-29
2447	2003	FALSE	-	2003
2448	2003	FALSE	-	2003
2448	2018	TRUE	CalliHam	2018-05-06
2449	2003	FALSE	-	2003
2450	2003	FALSE	-	2003
2450	2013	FALSE	-	2013-08-22
2450	2016	TRUE	FontiAnt	2016-09-19
2450	2018	FALSE	-	2018-06-21
2451	2007	FALSE	-	2007-08
2452	2007	FALSE	-	2007-08
2452	2015	FALSE	-	2015-09-04
2452	2017	TRUE	PotamObt	2017-09-28
2452	2019	TRUE	PotamBer	2019-09-06
2453	2004	FALSE	-	2004
2453	2016	TRUE	PotamPol	2016-01-31
2454	2008	FALSE	-	2008-07-01
2454	2012	FALSE	-	2012-08-01
2454	2019	TRUE	PotamPol	2019-05-09
2455	2016	TRUE	CalliHam	2016-04-22
2456	2017	TRUE	PotamPol	2017-06-19
2457	2017	TRUE	PotamPol	2017-06-19
2458	2017	TRUE	PotamPol	2017-05-11
2459	2016	TRUE	PotamBer	2016-08-30
2460	2016	TRUE	PotamBer	2016-08-30
2461	2016	TRUE	RanunBatG	2016-09-21
2462	2001	FALSE	-	2001
2462	2002	FALSE	-	2002
2462	2006	TRUE	RanunPelG	2006-09-14
2462	2008	TRUE	RanunBatG	2008-5-30
2462	2014	TRUE	PotamPol	2014-11-21
2462	2015	TRUE	nietgespecifieerd	2015
2463	2011	TRUE	RanunAqu	2011-06-11
2463	2011	TRUE	RanunAqu	2011-09-21
2463	2015	TRUE	RanunBatG	2015
2464	2011	TRUE	RanunAqu	2011-06-11
2464	2011	TRUE	RanunAqu	2011-09-21
2464	2015	TRUE	RanunBatG	2015
2464	2017	FALSE	-	2017-08-17
2464	2018	FALSE	-	2018-05-25
2465	2006	TRUE	PotamBer,PotamPol	2006-09-19
2465	2012	TRUE	PotamPol	2012-05-20
2465	2016	FALSE	-	2016-07-28
2465	2019	FALSE	-	2019-05-27
2466	2001	FALSE	-	2001
2466	2002	FALSE	-	2002
2467	2001	FALSE	-	2001
2467	2002	FALSE	-	2002
2467	2006	TRUE	CalliHam,PotamBer	2006-09-19
2467	2016	FALSE	-	2016-08-12
2468	2001	FALSE	-	2001
2468	2002	FALSE	-	2002
2469	2001	FALSE	-	2001
2469	2002	FALSE	-	2002
2469	2017	FALSE	-	2017-06-02
2470	2001	FALSE	-	2001
2470	2002	FALSE	-	2002
2470	2006	FALSE	-	2006-09
2471	2001	FALSE	-	2001
2471	2002	FALSE	-	2002
2471	2016	TRUE	PotamPol	2016-05-13
2472	2017	TRUE	PotamObt	2017
2473	2017	TRUE	PotamObt	2017
2474	2001	FALSE	-	2001
2474	2002	FALSE	-	2002
2474	2006	TRUE	RanunPelG	2006-09-05
2474	2017	TRUE	PotamBer,RanunPel	2017-08-17
2475	2001	FALSE	-	2001
2475	2002	FALSE	-	2002
2475	2006	TRUE	RanunPelG	2006-09-05
2475	2016	TRUE	RanunPel	2016-07-23
2476	2016	TRUE	RanunPel	2016-04-20
2476	2018	TRUE	RanunPel	2018-05-25
2477	2007	FALSE	-	2007-07-24
2477	2010	FALSE	-	2010-09-02
2477	2013	FALSE	-	2013-09-06
2477	2016	TRUE	FontiAnt	2016-09-01
2477	2018	FALSE	-	2018-07-16
2478	2018	TRUE	CalliHam	2018-05-22
2479	2016	TRUE	FontiAnt	2016-08-18
2479	2019	FALSE	-	2019-07-17
2480	2016	TRUE	FontiAnt	2016-08-18
2480	2019	FALSE	-	2019-07-17
2481	2016	TRUE	PotamCol	2016
2481	2017	TRUE	PotamCol	2017
2481	2018	TRUE	PotamCol	2018
2481	2019	TRUE	PotamCol	2019
2482	2017	TRUE	CalliHam	2017-06-04
2483	2017	TRUE	CalliHam	2017-01-15
2484	2017	TRUE	CalliHam	2017-12-02
2485	2010	TRUE	FontiAnt	2010-08-19
2485	2013	TRUE	FontiAnt	2013-07-30
2485	2017	TRUE	FontiAnt,PotamBer	2017-07-18
2485	2018	TRUE	FontiAnt	2018-07-18
2486	2017	FALSE	-	2017-07-18
2487	2018	TRUE	RanunFlu	2018-10-05
2488	2019	TRUE	RanunPel	2019-04-30
2489	2002	FALSE	-	2002
2489	2003	FALSE	-	2003
2490	2002	FALSE	-	2002
2490	2003	FALSE	-	2003
2490	2019	TRUE	RanunAqu	2019-05-04
2491	2006	FALSE	-	2006-07
2492	2016	TRUE	PotamPol	2016-02-02
2493	2016	TRUE	PotamNod,PotamPol	2016
2494	2016	TRUE	PotamPol	2016-04-30
2495	2016	TRUE	PotamPol	2016-11-24
2496	2001	FALSE	-	2001
2496	2006	FALSE	-	2006-06
2497	2001	FALSE	-	2001
2497	2006	FALSE	-	2006-06
2497	2008	FALSE	-	2008-08-06
2497	2011	FALSE	-	2011-07-18
2497	2017	TRUE	CalliHam	2017-06-20
2498	2009	FALSE	-	2009-08-13
2499	2017	TRUE	RanunPel	2017
2500	2017	TRUE	PotamPol	2017-05-17
2501	2018	FALSE	-	2018-06-06
2502	2008	FALSE	-	2008-07-08
2502	2018	TRUE	RanunHed	2018
2503	2007	TRUE	PotamPol	2007
2503	2019	FALSE	-	2019-05-28
2504	2007	TRUE	PotamPol	2007
2504	2019	TRUE	PotamPol	2019-05-28
2505	2016	TRUE	RanunHed	2016-03-27
2506	2016	TRUE	RanunHed	2016
2506	2018	TRUE	RanunHed	2018-06-06
2507	2016	TRUE	RanunHed	2016-03-27
2507	2018	FALSE	-	2018-06-06
2508	2016	TRUE	RanunHed	2016-04-03
2508	2018	TRUE	RanunHed	2018-06-06
2509	2016	TRUE	RanunHed	2016
2509	2018	TRUE	RanunHed	2018-06-06
2509	2019	TRUE	RanunHed	2019-04-21
2510	2015	TRUE	RanunHed	2015-06
2510	2016	TRUE	RanunHed	2016-03-27
2510	2017	TRUE	RanunHed	2017-03-27
2510	2018	FALSE	-	2018-06-06
2511	2016	TRUE	RanunHed	2016-04-14
2512	2016	TRUE	RanunHed	2016-04-14
2513	2012	TRUE	RanunHed	2012-06-30
2513	2018	TRUE	RanunHed	2018-06-04
2514	2018	TRUE	RanunHed	2018-06-04
2515	2016	TRUE	RanunHed	2016-02-21
2515	2018	TRUE	RanunHed	2018-06-04
2516	2012	TRUE	RanunHed	2012
2516	2013	TRUE	RanunHed	2013-05-18
2516	2014	TRUE	RanunHed	2014
2516	2018	FALSE	-	2018-06-04
2517	2012	TRUE	RanunHed	2012
2517	2013	TRUE	RanunHed	2013-05-18
2517	2014	TRUE	RanunHed	2014
2517	2018	TRUE	RanunHed	2018-06-04
2518	2006	FALSE	-	2006-08
2519	2006	FALSE	-	2006-08
2519	2009	FALSE	-	2009-09
2519	2018	TRUE	FontiAnt	2018-09-18
2520	2006	FALSE	-	2006-09
2520	2019	TRUE	PotamPol	2019-09-27
2521	2019	TRUE	PotamPol	2019
2523	2019	TRUE	PotamPol	2019-11
2524	2006	TRUE	CalliHam	2006-08-21
2524	2015	FALSE	-	2015-08-14
2524	2015	FALSE	-	2015-09-21
2524	2017	FALSE	-	2017-06-30
2524	2018	TRUE	CalliHam	2018-06-08
2525	2005	TRUE	CalliHam,PotamPol	2005
2525	2019	FALSE	-	2019-07-04
2526	2005	TRUE	CalliHam,PotamPol	2005
2527	2018	FALSE	-	2018-08-08
2528	2002	FALSE	-	2002
2528	2003	FALSE	-	2003
2528	2007	FALSE	-	2007-06-13
2528	2010	FALSE	-	2010-06-24
2528	2013	FALSE	-	2013-07-24
2528	2016	FALSE	-	2016
2528	2018	TRUE	CalliHam	2018-06-28
2529	2007	TRUE	CalliHam	2007-07-27
2529	2015	TRUE	CalliHam	2015-06-25
2530	2019	TRUE	PotamPol	2019-07-01
2531	2003	FALSE	-	2003
2532	2003	FALSE	-	2003
2532	2007	FALSE	-	2007
2532	2010	FALSE	-	2010
2532	2013	FALSE	-	2013
2532	2016	FALSE	-	2016-07-20
2532	2018	TRUE	FontiAnt	2018-06-25
2533	2019	TRUE	PotamPol	2019-06-17
2534	2018	TRUE	PotamPol	2018-08-08
2535	2019	TRUE	RanunFlu	2019-06-26
2536	2019	TRUE	RanunPel	2019-05-15
2537	2001	FALSE	-	2001
2537	2002	FALSE	-	2002
2537	2006	TRUE	CalliHam,RanunPelG	2006-09-05
2538	2001	FALSE	-	2001
2538	2002	FALSE	-	2002
2538	2019	FALSE	-	2019-05-24
2539	2018	TRUE	PotamPol	2018-07-18
2540	2001	FALSE	-	2001
2540	2002	FALSE	-	2002
2541	2001	FALSE	-	2001
2541	2002	FALSE	-	2002
2541	2018	TRUE	RanunPel	2018-04-28
2542	2018	TRUE	PotamPol	2018-05-25
2543	2019	TRUE	RanunPel	2019-05-12
2544	2018	TRUE	PotamPol	2018-06-13
2545	2001	FALSE	-	2001
2545	2006	TRUE	PotamObt	2006-08-03
2545	2016	TRUE	PotamBer,RanunBatG	2016-08-26
2546	2001	FALSE	-	2001
2546	2019	FALSE	-	2019-05-24
2547	2018	TRUE	CalliHam	2018-05-07
2548	2018	TRUE	RanunHed	2018-07-04
2549	2018	TRUE	PotamPol	2018-09-10
2550	2019	TRUE	CalliHam	2019-04-29
2552	2018	TRUE	RanunBatG	2018-09-20
2554	2018	TRUE	RanunHed	2018-07-25
2557	2001	TRUE	PotamPer	2001
2557	2017	FALSE	-	2017
2557	2017	TRUE	FontiAnt	2017-07-18
2558	2019	TRUE	PotamPol	2019-06-15
2560	2019	TRUE	PotamPol	2019-07-13
2563	2019	TRUE	RanunPel	2019-04-27
2564	2018	TRUE	RanunPel	2018-04-20
2565	2019	TRUE	RanunPel	2019-05-17
2566	2005	FALSE	-	2005
2567	2005	FALSE	-	2005
2567	2019	TRUE	RanunPel	2019-05-07
2568	2019	TRUE	PotamPol	2019-06-07
2568	2020	FALSE	-	2020
2569	2018	TRUE	PotamPol	2018-05-01
2570	2019	TRUE	PotamPol	2019-09-16
2574	2010	FALSE	-	2010-08-26
2574	2014	FALSE	-	2014-07-22
2574	2018	TRUE	Fonti-sp	2018-06-19
2575	2010	FALSE	-	2010-08-26
2575	2018	TRUE	Fonti-sp	2018-06-19
2576	2004	FALSE	-	2004
2576	2008	FALSE	-	2008-07-30
2576	2011	FALSE	-	2011-06
2576	2015	FALSE	-	2015
2576	2018	FALSE	-	2018-06-22
2577	2004	FALSE	-	2004
2577	2008	TRUE	MyrioVer	2008-07-30
2577	2011	FALSE	-	2011-06-22
2577	2015	FALSE	-	2015-07-14
2577	2018	TRUE	MyrioVer	2018-06-22
2578	2004	FALSE	-	2004
2578	2011	FALSE	-	2011-06
2578	2015	FALSE	-	2015
2578	2018	FALSE	-	2018-06-22
2579	2004	FALSE	-	2004
2579	2019	TRUE	CalliHam,PotamPol	2019-04-20
2581	2019	TRUE	PotamPol	2019-10-30
2582	2019	TRUE	PotamPol	2019-10-30
2583	2015	TRUE	CalliHam	2015-10-29
2583	2019	TRUE	RanunPel	2019-05-25
2584	2001	FALSE	-	2001
2584	2002	FALSE	-	2002
2584	2008	FALSE	-	2008-06-23
2584	2012	FALSE	-	2012-06-19
2584	2017	FALSE	-	2017-07-04
2585	2001	FALSE	-	2001
2585	2002	FALSE	-	2002
2585	2019	TRUE	CalliHam	2019-05-02
2586	2019	TRUE	RanunHed	2019-03-31
2587	2019	TRUE	CalliHam	2019-05-15
2588	2019	TRUE	RanunAqu	2019-04-22
2589	2019	TRUE	RanunAqu	2019-05-20
2590	2008	TRUE	GroenDen	2008-07-21
2590	2010	TRUE	PotamCol	2010-07-11
2591	2018	TRUE	PotamCol	2018-04-25
2591	2019	TRUE	RanunAqu	2019-06-17
2592	2007	TRUE	PotamPol	2007
2592	2018	TRUE	PotamPol	2018-07-20
2592	2019	FALSE	-	2019-05-28
2593	2017	TRUE	GroenDen	2017-04
2594	2007	TRUE	PotamPol	2007
2594	2008	FALSE	-	2008-07-07
2594	2019	TRUE	PotamPol	2019-05-28
2595	2007	TRUE	PotamPol	2007
2595	2019	FALSE	-	2019-05-28
2596	2019	TRUE	RanunHed	2019-02-02
2597	2019	TRUE	PotamPol	2019-03-22
2598	2019	TRUE	PotamPol	2019-03-22
2599	2018	TRUE	PotamPol	2018-06-20
