period_min	period_max	source	rank
2018-01-01	2018-12-31	H3260_v1_7	580
2018-01-01	2018-12-31	H3260_v1_7	581
2018-01-01	2018-12-31	H3260_v1_7	582
2018-01-01	2018-12-31	H3260_v1_7	583
2018-01-01	2018-12-31	H3260_v1_7	584
2018-01-01	2018-12-31	H3260_v1_7	585
2018-01-01	2018-12-31	H3260_v1_7	586
2018-01-01	2018-12-31	H3260_v1_7	587
2018-01-01	2018-12-31	H3260_v1_7	588
2018-01-01	2018-12-31	H3260_v1_7	589
2018-01-01	2018-12-31	H3260_v1_7	590
2018-01-01	2018-12-31	H3260_v1_7	591
2008-01-01	2009-12-31	H3260_v1_3	5546
2010-01-01	2011-12-31	H3260_v1_4	5546
2012-01-01	2015-12-31	H3260_v1_5	5546
2016-01-01	2017-12-31	H3260_v1_6	5546
2018-01-01	2018-12-31	H3260_v1_7	5546
2008-01-01	2009-12-31	H3260_v1_3	5547
2010-01-01	2011-12-31	H3260_v1_4	5547
2012-01-01	2015-12-31	H3260_v1_5	5547
2016-01-01	2017-12-31	H3260_v1_6	5547
2018-01-01	2018-12-31	H3260_v1_7	5547
2008-01-01	2009-12-31	H3260_v1_3	5548
2010-01-01	2011-12-31	H3260_v1_4	5548
2012-01-01	2015-12-31	H3260_v1_5	5548
2016-01-01	2017-12-31	H3260_v1_6	5548
2018-01-01	2018-12-31	H3260_v1_7	5548
2008-01-01	2009-12-31	H3260_v1_3	5549
2010-01-01	2011-12-31	H3260_v1_4	5549
2012-01-01	2015-12-31	H3260_v1_5	5549
2016-01-01	2017-12-31	H3260_v1_6	5549
2018-01-01	2018-12-31	H3260_v1_7	5549
2008-01-01	2009-12-31	H3260_v1_3	5550
2010-01-01	2011-12-31	H3260_v1_4	5550
2012-01-01	2015-12-31	H3260_v1_5	5550
2016-01-01	2017-12-31	H3260_v1_6	5550
2018-01-01	2018-12-31	H3260_v1_7	5550
2008-01-01	2009-12-31	H3260_v1_3	5551
2010-01-01	2011-12-31	H3260_v1_4	5551
2012-01-01	2015-12-31	H3260_v1_5	5551
2016-01-01	2017-12-31	H3260_v1_6	5551
2018-01-01	2018-12-31	H3260_v1_7	5551
2008-01-01	2009-12-31	H3260_v1_3	5552
2010-01-01	2011-12-31	H3260_v1_4	5552
2012-01-01	2015-12-31	H3260_v1_5	5552
2016-01-01	2017-12-31	H3260_v1_6	5552
2018-01-01	2018-12-31	H3260_v1_7	5552
2008-01-01	2009-12-31	H3260_v1_3	5553
2010-01-01	2011-12-31	H3260_v1_4	5553
2012-01-01	2015-12-31	H3260_v1_5	5553
2016-01-01	2017-12-31	H3260_v1_6	5553
2018-01-01	2018-12-31	H3260_v1_7	5553
2008-01-01	2009-12-31	H3260_v1_3	5554
2010-01-01	2011-12-31	H3260_v1_4	5554
2012-01-01	2015-12-31	H3260_v1_5	5554
2016-01-01	2017-12-31	H3260_v1_6	5554
2018-01-01	2018-12-31	H3260_v1_7	5554
2008-01-01	2009-12-31	H3260_v1_3	5555
2010-01-01	2011-12-31	H3260_v1_4	5555
2012-01-01	2015-12-31	H3260_v1_5	5555
2016-01-01	2017-12-31	H3260_v1_6	5555
2018-01-01	2018-12-31	H3260_v1_7	5555
2008-01-01	2009-12-31	H3260_v1_3	5556
2010-01-01	2011-12-31	H3260_v1_4	5556
2012-01-01	2015-12-31	H3260_v1_5	5556
2016-01-01	2017-12-31	H3260_v1_6	5556
2018-01-01	2018-12-31	H3260_v1_7	5556
2008-01-01	2009-12-31	H3260_v1_3	5557
2010-01-01	2011-12-31	H3260_v1_4	5557
2012-01-01	2015-12-31	H3260_v1_5	5557
2016-01-01	2017-12-31	H3260_v1_6	5557
2018-01-01	2018-12-31	H3260_v1_7	5557
2008-01-01	2009-12-31	H3260_v1_3	5558
2010-01-01	2011-12-31	H3260_v1_4	5558
2012-01-01	2015-12-31	H3260_v1_5	5558
2016-01-01	2017-12-31	H3260_v1_6	5558
2018-01-01	2018-12-31	H3260_v1_7	5558
2008-01-01	2009-12-31	H3260_v1_3	5559
2010-01-01	2011-12-31	H3260_v1_4	5559
2012-01-01	2015-12-31	H3260_v1_5	5559
2016-01-01	2017-12-31	H3260_v1_6	5559
2018-01-01	2018-12-31	H3260_v1_7	5559
2008-01-01	2009-12-31	H3260_v1_3	5560
2010-01-01	2011-12-31	H3260_v1_4	5560
2012-01-01	2015-12-31	H3260_v1_5	5560
2016-01-01	2017-12-31	H3260_v1_6	5560
2018-01-01	2018-12-31	H3260_v1_7	5560
2008-01-01	2009-12-31	H3260_v1_3	5561
2010-01-01	2011-12-31	H3260_v1_4	5561
2012-01-01	2015-12-31	H3260_v1_5	5561
2016-01-01	2017-12-31	H3260_v1_6	5561
2018-01-01	2018-12-31	H3260_v1_7	5561
2008-01-01	2009-12-31	H3260_v1_3	5562
2010-01-01	2011-12-31	H3260_v1_4	5562
2012-01-01	2015-12-31	H3260_v1_5	5562
2016-01-01	2017-12-31	H3260_v1_6	5562
2018-01-01	2018-12-31	H3260_v1_7	5562
2008-01-01	2009-12-31	H3260_v1_3	5563
2010-01-01	2011-12-31	H3260_v1_4	5563
2012-01-01	2015-12-31	H3260_v1_5	5563
2016-01-01	2017-12-31	H3260_v1_6	5563
2018-01-01	2018-12-31	H3260_v1_7	5563
2008-01-01	2009-12-31	H3260_v1_3	5567
2010-01-01	2011-12-31	H3260_v1_4	5567
2012-01-01	2015-12-31	H3260_v1_5	5567
2016-01-01	2017-12-31	H3260_v1_6	5567
2018-01-01	2018-12-31	H3260_v1_7	5567
2008-01-01	2009-12-31	H3260_v1_3	5568
2010-01-01	2011-12-31	H3260_v1_4	5568
2012-01-01	2015-12-31	H3260_v1_5	5568
2016-01-01	2017-12-31	H3260_v1_6	5568
2018-01-01	2018-12-31	H3260_v1_7	5568
2008-01-01	2009-12-31	H3260_v1_3	5569
2010-01-01	2011-12-31	H3260_v1_4	5569
2012-01-01	2015-12-31	H3260_v1_5	5569
2016-01-01	2017-12-31	H3260_v1_6	5569
2018-01-01	2018-12-31	H3260_v1_7	5569
2008-01-01	2009-12-31	H3260_v1_3	5570
2010-01-01	2011-12-31	H3260_v1_4	5570
2012-01-01	2015-12-31	H3260_v1_5	5570
2016-01-01	2017-12-31	H3260_v1_6	5570
2018-01-01	2018-12-31	H3260_v1_7	5570
2008-01-01	2009-12-31	H3260_v1_3	5571
2010-01-01	2011-12-31	H3260_v1_4	5571
2012-01-01	2015-12-31	H3260_v1_5	5571
2016-01-01	2017-12-31	H3260_v1_6	5571
2018-01-01	2018-12-31	H3260_v1_7	5571
2008-01-01	2009-12-31	H3260_v1_3	5572
2010-01-01	2011-12-31	H3260_v1_4	5572
2012-01-01	2015-12-31	H3260_v1_5	5572
2016-01-01	2017-12-31	H3260_v1_6	5572
2018-01-01	2018-12-31	H3260_v1_7	5572
2008-01-01	2009-12-31	H3260_v1_3	5573
2010-01-01	2011-12-31	H3260_v1_4	5573
2012-01-01	2015-12-31	H3260_v1_5	5573
2016-01-01	2017-12-31	H3260_v1_6	5573
2018-01-01	2018-12-31	H3260_v1_7	5573
2008-01-01	2009-12-31	H3260_v1_3	5574
2010-01-01	2011-12-31	H3260_v1_4	5574
2012-01-01	2015-12-31	H3260_v1_5	5574
2016-01-01	2017-12-31	H3260_v1_6	5574
2018-01-01	2018-12-31	H3260_v1_7	5574
2008-01-01	2009-12-31	H3260_v1_3	5575
2010-01-01	2011-12-31	H3260_v1_4	5575
2012-01-01	2015-12-31	H3260_v1_5	5575
2016-01-01	2017-12-31	H3260_v1_6	5575
2018-01-01	2018-12-31	H3260_v1_7	5575
2008-01-01	2009-12-31	H3260_v1_3	5576
2010-01-01	2011-12-31	H3260_v1_4	5576
2012-01-01	2015-12-31	H3260_v1_5	5576
2016-01-01	2017-12-31	H3260_v1_6	5576
2018-01-01	2018-12-31	H3260_v1_7	5576
2008-01-01	2009-12-31	H3260_v1_3	5577
2010-01-01	2011-12-31	H3260_v1_4	5577
2012-01-01	2015-12-31	H3260_v1_5	5577
2016-01-01	2017-12-31	H3260_v1_6	5577
2018-01-01	2018-12-31	H3260_v1_7	5577
2008-01-01	2009-12-31	H3260_v1_3	5578
2010-01-01	2011-12-31	H3260_v1_4	5578
2012-01-01	2015-12-31	H3260_v1_5	5578
2016-01-01	2017-12-31	H3260_v1_6	5578
2018-01-01	2018-12-31	H3260_v1_7	5578
2008-01-01	2009-12-31	H3260_v1_3	5579
2010-01-01	2011-12-31	H3260_v1_4	5579
2012-01-01	2015-12-31	H3260_v1_5	5579
2016-01-01	2017-12-31	H3260_v1_6	5579
2018-01-01	2018-12-31	H3260_v1_7	5579
2008-01-01	2009-12-31	H3260_v1_3	5580
2010-01-01	2011-12-31	H3260_v1_4	5580
2012-01-01	2015-12-31	H3260_v1_5	5580
2016-01-01	2017-12-31	H3260_v1_6	5580
2018-01-01	2018-12-31	H3260_v1_7	5580
2008-01-01	2009-12-31	H3260_v1_3	5581
2010-01-01	2011-12-31	H3260_v1_4	5581
2012-01-01	2015-12-31	H3260_v1_5	5581
2016-01-01	2017-12-31	H3260_v1_6	5581
2018-01-01	2018-12-31	H3260_v1_7	5581
2008-01-01	2009-12-31	H3260_v1_3	5582
2010-01-01	2011-12-31	H3260_v1_4	5582
2012-01-01	2015-12-31	H3260_v1_5	5582
2016-01-01	2017-12-31	H3260_v1_6	5582
2018-01-01	2018-12-31	H3260_v1_7	5582
2008-01-01	2009-12-31	H3260_v1_3	5583
2010-01-01	2011-12-31	H3260_v1_4	5583
2012-01-01	2015-12-31	H3260_v1_5	5583
2016-01-01	2017-12-31	H3260_v1_6	5583
2018-01-01	2018-12-31	H3260_v1_7	5583
2008-01-01	2009-12-31	H3260_v1_3	5584
2010-01-01	2011-12-31	H3260_v1_4	5584
2012-01-01	2015-12-31	H3260_v1_5	5584
2016-01-01	2017-12-31	H3260_v1_6	5584
2018-01-01	2018-12-31	H3260_v1_7	5584
2008-01-01	2009-12-31	H3260_v1_3	5585
2010-01-01	2011-12-31	H3260_v1_4	5585
2012-01-01	2015-12-31	H3260_v1_5	5585
2016-01-01	2017-12-31	H3260_v1_6	5585
2018-01-01	2018-12-31	H3260_v1_7	5585
2008-01-01	2009-12-31	H3260_v1_3	5586
2010-01-01	2011-12-31	H3260_v1_4	5586
2012-01-01	2015-12-31	H3260_v1_5	5586
2016-01-01	2017-12-31	H3260_v1_6	5586
2018-01-01	2018-12-31	H3260_v1_7	5586
2008-01-01	2009-12-31	H3260_v1_3	5587
2010-01-01	2011-12-31	H3260_v1_4	5587
2012-01-01	2015-12-31	H3260_v1_5	5587
2016-01-01	2017-12-31	H3260_v1_6	5587
2018-01-01	2018-12-31	H3260_v1_7	5587
2008-01-01	2009-12-31	H3260_v1_3	5588
2010-01-01	2011-12-31	H3260_v1_4	5588
2012-01-01	2015-12-31	H3260_v1_5	5588
2016-01-01	2017-12-31	H3260_v1_6	5588
2018-01-01	2018-12-31	H3260_v1_7	5588
2012-01-01	2015-12-31	H3260_v1_5	5600
2018-01-01	2018-12-31	H3260_v1_7	5600
2012-01-01	2015-12-31	H3260_v1_5	5601
2018-01-01	2018-12-31	H3260_v1_7	5601
2012-01-01	2015-12-31	H3260_v1_5	5602
2018-01-01	2018-12-31	H3260_v1_7	5602
2012-01-01	2015-12-31	H3260_v1_5	5603
2018-01-01	2018-12-31	H3260_v1_7	5603
2012-01-01	2015-12-31	H3260_v1_5	5604
2018-01-01	2018-12-31	H3260_v1_7	5604
2012-01-01	2015-12-31	H3260_v1_5	5605
2018-01-01	2018-12-31	H3260_v1_7	5605
2012-01-01	2015-12-31	H3260_v1_5	5606
2018-01-01	2018-12-31	H3260_v1_7	5606
2012-01-01	2015-12-31	H3260_v1_5	5607
2018-01-01	2018-12-31	H3260_v1_7	5607
2012-01-01	2015-12-31	H3260_v1_5	5608
2018-01-01	2018-12-31	H3260_v1_7	5608
2012-01-01	2015-12-31	H3260_v1_5	5609
2018-01-01	2018-12-31	H3260_v1_7	5609
2012-01-01	2015-12-31	H3260_v1_5	5610
2018-01-01	2018-12-31	H3260_v1_7	5610
2012-01-01	2015-12-31	H3260_v1_5	5611
2018-01-01	2018-12-31	H3260_v1_7	5611
2012-01-01	2015-12-31	H3260_v1_5	5612
2018-01-01	2018-12-31	H3260_v1_7	5612
2012-01-01	2015-12-31	H3260_v1_5	5613
2018-01-01	2018-12-31	H3260_v1_7	5613
2012-01-01	2015-12-31	H3260_v1_5	5614
2018-01-01	2018-12-31	H3260_v1_7	5614
2012-01-01	2015-12-31	H3260_v1_5	5615
2018-01-01	2018-12-31	H3260_v1_7	5615
2012-01-01	2015-12-31	H3260_v1_5	5616
2018-01-01	2018-12-31	H3260_v1_7	5616
2012-01-01	2015-12-31	H3260_v1_5	5617
2010-01-01	2011-12-31	H3260_v1_4	7998
2012-01-01	2015-12-31	H3260_v1_5	7998
2016-01-01	2017-12-31	H3260_v1_6	7998
2010-01-01	2011-12-31	H3260_v1_4	7999
2012-01-01	2015-12-31	H3260_v1_5	7999
2016-01-01	2017-12-31	H3260_v1_6	7999
2012-01-01	2015-12-31	H3260_v1_5	9273
2012-01-01	2015-12-31	H3260_v1_5	9274
2018-01-01	2018-12-31	H3260_v1_7	9543
2018-01-01	2018-12-31	H3260_v1_7	9544
2018-01-01	2018-12-31	H3260_v1_7	9545
2018-01-01	2018-12-31	H3260_v1_7	9546
1899-01-01	2006-12-31	H3260_v1_0	9547
2007-01-01	2007-12-31	H3260_v1_2	9547
2008-01-01	2009-12-31	H3260_v1_3	9547
2010-01-01	2011-12-31	H3260_v1_4	9547
2012-01-01	2015-12-31	H3260_v1_5	9547
2016-01-01	2017-12-31	H3260_v1_6	9547
2018-01-01	2018-12-31	H3260_v1_7	9547
1899-01-01	2006-12-31	H3260_v1_0	9548
2007-01-01	2007-12-31	H3260_v1_2	9548
2008-01-01	2009-12-31	H3260_v1_3	9548
2010-01-01	2011-12-31	H3260_v1_4	9548
2012-01-01	2015-12-31	H3260_v1_5	9548
2016-01-01	2017-12-31	H3260_v1_6	9548
2018-01-01	2018-12-31	H3260_v1_7	9548
1899-01-01	2006-12-31	H3260_v1_0	9549
2007-01-01	2007-12-31	H3260_v1_2	9549
2008-01-01	2009-12-31	H3260_v1_3	9549
2010-01-01	2011-12-31	H3260_v1_4	9549
2012-01-01	2015-12-31	H3260_v1_5	9549
2016-01-01	2017-12-31	H3260_v1_6	9549
2018-01-01	2018-12-31	H3260_v1_7	9549
2018-01-01	2018-12-31	H3260_v1_7	19756
2018-01-01	2018-12-31	H3260_v1_7	19757
2018-01-01	2018-12-31	H3260_v1_7	19758
2018-01-01	2018-12-31	H3260_v1_7	19759
2018-01-01	2018-12-31	H3260_v1_7	19760
2018-01-01	2018-12-31	H3260_v1_7	19761
2018-01-01	2018-12-31	H3260_v1_7	19762
2018-01-01	2018-12-31	H3260_v1_7	19763
2018-01-01	2018-12-31	H3260_v1_7	19764
2012-01-01	2015-12-31	H3260_v1_5	19765
2012-01-01	2015-12-31	H3260_v1_5	19766
2007-01-01	2007-12-31	H3260_v1_2	32535
2008-01-01	2009-12-31	H3260_v1_3	32535
2010-01-01	2011-12-31	H3260_v1_4	32535
2012-01-01	2015-12-31	H3260_v1_5	32535
2016-01-01	2017-12-31	H3260_v1_6	32535
2018-01-01	2018-12-31	H3260_v1_7	32535
2012-01-01	2015-12-31	H3260_v1_5	33363
2018-01-01	2018-12-31	H3260_v1_7	33363
2012-01-01	2015-12-31	H3260_v1_5	33364
2018-01-01	2018-12-31	H3260_v1_7	33364
2012-01-01	2015-12-31	H3260_v1_5	33365
2018-01-01	2018-12-31	H3260_v1_7	33365
2012-01-01	2015-12-31	H3260_v1_5	33366
2018-01-01	2018-12-31	H3260_v1_7	33366
2012-01-01	2015-12-31	H3260_v1_5	33367
2018-01-01	2018-12-31	H3260_v1_7	33367
2012-01-01	2015-12-31	H3260_v1_5	33368
2018-01-01	2018-12-31	H3260_v1_7	33368
2012-01-01	2015-12-31	H3260_v1_5	33369
2018-01-01	2018-12-31	H3260_v1_7	33369
2012-01-01	2015-12-31	H3260_v1_5	33370
2018-01-01	2018-12-31	H3260_v1_7	33370
2012-01-01	2015-12-31	H3260_v1_5	33371
2018-01-01	2018-12-31	H3260_v1_7	33371
2012-01-01	2015-12-31	H3260_v1_5	33372
2018-01-01	2018-12-31	H3260_v1_7	33372
2012-01-01	2015-12-31	H3260_v1_5	33373
2018-01-01	2018-12-31	H3260_v1_7	33373
2012-01-01	2015-12-31	H3260_v1_5	33374
2018-01-01	2018-12-31	H3260_v1_7	33374
2012-01-01	2015-12-31	H3260_v1_5	33375
2018-01-01	2018-12-31	H3260_v1_7	33375
2007-01-01	2007-12-31	H3260_v1_2	33383
2008-01-01	2009-12-31	H3260_v1_3	33383
2010-01-01	2011-12-31	H3260_v1_4	33383
2016-01-01	2017-12-31	H3260_v1_6	33383
2007-01-01	2007-12-31	H3260_v1_2	33384
2008-01-01	2009-12-31	H3260_v1_3	33384
2010-01-01	2011-12-31	H3260_v1_4	33384
2012-01-01	2015-12-31	H3260_v1_5	33384
2016-01-01	2017-12-31	H3260_v1_6	33384
1899-01-01	2006-12-31	H3260_v1_0	33385
2007-01-01	2007-12-31	H3260_v1_2	33385
2008-01-01	2009-12-31	H3260_v1_3	33385
2010-01-01	2011-12-31	H3260_v1_4	33385
2012-01-01	2015-12-31	H3260_v1_5	33385
2016-01-01	2017-12-31	H3260_v1_6	33385
1899-01-01	2006-12-31	H3260_v1_0	33386
2007-01-01	2007-12-31	H3260_v1_2	33386
2008-01-01	2009-12-31	H3260_v1_3	33386
2010-01-01	2011-12-31	H3260_v1_4	33386
2012-01-01	2015-12-31	H3260_v1_5	33386
2016-01-01	2017-12-31	H3260_v1_6	33386
2007-01-01	2007-12-31	H3260_v1_2	33387
2008-01-01	2009-12-31	H3260_v1_3	33387
2010-01-01	2011-12-31	H3260_v1_4	33387
2012-01-01	2015-12-31	H3260_v1_5	33387
2016-01-01	2017-12-31	H3260_v1_6	33387
2007-01-01	2007-12-31	H3260_v1_2	33388
2008-01-01	2009-12-31	H3260_v1_3	33388
2010-01-01	2011-12-31	H3260_v1_4	33388
2012-01-01	2015-12-31	H3260_v1_5	33388
2016-01-01	2017-12-31	H3260_v1_6	33388
2007-01-01	2007-12-31	H3260_v1_2	33389
2008-01-01	2009-12-31	H3260_v1_3	33389
2010-01-01	2011-12-31	H3260_v1_4	33389
2012-01-01	2015-12-31	H3260_v1_5	33389
2016-01-01	2017-12-31	H3260_v1_6	33389
2007-01-01	2007-12-31	H3260_v1_2	33411
2008-01-01	2009-12-31	H3260_v1_3	33411
2010-01-01	2011-12-31	H3260_v1_4	33411
2012-01-01	2015-12-31	H3260_v1_5	33411
2016-01-01	2017-12-31	H3260_v1_6	33411
2018-01-01	2018-12-31	H3260_v1_7	33411
2007-01-01	2007-12-31	H3260_v1_2	33412
2008-01-01	2009-12-31	H3260_v1_3	33412
2010-01-01	2011-12-31	H3260_v1_4	33412
2012-01-01	2015-12-31	H3260_v1_5	33412
2016-01-01	2017-12-31	H3260_v1_6	33412
2018-01-01	2018-12-31	H3260_v1_7	33412
1899-01-01	2006-12-31	H3260_v1_0	33413
2007-01-01	2007-12-31	H3260_v1_2	33413
2008-01-01	2009-12-31	H3260_v1_3	33413
2010-01-01	2011-12-31	H3260_v1_4	33413
2012-01-01	2015-12-31	H3260_v1_5	33413
2016-01-01	2017-12-31	H3260_v1_6	33413
2018-01-01	2018-12-31	H3260_v1_7	33413
1899-01-01	2006-12-31	H3260_v1_0	33414
2007-01-01	2007-12-31	H3260_v1_2	33414
2008-01-01	2009-12-31	H3260_v1_3	33414
2010-01-01	2011-12-31	H3260_v1_4	33414
2012-01-01	2015-12-31	H3260_v1_5	33414
2016-01-01	2017-12-31	H3260_v1_6	33414
2018-01-01	2018-12-31	H3260_v1_7	33414
2007-01-01	2007-12-31	H3260_v1_2	33415
2008-01-01	2009-12-31	H3260_v1_3	33415
2010-01-01	2011-12-31	H3260_v1_4	33415
2012-01-01	2015-12-31	H3260_v1_5	33415
2016-01-01	2017-12-31	H3260_v1_6	33415
2018-01-01	2018-12-31	H3260_v1_7	33415
2007-01-01	2007-12-31	H3260_v1_2	33416
2008-01-01	2009-12-31	H3260_v1_3	33416
2010-01-01	2011-12-31	H3260_v1_4	33416
2012-01-01	2015-12-31	H3260_v1_5	33416
2016-01-01	2017-12-31	H3260_v1_6	33416
2018-01-01	2018-12-31	H3260_v1_7	33416
2007-01-01	2007-12-31	H3260_v1_2	33417
2008-01-01	2009-12-31	H3260_v1_3	33417
2010-01-01	2011-12-31	H3260_v1_4	33417
2012-01-01	2015-12-31	H3260_v1_5	33417
2016-01-01	2017-12-31	H3260_v1_6	33417
2018-01-01	2018-12-31	H3260_v1_7	33417
2007-01-01	2007-12-31	H3260_v1_2	33418
2008-01-01	2009-12-31	H3260_v1_3	33418
2010-01-01	2011-12-31	H3260_v1_4	33418
2012-01-01	2015-12-31	H3260_v1_5	33418
2016-01-01	2017-12-31	H3260_v1_6	33418
2018-01-01	2018-12-31	H3260_v1_7	33418
1899-01-01	2006-12-31	H3260_v1_0	34634
1899-01-01	2006-12-31	H3260_v1_0	34635
1899-01-01	2006-12-31	H3260_v1_0	35601
2007-01-01	2007-12-31	H3260_v1_2	35601
2008-01-01	2009-12-31	H3260_v1_3	35601
2010-01-01	2011-12-31	H3260_v1_4	35601
2012-01-01	2015-12-31	H3260_v1_5	35601
2016-01-01	2017-12-31	H3260_v1_6	35601
2018-01-01	2018-12-31	H3260_v1_7	35601
1899-01-01	2006-12-31	H3260_v1_0	35602
2007-01-01	2007-12-31	H3260_v1_2	35602
2008-01-01	2009-12-31	H3260_v1_3	35602
2010-01-01	2011-12-31	H3260_v1_4	35602
2012-01-01	2015-12-31	H3260_v1_5	35602
2016-01-01	2017-12-31	H3260_v1_6	35602
2018-01-01	2018-12-31	H3260_v1_7	35602
2007-01-01	2007-12-31	H3260_v1_2	35608
2008-01-01	2009-12-31	H3260_v1_3	35608
2010-01-01	2011-12-31	H3260_v1_4	35608
2012-01-01	2015-12-31	H3260_v1_5	35608
2016-01-01	2017-12-31	H3260_v1_6	35608
2007-01-01	2007-12-31	H3260_v1_2	35609
2008-01-01	2009-12-31	H3260_v1_3	35609
2010-01-01	2011-12-31	H3260_v1_4	35609
2012-01-01	2015-12-31	H3260_v1_5	35609
2016-01-01	2017-12-31	H3260_v1_6	35609
2007-01-01	2007-12-31	H3260_v1_2	35610
2008-01-01	2009-12-31	H3260_v1_3	35610
2010-01-01	2011-12-31	H3260_v1_4	35610
2012-01-01	2015-12-31	H3260_v1_5	35610
2016-01-01	2017-12-31	H3260_v1_6	35610
2007-01-01	2007-12-31	H3260_v1_2	35611
2008-01-01	2009-12-31	H3260_v1_3	35611
2010-01-01	2011-12-31	H3260_v1_4	35611
2012-01-01	2015-12-31	H3260_v1_5	35611
2016-01-01	2017-12-31	H3260_v1_6	35611
2007-01-01	2007-12-31	H3260_v1_2	35612
2008-01-01	2009-12-31	H3260_v1_3	35612
2010-01-01	2011-12-31	H3260_v1_4	35612
2012-01-01	2015-12-31	H3260_v1_5	35612
2016-01-01	2017-12-31	H3260_v1_6	35612
2007-01-01	2007-12-31	H3260_v1_2	35613
2008-01-01	2009-12-31	H3260_v1_3	35613
2010-01-01	2011-12-31	H3260_v1_4	35613
2012-01-01	2015-12-31	H3260_v1_5	35613
2016-01-01	2017-12-31	H3260_v1_6	35613
2007-01-01	2007-12-31	H3260_v1_2	35614
2008-01-01	2009-12-31	H3260_v1_3	35614
2010-01-01	2011-12-31	H3260_v1_4	35614
2012-01-01	2015-12-31	H3260_v1_5	35614
2016-01-01	2017-12-31	H3260_v1_6	35614
1899-01-01	2006-12-31	H3260_v1_0	35615
2007-01-01	2007-12-31	H3260_v1_2	35615
2008-01-01	2009-12-31	H3260_v1_3	35615
2010-01-01	2011-12-31	H3260_v1_4	35615
2012-01-01	2015-12-31	H3260_v1_5	35615
2016-01-01	2017-12-31	H3260_v1_6	35615
2018-01-01	2018-12-31	H3260_v1_7	35615
1899-01-01	2006-12-31	H3260_v1_0	35616
2007-01-01	2007-12-31	H3260_v1_2	35616
2008-01-01	2009-12-31	H3260_v1_3	35616
2010-01-01	2011-12-31	H3260_v1_4	35616
2012-01-01	2015-12-31	H3260_v1_5	35616
2016-01-01	2017-12-31	H3260_v1_6	35616
2018-01-01	2018-12-31	H3260_v1_7	35616
2012-01-01	2015-12-31	H3260_v1_5	36202
2018-01-01	2018-12-31	H3260_v1_7	36202
2012-01-01	2015-12-31	H3260_v1_5	36203
2018-01-01	2018-12-31	H3260_v1_7	36203
2012-01-01	2015-12-31	H3260_v1_5	36204
2018-01-01	2018-12-31	H3260_v1_7	36204
2012-01-01	2015-12-31	H3260_v1_5	36205
2018-01-01	2018-12-31	H3260_v1_7	36205
2012-01-01	2015-12-31	H3260_v1_5	37174
2018-01-01	2018-12-31	H3260_v1_7	37174
2012-01-01	2015-12-31	H3260_v1_5	37175
2018-01-01	2018-12-31	H3260_v1_7	37175
1899-01-01	2006-12-31	H3260_v1_0	37552
2007-01-01	2007-12-31	H3260_v1_2	37552
2010-01-01	2011-12-31	H3260_v1_4	37663
2016-01-01	2017-12-31	H3260_v1_6	37663
2010-01-01	2011-12-31	H3260_v1_4	37664
2016-01-01	2017-12-31	H3260_v1_6	37664
2010-01-01	2011-12-31	H3260_v1_4	37671
2016-01-01	2017-12-31	H3260_v1_6	37671
2010-01-01	2011-12-31	H3260_v1_4	37672
2016-01-01	2017-12-31	H3260_v1_6	37672
2012-01-01	2015-12-31	H3260_v1_5	37788
2018-01-01	2018-12-31	H3260_v1_7	37788
2012-01-01	2015-12-31	H3260_v1_5	37814
2018-01-01	2018-12-31	H3260_v1_7	37814
2012-01-01	2015-12-31	H3260_v1_5	37815
2018-01-01	2018-12-31	H3260_v1_7	37815
2012-01-01	2015-12-31	H3260_v1_5	37816
2018-01-01	2018-12-31	H3260_v1_7	37816
2012-01-01	2015-12-31	H3260_v1_5	37817
2018-01-01	2018-12-31	H3260_v1_7	37817
2012-01-01	2015-12-31	H3260_v1_5	37818
2018-01-01	2018-12-31	H3260_v1_7	37818
2012-01-01	2015-12-31	H3260_v1_5	37863
2018-01-01	2018-12-31	H3260_v1_7	37863
2012-01-01	2015-12-31	H3260_v1_5	38222
2018-01-01	2018-12-31	H3260_v1_7	38222
2012-01-01	2015-12-31	H3260_v1_5	38223
2018-01-01	2018-12-31	H3260_v1_7	38223
1899-01-01	2006-12-31	H3260_v1_0	38388
2007-01-01	2007-12-31	H3260_v1_2	38388
2008-01-01	2009-12-31	H3260_v1_3	38388
2010-01-01	2011-12-31	H3260_v1_4	38388
2012-01-01	2015-12-31	H3260_v1_5	38388
2016-01-01	2017-12-31	H3260_v1_6	38388
2018-01-01	2018-12-31	H3260_v1_7	38388
1899-01-01	2006-12-31	H3260_v1_0	38389
2007-01-01	2007-12-31	H3260_v1_2	38389
2008-01-01	2009-12-31	H3260_v1_3	38389
2010-01-01	2011-12-31	H3260_v1_4	38389
2012-01-01	2015-12-31	H3260_v1_5	38389
2016-01-01	2017-12-31	H3260_v1_6	38389
2018-01-01	2018-12-31	H3260_v1_7	38389
1899-01-01	2006-12-31	H3260_v1_0	38390
2007-01-01	2007-12-31	H3260_v1_2	38390
2008-01-01	2009-12-31	H3260_v1_3	38390
2010-01-01	2011-12-31	H3260_v1_4	38390
2012-01-01	2015-12-31	H3260_v1_5	38390
2016-01-01	2017-12-31	H3260_v1_6	38390
2018-01-01	2018-12-31	H3260_v1_7	38390
1899-01-01	2006-12-31	H3260_v1_0	38391
2007-01-01	2007-12-31	H3260_v1_2	38391
2008-01-01	2009-12-31	H3260_v1_3	38391
2010-01-01	2011-12-31	H3260_v1_4	38391
2012-01-01	2015-12-31	H3260_v1_5	38391
2016-01-01	2017-12-31	H3260_v1_6	38391
2018-01-01	2018-12-31	H3260_v1_7	38391
1899-01-01	2006-12-31	H3260_v1_0	38392
2007-01-01	2007-12-31	H3260_v1_2	38392
2008-01-01	2009-12-31	H3260_v1_3	38392
2010-01-01	2011-12-31	H3260_v1_4	38392
2012-01-01	2015-12-31	H3260_v1_5	38392
2016-01-01	2017-12-31	H3260_v1_6	38392
2018-01-01	2018-12-31	H3260_v1_7	38392
1899-01-01	2006-12-31	H3260_v1_0	38401
2007-01-01	2007-12-31	H3260_v1_2	38401
2008-01-01	2009-12-31	H3260_v1_3	38401
2010-01-01	2011-12-31	H3260_v1_4	38401
2012-01-01	2015-12-31	H3260_v1_5	38401
2016-01-01	2017-12-31	H3260_v1_6	38401
2018-01-01	2018-12-31	H3260_v1_7	38401
1899-01-01	2006-12-31	H3260_v1_0	38402
2007-01-01	2007-12-31	H3260_v1_2	38402
2008-01-01	2009-12-31	H3260_v1_3	38402
2010-01-01	2011-12-31	H3260_v1_4	38402
2012-01-01	2015-12-31	H3260_v1_5	38402
2016-01-01	2017-12-31	H3260_v1_6	38402
2018-01-01	2018-12-31	H3260_v1_7	38402
1899-01-01	2006-12-31	H3260_v1_0	38403
2007-01-01	2007-12-31	H3260_v1_2	38403
2008-01-01	2009-12-31	H3260_v1_3	38403
2010-01-01	2011-12-31	H3260_v1_4	38403
2012-01-01	2015-12-31	H3260_v1_5	38403
2016-01-01	2017-12-31	H3260_v1_6	38403
2018-01-01	2018-12-31	H3260_v1_7	38403
1899-01-01	2006-12-31	H3260_v1_0	38424
2007-01-01	2007-12-31	H3260_v1_2	38424
2008-01-01	2009-12-31	H3260_v1_3	38424
2010-01-01	2011-12-31	H3260_v1_4	38424
2012-01-01	2015-12-31	H3260_v1_5	38424
2016-01-01	2017-12-31	H3260_v1_6	38424
2018-01-01	2018-12-31	H3260_v1_7	38424
1899-01-01	2006-12-31	H3260_v1_0	38425
2007-01-01	2007-12-31	H3260_v1_2	38425
2008-01-01	2009-12-31	H3260_v1_3	38425
2010-01-01	2011-12-31	H3260_v1_4	38425
2012-01-01	2015-12-31	H3260_v1_5	38425
2016-01-01	2017-12-31	H3260_v1_6	38425
2018-01-01	2018-12-31	H3260_v1_7	38425
2007-01-01	2007-12-31	H3260_v1_2	38426
2008-01-01	2009-12-31	H3260_v1_3	38426
2010-01-01	2011-12-31	H3260_v1_4	38426
2012-01-01	2015-12-31	H3260_v1_5	38426
2016-01-01	2017-12-31	H3260_v1_6	38426
2018-01-01	2018-12-31	H3260_v1_7	38426
1899-01-01	2006-12-31	H3260_v1_0	38428
2007-01-01	2007-12-31	H3260_v1_2	38428
2008-01-01	2009-12-31	H3260_v1_3	38428
2010-01-01	2011-12-31	H3260_v1_4	38428
2012-01-01	2015-12-31	H3260_v1_5	38428
2016-01-01	2017-12-31	H3260_v1_6	38428
2018-01-01	2018-12-31	H3260_v1_7	38428
2007-01-01	2007-12-31	H3260_v1_2	38429
2008-01-01	2009-12-31	H3260_v1_3	38429
2010-01-01	2011-12-31	H3260_v1_4	38429
2012-01-01	2015-12-31	H3260_v1_5	38429
2016-01-01	2017-12-31	H3260_v1_6	38429
2018-01-01	2018-12-31	H3260_v1_7	38429
2007-01-01	2007-12-31	H3260_v1_2	38430
2008-01-01	2009-12-31	H3260_v1_3	38430
2010-01-01	2011-12-31	H3260_v1_4	38430
2012-01-01	2015-12-31	H3260_v1_5	38430
2016-01-01	2017-12-31	H3260_v1_6	38430
2018-01-01	2018-12-31	H3260_v1_7	38430
2007-01-01	2007-12-31	H3260_v1_2	38431
2008-01-01	2009-12-31	H3260_v1_3	38431
2010-01-01	2011-12-31	H3260_v1_4	38431
2012-01-01	2015-12-31	H3260_v1_5	38431
2016-01-01	2017-12-31	H3260_v1_6	38431
2018-01-01	2018-12-31	H3260_v1_7	38431
1899-01-01	2006-12-31	H3260_v1_0	38434
2007-01-01	2007-12-31	H3260_v1_2	38434
2008-01-01	2009-12-31	H3260_v1_3	38434
2010-01-01	2011-12-31	H3260_v1_4	38434
2012-01-01	2015-12-31	H3260_v1_5	38434
2016-01-01	2017-12-31	H3260_v1_6	38434
2018-01-01	2018-12-31	H3260_v1_7	38434
2007-01-01	2007-12-31	H3260_v1_2	38447
2008-01-01	2009-12-31	H3260_v1_3	38447
2010-01-01	2011-12-31	H3260_v1_4	38447
2012-01-01	2015-12-31	H3260_v1_5	38447
2016-01-01	2017-12-31	H3260_v1_6	38447
2018-01-01	2018-12-31	H3260_v1_7	38447
2007-01-01	2007-12-31	H3260_v1_2	38448
2008-01-01	2009-12-31	H3260_v1_3	38448
2010-01-01	2011-12-31	H3260_v1_4	38448
2012-01-01	2015-12-31	H3260_v1_5	38448
2016-01-01	2017-12-31	H3260_v1_6	38448
2018-01-01	2018-12-31	H3260_v1_7	38448
1899-01-01	2006-12-31	H3260_v1_0	38449
2007-01-01	2007-12-31	H3260_v1_2	38449
2008-01-01	2009-12-31	H3260_v1_3	38449
2010-01-01	2011-12-31	H3260_v1_4	38449
2012-01-01	2015-12-31	H3260_v1_5	38449
2016-01-01	2017-12-31	H3260_v1_6	38449
2018-01-01	2018-12-31	H3260_v1_7	38449
1899-01-01	2006-12-31	H3260_v1_0	38450
2007-01-01	2007-12-31	H3260_v1_2	38450
2008-01-01	2009-12-31	H3260_v1_3	38450
2010-01-01	2011-12-31	H3260_v1_4	38450
2012-01-01	2015-12-31	H3260_v1_5	38450
2016-01-01	2017-12-31	H3260_v1_6	38450
2018-01-01	2018-12-31	H3260_v1_7	38450
2018-01-01	2018-12-31	H3260_v1_7	38684
1899-01-01	2006-12-31	H3260_v1_0	38699
2007-01-01	2007-12-31	H3260_v1_2	38699
2008-01-01	2009-12-31	H3260_v1_3	38699
2010-01-01	2011-12-31	H3260_v1_4	38699
2012-01-01	2015-12-31	H3260_v1_5	38699
2016-01-01	2017-12-31	H3260_v1_6	38699
2012-01-01	2015-12-31	H3260_v1_5	38702
2012-01-01	2015-12-31	H3260_v1_5	38729
2008-01-01	2009-12-31	H3260_v1_3	39043
2010-01-01	2011-12-31	H3260_v1_4	39043
2012-01-01	2015-12-31	H3260_v1_5	39043
2016-01-01	2017-12-31	H3260_v1_6	39043
2018-01-01	2018-12-31	H3260_v1_7	39043
2008-01-01	2009-12-31	H3260_v1_3	39044
2010-01-01	2011-12-31	H3260_v1_4	39044
2012-01-01	2015-12-31	H3260_v1_5	39044
2016-01-01	2017-12-31	H3260_v1_6	39044
2018-01-01	2018-12-31	H3260_v1_7	39044
2008-01-01	2009-12-31	H3260_v1_3	39045
2010-01-01	2011-12-31	H3260_v1_4	39045
2012-01-01	2015-12-31	H3260_v1_5	39045
2016-01-01	2017-12-31	H3260_v1_6	39045
2018-01-01	2018-12-31	H3260_v1_7	39045
2008-01-01	2009-12-31	H3260_v1_3	39046
2010-01-01	2011-12-31	H3260_v1_4	39046
2012-01-01	2015-12-31	H3260_v1_5	39046
2016-01-01	2017-12-31	H3260_v1_6	39046
2018-01-01	2018-12-31	H3260_v1_7	39046
2010-01-01	2011-12-31	H3260_v1_4	39047
2012-01-01	2015-12-31	H3260_v1_5	39047
2016-01-01	2017-12-31	H3260_v1_6	39047
2018-01-01	2018-12-31	H3260_v1_7	39047
2010-01-01	2011-12-31	H3260_v1_4	39048
2012-01-01	2015-12-31	H3260_v1_5	39048
2016-01-01	2017-12-31	H3260_v1_6	39048
2018-01-01	2018-12-31	H3260_v1_7	39048
2010-01-01	2011-12-31	H3260_v1_4	39049
2012-01-01	2015-12-31	H3260_v1_5	39049
2016-01-01	2017-12-31	H3260_v1_6	39049
2018-01-01	2018-12-31	H3260_v1_7	39049
2010-01-01	2011-12-31	H3260_v1_4	39050
2012-01-01	2015-12-31	H3260_v1_5	39050
2016-01-01	2017-12-31	H3260_v1_6	39050
2018-01-01	2018-12-31	H3260_v1_7	39050
2010-01-01	2011-12-31	H3260_v1_4	39051
2012-01-01	2015-12-31	H3260_v1_5	39051
2016-01-01	2017-12-31	H3260_v1_6	39051
2018-01-01	2018-12-31	H3260_v1_7	39051
2010-01-01	2011-12-31	H3260_v1_4	39052
2012-01-01	2015-12-31	H3260_v1_5	39052
2016-01-01	2017-12-31	H3260_v1_6	39052
2018-01-01	2018-12-31	H3260_v1_7	39052
2010-01-01	2011-12-31	H3260_v1_4	39053
2012-01-01	2015-12-31	H3260_v1_5	39053
2016-01-01	2017-12-31	H3260_v1_6	39053
2018-01-01	2018-12-31	H3260_v1_7	39053
2008-01-01	2009-12-31	H3260_v1_3	39054
2010-01-01	2011-12-31	H3260_v1_4	39054
2012-01-01	2015-12-31	H3260_v1_5	39054
2016-01-01	2017-12-31	H3260_v1_6	39054
2018-01-01	2018-12-31	H3260_v1_7	39054
2008-01-01	2009-12-31	H3260_v1_3	39055
2010-01-01	2011-12-31	H3260_v1_4	39055
2012-01-01	2015-12-31	H3260_v1_5	39055
2016-01-01	2017-12-31	H3260_v1_6	39055
2018-01-01	2018-12-31	H3260_v1_7	39055
2008-01-01	2009-12-31	H3260_v1_3	39056
2010-01-01	2011-12-31	H3260_v1_4	39056
2012-01-01	2015-12-31	H3260_v1_5	39056
2016-01-01	2017-12-31	H3260_v1_6	39056
2018-01-01	2018-12-31	H3260_v1_7	39056
2008-01-01	2009-12-31	H3260_v1_3	39057
2010-01-01	2011-12-31	H3260_v1_4	39057
2012-01-01	2015-12-31	H3260_v1_5	39057
2016-01-01	2017-12-31	H3260_v1_6	39057
2018-01-01	2018-12-31	H3260_v1_7	39057
2008-01-01	2009-12-31	H3260_v1_3	39058
2010-01-01	2011-12-31	H3260_v1_4	39058
2012-01-01	2015-12-31	H3260_v1_5	39058
2016-01-01	2017-12-31	H3260_v1_6	39058
2018-01-01	2018-12-31	H3260_v1_7	39058
2008-01-01	2009-12-31	H3260_v1_3	39059
2010-01-01	2011-12-31	H3260_v1_4	39059
2012-01-01	2015-12-31	H3260_v1_5	39059
2016-01-01	2017-12-31	H3260_v1_6	39059
2018-01-01	2018-12-31	H3260_v1_7	39059
2008-01-01	2009-12-31	H3260_v1_3	39060
2010-01-01	2011-12-31	H3260_v1_4	39060
2012-01-01	2015-12-31	H3260_v1_5	39060
2016-01-01	2017-12-31	H3260_v1_6	39060
2018-01-01	2018-12-31	H3260_v1_7	39060
2012-01-01	2015-12-31	H3260_v1_5	39061
2018-01-01	2018-12-31	H3260_v1_7	39061
2012-01-01	2015-12-31	H3260_v1_5	39062
2018-01-01	2018-12-31	H3260_v1_7	39062
2012-01-01	2015-12-31	H3260_v1_5	39063
2018-01-01	2018-12-31	H3260_v1_7	39063
2012-01-01	2015-12-31	H3260_v1_5	39064
2018-01-01	2018-12-31	H3260_v1_7	39064
2012-01-01	2015-12-31	H3260_v1_5	39065
2018-01-01	2018-12-31	H3260_v1_7	39065
2012-01-01	2015-12-31	H3260_v1_5	39066
2018-01-01	2018-12-31	H3260_v1_7	39066
2012-01-01	2015-12-31	H3260_v1_5	39067
2018-01-01	2018-12-31	H3260_v1_7	39067
2012-01-01	2015-12-31	H3260_v1_5	39068
2018-01-01	2018-12-31	H3260_v1_7	39068
2012-01-01	2015-12-31	H3260_v1_5	39069
2018-01-01	2018-12-31	H3260_v1_7	39069
2012-01-01	2015-12-31	H3260_v1_5	39070
2018-01-01	2018-12-31	H3260_v1_7	39070
2012-01-01	2015-12-31	H3260_v1_5	39071
2018-01-01	2018-12-31	H3260_v1_7	39071
2012-01-01	2015-12-31	H3260_v1_5	39072
2018-01-01	2018-12-31	H3260_v1_7	39072
2012-01-01	2015-12-31	H3260_v1_5	39073
2018-01-01	2018-12-31	H3260_v1_7	39073
2012-01-01	2015-12-31	H3260_v1_5	39074
2018-01-01	2018-12-31	H3260_v1_7	39074
2012-01-01	2015-12-31	H3260_v1_5	39075
2018-01-01	2018-12-31	H3260_v1_7	39075
2012-01-01	2015-12-31	H3260_v1_5	39076
2018-01-01	2018-12-31	H3260_v1_7	39076
2012-01-01	2015-12-31	H3260_v1_5	39077
2018-01-01	2018-12-31	H3260_v1_7	39077
2012-01-01	2015-12-31	H3260_v1_5	39078
2018-01-01	2018-12-31	H3260_v1_7	39078
2012-01-01	2015-12-31	H3260_v1_5	39079
2018-01-01	2018-12-31	H3260_v1_7	39079
2012-01-01	2015-12-31	H3260_v1_5	39080
2018-01-01	2018-12-31	H3260_v1_7	39080
2012-01-01	2015-12-31	H3260_v1_5	39081
2018-01-01	2018-12-31	H3260_v1_7	39081
2012-01-01	2015-12-31	H3260_v1_5	39082
2018-01-01	2018-12-31	H3260_v1_7	39082
2012-01-01	2015-12-31	H3260_v1_5	39083
2018-01-01	2018-12-31	H3260_v1_7	39083
2012-01-01	2015-12-31	H3260_v1_5	39084
2018-01-01	2018-12-31	H3260_v1_7	39084
2012-01-01	2015-12-31	H3260_v1_5	39085
2018-01-01	2018-12-31	H3260_v1_7	39085
2012-01-01	2015-12-31	H3260_v1_5	39086
2018-01-01	2018-12-31	H3260_v1_7	39086
2010-01-01	2011-12-31	H3260_v1_4	39087
2012-01-01	2015-12-31	H3260_v1_5	39087
2016-01-01	2017-12-31	H3260_v1_6	39087
2018-01-01	2018-12-31	H3260_v1_7	39087
2010-01-01	2011-12-31	H3260_v1_4	39088
2012-01-01	2015-12-31	H3260_v1_5	39088
2016-01-01	2017-12-31	H3260_v1_6	39088
2018-01-01	2018-12-31	H3260_v1_7	39088
2010-01-01	2011-12-31	H3260_v1_4	39089
2012-01-01	2015-12-31	H3260_v1_5	39089
2016-01-01	2017-12-31	H3260_v1_6	39089
2018-01-01	2018-12-31	H3260_v1_7	39089
2010-01-01	2011-12-31	H3260_v1_4	39090
2012-01-01	2015-12-31	H3260_v1_5	39090
2016-01-01	2017-12-31	H3260_v1_6	39090
2018-01-01	2018-12-31	H3260_v1_7	39090
2010-01-01	2011-12-31	H3260_v1_4	39091
2012-01-01	2015-12-31	H3260_v1_5	39091
2016-01-01	2017-12-31	H3260_v1_6	39091
2018-01-01	2018-12-31	H3260_v1_7	39091
2010-01-01	2011-12-31	H3260_v1_4	39092
2012-01-01	2015-12-31	H3260_v1_5	39092
2016-01-01	2017-12-31	H3260_v1_6	39092
2018-01-01	2018-12-31	H3260_v1_7	39092
2010-01-01	2011-12-31	H3260_v1_4	39093
2012-01-01	2015-12-31	H3260_v1_5	39093
2016-01-01	2017-12-31	H3260_v1_6	39093
2018-01-01	2018-12-31	H3260_v1_7	39093
2010-01-01	2011-12-31	H3260_v1_4	39094
2012-01-01	2015-12-31	H3260_v1_5	39094
2016-01-01	2017-12-31	H3260_v1_6	39094
2018-01-01	2018-12-31	H3260_v1_7	39094
2010-01-01	2011-12-31	H3260_v1_4	39095
2012-01-01	2015-12-31	H3260_v1_5	39095
2016-01-01	2017-12-31	H3260_v1_6	39095
2018-01-01	2018-12-31	H3260_v1_7	39095
2010-01-01	2011-12-31	H3260_v1_4	39096
2012-01-01	2015-12-31	H3260_v1_5	39096
2016-01-01	2017-12-31	H3260_v1_6	39096
2018-01-01	2018-12-31	H3260_v1_7	39096
2010-01-01	2011-12-31	H3260_v1_4	39097
2012-01-01	2015-12-31	H3260_v1_5	39097
2016-01-01	2017-12-31	H3260_v1_6	39097
2018-01-01	2018-12-31	H3260_v1_7	39097
2010-01-01	2011-12-31	H3260_v1_4	39098
2012-01-01	2015-12-31	H3260_v1_5	39098
2016-01-01	2017-12-31	H3260_v1_6	39098
2018-01-01	2018-12-31	H3260_v1_7	39098
2008-01-01	2009-12-31	H3260_v1_3	39099
2010-01-01	2011-12-31	H3260_v1_4	39099
2012-01-01	2015-12-31	H3260_v1_5	39099
2016-01-01	2017-12-31	H3260_v1_6	39099
2018-01-01	2018-12-31	H3260_v1_7	39099
2008-01-01	2009-12-31	H3260_v1_3	39100
2010-01-01	2011-12-31	H3260_v1_4	39100
2012-01-01	2015-12-31	H3260_v1_5	39100
2016-01-01	2017-12-31	H3260_v1_6	39100
2018-01-01	2018-12-31	H3260_v1_7	39100
2008-01-01	2009-12-31	H3260_v1_3	39101
2010-01-01	2011-12-31	H3260_v1_4	39101
2012-01-01	2015-12-31	H3260_v1_5	39101
2016-01-01	2017-12-31	H3260_v1_6	39101
2018-01-01	2018-12-31	H3260_v1_7	39101
2008-01-01	2009-12-31	H3260_v1_3	39102
2010-01-01	2011-12-31	H3260_v1_4	39102
2012-01-01	2015-12-31	H3260_v1_5	39102
2016-01-01	2017-12-31	H3260_v1_6	39102
2018-01-01	2018-12-31	H3260_v1_7	39102
2008-01-01	2009-12-31	H3260_v1_3	39103
2010-01-01	2011-12-31	H3260_v1_4	39103
2012-01-01	2015-12-31	H3260_v1_5	39103
2016-01-01	2017-12-31	H3260_v1_6	39103
2018-01-01	2018-12-31	H3260_v1_7	39103
2008-01-01	2009-12-31	H3260_v1_3	39104
2010-01-01	2011-12-31	H3260_v1_4	39104
2012-01-01	2015-12-31	H3260_v1_5	39104
2016-01-01	2017-12-31	H3260_v1_6	39104
2018-01-01	2018-12-31	H3260_v1_7	39104
2008-01-01	2009-12-31	H3260_v1_3	39105
2010-01-01	2011-12-31	H3260_v1_4	39105
2012-01-01	2015-12-31	H3260_v1_5	39105
2016-01-01	2017-12-31	H3260_v1_6	39105
2018-01-01	2018-12-31	H3260_v1_7	39105
2008-01-01	2009-12-31	H3260_v1_3	39106
2010-01-01	2011-12-31	H3260_v1_4	39106
2012-01-01	2015-12-31	H3260_v1_5	39106
2016-01-01	2017-12-31	H3260_v1_6	39106
2018-01-01	2018-12-31	H3260_v1_7	39106
2008-01-01	2009-12-31	H3260_v1_3	39107
2010-01-01	2011-12-31	H3260_v1_4	39107
2012-01-01	2015-12-31	H3260_v1_5	39107
2016-01-01	2017-12-31	H3260_v1_6	39107
2018-01-01	2018-12-31	H3260_v1_7	39107
2008-01-01	2009-12-31	H3260_v1_3	39108
2010-01-01	2011-12-31	H3260_v1_4	39108
2012-01-01	2015-12-31	H3260_v1_5	39108
2016-01-01	2017-12-31	H3260_v1_6	39108
2018-01-01	2018-12-31	H3260_v1_7	39108
2012-01-01	2015-12-31	H3260_v1_5	39109
2018-01-01	2018-12-31	H3260_v1_7	39109
2012-01-01	2015-12-31	H3260_v1_5	39110
2018-01-01	2018-12-31	H3260_v1_7	39110
2012-01-01	2015-12-31	H3260_v1_5	39111
2018-01-01	2018-12-31	H3260_v1_7	39111
2012-01-01	2015-12-31	H3260_v1_5	39112
2018-01-01	2018-12-31	H3260_v1_7	39112
2012-01-01	2015-12-31	H3260_v1_5	39113
2018-01-01	2018-12-31	H3260_v1_7	39113
2012-01-01	2015-12-31	H3260_v1_5	39114
2018-01-01	2018-12-31	H3260_v1_7	39114
2012-01-01	2015-12-31	H3260_v1_5	39115
2018-01-01	2018-12-31	H3260_v1_7	39115
2012-01-01	2015-12-31	H3260_v1_5	39116
2018-01-01	2018-12-31	H3260_v1_7	39116
2012-01-01	2015-12-31	H3260_v1_5	39117
2018-01-01	2018-12-31	H3260_v1_7	39117
2012-01-01	2015-12-31	H3260_v1_5	39118
2018-01-01	2018-12-31	H3260_v1_7	39118
2012-01-01	2015-12-31	H3260_v1_5	39119
2018-01-01	2018-12-31	H3260_v1_7	39119
2012-01-01	2015-12-31	H3260_v1_5	39120
2018-01-01	2018-12-31	H3260_v1_7	39120
2012-01-01	2015-12-31	H3260_v1_5	39121
2018-01-01	2018-12-31	H3260_v1_7	39121
2012-01-01	2015-12-31	H3260_v1_5	39122
2018-01-01	2018-12-31	H3260_v1_7	39122
2012-01-01	2015-12-31	H3260_v1_5	39123
2018-01-01	2018-12-31	H3260_v1_7	39123
2012-01-01	2015-12-31	H3260_v1_5	39124
2018-01-01	2018-12-31	H3260_v1_7	39124
2012-01-01	2015-12-31	H3260_v1_5	39125
2018-01-01	2018-12-31	H3260_v1_7	39125
2012-01-01	2015-12-31	H3260_v1_5	39126
2018-01-01	2018-12-31	H3260_v1_7	39126
2012-01-01	2015-12-31	H3260_v1_5	39127
2018-01-01	2018-12-31	H3260_v1_7	39127
2012-01-01	2015-12-31	H3260_v1_5	39128
2018-01-01	2018-12-31	H3260_v1_7	39128
2012-01-01	2015-12-31	H3260_v1_5	39129
2018-01-01	2018-12-31	H3260_v1_7	39129
2012-01-01	2015-12-31	H3260_v1_5	39130
2018-01-01	2018-12-31	H3260_v1_7	39130
2012-01-01	2015-12-31	H3260_v1_5	39131
2018-01-01	2018-12-31	H3260_v1_7	39131
2012-01-01	2015-12-31	H3260_v1_5	39132
2018-01-01	2018-12-31	H3260_v1_7	39132
2012-01-01	2015-12-31	H3260_v1_5	39133
2018-01-01	2018-12-31	H3260_v1_7	39133
2012-01-01	2015-12-31	H3260_v1_5	39134
2018-01-01	2018-12-31	H3260_v1_7	39134
2012-01-01	2015-12-31	H3260_v1_5	39135
2018-01-01	2018-12-31	H3260_v1_7	39135
2012-01-01	2015-12-31	H3260_v1_5	39136
2018-01-01	2018-12-31	H3260_v1_7	39136
2012-01-01	2015-12-31	H3260_v1_5	39137
2018-01-01	2018-12-31	H3260_v1_7	39137
2012-01-01	2015-12-31	H3260_v1_5	39138
2018-01-01	2018-12-31	H3260_v1_7	39138
2012-01-01	2015-12-31	H3260_v1_5	39139
2018-01-01	2018-12-31	H3260_v1_7	39139
2012-01-01	2015-12-31	H3260_v1_5	39140
2018-01-01	2018-12-31	H3260_v1_7	39140
2012-01-01	2015-12-31	H3260_v1_5	39141
2018-01-01	2018-12-31	H3260_v1_7	39141
2012-01-01	2015-12-31	H3260_v1_5	39142
2018-01-01	2018-12-31	H3260_v1_7	39142
2012-01-01	2015-12-31	H3260_v1_5	39143
2018-01-01	2018-12-31	H3260_v1_7	39143
2012-01-01	2015-12-31	H3260_v1_5	39144
2018-01-01	2018-12-31	H3260_v1_7	39144
2012-01-01	2015-12-31	H3260_v1_5	39145
2018-01-01	2018-12-31	H3260_v1_7	39145
2012-01-01	2015-12-31	H3260_v1_5	39146
2018-01-01	2018-12-31	H3260_v1_7	39146
2012-01-01	2015-12-31	H3260_v1_5	39147
2018-01-01	2018-12-31	H3260_v1_7	39147
2012-01-01	2015-12-31	H3260_v1_5	39148
2018-01-01	2018-12-31	H3260_v1_7	39148
2012-01-01	2015-12-31	H3260_v1_5	39149
2018-01-01	2018-12-31	H3260_v1_7	39149
2012-01-01	2015-12-31	H3260_v1_5	39150
2018-01-01	2018-12-31	H3260_v1_7	39150
2012-01-01	2015-12-31	H3260_v1_5	39151
2018-01-01	2018-12-31	H3260_v1_7	39151
2012-01-01	2015-12-31	H3260_v1_5	39152
2018-01-01	2018-12-31	H3260_v1_7	39152
2012-01-01	2015-12-31	H3260_v1_5	39153
2018-01-01	2018-12-31	H3260_v1_7	39153
2012-01-01	2015-12-31	H3260_v1_5	39154
2018-01-01	2018-12-31	H3260_v1_7	39154
2012-01-01	2015-12-31	H3260_v1_5	39155
2018-01-01	2018-12-31	H3260_v1_7	39155
2012-01-01	2015-12-31	H3260_v1_5	39156
2018-01-01	2018-12-31	H3260_v1_7	39156
2012-01-01	2015-12-31	H3260_v1_5	39157
2018-01-01	2018-12-31	H3260_v1_7	39157
2012-01-01	2015-12-31	H3260_v1_5	39158
2018-01-01	2018-12-31	H3260_v1_7	39158
2012-01-01	2015-12-31	H3260_v1_5	39159
2018-01-01	2018-12-31	H3260_v1_7	39159
2012-01-01	2015-12-31	H3260_v1_5	39160
2018-01-01	2018-12-31	H3260_v1_7	39160
2012-01-01	2015-12-31	H3260_v1_5	39161
2018-01-01	2018-12-31	H3260_v1_7	39161
2012-01-01	2015-12-31	H3260_v1_5	39162
2018-01-01	2018-12-31	H3260_v1_7	39162
2012-01-01	2015-12-31	H3260_v1_5	39163
2018-01-01	2018-12-31	H3260_v1_7	39163
2012-01-01	2015-12-31	H3260_v1_5	39164
2018-01-01	2018-12-31	H3260_v1_7	39164
2012-01-01	2015-12-31	H3260_v1_5	39165
2018-01-01	2018-12-31	H3260_v1_7	39165
2012-01-01	2015-12-31	H3260_v1_5	39166
2018-01-01	2018-12-31	H3260_v1_7	39166
2012-01-01	2015-12-31	H3260_v1_5	39167
2018-01-01	2018-12-31	H3260_v1_7	39167
2012-01-01	2015-12-31	H3260_v1_5	39168
2018-01-01	2018-12-31	H3260_v1_7	39168
2012-01-01	2015-12-31	H3260_v1_5	39169
2018-01-01	2018-12-31	H3260_v1_7	39169
2012-01-01	2015-12-31	H3260_v1_5	39170
2018-01-01	2018-12-31	H3260_v1_7	39170
2012-01-01	2015-12-31	H3260_v1_5	39171
2018-01-01	2018-12-31	H3260_v1_7	39171
2012-01-01	2015-12-31	H3260_v1_5	39172
2018-01-01	2018-12-31	H3260_v1_7	39172
2012-01-01	2015-12-31	H3260_v1_5	39173
2018-01-01	2018-12-31	H3260_v1_7	39173
2012-01-01	2015-12-31	H3260_v1_5	39174
2018-01-01	2018-12-31	H3260_v1_7	39174
2012-01-01	2015-12-31	H3260_v1_5	39175
2018-01-01	2018-12-31	H3260_v1_7	39175
2012-01-01	2015-12-31	H3260_v1_5	39176
2018-01-01	2018-12-31	H3260_v1_7	39176
2012-01-01	2015-12-31	H3260_v1_5	39177
2018-01-01	2018-12-31	H3260_v1_7	39177
2012-01-01	2015-12-31	H3260_v1_5	39178
2018-01-01	2018-12-31	H3260_v1_7	39178
2012-01-01	2015-12-31	H3260_v1_5	39179
2018-01-01	2018-12-31	H3260_v1_7	39179
2012-01-01	2015-12-31	H3260_v1_5	39180
2018-01-01	2018-12-31	H3260_v1_7	39180
2012-01-01	2015-12-31	H3260_v1_5	39181
2018-01-01	2018-12-31	H3260_v1_7	39181
2012-01-01	2015-12-31	H3260_v1_5	39182
2018-01-01	2018-12-31	H3260_v1_7	39182
2012-01-01	2015-12-31	H3260_v1_5	39183
2018-01-01	2018-12-31	H3260_v1_7	39183
2012-01-01	2015-12-31	H3260_v1_5	39184
2018-01-01	2018-12-31	H3260_v1_7	39184
2012-01-01	2015-12-31	H3260_v1_5	39185
2018-01-01	2018-12-31	H3260_v1_7	39185
2012-01-01	2015-12-31	H3260_v1_5	39186
2018-01-01	2018-12-31	H3260_v1_7	39186
2012-01-01	2015-12-31	H3260_v1_5	39187
2018-01-01	2018-12-31	H3260_v1_7	39187
2012-01-01	2015-12-31	H3260_v1_5	39188
2018-01-01	2018-12-31	H3260_v1_7	39188
2012-01-01	2015-12-31	H3260_v1_5	39189
2018-01-01	2018-12-31	H3260_v1_7	39189
2012-01-01	2015-12-31	H3260_v1_5	39190
2018-01-01	2018-12-31	H3260_v1_7	39190
2012-01-01	2015-12-31	H3260_v1_5	39191
2018-01-01	2018-12-31	H3260_v1_7	39191
2012-01-01	2015-12-31	H3260_v1_5	39192
2018-01-01	2018-12-31	H3260_v1_7	39192
2012-01-01	2015-12-31	H3260_v1_5	39193
2018-01-01	2018-12-31	H3260_v1_7	39193
2012-01-01	2015-12-31	H3260_v1_5	39194
2018-01-01	2018-12-31	H3260_v1_7	39194
2012-01-01	2015-12-31	H3260_v1_5	39195
2018-01-01	2018-12-31	H3260_v1_7	39195
2012-01-01	2015-12-31	H3260_v1_5	39196
2018-01-01	2018-12-31	H3260_v1_7	39196
2012-01-01	2015-12-31	H3260_v1_5	39197
2018-01-01	2018-12-31	H3260_v1_7	39197
2012-01-01	2015-12-31	H3260_v1_5	39198
2018-01-01	2018-12-31	H3260_v1_7	39198
2012-01-01	2015-12-31	H3260_v1_5	39199
2018-01-01	2018-12-31	H3260_v1_7	39199
2012-01-01	2015-12-31	H3260_v1_5	39200
2018-01-01	2018-12-31	H3260_v1_7	39200
2012-01-01	2015-12-31	H3260_v1_5	39201
2018-01-01	2018-12-31	H3260_v1_7	39201
2012-01-01	2015-12-31	H3260_v1_5	39202
2018-01-01	2018-12-31	H3260_v1_7	39202
2012-01-01	2015-12-31	H3260_v1_5	39203
2018-01-01	2018-12-31	H3260_v1_7	39203
2012-01-01	2015-12-31	H3260_v1_5	39204
2018-01-01	2018-12-31	H3260_v1_7	39204
2012-01-01	2015-12-31	H3260_v1_5	39205
2018-01-01	2018-12-31	H3260_v1_7	39205
2012-01-01	2015-12-31	H3260_v1_5	39206
2018-01-01	2018-12-31	H3260_v1_7	39206
2012-01-01	2015-12-31	H3260_v1_5	39207
2018-01-01	2018-12-31	H3260_v1_7	39207
2012-01-01	2015-12-31	H3260_v1_5	39208
2018-01-01	2018-12-31	H3260_v1_7	39208
2012-01-01	2015-12-31	H3260_v1_5	39209
2018-01-01	2018-12-31	H3260_v1_7	39209
2012-01-01	2015-12-31	H3260_v1_5	39210
2018-01-01	2018-12-31	H3260_v1_7	39210
2012-01-01	2015-12-31	H3260_v1_5	39211
2018-01-01	2018-12-31	H3260_v1_7	39211
2012-01-01	2015-12-31	H3260_v1_5	39212
2018-01-01	2018-12-31	H3260_v1_7	39212
2012-01-01	2015-12-31	H3260_v1_5	39213
2018-01-01	2018-12-31	H3260_v1_7	39213
2012-01-01	2015-12-31	H3260_v1_5	39214
2018-01-01	2018-12-31	H3260_v1_7	39214
2012-01-01	2015-12-31	H3260_v1_5	39215
2018-01-01	2018-12-31	H3260_v1_7	39215
2012-01-01	2015-12-31	H3260_v1_5	39216
2018-01-01	2018-12-31	H3260_v1_7	39216
2012-01-01	2015-12-31	H3260_v1_5	39217
2018-01-01	2018-12-31	H3260_v1_7	39217
2012-01-01	2015-12-31	H3260_v1_5	39218
2018-01-01	2018-12-31	H3260_v1_7	39218
2012-01-01	2015-12-31	H3260_v1_5	39219
2018-01-01	2018-12-31	H3260_v1_7	39219
1899-01-01	2006-12-31	H3260_v1_0	39220
2007-01-01	2007-12-31	H3260_v1_2	39220
2008-01-01	2009-12-31	H3260_v1_3	39220
2010-01-01	2011-12-31	H3260_v1_4	39220
2012-01-01	2015-12-31	H3260_v1_5	39220
2016-01-01	2017-12-31	H3260_v1_6	39220
2018-01-01	2018-12-31	H3260_v1_7	39220
1899-01-01	2006-12-31	H3260_v1_0	39221
2007-01-01	2007-12-31	H3260_v1_2	39221
2008-01-01	2009-12-31	H3260_v1_3	39221
2010-01-01	2011-12-31	H3260_v1_4	39221
2012-01-01	2015-12-31	H3260_v1_5	39221
2016-01-01	2017-12-31	H3260_v1_6	39221
2018-01-01	2018-12-31	H3260_v1_7	39221
1899-01-01	2006-12-31	H3260_v1_0	39222
2007-01-01	2007-12-31	H3260_v1_2	39222
2008-01-01	2009-12-31	H3260_v1_3	39222
2010-01-01	2011-12-31	H3260_v1_4	39222
2012-01-01	2015-12-31	H3260_v1_5	39222
2016-01-01	2017-12-31	H3260_v1_6	39222
2018-01-01	2018-12-31	H3260_v1_7	39222
1899-01-01	2006-12-31	H3260_v1_0	39223
2007-01-01	2007-12-31	H3260_v1_2	39223
2008-01-01	2009-12-31	H3260_v1_3	39223
2010-01-01	2011-12-31	H3260_v1_4	39223
2012-01-01	2015-12-31	H3260_v1_5	39223
2016-01-01	2017-12-31	H3260_v1_6	39223
2018-01-01	2018-12-31	H3260_v1_7	39223
1899-01-01	2006-12-31	H3260_v1_0	39224
2007-01-01	2007-12-31	H3260_v1_2	39224
2008-01-01	2009-12-31	H3260_v1_3	39224
2010-01-01	2011-12-31	H3260_v1_4	39224
2012-01-01	2015-12-31	H3260_v1_5	39224
2016-01-01	2017-12-31	H3260_v1_6	39224
2018-01-01	2018-12-31	H3260_v1_7	39224
1899-01-01	2006-12-31	H3260_v1_0	39225
2007-01-01	2007-12-31	H3260_v1_2	39225
2008-01-01	2009-12-31	H3260_v1_3	39225
2010-01-01	2011-12-31	H3260_v1_4	39225
2012-01-01	2015-12-31	H3260_v1_5	39225
2016-01-01	2017-12-31	H3260_v1_6	39225
2018-01-01	2018-12-31	H3260_v1_7	39225
1899-01-01	2006-12-31	H3260_v1_0	39226
2007-01-01	2007-12-31	H3260_v1_2	39226
2008-01-01	2009-12-31	H3260_v1_3	39226
2010-01-01	2011-12-31	H3260_v1_4	39226
2012-01-01	2015-12-31	H3260_v1_5	39226
2016-01-01	2017-12-31	H3260_v1_6	39226
2018-01-01	2018-12-31	H3260_v1_7	39226
1899-01-01	2006-12-31	H3260_v1_0	39227
2007-01-01	2007-12-31	H3260_v1_2	39227
2008-01-01	2009-12-31	H3260_v1_3	39227
2010-01-01	2011-12-31	H3260_v1_4	39227
2012-01-01	2015-12-31	H3260_v1_5	39227
2016-01-01	2017-12-31	H3260_v1_6	39227
2018-01-01	2018-12-31	H3260_v1_7	39227
1899-01-01	2006-12-31	H3260_v1_0	39228
2007-01-01	2007-12-31	H3260_v1_2	39228
2008-01-01	2009-12-31	H3260_v1_3	39228
2010-01-01	2011-12-31	H3260_v1_4	39228
2012-01-01	2015-12-31	H3260_v1_5	39228
2016-01-01	2017-12-31	H3260_v1_6	39228
2018-01-01	2018-12-31	H3260_v1_7	39228
1899-01-01	2006-12-31	H3260_v1_0	39229
2007-01-01	2007-12-31	H3260_v1_2	39229
2008-01-01	2009-12-31	H3260_v1_3	39229
2010-01-01	2011-12-31	H3260_v1_4	39229
2012-01-01	2015-12-31	H3260_v1_5	39229
2016-01-01	2017-12-31	H3260_v1_6	39229
2018-01-01	2018-12-31	H3260_v1_7	39229
1899-01-01	2006-12-31	H3260_v1_0	39230
2007-01-01	2007-12-31	H3260_v1_2	39230
2008-01-01	2009-12-31	H3260_v1_3	39230
2010-01-01	2011-12-31	H3260_v1_4	39230
2012-01-01	2015-12-31	H3260_v1_5	39230
2016-01-01	2017-12-31	H3260_v1_6	39230
2018-01-01	2018-12-31	H3260_v1_7	39230
1899-01-01	2006-12-31	H3260_v1_0	39231
2007-01-01	2007-12-31	H3260_v1_2	39231
2008-01-01	2009-12-31	H3260_v1_3	39231
2010-01-01	2011-12-31	H3260_v1_4	39231
2012-01-01	2015-12-31	H3260_v1_5	39231
2016-01-01	2017-12-31	H3260_v1_6	39231
2018-01-01	2018-12-31	H3260_v1_7	39231
1899-01-01	2006-12-31	H3260_v1_0	39232
2007-01-01	2007-12-31	H3260_v1_2	39232
2008-01-01	2009-12-31	H3260_v1_3	39232
2010-01-01	2011-12-31	H3260_v1_4	39232
2012-01-01	2015-12-31	H3260_v1_5	39232
2016-01-01	2017-12-31	H3260_v1_6	39232
2018-01-01	2018-12-31	H3260_v1_7	39232
1899-01-01	2006-12-31	H3260_v1_0	39233
2007-01-01	2007-12-31	H3260_v1_2	39233
2008-01-01	2009-12-31	H3260_v1_3	39233
2010-01-01	2011-12-31	H3260_v1_4	39233
2012-01-01	2015-12-31	H3260_v1_5	39233
2016-01-01	2017-12-31	H3260_v1_6	39233
2018-01-01	2018-12-31	H3260_v1_7	39233
1899-01-01	2006-12-31	H3260_v1_0	39234
2007-01-01	2007-12-31	H3260_v1_2	39234
2008-01-01	2009-12-31	H3260_v1_3	39234
2010-01-01	2011-12-31	H3260_v1_4	39234
2012-01-01	2015-12-31	H3260_v1_5	39234
2016-01-01	2017-12-31	H3260_v1_6	39234
2018-01-01	2018-12-31	H3260_v1_7	39234
1899-01-01	2006-12-31	H3260_v1_0	39235
2007-01-01	2007-12-31	H3260_v1_2	39235
2008-01-01	2009-12-31	H3260_v1_3	39235
2010-01-01	2011-12-31	H3260_v1_4	39235
2012-01-01	2015-12-31	H3260_v1_5	39235
2016-01-01	2017-12-31	H3260_v1_6	39235
2018-01-01	2018-12-31	H3260_v1_7	39235
1899-01-01	2006-12-31	H3260_v1_0	39236
2007-01-01	2007-12-31	H3260_v1_2	39236
2008-01-01	2009-12-31	H3260_v1_3	39236
2010-01-01	2011-12-31	H3260_v1_4	39236
2012-01-01	2015-12-31	H3260_v1_5	39236
2016-01-01	2017-12-31	H3260_v1_6	39236
2018-01-01	2018-12-31	H3260_v1_7	39236
1899-01-01	2006-12-31	H3260_v1_0	39237
2007-01-01	2007-12-31	H3260_v1_2	39237
2008-01-01	2009-12-31	H3260_v1_3	39237
2010-01-01	2011-12-31	H3260_v1_4	39237
2012-01-01	2015-12-31	H3260_v1_5	39237
2016-01-01	2017-12-31	H3260_v1_6	39237
2018-01-01	2018-12-31	H3260_v1_7	39237
1899-01-01	2006-12-31	H3260_v1_0	39238
2007-01-01	2007-12-31	H3260_v1_2	39238
2008-01-01	2009-12-31	H3260_v1_3	39238
2010-01-01	2011-12-31	H3260_v1_4	39238
2012-01-01	2015-12-31	H3260_v1_5	39238
2016-01-01	2017-12-31	H3260_v1_6	39238
2018-01-01	2018-12-31	H3260_v1_7	39238
1899-01-01	2006-12-31	H3260_v1_0	39239
2007-01-01	2007-12-31	H3260_v1_2	39239
2008-01-01	2009-12-31	H3260_v1_3	39239
2010-01-01	2011-12-31	H3260_v1_4	39239
2012-01-01	2015-12-31	H3260_v1_5	39239
2016-01-01	2017-12-31	H3260_v1_6	39239
2018-01-01	2018-12-31	H3260_v1_7	39239
1899-01-01	2006-12-31	H3260_v1_0	39240
2007-01-01	2007-12-31	H3260_v1_2	39240
2008-01-01	2009-12-31	H3260_v1_3	39240
2010-01-01	2011-12-31	H3260_v1_4	39240
2012-01-01	2015-12-31	H3260_v1_5	39240
2016-01-01	2017-12-31	H3260_v1_6	39240
2018-01-01	2018-12-31	H3260_v1_7	39240
1899-01-01	2006-12-31	H3260_v1_0	39241
2007-01-01	2007-12-31	H3260_v1_2	39241
2008-01-01	2009-12-31	H3260_v1_3	39241
2010-01-01	2011-12-31	H3260_v1_4	39241
2012-01-01	2015-12-31	H3260_v1_5	39241
2016-01-01	2017-12-31	H3260_v1_6	39241
2018-01-01	2018-12-31	H3260_v1_7	39241
1899-01-01	2006-12-31	H3260_v1_0	39242
2007-01-01	2007-12-31	H3260_v1_2	39242
2008-01-01	2009-12-31	H3260_v1_3	39242
2010-01-01	2011-12-31	H3260_v1_4	39242
2012-01-01	2015-12-31	H3260_v1_5	39242
2016-01-01	2017-12-31	H3260_v1_6	39242
2018-01-01	2018-12-31	H3260_v1_7	39242
1899-01-01	2006-12-31	H3260_v1_0	39243
2007-01-01	2007-12-31	H3260_v1_2	39243
2008-01-01	2009-12-31	H3260_v1_3	39243
2010-01-01	2011-12-31	H3260_v1_4	39243
2012-01-01	2015-12-31	H3260_v1_5	39243
2016-01-01	2017-12-31	H3260_v1_6	39243
2018-01-01	2018-12-31	H3260_v1_7	39243
1899-01-01	2006-12-31	H3260_v1_0	39244
2007-01-01	2007-12-31	H3260_v1_2	39244
2008-01-01	2009-12-31	H3260_v1_3	39244
2010-01-01	2011-12-31	H3260_v1_4	39244
2012-01-01	2015-12-31	H3260_v1_5	39244
2016-01-01	2017-12-31	H3260_v1_6	39244
2018-01-01	2018-12-31	H3260_v1_7	39244
1899-01-01	2006-12-31	H3260_v1_0	39245
2007-01-01	2007-12-31	H3260_v1_2	39245
2008-01-01	2009-12-31	H3260_v1_3	39245
2010-01-01	2011-12-31	H3260_v1_4	39245
2012-01-01	2015-12-31	H3260_v1_5	39245
2016-01-01	2017-12-31	H3260_v1_6	39245
2018-01-01	2018-12-31	H3260_v1_7	39245
1899-01-01	2006-12-31	H3260_v1_0	39246
2007-01-01	2007-12-31	H3260_v1_2	39246
2008-01-01	2009-12-31	H3260_v1_3	39246
2010-01-01	2011-12-31	H3260_v1_4	39246
2012-01-01	2015-12-31	H3260_v1_5	39246
2016-01-01	2017-12-31	H3260_v1_6	39246
2018-01-01	2018-12-31	H3260_v1_7	39246
1899-01-01	2006-12-31	H3260_v1_0	39247
2007-01-01	2007-12-31	H3260_v1_2	39247
2008-01-01	2009-12-31	H3260_v1_3	39247
2010-01-01	2011-12-31	H3260_v1_4	39247
2012-01-01	2015-12-31	H3260_v1_5	39247
2016-01-01	2017-12-31	H3260_v1_6	39247
2018-01-01	2018-12-31	H3260_v1_7	39247
1899-01-01	2006-12-31	H3260_v1_0	39248
2007-01-01	2007-12-31	H3260_v1_2	39248
2008-01-01	2009-12-31	H3260_v1_3	39248
2010-01-01	2011-12-31	H3260_v1_4	39248
2012-01-01	2015-12-31	H3260_v1_5	39248
2016-01-01	2017-12-31	H3260_v1_6	39248
2018-01-01	2018-12-31	H3260_v1_7	39248
1899-01-01	2006-12-31	H3260_v1_0	39249
2007-01-01	2007-12-31	H3260_v1_2	39249
2008-01-01	2009-12-31	H3260_v1_3	39249
2010-01-01	2011-12-31	H3260_v1_4	39249
2012-01-01	2015-12-31	H3260_v1_5	39249
2016-01-01	2017-12-31	H3260_v1_6	39249
2018-01-01	2018-12-31	H3260_v1_7	39249
1899-01-01	2006-12-31	H3260_v1_0	39250
2007-01-01	2007-12-31	H3260_v1_2	39250
2008-01-01	2009-12-31	H3260_v1_3	39250
2010-01-01	2011-12-31	H3260_v1_4	39250
2012-01-01	2015-12-31	H3260_v1_5	39250
2016-01-01	2017-12-31	H3260_v1_6	39250
2018-01-01	2018-12-31	H3260_v1_7	39250
1899-01-01	2006-12-31	H3260_v1_0	39251
2007-01-01	2007-12-31	H3260_v1_2	39251
2008-01-01	2009-12-31	H3260_v1_3	39251
2010-01-01	2011-12-31	H3260_v1_4	39251
2012-01-01	2015-12-31	H3260_v1_5	39251
2016-01-01	2017-12-31	H3260_v1_6	39251
2018-01-01	2018-12-31	H3260_v1_7	39251
1899-01-01	2006-12-31	H3260_v1_0	39252
2007-01-01	2007-12-31	H3260_v1_2	39252
2008-01-01	2009-12-31	H3260_v1_3	39252
2010-01-01	2011-12-31	H3260_v1_4	39252
2012-01-01	2015-12-31	H3260_v1_5	39252
2016-01-01	2017-12-31	H3260_v1_6	39252
2018-01-01	2018-12-31	H3260_v1_7	39252
1899-01-01	2006-12-31	H3260_v1_0	39253
2007-01-01	2007-12-31	H3260_v1_2	39253
2008-01-01	2009-12-31	H3260_v1_3	39253
2010-01-01	2011-12-31	H3260_v1_4	39253
2012-01-01	2015-12-31	H3260_v1_5	39253
2016-01-01	2017-12-31	H3260_v1_6	39253
2018-01-01	2018-12-31	H3260_v1_7	39253
1899-01-01	2006-12-31	H3260_v1_0	39254
2007-01-01	2007-12-31	H3260_v1_2	39254
2008-01-01	2009-12-31	H3260_v1_3	39254
2010-01-01	2011-12-31	H3260_v1_4	39254
2012-01-01	2015-12-31	H3260_v1_5	39254
2016-01-01	2017-12-31	H3260_v1_6	39254
2018-01-01	2018-12-31	H3260_v1_7	39254
1899-01-01	2006-12-31	H3260_v1_0	39255
2007-01-01	2007-12-31	H3260_v1_2	39255
2008-01-01	2009-12-31	H3260_v1_3	39255
2010-01-01	2011-12-31	H3260_v1_4	39255
2012-01-01	2015-12-31	H3260_v1_5	39255
2016-01-01	2017-12-31	H3260_v1_6	39255
2018-01-01	2018-12-31	H3260_v1_7	39255
1899-01-01	2006-12-31	H3260_v1_0	39256
2007-01-01	2007-12-31	H3260_v1_2	39256
2008-01-01	2009-12-31	H3260_v1_3	39256
2010-01-01	2011-12-31	H3260_v1_4	39256
2012-01-01	2015-12-31	H3260_v1_5	39256
2016-01-01	2017-12-31	H3260_v1_6	39256
2018-01-01	2018-12-31	H3260_v1_7	39256
1899-01-01	2006-12-31	H3260_v1_0	39257
2007-01-01	2007-12-31	H3260_v1_2	39257
2008-01-01	2009-12-31	H3260_v1_3	39257
2010-01-01	2011-12-31	H3260_v1_4	39257
2012-01-01	2015-12-31	H3260_v1_5	39257
2016-01-01	2017-12-31	H3260_v1_6	39257
2018-01-01	2018-12-31	H3260_v1_7	39257
1899-01-01	2006-12-31	H3260_v1_0	39258
2007-01-01	2007-12-31	H3260_v1_2	39258
2008-01-01	2009-12-31	H3260_v1_3	39258
2010-01-01	2011-12-31	H3260_v1_4	39258
2012-01-01	2015-12-31	H3260_v1_5	39258
2016-01-01	2017-12-31	H3260_v1_6	39258
2018-01-01	2018-12-31	H3260_v1_7	39258
1899-01-01	2006-12-31	H3260_v1_0	39259
2007-01-01	2007-12-31	H3260_v1_2	39259
2008-01-01	2009-12-31	H3260_v1_3	39259
2010-01-01	2011-12-31	H3260_v1_4	39259
2012-01-01	2015-12-31	H3260_v1_5	39259
2016-01-01	2017-12-31	H3260_v1_6	39259
2018-01-01	2018-12-31	H3260_v1_7	39259
1899-01-01	2006-12-31	H3260_v1_0	39260
2007-01-01	2007-12-31	H3260_v1_2	39260
2008-01-01	2009-12-31	H3260_v1_3	39260
2010-01-01	2011-12-31	H3260_v1_4	39260
2012-01-01	2015-12-31	H3260_v1_5	39260
2016-01-01	2017-12-31	H3260_v1_6	39260
2018-01-01	2018-12-31	H3260_v1_7	39260
1899-01-01	2006-12-31	H3260_v1_0	39261
2007-01-01	2007-12-31	H3260_v1_2	39261
2008-01-01	2009-12-31	H3260_v1_3	39261
2010-01-01	2011-12-31	H3260_v1_4	39261
2012-01-01	2015-12-31	H3260_v1_5	39261
2016-01-01	2017-12-31	H3260_v1_6	39261
2018-01-01	2018-12-31	H3260_v1_7	39261
1899-01-01	2006-12-31	H3260_v1_0	39262
2007-01-01	2007-12-31	H3260_v1_2	39262
2008-01-01	2009-12-31	H3260_v1_3	39262
2010-01-01	2011-12-31	H3260_v1_4	39262
2012-01-01	2015-12-31	H3260_v1_5	39262
2016-01-01	2017-12-31	H3260_v1_6	39262
2018-01-01	2018-12-31	H3260_v1_7	39262
1899-01-01	2006-12-31	H3260_v1_0	39263
2007-01-01	2007-12-31	H3260_v1_2	39263
2008-01-01	2009-12-31	H3260_v1_3	39263
2010-01-01	2011-12-31	H3260_v1_4	39263
2012-01-01	2015-12-31	H3260_v1_5	39263
2016-01-01	2017-12-31	H3260_v1_6	39263
2018-01-01	2018-12-31	H3260_v1_7	39263
1899-01-01	2006-12-31	H3260_v1_0	39264
2007-01-01	2007-12-31	H3260_v1_2	39264
2008-01-01	2009-12-31	H3260_v1_3	39264
2010-01-01	2011-12-31	H3260_v1_4	39264
2012-01-01	2015-12-31	H3260_v1_5	39264
2016-01-01	2017-12-31	H3260_v1_6	39264
2018-01-01	2018-12-31	H3260_v1_7	39264
1899-01-01	2006-12-31	H3260_v1_0	39265
2007-01-01	2007-12-31	H3260_v1_2	39265
2008-01-01	2009-12-31	H3260_v1_3	39265
2010-01-01	2011-12-31	H3260_v1_4	39265
2012-01-01	2015-12-31	H3260_v1_5	39265
2016-01-01	2017-12-31	H3260_v1_6	39265
2018-01-01	2018-12-31	H3260_v1_7	39265
1899-01-01	2006-12-31	H3260_v1_0	39266
2007-01-01	2007-12-31	H3260_v1_2	39266
2008-01-01	2009-12-31	H3260_v1_3	39266
2010-01-01	2011-12-31	H3260_v1_4	39266
2012-01-01	2015-12-31	H3260_v1_5	39266
2016-01-01	2017-12-31	H3260_v1_6	39266
2018-01-01	2018-12-31	H3260_v1_7	39266
1899-01-01	2006-12-31	H3260_v1_0	39267
2007-01-01	2007-12-31	H3260_v1_2	39267
2008-01-01	2009-12-31	H3260_v1_3	39267
2010-01-01	2011-12-31	H3260_v1_4	39267
2012-01-01	2015-12-31	H3260_v1_5	39267
2016-01-01	2017-12-31	H3260_v1_6	39267
2018-01-01	2018-12-31	H3260_v1_7	39267
1899-01-01	2006-12-31	H3260_v1_0	39268
2007-01-01	2007-12-31	H3260_v1_2	39268
2008-01-01	2009-12-31	H3260_v1_3	39268
2010-01-01	2011-12-31	H3260_v1_4	39268
2012-01-01	2015-12-31	H3260_v1_5	39268
2016-01-01	2017-12-31	H3260_v1_6	39268
2018-01-01	2018-12-31	H3260_v1_7	39268
1899-01-01	2006-12-31	H3260_v1_0	39269
2007-01-01	2007-12-31	H3260_v1_2	39269
2008-01-01	2009-12-31	H3260_v1_3	39269
2010-01-01	2011-12-31	H3260_v1_4	39269
2012-01-01	2015-12-31	H3260_v1_5	39269
2016-01-01	2017-12-31	H3260_v1_6	39269
2018-01-01	2018-12-31	H3260_v1_7	39269
1899-01-01	2006-12-31	H3260_v1_0	39270
2007-01-01	2007-12-31	H3260_v1_2	39270
2008-01-01	2009-12-31	H3260_v1_3	39270
2010-01-01	2011-12-31	H3260_v1_4	39270
2012-01-01	2015-12-31	H3260_v1_5	39270
2016-01-01	2017-12-31	H3260_v1_6	39270
2018-01-01	2018-12-31	H3260_v1_7	39270
1899-01-01	2006-12-31	H3260_v1_0	39271
2007-01-01	2007-12-31	H3260_v1_2	39271
2008-01-01	2009-12-31	H3260_v1_3	39271
2010-01-01	2011-12-31	H3260_v1_4	39271
2012-01-01	2015-12-31	H3260_v1_5	39271
2016-01-01	2017-12-31	H3260_v1_6	39271
2018-01-01	2018-12-31	H3260_v1_7	39271
1899-01-01	2006-12-31	H3260_v1_0	39272
2007-01-01	2007-12-31	H3260_v1_2	39272
2008-01-01	2009-12-31	H3260_v1_3	39272
2010-01-01	2011-12-31	H3260_v1_4	39272
2012-01-01	2015-12-31	H3260_v1_5	39272
2016-01-01	2017-12-31	H3260_v1_6	39272
2018-01-01	2018-12-31	H3260_v1_7	39272
1899-01-01	2006-12-31	H3260_v1_0	39273
2007-01-01	2007-12-31	H3260_v1_2	39273
2008-01-01	2009-12-31	H3260_v1_3	39273
2010-01-01	2011-12-31	H3260_v1_4	39273
2012-01-01	2015-12-31	H3260_v1_5	39273
2016-01-01	2017-12-31	H3260_v1_6	39273
2018-01-01	2018-12-31	H3260_v1_7	39273
1899-01-01	2006-12-31	H3260_v1_0	39274
2007-01-01	2007-12-31	H3260_v1_2	39274
2008-01-01	2009-12-31	H3260_v1_3	39274
2010-01-01	2011-12-31	H3260_v1_4	39274
2012-01-01	2015-12-31	H3260_v1_5	39274
2016-01-01	2017-12-31	H3260_v1_6	39274
2018-01-01	2018-12-31	H3260_v1_7	39274
1899-01-01	2006-12-31	H3260_v1_0	39275
2007-01-01	2007-12-31	H3260_v1_2	39275
2008-01-01	2009-12-31	H3260_v1_3	39275
2010-01-01	2011-12-31	H3260_v1_4	39275
2012-01-01	2015-12-31	H3260_v1_5	39275
2016-01-01	2017-12-31	H3260_v1_6	39275
2018-01-01	2018-12-31	H3260_v1_7	39275
1899-01-01	2006-12-31	H3260_v1_0	39276
2007-01-01	2007-12-31	H3260_v1_2	39276
2008-01-01	2009-12-31	H3260_v1_3	39276
2010-01-01	2011-12-31	H3260_v1_4	39276
2012-01-01	2015-12-31	H3260_v1_5	39276
2016-01-01	2017-12-31	H3260_v1_6	39276
2018-01-01	2018-12-31	H3260_v1_7	39276
1899-01-01	2006-12-31	H3260_v1_0	39277
2007-01-01	2007-12-31	H3260_v1_2	39277
2008-01-01	2009-12-31	H3260_v1_3	39277
2010-01-01	2011-12-31	H3260_v1_4	39277
2012-01-01	2015-12-31	H3260_v1_5	39277
2016-01-01	2017-12-31	H3260_v1_6	39277
2018-01-01	2018-12-31	H3260_v1_7	39277
1899-01-01	2006-12-31	H3260_v1_0	39278
2007-01-01	2007-12-31	H3260_v1_2	39278
2008-01-01	2009-12-31	H3260_v1_3	39278
2010-01-01	2011-12-31	H3260_v1_4	39278
2012-01-01	2015-12-31	H3260_v1_5	39278
2016-01-01	2017-12-31	H3260_v1_6	39278
2018-01-01	2018-12-31	H3260_v1_7	39278
1899-01-01	2006-12-31	H3260_v1_0	39279
2007-01-01	2007-12-31	H3260_v1_2	39279
2008-01-01	2009-12-31	H3260_v1_3	39279
2010-01-01	2011-12-31	H3260_v1_4	39279
2012-01-01	2015-12-31	H3260_v1_5	39279
2016-01-01	2017-12-31	H3260_v1_6	39279
2018-01-01	2018-12-31	H3260_v1_7	39279
1899-01-01	2006-12-31	H3260_v1_0	39280
2007-01-01	2007-12-31	H3260_v1_2	39280
2008-01-01	2009-12-31	H3260_v1_3	39280
2010-01-01	2011-12-31	H3260_v1_4	39280
2012-01-01	2015-12-31	H3260_v1_5	39280
2016-01-01	2017-12-31	H3260_v1_6	39280
2018-01-01	2018-12-31	H3260_v1_7	39280
1899-01-01	2006-12-31	H3260_v1_0	39281
2007-01-01	2007-12-31	H3260_v1_2	39281
2008-01-01	2009-12-31	H3260_v1_3	39281
2010-01-01	2011-12-31	H3260_v1_4	39281
2012-01-01	2015-12-31	H3260_v1_5	39281
2016-01-01	2017-12-31	H3260_v1_6	39281
2018-01-01	2018-12-31	H3260_v1_7	39281
1899-01-01	2006-12-31	H3260_v1_0	39282
2007-01-01	2007-12-31	H3260_v1_2	39282
2008-01-01	2009-12-31	H3260_v1_3	39282
2010-01-01	2011-12-31	H3260_v1_4	39282
2012-01-01	2015-12-31	H3260_v1_5	39282
2016-01-01	2017-12-31	H3260_v1_6	39282
2018-01-01	2018-12-31	H3260_v1_7	39282
1899-01-01	2006-12-31	H3260_v1_0	39283
2007-01-01	2007-12-31	H3260_v1_2	39283
2008-01-01	2009-12-31	H3260_v1_3	39283
2010-01-01	2011-12-31	H3260_v1_4	39283
2012-01-01	2015-12-31	H3260_v1_5	39283
2016-01-01	2017-12-31	H3260_v1_6	39283
2018-01-01	2018-12-31	H3260_v1_7	39283
1899-01-01	2006-12-31	H3260_v1_0	39284
2007-01-01	2007-12-31	H3260_v1_2	39284
2008-01-01	2009-12-31	H3260_v1_3	39284
2010-01-01	2011-12-31	H3260_v1_4	39284
2012-01-01	2015-12-31	H3260_v1_5	39284
2016-01-01	2017-12-31	H3260_v1_6	39284
2018-01-01	2018-12-31	H3260_v1_7	39284
1899-01-01	2006-12-31	H3260_v1_0	39285
2007-01-01	2007-12-31	H3260_v1_2	39285
2008-01-01	2009-12-31	H3260_v1_3	39285
2010-01-01	2011-12-31	H3260_v1_4	39285
2012-01-01	2015-12-31	H3260_v1_5	39285
2016-01-01	2017-12-31	H3260_v1_6	39285
2018-01-01	2018-12-31	H3260_v1_7	39285
1899-01-01	2006-12-31	H3260_v1_0	39286
2007-01-01	2007-12-31	H3260_v1_2	39286
2008-01-01	2009-12-31	H3260_v1_3	39286
2010-01-01	2011-12-31	H3260_v1_4	39286
2012-01-01	2015-12-31	H3260_v1_5	39286
2016-01-01	2017-12-31	H3260_v1_6	39286
2018-01-01	2018-12-31	H3260_v1_7	39286
1899-01-01	2006-12-31	H3260_v1_0	39287
2007-01-01	2007-12-31	H3260_v1_2	39287
2008-01-01	2009-12-31	H3260_v1_3	39287
2010-01-01	2011-12-31	H3260_v1_4	39287
2012-01-01	2015-12-31	H3260_v1_5	39287
2016-01-01	2017-12-31	H3260_v1_6	39287
2018-01-01	2018-12-31	H3260_v1_7	39287
1899-01-01	2006-12-31	H3260_v1_0	39288
2007-01-01	2007-12-31	H3260_v1_2	39288
2008-01-01	2009-12-31	H3260_v1_3	39288
2010-01-01	2011-12-31	H3260_v1_4	39288
2012-01-01	2015-12-31	H3260_v1_5	39288
2016-01-01	2017-12-31	H3260_v1_6	39288
2018-01-01	2018-12-31	H3260_v1_7	39288
1899-01-01	2006-12-31	H3260_v1_0	39289
2007-01-01	2007-12-31	H3260_v1_2	39289
2008-01-01	2009-12-31	H3260_v1_3	39289
2010-01-01	2011-12-31	H3260_v1_4	39289
2012-01-01	2015-12-31	H3260_v1_5	39289
2016-01-01	2017-12-31	H3260_v1_6	39289
2018-01-01	2018-12-31	H3260_v1_7	39289
1899-01-01	2006-12-31	H3260_v1_0	39290
2007-01-01	2007-12-31	H3260_v1_2	39290
2008-01-01	2009-12-31	H3260_v1_3	39290
2010-01-01	2011-12-31	H3260_v1_4	39290
2012-01-01	2015-12-31	H3260_v1_5	39290
2016-01-01	2017-12-31	H3260_v1_6	39290
2018-01-01	2018-12-31	H3260_v1_7	39290
1899-01-01	2006-12-31	H3260_v1_0	39291
2007-01-01	2007-12-31	H3260_v1_2	39291
2008-01-01	2009-12-31	H3260_v1_3	39291
2010-01-01	2011-12-31	H3260_v1_4	39291
2012-01-01	2015-12-31	H3260_v1_5	39291
2016-01-01	2017-12-31	H3260_v1_6	39291
2018-01-01	2018-12-31	H3260_v1_7	39291
1899-01-01	2006-12-31	H3260_v1_0	39292
2007-01-01	2007-12-31	H3260_v1_2	39292
2008-01-01	2009-12-31	H3260_v1_3	39292
2010-01-01	2011-12-31	H3260_v1_4	39292
2012-01-01	2015-12-31	H3260_v1_5	39292
2016-01-01	2017-12-31	H3260_v1_6	39292
2018-01-01	2018-12-31	H3260_v1_7	39292
1899-01-01	2006-12-31	H3260_v1_0	39293
2007-01-01	2007-12-31	H3260_v1_2	39293
2008-01-01	2009-12-31	H3260_v1_3	39293
2010-01-01	2011-12-31	H3260_v1_4	39293
2012-01-01	2015-12-31	H3260_v1_5	39293
2016-01-01	2017-12-31	H3260_v1_6	39293
2018-01-01	2018-12-31	H3260_v1_7	39293
1899-01-01	2006-12-31	H3260_v1_0	39294
2007-01-01	2007-12-31	H3260_v1_2	39294
2008-01-01	2009-12-31	H3260_v1_3	39294
2010-01-01	2011-12-31	H3260_v1_4	39294
2012-01-01	2015-12-31	H3260_v1_5	39294
2016-01-01	2017-12-31	H3260_v1_6	39294
2018-01-01	2018-12-31	H3260_v1_7	39294
1899-01-01	2006-12-31	H3260_v1_0	39295
2007-01-01	2007-12-31	H3260_v1_2	39295
2008-01-01	2009-12-31	H3260_v1_3	39295
2010-01-01	2011-12-31	H3260_v1_4	39295
2012-01-01	2015-12-31	H3260_v1_5	39295
2016-01-01	2017-12-31	H3260_v1_6	39295
2018-01-01	2018-12-31	H3260_v1_7	39295
1899-01-01	2006-12-31	H3260_v1_0	39296
2007-01-01	2007-12-31	H3260_v1_2	39296
2008-01-01	2009-12-31	H3260_v1_3	39296
2010-01-01	2011-12-31	H3260_v1_4	39296
2012-01-01	2015-12-31	H3260_v1_5	39296
2016-01-01	2017-12-31	H3260_v1_6	39296
2018-01-01	2018-12-31	H3260_v1_7	39296
1899-01-01	2006-12-31	H3260_v1_0	39297
2007-01-01	2007-12-31	H3260_v1_2	39297
2008-01-01	2009-12-31	H3260_v1_3	39297
2010-01-01	2011-12-31	H3260_v1_4	39297
2012-01-01	2015-12-31	H3260_v1_5	39297
2016-01-01	2017-12-31	H3260_v1_6	39297
2018-01-01	2018-12-31	H3260_v1_7	39297
1899-01-01	2006-12-31	H3260_v1_0	39298
2007-01-01	2007-12-31	H3260_v1_2	39298
2008-01-01	2009-12-31	H3260_v1_3	39298
2010-01-01	2011-12-31	H3260_v1_4	39298
2012-01-01	2015-12-31	H3260_v1_5	39298
2016-01-01	2017-12-31	H3260_v1_6	39298
2018-01-01	2018-12-31	H3260_v1_7	39298
1899-01-01	2006-12-31	H3260_v1_0	39299
2007-01-01	2007-12-31	H3260_v1_2	39299
2008-01-01	2009-12-31	H3260_v1_3	39299
2010-01-01	2011-12-31	H3260_v1_4	39299
2012-01-01	2015-12-31	H3260_v1_5	39299
2016-01-01	2017-12-31	H3260_v1_6	39299
2018-01-01	2018-12-31	H3260_v1_7	39299
1899-01-01	2006-12-31	H3260_v1_0	39300
2007-01-01	2007-12-31	H3260_v1_2	39300
2008-01-01	2009-12-31	H3260_v1_3	39300
2010-01-01	2011-12-31	H3260_v1_4	39300
2012-01-01	2015-12-31	H3260_v1_5	39300
2016-01-01	2017-12-31	H3260_v1_6	39300
2018-01-01	2018-12-31	H3260_v1_7	39300
1899-01-01	2006-12-31	H3260_v1_0	39301
2007-01-01	2007-12-31	H3260_v1_2	39301
2008-01-01	2009-12-31	H3260_v1_3	39301
2010-01-01	2011-12-31	H3260_v1_4	39301
2012-01-01	2015-12-31	H3260_v1_5	39301
2016-01-01	2017-12-31	H3260_v1_6	39301
2018-01-01	2018-12-31	H3260_v1_7	39301
1899-01-01	2006-12-31	H3260_v1_0	39302
2007-01-01	2007-12-31	H3260_v1_2	39302
2008-01-01	2009-12-31	H3260_v1_3	39302
2010-01-01	2011-12-31	H3260_v1_4	39302
2012-01-01	2015-12-31	H3260_v1_5	39302
2016-01-01	2017-12-31	H3260_v1_6	39302
2018-01-01	2018-12-31	H3260_v1_7	39302
1899-01-01	2006-12-31	H3260_v1_0	39303
2007-01-01	2007-12-31	H3260_v1_2	39303
2008-01-01	2009-12-31	H3260_v1_3	39303
2010-01-01	2011-12-31	H3260_v1_4	39303
2012-01-01	2015-12-31	H3260_v1_5	39303
2016-01-01	2017-12-31	H3260_v1_6	39303
2018-01-01	2018-12-31	H3260_v1_7	39303
1899-01-01	2006-12-31	H3260_v1_0	39304
2007-01-01	2007-12-31	H3260_v1_2	39304
2008-01-01	2009-12-31	H3260_v1_3	39304
2010-01-01	2011-12-31	H3260_v1_4	39304
2012-01-01	2015-12-31	H3260_v1_5	39304
2016-01-01	2017-12-31	H3260_v1_6	39304
2018-01-01	2018-12-31	H3260_v1_7	39304
1899-01-01	2006-12-31	H3260_v1_0	39305
2007-01-01	2007-12-31	H3260_v1_2	39305
2008-01-01	2009-12-31	H3260_v1_3	39305
2010-01-01	2011-12-31	H3260_v1_4	39305
2012-01-01	2015-12-31	H3260_v1_5	39305
2016-01-01	2017-12-31	H3260_v1_6	39305
2018-01-01	2018-12-31	H3260_v1_7	39305
1899-01-01	2006-12-31	H3260_v1_0	39306
2007-01-01	2007-12-31	H3260_v1_2	39306
2008-01-01	2009-12-31	H3260_v1_3	39306
2010-01-01	2011-12-31	H3260_v1_4	39306
2012-01-01	2015-12-31	H3260_v1_5	39306
2016-01-01	2017-12-31	H3260_v1_6	39306
2018-01-01	2018-12-31	H3260_v1_7	39306
1899-01-01	2006-12-31	H3260_v1_0	39307
2007-01-01	2007-12-31	H3260_v1_2	39307
2008-01-01	2009-12-31	H3260_v1_3	39307
2010-01-01	2011-12-31	H3260_v1_4	39307
2012-01-01	2015-12-31	H3260_v1_5	39307
2016-01-01	2017-12-31	H3260_v1_6	39307
2018-01-01	2018-12-31	H3260_v1_7	39307
1899-01-01	2006-12-31	H3260_v1_0	39308
2007-01-01	2007-12-31	H3260_v1_2	39308
2008-01-01	2009-12-31	H3260_v1_3	39308
2010-01-01	2011-12-31	H3260_v1_4	39308
2012-01-01	2015-12-31	H3260_v1_5	39308
2016-01-01	2017-12-31	H3260_v1_6	39308
2018-01-01	2018-12-31	H3260_v1_7	39308
1899-01-01	2006-12-31	H3260_v1_0	39309
2007-01-01	2007-12-31	H3260_v1_2	39309
2008-01-01	2009-12-31	H3260_v1_3	39309
2010-01-01	2011-12-31	H3260_v1_4	39309
2012-01-01	2015-12-31	H3260_v1_5	39309
2016-01-01	2017-12-31	H3260_v1_6	39309
2018-01-01	2018-12-31	H3260_v1_7	39309
1899-01-01	2006-12-31	H3260_v1_0	39310
2007-01-01	2007-12-31	H3260_v1_2	39310
2008-01-01	2009-12-31	H3260_v1_3	39310
2010-01-01	2011-12-31	H3260_v1_4	39310
2012-01-01	2015-12-31	H3260_v1_5	39310
2016-01-01	2017-12-31	H3260_v1_6	39310
2018-01-01	2018-12-31	H3260_v1_7	39310
1899-01-01	2006-12-31	H3260_v1_0	39311
2007-01-01	2007-12-31	H3260_v1_2	39311
2008-01-01	2009-12-31	H3260_v1_3	39311
2010-01-01	2011-12-31	H3260_v1_4	39311
2012-01-01	2015-12-31	H3260_v1_5	39311
2016-01-01	2017-12-31	H3260_v1_6	39311
2018-01-01	2018-12-31	H3260_v1_7	39311
1899-01-01	2006-12-31	H3260_v1_0	39312
2007-01-01	2007-12-31	H3260_v1_2	39312
2008-01-01	2009-12-31	H3260_v1_3	39312
2010-01-01	2011-12-31	H3260_v1_4	39312
2012-01-01	2015-12-31	H3260_v1_5	39312
2016-01-01	2017-12-31	H3260_v1_6	39312
2018-01-01	2018-12-31	H3260_v1_7	39312
1899-01-01	2006-12-31	H3260_v1_0	39313
2007-01-01	2007-12-31	H3260_v1_2	39313
2008-01-01	2009-12-31	H3260_v1_3	39313
2010-01-01	2011-12-31	H3260_v1_4	39313
2012-01-01	2015-12-31	H3260_v1_5	39313
2016-01-01	2017-12-31	H3260_v1_6	39313
2018-01-01	2018-12-31	H3260_v1_7	39313
1899-01-01	2006-12-31	H3260_v1_0	39314
2007-01-01	2007-12-31	H3260_v1_2	39314
2008-01-01	2009-12-31	H3260_v1_3	39314
2010-01-01	2011-12-31	H3260_v1_4	39314
2012-01-01	2015-12-31	H3260_v1_5	39314
2016-01-01	2017-12-31	H3260_v1_6	39314
2018-01-01	2018-12-31	H3260_v1_7	39314
1899-01-01	2006-12-31	H3260_v1_0	39315
2007-01-01	2007-12-31	H3260_v1_2	39315
2008-01-01	2009-12-31	H3260_v1_3	39315
2010-01-01	2011-12-31	H3260_v1_4	39315
2012-01-01	2015-12-31	H3260_v1_5	39315
2016-01-01	2017-12-31	H3260_v1_6	39315
2018-01-01	2018-12-31	H3260_v1_7	39315
1899-01-01	2006-12-31	H3260_v1_0	39316
2007-01-01	2007-12-31	H3260_v1_2	39316
2008-01-01	2009-12-31	H3260_v1_3	39316
2010-01-01	2011-12-31	H3260_v1_4	39316
2012-01-01	2015-12-31	H3260_v1_5	39316
2016-01-01	2017-12-31	H3260_v1_6	39316
2018-01-01	2018-12-31	H3260_v1_7	39316
1899-01-01	2006-12-31	H3260_v1_0	39317
2007-01-01	2007-12-31	H3260_v1_2	39317
2008-01-01	2009-12-31	H3260_v1_3	39317
2010-01-01	2011-12-31	H3260_v1_4	39317
2012-01-01	2015-12-31	H3260_v1_5	39317
2016-01-01	2017-12-31	H3260_v1_6	39317
2018-01-01	2018-12-31	H3260_v1_7	39317
1899-01-01	2006-12-31	H3260_v1_0	39318
2007-01-01	2007-12-31	H3260_v1_2	39318
2008-01-01	2009-12-31	H3260_v1_3	39318
2010-01-01	2011-12-31	H3260_v1_4	39318
2012-01-01	2015-12-31	H3260_v1_5	39318
2016-01-01	2017-12-31	H3260_v1_6	39318
2018-01-01	2018-12-31	H3260_v1_7	39318
1899-01-01	2006-12-31	H3260_v1_0	39319
2007-01-01	2007-12-31	H3260_v1_2	39319
2008-01-01	2009-12-31	H3260_v1_3	39319
2010-01-01	2011-12-31	H3260_v1_4	39319
2012-01-01	2015-12-31	H3260_v1_5	39319
2016-01-01	2017-12-31	H3260_v1_6	39319
2018-01-01	2018-12-31	H3260_v1_7	39319
1899-01-01	2006-12-31	H3260_v1_0	39320
2007-01-01	2007-12-31	H3260_v1_2	39320
2008-01-01	2009-12-31	H3260_v1_3	39320
2010-01-01	2011-12-31	H3260_v1_4	39320
2012-01-01	2015-12-31	H3260_v1_5	39320
2016-01-01	2017-12-31	H3260_v1_6	39320
2018-01-01	2018-12-31	H3260_v1_7	39320
1899-01-01	2006-12-31	H3260_v1_0	39321
2007-01-01	2007-12-31	H3260_v1_2	39321
2008-01-01	2009-12-31	H3260_v1_3	39321
2010-01-01	2011-12-31	H3260_v1_4	39321
2012-01-01	2015-12-31	H3260_v1_5	39321
2016-01-01	2017-12-31	H3260_v1_6	39321
2018-01-01	2018-12-31	H3260_v1_7	39321
1899-01-01	2006-12-31	H3260_v1_0	39322
2007-01-01	2007-12-31	H3260_v1_2	39322
2008-01-01	2009-12-31	H3260_v1_3	39322
2010-01-01	2011-12-31	H3260_v1_4	39322
2012-01-01	2015-12-31	H3260_v1_5	39322
2016-01-01	2017-12-31	H3260_v1_6	39322
2018-01-01	2018-12-31	H3260_v1_7	39322
1899-01-01	2006-12-31	H3260_v1_0	39323
2007-01-01	2007-12-31	H3260_v1_2	39323
2008-01-01	2009-12-31	H3260_v1_3	39323
2010-01-01	2011-12-31	H3260_v1_4	39323
2012-01-01	2015-12-31	H3260_v1_5	39323
2016-01-01	2017-12-31	H3260_v1_6	39323
2018-01-01	2018-12-31	H3260_v1_7	39323
1899-01-01	2006-12-31	H3260_v1_0	39324
2007-01-01	2007-12-31	H3260_v1_2	39324
2008-01-01	2009-12-31	H3260_v1_3	39324
2010-01-01	2011-12-31	H3260_v1_4	39324
2012-01-01	2015-12-31	H3260_v1_5	39324
2016-01-01	2017-12-31	H3260_v1_6	39324
2018-01-01	2018-12-31	H3260_v1_7	39324
1899-01-01	2006-12-31	H3260_v1_0	39325
2007-01-01	2007-12-31	H3260_v1_2	39325
2008-01-01	2009-12-31	H3260_v1_3	39325
2010-01-01	2011-12-31	H3260_v1_4	39325
2012-01-01	2015-12-31	H3260_v1_5	39325
2016-01-01	2017-12-31	H3260_v1_6	39325
2018-01-01	2018-12-31	H3260_v1_7	39325
1899-01-01	2006-12-31	H3260_v1_0	39326
2007-01-01	2007-12-31	H3260_v1_2	39326
2008-01-01	2009-12-31	H3260_v1_3	39326
2010-01-01	2011-12-31	H3260_v1_4	39326
2012-01-01	2015-12-31	H3260_v1_5	39326
2016-01-01	2017-12-31	H3260_v1_6	39326
2018-01-01	2018-12-31	H3260_v1_7	39326
1899-01-01	2006-12-31	H3260_v1_0	39327
2007-01-01	2007-12-31	H3260_v1_2	39327
2008-01-01	2009-12-31	H3260_v1_3	39327
2010-01-01	2011-12-31	H3260_v1_4	39327
2012-01-01	2015-12-31	H3260_v1_5	39327
2016-01-01	2017-12-31	H3260_v1_6	39327
2018-01-01	2018-12-31	H3260_v1_7	39327
1899-01-01	2006-12-31	H3260_v1_0	39328
2007-01-01	2007-12-31	H3260_v1_2	39328
2008-01-01	2009-12-31	H3260_v1_3	39328
2010-01-01	2011-12-31	H3260_v1_4	39328
2012-01-01	2015-12-31	H3260_v1_5	39328
2016-01-01	2017-12-31	H3260_v1_6	39328
2018-01-01	2018-12-31	H3260_v1_7	39328
1899-01-01	2006-12-31	H3260_v1_0	39329
2007-01-01	2007-12-31	H3260_v1_2	39329
2008-01-01	2009-12-31	H3260_v1_3	39329
2010-01-01	2011-12-31	H3260_v1_4	39329
2012-01-01	2015-12-31	H3260_v1_5	39329
2016-01-01	2017-12-31	H3260_v1_6	39329
2018-01-01	2018-12-31	H3260_v1_7	39329
1899-01-01	2006-12-31	H3260_v1_0	39330
2007-01-01	2007-12-31	H3260_v1_2	39330
2008-01-01	2009-12-31	H3260_v1_3	39330
2010-01-01	2011-12-31	H3260_v1_4	39330
2012-01-01	2015-12-31	H3260_v1_5	39330
2016-01-01	2017-12-31	H3260_v1_6	39330
2018-01-01	2018-12-31	H3260_v1_7	39330
1899-01-01	2006-12-31	H3260_v1_0	39331
2007-01-01	2007-12-31	H3260_v1_2	39331
2008-01-01	2009-12-31	H3260_v1_3	39331
2010-01-01	2011-12-31	H3260_v1_4	39331
2012-01-01	2015-12-31	H3260_v1_5	39331
2016-01-01	2017-12-31	H3260_v1_6	39331
2018-01-01	2018-12-31	H3260_v1_7	39331
1899-01-01	2006-12-31	H3260_v1_0	39332
2007-01-01	2007-12-31	H3260_v1_2	39332
2008-01-01	2009-12-31	H3260_v1_3	39332
2010-01-01	2011-12-31	H3260_v1_4	39332
2012-01-01	2015-12-31	H3260_v1_5	39332
2016-01-01	2017-12-31	H3260_v1_6	39332
2018-01-01	2018-12-31	H3260_v1_7	39332
1899-01-01	2006-12-31	H3260_v1_0	39333
2007-01-01	2007-12-31	H3260_v1_2	39333
2008-01-01	2009-12-31	H3260_v1_3	39333
2010-01-01	2011-12-31	H3260_v1_4	39333
2012-01-01	2015-12-31	H3260_v1_5	39333
2016-01-01	2017-12-31	H3260_v1_6	39333
2018-01-01	2018-12-31	H3260_v1_7	39333
1899-01-01	2006-12-31	H3260_v1_0	39334
2007-01-01	2007-12-31	H3260_v1_2	39334
2008-01-01	2009-12-31	H3260_v1_3	39334
2010-01-01	2011-12-31	H3260_v1_4	39334
2012-01-01	2015-12-31	H3260_v1_5	39334
2016-01-01	2017-12-31	H3260_v1_6	39334
2018-01-01	2018-12-31	H3260_v1_7	39334
1899-01-01	2006-12-31	H3260_v1_0	39335
2007-01-01	2007-12-31	H3260_v1_2	39335
2008-01-01	2009-12-31	H3260_v1_3	39335
2010-01-01	2011-12-31	H3260_v1_4	39335
2012-01-01	2015-12-31	H3260_v1_5	39335
2016-01-01	2017-12-31	H3260_v1_6	39335
2018-01-01	2018-12-31	H3260_v1_7	39335
1899-01-01	2006-12-31	H3260_v1_0	39336
2007-01-01	2007-12-31	H3260_v1_2	39336
2008-01-01	2009-12-31	H3260_v1_3	39336
2010-01-01	2011-12-31	H3260_v1_4	39336
2012-01-01	2015-12-31	H3260_v1_5	39336
2016-01-01	2017-12-31	H3260_v1_6	39336
2018-01-01	2018-12-31	H3260_v1_7	39336
1899-01-01	2006-12-31	H3260_v1_0	39337
2007-01-01	2007-12-31	H3260_v1_2	39337
2008-01-01	2009-12-31	H3260_v1_3	39337
2010-01-01	2011-12-31	H3260_v1_4	39337
2012-01-01	2015-12-31	H3260_v1_5	39337
2016-01-01	2017-12-31	H3260_v1_6	39337
2018-01-01	2018-12-31	H3260_v1_7	39337
1899-01-01	2006-12-31	H3260_v1_0	39338
2007-01-01	2007-12-31	H3260_v1_2	39338
2008-01-01	2009-12-31	H3260_v1_3	39338
2010-01-01	2011-12-31	H3260_v1_4	39338
2012-01-01	2015-12-31	H3260_v1_5	39338
2016-01-01	2017-12-31	H3260_v1_6	39338
2018-01-01	2018-12-31	H3260_v1_7	39338
1899-01-01	2006-12-31	H3260_v1_0	39339
2007-01-01	2007-12-31	H3260_v1_2	39339
2008-01-01	2009-12-31	H3260_v1_3	39339
2010-01-01	2011-12-31	H3260_v1_4	39339
2012-01-01	2015-12-31	H3260_v1_5	39339
2016-01-01	2017-12-31	H3260_v1_6	39339
2018-01-01	2018-12-31	H3260_v1_7	39339
1899-01-01	2006-12-31	H3260_v1_0	39340
2007-01-01	2007-12-31	H3260_v1_2	39340
2008-01-01	2009-12-31	H3260_v1_3	39340
2010-01-01	2011-12-31	H3260_v1_4	39340
2012-01-01	2015-12-31	H3260_v1_5	39340
2016-01-01	2017-12-31	H3260_v1_6	39340
2018-01-01	2018-12-31	H3260_v1_7	39340
1899-01-01	2006-12-31	H3260_v1_0	39342
2007-01-01	2007-12-31	H3260_v1_2	39342
2008-01-01	2009-12-31	H3260_v1_3	39342
2010-01-01	2011-12-31	H3260_v1_4	39342
2012-01-01	2015-12-31	H3260_v1_5	39342
2016-01-01	2017-12-31	H3260_v1_6	39342
2018-01-01	2018-12-31	H3260_v1_7	39342
1899-01-01	2006-12-31	H3260_v1_0	39343
2007-01-01	2007-12-31	H3260_v1_2	39343
2008-01-01	2009-12-31	H3260_v1_3	39343
2010-01-01	2011-12-31	H3260_v1_4	39343
2012-01-01	2015-12-31	H3260_v1_5	39343
2016-01-01	2017-12-31	H3260_v1_6	39343
2018-01-01	2018-12-31	H3260_v1_7	39343
1899-01-01	2006-12-31	H3260_v1_0	39344
2007-01-01	2007-12-31	H3260_v1_2	39344
2008-01-01	2009-12-31	H3260_v1_3	39344
2010-01-01	2011-12-31	H3260_v1_4	39344
2012-01-01	2015-12-31	H3260_v1_5	39344
2016-01-01	2017-12-31	H3260_v1_6	39344
2018-01-01	2018-12-31	H3260_v1_7	39344
1899-01-01	2006-12-31	H3260_v1_0	39345
2007-01-01	2007-12-31	H3260_v1_2	39345
2008-01-01	2009-12-31	H3260_v1_3	39345
2010-01-01	2011-12-31	H3260_v1_4	39345
2012-01-01	2015-12-31	H3260_v1_5	39345
2016-01-01	2017-12-31	H3260_v1_6	39345
2018-01-01	2018-12-31	H3260_v1_7	39345
1899-01-01	2006-12-31	H3260_v1_0	39346
2007-01-01	2007-12-31	H3260_v1_2	39346
2008-01-01	2009-12-31	H3260_v1_3	39346
2010-01-01	2011-12-31	H3260_v1_4	39346
2012-01-01	2015-12-31	H3260_v1_5	39346
2016-01-01	2017-12-31	H3260_v1_6	39346
2018-01-01	2018-12-31	H3260_v1_7	39346
1899-01-01	2006-12-31	H3260_v1_0	39347
2007-01-01	2007-12-31	H3260_v1_2	39347
2008-01-01	2009-12-31	H3260_v1_3	39347
2010-01-01	2011-12-31	H3260_v1_4	39347
2012-01-01	2015-12-31	H3260_v1_5	39347
2016-01-01	2017-12-31	H3260_v1_6	39347
2018-01-01	2018-12-31	H3260_v1_7	39347
1899-01-01	2006-12-31	H3260_v1_0	39348
2007-01-01	2007-12-31	H3260_v1_2	39348
2008-01-01	2009-12-31	H3260_v1_3	39348
2010-01-01	2011-12-31	H3260_v1_4	39348
2012-01-01	2015-12-31	H3260_v1_5	39348
2016-01-01	2017-12-31	H3260_v1_6	39348
2018-01-01	2018-12-31	H3260_v1_7	39348
1899-01-01	2006-12-31	H3260_v1_0	39349
2007-01-01	2007-12-31	H3260_v1_2	39349
2008-01-01	2009-12-31	H3260_v1_3	39349
2010-01-01	2011-12-31	H3260_v1_4	39349
2012-01-01	2015-12-31	H3260_v1_5	39349
2016-01-01	2017-12-31	H3260_v1_6	39349
2018-01-01	2018-12-31	H3260_v1_7	39349
1899-01-01	2006-12-31	H3260_v1_0	39350
2007-01-01	2007-12-31	H3260_v1_2	39350
2008-01-01	2009-12-31	H3260_v1_3	39350
2010-01-01	2011-12-31	H3260_v1_4	39350
2012-01-01	2015-12-31	H3260_v1_5	39350
2016-01-01	2017-12-31	H3260_v1_6	39350
2018-01-01	2018-12-31	H3260_v1_7	39350
1899-01-01	2006-12-31	H3260_v1_0	39351
2007-01-01	2007-12-31	H3260_v1_2	39351
2008-01-01	2009-12-31	H3260_v1_3	39351
2010-01-01	2011-12-31	H3260_v1_4	39351
2012-01-01	2015-12-31	H3260_v1_5	39351
2016-01-01	2017-12-31	H3260_v1_6	39351
2018-01-01	2018-12-31	H3260_v1_7	39351
1899-01-01	2006-12-31	H3260_v1_0	39352
2007-01-01	2007-12-31	H3260_v1_2	39352
2008-01-01	2009-12-31	H3260_v1_3	39352
2010-01-01	2011-12-31	H3260_v1_4	39352
2012-01-01	2015-12-31	H3260_v1_5	39352
2016-01-01	2017-12-31	H3260_v1_6	39352
2018-01-01	2018-12-31	H3260_v1_7	39352
1899-01-01	2006-12-31	H3260_v1_0	39353
2007-01-01	2007-12-31	H3260_v1_2	39353
2008-01-01	2009-12-31	H3260_v1_3	39353
2010-01-01	2011-12-31	H3260_v1_4	39353
2012-01-01	2015-12-31	H3260_v1_5	39353
2016-01-01	2017-12-31	H3260_v1_6	39353
2018-01-01	2018-12-31	H3260_v1_7	39353
1899-01-01	2006-12-31	H3260_v1_0	39354
2007-01-01	2007-12-31	H3260_v1_2	39354
2008-01-01	2009-12-31	H3260_v1_3	39354
2010-01-01	2011-12-31	H3260_v1_4	39354
2012-01-01	2015-12-31	H3260_v1_5	39354
2016-01-01	2017-12-31	H3260_v1_6	39354
2018-01-01	2018-12-31	H3260_v1_7	39354
1899-01-01	2006-12-31	H3260_v1_0	39355
2007-01-01	2007-12-31	H3260_v1_2	39355
2008-01-01	2009-12-31	H3260_v1_3	39355
2010-01-01	2011-12-31	H3260_v1_4	39355
2012-01-01	2015-12-31	H3260_v1_5	39355
2016-01-01	2017-12-31	H3260_v1_6	39355
2018-01-01	2018-12-31	H3260_v1_7	39355
1899-01-01	2006-12-31	H3260_v1_0	39356
2007-01-01	2007-12-31	H3260_v1_2	39356
2008-01-01	2009-12-31	H3260_v1_3	39356
2010-01-01	2011-12-31	H3260_v1_4	39356
2012-01-01	2015-12-31	H3260_v1_5	39356
2016-01-01	2017-12-31	H3260_v1_6	39356
2018-01-01	2018-12-31	H3260_v1_7	39356
1899-01-01	2006-12-31	H3260_v1_0	39357
2007-01-01	2007-12-31	H3260_v1_2	39357
2008-01-01	2009-12-31	H3260_v1_3	39357
2010-01-01	2011-12-31	H3260_v1_4	39357
2012-01-01	2015-12-31	H3260_v1_5	39357
2016-01-01	2017-12-31	H3260_v1_6	39357
2018-01-01	2018-12-31	H3260_v1_7	39357
1899-01-01	2006-12-31	H3260_v1_0	39358
2007-01-01	2007-12-31	H3260_v1_2	39358
2008-01-01	2009-12-31	H3260_v1_3	39358
2010-01-01	2011-12-31	H3260_v1_4	39358
2012-01-01	2015-12-31	H3260_v1_5	39358
2016-01-01	2017-12-31	H3260_v1_6	39358
2018-01-01	2018-12-31	H3260_v1_7	39358
1899-01-01	2006-12-31	H3260_v1_0	39359
2007-01-01	2007-12-31	H3260_v1_2	39359
2008-01-01	2009-12-31	H3260_v1_3	39359
2010-01-01	2011-12-31	H3260_v1_4	39359
2012-01-01	2015-12-31	H3260_v1_5	39359
2016-01-01	2017-12-31	H3260_v1_6	39359
2018-01-01	2018-12-31	H3260_v1_7	39359
1899-01-01	2006-12-31	H3260_v1_0	39360
2007-01-01	2007-12-31	H3260_v1_2	39360
2008-01-01	2009-12-31	H3260_v1_3	39360
2010-01-01	2011-12-31	H3260_v1_4	39360
2012-01-01	2015-12-31	H3260_v1_5	39360
2016-01-01	2017-12-31	H3260_v1_6	39360
2018-01-01	2018-12-31	H3260_v1_7	39360
1899-01-01	2006-12-31	H3260_v1_0	39361
2007-01-01	2007-12-31	H3260_v1_2	39361
2008-01-01	2009-12-31	H3260_v1_3	39361
2010-01-01	2011-12-31	H3260_v1_4	39361
2012-01-01	2015-12-31	H3260_v1_5	39361
2016-01-01	2017-12-31	H3260_v1_6	39361
2018-01-01	2018-12-31	H3260_v1_7	39361
1899-01-01	2006-12-31	H3260_v1_0	39362
2007-01-01	2007-12-31	H3260_v1_2	39362
2008-01-01	2009-12-31	H3260_v1_3	39362
2010-01-01	2011-12-31	H3260_v1_4	39362
2012-01-01	2015-12-31	H3260_v1_5	39362
2016-01-01	2017-12-31	H3260_v1_6	39362
2018-01-01	2018-12-31	H3260_v1_7	39362
1899-01-01	2006-12-31	H3260_v1_0	39363
2007-01-01	2007-12-31	H3260_v1_2	39363
2008-01-01	2009-12-31	H3260_v1_3	39363
2010-01-01	2011-12-31	H3260_v1_4	39363
2012-01-01	2015-12-31	H3260_v1_5	39363
2016-01-01	2017-12-31	H3260_v1_6	39363
2018-01-01	2018-12-31	H3260_v1_7	39363
1899-01-01	2006-12-31	H3260_v1_0	39364
2007-01-01	2007-12-31	H3260_v1_2	39364
2008-01-01	2009-12-31	H3260_v1_3	39364
2010-01-01	2011-12-31	H3260_v1_4	39364
2012-01-01	2015-12-31	H3260_v1_5	39364
2016-01-01	2017-12-31	H3260_v1_6	39364
2018-01-01	2018-12-31	H3260_v1_7	39364
1899-01-01	2006-12-31	H3260_v1_0	39365
2007-01-01	2007-12-31	H3260_v1_2	39365
2008-01-01	2009-12-31	H3260_v1_3	39365
2010-01-01	2011-12-31	H3260_v1_4	39365
2012-01-01	2015-12-31	H3260_v1_5	39365
2016-01-01	2017-12-31	H3260_v1_6	39365
2018-01-01	2018-12-31	H3260_v1_7	39365
1899-01-01	2006-12-31	H3260_v1_0	39366
2007-01-01	2007-12-31	H3260_v1_2	39366
2008-01-01	2009-12-31	H3260_v1_3	39366
2010-01-01	2011-12-31	H3260_v1_4	39366
2012-01-01	2015-12-31	H3260_v1_5	39366
2016-01-01	2017-12-31	H3260_v1_6	39366
2018-01-01	2018-12-31	H3260_v1_7	39366
1899-01-01	2006-12-31	H3260_v1_0	39367
2007-01-01	2007-12-31	H3260_v1_2	39367
2008-01-01	2009-12-31	H3260_v1_3	39367
2010-01-01	2011-12-31	H3260_v1_4	39367
2012-01-01	2015-12-31	H3260_v1_5	39367
2016-01-01	2017-12-31	H3260_v1_6	39367
2018-01-01	2018-12-31	H3260_v1_7	39367
1899-01-01	2006-12-31	H3260_v1_0	39368
2007-01-01	2007-12-31	H3260_v1_2	39368
2008-01-01	2009-12-31	H3260_v1_3	39368
2010-01-01	2011-12-31	H3260_v1_4	39368
2012-01-01	2015-12-31	H3260_v1_5	39368
2016-01-01	2017-12-31	H3260_v1_6	39368
2018-01-01	2018-12-31	H3260_v1_7	39368
1899-01-01	2006-12-31	H3260_v1_0	39369
2007-01-01	2007-12-31	H3260_v1_2	39369
2008-01-01	2009-12-31	H3260_v1_3	39369
2010-01-01	2011-12-31	H3260_v1_4	39369
2012-01-01	2015-12-31	H3260_v1_5	39369
2016-01-01	2017-12-31	H3260_v1_6	39369
2018-01-01	2018-12-31	H3260_v1_7	39369
1899-01-01	2006-12-31	H3260_v1_0	39370
2007-01-01	2007-12-31	H3260_v1_2	39370
2008-01-01	2009-12-31	H3260_v1_3	39370
2010-01-01	2011-12-31	H3260_v1_4	39370
2012-01-01	2015-12-31	H3260_v1_5	39370
2016-01-01	2017-12-31	H3260_v1_6	39370
2018-01-01	2018-12-31	H3260_v1_7	39370
1899-01-01	2006-12-31	H3260_v1_0	39371
2007-01-01	2007-12-31	H3260_v1_2	39371
2008-01-01	2009-12-31	H3260_v1_3	39371
2010-01-01	2011-12-31	H3260_v1_4	39371
2012-01-01	2015-12-31	H3260_v1_5	39371
2016-01-01	2017-12-31	H3260_v1_6	39371
2018-01-01	2018-12-31	H3260_v1_7	39371
2010-01-01	2011-12-31	H3260_v1_4	39372
2012-01-01	2015-12-31	H3260_v1_5	39372
2016-01-01	2017-12-31	H3260_v1_6	39372
2018-01-01	2018-12-31	H3260_v1_7	39372
2010-01-01	2011-12-31	H3260_v1_4	39373
2012-01-01	2015-12-31	H3260_v1_5	39373
2016-01-01	2017-12-31	H3260_v1_6	39373
2018-01-01	2018-12-31	H3260_v1_7	39373
2010-01-01	2011-12-31	H3260_v1_4	39374
2012-01-01	2015-12-31	H3260_v1_5	39374
2016-01-01	2017-12-31	H3260_v1_6	39374
2018-01-01	2018-12-31	H3260_v1_7	39374
2010-01-01	2011-12-31	H3260_v1_4	39375
2012-01-01	2015-12-31	H3260_v1_5	39375
2016-01-01	2017-12-31	H3260_v1_6	39375
2018-01-01	2018-12-31	H3260_v1_7	39375
2010-01-01	2011-12-31	H3260_v1_4	39376
2012-01-01	2015-12-31	H3260_v1_5	39376
2016-01-01	2017-12-31	H3260_v1_6	39376
2018-01-01	2018-12-31	H3260_v1_7	39376
2010-01-01	2011-12-31	H3260_v1_4	39377
2012-01-01	2015-12-31	H3260_v1_5	39377
2016-01-01	2017-12-31	H3260_v1_6	39377
2018-01-01	2018-12-31	H3260_v1_7	39377
2010-01-01	2011-12-31	H3260_v1_4	39378
2012-01-01	2015-12-31	H3260_v1_5	39378
2016-01-01	2017-12-31	H3260_v1_6	39378
2018-01-01	2018-12-31	H3260_v1_7	39378
2010-01-01	2011-12-31	H3260_v1_4	39379
2012-01-01	2015-12-31	H3260_v1_5	39379
2016-01-01	2017-12-31	H3260_v1_6	39379
2018-01-01	2018-12-31	H3260_v1_7	39379
2010-01-01	2011-12-31	H3260_v1_4	39380
2012-01-01	2015-12-31	H3260_v1_5	39380
2016-01-01	2017-12-31	H3260_v1_6	39380
2018-01-01	2018-12-31	H3260_v1_7	39380
2010-01-01	2011-12-31	H3260_v1_4	39381
2012-01-01	2015-12-31	H3260_v1_5	39381
2016-01-01	2017-12-31	H3260_v1_6	39381
2018-01-01	2018-12-31	H3260_v1_7	39381
2010-01-01	2011-12-31	H3260_v1_4	39382
2012-01-01	2015-12-31	H3260_v1_5	39382
2016-01-01	2017-12-31	H3260_v1_6	39382
2018-01-01	2018-12-31	H3260_v1_7	39382
2010-01-01	2011-12-31	H3260_v1_4	39383
2012-01-01	2015-12-31	H3260_v1_5	39383
2016-01-01	2017-12-31	H3260_v1_6	39383
2018-01-01	2018-12-31	H3260_v1_7	39383
2010-01-01	2011-12-31	H3260_v1_4	39384
2012-01-01	2015-12-31	H3260_v1_5	39384
2016-01-01	2017-12-31	H3260_v1_6	39384
2018-01-01	2018-12-31	H3260_v1_7	39384
2010-01-01	2011-12-31	H3260_v1_4	39385
2012-01-01	2015-12-31	H3260_v1_5	39385
2016-01-01	2017-12-31	H3260_v1_6	39385
2018-01-01	2018-12-31	H3260_v1_7	39385
2010-01-01	2011-12-31	H3260_v1_4	39386
2012-01-01	2015-12-31	H3260_v1_5	39386
2016-01-01	2017-12-31	H3260_v1_6	39386
2018-01-01	2018-12-31	H3260_v1_7	39386
2010-01-01	2011-12-31	H3260_v1_4	39387
2012-01-01	2015-12-31	H3260_v1_5	39387
2016-01-01	2017-12-31	H3260_v1_6	39387
2018-01-01	2018-12-31	H3260_v1_7	39387
2010-01-01	2011-12-31	H3260_v1_4	39388
2012-01-01	2015-12-31	H3260_v1_5	39388
2016-01-01	2017-12-31	H3260_v1_6	39388
2018-01-01	2018-12-31	H3260_v1_7	39388
2010-01-01	2011-12-31	H3260_v1_4	39389
2012-01-01	2015-12-31	H3260_v1_5	39389
2016-01-01	2017-12-31	H3260_v1_6	39389
2018-01-01	2018-12-31	H3260_v1_7	39389
2010-01-01	2011-12-31	H3260_v1_4	39390
2012-01-01	2015-12-31	H3260_v1_5	39390
2016-01-01	2017-12-31	H3260_v1_6	39390
2018-01-01	2018-12-31	H3260_v1_7	39390
2010-01-01	2011-12-31	H3260_v1_4	39391
2012-01-01	2015-12-31	H3260_v1_5	39391
2016-01-01	2017-12-31	H3260_v1_6	39391
2018-01-01	2018-12-31	H3260_v1_7	39391
2010-01-01	2011-12-31	H3260_v1_4	39392
2012-01-01	2015-12-31	H3260_v1_5	39392
2016-01-01	2017-12-31	H3260_v1_6	39392
2018-01-01	2018-12-31	H3260_v1_7	39392
2010-01-01	2011-12-31	H3260_v1_4	39393
2012-01-01	2015-12-31	H3260_v1_5	39393
2016-01-01	2017-12-31	H3260_v1_6	39393
2018-01-01	2018-12-31	H3260_v1_7	39393
2010-01-01	2011-12-31	H3260_v1_4	39394
2012-01-01	2015-12-31	H3260_v1_5	39394
2016-01-01	2017-12-31	H3260_v1_6	39394
2018-01-01	2018-12-31	H3260_v1_7	39394
2010-01-01	2011-12-31	H3260_v1_4	39395
2012-01-01	2015-12-31	H3260_v1_5	39395
2016-01-01	2017-12-31	H3260_v1_6	39395
2018-01-01	2018-12-31	H3260_v1_7	39395
2010-01-01	2011-12-31	H3260_v1_4	39396
2012-01-01	2015-12-31	H3260_v1_5	39396
2016-01-01	2017-12-31	H3260_v1_6	39396
2018-01-01	2018-12-31	H3260_v1_7	39396
2010-01-01	2011-12-31	H3260_v1_4	39397
2012-01-01	2015-12-31	H3260_v1_5	39397
2016-01-01	2017-12-31	H3260_v1_6	39397
2018-01-01	2018-12-31	H3260_v1_7	39397
2010-01-01	2011-12-31	H3260_v1_4	39398
2012-01-01	2015-12-31	H3260_v1_5	39398
2016-01-01	2017-12-31	H3260_v1_6	39398
2018-01-01	2018-12-31	H3260_v1_7	39398
2010-01-01	2011-12-31	H3260_v1_4	39399
2012-01-01	2015-12-31	H3260_v1_5	39399
2016-01-01	2017-12-31	H3260_v1_6	39399
2018-01-01	2018-12-31	H3260_v1_7	39399
2010-01-01	2011-12-31	H3260_v1_4	39400
2012-01-01	2015-12-31	H3260_v1_5	39400
2016-01-01	2017-12-31	H3260_v1_6	39400
2018-01-01	2018-12-31	H3260_v1_7	39400
2012-01-01	2015-12-31	H3260_v1_5	39401
2018-01-01	2018-12-31	H3260_v1_7	39401
2012-01-01	2015-12-31	H3260_v1_5	39402
2018-01-01	2018-12-31	H3260_v1_7	39402
2012-01-01	2015-12-31	H3260_v1_5	39403
2018-01-01	2018-12-31	H3260_v1_7	39403
2012-01-01	2015-12-31	H3260_v1_5	39404
2018-01-01	2018-12-31	H3260_v1_7	39404
2012-01-01	2015-12-31	H3260_v1_5	39405
2018-01-01	2018-12-31	H3260_v1_7	39405
2012-01-01	2015-12-31	H3260_v1_5	39406
2018-01-01	2018-12-31	H3260_v1_7	39406
2012-01-01	2015-12-31	H3260_v1_5	39407
2018-01-01	2018-12-31	H3260_v1_7	39407
2012-01-01	2015-12-31	H3260_v1_5	39408
2018-01-01	2018-12-31	H3260_v1_7	39408
2012-01-01	2015-12-31	H3260_v1_5	39409
2018-01-01	2018-12-31	H3260_v1_7	39409
2012-01-01	2015-12-31	H3260_v1_5	39410
2018-01-01	2018-12-31	H3260_v1_7	39410
2012-01-01	2015-12-31	H3260_v1_5	39411
2018-01-01	2018-12-31	H3260_v1_7	39411
2012-01-01	2015-12-31	H3260_v1_5	39412
2018-01-01	2018-12-31	H3260_v1_7	39412
2012-01-01	2015-12-31	H3260_v1_5	39413
2018-01-01	2018-12-31	H3260_v1_7	39413
2012-01-01	2015-12-31	H3260_v1_5	39414
2018-01-01	2018-12-31	H3260_v1_7	39414
2012-01-01	2015-12-31	H3260_v1_5	39415
2018-01-01	2018-12-31	H3260_v1_7	39415
2012-01-01	2015-12-31	H3260_v1_5	39416
2018-01-01	2018-12-31	H3260_v1_7	39416
2012-01-01	2015-12-31	H3260_v1_5	39417
2018-01-01	2018-12-31	H3260_v1_7	39417
2012-01-01	2015-12-31	H3260_v1_5	39418
2018-01-01	2018-12-31	H3260_v1_7	39418
2012-01-01	2015-12-31	H3260_v1_5	39419
2018-01-01	2018-12-31	H3260_v1_7	39419
2012-01-01	2015-12-31	H3260_v1_5	39420
2018-01-01	2018-12-31	H3260_v1_7	39420
2012-01-01	2015-12-31	H3260_v1_5	39421
2018-01-01	2018-12-31	H3260_v1_7	39421
2012-01-01	2015-12-31	H3260_v1_5	39422
2018-01-01	2018-12-31	H3260_v1_7	39422
2012-01-01	2015-12-31	H3260_v1_5	39423
2018-01-01	2018-12-31	H3260_v1_7	39423
2012-01-01	2015-12-31	H3260_v1_5	39424
2018-01-01	2018-12-31	H3260_v1_7	39424
1899-01-01	2006-12-31	H3260_v1_0	39425
2007-01-01	2007-12-31	H3260_v1_2	39425
2008-01-01	2009-12-31	H3260_v1_3	39425
2010-01-01	2011-12-31	H3260_v1_4	39425
2012-01-01	2015-12-31	H3260_v1_5	39425
2016-01-01	2017-12-31	H3260_v1_6	39425
2018-01-01	2018-12-31	H3260_v1_7	39425
1899-01-01	2006-12-31	H3260_v1_0	39426
2007-01-01	2007-12-31	H3260_v1_2	39426
2008-01-01	2009-12-31	H3260_v1_3	39426
2010-01-01	2011-12-31	H3260_v1_4	39426
2012-01-01	2015-12-31	H3260_v1_5	39426
2016-01-01	2017-12-31	H3260_v1_6	39426
2018-01-01	2018-12-31	H3260_v1_7	39426
1899-01-01	2006-12-31	H3260_v1_0	39427
2007-01-01	2007-12-31	H3260_v1_2	39427
2008-01-01	2009-12-31	H3260_v1_3	39427
2010-01-01	2011-12-31	H3260_v1_4	39427
2012-01-01	2015-12-31	H3260_v1_5	39427
2016-01-01	2017-12-31	H3260_v1_6	39427
2018-01-01	2018-12-31	H3260_v1_7	39427
1899-01-01	2006-12-31	H3260_v1_0	39428
2007-01-01	2007-12-31	H3260_v1_2	39428
2008-01-01	2009-12-31	H3260_v1_3	39428
2010-01-01	2011-12-31	H3260_v1_4	39428
2012-01-01	2015-12-31	H3260_v1_5	39428
2016-01-01	2017-12-31	H3260_v1_6	39428
2018-01-01	2018-12-31	H3260_v1_7	39428
1899-01-01	2006-12-31	H3260_v1_0	39429
2007-01-01	2007-12-31	H3260_v1_2	39429
2008-01-01	2009-12-31	H3260_v1_3	39429
2010-01-01	2011-12-31	H3260_v1_4	39429
2012-01-01	2015-12-31	H3260_v1_5	39429
2016-01-01	2017-12-31	H3260_v1_6	39429
2018-01-01	2018-12-31	H3260_v1_7	39429
1899-01-01	2006-12-31	H3260_v1_0	39430
2007-01-01	2007-12-31	H3260_v1_2	39430
2008-01-01	2009-12-31	H3260_v1_3	39430
2010-01-01	2011-12-31	H3260_v1_4	39430
2012-01-01	2015-12-31	H3260_v1_5	39430
2016-01-01	2017-12-31	H3260_v1_6	39430
2018-01-01	2018-12-31	H3260_v1_7	39430
1899-01-01	2006-12-31	H3260_v1_0	39431
2007-01-01	2007-12-31	H3260_v1_2	39431
2008-01-01	2009-12-31	H3260_v1_3	39431
2010-01-01	2011-12-31	H3260_v1_4	39431
2012-01-01	2015-12-31	H3260_v1_5	39431
2016-01-01	2017-12-31	H3260_v1_6	39431
2018-01-01	2018-12-31	H3260_v1_7	39431
1899-01-01	2006-12-31	H3260_v1_0	39432
2007-01-01	2007-12-31	H3260_v1_2	39432
2008-01-01	2009-12-31	H3260_v1_3	39432
2010-01-01	2011-12-31	H3260_v1_4	39432
2012-01-01	2015-12-31	H3260_v1_5	39432
2016-01-01	2017-12-31	H3260_v1_6	39432
2018-01-01	2018-12-31	H3260_v1_7	39432
1899-01-01	2006-12-31	H3260_v1_0	39433
2007-01-01	2007-12-31	H3260_v1_2	39433
2008-01-01	2009-12-31	H3260_v1_3	39433
2010-01-01	2011-12-31	H3260_v1_4	39433
2012-01-01	2015-12-31	H3260_v1_5	39433
2016-01-01	2017-12-31	H3260_v1_6	39433
2018-01-01	2018-12-31	H3260_v1_7	39433
1899-01-01	2006-12-31	H3260_v1_0	39434
2007-01-01	2007-12-31	H3260_v1_2	39434
2008-01-01	2009-12-31	H3260_v1_3	39434
2010-01-01	2011-12-31	H3260_v1_4	39434
2012-01-01	2015-12-31	H3260_v1_5	39434
2016-01-01	2017-12-31	H3260_v1_6	39434
2018-01-01	2018-12-31	H3260_v1_7	39434
1899-01-01	2006-12-31	H3260_v1_0	39435
2007-01-01	2007-12-31	H3260_v1_2	39435
2008-01-01	2009-12-31	H3260_v1_3	39435
2010-01-01	2011-12-31	H3260_v1_4	39435
2012-01-01	2015-12-31	H3260_v1_5	39435
2016-01-01	2017-12-31	H3260_v1_6	39435
2018-01-01	2018-12-31	H3260_v1_7	39435
1899-01-01	2006-12-31	H3260_v1_0	39436
2007-01-01	2007-12-31	H3260_v1_2	39436
2008-01-01	2009-12-31	H3260_v1_3	39436
2010-01-01	2011-12-31	H3260_v1_4	39436
2012-01-01	2015-12-31	H3260_v1_5	39436
2016-01-01	2017-12-31	H3260_v1_6	39436
2018-01-01	2018-12-31	H3260_v1_7	39436
1899-01-01	2006-12-31	H3260_v1_0	39437
2007-01-01	2007-12-31	H3260_v1_2	39437
2008-01-01	2009-12-31	H3260_v1_3	39437
2010-01-01	2011-12-31	H3260_v1_4	39437
2012-01-01	2015-12-31	H3260_v1_5	39437
2016-01-01	2017-12-31	H3260_v1_6	39437
2018-01-01	2018-12-31	H3260_v1_7	39437
1899-01-01	2006-12-31	H3260_v1_0	39438
2007-01-01	2007-12-31	H3260_v1_2	39438
2008-01-01	2009-12-31	H3260_v1_3	39438
2010-01-01	2011-12-31	H3260_v1_4	39438
2012-01-01	2015-12-31	H3260_v1_5	39438
2016-01-01	2017-12-31	H3260_v1_6	39438
2018-01-01	2018-12-31	H3260_v1_7	39438
1899-01-01	2006-12-31	H3260_v1_0	39439
2007-01-01	2007-12-31	H3260_v1_2	39439
2008-01-01	2009-12-31	H3260_v1_3	39439
2010-01-01	2011-12-31	H3260_v1_4	39439
2012-01-01	2015-12-31	H3260_v1_5	39439
2016-01-01	2017-12-31	H3260_v1_6	39439
2018-01-01	2018-12-31	H3260_v1_7	39439
1899-01-01	2006-12-31	H3260_v1_0	39440
2007-01-01	2007-12-31	H3260_v1_2	39440
2008-01-01	2009-12-31	H3260_v1_3	39440
2010-01-01	2011-12-31	H3260_v1_4	39440
2012-01-01	2015-12-31	H3260_v1_5	39440
2016-01-01	2017-12-31	H3260_v1_6	39440
2018-01-01	2018-12-31	H3260_v1_7	39440
1899-01-01	2006-12-31	H3260_v1_0	39441
2007-01-01	2007-12-31	H3260_v1_2	39441
2008-01-01	2009-12-31	H3260_v1_3	39441
2010-01-01	2011-12-31	H3260_v1_4	39441
2012-01-01	2015-12-31	H3260_v1_5	39441
2016-01-01	2017-12-31	H3260_v1_6	39441
2018-01-01	2018-12-31	H3260_v1_7	39441
1899-01-01	2006-12-31	H3260_v1_0	39442
2007-01-01	2007-12-31	H3260_v1_2	39442
2008-01-01	2009-12-31	H3260_v1_3	39442
2010-01-01	2011-12-31	H3260_v1_4	39442
2012-01-01	2015-12-31	H3260_v1_5	39442
2016-01-01	2017-12-31	H3260_v1_6	39442
2018-01-01	2018-12-31	H3260_v1_7	39442
1899-01-01	2006-12-31	H3260_v1_0	39443
2007-01-01	2007-12-31	H3260_v1_2	39443
2008-01-01	2009-12-31	H3260_v1_3	39443
2010-01-01	2011-12-31	H3260_v1_4	39443
2012-01-01	2015-12-31	H3260_v1_5	39443
2016-01-01	2017-12-31	H3260_v1_6	39443
2018-01-01	2018-12-31	H3260_v1_7	39443
1899-01-01	2006-12-31	H3260_v1_0	39444
2007-01-01	2007-12-31	H3260_v1_2	39444
2008-01-01	2009-12-31	H3260_v1_3	39444
2010-01-01	2011-12-31	H3260_v1_4	39444
2012-01-01	2015-12-31	H3260_v1_5	39444
2016-01-01	2017-12-31	H3260_v1_6	39444
2018-01-01	2018-12-31	H3260_v1_7	39444
1899-01-01	2006-12-31	H3260_v1_0	39445
2007-01-01	2007-12-31	H3260_v1_2	39445
2008-01-01	2009-12-31	H3260_v1_3	39445
2010-01-01	2011-12-31	H3260_v1_4	39445
2012-01-01	2015-12-31	H3260_v1_5	39445
2016-01-01	2017-12-31	H3260_v1_6	39445
2018-01-01	2018-12-31	H3260_v1_7	39445
1899-01-01	2006-12-31	H3260_v1_0	39446
2007-01-01	2007-12-31	H3260_v1_2	39446
2008-01-01	2009-12-31	H3260_v1_3	39446
2010-01-01	2011-12-31	H3260_v1_4	39446
2012-01-01	2015-12-31	H3260_v1_5	39446
2016-01-01	2017-12-31	H3260_v1_6	39446
2018-01-01	2018-12-31	H3260_v1_7	39446
1899-01-01	2006-12-31	H3260_v1_0	39447
2007-01-01	2007-12-31	H3260_v1_2	39447
2008-01-01	2009-12-31	H3260_v1_3	39447
2010-01-01	2011-12-31	H3260_v1_4	39447
2012-01-01	2015-12-31	H3260_v1_5	39447
2016-01-01	2017-12-31	H3260_v1_6	39447
2018-01-01	2018-12-31	H3260_v1_7	39447
1899-01-01	2006-12-31	H3260_v1_0	39448
2007-01-01	2007-12-31	H3260_v1_2	39448
2008-01-01	2009-12-31	H3260_v1_3	39448
2010-01-01	2011-12-31	H3260_v1_4	39448
2012-01-01	2015-12-31	H3260_v1_5	39448
2016-01-01	2017-12-31	H3260_v1_6	39448
2018-01-01	2018-12-31	H3260_v1_7	39448
1899-01-01	2006-12-31	H3260_v1_0	39449
2007-01-01	2007-12-31	H3260_v1_2	39449
2008-01-01	2009-12-31	H3260_v1_3	39449
2010-01-01	2011-12-31	H3260_v1_4	39449
2012-01-01	2015-12-31	H3260_v1_5	39449
2016-01-01	2017-12-31	H3260_v1_6	39449
2018-01-01	2018-12-31	H3260_v1_7	39449
1899-01-01	2006-12-31	H3260_v1_0	39450
2007-01-01	2007-12-31	H3260_v1_2	39450
2008-01-01	2009-12-31	H3260_v1_3	39450
2010-01-01	2011-12-31	H3260_v1_4	39450
2012-01-01	2015-12-31	H3260_v1_5	39450
2016-01-01	2017-12-31	H3260_v1_6	39450
2018-01-01	2018-12-31	H3260_v1_7	39450
1899-01-01	2006-12-31	H3260_v1_0	39451
2007-01-01	2007-12-31	H3260_v1_2	39451
2008-01-01	2009-12-31	H3260_v1_3	39451
2010-01-01	2011-12-31	H3260_v1_4	39451
2012-01-01	2015-12-31	H3260_v1_5	39451
2016-01-01	2017-12-31	H3260_v1_6	39451
2018-01-01	2018-12-31	H3260_v1_7	39451
1899-01-01	2006-12-31	H3260_v1_0	39452
2007-01-01	2007-12-31	H3260_v1_2	39452
2008-01-01	2009-12-31	H3260_v1_3	39452
2010-01-01	2011-12-31	H3260_v1_4	39452
2012-01-01	2015-12-31	H3260_v1_5	39452
2016-01-01	2017-12-31	H3260_v1_6	39452
2018-01-01	2018-12-31	H3260_v1_7	39452
1899-01-01	2006-12-31	H3260_v1_0	39453
2007-01-01	2007-12-31	H3260_v1_2	39453
2008-01-01	2009-12-31	H3260_v1_3	39453
2010-01-01	2011-12-31	H3260_v1_4	39453
2012-01-01	2015-12-31	H3260_v1_5	39453
2016-01-01	2017-12-31	H3260_v1_6	39453
2018-01-01	2018-12-31	H3260_v1_7	39453
1899-01-01	2006-12-31	H3260_v1_0	39454
2007-01-01	2007-12-31	H3260_v1_2	39454
2008-01-01	2009-12-31	H3260_v1_3	39454
2010-01-01	2011-12-31	H3260_v1_4	39454
2012-01-01	2015-12-31	H3260_v1_5	39454
2016-01-01	2017-12-31	H3260_v1_6	39454
2018-01-01	2018-12-31	H3260_v1_7	39454
1899-01-01	2006-12-31	H3260_v1_0	39455
2007-01-01	2007-12-31	H3260_v1_2	39455
2008-01-01	2009-12-31	H3260_v1_3	39455
2010-01-01	2011-12-31	H3260_v1_4	39455
2012-01-01	2015-12-31	H3260_v1_5	39455
2016-01-01	2017-12-31	H3260_v1_6	39455
2018-01-01	2018-12-31	H3260_v1_7	39455
1899-01-01	2006-12-31	H3260_v1_0	39456
2007-01-01	2007-12-31	H3260_v1_2	39456
2008-01-01	2009-12-31	H3260_v1_3	39456
2010-01-01	2011-12-31	H3260_v1_4	39456
2012-01-01	2015-12-31	H3260_v1_5	39456
2016-01-01	2017-12-31	H3260_v1_6	39456
2018-01-01	2018-12-31	H3260_v1_7	39456
1899-01-01	2006-12-31	H3260_v1_0	39457
2007-01-01	2007-12-31	H3260_v1_2	39457
2008-01-01	2009-12-31	H3260_v1_3	39457
2010-01-01	2011-12-31	H3260_v1_4	39457
2012-01-01	2015-12-31	H3260_v1_5	39457
2016-01-01	2017-12-31	H3260_v1_6	39457
2018-01-01	2018-12-31	H3260_v1_7	39457
1899-01-01	2006-12-31	H3260_v1_0	39458
2007-01-01	2007-12-31	H3260_v1_2	39458
2008-01-01	2009-12-31	H3260_v1_3	39458
2010-01-01	2011-12-31	H3260_v1_4	39458
2012-01-01	2015-12-31	H3260_v1_5	39458
2016-01-01	2017-12-31	H3260_v1_6	39458
2018-01-01	2018-12-31	H3260_v1_7	39458
1899-01-01	2006-12-31	H3260_v1_0	39459
2007-01-01	2007-12-31	H3260_v1_2	39459
2008-01-01	2009-12-31	H3260_v1_3	39459
2010-01-01	2011-12-31	H3260_v1_4	39459
2012-01-01	2015-12-31	H3260_v1_5	39459
2016-01-01	2017-12-31	H3260_v1_6	39459
2018-01-01	2018-12-31	H3260_v1_7	39459
1899-01-01	2006-12-31	H3260_v1_0	39460
2007-01-01	2007-12-31	H3260_v1_2	39460
2008-01-01	2009-12-31	H3260_v1_3	39460
2010-01-01	2011-12-31	H3260_v1_4	39460
2012-01-01	2015-12-31	H3260_v1_5	39460
2016-01-01	2017-12-31	H3260_v1_6	39460
2018-01-01	2018-12-31	H3260_v1_7	39460
1899-01-01	2006-12-31	H3260_v1_0	39461
2007-01-01	2007-12-31	H3260_v1_2	39461
2008-01-01	2009-12-31	H3260_v1_3	39461
2010-01-01	2011-12-31	H3260_v1_4	39461
2012-01-01	2015-12-31	H3260_v1_5	39461
2016-01-01	2017-12-31	H3260_v1_6	39461
2018-01-01	2018-12-31	H3260_v1_7	39461
1899-01-01	2006-12-31	H3260_v1_0	39462
2007-01-01	2007-12-31	H3260_v1_2	39462
2008-01-01	2009-12-31	H3260_v1_3	39462
2010-01-01	2011-12-31	H3260_v1_4	39462
2012-01-01	2015-12-31	H3260_v1_5	39462
2016-01-01	2017-12-31	H3260_v1_6	39462
2018-01-01	2018-12-31	H3260_v1_7	39462
1899-01-01	2006-12-31	H3260_v1_0	39463
2007-01-01	2007-12-31	H3260_v1_2	39463
2008-01-01	2009-12-31	H3260_v1_3	39463
2010-01-01	2011-12-31	H3260_v1_4	39463
2012-01-01	2015-12-31	H3260_v1_5	39463
2016-01-01	2017-12-31	H3260_v1_6	39463
2018-01-01	2018-12-31	H3260_v1_7	39463
1899-01-01	2006-12-31	H3260_v1_0	39464
2007-01-01	2007-12-31	H3260_v1_2	39464
2008-01-01	2009-12-31	H3260_v1_3	39464
2010-01-01	2011-12-31	H3260_v1_4	39464
2012-01-01	2015-12-31	H3260_v1_5	39464
2016-01-01	2017-12-31	H3260_v1_6	39464
2018-01-01	2018-12-31	H3260_v1_7	39464
1899-01-01	2006-12-31	H3260_v1_0	39465
2007-01-01	2007-12-31	H3260_v1_2	39465
2008-01-01	2009-12-31	H3260_v1_3	39465
2010-01-01	2011-12-31	H3260_v1_4	39465
2012-01-01	2015-12-31	H3260_v1_5	39465
2016-01-01	2017-12-31	H3260_v1_6	39465
2018-01-01	2018-12-31	H3260_v1_7	39465
1899-01-01	2006-12-31	H3260_v1_0	39466
2007-01-01	2007-12-31	H3260_v1_2	39466
2008-01-01	2009-12-31	H3260_v1_3	39466
2010-01-01	2011-12-31	H3260_v1_4	39466
2012-01-01	2015-12-31	H3260_v1_5	39466
2016-01-01	2017-12-31	H3260_v1_6	39466
2018-01-01	2018-12-31	H3260_v1_7	39466
1899-01-01	2006-12-31	H3260_v1_0	39467
2007-01-01	2007-12-31	H3260_v1_2	39467
2008-01-01	2009-12-31	H3260_v1_3	39467
2010-01-01	2011-12-31	H3260_v1_4	39467
2012-01-01	2015-12-31	H3260_v1_5	39467
2016-01-01	2017-12-31	H3260_v1_6	39467
2018-01-01	2018-12-31	H3260_v1_7	39467
1899-01-01	2006-12-31	H3260_v1_0	39468
2007-01-01	2007-12-31	H3260_v1_2	39468
2008-01-01	2009-12-31	H3260_v1_3	39468
2010-01-01	2011-12-31	H3260_v1_4	39468
2012-01-01	2015-12-31	H3260_v1_5	39468
2016-01-01	2017-12-31	H3260_v1_6	39468
2018-01-01	2018-12-31	H3260_v1_7	39468
1899-01-01	2006-12-31	H3260_v1_0	39469
2007-01-01	2007-12-31	H3260_v1_2	39469
2008-01-01	2009-12-31	H3260_v1_3	39469
2010-01-01	2011-12-31	H3260_v1_4	39469
2012-01-01	2015-12-31	H3260_v1_5	39469
2016-01-01	2017-12-31	H3260_v1_6	39469
2018-01-01	2018-12-31	H3260_v1_7	39469
1899-01-01	2006-12-31	H3260_v1_0	39470
2007-01-01	2007-12-31	H3260_v1_2	39470
2008-01-01	2009-12-31	H3260_v1_3	39470
2010-01-01	2011-12-31	H3260_v1_4	39470
2012-01-01	2015-12-31	H3260_v1_5	39470
2016-01-01	2017-12-31	H3260_v1_6	39470
2018-01-01	2018-12-31	H3260_v1_7	39470
1899-01-01	2006-12-31	H3260_v1_0	39471
2007-01-01	2007-12-31	H3260_v1_2	39471
2008-01-01	2009-12-31	H3260_v1_3	39471
2010-01-01	2011-12-31	H3260_v1_4	39471
2012-01-01	2015-12-31	H3260_v1_5	39471
2016-01-01	2017-12-31	H3260_v1_6	39471
2018-01-01	2018-12-31	H3260_v1_7	39471
1899-01-01	2006-12-31	H3260_v1_0	39472
2007-01-01	2007-12-31	H3260_v1_2	39472
2008-01-01	2009-12-31	H3260_v1_3	39472
2010-01-01	2011-12-31	H3260_v1_4	39472
2012-01-01	2015-12-31	H3260_v1_5	39472
2016-01-01	2017-12-31	H3260_v1_6	39472
2018-01-01	2018-12-31	H3260_v1_7	39472
1899-01-01	2006-12-31	H3260_v1_0	39473
2007-01-01	2007-12-31	H3260_v1_2	39473
2008-01-01	2009-12-31	H3260_v1_3	39473
2010-01-01	2011-12-31	H3260_v1_4	39473
2012-01-01	2015-12-31	H3260_v1_5	39473
2016-01-01	2017-12-31	H3260_v1_6	39473
2018-01-01	2018-12-31	H3260_v1_7	39473
1899-01-01	2006-12-31	H3260_v1_0	39474
2007-01-01	2007-12-31	H3260_v1_2	39474
2008-01-01	2009-12-31	H3260_v1_3	39474
2010-01-01	2011-12-31	H3260_v1_4	39474
2012-01-01	2015-12-31	H3260_v1_5	39474
2016-01-01	2017-12-31	H3260_v1_6	39474
2018-01-01	2018-12-31	H3260_v1_7	39474
1899-01-01	2006-12-31	H3260_v1_0	39475
2007-01-01	2007-12-31	H3260_v1_2	39475
2008-01-01	2009-12-31	H3260_v1_3	39475
2010-01-01	2011-12-31	H3260_v1_4	39475
2012-01-01	2015-12-31	H3260_v1_5	39475
2016-01-01	2017-12-31	H3260_v1_6	39475
2018-01-01	2018-12-31	H3260_v1_7	39475
1899-01-01	2006-12-31	H3260_v1_0	39476
2007-01-01	2007-12-31	H3260_v1_2	39476
2008-01-01	2009-12-31	H3260_v1_3	39476
2010-01-01	2011-12-31	H3260_v1_4	39476
2012-01-01	2015-12-31	H3260_v1_5	39476
2016-01-01	2017-12-31	H3260_v1_6	39476
2018-01-01	2018-12-31	H3260_v1_7	39476
1899-01-01	2006-12-31	H3260_v1_0	39477
2007-01-01	2007-12-31	H3260_v1_2	39477
2008-01-01	2009-12-31	H3260_v1_3	39477
2010-01-01	2011-12-31	H3260_v1_4	39477
2012-01-01	2015-12-31	H3260_v1_5	39477
2016-01-01	2017-12-31	H3260_v1_6	39477
2018-01-01	2018-12-31	H3260_v1_7	39477
1899-01-01	2006-12-31	H3260_v1_0	39478
2007-01-01	2007-12-31	H3260_v1_2	39478
2008-01-01	2009-12-31	H3260_v1_3	39478
2010-01-01	2011-12-31	H3260_v1_4	39478
2012-01-01	2015-12-31	H3260_v1_5	39478
2016-01-01	2017-12-31	H3260_v1_6	39478
2018-01-01	2018-12-31	H3260_v1_7	39478
1899-01-01	2006-12-31	H3260_v1_0	39479
2007-01-01	2007-12-31	H3260_v1_2	39479
2008-01-01	2009-12-31	H3260_v1_3	39479
2010-01-01	2011-12-31	H3260_v1_4	39479
2012-01-01	2015-12-31	H3260_v1_5	39479
2016-01-01	2017-12-31	H3260_v1_6	39479
2018-01-01	2018-12-31	H3260_v1_7	39479
1899-01-01	2006-12-31	H3260_v1_0	39480
2007-01-01	2007-12-31	H3260_v1_2	39480
2008-01-01	2009-12-31	H3260_v1_3	39480
2010-01-01	2011-12-31	H3260_v1_4	39480
2012-01-01	2015-12-31	H3260_v1_5	39480
2016-01-01	2017-12-31	H3260_v1_6	39480
2018-01-01	2018-12-31	H3260_v1_7	39480
1899-01-01	2006-12-31	H3260_v1_0	39481
2007-01-01	2007-12-31	H3260_v1_2	39481
2008-01-01	2009-12-31	H3260_v1_3	39481
2010-01-01	2011-12-31	H3260_v1_4	39481
2012-01-01	2015-12-31	H3260_v1_5	39481
2016-01-01	2017-12-31	H3260_v1_6	39481
2018-01-01	2018-12-31	H3260_v1_7	39481
1899-01-01	2006-12-31	H3260_v1_0	39482
2007-01-01	2007-12-31	H3260_v1_2	39482
2008-01-01	2009-12-31	H3260_v1_3	39482
2010-01-01	2011-12-31	H3260_v1_4	39482
2012-01-01	2015-12-31	H3260_v1_5	39482
2016-01-01	2017-12-31	H3260_v1_6	39482
2018-01-01	2018-12-31	H3260_v1_7	39482
1899-01-01	2006-12-31	H3260_v1_0	39483
2007-01-01	2007-12-31	H3260_v1_2	39483
2008-01-01	2009-12-31	H3260_v1_3	39483
2010-01-01	2011-12-31	H3260_v1_4	39483
2012-01-01	2015-12-31	H3260_v1_5	39483
2016-01-01	2017-12-31	H3260_v1_6	39483
2018-01-01	2018-12-31	H3260_v1_7	39483
1899-01-01	2006-12-31	H3260_v1_0	39484
2007-01-01	2007-12-31	H3260_v1_2	39484
2008-01-01	2009-12-31	H3260_v1_3	39484
2010-01-01	2011-12-31	H3260_v1_4	39484
2012-01-01	2015-12-31	H3260_v1_5	39484
2016-01-01	2017-12-31	H3260_v1_6	39484
2018-01-01	2018-12-31	H3260_v1_7	39484
1899-01-01	2006-12-31	H3260_v1_0	39485
2007-01-01	2007-12-31	H3260_v1_2	39485
2008-01-01	2009-12-31	H3260_v1_3	39485
2010-01-01	2011-12-31	H3260_v1_4	39485
2012-01-01	2015-12-31	H3260_v1_5	39485
2016-01-01	2017-12-31	H3260_v1_6	39485
2018-01-01	2018-12-31	H3260_v1_7	39485
1899-01-01	2006-12-31	H3260_v1_0	39486
2007-01-01	2007-12-31	H3260_v1_2	39486
2008-01-01	2009-12-31	H3260_v1_3	39486
2010-01-01	2011-12-31	H3260_v1_4	39486
2012-01-01	2015-12-31	H3260_v1_5	39486
2016-01-01	2017-12-31	H3260_v1_6	39486
2018-01-01	2018-12-31	H3260_v1_7	39486
1899-01-01	2006-12-31	H3260_v1_0	39487
2007-01-01	2007-12-31	H3260_v1_2	39487
2008-01-01	2009-12-31	H3260_v1_3	39487
2010-01-01	2011-12-31	H3260_v1_4	39487
2012-01-01	2015-12-31	H3260_v1_5	39487
2016-01-01	2017-12-31	H3260_v1_6	39487
2018-01-01	2018-12-31	H3260_v1_7	39487
1899-01-01	2006-12-31	H3260_v1_0	39488
2007-01-01	2007-12-31	H3260_v1_2	39488
2008-01-01	2009-12-31	H3260_v1_3	39488
2010-01-01	2011-12-31	H3260_v1_4	39488
2012-01-01	2015-12-31	H3260_v1_5	39488
2016-01-01	2017-12-31	H3260_v1_6	39488
2018-01-01	2018-12-31	H3260_v1_7	39488
1899-01-01	2006-12-31	H3260_v1_0	39489
2007-01-01	2007-12-31	H3260_v1_2	39489
2008-01-01	2009-12-31	H3260_v1_3	39489
2010-01-01	2011-12-31	H3260_v1_4	39489
2012-01-01	2015-12-31	H3260_v1_5	39489
2016-01-01	2017-12-31	H3260_v1_6	39489
2018-01-01	2018-12-31	H3260_v1_7	39489
1899-01-01	2006-12-31	H3260_v1_0	39490
2007-01-01	2007-12-31	H3260_v1_2	39490
2008-01-01	2009-12-31	H3260_v1_3	39490
2010-01-01	2011-12-31	H3260_v1_4	39490
2012-01-01	2015-12-31	H3260_v1_5	39490
2016-01-01	2017-12-31	H3260_v1_6	39490
2018-01-01	2018-12-31	H3260_v1_7	39490
1899-01-01	2006-12-31	H3260_v1_0	39491
2007-01-01	2007-12-31	H3260_v1_2	39491
2008-01-01	2009-12-31	H3260_v1_3	39491
2010-01-01	2011-12-31	H3260_v1_4	39491
2012-01-01	2015-12-31	H3260_v1_5	39491
2016-01-01	2017-12-31	H3260_v1_6	39491
2018-01-01	2018-12-31	H3260_v1_7	39491
1899-01-01	2006-12-31	H3260_v1_0	39492
2007-01-01	2007-12-31	H3260_v1_2	39492
2008-01-01	2009-12-31	H3260_v1_3	39492
2010-01-01	2011-12-31	H3260_v1_4	39492
2012-01-01	2015-12-31	H3260_v1_5	39492
2016-01-01	2017-12-31	H3260_v1_6	39492
2018-01-01	2018-12-31	H3260_v1_7	39492
1899-01-01	2006-12-31	H3260_v1_0	39493
2007-01-01	2007-12-31	H3260_v1_2	39493
2008-01-01	2009-12-31	H3260_v1_3	39493
2010-01-01	2011-12-31	H3260_v1_4	39493
2012-01-01	2015-12-31	H3260_v1_5	39493
2016-01-01	2017-12-31	H3260_v1_6	39493
2018-01-01	2018-12-31	H3260_v1_7	39493
1899-01-01	2006-12-31	H3260_v1_0	39494
2007-01-01	2007-12-31	H3260_v1_2	39494
2008-01-01	2009-12-31	H3260_v1_3	39494
2010-01-01	2011-12-31	H3260_v1_4	39494
2012-01-01	2015-12-31	H3260_v1_5	39494
2016-01-01	2017-12-31	H3260_v1_6	39494
2018-01-01	2018-12-31	H3260_v1_7	39494
2010-01-01	2011-12-31	H3260_v1_4	39495
2012-01-01	2015-12-31	H3260_v1_5	39495
2016-01-01	2017-12-31	H3260_v1_6	39495
2018-01-01	2018-12-31	H3260_v1_7	39495
2010-01-01	2011-12-31	H3260_v1_4	39496
2012-01-01	2015-12-31	H3260_v1_5	39496
2016-01-01	2017-12-31	H3260_v1_6	39496
2018-01-01	2018-12-31	H3260_v1_7	39496
2010-01-01	2011-12-31	H3260_v1_4	39497
2012-01-01	2015-12-31	H3260_v1_5	39497
2016-01-01	2017-12-31	H3260_v1_6	39497
2018-01-01	2018-12-31	H3260_v1_7	39497
2010-01-01	2011-12-31	H3260_v1_4	39498
2012-01-01	2015-12-31	H3260_v1_5	39498
2016-01-01	2017-12-31	H3260_v1_6	39498
2018-01-01	2018-12-31	H3260_v1_7	39498
2010-01-01	2011-12-31	H3260_v1_4	39499
2012-01-01	2015-12-31	H3260_v1_5	39499
2016-01-01	2017-12-31	H3260_v1_6	39499
2018-01-01	2018-12-31	H3260_v1_7	39499
2010-01-01	2011-12-31	H3260_v1_4	39500
2012-01-01	2015-12-31	H3260_v1_5	39500
2016-01-01	2017-12-31	H3260_v1_6	39500
2018-01-01	2018-12-31	H3260_v1_7	39500
2010-01-01	2011-12-31	H3260_v1_4	39501
2012-01-01	2015-12-31	H3260_v1_5	39501
2016-01-01	2017-12-31	H3260_v1_6	39501
2018-01-01	2018-12-31	H3260_v1_7	39501
2010-01-01	2011-12-31	H3260_v1_4	39502
2012-01-01	2015-12-31	H3260_v1_5	39502
2016-01-01	2017-12-31	H3260_v1_6	39502
2018-01-01	2018-12-31	H3260_v1_7	39502
2010-01-01	2011-12-31	H3260_v1_4	39503
2012-01-01	2015-12-31	H3260_v1_5	39503
2016-01-01	2017-12-31	H3260_v1_6	39503
2018-01-01	2018-12-31	H3260_v1_7	39503
2010-01-01	2011-12-31	H3260_v1_4	39504
2012-01-01	2015-12-31	H3260_v1_5	39504
2016-01-01	2017-12-31	H3260_v1_6	39504
2018-01-01	2018-12-31	H3260_v1_7	39504
2010-01-01	2011-12-31	H3260_v1_4	39913
2016-01-01	2017-12-31	H3260_v1_6	39913
2010-01-01	2011-12-31	H3260_v1_4	39914
2016-01-01	2017-12-31	H3260_v1_6	39914
2010-01-01	2011-12-31	H3260_v1_4	39950
2016-01-01	2017-12-31	H3260_v1_6	39950
2010-01-01	2011-12-31	H3260_v1_4	39951
2016-01-01	2017-12-31	H3260_v1_6	39951
2010-01-01	2011-12-31	H3260_v1_4	39960
2016-01-01	2017-12-31	H3260_v1_6	39960
2010-01-01	2011-12-31	H3260_v1_4	39961
2016-01-01	2017-12-31	H3260_v1_6	39961
2007-01-01	2007-12-31	H3260_v1_2	40002
2008-01-01	2009-12-31	H3260_v1_3	40002
2010-01-01	2011-12-31	H3260_v1_4	40002
2012-01-01	2015-12-31	H3260_v1_5	40002
2016-01-01	2017-12-31	H3260_v1_6	40002
2018-01-01	2018-12-31	H3260_v1_7	40002
2007-01-01	2007-12-31	H3260_v1_2	40003
2008-01-01	2009-12-31	H3260_v1_3	40003
2010-01-01	2011-12-31	H3260_v1_4	40003
2012-01-01	2015-12-31	H3260_v1_5	40003
2016-01-01	2017-12-31	H3260_v1_6	40003
2018-01-01	2018-12-31	H3260_v1_7	40003
2007-01-01	2007-12-31	H3260_v1_2	40004
2008-01-01	2009-12-31	H3260_v1_3	40004
2010-01-01	2011-12-31	H3260_v1_4	40004
2012-01-01	2015-12-31	H3260_v1_5	40004
2016-01-01	2017-12-31	H3260_v1_6	40004
2018-01-01	2018-12-31	H3260_v1_7	40004
2007-01-01	2007-12-31	H3260_v1_2	40005
2008-01-01	2009-12-31	H3260_v1_3	40005
2010-01-01	2011-12-31	H3260_v1_4	40005
2012-01-01	2015-12-31	H3260_v1_5	40005
2016-01-01	2017-12-31	H3260_v1_6	40005
2018-01-01	2018-12-31	H3260_v1_7	40005
2007-01-01	2007-12-31	H3260_v1_2	40006
2008-01-01	2009-12-31	H3260_v1_3	40006
2010-01-01	2011-12-31	H3260_v1_4	40006
2012-01-01	2015-12-31	H3260_v1_5	40006
2016-01-01	2017-12-31	H3260_v1_6	40006
2018-01-01	2018-12-31	H3260_v1_7	40006
2007-01-01	2007-12-31	H3260_v1_2	40007
2008-01-01	2009-12-31	H3260_v1_3	40007
2010-01-01	2011-12-31	H3260_v1_4	40007
2012-01-01	2015-12-31	H3260_v1_5	40007
2016-01-01	2017-12-31	H3260_v1_6	40007
2018-01-01	2018-12-31	H3260_v1_7	40007
2007-01-01	2007-12-31	H3260_v1_2	40008
2008-01-01	2009-12-31	H3260_v1_3	40008
2010-01-01	2011-12-31	H3260_v1_4	40008
2012-01-01	2015-12-31	H3260_v1_5	40008
2016-01-01	2017-12-31	H3260_v1_6	40008
2018-01-01	2018-12-31	H3260_v1_7	40008
2007-01-01	2007-12-31	H3260_v1_2	40009
2008-01-01	2009-12-31	H3260_v1_3	40009
2010-01-01	2011-12-31	H3260_v1_4	40009
2012-01-01	2015-12-31	H3260_v1_5	40009
2016-01-01	2017-12-31	H3260_v1_6	40009
2018-01-01	2018-12-31	H3260_v1_7	40009
2007-01-01	2007-12-31	H3260_v1_2	40010
2008-01-01	2009-12-31	H3260_v1_3	40010
2010-01-01	2011-12-31	H3260_v1_4	40010
2012-01-01	2015-12-31	H3260_v1_5	40010
2016-01-01	2017-12-31	H3260_v1_6	40010
2018-01-01	2018-12-31	H3260_v1_7	40010
2007-01-01	2007-12-31	H3260_v1_2	40011
2008-01-01	2009-12-31	H3260_v1_3	40011
2010-01-01	2011-12-31	H3260_v1_4	40011
2012-01-01	2015-12-31	H3260_v1_5	40011
2016-01-01	2017-12-31	H3260_v1_6	40011
2018-01-01	2018-12-31	H3260_v1_7	40011
2007-01-01	2007-12-31	H3260_v1_2	40012
2008-01-01	2009-12-31	H3260_v1_3	40012
2010-01-01	2011-12-31	H3260_v1_4	40012
2012-01-01	2015-12-31	H3260_v1_5	40012
2016-01-01	2017-12-31	H3260_v1_6	40012
2018-01-01	2018-12-31	H3260_v1_7	40012
1899-01-01	2006-12-31	H3260_v1_0	40013
2007-01-01	2007-12-31	H3260_v1_2	40013
2008-01-01	2009-12-31	H3260_v1_3	40013
2010-01-01	2011-12-31	H3260_v1_4	40013
2012-01-01	2015-12-31	H3260_v1_5	40013
2016-01-01	2017-12-31	H3260_v1_6	40013
2018-01-01	2018-12-31	H3260_v1_7	40013
1899-01-01	2006-12-31	H3260_v1_0	40014
2007-01-01	2007-12-31	H3260_v1_2	40014
2008-01-01	2009-12-31	H3260_v1_3	40014
2010-01-01	2011-12-31	H3260_v1_4	40014
2012-01-01	2015-12-31	H3260_v1_5	40014
2016-01-01	2017-12-31	H3260_v1_6	40014
2018-01-01	2018-12-31	H3260_v1_7	40014
1899-01-01	2006-12-31	H3260_v1_0	40015
2007-01-01	2007-12-31	H3260_v1_2	40015
2008-01-01	2009-12-31	H3260_v1_3	40015
2010-01-01	2011-12-31	H3260_v1_4	40015
2012-01-01	2015-12-31	H3260_v1_5	40015
2016-01-01	2017-12-31	H3260_v1_6	40015
2018-01-01	2018-12-31	H3260_v1_7	40015
1899-01-01	2006-12-31	H3260_v1_0	40016
2007-01-01	2007-12-31	H3260_v1_2	40016
2008-01-01	2009-12-31	H3260_v1_3	40016
2010-01-01	2011-12-31	H3260_v1_4	40016
2012-01-01	2015-12-31	H3260_v1_5	40016
2016-01-01	2017-12-31	H3260_v1_6	40016
2018-01-01	2018-12-31	H3260_v1_7	40016
1899-01-01	2006-12-31	H3260_v1_0	40017
2007-01-01	2007-12-31	H3260_v1_2	40017
2008-01-01	2009-12-31	H3260_v1_3	40017
2010-01-01	2011-12-31	H3260_v1_4	40017
2012-01-01	2015-12-31	H3260_v1_5	40017
2016-01-01	2017-12-31	H3260_v1_6	40017
2018-01-01	2018-12-31	H3260_v1_7	40017
1899-01-01	2006-12-31	H3260_v1_0	40018
2007-01-01	2007-12-31	H3260_v1_2	40018
2008-01-01	2009-12-31	H3260_v1_3	40018
2010-01-01	2011-12-31	H3260_v1_4	40018
2012-01-01	2015-12-31	H3260_v1_5	40018
2016-01-01	2017-12-31	H3260_v1_6	40018
2018-01-01	2018-12-31	H3260_v1_7	40018
1899-01-01	2006-12-31	H3260_v1_0	40019
2007-01-01	2007-12-31	H3260_v1_2	40019
2008-01-01	2009-12-31	H3260_v1_3	40019
2010-01-01	2011-12-31	H3260_v1_4	40019
2012-01-01	2015-12-31	H3260_v1_5	40019
2016-01-01	2017-12-31	H3260_v1_6	40019
2018-01-01	2018-12-31	H3260_v1_7	40019
1899-01-01	2006-12-31	H3260_v1_0	40020
2007-01-01	2007-12-31	H3260_v1_2	40020
2008-01-01	2009-12-31	H3260_v1_3	40020
2010-01-01	2011-12-31	H3260_v1_4	40020
2012-01-01	2015-12-31	H3260_v1_5	40020
2016-01-01	2017-12-31	H3260_v1_6	40020
2018-01-01	2018-12-31	H3260_v1_7	40020
1899-01-01	2006-12-31	H3260_v1_0	40021
2007-01-01	2007-12-31	H3260_v1_2	40021
2008-01-01	2009-12-31	H3260_v1_3	40021
2010-01-01	2011-12-31	H3260_v1_4	40021
2012-01-01	2015-12-31	H3260_v1_5	40021
2016-01-01	2017-12-31	H3260_v1_6	40021
2018-01-01	2018-12-31	H3260_v1_7	40021
1899-01-01	2006-12-31	H3260_v1_0	40022
2007-01-01	2007-12-31	H3260_v1_2	40022
2008-01-01	2009-12-31	H3260_v1_3	40022
2010-01-01	2011-12-31	H3260_v1_4	40022
2012-01-01	2015-12-31	H3260_v1_5	40022
2016-01-01	2017-12-31	H3260_v1_6	40022
2018-01-01	2018-12-31	H3260_v1_7	40022
1899-01-01	2006-12-31	H3260_v1_0	40023
2007-01-01	2007-12-31	H3260_v1_2	40023
2008-01-01	2009-12-31	H3260_v1_3	40023
2010-01-01	2011-12-31	H3260_v1_4	40023
2012-01-01	2015-12-31	H3260_v1_5	40023
2016-01-01	2017-12-31	H3260_v1_6	40023
2018-01-01	2018-12-31	H3260_v1_7	40023
1899-01-01	2006-12-31	H3260_v1_0	40024
2007-01-01	2007-12-31	H3260_v1_2	40024
2008-01-01	2009-12-31	H3260_v1_3	40024
2010-01-01	2011-12-31	H3260_v1_4	40024
2012-01-01	2015-12-31	H3260_v1_5	40024
2016-01-01	2017-12-31	H3260_v1_6	40024
2018-01-01	2018-12-31	H3260_v1_7	40024
1899-01-01	2006-12-31	H3260_v1_0	40025
2007-01-01	2007-12-31	H3260_v1_2	40025
2008-01-01	2009-12-31	H3260_v1_3	40025
2010-01-01	2011-12-31	H3260_v1_4	40025
2012-01-01	2015-12-31	H3260_v1_5	40025
2016-01-01	2017-12-31	H3260_v1_6	40025
2018-01-01	2018-12-31	H3260_v1_7	40025
1899-01-01	2006-12-31	H3260_v1_0	40026
2007-01-01	2007-12-31	H3260_v1_2	40026
2008-01-01	2009-12-31	H3260_v1_3	40026
2010-01-01	2011-12-31	H3260_v1_4	40026
2012-01-01	2015-12-31	H3260_v1_5	40026
2016-01-01	2017-12-31	H3260_v1_6	40026
2018-01-01	2018-12-31	H3260_v1_7	40026
1899-01-01	2006-12-31	H3260_v1_0	40027
2007-01-01	2007-12-31	H3260_v1_2	40027
2008-01-01	2009-12-31	H3260_v1_3	40027
2010-01-01	2011-12-31	H3260_v1_4	40027
2012-01-01	2015-12-31	H3260_v1_5	40027
2016-01-01	2017-12-31	H3260_v1_6	40027
2018-01-01	2018-12-31	H3260_v1_7	40027
1899-01-01	2006-12-31	H3260_v1_0	40028
2007-01-01	2007-12-31	H3260_v1_2	40028
2008-01-01	2009-12-31	H3260_v1_3	40028
2010-01-01	2011-12-31	H3260_v1_4	40028
2012-01-01	2015-12-31	H3260_v1_5	40028
2016-01-01	2017-12-31	H3260_v1_6	40028
2018-01-01	2018-12-31	H3260_v1_7	40028
2007-01-01	2007-12-31	H3260_v1_2	40029
2008-01-01	2009-12-31	H3260_v1_3	40029
2010-01-01	2011-12-31	H3260_v1_4	40029
2012-01-01	2015-12-31	H3260_v1_5	40029
2016-01-01	2017-12-31	H3260_v1_6	40029
2018-01-01	2018-12-31	H3260_v1_7	40029
2007-01-01	2007-12-31	H3260_v1_2	40030
2008-01-01	2009-12-31	H3260_v1_3	40030
2010-01-01	2011-12-31	H3260_v1_4	40030
2012-01-01	2015-12-31	H3260_v1_5	40030
2016-01-01	2017-12-31	H3260_v1_6	40030
2018-01-01	2018-12-31	H3260_v1_7	40030
2007-01-01	2007-12-31	H3260_v1_2	40031
2008-01-01	2009-12-31	H3260_v1_3	40031
2010-01-01	2011-12-31	H3260_v1_4	40031
2012-01-01	2015-12-31	H3260_v1_5	40031
2016-01-01	2017-12-31	H3260_v1_6	40031
2018-01-01	2018-12-31	H3260_v1_7	40031
2007-01-01	2007-12-31	H3260_v1_2	40032
2008-01-01	2009-12-31	H3260_v1_3	40032
2010-01-01	2011-12-31	H3260_v1_4	40032
2012-01-01	2015-12-31	H3260_v1_5	40032
2016-01-01	2017-12-31	H3260_v1_6	40032
2018-01-01	2018-12-31	H3260_v1_7	40032
2007-01-01	2007-12-31	H3260_v1_2	40033
2008-01-01	2009-12-31	H3260_v1_3	40033
2010-01-01	2011-12-31	H3260_v1_4	40033
2012-01-01	2015-12-31	H3260_v1_5	40033
2016-01-01	2017-12-31	H3260_v1_6	40033
2018-01-01	2018-12-31	H3260_v1_7	40033
2007-01-01	2007-12-31	H3260_v1_2	40034
2008-01-01	2009-12-31	H3260_v1_3	40034
2010-01-01	2011-12-31	H3260_v1_4	40034
2012-01-01	2015-12-31	H3260_v1_5	40034
2016-01-01	2017-12-31	H3260_v1_6	40034
2018-01-01	2018-12-31	H3260_v1_7	40034
2007-01-01	2007-12-31	H3260_v1_2	40035
2008-01-01	2009-12-31	H3260_v1_3	40035
2010-01-01	2011-12-31	H3260_v1_4	40035
2012-01-01	2015-12-31	H3260_v1_5	40035
2016-01-01	2017-12-31	H3260_v1_6	40035
2018-01-01	2018-12-31	H3260_v1_7	40035
1899-01-01	2006-12-31	H3260_v1_0	40168
2007-01-01	2007-12-31	H3260_v1_2	40168
2008-01-01	2009-12-31	H3260_v1_3	40168
2010-01-01	2011-12-31	H3260_v1_4	40168
2016-01-01	2017-12-31	H3260_v1_6	40168
1899-01-01	2006-12-31	H3260_v1_0	40169
2007-01-01	2007-12-31	H3260_v1_2	40169
2008-01-01	2009-12-31	H3260_v1_3	40169
2010-01-01	2011-12-31	H3260_v1_4	40169
2016-01-01	2017-12-31	H3260_v1_6	40169
1899-01-01	2006-12-31	H3260_v1_0	40170
2007-01-01	2007-12-31	H3260_v1_2	40170
2008-01-01	2009-12-31	H3260_v1_3	40170
2010-01-01	2011-12-31	H3260_v1_4	40170
2016-01-01	2017-12-31	H3260_v1_6	40170
1899-01-01	2006-12-31	H3260_v1_0	40171
2007-01-01	2007-12-31	H3260_v1_2	40171
2008-01-01	2009-12-31	H3260_v1_3	40171
2010-01-01	2011-12-31	H3260_v1_4	40171
2016-01-01	2017-12-31	H3260_v1_6	40171
1899-01-01	2006-12-31	H3260_v1_0	40172
2007-01-01	2007-12-31	H3260_v1_2	40172
2008-01-01	2009-12-31	H3260_v1_3	40172
2010-01-01	2011-12-31	H3260_v1_4	40172
2016-01-01	2017-12-31	H3260_v1_6	40172
2007-01-01	2007-12-31	H3260_v1_2	40645
2008-01-01	2009-12-31	H3260_v1_3	40645
2010-01-01	2011-12-31	H3260_v1_4	40645
2012-01-01	2015-12-31	H3260_v1_5	40645
2016-01-01	2017-12-31	H3260_v1_6	40645
2007-01-01	2007-12-31	H3260_v1_2	40646
2008-01-01	2009-12-31	H3260_v1_3	40646
2010-01-01	2011-12-31	H3260_v1_4	40646
2012-01-01	2015-12-31	H3260_v1_5	40646
2016-01-01	2017-12-31	H3260_v1_6	40646
2007-01-01	2007-12-31	H3260_v1_2	40647
2008-01-01	2009-12-31	H3260_v1_3	40647
2010-01-01	2011-12-31	H3260_v1_4	40647
2012-01-01	2015-12-31	H3260_v1_5	40647
2016-01-01	2017-12-31	H3260_v1_6	40647
2007-01-01	2007-12-31	H3260_v1_2	40648
2008-01-01	2009-12-31	H3260_v1_3	40648
2010-01-01	2011-12-31	H3260_v1_4	40648
2012-01-01	2015-12-31	H3260_v1_5	40648
2016-01-01	2017-12-31	H3260_v1_6	40648
2007-01-01	2007-12-31	H3260_v1_2	40649
2008-01-01	2009-12-31	H3260_v1_3	40649
2010-01-01	2011-12-31	H3260_v1_4	40649
2012-01-01	2015-12-31	H3260_v1_5	40649
2016-01-01	2017-12-31	H3260_v1_6	40649
1899-01-01	2006-12-31	H3260_v1_0	40650
2007-01-01	2007-12-31	H3260_v1_2	40650
2008-01-01	2009-12-31	H3260_v1_3	40650
2010-01-01	2011-12-31	H3260_v1_4	40650
2012-01-01	2015-12-31	H3260_v1_5	40650
2016-01-01	2017-12-31	H3260_v1_6	40650
2018-01-01	2018-12-31	H3260_v1_7	40650
1899-01-01	2006-12-31	H3260_v1_0	40651
2007-01-01	2007-12-31	H3260_v1_2	40651
2008-01-01	2009-12-31	H3260_v1_3	40651
2010-01-01	2011-12-31	H3260_v1_4	40651
2012-01-01	2015-12-31	H3260_v1_5	40651
2016-01-01	2017-12-31	H3260_v1_6	40651
2018-01-01	2018-12-31	H3260_v1_7	40651
2018-01-01	2018-12-31	H3260_v1_7	40867
2012-01-01	2015-12-31	H3260_v1_5	40870
2018-01-01	2018-12-31	H3260_v1_7	40870
2012-01-01	2015-12-31	H3260_v1_5	40871
2018-01-01	2018-12-31	H3260_v1_7	40871
2012-01-01	2015-12-31	H3260_v1_5	40872
2018-01-01	2018-12-31	H3260_v1_7	40872
1899-01-01	2006-12-31	H3260_v1_0	41684
2007-01-01	2007-12-31	H3260_v1_2	41684
2008-01-01	2009-12-31	H3260_v1_3	41684
2010-01-01	2011-12-31	H3260_v1_4	41684
2012-01-01	2015-12-31	H3260_v1_5	41684
2016-01-01	2017-12-31	H3260_v1_6	41684
2018-01-01	2018-12-31	H3260_v1_7	41684
1899-01-01	2006-12-31	H3260_v1_0	41685
2007-01-01	2007-12-31	H3260_v1_2	41685
2008-01-01	2009-12-31	H3260_v1_3	41685
2010-01-01	2011-12-31	H3260_v1_4	41685
2012-01-01	2015-12-31	H3260_v1_5	41685
2016-01-01	2017-12-31	H3260_v1_6	41685
2018-01-01	2018-12-31	H3260_v1_7	41685
1899-01-01	2006-12-31	H3260_v1_0	45935
2007-01-01	2007-12-31	H3260_v1_2	45935
2008-01-01	2009-12-31	H3260_v1_3	45935
2010-01-01	2011-12-31	H3260_v1_4	45935
2012-01-01	2015-12-31	H3260_v1_5	45935
2016-01-01	2017-12-31	H3260_v1_6	45935
1899-01-01	2006-12-31	H3260_v1_0	45936
2007-01-01	2007-12-31	H3260_v1_2	45936
2008-01-01	2009-12-31	H3260_v1_3	45936
2010-01-01	2011-12-31	H3260_v1_4	45936
2012-01-01	2015-12-31	H3260_v1_5	45936
2016-01-01	2017-12-31	H3260_v1_6	45936
1899-01-01	2006-12-31	H3260_v1_0	45937
2007-01-01	2007-12-31	H3260_v1_2	45937
2008-01-01	2009-12-31	H3260_v1_3	45937
2010-01-01	2011-12-31	H3260_v1_4	45937
2012-01-01	2015-12-31	H3260_v1_5	45937
2016-01-01	2017-12-31	H3260_v1_6	45937
1899-01-01	2006-12-31	H3260_v1_0	45938
2007-01-01	2007-12-31	H3260_v1_2	45938
2008-01-01	2009-12-31	H3260_v1_3	45938
2010-01-01	2011-12-31	H3260_v1_4	45938
2012-01-01	2015-12-31	H3260_v1_5	45938
2016-01-01	2017-12-31	H3260_v1_6	45938
1899-01-01	2006-12-31	H3260_v1_0	45939
2007-01-01	2007-12-31	H3260_v1_2	45939
2008-01-01	2009-12-31	H3260_v1_3	45939
2010-01-01	2011-12-31	H3260_v1_4	45939
2016-01-01	2017-12-31	H3260_v1_6	45939
2018-01-01	2018-12-31	H3260_v1_7	45939
1899-01-01	2006-12-31	H3260_v1_0	45940
2007-01-01	2007-12-31	H3260_v1_2	45940
2008-01-01	2009-12-31	H3260_v1_3	45940
2010-01-01	2011-12-31	H3260_v1_4	45940
2016-01-01	2017-12-31	H3260_v1_6	45940
2018-01-01	2018-12-31	H3260_v1_7	45940
1899-01-01	2006-12-31	H3260_v1_0	45941
2007-01-01	2007-12-31	H3260_v1_2	45941
2008-01-01	2009-12-31	H3260_v1_3	45941
2010-01-01	2011-12-31	H3260_v1_4	45941
2016-01-01	2017-12-31	H3260_v1_6	45941
2018-01-01	2018-12-31	H3260_v1_7	45941
1899-01-01	2006-12-31	H3260_v1_0	45942
2007-01-01	2007-12-31	H3260_v1_2	45942
2008-01-01	2009-12-31	H3260_v1_3	45942
2010-01-01	2011-12-31	H3260_v1_4	45942
2016-01-01	2017-12-31	H3260_v1_6	45942
2018-01-01	2018-12-31	H3260_v1_7	45942
1899-01-01	2006-12-31	H3260_v1_0	45943
2007-01-01	2007-12-31	H3260_v1_2	45943
2008-01-01	2009-12-31	H3260_v1_3	45943
2010-01-01	2011-12-31	H3260_v1_4	45943
2016-01-01	2017-12-31	H3260_v1_6	45943
1899-01-01	2006-12-31	H3260_v1_0	45944
2007-01-01	2007-12-31	H3260_v1_2	45944
2008-01-01	2009-12-31	H3260_v1_3	45944
2010-01-01	2011-12-31	H3260_v1_4	45944
2016-01-01	2017-12-31	H3260_v1_6	45944
1899-01-01	2006-12-31	H3260_v1_0	45945
2007-01-01	2007-12-31	H3260_v1_2	45945
2008-01-01	2009-12-31	H3260_v1_3	45945
2010-01-01	2011-12-31	H3260_v1_4	45945
2016-01-01	2017-12-31	H3260_v1_6	45945
1899-01-01	2006-12-31	H3260_v1_0	45946
2007-01-01	2007-12-31	H3260_v1_2	45946
2008-01-01	2009-12-31	H3260_v1_3	45946
2010-01-01	2011-12-31	H3260_v1_4	45946
2012-01-01	2015-12-31	H3260_v1_5	45946
2016-01-01	2017-12-31	H3260_v1_6	45946
1899-01-01	2006-12-31	H3260_v1_0	45947
2007-01-01	2007-12-31	H3260_v1_2	45947
2008-01-01	2009-12-31	H3260_v1_3	45947
2010-01-01	2011-12-31	H3260_v1_4	45947
2012-01-01	2015-12-31	H3260_v1_5	45947
2016-01-01	2017-12-31	H3260_v1_6	45947
1899-01-01	2006-12-31	H3260_v1_0	45948
2007-01-01	2007-12-31	H3260_v1_2	45948
2008-01-01	2009-12-31	H3260_v1_3	45948
2010-01-01	2011-12-31	H3260_v1_4	45948
2012-01-01	2015-12-31	H3260_v1_5	45948
2016-01-01	2017-12-31	H3260_v1_6	45948
1899-01-01	2006-12-31	H3260_v1_0	45949
2007-01-01	2007-12-31	H3260_v1_2	45949
2008-01-01	2009-12-31	H3260_v1_3	45949
2010-01-01	2011-12-31	H3260_v1_4	45949
2012-01-01	2015-12-31	H3260_v1_5	45949
2016-01-01	2017-12-31	H3260_v1_6	45949
1899-01-01	2006-12-31	H3260_v1_0	45950
2007-01-01	2007-12-31	H3260_v1_2	45950
2008-01-01	2009-12-31	H3260_v1_3	45950
2010-01-01	2011-12-31	H3260_v1_4	45950
2012-01-01	2015-12-31	H3260_v1_5	45950
2016-01-01	2017-12-31	H3260_v1_6	45950
1899-01-01	2006-12-31	H3260_v1_0	45951
2007-01-01	2007-12-31	H3260_v1_2	45951
2008-01-01	2009-12-31	H3260_v1_3	45951
2010-01-01	2011-12-31	H3260_v1_4	45951
2012-01-01	2015-12-31	H3260_v1_5	45951
2016-01-01	2017-12-31	H3260_v1_6	45951
1899-01-01	2006-12-31	H3260_v1_0	45952
2007-01-01	2007-12-31	H3260_v1_2	45952
2008-01-01	2009-12-31	H3260_v1_3	45952
2010-01-01	2011-12-31	H3260_v1_4	45952
2012-01-01	2015-12-31	H3260_v1_5	45952
2016-01-01	2017-12-31	H3260_v1_6	45952
1899-01-01	2006-12-31	H3260_v1_0	45953
2007-01-01	2007-12-31	H3260_v1_2	45953
2008-01-01	2009-12-31	H3260_v1_3	45953
2010-01-01	2011-12-31	H3260_v1_4	45953
2012-01-01	2015-12-31	H3260_v1_5	45953
2016-01-01	2017-12-31	H3260_v1_6	45953
1899-01-01	2006-12-31	H3260_v1_0	45954
2007-01-01	2007-12-31	H3260_v1_2	45954
2008-01-01	2009-12-31	H3260_v1_3	45954
2010-01-01	2011-12-31	H3260_v1_4	45954
2012-01-01	2015-12-31	H3260_v1_5	45954
2016-01-01	2017-12-31	H3260_v1_6	45954
1899-01-01	2006-12-31	H3260_v1_0	45955
2007-01-01	2007-12-31	H3260_v1_2	45955
2008-01-01	2009-12-31	H3260_v1_3	45955
2010-01-01	2011-12-31	H3260_v1_4	45955
2012-01-01	2015-12-31	H3260_v1_5	45955
2016-01-01	2017-12-31	H3260_v1_6	45955
1899-01-01	2006-12-31	H3260_v1_0	45956
2007-01-01	2007-12-31	H3260_v1_2	45956
2008-01-01	2009-12-31	H3260_v1_3	45956
2010-01-01	2011-12-31	H3260_v1_4	45956
2012-01-01	2015-12-31	H3260_v1_5	45956
2016-01-01	2017-12-31	H3260_v1_6	45956
1899-01-01	2006-12-31	H3260_v1_0	45957
2007-01-01	2007-12-31	H3260_v1_2	45957
2008-01-01	2009-12-31	H3260_v1_3	45957
2010-01-01	2011-12-31	H3260_v1_4	45957
2012-01-01	2015-12-31	H3260_v1_5	45957
2016-01-01	2017-12-31	H3260_v1_6	45957
1899-01-01	2006-12-31	H3260_v1_0	45958
2007-01-01	2007-12-31	H3260_v1_2	45958
2008-01-01	2009-12-31	H3260_v1_3	45958
2010-01-01	2011-12-31	H3260_v1_4	45958
2012-01-01	2015-12-31	H3260_v1_5	45958
2016-01-01	2017-12-31	H3260_v1_6	45958
1899-01-01	2006-12-31	H3260_v1_0	45959
2007-01-01	2007-12-31	H3260_v1_2	45959
2008-01-01	2009-12-31	H3260_v1_3	45959
2010-01-01	2011-12-31	H3260_v1_4	45959
2012-01-01	2015-12-31	H3260_v1_5	45959
2016-01-01	2017-12-31	H3260_v1_6	45959
1899-01-01	2006-12-31	H3260_v1_0	45960
2007-01-01	2007-12-31	H3260_v1_2	45960
2008-01-01	2009-12-31	H3260_v1_3	45960
2010-01-01	2011-12-31	H3260_v1_4	45960
2012-01-01	2015-12-31	H3260_v1_5	45960
2016-01-01	2017-12-31	H3260_v1_6	45960
1899-01-01	2006-12-31	H3260_v1_0	45961
2007-01-01	2007-12-31	H3260_v1_2	45961
2008-01-01	2009-12-31	H3260_v1_3	45961
2010-01-01	2011-12-31	H3260_v1_4	45961
2012-01-01	2015-12-31	H3260_v1_5	45961
2016-01-01	2017-12-31	H3260_v1_6	45961
2018-01-01	2018-12-31	H3260_v1_7	45961
1899-01-01	2006-12-31	H3260_v1_0	45962
2007-01-01	2007-12-31	H3260_v1_2	45962
2008-01-01	2009-12-31	H3260_v1_3	45962
2010-01-01	2011-12-31	H3260_v1_4	45962
2012-01-01	2015-12-31	H3260_v1_5	45962
2016-01-01	2017-12-31	H3260_v1_6	45962
2018-01-01	2018-12-31	H3260_v1_7	45962
1899-01-01	2006-12-31	H3260_v1_0	45963
2007-01-01	2007-12-31	H3260_v1_2	45963
2008-01-01	2009-12-31	H3260_v1_3	45963
2010-01-01	2011-12-31	H3260_v1_4	45963
2012-01-01	2015-12-31	H3260_v1_5	45963
2016-01-01	2017-12-31	H3260_v1_6	45963
2018-01-01	2018-12-31	H3260_v1_7	45963
2007-01-01	2007-12-31	H3260_v1_2	45964
2008-01-01	2009-12-31	H3260_v1_3	45964
2010-01-01	2011-12-31	H3260_v1_4	45964
2012-01-01	2015-12-31	H3260_v1_5	45964
2016-01-01	2017-12-31	H3260_v1_6	45964
2018-01-01	2018-12-31	H3260_v1_7	45964
2007-01-01	2007-12-31	H3260_v1_2	45965
2008-01-01	2009-12-31	H3260_v1_3	45965
2010-01-01	2011-12-31	H3260_v1_4	45965
2012-01-01	2015-12-31	H3260_v1_5	45965
2016-01-01	2017-12-31	H3260_v1_6	45965
2018-01-01	2018-12-31	H3260_v1_7	45965
2007-01-01	2007-12-31	H3260_v1_2	45966
2008-01-01	2009-12-31	H3260_v1_3	45966
2010-01-01	2011-12-31	H3260_v1_4	45966
2012-01-01	2015-12-31	H3260_v1_5	45966
2016-01-01	2017-12-31	H3260_v1_6	45966
2018-01-01	2018-12-31	H3260_v1_7	45966
2007-01-01	2007-12-31	H3260_v1_2	45967
2008-01-01	2009-12-31	H3260_v1_3	45967
2010-01-01	2011-12-31	H3260_v1_4	45967
2012-01-01	2015-12-31	H3260_v1_5	45967
2016-01-01	2017-12-31	H3260_v1_6	45967
2018-01-01	2018-12-31	H3260_v1_7	45967
2007-01-01	2007-12-31	H3260_v1_2	45968
2008-01-01	2009-12-31	H3260_v1_3	45968
2010-01-01	2011-12-31	H3260_v1_4	45968
2012-01-01	2015-12-31	H3260_v1_5	45968
2016-01-01	2017-12-31	H3260_v1_6	45968
2018-01-01	2018-12-31	H3260_v1_7	45968
2012-01-01	2015-12-31	H3260_v1_5	45969
2018-01-01	2018-12-31	H3260_v1_7	45969
2012-01-01	2015-12-31	H3260_v1_5	45970
2018-01-01	2018-12-31	H3260_v1_7	45970
2012-01-01	2015-12-31	H3260_v1_5	45971
2018-01-01	2018-12-31	H3260_v1_7	45971
2012-01-01	2015-12-31	H3260_v1_5	45992
2018-01-01	2018-12-31	H3260_v1_7	45992
2012-01-01	2015-12-31	H3260_v1_5	45993
2018-01-01	2018-12-31	H3260_v1_7	45993
2012-01-01	2015-12-31	H3260_v1_5	45994
2018-01-01	2018-12-31	H3260_v1_7	45994
2012-01-01	2015-12-31	H3260_v1_5	46035
2018-01-01	2018-12-31	H3260_v1_7	46035
2012-01-01	2015-12-31	H3260_v1_5	46036
2018-01-01	2018-12-31	H3260_v1_7	46036
2012-01-01	2015-12-31	H3260_v1_5	46037
2018-01-01	2018-12-31	H3260_v1_7	46037
2012-01-01	2015-12-31	H3260_v1_5	46038
2018-01-01	2018-12-31	H3260_v1_7	46038
2012-01-01	2015-12-31	H3260_v1_5	46039
2018-01-01	2018-12-31	H3260_v1_7	46039
2012-01-01	2015-12-31	H3260_v1_5	46040
2018-01-01	2018-12-31	H3260_v1_7	46040
2012-01-01	2015-12-31	H3260_v1_5	46041
2018-01-01	2018-12-31	H3260_v1_7	46041
2012-01-01	2015-12-31	H3260_v1_5	46042
2018-01-01	2018-12-31	H3260_v1_7	46042
2012-01-01	2015-12-31	H3260_v1_5	46043
2018-01-01	2018-12-31	H3260_v1_7	46043
2012-01-01	2015-12-31	H3260_v1_5	46044
2018-01-01	2018-12-31	H3260_v1_7	46044
2012-01-01	2015-12-31	H3260_v1_5	46045
2018-01-01	2018-12-31	H3260_v1_7	46045
2012-01-01	2015-12-31	H3260_v1_5	46046
2018-01-01	2018-12-31	H3260_v1_7	46046
2012-01-01	2015-12-31	H3260_v1_5	46047
2018-01-01	2018-12-31	H3260_v1_7	46047
2012-01-01	2015-12-31	H3260_v1_5	46048
2018-01-01	2018-12-31	H3260_v1_7	46048
2012-01-01	2015-12-31	H3260_v1_5	46049
2018-01-01	2018-12-31	H3260_v1_7	46049
2012-01-01	2015-12-31	H3260_v1_5	46050
2018-01-01	2018-12-31	H3260_v1_7	46050
2012-01-01	2015-12-31	H3260_v1_5	46051
2018-01-01	2018-12-31	H3260_v1_7	46051
2012-01-01	2015-12-31	H3260_v1_5	46052
2018-01-01	2018-12-31	H3260_v1_7	46052
2012-01-01	2015-12-31	H3260_v1_5	46053
2018-01-01	2018-12-31	H3260_v1_7	46053
2018-01-01	2018-12-31	H3260_v1_7	46489
2018-01-01	2018-12-31	H3260_v1_7	46652
2018-01-01	2018-12-31	H3260_v1_7	46653
2018-01-01	2018-12-31	H3260_v1_7	47170
2018-01-01	2018-12-31	H3260_v1_7	47171
2018-01-01	2018-12-31	H3260_v1_7	47172
1899-01-01	2006-12-31	H3260_v1_0	47581
2007-01-01	2007-12-31	H3260_v1_2	47581
2008-01-01	2009-12-31	H3260_v1_3	47581
2010-01-01	2011-12-31	H3260_v1_4	47581
2012-01-01	2015-12-31	H3260_v1_5	47581
2016-01-01	2017-12-31	H3260_v1_6	47581
1899-01-01	2006-12-31	H3260_v1_0	47582
2007-01-01	2007-12-31	H3260_v1_2	47582
2008-01-01	2009-12-31	H3260_v1_3	47582
2010-01-01	2011-12-31	H3260_v1_4	47582
2012-01-01	2015-12-31	H3260_v1_5	47582
2016-01-01	2017-12-31	H3260_v1_6	47582
1899-01-01	2006-12-31	H3260_v1_0	47583
2007-01-01	2007-12-31	H3260_v1_2	47583
2008-01-01	2009-12-31	H3260_v1_3	47583
2010-01-01	2011-12-31	H3260_v1_4	47583
2012-01-01	2015-12-31	H3260_v1_5	47583
2016-01-01	2017-12-31	H3260_v1_6	47583
1899-01-01	2006-12-31	H3260_v1_0	47584
2007-01-01	2007-12-31	H3260_v1_2	47584
2008-01-01	2009-12-31	H3260_v1_3	47584
2010-01-01	2011-12-31	H3260_v1_4	47584
2012-01-01	2015-12-31	H3260_v1_5	47584
2016-01-01	2017-12-31	H3260_v1_6	47584
1899-01-01	2006-12-31	H3260_v1_0	47585
2007-01-01	2007-12-31	H3260_v1_2	47585
2008-01-01	2009-12-31	H3260_v1_3	47585
2010-01-01	2011-12-31	H3260_v1_4	47585
2012-01-01	2015-12-31	H3260_v1_5	47585
2016-01-01	2017-12-31	H3260_v1_6	47585
1899-01-01	2006-12-31	H3260_v1_0	47586
2007-01-01	2007-12-31	H3260_v1_2	47586
2008-01-01	2009-12-31	H3260_v1_3	47586
2010-01-01	2011-12-31	H3260_v1_4	47586
2012-01-01	2015-12-31	H3260_v1_5	47586
2016-01-01	2017-12-31	H3260_v1_6	47586
1899-01-01	2006-12-31	H3260_v1_0	47587
2007-01-01	2007-12-31	H3260_v1_2	47587
2008-01-01	2009-12-31	H3260_v1_3	47587
2010-01-01	2011-12-31	H3260_v1_4	47587
2012-01-01	2015-12-31	H3260_v1_5	47587
2016-01-01	2017-12-31	H3260_v1_6	47587
1899-01-01	2006-12-31	H3260_v1_0	47588
2007-01-01	2007-12-31	H3260_v1_2	47588
2008-01-01	2009-12-31	H3260_v1_3	47588
2010-01-01	2011-12-31	H3260_v1_4	47588
2012-01-01	2015-12-31	H3260_v1_5	47588
2016-01-01	2017-12-31	H3260_v1_6	47588
1899-01-01	2006-12-31	H3260_v1_0	47589
2007-01-01	2007-12-31	H3260_v1_2	47589
2008-01-01	2009-12-31	H3260_v1_3	47589
2010-01-01	2011-12-31	H3260_v1_4	47589
2012-01-01	2015-12-31	H3260_v1_5	47589
2016-01-01	2017-12-31	H3260_v1_6	47589
1899-01-01	2006-12-31	H3260_v1_0	47590
2007-01-01	2007-12-31	H3260_v1_2	47590
2008-01-01	2009-12-31	H3260_v1_3	47590
2010-01-01	2011-12-31	H3260_v1_4	47590
2012-01-01	2015-12-31	H3260_v1_5	47590
2016-01-01	2017-12-31	H3260_v1_6	47590
1899-01-01	2006-12-31	H3260_v1_0	47591
2007-01-01	2007-12-31	H3260_v1_2	47591
2008-01-01	2009-12-31	H3260_v1_3	47591
2010-01-01	2011-12-31	H3260_v1_4	47591
2012-01-01	2015-12-31	H3260_v1_5	47591
2016-01-01	2017-12-31	H3260_v1_6	47591
1899-01-01	2006-12-31	H3260_v1_0	47592
2007-01-01	2007-12-31	H3260_v1_2	47592
2008-01-01	2009-12-31	H3260_v1_3	47592
2010-01-01	2011-12-31	H3260_v1_4	47592
2012-01-01	2015-12-31	H3260_v1_5	47592
2016-01-01	2017-12-31	H3260_v1_6	47592
1899-01-01	2006-12-31	H3260_v1_0	47593
2007-01-01	2007-12-31	H3260_v1_2	47593
2008-01-01	2009-12-31	H3260_v1_3	47593
2010-01-01	2011-12-31	H3260_v1_4	47593
2012-01-01	2015-12-31	H3260_v1_5	47593
2016-01-01	2017-12-31	H3260_v1_6	47593
1899-01-01	2006-12-31	H3260_v1_0	47594
2007-01-01	2007-12-31	H3260_v1_2	47594
2008-01-01	2009-12-31	H3260_v1_3	47594
2010-01-01	2011-12-31	H3260_v1_4	47594
2012-01-01	2015-12-31	H3260_v1_5	47594
2016-01-01	2017-12-31	H3260_v1_6	47594
1899-01-01	2006-12-31	H3260_v1_0	47595
2007-01-01	2007-12-31	H3260_v1_2	47595
2008-01-01	2009-12-31	H3260_v1_3	47595
2010-01-01	2011-12-31	H3260_v1_4	47595
2012-01-01	2015-12-31	H3260_v1_5	47595
2016-01-01	2017-12-31	H3260_v1_6	47595
1899-01-01	2006-12-31	H3260_v1_0	47596
2007-01-01	2007-12-31	H3260_v1_2	47596
2008-01-01	2009-12-31	H3260_v1_3	47596
2010-01-01	2011-12-31	H3260_v1_4	47596
2012-01-01	2015-12-31	H3260_v1_5	47596
2016-01-01	2017-12-31	H3260_v1_6	47596
1899-01-01	2006-12-31	H3260_v1_0	47670
2007-01-01	2007-12-31	H3260_v1_2	47670
2008-01-01	2009-12-31	H3260_v1_3	47670
2010-01-01	2011-12-31	H3260_v1_4	47670
2016-01-01	2017-12-31	H3260_v1_6	47670
1899-01-01	2006-12-31	H3260_v1_0	47671
2007-01-01	2007-12-31	H3260_v1_2	47671
2008-01-01	2009-12-31	H3260_v1_3	47671
2010-01-01	2011-12-31	H3260_v1_4	47671
2016-01-01	2017-12-31	H3260_v1_6	47671
1899-01-01	2006-12-31	H3260_v1_0	47672
2007-01-01	2007-12-31	H3260_v1_2	47672
2008-01-01	2009-12-31	H3260_v1_3	47672
2010-01-01	2011-12-31	H3260_v1_4	47672
2016-01-01	2017-12-31	H3260_v1_6	47672
1899-01-01	2006-12-31	H3260_v1_0	47673
2007-01-01	2007-12-31	H3260_v1_2	47673
2008-01-01	2009-12-31	H3260_v1_3	47673
2010-01-01	2011-12-31	H3260_v1_4	47673
2016-01-01	2017-12-31	H3260_v1_6	47673
1899-01-01	2006-12-31	H3260_v1_0	47674
2007-01-01	2007-12-31	H3260_v1_2	47674
2008-01-01	2009-12-31	H3260_v1_3	47674
2010-01-01	2011-12-31	H3260_v1_4	47674
2016-01-01	2017-12-31	H3260_v1_6	47674
1899-01-01	2006-12-31	H3260_v1_0	47675
2007-01-01	2007-12-31	H3260_v1_2	47675
2008-01-01	2009-12-31	H3260_v1_3	47675
2010-01-01	2011-12-31	H3260_v1_4	47675
2016-01-01	2017-12-31	H3260_v1_6	47675
1899-01-01	2006-12-31	H3260_v1_0	47676
2007-01-01	2007-12-31	H3260_v1_2	47676
2008-01-01	2009-12-31	H3260_v1_3	47676
2010-01-01	2011-12-31	H3260_v1_4	47676
2016-01-01	2017-12-31	H3260_v1_6	47676
1899-01-01	2006-12-31	H3260_v1_0	47677
2007-01-01	2007-12-31	H3260_v1_2	47677
2008-01-01	2009-12-31	H3260_v1_3	47677
2010-01-01	2011-12-31	H3260_v1_4	47677
2016-01-01	2017-12-31	H3260_v1_6	47677
1899-01-01	2006-12-31	H3260_v1_0	47678
2007-01-01	2007-12-31	H3260_v1_2	47678
2008-01-01	2009-12-31	H3260_v1_3	47678
2010-01-01	2011-12-31	H3260_v1_4	47678
2016-01-01	2017-12-31	H3260_v1_6	47678
1899-01-01	2006-12-31	H3260_v1_0	47679
2007-01-01	2007-12-31	H3260_v1_2	47679
2008-01-01	2009-12-31	H3260_v1_3	47679
2010-01-01	2011-12-31	H3260_v1_4	47679
2016-01-01	2017-12-31	H3260_v1_6	47679
1899-01-01	2006-12-31	H3260_v1_0	47680
2007-01-01	2007-12-31	H3260_v1_2	47680
2008-01-01	2009-12-31	H3260_v1_3	47680
2010-01-01	2011-12-31	H3260_v1_4	47680
2016-01-01	2017-12-31	H3260_v1_6	47680
1899-01-01	2006-12-31	H3260_v1_0	47681
2007-01-01	2007-12-31	H3260_v1_2	47681
2008-01-01	2009-12-31	H3260_v1_3	47681
2010-01-01	2011-12-31	H3260_v1_4	47681
2016-01-01	2017-12-31	H3260_v1_6	47681
1899-01-01	2006-12-31	H3260_v1_0	47682
2007-01-01	2007-12-31	H3260_v1_2	47682
2008-01-01	2009-12-31	H3260_v1_3	47682
2010-01-01	2011-12-31	H3260_v1_4	47682
2016-01-01	2017-12-31	H3260_v1_6	47682
1899-01-01	2006-12-31	H3260_v1_0	47683
2007-01-01	2007-12-31	H3260_v1_2	47683
2008-01-01	2009-12-31	H3260_v1_3	47683
2010-01-01	2011-12-31	H3260_v1_4	47683
2016-01-01	2017-12-31	H3260_v1_6	47683
1899-01-01	2006-12-31	H3260_v1_0	47684
2007-01-01	2007-12-31	H3260_v1_2	47684
2008-01-01	2009-12-31	H3260_v1_3	47684
2010-01-01	2011-12-31	H3260_v1_4	47684
2016-01-01	2017-12-31	H3260_v1_6	47684
1899-01-01	2006-12-31	H3260_v1_0	47685
2007-01-01	2007-12-31	H3260_v1_2	47685
2008-01-01	2009-12-31	H3260_v1_3	47685
2010-01-01	2011-12-31	H3260_v1_4	47685
2016-01-01	2017-12-31	H3260_v1_6	47685
1899-01-01	2006-12-31	H3260_v1_0	47686
2007-01-01	2007-12-31	H3260_v1_2	47686
2008-01-01	2009-12-31	H3260_v1_3	47686
2010-01-01	2011-12-31	H3260_v1_4	47686
2016-01-01	2017-12-31	H3260_v1_6	47686
2018-01-01	2018-12-31	H3260_v1_7	47686
1899-01-01	2006-12-31	H3260_v1_0	47687
2007-01-01	2007-12-31	H3260_v1_2	47687
2008-01-01	2009-12-31	H3260_v1_3	47687
2010-01-01	2011-12-31	H3260_v1_4	47687
2016-01-01	2017-12-31	H3260_v1_6	47687
2018-01-01	2018-12-31	H3260_v1_7	47687
1899-01-01	2006-12-31	H3260_v1_0	47688
2007-01-01	2007-12-31	H3260_v1_2	47688
2008-01-01	2009-12-31	H3260_v1_3	47688
2010-01-01	2011-12-31	H3260_v1_4	47688
2016-01-01	2017-12-31	H3260_v1_6	47688
2018-01-01	2018-12-31	H3260_v1_7	47688
1899-01-01	2006-12-31	H3260_v1_0	47689
2007-01-01	2007-12-31	H3260_v1_2	47689
2008-01-01	2009-12-31	H3260_v1_3	47689
2010-01-01	2011-12-31	H3260_v1_4	47689
2016-01-01	2017-12-31	H3260_v1_6	47689
2018-01-01	2018-12-31	H3260_v1_7	47689
1899-01-01	2006-12-31	H3260_v1_0	47690
2007-01-01	2007-12-31	H3260_v1_2	47690
2008-01-01	2009-12-31	H3260_v1_3	47690
2010-01-01	2011-12-31	H3260_v1_4	47690
2016-01-01	2017-12-31	H3260_v1_6	47690
2018-01-01	2018-12-31	H3260_v1_7	47690
1899-01-01	2006-12-31	H3260_v1_0	47691
2007-01-01	2007-12-31	H3260_v1_2	47691
2008-01-01	2009-12-31	H3260_v1_3	47691
2010-01-01	2011-12-31	H3260_v1_4	47691
2016-01-01	2017-12-31	H3260_v1_6	47691
2018-01-01	2018-12-31	H3260_v1_7	47691
1899-01-01	2006-12-31	H3260_v1_0	47692
2007-01-01	2007-12-31	H3260_v1_2	47692
2008-01-01	2009-12-31	H3260_v1_3	47692
2010-01-01	2011-12-31	H3260_v1_4	47692
2016-01-01	2017-12-31	H3260_v1_6	47692
1899-01-01	2006-12-31	H3260_v1_0	47693
2007-01-01	2007-12-31	H3260_v1_2	47693
2008-01-01	2009-12-31	H3260_v1_3	47693
2010-01-01	2011-12-31	H3260_v1_4	47693
2016-01-01	2017-12-31	H3260_v1_6	47693
1899-01-01	2006-12-31	H3260_v1_0	47694
2007-01-01	2007-12-31	H3260_v1_2	47694
2008-01-01	2009-12-31	H3260_v1_3	47694
2010-01-01	2011-12-31	H3260_v1_4	47694
2016-01-01	2017-12-31	H3260_v1_6	47694
1899-01-01	2006-12-31	H3260_v1_0	47695
2007-01-01	2007-12-31	H3260_v1_2	47695
2008-01-01	2009-12-31	H3260_v1_3	47695
2010-01-01	2011-12-31	H3260_v1_4	47695
2016-01-01	2017-12-31	H3260_v1_6	47695
1899-01-01	2006-12-31	H3260_v1_0	47696
2007-01-01	2007-12-31	H3260_v1_2	47696
2008-01-01	2009-12-31	H3260_v1_3	47696
2010-01-01	2011-12-31	H3260_v1_4	47696
2016-01-01	2017-12-31	H3260_v1_6	47696
1899-01-01	2006-12-31	H3260_v1_0	47697
2007-01-01	2007-12-31	H3260_v1_2	47697
2008-01-01	2009-12-31	H3260_v1_3	47697
2010-01-01	2011-12-31	H3260_v1_4	47697
2016-01-01	2017-12-31	H3260_v1_6	47697
1899-01-01	2006-12-31	H3260_v1_0	47698
2007-01-01	2007-12-31	H3260_v1_2	47698
2008-01-01	2009-12-31	H3260_v1_3	47698
2010-01-01	2011-12-31	H3260_v1_4	47698
2016-01-01	2017-12-31	H3260_v1_6	47698
1899-01-01	2006-12-31	H3260_v1_0	47699
2007-01-01	2007-12-31	H3260_v1_2	47699
2008-01-01	2009-12-31	H3260_v1_3	47699
2010-01-01	2011-12-31	H3260_v1_4	47699
2016-01-01	2017-12-31	H3260_v1_6	47699
1899-01-01	2006-12-31	H3260_v1_0	47700
2007-01-01	2007-12-31	H3260_v1_2	47700
2008-01-01	2009-12-31	H3260_v1_3	47700
2010-01-01	2011-12-31	H3260_v1_4	47700
2016-01-01	2017-12-31	H3260_v1_6	47700
1899-01-01	2006-12-31	H3260_v1_0	47701
2007-01-01	2007-12-31	H3260_v1_2	47701
2008-01-01	2009-12-31	H3260_v1_3	47701
2010-01-01	2011-12-31	H3260_v1_4	47701
2016-01-01	2017-12-31	H3260_v1_6	47701
1899-01-01	2006-12-31	H3260_v1_0	47702
2007-01-01	2007-12-31	H3260_v1_2	47702
2008-01-01	2009-12-31	H3260_v1_3	47702
2010-01-01	2011-12-31	H3260_v1_4	47702
2016-01-01	2017-12-31	H3260_v1_6	47702
1899-01-01	2006-12-31	H3260_v1_0	47703
2007-01-01	2007-12-31	H3260_v1_2	47703
2008-01-01	2009-12-31	H3260_v1_3	47703
2010-01-01	2011-12-31	H3260_v1_4	47703
2016-01-01	2017-12-31	H3260_v1_6	47703
1899-01-01	2006-12-31	H3260_v1_0	47704
2007-01-01	2007-12-31	H3260_v1_2	47704
2008-01-01	2009-12-31	H3260_v1_3	47704
2010-01-01	2011-12-31	H3260_v1_4	47704
2016-01-01	2017-12-31	H3260_v1_6	47704
1899-01-01	2006-12-31	H3260_v1_0	47705
2007-01-01	2007-12-31	H3260_v1_2	47705
2008-01-01	2009-12-31	H3260_v1_3	47705
2010-01-01	2011-12-31	H3260_v1_4	47705
2016-01-01	2017-12-31	H3260_v1_6	47705
1899-01-01	2006-12-31	H3260_v1_0	47706
2007-01-01	2007-12-31	H3260_v1_2	47706
2008-01-01	2009-12-31	H3260_v1_3	47706
2010-01-01	2011-12-31	H3260_v1_4	47706
2016-01-01	2017-12-31	H3260_v1_6	47706
1899-01-01	2006-12-31	H3260_v1_0	47707
2007-01-01	2007-12-31	H3260_v1_2	47707
2008-01-01	2009-12-31	H3260_v1_3	47707
2010-01-01	2011-12-31	H3260_v1_4	47707
2016-01-01	2017-12-31	H3260_v1_6	47707
1899-01-01	2006-12-31	H3260_v1_0	47708
2007-01-01	2007-12-31	H3260_v1_2	47708
2008-01-01	2009-12-31	H3260_v1_3	47708
2010-01-01	2011-12-31	H3260_v1_4	47708
2016-01-01	2017-12-31	H3260_v1_6	47708
1899-01-01	2006-12-31	H3260_v1_0	47709
2007-01-01	2007-12-31	H3260_v1_2	47709
2008-01-01	2009-12-31	H3260_v1_3	47709
2010-01-01	2011-12-31	H3260_v1_4	47709
2016-01-01	2017-12-31	H3260_v1_6	47709
1899-01-01	2006-12-31	H3260_v1_0	47710
2007-01-01	2007-12-31	H3260_v1_2	47710
2008-01-01	2009-12-31	H3260_v1_3	47710
2010-01-01	2011-12-31	H3260_v1_4	47710
2016-01-01	2017-12-31	H3260_v1_6	47710
1899-01-01	2006-12-31	H3260_v1_0	47711
2007-01-01	2007-12-31	H3260_v1_2	47711
2008-01-01	2009-12-31	H3260_v1_3	47711
2010-01-01	2011-12-31	H3260_v1_4	47711
2016-01-01	2017-12-31	H3260_v1_6	47711
1899-01-01	2006-12-31	H3260_v1_0	47712
2007-01-01	2007-12-31	H3260_v1_2	47712
2008-01-01	2009-12-31	H3260_v1_3	47712
2010-01-01	2011-12-31	H3260_v1_4	47712
2016-01-01	2017-12-31	H3260_v1_6	47712
1899-01-01	2006-12-31	H3260_v1_0	47713
2007-01-01	2007-12-31	H3260_v1_2	47713
2008-01-01	2009-12-31	H3260_v1_3	47713
2010-01-01	2011-12-31	H3260_v1_4	47713
2016-01-01	2017-12-31	H3260_v1_6	47713
1899-01-01	2006-12-31	H3260_v1_0	47714
2007-01-01	2007-12-31	H3260_v1_2	47714
2008-01-01	2009-12-31	H3260_v1_3	47714
2010-01-01	2011-12-31	H3260_v1_4	47714
2016-01-01	2017-12-31	H3260_v1_6	47714
1899-01-01	2006-12-31	H3260_v1_0	47715
2007-01-01	2007-12-31	H3260_v1_2	47715
2008-01-01	2009-12-31	H3260_v1_3	47715
2010-01-01	2011-12-31	H3260_v1_4	47715
2016-01-01	2017-12-31	H3260_v1_6	47715
1899-01-01	2006-12-31	H3260_v1_0	47716
2007-01-01	2007-12-31	H3260_v1_2	47716
2008-01-01	2009-12-31	H3260_v1_3	47716
2010-01-01	2011-12-31	H3260_v1_4	47716
2016-01-01	2017-12-31	H3260_v1_6	47716
1899-01-01	2006-12-31	H3260_v1_0	47717
2007-01-01	2007-12-31	H3260_v1_2	47717
2008-01-01	2009-12-31	H3260_v1_3	47717
2010-01-01	2011-12-31	H3260_v1_4	47717
2016-01-01	2017-12-31	H3260_v1_6	47717
1899-01-01	2006-12-31	H3260_v1_0	47718
2007-01-01	2007-12-31	H3260_v1_2	47718
2008-01-01	2009-12-31	H3260_v1_3	47718
2010-01-01	2011-12-31	H3260_v1_4	47718
2016-01-01	2017-12-31	H3260_v1_6	47718
1899-01-01	2006-12-31	H3260_v1_0	47719
2007-01-01	2007-12-31	H3260_v1_2	47719
2008-01-01	2009-12-31	H3260_v1_3	47719
2010-01-01	2011-12-31	H3260_v1_4	47719
2016-01-01	2017-12-31	H3260_v1_6	47719
1899-01-01	2006-12-31	H3260_v1_0	47720
2007-01-01	2007-12-31	H3260_v1_2	47720
2008-01-01	2009-12-31	H3260_v1_3	47720
2010-01-01	2011-12-31	H3260_v1_4	47720
2016-01-01	2017-12-31	H3260_v1_6	47720
1899-01-01	2006-12-31	H3260_v1_0	47721
2007-01-01	2007-12-31	H3260_v1_2	47721
2008-01-01	2009-12-31	H3260_v1_3	47721
2010-01-01	2011-12-31	H3260_v1_4	47721
2016-01-01	2017-12-31	H3260_v1_6	47721
1899-01-01	2006-12-31	H3260_v1_0	47722
2007-01-01	2007-12-31	H3260_v1_2	47722
2008-01-01	2009-12-31	H3260_v1_3	47722
2010-01-01	2011-12-31	H3260_v1_4	47722
2016-01-01	2017-12-31	H3260_v1_6	47722
1899-01-01	2006-12-31	H3260_v1_0	47723
2007-01-01	2007-12-31	H3260_v1_2	47723
2008-01-01	2009-12-31	H3260_v1_3	47723
2010-01-01	2011-12-31	H3260_v1_4	47723
2016-01-01	2017-12-31	H3260_v1_6	47723
1899-01-01	2006-12-31	H3260_v1_0	47724
2007-01-01	2007-12-31	H3260_v1_2	47724
2008-01-01	2009-12-31	H3260_v1_3	47724
2010-01-01	2011-12-31	H3260_v1_4	47724
2016-01-01	2017-12-31	H3260_v1_6	47724
1899-01-01	2006-12-31	H3260_v1_0	47725
2007-01-01	2007-12-31	H3260_v1_2	47725
2008-01-01	2009-12-31	H3260_v1_3	47725
2010-01-01	2011-12-31	H3260_v1_4	47725
2016-01-01	2017-12-31	H3260_v1_6	47725
2008-01-01	2009-12-31	H3260_v1_3	48651
2010-01-01	2011-12-31	H3260_v1_4	48651
2012-01-01	2015-12-31	H3260_v1_5	48651
2016-01-01	2017-12-31	H3260_v1_6	48651
2018-01-01	2018-12-31	H3260_v1_7	48651
2008-01-01	2009-12-31	H3260_v1_3	48652
2010-01-01	2011-12-31	H3260_v1_4	48652
2012-01-01	2015-12-31	H3260_v1_5	48652
2016-01-01	2017-12-31	H3260_v1_6	48652
2018-01-01	2018-12-31	H3260_v1_7	48652
2012-01-01	2015-12-31	H3260_v1_5	50547
2018-01-01	2018-12-31	H3260_v1_7	50547
2012-01-01	2015-12-31	H3260_v1_5	50548
2018-01-01	2018-12-31	H3260_v1_7	50548
2012-01-01	2015-12-31	H3260_v1_5	50568
2018-01-01	2018-12-31	H3260_v1_7	50568
2012-01-01	2015-12-31	H3260_v1_5	50569
2018-01-01	2018-12-31	H3260_v1_7	50569
1899-01-01	2006-12-31	H3260_v1_0	55888
2007-01-01	2007-12-31	H3260_v1_2	55888
2008-01-01	2009-12-31	H3260_v1_3	55888
2010-01-01	2011-12-31	H3260_v1_4	55888
2012-01-01	2015-12-31	H3260_v1_5	55888
2016-01-01	2017-12-31	H3260_v1_6	55888
1899-01-01	2006-12-31	H3260_v1_0	55889
2007-01-01	2007-12-31	H3260_v1_2	55889
2008-01-01	2009-12-31	H3260_v1_3	55889
2010-01-01	2011-12-31	H3260_v1_4	55889
2012-01-01	2015-12-31	H3260_v1_5	55889
2016-01-01	2017-12-31	H3260_v1_6	55889
1899-01-01	2006-12-31	H3260_v1_0	55890
2007-01-01	2007-12-31	H3260_v1_2	55890
2008-01-01	2009-12-31	H3260_v1_3	55890
2010-01-01	2011-12-31	H3260_v1_4	55890
2012-01-01	2015-12-31	H3260_v1_5	55890
2016-01-01	2017-12-31	H3260_v1_6	55890
1899-01-01	2006-12-31	H3260_v1_0	55891
2007-01-01	2007-12-31	H3260_v1_2	55891
2008-01-01	2009-12-31	H3260_v1_3	55891
2010-01-01	2011-12-31	H3260_v1_4	55891
2012-01-01	2015-12-31	H3260_v1_5	55891
2016-01-01	2017-12-31	H3260_v1_6	55891
1899-01-01	2006-12-31	H3260_v1_0	55892
2007-01-01	2007-12-31	H3260_v1_2	55892
2008-01-01	2009-12-31	H3260_v1_3	55892
2010-01-01	2011-12-31	H3260_v1_4	55892
2012-01-01	2015-12-31	H3260_v1_5	55892
2016-01-01	2017-12-31	H3260_v1_6	55892
1899-01-01	2006-12-31	H3260_v1_0	55893
2007-01-01	2007-12-31	H3260_v1_2	55893
2008-01-01	2009-12-31	H3260_v1_3	55893
2010-01-01	2011-12-31	H3260_v1_4	55893
2012-01-01	2015-12-31	H3260_v1_5	55893
2016-01-01	2017-12-31	H3260_v1_6	55893
2012-01-01	2015-12-31	H3260_v1_5	56553
2018-01-01	2018-12-31	H3260_v1_7	56553
2012-01-01	2015-12-31	H3260_v1_5	56554
2018-01-01	2018-12-31	H3260_v1_7	56554
2012-01-01	2015-12-31	H3260_v1_5	56555
2018-01-01	2018-12-31	H3260_v1_7	56555
2018-01-01	2018-12-31	H3260_v1_7	56556
2018-01-01	2018-12-31	H3260_v1_7	56557
2018-01-01	2018-12-31	H3260_v1_7	56558
2018-01-01	2018-12-31	H3260_v1_7	56559
2018-01-01	2018-12-31	H3260_v1_7	56560
2018-01-01	2018-12-31	H3260_v1_7	56561
2018-01-01	2018-12-31	H3260_v1_7	56562
2018-01-01	2018-12-31	H3260_v1_7	56563
1899-01-01	2006-12-31	H3260_v1_0	57321
2007-01-01	2007-12-31	H3260_v1_2	57321
2008-01-01	2009-12-31	H3260_v1_3	57321
2010-01-01	2011-12-31	H3260_v1_4	57321
2016-01-01	2017-12-31	H3260_v1_6	57321
1899-01-01	2006-12-31	H3260_v1_0	57322
2007-01-01	2007-12-31	H3260_v1_2	57322
2008-01-01	2009-12-31	H3260_v1_3	57322
2010-01-01	2011-12-31	H3260_v1_4	57322
2016-01-01	2017-12-31	H3260_v1_6	57322
1899-01-01	2006-12-31	H3260_v1_0	62914
2007-01-01	2007-12-31	H3260_v1_2	62914
2008-01-01	2009-12-31	H3260_v1_3	62914
2010-01-01	2011-12-31	H3260_v1_4	62914
2012-01-01	2015-12-31	H3260_v1_5	62914
2016-01-01	2017-12-31	H3260_v1_6	62914
2018-01-01	2018-12-31	H3260_v1_7	62914
1899-01-01	2006-12-31	H3260_v1_0	62915
2007-01-01	2007-12-31	H3260_v1_2	62915
2008-01-01	2009-12-31	H3260_v1_3	62915
2010-01-01	2011-12-31	H3260_v1_4	62915
2012-01-01	2015-12-31	H3260_v1_5	62915
2016-01-01	2017-12-31	H3260_v1_6	62915
2018-01-01	2018-12-31	H3260_v1_7	62915
1899-01-01	2006-12-31	H3260_v1_0	62916
2007-01-01	2007-12-31	H3260_v1_2	62916
2008-01-01	2009-12-31	H3260_v1_3	62916
2010-01-01	2011-12-31	H3260_v1_4	62916
2012-01-01	2015-12-31	H3260_v1_5	62916
2016-01-01	2017-12-31	H3260_v1_6	62916
2018-01-01	2018-12-31	H3260_v1_7	62916
1899-01-01	2006-12-31	H3260_v1_0	62917
2007-01-01	2007-12-31	H3260_v1_2	62917
2008-01-01	2009-12-31	H3260_v1_3	62917
2010-01-01	2011-12-31	H3260_v1_4	62917
2012-01-01	2015-12-31	H3260_v1_5	62917
2016-01-01	2017-12-31	H3260_v1_6	62917
2018-01-01	2018-12-31	H3260_v1_7	62917
2012-01-01	2015-12-31	H3260_v1_5	65052
2018-01-01	2018-12-31	H3260_v1_7	65052
2012-01-01	2015-12-31	H3260_v1_5	66530
2012-01-01	2015-12-31	H3260_v1_5	66531
2012-01-01	2015-12-31	H3260_v1_5	71983
2018-01-01	2018-12-31	H3260_v1_7	71983
2012-01-01	2015-12-31	H3260_v1_5	71984
2018-01-01	2018-12-31	H3260_v1_7	71984
2018-01-01	2018-12-31	H3260_v1_7	72020
2018-01-01	2018-12-31	H3260_v1_7	72021
2012-01-01	2015-12-31	H3260_v1_5	72201
2018-01-01	2018-12-31	H3260_v1_7	72201
2018-01-01	2018-12-31	H3260_v1_7	72202
2012-01-01	2015-12-31	H3260_v1_5	72432
2012-01-01	2015-12-31	H3260_v1_5	72433
2012-01-01	2015-12-31	H3260_v1_5	72434
2012-01-01	2015-12-31	H3260_v1_5	72435
2012-01-01	2015-12-31	H3260_v1_5	72436
2012-01-01	2015-12-31	H3260_v1_5	72437
2012-01-01	2015-12-31	H3260_v1_5	72438
2010-01-01	2011-12-31	H3260_v1_4	73327
2016-01-01	2017-12-31	H3260_v1_6	73327
2010-01-01	2011-12-31	H3260_v1_4	73328
2016-01-01	2017-12-31	H3260_v1_6	73328
2012-01-01	2015-12-31	H3260_v1_5	74742
2018-01-01	2018-12-31	H3260_v1_7	74742
2012-01-01	2015-12-31	H3260_v1_5	74743
2018-01-01	2018-12-31	H3260_v1_7	74743
2007-01-01	2007-12-31	H3260_v1_2	76248
2008-01-01	2009-12-31	H3260_v1_3	76248
2010-01-01	2011-12-31	H3260_v1_4	76248
2012-01-01	2015-12-31	H3260_v1_5	76248
2016-01-01	2017-12-31	H3260_v1_6	76248
2018-01-01	2018-12-31	H3260_v1_7	76248
2007-01-01	2007-12-31	H3260_v1_2	76249
2008-01-01	2009-12-31	H3260_v1_3	76249
2010-01-01	2011-12-31	H3260_v1_4	76249
2012-01-01	2015-12-31	H3260_v1_5	76249
2016-01-01	2017-12-31	H3260_v1_6	76249
2018-01-01	2018-12-31	H3260_v1_7	76249
2007-01-01	2007-12-31	H3260_v1_2	76250
2008-01-01	2009-12-31	H3260_v1_3	76250
2010-01-01	2011-12-31	H3260_v1_4	76250
2012-01-01	2015-12-31	H3260_v1_5	76250
2016-01-01	2017-12-31	H3260_v1_6	76250
2018-01-01	2018-12-31	H3260_v1_7	76250
2007-01-01	2007-12-31	H3260_v1_2	76251
2008-01-01	2009-12-31	H3260_v1_3	76251
2010-01-01	2011-12-31	H3260_v1_4	76251
2012-01-01	2015-12-31	H3260_v1_5	76251
2016-01-01	2017-12-31	H3260_v1_6	76251
2018-01-01	2018-12-31	H3260_v1_7	76251
2007-01-01	2007-12-31	H3260_v1_2	76252
2008-01-01	2009-12-31	H3260_v1_3	76252
2010-01-01	2011-12-31	H3260_v1_4	76252
2012-01-01	2015-12-31	H3260_v1_5	76252
2016-01-01	2017-12-31	H3260_v1_6	76252
2018-01-01	2018-12-31	H3260_v1_7	76252
2007-01-01	2007-12-31	H3260_v1_2	76253
2008-01-01	2009-12-31	H3260_v1_3	76253
2010-01-01	2011-12-31	H3260_v1_4	76253
2012-01-01	2015-12-31	H3260_v1_5	76253
2016-01-01	2017-12-31	H3260_v1_6	76253
2018-01-01	2018-12-31	H3260_v1_7	76253
2007-01-01	2007-12-31	H3260_v1_2	76254
2008-01-01	2009-12-31	H3260_v1_3	76254
2010-01-01	2011-12-31	H3260_v1_4	76254
2012-01-01	2015-12-31	H3260_v1_5	76254
2016-01-01	2017-12-31	H3260_v1_6	76254
2018-01-01	2018-12-31	H3260_v1_7	76254
2007-01-01	2007-12-31	H3260_v1_2	76255
2008-01-01	2009-12-31	H3260_v1_3	76255
2010-01-01	2011-12-31	H3260_v1_4	76255
2012-01-01	2015-12-31	H3260_v1_5	76255
2016-01-01	2017-12-31	H3260_v1_6	76255
2018-01-01	2018-12-31	H3260_v1_7	76255
2007-01-01	2007-12-31	H3260_v1_2	76256
2008-01-01	2009-12-31	H3260_v1_3	76256
2010-01-01	2011-12-31	H3260_v1_4	76256
2012-01-01	2015-12-31	H3260_v1_5	76256
2016-01-01	2017-12-31	H3260_v1_6	76256
2018-01-01	2018-12-31	H3260_v1_7	76256
2007-01-01	2007-12-31	H3260_v1_2	76257
2008-01-01	2009-12-31	H3260_v1_3	76257
2010-01-01	2011-12-31	H3260_v1_4	76257
2012-01-01	2015-12-31	H3260_v1_5	76257
2016-01-01	2017-12-31	H3260_v1_6	76257
2018-01-01	2018-12-31	H3260_v1_7	76257
2007-01-01	2007-12-31	H3260_v1_2	76258
2008-01-01	2009-12-31	H3260_v1_3	76258
2010-01-01	2011-12-31	H3260_v1_4	76258
2012-01-01	2015-12-31	H3260_v1_5	76258
2016-01-01	2017-12-31	H3260_v1_6	76258
2018-01-01	2018-12-31	H3260_v1_7	76258
2007-01-01	2007-12-31	H3260_v1_2	76259
2008-01-01	2009-12-31	H3260_v1_3	76259
2010-01-01	2011-12-31	H3260_v1_4	76259
2012-01-01	2015-12-31	H3260_v1_5	76259
2016-01-01	2017-12-31	H3260_v1_6	76259
2018-01-01	2018-12-31	H3260_v1_7	76259
2007-01-01	2007-12-31	H3260_v1_2	76260
2008-01-01	2009-12-31	H3260_v1_3	76260
2010-01-01	2011-12-31	H3260_v1_4	76260
2012-01-01	2015-12-31	H3260_v1_5	76260
2016-01-01	2017-12-31	H3260_v1_6	76260
2018-01-01	2018-12-31	H3260_v1_7	76260
2010-01-01	2011-12-31	H3260_v1_4	76511
2016-01-01	2017-12-31	H3260_v1_6	76511
2010-01-01	2011-12-31	H3260_v1_4	76512
2016-01-01	2017-12-31	H3260_v1_6	76512
2010-01-01	2011-12-31	H3260_v1_4	76525
2016-01-01	2017-12-31	H3260_v1_6	76525
2010-01-01	2011-12-31	H3260_v1_4	76526
2016-01-01	2017-12-31	H3260_v1_6	76526
2018-01-01	2018-12-31	H3260_v1_7	76647
2018-01-01	2018-12-31	H3260_v1_7	76648
2012-01-01	2015-12-31	H3260_v1_5	78854
2018-01-01	2018-12-31	H3260_v1_7	78866
2018-01-01	2018-12-31	H3260_v1_7	78867
2012-01-01	2015-12-31	H3260_v1_5	79220
2018-01-01	2018-12-31	H3260_v1_7	79220
2012-01-01	2015-12-31	H3260_v1_5	79221
2018-01-01	2018-12-31	H3260_v1_7	79221
2012-01-01	2015-12-31	H3260_v1_5	79222
2018-01-01	2018-12-31	H3260_v1_7	79222
2010-01-01	2011-12-31	H3260_v1_4	79530
2012-01-01	2015-12-31	H3260_v1_5	79530
2016-01-01	2017-12-31	H3260_v1_6	79530
2018-01-01	2018-12-31	H3260_v1_7	79530
1899-01-01	2006-12-31	H3260_v1_0	80889
2007-01-01	2007-12-31	H3260_v1_2	80889
1899-01-01	2006-12-31	H3260_v1_0	80890
2007-01-01	2007-12-31	H3260_v1_2	80890
1899-01-01	2006-12-31	H3260_v1_0	80911
2008-01-01	2009-12-31	H3260_v1_3	80911
2010-01-01	2011-12-31	H3260_v1_4	80911
2012-01-01	2015-12-31	H3260_v1_5	80911
2016-01-01	2017-12-31	H3260_v1_6	80911
2018-01-01	2018-12-31	H3260_v1_7	80911
1899-01-01	2006-12-31	H3260_v1_0	80912
2007-01-01	2007-12-31	H3260_v1_2	80912
2008-01-01	2009-12-31	H3260_v1_3	80912
2010-01-01	2011-12-31	H3260_v1_4	80912
2012-01-01	2015-12-31	H3260_v1_5	80912
2016-01-01	2017-12-31	H3260_v1_6	80912
2018-01-01	2018-12-31	H3260_v1_7	80912
1899-01-01	2006-12-31	H3260_v1_0	80913
2007-01-01	2007-12-31	H3260_v1_2	80913
2008-01-01	2009-12-31	H3260_v1_3	80913
2010-01-01	2011-12-31	H3260_v1_4	80913
2012-01-01	2015-12-31	H3260_v1_5	80913
2016-01-01	2017-12-31	H3260_v1_6	80913
2018-01-01	2018-12-31	H3260_v1_7	80913
1899-01-01	2006-12-31	H3260_v1_0	80914
2007-01-01	2007-12-31	H3260_v1_2	80914
2008-01-01	2009-12-31	H3260_v1_3	80914
2010-01-01	2011-12-31	H3260_v1_4	80914
2012-01-01	2015-12-31	H3260_v1_5	80914
2016-01-01	2017-12-31	H3260_v1_6	80914
2018-01-01	2018-12-31	H3260_v1_7	80914
1899-01-01	2006-12-31	H3260_v1_0	80915
2007-01-01	2007-12-31	H3260_v1_2	80915
2008-01-01	2009-12-31	H3260_v1_3	80915
2010-01-01	2011-12-31	H3260_v1_4	80915
2012-01-01	2015-12-31	H3260_v1_5	80915
2016-01-01	2017-12-31	H3260_v1_6	80915
2018-01-01	2018-12-31	H3260_v1_7	80915
1899-01-01	2006-12-31	H3260_v1_0	80916
2007-01-01	2007-12-31	H3260_v1_2	80916
1899-01-01	2006-12-31	H3260_v1_0	80917
2007-01-01	2007-12-31	H3260_v1_2	80917
1899-01-01	2006-12-31	H3260_v1_0	80918
2007-01-01	2007-12-31	H3260_v1_2	80918
1899-01-01	2006-12-31	H3260_v1_0	80930
2007-01-01	2007-12-31	H3260_v1_2	80930
1899-01-01	2006-12-31	H3260_v1_0	80931
2007-01-01	2007-12-31	H3260_v1_2	80931
1899-01-01	2006-12-31	H3260_v1_0	83539
2007-01-01	2007-12-31	H3260_v1_2	83539
2008-01-01	2009-12-31	H3260_v1_3	83539
2010-01-01	2011-12-31	H3260_v1_4	83539
2012-01-01	2015-12-31	H3260_v1_5	83539
2016-01-01	2017-12-31	H3260_v1_6	83539
2018-01-01	2018-12-31	H3260_v1_7	83539
1899-01-01	2006-12-31	H3260_v1_0	83540
2007-01-01	2007-12-31	H3260_v1_2	83540
2008-01-01	2009-12-31	H3260_v1_3	83540
2010-01-01	2011-12-31	H3260_v1_4	83540
2012-01-01	2015-12-31	H3260_v1_5	83540
2016-01-01	2017-12-31	H3260_v1_6	83540
2018-01-01	2018-12-31	H3260_v1_7	83540
1899-01-01	2006-12-31	H3260_v1_0	83543
2007-01-01	2007-12-31	H3260_v1_2	83543
2008-01-01	2009-12-31	H3260_v1_3	83543
2010-01-01	2011-12-31	H3260_v1_4	83543
2012-01-01	2015-12-31	H3260_v1_5	83543
2016-01-01	2017-12-31	H3260_v1_6	83543
2018-01-01	2018-12-31	H3260_v1_7	83543
1899-01-01	2006-12-31	H3260_v1_0	83544
2007-01-01	2007-12-31	H3260_v1_2	83544
2008-01-01	2009-12-31	H3260_v1_3	83544
2010-01-01	2011-12-31	H3260_v1_4	83544
2012-01-01	2015-12-31	H3260_v1_5	83544
2016-01-01	2017-12-31	H3260_v1_6	83544
2018-01-01	2018-12-31	H3260_v1_7	83544
2018-01-01	2018-12-31	H3260_v1_7	83574
2018-01-01	2018-12-31	H3260_v1_7	83575
2018-01-01	2018-12-31	H3260_v1_7	83576
2018-01-01	2018-12-31	H3260_v1_7	83577
2018-01-01	2018-12-31	H3260_v1_7	83578
2018-01-01	2018-12-31	H3260_v1_7	83579
2018-01-01	2018-12-31	H3260_v1_7	83580
2018-01-01	2018-12-31	H3260_v1_7	83581
2018-01-01	2018-12-31	H3260_v1_7	83582
2018-01-01	2018-12-31	H3260_v1_7	83583
2018-01-01	2018-12-31	H3260_v1_7	83584
2018-01-01	2018-12-31	H3260_v1_7	83585
2018-01-01	2018-12-31	H3260_v1_7	83586
1899-01-01	2006-12-31	H3260_v1_0	84207
2007-01-01	2007-12-31	H3260_v1_2	84207
2008-01-01	2009-12-31	H3260_v1_3	84207
2010-01-01	2011-12-31	H3260_v1_4	84207
2012-01-01	2015-12-31	H3260_v1_5	84207
2016-01-01	2017-12-31	H3260_v1_6	84207
2018-01-01	2018-12-31	H3260_v1_7	84207
1899-01-01	2006-12-31	H3260_v1_0	84208
2007-01-01	2007-12-31	H3260_v1_2	84208
2008-01-01	2009-12-31	H3260_v1_3	84208
2010-01-01	2011-12-31	H3260_v1_4	84208
2012-01-01	2015-12-31	H3260_v1_5	84208
2016-01-01	2017-12-31	H3260_v1_6	84208
2018-01-01	2018-12-31	H3260_v1_7	84208
1899-01-01	2006-12-31	H3260_v1_0	84627
2007-01-01	2007-12-31	H3260_v1_2	84627
2008-01-01	2009-12-31	H3260_v1_3	84627
2010-01-01	2011-12-31	H3260_v1_4	84627
2012-01-01	2015-12-31	H3260_v1_5	84627
2016-01-01	2017-12-31	H3260_v1_6	84627
2018-01-01	2018-12-31	H3260_v1_7	84627
1899-01-01	2006-12-31	H3260_v1_0	84628
2007-01-01	2007-12-31	H3260_v1_2	84628
2008-01-01	2009-12-31	H3260_v1_3	84628
2010-01-01	2011-12-31	H3260_v1_4	84628
2012-01-01	2015-12-31	H3260_v1_5	84628
2016-01-01	2017-12-31	H3260_v1_6	84628
2018-01-01	2018-12-31	H3260_v1_7	84628
2012-01-01	2015-12-31	H3260_v1_5	85859
2012-01-01	2015-12-31	H3260_v1_5	85860
2012-01-01	2015-12-31	H3260_v1_5	85861
2012-01-01	2015-12-31	H3260_v1_5	85862
2012-01-01	2015-12-31	H3260_v1_5	85863
2012-01-01	2015-12-31	H3260_v1_5	85864
2012-01-01	2015-12-31	H3260_v1_5	85865
2012-01-01	2015-12-31	H3260_v1_5	85866
2012-01-01	2015-12-31	H3260_v1_5	85867
2012-01-01	2015-12-31	H3260_v1_5	85868
2012-01-01	2015-12-31	H3260_v1_5	85869
2012-01-01	2015-12-31	H3260_v1_5	85870
2012-01-01	2015-12-31	H3260_v1_5	85871
2012-01-01	2015-12-31	H3260_v1_5	85872
2012-01-01	2015-12-31	H3260_v1_5	85873
2012-01-01	2015-12-31	H3260_v1_5	87400
2018-01-01	2018-12-31	H3260_v1_7	87400
2012-01-01	2015-12-31	H3260_v1_5	89209
2012-01-01	2015-12-31	H3260_v1_5	89210
2012-01-01	2015-12-31	H3260_v1_5	89211
2012-01-01	2015-12-31	H3260_v1_5	89212
2018-01-01	2018-12-31	H3260_v1_7	90096
2018-01-01	2018-12-31	H3260_v1_7	90097
2018-01-01	2018-12-31	H3260_v1_7	90098
2018-01-01	2018-12-31	H3260_v1_7	90108
2018-01-01	2018-12-31	H3260_v1_7	90109
2018-01-01	2018-12-31	H3260_v1_7	90114
2018-01-01	2018-12-31	H3260_v1_7	90115
2018-01-01	2018-12-31	H3260_v1_7	90116
2018-01-01	2018-12-31	H3260_v1_7	90117
2018-01-01	2018-12-31	H3260_v1_7	90118
2018-01-01	2018-12-31	H3260_v1_7	90119
2018-01-01	2018-12-31	H3260_v1_7	90120
2018-01-01	2018-12-31	H3260_v1_7	90121
2010-01-01	2011-12-31	H3260_v1_4	90304
2016-01-01	2017-12-31	H3260_v1_6	90304
2010-01-01	2011-12-31	H3260_v1_4	90305
2016-01-01	2017-12-31	H3260_v1_6	90305
2008-01-01	2009-12-31	H3260_v1_3	90383
2010-01-01	2011-12-31	H3260_v1_4	90383
2012-01-01	2015-12-31	H3260_v1_5	90383
2016-01-01	2017-12-31	H3260_v1_6	90383
2018-01-01	2018-12-31	H3260_v1_7	90383
2008-01-01	2009-12-31	H3260_v1_3	90384
2010-01-01	2011-12-31	H3260_v1_4	90384
2012-01-01	2015-12-31	H3260_v1_5	90384
2016-01-01	2017-12-31	H3260_v1_6	90384
2018-01-01	2018-12-31	H3260_v1_7	90384
2008-01-01	2009-12-31	H3260_v1_3	90385
2010-01-01	2011-12-31	H3260_v1_4	90385
2012-01-01	2015-12-31	H3260_v1_5	90385
2016-01-01	2017-12-31	H3260_v1_6	90385
2018-01-01	2018-12-31	H3260_v1_7	90385
2008-01-01	2009-12-31	H3260_v1_3	90386
2010-01-01	2011-12-31	H3260_v1_4	90386
2012-01-01	2015-12-31	H3260_v1_5	90386
2016-01-01	2017-12-31	H3260_v1_6	90386
2018-01-01	2018-12-31	H3260_v1_7	90386
2008-01-01	2009-12-31	H3260_v1_3	90387
2010-01-01	2011-12-31	H3260_v1_4	90387
2012-01-01	2015-12-31	H3260_v1_5	90387
2016-01-01	2017-12-31	H3260_v1_6	90387
2018-01-01	2018-12-31	H3260_v1_7	90387
2008-01-01	2009-12-31	H3260_v1_3	90388
2010-01-01	2011-12-31	H3260_v1_4	90388
2012-01-01	2015-12-31	H3260_v1_5	90388
2016-01-01	2017-12-31	H3260_v1_6	90388
2018-01-01	2018-12-31	H3260_v1_7	90388
2008-01-01	2009-12-31	H3260_v1_3	90389
2010-01-01	2011-12-31	H3260_v1_4	90389
2012-01-01	2015-12-31	H3260_v1_5	90389
2016-01-01	2017-12-31	H3260_v1_6	90389
2018-01-01	2018-12-31	H3260_v1_7	90389
2008-01-01	2009-12-31	H3260_v1_3	90390
2010-01-01	2011-12-31	H3260_v1_4	90390
2012-01-01	2015-12-31	H3260_v1_5	90390
2016-01-01	2017-12-31	H3260_v1_6	90390
2018-01-01	2018-12-31	H3260_v1_7	90390
2008-01-01	2009-12-31	H3260_v1_3	90391
2010-01-01	2011-12-31	H3260_v1_4	90391
2012-01-01	2015-12-31	H3260_v1_5	90391
2016-01-01	2017-12-31	H3260_v1_6	90391
2018-01-01	2018-12-31	H3260_v1_7	90391
2008-01-01	2009-12-31	H3260_v1_3	90392
2010-01-01	2011-12-31	H3260_v1_4	90392
2016-01-01	2017-12-31	H3260_v1_6	90392
2008-01-01	2009-12-31	H3260_v1_3	90393
2010-01-01	2011-12-31	H3260_v1_4	90393
2016-01-01	2017-12-31	H3260_v1_6	90393
2010-01-01	2011-12-31	H3260_v1_4	90480
2016-01-01	2017-12-31	H3260_v1_6	90480
2018-01-01	2018-12-31	H3260_v1_7	90480
2010-01-01	2011-12-31	H3260_v1_4	90481
2016-01-01	2017-12-31	H3260_v1_6	90481
2018-01-01	2018-12-31	H3260_v1_7	90481
2007-01-01	2007-12-31	H3260_v1_2	90656
2007-01-01	2007-12-31	H3260_v1_2	90657
2007-01-01	2007-12-31	H3260_v1_2	90661
2007-01-01	2007-12-31	H3260_v1_2	90662
2007-01-01	2007-12-31	H3260_v1_2	90663
2007-01-01	2007-12-31	H3260_v1_2	90664
1899-01-01	2006-12-31	H3260_v1_0	90665
2007-01-01	2007-12-31	H3260_v1_2	90665
1899-01-01	2006-12-31	H3260_v1_0	91125
2007-01-01	2007-12-31	H3260_v1_2	91125
2008-01-01	2009-12-31	H3260_v1_3	91125
2010-01-01	2011-12-31	H3260_v1_4	91125
2012-01-01	2015-12-31	H3260_v1_5	91125
2016-01-01	2017-12-31	H3260_v1_6	91125
2018-01-01	2018-12-31	H3260_v1_7	91125
1899-01-01	2006-12-31	H3260_v1_0	91126
2007-01-01	2007-12-31	H3260_v1_2	91126
2008-01-01	2009-12-31	H3260_v1_3	91126
2010-01-01	2011-12-31	H3260_v1_4	91126
2012-01-01	2015-12-31	H3260_v1_5	91126
2016-01-01	2017-12-31	H3260_v1_6	91126
2018-01-01	2018-12-31	H3260_v1_7	91126
2018-01-01	2018-12-31	H3260_v1_7	92048
2018-01-01	2018-12-31	H3260_v1_7	92049
1899-01-01	2006-12-31	H3260_v1_0	92050
2007-01-01	2007-12-31	H3260_v1_2	92050
2018-01-01	2018-12-31	H3260_v1_7	92050
1899-01-01	2006-12-31	H3260_v1_0	92051
2007-01-01	2007-12-31	H3260_v1_2	92051
2018-01-01	2018-12-31	H3260_v1_7	92051
1899-01-01	2006-12-31	H3260_v1_0	92052
2007-01-01	2007-12-31	H3260_v1_2	92052
2018-01-01	2018-12-31	H3260_v1_7	92052
2012-01-01	2015-12-31	H3260_v1_5	92546
2018-01-01	2018-12-31	H3260_v1_7	92546
2012-01-01	2015-12-31	H3260_v1_5	92547
2018-01-01	2018-12-31	H3260_v1_7	92547
2018-01-01	2018-12-31	H3260_v1_7	92548
2018-01-01	2018-12-31	H3260_v1_7	92549
2018-01-01	2018-12-31	H3260_v1_7	92833
2018-01-01	2018-12-31	H3260_v1_7	92834
2012-01-01	2015-12-31	H3260_v1_5	94449
2012-01-01	2015-12-31	H3260_v1_5	94450
2012-01-01	2015-12-31	H3260_v1_5	94451
2012-01-01	2015-12-31	H3260_v1_5	94452
2012-01-01	2015-12-31	H3260_v1_5	94453
2012-01-01	2015-12-31	H3260_v1_5	94454
2012-01-01	2015-12-31	H3260_v1_5	94455
2012-01-01	2015-12-31	H3260_v1_5	94456
2012-01-01	2015-12-31	H3260_v1_5	94457
2012-01-01	2015-12-31	H3260_v1_5	94458
2012-01-01	2015-12-31	H3260_v1_5	94459
2012-01-01	2015-12-31	H3260_v1_5	94460
2012-01-01	2015-12-31	H3260_v1_5	94461
2012-01-01	2015-12-31	H3260_v1_5	94462
2012-01-01	2015-12-31	H3260_v1_5	94463
2012-01-01	2015-12-31	H3260_v1_5	94464
2012-01-01	2015-12-31	H3260_v1_5	94465
2012-01-01	2015-12-31	H3260_v1_5	94485
2012-01-01	2015-12-31	H3260_v1_5	94486
2012-01-01	2015-12-31	H3260_v1_5	94487
2012-01-01	2015-12-31	H3260_v1_5	94488
2012-01-01	2015-12-31	H3260_v1_5	94489
2012-01-01	2015-12-31	H3260_v1_5	94490
2012-01-01	2015-12-31	H3260_v1_5	94491
2012-01-01	2015-12-31	H3260_v1_5	94492
2012-01-01	2015-12-31	H3260_v1_5	94493
2012-01-01	2015-12-31	H3260_v1_5	94494
2012-01-01	2015-12-31	H3260_v1_5	94828
2018-01-01	2018-12-31	H3260_v1_7	94828
2012-01-01	2015-12-31	H3260_v1_5	94829
2018-01-01	2018-12-31	H3260_v1_7	94829
1899-01-01	2006-12-31	H3260_v1_0	98811
2007-01-01	2007-12-31	H3260_v1_2	98811
1899-01-01	2006-12-31	H3260_v1_0	98812
2007-01-01	2007-12-31	H3260_v1_2	98812
1899-01-01	2006-12-31	H3260_v1_0	98813
2007-01-01	2007-12-31	H3260_v1_2	98813
1899-01-01	2006-12-31	H3260_v1_0	98814
2007-01-01	2007-12-31	H3260_v1_2	98814
1899-01-01	2006-12-31	H3260_v1_0	98815
2007-01-01	2007-12-31	H3260_v1_2	98815
1899-01-01	2006-12-31	H3260_v1_0	98816
2007-01-01	2007-12-31	H3260_v1_2	98816
1899-01-01	2006-12-31	H3260_v1_0	98817
2007-01-01	2007-12-31	H3260_v1_2	98817
1899-01-01	2006-12-31	H3260_v1_0	98818
2007-01-01	2007-12-31	H3260_v1_2	98818
1899-01-01	2006-12-31	H3260_v1_0	98819
2007-01-01	2007-12-31	H3260_v1_2	98819
1899-01-01	2006-12-31	H3260_v1_0	98820
2007-01-01	2007-12-31	H3260_v1_2	98820
2008-01-01	2009-12-31	H3260_v1_3	98820
2010-01-01	2011-12-31	H3260_v1_4	98820
2012-01-01	2015-12-31	H3260_v1_5	98820
2016-01-01	2017-12-31	H3260_v1_6	98820
2018-01-01	2018-12-31	H3260_v1_7	98820
1899-01-01	2006-12-31	H3260_v1_0	98821
2007-01-01	2007-12-31	H3260_v1_2	98821
2008-01-01	2009-12-31	H3260_v1_3	98821
2010-01-01	2011-12-31	H3260_v1_4	98821
2012-01-01	2015-12-31	H3260_v1_5	98821
2016-01-01	2017-12-31	H3260_v1_6	98821
2018-01-01	2018-12-31	H3260_v1_7	98821
1899-01-01	2006-12-31	H3260_v1_0	98822
2007-01-01	2007-12-31	H3260_v1_2	98822
2008-01-01	2009-12-31	H3260_v1_3	98822
2010-01-01	2011-12-31	H3260_v1_4	98822
2012-01-01	2015-12-31	H3260_v1_5	98822
2016-01-01	2017-12-31	H3260_v1_6	98822
2018-01-01	2018-12-31	H3260_v1_7	98822
1899-01-01	2006-12-31	H3260_v1_0	98823
2007-01-01	2007-12-31	H3260_v1_2	98823
2008-01-01	2009-12-31	H3260_v1_3	98823
2010-01-01	2011-12-31	H3260_v1_4	98823
2012-01-01	2015-12-31	H3260_v1_5	98823
2016-01-01	2017-12-31	H3260_v1_6	98823
2018-01-01	2018-12-31	H3260_v1_7	98823
2018-01-01	2018-12-31	H3260_v1_7	98889
2018-01-01	2018-12-31	H3260_v1_7	98890
2018-01-01	2018-12-31	H3260_v1_7	98891
2018-01-01	2018-12-31	H3260_v1_7	98892
2018-01-01	2018-12-31	H3260_v1_7	98893
2018-01-01	2018-12-31	H3260_v1_7	98894
2012-01-01	2015-12-31	H3260_v1_5	98949
2007-01-01	2007-12-31	H3260_v1_2	99520
2008-01-01	2009-12-31	H3260_v1_3	99520
2010-01-01	2011-12-31	H3260_v1_4	99520
2012-01-01	2015-12-31	H3260_v1_5	99520
2016-01-01	2017-12-31	H3260_v1_6	99520
2018-01-01	2018-12-31	H3260_v1_7	99520
2007-01-01	2007-12-31	H3260_v1_2	99521
2008-01-01	2009-12-31	H3260_v1_3	99521
2010-01-01	2011-12-31	H3260_v1_4	99521
2012-01-01	2015-12-31	H3260_v1_5	99521
2016-01-01	2017-12-31	H3260_v1_6	99521
2018-01-01	2018-12-31	H3260_v1_7	99521
2007-01-01	2007-12-31	H3260_v1_2	99522
2008-01-01	2009-12-31	H3260_v1_3	99522
2010-01-01	2011-12-31	H3260_v1_4	99522
2012-01-01	2015-12-31	H3260_v1_5	99522
2016-01-01	2017-12-31	H3260_v1_6	99522
2018-01-01	2018-12-31	H3260_v1_7	99522
2007-01-01	2007-12-31	H3260_v1_2	99523
2008-01-01	2009-12-31	H3260_v1_3	99523
2010-01-01	2011-12-31	H3260_v1_4	99523
2012-01-01	2015-12-31	H3260_v1_5	99523
2016-01-01	2017-12-31	H3260_v1_6	99523
2018-01-01	2018-12-31	H3260_v1_7	99523
1899-01-01	2006-12-31	H3260_v1_0	99524
2007-01-01	2007-12-31	H3260_v1_2	99524
2008-01-01	2009-12-31	H3260_v1_3	99524
2010-01-01	2011-12-31	H3260_v1_4	99524
2012-01-01	2015-12-31	H3260_v1_5	99524
2016-01-01	2017-12-31	H3260_v1_6	99524
2018-01-01	2018-12-31	H3260_v1_7	99524
1899-01-01	2006-12-31	H3260_v1_0	99525
2007-01-01	2007-12-31	H3260_v1_2	99525
2008-01-01	2009-12-31	H3260_v1_3	99525
2010-01-01	2011-12-31	H3260_v1_4	99525
2012-01-01	2015-12-31	H3260_v1_5	99525
2016-01-01	2017-12-31	H3260_v1_6	99525
2018-01-01	2018-12-31	H3260_v1_7	99525
2007-01-01	2007-12-31	H3260_v1_2	99526
2008-01-01	2009-12-31	H3260_v1_3	99526
2010-01-01	2011-12-31	H3260_v1_4	99526
2012-01-01	2015-12-31	H3260_v1_5	99526
2016-01-01	2017-12-31	H3260_v1_6	99526
2018-01-01	2018-12-31	H3260_v1_7	99526
2007-01-01	2007-12-31	H3260_v1_2	99527
2008-01-01	2009-12-31	H3260_v1_3	99527
2010-01-01	2011-12-31	H3260_v1_4	99527
2012-01-01	2015-12-31	H3260_v1_5	99527
2016-01-01	2017-12-31	H3260_v1_6	99527
2018-01-01	2018-12-31	H3260_v1_7	99527
2007-01-01	2007-12-31	H3260_v1_2	99528
2008-01-01	2009-12-31	H3260_v1_3	99528
2010-01-01	2011-12-31	H3260_v1_4	99528
2012-01-01	2015-12-31	H3260_v1_5	99528
2016-01-01	2017-12-31	H3260_v1_6	99528
2018-01-01	2018-12-31	H3260_v1_7	99528
2007-01-01	2007-12-31	H3260_v1_2	99529
2008-01-01	2009-12-31	H3260_v1_3	99529
2010-01-01	2011-12-31	H3260_v1_4	99529
2012-01-01	2015-12-31	H3260_v1_5	99529
2016-01-01	2017-12-31	H3260_v1_6	99529
2018-01-01	2018-12-31	H3260_v1_7	99529
2018-01-01	2018-12-31	H3260_v1_7	102597
2018-01-01	2018-12-31	H3260_v1_7	102598
2018-01-01	2018-12-31	H3260_v1_7	102599
2018-01-01	2018-12-31	H3260_v1_7	102600
2018-01-01	2018-12-31	H3260_v1_7	102601
2018-01-01	2018-12-31	H3260_v1_7	102602
2018-01-01	2018-12-31	H3260_v1_7	102603
2007-01-01	2007-12-31	H3260_v1_2	103382
2008-01-01	2009-12-31	H3260_v1_3	103382
2010-01-01	2011-12-31	H3260_v1_4	103382
2012-01-01	2015-12-31	H3260_v1_5	103382
2016-01-01	2017-12-31	H3260_v1_6	103382
2007-01-01	2007-12-31	H3260_v1_2	103383
2008-01-01	2009-12-31	H3260_v1_3	103383
2010-01-01	2011-12-31	H3260_v1_4	103383
2012-01-01	2015-12-31	H3260_v1_5	103383
2016-01-01	2017-12-31	H3260_v1_6	103383
2007-01-01	2007-12-31	H3260_v1_2	103384
2008-01-01	2009-12-31	H3260_v1_3	103384
2010-01-01	2011-12-31	H3260_v1_4	103384
2012-01-01	2015-12-31	H3260_v1_5	103384
2016-01-01	2017-12-31	H3260_v1_6	103384
2007-01-01	2007-12-31	H3260_v1_2	103385
2008-01-01	2009-12-31	H3260_v1_3	103385
2010-01-01	2011-12-31	H3260_v1_4	103385
2012-01-01	2015-12-31	H3260_v1_5	103385
2016-01-01	2017-12-31	H3260_v1_6	103385
2007-01-01	2007-12-31	H3260_v1_2	103386
2008-01-01	2009-12-31	H3260_v1_3	103386
2010-01-01	2011-12-31	H3260_v1_4	103386
2012-01-01	2015-12-31	H3260_v1_5	103386
2016-01-01	2017-12-31	H3260_v1_6	103386
2007-01-01	2007-12-31	H3260_v1_2	103387
2008-01-01	2009-12-31	H3260_v1_3	103387
2010-01-01	2011-12-31	H3260_v1_4	103387
2012-01-01	2015-12-31	H3260_v1_5	103387
2016-01-01	2017-12-31	H3260_v1_6	103387
2007-01-01	2007-12-31	H3260_v1_2	103388
2008-01-01	2009-12-31	H3260_v1_3	103388
2010-01-01	2011-12-31	H3260_v1_4	103388
2012-01-01	2015-12-31	H3260_v1_5	103388
2016-01-01	2017-12-31	H3260_v1_6	103388
2007-01-01	2007-12-31	H3260_v1_2	103389
2008-01-01	2009-12-31	H3260_v1_3	103389
2010-01-01	2011-12-31	H3260_v1_4	103389
2012-01-01	2015-12-31	H3260_v1_5	103389
2016-01-01	2017-12-31	H3260_v1_6	103389
2007-01-01	2007-12-31	H3260_v1_2	103390
2008-01-01	2009-12-31	H3260_v1_3	103390
2010-01-01	2011-12-31	H3260_v1_4	103390
2012-01-01	2015-12-31	H3260_v1_5	103390
2016-01-01	2017-12-31	H3260_v1_6	103390
2007-01-01	2007-12-31	H3260_v1_2	103391
2008-01-01	2009-12-31	H3260_v1_3	103391
2010-01-01	2011-12-31	H3260_v1_4	103391
2012-01-01	2015-12-31	H3260_v1_5	103391
2016-01-01	2017-12-31	H3260_v1_6	103391
2018-01-01	2018-12-31	H3260_v1_7	103391
2007-01-01	2007-12-31	H3260_v1_2	103392
2008-01-01	2009-12-31	H3260_v1_3	103392
2010-01-01	2011-12-31	H3260_v1_4	103392
2012-01-01	2015-12-31	H3260_v1_5	103392
2016-01-01	2017-12-31	H3260_v1_6	103392
2018-01-01	2018-12-31	H3260_v1_7	103392
2007-01-01	2007-12-31	H3260_v1_2	103393
2008-01-01	2009-12-31	H3260_v1_3	103393
2010-01-01	2011-12-31	H3260_v1_4	103393
2012-01-01	2015-12-31	H3260_v1_5	103393
2016-01-01	2017-12-31	H3260_v1_6	103393
2018-01-01	2018-12-31	H3260_v1_7	103393
2007-01-01	2007-12-31	H3260_v1_2	103394
2008-01-01	2009-12-31	H3260_v1_3	103394
2010-01-01	2011-12-31	H3260_v1_4	103394
2012-01-01	2015-12-31	H3260_v1_5	103394
2016-01-01	2017-12-31	H3260_v1_6	103394
2018-01-01	2018-12-31	H3260_v1_7	103394
2007-01-01	2007-12-31	H3260_v1_2	103395
2008-01-01	2009-12-31	H3260_v1_3	103395
2010-01-01	2011-12-31	H3260_v1_4	103395
2012-01-01	2015-12-31	H3260_v1_5	103395
2016-01-01	2017-12-31	H3260_v1_6	103395
2018-01-01	2018-12-31	H3260_v1_7	103395
2007-01-01	2007-12-31	H3260_v1_2	103396
2008-01-01	2009-12-31	H3260_v1_3	103396
2010-01-01	2011-12-31	H3260_v1_4	103396
2012-01-01	2015-12-31	H3260_v1_5	103396
2016-01-01	2017-12-31	H3260_v1_6	103396
2018-01-01	2018-12-31	H3260_v1_7	103396
2007-01-01	2007-12-31	H3260_v1_2	103397
2008-01-01	2009-12-31	H3260_v1_3	103397
2010-01-01	2011-12-31	H3260_v1_4	103397
2012-01-01	2015-12-31	H3260_v1_5	103397
2016-01-01	2017-12-31	H3260_v1_6	103397
2018-01-01	2018-12-31	H3260_v1_7	103397
2007-01-01	2007-12-31	H3260_v1_2	103398
2008-01-01	2009-12-31	H3260_v1_3	103398
2010-01-01	2011-12-31	H3260_v1_4	103398
2012-01-01	2015-12-31	H3260_v1_5	103398
2016-01-01	2017-12-31	H3260_v1_6	103398
2018-01-01	2018-12-31	H3260_v1_7	103398
2007-01-01	2007-12-31	H3260_v1_2	103399
2008-01-01	2009-12-31	H3260_v1_3	103399
2010-01-01	2011-12-31	H3260_v1_4	103399
2012-01-01	2015-12-31	H3260_v1_5	103399
2016-01-01	2017-12-31	H3260_v1_6	103399
2018-01-01	2018-12-31	H3260_v1_7	103399
2007-01-01	2007-12-31	H3260_v1_2	103400
2008-01-01	2009-12-31	H3260_v1_3	103400
2010-01-01	2011-12-31	H3260_v1_4	103400
2012-01-01	2015-12-31	H3260_v1_5	103400
2016-01-01	2017-12-31	H3260_v1_6	103400
2018-01-01	2018-12-31	H3260_v1_7	103400
2007-01-01	2007-12-31	H3260_v1_2	103401
2008-01-01	2009-12-31	H3260_v1_3	103401
2010-01-01	2011-12-31	H3260_v1_4	103401
2012-01-01	2015-12-31	H3260_v1_5	103401
2016-01-01	2017-12-31	H3260_v1_6	103401
2018-01-01	2018-12-31	H3260_v1_7	103401
2007-01-01	2007-12-31	H3260_v1_2	103402
2008-01-01	2009-12-31	H3260_v1_3	103402
2010-01-01	2011-12-31	H3260_v1_4	103402
2012-01-01	2015-12-31	H3260_v1_5	103402
2016-01-01	2017-12-31	H3260_v1_6	103402
2018-01-01	2018-12-31	H3260_v1_7	103402
2007-01-01	2007-12-31	H3260_v1_2	103403
2008-01-01	2009-12-31	H3260_v1_3	103403
2010-01-01	2011-12-31	H3260_v1_4	103403
2012-01-01	2015-12-31	H3260_v1_5	103403
2016-01-01	2017-12-31	H3260_v1_6	103403
2018-01-01	2018-12-31	H3260_v1_7	103403
2007-01-01	2007-12-31	H3260_v1_2	103404
2008-01-01	2009-12-31	H3260_v1_3	103404
2010-01-01	2011-12-31	H3260_v1_4	103404
2012-01-01	2015-12-31	H3260_v1_5	103404
2016-01-01	2017-12-31	H3260_v1_6	103404
2018-01-01	2018-12-31	H3260_v1_7	103404
2007-01-01	2007-12-31	H3260_v1_2	103405
2008-01-01	2009-12-31	H3260_v1_3	103405
2010-01-01	2011-12-31	H3260_v1_4	103405
2012-01-01	2015-12-31	H3260_v1_5	103405
2016-01-01	2017-12-31	H3260_v1_6	103405
2018-01-01	2018-12-31	H3260_v1_7	103405
2007-01-01	2007-12-31	H3260_v1_2	103406
2008-01-01	2009-12-31	H3260_v1_3	103406
2010-01-01	2011-12-31	H3260_v1_4	103406
2012-01-01	2015-12-31	H3260_v1_5	103406
2016-01-01	2017-12-31	H3260_v1_6	103406
2018-01-01	2018-12-31	H3260_v1_7	103406
2007-01-01	2007-12-31	H3260_v1_2	103407
2008-01-01	2009-12-31	H3260_v1_3	103407
2010-01-01	2011-12-31	H3260_v1_4	103407
2012-01-01	2015-12-31	H3260_v1_5	103407
2016-01-01	2017-12-31	H3260_v1_6	103407
2018-01-01	2018-12-31	H3260_v1_7	103407
2007-01-01	2007-12-31	H3260_v1_2	103408
2008-01-01	2009-12-31	H3260_v1_3	103408
2010-01-01	2011-12-31	H3260_v1_4	103408
2012-01-01	2015-12-31	H3260_v1_5	103408
2016-01-01	2017-12-31	H3260_v1_6	103408
2018-01-01	2018-12-31	H3260_v1_7	103408
2007-01-01	2007-12-31	H3260_v1_2	103409
2008-01-01	2009-12-31	H3260_v1_3	103409
2010-01-01	2011-12-31	H3260_v1_4	103409
2012-01-01	2015-12-31	H3260_v1_5	103409
2016-01-01	2017-12-31	H3260_v1_6	103409
2018-01-01	2018-12-31	H3260_v1_7	103409
2007-01-01	2007-12-31	H3260_v1_2	103410
2008-01-01	2009-12-31	H3260_v1_3	103410
2010-01-01	2011-12-31	H3260_v1_4	103410
2012-01-01	2015-12-31	H3260_v1_5	103410
2016-01-01	2017-12-31	H3260_v1_6	103410
2018-01-01	2018-12-31	H3260_v1_7	103410
2007-01-01	2007-12-31	H3260_v1_2	103411
2008-01-01	2009-12-31	H3260_v1_3	103411
2010-01-01	2011-12-31	H3260_v1_4	103411
2012-01-01	2015-12-31	H3260_v1_5	103411
2016-01-01	2017-12-31	H3260_v1_6	103411
2018-01-01	2018-12-31	H3260_v1_7	103411
2007-01-01	2007-12-31	H3260_v1_2	103412
2008-01-01	2009-12-31	H3260_v1_3	103412
2010-01-01	2011-12-31	H3260_v1_4	103412
2012-01-01	2015-12-31	H3260_v1_5	103412
2016-01-01	2017-12-31	H3260_v1_6	103412
2018-01-01	2018-12-31	H3260_v1_7	103412
2007-01-01	2007-12-31	H3260_v1_2	103413
2008-01-01	2009-12-31	H3260_v1_3	103413
2010-01-01	2011-12-31	H3260_v1_4	103413
2012-01-01	2015-12-31	H3260_v1_5	103413
2016-01-01	2017-12-31	H3260_v1_6	103413
2018-01-01	2018-12-31	H3260_v1_7	103413
2007-01-01	2007-12-31	H3260_v1_2	103414
2008-01-01	2009-12-31	H3260_v1_3	103414
2010-01-01	2011-12-31	H3260_v1_4	103414
2012-01-01	2015-12-31	H3260_v1_5	103414
2016-01-01	2017-12-31	H3260_v1_6	103414
2018-01-01	2018-12-31	H3260_v1_7	103414
2007-01-01	2007-12-31	H3260_v1_2	103415
2008-01-01	2009-12-31	H3260_v1_3	103415
2010-01-01	2011-12-31	H3260_v1_4	103415
2012-01-01	2015-12-31	H3260_v1_5	103415
2016-01-01	2017-12-31	H3260_v1_6	103415
2018-01-01	2018-12-31	H3260_v1_7	103415
2008-01-01	2009-12-31	H3260_v1_3	104294
2010-01-01	2011-12-31	H3260_v1_4	104294
2012-01-01	2015-12-31	H3260_v1_5	104294
2016-01-01	2017-12-31	H3260_v1_6	104294
2018-01-01	2018-12-31	H3260_v1_7	104294
2008-01-01	2009-12-31	H3260_v1_3	104295
2010-01-01	2011-12-31	H3260_v1_4	104295
2012-01-01	2015-12-31	H3260_v1_5	104295
2016-01-01	2017-12-31	H3260_v1_6	104295
2018-01-01	2018-12-31	H3260_v1_7	104295
2008-01-01	2009-12-31	H3260_v1_3	104296
2010-01-01	2011-12-31	H3260_v1_4	104296
2012-01-01	2015-12-31	H3260_v1_5	104296
2016-01-01	2017-12-31	H3260_v1_6	104296
2018-01-01	2018-12-31	H3260_v1_7	104296
2008-01-01	2009-12-31	H3260_v1_3	104297
2010-01-01	2011-12-31	H3260_v1_4	104297
2012-01-01	2015-12-31	H3260_v1_5	104297
2016-01-01	2017-12-31	H3260_v1_6	104297
2018-01-01	2018-12-31	H3260_v1_7	104297
2008-01-01	2009-12-31	H3260_v1_3	104298
2010-01-01	2011-12-31	H3260_v1_4	104298
2012-01-01	2015-12-31	H3260_v1_5	104298
2016-01-01	2017-12-31	H3260_v1_6	104298
2018-01-01	2018-12-31	H3260_v1_7	104298
2008-01-01	2009-12-31	H3260_v1_3	104302
2010-01-01	2011-12-31	H3260_v1_4	104302
2016-01-01	2017-12-31	H3260_v1_6	104302
2008-01-01	2009-12-31	H3260_v1_3	104303
2010-01-01	2011-12-31	H3260_v1_4	104303
2012-01-01	2015-12-31	H3260_v1_5	104303
2016-01-01	2017-12-31	H3260_v1_6	104303
2018-01-01	2018-12-31	H3260_v1_7	104303
2008-01-01	2009-12-31	H3260_v1_3	104304
2010-01-01	2011-12-31	H3260_v1_4	104304
2012-01-01	2015-12-31	H3260_v1_5	104304
2016-01-01	2017-12-31	H3260_v1_6	104304
2018-01-01	2018-12-31	H3260_v1_7	104304
2008-01-01	2009-12-31	H3260_v1_3	104305
2010-01-01	2011-12-31	H3260_v1_4	104305
2012-01-01	2015-12-31	H3260_v1_5	104305
2016-01-01	2017-12-31	H3260_v1_6	104305
2018-01-01	2018-12-31	H3260_v1_7	104305
2008-01-01	2009-12-31	H3260_v1_3	104306
2010-01-01	2011-12-31	H3260_v1_4	104306
2012-01-01	2015-12-31	H3260_v1_5	104306
2016-01-01	2017-12-31	H3260_v1_6	104306
2018-01-01	2018-12-31	H3260_v1_7	104306
2008-01-01	2009-12-31	H3260_v1_3	104307
2010-01-01	2011-12-31	H3260_v1_4	104307
2012-01-01	2015-12-31	H3260_v1_5	104307
2016-01-01	2017-12-31	H3260_v1_6	104307
2018-01-01	2018-12-31	H3260_v1_7	104307
2018-01-01	2018-12-31	H3260_v1_7	105436
2010-01-01	2011-12-31	H3260_v1_4	106569
2016-01-01	2017-12-31	H3260_v1_6	106569
2010-01-01	2011-12-31	H3260_v1_4	106570
2016-01-01	2017-12-31	H3260_v1_6	106570
2010-01-01	2011-12-31	H3260_v1_4	106588
2016-01-01	2017-12-31	H3260_v1_6	106588
2010-01-01	2011-12-31	H3260_v1_4	106589
2016-01-01	2017-12-31	H3260_v1_6	106589
2018-01-01	2018-12-31	H3260_v1_7	111316
2018-01-01	2018-12-31	H3260_v1_7	111317
1899-01-01	2006-12-31	H3260_v1_0	111569
2007-01-01	2007-12-31	H3260_v1_2	111569
2008-01-01	2009-12-31	H3260_v1_3	111569
2010-01-01	2011-12-31	H3260_v1_4	111569
2012-01-01	2015-12-31	H3260_v1_5	111569
2016-01-01	2017-12-31	H3260_v1_6	111569
1899-01-01	2006-12-31	H3260_v1_0	111570
2007-01-01	2007-12-31	H3260_v1_2	111570
2008-01-01	2009-12-31	H3260_v1_3	111570
2010-01-01	2011-12-31	H3260_v1_4	111570
2012-01-01	2015-12-31	H3260_v1_5	111570
2016-01-01	2017-12-31	H3260_v1_6	111570
1899-01-01	2006-12-31	H3260_v1_0	111571
2007-01-01	2007-12-31	H3260_v1_2	111571
2008-01-01	2009-12-31	H3260_v1_3	111571
2010-01-01	2011-12-31	H3260_v1_4	111571
2012-01-01	2015-12-31	H3260_v1_5	111571
2016-01-01	2017-12-31	H3260_v1_6	111571
1899-01-01	2006-12-31	H3260_v1_0	111572
2007-01-01	2007-12-31	H3260_v1_2	111572
2008-01-01	2009-12-31	H3260_v1_3	111572
2010-01-01	2011-12-31	H3260_v1_4	111572
2012-01-01	2015-12-31	H3260_v1_5	111572
2016-01-01	2017-12-31	H3260_v1_6	111572
1899-01-01	2006-12-31	H3260_v1_0	111573
2007-01-01	2007-12-31	H3260_v1_2	111573
2008-01-01	2009-12-31	H3260_v1_3	111573
2010-01-01	2011-12-31	H3260_v1_4	111573
2012-01-01	2015-12-31	H3260_v1_5	111573
2016-01-01	2017-12-31	H3260_v1_6	111573
1899-01-01	2006-12-31	H3260_v1_0	111574
2007-01-01	2007-12-31	H3260_v1_2	111574
2008-01-01	2009-12-31	H3260_v1_3	111574
2010-01-01	2011-12-31	H3260_v1_4	111574
2012-01-01	2015-12-31	H3260_v1_5	111574
2016-01-01	2017-12-31	H3260_v1_6	111574
1899-01-01	2006-12-31	H3260_v1_0	111575
2007-01-01	2007-12-31	H3260_v1_2	111575
2008-01-01	2009-12-31	H3260_v1_3	111575
2010-01-01	2011-12-31	H3260_v1_4	111575
2012-01-01	2015-12-31	H3260_v1_5	111575
2016-01-01	2017-12-31	H3260_v1_6	111575
1899-01-01	2006-12-31	H3260_v1_0	111576
2007-01-01	2007-12-31	H3260_v1_2	111576
2008-01-01	2009-12-31	H3260_v1_3	111576
2010-01-01	2011-12-31	H3260_v1_4	111576
2012-01-01	2015-12-31	H3260_v1_5	111576
2016-01-01	2017-12-31	H3260_v1_6	111576
1899-01-01	2006-12-31	H3260_v1_0	111577
2007-01-01	2007-12-31	H3260_v1_2	111577
2008-01-01	2009-12-31	H3260_v1_3	111577
2010-01-01	2011-12-31	H3260_v1_4	111577
2012-01-01	2015-12-31	H3260_v1_5	111577
2016-01-01	2017-12-31	H3260_v1_6	111577
1899-01-01	2006-12-31	H3260_v1_0	111578
2007-01-01	2007-12-31	H3260_v1_2	111578
2008-01-01	2009-12-31	H3260_v1_3	111578
2010-01-01	2011-12-31	H3260_v1_4	111578
2012-01-01	2015-12-31	H3260_v1_5	111578
2016-01-01	2017-12-31	H3260_v1_6	111578
2018-01-01	2018-12-31	H3260_v1_7	111578
1899-01-01	2006-12-31	H3260_v1_0	111579
2007-01-01	2007-12-31	H3260_v1_2	111579
2008-01-01	2009-12-31	H3260_v1_3	111579
2010-01-01	2011-12-31	H3260_v1_4	111579
2012-01-01	2015-12-31	H3260_v1_5	111579
2016-01-01	2017-12-31	H3260_v1_6	111579
2018-01-01	2018-12-31	H3260_v1_7	111579
1899-01-01	2006-12-31	H3260_v1_0	111580
2007-01-01	2007-12-31	H3260_v1_2	111580
2008-01-01	2009-12-31	H3260_v1_3	111580
2010-01-01	2011-12-31	H3260_v1_4	111580
2012-01-01	2015-12-31	H3260_v1_5	111580
2016-01-01	2017-12-31	H3260_v1_6	111580
2018-01-01	2018-12-31	H3260_v1_7	111580
2007-01-01	2007-12-31	H3260_v1_2	111616
2008-01-01	2009-12-31	H3260_v1_3	111616
2010-01-01	2011-12-31	H3260_v1_4	111616
2012-01-01	2015-12-31	H3260_v1_5	111616
2016-01-01	2017-12-31	H3260_v1_6	111616
2018-01-01	2018-12-31	H3260_v1_7	111616
1899-01-01	2006-12-31	H3260_v1_0	111617
2007-01-01	2007-12-31	H3260_v1_2	111617
2008-01-01	2009-12-31	H3260_v1_3	111617
2010-01-01	2011-12-31	H3260_v1_4	111617
2012-01-01	2015-12-31	H3260_v1_5	111617
2016-01-01	2017-12-31	H3260_v1_6	111617
2018-01-01	2018-12-31	H3260_v1_7	111617
1899-01-01	2006-12-31	H3260_v1_0	111618
2007-01-01	2007-12-31	H3260_v1_2	111618
2008-01-01	2009-12-31	H3260_v1_3	111618
2010-01-01	2011-12-31	H3260_v1_4	111618
2012-01-01	2015-12-31	H3260_v1_5	111618
2016-01-01	2017-12-31	H3260_v1_6	111618
2018-01-01	2018-12-31	H3260_v1_7	111618
2012-01-01	2015-12-31	H3260_v1_5	111619
2018-01-01	2018-12-31	H3260_v1_7	111619
2012-01-01	2015-12-31	H3260_v1_5	111620
2018-01-01	2018-12-31	H3260_v1_7	111620
2012-01-01	2015-12-31	H3260_v1_5	111621
2018-01-01	2018-12-31	H3260_v1_7	111621
2012-01-01	2015-12-31	H3260_v1_5	111622
2018-01-01	2018-12-31	H3260_v1_7	111622
2012-01-01	2015-12-31	H3260_v1_5	111623
2018-01-01	2018-12-31	H3260_v1_7	111623
2012-01-01	2015-12-31	H3260_v1_5	113035
2018-01-01	2018-12-31	H3260_v1_7	113035
2012-01-01	2015-12-31	H3260_v1_5	113036
2018-01-01	2018-12-31	H3260_v1_7	113036
2012-01-01	2015-12-31	H3260_v1_5	113037
2018-01-01	2018-12-31	H3260_v1_7	113037
2012-01-01	2015-12-31	H3260_v1_5	113038
2018-01-01	2018-12-31	H3260_v1_7	113038
2012-01-01	2015-12-31	H3260_v1_5	113039
2018-01-01	2018-12-31	H3260_v1_7	113039
2012-01-01	2015-12-31	H3260_v1_5	113040
2018-01-01	2018-12-31	H3260_v1_7	113040
2012-01-01	2015-12-31	H3260_v1_5	113041
2018-01-01	2018-12-31	H3260_v1_7	113041
2012-01-01	2015-12-31	H3260_v1_5	113042
2018-01-01	2018-12-31	H3260_v1_7	113042
2012-01-01	2015-12-31	H3260_v1_5	113043
2018-01-01	2018-12-31	H3260_v1_7	113043
2012-01-01	2015-12-31	H3260_v1_5	113044
2018-01-01	2018-12-31	H3260_v1_7	113044
2012-01-01	2015-12-31	H3260_v1_5	113045
2018-01-01	2018-12-31	H3260_v1_7	113045
2012-01-01	2015-12-31	H3260_v1_5	113046
2018-01-01	2018-12-31	H3260_v1_7	113046
2012-01-01	2015-12-31	H3260_v1_5	113047
2018-01-01	2018-12-31	H3260_v1_7	113047
2012-01-01	2015-12-31	H3260_v1_5	113048
2018-01-01	2018-12-31	H3260_v1_7	113048
2012-01-01	2015-12-31	H3260_v1_5	113049
2018-01-01	2018-12-31	H3260_v1_7	113049
2012-01-01	2015-12-31	H3260_v1_5	113050
2018-01-01	2018-12-31	H3260_v1_7	113050
2012-01-01	2015-12-31	H3260_v1_5	113051
2018-01-01	2018-12-31	H3260_v1_7	113051
2012-01-01	2015-12-31	H3260_v1_5	113052
2018-01-01	2018-12-31	H3260_v1_7	113052
2012-01-01	2015-12-31	H3260_v1_5	113053
2018-01-01	2018-12-31	H3260_v1_7	113053
2012-01-01	2015-12-31	H3260_v1_5	113054
2018-01-01	2018-12-31	H3260_v1_7	113054
2008-01-01	2009-12-31	H3260_v1_3	113055
2010-01-01	2011-12-31	H3260_v1_4	113055
2012-01-01	2015-12-31	H3260_v1_5	113055
2016-01-01	2017-12-31	H3260_v1_6	113055
2018-01-01	2018-12-31	H3260_v1_7	113055
2008-01-01	2009-12-31	H3260_v1_3	113056
2010-01-01	2011-12-31	H3260_v1_4	113056
2012-01-01	2015-12-31	H3260_v1_5	113056
2016-01-01	2017-12-31	H3260_v1_6	113056
2018-01-01	2018-12-31	H3260_v1_7	113056
1899-01-01	2006-12-31	H3260_v1_0	113057
2007-01-01	2007-12-31	H3260_v1_2	113057
2008-01-01	2009-12-31	H3260_v1_3	113057
2010-01-01	2011-12-31	H3260_v1_4	113057
2012-01-01	2015-12-31	H3260_v1_5	113057
2016-01-01	2017-12-31	H3260_v1_6	113057
2018-01-01	2018-12-31	H3260_v1_7	113057
2008-01-01	2009-12-31	H3260_v1_3	113058
2010-01-01	2011-12-31	H3260_v1_4	113058
2012-01-01	2015-12-31	H3260_v1_5	113058
2016-01-01	2017-12-31	H3260_v1_6	113058
2018-01-01	2018-12-31	H3260_v1_7	113058
2008-01-01	2009-12-31	H3260_v1_3	113059
2010-01-01	2011-12-31	H3260_v1_4	113059
2012-01-01	2015-12-31	H3260_v1_5	113059
2016-01-01	2017-12-31	H3260_v1_6	113059
2018-01-01	2018-12-31	H3260_v1_7	113059
2008-01-01	2009-12-31	H3260_v1_3	113060
2010-01-01	2011-12-31	H3260_v1_4	113060
2012-01-01	2015-12-31	H3260_v1_5	113060
2016-01-01	2017-12-31	H3260_v1_6	113060
2018-01-01	2018-12-31	H3260_v1_7	113060
2007-01-01	2007-12-31	H3260_v1_2	114568
2008-01-01	2009-12-31	H3260_v1_3	114568
2010-01-01	2011-12-31	H3260_v1_4	114568
2012-01-01	2015-12-31	H3260_v1_5	114568
2016-01-01	2017-12-31	H3260_v1_6	114568
2018-01-01	2018-12-31	H3260_v1_7	114568
2007-01-01	2007-12-31	H3260_v1_2	114569
2008-01-01	2009-12-31	H3260_v1_3	114569
2010-01-01	2011-12-31	H3260_v1_4	114569
2012-01-01	2015-12-31	H3260_v1_5	114569
2016-01-01	2017-12-31	H3260_v1_6	114569
2018-01-01	2018-12-31	H3260_v1_7	114569
2007-01-01	2007-12-31	H3260_v1_2	114570
2008-01-01	2009-12-31	H3260_v1_3	114570
2010-01-01	2011-12-31	H3260_v1_4	114570
2012-01-01	2015-12-31	H3260_v1_5	114570
2016-01-01	2017-12-31	H3260_v1_6	114570
2018-01-01	2018-12-31	H3260_v1_7	114570
2007-01-01	2007-12-31	H3260_v1_2	114571
2008-01-01	2009-12-31	H3260_v1_3	114571
2010-01-01	2011-12-31	H3260_v1_4	114571
2012-01-01	2015-12-31	H3260_v1_5	114571
2016-01-01	2017-12-31	H3260_v1_6	114571
2018-01-01	2018-12-31	H3260_v1_7	114571
2007-01-01	2007-12-31	H3260_v1_2	114572
2008-01-01	2009-12-31	H3260_v1_3	114572
2010-01-01	2011-12-31	H3260_v1_4	114572
2012-01-01	2015-12-31	H3260_v1_5	114572
2016-01-01	2017-12-31	H3260_v1_6	114572
2018-01-01	2018-12-31	H3260_v1_7	114572
2007-01-01	2007-12-31	H3260_v1_2	114573
2008-01-01	2009-12-31	H3260_v1_3	114573
2010-01-01	2011-12-31	H3260_v1_4	114573
2012-01-01	2015-12-31	H3260_v1_5	114573
2016-01-01	2017-12-31	H3260_v1_6	114573
2018-01-01	2018-12-31	H3260_v1_7	114573
2007-01-01	2007-12-31	H3260_v1_2	114574
2008-01-01	2009-12-31	H3260_v1_3	114574
2010-01-01	2011-12-31	H3260_v1_4	114574
2012-01-01	2015-12-31	H3260_v1_5	114574
2016-01-01	2017-12-31	H3260_v1_6	114574
2018-01-01	2018-12-31	H3260_v1_7	114574
2007-01-01	2007-12-31	H3260_v1_2	114575
2008-01-01	2009-12-31	H3260_v1_3	114575
2010-01-01	2011-12-31	H3260_v1_4	114575
2012-01-01	2015-12-31	H3260_v1_5	114575
2016-01-01	2017-12-31	H3260_v1_6	114575
2018-01-01	2018-12-31	H3260_v1_7	114575
2007-01-01	2007-12-31	H3260_v1_2	114576
2008-01-01	2009-12-31	H3260_v1_3	114576
2010-01-01	2011-12-31	H3260_v1_4	114576
2012-01-01	2015-12-31	H3260_v1_5	114576
2016-01-01	2017-12-31	H3260_v1_6	114576
2018-01-01	2018-12-31	H3260_v1_7	114576
2007-01-01	2007-12-31	H3260_v1_2	114577
2008-01-01	2009-12-31	H3260_v1_3	114577
2010-01-01	2011-12-31	H3260_v1_4	114577
2012-01-01	2015-12-31	H3260_v1_5	114577
2016-01-01	2017-12-31	H3260_v1_6	114577
2018-01-01	2018-12-31	H3260_v1_7	114577
1899-01-01	2006-12-31	H3260_v1_0	114585
2007-01-01	2007-12-31	H3260_v1_2	114585
1899-01-01	2006-12-31	H3260_v1_0	114586
2007-01-01	2007-12-31	H3260_v1_2	114586
2012-01-01	2015-12-31	H3260_v1_5	114607
2018-01-01	2018-12-31	H3260_v1_7	114607
2018-01-01	2018-12-31	H3260_v1_7	123027
2018-01-01	2018-12-31	H3260_v1_7	123028
2012-01-01	2015-12-31	H3260_v1_5	123450
2018-01-01	2018-12-31	H3260_v1_7	123450
2012-01-01	2015-12-31	H3260_v1_5	123451
2018-01-01	2018-12-31	H3260_v1_7	123451
2012-01-01	2015-12-31	H3260_v1_5	123452
2018-01-01	2018-12-31	H3260_v1_7	123452
2012-01-01	2015-12-31	H3260_v1_5	123453
2018-01-01	2018-12-31	H3260_v1_7	123453
2012-01-01	2015-12-31	H3260_v1_5	123454
2018-01-01	2018-12-31	H3260_v1_7	123454
2012-01-01	2015-12-31	H3260_v1_5	123455
2018-01-01	2018-12-31	H3260_v1_7	123455
2012-01-01	2015-12-31	H3260_v1_5	123456
2018-01-01	2018-12-31	H3260_v1_7	123456
2012-01-01	2015-12-31	H3260_v1_5	123457
2018-01-01	2018-12-31	H3260_v1_7	123457
2012-01-01	2015-12-31	H3260_v1_5	123458
2018-01-01	2018-12-31	H3260_v1_7	123458
2012-01-01	2015-12-31	H3260_v1_5	123459
2018-01-01	2018-12-31	H3260_v1_7	123459
2012-01-01	2015-12-31	H3260_v1_5	123460
2018-01-01	2018-12-31	H3260_v1_7	123460
2012-01-01	2015-12-31	H3260_v1_5	123461
2018-01-01	2018-12-31	H3260_v1_7	123461
2012-01-01	2015-12-31	H3260_v1_5	123462
2018-01-01	2018-12-31	H3260_v1_7	123462
2012-01-01	2015-12-31	H3260_v1_5	123463
2018-01-01	2018-12-31	H3260_v1_7	123463
2012-01-01	2015-12-31	H3260_v1_5	123464
2018-01-01	2018-12-31	H3260_v1_7	123464
2012-01-01	2015-12-31	H3260_v1_5	123465
2018-01-01	2018-12-31	H3260_v1_7	123465
2012-01-01	2015-12-31	H3260_v1_5	123466
2018-01-01	2018-12-31	H3260_v1_7	123466
2012-01-01	2015-12-31	H3260_v1_5	123467
2018-01-01	2018-12-31	H3260_v1_7	123467
2012-01-01	2015-12-31	H3260_v1_5	123468
2018-01-01	2018-12-31	H3260_v1_7	123468
2012-01-01	2015-12-31	H3260_v1_5	123469
2018-01-01	2018-12-31	H3260_v1_7	123469
2012-01-01	2015-12-31	H3260_v1_5	123470
2018-01-01	2018-12-31	H3260_v1_7	123470
2012-01-01	2015-12-31	H3260_v1_5	123471
2018-01-01	2018-12-31	H3260_v1_7	123471
1899-01-01	2006-12-31	H3260_v1_0	123478
2007-01-01	2007-12-31	H3260_v1_2	123478
2008-01-01	2009-12-31	H3260_v1_3	123478
2010-01-01	2011-12-31	H3260_v1_4	123478
2012-01-01	2015-12-31	H3260_v1_5	123478
2016-01-01	2017-12-31	H3260_v1_6	123478
1899-01-01	2006-12-31	H3260_v1_0	123479
2007-01-01	2007-12-31	H3260_v1_2	123479
2008-01-01	2009-12-31	H3260_v1_3	123479
2010-01-01	2011-12-31	H3260_v1_4	123479
2012-01-01	2015-12-31	H3260_v1_5	123479
2016-01-01	2017-12-31	H3260_v1_6	123479
1899-01-01	2006-12-31	H3260_v1_0	123480
2007-01-01	2007-12-31	H3260_v1_2	123480
2008-01-01	2009-12-31	H3260_v1_3	123480
2010-01-01	2011-12-31	H3260_v1_4	123480
2012-01-01	2015-12-31	H3260_v1_5	123480
2016-01-01	2017-12-31	H3260_v1_6	123480
1899-01-01	2006-12-31	H3260_v1_0	123481
2007-01-01	2007-12-31	H3260_v1_2	123481
2008-01-01	2009-12-31	H3260_v1_3	123481
2010-01-01	2011-12-31	H3260_v1_4	123481
2012-01-01	2015-12-31	H3260_v1_5	123481
2016-01-01	2017-12-31	H3260_v1_6	123481
1899-01-01	2006-12-31	H3260_v1_0	123482
2007-01-01	2007-12-31	H3260_v1_2	123482
2008-01-01	2009-12-31	H3260_v1_3	123482
2010-01-01	2011-12-31	H3260_v1_4	123482
2012-01-01	2015-12-31	H3260_v1_5	123482
2016-01-01	2017-12-31	H3260_v1_6	123482
2018-01-01	2018-12-31	H3260_v1_7	123482
2018-01-01	2018-12-31	H3260_v1_7	123483
1899-01-01	2006-12-31	H3260_v1_0	123484
2007-01-01	2007-12-31	H3260_v1_2	123484
2008-01-01	2009-12-31	H3260_v1_3	123484
2010-01-01	2011-12-31	H3260_v1_4	123484
2012-01-01	2015-12-31	H3260_v1_5	123484
2016-01-01	2017-12-31	H3260_v1_6	123484
2018-01-01	2018-12-31	H3260_v1_7	123484
1899-01-01	2006-12-31	H3260_v1_0	123485
2007-01-01	2007-12-31	H3260_v1_2	123485
2008-01-01	2009-12-31	H3260_v1_3	123485
2010-01-01	2011-12-31	H3260_v1_4	123485
2012-01-01	2015-12-31	H3260_v1_5	123485
2016-01-01	2017-12-31	H3260_v1_6	123485
2018-01-01	2018-12-31	H3260_v1_7	123485
1899-01-01	2006-12-31	H3260_v1_0	123486
2007-01-01	2007-12-31	H3260_v1_2	123486
2008-01-01	2009-12-31	H3260_v1_3	123486
2010-01-01	2011-12-31	H3260_v1_4	123486
2012-01-01	2015-12-31	H3260_v1_5	123486
2016-01-01	2017-12-31	H3260_v1_6	123486
2018-01-01	2018-12-31	H3260_v1_7	123486
1899-01-01	2006-12-31	H3260_v1_0	123487
2007-01-01	2007-12-31	H3260_v1_2	123487
2008-01-01	2009-12-31	H3260_v1_3	123487
2010-01-01	2011-12-31	H3260_v1_4	123487
2012-01-01	2015-12-31	H3260_v1_5	123487
2016-01-01	2017-12-31	H3260_v1_6	123487
2018-01-01	2018-12-31	H3260_v1_7	123487
1899-01-01	2006-12-31	H3260_v1_0	123488
2007-01-01	2007-12-31	H3260_v1_2	123488
2008-01-01	2009-12-31	H3260_v1_3	123488
2010-01-01	2011-12-31	H3260_v1_4	123488
2012-01-01	2015-12-31	H3260_v1_5	123488
2016-01-01	2017-12-31	H3260_v1_6	123488
2018-01-01	2018-12-31	H3260_v1_7	123488
2018-01-01	2018-12-31	H3260_v1_7	123489
1899-01-01	2006-12-31	H3260_v1_0	123490
2007-01-01	2007-12-31	H3260_v1_2	123490
2008-01-01	2009-12-31	H3260_v1_3	123490
2010-01-01	2011-12-31	H3260_v1_4	123490
2012-01-01	2015-12-31	H3260_v1_5	123490
2016-01-01	2017-12-31	H3260_v1_6	123490
2018-01-01	2018-12-31	H3260_v1_7	123490
1899-01-01	2006-12-31	H3260_v1_0	123491
2007-01-01	2007-12-31	H3260_v1_2	123491
2008-01-01	2009-12-31	H3260_v1_3	123491
2010-01-01	2011-12-31	H3260_v1_4	123491
2012-01-01	2015-12-31	H3260_v1_5	123491
2016-01-01	2017-12-31	H3260_v1_6	123491
2018-01-01	2018-12-31	H3260_v1_7	123491
1899-01-01	2006-12-31	H3260_v1_0	123492
2007-01-01	2007-12-31	H3260_v1_2	123492
2008-01-01	2009-12-31	H3260_v1_3	123492
2010-01-01	2011-12-31	H3260_v1_4	123492
2012-01-01	2015-12-31	H3260_v1_5	123492
2016-01-01	2017-12-31	H3260_v1_6	123492
2018-01-01	2018-12-31	H3260_v1_7	123492
2018-01-01	2018-12-31	H3260_v1_7	123493
2018-01-01	2018-12-31	H3260_v1_7	123494
2018-01-01	2018-12-31	H3260_v1_7	123495
1899-01-01	2006-12-31	H3260_v1_0	123496
2007-01-01	2007-12-31	H3260_v1_2	123496
2008-01-01	2009-12-31	H3260_v1_3	123496
2010-01-01	2011-12-31	H3260_v1_4	123496
2012-01-01	2015-12-31	H3260_v1_5	123496
2016-01-01	2017-12-31	H3260_v1_6	123496
2018-01-01	2018-12-31	H3260_v1_7	123496
1899-01-01	2006-12-31	H3260_v1_0	123497
2007-01-01	2007-12-31	H3260_v1_2	123497
2008-01-01	2009-12-31	H3260_v1_3	123497
2010-01-01	2011-12-31	H3260_v1_4	123497
2012-01-01	2015-12-31	H3260_v1_5	123497
2016-01-01	2017-12-31	H3260_v1_6	123497
2018-01-01	2018-12-31	H3260_v1_7	123497
1899-01-01	2006-12-31	H3260_v1_0	123498
2007-01-01	2007-12-31	H3260_v1_2	123498
2008-01-01	2009-12-31	H3260_v1_3	123498
2010-01-01	2011-12-31	H3260_v1_4	123498
2012-01-01	2015-12-31	H3260_v1_5	123498
2016-01-01	2017-12-31	H3260_v1_6	123498
2018-01-01	2018-12-31	H3260_v1_7	123498
1899-01-01	2006-12-31	H3260_v1_0	123499
2007-01-01	2007-12-31	H3260_v1_2	123499
2008-01-01	2009-12-31	H3260_v1_3	123499
2010-01-01	2011-12-31	H3260_v1_4	123499
2012-01-01	2015-12-31	H3260_v1_5	123499
2016-01-01	2017-12-31	H3260_v1_6	123499
2018-01-01	2018-12-31	H3260_v1_7	123499
1899-01-01	2006-12-31	H3260_v1_0	123500
2007-01-01	2007-12-31	H3260_v1_2	123500
2008-01-01	2009-12-31	H3260_v1_3	123500
2010-01-01	2011-12-31	H3260_v1_4	123500
2012-01-01	2015-12-31	H3260_v1_5	123500
2016-01-01	2017-12-31	H3260_v1_6	123500
2018-01-01	2018-12-31	H3260_v1_7	123500
2018-01-01	2018-12-31	H3260_v1_7	123501
1899-01-01	2006-12-31	H3260_v1_0	123502
2007-01-01	2007-12-31	H3260_v1_2	123502
2008-01-01	2009-12-31	H3260_v1_3	123502
2010-01-01	2011-12-31	H3260_v1_4	123502
2012-01-01	2015-12-31	H3260_v1_5	123502
2016-01-01	2017-12-31	H3260_v1_6	123502
2018-01-01	2018-12-31	H3260_v1_7	123502
1899-01-01	2006-12-31	H3260_v1_0	123503
2007-01-01	2007-12-31	H3260_v1_2	123503
2008-01-01	2009-12-31	H3260_v1_3	123503
2010-01-01	2011-12-31	H3260_v1_4	123503
2012-01-01	2015-12-31	H3260_v1_5	123503
2016-01-01	2017-12-31	H3260_v1_6	123503
2018-01-01	2018-12-31	H3260_v1_7	123503
1899-01-01	2006-12-31	H3260_v1_0	123504
2007-01-01	2007-12-31	H3260_v1_2	123504
2008-01-01	2009-12-31	H3260_v1_3	123504
2010-01-01	2011-12-31	H3260_v1_4	123504
2012-01-01	2015-12-31	H3260_v1_5	123504
2016-01-01	2017-12-31	H3260_v1_6	123504
2018-01-01	2018-12-31	H3260_v1_7	123504
1899-01-01	2006-12-31	H3260_v1_0	123505
2007-01-01	2007-12-31	H3260_v1_2	123505
2008-01-01	2009-12-31	H3260_v1_3	123505
2010-01-01	2011-12-31	H3260_v1_4	123505
2012-01-01	2015-12-31	H3260_v1_5	123505
2016-01-01	2017-12-31	H3260_v1_6	123505
2018-01-01	2018-12-31	H3260_v1_7	123505
1899-01-01	2006-12-31	H3260_v1_0	123506
2007-01-01	2007-12-31	H3260_v1_2	123506
2008-01-01	2009-12-31	H3260_v1_3	123506
2010-01-01	2011-12-31	H3260_v1_4	123506
2012-01-01	2015-12-31	H3260_v1_5	123506
2016-01-01	2017-12-31	H3260_v1_6	123506
2018-01-01	2018-12-31	H3260_v1_7	123506
1899-01-01	2006-12-31	H3260_v1_0	123508
2007-01-01	2007-12-31	H3260_v1_2	123508
2008-01-01	2009-12-31	H3260_v1_3	123508
2010-01-01	2011-12-31	H3260_v1_4	123508
2012-01-01	2015-12-31	H3260_v1_5	123508
2016-01-01	2017-12-31	H3260_v1_6	123508
1899-01-01	2006-12-31	H3260_v1_0	123509
2007-01-01	2007-12-31	H3260_v1_2	123509
2008-01-01	2009-12-31	H3260_v1_3	123509
2010-01-01	2011-12-31	H3260_v1_4	123509
2012-01-01	2015-12-31	H3260_v1_5	123509
2016-01-01	2017-12-31	H3260_v1_6	123509
1899-01-01	2006-12-31	H3260_v1_0	123510
2007-01-01	2007-12-31	H3260_v1_2	123510
2008-01-01	2009-12-31	H3260_v1_3	123510
2010-01-01	2011-12-31	H3260_v1_4	123510
2012-01-01	2015-12-31	H3260_v1_5	123510
2016-01-01	2017-12-31	H3260_v1_6	123510
1899-01-01	2006-12-31	H3260_v1_0	123511
2007-01-01	2007-12-31	H3260_v1_2	123511
2008-01-01	2009-12-31	H3260_v1_3	123511
2010-01-01	2011-12-31	H3260_v1_4	123511
2012-01-01	2015-12-31	H3260_v1_5	123511
2016-01-01	2017-12-31	H3260_v1_6	123511
1899-01-01	2006-12-31	H3260_v1_0	123512
2007-01-01	2007-12-31	H3260_v1_2	123512
2008-01-01	2009-12-31	H3260_v1_3	123512
2010-01-01	2011-12-31	H3260_v1_4	123512
2012-01-01	2015-12-31	H3260_v1_5	123512
2016-01-01	2017-12-31	H3260_v1_6	123512
1899-01-01	2006-12-31	H3260_v1_0	123513
2007-01-01	2007-12-31	H3260_v1_2	123513
2008-01-01	2009-12-31	H3260_v1_3	123513
2010-01-01	2011-12-31	H3260_v1_4	123513
2012-01-01	2015-12-31	H3260_v1_5	123513
2016-01-01	2017-12-31	H3260_v1_6	123513
1899-01-01	2006-12-31	H3260_v1_0	123514
2007-01-01	2007-12-31	H3260_v1_2	123514
2008-01-01	2009-12-31	H3260_v1_3	123514
2010-01-01	2011-12-31	H3260_v1_4	123514
2012-01-01	2015-12-31	H3260_v1_5	123514
2016-01-01	2017-12-31	H3260_v1_6	123514
1899-01-01	2006-12-31	H3260_v1_0	123526
2007-01-01	2007-12-31	H3260_v1_2	123526
2008-01-01	2009-12-31	H3260_v1_3	123526
2010-01-01	2011-12-31	H3260_v1_4	123526
2012-01-01	2015-12-31	H3260_v1_5	123526
2016-01-01	2017-12-31	H3260_v1_6	123526
2018-01-01	2018-12-31	H3260_v1_7	123526
1899-01-01	2006-12-31	H3260_v1_0	123527
2007-01-01	2007-12-31	H3260_v1_2	123527
2008-01-01	2009-12-31	H3260_v1_3	123527
2010-01-01	2011-12-31	H3260_v1_4	123527
2012-01-01	2015-12-31	H3260_v1_5	123527
2016-01-01	2017-12-31	H3260_v1_6	123527
2018-01-01	2018-12-31	H3260_v1_7	123527
1899-01-01	2006-12-31	H3260_v1_0	123528
2007-01-01	2007-12-31	H3260_v1_2	123528
2008-01-01	2009-12-31	H3260_v1_3	123528
2010-01-01	2011-12-31	H3260_v1_4	123528
2012-01-01	2015-12-31	H3260_v1_5	123528
2016-01-01	2017-12-31	H3260_v1_6	123528
2018-01-01	2018-12-31	H3260_v1_7	123528
1899-01-01	2006-12-31	H3260_v1_0	123529
2012-01-01	2015-12-31	H3260_v1_5	123529
2018-01-01	2018-12-31	H3260_v1_7	123529
1899-01-01	2006-12-31	H3260_v1_0	123530
2007-01-01	2007-12-31	H3260_v1_2	123530
2008-01-01	2009-12-31	H3260_v1_3	123530
2010-01-01	2011-12-31	H3260_v1_4	123530
2012-01-01	2015-12-31	H3260_v1_5	123530
2016-01-01	2017-12-31	H3260_v1_6	123530
2018-01-01	2018-12-31	H3260_v1_7	123530
1899-01-01	2006-12-31	H3260_v1_0	123531
2007-01-01	2007-12-31	H3260_v1_2	123531
2008-01-01	2009-12-31	H3260_v1_3	123531
2010-01-01	2011-12-31	H3260_v1_4	123531
2012-01-01	2015-12-31	H3260_v1_5	123531
2016-01-01	2017-12-31	H3260_v1_6	123531
2018-01-01	2018-12-31	H3260_v1_7	123531
1899-01-01	2006-12-31	H3260_v1_0	123532
2007-01-01	2007-12-31	H3260_v1_2	123532
2008-01-01	2009-12-31	H3260_v1_3	123532
2010-01-01	2011-12-31	H3260_v1_4	123532
2012-01-01	2015-12-31	H3260_v1_5	123532
2016-01-01	2017-12-31	H3260_v1_6	123532
2018-01-01	2018-12-31	H3260_v1_7	123532
1899-01-01	2006-12-31	H3260_v1_0	123533
2007-01-01	2007-12-31	H3260_v1_2	123533
2008-01-01	2009-12-31	H3260_v1_3	123533
2010-01-01	2011-12-31	H3260_v1_4	123533
2012-01-01	2015-12-31	H3260_v1_5	123533
2016-01-01	2017-12-31	H3260_v1_6	123533
2018-01-01	2018-12-31	H3260_v1_7	123533
1899-01-01	2006-12-31	H3260_v1_0	123534
2007-01-01	2007-12-31	H3260_v1_2	123534
2008-01-01	2009-12-31	H3260_v1_3	123534
2010-01-01	2011-12-31	H3260_v1_4	123534
2012-01-01	2015-12-31	H3260_v1_5	123534
2016-01-01	2017-12-31	H3260_v1_6	123534
2018-01-01	2018-12-31	H3260_v1_7	123534
2010-01-01	2011-12-31	H3260_v1_4	123539
2012-01-01	2015-12-31	H3260_v1_5	123539
2016-01-01	2017-12-31	H3260_v1_6	123539
1899-01-01	2006-12-31	H3260_v1_0	123540
2007-01-01	2007-12-31	H3260_v1_2	123540
2008-01-01	2009-12-31	H3260_v1_3	123540
2010-01-01	2011-12-31	H3260_v1_4	123540
2012-01-01	2015-12-31	H3260_v1_5	123540
2016-01-01	2017-12-31	H3260_v1_6	123540
2018-01-01	2018-12-31	H3260_v1_7	123540
1899-01-01	2006-12-31	H3260_v1_0	123541
2007-01-01	2007-12-31	H3260_v1_2	123541
2008-01-01	2009-12-31	H3260_v1_3	123541
2010-01-01	2011-12-31	H3260_v1_4	123541
2012-01-01	2015-12-31	H3260_v1_5	123541
2016-01-01	2017-12-31	H3260_v1_6	123541
2018-01-01	2018-12-31	H3260_v1_7	123541
1899-01-01	2006-12-31	H3260_v1_0	123542
2007-01-01	2007-12-31	H3260_v1_2	123542
2008-01-01	2009-12-31	H3260_v1_3	123542
2010-01-01	2011-12-31	H3260_v1_4	123542
2012-01-01	2015-12-31	H3260_v1_5	123542
2016-01-01	2017-12-31	H3260_v1_6	123542
2018-01-01	2018-12-31	H3260_v1_7	123542
1899-01-01	2006-12-31	H3260_v1_0	123543
2007-01-01	2007-12-31	H3260_v1_2	123543
2008-01-01	2009-12-31	H3260_v1_3	123543
2010-01-01	2011-12-31	H3260_v1_4	123543
2012-01-01	2015-12-31	H3260_v1_5	123543
2016-01-01	2017-12-31	H3260_v1_6	123543
2018-01-01	2018-12-31	H3260_v1_7	123543
1899-01-01	2006-12-31	H3260_v1_0	123544
2007-01-01	2007-12-31	H3260_v1_2	123544
2008-01-01	2009-12-31	H3260_v1_3	123544
2010-01-01	2011-12-31	H3260_v1_4	123544
2012-01-01	2015-12-31	H3260_v1_5	123544
2016-01-01	2017-12-31	H3260_v1_6	123544
2018-01-01	2018-12-31	H3260_v1_7	123544
1899-01-01	2006-12-31	H3260_v1_0	123545
2007-01-01	2007-12-31	H3260_v1_2	123545
2008-01-01	2009-12-31	H3260_v1_3	123545
2010-01-01	2011-12-31	H3260_v1_4	123545
2012-01-01	2015-12-31	H3260_v1_5	123545
2016-01-01	2017-12-31	H3260_v1_6	123545
2018-01-01	2018-12-31	H3260_v1_7	123545
1899-01-01	2006-12-31	H3260_v1_0	123546
2007-01-01	2007-12-31	H3260_v1_2	123546
2008-01-01	2009-12-31	H3260_v1_3	123546
2010-01-01	2011-12-31	H3260_v1_4	123546
2012-01-01	2015-12-31	H3260_v1_5	123546
2016-01-01	2017-12-31	H3260_v1_6	123546
2018-01-01	2018-12-31	H3260_v1_7	123546
1899-01-01	2006-12-31	H3260_v1_0	123547
2007-01-01	2007-12-31	H3260_v1_2	123547
2008-01-01	2009-12-31	H3260_v1_3	123547
2010-01-01	2011-12-31	H3260_v1_4	123547
2012-01-01	2015-12-31	H3260_v1_5	123547
2016-01-01	2017-12-31	H3260_v1_6	123547
1899-01-01	2006-12-31	H3260_v1_0	123548
2007-01-01	2007-12-31	H3260_v1_2	123548
2008-01-01	2009-12-31	H3260_v1_3	123548
2010-01-01	2011-12-31	H3260_v1_4	123548
2012-01-01	2015-12-31	H3260_v1_5	123548
2016-01-01	2017-12-31	H3260_v1_6	123548
1899-01-01	2006-12-31	H3260_v1_0	123549
2007-01-01	2007-12-31	H3260_v1_2	123549
2008-01-01	2009-12-31	H3260_v1_3	123549
2010-01-01	2011-12-31	H3260_v1_4	123549
2012-01-01	2015-12-31	H3260_v1_5	123549
2016-01-01	2017-12-31	H3260_v1_6	123549
1899-01-01	2006-12-31	H3260_v1_0	123550
2007-01-01	2007-12-31	H3260_v1_2	123550
2008-01-01	2009-12-31	H3260_v1_3	123550
2010-01-01	2011-12-31	H3260_v1_4	123550
2012-01-01	2015-12-31	H3260_v1_5	123550
2016-01-01	2017-12-31	H3260_v1_6	123550
1899-01-01	2006-12-31	H3260_v1_0	123551
2007-01-01	2007-12-31	H3260_v1_2	123551
2008-01-01	2009-12-31	H3260_v1_3	123551
2010-01-01	2011-12-31	H3260_v1_4	123551
2012-01-01	2015-12-31	H3260_v1_5	123551
2016-01-01	2017-12-31	H3260_v1_6	123551
1899-01-01	2006-12-31	H3260_v1_0	123552
2007-01-01	2007-12-31	H3260_v1_2	123552
2008-01-01	2009-12-31	H3260_v1_3	123552
2010-01-01	2011-12-31	H3260_v1_4	123552
2012-01-01	2015-12-31	H3260_v1_5	123552
2016-01-01	2017-12-31	H3260_v1_6	123552
1899-01-01	2006-12-31	H3260_v1_0	123553
2007-01-01	2007-12-31	H3260_v1_2	123553
2008-01-01	2009-12-31	H3260_v1_3	123553
2010-01-01	2011-12-31	H3260_v1_4	123553
2012-01-01	2015-12-31	H3260_v1_5	123553
2016-01-01	2017-12-31	H3260_v1_6	123553
1899-01-01	2006-12-31	H3260_v1_0	123554
2007-01-01	2007-12-31	H3260_v1_2	123554
2008-01-01	2009-12-31	H3260_v1_3	123554
2010-01-01	2011-12-31	H3260_v1_4	123554
2012-01-01	2015-12-31	H3260_v1_5	123554
2016-01-01	2017-12-31	H3260_v1_6	123554
1899-01-01	2006-12-31	H3260_v1_0	123555
2007-01-01	2007-12-31	H3260_v1_2	123555
2008-01-01	2009-12-31	H3260_v1_3	123555
2010-01-01	2011-12-31	H3260_v1_4	123555
2012-01-01	2015-12-31	H3260_v1_5	123555
2016-01-01	2017-12-31	H3260_v1_6	123555
1899-01-01	2006-12-31	H3260_v1_0	123556
2007-01-01	2007-12-31	H3260_v1_2	123556
2008-01-01	2009-12-31	H3260_v1_3	123556
2010-01-01	2011-12-31	H3260_v1_4	123556
2012-01-01	2015-12-31	H3260_v1_5	123556
2016-01-01	2017-12-31	H3260_v1_6	123556
1899-01-01	2006-12-31	H3260_v1_0	123557
2007-01-01	2007-12-31	H3260_v1_2	123557
2008-01-01	2009-12-31	H3260_v1_3	123557
2010-01-01	2011-12-31	H3260_v1_4	123557
2012-01-01	2015-12-31	H3260_v1_5	123557
2016-01-01	2017-12-31	H3260_v1_6	123557
1899-01-01	2006-12-31	H3260_v1_0	123558
2007-01-01	2007-12-31	H3260_v1_2	123558
2008-01-01	2009-12-31	H3260_v1_3	123558
2010-01-01	2011-12-31	H3260_v1_4	123558
2012-01-01	2015-12-31	H3260_v1_5	123558
2016-01-01	2017-12-31	H3260_v1_6	123558
1899-01-01	2006-12-31	H3260_v1_0	123559
2007-01-01	2007-12-31	H3260_v1_2	123559
2008-01-01	2009-12-31	H3260_v1_3	123559
2010-01-01	2011-12-31	H3260_v1_4	123559
2012-01-01	2015-12-31	H3260_v1_5	123559
2016-01-01	2017-12-31	H3260_v1_6	123559
1899-01-01	2006-12-31	H3260_v1_0	123560
2007-01-01	2007-12-31	H3260_v1_2	123560
2008-01-01	2009-12-31	H3260_v1_3	123560
2010-01-01	2011-12-31	H3260_v1_4	123560
2012-01-01	2015-12-31	H3260_v1_5	123560
2016-01-01	2017-12-31	H3260_v1_6	123560
1899-01-01	2006-12-31	H3260_v1_0	123561
2007-01-01	2007-12-31	H3260_v1_2	123561
2008-01-01	2009-12-31	H3260_v1_3	123561
2010-01-01	2011-12-31	H3260_v1_4	123561
2012-01-01	2015-12-31	H3260_v1_5	123561
2016-01-01	2017-12-31	H3260_v1_6	123561
1899-01-01	2006-12-31	H3260_v1_0	123562
2007-01-01	2007-12-31	H3260_v1_2	123562
2008-01-01	2009-12-31	H3260_v1_3	123562
2010-01-01	2011-12-31	H3260_v1_4	123562
2012-01-01	2015-12-31	H3260_v1_5	123562
2016-01-01	2017-12-31	H3260_v1_6	123562
1899-01-01	2006-12-31	H3260_v1_0	123563
2007-01-01	2007-12-31	H3260_v1_2	123563
2008-01-01	2009-12-31	H3260_v1_3	123563
2010-01-01	2011-12-31	H3260_v1_4	123563
2012-01-01	2015-12-31	H3260_v1_5	123563
2016-01-01	2017-12-31	H3260_v1_6	123563
1899-01-01	2006-12-31	H3260_v1_0	123564
2007-01-01	2007-12-31	H3260_v1_2	123564
2008-01-01	2009-12-31	H3260_v1_3	123564
2010-01-01	2011-12-31	H3260_v1_4	123564
2012-01-01	2015-12-31	H3260_v1_5	123564
2016-01-01	2017-12-31	H3260_v1_6	123564
1899-01-01	2006-12-31	H3260_v1_0	123565
2007-01-01	2007-12-31	H3260_v1_2	123565
2008-01-01	2009-12-31	H3260_v1_3	123565
2010-01-01	2011-12-31	H3260_v1_4	123565
2012-01-01	2015-12-31	H3260_v1_5	123565
2016-01-01	2017-12-31	H3260_v1_6	123565
1899-01-01	2006-12-31	H3260_v1_0	123566
2007-01-01	2007-12-31	H3260_v1_2	123566
2008-01-01	2009-12-31	H3260_v1_3	123566
2010-01-01	2011-12-31	H3260_v1_4	123566
2012-01-01	2015-12-31	H3260_v1_5	123566
2016-01-01	2017-12-31	H3260_v1_6	123566
1899-01-01	2006-12-31	H3260_v1_0	123567
2007-01-01	2007-12-31	H3260_v1_2	123567
2008-01-01	2009-12-31	H3260_v1_3	123567
2010-01-01	2011-12-31	H3260_v1_4	123567
2012-01-01	2015-12-31	H3260_v1_5	123567
2016-01-01	2017-12-31	H3260_v1_6	123567
1899-01-01	2006-12-31	H3260_v1_0	123568
2007-01-01	2007-12-31	H3260_v1_2	123568
2008-01-01	2009-12-31	H3260_v1_3	123568
2010-01-01	2011-12-31	H3260_v1_4	123568
2012-01-01	2015-12-31	H3260_v1_5	123568
2016-01-01	2017-12-31	H3260_v1_6	123568
1899-01-01	2006-12-31	H3260_v1_0	123569
2007-01-01	2007-12-31	H3260_v1_2	123569
2008-01-01	2009-12-31	H3260_v1_3	123569
2010-01-01	2011-12-31	H3260_v1_4	123569
2012-01-01	2015-12-31	H3260_v1_5	123569
2016-01-01	2017-12-31	H3260_v1_6	123569
1899-01-01	2006-12-31	H3260_v1_0	123570
2007-01-01	2007-12-31	H3260_v1_2	123570
2008-01-01	2009-12-31	H3260_v1_3	123570
2010-01-01	2011-12-31	H3260_v1_4	123570
2012-01-01	2015-12-31	H3260_v1_5	123570
2016-01-01	2017-12-31	H3260_v1_6	123570
1899-01-01	2006-12-31	H3260_v1_0	123571
2007-01-01	2007-12-31	H3260_v1_2	123571
2008-01-01	2009-12-31	H3260_v1_3	123571
2010-01-01	2011-12-31	H3260_v1_4	123571
2012-01-01	2015-12-31	H3260_v1_5	123571
2016-01-01	2017-12-31	H3260_v1_6	123571
1899-01-01	2006-12-31	H3260_v1_0	123572
2007-01-01	2007-12-31	H3260_v1_2	123572
2008-01-01	2009-12-31	H3260_v1_3	123572
2010-01-01	2011-12-31	H3260_v1_4	123572
2012-01-01	2015-12-31	H3260_v1_5	123572
2016-01-01	2017-12-31	H3260_v1_6	123572
1899-01-01	2006-12-31	H3260_v1_0	123573
2007-01-01	2007-12-31	H3260_v1_2	123573
2008-01-01	2009-12-31	H3260_v1_3	123573
2010-01-01	2011-12-31	H3260_v1_4	123573
2012-01-01	2015-12-31	H3260_v1_5	123573
2016-01-01	2017-12-31	H3260_v1_6	123573
1899-01-01	2006-12-31	H3260_v1_0	123574
2007-01-01	2007-12-31	H3260_v1_2	123574
2008-01-01	2009-12-31	H3260_v1_3	123574
2010-01-01	2011-12-31	H3260_v1_4	123574
2012-01-01	2015-12-31	H3260_v1_5	123574
2016-01-01	2017-12-31	H3260_v1_6	123574
1899-01-01	2006-12-31	H3260_v1_0	123575
2007-01-01	2007-12-31	H3260_v1_2	123575
2008-01-01	2009-12-31	H3260_v1_3	123575
2010-01-01	2011-12-31	H3260_v1_4	123575
2012-01-01	2015-12-31	H3260_v1_5	123575
2016-01-01	2017-12-31	H3260_v1_6	123575
2018-01-01	2018-12-31	H3260_v1_7	123575
1899-01-01	2006-12-31	H3260_v1_0	123576
2007-01-01	2007-12-31	H3260_v1_2	123576
2008-01-01	2009-12-31	H3260_v1_3	123576
2010-01-01	2011-12-31	H3260_v1_4	123576
2012-01-01	2015-12-31	H3260_v1_5	123576
2016-01-01	2017-12-31	H3260_v1_6	123576
2018-01-01	2018-12-31	H3260_v1_7	123576
2012-01-01	2015-12-31	H3260_v1_5	123577
2018-01-01	2018-12-31	H3260_v1_7	123577
2012-01-01	2015-12-31	H3260_v1_5	123578
2018-01-01	2018-12-31	H3260_v1_7	123578
2012-01-01	2015-12-31	H3260_v1_5	123579
2018-01-01	2018-12-31	H3260_v1_7	123579
2012-01-01	2015-12-31	H3260_v1_5	123580
2018-01-01	2018-12-31	H3260_v1_7	123580
2012-01-01	2015-12-31	H3260_v1_5	123581
2018-01-01	2018-12-31	H3260_v1_7	123581
2012-01-01	2015-12-31	H3260_v1_5	123582
2018-01-01	2018-12-31	H3260_v1_7	123582
2012-01-01	2015-12-31	H3260_v1_5	123583
2018-01-01	2018-12-31	H3260_v1_7	123583
1899-01-01	2006-12-31	H3260_v1_0	123584
2007-01-01	2007-12-31	H3260_v1_2	123584
2008-01-01	2009-12-31	H3260_v1_3	123584
2010-01-01	2011-12-31	H3260_v1_4	123584
2012-01-01	2015-12-31	H3260_v1_5	123584
2016-01-01	2017-12-31	H3260_v1_6	123584
2018-01-01	2018-12-31	H3260_v1_7	123584
1899-01-01	2006-12-31	H3260_v1_0	123585
2007-01-01	2007-12-31	H3260_v1_2	123585
2008-01-01	2009-12-31	H3260_v1_3	123585
2010-01-01	2011-12-31	H3260_v1_4	123585
2012-01-01	2015-12-31	H3260_v1_5	123585
2016-01-01	2017-12-31	H3260_v1_6	123585
2018-01-01	2018-12-31	H3260_v1_7	123585
1899-01-01	2006-12-31	H3260_v1_0	123586
2007-01-01	2007-12-31	H3260_v1_2	123586
2008-01-01	2009-12-31	H3260_v1_3	123586
2010-01-01	2011-12-31	H3260_v1_4	123586
2012-01-01	2015-12-31	H3260_v1_5	123586
2016-01-01	2017-12-31	H3260_v1_6	123586
2018-01-01	2018-12-31	H3260_v1_7	123586
1899-01-01	2006-12-31	H3260_v1_0	123587
2007-01-01	2007-12-31	H3260_v1_2	123587
2008-01-01	2009-12-31	H3260_v1_3	123587
2010-01-01	2011-12-31	H3260_v1_4	123587
2012-01-01	2015-12-31	H3260_v1_5	123587
2016-01-01	2017-12-31	H3260_v1_6	123587
2018-01-01	2018-12-31	H3260_v1_7	123587
2012-01-01	2015-12-31	H3260_v1_5	123588
2018-01-01	2018-12-31	H3260_v1_7	123588
2012-01-01	2015-12-31	H3260_v1_5	123589
2018-01-01	2018-12-31	H3260_v1_7	123589
2012-01-01	2015-12-31	H3260_v1_5	123590
2018-01-01	2018-12-31	H3260_v1_7	123590
2012-01-01	2015-12-31	H3260_v1_5	123591
2018-01-01	2018-12-31	H3260_v1_7	123591
2012-01-01	2015-12-31	H3260_v1_5	123592
2018-01-01	2018-12-31	H3260_v1_7	123592
2012-01-01	2015-12-31	H3260_v1_5	123593
2018-01-01	2018-12-31	H3260_v1_7	123593
2012-01-01	2015-12-31	H3260_v1_5	123594
2018-01-01	2018-12-31	H3260_v1_7	123594
2012-01-01	2015-12-31	H3260_v1_5	123595
2018-01-01	2018-12-31	H3260_v1_7	123595
2012-01-01	2015-12-31	H3260_v1_5	123596
2018-01-01	2018-12-31	H3260_v1_7	123596
2012-01-01	2015-12-31	H3260_v1_5	123597
2018-01-01	2018-12-31	H3260_v1_7	123597
2012-01-01	2015-12-31	H3260_v1_5	123598
2018-01-01	2018-12-31	H3260_v1_7	123598
2012-01-01	2015-12-31	H3260_v1_5	123599
2018-01-01	2018-12-31	H3260_v1_7	123599
2012-01-01	2015-12-31	H3260_v1_5	123600
2018-01-01	2018-12-31	H3260_v1_7	123600
2012-01-01	2015-12-31	H3260_v1_5	123601
2018-01-01	2018-12-31	H3260_v1_7	123601
2012-01-01	2015-12-31	H3260_v1_5	123602
2018-01-01	2018-12-31	H3260_v1_7	123602
2012-01-01	2015-12-31	H3260_v1_5	123603
2018-01-01	2018-12-31	H3260_v1_7	123603
2012-01-01	2015-12-31	H3260_v1_5	123604
2018-01-01	2018-12-31	H3260_v1_7	123604
2012-01-01	2015-12-31	H3260_v1_5	123605
2018-01-01	2018-12-31	H3260_v1_7	123605
2012-01-01	2015-12-31	H3260_v1_5	123606
2018-01-01	2018-12-31	H3260_v1_7	123606
2012-01-01	2015-12-31	H3260_v1_5	123607
2018-01-01	2018-12-31	H3260_v1_7	123607
2012-01-01	2015-12-31	H3260_v1_5	123608
2018-01-01	2018-12-31	H3260_v1_7	123608
2012-01-01	2015-12-31	H3260_v1_5	123609
2018-01-01	2018-12-31	H3260_v1_7	123609
2012-01-01	2015-12-31	H3260_v1_5	123610
2018-01-01	2018-12-31	H3260_v1_7	123610
2012-01-01	2015-12-31	H3260_v1_5	123611
2018-01-01	2018-12-31	H3260_v1_7	123611
2012-01-01	2015-12-31	H3260_v1_5	123612
2018-01-01	2018-12-31	H3260_v1_7	123612
2012-01-01	2015-12-31	H3260_v1_5	123613
2018-01-01	2018-12-31	H3260_v1_7	123613
2012-01-01	2015-12-31	H3260_v1_5	123614
2018-01-01	2018-12-31	H3260_v1_7	123614
2010-01-01	2011-12-31	H3260_v1_4	123615
2012-01-01	2015-12-31	H3260_v1_5	123615
2016-01-01	2017-12-31	H3260_v1_6	123615
2018-01-01	2018-12-31	H3260_v1_7	123615
2010-01-01	2011-12-31	H3260_v1_4	123616
2012-01-01	2015-12-31	H3260_v1_5	123616
2016-01-01	2017-12-31	H3260_v1_6	123616
2010-01-01	2011-12-31	H3260_v1_4	123648
2012-01-01	2015-12-31	H3260_v1_5	123648
2016-01-01	2017-12-31	H3260_v1_6	123648
2018-01-01	2018-12-31	H3260_v1_7	123648
2010-01-01	2011-12-31	H3260_v1_4	123649
2012-01-01	2015-12-31	H3260_v1_5	123649
2016-01-01	2017-12-31	H3260_v1_6	123649
2018-01-01	2018-12-31	H3260_v1_7	123649
1899-01-01	2006-12-31	H3260_v1_0	123664
2007-01-01	2007-12-31	H3260_v1_2	123664
2008-01-01	2009-12-31	H3260_v1_3	123664
2010-01-01	2011-12-31	H3260_v1_4	123664
2012-01-01	2015-12-31	H3260_v1_5	123664
2016-01-01	2017-12-31	H3260_v1_6	123664
2018-01-01	2018-12-31	H3260_v1_7	123664
1899-01-01	2006-12-31	H3260_v1_0	123665
2007-01-01	2007-12-31	H3260_v1_2	123665
2008-01-01	2009-12-31	H3260_v1_3	123665
2010-01-01	2011-12-31	H3260_v1_4	123665
2012-01-01	2015-12-31	H3260_v1_5	123665
2016-01-01	2017-12-31	H3260_v1_6	123665
2018-01-01	2018-12-31	H3260_v1_7	123665
2010-01-01	2011-12-31	H3260_v1_4	123676
2012-01-01	2015-12-31	H3260_v1_5	123676
2016-01-01	2017-12-31	H3260_v1_6	123676
2010-01-01	2011-12-31	H3260_v1_4	123677
2012-01-01	2015-12-31	H3260_v1_5	123677
2016-01-01	2017-12-31	H3260_v1_6	123677
2012-01-01	2015-12-31	H3260_v1_5	123678
2018-01-01	2018-12-31	H3260_v1_7	123678
2012-01-01	2015-12-31	H3260_v1_5	123679
2018-01-01	2018-12-31	H3260_v1_7	123679
2012-01-01	2015-12-31	H3260_v1_5	123680
2018-01-01	2018-12-31	H3260_v1_7	123680
2012-01-01	2015-12-31	H3260_v1_5	123681
2018-01-01	2018-12-31	H3260_v1_7	123681
2012-01-01	2015-12-31	H3260_v1_5	123682
2018-01-01	2018-12-31	H3260_v1_7	123682
2012-01-01	2015-12-31	H3260_v1_5	123683
2018-01-01	2018-12-31	H3260_v1_7	123683
2012-01-01	2015-12-31	H3260_v1_5	123684
2018-01-01	2018-12-31	H3260_v1_7	123684
2012-01-01	2015-12-31	H3260_v1_5	123685
2018-01-01	2018-12-31	H3260_v1_7	123685
2012-01-01	2015-12-31	H3260_v1_5	123686
2018-01-01	2018-12-31	H3260_v1_7	123686
2012-01-01	2015-12-31	H3260_v1_5	123687
2018-01-01	2018-12-31	H3260_v1_7	123687
2012-01-01	2015-12-31	H3260_v1_5	123688
2018-01-01	2018-12-31	H3260_v1_7	123688
1899-01-01	2006-12-31	H3260_v1_0	123689
2007-01-01	2007-12-31	H3260_v1_2	123689
2008-01-01	2009-12-31	H3260_v1_3	123689
2010-01-01	2011-12-31	H3260_v1_4	123689
2012-01-01	2015-12-31	H3260_v1_5	123689
2016-01-01	2017-12-31	H3260_v1_6	123689
2018-01-01	2018-12-31	H3260_v1_7	123689
1899-01-01	2006-12-31	H3260_v1_0	123690
2007-01-01	2007-12-31	H3260_v1_2	123690
2008-01-01	2009-12-31	H3260_v1_3	123690
2010-01-01	2011-12-31	H3260_v1_4	123690
2012-01-01	2015-12-31	H3260_v1_5	123690
2016-01-01	2017-12-31	H3260_v1_6	123690
2018-01-01	2018-12-31	H3260_v1_7	123690
1899-01-01	2006-12-31	H3260_v1_0	123691
2007-01-01	2007-12-31	H3260_v1_2	123691
2008-01-01	2009-12-31	H3260_v1_3	123691
2010-01-01	2011-12-31	H3260_v1_4	123691
2012-01-01	2015-12-31	H3260_v1_5	123691
2016-01-01	2017-12-31	H3260_v1_6	123691
2018-01-01	2018-12-31	H3260_v1_7	123691
1899-01-01	2006-12-31	H3260_v1_0	123695
2007-01-01	2007-12-31	H3260_v1_2	123695
2008-01-01	2009-12-31	H3260_v1_3	123695
2010-01-01	2011-12-31	H3260_v1_4	123695
2012-01-01	2015-12-31	H3260_v1_5	123695
2016-01-01	2017-12-31	H3260_v1_6	123695
1899-01-01	2006-12-31	H3260_v1_0	123696
2007-01-01	2007-12-31	H3260_v1_2	123696
2008-01-01	2009-12-31	H3260_v1_3	123696
2010-01-01	2011-12-31	H3260_v1_4	123696
2012-01-01	2015-12-31	H3260_v1_5	123696
2016-01-01	2017-12-31	H3260_v1_6	123696
1899-01-01	2006-12-31	H3260_v1_0	123697
2007-01-01	2007-12-31	H3260_v1_2	123697
2008-01-01	2009-12-31	H3260_v1_3	123697
2010-01-01	2011-12-31	H3260_v1_4	123697
2012-01-01	2015-12-31	H3260_v1_5	123697
2016-01-01	2017-12-31	H3260_v1_6	123697
1899-01-01	2006-12-31	H3260_v1_0	123698
2007-01-01	2007-12-31	H3260_v1_2	123698
2008-01-01	2009-12-31	H3260_v1_3	123698
2010-01-01	2011-12-31	H3260_v1_4	123698
2012-01-01	2015-12-31	H3260_v1_5	123698
2016-01-01	2017-12-31	H3260_v1_6	123698
1899-01-01	2006-12-31	H3260_v1_0	123717
2007-01-01	2007-12-31	H3260_v1_2	123717
2008-01-01	2009-12-31	H3260_v1_3	123717
2010-01-01	2011-12-31	H3260_v1_4	123717
2012-01-01	2015-12-31	H3260_v1_5	123717
2016-01-01	2017-12-31	H3260_v1_6	123717
1899-01-01	2006-12-31	H3260_v1_0	123718
2007-01-01	2007-12-31	H3260_v1_2	123718
2008-01-01	2009-12-31	H3260_v1_3	123718
2010-01-01	2011-12-31	H3260_v1_4	123718
2012-01-01	2015-12-31	H3260_v1_5	123718
2016-01-01	2017-12-31	H3260_v1_6	123718
2010-01-01	2011-12-31	H3260_v1_4	123729
2016-01-01	2017-12-31	H3260_v1_6	123729
2010-01-01	2011-12-31	H3260_v1_4	123730
2016-01-01	2017-12-31	H3260_v1_6	123730
2012-01-01	2015-12-31	H3260_v1_5	123769
2018-01-01	2018-12-31	H3260_v1_7	123769
2012-01-01	2015-12-31	H3260_v1_5	123770
2018-01-01	2018-12-31	H3260_v1_7	123770
2012-01-01	2015-12-31	H3260_v1_5	123771
2018-01-01	2018-12-31	H3260_v1_7	123771
2012-01-01	2015-12-31	H3260_v1_5	123772
2018-01-01	2018-12-31	H3260_v1_7	123772
2012-01-01	2015-12-31	H3260_v1_5	123773
2018-01-01	2018-12-31	H3260_v1_7	123773
2012-01-01	2015-12-31	H3260_v1_5	123774
2018-01-01	2018-12-31	H3260_v1_7	123774
2012-01-01	2015-12-31	H3260_v1_5	123775
2018-01-01	2018-12-31	H3260_v1_7	123775
2012-01-01	2015-12-31	H3260_v1_5	123776
2018-01-01	2018-12-31	H3260_v1_7	123776
2012-01-01	2015-12-31	H3260_v1_5	123777
2018-01-01	2018-12-31	H3260_v1_7	123777
2012-01-01	2015-12-31	H3260_v1_5	123778
2018-01-01	2018-12-31	H3260_v1_7	123778
2012-01-01	2015-12-31	H3260_v1_5	123779
2018-01-01	2018-12-31	H3260_v1_7	123779
2012-01-01	2015-12-31	H3260_v1_5	123780
2018-01-01	2018-12-31	H3260_v1_7	123780
2012-01-01	2015-12-31	H3260_v1_5	123781
2018-01-01	2018-12-31	H3260_v1_7	123781
2012-01-01	2015-12-31	H3260_v1_5	123782
2018-01-01	2018-12-31	H3260_v1_7	123782
2012-01-01	2015-12-31	H3260_v1_5	123783
2018-01-01	2018-12-31	H3260_v1_7	123783
2012-01-01	2015-12-31	H3260_v1_5	123784
2018-01-01	2018-12-31	H3260_v1_7	123784
2012-01-01	2015-12-31	H3260_v1_5	123785
2018-01-01	2018-12-31	H3260_v1_7	123785
2012-01-01	2015-12-31	H3260_v1_5	123786
2018-01-01	2018-12-31	H3260_v1_7	123786
2012-01-01	2015-12-31	H3260_v1_5	123787
2018-01-01	2018-12-31	H3260_v1_7	123787
2012-01-01	2015-12-31	H3260_v1_5	123788
2018-01-01	2018-12-31	H3260_v1_7	123788
2012-01-01	2015-12-31	H3260_v1_5	123789
2018-01-01	2018-12-31	H3260_v1_7	123789
2010-01-01	2011-12-31	H3260_v1_4	123830
2016-01-01	2017-12-31	H3260_v1_6	123830
2010-01-01	2011-12-31	H3260_v1_4	123831
2016-01-01	2017-12-31	H3260_v1_6	123831
2010-01-01	2011-12-31	H3260_v1_4	123861
2016-01-01	2017-12-31	H3260_v1_6	123861
2010-01-01	2011-12-31	H3260_v1_4	123862
2016-01-01	2017-12-31	H3260_v1_6	123862
2010-01-01	2011-12-31	H3260_v1_4	123886
2016-01-01	2017-12-31	H3260_v1_6	123886
2010-01-01	2011-12-31	H3260_v1_4	123887
2016-01-01	2017-12-31	H3260_v1_6	123887
1899-01-01	2006-12-31	H3260_v1_0	123915
2007-01-01	2007-12-31	H3260_v1_2	123915
2008-01-01	2009-12-31	H3260_v1_3	123915
2010-01-01	2011-12-31	H3260_v1_4	123915
2016-01-01	2017-12-31	H3260_v1_6	123915
1899-01-01	2006-12-31	H3260_v1_0	123916
2007-01-01	2007-12-31	H3260_v1_2	123916
2008-01-01	2009-12-31	H3260_v1_3	123916
2010-01-01	2011-12-31	H3260_v1_4	123916
2016-01-01	2017-12-31	H3260_v1_6	123916
1899-01-01	2006-12-31	H3260_v1_0	123917
2007-01-01	2007-12-31	H3260_v1_2	123917
2008-01-01	2009-12-31	H3260_v1_3	123917
2010-01-01	2011-12-31	H3260_v1_4	123917
2016-01-01	2017-12-31	H3260_v1_6	123917
1899-01-01	2006-12-31	H3260_v1_0	123918
2007-01-01	2007-12-31	H3260_v1_2	123918
2008-01-01	2009-12-31	H3260_v1_3	123918
2010-01-01	2011-12-31	H3260_v1_4	123918
2016-01-01	2017-12-31	H3260_v1_6	123918
1899-01-01	2006-12-31	H3260_v1_0	123919
2007-01-01	2007-12-31	H3260_v1_2	123919
2008-01-01	2009-12-31	H3260_v1_3	123919
2010-01-01	2011-12-31	H3260_v1_4	123919
2016-01-01	2017-12-31	H3260_v1_6	123919
2012-01-01	2015-12-31	H3260_v1_5	124018
2018-01-01	2018-12-31	H3260_v1_7	124018
2012-01-01	2015-12-31	H3260_v1_5	124019
2018-01-01	2018-12-31	H3260_v1_7	124019
2010-01-01	2011-12-31	H3260_v1_4	124069
2016-01-01	2017-12-31	H3260_v1_6	124069
2010-01-01	2011-12-31	H3260_v1_4	124070
2016-01-01	2017-12-31	H3260_v1_6	124070
1899-01-01	2006-12-31	H3260_v1_0	124173
1899-01-01	2006-12-31	H3260_v1_0	124174
2007-01-01	2007-12-31	H3260_v1_2	124174
2008-01-01	2009-12-31	H3260_v1_3	124174
2010-01-01	2011-12-31	H3260_v1_4	124174
2016-01-01	2017-12-31	H3260_v1_6	124174
1899-01-01	2006-12-31	H3260_v1_0	124175
2007-01-01	2007-12-31	H3260_v1_2	124175
2008-01-01	2009-12-31	H3260_v1_3	124175
2010-01-01	2011-12-31	H3260_v1_4	124175
2016-01-01	2017-12-31	H3260_v1_6	124175
1899-01-01	2006-12-31	H3260_v1_0	124176
2007-01-01	2007-12-31	H3260_v1_2	124176
2008-01-01	2009-12-31	H3260_v1_3	124176
2010-01-01	2011-12-31	H3260_v1_4	124176
2016-01-01	2017-12-31	H3260_v1_6	124176
1899-01-01	2006-12-31	H3260_v1_0	124177
2007-01-01	2007-12-31	H3260_v1_2	124177
2008-01-01	2009-12-31	H3260_v1_3	124177
2010-01-01	2011-12-31	H3260_v1_4	124177
2012-01-01	2015-12-31	H3260_v1_5	124177
2016-01-01	2017-12-31	H3260_v1_6	124177
1899-01-01	2006-12-31	H3260_v1_0	124178
2007-01-01	2007-12-31	H3260_v1_2	124178
2008-01-01	2009-12-31	H3260_v1_3	124178
2010-01-01	2011-12-31	H3260_v1_4	124178
2012-01-01	2015-12-31	H3260_v1_5	124178
2016-01-01	2017-12-31	H3260_v1_6	124178
1899-01-01	2006-12-31	H3260_v1_0	124179
2007-01-01	2007-12-31	H3260_v1_2	124179
2008-01-01	2009-12-31	H3260_v1_3	124179
2010-01-01	2011-12-31	H3260_v1_4	124179
2012-01-01	2015-12-31	H3260_v1_5	124179
2016-01-01	2017-12-31	H3260_v1_6	124179
1899-01-01	2006-12-31	H3260_v1_0	124180
2007-01-01	2007-12-31	H3260_v1_2	124180
2008-01-01	2009-12-31	H3260_v1_3	124180
2010-01-01	2011-12-31	H3260_v1_4	124180
2012-01-01	2015-12-31	H3260_v1_5	124180
2016-01-01	2017-12-31	H3260_v1_6	124180
1899-01-01	2006-12-31	H3260_v1_0	124181
2007-01-01	2007-12-31	H3260_v1_2	124181
2008-01-01	2009-12-31	H3260_v1_3	124181
2010-01-01	2011-12-31	H3260_v1_4	124181
2012-01-01	2015-12-31	H3260_v1_5	124181
2016-01-01	2017-12-31	H3260_v1_6	124181
1899-01-01	2006-12-31	H3260_v1_0	124182
2007-01-01	2007-12-31	H3260_v1_2	124182
2008-01-01	2009-12-31	H3260_v1_3	124182
2010-01-01	2011-12-31	H3260_v1_4	124182
2012-01-01	2015-12-31	H3260_v1_5	124182
2016-01-01	2017-12-31	H3260_v1_6	124182
1899-01-01	2006-12-31	H3260_v1_0	124183
2007-01-01	2007-12-31	H3260_v1_2	124183
2008-01-01	2009-12-31	H3260_v1_3	124183
2010-01-01	2011-12-31	H3260_v1_4	124183
2012-01-01	2015-12-31	H3260_v1_5	124183
2016-01-01	2017-12-31	H3260_v1_6	124183
1899-01-01	2006-12-31	H3260_v1_0	124184
2007-01-01	2007-12-31	H3260_v1_2	124184
2008-01-01	2009-12-31	H3260_v1_3	124184
2010-01-01	2011-12-31	H3260_v1_4	124184
2012-01-01	2015-12-31	H3260_v1_5	124184
2016-01-01	2017-12-31	H3260_v1_6	124184
1899-01-01	2006-12-31	H3260_v1_0	124185
2007-01-01	2007-12-31	H3260_v1_2	124185
2008-01-01	2009-12-31	H3260_v1_3	124185
2010-01-01	2011-12-31	H3260_v1_4	124185
2012-01-01	2015-12-31	H3260_v1_5	124185
2016-01-01	2017-12-31	H3260_v1_6	124185
1899-01-01	2006-12-31	H3260_v1_0	124186
2007-01-01	2007-12-31	H3260_v1_2	124186
2008-01-01	2009-12-31	H3260_v1_3	124186
2010-01-01	2011-12-31	H3260_v1_4	124186
2012-01-01	2015-12-31	H3260_v1_5	124186
2016-01-01	2017-12-31	H3260_v1_6	124186
1899-01-01	2006-12-31	H3260_v1_0	124187
2007-01-01	2007-12-31	H3260_v1_2	124187
2008-01-01	2009-12-31	H3260_v1_3	124187
2010-01-01	2011-12-31	H3260_v1_4	124187
2012-01-01	2015-12-31	H3260_v1_5	124187
2016-01-01	2017-12-31	H3260_v1_6	124187
1899-01-01	2006-12-31	H3260_v1_0	124188
2007-01-01	2007-12-31	H3260_v1_2	124188
2008-01-01	2009-12-31	H3260_v1_3	124188
2010-01-01	2011-12-31	H3260_v1_4	124188
2012-01-01	2015-12-31	H3260_v1_5	124188
2016-01-01	2017-12-31	H3260_v1_6	124188
1899-01-01	2006-12-31	H3260_v1_0	124189
2007-01-01	2007-12-31	H3260_v1_2	124189
2008-01-01	2009-12-31	H3260_v1_3	124189
2010-01-01	2011-12-31	H3260_v1_4	124189
2012-01-01	2015-12-31	H3260_v1_5	124189
2016-01-01	2017-12-31	H3260_v1_6	124189
1899-01-01	2006-12-31	H3260_v1_0	124190
2007-01-01	2007-12-31	H3260_v1_2	124190
2008-01-01	2009-12-31	H3260_v1_3	124190
2010-01-01	2011-12-31	H3260_v1_4	124190
2012-01-01	2015-12-31	H3260_v1_5	124190
2016-01-01	2017-12-31	H3260_v1_6	124190
1899-01-01	2006-12-31	H3260_v1_0	124191
2007-01-01	2007-12-31	H3260_v1_2	124191
2008-01-01	2009-12-31	H3260_v1_3	124191
2010-01-01	2011-12-31	H3260_v1_4	124191
2012-01-01	2015-12-31	H3260_v1_5	124191
2016-01-01	2017-12-31	H3260_v1_6	124191
1899-01-01	2006-12-31	H3260_v1_0	124192
2007-01-01	2007-12-31	H3260_v1_2	124192
2008-01-01	2009-12-31	H3260_v1_3	124192
2010-01-01	2011-12-31	H3260_v1_4	124192
2012-01-01	2015-12-31	H3260_v1_5	124192
2016-01-01	2017-12-31	H3260_v1_6	124192
1899-01-01	2006-12-31	H3260_v1_0	124193
2007-01-01	2007-12-31	H3260_v1_2	124193
2008-01-01	2009-12-31	H3260_v1_3	124193
2010-01-01	2011-12-31	H3260_v1_4	124193
2012-01-01	2015-12-31	H3260_v1_5	124193
2016-01-01	2017-12-31	H3260_v1_6	124193
1899-01-01	2006-12-31	H3260_v1_0	124194
2007-01-01	2007-12-31	H3260_v1_2	124194
2008-01-01	2009-12-31	H3260_v1_3	124194
2010-01-01	2011-12-31	H3260_v1_4	124194
2012-01-01	2015-12-31	H3260_v1_5	124194
2016-01-01	2017-12-31	H3260_v1_6	124194
1899-01-01	2006-12-31	H3260_v1_0	124195
2007-01-01	2007-12-31	H3260_v1_2	124195
2008-01-01	2009-12-31	H3260_v1_3	124195
2010-01-01	2011-12-31	H3260_v1_4	124195
2012-01-01	2015-12-31	H3260_v1_5	124195
2016-01-01	2017-12-31	H3260_v1_6	124195
1899-01-01	2006-12-31	H3260_v1_0	124196
2007-01-01	2007-12-31	H3260_v1_2	124196
2008-01-01	2009-12-31	H3260_v1_3	124196
2010-01-01	2011-12-31	H3260_v1_4	124196
2012-01-01	2015-12-31	H3260_v1_5	124196
2016-01-01	2017-12-31	H3260_v1_6	124196
1899-01-01	2006-12-31	H3260_v1_0	124197
2007-01-01	2007-12-31	H3260_v1_2	124197
2008-01-01	2009-12-31	H3260_v1_3	124197
2010-01-01	2011-12-31	H3260_v1_4	124197
2012-01-01	2015-12-31	H3260_v1_5	124197
2016-01-01	2017-12-31	H3260_v1_6	124197
1899-01-01	2006-12-31	H3260_v1_0	124198
2007-01-01	2007-12-31	H3260_v1_2	124198
2008-01-01	2009-12-31	H3260_v1_3	124198
2010-01-01	2011-12-31	H3260_v1_4	124198
2012-01-01	2015-12-31	H3260_v1_5	124198
2016-01-01	2017-12-31	H3260_v1_6	124198
1899-01-01	2006-12-31	H3260_v1_0	124199
2007-01-01	2007-12-31	H3260_v1_2	124199
2008-01-01	2009-12-31	H3260_v1_3	124199
2010-01-01	2011-12-31	H3260_v1_4	124199
2012-01-01	2015-12-31	H3260_v1_5	124199
2016-01-01	2017-12-31	H3260_v1_6	124199
1899-01-01	2006-12-31	H3260_v1_0	124200
2007-01-01	2007-12-31	H3260_v1_2	124200
2008-01-01	2009-12-31	H3260_v1_3	124200
2010-01-01	2011-12-31	H3260_v1_4	124200
2012-01-01	2015-12-31	H3260_v1_5	124200
2016-01-01	2017-12-31	H3260_v1_6	124200
1899-01-01	2006-12-31	H3260_v1_0	124201
2007-01-01	2007-12-31	H3260_v1_2	124201
2008-01-01	2009-12-31	H3260_v1_3	124201
2010-01-01	2011-12-31	H3260_v1_4	124201
2012-01-01	2015-12-31	H3260_v1_5	124201
2016-01-01	2017-12-31	H3260_v1_6	124201
1899-01-01	2006-12-31	H3260_v1_0	124202
2007-01-01	2007-12-31	H3260_v1_2	124202
2008-01-01	2009-12-31	H3260_v1_3	124202
2010-01-01	2011-12-31	H3260_v1_4	124202
2012-01-01	2015-12-31	H3260_v1_5	124202
2016-01-01	2017-12-31	H3260_v1_6	124202
1899-01-01	2006-12-31	H3260_v1_0	124203
2007-01-01	2007-12-31	H3260_v1_2	124203
2008-01-01	2009-12-31	H3260_v1_3	124203
2010-01-01	2011-12-31	H3260_v1_4	124203
2012-01-01	2015-12-31	H3260_v1_5	124203
2016-01-01	2017-12-31	H3260_v1_6	124203
1899-01-01	2006-12-31	H3260_v1_0	124204
2007-01-01	2007-12-31	H3260_v1_2	124204
2008-01-01	2009-12-31	H3260_v1_3	124204
2010-01-01	2011-12-31	H3260_v1_4	124204
2012-01-01	2015-12-31	H3260_v1_5	124204
2016-01-01	2017-12-31	H3260_v1_6	124204
1899-01-01	2006-12-31	H3260_v1_0	124205
2007-01-01	2007-12-31	H3260_v1_2	124205
2008-01-01	2009-12-31	H3260_v1_3	124205
2010-01-01	2011-12-31	H3260_v1_4	124205
2012-01-01	2015-12-31	H3260_v1_5	124205
2016-01-01	2017-12-31	H3260_v1_6	124205
1899-01-01	2006-12-31	H3260_v1_0	124206
2007-01-01	2007-12-31	H3260_v1_2	124206
2008-01-01	2009-12-31	H3260_v1_3	124206
2010-01-01	2011-12-31	H3260_v1_4	124206
2012-01-01	2015-12-31	H3260_v1_5	124206
2016-01-01	2017-12-31	H3260_v1_6	124206
1899-01-01	2006-12-31	H3260_v1_0	124207
2007-01-01	2007-12-31	H3260_v1_2	124207
2008-01-01	2009-12-31	H3260_v1_3	124207
2010-01-01	2011-12-31	H3260_v1_4	124207
2012-01-01	2015-12-31	H3260_v1_5	124207
2016-01-01	2017-12-31	H3260_v1_6	124207
1899-01-01	2006-12-31	H3260_v1_0	124208
2007-01-01	2007-12-31	H3260_v1_2	124208
2008-01-01	2009-12-31	H3260_v1_3	124208
2010-01-01	2011-12-31	H3260_v1_4	124208
2012-01-01	2015-12-31	H3260_v1_5	124208
2016-01-01	2017-12-31	H3260_v1_6	124208
2007-01-01	2007-12-31	H3260_v1_2	124209
2008-01-01	2009-12-31	H3260_v1_3	124209
2010-01-01	2011-12-31	H3260_v1_4	124209
2012-01-01	2015-12-31	H3260_v1_5	124209
2016-01-01	2017-12-31	H3260_v1_6	124209
2007-01-01	2007-12-31	H3260_v1_2	124210
2008-01-01	2009-12-31	H3260_v1_3	124210
2010-01-01	2011-12-31	H3260_v1_4	124210
2012-01-01	2015-12-31	H3260_v1_5	124210
2016-01-01	2017-12-31	H3260_v1_6	124210
2007-01-01	2007-12-31	H3260_v1_2	124211
2008-01-01	2009-12-31	H3260_v1_3	124211
2010-01-01	2011-12-31	H3260_v1_4	124211
2012-01-01	2015-12-31	H3260_v1_5	124211
2016-01-01	2017-12-31	H3260_v1_6	124211
2018-01-01	2018-12-31	H3260_v1_7	124211
2007-01-01	2007-12-31	H3260_v1_2	124212
2008-01-01	2009-12-31	H3260_v1_3	124212
2010-01-01	2011-12-31	H3260_v1_4	124212
2012-01-01	2015-12-31	H3260_v1_5	124212
2016-01-01	2017-12-31	H3260_v1_6	124212
2018-01-01	2018-12-31	H3260_v1_7	124212
2007-01-01	2007-12-31	H3260_v1_2	124213
2008-01-01	2009-12-31	H3260_v1_3	124213
2010-01-01	2011-12-31	H3260_v1_4	124213
2012-01-01	2015-12-31	H3260_v1_5	124213
2016-01-01	2017-12-31	H3260_v1_6	124213
2018-01-01	2018-12-31	H3260_v1_7	124213
2007-01-01	2007-12-31	H3260_v1_2	124214
2008-01-01	2009-12-31	H3260_v1_3	124214
2010-01-01	2011-12-31	H3260_v1_4	124214
2012-01-01	2015-12-31	H3260_v1_5	124214
2016-01-01	2017-12-31	H3260_v1_6	124214
2018-01-01	2018-12-31	H3260_v1_7	124214
2012-01-01	2015-12-31	H3260_v1_5	124215
2018-01-01	2018-12-31	H3260_v1_7	124215
2012-01-01	2015-12-31	H3260_v1_5	124216
2018-01-01	2018-12-31	H3260_v1_7	124216
2012-01-01	2015-12-31	H3260_v1_5	124217
2018-01-01	2018-12-31	H3260_v1_7	124217
2012-01-01	2015-12-31	H3260_v1_5	124218
2018-01-01	2018-12-31	H3260_v1_7	124218
2012-01-01	2015-12-31	H3260_v1_5	124219
2018-01-01	2018-12-31	H3260_v1_7	124219
2012-01-01	2015-12-31	H3260_v1_5	124220
2018-01-01	2018-12-31	H3260_v1_7	124220
2012-01-01	2015-12-31	H3260_v1_5	124221
2018-01-01	2018-12-31	H3260_v1_7	124221
2012-01-01	2015-12-31	H3260_v1_5	124222
2018-01-01	2018-12-31	H3260_v1_7	124222
2012-01-01	2015-12-31	H3260_v1_5	124223
2018-01-01	2018-12-31	H3260_v1_7	124223
2012-01-01	2015-12-31	H3260_v1_5	124224
2018-01-01	2018-12-31	H3260_v1_7	124224
2012-01-01	2015-12-31	H3260_v1_5	124225
2018-01-01	2018-12-31	H3260_v1_7	124225
2012-01-01	2015-12-31	H3260_v1_5	124226
2018-01-01	2018-12-31	H3260_v1_7	124226
2012-01-01	2015-12-31	H3260_v1_5	124227
2018-01-01	2018-12-31	H3260_v1_7	124227
2018-01-01	2018-12-31	H3260_v1_7	124415
2018-01-01	2018-12-31	H3260_v1_7	124416
2018-01-01	2018-12-31	H3260_v1_7	126770
2018-01-01	2018-12-31	H3260_v1_7	126772
2018-01-01	2018-12-31	H3260_v1_7	126773
2008-01-01	2009-12-31	H3260_v1_3	126774
2010-01-01	2011-12-31	H3260_v1_4	126774
2012-01-01	2015-12-31	H3260_v1_5	126774
2016-01-01	2017-12-31	H3260_v1_6	126774
2018-01-01	2018-12-31	H3260_v1_7	126774
2008-01-01	2009-12-31	H3260_v1_3	126775
2010-01-01	2011-12-31	H3260_v1_4	126775
2012-01-01	2015-12-31	H3260_v1_5	126775
2016-01-01	2017-12-31	H3260_v1_6	126775
2018-01-01	2018-12-31	H3260_v1_7	126775
2012-01-01	2015-12-31	H3260_v1_5	132606
2012-01-01	2015-12-31	H3260_v1_5	132613
2012-01-01	2015-12-31	H3260_v1_5	132614
1899-01-01	2006-12-31	H3260_v1_0	133481
2007-01-01	2007-12-31	H3260_v1_2	133481
2008-01-01	2009-12-31	H3260_v1_3	133481
2010-01-01	2011-12-31	H3260_v1_4	133481
2012-01-01	2015-12-31	H3260_v1_5	133481
2016-01-01	2017-12-31	H3260_v1_6	133481
2018-01-01	2018-12-31	H3260_v1_7	133481
2012-01-01	2015-12-31	H3260_v1_5	135554
2012-01-01	2015-12-31	H3260_v1_5	135555
2010-01-01	2011-12-31	H3260_v1_4	141339
2012-01-01	2015-12-31	H3260_v1_5	141339
2016-01-01	2017-12-31	H3260_v1_6	141339
2010-01-01	2011-12-31	H3260_v1_4	141340
2012-01-01	2015-12-31	H3260_v1_5	141340
2016-01-01	2017-12-31	H3260_v1_6	141340
2010-01-01	2011-12-31	H3260_v1_4	143438
2016-01-01	2017-12-31	H3260_v1_6	143438
2010-01-01	2011-12-31	H3260_v1_4	143439
2016-01-01	2017-12-31	H3260_v1_6	143439
2010-01-01	2011-12-31	H3260_v1_4	143440
2016-01-01	2017-12-31	H3260_v1_6	143440
2010-01-01	2011-12-31	H3260_v1_4	143441
2016-01-01	2017-12-31	H3260_v1_6	143441
2010-01-01	2011-12-31	H3260_v1_4	143456
2016-01-01	2017-12-31	H3260_v1_6	143456
2010-01-01	2011-12-31	H3260_v1_4	143457
2016-01-01	2017-12-31	H3260_v1_6	143457
2010-01-01	2011-12-31	H3260_v1_4	143458
2016-01-01	2017-12-31	H3260_v1_6	143458
2010-01-01	2011-12-31	H3260_v1_4	143459
2016-01-01	2017-12-31	H3260_v1_6	143459
2010-01-01	2011-12-31	H3260_v1_4	143460
2016-01-01	2017-12-31	H3260_v1_6	143460
2010-01-01	2011-12-31	H3260_v1_4	143461
2016-01-01	2017-12-31	H3260_v1_6	143461
2010-01-01	2011-12-31	H3260_v1_4	143462
2016-01-01	2017-12-31	H3260_v1_6	143462
2010-01-01	2011-12-31	H3260_v1_4	143463
2016-01-01	2017-12-31	H3260_v1_6	143463
2010-01-01	2011-12-31	H3260_v1_4	143464
2016-01-01	2017-12-31	H3260_v1_6	143464
2010-01-01	2011-12-31	H3260_v1_4	143465
2016-01-01	2017-12-31	H3260_v1_6	143465
2010-01-01	2011-12-31	H3260_v1_4	143466
2016-01-01	2017-12-31	H3260_v1_6	143466
2010-01-01	2011-12-31	H3260_v1_4	143467
2016-01-01	2017-12-31	H3260_v1_6	143467
2010-01-01	2011-12-31	H3260_v1_4	143468
2016-01-01	2017-12-31	H3260_v1_6	143468
2010-01-01	2011-12-31	H3260_v1_4	143469
2016-01-01	2017-12-31	H3260_v1_6	143469
2010-01-01	2011-12-31	H3260_v1_4	143470
2016-01-01	2017-12-31	H3260_v1_6	143470
2010-01-01	2011-12-31	H3260_v1_4	143471
2016-01-01	2017-12-31	H3260_v1_6	143471
2012-01-01	2015-12-31	H3260_v1_5	143785
2018-01-01	2018-12-31	H3260_v1_7	143785
2012-01-01	2015-12-31	H3260_v1_5	143786
2018-01-01	2018-12-31	H3260_v1_7	143786
2012-01-01	2015-12-31	H3260_v1_5	143787
2018-01-01	2018-12-31	H3260_v1_7	143787
2012-01-01	2015-12-31	H3260_v1_5	143788
2018-01-01	2018-12-31	H3260_v1_7	143788
2018-01-01	2018-12-31	H3260_v1_7	143989
2018-01-01	2018-12-31	H3260_v1_7	143990
2018-01-01	2018-12-31	H3260_v1_7	143991
2018-01-01	2018-12-31	H3260_v1_7	143992
2018-01-01	2018-12-31	H3260_v1_7	143993
2018-01-01	2018-12-31	H3260_v1_7	143994
2018-01-01	2018-12-31	H3260_v1_7	143995
2018-01-01	2018-12-31	H3260_v1_7	143996
2018-01-01	2018-12-31	H3260_v1_7	143997
2018-01-01	2018-12-31	H3260_v1_7	143998
2018-01-01	2018-12-31	H3260_v1_7	143999
2018-01-01	2018-12-31	H3260_v1_7	144000
2018-01-01	2018-12-31	H3260_v1_7	144001
2018-01-01	2018-12-31	H3260_v1_7	144002
2018-01-01	2018-12-31	H3260_v1_7	144003
2018-01-01	2018-12-31	H3260_v1_7	144004
2018-01-01	2018-12-31	H3260_v1_7	144005
2018-01-01	2018-12-31	H3260_v1_7	144006
2018-01-01	2018-12-31	H3260_v1_7	144007
2018-01-01	2018-12-31	H3260_v1_7	144008
2018-01-01	2018-12-31	H3260_v1_7	144009
2018-01-01	2018-12-31	H3260_v1_7	144010
2018-01-01	2018-12-31	H3260_v1_7	144011
2018-01-01	2018-12-31	H3260_v1_7	144012
2018-01-01	2018-12-31	H3260_v1_7	144013
2018-01-01	2018-12-31	H3260_v1_7	144014
2018-01-01	2018-12-31	H3260_v1_7	144015
2018-01-01	2018-12-31	H3260_v1_7	144016
2018-01-01	2018-12-31	H3260_v1_7	144017
2018-01-01	2018-12-31	H3260_v1_7	144018
2018-01-01	2018-12-31	H3260_v1_7	144019
2018-01-01	2018-12-31	H3260_v1_7	144020
2018-01-01	2018-12-31	H3260_v1_7	144021
2018-01-01	2018-12-31	H3260_v1_7	144022
2018-01-01	2018-12-31	H3260_v1_7	144023
2018-01-01	2018-12-31	H3260_v1_7	144024
2018-01-01	2018-12-31	H3260_v1_7	144025
2018-01-01	2018-12-31	H3260_v1_7	144026
2018-01-01	2018-12-31	H3260_v1_7	144027
2018-01-01	2018-12-31	H3260_v1_7	144028
2018-01-01	2018-12-31	H3260_v1_7	144029
2018-01-01	2018-12-31	H3260_v1_7	144030
2018-01-01	2018-12-31	H3260_v1_7	144031
2018-01-01	2018-12-31	H3260_v1_7	144032
2018-01-01	2018-12-31	H3260_v1_7	144033
2018-01-01	2018-12-31	H3260_v1_7	144034
2018-01-01	2018-12-31	H3260_v1_7	144035
2018-01-01	2018-12-31	H3260_v1_7	144036
2018-01-01	2018-12-31	H3260_v1_7	144037
2018-01-01	2018-12-31	H3260_v1_7	144038
2018-01-01	2018-12-31	H3260_v1_7	144039
2018-01-01	2018-12-31	H3260_v1_7	144040
2018-01-01	2018-12-31	H3260_v1_7	144041
2018-01-01	2018-12-31	H3260_v1_7	144042
2018-01-01	2018-12-31	H3260_v1_7	144043
2018-01-01	2018-12-31	H3260_v1_7	144044
2018-01-01	2018-12-31	H3260_v1_7	144045
2018-01-01	2018-12-31	H3260_v1_7	144046
2018-01-01	2018-12-31	H3260_v1_7	144047
2008-01-01	2009-12-31	H3260_v1_3	144048
2010-01-01	2011-12-31	H3260_v1_4	144048
2012-01-01	2015-12-31	H3260_v1_5	144048
2016-01-01	2017-12-31	H3260_v1_6	144048
2018-01-01	2018-12-31	H3260_v1_7	144048
2008-01-01	2009-12-31	H3260_v1_3	144049
2010-01-01	2011-12-31	H3260_v1_4	144049
2012-01-01	2015-12-31	H3260_v1_5	144049
2016-01-01	2017-12-31	H3260_v1_6	144049
2018-01-01	2018-12-31	H3260_v1_7	144049
2008-01-01	2009-12-31	H3260_v1_3	144050
2010-01-01	2011-12-31	H3260_v1_4	144050
2012-01-01	2015-12-31	H3260_v1_5	144050
2016-01-01	2017-12-31	H3260_v1_6	144050
2018-01-01	2018-12-31	H3260_v1_7	144050
2008-01-01	2009-12-31	H3260_v1_3	144051
2010-01-01	2011-12-31	H3260_v1_4	144051
2012-01-01	2015-12-31	H3260_v1_5	144051
2016-01-01	2017-12-31	H3260_v1_6	144051
2018-01-01	2018-12-31	H3260_v1_7	144051
2008-01-01	2009-12-31	H3260_v1_3	144052
2010-01-01	2011-12-31	H3260_v1_4	144052
2012-01-01	2015-12-31	H3260_v1_5	144052
2016-01-01	2017-12-31	H3260_v1_6	144052
2018-01-01	2018-12-31	H3260_v1_7	144052
2008-01-01	2009-12-31	H3260_v1_3	144053
2010-01-01	2011-12-31	H3260_v1_4	144053
2012-01-01	2015-12-31	H3260_v1_5	144053
2016-01-01	2017-12-31	H3260_v1_6	144053
2018-01-01	2018-12-31	H3260_v1_7	144053
2008-01-01	2009-12-31	H3260_v1_3	144054
2010-01-01	2011-12-31	H3260_v1_4	144054
2012-01-01	2015-12-31	H3260_v1_5	144054
2016-01-01	2017-12-31	H3260_v1_6	144054
2018-01-01	2018-12-31	H3260_v1_7	144054
2008-01-01	2009-12-31	H3260_v1_3	144055
2010-01-01	2011-12-31	H3260_v1_4	144055
2012-01-01	2015-12-31	H3260_v1_5	144055
2016-01-01	2017-12-31	H3260_v1_6	144055
2018-01-01	2018-12-31	H3260_v1_7	144055
2008-01-01	2009-12-31	H3260_v1_3	144056
2010-01-01	2011-12-31	H3260_v1_4	144056
2012-01-01	2015-12-31	H3260_v1_5	144056
2016-01-01	2017-12-31	H3260_v1_6	144056
2018-01-01	2018-12-31	H3260_v1_7	144056
2008-01-01	2009-12-31	H3260_v1_3	144057
2010-01-01	2011-12-31	H3260_v1_4	144057
2012-01-01	2015-12-31	H3260_v1_5	144057
2016-01-01	2017-12-31	H3260_v1_6	144057
2018-01-01	2018-12-31	H3260_v1_7	144057
2008-01-01	2009-12-31	H3260_v1_3	144058
2010-01-01	2011-12-31	H3260_v1_4	144058
2012-01-01	2015-12-31	H3260_v1_5	144058
2016-01-01	2017-12-31	H3260_v1_6	144058
2018-01-01	2018-12-31	H3260_v1_7	144058
2008-01-01	2009-12-31	H3260_v1_3	144059
2010-01-01	2011-12-31	H3260_v1_4	144059
2012-01-01	2015-12-31	H3260_v1_5	144059
2016-01-01	2017-12-31	H3260_v1_6	144059
2018-01-01	2018-12-31	H3260_v1_7	144059
2008-01-01	2009-12-31	H3260_v1_3	144060
2010-01-01	2011-12-31	H3260_v1_4	144060
2012-01-01	2015-12-31	H3260_v1_5	144060
2016-01-01	2017-12-31	H3260_v1_6	144060
2018-01-01	2018-12-31	H3260_v1_7	144060
2008-01-01	2009-12-31	H3260_v1_3	144061
2010-01-01	2011-12-31	H3260_v1_4	144061
2012-01-01	2015-12-31	H3260_v1_5	144061
2016-01-01	2017-12-31	H3260_v1_6	144061
2018-01-01	2018-12-31	H3260_v1_7	144061
2008-01-01	2009-12-31	H3260_v1_3	144062
2010-01-01	2011-12-31	H3260_v1_4	144062
2012-01-01	2015-12-31	H3260_v1_5	144062
2016-01-01	2017-12-31	H3260_v1_6	144062
2018-01-01	2018-12-31	H3260_v1_7	144062
2010-01-01	2011-12-31	H3260_v1_4	144314
2016-01-01	2017-12-31	H3260_v1_6	144314
2010-01-01	2011-12-31	H3260_v1_4	144315
2016-01-01	2017-12-31	H3260_v1_6	144315
2012-01-01	2015-12-31	H3260_v1_5	144579
2018-01-01	2018-12-31	H3260_v1_7	144579
2012-01-01	2015-12-31	H3260_v1_5	144580
2018-01-01	2018-12-31	H3260_v1_7	144580
2007-01-01	2007-12-31	H3260_v1_2	144590
2008-01-01	2009-12-31	H3260_v1_3	144590
2010-01-01	2011-12-31	H3260_v1_4	144590
2012-01-01	2015-12-31	H3260_v1_5	144590
2016-01-01	2017-12-31	H3260_v1_6	144590
1899-01-01	2006-12-31	H3260_v1_0	144591
2007-01-01	2007-12-31	H3260_v1_2	144591
2008-01-01	2009-12-31	H3260_v1_3	144591
2010-01-01	2011-12-31	H3260_v1_4	144591
2012-01-01	2015-12-31	H3260_v1_5	144591
2016-01-01	2017-12-31	H3260_v1_6	144591
1899-01-01	2006-12-31	H3260_v1_0	144592
2007-01-01	2007-12-31	H3260_v1_2	144592
2008-01-01	2009-12-31	H3260_v1_3	144592
2010-01-01	2011-12-31	H3260_v1_4	144592
2012-01-01	2015-12-31	H3260_v1_5	144592
2016-01-01	2017-12-31	H3260_v1_6	144592
2007-01-01	2007-12-31	H3260_v1_2	144593
2008-01-01	2009-12-31	H3260_v1_3	144593
2010-01-01	2011-12-31	H3260_v1_4	144593
2012-01-01	2015-12-31	H3260_v1_5	144593
2016-01-01	2017-12-31	H3260_v1_6	144593
2007-01-01	2007-12-31	H3260_v1_2	144594
2008-01-01	2009-12-31	H3260_v1_3	144594
2010-01-01	2011-12-31	H3260_v1_4	144594
2012-01-01	2015-12-31	H3260_v1_5	144594
2016-01-01	2017-12-31	H3260_v1_6	144594
2007-01-01	2007-12-31	H3260_v1_2	144595
2008-01-01	2009-12-31	H3260_v1_3	144595
2010-01-01	2011-12-31	H3260_v1_4	144595
2012-01-01	2015-12-31	H3260_v1_5	144595
2016-01-01	2017-12-31	H3260_v1_6	144595
2007-01-01	2007-12-31	H3260_v1_2	144596
2008-01-01	2009-12-31	H3260_v1_3	144596
2010-01-01	2011-12-31	H3260_v1_4	144596
2012-01-01	2015-12-31	H3260_v1_5	144596
2016-01-01	2017-12-31	H3260_v1_6	144596
2007-01-01	2007-12-31	H3260_v1_2	144597
2008-01-01	2009-12-31	H3260_v1_3	144597
2010-01-01	2011-12-31	H3260_v1_4	144597
2012-01-01	2015-12-31	H3260_v1_5	144597
2016-01-01	2017-12-31	H3260_v1_6	144597
2007-01-01	2007-12-31	H3260_v1_2	144598
2008-01-01	2009-12-31	H3260_v1_3	144598
2010-01-01	2011-12-31	H3260_v1_4	144598
2012-01-01	2015-12-31	H3260_v1_5	144598
2016-01-01	2017-12-31	H3260_v1_6	144598
2007-01-01	2007-12-31	H3260_v1_2	144599
2008-01-01	2009-12-31	H3260_v1_3	144599
2010-01-01	2011-12-31	H3260_v1_4	144599
2012-01-01	2015-12-31	H3260_v1_5	144599
2016-01-01	2017-12-31	H3260_v1_6	144599
2007-01-01	2007-12-31	H3260_v1_2	144600
2008-01-01	2009-12-31	H3260_v1_3	144600
2010-01-01	2011-12-31	H3260_v1_4	144600
2012-01-01	2015-12-31	H3260_v1_5	144600
2016-01-01	2017-12-31	H3260_v1_6	144600
2007-01-01	2007-12-31	H3260_v1_2	144614
2008-01-01	2009-12-31	H3260_v1_3	144614
2010-01-01	2011-12-31	H3260_v1_4	144614
2012-01-01	2015-12-31	H3260_v1_5	144614
2016-01-01	2017-12-31	H3260_v1_6	144614
2018-01-01	2018-12-31	H3260_v1_7	144614
2007-01-01	2007-12-31	H3260_v1_2	144615
2008-01-01	2009-12-31	H3260_v1_3	144615
2010-01-01	2011-12-31	H3260_v1_4	144615
2012-01-01	2015-12-31	H3260_v1_5	144615
2016-01-01	2017-12-31	H3260_v1_6	144615
2018-01-01	2018-12-31	H3260_v1_7	144615
2007-01-01	2007-12-31	H3260_v1_2	144616
2008-01-01	2009-12-31	H3260_v1_3	144616
2010-01-01	2011-12-31	H3260_v1_4	144616
2012-01-01	2015-12-31	H3260_v1_5	144616
2016-01-01	2017-12-31	H3260_v1_6	144616
2018-01-01	2018-12-31	H3260_v1_7	144616
2007-01-01	2007-12-31	H3260_v1_2	144617
2008-01-01	2009-12-31	H3260_v1_3	144617
2010-01-01	2011-12-31	H3260_v1_4	144617
2012-01-01	2015-12-31	H3260_v1_5	144617
2016-01-01	2017-12-31	H3260_v1_6	144617
2018-01-01	2018-12-31	H3260_v1_7	144617
2007-01-01	2007-12-31	H3260_v1_2	144618
2008-01-01	2009-12-31	H3260_v1_3	144618
2010-01-01	2011-12-31	H3260_v1_4	144618
2012-01-01	2015-12-31	H3260_v1_5	144618
2016-01-01	2017-12-31	H3260_v1_6	144618
2018-01-01	2018-12-31	H3260_v1_7	144618
1899-01-01	2006-12-31	H3260_v1_0	144619
2007-01-01	2007-12-31	H3260_v1_2	144619
2008-01-01	2009-12-31	H3260_v1_3	144619
2010-01-01	2011-12-31	H3260_v1_4	144619
2012-01-01	2015-12-31	H3260_v1_5	144619
2016-01-01	2017-12-31	H3260_v1_6	144619
2018-01-01	2018-12-31	H3260_v1_7	144619
1899-01-01	2006-12-31	H3260_v1_0	144620
2007-01-01	2007-12-31	H3260_v1_2	144620
2008-01-01	2009-12-31	H3260_v1_3	144620
2010-01-01	2011-12-31	H3260_v1_4	144620
2012-01-01	2015-12-31	H3260_v1_5	144620
2016-01-01	2017-12-31	H3260_v1_6	144620
2018-01-01	2018-12-31	H3260_v1_7	144620
2007-01-01	2007-12-31	H3260_v1_2	144621
2008-01-01	2009-12-31	H3260_v1_3	144621
2010-01-01	2011-12-31	H3260_v1_4	144621
2012-01-01	2015-12-31	H3260_v1_5	144621
2016-01-01	2017-12-31	H3260_v1_6	144621
2018-01-01	2018-12-31	H3260_v1_7	144621
2007-01-01	2007-12-31	H3260_v1_2	144622
2008-01-01	2009-12-31	H3260_v1_3	144622
2010-01-01	2011-12-31	H3260_v1_4	144622
2012-01-01	2015-12-31	H3260_v1_5	144622
2016-01-01	2017-12-31	H3260_v1_6	144622
2018-01-01	2018-12-31	H3260_v1_7	144622
2007-01-01	2007-12-31	H3260_v1_2	144623
2008-01-01	2009-12-31	H3260_v1_3	144623
2010-01-01	2011-12-31	H3260_v1_4	144623
2012-01-01	2015-12-31	H3260_v1_5	144623
2016-01-01	2017-12-31	H3260_v1_6	144623
2018-01-01	2018-12-31	H3260_v1_7	144623
2007-01-01	2007-12-31	H3260_v1_2	144624
2008-01-01	2009-12-31	H3260_v1_3	144624
2010-01-01	2011-12-31	H3260_v1_4	144624
2012-01-01	2015-12-31	H3260_v1_5	144624
2016-01-01	2017-12-31	H3260_v1_6	144624
2018-01-01	2018-12-31	H3260_v1_7	144624
2007-01-01	2007-12-31	H3260_v1_2	144625
2008-01-01	2009-12-31	H3260_v1_3	144625
2010-01-01	2011-12-31	H3260_v1_4	144625
2012-01-01	2015-12-31	H3260_v1_5	144625
2016-01-01	2017-12-31	H3260_v1_6	144625
2018-01-01	2018-12-31	H3260_v1_7	144625
2007-01-01	2007-12-31	H3260_v1_2	144626
2008-01-01	2009-12-31	H3260_v1_3	144626
2010-01-01	2011-12-31	H3260_v1_4	144626
2012-01-01	2015-12-31	H3260_v1_5	144626
2016-01-01	2017-12-31	H3260_v1_6	144626
2018-01-01	2018-12-31	H3260_v1_7	144626
2007-01-01	2007-12-31	H3260_v1_2	144627
2008-01-01	2009-12-31	H3260_v1_3	144627
2010-01-01	2011-12-31	H3260_v1_4	144627
2012-01-01	2015-12-31	H3260_v1_5	144627
2016-01-01	2017-12-31	H3260_v1_6	144627
2018-01-01	2018-12-31	H3260_v1_7	144627
2012-01-01	2015-12-31	H3260_v1_5	144632
2018-01-01	2018-12-31	H3260_v1_7	144632
2012-01-01	2015-12-31	H3260_v1_5	144633
2018-01-01	2018-12-31	H3260_v1_7	144633
2018-01-01	2018-12-31	H3260_v1_7	144634
2018-01-01	2018-12-31	H3260_v1_7	144635
2018-01-01	2018-12-31	H3260_v1_7	144636
2012-01-01	2015-12-31	H3260_v1_5	144649
2007-01-01	2007-12-31	H3260_v1_2	144650
2008-01-01	2009-12-31	H3260_v1_3	144650
2010-01-01	2011-12-31	H3260_v1_4	144650
2012-01-01	2015-12-31	H3260_v1_5	144650
2016-01-01	2017-12-31	H3260_v1_6	144650
2007-01-01	2007-12-31	H3260_v1_2	144651
2008-01-01	2009-12-31	H3260_v1_3	144651
2010-01-01	2011-12-31	H3260_v1_4	144651
2012-01-01	2015-12-31	H3260_v1_5	144651
2016-01-01	2017-12-31	H3260_v1_6	144651
2007-01-01	2007-12-31	H3260_v1_2	144652
2008-01-01	2009-12-31	H3260_v1_3	144652
2010-01-01	2011-12-31	H3260_v1_4	144652
2012-01-01	2015-12-31	H3260_v1_5	144652
2016-01-01	2017-12-31	H3260_v1_6	144652
2007-01-01	2007-12-31	H3260_v1_2	144653
2008-01-01	2009-12-31	H3260_v1_3	144653
2010-01-01	2011-12-31	H3260_v1_4	144653
2012-01-01	2015-12-31	H3260_v1_5	144653
2016-01-01	2017-12-31	H3260_v1_6	144653
2007-01-01	2007-12-31	H3260_v1_2	144654
2008-01-01	2009-12-31	H3260_v1_3	144654
2010-01-01	2011-12-31	H3260_v1_4	144654
2012-01-01	2015-12-31	H3260_v1_5	144654
2016-01-01	2017-12-31	H3260_v1_6	144654
2007-01-01	2007-12-31	H3260_v1_2	144655
2008-01-01	2009-12-31	H3260_v1_3	144655
2010-01-01	2011-12-31	H3260_v1_4	144655
2012-01-01	2015-12-31	H3260_v1_5	144655
2016-01-01	2017-12-31	H3260_v1_6	144655
2007-01-01	2007-12-31	H3260_v1_2	144656
2008-01-01	2009-12-31	H3260_v1_3	144656
2010-01-01	2011-12-31	H3260_v1_4	144656
2012-01-01	2015-12-31	H3260_v1_5	144656
2016-01-01	2017-12-31	H3260_v1_6	144656
1899-01-01	2006-12-31	H3260_v1_0	144657
2007-01-01	2007-12-31	H3260_v1_2	144657
2008-01-01	2009-12-31	H3260_v1_3	144657
2010-01-01	2011-12-31	H3260_v1_4	144657
2012-01-01	2015-12-31	H3260_v1_5	144657
2016-01-01	2017-12-31	H3260_v1_6	144657
1899-01-01	2006-12-31	H3260_v1_0	144658
2007-01-01	2007-12-31	H3260_v1_2	144658
2008-01-01	2009-12-31	H3260_v1_3	144658
2010-01-01	2011-12-31	H3260_v1_4	144658
2012-01-01	2015-12-31	H3260_v1_5	144658
2016-01-01	2017-12-31	H3260_v1_6	144658
2007-01-01	2007-12-31	H3260_v1_2	144659
2008-01-01	2009-12-31	H3260_v1_3	144659
2010-01-01	2011-12-31	H3260_v1_4	144659
2012-01-01	2015-12-31	H3260_v1_5	144659
2016-01-01	2017-12-31	H3260_v1_6	144659
2007-01-01	2007-12-31	H3260_v1_2	144660
2008-01-01	2009-12-31	H3260_v1_3	144660
2010-01-01	2011-12-31	H3260_v1_4	144660
2012-01-01	2015-12-31	H3260_v1_5	144660
2016-01-01	2017-12-31	H3260_v1_6	144660
2007-01-01	2007-12-31	H3260_v1_2	144661
2008-01-01	2009-12-31	H3260_v1_3	144661
2010-01-01	2011-12-31	H3260_v1_4	144661
2012-01-01	2015-12-31	H3260_v1_5	144661
2016-01-01	2017-12-31	H3260_v1_6	144661
2007-01-01	2007-12-31	H3260_v1_2	144662
2008-01-01	2009-12-31	H3260_v1_3	144662
2010-01-01	2011-12-31	H3260_v1_4	144662
2012-01-01	2015-12-31	H3260_v1_5	144662
2016-01-01	2017-12-31	H3260_v1_6	144662
2007-01-01	2007-12-31	H3260_v1_2	144663
2008-01-01	2009-12-31	H3260_v1_3	144663
2010-01-01	2011-12-31	H3260_v1_4	144663
2012-01-01	2015-12-31	H3260_v1_5	144663
2016-01-01	2017-12-31	H3260_v1_6	144663
2007-01-01	2007-12-31	H3260_v1_2	144664
2008-01-01	2009-12-31	H3260_v1_3	144664
2010-01-01	2011-12-31	H3260_v1_4	144664
2012-01-01	2015-12-31	H3260_v1_5	144664
2016-01-01	2017-12-31	H3260_v1_6	144664
2007-01-01	2007-12-31	H3260_v1_2	144675
2008-01-01	2009-12-31	H3260_v1_3	144675
2010-01-01	2011-12-31	H3260_v1_4	144675
2012-01-01	2015-12-31	H3260_v1_5	144675
2016-01-01	2017-12-31	H3260_v1_6	144675
2007-01-01	2007-12-31	H3260_v1_2	144676
2008-01-01	2009-12-31	H3260_v1_3	144676
2010-01-01	2011-12-31	H3260_v1_4	144676
2012-01-01	2015-12-31	H3260_v1_5	144676
2016-01-01	2017-12-31	H3260_v1_6	144676
2007-01-01	2007-12-31	H3260_v1_2	144677
2008-01-01	2009-12-31	H3260_v1_3	144677
2010-01-01	2011-12-31	H3260_v1_4	144677
2012-01-01	2015-12-31	H3260_v1_5	144677
2016-01-01	2017-12-31	H3260_v1_6	144677
2007-01-01	2007-12-31	H3260_v1_2	144678
2008-01-01	2009-12-31	H3260_v1_3	144678
2010-01-01	2011-12-31	H3260_v1_4	144678
2012-01-01	2015-12-31	H3260_v1_5	144678
2016-01-01	2017-12-31	H3260_v1_6	144678
1899-01-01	2006-12-31	H3260_v1_0	144679
2007-01-01	2007-12-31	H3260_v1_2	144679
2008-01-01	2009-12-31	H3260_v1_3	144679
2010-01-01	2011-12-31	H3260_v1_4	144679
2012-01-01	2015-12-31	H3260_v1_5	144679
2016-01-01	2017-12-31	H3260_v1_6	144679
1899-01-01	2006-12-31	H3260_v1_0	144680
2007-01-01	2007-12-31	H3260_v1_2	144680
2008-01-01	2009-12-31	H3260_v1_3	144680
2010-01-01	2011-12-31	H3260_v1_4	144680
2012-01-01	2015-12-31	H3260_v1_5	144680
2016-01-01	2017-12-31	H3260_v1_6	144680
2007-01-01	2007-12-31	H3260_v1_2	144681
2008-01-01	2009-12-31	H3260_v1_3	144681
2010-01-01	2011-12-31	H3260_v1_4	144681
2012-01-01	2015-12-31	H3260_v1_5	144681
2016-01-01	2017-12-31	H3260_v1_6	144681
2007-01-01	2007-12-31	H3260_v1_2	144682
2008-01-01	2009-12-31	H3260_v1_3	144682
2010-01-01	2011-12-31	H3260_v1_4	144682
2012-01-01	2015-12-31	H3260_v1_5	144682
2016-01-01	2017-12-31	H3260_v1_6	144682
2007-01-01	2007-12-31	H3260_v1_2	144683
2008-01-01	2009-12-31	H3260_v1_3	144683
2010-01-01	2011-12-31	H3260_v1_4	144683
2012-01-01	2015-12-31	H3260_v1_5	144683
2016-01-01	2017-12-31	H3260_v1_6	144683
2007-01-01	2007-12-31	H3260_v1_2	144684
2008-01-01	2009-12-31	H3260_v1_3	144684
2010-01-01	2011-12-31	H3260_v1_4	144684
2012-01-01	2015-12-31	H3260_v1_5	144684
2016-01-01	2017-12-31	H3260_v1_6	144684
2007-01-01	2007-12-31	H3260_v1_2	144685
2008-01-01	2009-12-31	H3260_v1_3	144685
2010-01-01	2011-12-31	H3260_v1_4	144685
2012-01-01	2015-12-31	H3260_v1_5	144685
2016-01-01	2017-12-31	H3260_v1_6	144685
2007-01-01	2007-12-31	H3260_v1_2	144686
2008-01-01	2009-12-31	H3260_v1_3	144686
2010-01-01	2011-12-31	H3260_v1_4	144686
2012-01-01	2015-12-31	H3260_v1_5	144686
2016-01-01	2017-12-31	H3260_v1_6	144686
2012-01-01	2015-12-31	H3260_v1_5	147661
2018-01-01	2018-12-31	H3260_v1_7	147661
2012-01-01	2015-12-31	H3260_v1_5	147662
2018-01-01	2018-12-31	H3260_v1_7	147662
2018-01-01	2018-12-31	H3260_v1_7	147679
2012-01-01	2015-12-31	H3260_v1_5	149906
2012-01-01	2015-12-31	H3260_v1_5	149907
2012-01-01	2015-12-31	H3260_v1_5	149908
2012-01-01	2015-12-31	H3260_v1_5	149909
2012-01-01	2015-12-31	H3260_v1_5	149910
2012-01-01	2015-12-31	H3260_v1_5	149911
2012-01-01	2015-12-31	H3260_v1_5	149912
2012-01-01	2015-12-31	H3260_v1_5	149913
2012-01-01	2015-12-31	H3260_v1_5	149914
2012-01-01	2015-12-31	H3260_v1_5	149915
2018-01-01	2018-12-31	H3260_v1_7	153227
2018-01-01	2018-12-31	H3260_v1_7	153228
2018-01-01	2018-12-31	H3260_v1_7	153229
2007-01-01	2007-12-31	H3260_v1_2	154941
2008-01-01	2009-12-31	H3260_v1_3	154941
2010-01-01	2011-12-31	H3260_v1_4	154941
2016-01-01	2017-12-31	H3260_v1_6	154941
2007-01-01	2007-12-31	H3260_v1_2	154942
2008-01-01	2009-12-31	H3260_v1_3	154942
2010-01-01	2011-12-31	H3260_v1_4	154942
2016-01-01	2017-12-31	H3260_v1_6	154942
2007-01-01	2007-12-31	H3260_v1_2	154943
2008-01-01	2009-12-31	H3260_v1_3	154943
2010-01-01	2011-12-31	H3260_v1_4	154943
2016-01-01	2017-12-31	H3260_v1_6	154943
1899-01-01	2006-12-31	H3260_v1_0	154944
2007-01-01	2007-12-31	H3260_v1_2	154944
2008-01-01	2009-12-31	H3260_v1_3	154944
2010-01-01	2011-12-31	H3260_v1_4	154944
2016-01-01	2017-12-31	H3260_v1_6	154944
1899-01-01	2006-12-31	H3260_v1_0	154945
2007-01-01	2007-12-31	H3260_v1_2	154945
2008-01-01	2009-12-31	H3260_v1_3	154945
2010-01-01	2011-12-31	H3260_v1_4	154945
2016-01-01	2017-12-31	H3260_v1_6	154945
2007-01-01	2007-12-31	H3260_v1_2	154946
2008-01-01	2009-12-31	H3260_v1_3	154946
2010-01-01	2011-12-31	H3260_v1_4	154946
2016-01-01	2017-12-31	H3260_v1_6	154946
2007-01-01	2007-12-31	H3260_v1_2	154947
2008-01-01	2009-12-31	H3260_v1_3	154947
2010-01-01	2011-12-31	H3260_v1_4	154947
2016-01-01	2017-12-31	H3260_v1_6	154947
2007-01-01	2007-12-31	H3260_v1_2	154948
2008-01-01	2009-12-31	H3260_v1_3	154948
2010-01-01	2011-12-31	H3260_v1_4	154948
2016-01-01	2017-12-31	H3260_v1_6	154948
2007-01-01	2007-12-31	H3260_v1_2	154949
2008-01-01	2009-12-31	H3260_v1_3	154949
2010-01-01	2011-12-31	H3260_v1_4	154949
2016-01-01	2017-12-31	H3260_v1_6	154949
2007-01-01	2007-12-31	H3260_v1_2	154950
2008-01-01	2009-12-31	H3260_v1_3	154950
2010-01-01	2011-12-31	H3260_v1_4	154950
2016-01-01	2017-12-31	H3260_v1_6	154950
2018-01-01	2018-12-31	H3260_v1_7	158924
2018-01-01	2018-12-31	H3260_v1_7	158925
2008-01-01	2009-12-31	H3260_v1_3	165374
2010-01-01	2011-12-31	H3260_v1_4	165374
2012-01-01	2015-12-31	H3260_v1_5	165374
2016-01-01	2017-12-31	H3260_v1_6	165374
2018-01-01	2018-12-31	H3260_v1_7	165374
2008-01-01	2009-12-31	H3260_v1_3	165375
2010-01-01	2011-12-31	H3260_v1_4	165375
2012-01-01	2015-12-31	H3260_v1_5	165375
2016-01-01	2017-12-31	H3260_v1_6	165375
2018-01-01	2018-12-31	H3260_v1_7	165375
2018-01-01	2018-12-31	H3260_v1_7	166086
2018-01-01	2018-12-31	H3260_v1_7	166087
2018-01-01	2018-12-31	H3260_v1_7	166088
2018-01-01	2018-12-31	H3260_v1_7	166089
2010-01-01	2011-12-31	H3260_v1_4	166730
2012-01-01	2015-12-31	H3260_v1_5	166730
2016-01-01	2017-12-31	H3260_v1_6	166730
2018-01-01	2018-12-31	H3260_v1_7	166730
2010-01-01	2011-12-31	H3260_v1_4	166731
2012-01-01	2015-12-31	H3260_v1_5	166731
2016-01-01	2017-12-31	H3260_v1_6	166731
2018-01-01	2018-12-31	H3260_v1_7	166731
1899-01-01	2006-12-31	H3260_v1_0	166739
2007-01-01	2007-12-31	H3260_v1_2	166739
2008-01-01	2009-12-31	H3260_v1_3	166739
2010-01-01	2011-12-31	H3260_v1_4	166739
2012-01-01	2015-12-31	H3260_v1_5	166739
2016-01-01	2017-12-31	H3260_v1_6	166739
2018-01-01	2018-12-31	H3260_v1_7	166739
1899-01-01	2006-12-31	H3260_v1_0	166740
2007-01-01	2007-12-31	H3260_v1_2	166740
2008-01-01	2009-12-31	H3260_v1_3	166740
2010-01-01	2011-12-31	H3260_v1_4	166740
2012-01-01	2015-12-31	H3260_v1_5	166740
2016-01-01	2017-12-31	H3260_v1_6	166740
2018-01-01	2018-12-31	H3260_v1_7	166740
1899-01-01	2006-12-31	H3260_v1_0	166741
2007-01-01	2007-12-31	H3260_v1_2	166741
2008-01-01	2009-12-31	H3260_v1_3	166741
2010-01-01	2011-12-31	H3260_v1_4	166741
2012-01-01	2015-12-31	H3260_v1_5	166741
2016-01-01	2017-12-31	H3260_v1_6	166741
2018-01-01	2018-12-31	H3260_v1_7	166741
2012-01-01	2015-12-31	H3260_v1_5	166742
2018-01-01	2018-12-31	H3260_v1_7	166742
2012-01-01	2015-12-31	H3260_v1_5	166743
2018-01-01	2018-12-31	H3260_v1_7	166743
2012-01-01	2015-12-31	H3260_v1_5	166744
2018-01-01	2018-12-31	H3260_v1_7	166744
2012-01-01	2015-12-31	H3260_v1_5	166745
2018-01-01	2018-12-31	H3260_v1_7	166745
2012-01-01	2015-12-31	H3260_v1_5	166746
2018-01-01	2018-12-31	H3260_v1_7	166746
2012-01-01	2015-12-31	H3260_v1_5	166747
2018-01-01	2018-12-31	H3260_v1_7	166747
2012-01-01	2015-12-31	H3260_v1_5	166748
2018-01-01	2018-12-31	H3260_v1_7	166748
2010-01-01	2011-12-31	H3260_v1_4	166749
2012-01-01	2015-12-31	H3260_v1_5	166749
2016-01-01	2017-12-31	H3260_v1_6	166749
2018-01-01	2018-12-31	H3260_v1_7	166749
2010-01-01	2011-12-31	H3260_v1_4	166750
2012-01-01	2015-12-31	H3260_v1_5	166750
2016-01-01	2017-12-31	H3260_v1_6	166750
2018-01-01	2018-12-31	H3260_v1_7	166750
2010-01-01	2011-12-31	H3260_v1_4	166751
2012-01-01	2015-12-31	H3260_v1_5	166751
2016-01-01	2017-12-31	H3260_v1_6	166751
2018-01-01	2018-12-31	H3260_v1_7	166751
2010-01-01	2011-12-31	H3260_v1_4	166752
2012-01-01	2015-12-31	H3260_v1_5	166752
2016-01-01	2017-12-31	H3260_v1_6	166752
2018-01-01	2018-12-31	H3260_v1_7	166752
2010-01-01	2011-12-31	H3260_v1_4	166753
2012-01-01	2015-12-31	H3260_v1_5	166753
2016-01-01	2017-12-31	H3260_v1_6	166753
2018-01-01	2018-12-31	H3260_v1_7	166753
2007-01-01	2007-12-31	H3260_v1_2	166754
2008-01-01	2009-12-31	H3260_v1_3	166754
2010-01-01	2011-12-31	H3260_v1_4	166754
2012-01-01	2015-12-31	H3260_v1_5	166754
2016-01-01	2017-12-31	H3260_v1_6	166754
2018-01-01	2018-12-31	H3260_v1_7	166754
2007-01-01	2007-12-31	H3260_v1_2	166755
2008-01-01	2009-12-31	H3260_v1_3	166755
2010-01-01	2011-12-31	H3260_v1_4	166755
2016-01-01	2017-12-31	H3260_v1_6	166755
2018-01-01	2018-12-31	H3260_v1_7	166755
2007-01-01	2007-12-31	H3260_v1_2	166756
2008-01-01	2009-12-31	H3260_v1_3	166756
2010-01-01	2011-12-31	H3260_v1_4	166756
2016-01-01	2017-12-31	H3260_v1_6	166756
2018-01-01	2018-12-31	H3260_v1_7	166756
2007-01-01	2007-12-31	H3260_v1_2	166757
2008-01-01	2009-12-31	H3260_v1_3	166757
2010-01-01	2011-12-31	H3260_v1_4	166757
2016-01-01	2017-12-31	H3260_v1_6	166757
2018-01-01	2018-12-31	H3260_v1_7	166757
1899-01-01	2006-12-31	H3260_v1_0	166758
2007-01-01	2007-12-31	H3260_v1_2	166758
2008-01-01	2009-12-31	H3260_v1_3	166758
2010-01-01	2011-12-31	H3260_v1_4	166758
2016-01-01	2017-12-31	H3260_v1_6	166758
2018-01-01	2018-12-31	H3260_v1_7	166758
1899-01-01	2006-12-31	H3260_v1_0	166759
2007-01-01	2007-12-31	H3260_v1_2	166759
2008-01-01	2009-12-31	H3260_v1_3	166759
2010-01-01	2011-12-31	H3260_v1_4	166759
2016-01-01	2017-12-31	H3260_v1_6	166759
2018-01-01	2018-12-31	H3260_v1_7	166759
2007-01-01	2007-12-31	H3260_v1_2	166760
2008-01-01	2009-12-31	H3260_v1_3	166760
2010-01-01	2011-12-31	H3260_v1_4	166760
2016-01-01	2017-12-31	H3260_v1_6	166760
2018-01-01	2018-12-31	H3260_v1_7	166760
2007-01-01	2007-12-31	H3260_v1_2	166761
2008-01-01	2009-12-31	H3260_v1_3	166761
2010-01-01	2011-12-31	H3260_v1_4	166761
2016-01-01	2017-12-31	H3260_v1_6	166761
2018-01-01	2018-12-31	H3260_v1_7	166761
2007-01-01	2007-12-31	H3260_v1_2	166762
2008-01-01	2009-12-31	H3260_v1_3	166762
2010-01-01	2011-12-31	H3260_v1_4	166762
2016-01-01	2017-12-31	H3260_v1_6	166762
2018-01-01	2018-12-31	H3260_v1_7	166762
1899-01-01	2006-12-31	H3260_v1_0	166765
2007-01-01	2007-12-31	H3260_v1_2	166765
2008-01-01	2009-12-31	H3260_v1_3	166765
2010-01-01	2011-12-31	H3260_v1_4	166765
2016-01-01	2017-12-31	H3260_v1_6	166765
1899-01-01	2006-12-31	H3260_v1_0	166766
2007-01-01	2007-12-31	H3260_v1_2	166766
2008-01-01	2009-12-31	H3260_v1_3	166766
2010-01-01	2011-12-31	H3260_v1_4	166766
2016-01-01	2017-12-31	H3260_v1_6	166766
2010-01-01	2011-12-31	H3260_v1_4	166773
2012-01-01	2015-12-31	H3260_v1_5	166773
2016-01-01	2017-12-31	H3260_v1_6	166773
2018-01-01	2018-12-31	H3260_v1_7	166773
2010-01-01	2011-12-31	H3260_v1_4	166774
2012-01-01	2015-12-31	H3260_v1_5	166774
2016-01-01	2017-12-31	H3260_v1_6	166774
2018-01-01	2018-12-31	H3260_v1_7	166774
2012-01-01	2015-12-31	H3260_v1_5	166775
2018-01-01	2018-12-31	H3260_v1_7	166775
1899-01-01	2006-12-31	H3260_v1_0	166776
2007-01-01	2007-12-31	H3260_v1_2	166776
2008-01-01	2009-12-31	H3260_v1_3	166776
2010-01-01	2011-12-31	H3260_v1_4	166776
2012-01-01	2015-12-31	H3260_v1_5	166776
2016-01-01	2017-12-31	H3260_v1_6	166776
2018-01-01	2018-12-31	H3260_v1_7	166776
1899-01-01	2006-12-31	H3260_v1_0	166777
2007-01-01	2007-12-31	H3260_v1_2	166777
2008-01-01	2009-12-31	H3260_v1_3	166777
2010-01-01	2011-12-31	H3260_v1_4	166777
2012-01-01	2015-12-31	H3260_v1_5	166777
2016-01-01	2017-12-31	H3260_v1_6	166777
2018-01-01	2018-12-31	H3260_v1_7	166777
2007-01-01	2007-12-31	H3260_v1_2	166794
2008-01-01	2009-12-31	H3260_v1_3	166794
2010-01-01	2011-12-31	H3260_v1_4	166794
2012-01-01	2015-12-31	H3260_v1_5	166794
2016-01-01	2017-12-31	H3260_v1_6	166794
2018-01-01	2018-12-31	H3260_v1_7	166794
2007-01-01	2007-12-31	H3260_v1_2	166795
2008-01-01	2009-12-31	H3260_v1_3	166795
2010-01-01	2011-12-31	H3260_v1_4	166795
2012-01-01	2015-12-31	H3260_v1_5	166795
2016-01-01	2017-12-31	H3260_v1_6	166795
2018-01-01	2018-12-31	H3260_v1_7	166795
1899-01-01	2006-12-31	H3260_v1_0	166796
2007-01-01	2007-12-31	H3260_v1_2	166796
2008-01-01	2009-12-31	H3260_v1_3	166796
2010-01-01	2011-12-31	H3260_v1_4	166796
2012-01-01	2015-12-31	H3260_v1_5	166796
2016-01-01	2017-12-31	H3260_v1_6	166796
2018-01-01	2018-12-31	H3260_v1_7	166796
1899-01-01	2006-12-31	H3260_v1_0	166797
2007-01-01	2007-12-31	H3260_v1_2	166797
2008-01-01	2009-12-31	H3260_v1_3	166797
2010-01-01	2011-12-31	H3260_v1_4	166797
2012-01-01	2015-12-31	H3260_v1_5	166797
2016-01-01	2017-12-31	H3260_v1_6	166797
2018-01-01	2018-12-31	H3260_v1_7	166797
1899-01-01	2006-12-31	H3260_v1_0	166798
2007-01-01	2007-12-31	H3260_v1_2	166798
2008-01-01	2009-12-31	H3260_v1_3	166798
2010-01-01	2011-12-31	H3260_v1_4	166798
2012-01-01	2015-12-31	H3260_v1_5	166798
2016-01-01	2017-12-31	H3260_v1_6	166798
2018-01-01	2018-12-31	H3260_v1_7	166798
1899-01-01	2006-12-31	H3260_v1_0	166799
2007-01-01	2007-12-31	H3260_v1_2	166799
2008-01-01	2009-12-31	H3260_v1_3	166799
2010-01-01	2011-12-31	H3260_v1_4	166799
2012-01-01	2015-12-31	H3260_v1_5	166799
2016-01-01	2017-12-31	H3260_v1_6	166799
2018-01-01	2018-12-31	H3260_v1_7	166799
1899-01-01	2006-12-31	H3260_v1_0	166800
2007-01-01	2007-12-31	H3260_v1_2	166800
2008-01-01	2009-12-31	H3260_v1_3	166800
2010-01-01	2011-12-31	H3260_v1_4	166800
2012-01-01	2015-12-31	H3260_v1_5	166800
2016-01-01	2017-12-31	H3260_v1_6	166800
2018-01-01	2018-12-31	H3260_v1_7	166800
2007-01-01	2007-12-31	H3260_v1_2	166801
2008-01-01	2009-12-31	H3260_v1_3	166801
2010-01-01	2011-12-31	H3260_v1_4	166801
2012-01-01	2015-12-31	H3260_v1_5	166801
2016-01-01	2017-12-31	H3260_v1_6	166801
2018-01-01	2018-12-31	H3260_v1_7	166801
2007-01-01	2007-12-31	H3260_v1_2	166802
2008-01-01	2009-12-31	H3260_v1_3	166802
2010-01-01	2011-12-31	H3260_v1_4	166802
2012-01-01	2015-12-31	H3260_v1_5	166802
2016-01-01	2017-12-31	H3260_v1_6	166802
2018-01-01	2018-12-31	H3260_v1_7	166802
2007-01-01	2007-12-31	H3260_v1_2	166803
2008-01-01	2009-12-31	H3260_v1_3	166803
2010-01-01	2011-12-31	H3260_v1_4	166803
2012-01-01	2015-12-31	H3260_v1_5	166803
2016-01-01	2017-12-31	H3260_v1_6	166803
2018-01-01	2018-12-31	H3260_v1_7	166803
2012-01-01	2015-12-31	H3260_v1_5	166810
2018-01-01	2018-12-31	H3260_v1_7	166810
2007-01-01	2007-12-31	H3260_v1_2	166811
2008-01-01	2009-12-31	H3260_v1_3	166811
2010-01-01	2011-12-31	H3260_v1_4	166811
2012-01-01	2015-12-31	H3260_v1_5	166811
2016-01-01	2017-12-31	H3260_v1_6	166811
2018-01-01	2018-12-31	H3260_v1_7	166811
2007-01-01	2007-12-31	H3260_v1_2	166812
2008-01-01	2009-12-31	H3260_v1_3	166812
2010-01-01	2011-12-31	H3260_v1_4	166812
2012-01-01	2015-12-31	H3260_v1_5	166812
2016-01-01	2017-12-31	H3260_v1_6	166812
2018-01-01	2018-12-31	H3260_v1_7	166812
2007-01-01	2007-12-31	H3260_v1_2	166813
2008-01-01	2009-12-31	H3260_v1_3	166813
2010-01-01	2011-12-31	H3260_v1_4	166813
2012-01-01	2015-12-31	H3260_v1_5	166813
2016-01-01	2017-12-31	H3260_v1_6	166813
2018-01-01	2018-12-31	H3260_v1_7	166813
2007-01-01	2007-12-31	H3260_v1_2	166814
2008-01-01	2009-12-31	H3260_v1_3	166814
2010-01-01	2011-12-31	H3260_v1_4	166814
2012-01-01	2015-12-31	H3260_v1_5	166814
2016-01-01	2017-12-31	H3260_v1_6	166814
2018-01-01	2018-12-31	H3260_v1_7	166814
1899-01-01	2006-12-31	H3260_v1_0	166815
2007-01-01	2007-12-31	H3260_v1_2	166815
2008-01-01	2009-12-31	H3260_v1_3	166815
2010-01-01	2011-12-31	H3260_v1_4	166815
2012-01-01	2015-12-31	H3260_v1_5	166815
2016-01-01	2017-12-31	H3260_v1_6	166815
2018-01-01	2018-12-31	H3260_v1_7	166815
1899-01-01	2006-12-31	H3260_v1_0	166816
2007-01-01	2007-12-31	H3260_v1_2	166816
2008-01-01	2009-12-31	H3260_v1_3	166816
2010-01-01	2011-12-31	H3260_v1_4	166816
2012-01-01	2015-12-31	H3260_v1_5	166816
2016-01-01	2017-12-31	H3260_v1_6	166816
2018-01-01	2018-12-31	H3260_v1_7	166816
2007-01-01	2007-12-31	H3260_v1_2	166817
2008-01-01	2009-12-31	H3260_v1_3	166817
2010-01-01	2011-12-31	H3260_v1_4	166817
2012-01-01	2015-12-31	H3260_v1_5	166817
2016-01-01	2017-12-31	H3260_v1_6	166817
2018-01-01	2018-12-31	H3260_v1_7	166817
2007-01-01	2007-12-31	H3260_v1_2	166818
2008-01-01	2009-12-31	H3260_v1_3	166818
2010-01-01	2011-12-31	H3260_v1_4	166818
2012-01-01	2015-12-31	H3260_v1_5	166818
2016-01-01	2017-12-31	H3260_v1_6	166818
2018-01-01	2018-12-31	H3260_v1_7	166818
2007-01-01	2007-12-31	H3260_v1_2	166819
2008-01-01	2009-12-31	H3260_v1_3	166819
2010-01-01	2011-12-31	H3260_v1_4	166819
2012-01-01	2015-12-31	H3260_v1_5	166819
2016-01-01	2017-12-31	H3260_v1_6	166819
2018-01-01	2018-12-31	H3260_v1_7	166819
2007-01-01	2007-12-31	H3260_v1_2	166820
2008-01-01	2009-12-31	H3260_v1_3	166820
2010-01-01	2011-12-31	H3260_v1_4	166820
2012-01-01	2015-12-31	H3260_v1_5	166820
2016-01-01	2017-12-31	H3260_v1_6	166820
2018-01-01	2018-12-31	H3260_v1_7	166820
2007-01-01	2007-12-31	H3260_v1_2	166821
2008-01-01	2009-12-31	H3260_v1_3	166821
2010-01-01	2011-12-31	H3260_v1_4	166821
2012-01-01	2015-12-31	H3260_v1_5	166821
2016-01-01	2017-12-31	H3260_v1_6	166821
2018-01-01	2018-12-31	H3260_v1_7	166821
2007-01-01	2007-12-31	H3260_v1_2	166822
2008-01-01	2009-12-31	H3260_v1_3	166822
2010-01-01	2011-12-31	H3260_v1_4	166822
2012-01-01	2015-12-31	H3260_v1_5	166822
2016-01-01	2017-12-31	H3260_v1_6	166822
2018-01-01	2018-12-31	H3260_v1_7	166822
1899-01-01	2006-12-31	H3260_v1_0	166823
2007-01-01	2007-12-31	H3260_v1_2	166823
2008-01-01	2009-12-31	H3260_v1_3	166823
2010-01-01	2011-12-31	H3260_v1_4	166823
2012-01-01	2015-12-31	H3260_v1_5	166823
2016-01-01	2017-12-31	H3260_v1_6	166823
2018-01-01	2018-12-31	H3260_v1_7	166823
1899-01-01	2006-12-31	H3260_v1_0	166824
2007-01-01	2007-12-31	H3260_v1_2	166824
2008-01-01	2009-12-31	H3260_v1_3	166824
2010-01-01	2011-12-31	H3260_v1_4	166824
2012-01-01	2015-12-31	H3260_v1_5	166824
2016-01-01	2017-12-31	H3260_v1_6	166824
2018-01-01	2018-12-31	H3260_v1_7	166824
2007-01-01	2007-12-31	H3260_v1_2	166825
2008-01-01	2009-12-31	H3260_v1_3	166825
2010-01-01	2011-12-31	H3260_v1_4	166825
2012-01-01	2015-12-31	H3260_v1_5	166825
2016-01-01	2017-12-31	H3260_v1_6	166825
2018-01-01	2018-12-31	H3260_v1_7	166825
1899-01-01	2006-12-31	H3260_v1_0	166826
2007-01-01	2007-12-31	H3260_v1_2	166826
2008-01-01	2009-12-31	H3260_v1_3	166826
2010-01-01	2011-12-31	H3260_v1_4	166826
2012-01-01	2015-12-31	H3260_v1_5	166826
2016-01-01	2017-12-31	H3260_v1_6	166826
2018-01-01	2018-12-31	H3260_v1_7	166826
1899-01-01	2006-12-31	H3260_v1_0	166827
2007-01-01	2007-12-31	H3260_v1_2	166827
2008-01-01	2009-12-31	H3260_v1_3	166827
2010-01-01	2011-12-31	H3260_v1_4	166827
2012-01-01	2015-12-31	H3260_v1_5	166827
2016-01-01	2017-12-31	H3260_v1_6	166827
2018-01-01	2018-12-31	H3260_v1_7	166827
1899-01-01	2006-12-31	H3260_v1_0	166828
2007-01-01	2007-12-31	H3260_v1_2	166828
2008-01-01	2009-12-31	H3260_v1_3	166828
2010-01-01	2011-12-31	H3260_v1_4	166828
2012-01-01	2015-12-31	H3260_v1_5	166828
2016-01-01	2017-12-31	H3260_v1_6	166828
2018-01-01	2018-12-31	H3260_v1_7	166828
2007-01-01	2007-12-31	H3260_v1_2	166829
2008-01-01	2009-12-31	H3260_v1_3	166829
2010-01-01	2011-12-31	H3260_v1_4	166829
2012-01-01	2015-12-31	H3260_v1_5	166829
2016-01-01	2017-12-31	H3260_v1_6	166829
2018-01-01	2018-12-31	H3260_v1_7	166829
2007-01-01	2007-12-31	H3260_v1_2	166830
2008-01-01	2009-12-31	H3260_v1_3	166830
2010-01-01	2011-12-31	H3260_v1_4	166830
2012-01-01	2015-12-31	H3260_v1_5	166830
2016-01-01	2017-12-31	H3260_v1_6	166830
2018-01-01	2018-12-31	H3260_v1_7	166830
2018-01-01	2018-12-31	H3260_v1_7	166843
2018-01-01	2018-12-31	H3260_v1_7	166844
2012-01-01	2015-12-31	H3260_v1_5	166856
2018-01-01	2018-12-31	H3260_v1_7	166856
2012-01-01	2015-12-31	H3260_v1_5	166857
2018-01-01	2018-12-31	H3260_v1_7	166857
2012-01-01	2015-12-31	H3260_v1_5	166858
2018-01-01	2018-12-31	H3260_v1_7	166858
2012-01-01	2015-12-31	H3260_v1_5	166859
2018-01-01	2018-12-31	H3260_v1_7	166859
2012-01-01	2015-12-31	H3260_v1_5	166860
2018-01-01	2018-12-31	H3260_v1_7	166860
2012-01-01	2015-12-31	H3260_v1_5	166861
2018-01-01	2018-12-31	H3260_v1_7	166861
2012-01-01	2015-12-31	H3260_v1_5	166915
2018-01-01	2018-12-31	H3260_v1_7	166915
2018-01-01	2018-12-31	H3260_v1_7	166943
2018-01-01	2018-12-31	H3260_v1_7	166944
1899-01-01	2006-12-31	H3260_v1_0	167455
2007-01-01	2007-12-31	H3260_v1_2	167455
2008-01-01	2009-12-31	H3260_v1_3	167455
2010-01-01	2011-12-31	H3260_v1_4	167455
2012-01-01	2015-12-31	H3260_v1_5	167455
2016-01-01	2017-12-31	H3260_v1_6	167455
1899-01-01	2006-12-31	H3260_v1_0	167456
2007-01-01	2007-12-31	H3260_v1_2	167456
2008-01-01	2009-12-31	H3260_v1_3	167456
2010-01-01	2011-12-31	H3260_v1_4	167456
2012-01-01	2015-12-31	H3260_v1_5	167456
2016-01-01	2017-12-31	H3260_v1_6	167456
1899-01-01	2006-12-31	H3260_v1_0	167457
2007-01-01	2007-12-31	H3260_v1_2	167457
2008-01-01	2009-12-31	H3260_v1_3	167457
2010-01-01	2011-12-31	H3260_v1_4	167457
2012-01-01	2015-12-31	H3260_v1_5	167457
2016-01-01	2017-12-31	H3260_v1_6	167457
1899-01-01	2006-12-31	H3260_v1_0	167458
2007-01-01	2007-12-31	H3260_v1_2	167458
2008-01-01	2009-12-31	H3260_v1_3	167458
2010-01-01	2011-12-31	H3260_v1_4	167458
2012-01-01	2015-12-31	H3260_v1_5	167458
2016-01-01	2017-12-31	H3260_v1_6	167458
1899-01-01	2006-12-31	H3260_v1_0	167459
2007-01-01	2007-12-31	H3260_v1_2	167459
2008-01-01	2009-12-31	H3260_v1_3	167459
2010-01-01	2011-12-31	H3260_v1_4	167459
2012-01-01	2015-12-31	H3260_v1_5	167459
2016-01-01	2017-12-31	H3260_v1_6	167459
1899-01-01	2006-12-31	H3260_v1_0	167460
2007-01-01	2007-12-31	H3260_v1_2	167460
2008-01-01	2009-12-31	H3260_v1_3	167460
2010-01-01	2011-12-31	H3260_v1_4	167460
2012-01-01	2015-12-31	H3260_v1_5	167460
2016-01-01	2017-12-31	H3260_v1_6	167460
1899-01-01	2006-12-31	H3260_v1_0	167461
2007-01-01	2007-12-31	H3260_v1_2	167461
2008-01-01	2009-12-31	H3260_v1_3	167461
2010-01-01	2011-12-31	H3260_v1_4	167461
2012-01-01	2015-12-31	H3260_v1_5	167461
2016-01-01	2017-12-31	H3260_v1_6	167461
1899-01-01	2006-12-31	H3260_v1_0	167462
2007-01-01	2007-12-31	H3260_v1_2	167462
2008-01-01	2009-12-31	H3260_v1_3	167462
2010-01-01	2011-12-31	H3260_v1_4	167462
2012-01-01	2015-12-31	H3260_v1_5	167462
2016-01-01	2017-12-31	H3260_v1_6	167462
1899-01-01	2006-12-31	H3260_v1_0	167463
2007-01-01	2007-12-31	H3260_v1_2	167463
2008-01-01	2009-12-31	H3260_v1_3	167463
2010-01-01	2011-12-31	H3260_v1_4	167463
2012-01-01	2015-12-31	H3260_v1_5	167463
2016-01-01	2017-12-31	H3260_v1_6	167463
1899-01-01	2006-12-31	H3260_v1_0	167464
2007-01-01	2007-12-31	H3260_v1_2	167464
2008-01-01	2009-12-31	H3260_v1_3	167464
2010-01-01	2011-12-31	H3260_v1_4	167464
2012-01-01	2015-12-31	H3260_v1_5	167464
2016-01-01	2017-12-31	H3260_v1_6	167464
1899-01-01	2006-12-31	H3260_v1_0	167465
2007-01-01	2007-12-31	H3260_v1_2	167465
2008-01-01	2009-12-31	H3260_v1_3	167465
2010-01-01	2011-12-31	H3260_v1_4	167465
2012-01-01	2015-12-31	H3260_v1_5	167465
2016-01-01	2017-12-31	H3260_v1_6	167465
1899-01-01	2006-12-31	H3260_v1_0	167466
2007-01-01	2007-12-31	H3260_v1_2	167466
2008-01-01	2009-12-31	H3260_v1_3	167466
2010-01-01	2011-12-31	H3260_v1_4	167466
2012-01-01	2015-12-31	H3260_v1_5	167466
2016-01-01	2017-12-31	H3260_v1_6	167466
2018-01-01	2018-12-31	H3260_v1_7	167740
2008-01-01	2009-12-31	H3260_v1_3	167911
2010-01-01	2011-12-31	H3260_v1_4	167911
2012-01-01	2015-12-31	H3260_v1_5	167911
2016-01-01	2017-12-31	H3260_v1_6	167911
2018-01-01	2018-12-31	H3260_v1_7	167911
2008-01-01	2009-12-31	H3260_v1_3	167912
2010-01-01	2011-12-31	H3260_v1_4	167912
2012-01-01	2015-12-31	H3260_v1_5	167912
2016-01-01	2017-12-31	H3260_v1_6	167912
2018-01-01	2018-12-31	H3260_v1_7	167912
2012-01-01	2015-12-31	H3260_v1_5	169150
2018-01-01	2018-12-31	H3260_v1_7	169150
2012-01-01	2015-12-31	H3260_v1_5	169151
2018-01-01	2018-12-31	H3260_v1_7	169151
2012-01-01	2015-12-31	H3260_v1_5	169152
2018-01-01	2018-12-31	H3260_v1_7	169152
2018-01-01	2018-12-31	H3260_v1_7	169153
2018-01-01	2018-12-31	H3260_v1_7	169154
2018-01-01	2018-12-31	H3260_v1_7	169155
2018-01-01	2018-12-31	H3260_v1_7	169156
2018-01-01	2018-12-31	H3260_v1_7	169157
2018-01-01	2018-12-31	H3260_v1_7	169158
2018-01-01	2018-12-31	H3260_v1_7	169159
2018-01-01	2018-12-31	H3260_v1_7	169160
2018-01-01	2018-12-31	H3260_v1_7	169161
2018-01-01	2018-12-31	H3260_v1_7	169162
2018-01-01	2018-12-31	H3260_v1_7	169163
2010-01-01	2011-12-31	H3260_v1_4	174514
2016-01-01	2017-12-31	H3260_v1_6	174514
2010-01-01	2011-12-31	H3260_v1_4	174515
2016-01-01	2017-12-31	H3260_v1_6	174515
2010-01-01	2011-12-31	H3260_v1_4	174541
2012-01-01	2015-12-31	H3260_v1_5	174541
2016-01-01	2017-12-31	H3260_v1_6	174541
2010-01-01	2011-12-31	H3260_v1_4	174542
2012-01-01	2015-12-31	H3260_v1_5	174542
2016-01-01	2017-12-31	H3260_v1_6	174542
2012-01-01	2015-12-31	H3260_v1_5	174550
1899-01-01	2006-12-31	H3260_v1_0	174977
2007-01-01	2007-12-31	H3260_v1_2	174977
1899-01-01	2006-12-31	H3260_v1_0	174978
2007-01-01	2007-12-31	H3260_v1_2	174978
1899-01-01	2006-12-31	H3260_v1_0	174979
2007-01-01	2007-12-31	H3260_v1_2	174979
1899-01-01	2006-12-31	H3260_v1_0	174980
2007-01-01	2007-12-31	H3260_v1_2	174980
1899-01-01	2006-12-31	H3260_v1_0	174981
2007-01-01	2007-12-31	H3260_v1_2	174981
1899-01-01	2006-12-31	H3260_v1_0	174982
2007-01-01	2007-12-31	H3260_v1_2	174982
1899-01-01	2006-12-31	H3260_v1_0	174983
2007-01-01	2007-12-31	H3260_v1_2	174983
1899-01-01	2006-12-31	H3260_v1_0	174984
2007-01-01	2007-12-31	H3260_v1_2	174984
1899-01-01	2006-12-31	H3260_v1_0	174985
2007-01-01	2007-12-31	H3260_v1_2	174985
1899-01-01	2006-12-31	H3260_v1_0	174986
2007-01-01	2007-12-31	H3260_v1_2	174986
1899-01-01	2006-12-31	H3260_v1_0	174987
2007-01-01	2007-12-31	H3260_v1_2	174987
1899-01-01	2006-12-31	H3260_v1_0	175023
2007-01-01	2007-12-31	H3260_v1_2	175023
1899-01-01	2006-12-31	H3260_v1_0	175024
2007-01-01	2007-12-31	H3260_v1_2	175024
1899-01-01	2006-12-31	H3260_v1_0	175025
2007-01-01	2007-12-31	H3260_v1_2	175025
1899-01-01	2006-12-31	H3260_v1_0	175026
2007-01-01	2007-12-31	H3260_v1_2	175026
1899-01-01	2006-12-31	H3260_v1_0	175027
2007-01-01	2007-12-31	H3260_v1_2	175027
1899-01-01	2006-12-31	H3260_v1_0	175028
2007-01-01	2007-12-31	H3260_v1_2	175028
1899-01-01	2006-12-31	H3260_v1_0	175029
2007-01-01	2007-12-31	H3260_v1_2	175029
1899-01-01	2006-12-31	H3260_v1_0	175030
2007-01-01	2007-12-31	H3260_v1_2	175030
1899-01-01	2006-12-31	H3260_v1_0	175031
2007-01-01	2007-12-31	H3260_v1_2	175031
1899-01-01	2006-12-31	H3260_v1_0	175032
2007-01-01	2007-12-31	H3260_v1_2	175032
1899-01-01	2006-12-31	H3260_v1_0	175033
2007-01-01	2007-12-31	H3260_v1_2	175033
1899-01-01	2006-12-31	H3260_v1_0	175034
2007-01-01	2007-12-31	H3260_v1_2	175034
1899-01-01	2006-12-31	H3260_v1_0	175035
2007-01-01	2007-12-31	H3260_v1_2	175035
1899-01-01	2006-12-31	H3260_v1_0	175036
2007-01-01	2007-12-31	H3260_v1_2	175036
1899-01-01	2006-12-31	H3260_v1_0	175037
2007-01-01	2007-12-31	H3260_v1_2	175037
1899-01-01	2006-12-31	H3260_v1_0	175038
2007-01-01	2007-12-31	H3260_v1_2	175038
1899-01-01	2006-12-31	H3260_v1_0	175039
2007-01-01	2007-12-31	H3260_v1_2	175039
1899-01-01	2006-12-31	H3260_v1_0	175040
2007-01-01	2007-12-31	H3260_v1_2	175040
1899-01-01	2006-12-31	H3260_v1_0	175041
2007-01-01	2007-12-31	H3260_v1_2	175041
1899-01-01	2006-12-31	H3260_v1_0	175042
2007-01-01	2007-12-31	H3260_v1_2	175042
1899-01-01	2006-12-31	H3260_v1_0	175043
2007-01-01	2007-12-31	H3260_v1_2	175043
1899-01-01	2006-12-31	H3260_v1_0	175044
2007-01-01	2007-12-31	H3260_v1_2	175044
1899-01-01	2006-12-31	H3260_v1_0	175045
2007-01-01	2007-12-31	H3260_v1_2	175045
2008-01-01	2009-12-31	H3260_v1_3	175045
2010-01-01	2011-12-31	H3260_v1_4	175045
2012-01-01	2015-12-31	H3260_v1_5	175045
2016-01-01	2017-12-31	H3260_v1_6	175045
1899-01-01	2006-12-31	H3260_v1_0	175046
2007-01-01	2007-12-31	H3260_v1_2	175046
2008-01-01	2009-12-31	H3260_v1_3	175046
2010-01-01	2011-12-31	H3260_v1_4	175046
2012-01-01	2015-12-31	H3260_v1_5	175046
2016-01-01	2017-12-31	H3260_v1_6	175046
1899-01-01	2006-12-31	H3260_v1_0	175047
2007-01-01	2007-12-31	H3260_v1_2	175047
2008-01-01	2009-12-31	H3260_v1_3	175047
2010-01-01	2011-12-31	H3260_v1_4	175047
2012-01-01	2015-12-31	H3260_v1_5	175047
2016-01-01	2017-12-31	H3260_v1_6	175047
2018-01-01	2018-12-31	H3260_v1_7	175047
1899-01-01	2006-12-31	H3260_v1_0	175048
2007-01-01	2007-12-31	H3260_v1_2	175048
2008-01-01	2009-12-31	H3260_v1_3	175048
2010-01-01	2011-12-31	H3260_v1_4	175048
2012-01-01	2015-12-31	H3260_v1_5	175048
2016-01-01	2017-12-31	H3260_v1_6	175048
2018-01-01	2018-12-31	H3260_v1_7	175048
1899-01-01	2006-12-31	H3260_v1_0	175049
2007-01-01	2007-12-31	H3260_v1_2	175049
2008-01-01	2009-12-31	H3260_v1_3	175049
2010-01-01	2011-12-31	H3260_v1_4	175049
2012-01-01	2015-12-31	H3260_v1_5	175049
2016-01-01	2017-12-31	H3260_v1_6	175049
2018-01-01	2018-12-31	H3260_v1_7	175049
1899-01-01	2006-12-31	H3260_v1_0	175050
2007-01-01	2007-12-31	H3260_v1_2	175050
2008-01-01	2009-12-31	H3260_v1_3	175050
2010-01-01	2011-12-31	H3260_v1_4	175050
2012-01-01	2015-12-31	H3260_v1_5	175050
2016-01-01	2017-12-31	H3260_v1_6	175050
2018-01-01	2018-12-31	H3260_v1_7	175050
1899-01-01	2006-12-31	H3260_v1_0	175051
2007-01-01	2007-12-31	H3260_v1_2	175051
2008-01-01	2009-12-31	H3260_v1_3	175051
2010-01-01	2011-12-31	H3260_v1_4	175051
2012-01-01	2015-12-31	H3260_v1_5	175051
2016-01-01	2017-12-31	H3260_v1_6	175051
2018-01-01	2018-12-31	H3260_v1_7	175051
1899-01-01	2006-12-31	H3260_v1_0	175052
2007-01-01	2007-12-31	H3260_v1_2	175052
2008-01-01	2009-12-31	H3260_v1_3	175052
2010-01-01	2011-12-31	H3260_v1_4	175052
2012-01-01	2015-12-31	H3260_v1_5	175052
2016-01-01	2017-12-31	H3260_v1_6	175052
2018-01-01	2018-12-31	H3260_v1_7	175052
1899-01-01	2006-12-31	H3260_v1_0	175053
2007-01-01	2007-12-31	H3260_v1_2	175053
2008-01-01	2009-12-31	H3260_v1_3	175053
2010-01-01	2011-12-31	H3260_v1_4	175053
2012-01-01	2015-12-31	H3260_v1_5	175053
2016-01-01	2017-12-31	H3260_v1_6	175053
2018-01-01	2018-12-31	H3260_v1_7	175053
1899-01-01	2006-12-31	H3260_v1_0	175054
2007-01-01	2007-12-31	H3260_v1_2	175054
2008-01-01	2009-12-31	H3260_v1_3	175054
2010-01-01	2011-12-31	H3260_v1_4	175054
2012-01-01	2015-12-31	H3260_v1_5	175054
2016-01-01	2017-12-31	H3260_v1_6	175054
2018-01-01	2018-12-31	H3260_v1_7	175054
1899-01-01	2006-12-31	H3260_v1_0	175055
2007-01-01	2007-12-31	H3260_v1_2	175055
2008-01-01	2009-12-31	H3260_v1_3	175055
2010-01-01	2011-12-31	H3260_v1_4	175055
2012-01-01	2015-12-31	H3260_v1_5	175055
2016-01-01	2017-12-31	H3260_v1_6	175055
2018-01-01	2018-12-31	H3260_v1_7	175055
1899-01-01	2006-12-31	H3260_v1_0	175056
2007-01-01	2007-12-31	H3260_v1_2	175056
2008-01-01	2009-12-31	H3260_v1_3	175056
2010-01-01	2011-12-31	H3260_v1_4	175056
2012-01-01	2015-12-31	H3260_v1_5	175056
2016-01-01	2017-12-31	H3260_v1_6	175056
2018-01-01	2018-12-31	H3260_v1_7	175056
1899-01-01	2006-12-31	H3260_v1_0	175057
2007-01-01	2007-12-31	H3260_v1_2	175057
2008-01-01	2009-12-31	H3260_v1_3	175057
2010-01-01	2011-12-31	H3260_v1_4	175057
2012-01-01	2015-12-31	H3260_v1_5	175057
2016-01-01	2017-12-31	H3260_v1_6	175057
2018-01-01	2018-12-31	H3260_v1_7	175057
1899-01-01	2006-12-31	H3260_v1_0	175058
2007-01-01	2007-12-31	H3260_v1_2	175058
2018-01-01	2018-12-31	H3260_v1_7	175058
1899-01-01	2006-12-31	H3260_v1_0	175059
2007-01-01	2007-12-31	H3260_v1_2	175059
2018-01-01	2018-12-31	H3260_v1_7	175059
1899-01-01	2006-12-31	H3260_v1_0	175060
2007-01-01	2007-12-31	H3260_v1_2	175060
2018-01-01	2018-12-31	H3260_v1_7	175060
1899-01-01	2006-12-31	H3260_v1_0	175061
2007-01-01	2007-12-31	H3260_v1_2	175061
1899-01-01	2006-12-31	H3260_v1_0	175062
2007-01-01	2007-12-31	H3260_v1_2	175062
1899-01-01	2006-12-31	H3260_v1_0	175065
2007-01-01	2007-12-31	H3260_v1_2	175065
1899-01-01	2006-12-31	H3260_v1_0	175066
2007-01-01	2007-12-31	H3260_v1_2	175066
1899-01-01	2006-12-31	H3260_v1_0	175067
2007-01-01	2007-12-31	H3260_v1_2	175067
1899-01-01	2006-12-31	H3260_v1_0	175068
2007-01-01	2007-12-31	H3260_v1_2	175068
1899-01-01	2006-12-31	H3260_v1_0	175069
2007-01-01	2007-12-31	H3260_v1_2	175069
1899-01-01	2006-12-31	H3260_v1_0	175070
2007-01-01	2007-12-31	H3260_v1_2	175070
1899-01-01	2006-12-31	H3260_v1_0	175071
2007-01-01	2007-12-31	H3260_v1_2	175071
1899-01-01	2006-12-31	H3260_v1_0	175072
2007-01-01	2007-12-31	H3260_v1_2	175072
1899-01-01	2006-12-31	H3260_v1_0	175073
2007-01-01	2007-12-31	H3260_v1_2	175073
1899-01-01	2006-12-31	H3260_v1_0	175074
2007-01-01	2007-12-31	H3260_v1_2	175074
1899-01-01	2006-12-31	H3260_v1_0	175075
2007-01-01	2007-12-31	H3260_v1_2	175075
1899-01-01	2006-12-31	H3260_v1_0	175076
2007-01-01	2007-12-31	H3260_v1_2	175076
1899-01-01	2006-12-31	H3260_v1_0	175077
2007-01-01	2007-12-31	H3260_v1_2	175077
1899-01-01	2006-12-31	H3260_v1_0	175078
2007-01-01	2007-12-31	H3260_v1_2	175078
1899-01-01	2006-12-31	H3260_v1_0	175079
2007-01-01	2007-12-31	H3260_v1_2	175079
1899-01-01	2006-12-31	H3260_v1_0	175080
2007-01-01	2007-12-31	H3260_v1_2	175080
1899-01-01	2006-12-31	H3260_v1_0	175081
2007-01-01	2007-12-31	H3260_v1_2	175081
1899-01-01	2006-12-31	H3260_v1_0	175082
2007-01-01	2007-12-31	H3260_v1_2	175082
1899-01-01	2006-12-31	H3260_v1_0	175083
2007-01-01	2007-12-31	H3260_v1_2	175083
1899-01-01	2006-12-31	H3260_v1_0	175084
2007-01-01	2007-12-31	H3260_v1_2	175084
2008-01-01	2009-12-31	H3260_v1_3	176606
2010-01-01	2011-12-31	H3260_v1_4	176606
2012-01-01	2015-12-31	H3260_v1_5	176606
2016-01-01	2017-12-31	H3260_v1_6	176606
2018-01-01	2018-12-31	H3260_v1_7	176606
2008-01-01	2009-12-31	H3260_v1_3	176607
2010-01-01	2011-12-31	H3260_v1_4	176607
2012-01-01	2015-12-31	H3260_v1_5	176607
2016-01-01	2017-12-31	H3260_v1_6	176607
2018-01-01	2018-12-31	H3260_v1_7	176607
2008-01-01	2009-12-31	H3260_v1_3	176608
2010-01-01	2011-12-31	H3260_v1_4	176608
2012-01-01	2015-12-31	H3260_v1_5	176608
2016-01-01	2017-12-31	H3260_v1_6	176608
2018-01-01	2018-12-31	H3260_v1_7	176608
2008-01-01	2009-12-31	H3260_v1_3	176609
2010-01-01	2011-12-31	H3260_v1_4	176609
2012-01-01	2015-12-31	H3260_v1_5	176609
2016-01-01	2017-12-31	H3260_v1_6	176609
2018-01-01	2018-12-31	H3260_v1_7	176609
2008-01-01	2009-12-31	H3260_v1_3	176610
2010-01-01	2011-12-31	H3260_v1_4	176610
2012-01-01	2015-12-31	H3260_v1_5	176610
2016-01-01	2017-12-31	H3260_v1_6	176610
2018-01-01	2018-12-31	H3260_v1_7	176610
2018-01-01	2018-12-31	H3260_v1_7	180393
2018-01-01	2018-12-31	H3260_v1_7	180394
2018-01-01	2018-12-31	H3260_v1_7	180395
2018-01-01	2018-12-31	H3260_v1_7	180396
2018-01-01	2018-12-31	H3260_v1_7	180397
2018-01-01	2018-12-31	H3260_v1_7	180398
2018-01-01	2018-12-31	H3260_v1_7	180399
2010-01-01	2011-12-31	H3260_v1_4	189549
2016-01-01	2017-12-31	H3260_v1_6	189549
2018-01-01	2018-12-31	H3260_v1_7	189549
2010-01-01	2011-12-31	H3260_v1_4	189550
2016-01-01	2017-12-31	H3260_v1_6	189550
2018-01-01	2018-12-31	H3260_v1_7	189550
2018-01-01	2018-12-31	H3260_v1_7	194174
2018-01-01	2018-12-31	H3260_v1_7	194175
2018-01-01	2018-12-31	H3260_v1_7	194176
2018-01-01	2018-12-31	H3260_v1_7	194177
2018-01-01	2018-12-31	H3260_v1_7	194178
2018-01-01	2018-12-31	H3260_v1_7	194179
2018-01-01	2018-12-31	H3260_v1_7	194180
2018-01-01	2018-12-31	H3260_v1_7	194181
2018-01-01	2018-12-31	H3260_v1_7	194182
2018-01-01	2018-12-31	H3260_v1_7	194183
1899-01-01	2006-12-31	H3260_v1_0	194184
2007-01-01	2007-12-31	H3260_v1_2	194184
2008-01-01	2009-12-31	H3260_v1_3	194184
2010-01-01	2011-12-31	H3260_v1_4	194184
2012-01-01	2015-12-31	H3260_v1_5	194184
2016-01-01	2017-12-31	H3260_v1_6	194184
2018-01-01	2018-12-31	H3260_v1_7	194184
2012-01-01	2015-12-31	H3260_v1_5	194185
2018-01-01	2018-12-31	H3260_v1_7	194185
2012-01-01	2015-12-31	H3260_v1_5	194186
2018-01-01	2018-12-31	H3260_v1_7	194186
2012-01-01	2015-12-31	H3260_v1_5	194187
2018-01-01	2018-12-31	H3260_v1_7	194187
2012-01-01	2015-12-31	H3260_v1_5	194188
2018-01-01	2018-12-31	H3260_v1_7	194188
2012-01-01	2015-12-31	H3260_v1_5	194189
2018-01-01	2018-12-31	H3260_v1_7	194189
2018-01-01	2018-12-31	H3260_v1_7	196333
1899-01-01	2006-12-31	H3260_v1_0	197231
2007-01-01	2007-12-31	H3260_v1_2	197231
1899-01-01	2006-12-31	H3260_v1_0	197232
2007-01-01	2007-12-31	H3260_v1_2	197232
1899-01-01	2006-12-31	H3260_v1_0	197233
2007-01-01	2007-12-31	H3260_v1_2	197233
1899-01-01	2006-12-31	H3260_v1_0	197234
2007-01-01	2007-12-31	H3260_v1_2	197234
2008-01-01	2009-12-31	H3260_v1_3	197234
2010-01-01	2011-12-31	H3260_v1_4	197234
2012-01-01	2015-12-31	H3260_v1_5	197234
2016-01-01	2017-12-31	H3260_v1_6	197234
2018-01-01	2018-12-31	H3260_v1_7	197234
1899-01-01	2006-12-31	H3260_v1_0	197235
2007-01-01	2007-12-31	H3260_v1_2	197235
2008-01-01	2009-12-31	H3260_v1_3	197235
2010-01-01	2011-12-31	H3260_v1_4	197235
2012-01-01	2015-12-31	H3260_v1_5	197235
2016-01-01	2017-12-31	H3260_v1_6	197235
2018-01-01	2018-12-31	H3260_v1_7	197235
1899-01-01	2006-12-31	H3260_v1_0	197236
2007-01-01	2007-12-31	H3260_v1_2	197236
2008-01-01	2009-12-31	H3260_v1_3	197236
2010-01-01	2011-12-31	H3260_v1_4	197236
2012-01-01	2015-12-31	H3260_v1_5	197236
2016-01-01	2017-12-31	H3260_v1_6	197236
2018-01-01	2018-12-31	H3260_v1_7	197236
2010-01-01	2011-12-31	H3260_v1_4	197911
2012-01-01	2015-12-31	H3260_v1_5	197911
2016-01-01	2017-12-31	H3260_v1_6	197911
2018-01-01	2018-12-31	H3260_v1_7	197911
2010-01-01	2011-12-31	H3260_v1_4	197912
2012-01-01	2015-12-31	H3260_v1_5	197912
2016-01-01	2017-12-31	H3260_v1_6	197912
2018-01-01	2018-12-31	H3260_v1_7	197912
2018-01-01	2018-12-31	H3260_v1_7	200563
2010-01-01	2011-12-31	H3260_v1_4	200564
2012-01-01	2015-12-31	H3260_v1_5	200564
2016-01-01	2017-12-31	H3260_v1_6	200564
2018-01-01	2018-12-31	H3260_v1_7	200564
2010-01-01	2011-12-31	H3260_v1_4	200565
2012-01-01	2015-12-31	H3260_v1_5	200565
2016-01-01	2017-12-31	H3260_v1_6	200565
2018-01-01	2018-12-31	H3260_v1_7	200565
2012-01-01	2015-12-31	H3260_v1_5	200619
2018-01-01	2018-12-31	H3260_v1_7	200619
2012-01-01	2015-12-31	H3260_v1_5	201258
2018-01-01	2018-12-31	H3260_v1_7	201258
2012-01-01	2015-12-31	H3260_v1_5	201259
2018-01-01	2018-12-31	H3260_v1_7	201259
2012-01-01	2015-12-31	H3260_v1_5	201260
2018-01-01	2018-12-31	H3260_v1_7	201260
2012-01-01	2015-12-31	H3260_v1_5	203442
2018-01-01	2018-12-31	H3260_v1_7	203442
2012-01-01	2015-12-31	H3260_v1_5	203454
2018-01-01	2018-12-31	H3260_v1_7	203454
2012-01-01	2015-12-31	H3260_v1_5	203455
2018-01-01	2018-12-31	H3260_v1_7	203455
2012-01-01	2015-12-31	H3260_v1_5	203456
2018-01-01	2018-12-31	H3260_v1_7	203456
2012-01-01	2015-12-31	H3260_v1_5	203457
2018-01-01	2018-12-31	H3260_v1_7	203457
1899-01-01	2006-12-31	H3260_v1_0	203526
2007-01-01	2007-12-31	H3260_v1_2	203526
2008-01-01	2009-12-31	H3260_v1_3	203526
1899-01-01	2006-12-31	H3260_v1_0	203527
2007-01-01	2007-12-31	H3260_v1_2	203527
2008-01-01	2009-12-31	H3260_v1_3	203527
1899-01-01	2006-12-31	H3260_v1_0	203528
2007-01-01	2007-12-31	H3260_v1_2	203528
2008-01-01	2009-12-31	H3260_v1_3	203528
2018-01-01	2018-12-31	H3260_v1_7	203866
2018-01-01	2018-12-31	H3260_v1_7	203867
2012-01-01	2015-12-31	H3260_v1_5	203951
2012-01-01	2015-12-31	H3260_v1_5	203952
1899-01-01	2006-12-31	H3260_v1_0	204984
2007-01-01	2007-12-31	H3260_v1_2	204984
2008-01-01	2009-12-31	H3260_v1_3	204984
2010-01-01	2011-12-31	H3260_v1_4	204984
2016-01-01	2017-12-31	H3260_v1_6	204984
1899-01-01	2006-12-31	H3260_v1_0	204985
2007-01-01	2007-12-31	H3260_v1_2	204985
2008-01-01	2009-12-31	H3260_v1_3	204985
2010-01-01	2011-12-31	H3260_v1_4	204985
2016-01-01	2017-12-31	H3260_v1_6	204985
1899-01-01	2006-12-31	H3260_v1_0	204986
2007-01-01	2007-12-31	H3260_v1_2	204986
2008-01-01	2009-12-31	H3260_v1_3	204986
2010-01-01	2011-12-31	H3260_v1_4	204986
2016-01-01	2017-12-31	H3260_v1_6	204986
1899-01-01	2006-12-31	H3260_v1_0	204987
2007-01-01	2007-12-31	H3260_v1_2	204987
2008-01-01	2009-12-31	H3260_v1_3	204987
2010-01-01	2011-12-31	H3260_v1_4	204987
2016-01-01	2017-12-31	H3260_v1_6	204987
1899-01-01	2006-12-31	H3260_v1_0	204988
2007-01-01	2007-12-31	H3260_v1_2	204988
2008-01-01	2009-12-31	H3260_v1_3	204988
2010-01-01	2011-12-31	H3260_v1_4	204988
2012-01-01	2015-12-31	H3260_v1_5	204988
2016-01-01	2017-12-31	H3260_v1_6	204988
1899-01-01	2006-12-31	H3260_v1_0	204989
2007-01-01	2007-12-31	H3260_v1_2	204989
2008-01-01	2009-12-31	H3260_v1_3	204989
2010-01-01	2011-12-31	H3260_v1_4	204989
2012-01-01	2015-12-31	H3260_v1_5	204989
2016-01-01	2017-12-31	H3260_v1_6	204989
1899-01-01	2006-12-31	H3260_v1_0	204990
2007-01-01	2007-12-31	H3260_v1_2	204990
2008-01-01	2009-12-31	H3260_v1_3	204990
2010-01-01	2011-12-31	H3260_v1_4	204990
2012-01-01	2015-12-31	H3260_v1_5	204990
2016-01-01	2017-12-31	H3260_v1_6	204990
1899-01-01	2006-12-31	H3260_v1_0	204991
2007-01-01	2007-12-31	H3260_v1_2	204991
2008-01-01	2009-12-31	H3260_v1_3	204991
2010-01-01	2011-12-31	H3260_v1_4	204991
2012-01-01	2015-12-31	H3260_v1_5	204991
2016-01-01	2017-12-31	H3260_v1_6	204991
1899-01-01	2006-12-31	H3260_v1_0	204992
2007-01-01	2007-12-31	H3260_v1_2	204992
2008-01-01	2009-12-31	H3260_v1_3	204992
2010-01-01	2011-12-31	H3260_v1_4	204992
2012-01-01	2015-12-31	H3260_v1_5	204992
2016-01-01	2017-12-31	H3260_v1_6	204992
1899-01-01	2006-12-31	H3260_v1_0	204993
2007-01-01	2007-12-31	H3260_v1_2	204993
2008-01-01	2009-12-31	H3260_v1_3	204993
2010-01-01	2011-12-31	H3260_v1_4	204993
2012-01-01	2015-12-31	H3260_v1_5	204993
2016-01-01	2017-12-31	H3260_v1_6	204993
2018-01-01	2018-12-31	H3260_v1_7	205799
2012-01-01	2015-12-31	H3260_v1_5	205800
2018-01-01	2018-12-31	H3260_v1_7	205800
2012-01-01	2015-12-31	H3260_v1_5	205801
2018-01-01	2018-12-31	H3260_v1_7	205801
1899-01-01	2006-12-31	H3260_v1_0	206648
1899-01-01	2006-12-31	H3260_v1_0	206649
1899-01-01	2006-12-31	H3260_v1_0	206650
2007-01-01	2007-12-31	H3260_v1_2	206650
2008-01-01	2009-12-31	H3260_v1_3	206650
2010-01-01	2011-12-31	H3260_v1_4	206650
2012-01-01	2015-12-31	H3260_v1_5	206650
2016-01-01	2017-12-31	H3260_v1_6	206650
1899-01-01	2006-12-31	H3260_v1_0	206651
2007-01-01	2007-12-31	H3260_v1_2	206651
2008-01-01	2009-12-31	H3260_v1_3	206651
2010-01-01	2011-12-31	H3260_v1_4	206651
2012-01-01	2015-12-31	H3260_v1_5	206651
2016-01-01	2017-12-31	H3260_v1_6	206651
1899-01-01	2006-12-31	H3260_v1_0	206652
2007-01-01	2007-12-31	H3260_v1_2	206652
2008-01-01	2009-12-31	H3260_v1_3	206652
2010-01-01	2011-12-31	H3260_v1_4	206652
2012-01-01	2015-12-31	H3260_v1_5	206652
2016-01-01	2017-12-31	H3260_v1_6	206652
1899-01-01	2006-12-31	H3260_v1_0	206653
2007-01-01	2007-12-31	H3260_v1_2	206653
2008-01-01	2009-12-31	H3260_v1_3	206653
2010-01-01	2011-12-31	H3260_v1_4	206653
2012-01-01	2015-12-31	H3260_v1_5	206653
2016-01-01	2017-12-31	H3260_v1_6	206653
2018-01-01	2018-12-31	H3260_v1_7	206653
1899-01-01	2006-12-31	H3260_v1_0	206654
2007-01-01	2007-12-31	H3260_v1_2	206654
2008-01-01	2009-12-31	H3260_v1_3	206654
2010-01-01	2011-12-31	H3260_v1_4	206654
2012-01-01	2015-12-31	H3260_v1_5	206654
2016-01-01	2017-12-31	H3260_v1_6	206654
2018-01-01	2018-12-31	H3260_v1_7	206654
1899-01-01	2006-12-31	H3260_v1_0	206655
2007-01-01	2007-12-31	H3260_v1_2	206655
2008-01-01	2009-12-31	H3260_v1_3	206655
2010-01-01	2011-12-31	H3260_v1_4	206655
2012-01-01	2015-12-31	H3260_v1_5	206655
2016-01-01	2017-12-31	H3260_v1_6	206655
2018-01-01	2018-12-31	H3260_v1_7	206655
1899-01-01	2006-12-31	H3260_v1_0	206656
2007-01-01	2007-12-31	H3260_v1_2	206656
2008-01-01	2009-12-31	H3260_v1_3	206656
2010-01-01	2011-12-31	H3260_v1_4	206656
2012-01-01	2015-12-31	H3260_v1_5	206656
2016-01-01	2017-12-31	H3260_v1_6	206656
2018-01-01	2018-12-31	H3260_v1_7	206656
1899-01-01	2006-12-31	H3260_v1_0	206657
2007-01-01	2007-12-31	H3260_v1_2	206657
2008-01-01	2009-12-31	H3260_v1_3	206657
2010-01-01	2011-12-31	H3260_v1_4	206657
2012-01-01	2015-12-31	H3260_v1_5	206657
2016-01-01	2017-12-31	H3260_v1_6	206657
2018-01-01	2018-12-31	H3260_v1_7	206657
1899-01-01	2006-12-31	H3260_v1_0	206658
2007-01-01	2007-12-31	H3260_v1_2	206658
2008-01-01	2009-12-31	H3260_v1_3	206658
2010-01-01	2011-12-31	H3260_v1_4	206658
2012-01-01	2015-12-31	H3260_v1_5	206658
2016-01-01	2017-12-31	H3260_v1_6	206658
2018-01-01	2018-12-31	H3260_v1_7	206658
1899-01-01	2006-12-31	H3260_v1_0	206659
2007-01-01	2007-12-31	H3260_v1_2	206659
2008-01-01	2009-12-31	H3260_v1_3	206659
2010-01-01	2011-12-31	H3260_v1_4	206659
2012-01-01	2015-12-31	H3260_v1_5	206659
2016-01-01	2017-12-31	H3260_v1_6	206659
2018-01-01	2018-12-31	H3260_v1_7	206659
1899-01-01	2006-12-31	H3260_v1_0	206660
2007-01-01	2007-12-31	H3260_v1_2	206660
2008-01-01	2009-12-31	H3260_v1_3	206660
2010-01-01	2011-12-31	H3260_v1_4	206660
2012-01-01	2015-12-31	H3260_v1_5	206660
2016-01-01	2017-12-31	H3260_v1_6	206660
2018-01-01	2018-12-31	H3260_v1_7	206660
1899-01-01	2006-12-31	H3260_v1_0	206661
2007-01-01	2007-12-31	H3260_v1_2	206661
2008-01-01	2009-12-31	H3260_v1_3	206661
2010-01-01	2011-12-31	H3260_v1_4	206661
2012-01-01	2015-12-31	H3260_v1_5	206661
2016-01-01	2017-12-31	H3260_v1_6	206661
2018-01-01	2018-12-31	H3260_v1_7	206661
2007-01-01	2007-12-31	H3260_v1_2	206662
2008-01-01	2009-12-31	H3260_v1_3	206662
2010-01-01	2011-12-31	H3260_v1_4	206662
2012-01-01	2015-12-31	H3260_v1_5	206662
2016-01-01	2017-12-31	H3260_v1_6	206662
2018-01-01	2018-12-31	H3260_v1_7	206662
2007-01-01	2007-12-31	H3260_v1_2	206663
2008-01-01	2009-12-31	H3260_v1_3	206663
2010-01-01	2011-12-31	H3260_v1_4	206663
2012-01-01	2015-12-31	H3260_v1_5	206663
2016-01-01	2017-12-31	H3260_v1_6	206663
2018-01-01	2018-12-31	H3260_v1_7	206663
2007-01-01	2007-12-31	H3260_v1_2	206664
2008-01-01	2009-12-31	H3260_v1_3	206664
2010-01-01	2011-12-31	H3260_v1_4	206664
2012-01-01	2015-12-31	H3260_v1_5	206664
2016-01-01	2017-12-31	H3260_v1_6	206664
2018-01-01	2018-12-31	H3260_v1_7	206664
2007-01-01	2007-12-31	H3260_v1_2	206665
2008-01-01	2009-12-31	H3260_v1_3	206665
2010-01-01	2011-12-31	H3260_v1_4	206665
2012-01-01	2015-12-31	H3260_v1_5	206665
2016-01-01	2017-12-31	H3260_v1_6	206665
2018-01-01	2018-12-31	H3260_v1_7	206665
2007-01-01	2007-12-31	H3260_v1_2	206666
2008-01-01	2009-12-31	H3260_v1_3	206666
2010-01-01	2011-12-31	H3260_v1_4	206666
2012-01-01	2015-12-31	H3260_v1_5	206666
2016-01-01	2017-12-31	H3260_v1_6	206666
2018-01-01	2018-12-31	H3260_v1_7	206666
2007-01-01	2007-12-31	H3260_v1_2	206667
2008-01-01	2009-12-31	H3260_v1_3	206667
2010-01-01	2011-12-31	H3260_v1_4	206667
2012-01-01	2015-12-31	H3260_v1_5	206667
2016-01-01	2017-12-31	H3260_v1_6	206667
2018-01-01	2018-12-31	H3260_v1_7	206667
2012-01-01	2015-12-31	H3260_v1_5	206668
2018-01-01	2018-12-31	H3260_v1_7	206668
2012-01-01	2015-12-31	H3260_v1_5	206669
2018-01-01	2018-12-31	H3260_v1_7	206669
2012-01-01	2015-12-31	H3260_v1_5	206670
2018-01-01	2018-12-31	H3260_v1_7	206670
2012-01-01	2015-12-31	H3260_v1_5	206671
2018-01-01	2018-12-31	H3260_v1_7	206671
2012-01-01	2015-12-31	H3260_v1_5	206672
2018-01-01	2018-12-31	H3260_v1_7	206672
2012-01-01	2015-12-31	H3260_v1_5	206673
2018-01-01	2018-12-31	H3260_v1_7	206673
2012-01-01	2015-12-31	H3260_v1_5	206674
2018-01-01	2018-12-31	H3260_v1_7	206674
2012-01-01	2015-12-31	H3260_v1_5	206675
2018-01-01	2018-12-31	H3260_v1_7	206675
2012-01-01	2015-12-31	H3260_v1_5	206676
2018-01-01	2018-12-31	H3260_v1_7	206676
2012-01-01	2015-12-31	H3260_v1_5	206677
2018-01-01	2018-12-31	H3260_v1_7	206677
2012-01-01	2015-12-31	H3260_v1_5	206678
2018-01-01	2018-12-31	H3260_v1_7	206678
2007-01-01	2007-12-31	H3260_v1_2	206679
2008-01-01	2009-12-31	H3260_v1_3	206679
2010-01-01	2011-12-31	H3260_v1_4	206679
2012-01-01	2015-12-31	H3260_v1_5	206679
2016-01-01	2017-12-31	H3260_v1_6	206679
2018-01-01	2018-12-31	H3260_v1_7	206679
2007-01-01	2007-12-31	H3260_v1_2	206680
2008-01-01	2009-12-31	H3260_v1_3	206680
2010-01-01	2011-12-31	H3260_v1_4	206680
2016-01-01	2017-12-31	H3260_v1_6	206680
2018-01-01	2018-12-31	H3260_v1_7	206680
2007-01-01	2007-12-31	H3260_v1_2	206681
2008-01-01	2009-12-31	H3260_v1_3	206681
2010-01-01	2011-12-31	H3260_v1_4	206681
2016-01-01	2017-12-31	H3260_v1_6	206681
2018-01-01	2018-12-31	H3260_v1_7	206681
2007-01-01	2007-12-31	H3260_v1_2	206682
2008-01-01	2009-12-31	H3260_v1_3	206682
2010-01-01	2011-12-31	H3260_v1_4	206682
2016-01-01	2017-12-31	H3260_v1_6	206682
2018-01-01	2018-12-31	H3260_v1_7	206682
1899-01-01	2006-12-31	H3260_v1_0	206683
2007-01-01	2007-12-31	H3260_v1_2	206683
2008-01-01	2009-12-31	H3260_v1_3	206683
2010-01-01	2011-12-31	H3260_v1_4	206683
2016-01-01	2017-12-31	H3260_v1_6	206683
2018-01-01	2018-12-31	H3260_v1_7	206683
1899-01-01	2006-12-31	H3260_v1_0	206684
2007-01-01	2007-12-31	H3260_v1_2	206684
2008-01-01	2009-12-31	H3260_v1_3	206684
2010-01-01	2011-12-31	H3260_v1_4	206684
2012-01-01	2015-12-31	H3260_v1_5	206684
2016-01-01	2017-12-31	H3260_v1_6	206684
2018-01-01	2018-12-31	H3260_v1_7	206684
1899-01-01	2006-12-31	H3260_v1_0	206685
2007-01-01	2007-12-31	H3260_v1_2	206685
2008-01-01	2009-12-31	H3260_v1_3	206685
2010-01-01	2011-12-31	H3260_v1_4	206685
2012-01-01	2015-12-31	H3260_v1_5	206685
2016-01-01	2017-12-31	H3260_v1_6	206685
2018-01-01	2018-12-31	H3260_v1_7	206685
1899-01-01	2006-12-31	H3260_v1_0	206686
2007-01-01	2007-12-31	H3260_v1_2	206686
2008-01-01	2009-12-31	H3260_v1_3	206686
2010-01-01	2011-12-31	H3260_v1_4	206686
2012-01-01	2015-12-31	H3260_v1_5	206686
2016-01-01	2017-12-31	H3260_v1_6	206686
2018-01-01	2018-12-31	H3260_v1_7	206686
1899-01-01	2006-12-31	H3260_v1_0	206687
2007-01-01	2007-12-31	H3260_v1_2	206687
2008-01-01	2009-12-31	H3260_v1_3	206687
2010-01-01	2011-12-31	H3260_v1_4	206687
2012-01-01	2015-12-31	H3260_v1_5	206687
2016-01-01	2017-12-31	H3260_v1_6	206687
2018-01-01	2018-12-31	H3260_v1_7	206687
1899-01-01	2006-12-31	H3260_v1_0	206688
2007-01-01	2007-12-31	H3260_v1_2	206688
2008-01-01	2009-12-31	H3260_v1_3	206688
2010-01-01	2011-12-31	H3260_v1_4	206688
2012-01-01	2015-12-31	H3260_v1_5	206688
2016-01-01	2017-12-31	H3260_v1_6	206688
2018-01-01	2018-12-31	H3260_v1_7	206688
1899-01-01	2006-12-31	H3260_v1_0	206689
2007-01-01	2007-12-31	H3260_v1_2	206689
2008-01-01	2009-12-31	H3260_v1_3	206689
2010-01-01	2011-12-31	H3260_v1_4	206689
2012-01-01	2015-12-31	H3260_v1_5	206689
2016-01-01	2017-12-31	H3260_v1_6	206689
2018-01-01	2018-12-31	H3260_v1_7	206689
1899-01-01	2006-12-31	H3260_v1_0	206690
2007-01-01	2007-12-31	H3260_v1_2	206690
2008-01-01	2009-12-31	H3260_v1_3	206690
2010-01-01	2011-12-31	H3260_v1_4	206690
2012-01-01	2015-12-31	H3260_v1_5	206690
2016-01-01	2017-12-31	H3260_v1_6	206690
2018-01-01	2018-12-31	H3260_v1_7	206690
1899-01-01	2006-12-31	H3260_v1_0	206691
2007-01-01	2007-12-31	H3260_v1_2	206691
2008-01-01	2009-12-31	H3260_v1_3	206691
2010-01-01	2011-12-31	H3260_v1_4	206691
2012-01-01	2015-12-31	H3260_v1_5	206691
2016-01-01	2017-12-31	H3260_v1_6	206691
2018-01-01	2018-12-31	H3260_v1_7	206691
1899-01-01	2006-12-31	H3260_v1_0	206692
2007-01-01	2007-12-31	H3260_v1_2	206692
2008-01-01	2009-12-31	H3260_v1_3	206692
2010-01-01	2011-12-31	H3260_v1_4	206692
2012-01-01	2015-12-31	H3260_v1_5	206692
2016-01-01	2017-12-31	H3260_v1_6	206692
2018-01-01	2018-12-31	H3260_v1_7	206692
1899-01-01	2006-12-31	H3260_v1_0	206693
2007-01-01	2007-12-31	H3260_v1_2	206693
2008-01-01	2009-12-31	H3260_v1_3	206693
2010-01-01	2011-12-31	H3260_v1_4	206693
2012-01-01	2015-12-31	H3260_v1_5	206693
2016-01-01	2017-12-31	H3260_v1_6	206693
2018-01-01	2018-12-31	H3260_v1_7	206693
1899-01-01	2006-12-31	H3260_v1_0	206694
2007-01-01	2007-12-31	H3260_v1_2	206694
2008-01-01	2009-12-31	H3260_v1_3	206694
2010-01-01	2011-12-31	H3260_v1_4	206694
2012-01-01	2015-12-31	H3260_v1_5	206694
2016-01-01	2017-12-31	H3260_v1_6	206694
2018-01-01	2018-12-31	H3260_v1_7	206694
1899-01-01	2006-12-31	H3260_v1_0	206695
2007-01-01	2007-12-31	H3260_v1_2	206695
2008-01-01	2009-12-31	H3260_v1_3	206695
2010-01-01	2011-12-31	H3260_v1_4	206695
2012-01-01	2015-12-31	H3260_v1_5	206695
2016-01-01	2017-12-31	H3260_v1_6	206695
2018-01-01	2018-12-31	H3260_v1_7	206695
1899-01-01	2006-12-31	H3260_v1_0	206696
2007-01-01	2007-12-31	H3260_v1_2	206696
2008-01-01	2009-12-31	H3260_v1_3	206696
2010-01-01	2011-12-31	H3260_v1_4	206696
2012-01-01	2015-12-31	H3260_v1_5	206696
2016-01-01	2017-12-31	H3260_v1_6	206696
2018-01-01	2018-12-31	H3260_v1_7	206696
1899-01-01	2006-12-31	H3260_v1_0	206697
2007-01-01	2007-12-31	H3260_v1_2	206697
2008-01-01	2009-12-31	H3260_v1_3	206697
2010-01-01	2011-12-31	H3260_v1_4	206697
2012-01-01	2015-12-31	H3260_v1_5	206697
2016-01-01	2017-12-31	H3260_v1_6	206697
2018-01-01	2018-12-31	H3260_v1_7	206697
1899-01-01	2006-12-31	H3260_v1_0	206698
2007-01-01	2007-12-31	H3260_v1_2	206698
2008-01-01	2009-12-31	H3260_v1_3	206698
2010-01-01	2011-12-31	H3260_v1_4	206698
2012-01-01	2015-12-31	H3260_v1_5	206698
2016-01-01	2017-12-31	H3260_v1_6	206698
2018-01-01	2018-12-31	H3260_v1_7	206698
1899-01-01	2006-12-31	H3260_v1_0	206699
2007-01-01	2007-12-31	H3260_v1_2	206699
2008-01-01	2009-12-31	H3260_v1_3	206699
2010-01-01	2011-12-31	H3260_v1_4	206699
2012-01-01	2015-12-31	H3260_v1_5	206699
2016-01-01	2017-12-31	H3260_v1_6	206699
2018-01-01	2018-12-31	H3260_v1_7	206699
1899-01-01	2006-12-31	H3260_v1_0	206700
2007-01-01	2007-12-31	H3260_v1_2	206700
2008-01-01	2009-12-31	H3260_v1_3	206700
2010-01-01	2011-12-31	H3260_v1_4	206700
2012-01-01	2015-12-31	H3260_v1_5	206700
2016-01-01	2017-12-31	H3260_v1_6	206700
2018-01-01	2018-12-31	H3260_v1_7	206700
1899-01-01	2006-12-31	H3260_v1_0	206701
2007-01-01	2007-12-31	H3260_v1_2	206701
2008-01-01	2009-12-31	H3260_v1_3	206701
2010-01-01	2011-12-31	H3260_v1_4	206701
2012-01-01	2015-12-31	H3260_v1_5	206701
2016-01-01	2017-12-31	H3260_v1_6	206701
2018-01-01	2018-12-31	H3260_v1_7	206701
1899-01-01	2006-12-31	H3260_v1_0	206702
2007-01-01	2007-12-31	H3260_v1_2	206702
2008-01-01	2009-12-31	H3260_v1_3	206702
2010-01-01	2011-12-31	H3260_v1_4	206702
2012-01-01	2015-12-31	H3260_v1_5	206702
2016-01-01	2017-12-31	H3260_v1_6	206702
2018-01-01	2018-12-31	H3260_v1_7	206702
1899-01-01	2006-12-31	H3260_v1_0	206703
2007-01-01	2007-12-31	H3260_v1_2	206703
2008-01-01	2009-12-31	H3260_v1_3	206703
2010-01-01	2011-12-31	H3260_v1_4	206703
2012-01-01	2015-12-31	H3260_v1_5	206703
2016-01-01	2017-12-31	H3260_v1_6	206703
2018-01-01	2018-12-31	H3260_v1_7	206703
1899-01-01	2006-12-31	H3260_v1_0	206704
2007-01-01	2007-12-31	H3260_v1_2	206704
2008-01-01	2009-12-31	H3260_v1_3	206704
2010-01-01	2011-12-31	H3260_v1_4	206704
2012-01-01	2015-12-31	H3260_v1_5	206704
2016-01-01	2017-12-31	H3260_v1_6	206704
2018-01-01	2018-12-31	H3260_v1_7	206704
1899-01-01	2006-12-31	H3260_v1_0	206705
2007-01-01	2007-12-31	H3260_v1_2	206705
2008-01-01	2009-12-31	H3260_v1_3	206705
2010-01-01	2011-12-31	H3260_v1_4	206705
2012-01-01	2015-12-31	H3260_v1_5	206705
2016-01-01	2017-12-31	H3260_v1_6	206705
2018-01-01	2018-12-31	H3260_v1_7	206705
1899-01-01	2006-12-31	H3260_v1_0	206706
2007-01-01	2007-12-31	H3260_v1_2	206706
2008-01-01	2009-12-31	H3260_v1_3	206706
2010-01-01	2011-12-31	H3260_v1_4	206706
2012-01-01	2015-12-31	H3260_v1_5	206706
2016-01-01	2017-12-31	H3260_v1_6	206706
2018-01-01	2018-12-31	H3260_v1_7	206706
1899-01-01	2006-12-31	H3260_v1_0	206707
2007-01-01	2007-12-31	H3260_v1_2	206707
2008-01-01	2009-12-31	H3260_v1_3	206707
2010-01-01	2011-12-31	H3260_v1_4	206707
2012-01-01	2015-12-31	H3260_v1_5	206707
2016-01-01	2017-12-31	H3260_v1_6	206707
2018-01-01	2018-12-31	H3260_v1_7	206707
1899-01-01	2006-12-31	H3260_v1_0	206708
2007-01-01	2007-12-31	H3260_v1_2	206708
2008-01-01	2009-12-31	H3260_v1_3	206708
2010-01-01	2011-12-31	H3260_v1_4	206708
2012-01-01	2015-12-31	H3260_v1_5	206708
2016-01-01	2017-12-31	H3260_v1_6	206708
2018-01-01	2018-12-31	H3260_v1_7	206708
1899-01-01	2006-12-31	H3260_v1_0	206709
2007-01-01	2007-12-31	H3260_v1_2	206709
2008-01-01	2009-12-31	H3260_v1_3	206709
2010-01-01	2011-12-31	H3260_v1_4	206709
2012-01-01	2015-12-31	H3260_v1_5	206709
2016-01-01	2017-12-31	H3260_v1_6	206709
2018-01-01	2018-12-31	H3260_v1_7	206709
1899-01-01	2006-12-31	H3260_v1_0	206710
2007-01-01	2007-12-31	H3260_v1_2	206710
2008-01-01	2009-12-31	H3260_v1_3	206710
2010-01-01	2011-12-31	H3260_v1_4	206710
2012-01-01	2015-12-31	H3260_v1_5	206710
2016-01-01	2017-12-31	H3260_v1_6	206710
2018-01-01	2018-12-31	H3260_v1_7	206710
1899-01-01	2006-12-31	H3260_v1_0	206711
2007-01-01	2007-12-31	H3260_v1_2	206711
2008-01-01	2009-12-31	H3260_v1_3	206711
2010-01-01	2011-12-31	H3260_v1_4	206711
2012-01-01	2015-12-31	H3260_v1_5	206711
2016-01-01	2017-12-31	H3260_v1_6	206711
2018-01-01	2018-12-31	H3260_v1_7	206711
1899-01-01	2006-12-31	H3260_v1_0	206712
2007-01-01	2007-12-31	H3260_v1_2	206712
2008-01-01	2009-12-31	H3260_v1_3	206712
2010-01-01	2011-12-31	H3260_v1_4	206712
2012-01-01	2015-12-31	H3260_v1_5	206712
2016-01-01	2017-12-31	H3260_v1_6	206712
2018-01-01	2018-12-31	H3260_v1_7	206712
1899-01-01	2006-12-31	H3260_v1_0	206713
2007-01-01	2007-12-31	H3260_v1_2	206713
2008-01-01	2009-12-31	H3260_v1_3	206713
2010-01-01	2011-12-31	H3260_v1_4	206713
2012-01-01	2015-12-31	H3260_v1_5	206713
2016-01-01	2017-12-31	H3260_v1_6	206713
2018-01-01	2018-12-31	H3260_v1_7	206713
1899-01-01	2006-12-31	H3260_v1_0	206714
2007-01-01	2007-12-31	H3260_v1_2	206714
2008-01-01	2009-12-31	H3260_v1_3	206714
2010-01-01	2011-12-31	H3260_v1_4	206714
2012-01-01	2015-12-31	H3260_v1_5	206714
2016-01-01	2017-12-31	H3260_v1_6	206714
2018-01-01	2018-12-31	H3260_v1_7	206714
1899-01-01	2006-12-31	H3260_v1_0	206715
2007-01-01	2007-12-31	H3260_v1_2	206715
2008-01-01	2009-12-31	H3260_v1_3	206715
2010-01-01	2011-12-31	H3260_v1_4	206715
2012-01-01	2015-12-31	H3260_v1_5	206715
2016-01-01	2017-12-31	H3260_v1_6	206715
2018-01-01	2018-12-31	H3260_v1_7	206715
1899-01-01	2006-12-31	H3260_v1_0	206716
2007-01-01	2007-12-31	H3260_v1_2	206716
2008-01-01	2009-12-31	H3260_v1_3	206716
2010-01-01	2011-12-31	H3260_v1_4	206716
2012-01-01	2015-12-31	H3260_v1_5	206716
2016-01-01	2017-12-31	H3260_v1_6	206716
2018-01-01	2018-12-31	H3260_v1_7	206716
1899-01-01	2006-12-31	H3260_v1_0	206717
2007-01-01	2007-12-31	H3260_v1_2	206717
2008-01-01	2009-12-31	H3260_v1_3	206717
2010-01-01	2011-12-31	H3260_v1_4	206717
2012-01-01	2015-12-31	H3260_v1_5	206717
2016-01-01	2017-12-31	H3260_v1_6	206717
2018-01-01	2018-12-31	H3260_v1_7	206717
1899-01-01	2006-12-31	H3260_v1_0	206718
2007-01-01	2007-12-31	H3260_v1_2	206718
2008-01-01	2009-12-31	H3260_v1_3	206718
2010-01-01	2011-12-31	H3260_v1_4	206718
2012-01-01	2015-12-31	H3260_v1_5	206718
2016-01-01	2017-12-31	H3260_v1_6	206718
2018-01-01	2018-12-31	H3260_v1_7	206718
1899-01-01	2006-12-31	H3260_v1_0	206719
2007-01-01	2007-12-31	H3260_v1_2	206719
2008-01-01	2009-12-31	H3260_v1_3	206719
2010-01-01	2011-12-31	H3260_v1_4	206719
2012-01-01	2015-12-31	H3260_v1_5	206719
2016-01-01	2017-12-31	H3260_v1_6	206719
2018-01-01	2018-12-31	H3260_v1_7	206719
1899-01-01	2006-12-31	H3260_v1_0	206720
2007-01-01	2007-12-31	H3260_v1_2	206720
2008-01-01	2009-12-31	H3260_v1_3	206720
2010-01-01	2011-12-31	H3260_v1_4	206720
2012-01-01	2015-12-31	H3260_v1_5	206720
2016-01-01	2017-12-31	H3260_v1_6	206720
2018-01-01	2018-12-31	H3260_v1_7	206720
1899-01-01	2006-12-31	H3260_v1_0	206721
2007-01-01	2007-12-31	H3260_v1_2	206721
2008-01-01	2009-12-31	H3260_v1_3	206721
2010-01-01	2011-12-31	H3260_v1_4	206721
2012-01-01	2015-12-31	H3260_v1_5	206721
2016-01-01	2017-12-31	H3260_v1_6	206721
2018-01-01	2018-12-31	H3260_v1_7	206721
1899-01-01	2006-12-31	H3260_v1_0	206722
2007-01-01	2007-12-31	H3260_v1_2	206722
2008-01-01	2009-12-31	H3260_v1_3	206722
2010-01-01	2011-12-31	H3260_v1_4	206722
2012-01-01	2015-12-31	H3260_v1_5	206722
2016-01-01	2017-12-31	H3260_v1_6	206722
2018-01-01	2018-12-31	H3260_v1_7	206722
1899-01-01	2006-12-31	H3260_v1_0	206723
2007-01-01	2007-12-31	H3260_v1_2	206723
2008-01-01	2009-12-31	H3260_v1_3	206723
2010-01-01	2011-12-31	H3260_v1_4	206723
2012-01-01	2015-12-31	H3260_v1_5	206723
2016-01-01	2017-12-31	H3260_v1_6	206723
2018-01-01	2018-12-31	H3260_v1_7	206723
1899-01-01	2006-12-31	H3260_v1_0	206724
2007-01-01	2007-12-31	H3260_v1_2	206724
2008-01-01	2009-12-31	H3260_v1_3	206724
2010-01-01	2011-12-31	H3260_v1_4	206724
2012-01-01	2015-12-31	H3260_v1_5	206724
2016-01-01	2017-12-31	H3260_v1_6	206724
2018-01-01	2018-12-31	H3260_v1_7	206724
1899-01-01	2006-12-31	H3260_v1_0	206725
2007-01-01	2007-12-31	H3260_v1_2	206725
2008-01-01	2009-12-31	H3260_v1_3	206725
2010-01-01	2011-12-31	H3260_v1_4	206725
2012-01-01	2015-12-31	H3260_v1_5	206725
2016-01-01	2017-12-31	H3260_v1_6	206725
1899-01-01	2006-12-31	H3260_v1_0	206726
2007-01-01	2007-12-31	H3260_v1_2	206726
2008-01-01	2009-12-31	H3260_v1_3	206726
2010-01-01	2011-12-31	H3260_v1_4	206726
2012-01-01	2015-12-31	H3260_v1_5	206726
2016-01-01	2017-12-31	H3260_v1_6	206726
2018-01-01	2018-12-31	H3260_v1_7	206726
1899-01-01	2006-12-31	H3260_v1_0	206727
2007-01-01	2007-12-31	H3260_v1_2	206727
2008-01-01	2009-12-31	H3260_v1_3	206727
2010-01-01	2011-12-31	H3260_v1_4	206727
2012-01-01	2015-12-31	H3260_v1_5	206727
2016-01-01	2017-12-31	H3260_v1_6	206727
2018-01-01	2018-12-31	H3260_v1_7	206727
1899-01-01	2006-12-31	H3260_v1_0	206728
2007-01-01	2007-12-31	H3260_v1_2	206728
2008-01-01	2009-12-31	H3260_v1_3	206728
2010-01-01	2011-12-31	H3260_v1_4	206728
2012-01-01	2015-12-31	H3260_v1_5	206728
2016-01-01	2017-12-31	H3260_v1_6	206728
2018-01-01	2018-12-31	H3260_v1_7	206728
1899-01-01	2006-12-31	H3260_v1_0	206729
2007-01-01	2007-12-31	H3260_v1_2	206729
2008-01-01	2009-12-31	H3260_v1_3	206729
2010-01-01	2011-12-31	H3260_v1_4	206729
2012-01-01	2015-12-31	H3260_v1_5	206729
2016-01-01	2017-12-31	H3260_v1_6	206729
2018-01-01	2018-12-31	H3260_v1_7	206729
2007-01-01	2007-12-31	H3260_v1_2	206730
2008-01-01	2009-12-31	H3260_v1_3	206730
2010-01-01	2011-12-31	H3260_v1_4	206730
2012-01-01	2015-12-31	H3260_v1_5	206730
2016-01-01	2017-12-31	H3260_v1_6	206730
2018-01-01	2018-12-31	H3260_v1_7	206730
2007-01-01	2007-12-31	H3260_v1_2	206731
2008-01-01	2009-12-31	H3260_v1_3	206731
2010-01-01	2011-12-31	H3260_v1_4	206731
2012-01-01	2015-12-31	H3260_v1_5	206731
2016-01-01	2017-12-31	H3260_v1_6	206731
2018-01-01	2018-12-31	H3260_v1_7	206731
2007-01-01	2007-12-31	H3260_v1_2	206732
2008-01-01	2009-12-31	H3260_v1_3	206732
2010-01-01	2011-12-31	H3260_v1_4	206732
2012-01-01	2015-12-31	H3260_v1_5	206732
2016-01-01	2017-12-31	H3260_v1_6	206732
2018-01-01	2018-12-31	H3260_v1_7	206732
2007-01-01	2007-12-31	H3260_v1_2	206733
2008-01-01	2009-12-31	H3260_v1_3	206733
2010-01-01	2011-12-31	H3260_v1_4	206733
2012-01-01	2015-12-31	H3260_v1_5	206733
2016-01-01	2017-12-31	H3260_v1_6	206733
2018-01-01	2018-12-31	H3260_v1_7	206733
2007-01-01	2007-12-31	H3260_v1_2	206734
2008-01-01	2009-12-31	H3260_v1_3	206734
2010-01-01	2011-12-31	H3260_v1_4	206734
2012-01-01	2015-12-31	H3260_v1_5	206734
2016-01-01	2017-12-31	H3260_v1_6	206734
2018-01-01	2018-12-31	H3260_v1_7	206734
2007-01-01	2007-12-31	H3260_v1_2	206735
2008-01-01	2009-12-31	H3260_v1_3	206735
2010-01-01	2011-12-31	H3260_v1_4	206735
2012-01-01	2015-12-31	H3260_v1_5	206735
2016-01-01	2017-12-31	H3260_v1_6	206735
2018-01-01	2018-12-31	H3260_v1_7	206735
2007-01-01	2007-12-31	H3260_v1_2	206736
2008-01-01	2009-12-31	H3260_v1_3	206736
2010-01-01	2011-12-31	H3260_v1_4	206736
2012-01-01	2015-12-31	H3260_v1_5	206736
2016-01-01	2017-12-31	H3260_v1_6	206736
2018-01-01	2018-12-31	H3260_v1_7	206736
2007-01-01	2007-12-31	H3260_v1_2	206737
2008-01-01	2009-12-31	H3260_v1_3	206737
2010-01-01	2011-12-31	H3260_v1_4	206737
2012-01-01	2015-12-31	H3260_v1_5	206737
2016-01-01	2017-12-31	H3260_v1_6	206737
2018-01-01	2018-12-31	H3260_v1_7	206737
2007-01-01	2007-12-31	H3260_v1_2	206738
2008-01-01	2009-12-31	H3260_v1_3	206738
2010-01-01	2011-12-31	H3260_v1_4	206738
2012-01-01	2015-12-31	H3260_v1_5	206738
2016-01-01	2017-12-31	H3260_v1_6	206738
2018-01-01	2018-12-31	H3260_v1_7	206738
2007-01-01	2007-12-31	H3260_v1_2	206739
2008-01-01	2009-12-31	H3260_v1_3	206739
2010-01-01	2011-12-31	H3260_v1_4	206739
2012-01-01	2015-12-31	H3260_v1_5	206739
2016-01-01	2017-12-31	H3260_v1_6	206739
2018-01-01	2018-12-31	H3260_v1_7	206739
2007-01-01	2007-12-31	H3260_v1_2	206740
2008-01-01	2009-12-31	H3260_v1_3	206740
2010-01-01	2011-12-31	H3260_v1_4	206740
2012-01-01	2015-12-31	H3260_v1_5	206740
2016-01-01	2017-12-31	H3260_v1_6	206740
2018-01-01	2018-12-31	H3260_v1_7	206740
2007-01-01	2007-12-31	H3260_v1_2	206741
2008-01-01	2009-12-31	H3260_v1_3	206741
2010-01-01	2011-12-31	H3260_v1_4	206741
2012-01-01	2015-12-31	H3260_v1_5	206741
2016-01-01	2017-12-31	H3260_v1_6	206741
2018-01-01	2018-12-31	H3260_v1_7	206741
2007-01-01	2007-12-31	H3260_v1_2	206742
2008-01-01	2009-12-31	H3260_v1_3	206742
2010-01-01	2011-12-31	H3260_v1_4	206742
2012-01-01	2015-12-31	H3260_v1_5	206742
2016-01-01	2017-12-31	H3260_v1_6	206742
2018-01-01	2018-12-31	H3260_v1_7	206742
2016-01-01	2017-12-31	H3260_v1_6	207676
2016-01-01	2017-12-31	H3260_v1_6	207677
2007-01-01	2007-12-31	H3260_v1_2	209462
2008-01-01	2009-12-31	H3260_v1_3	209462
2010-01-01	2011-12-31	H3260_v1_4	209462
2012-01-01	2015-12-31	H3260_v1_5	209462
2016-01-01	2017-12-31	H3260_v1_6	209462
2007-01-01	2007-12-31	H3260_v1_2	209463
2008-01-01	2009-12-31	H3260_v1_3	209463
2010-01-01	2011-12-31	H3260_v1_4	209463
2012-01-01	2015-12-31	H3260_v1_5	209463
2016-01-01	2017-12-31	H3260_v1_6	209463
2007-01-01	2007-12-31	H3260_v1_2	209464
2008-01-01	2009-12-31	H3260_v1_3	209464
2010-01-01	2011-12-31	H3260_v1_4	209464
2012-01-01	2015-12-31	H3260_v1_5	209464
2016-01-01	2017-12-31	H3260_v1_6	209464
2007-01-01	2007-12-31	H3260_v1_2	209465
2008-01-01	2009-12-31	H3260_v1_3	209465
2010-01-01	2011-12-31	H3260_v1_4	209465
2012-01-01	2015-12-31	H3260_v1_5	209465
2016-01-01	2017-12-31	H3260_v1_6	209465
2018-01-01	2018-12-31	H3260_v1_7	209465
2007-01-01	2007-12-31	H3260_v1_2	209466
2008-01-01	2009-12-31	H3260_v1_3	209466
2010-01-01	2011-12-31	H3260_v1_4	209466
2012-01-01	2015-12-31	H3260_v1_5	209466
2016-01-01	2017-12-31	H3260_v1_6	209466
2018-01-01	2018-12-31	H3260_v1_7	209466
2007-01-01	2007-12-31	H3260_v1_2	209467
2008-01-01	2009-12-31	H3260_v1_3	209467
2010-01-01	2011-12-31	H3260_v1_4	209467
2012-01-01	2015-12-31	H3260_v1_5	209467
2016-01-01	2017-12-31	H3260_v1_6	209467
2018-01-01	2018-12-31	H3260_v1_7	209467
2007-01-01	2007-12-31	H3260_v1_2	209468
2008-01-01	2009-12-31	H3260_v1_3	209468
2010-01-01	2011-12-31	H3260_v1_4	209468
2012-01-01	2015-12-31	H3260_v1_5	209468
2016-01-01	2017-12-31	H3260_v1_6	209468
2018-01-01	2018-12-31	H3260_v1_7	209468
2007-01-01	2007-12-31	H3260_v1_2	209469
2008-01-01	2009-12-31	H3260_v1_3	209469
2010-01-01	2011-12-31	H3260_v1_4	209469
2012-01-01	2015-12-31	H3260_v1_5	209469
2016-01-01	2017-12-31	H3260_v1_6	209469
2018-01-01	2018-12-31	H3260_v1_7	209469
2007-01-01	2007-12-31	H3260_v1_2	209470
2008-01-01	2009-12-31	H3260_v1_3	209470
2010-01-01	2011-12-31	H3260_v1_4	209470
2012-01-01	2015-12-31	H3260_v1_5	209470
2016-01-01	2017-12-31	H3260_v1_6	209470
2018-01-01	2018-12-31	H3260_v1_7	209470
2007-01-01	2007-12-31	H3260_v1_2	209471
2008-01-01	2009-12-31	H3260_v1_3	209471
2010-01-01	2011-12-31	H3260_v1_4	209471
2012-01-01	2015-12-31	H3260_v1_5	209471
2016-01-01	2017-12-31	H3260_v1_6	209471
2018-01-01	2018-12-31	H3260_v1_7	209471
2007-01-01	2007-12-31	H3260_v1_2	209472
2008-01-01	2009-12-31	H3260_v1_3	209472
2010-01-01	2011-12-31	H3260_v1_4	209472
2012-01-01	2015-12-31	H3260_v1_5	209472
2016-01-01	2017-12-31	H3260_v1_6	209472
2018-01-01	2018-12-31	H3260_v1_7	209472
2007-01-01	2007-12-31	H3260_v1_2	209473
2008-01-01	2009-12-31	H3260_v1_3	209473
2010-01-01	2011-12-31	H3260_v1_4	209473
2012-01-01	2015-12-31	H3260_v1_5	209473
2016-01-01	2017-12-31	H3260_v1_6	209473
2018-01-01	2018-12-31	H3260_v1_7	209473
2007-01-01	2007-12-31	H3260_v1_2	209480
2008-01-01	2009-12-31	H3260_v1_3	209480
2010-01-01	2011-12-31	H3260_v1_4	209480
2012-01-01	2015-12-31	H3260_v1_5	209480
2016-01-01	2017-12-31	H3260_v1_6	209480
2018-01-01	2018-12-31	H3260_v1_7	209480
2007-01-01	2007-12-31	H3260_v1_2	209481
2008-01-01	2009-12-31	H3260_v1_3	209481
2010-01-01	2011-12-31	H3260_v1_4	209481
2012-01-01	2015-12-31	H3260_v1_5	209481
2016-01-01	2017-12-31	H3260_v1_6	209481
2018-01-01	2018-12-31	H3260_v1_7	209481
2007-01-01	2007-12-31	H3260_v1_2	209482
2008-01-01	2009-12-31	H3260_v1_3	209482
2010-01-01	2011-12-31	H3260_v1_4	209482
2012-01-01	2015-12-31	H3260_v1_5	209482
2016-01-01	2017-12-31	H3260_v1_6	209482
2018-01-01	2018-12-31	H3260_v1_7	209482
2007-01-01	2007-12-31	H3260_v1_2	209483
2008-01-01	2009-12-31	H3260_v1_3	209483
2010-01-01	2011-12-31	H3260_v1_4	209483
2012-01-01	2015-12-31	H3260_v1_5	209483
2016-01-01	2017-12-31	H3260_v1_6	209483
2018-01-01	2018-12-31	H3260_v1_7	209483
2007-01-01	2007-12-31	H3260_v1_2	209484
2008-01-01	2009-12-31	H3260_v1_3	209484
2010-01-01	2011-12-31	H3260_v1_4	209484
2012-01-01	2015-12-31	H3260_v1_5	209484
2016-01-01	2017-12-31	H3260_v1_6	209484
2018-01-01	2018-12-31	H3260_v1_7	209484
2007-01-01	2007-12-31	H3260_v1_2	209485
2008-01-01	2009-12-31	H3260_v1_3	209485
2010-01-01	2011-12-31	H3260_v1_4	209485
2012-01-01	2015-12-31	H3260_v1_5	209485
2016-01-01	2017-12-31	H3260_v1_6	209485
2018-01-01	2018-12-31	H3260_v1_7	209485
2007-01-01	2007-12-31	H3260_v1_2	209486
2008-01-01	2009-12-31	H3260_v1_3	209486
2010-01-01	2011-12-31	H3260_v1_4	209486
2012-01-01	2015-12-31	H3260_v1_5	209486
2016-01-01	2017-12-31	H3260_v1_6	209486
2018-01-01	2018-12-31	H3260_v1_7	209486
2007-01-01	2007-12-31	H3260_v1_2	209487
2008-01-01	2009-12-31	H3260_v1_3	209487
2010-01-01	2011-12-31	H3260_v1_4	209487
2012-01-01	2015-12-31	H3260_v1_5	209487
2016-01-01	2017-12-31	H3260_v1_6	209487
2018-01-01	2018-12-31	H3260_v1_7	209487
2007-01-01	2007-12-31	H3260_v1_2	209488
2008-01-01	2009-12-31	H3260_v1_3	209488
2010-01-01	2011-12-31	H3260_v1_4	209488
2012-01-01	2015-12-31	H3260_v1_5	209488
2016-01-01	2017-12-31	H3260_v1_6	209488
2018-01-01	2018-12-31	H3260_v1_7	209488
2007-01-01	2007-12-31	H3260_v1_2	209489
2008-01-01	2009-12-31	H3260_v1_3	209489
2010-01-01	2011-12-31	H3260_v1_4	209489
2012-01-01	2015-12-31	H3260_v1_5	209489
2016-01-01	2017-12-31	H3260_v1_6	209489
2018-01-01	2018-12-31	H3260_v1_7	209489
2007-01-01	2007-12-31	H3260_v1_2	209490
2008-01-01	2009-12-31	H3260_v1_3	209490
2010-01-01	2011-12-31	H3260_v1_4	209490
2012-01-01	2015-12-31	H3260_v1_5	209490
2016-01-01	2017-12-31	H3260_v1_6	209490
2018-01-01	2018-12-31	H3260_v1_7	209490
2007-01-01	2007-12-31	H3260_v1_2	209491
2008-01-01	2009-12-31	H3260_v1_3	209491
2010-01-01	2011-12-31	H3260_v1_4	209491
2012-01-01	2015-12-31	H3260_v1_5	209491
2016-01-01	2017-12-31	H3260_v1_6	209491
2018-01-01	2018-12-31	H3260_v1_7	209491
2007-01-01	2007-12-31	H3260_v1_2	209492
2008-01-01	2009-12-31	H3260_v1_3	209492
2010-01-01	2011-12-31	H3260_v1_4	209492
2012-01-01	2015-12-31	H3260_v1_5	209492
2016-01-01	2017-12-31	H3260_v1_6	209492
2018-01-01	2018-12-31	H3260_v1_7	209492
2007-01-01	2007-12-31	H3260_v1_2	209493
2008-01-01	2009-12-31	H3260_v1_3	209493
2010-01-01	2011-12-31	H3260_v1_4	209493
2012-01-01	2015-12-31	H3260_v1_5	209493
2016-01-01	2017-12-31	H3260_v1_6	209493
2018-01-01	2018-12-31	H3260_v1_7	209493
2007-01-01	2007-12-31	H3260_v1_2	209494
2008-01-01	2009-12-31	H3260_v1_3	209494
2010-01-01	2011-12-31	H3260_v1_4	209494
2012-01-01	2015-12-31	H3260_v1_5	209494
2016-01-01	2017-12-31	H3260_v1_6	209494
2018-01-01	2018-12-31	H3260_v1_7	209494
2007-01-01	2007-12-31	H3260_v1_2	209495
2008-01-01	2009-12-31	H3260_v1_3	209495
2010-01-01	2011-12-31	H3260_v1_4	209495
2012-01-01	2015-12-31	H3260_v1_5	209495
2016-01-01	2017-12-31	H3260_v1_6	209495
2018-01-01	2018-12-31	H3260_v1_7	209495
2007-01-01	2007-12-31	H3260_v1_2	209496
2008-01-01	2009-12-31	H3260_v1_3	209496
2010-01-01	2011-12-31	H3260_v1_4	209496
2012-01-01	2015-12-31	H3260_v1_5	209496
2016-01-01	2017-12-31	H3260_v1_6	209496
2018-01-01	2018-12-31	H3260_v1_7	209496
2007-01-01	2007-12-31	H3260_v1_2	209497
2008-01-01	2009-12-31	H3260_v1_3	209497
2010-01-01	2011-12-31	H3260_v1_4	209497
2012-01-01	2015-12-31	H3260_v1_5	209497
2016-01-01	2017-12-31	H3260_v1_6	209497
2018-01-01	2018-12-31	H3260_v1_7	209497
2007-01-01	2007-12-31	H3260_v1_2	209498
2008-01-01	2009-12-31	H3260_v1_3	209498
2010-01-01	2011-12-31	H3260_v1_4	209498
2012-01-01	2015-12-31	H3260_v1_5	209498
2016-01-01	2017-12-31	H3260_v1_6	209498
2018-01-01	2018-12-31	H3260_v1_7	209498
2007-01-01	2007-12-31	H3260_v1_2	209499
2008-01-01	2009-12-31	H3260_v1_3	209499
2010-01-01	2011-12-31	H3260_v1_4	209499
2012-01-01	2015-12-31	H3260_v1_5	209499
2016-01-01	2017-12-31	H3260_v1_6	209499
2018-01-01	2018-12-31	H3260_v1_7	209499
2007-01-01	2007-12-31	H3260_v1_2	209500
2008-01-01	2009-12-31	H3260_v1_3	209500
2010-01-01	2011-12-31	H3260_v1_4	209500
2012-01-01	2015-12-31	H3260_v1_5	209500
2016-01-01	2017-12-31	H3260_v1_6	209500
2018-01-01	2018-12-31	H3260_v1_7	209500
2007-01-01	2007-12-31	H3260_v1_2	209501
2008-01-01	2009-12-31	H3260_v1_3	209501
2010-01-01	2011-12-31	H3260_v1_4	209501
2012-01-01	2015-12-31	H3260_v1_5	209501
2016-01-01	2017-12-31	H3260_v1_6	209501
2018-01-01	2018-12-31	H3260_v1_7	209501
2007-01-01	2007-12-31	H3260_v1_2	209502
2008-01-01	2009-12-31	H3260_v1_3	209502
2010-01-01	2011-12-31	H3260_v1_4	209502
2012-01-01	2015-12-31	H3260_v1_5	209502
2016-01-01	2017-12-31	H3260_v1_6	209502
2018-01-01	2018-12-31	H3260_v1_7	209502
2007-01-01	2007-12-31	H3260_v1_2	209503
2008-01-01	2009-12-31	H3260_v1_3	209503
2010-01-01	2011-12-31	H3260_v1_4	209503
2012-01-01	2015-12-31	H3260_v1_5	209503
2016-01-01	2017-12-31	H3260_v1_6	209503
2018-01-01	2018-12-31	H3260_v1_7	209503
2007-01-01	2007-12-31	H3260_v1_2	209504
2008-01-01	2009-12-31	H3260_v1_3	209504
2010-01-01	2011-12-31	H3260_v1_4	209504
2012-01-01	2015-12-31	H3260_v1_5	209504
2016-01-01	2017-12-31	H3260_v1_6	209504
2018-01-01	2018-12-31	H3260_v1_7	209504
2007-01-01	2007-12-31	H3260_v1_2	209505
2008-01-01	2009-12-31	H3260_v1_3	209505
2010-01-01	2011-12-31	H3260_v1_4	209505
2012-01-01	2015-12-31	H3260_v1_5	209505
2016-01-01	2017-12-31	H3260_v1_6	209505
2018-01-01	2018-12-31	H3260_v1_7	209505
2007-01-01	2007-12-31	H3260_v1_2	209506
2008-01-01	2009-12-31	H3260_v1_3	209506
2010-01-01	2011-12-31	H3260_v1_4	209506
2012-01-01	2015-12-31	H3260_v1_5	209506
2016-01-01	2017-12-31	H3260_v1_6	209506
2018-01-01	2018-12-31	H3260_v1_7	209506
2007-01-01	2007-12-31	H3260_v1_2	209507
2008-01-01	2009-12-31	H3260_v1_3	209507
2010-01-01	2011-12-31	H3260_v1_4	209507
2012-01-01	2015-12-31	H3260_v1_5	209507
2016-01-01	2017-12-31	H3260_v1_6	209507
2018-01-01	2018-12-31	H3260_v1_7	209507
2007-01-01	2007-12-31	H3260_v1_2	209508
2008-01-01	2009-12-31	H3260_v1_3	209508
2010-01-01	2011-12-31	H3260_v1_4	209508
2012-01-01	2015-12-31	H3260_v1_5	209508
2016-01-01	2017-12-31	H3260_v1_6	209508
2018-01-01	2018-12-31	H3260_v1_7	209508
2007-01-01	2007-12-31	H3260_v1_2	209509
2008-01-01	2009-12-31	H3260_v1_3	209509
2010-01-01	2011-12-31	H3260_v1_4	209509
2012-01-01	2015-12-31	H3260_v1_5	209509
2016-01-01	2017-12-31	H3260_v1_6	209509
2018-01-01	2018-12-31	H3260_v1_7	209509
2007-01-01	2007-12-31	H3260_v1_2	209511
2008-01-01	2009-12-31	H3260_v1_3	209511
2010-01-01	2011-12-31	H3260_v1_4	209511
2012-01-01	2015-12-31	H3260_v1_5	209511
2016-01-01	2017-12-31	H3260_v1_6	209511
2018-01-01	2018-12-31	H3260_v1_7	209511
2007-01-01	2007-12-31	H3260_v1_2	209512
2008-01-01	2009-12-31	H3260_v1_3	209512
2010-01-01	2011-12-31	H3260_v1_4	209512
2012-01-01	2015-12-31	H3260_v1_5	209512
2016-01-01	2017-12-31	H3260_v1_6	209512
2018-01-01	2018-12-31	H3260_v1_7	209512
2007-01-01	2007-12-31	H3260_v1_2	209513
2008-01-01	2009-12-31	H3260_v1_3	209513
2010-01-01	2011-12-31	H3260_v1_4	209513
2012-01-01	2015-12-31	H3260_v1_5	209513
2016-01-01	2017-12-31	H3260_v1_6	209513
2018-01-01	2018-12-31	H3260_v1_7	209513
2007-01-01	2007-12-31	H3260_v1_2	209710
2008-01-01	2009-12-31	H3260_v1_3	209710
2010-01-01	2011-12-31	H3260_v1_4	209710
2012-01-01	2015-12-31	H3260_v1_5	209710
2016-01-01	2017-12-31	H3260_v1_6	209710
2007-01-01	2007-12-31	H3260_v1_2	209711
2008-01-01	2009-12-31	H3260_v1_3	209711
2010-01-01	2011-12-31	H3260_v1_4	209711
2012-01-01	2015-12-31	H3260_v1_5	209711
2016-01-01	2017-12-31	H3260_v1_6	209711
1899-01-01	2006-12-31	H3260_v1_0	209822
2007-01-01	2007-12-31	H3260_v1_2	209822
2008-01-01	2009-12-31	H3260_v1_3	209822
2010-01-01	2011-12-31	H3260_v1_4	209822
2012-01-01	2015-12-31	H3260_v1_5	209822
2016-01-01	2017-12-31	H3260_v1_6	209822
2018-01-01	2018-12-31	H3260_v1_7	209822
1899-01-01	2006-12-31	H3260_v1_0	209823
2007-01-01	2007-12-31	H3260_v1_2	209823
2008-01-01	2009-12-31	H3260_v1_3	209823
2010-01-01	2011-12-31	H3260_v1_4	209823
2012-01-01	2015-12-31	H3260_v1_5	209823
2016-01-01	2017-12-31	H3260_v1_6	209823
2018-01-01	2018-12-31	H3260_v1_7	209823
1899-01-01	2006-12-31	H3260_v1_0	210061
2007-01-01	2007-12-31	H3260_v1_2	210061
2008-01-01	2009-12-31	H3260_v1_3	210061
2010-01-01	2011-12-31	H3260_v1_4	210061
2012-01-01	2015-12-31	H3260_v1_5	210061
2016-01-01	2017-12-31	H3260_v1_6	210061
2018-01-01	2018-12-31	H3260_v1_7	210061
1899-01-01	2006-12-31	H3260_v1_0	210062
2007-01-01	2007-12-31	H3260_v1_2	210062
2008-01-01	2009-12-31	H3260_v1_3	210062
2010-01-01	2011-12-31	H3260_v1_4	210062
2012-01-01	2015-12-31	H3260_v1_5	210062
2016-01-01	2017-12-31	H3260_v1_6	210062
2018-01-01	2018-12-31	H3260_v1_7	210062
1899-01-01	2006-12-31	H3260_v1_0	210063
2007-01-01	2007-12-31	H3260_v1_2	210063
2008-01-01	2009-12-31	H3260_v1_3	210063
2010-01-01	2011-12-31	H3260_v1_4	210063
2012-01-01	2015-12-31	H3260_v1_5	210063
2016-01-01	2017-12-31	H3260_v1_6	210063
2018-01-01	2018-12-31	H3260_v1_7	210063
2008-01-01	2009-12-31	H3260_v1_3	212343
2010-01-01	2011-12-31	H3260_v1_4	212343
2012-01-01	2015-12-31	H3260_v1_5	212343
2016-01-01	2017-12-31	H3260_v1_6	212343
2018-01-01	2018-12-31	H3260_v1_7	212343
2008-01-01	2009-12-31	H3260_v1_3	212344
2010-01-01	2011-12-31	H3260_v1_4	212344
2012-01-01	2015-12-31	H3260_v1_5	212344
2016-01-01	2017-12-31	H3260_v1_6	212344
2018-01-01	2018-12-31	H3260_v1_7	212344
2008-01-01	2009-12-31	H3260_v1_3	212345
2010-01-01	2011-12-31	H3260_v1_4	212345
2012-01-01	2015-12-31	H3260_v1_5	212345
2016-01-01	2017-12-31	H3260_v1_6	212345
2018-01-01	2018-12-31	H3260_v1_7	212345
2008-01-01	2009-12-31	H3260_v1_3	212346
2010-01-01	2011-12-31	H3260_v1_4	212346
2012-01-01	2015-12-31	H3260_v1_5	212346
2016-01-01	2017-12-31	H3260_v1_6	212346
2018-01-01	2018-12-31	H3260_v1_7	212346
2008-01-01	2009-12-31	H3260_v1_3	212347
2010-01-01	2011-12-31	H3260_v1_4	212347
2012-01-01	2015-12-31	H3260_v1_5	212347
2016-01-01	2017-12-31	H3260_v1_6	212347
2018-01-01	2018-12-31	H3260_v1_7	212347
2008-01-01	2009-12-31	H3260_v1_3	212348
2010-01-01	2011-12-31	H3260_v1_4	212348
2012-01-01	2015-12-31	H3260_v1_5	212348
2016-01-01	2017-12-31	H3260_v1_6	212348
2018-01-01	2018-12-31	H3260_v1_7	212348
2008-01-01	2009-12-31	H3260_v1_3	212349
2010-01-01	2011-12-31	H3260_v1_4	212349
2012-01-01	2015-12-31	H3260_v1_5	212349
2016-01-01	2017-12-31	H3260_v1_6	212349
2018-01-01	2018-12-31	H3260_v1_7	212349
2008-01-01	2009-12-31	H3260_v1_3	212350
2010-01-01	2011-12-31	H3260_v1_4	212350
2012-01-01	2015-12-31	H3260_v1_5	212350
2016-01-01	2017-12-31	H3260_v1_6	212350
2018-01-01	2018-12-31	H3260_v1_7	212350
1899-01-01	2006-12-31	H3260_v1_0	212351
2007-01-01	2007-12-31	H3260_v1_2	212351
2008-01-01	2009-12-31	H3260_v1_3	212351
2010-01-01	2011-12-31	H3260_v1_4	212351
2012-01-01	2015-12-31	H3260_v1_5	212351
2016-01-01	2017-12-31	H3260_v1_6	212351
2018-01-01	2018-12-31	H3260_v1_7	212351
1899-01-01	2006-12-31	H3260_v1_0	212352
2007-01-01	2007-12-31	H3260_v1_2	212352
2008-01-01	2009-12-31	H3260_v1_3	212352
2010-01-01	2011-12-31	H3260_v1_4	212352
2012-01-01	2015-12-31	H3260_v1_5	212352
2016-01-01	2017-12-31	H3260_v1_6	212352
2018-01-01	2018-12-31	H3260_v1_7	212352
1899-01-01	2006-12-31	H3260_v1_0	212353
2007-01-01	2007-12-31	H3260_v1_2	212353
2008-01-01	2009-12-31	H3260_v1_3	212353
2010-01-01	2011-12-31	H3260_v1_4	212353
2012-01-01	2015-12-31	H3260_v1_5	212353
2016-01-01	2017-12-31	H3260_v1_6	212353
2018-01-01	2018-12-31	H3260_v1_7	212353
1899-01-01	2006-12-31	H3260_v1_0	212354
2007-01-01	2007-12-31	H3260_v1_2	212354
2008-01-01	2009-12-31	H3260_v1_3	212354
2010-01-01	2011-12-31	H3260_v1_4	212354
2012-01-01	2015-12-31	H3260_v1_5	212354
2016-01-01	2017-12-31	H3260_v1_6	212354
2018-01-01	2018-12-31	H3260_v1_7	212354
1899-01-01	2006-12-31	H3260_v1_0	212355
2007-01-01	2007-12-31	H3260_v1_2	212355
2008-01-01	2009-12-31	H3260_v1_3	212355
2010-01-01	2011-12-31	H3260_v1_4	212355
2012-01-01	2015-12-31	H3260_v1_5	212355
2016-01-01	2017-12-31	H3260_v1_6	212355
2018-01-01	2018-12-31	H3260_v1_7	212355
1899-01-01	2006-12-31	H3260_v1_0	212356
2007-01-01	2007-12-31	H3260_v1_2	212356
2008-01-01	2009-12-31	H3260_v1_3	212356
2010-01-01	2011-12-31	H3260_v1_4	212356
2012-01-01	2015-12-31	H3260_v1_5	212356
2016-01-01	2017-12-31	H3260_v1_6	212356
2018-01-01	2018-12-31	H3260_v1_7	212356
1899-01-01	2006-12-31	H3260_v1_0	212357
2007-01-01	2007-12-31	H3260_v1_2	212357
2008-01-01	2009-12-31	H3260_v1_3	212357
2010-01-01	2011-12-31	H3260_v1_4	212357
2012-01-01	2015-12-31	H3260_v1_5	212357
2016-01-01	2017-12-31	H3260_v1_6	212357
2018-01-01	2018-12-31	H3260_v1_7	212357
1899-01-01	2006-12-31	H3260_v1_0	212358
2007-01-01	2007-12-31	H3260_v1_2	212358
2008-01-01	2009-12-31	H3260_v1_3	212358
2010-01-01	2011-12-31	H3260_v1_4	212358
2012-01-01	2015-12-31	H3260_v1_5	212358
2016-01-01	2017-12-31	H3260_v1_6	212358
2018-01-01	2018-12-31	H3260_v1_7	212358
1899-01-01	2006-12-31	H3260_v1_0	212359
2007-01-01	2007-12-31	H3260_v1_2	212359
2008-01-01	2009-12-31	H3260_v1_3	212359
2010-01-01	2011-12-31	H3260_v1_4	212359
2012-01-01	2015-12-31	H3260_v1_5	212359
2016-01-01	2017-12-31	H3260_v1_6	212359
2018-01-01	2018-12-31	H3260_v1_7	212359
1899-01-01	2006-12-31	H3260_v1_0	212360
2007-01-01	2007-12-31	H3260_v1_2	212360
2008-01-01	2009-12-31	H3260_v1_3	212360
2010-01-01	2011-12-31	H3260_v1_4	212360
2012-01-01	2015-12-31	H3260_v1_5	212360
2016-01-01	2017-12-31	H3260_v1_6	212360
2018-01-01	2018-12-31	H3260_v1_7	212360
1899-01-01	2006-12-31	H3260_v1_0	212361
2007-01-01	2007-12-31	H3260_v1_2	212361
2008-01-01	2009-12-31	H3260_v1_3	212361
2010-01-01	2011-12-31	H3260_v1_4	212361
2012-01-01	2015-12-31	H3260_v1_5	212361
2016-01-01	2017-12-31	H3260_v1_6	212361
2018-01-01	2018-12-31	H3260_v1_7	212361
1899-01-01	2006-12-31	H3260_v1_0	212362
2007-01-01	2007-12-31	H3260_v1_2	212362
2008-01-01	2009-12-31	H3260_v1_3	212362
2010-01-01	2011-12-31	H3260_v1_4	212362
2012-01-01	2015-12-31	H3260_v1_5	212362
2016-01-01	2017-12-31	H3260_v1_6	212362
2018-01-01	2018-12-31	H3260_v1_7	212362
1899-01-01	2006-12-31	H3260_v1_0	212363
2007-01-01	2007-12-31	H3260_v1_2	212363
2008-01-01	2009-12-31	H3260_v1_3	212363
2010-01-01	2011-12-31	H3260_v1_4	212363
2012-01-01	2015-12-31	H3260_v1_5	212363
2016-01-01	2017-12-31	H3260_v1_6	212363
2018-01-01	2018-12-31	H3260_v1_7	212363
1899-01-01	2006-12-31	H3260_v1_0	212364
2007-01-01	2007-12-31	H3260_v1_2	212364
2008-01-01	2009-12-31	H3260_v1_3	212364
2010-01-01	2011-12-31	H3260_v1_4	212364
2012-01-01	2015-12-31	H3260_v1_5	212364
2016-01-01	2017-12-31	H3260_v1_6	212364
2018-01-01	2018-12-31	H3260_v1_7	212364
1899-01-01	2006-12-31	H3260_v1_0	212365
2007-01-01	2007-12-31	H3260_v1_2	212365
2008-01-01	2009-12-31	H3260_v1_3	212365
2010-01-01	2011-12-31	H3260_v1_4	212365
2012-01-01	2015-12-31	H3260_v1_5	212365
2016-01-01	2017-12-31	H3260_v1_6	212365
2018-01-01	2018-12-31	H3260_v1_7	212365
1899-01-01	2006-12-31	H3260_v1_0	212366
2007-01-01	2007-12-31	H3260_v1_2	212366
2008-01-01	2009-12-31	H3260_v1_3	212366
2010-01-01	2011-12-31	H3260_v1_4	212366
2012-01-01	2015-12-31	H3260_v1_5	212366
2016-01-01	2017-12-31	H3260_v1_6	212366
2018-01-01	2018-12-31	H3260_v1_7	212366
1899-01-01	2006-12-31	H3260_v1_0	212367
2007-01-01	2007-12-31	H3260_v1_2	212367
2008-01-01	2009-12-31	H3260_v1_3	212367
2010-01-01	2011-12-31	H3260_v1_4	212367
2012-01-01	2015-12-31	H3260_v1_5	212367
2016-01-01	2017-12-31	H3260_v1_6	212367
2018-01-01	2018-12-31	H3260_v1_7	212367
1899-01-01	2006-12-31	H3260_v1_0	212368
2007-01-01	2007-12-31	H3260_v1_2	212368
2008-01-01	2009-12-31	H3260_v1_3	212368
2010-01-01	2011-12-31	H3260_v1_4	212368
2012-01-01	2015-12-31	H3260_v1_5	212368
2016-01-01	2017-12-31	H3260_v1_6	212368
2018-01-01	2018-12-31	H3260_v1_7	212368
1899-01-01	2006-12-31	H3260_v1_0	212369
2007-01-01	2007-12-31	H3260_v1_2	212369
2008-01-01	2009-12-31	H3260_v1_3	212369
2010-01-01	2011-12-31	H3260_v1_4	212369
2012-01-01	2015-12-31	H3260_v1_5	212369
2016-01-01	2017-12-31	H3260_v1_6	212369
2018-01-01	2018-12-31	H3260_v1_7	212369
1899-01-01	2006-12-31	H3260_v1_0	212370
2007-01-01	2007-12-31	H3260_v1_2	212370
2008-01-01	2009-12-31	H3260_v1_3	212370
2010-01-01	2011-12-31	H3260_v1_4	212370
2012-01-01	2015-12-31	H3260_v1_5	212370
2016-01-01	2017-12-31	H3260_v1_6	212370
2018-01-01	2018-12-31	H3260_v1_7	212370
1899-01-01	2006-12-31	H3260_v1_0	212371
2007-01-01	2007-12-31	H3260_v1_2	212371
2008-01-01	2009-12-31	H3260_v1_3	212371
2010-01-01	2011-12-31	H3260_v1_4	212371
2012-01-01	2015-12-31	H3260_v1_5	212371
2016-01-01	2017-12-31	H3260_v1_6	212371
2018-01-01	2018-12-31	H3260_v1_7	212371
1899-01-01	2006-12-31	H3260_v1_0	212372
2007-01-01	2007-12-31	H3260_v1_2	212372
2008-01-01	2009-12-31	H3260_v1_3	212372
2010-01-01	2011-12-31	H3260_v1_4	212372
2012-01-01	2015-12-31	H3260_v1_5	212372
2016-01-01	2017-12-31	H3260_v1_6	212372
2018-01-01	2018-12-31	H3260_v1_7	212372
1899-01-01	2006-12-31	H3260_v1_0	212373
2007-01-01	2007-12-31	H3260_v1_2	212373
2008-01-01	2009-12-31	H3260_v1_3	212373
2010-01-01	2011-12-31	H3260_v1_4	212373
2012-01-01	2015-12-31	H3260_v1_5	212373
2016-01-01	2017-12-31	H3260_v1_6	212373
2018-01-01	2018-12-31	H3260_v1_7	212373
2008-01-01	2009-12-31	H3260_v1_3	212374
2010-01-01	2011-12-31	H3260_v1_4	212374
2012-01-01	2015-12-31	H3260_v1_5	212374
2016-01-01	2017-12-31	H3260_v1_6	212374
2018-01-01	2018-12-31	H3260_v1_7	212374
2008-01-01	2009-12-31	H3260_v1_3	212375
2010-01-01	2011-12-31	H3260_v1_4	212375
2012-01-01	2015-12-31	H3260_v1_5	212375
2016-01-01	2017-12-31	H3260_v1_6	212375
2018-01-01	2018-12-31	H3260_v1_7	212375
2008-01-01	2009-12-31	H3260_v1_3	212376
2010-01-01	2011-12-31	H3260_v1_4	212376
2012-01-01	2015-12-31	H3260_v1_5	212376
2016-01-01	2017-12-31	H3260_v1_6	212376
2018-01-01	2018-12-31	H3260_v1_7	212376
2008-01-01	2009-12-31	H3260_v1_3	212377
2010-01-01	2011-12-31	H3260_v1_4	212377
2012-01-01	2015-12-31	H3260_v1_5	212377
2016-01-01	2017-12-31	H3260_v1_6	212377
2018-01-01	2018-12-31	H3260_v1_7	212377
2008-01-01	2009-12-31	H3260_v1_3	212378
2010-01-01	2011-12-31	H3260_v1_4	212378
2012-01-01	2015-12-31	H3260_v1_5	212378
2016-01-01	2017-12-31	H3260_v1_6	212378
2018-01-01	2018-12-31	H3260_v1_7	212378
2008-01-01	2009-12-31	H3260_v1_3	212379
2010-01-01	2011-12-31	H3260_v1_4	212379
2012-01-01	2015-12-31	H3260_v1_5	212379
2016-01-01	2017-12-31	H3260_v1_6	212379
2018-01-01	2018-12-31	H3260_v1_7	212379
2008-01-01	2009-12-31	H3260_v1_3	212380
2010-01-01	2011-12-31	H3260_v1_4	212380
2012-01-01	2015-12-31	H3260_v1_5	212380
2016-01-01	2017-12-31	H3260_v1_6	212380
2018-01-01	2018-12-31	H3260_v1_7	212380
2008-01-01	2009-12-31	H3260_v1_3	212381
2010-01-01	2011-12-31	H3260_v1_4	212381
2012-01-01	2015-12-31	H3260_v1_5	212381
2016-01-01	2017-12-31	H3260_v1_6	212381
2018-01-01	2018-12-31	H3260_v1_7	212381
2008-01-01	2009-12-31	H3260_v1_3	212382
2010-01-01	2011-12-31	H3260_v1_4	212382
2012-01-01	2015-12-31	H3260_v1_5	212382
2016-01-01	2017-12-31	H3260_v1_6	212382
2018-01-01	2018-12-31	H3260_v1_7	212382
2008-01-01	2009-12-31	H3260_v1_3	212383
2010-01-01	2011-12-31	H3260_v1_4	212383
2012-01-01	2015-12-31	H3260_v1_5	212383
2016-01-01	2017-12-31	H3260_v1_6	212383
2018-01-01	2018-12-31	H3260_v1_7	212383
2008-01-01	2009-12-31	H3260_v1_3	212384
2010-01-01	2011-12-31	H3260_v1_4	212384
2012-01-01	2015-12-31	H3260_v1_5	212384
2016-01-01	2017-12-31	H3260_v1_6	212384
2018-01-01	2018-12-31	H3260_v1_7	212384
2008-01-01	2009-12-31	H3260_v1_3	212385
2010-01-01	2011-12-31	H3260_v1_4	212385
2012-01-01	2015-12-31	H3260_v1_5	212385
2016-01-01	2017-12-31	H3260_v1_6	212385
2018-01-01	2018-12-31	H3260_v1_7	212385
2008-01-01	2009-12-31	H3260_v1_3	212386
2010-01-01	2011-12-31	H3260_v1_4	212386
2012-01-01	2015-12-31	H3260_v1_5	212386
2016-01-01	2017-12-31	H3260_v1_6	212386
2018-01-01	2018-12-31	H3260_v1_7	212386
2008-01-01	2009-12-31	H3260_v1_3	212387
2010-01-01	2011-12-31	H3260_v1_4	212387
2012-01-01	2015-12-31	H3260_v1_5	212387
2016-01-01	2017-12-31	H3260_v1_6	212387
2018-01-01	2018-12-31	H3260_v1_7	212387
2008-01-01	2009-12-31	H3260_v1_3	212388
2010-01-01	2011-12-31	H3260_v1_4	212388
2012-01-01	2015-12-31	H3260_v1_5	212388
2016-01-01	2017-12-31	H3260_v1_6	212388
2018-01-01	2018-12-31	H3260_v1_7	212388
2008-01-01	2009-12-31	H3260_v1_3	212389
2010-01-01	2011-12-31	H3260_v1_4	212389
2012-01-01	2015-12-31	H3260_v1_5	212389
2016-01-01	2017-12-31	H3260_v1_6	212389
2018-01-01	2018-12-31	H3260_v1_7	212389
2008-01-01	2009-12-31	H3260_v1_3	212390
2010-01-01	2011-12-31	H3260_v1_4	212390
2012-01-01	2015-12-31	H3260_v1_5	212390
2016-01-01	2017-12-31	H3260_v1_6	212390
2018-01-01	2018-12-31	H3260_v1_7	212390
2008-01-01	2009-12-31	H3260_v1_3	212391
2010-01-01	2011-12-31	H3260_v1_4	212391
2012-01-01	2015-12-31	H3260_v1_5	212391
2016-01-01	2017-12-31	H3260_v1_6	212391
2018-01-01	2018-12-31	H3260_v1_7	212391
2008-01-01	2009-12-31	H3260_v1_3	212392
2010-01-01	2011-12-31	H3260_v1_4	212392
2012-01-01	2015-12-31	H3260_v1_5	212392
2016-01-01	2017-12-31	H3260_v1_6	212392
2018-01-01	2018-12-31	H3260_v1_7	212392
2008-01-01	2009-12-31	H3260_v1_3	212393
2010-01-01	2011-12-31	H3260_v1_4	212393
2012-01-01	2015-12-31	H3260_v1_5	212393
2016-01-01	2017-12-31	H3260_v1_6	212393
2018-01-01	2018-12-31	H3260_v1_7	212393
2008-01-01	2009-12-31	H3260_v1_3	212394
2010-01-01	2011-12-31	H3260_v1_4	212394
2012-01-01	2015-12-31	H3260_v1_5	212394
2016-01-01	2017-12-31	H3260_v1_6	212394
2018-01-01	2018-12-31	H3260_v1_7	212394
2018-01-01	2018-12-31	H3260_v1_7	213053
1899-01-01	2006-12-31	H3260_v1_0	213712
2007-01-01	2007-12-31	H3260_v1_2	213712
2008-01-01	2009-12-31	H3260_v1_3	213712
2010-01-01	2011-12-31	H3260_v1_4	213712
2012-01-01	2015-12-31	H3260_v1_5	213712
2016-01-01	2017-12-31	H3260_v1_6	213712
2018-01-01	2018-12-31	H3260_v1_7	213712
1899-01-01	2006-12-31	H3260_v1_0	213719
2007-01-01	2007-12-31	H3260_v1_2	213719
2008-01-01	2009-12-31	H3260_v1_3	213719
2010-01-01	2011-12-31	H3260_v1_4	213719
2012-01-01	2015-12-31	H3260_v1_5	213719
2016-01-01	2017-12-31	H3260_v1_6	213719
2018-01-01	2018-12-31	H3260_v1_7	213719
1899-01-01	2006-12-31	H3260_v1_0	213721
2007-01-01	2007-12-31	H3260_v1_2	213721
2008-01-01	2009-12-31	H3260_v1_3	213721
2010-01-01	2011-12-31	H3260_v1_4	213721
2012-01-01	2015-12-31	H3260_v1_5	213721
2016-01-01	2017-12-31	H3260_v1_6	213721
2018-01-01	2018-12-31	H3260_v1_7	213721
1899-01-01	2006-12-31	H3260_v1_0	213779
2007-01-01	2007-12-31	H3260_v1_2	213779
2008-01-01	2009-12-31	H3260_v1_3	213779
2010-01-01	2011-12-31	H3260_v1_4	213779
2012-01-01	2015-12-31	H3260_v1_5	213779
2016-01-01	2017-12-31	H3260_v1_6	213779
2018-01-01	2018-12-31	H3260_v1_7	213779
1899-01-01	2006-12-31	H3260_v1_0	213780
2007-01-01	2007-12-31	H3260_v1_2	213780
2008-01-01	2009-12-31	H3260_v1_3	213780
2010-01-01	2011-12-31	H3260_v1_4	213780
2012-01-01	2015-12-31	H3260_v1_5	213780
2016-01-01	2017-12-31	H3260_v1_6	213780
2018-01-01	2018-12-31	H3260_v1_7	213780
1899-01-01	2006-12-31	H3260_v1_0	213781
2007-01-01	2007-12-31	H3260_v1_2	213781
2008-01-01	2009-12-31	H3260_v1_3	213781
2010-01-01	2011-12-31	H3260_v1_4	213781
2012-01-01	2015-12-31	H3260_v1_5	213781
2016-01-01	2017-12-31	H3260_v1_6	213781
2018-01-01	2018-12-31	H3260_v1_7	213781
1899-01-01	2006-12-31	H3260_v1_0	213782
2007-01-01	2007-12-31	H3260_v1_2	213782
2008-01-01	2009-12-31	H3260_v1_3	213782
2010-01-01	2011-12-31	H3260_v1_4	213782
2012-01-01	2015-12-31	H3260_v1_5	213782
2016-01-01	2017-12-31	H3260_v1_6	213782
2018-01-01	2018-12-31	H3260_v1_7	213782
1899-01-01	2006-12-31	H3260_v1_0	213783
2007-01-01	2007-12-31	H3260_v1_2	213783
2008-01-01	2009-12-31	H3260_v1_3	213783
2010-01-01	2011-12-31	H3260_v1_4	213783
2012-01-01	2015-12-31	H3260_v1_5	213783
2016-01-01	2017-12-31	H3260_v1_6	213783
2018-01-01	2018-12-31	H3260_v1_7	213783
1899-01-01	2006-12-31	H3260_v1_0	213784
2007-01-01	2007-12-31	H3260_v1_2	213784
2008-01-01	2009-12-31	H3260_v1_3	213784
2010-01-01	2011-12-31	H3260_v1_4	213784
2012-01-01	2015-12-31	H3260_v1_5	213784
2016-01-01	2017-12-31	H3260_v1_6	213784
2018-01-01	2018-12-31	H3260_v1_7	213784
1899-01-01	2006-12-31	H3260_v1_0	213810
2007-01-01	2007-12-31	H3260_v1_2	213810
2008-01-01	2009-12-31	H3260_v1_3	213810
2010-01-01	2011-12-31	H3260_v1_4	213810
2012-01-01	2015-12-31	H3260_v1_5	213810
2016-01-01	2017-12-31	H3260_v1_6	213810
2018-01-01	2018-12-31	H3260_v1_7	213810
1899-01-01	2006-12-31	H3260_v1_0	213811
2007-01-01	2007-12-31	H3260_v1_2	213811
2008-01-01	2009-12-31	H3260_v1_3	213811
2010-01-01	2011-12-31	H3260_v1_4	213811
2012-01-01	2015-12-31	H3260_v1_5	213811
2016-01-01	2017-12-31	H3260_v1_6	213811
2018-01-01	2018-12-31	H3260_v1_7	213811
1899-01-01	2006-12-31	H3260_v1_0	213812
2007-01-01	2007-12-31	H3260_v1_2	213812
2008-01-01	2009-12-31	H3260_v1_3	213812
2010-01-01	2011-12-31	H3260_v1_4	213812
2012-01-01	2015-12-31	H3260_v1_5	213812
2016-01-01	2017-12-31	H3260_v1_6	213812
2018-01-01	2018-12-31	H3260_v1_7	213812
1899-01-01	2006-12-31	H3260_v1_0	213813
2007-01-01	2007-12-31	H3260_v1_2	213813
2008-01-01	2009-12-31	H3260_v1_3	213813
2010-01-01	2011-12-31	H3260_v1_4	213813
2012-01-01	2015-12-31	H3260_v1_5	213813
2016-01-01	2017-12-31	H3260_v1_6	213813
2018-01-01	2018-12-31	H3260_v1_7	213813
1899-01-01	2006-12-31	H3260_v1_0	213814
2007-01-01	2007-12-31	H3260_v1_2	213814
2008-01-01	2009-12-31	H3260_v1_3	213814
2010-01-01	2011-12-31	H3260_v1_4	213814
2012-01-01	2015-12-31	H3260_v1_5	213814
2016-01-01	2017-12-31	H3260_v1_6	213814
2018-01-01	2018-12-31	H3260_v1_7	213814
1899-01-01	2006-12-31	H3260_v1_0	213835
2007-01-01	2007-12-31	H3260_v1_2	213835
2008-01-01	2009-12-31	H3260_v1_3	213835
2010-01-01	2011-12-31	H3260_v1_4	213835
2016-01-01	2017-12-31	H3260_v1_6	213835
1899-01-01	2006-12-31	H3260_v1_0	213836
2007-01-01	2007-12-31	H3260_v1_2	213836
2008-01-01	2009-12-31	H3260_v1_3	213836
2010-01-01	2011-12-31	H3260_v1_4	213836
2016-01-01	2017-12-31	H3260_v1_6	213836
2018-01-01	2018-12-31	H3260_v1_7	213836
2018-01-01	2018-12-31	H3260_v1_7	213837
2018-01-01	2018-12-31	H3260_v1_7	213838
2018-01-01	2018-12-31	H3260_v1_7	213839
2018-01-01	2018-12-31	H3260_v1_7	213840
2018-01-01	2018-12-31	H3260_v1_7	213841
2018-01-01	2018-12-31	H3260_v1_7	213842
2018-01-01	2018-12-31	H3260_v1_7	213843
2012-01-01	2015-12-31	H3260_v1_5	213844
2018-01-01	2018-12-31	H3260_v1_7	213844
1899-01-01	2006-12-31	H3260_v1_0	213898
2007-01-01	2007-12-31	H3260_v1_2	213898
2008-01-01	2009-12-31	H3260_v1_3	213898
2010-01-01	2011-12-31	H3260_v1_4	213898
2012-01-01	2015-12-31	H3260_v1_5	213898
2016-01-01	2017-12-31	H3260_v1_6	213898
2018-01-01	2018-12-31	H3260_v1_7	213898
1899-01-01	2006-12-31	H3260_v1_0	213899
2007-01-01	2007-12-31	H3260_v1_2	213899
2008-01-01	2009-12-31	H3260_v1_3	213899
2010-01-01	2011-12-31	H3260_v1_4	213899
2012-01-01	2015-12-31	H3260_v1_5	213899
2016-01-01	2017-12-31	H3260_v1_6	213899
2018-01-01	2018-12-31	H3260_v1_7	213899
1899-01-01	2006-12-31	H3260_v1_0	213910
2007-01-01	2007-12-31	H3260_v1_2	213910
2008-01-01	2009-12-31	H3260_v1_3	213910
2010-01-01	2011-12-31	H3260_v1_4	213910
2016-01-01	2017-12-31	H3260_v1_6	213910
1899-01-01	2006-12-31	H3260_v1_0	213944
2007-01-01	2007-12-31	H3260_v1_2	213944
2008-01-01	2009-12-31	H3260_v1_3	213944
2010-01-01	2011-12-31	H3260_v1_4	213944
2012-01-01	2015-12-31	H3260_v1_5	213944
2016-01-01	2017-12-31	H3260_v1_6	213944
2018-01-01	2018-12-31	H3260_v1_7	213944
1899-01-01	2006-12-31	H3260_v1_0	213945
2007-01-01	2007-12-31	H3260_v1_2	213945
2008-01-01	2009-12-31	H3260_v1_3	213945
2010-01-01	2011-12-31	H3260_v1_4	213945
2012-01-01	2015-12-31	H3260_v1_5	213945
2016-01-01	2017-12-31	H3260_v1_6	213945
2018-01-01	2018-12-31	H3260_v1_7	213945
2018-01-01	2018-12-31	H3260_v1_7	214065
2018-01-01	2018-12-31	H3260_v1_7	214066
2018-01-01	2018-12-31	H3260_v1_7	214067
2018-01-01	2018-12-31	H3260_v1_7	214068
2018-01-01	2018-12-31	H3260_v1_7	214069
2018-01-01	2018-12-31	H3260_v1_7	214070
2010-01-01	2011-12-31	H3260_v1_4	214582
2012-01-01	2015-12-31	H3260_v1_5	214582
2016-01-01	2017-12-31	H3260_v1_6	214582
2018-01-01	2018-12-31	H3260_v1_7	214582
2010-01-01	2011-12-31	H3260_v1_4	214583
2012-01-01	2015-12-31	H3260_v1_5	214583
2016-01-01	2017-12-31	H3260_v1_6	214583
2018-01-01	2018-12-31	H3260_v1_7	214583
2007-01-01	2007-12-31	H3260_v1_2	216056
2008-01-01	2009-12-31	H3260_v1_3	216056
2010-01-01	2011-12-31	H3260_v1_4	216056
2012-01-01	2015-12-31	H3260_v1_5	216056
2016-01-01	2017-12-31	H3260_v1_6	216056
2007-01-01	2007-12-31	H3260_v1_2	216057
2008-01-01	2009-12-31	H3260_v1_3	216057
2010-01-01	2011-12-31	H3260_v1_4	216057
2012-01-01	2015-12-31	H3260_v1_5	216057
2016-01-01	2017-12-31	H3260_v1_6	216057
2007-01-01	2007-12-31	H3260_v1_2	216058
2008-01-01	2009-12-31	H3260_v1_3	216058
2010-01-01	2011-12-31	H3260_v1_4	216058
2012-01-01	2015-12-31	H3260_v1_5	216058
2016-01-01	2017-12-31	H3260_v1_6	216058
2007-01-01	2007-12-31	H3260_v1_2	216059
2008-01-01	2009-12-31	H3260_v1_3	216059
2010-01-01	2011-12-31	H3260_v1_4	216059
2012-01-01	2015-12-31	H3260_v1_5	216059
2016-01-01	2017-12-31	H3260_v1_6	216059
2007-01-01	2007-12-31	H3260_v1_2	216060
2008-01-01	2009-12-31	H3260_v1_3	216060
2010-01-01	2011-12-31	H3260_v1_4	216060
2012-01-01	2015-12-31	H3260_v1_5	216060
2016-01-01	2017-12-31	H3260_v1_6	216060
2007-01-01	2007-12-31	H3260_v1_2	216061
2008-01-01	2009-12-31	H3260_v1_3	216061
2010-01-01	2011-12-31	H3260_v1_4	216061
2012-01-01	2015-12-31	H3260_v1_5	216061
2016-01-01	2017-12-31	H3260_v1_6	216061
1899-01-01	2006-12-31	H3260_v1_0	216062
2007-01-01	2007-12-31	H3260_v1_2	216062
2008-01-01	2009-12-31	H3260_v1_3	216062
2010-01-01	2011-12-31	H3260_v1_4	216062
2012-01-01	2015-12-31	H3260_v1_5	216062
2016-01-01	2017-12-31	H3260_v1_6	216062
1899-01-01	2006-12-31	H3260_v1_0	216063
2007-01-01	2007-12-31	H3260_v1_2	216063
2008-01-01	2009-12-31	H3260_v1_3	216063
2010-01-01	2011-12-31	H3260_v1_4	216063
2012-01-01	2015-12-31	H3260_v1_5	216063
2016-01-01	2017-12-31	H3260_v1_6	216063
1899-01-01	2006-12-31	H3260_v1_0	216064
2007-01-01	2007-12-31	H3260_v1_2	216064
2008-01-01	2009-12-31	H3260_v1_3	216064
2010-01-01	2011-12-31	H3260_v1_4	216064
2012-01-01	2015-12-31	H3260_v1_5	216064
2016-01-01	2017-12-31	H3260_v1_6	216064
1899-01-01	2006-12-31	H3260_v1_0	216065
2007-01-01	2007-12-31	H3260_v1_2	216065
2008-01-01	2009-12-31	H3260_v1_3	216065
2010-01-01	2011-12-31	H3260_v1_4	216065
2012-01-01	2015-12-31	H3260_v1_5	216065
2016-01-01	2017-12-31	H3260_v1_6	216065
1899-01-01	2006-12-31	H3260_v1_0	216066
2007-01-01	2007-12-31	H3260_v1_2	216066
2008-01-01	2009-12-31	H3260_v1_3	216066
2010-01-01	2011-12-31	H3260_v1_4	216066
2012-01-01	2015-12-31	H3260_v1_5	216066
2016-01-01	2017-12-31	H3260_v1_6	216066
1899-01-01	2006-12-31	H3260_v1_0	216067
2007-01-01	2007-12-31	H3260_v1_2	216067
2008-01-01	2009-12-31	H3260_v1_3	216067
2010-01-01	2011-12-31	H3260_v1_4	216067
2012-01-01	2015-12-31	H3260_v1_5	216067
2016-01-01	2017-12-31	H3260_v1_6	216067
1899-01-01	2006-12-31	H3260_v1_0	216068
2007-01-01	2007-12-31	H3260_v1_2	216068
2008-01-01	2009-12-31	H3260_v1_3	216068
2010-01-01	2011-12-31	H3260_v1_4	216068
2012-01-01	2015-12-31	H3260_v1_5	216068
2016-01-01	2017-12-31	H3260_v1_6	216068
1899-01-01	2006-12-31	H3260_v1_0	216069
2007-01-01	2007-12-31	H3260_v1_2	216069
2008-01-01	2009-12-31	H3260_v1_3	216069
2010-01-01	2011-12-31	H3260_v1_4	216069
2012-01-01	2015-12-31	H3260_v1_5	216069
2016-01-01	2017-12-31	H3260_v1_6	216069
1899-01-01	2006-12-31	H3260_v1_0	216070
2007-01-01	2007-12-31	H3260_v1_2	216070
2008-01-01	2009-12-31	H3260_v1_3	216070
2010-01-01	2011-12-31	H3260_v1_4	216070
2012-01-01	2015-12-31	H3260_v1_5	216070
2016-01-01	2017-12-31	H3260_v1_6	216070
1899-01-01	2006-12-31	H3260_v1_0	216071
2007-01-01	2007-12-31	H3260_v1_2	216071
2008-01-01	2009-12-31	H3260_v1_3	216071
2010-01-01	2011-12-31	H3260_v1_4	216071
2012-01-01	2015-12-31	H3260_v1_5	216071
2016-01-01	2017-12-31	H3260_v1_6	216071
1899-01-01	2006-12-31	H3260_v1_0	216072
2012-01-01	2015-12-31	H3260_v1_5	216072
1899-01-01	2006-12-31	H3260_v1_0	216073
2012-01-01	2015-12-31	H3260_v1_5	216073
1899-01-01	2006-12-31	H3260_v1_0	216074
2012-01-01	2015-12-31	H3260_v1_5	216074
1899-01-01	2006-12-31	H3260_v1_0	216075
2012-01-01	2015-12-31	H3260_v1_5	216075
1899-01-01	2006-12-31	H3260_v1_0	216076
2007-01-01	2007-12-31	H3260_v1_2	216076
2008-01-01	2009-12-31	H3260_v1_3	216076
2010-01-01	2011-12-31	H3260_v1_4	216076
2012-01-01	2015-12-31	H3260_v1_5	216076
2016-01-01	2017-12-31	H3260_v1_6	216076
2018-01-01	2018-12-31	H3260_v1_7	216076
1899-01-01	2006-12-31	H3260_v1_0	216077
2007-01-01	2007-12-31	H3260_v1_2	216077
2008-01-01	2009-12-31	H3260_v1_3	216077
2010-01-01	2011-12-31	H3260_v1_4	216077
2012-01-01	2015-12-31	H3260_v1_5	216077
2016-01-01	2017-12-31	H3260_v1_6	216077
2018-01-01	2018-12-31	H3260_v1_7	216077
1899-01-01	2006-12-31	H3260_v1_0	216078
2007-01-01	2007-12-31	H3260_v1_2	216078
2008-01-01	2009-12-31	H3260_v1_3	216078
2010-01-01	2011-12-31	H3260_v1_4	216078
2012-01-01	2015-12-31	H3260_v1_5	216078
2016-01-01	2017-12-31	H3260_v1_6	216078
2018-01-01	2018-12-31	H3260_v1_7	216078
1899-01-01	2006-12-31	H3260_v1_0	216079
2007-01-01	2007-12-31	H3260_v1_2	216079
2008-01-01	2009-12-31	H3260_v1_3	216079
2010-01-01	2011-12-31	H3260_v1_4	216079
2012-01-01	2015-12-31	H3260_v1_5	216079
2016-01-01	2017-12-31	H3260_v1_6	216079
2018-01-01	2018-12-31	H3260_v1_7	216079
1899-01-01	2006-12-31	H3260_v1_0	216080
2007-01-01	2007-12-31	H3260_v1_2	216080
2008-01-01	2009-12-31	H3260_v1_3	216080
2010-01-01	2011-12-31	H3260_v1_4	216080
2012-01-01	2015-12-31	H3260_v1_5	216080
2016-01-01	2017-12-31	H3260_v1_6	216080
2018-01-01	2018-12-31	H3260_v1_7	216080
1899-01-01	2006-12-31	H3260_v1_0	216081
2007-01-01	2007-12-31	H3260_v1_2	216081
2008-01-01	2009-12-31	H3260_v1_3	216081
2010-01-01	2011-12-31	H3260_v1_4	216081
2012-01-01	2015-12-31	H3260_v1_5	216081
2016-01-01	2017-12-31	H3260_v1_6	216081
2018-01-01	2018-12-31	H3260_v1_7	216081
1899-01-01	2006-12-31	H3260_v1_0	216082
2007-01-01	2007-12-31	H3260_v1_2	216082
2008-01-01	2009-12-31	H3260_v1_3	216082
2010-01-01	2011-12-31	H3260_v1_4	216082
2012-01-01	2015-12-31	H3260_v1_5	216082
2016-01-01	2017-12-31	H3260_v1_6	216082
2018-01-01	2018-12-31	H3260_v1_7	216082
1899-01-01	2006-12-31	H3260_v1_0	216083
2007-01-01	2007-12-31	H3260_v1_2	216083
2008-01-01	2009-12-31	H3260_v1_3	216083
2010-01-01	2011-12-31	H3260_v1_4	216083
2012-01-01	2015-12-31	H3260_v1_5	216083
2016-01-01	2017-12-31	H3260_v1_6	216083
2018-01-01	2018-12-31	H3260_v1_7	216083
1899-01-01	2006-12-31	H3260_v1_0	216084
2007-01-01	2007-12-31	H3260_v1_2	216084
2008-01-01	2009-12-31	H3260_v1_3	216084
2010-01-01	2011-12-31	H3260_v1_4	216084
2012-01-01	2015-12-31	H3260_v1_5	216084
2016-01-01	2017-12-31	H3260_v1_6	216084
2018-01-01	2018-12-31	H3260_v1_7	216084
1899-01-01	2006-12-31	H3260_v1_0	216085
2007-01-01	2007-12-31	H3260_v1_2	216085
2008-01-01	2009-12-31	H3260_v1_3	216085
2010-01-01	2011-12-31	H3260_v1_4	216085
2012-01-01	2015-12-31	H3260_v1_5	216085
2016-01-01	2017-12-31	H3260_v1_6	216085
2018-01-01	2018-12-31	H3260_v1_7	216085
1899-01-01	2006-12-31	H3260_v1_0	216086
2007-01-01	2007-12-31	H3260_v1_2	216086
2008-01-01	2009-12-31	H3260_v1_3	216086
2010-01-01	2011-12-31	H3260_v1_4	216086
2012-01-01	2015-12-31	H3260_v1_5	216086
2016-01-01	2017-12-31	H3260_v1_6	216086
2018-01-01	2018-12-31	H3260_v1_7	216086
1899-01-01	2006-12-31	H3260_v1_0	216087
2007-01-01	2007-12-31	H3260_v1_2	216087
2008-01-01	2009-12-31	H3260_v1_3	216087
2010-01-01	2011-12-31	H3260_v1_4	216087
2012-01-01	2015-12-31	H3260_v1_5	216087
2016-01-01	2017-12-31	H3260_v1_6	216087
2018-01-01	2018-12-31	H3260_v1_7	216087
1899-01-01	2006-12-31	H3260_v1_0	216088
2007-01-01	2007-12-31	H3260_v1_2	216088
2008-01-01	2009-12-31	H3260_v1_3	216088
2010-01-01	2011-12-31	H3260_v1_4	216088
2012-01-01	2015-12-31	H3260_v1_5	216088
2016-01-01	2017-12-31	H3260_v1_6	216088
2018-01-01	2018-12-31	H3260_v1_7	216088
1899-01-01	2006-12-31	H3260_v1_0	216089
2007-01-01	2007-12-31	H3260_v1_2	216089
2008-01-01	2009-12-31	H3260_v1_3	216089
2010-01-01	2011-12-31	H3260_v1_4	216089
2012-01-01	2015-12-31	H3260_v1_5	216089
2016-01-01	2017-12-31	H3260_v1_6	216089
2018-01-01	2018-12-31	H3260_v1_7	216089
2007-01-01	2007-12-31	H3260_v1_2	216090
2008-01-01	2009-12-31	H3260_v1_3	216090
2010-01-01	2011-12-31	H3260_v1_4	216090
2012-01-01	2015-12-31	H3260_v1_5	216090
2016-01-01	2017-12-31	H3260_v1_6	216090
2018-01-01	2018-12-31	H3260_v1_7	216090
2012-01-01	2015-12-31	H3260_v1_5	216091
2018-01-01	2018-12-31	H3260_v1_7	216091
2012-01-01	2015-12-31	H3260_v1_5	216092
2018-01-01	2018-12-31	H3260_v1_7	216092
2018-01-01	2018-12-31	H3260_v1_7	216178
2018-01-01	2018-12-31	H3260_v1_7	216179
2018-01-01	2018-12-31	H3260_v1_7	216180
2018-01-01	2018-12-31	H3260_v1_7	216181
2018-01-01	2018-12-31	H3260_v1_7	216182
2018-01-01	2018-12-31	H3260_v1_7	216183
2018-01-01	2018-12-31	H3260_v1_7	216184
2007-01-01	2007-12-31	H3260_v1_2	218390
2008-01-01	2009-12-31	H3260_v1_3	218390
2010-01-01	2011-12-31	H3260_v1_4	218390
2012-01-01	2015-12-31	H3260_v1_5	218390
2016-01-01	2017-12-31	H3260_v1_6	218390
2018-01-01	2018-12-31	H3260_v1_7	218390
2007-01-01	2007-12-31	H3260_v1_2	218391
2008-01-01	2009-12-31	H3260_v1_3	218391
2010-01-01	2011-12-31	H3260_v1_4	218391
2012-01-01	2015-12-31	H3260_v1_5	218391
2016-01-01	2017-12-31	H3260_v1_6	218391
2018-01-01	2018-12-31	H3260_v1_7	218391
2007-01-01	2007-12-31	H3260_v1_2	218392
2008-01-01	2009-12-31	H3260_v1_3	218392
2010-01-01	2011-12-31	H3260_v1_4	218392
2012-01-01	2015-12-31	H3260_v1_5	218392
2016-01-01	2017-12-31	H3260_v1_6	218392
2018-01-01	2018-12-31	H3260_v1_7	218392
2007-01-01	2007-12-31	H3260_v1_2	218393
2008-01-01	2009-12-31	H3260_v1_3	218393
2010-01-01	2011-12-31	H3260_v1_4	218393
2012-01-01	2015-12-31	H3260_v1_5	218393
2016-01-01	2017-12-31	H3260_v1_6	218393
2018-01-01	2018-12-31	H3260_v1_7	218393
2007-01-01	2007-12-31	H3260_v1_2	218394
2008-01-01	2009-12-31	H3260_v1_3	218394
2010-01-01	2011-12-31	H3260_v1_4	218394
2012-01-01	2015-12-31	H3260_v1_5	218394
2016-01-01	2017-12-31	H3260_v1_6	218394
2018-01-01	2018-12-31	H3260_v1_7	218394
2007-01-01	2007-12-31	H3260_v1_2	218395
2008-01-01	2009-12-31	H3260_v1_3	218395
2010-01-01	2011-12-31	H3260_v1_4	218395
2012-01-01	2015-12-31	H3260_v1_5	218395
2016-01-01	2017-12-31	H3260_v1_6	218395
2018-01-01	2018-12-31	H3260_v1_7	218395
1899-01-01	2006-12-31	H3260_v1_0	218758
2007-01-01	2007-12-31	H3260_v1_2	218758
2008-01-01	2009-12-31	H3260_v1_3	218758
2010-01-01	2011-12-31	H3260_v1_4	218758
2012-01-01	2015-12-31	H3260_v1_5	218758
2016-01-01	2017-12-31	H3260_v1_6	218758
2018-01-01	2018-12-31	H3260_v1_7	218758
1899-01-01	2006-12-31	H3260_v1_0	218759
2007-01-01	2007-12-31	H3260_v1_2	218759
2008-01-01	2009-12-31	H3260_v1_3	218759
2010-01-01	2011-12-31	H3260_v1_4	218759
2012-01-01	2015-12-31	H3260_v1_5	218759
2016-01-01	2017-12-31	H3260_v1_6	218759
2018-01-01	2018-12-31	H3260_v1_7	218759
1899-01-01	2006-12-31	H3260_v1_0	218760
2007-01-01	2007-12-31	H3260_v1_2	218760
2008-01-01	2009-12-31	H3260_v1_3	218760
2010-01-01	2011-12-31	H3260_v1_4	218760
2012-01-01	2015-12-31	H3260_v1_5	218760
2016-01-01	2017-12-31	H3260_v1_6	218760
2018-01-01	2018-12-31	H3260_v1_7	218760
1899-01-01	2006-12-31	H3260_v1_0	218761
2007-01-01	2007-12-31	H3260_v1_2	218761
2008-01-01	2009-12-31	H3260_v1_3	218761
2010-01-01	2011-12-31	H3260_v1_4	218761
2012-01-01	2015-12-31	H3260_v1_5	218761
2016-01-01	2017-12-31	H3260_v1_6	218761
2018-01-01	2018-12-31	H3260_v1_7	218761
1899-01-01	2006-12-31	H3260_v1_0	218762
2007-01-01	2007-12-31	H3260_v1_2	218762
2008-01-01	2009-12-31	H3260_v1_3	218762
2010-01-01	2011-12-31	H3260_v1_4	218762
2012-01-01	2015-12-31	H3260_v1_5	218762
2016-01-01	2017-12-31	H3260_v1_6	218762
2018-01-01	2018-12-31	H3260_v1_7	218762
1899-01-01	2006-12-31	H3260_v1_0	218763
2007-01-01	2007-12-31	H3260_v1_2	218763
2008-01-01	2009-12-31	H3260_v1_3	218763
2010-01-01	2011-12-31	H3260_v1_4	218763
2012-01-01	2015-12-31	H3260_v1_5	218763
2016-01-01	2017-12-31	H3260_v1_6	218763
2018-01-01	2018-12-31	H3260_v1_7	218763
1899-01-01	2006-12-31	H3260_v1_0	218764
2007-01-01	2007-12-31	H3260_v1_2	218764
2008-01-01	2009-12-31	H3260_v1_3	218764
2010-01-01	2011-12-31	H3260_v1_4	218764
2012-01-01	2015-12-31	H3260_v1_5	218764
2016-01-01	2017-12-31	H3260_v1_6	218764
2018-01-01	2018-12-31	H3260_v1_7	218764
1899-01-01	2006-12-31	H3260_v1_0	218765
2007-01-01	2007-12-31	H3260_v1_2	218765
2008-01-01	2009-12-31	H3260_v1_3	218765
2010-01-01	2011-12-31	H3260_v1_4	218765
2012-01-01	2015-12-31	H3260_v1_5	218765
2016-01-01	2017-12-31	H3260_v1_6	218765
2018-01-01	2018-12-31	H3260_v1_7	218765
1899-01-01	2006-12-31	H3260_v1_0	218766
2007-01-01	2007-12-31	H3260_v1_2	218766
2008-01-01	2009-12-31	H3260_v1_3	218766
2010-01-01	2011-12-31	H3260_v1_4	218766
2012-01-01	2015-12-31	H3260_v1_5	218766
2016-01-01	2017-12-31	H3260_v1_6	218766
2018-01-01	2018-12-31	H3260_v1_7	218766
1899-01-01	2006-12-31	H3260_v1_0	218767
2007-01-01	2007-12-31	H3260_v1_2	218767
2008-01-01	2009-12-31	H3260_v1_3	218767
2010-01-01	2011-12-31	H3260_v1_4	218767
2012-01-01	2015-12-31	H3260_v1_5	218767
2016-01-01	2017-12-31	H3260_v1_6	218767
2018-01-01	2018-12-31	H3260_v1_7	218767
1899-01-01	2006-12-31	H3260_v1_0	218768
2007-01-01	2007-12-31	H3260_v1_2	218768
2008-01-01	2009-12-31	H3260_v1_3	218768
2010-01-01	2011-12-31	H3260_v1_4	218768
2012-01-01	2015-12-31	H3260_v1_5	218768
2016-01-01	2017-12-31	H3260_v1_6	218768
2018-01-01	2018-12-31	H3260_v1_7	218768
1899-01-01	2006-12-31	H3260_v1_0	218769
2007-01-01	2007-12-31	H3260_v1_2	218769
2008-01-01	2009-12-31	H3260_v1_3	218769
2010-01-01	2011-12-31	H3260_v1_4	218769
2012-01-01	2015-12-31	H3260_v1_5	218769
2016-01-01	2017-12-31	H3260_v1_6	218769
2018-01-01	2018-12-31	H3260_v1_7	218769
1899-01-01	2006-12-31	H3260_v1_0	218770
2007-01-01	2007-12-31	H3260_v1_2	218770
2008-01-01	2009-12-31	H3260_v1_3	218770
2010-01-01	2011-12-31	H3260_v1_4	218770
2012-01-01	2015-12-31	H3260_v1_5	218770
2016-01-01	2017-12-31	H3260_v1_6	218770
2018-01-01	2018-12-31	H3260_v1_7	218770
1899-01-01	2006-12-31	H3260_v1_0	218771
2007-01-01	2007-12-31	H3260_v1_2	218771
2008-01-01	2009-12-31	H3260_v1_3	218771
2010-01-01	2011-12-31	H3260_v1_4	218771
2012-01-01	2015-12-31	H3260_v1_5	218771
2016-01-01	2017-12-31	H3260_v1_6	218771
2018-01-01	2018-12-31	H3260_v1_7	218771
1899-01-01	2006-12-31	H3260_v1_0	218772
2007-01-01	2007-12-31	H3260_v1_2	218772
2008-01-01	2009-12-31	H3260_v1_3	218772
2010-01-01	2011-12-31	H3260_v1_4	218772
2012-01-01	2015-12-31	H3260_v1_5	218772
2016-01-01	2017-12-31	H3260_v1_6	218772
2018-01-01	2018-12-31	H3260_v1_7	218772
1899-01-01	2006-12-31	H3260_v1_0	218773
2007-01-01	2007-12-31	H3260_v1_2	218773
2008-01-01	2009-12-31	H3260_v1_3	218773
2010-01-01	2011-12-31	H3260_v1_4	218773
2012-01-01	2015-12-31	H3260_v1_5	218773
2016-01-01	2017-12-31	H3260_v1_6	218773
2018-01-01	2018-12-31	H3260_v1_7	218773
1899-01-01	2006-12-31	H3260_v1_0	218774
2007-01-01	2007-12-31	H3260_v1_2	218774
2008-01-01	2009-12-31	H3260_v1_3	218774
2010-01-01	2011-12-31	H3260_v1_4	218774
2012-01-01	2015-12-31	H3260_v1_5	218774
2016-01-01	2017-12-31	H3260_v1_6	218774
2018-01-01	2018-12-31	H3260_v1_7	218774
1899-01-01	2006-12-31	H3260_v1_0	218775
2007-01-01	2007-12-31	H3260_v1_2	218775
2008-01-01	2009-12-31	H3260_v1_3	218775
2010-01-01	2011-12-31	H3260_v1_4	218775
2012-01-01	2015-12-31	H3260_v1_5	218775
2016-01-01	2017-12-31	H3260_v1_6	218775
2018-01-01	2018-12-31	H3260_v1_7	218775
1899-01-01	2006-12-31	H3260_v1_0	218776
2007-01-01	2007-12-31	H3260_v1_2	218776
2008-01-01	2009-12-31	H3260_v1_3	218776
2010-01-01	2011-12-31	H3260_v1_4	218776
2012-01-01	2015-12-31	H3260_v1_5	218776
2016-01-01	2017-12-31	H3260_v1_6	218776
2018-01-01	2018-12-31	H3260_v1_7	218776
1899-01-01	2006-12-31	H3260_v1_0	218777
2007-01-01	2007-12-31	H3260_v1_2	218777
2008-01-01	2009-12-31	H3260_v1_3	218777
2010-01-01	2011-12-31	H3260_v1_4	218777
2012-01-01	2015-12-31	H3260_v1_5	218777
2016-01-01	2017-12-31	H3260_v1_6	218777
2018-01-01	2018-12-31	H3260_v1_7	218777
1899-01-01	2006-12-31	H3260_v1_0	218778
2007-01-01	2007-12-31	H3260_v1_2	218778
2008-01-01	2009-12-31	H3260_v1_3	218778
2010-01-01	2011-12-31	H3260_v1_4	218778
2012-01-01	2015-12-31	H3260_v1_5	218778
2016-01-01	2017-12-31	H3260_v1_6	218778
2018-01-01	2018-12-31	H3260_v1_7	218778
1899-01-01	2006-12-31	H3260_v1_0	218779
2007-01-01	2007-12-31	H3260_v1_2	218779
2008-01-01	2009-12-31	H3260_v1_3	218779
2010-01-01	2011-12-31	H3260_v1_4	218779
2012-01-01	2015-12-31	H3260_v1_5	218779
2016-01-01	2017-12-31	H3260_v1_6	218779
2018-01-01	2018-12-31	H3260_v1_7	218779
1899-01-01	2006-12-31	H3260_v1_0	218780
2007-01-01	2007-12-31	H3260_v1_2	218780
2008-01-01	2009-12-31	H3260_v1_3	218780
2010-01-01	2011-12-31	H3260_v1_4	218780
2012-01-01	2015-12-31	H3260_v1_5	218780
2016-01-01	2017-12-31	H3260_v1_6	218780
2018-01-01	2018-12-31	H3260_v1_7	218780
1899-01-01	2006-12-31	H3260_v1_0	218781
2007-01-01	2007-12-31	H3260_v1_2	218781
2008-01-01	2009-12-31	H3260_v1_3	218781
2010-01-01	2011-12-31	H3260_v1_4	218781
2012-01-01	2015-12-31	H3260_v1_5	218781
2016-01-01	2017-12-31	H3260_v1_6	218781
2018-01-01	2018-12-31	H3260_v1_7	218781
1899-01-01	2006-12-31	H3260_v1_0	218782
2007-01-01	2007-12-31	H3260_v1_2	218782
2008-01-01	2009-12-31	H3260_v1_3	218782
2010-01-01	2011-12-31	H3260_v1_4	218782
2012-01-01	2015-12-31	H3260_v1_5	218782
2016-01-01	2017-12-31	H3260_v1_6	218782
2018-01-01	2018-12-31	H3260_v1_7	218782
1899-01-01	2006-12-31	H3260_v1_0	218783
2007-01-01	2007-12-31	H3260_v1_2	218783
2008-01-01	2009-12-31	H3260_v1_3	218783
2010-01-01	2011-12-31	H3260_v1_4	218783
2012-01-01	2015-12-31	H3260_v1_5	218783
2016-01-01	2017-12-31	H3260_v1_6	218783
2018-01-01	2018-12-31	H3260_v1_7	218783
1899-01-01	2006-12-31	H3260_v1_0	218784
2007-01-01	2007-12-31	H3260_v1_2	218784
2008-01-01	2009-12-31	H3260_v1_3	218784
2010-01-01	2011-12-31	H3260_v1_4	218784
2012-01-01	2015-12-31	H3260_v1_5	218784
2016-01-01	2017-12-31	H3260_v1_6	218784
2018-01-01	2018-12-31	H3260_v1_7	218784
1899-01-01	2006-12-31	H3260_v1_0	218785
2007-01-01	2007-12-31	H3260_v1_2	218785
2008-01-01	2009-12-31	H3260_v1_3	218785
2010-01-01	2011-12-31	H3260_v1_4	218785
2012-01-01	2015-12-31	H3260_v1_5	218785
2016-01-01	2017-12-31	H3260_v1_6	218785
2018-01-01	2018-12-31	H3260_v1_7	218785
1899-01-01	2006-12-31	H3260_v1_0	218786
2007-01-01	2007-12-31	H3260_v1_2	218786
2008-01-01	2009-12-31	H3260_v1_3	218786
2010-01-01	2011-12-31	H3260_v1_4	218786
2012-01-01	2015-12-31	H3260_v1_5	218786
2016-01-01	2017-12-31	H3260_v1_6	218786
2018-01-01	2018-12-31	H3260_v1_7	218786
1899-01-01	2006-12-31	H3260_v1_0	218787
2007-01-01	2007-12-31	H3260_v1_2	218787
2008-01-01	2009-12-31	H3260_v1_3	218787
2010-01-01	2011-12-31	H3260_v1_4	218787
2012-01-01	2015-12-31	H3260_v1_5	218787
2016-01-01	2017-12-31	H3260_v1_6	218787
2018-01-01	2018-12-31	H3260_v1_7	218787
1899-01-01	2006-12-31	H3260_v1_0	218788
2007-01-01	2007-12-31	H3260_v1_2	218788
2008-01-01	2009-12-31	H3260_v1_3	218788
2010-01-01	2011-12-31	H3260_v1_4	218788
2012-01-01	2015-12-31	H3260_v1_5	218788
2016-01-01	2017-12-31	H3260_v1_6	218788
2018-01-01	2018-12-31	H3260_v1_7	218788
1899-01-01	2006-12-31	H3260_v1_0	218789
2007-01-01	2007-12-31	H3260_v1_2	218789
2008-01-01	2009-12-31	H3260_v1_3	218789
2010-01-01	2011-12-31	H3260_v1_4	218789
2012-01-01	2015-12-31	H3260_v1_5	218789
2016-01-01	2017-12-31	H3260_v1_6	218789
2018-01-01	2018-12-31	H3260_v1_7	218789
1899-01-01	2006-12-31	H3260_v1_0	218790
2007-01-01	2007-12-31	H3260_v1_2	218790
2008-01-01	2009-12-31	H3260_v1_3	218790
2010-01-01	2011-12-31	H3260_v1_4	218790
2012-01-01	2015-12-31	H3260_v1_5	218790
2016-01-01	2017-12-31	H3260_v1_6	218790
2018-01-01	2018-12-31	H3260_v1_7	218790
1899-01-01	2006-12-31	H3260_v1_0	218791
2007-01-01	2007-12-31	H3260_v1_2	218791
2008-01-01	2009-12-31	H3260_v1_3	218791
2010-01-01	2011-12-31	H3260_v1_4	218791
2012-01-01	2015-12-31	H3260_v1_5	218791
2016-01-01	2017-12-31	H3260_v1_6	218791
2018-01-01	2018-12-31	H3260_v1_7	218791
1899-01-01	2006-12-31	H3260_v1_0	218792
2007-01-01	2007-12-31	H3260_v1_2	218792
2008-01-01	2009-12-31	H3260_v1_3	218792
2010-01-01	2011-12-31	H3260_v1_4	218792
2012-01-01	2015-12-31	H3260_v1_5	218792
2016-01-01	2017-12-31	H3260_v1_6	218792
2018-01-01	2018-12-31	H3260_v1_7	218792
1899-01-01	2006-12-31	H3260_v1_0	218793
2007-01-01	2007-12-31	H3260_v1_2	218793
2008-01-01	2009-12-31	H3260_v1_3	218793
2010-01-01	2011-12-31	H3260_v1_4	218793
2012-01-01	2015-12-31	H3260_v1_5	218793
2016-01-01	2017-12-31	H3260_v1_6	218793
2018-01-01	2018-12-31	H3260_v1_7	218793
1899-01-01	2006-12-31	H3260_v1_0	218794
2007-01-01	2007-12-31	H3260_v1_2	218794
2008-01-01	2009-12-31	H3260_v1_3	218794
2010-01-01	2011-12-31	H3260_v1_4	218794
2012-01-01	2015-12-31	H3260_v1_5	218794
2016-01-01	2017-12-31	H3260_v1_6	218794
2018-01-01	2018-12-31	H3260_v1_7	218794
1899-01-01	2006-12-31	H3260_v1_0	218795
2007-01-01	2007-12-31	H3260_v1_2	218795
2008-01-01	2009-12-31	H3260_v1_3	218795
2010-01-01	2011-12-31	H3260_v1_4	218795
2012-01-01	2015-12-31	H3260_v1_5	218795
2016-01-01	2017-12-31	H3260_v1_6	218795
2018-01-01	2018-12-31	H3260_v1_7	218795
1899-01-01	2006-12-31	H3260_v1_0	218796
2007-01-01	2007-12-31	H3260_v1_2	218796
2008-01-01	2009-12-31	H3260_v1_3	218796
2010-01-01	2011-12-31	H3260_v1_4	218796
2012-01-01	2015-12-31	H3260_v1_5	218796
2016-01-01	2017-12-31	H3260_v1_6	218796
2018-01-01	2018-12-31	H3260_v1_7	218796
1899-01-01	2006-12-31	H3260_v1_0	218797
2007-01-01	2007-12-31	H3260_v1_2	218797
2008-01-01	2009-12-31	H3260_v1_3	218797
2010-01-01	2011-12-31	H3260_v1_4	218797
2012-01-01	2015-12-31	H3260_v1_5	218797
2016-01-01	2017-12-31	H3260_v1_6	218797
2018-01-01	2018-12-31	H3260_v1_7	218797
1899-01-01	2006-12-31	H3260_v1_0	218798
2007-01-01	2007-12-31	H3260_v1_2	218798
2008-01-01	2009-12-31	H3260_v1_3	218798
2010-01-01	2011-12-31	H3260_v1_4	218798
2012-01-01	2015-12-31	H3260_v1_5	218798
2016-01-01	2017-12-31	H3260_v1_6	218798
2018-01-01	2018-12-31	H3260_v1_7	218798
1899-01-01	2006-12-31	H3260_v1_0	218799
2007-01-01	2007-12-31	H3260_v1_2	218799
2008-01-01	2009-12-31	H3260_v1_3	218799
2010-01-01	2011-12-31	H3260_v1_4	218799
2012-01-01	2015-12-31	H3260_v1_5	218799
2016-01-01	2017-12-31	H3260_v1_6	218799
2018-01-01	2018-12-31	H3260_v1_7	218799
1899-01-01	2006-12-31	H3260_v1_0	218800
2007-01-01	2007-12-31	H3260_v1_2	218800
2008-01-01	2009-12-31	H3260_v1_3	218800
2010-01-01	2011-12-31	H3260_v1_4	218800
2012-01-01	2015-12-31	H3260_v1_5	218800
2016-01-01	2017-12-31	H3260_v1_6	218800
2018-01-01	2018-12-31	H3260_v1_7	218800
1899-01-01	2006-12-31	H3260_v1_0	218801
2007-01-01	2007-12-31	H3260_v1_2	218801
2008-01-01	2009-12-31	H3260_v1_3	218801
2010-01-01	2011-12-31	H3260_v1_4	218801
2012-01-01	2015-12-31	H3260_v1_5	218801
2016-01-01	2017-12-31	H3260_v1_6	218801
2018-01-01	2018-12-31	H3260_v1_7	218801
1899-01-01	2006-12-31	H3260_v1_0	218802
2007-01-01	2007-12-31	H3260_v1_2	218802
2008-01-01	2009-12-31	H3260_v1_3	218802
2010-01-01	2011-12-31	H3260_v1_4	218802
2012-01-01	2015-12-31	H3260_v1_5	218802
2016-01-01	2017-12-31	H3260_v1_6	218802
2018-01-01	2018-12-31	H3260_v1_7	218802
1899-01-01	2006-12-31	H3260_v1_0	218803
2007-01-01	2007-12-31	H3260_v1_2	218803
2008-01-01	2009-12-31	H3260_v1_3	218803
2010-01-01	2011-12-31	H3260_v1_4	218803
2012-01-01	2015-12-31	H3260_v1_5	218803
2016-01-01	2017-12-31	H3260_v1_6	218803
2018-01-01	2018-12-31	H3260_v1_7	218803
1899-01-01	2006-12-31	H3260_v1_0	218804
2007-01-01	2007-12-31	H3260_v1_2	218804
2008-01-01	2009-12-31	H3260_v1_3	218804
2010-01-01	2011-12-31	H3260_v1_4	218804
2012-01-01	2015-12-31	H3260_v1_5	218804
2016-01-01	2017-12-31	H3260_v1_6	218804
2018-01-01	2018-12-31	H3260_v1_7	218804
1899-01-01	2006-12-31	H3260_v1_0	218805
2007-01-01	2007-12-31	H3260_v1_2	218805
2008-01-01	2009-12-31	H3260_v1_3	218805
2010-01-01	2011-12-31	H3260_v1_4	218805
2012-01-01	2015-12-31	H3260_v1_5	218805
2016-01-01	2017-12-31	H3260_v1_6	218805
2018-01-01	2018-12-31	H3260_v1_7	218805
1899-01-01	2006-12-31	H3260_v1_0	218806
2007-01-01	2007-12-31	H3260_v1_2	218806
2008-01-01	2009-12-31	H3260_v1_3	218806
2010-01-01	2011-12-31	H3260_v1_4	218806
2012-01-01	2015-12-31	H3260_v1_5	218806
2016-01-01	2017-12-31	H3260_v1_6	218806
2018-01-01	2018-12-31	H3260_v1_7	218806
1899-01-01	2006-12-31	H3260_v1_0	218807
2007-01-01	2007-12-31	H3260_v1_2	218807
2008-01-01	2009-12-31	H3260_v1_3	218807
2010-01-01	2011-12-31	H3260_v1_4	218807
2012-01-01	2015-12-31	H3260_v1_5	218807
2016-01-01	2017-12-31	H3260_v1_6	218807
2018-01-01	2018-12-31	H3260_v1_7	218807
1899-01-01	2006-12-31	H3260_v1_0	218808
2007-01-01	2007-12-31	H3260_v1_2	218808
2008-01-01	2009-12-31	H3260_v1_3	218808
2010-01-01	2011-12-31	H3260_v1_4	218808
2012-01-01	2015-12-31	H3260_v1_5	218808
2016-01-01	2017-12-31	H3260_v1_6	218808
2018-01-01	2018-12-31	H3260_v1_7	218808
1899-01-01	2006-12-31	H3260_v1_0	218809
2007-01-01	2007-12-31	H3260_v1_2	218809
2008-01-01	2009-12-31	H3260_v1_3	218809
2010-01-01	2011-12-31	H3260_v1_4	218809
2012-01-01	2015-12-31	H3260_v1_5	218809
2016-01-01	2017-12-31	H3260_v1_6	218809
2018-01-01	2018-12-31	H3260_v1_7	218809
1899-01-01	2006-12-31	H3260_v1_0	218810
2007-01-01	2007-12-31	H3260_v1_2	218810
2008-01-01	2009-12-31	H3260_v1_3	218810
2010-01-01	2011-12-31	H3260_v1_4	218810
2012-01-01	2015-12-31	H3260_v1_5	218810
2016-01-01	2017-12-31	H3260_v1_6	218810
2018-01-01	2018-12-31	H3260_v1_7	218810
1899-01-01	2006-12-31	H3260_v1_0	218811
2007-01-01	2007-12-31	H3260_v1_2	218811
2008-01-01	2009-12-31	H3260_v1_3	218811
2010-01-01	2011-12-31	H3260_v1_4	218811
2012-01-01	2015-12-31	H3260_v1_5	218811
2016-01-01	2017-12-31	H3260_v1_6	218811
2018-01-01	2018-12-31	H3260_v1_7	218811
1899-01-01	2006-12-31	H3260_v1_0	218812
2007-01-01	2007-12-31	H3260_v1_2	218812
2008-01-01	2009-12-31	H3260_v1_3	218812
2010-01-01	2011-12-31	H3260_v1_4	218812
2012-01-01	2015-12-31	H3260_v1_5	218812
2016-01-01	2017-12-31	H3260_v1_6	218812
2018-01-01	2018-12-31	H3260_v1_7	218812
1899-01-01	2006-12-31	H3260_v1_0	218813
2007-01-01	2007-12-31	H3260_v1_2	218813
2008-01-01	2009-12-31	H3260_v1_3	218813
2010-01-01	2011-12-31	H3260_v1_4	218813
2012-01-01	2015-12-31	H3260_v1_5	218813
2016-01-01	2017-12-31	H3260_v1_6	218813
2018-01-01	2018-12-31	H3260_v1_7	218813
1899-01-01	2006-12-31	H3260_v1_0	218814
2007-01-01	2007-12-31	H3260_v1_2	218814
2008-01-01	2009-12-31	H3260_v1_3	218814
2010-01-01	2011-12-31	H3260_v1_4	218814
2012-01-01	2015-12-31	H3260_v1_5	218814
2016-01-01	2017-12-31	H3260_v1_6	218814
2018-01-01	2018-12-31	H3260_v1_7	218814
1899-01-01	2006-12-31	H3260_v1_0	218815
2007-01-01	2007-12-31	H3260_v1_2	218815
2008-01-01	2009-12-31	H3260_v1_3	218815
2010-01-01	2011-12-31	H3260_v1_4	218815
2012-01-01	2015-12-31	H3260_v1_5	218815
2016-01-01	2017-12-31	H3260_v1_6	218815
2018-01-01	2018-12-31	H3260_v1_7	218815
1899-01-01	2006-12-31	H3260_v1_0	218816
2007-01-01	2007-12-31	H3260_v1_2	218816
2008-01-01	2009-12-31	H3260_v1_3	218816
2010-01-01	2011-12-31	H3260_v1_4	218816
2012-01-01	2015-12-31	H3260_v1_5	218816
2016-01-01	2017-12-31	H3260_v1_6	218816
2018-01-01	2018-12-31	H3260_v1_7	218816
1899-01-01	2006-12-31	H3260_v1_0	218817
2007-01-01	2007-12-31	H3260_v1_2	218817
2008-01-01	2009-12-31	H3260_v1_3	218817
2010-01-01	2011-12-31	H3260_v1_4	218817
2012-01-01	2015-12-31	H3260_v1_5	218817
2016-01-01	2017-12-31	H3260_v1_6	218817
2018-01-01	2018-12-31	H3260_v1_7	218817
1899-01-01	2006-12-31	H3260_v1_0	218818
2007-01-01	2007-12-31	H3260_v1_2	218818
2008-01-01	2009-12-31	H3260_v1_3	218818
2010-01-01	2011-12-31	H3260_v1_4	218818
2012-01-01	2015-12-31	H3260_v1_5	218818
2016-01-01	2017-12-31	H3260_v1_6	218818
2018-01-01	2018-12-31	H3260_v1_7	218818
1899-01-01	2006-12-31	H3260_v1_0	218819
2007-01-01	2007-12-31	H3260_v1_2	218819
2008-01-01	2009-12-31	H3260_v1_3	218819
2010-01-01	2011-12-31	H3260_v1_4	218819
2012-01-01	2015-12-31	H3260_v1_5	218819
2016-01-01	2017-12-31	H3260_v1_6	218819
2018-01-01	2018-12-31	H3260_v1_7	218819
1899-01-01	2006-12-31	H3260_v1_0	218820
2007-01-01	2007-12-31	H3260_v1_2	218820
2008-01-01	2009-12-31	H3260_v1_3	218820
2010-01-01	2011-12-31	H3260_v1_4	218820
2012-01-01	2015-12-31	H3260_v1_5	218820
2016-01-01	2017-12-31	H3260_v1_6	218820
2018-01-01	2018-12-31	H3260_v1_7	218820
1899-01-01	2006-12-31	H3260_v1_0	218821
2007-01-01	2007-12-31	H3260_v1_2	218821
2008-01-01	2009-12-31	H3260_v1_3	218821
2010-01-01	2011-12-31	H3260_v1_4	218821
2012-01-01	2015-12-31	H3260_v1_5	218821
2016-01-01	2017-12-31	H3260_v1_6	218821
2018-01-01	2018-12-31	H3260_v1_7	218821
1899-01-01	2006-12-31	H3260_v1_0	218822
2007-01-01	2007-12-31	H3260_v1_2	218822
2008-01-01	2009-12-31	H3260_v1_3	218822
2010-01-01	2011-12-31	H3260_v1_4	218822
2012-01-01	2015-12-31	H3260_v1_5	218822
2016-01-01	2017-12-31	H3260_v1_6	218822
2018-01-01	2018-12-31	H3260_v1_7	218822
1899-01-01	2006-12-31	H3260_v1_0	218823
2007-01-01	2007-12-31	H3260_v1_2	218823
2008-01-01	2009-12-31	H3260_v1_3	218823
2010-01-01	2011-12-31	H3260_v1_4	218823
2012-01-01	2015-12-31	H3260_v1_5	218823
2016-01-01	2017-12-31	H3260_v1_6	218823
2018-01-01	2018-12-31	H3260_v1_7	218823
1899-01-01	2006-12-31	H3260_v1_0	218824
2007-01-01	2007-12-31	H3260_v1_2	218824
2008-01-01	2009-12-31	H3260_v1_3	218824
2010-01-01	2011-12-31	H3260_v1_4	218824
2012-01-01	2015-12-31	H3260_v1_5	218824
2016-01-01	2017-12-31	H3260_v1_6	218824
2018-01-01	2018-12-31	H3260_v1_7	218824
1899-01-01	2006-12-31	H3260_v1_0	218825
2007-01-01	2007-12-31	H3260_v1_2	218825
2008-01-01	2009-12-31	H3260_v1_3	218825
2010-01-01	2011-12-31	H3260_v1_4	218825
2012-01-01	2015-12-31	H3260_v1_5	218825
2016-01-01	2017-12-31	H3260_v1_6	218825
2018-01-01	2018-12-31	H3260_v1_7	218825
1899-01-01	2006-12-31	H3260_v1_0	218826
2007-01-01	2007-12-31	H3260_v1_2	218826
2008-01-01	2009-12-31	H3260_v1_3	218826
2010-01-01	2011-12-31	H3260_v1_4	218826
2012-01-01	2015-12-31	H3260_v1_5	218826
2016-01-01	2017-12-31	H3260_v1_6	218826
2018-01-01	2018-12-31	H3260_v1_7	218826
1899-01-01	2006-12-31	H3260_v1_0	218827
2007-01-01	2007-12-31	H3260_v1_2	218827
2008-01-01	2009-12-31	H3260_v1_3	218827
2010-01-01	2011-12-31	H3260_v1_4	218827
2012-01-01	2015-12-31	H3260_v1_5	218827
2016-01-01	2017-12-31	H3260_v1_6	218827
2018-01-01	2018-12-31	H3260_v1_7	218827
1899-01-01	2006-12-31	H3260_v1_0	218828
2007-01-01	2007-12-31	H3260_v1_2	218828
2008-01-01	2009-12-31	H3260_v1_3	218828
2010-01-01	2011-12-31	H3260_v1_4	218828
2012-01-01	2015-12-31	H3260_v1_5	218828
2016-01-01	2017-12-31	H3260_v1_6	218828
2018-01-01	2018-12-31	H3260_v1_7	218828
1899-01-01	2006-12-31	H3260_v1_0	218829
2007-01-01	2007-12-31	H3260_v1_2	218829
2008-01-01	2009-12-31	H3260_v1_3	218829
2010-01-01	2011-12-31	H3260_v1_4	218829
2012-01-01	2015-12-31	H3260_v1_5	218829
2016-01-01	2017-12-31	H3260_v1_6	218829
2018-01-01	2018-12-31	H3260_v1_7	218829
1899-01-01	2006-12-31	H3260_v1_0	218830
2007-01-01	2007-12-31	H3260_v1_2	218830
2008-01-01	2009-12-31	H3260_v1_3	218830
2010-01-01	2011-12-31	H3260_v1_4	218830
2012-01-01	2015-12-31	H3260_v1_5	218830
2016-01-01	2017-12-31	H3260_v1_6	218830
2018-01-01	2018-12-31	H3260_v1_7	218830
1899-01-01	2006-12-31	H3260_v1_0	218831
2007-01-01	2007-12-31	H3260_v1_2	218831
2008-01-01	2009-12-31	H3260_v1_3	218831
2010-01-01	2011-12-31	H3260_v1_4	218831
2012-01-01	2015-12-31	H3260_v1_5	218831
2016-01-01	2017-12-31	H3260_v1_6	218831
2018-01-01	2018-12-31	H3260_v1_7	218831
1899-01-01	2006-12-31	H3260_v1_0	218832
2007-01-01	2007-12-31	H3260_v1_2	218832
2008-01-01	2009-12-31	H3260_v1_3	218832
2010-01-01	2011-12-31	H3260_v1_4	218832
2012-01-01	2015-12-31	H3260_v1_5	218832
2016-01-01	2017-12-31	H3260_v1_6	218832
2018-01-01	2018-12-31	H3260_v1_7	218832
1899-01-01	2006-12-31	H3260_v1_0	218833
2007-01-01	2007-12-31	H3260_v1_2	218833
2008-01-01	2009-12-31	H3260_v1_3	218833
2010-01-01	2011-12-31	H3260_v1_4	218833
2012-01-01	2015-12-31	H3260_v1_5	218833
2016-01-01	2017-12-31	H3260_v1_6	218833
2018-01-01	2018-12-31	H3260_v1_7	218833
1899-01-01	2006-12-31	H3260_v1_0	218834
2007-01-01	2007-12-31	H3260_v1_2	218834
2008-01-01	2009-12-31	H3260_v1_3	218834
2010-01-01	2011-12-31	H3260_v1_4	218834
2012-01-01	2015-12-31	H3260_v1_5	218834
2016-01-01	2017-12-31	H3260_v1_6	218834
2018-01-01	2018-12-31	H3260_v1_7	218834
1899-01-01	2006-12-31	H3260_v1_0	218835
2007-01-01	2007-12-31	H3260_v1_2	218835
2008-01-01	2009-12-31	H3260_v1_3	218835
2010-01-01	2011-12-31	H3260_v1_4	218835
2012-01-01	2015-12-31	H3260_v1_5	218835
2016-01-01	2017-12-31	H3260_v1_6	218835
2018-01-01	2018-12-31	H3260_v1_7	218835
1899-01-01	2006-12-31	H3260_v1_0	218836
2007-01-01	2007-12-31	H3260_v1_2	218836
2008-01-01	2009-12-31	H3260_v1_3	218836
2010-01-01	2011-12-31	H3260_v1_4	218836
2012-01-01	2015-12-31	H3260_v1_5	218836
2016-01-01	2017-12-31	H3260_v1_6	218836
2018-01-01	2018-12-31	H3260_v1_7	218836
1899-01-01	2006-12-31	H3260_v1_0	218837
2007-01-01	2007-12-31	H3260_v1_2	218837
2008-01-01	2009-12-31	H3260_v1_3	218837
2010-01-01	2011-12-31	H3260_v1_4	218837
2012-01-01	2015-12-31	H3260_v1_5	218837
2016-01-01	2017-12-31	H3260_v1_6	218837
2018-01-01	2018-12-31	H3260_v1_7	218837
1899-01-01	2006-12-31	H3260_v1_0	218838
2007-01-01	2007-12-31	H3260_v1_2	218838
2008-01-01	2009-12-31	H3260_v1_3	218838
2010-01-01	2011-12-31	H3260_v1_4	218838
2012-01-01	2015-12-31	H3260_v1_5	218838
2016-01-01	2017-12-31	H3260_v1_6	218838
2018-01-01	2018-12-31	H3260_v1_7	218838
1899-01-01	2006-12-31	H3260_v1_0	218839
2007-01-01	2007-12-31	H3260_v1_2	218839
2008-01-01	2009-12-31	H3260_v1_3	218839
2010-01-01	2011-12-31	H3260_v1_4	218839
2012-01-01	2015-12-31	H3260_v1_5	218839
2016-01-01	2017-12-31	H3260_v1_6	218839
2018-01-01	2018-12-31	H3260_v1_7	218839
1899-01-01	2006-12-31	H3260_v1_0	218840
2007-01-01	2007-12-31	H3260_v1_2	218840
2008-01-01	2009-12-31	H3260_v1_3	218840
2010-01-01	2011-12-31	H3260_v1_4	218840
2012-01-01	2015-12-31	H3260_v1_5	218840
2016-01-01	2017-12-31	H3260_v1_6	218840
2018-01-01	2018-12-31	H3260_v1_7	218840
2008-01-01	2009-12-31	H3260_v1_3	219239
2010-01-01	2011-12-31	H3260_v1_4	219239
2012-01-01	2015-12-31	H3260_v1_5	219239
2016-01-01	2017-12-31	H3260_v1_6	219239
2018-01-01	2018-12-31	H3260_v1_7	219239
2008-01-01	2009-12-31	H3260_v1_3	219259
2010-01-01	2011-12-31	H3260_v1_4	219259
2012-01-01	2015-12-31	H3260_v1_5	219259
2016-01-01	2017-12-31	H3260_v1_6	219259
2018-01-01	2018-12-31	H3260_v1_7	219259
2008-01-01	2009-12-31	H3260_v1_3	219260
2010-01-01	2011-12-31	H3260_v1_4	219260
2012-01-01	2015-12-31	H3260_v1_5	219260
2016-01-01	2017-12-31	H3260_v1_6	219260
2018-01-01	2018-12-31	H3260_v1_7	219260
2008-01-01	2009-12-31	H3260_v1_3	219261
2010-01-01	2011-12-31	H3260_v1_4	219261
2012-01-01	2015-12-31	H3260_v1_5	219261
2016-01-01	2017-12-31	H3260_v1_6	219261
2018-01-01	2018-12-31	H3260_v1_7	219261
2008-01-01	2009-12-31	H3260_v1_3	219262
2010-01-01	2011-12-31	H3260_v1_4	219262
2012-01-01	2015-12-31	H3260_v1_5	219262
2016-01-01	2017-12-31	H3260_v1_6	219262
2018-01-01	2018-12-31	H3260_v1_7	219262
2008-01-01	2009-12-31	H3260_v1_3	219263
2010-01-01	2011-12-31	H3260_v1_4	219263
2012-01-01	2015-12-31	H3260_v1_5	219263
2016-01-01	2017-12-31	H3260_v1_6	219263
2018-01-01	2018-12-31	H3260_v1_7	219263
2008-01-01	2009-12-31	H3260_v1_3	219264
2010-01-01	2011-12-31	H3260_v1_4	219264
2012-01-01	2015-12-31	H3260_v1_5	219264
2016-01-01	2017-12-31	H3260_v1_6	219264
2018-01-01	2018-12-31	H3260_v1_7	219264
2008-01-01	2009-12-31	H3260_v1_3	219265
2010-01-01	2011-12-31	H3260_v1_4	219265
2012-01-01	2015-12-31	H3260_v1_5	219265
2016-01-01	2017-12-31	H3260_v1_6	219265
2018-01-01	2018-12-31	H3260_v1_7	219265
2008-01-01	2009-12-31	H3260_v1_3	219266
2010-01-01	2011-12-31	H3260_v1_4	219266
2012-01-01	2015-12-31	H3260_v1_5	219266
2016-01-01	2017-12-31	H3260_v1_6	219266
2018-01-01	2018-12-31	H3260_v1_7	219266
2008-01-01	2009-12-31	H3260_v1_3	219267
2010-01-01	2011-12-31	H3260_v1_4	219267
2012-01-01	2015-12-31	H3260_v1_5	219267
2016-01-01	2017-12-31	H3260_v1_6	219267
2018-01-01	2018-12-31	H3260_v1_7	219267
2008-01-01	2009-12-31	H3260_v1_3	219268
2010-01-01	2011-12-31	H3260_v1_4	219268
2012-01-01	2015-12-31	H3260_v1_5	219268
2016-01-01	2017-12-31	H3260_v1_6	219268
2018-01-01	2018-12-31	H3260_v1_7	219268
2008-01-01	2009-12-31	H3260_v1_3	219269
2010-01-01	2011-12-31	H3260_v1_4	219269
2012-01-01	2015-12-31	H3260_v1_5	219269
2016-01-01	2017-12-31	H3260_v1_6	219269
2018-01-01	2018-12-31	H3260_v1_7	219269
2008-01-01	2009-12-31	H3260_v1_3	219270
2010-01-01	2011-12-31	H3260_v1_4	219270
2012-01-01	2015-12-31	H3260_v1_5	219270
2016-01-01	2017-12-31	H3260_v1_6	219270
2018-01-01	2018-12-31	H3260_v1_7	219270
2008-01-01	2009-12-31	H3260_v1_3	219271
2010-01-01	2011-12-31	H3260_v1_4	219271
2012-01-01	2015-12-31	H3260_v1_5	219271
2016-01-01	2017-12-31	H3260_v1_6	219271
2018-01-01	2018-12-31	H3260_v1_7	219271
2008-01-01	2009-12-31	H3260_v1_3	219272
2010-01-01	2011-12-31	H3260_v1_4	219272
2012-01-01	2015-12-31	H3260_v1_5	219272
2016-01-01	2017-12-31	H3260_v1_6	219272
2018-01-01	2018-12-31	H3260_v1_7	219272
2008-01-01	2009-12-31	H3260_v1_3	219273
2010-01-01	2011-12-31	H3260_v1_4	219273
2012-01-01	2015-12-31	H3260_v1_5	219273
2016-01-01	2017-12-31	H3260_v1_6	219273
2018-01-01	2018-12-31	H3260_v1_7	219273
2008-01-01	2009-12-31	H3260_v1_3	219274
2010-01-01	2011-12-31	H3260_v1_4	219274
2012-01-01	2015-12-31	H3260_v1_5	219274
2016-01-01	2017-12-31	H3260_v1_6	219274
2018-01-01	2018-12-31	H3260_v1_7	219274
2008-01-01	2009-12-31	H3260_v1_3	219275
2010-01-01	2011-12-31	H3260_v1_4	219275
2012-01-01	2015-12-31	H3260_v1_5	219275
2016-01-01	2017-12-31	H3260_v1_6	219275
2018-01-01	2018-12-31	H3260_v1_7	219275
2008-01-01	2009-12-31	H3260_v1_3	219276
2010-01-01	2011-12-31	H3260_v1_4	219276
2012-01-01	2015-12-31	H3260_v1_5	219276
2016-01-01	2017-12-31	H3260_v1_6	219276
2018-01-01	2018-12-31	H3260_v1_7	219276
2008-01-01	2009-12-31	H3260_v1_3	219277
2010-01-01	2011-12-31	H3260_v1_4	219277
2012-01-01	2015-12-31	H3260_v1_5	219277
2016-01-01	2017-12-31	H3260_v1_6	219277
2018-01-01	2018-12-31	H3260_v1_7	219277
2008-01-01	2009-12-31	H3260_v1_3	219278
2010-01-01	2011-12-31	H3260_v1_4	219278
2012-01-01	2015-12-31	H3260_v1_5	219278
2016-01-01	2017-12-31	H3260_v1_6	219278
2018-01-01	2018-12-31	H3260_v1_7	219278
2008-01-01	2009-12-31	H3260_v1_3	219279
2010-01-01	2011-12-31	H3260_v1_4	219279
2012-01-01	2015-12-31	H3260_v1_5	219279
2016-01-01	2017-12-31	H3260_v1_6	219279
2018-01-01	2018-12-31	H3260_v1_7	219279
2008-01-01	2009-12-31	H3260_v1_3	219280
2010-01-01	2011-12-31	H3260_v1_4	219280
2012-01-01	2015-12-31	H3260_v1_5	219280
2016-01-01	2017-12-31	H3260_v1_6	219280
2018-01-01	2018-12-31	H3260_v1_7	219280
2008-01-01	2009-12-31	H3260_v1_3	219281
2010-01-01	2011-12-31	H3260_v1_4	219281
2012-01-01	2015-12-31	H3260_v1_5	219281
2016-01-01	2017-12-31	H3260_v1_6	219281
2018-01-01	2018-12-31	H3260_v1_7	219281
2008-01-01	2009-12-31	H3260_v1_3	219282
2010-01-01	2011-12-31	H3260_v1_4	219282
2012-01-01	2015-12-31	H3260_v1_5	219282
2016-01-01	2017-12-31	H3260_v1_6	219282
2018-01-01	2018-12-31	H3260_v1_7	219282
2008-01-01	2009-12-31	H3260_v1_3	219283
2010-01-01	2011-12-31	H3260_v1_4	219283
2012-01-01	2015-12-31	H3260_v1_5	219283
2016-01-01	2017-12-31	H3260_v1_6	219283
2018-01-01	2018-12-31	H3260_v1_7	219283
2008-01-01	2009-12-31	H3260_v1_3	219284
2010-01-01	2011-12-31	H3260_v1_4	219284
2012-01-01	2015-12-31	H3260_v1_5	219284
2016-01-01	2017-12-31	H3260_v1_6	219284
2018-01-01	2018-12-31	H3260_v1_7	219284
2008-01-01	2009-12-31	H3260_v1_3	219285
2010-01-01	2011-12-31	H3260_v1_4	219285
2012-01-01	2015-12-31	H3260_v1_5	219285
2016-01-01	2017-12-31	H3260_v1_6	219285
2018-01-01	2018-12-31	H3260_v1_7	219285
2008-01-01	2009-12-31	H3260_v1_3	219286
2010-01-01	2011-12-31	H3260_v1_4	219286
2012-01-01	2015-12-31	H3260_v1_5	219286
2016-01-01	2017-12-31	H3260_v1_6	219286
2018-01-01	2018-12-31	H3260_v1_7	219286
2008-01-01	2009-12-31	H3260_v1_3	219287
2010-01-01	2011-12-31	H3260_v1_4	219287
2012-01-01	2015-12-31	H3260_v1_5	219287
2016-01-01	2017-12-31	H3260_v1_6	219287
2018-01-01	2018-12-31	H3260_v1_7	219287
2008-01-01	2009-12-31	H3260_v1_3	219288
2010-01-01	2011-12-31	H3260_v1_4	219288
2012-01-01	2015-12-31	H3260_v1_5	219288
2016-01-01	2017-12-31	H3260_v1_6	219288
2018-01-01	2018-12-31	H3260_v1_7	219288
2008-01-01	2009-12-31	H3260_v1_3	219289
2010-01-01	2011-12-31	H3260_v1_4	219289
2012-01-01	2015-12-31	H3260_v1_5	219289
2016-01-01	2017-12-31	H3260_v1_6	219289
2018-01-01	2018-12-31	H3260_v1_7	219289
2008-01-01	2009-12-31	H3260_v1_3	219290
2010-01-01	2011-12-31	H3260_v1_4	219290
2012-01-01	2015-12-31	H3260_v1_5	219290
2016-01-01	2017-12-31	H3260_v1_6	219290
2018-01-01	2018-12-31	H3260_v1_7	219290
2008-01-01	2009-12-31	H3260_v1_3	219291
2010-01-01	2011-12-31	H3260_v1_4	219291
2012-01-01	2015-12-31	H3260_v1_5	219291
2016-01-01	2017-12-31	H3260_v1_6	219291
2018-01-01	2018-12-31	H3260_v1_7	219291
2008-01-01	2009-12-31	H3260_v1_3	219292
2010-01-01	2011-12-31	H3260_v1_4	219292
2012-01-01	2015-12-31	H3260_v1_5	219292
2016-01-01	2017-12-31	H3260_v1_6	219292
2018-01-01	2018-12-31	H3260_v1_7	219292
2012-01-01	2015-12-31	H3260_v1_5	219586
2012-01-01	2015-12-31	H3260_v1_5	219587
2018-01-01	2018-12-31	H3260_v1_7	220151
2018-01-01	2018-12-31	H3260_v1_7	220152
1899-01-01	2006-12-31	H3260_v1_0	221003
2007-01-01	2007-12-31	H3260_v1_2	221003
2008-01-01	2009-12-31	H3260_v1_3	221003
2010-01-01	2011-12-31	H3260_v1_4	221003
2012-01-01	2015-12-31	H3260_v1_5	221003
2016-01-01	2017-12-31	H3260_v1_6	221003
2018-01-01	2018-12-31	H3260_v1_7	221003
1899-01-01	2006-12-31	H3260_v1_0	221004
2007-01-01	2007-12-31	H3260_v1_2	221004
2008-01-01	2009-12-31	H3260_v1_3	221004
2010-01-01	2011-12-31	H3260_v1_4	221004
2012-01-01	2015-12-31	H3260_v1_5	221004
2016-01-01	2017-12-31	H3260_v1_6	221004
2018-01-01	2018-12-31	H3260_v1_7	221004
2008-01-01	2009-12-31	H3260_v1_3	221107
2010-01-01	2011-12-31	H3260_v1_4	221107
2012-01-01	2015-12-31	H3260_v1_5	221107
2016-01-01	2017-12-31	H3260_v1_6	221107
2018-01-01	2018-12-31	H3260_v1_7	221107
2012-01-01	2015-12-31	H3260_v1_5	221115
2018-01-01	2018-12-31	H3260_v1_7	221115
2012-01-01	2015-12-31	H3260_v1_5	221116
2018-01-01	2018-12-31	H3260_v1_7	221116
2018-01-01	2018-12-31	H3260_v1_7	221117
2018-01-01	2018-12-31	H3260_v1_7	221118
2018-01-01	2018-12-31	H3260_v1_7	221119
2018-01-01	2018-12-31	H3260_v1_7	221120
2018-01-01	2018-12-31	H3260_v1_7	221121
2018-01-01	2018-12-31	H3260_v1_7	221122
2018-01-01	2018-12-31	H3260_v1_7	221123
2018-01-01	2018-12-31	H3260_v1_7	221124
2018-01-01	2018-12-31	H3260_v1_7	221125
2018-01-01	2018-12-31	H3260_v1_7	221126
2012-01-01	2015-12-31	H3260_v1_5	223523
2018-01-01	2018-12-31	H3260_v1_7	223523
2012-01-01	2015-12-31	H3260_v1_5	223524
2018-01-01	2018-12-31	H3260_v1_7	223524
2010-01-01	2011-12-31	H3260_v1_4	224666
2016-01-01	2017-12-31	H3260_v1_6	224666
2010-01-01	2011-12-31	H3260_v1_4	224667
2016-01-01	2017-12-31	H3260_v1_6	224667
2010-01-01	2011-12-31	H3260_v1_4	224769
2016-01-01	2017-12-31	H3260_v1_6	224769
2010-01-01	2011-12-31	H3260_v1_4	224770
2016-01-01	2017-12-31	H3260_v1_6	224770
2007-01-01	2007-12-31	H3260_v1_2	224806
2008-01-01	2009-12-31	H3260_v1_3	224806
2010-01-01	2011-12-31	H3260_v1_4	224806
2012-01-01	2015-12-31	H3260_v1_5	224806
2016-01-01	2017-12-31	H3260_v1_6	224806
2018-01-01	2018-12-31	H3260_v1_7	224806
2007-01-01	2007-12-31	H3260_v1_2	224807
2008-01-01	2009-12-31	H3260_v1_3	224807
2010-01-01	2011-12-31	H3260_v1_4	224807
2012-01-01	2015-12-31	H3260_v1_5	224807
2016-01-01	2017-12-31	H3260_v1_6	224807
2018-01-01	2018-12-31	H3260_v1_7	224807
2007-01-01	2007-12-31	H3260_v1_2	224808
2008-01-01	2009-12-31	H3260_v1_3	224808
2010-01-01	2011-12-31	H3260_v1_4	224808
2012-01-01	2015-12-31	H3260_v1_5	224808
2016-01-01	2017-12-31	H3260_v1_6	224808
2018-01-01	2018-12-31	H3260_v1_7	224808
2007-01-01	2007-12-31	H3260_v1_2	224809
2008-01-01	2009-12-31	H3260_v1_3	224809
2010-01-01	2011-12-31	H3260_v1_4	224809
2012-01-01	2015-12-31	H3260_v1_5	224809
2016-01-01	2017-12-31	H3260_v1_6	224809
2018-01-01	2018-12-31	H3260_v1_7	224809
2007-01-01	2007-12-31	H3260_v1_2	224810
2008-01-01	2009-12-31	H3260_v1_3	224810
2010-01-01	2011-12-31	H3260_v1_4	224810
2012-01-01	2015-12-31	H3260_v1_5	224810
2016-01-01	2017-12-31	H3260_v1_6	224810
2018-01-01	2018-12-31	H3260_v1_7	224810
2007-01-01	2007-12-31	H3260_v1_2	224811
2008-01-01	2009-12-31	H3260_v1_3	224811
2010-01-01	2011-12-31	H3260_v1_4	224811
2012-01-01	2015-12-31	H3260_v1_5	224811
2016-01-01	2017-12-31	H3260_v1_6	224811
2018-01-01	2018-12-31	H3260_v1_7	224811
1899-01-01	2006-12-31	H3260_v1_0	224812
2007-01-01	2007-12-31	H3260_v1_2	224812
2008-01-01	2009-12-31	H3260_v1_3	224812
2010-01-01	2011-12-31	H3260_v1_4	224812
2012-01-01	2015-12-31	H3260_v1_5	224812
2016-01-01	2017-12-31	H3260_v1_6	224812
2018-01-01	2018-12-31	H3260_v1_7	224812
1899-01-01	2006-12-31	H3260_v1_0	224813
2007-01-01	2007-12-31	H3260_v1_2	224813
2008-01-01	2009-12-31	H3260_v1_3	224813
2010-01-01	2011-12-31	H3260_v1_4	224813
2012-01-01	2015-12-31	H3260_v1_5	224813
2016-01-01	2017-12-31	H3260_v1_6	224813
2018-01-01	2018-12-31	H3260_v1_7	224813
1899-01-01	2006-12-31	H3260_v1_0	224814
2007-01-01	2007-12-31	H3260_v1_2	224814
2008-01-01	2009-12-31	H3260_v1_3	224814
2010-01-01	2011-12-31	H3260_v1_4	224814
2012-01-01	2015-12-31	H3260_v1_5	224814
2016-01-01	2017-12-31	H3260_v1_6	224814
2018-01-01	2018-12-31	H3260_v1_7	224814
1899-01-01	2006-12-31	H3260_v1_0	224815
2007-01-01	2007-12-31	H3260_v1_2	224815
2008-01-01	2009-12-31	H3260_v1_3	224815
2010-01-01	2011-12-31	H3260_v1_4	224815
2012-01-01	2015-12-31	H3260_v1_5	224815
2016-01-01	2017-12-31	H3260_v1_6	224815
2018-01-01	2018-12-31	H3260_v1_7	224815
1899-01-01	2006-12-31	H3260_v1_0	224816
2007-01-01	2007-12-31	H3260_v1_2	224816
2008-01-01	2009-12-31	H3260_v1_3	224816
2010-01-01	2011-12-31	H3260_v1_4	224816
2012-01-01	2015-12-31	H3260_v1_5	224816
2016-01-01	2017-12-31	H3260_v1_6	224816
2018-01-01	2018-12-31	H3260_v1_7	224816
1899-01-01	2006-12-31	H3260_v1_0	224817
2007-01-01	2007-12-31	H3260_v1_2	224817
2008-01-01	2009-12-31	H3260_v1_3	224817
2010-01-01	2011-12-31	H3260_v1_4	224817
2012-01-01	2015-12-31	H3260_v1_5	224817
2016-01-01	2017-12-31	H3260_v1_6	224817
2018-01-01	2018-12-31	H3260_v1_7	224817
1899-01-01	2006-12-31	H3260_v1_0	224818
2007-01-01	2007-12-31	H3260_v1_2	224818
2008-01-01	2009-12-31	H3260_v1_3	224818
2010-01-01	2011-12-31	H3260_v1_4	224818
2012-01-01	2015-12-31	H3260_v1_5	224818
2016-01-01	2017-12-31	H3260_v1_6	224818
2018-01-01	2018-12-31	H3260_v1_7	224818
2007-01-01	2007-12-31	H3260_v1_2	224819
2008-01-01	2009-12-31	H3260_v1_3	224819
2010-01-01	2011-12-31	H3260_v1_4	224819
2012-01-01	2015-12-31	H3260_v1_5	224819
2016-01-01	2017-12-31	H3260_v1_6	224819
2018-01-01	2018-12-31	H3260_v1_7	224819
2007-01-01	2007-12-31	H3260_v1_2	224820
2008-01-01	2009-12-31	H3260_v1_3	224820
2010-01-01	2011-12-31	H3260_v1_4	224820
2012-01-01	2015-12-31	H3260_v1_5	224820
2016-01-01	2017-12-31	H3260_v1_6	224820
2018-01-01	2018-12-31	H3260_v1_7	224820
2007-01-01	2007-12-31	H3260_v1_2	224821
2008-01-01	2009-12-31	H3260_v1_3	224821
2010-01-01	2011-12-31	H3260_v1_4	224821
2012-01-01	2015-12-31	H3260_v1_5	224821
2016-01-01	2017-12-31	H3260_v1_6	224821
2018-01-01	2018-12-31	H3260_v1_7	224821
2007-01-01	2007-12-31	H3260_v1_2	224822
2008-01-01	2009-12-31	H3260_v1_3	224822
2010-01-01	2011-12-31	H3260_v1_4	224822
2012-01-01	2015-12-31	H3260_v1_5	224822
2016-01-01	2017-12-31	H3260_v1_6	224822
2018-01-01	2018-12-31	H3260_v1_7	224822
2007-01-01	2007-12-31	H3260_v1_2	224823
2008-01-01	2009-12-31	H3260_v1_3	224823
2010-01-01	2011-12-31	H3260_v1_4	224823
2012-01-01	2015-12-31	H3260_v1_5	224823
2016-01-01	2017-12-31	H3260_v1_6	224823
2018-01-01	2018-12-31	H3260_v1_7	224823
2007-01-01	2007-12-31	H3260_v1_2	224824
2008-01-01	2009-12-31	H3260_v1_3	224824
2010-01-01	2011-12-31	H3260_v1_4	224824
2012-01-01	2015-12-31	H3260_v1_5	224824
2016-01-01	2017-12-31	H3260_v1_6	224824
2018-01-01	2018-12-31	H3260_v1_7	224824
2007-01-01	2007-12-31	H3260_v1_2	224825
2008-01-01	2009-12-31	H3260_v1_3	224825
2010-01-01	2011-12-31	H3260_v1_4	224825
2012-01-01	2015-12-31	H3260_v1_5	224825
2016-01-01	2017-12-31	H3260_v1_6	224825
2018-01-01	2018-12-31	H3260_v1_7	224825
2007-01-01	2007-12-31	H3260_v1_2	224826
2008-01-01	2009-12-31	H3260_v1_3	224826
2010-01-01	2011-12-31	H3260_v1_4	224826
2012-01-01	2015-12-31	H3260_v1_5	224826
2016-01-01	2017-12-31	H3260_v1_6	224826
2007-01-01	2007-12-31	H3260_v1_2	224827
2008-01-01	2009-12-31	H3260_v1_3	224827
2010-01-01	2011-12-31	H3260_v1_4	224827
2016-01-01	2017-12-31	H3260_v1_6	224827
2007-01-01	2007-12-31	H3260_v1_2	224843
2008-01-01	2009-12-31	H3260_v1_3	224843
2010-01-01	2011-12-31	H3260_v1_4	224843
2016-01-01	2017-12-31	H3260_v1_6	224843
2010-01-01	2011-12-31	H3260_v1_4	224876
2016-01-01	2017-12-31	H3260_v1_6	224876
2010-01-01	2011-12-31	H3260_v1_4	224877
2016-01-01	2017-12-31	H3260_v1_6	224877
2007-01-01	2007-12-31	H3260_v1_2	224907
2008-01-01	2009-12-31	H3260_v1_3	224907
2010-01-01	2011-12-31	H3260_v1_4	224907
2016-01-01	2017-12-31	H3260_v1_6	224907
2007-01-01	2007-12-31	H3260_v1_2	224908
2008-01-01	2009-12-31	H3260_v1_3	224908
2010-01-01	2011-12-31	H3260_v1_4	224908
2016-01-01	2017-12-31	H3260_v1_6	224908
2007-01-01	2007-12-31	H3260_v1_2	224909
2008-01-01	2009-12-31	H3260_v1_3	224909
2010-01-01	2011-12-31	H3260_v1_4	224909
2016-01-01	2017-12-31	H3260_v1_6	224909
2007-01-01	2007-12-31	H3260_v1_2	224910
2008-01-01	2009-12-31	H3260_v1_3	224910
2010-01-01	2011-12-31	H3260_v1_4	224910
2016-01-01	2017-12-31	H3260_v1_6	224910
1899-01-01	2006-12-31	H3260_v1_0	224911
2007-01-01	2007-12-31	H3260_v1_2	224911
2008-01-01	2009-12-31	H3260_v1_3	224911
2010-01-01	2011-12-31	H3260_v1_4	224911
2016-01-01	2017-12-31	H3260_v1_6	224911
1899-01-01	2006-12-31	H3260_v1_0	224912
2007-01-01	2007-12-31	H3260_v1_2	224912
2008-01-01	2009-12-31	H3260_v1_3	224912
2010-01-01	2011-12-31	H3260_v1_4	224912
2016-01-01	2017-12-31	H3260_v1_6	224912
1899-01-01	2006-12-31	H3260_v1_0	224913
2007-01-01	2007-12-31	H3260_v1_2	224913
2008-01-01	2009-12-31	H3260_v1_3	224913
2010-01-01	2011-12-31	H3260_v1_4	224913
2016-01-01	2017-12-31	H3260_v1_6	224913
2007-01-01	2007-12-31	H3260_v1_2	224914
2008-01-01	2009-12-31	H3260_v1_3	224914
2010-01-01	2011-12-31	H3260_v1_4	224914
2016-01-01	2017-12-31	H3260_v1_6	224914
2007-01-01	2007-12-31	H3260_v1_2	224915
2008-01-01	2009-12-31	H3260_v1_3	224915
2010-01-01	2011-12-31	H3260_v1_4	224915
2016-01-01	2017-12-31	H3260_v1_6	224915
2007-01-01	2007-12-31	H3260_v1_2	224916
2008-01-01	2009-12-31	H3260_v1_3	224916
2010-01-01	2011-12-31	H3260_v1_4	224916
2016-01-01	2017-12-31	H3260_v1_6	224916
2007-01-01	2007-12-31	H3260_v1_2	224917
2008-01-01	2009-12-31	H3260_v1_3	224917
2010-01-01	2011-12-31	H3260_v1_4	224917
2012-01-01	2015-12-31	H3260_v1_5	224917
2016-01-01	2017-12-31	H3260_v1_6	224917
2018-01-01	2018-12-31	H3260_v1_7	224917
2012-01-01	2015-12-31	H3260_v1_5	224918
2018-01-01	2018-12-31	H3260_v1_7	224918
2012-01-01	2015-12-31	H3260_v1_5	224919
2018-01-01	2018-12-31	H3260_v1_7	224919
2012-01-01	2015-12-31	H3260_v1_5	224920
2018-01-01	2018-12-31	H3260_v1_7	224920
2012-01-01	2015-12-31	H3260_v1_5	224921
2018-01-01	2018-12-31	H3260_v1_7	224921
2012-01-01	2015-12-31	H3260_v1_5	224922
2018-01-01	2018-12-31	H3260_v1_7	224922
2012-01-01	2015-12-31	H3260_v1_5	224923
2018-01-01	2018-12-31	H3260_v1_7	224923
2007-01-01	2007-12-31	H3260_v1_2	224924
2008-01-01	2009-12-31	H3260_v1_3	224924
2010-01-01	2011-12-31	H3260_v1_4	224924
2012-01-01	2015-12-31	H3260_v1_5	224924
2016-01-01	2017-12-31	H3260_v1_6	224924
2018-01-01	2018-12-31	H3260_v1_7	224924
2007-01-01	2007-12-31	H3260_v1_2	224925
2008-01-01	2009-12-31	H3260_v1_3	224925
2010-01-01	2011-12-31	H3260_v1_4	224925
2012-01-01	2015-12-31	H3260_v1_5	224925
2016-01-01	2017-12-31	H3260_v1_6	224925
2018-01-01	2018-12-31	H3260_v1_7	224925
2007-01-01	2007-12-31	H3260_v1_2	224926
2008-01-01	2009-12-31	H3260_v1_3	224926
2010-01-01	2011-12-31	H3260_v1_4	224926
2012-01-01	2015-12-31	H3260_v1_5	224926
2016-01-01	2017-12-31	H3260_v1_6	224926
2018-01-01	2018-12-31	H3260_v1_7	224926
2007-01-01	2007-12-31	H3260_v1_2	224927
2008-01-01	2009-12-31	H3260_v1_3	224927
2010-01-01	2011-12-31	H3260_v1_4	224927
2012-01-01	2015-12-31	H3260_v1_5	224927
2016-01-01	2017-12-31	H3260_v1_6	224927
2018-01-01	2018-12-31	H3260_v1_7	224927
2007-01-01	2007-12-31	H3260_v1_2	224928
2008-01-01	2009-12-31	H3260_v1_3	224928
2010-01-01	2011-12-31	H3260_v1_4	224928
2012-01-01	2015-12-31	H3260_v1_5	224928
2016-01-01	2017-12-31	H3260_v1_6	224928
2018-01-01	2018-12-31	H3260_v1_7	224928
2007-01-01	2007-12-31	H3260_v1_2	224929
2008-01-01	2009-12-31	H3260_v1_3	224929
2010-01-01	2011-12-31	H3260_v1_4	224929
2012-01-01	2015-12-31	H3260_v1_5	224929
2016-01-01	2017-12-31	H3260_v1_6	224929
2018-01-01	2018-12-31	H3260_v1_7	224929
1899-01-01	2006-12-31	H3260_v1_0	224930
2007-01-01	2007-12-31	H3260_v1_2	224930
2008-01-01	2009-12-31	H3260_v1_3	224930
2010-01-01	2011-12-31	H3260_v1_4	224930
2012-01-01	2015-12-31	H3260_v1_5	224930
2016-01-01	2017-12-31	H3260_v1_6	224930
2018-01-01	2018-12-31	H3260_v1_7	224930
1899-01-01	2006-12-31	H3260_v1_0	224931
2007-01-01	2007-12-31	H3260_v1_2	224931
2008-01-01	2009-12-31	H3260_v1_3	224931
2010-01-01	2011-12-31	H3260_v1_4	224931
2012-01-01	2015-12-31	H3260_v1_5	224931
2016-01-01	2017-12-31	H3260_v1_6	224931
2018-01-01	2018-12-31	H3260_v1_7	224931
1899-01-01	2006-12-31	H3260_v1_0	224932
2007-01-01	2007-12-31	H3260_v1_2	224932
2008-01-01	2009-12-31	H3260_v1_3	224932
2010-01-01	2011-12-31	H3260_v1_4	224932
2012-01-01	2015-12-31	H3260_v1_5	224932
2016-01-01	2017-12-31	H3260_v1_6	224932
2018-01-01	2018-12-31	H3260_v1_7	224932
1899-01-01	2006-12-31	H3260_v1_0	224933
2007-01-01	2007-12-31	H3260_v1_2	224933
2008-01-01	2009-12-31	H3260_v1_3	224933
2010-01-01	2011-12-31	H3260_v1_4	224933
2012-01-01	2015-12-31	H3260_v1_5	224933
2016-01-01	2017-12-31	H3260_v1_6	224933
2018-01-01	2018-12-31	H3260_v1_7	224933
1899-01-01	2006-12-31	H3260_v1_0	224934
2007-01-01	2007-12-31	H3260_v1_2	224934
2008-01-01	2009-12-31	H3260_v1_3	224934
2010-01-01	2011-12-31	H3260_v1_4	224934
2012-01-01	2015-12-31	H3260_v1_5	224934
2016-01-01	2017-12-31	H3260_v1_6	224934
2018-01-01	2018-12-31	H3260_v1_7	224934
1899-01-01	2006-12-31	H3260_v1_0	224935
2007-01-01	2007-12-31	H3260_v1_2	224935
2008-01-01	2009-12-31	H3260_v1_3	224935
2010-01-01	2011-12-31	H3260_v1_4	224935
2012-01-01	2015-12-31	H3260_v1_5	224935
2016-01-01	2017-12-31	H3260_v1_6	224935
2018-01-01	2018-12-31	H3260_v1_7	224935
1899-01-01	2006-12-31	H3260_v1_0	224936
2007-01-01	2007-12-31	H3260_v1_2	224936
2008-01-01	2009-12-31	H3260_v1_3	224936
2010-01-01	2011-12-31	H3260_v1_4	224936
2012-01-01	2015-12-31	H3260_v1_5	224936
2016-01-01	2017-12-31	H3260_v1_6	224936
2018-01-01	2018-12-31	H3260_v1_7	224936
1899-01-01	2006-12-31	H3260_v1_0	224937
2007-01-01	2007-12-31	H3260_v1_2	224937
2008-01-01	2009-12-31	H3260_v1_3	224937
2010-01-01	2011-12-31	H3260_v1_4	224937
2012-01-01	2015-12-31	H3260_v1_5	224937
2016-01-01	2017-12-31	H3260_v1_6	224937
2018-01-01	2018-12-31	H3260_v1_7	224937
1899-01-01	2006-12-31	H3260_v1_0	224938
2007-01-01	2007-12-31	H3260_v1_2	224938
2008-01-01	2009-12-31	H3260_v1_3	224938
2010-01-01	2011-12-31	H3260_v1_4	224938
2012-01-01	2015-12-31	H3260_v1_5	224938
2016-01-01	2017-12-31	H3260_v1_6	224938
2018-01-01	2018-12-31	H3260_v1_7	224938
1899-01-01	2006-12-31	H3260_v1_0	224939
2007-01-01	2007-12-31	H3260_v1_2	224939
2008-01-01	2009-12-31	H3260_v1_3	224939
2010-01-01	2011-12-31	H3260_v1_4	224939
2012-01-01	2015-12-31	H3260_v1_5	224939
2016-01-01	2017-12-31	H3260_v1_6	224939
2018-01-01	2018-12-31	H3260_v1_7	224939
1899-01-01	2006-12-31	H3260_v1_0	224940
2007-01-01	2007-12-31	H3260_v1_2	224940
2008-01-01	2009-12-31	H3260_v1_3	224940
2010-01-01	2011-12-31	H3260_v1_4	224940
2012-01-01	2015-12-31	H3260_v1_5	224940
2016-01-01	2017-12-31	H3260_v1_6	224940
2018-01-01	2018-12-31	H3260_v1_7	224940
1899-01-01	2006-12-31	H3260_v1_0	224941
2007-01-01	2007-12-31	H3260_v1_2	224941
2008-01-01	2009-12-31	H3260_v1_3	224941
2010-01-01	2011-12-31	H3260_v1_4	224941
2012-01-01	2015-12-31	H3260_v1_5	224941
2016-01-01	2017-12-31	H3260_v1_6	224941
2018-01-01	2018-12-31	H3260_v1_7	224941
1899-01-01	2006-12-31	H3260_v1_0	224942
2007-01-01	2007-12-31	H3260_v1_2	224942
2008-01-01	2009-12-31	H3260_v1_3	224942
2010-01-01	2011-12-31	H3260_v1_4	224942
2012-01-01	2015-12-31	H3260_v1_5	224942
2016-01-01	2017-12-31	H3260_v1_6	224942
2018-01-01	2018-12-31	H3260_v1_7	224942
1899-01-01	2006-12-31	H3260_v1_0	224943
2007-01-01	2007-12-31	H3260_v1_2	224943
2008-01-01	2009-12-31	H3260_v1_3	224943
2010-01-01	2011-12-31	H3260_v1_4	224943
2012-01-01	2015-12-31	H3260_v1_5	224943
2016-01-01	2017-12-31	H3260_v1_6	224943
2018-01-01	2018-12-31	H3260_v1_7	224943
1899-01-01	2006-12-31	H3260_v1_0	224944
2007-01-01	2007-12-31	H3260_v1_2	224944
2008-01-01	2009-12-31	H3260_v1_3	224944
2010-01-01	2011-12-31	H3260_v1_4	224944
2012-01-01	2015-12-31	H3260_v1_5	224944
2016-01-01	2017-12-31	H3260_v1_6	224944
2018-01-01	2018-12-31	H3260_v1_7	224944
1899-01-01	2006-12-31	H3260_v1_0	224945
2007-01-01	2007-12-31	H3260_v1_2	224945
2008-01-01	2009-12-31	H3260_v1_3	224945
2010-01-01	2011-12-31	H3260_v1_4	224945
2012-01-01	2015-12-31	H3260_v1_5	224945
2016-01-01	2017-12-31	H3260_v1_6	224945
2018-01-01	2018-12-31	H3260_v1_7	224945
1899-01-01	2006-12-31	H3260_v1_0	224946
2007-01-01	2007-12-31	H3260_v1_2	224946
2008-01-01	2009-12-31	H3260_v1_3	224946
2010-01-01	2011-12-31	H3260_v1_4	224946
2012-01-01	2015-12-31	H3260_v1_5	224946
2016-01-01	2017-12-31	H3260_v1_6	224946
2018-01-01	2018-12-31	H3260_v1_7	224946
1899-01-01	2006-12-31	H3260_v1_0	224947
2007-01-01	2007-12-31	H3260_v1_2	224947
2008-01-01	2009-12-31	H3260_v1_3	224947
2010-01-01	2011-12-31	H3260_v1_4	224947
2012-01-01	2015-12-31	H3260_v1_5	224947
2016-01-01	2017-12-31	H3260_v1_6	224947
2018-01-01	2018-12-31	H3260_v1_7	224947
1899-01-01	2006-12-31	H3260_v1_0	224948
2007-01-01	2007-12-31	H3260_v1_2	224948
2008-01-01	2009-12-31	H3260_v1_3	224948
2010-01-01	2011-12-31	H3260_v1_4	224948
2012-01-01	2015-12-31	H3260_v1_5	224948
2016-01-01	2017-12-31	H3260_v1_6	224948
2018-01-01	2018-12-31	H3260_v1_7	224948
1899-01-01	2006-12-31	H3260_v1_0	224949
2007-01-01	2007-12-31	H3260_v1_2	224949
2008-01-01	2009-12-31	H3260_v1_3	224949
2010-01-01	2011-12-31	H3260_v1_4	224949
2012-01-01	2015-12-31	H3260_v1_5	224949
2016-01-01	2017-12-31	H3260_v1_6	224949
2018-01-01	2018-12-31	H3260_v1_7	224949
1899-01-01	2006-12-31	H3260_v1_0	224950
2007-01-01	2007-12-31	H3260_v1_2	224950
2008-01-01	2009-12-31	H3260_v1_3	224950
2010-01-01	2011-12-31	H3260_v1_4	224950
2012-01-01	2015-12-31	H3260_v1_5	224950
2016-01-01	2017-12-31	H3260_v1_6	224950
2018-01-01	2018-12-31	H3260_v1_7	224950
1899-01-01	2006-12-31	H3260_v1_0	224951
2007-01-01	2007-12-31	H3260_v1_2	224951
2008-01-01	2009-12-31	H3260_v1_3	224951
2010-01-01	2011-12-31	H3260_v1_4	224951
2012-01-01	2015-12-31	H3260_v1_5	224951
2016-01-01	2017-12-31	H3260_v1_6	224951
2018-01-01	2018-12-31	H3260_v1_7	224951
1899-01-01	2006-12-31	H3260_v1_0	224952
2007-01-01	2007-12-31	H3260_v1_2	224952
2008-01-01	2009-12-31	H3260_v1_3	224952
2010-01-01	2011-12-31	H3260_v1_4	224952
2012-01-01	2015-12-31	H3260_v1_5	224952
2016-01-01	2017-12-31	H3260_v1_6	224952
1899-01-01	2006-12-31	H3260_v1_0	224953
2007-01-01	2007-12-31	H3260_v1_2	224953
2008-01-01	2009-12-31	H3260_v1_3	224953
2010-01-01	2011-12-31	H3260_v1_4	224953
2012-01-01	2015-12-31	H3260_v1_5	224953
2016-01-01	2017-12-31	H3260_v1_6	224953
1899-01-01	2006-12-31	H3260_v1_0	224954
2007-01-01	2007-12-31	H3260_v1_2	224954
2008-01-01	2009-12-31	H3260_v1_3	224954
2010-01-01	2011-12-31	H3260_v1_4	224954
2012-01-01	2015-12-31	H3260_v1_5	224954
2016-01-01	2017-12-31	H3260_v1_6	224954
1899-01-01	2006-12-31	H3260_v1_0	224955
2007-01-01	2007-12-31	H3260_v1_2	224955
2008-01-01	2009-12-31	H3260_v1_3	224955
2010-01-01	2011-12-31	H3260_v1_4	224955
2012-01-01	2015-12-31	H3260_v1_5	224955
2016-01-01	2017-12-31	H3260_v1_6	224955
1899-01-01	2006-12-31	H3260_v1_0	224956
2007-01-01	2007-12-31	H3260_v1_2	224956
2008-01-01	2009-12-31	H3260_v1_3	224956
2010-01-01	2011-12-31	H3260_v1_4	224956
2012-01-01	2015-12-31	H3260_v1_5	224956
2016-01-01	2017-12-31	H3260_v1_6	224956
1899-01-01	2006-12-31	H3260_v1_0	224957
2007-01-01	2007-12-31	H3260_v1_2	224957
2008-01-01	2009-12-31	H3260_v1_3	224957
2010-01-01	2011-12-31	H3260_v1_4	224957
2012-01-01	2015-12-31	H3260_v1_5	224957
2016-01-01	2017-12-31	H3260_v1_6	224957
1899-01-01	2006-12-31	H3260_v1_0	224958
2007-01-01	2007-12-31	H3260_v1_2	224958
2008-01-01	2009-12-31	H3260_v1_3	224958
2010-01-01	2011-12-31	H3260_v1_4	224958
2012-01-01	2015-12-31	H3260_v1_5	224958
2016-01-01	2017-12-31	H3260_v1_6	224958
1899-01-01	2006-12-31	H3260_v1_0	224959
2007-01-01	2007-12-31	H3260_v1_2	224959
2008-01-01	2009-12-31	H3260_v1_3	224959
2010-01-01	2011-12-31	H3260_v1_4	224959
2012-01-01	2015-12-31	H3260_v1_5	224959
2016-01-01	2017-12-31	H3260_v1_6	224959
1899-01-01	2006-12-31	H3260_v1_0	224960
2007-01-01	2007-12-31	H3260_v1_2	224960
2008-01-01	2009-12-31	H3260_v1_3	224960
2010-01-01	2011-12-31	H3260_v1_4	224960
2012-01-01	2015-12-31	H3260_v1_5	224960
2016-01-01	2017-12-31	H3260_v1_6	224960
1899-01-01	2006-12-31	H3260_v1_0	224961
2007-01-01	2007-12-31	H3260_v1_2	224961
2008-01-01	2009-12-31	H3260_v1_3	224961
2010-01-01	2011-12-31	H3260_v1_4	224961
2012-01-01	2015-12-31	H3260_v1_5	224961
2016-01-01	2017-12-31	H3260_v1_6	224961
1899-01-01	2006-12-31	H3260_v1_0	224962
2007-01-01	2007-12-31	H3260_v1_2	224962
2008-01-01	2009-12-31	H3260_v1_3	224962
2010-01-01	2011-12-31	H3260_v1_4	224962
2012-01-01	2015-12-31	H3260_v1_5	224962
2016-01-01	2017-12-31	H3260_v1_6	224962
1899-01-01	2006-12-31	H3260_v1_0	224963
2007-01-01	2007-12-31	H3260_v1_2	224963
2008-01-01	2009-12-31	H3260_v1_3	224963
2010-01-01	2011-12-31	H3260_v1_4	224963
2012-01-01	2015-12-31	H3260_v1_5	224963
2016-01-01	2017-12-31	H3260_v1_6	224963
1899-01-01	2006-12-31	H3260_v1_0	224964
2007-01-01	2007-12-31	H3260_v1_2	224964
2008-01-01	2009-12-31	H3260_v1_3	224964
2010-01-01	2011-12-31	H3260_v1_4	224964
2012-01-01	2015-12-31	H3260_v1_5	224964
2016-01-01	2017-12-31	H3260_v1_6	224964
1899-01-01	2006-12-31	H3260_v1_0	224965
2007-01-01	2007-12-31	H3260_v1_2	224965
2008-01-01	2009-12-31	H3260_v1_3	224965
2010-01-01	2011-12-31	H3260_v1_4	224965
2012-01-01	2015-12-31	H3260_v1_5	224965
2016-01-01	2017-12-31	H3260_v1_6	224965
1899-01-01	2006-12-31	H3260_v1_0	224966
2007-01-01	2007-12-31	H3260_v1_2	224966
2008-01-01	2009-12-31	H3260_v1_3	224966
2010-01-01	2011-12-31	H3260_v1_4	224966
2012-01-01	2015-12-31	H3260_v1_5	224966
2016-01-01	2017-12-31	H3260_v1_6	224966
1899-01-01	2006-12-31	H3260_v1_0	224967
2007-01-01	2007-12-31	H3260_v1_2	224967
2008-01-01	2009-12-31	H3260_v1_3	224967
2010-01-01	2011-12-31	H3260_v1_4	224967
2012-01-01	2015-12-31	H3260_v1_5	224967
2016-01-01	2017-12-31	H3260_v1_6	224967
1899-01-01	2006-12-31	H3260_v1_0	224968
2007-01-01	2007-12-31	H3260_v1_2	224968
2008-01-01	2009-12-31	H3260_v1_3	224968
2010-01-01	2011-12-31	H3260_v1_4	224968
2012-01-01	2015-12-31	H3260_v1_5	224968
2016-01-01	2017-12-31	H3260_v1_6	224968
1899-01-01	2006-12-31	H3260_v1_0	224969
2007-01-01	2007-12-31	H3260_v1_2	224969
2008-01-01	2009-12-31	H3260_v1_3	224969
2010-01-01	2011-12-31	H3260_v1_4	224969
2012-01-01	2015-12-31	H3260_v1_5	224969
2016-01-01	2017-12-31	H3260_v1_6	224969
1899-01-01	2006-12-31	H3260_v1_0	224970
2007-01-01	2007-12-31	H3260_v1_2	224970
2008-01-01	2009-12-31	H3260_v1_3	224970
2010-01-01	2011-12-31	H3260_v1_4	224970
2012-01-01	2015-12-31	H3260_v1_5	224970
2016-01-01	2017-12-31	H3260_v1_6	224970
1899-01-01	2006-12-31	H3260_v1_0	224971
2007-01-01	2007-12-31	H3260_v1_2	224971
2008-01-01	2009-12-31	H3260_v1_3	224971
2010-01-01	2011-12-31	H3260_v1_4	224971
2012-01-01	2015-12-31	H3260_v1_5	224971
2016-01-01	2017-12-31	H3260_v1_6	224971
1899-01-01	2006-12-31	H3260_v1_0	224972
2007-01-01	2007-12-31	H3260_v1_2	224972
2008-01-01	2009-12-31	H3260_v1_3	224972
2010-01-01	2011-12-31	H3260_v1_4	224972
2012-01-01	2015-12-31	H3260_v1_5	224972
2016-01-01	2017-12-31	H3260_v1_6	224972
1899-01-01	2006-12-31	H3260_v1_0	224973
2007-01-01	2007-12-31	H3260_v1_2	224973
2008-01-01	2009-12-31	H3260_v1_3	224973
2010-01-01	2011-12-31	H3260_v1_4	224973
2012-01-01	2015-12-31	H3260_v1_5	224973
2016-01-01	2017-12-31	H3260_v1_6	224973
1899-01-01	2006-12-31	H3260_v1_0	224974
2007-01-01	2007-12-31	H3260_v1_2	224974
2008-01-01	2009-12-31	H3260_v1_3	224974
2010-01-01	2011-12-31	H3260_v1_4	224974
2012-01-01	2015-12-31	H3260_v1_5	224974
2016-01-01	2017-12-31	H3260_v1_6	224974
1899-01-01	2006-12-31	H3260_v1_0	224975
2007-01-01	2007-12-31	H3260_v1_2	224975
2008-01-01	2009-12-31	H3260_v1_3	224975
2010-01-01	2011-12-31	H3260_v1_4	224975
2012-01-01	2015-12-31	H3260_v1_5	224975
2016-01-01	2017-12-31	H3260_v1_6	224975
1899-01-01	2006-12-31	H3260_v1_0	224976
2007-01-01	2007-12-31	H3260_v1_2	224976
2008-01-01	2009-12-31	H3260_v1_3	224976
2010-01-01	2011-12-31	H3260_v1_4	224976
2012-01-01	2015-12-31	H3260_v1_5	224976
2016-01-01	2017-12-31	H3260_v1_6	224976
1899-01-01	2006-12-31	H3260_v1_0	224977
2007-01-01	2007-12-31	H3260_v1_2	224977
2008-01-01	2009-12-31	H3260_v1_3	224977
2010-01-01	2011-12-31	H3260_v1_4	224977
2012-01-01	2015-12-31	H3260_v1_5	224977
2016-01-01	2017-12-31	H3260_v1_6	224977
1899-01-01	2006-12-31	H3260_v1_0	224978
2007-01-01	2007-12-31	H3260_v1_2	224978
2008-01-01	2009-12-31	H3260_v1_3	224978
2010-01-01	2011-12-31	H3260_v1_4	224978
2012-01-01	2015-12-31	H3260_v1_5	224978
2016-01-01	2017-12-31	H3260_v1_6	224978
1899-01-01	2006-12-31	H3260_v1_0	224979
2007-01-01	2007-12-31	H3260_v1_2	224979
2008-01-01	2009-12-31	H3260_v1_3	224979
2010-01-01	2011-12-31	H3260_v1_4	224979
2012-01-01	2015-12-31	H3260_v1_5	224979
2016-01-01	2017-12-31	H3260_v1_6	224979
1899-01-01	2006-12-31	H3260_v1_0	224980
2007-01-01	2007-12-31	H3260_v1_2	224980
2008-01-01	2009-12-31	H3260_v1_3	224980
2010-01-01	2011-12-31	H3260_v1_4	224980
2012-01-01	2015-12-31	H3260_v1_5	224980
2016-01-01	2017-12-31	H3260_v1_6	224980
1899-01-01	2006-12-31	H3260_v1_0	224981
2007-01-01	2007-12-31	H3260_v1_2	224981
2008-01-01	2009-12-31	H3260_v1_3	224981
2010-01-01	2011-12-31	H3260_v1_4	224981
2012-01-01	2015-12-31	H3260_v1_5	224981
2016-01-01	2017-12-31	H3260_v1_6	224981
1899-01-01	2006-12-31	H3260_v1_0	224982
2007-01-01	2007-12-31	H3260_v1_2	224982
2008-01-01	2009-12-31	H3260_v1_3	224982
2010-01-01	2011-12-31	H3260_v1_4	224982
2012-01-01	2015-12-31	H3260_v1_5	224982
2016-01-01	2017-12-31	H3260_v1_6	224982
1899-01-01	2006-12-31	H3260_v1_0	224983
2007-01-01	2007-12-31	H3260_v1_2	224983
2008-01-01	2009-12-31	H3260_v1_3	224983
2010-01-01	2011-12-31	H3260_v1_4	224983
2012-01-01	2015-12-31	H3260_v1_5	224983
2016-01-01	2017-12-31	H3260_v1_6	224983
1899-01-01	2006-12-31	H3260_v1_0	224984
2007-01-01	2007-12-31	H3260_v1_2	224984
2008-01-01	2009-12-31	H3260_v1_3	224984
2010-01-01	2011-12-31	H3260_v1_4	224984
2012-01-01	2015-12-31	H3260_v1_5	224984
2016-01-01	2017-12-31	H3260_v1_6	224984
1899-01-01	2006-12-31	H3260_v1_0	224985
2007-01-01	2007-12-31	H3260_v1_2	224985
2008-01-01	2009-12-31	H3260_v1_3	224985
2010-01-01	2011-12-31	H3260_v1_4	224985
2012-01-01	2015-12-31	H3260_v1_5	224985
2016-01-01	2017-12-31	H3260_v1_6	224985
1899-01-01	2006-12-31	H3260_v1_0	224986
2007-01-01	2007-12-31	H3260_v1_2	224986
2008-01-01	2009-12-31	H3260_v1_3	224986
2010-01-01	2011-12-31	H3260_v1_4	224986
2012-01-01	2015-12-31	H3260_v1_5	224986
2016-01-01	2017-12-31	H3260_v1_6	224986
1899-01-01	2006-12-31	H3260_v1_0	224987
2007-01-01	2007-12-31	H3260_v1_2	224987
2008-01-01	2009-12-31	H3260_v1_3	224987
2010-01-01	2011-12-31	H3260_v1_4	224987
2012-01-01	2015-12-31	H3260_v1_5	224987
2016-01-01	2017-12-31	H3260_v1_6	224987
1899-01-01	2006-12-31	H3260_v1_0	224988
2007-01-01	2007-12-31	H3260_v1_2	224988
2008-01-01	2009-12-31	H3260_v1_3	224988
2010-01-01	2011-12-31	H3260_v1_4	224988
2012-01-01	2015-12-31	H3260_v1_5	224988
2016-01-01	2017-12-31	H3260_v1_6	224988
1899-01-01	2006-12-31	H3260_v1_0	224989
2007-01-01	2007-12-31	H3260_v1_2	224989
2008-01-01	2009-12-31	H3260_v1_3	224989
2010-01-01	2011-12-31	H3260_v1_4	224989
2012-01-01	2015-12-31	H3260_v1_5	224989
2016-01-01	2017-12-31	H3260_v1_6	224989
1899-01-01	2006-12-31	H3260_v1_0	224990
2007-01-01	2007-12-31	H3260_v1_2	224990
2008-01-01	2009-12-31	H3260_v1_3	224990
2010-01-01	2011-12-31	H3260_v1_4	224990
2012-01-01	2015-12-31	H3260_v1_5	224990
2016-01-01	2017-12-31	H3260_v1_6	224990
1899-01-01	2006-12-31	H3260_v1_0	224991
2007-01-01	2007-12-31	H3260_v1_2	224991
2008-01-01	2009-12-31	H3260_v1_3	224991
2010-01-01	2011-12-31	H3260_v1_4	224991
2012-01-01	2015-12-31	H3260_v1_5	224991
2016-01-01	2017-12-31	H3260_v1_6	224991
1899-01-01	2006-12-31	H3260_v1_0	224992
2007-01-01	2007-12-31	H3260_v1_2	224992
2008-01-01	2009-12-31	H3260_v1_3	224992
2010-01-01	2011-12-31	H3260_v1_4	224992
2012-01-01	2015-12-31	H3260_v1_5	224992
2016-01-01	2017-12-31	H3260_v1_6	224992
1899-01-01	2006-12-31	H3260_v1_0	224993
2007-01-01	2007-12-31	H3260_v1_2	224993
2008-01-01	2009-12-31	H3260_v1_3	224993
2010-01-01	2011-12-31	H3260_v1_4	224993
2012-01-01	2015-12-31	H3260_v1_5	224993
2016-01-01	2017-12-31	H3260_v1_6	224993
1899-01-01	2006-12-31	H3260_v1_0	224994
2007-01-01	2007-12-31	H3260_v1_2	224994
2008-01-01	2009-12-31	H3260_v1_3	224994
2010-01-01	2011-12-31	H3260_v1_4	224994
2012-01-01	2015-12-31	H3260_v1_5	224994
2016-01-01	2017-12-31	H3260_v1_6	224994
1899-01-01	2006-12-31	H3260_v1_0	224995
2007-01-01	2007-12-31	H3260_v1_2	224995
2008-01-01	2009-12-31	H3260_v1_3	224995
2010-01-01	2011-12-31	H3260_v1_4	224995
2012-01-01	2015-12-31	H3260_v1_5	224995
2016-01-01	2017-12-31	H3260_v1_6	224995
1899-01-01	2006-12-31	H3260_v1_0	224996
2007-01-01	2007-12-31	H3260_v1_2	224996
2008-01-01	2009-12-31	H3260_v1_3	224996
2010-01-01	2011-12-31	H3260_v1_4	224996
2012-01-01	2015-12-31	H3260_v1_5	224996
2016-01-01	2017-12-31	H3260_v1_6	224996
1899-01-01	2006-12-31	H3260_v1_0	224997
2007-01-01	2007-12-31	H3260_v1_2	224997
2008-01-01	2009-12-31	H3260_v1_3	224997
2010-01-01	2011-12-31	H3260_v1_4	224997
2012-01-01	2015-12-31	H3260_v1_5	224997
2016-01-01	2017-12-31	H3260_v1_6	224997
1899-01-01	2006-12-31	H3260_v1_0	224998
2007-01-01	2007-12-31	H3260_v1_2	224998
2008-01-01	2009-12-31	H3260_v1_3	224998
2010-01-01	2011-12-31	H3260_v1_4	224998
2012-01-01	2015-12-31	H3260_v1_5	224998
2016-01-01	2017-12-31	H3260_v1_6	224998
1899-01-01	2006-12-31	H3260_v1_0	224999
2007-01-01	2007-12-31	H3260_v1_2	224999
2008-01-01	2009-12-31	H3260_v1_3	224999
2010-01-01	2011-12-31	H3260_v1_4	224999
2012-01-01	2015-12-31	H3260_v1_5	224999
2016-01-01	2017-12-31	H3260_v1_6	224999
1899-01-01	2006-12-31	H3260_v1_0	225000
2007-01-01	2007-12-31	H3260_v1_2	225000
2008-01-01	2009-12-31	H3260_v1_3	225000
2010-01-01	2011-12-31	H3260_v1_4	225000
2012-01-01	2015-12-31	H3260_v1_5	225000
2016-01-01	2017-12-31	H3260_v1_6	225000
1899-01-01	2006-12-31	H3260_v1_0	225001
2007-01-01	2007-12-31	H3260_v1_2	225001
2008-01-01	2009-12-31	H3260_v1_3	225001
2010-01-01	2011-12-31	H3260_v1_4	225001
2012-01-01	2015-12-31	H3260_v1_5	225001
2016-01-01	2017-12-31	H3260_v1_6	225001
1899-01-01	2006-12-31	H3260_v1_0	225002
2007-01-01	2007-12-31	H3260_v1_2	225002
2008-01-01	2009-12-31	H3260_v1_3	225002
2010-01-01	2011-12-31	H3260_v1_4	225002
2012-01-01	2015-12-31	H3260_v1_5	225002
2016-01-01	2017-12-31	H3260_v1_6	225002
1899-01-01	2006-12-31	H3260_v1_0	225003
2007-01-01	2007-12-31	H3260_v1_2	225003
2008-01-01	2009-12-31	H3260_v1_3	225003
2010-01-01	2011-12-31	H3260_v1_4	225003
2012-01-01	2015-12-31	H3260_v1_5	225003
2016-01-01	2017-12-31	H3260_v1_6	225003
1899-01-01	2006-12-31	H3260_v1_0	225004
2007-01-01	2007-12-31	H3260_v1_2	225004
2008-01-01	2009-12-31	H3260_v1_3	225004
2010-01-01	2011-12-31	H3260_v1_4	225004
2012-01-01	2015-12-31	H3260_v1_5	225004
2016-01-01	2017-12-31	H3260_v1_6	225004
1899-01-01	2006-12-31	H3260_v1_0	225005
2007-01-01	2007-12-31	H3260_v1_2	225005
2008-01-01	2009-12-31	H3260_v1_3	225005
2010-01-01	2011-12-31	H3260_v1_4	225005
2012-01-01	2015-12-31	H3260_v1_5	225005
2016-01-01	2017-12-31	H3260_v1_6	225005
2007-01-01	2007-12-31	H3260_v1_2	225006
2008-01-01	2009-12-31	H3260_v1_3	225006
2010-01-01	2011-12-31	H3260_v1_4	225006
2012-01-01	2015-12-31	H3260_v1_5	225006
2016-01-01	2017-12-31	H3260_v1_6	225006
2007-01-01	2007-12-31	H3260_v1_2	225007
2008-01-01	2009-12-31	H3260_v1_3	225007
2010-01-01	2011-12-31	H3260_v1_4	225007
2012-01-01	2015-12-31	H3260_v1_5	225007
2016-01-01	2017-12-31	H3260_v1_6	225007
2007-01-01	2007-12-31	H3260_v1_2	225008
2008-01-01	2009-12-31	H3260_v1_3	225008
2010-01-01	2011-12-31	H3260_v1_4	225008
2012-01-01	2015-12-31	H3260_v1_5	225008
2016-01-01	2017-12-31	H3260_v1_6	225008
2007-01-01	2007-12-31	H3260_v1_2	225009
2008-01-01	2009-12-31	H3260_v1_3	225009
2010-01-01	2011-12-31	H3260_v1_4	225009
2012-01-01	2015-12-31	H3260_v1_5	225009
2016-01-01	2017-12-31	H3260_v1_6	225009
2007-01-01	2007-12-31	H3260_v1_2	225010
2008-01-01	2009-12-31	H3260_v1_3	225010
2010-01-01	2011-12-31	H3260_v1_4	225010
2012-01-01	2015-12-31	H3260_v1_5	225010
2016-01-01	2017-12-31	H3260_v1_6	225010
2007-01-01	2007-12-31	H3260_v1_2	225011
2008-01-01	2009-12-31	H3260_v1_3	225011
2010-01-01	2011-12-31	H3260_v1_4	225011
2012-01-01	2015-12-31	H3260_v1_5	225011
2016-01-01	2017-12-31	H3260_v1_6	225011
2007-01-01	2007-12-31	H3260_v1_2	225012
2008-01-01	2009-12-31	H3260_v1_3	225012
2010-01-01	2011-12-31	H3260_v1_4	225012
2012-01-01	2015-12-31	H3260_v1_5	225012
2016-01-01	2017-12-31	H3260_v1_6	225012
2007-01-01	2007-12-31	H3260_v1_2	225013
2008-01-01	2009-12-31	H3260_v1_3	225013
2010-01-01	2011-12-31	H3260_v1_4	225013
2012-01-01	2015-12-31	H3260_v1_5	225013
2016-01-01	2017-12-31	H3260_v1_6	225013
2007-01-01	2007-12-31	H3260_v1_2	225014
2008-01-01	2009-12-31	H3260_v1_3	225014
2010-01-01	2011-12-31	H3260_v1_4	225014
2012-01-01	2015-12-31	H3260_v1_5	225014
2016-01-01	2017-12-31	H3260_v1_6	225014
2007-01-01	2007-12-31	H3260_v1_2	225015
2008-01-01	2009-12-31	H3260_v1_3	225015
2010-01-01	2011-12-31	H3260_v1_4	225015
2012-01-01	2015-12-31	H3260_v1_5	225015
2016-01-01	2017-12-31	H3260_v1_6	225015
2010-01-01	2011-12-31	H3260_v1_4	225071
2016-01-01	2017-12-31	H3260_v1_6	225071
2010-01-01	2011-12-31	H3260_v1_4	225072
2016-01-01	2017-12-31	H3260_v1_6	225072
2010-01-01	2011-12-31	H3260_v1_4	225073
2016-01-01	2017-12-31	H3260_v1_6	225073
2010-01-01	2011-12-31	H3260_v1_4	225074
2016-01-01	2017-12-31	H3260_v1_6	225074
2010-01-01	2011-12-31	H3260_v1_4	225075
2016-01-01	2017-12-31	H3260_v1_6	225075
2010-01-01	2011-12-31	H3260_v1_4	225076
2016-01-01	2017-12-31	H3260_v1_6	225076
2007-01-01	2007-12-31	H3260_v1_2	226437
2008-01-01	2009-12-31	H3260_v1_3	226437
2010-01-01	2011-12-31	H3260_v1_4	226437
2016-01-01	2017-12-31	H3260_v1_6	226437
2007-01-01	2007-12-31	H3260_v1_2	226438
2008-01-01	2009-12-31	H3260_v1_3	226438
2010-01-01	2011-12-31	H3260_v1_4	226438
2016-01-01	2017-12-31	H3260_v1_6	226438
2007-01-01	2007-12-31	H3260_v1_2	226439
2008-01-01	2009-12-31	H3260_v1_3	226439
2010-01-01	2011-12-31	H3260_v1_4	226439
2016-01-01	2017-12-31	H3260_v1_6	226439
2007-01-01	2007-12-31	H3260_v1_2	226440
2008-01-01	2009-12-31	H3260_v1_3	226440
2010-01-01	2011-12-31	H3260_v1_4	226440
2016-01-01	2017-12-31	H3260_v1_6	226440
2007-01-01	2007-12-31	H3260_v1_2	226441
2008-01-01	2009-12-31	H3260_v1_3	226441
2010-01-01	2011-12-31	H3260_v1_4	226441
2016-01-01	2017-12-31	H3260_v1_6	226441
1899-01-01	2006-12-31	H3260_v1_0	226442
2007-01-01	2007-12-31	H3260_v1_2	226442
2008-01-01	2009-12-31	H3260_v1_3	226442
2010-01-01	2011-12-31	H3260_v1_4	226442
2012-01-01	2015-12-31	H3260_v1_5	226442
2016-01-01	2017-12-31	H3260_v1_6	226442
2018-01-01	2018-12-31	H3260_v1_7	226442
1899-01-01	2006-12-31	H3260_v1_0	226443
2007-01-01	2007-12-31	H3260_v1_2	226443
2008-01-01	2009-12-31	H3260_v1_3	226443
2010-01-01	2011-12-31	H3260_v1_4	226443
2012-01-01	2015-12-31	H3260_v1_5	226443
2016-01-01	2017-12-31	H3260_v1_6	226443
2018-01-01	2018-12-31	H3260_v1_7	226443
1899-01-01	2006-12-31	H3260_v1_0	226444
2007-01-01	2007-12-31	H3260_v1_2	226444
2008-01-01	2009-12-31	H3260_v1_3	226444
2010-01-01	2011-12-31	H3260_v1_4	226444
2012-01-01	2015-12-31	H3260_v1_5	226444
2016-01-01	2017-12-31	H3260_v1_6	226444
2018-01-01	2018-12-31	H3260_v1_7	226444
1899-01-01	2006-12-31	H3260_v1_0	226445
2007-01-01	2007-12-31	H3260_v1_2	226445
2008-01-01	2009-12-31	H3260_v1_3	226445
2010-01-01	2011-12-31	H3260_v1_4	226445
2012-01-01	2015-12-31	H3260_v1_5	226445
2016-01-01	2017-12-31	H3260_v1_6	226445
2018-01-01	2018-12-31	H3260_v1_7	226445
1899-01-01	2006-12-31	H3260_v1_0	226446
2007-01-01	2007-12-31	H3260_v1_2	226446
2008-01-01	2009-12-31	H3260_v1_3	226446
2010-01-01	2011-12-31	H3260_v1_4	226446
2012-01-01	2015-12-31	H3260_v1_5	226446
2016-01-01	2017-12-31	H3260_v1_6	226446
2018-01-01	2018-12-31	H3260_v1_7	226446
1899-01-01	2006-12-31	H3260_v1_0	226447
2007-01-01	2007-12-31	H3260_v1_2	226447
2008-01-01	2009-12-31	H3260_v1_3	226447
2010-01-01	2011-12-31	H3260_v1_4	226447
2012-01-01	2015-12-31	H3260_v1_5	226447
2016-01-01	2017-12-31	H3260_v1_6	226447
2018-01-01	2018-12-31	H3260_v1_7	226447
1899-01-01	2006-12-31	H3260_v1_0	226448
2007-01-01	2007-12-31	H3260_v1_2	226448
2008-01-01	2009-12-31	H3260_v1_3	226448
2010-01-01	2011-12-31	H3260_v1_4	226448
2012-01-01	2015-12-31	H3260_v1_5	226448
2016-01-01	2017-12-31	H3260_v1_6	226448
2018-01-01	2018-12-31	H3260_v1_7	226448
1899-01-01	2006-12-31	H3260_v1_0	226449
2007-01-01	2007-12-31	H3260_v1_2	226449
2008-01-01	2009-12-31	H3260_v1_3	226449
2010-01-01	2011-12-31	H3260_v1_4	226449
2012-01-01	2015-12-31	H3260_v1_5	226449
2016-01-01	2017-12-31	H3260_v1_6	226449
2018-01-01	2018-12-31	H3260_v1_7	226449
1899-01-01	2006-12-31	H3260_v1_0	226450
2007-01-01	2007-12-31	H3260_v1_2	226450
2008-01-01	2009-12-31	H3260_v1_3	226450
2010-01-01	2011-12-31	H3260_v1_4	226450
2012-01-01	2015-12-31	H3260_v1_5	226450
2016-01-01	2017-12-31	H3260_v1_6	226450
2018-01-01	2018-12-31	H3260_v1_7	226450
1899-01-01	2006-12-31	H3260_v1_0	226451
2007-01-01	2007-12-31	H3260_v1_2	226451
2008-01-01	2009-12-31	H3260_v1_3	226451
2010-01-01	2011-12-31	H3260_v1_4	226451
2012-01-01	2015-12-31	H3260_v1_5	226451
2016-01-01	2017-12-31	H3260_v1_6	226451
2018-01-01	2018-12-31	H3260_v1_7	226451
1899-01-01	2006-12-31	H3260_v1_0	226452
2007-01-01	2007-12-31	H3260_v1_2	226452
2008-01-01	2009-12-31	H3260_v1_3	226452
2010-01-01	2011-12-31	H3260_v1_4	226452
2012-01-01	2015-12-31	H3260_v1_5	226452
2016-01-01	2017-12-31	H3260_v1_6	226452
2018-01-01	2018-12-31	H3260_v1_7	226452
1899-01-01	2006-12-31	H3260_v1_0	226453
2007-01-01	2007-12-31	H3260_v1_2	226453
2008-01-01	2009-12-31	H3260_v1_3	226453
2010-01-01	2011-12-31	H3260_v1_4	226453
2012-01-01	2015-12-31	H3260_v1_5	226453
2016-01-01	2017-12-31	H3260_v1_6	226453
2018-01-01	2018-12-31	H3260_v1_7	226453
1899-01-01	2006-12-31	H3260_v1_0	226454
2007-01-01	2007-12-31	H3260_v1_2	226454
2008-01-01	2009-12-31	H3260_v1_3	226454
2010-01-01	2011-12-31	H3260_v1_4	226454
2012-01-01	2015-12-31	H3260_v1_5	226454
2016-01-01	2017-12-31	H3260_v1_6	226454
2018-01-01	2018-12-31	H3260_v1_7	226454
1899-01-01	2006-12-31	H3260_v1_0	226455
2007-01-01	2007-12-31	H3260_v1_2	226455
2008-01-01	2009-12-31	H3260_v1_3	226455
2010-01-01	2011-12-31	H3260_v1_4	226455
2012-01-01	2015-12-31	H3260_v1_5	226455
2016-01-01	2017-12-31	H3260_v1_6	226455
2018-01-01	2018-12-31	H3260_v1_7	226455
1899-01-01	2006-12-31	H3260_v1_0	226456
2007-01-01	2007-12-31	H3260_v1_2	226456
2008-01-01	2009-12-31	H3260_v1_3	226456
2010-01-01	2011-12-31	H3260_v1_4	226456
2012-01-01	2015-12-31	H3260_v1_5	226456
2016-01-01	2017-12-31	H3260_v1_6	226456
2018-01-01	2018-12-31	H3260_v1_7	226456
1899-01-01	2006-12-31	H3260_v1_0	226457
2007-01-01	2007-12-31	H3260_v1_2	226457
2008-01-01	2009-12-31	H3260_v1_3	226457
2010-01-01	2011-12-31	H3260_v1_4	226457
2012-01-01	2015-12-31	H3260_v1_5	226457
2016-01-01	2017-12-31	H3260_v1_6	226457
1899-01-01	2006-12-31	H3260_v1_0	226458
2007-01-01	2007-12-31	H3260_v1_2	226458
2008-01-01	2009-12-31	H3260_v1_3	226458
2010-01-01	2011-12-31	H3260_v1_4	226458
2012-01-01	2015-12-31	H3260_v1_5	226458
2016-01-01	2017-12-31	H3260_v1_6	226458
1899-01-01	2006-12-31	H3260_v1_0	226459
2007-01-01	2007-12-31	H3260_v1_2	226459
2008-01-01	2009-12-31	H3260_v1_3	226459
2010-01-01	2011-12-31	H3260_v1_4	226459
2012-01-01	2015-12-31	H3260_v1_5	226459
2016-01-01	2017-12-31	H3260_v1_6	226459
2018-01-01	2018-12-31	H3260_v1_7	226459
1899-01-01	2006-12-31	H3260_v1_0	226460
2007-01-01	2007-12-31	H3260_v1_2	226460
2008-01-01	2009-12-31	H3260_v1_3	226460
2010-01-01	2011-12-31	H3260_v1_4	226460
2012-01-01	2015-12-31	H3260_v1_5	226460
2016-01-01	2017-12-31	H3260_v1_6	226460
2018-01-01	2018-12-31	H3260_v1_7	226460
1899-01-01	2006-12-31	H3260_v1_0	226461
2007-01-01	2007-12-31	H3260_v1_2	226461
2008-01-01	2009-12-31	H3260_v1_3	226461
2010-01-01	2011-12-31	H3260_v1_4	226461
2012-01-01	2015-12-31	H3260_v1_5	226461
2016-01-01	2017-12-31	H3260_v1_6	226461
2018-01-01	2018-12-31	H3260_v1_7	226461
1899-01-01	2006-12-31	H3260_v1_0	226462
2007-01-01	2007-12-31	H3260_v1_2	226462
2008-01-01	2009-12-31	H3260_v1_3	226462
2010-01-01	2011-12-31	H3260_v1_4	226462
2012-01-01	2015-12-31	H3260_v1_5	226462
2016-01-01	2017-12-31	H3260_v1_6	226462
2018-01-01	2018-12-31	H3260_v1_7	226462
1899-01-01	2006-12-31	H3260_v1_0	226463
2007-01-01	2007-12-31	H3260_v1_2	226463
2008-01-01	2009-12-31	H3260_v1_3	226463
2010-01-01	2011-12-31	H3260_v1_4	226463
2012-01-01	2015-12-31	H3260_v1_5	226463
2016-01-01	2017-12-31	H3260_v1_6	226463
2018-01-01	2018-12-31	H3260_v1_7	226463
1899-01-01	2006-12-31	H3260_v1_0	226464
2007-01-01	2007-12-31	H3260_v1_2	226464
2008-01-01	2009-12-31	H3260_v1_3	226464
2010-01-01	2011-12-31	H3260_v1_4	226464
2012-01-01	2015-12-31	H3260_v1_5	226464
2016-01-01	2017-12-31	H3260_v1_6	226464
2018-01-01	2018-12-31	H3260_v1_7	226464
1899-01-01	2006-12-31	H3260_v1_0	226465
2007-01-01	2007-12-31	H3260_v1_2	226465
2008-01-01	2009-12-31	H3260_v1_3	226465
2010-01-01	2011-12-31	H3260_v1_4	226465
2012-01-01	2015-12-31	H3260_v1_5	226465
2016-01-01	2017-12-31	H3260_v1_6	226465
2018-01-01	2018-12-31	H3260_v1_7	226465
1899-01-01	2006-12-31	H3260_v1_0	226466
2007-01-01	2007-12-31	H3260_v1_2	226466
2008-01-01	2009-12-31	H3260_v1_3	226466
2010-01-01	2011-12-31	H3260_v1_4	226466
2012-01-01	2015-12-31	H3260_v1_5	226466
2016-01-01	2017-12-31	H3260_v1_6	226466
2018-01-01	2018-12-31	H3260_v1_7	226466
1899-01-01	2006-12-31	H3260_v1_0	226467
2007-01-01	2007-12-31	H3260_v1_2	226467
2008-01-01	2009-12-31	H3260_v1_3	226467
2010-01-01	2011-12-31	H3260_v1_4	226467
2012-01-01	2015-12-31	H3260_v1_5	226467
2016-01-01	2017-12-31	H3260_v1_6	226467
2018-01-01	2018-12-31	H3260_v1_7	226467
1899-01-01	2006-12-31	H3260_v1_0	226468
2007-01-01	2007-12-31	H3260_v1_2	226468
2008-01-01	2009-12-31	H3260_v1_3	226468
2010-01-01	2011-12-31	H3260_v1_4	226468
2012-01-01	2015-12-31	H3260_v1_5	226468
2016-01-01	2017-12-31	H3260_v1_6	226468
2018-01-01	2018-12-31	H3260_v1_7	226468
1899-01-01	2006-12-31	H3260_v1_0	226469
2007-01-01	2007-12-31	H3260_v1_2	226469
2008-01-01	2009-12-31	H3260_v1_3	226469
2010-01-01	2011-12-31	H3260_v1_4	226469
2012-01-01	2015-12-31	H3260_v1_5	226469
2016-01-01	2017-12-31	H3260_v1_6	226469
2018-01-01	2018-12-31	H3260_v1_7	226469
2007-01-01	2007-12-31	H3260_v1_2	226470
2008-01-01	2009-12-31	H3260_v1_3	226470
2010-01-01	2011-12-31	H3260_v1_4	226470
2012-01-01	2015-12-31	H3260_v1_5	226470
2016-01-01	2017-12-31	H3260_v1_6	226470
2018-01-01	2018-12-31	H3260_v1_7	226470
2007-01-01	2007-12-31	H3260_v1_2	226471
2008-01-01	2009-12-31	H3260_v1_3	226471
2010-01-01	2011-12-31	H3260_v1_4	226471
2012-01-01	2015-12-31	H3260_v1_5	226471
2016-01-01	2017-12-31	H3260_v1_6	226471
2018-01-01	2018-12-31	H3260_v1_7	226471
2007-01-01	2007-12-31	H3260_v1_2	226472
2008-01-01	2009-12-31	H3260_v1_3	226472
2010-01-01	2011-12-31	H3260_v1_4	226472
2012-01-01	2015-12-31	H3260_v1_5	226472
2016-01-01	2017-12-31	H3260_v1_6	226472
2018-01-01	2018-12-31	H3260_v1_7	226472
2007-01-01	2007-12-31	H3260_v1_2	226473
2008-01-01	2009-12-31	H3260_v1_3	226473
2010-01-01	2011-12-31	H3260_v1_4	226473
2012-01-01	2015-12-31	H3260_v1_5	226473
2016-01-01	2017-12-31	H3260_v1_6	226473
2018-01-01	2018-12-31	H3260_v1_7	226473
2007-01-01	2007-12-31	H3260_v1_2	226474
2008-01-01	2009-12-31	H3260_v1_3	226474
2010-01-01	2011-12-31	H3260_v1_4	226474
2012-01-01	2015-12-31	H3260_v1_5	226474
2016-01-01	2017-12-31	H3260_v1_6	226474
2018-01-01	2018-12-31	H3260_v1_7	226474
2007-01-01	2007-12-31	H3260_v1_2	226475
2008-01-01	2009-12-31	H3260_v1_3	226475
2010-01-01	2011-12-31	H3260_v1_4	226475
2012-01-01	2015-12-31	H3260_v1_5	226475
2016-01-01	2017-12-31	H3260_v1_6	226475
2018-01-01	2018-12-31	H3260_v1_7	226475
2007-01-01	2007-12-31	H3260_v1_2	226476
2008-01-01	2009-12-31	H3260_v1_3	226476
2010-01-01	2011-12-31	H3260_v1_4	226476
2012-01-01	2015-12-31	H3260_v1_5	226476
2016-01-01	2017-12-31	H3260_v1_6	226476
2018-01-01	2018-12-31	H3260_v1_7	226476
2007-01-01	2007-12-31	H3260_v1_2	226477
2008-01-01	2009-12-31	H3260_v1_3	226477
2010-01-01	2011-12-31	H3260_v1_4	226477
2012-01-01	2015-12-31	H3260_v1_5	226477
2016-01-01	2017-12-31	H3260_v1_6	226477
2018-01-01	2018-12-31	H3260_v1_7	226477
2018-01-01	2018-12-31	H3260_v1_7	227987
2018-01-01	2018-12-31	H3260_v1_7	227988
2010-01-01	2011-12-31	H3260_v1_4	228080
2016-01-01	2017-12-31	H3260_v1_6	228080
2010-01-01	2011-12-31	H3260_v1_4	228081
2016-01-01	2017-12-31	H3260_v1_6	228081
2018-01-01	2018-12-31	H3260_v1_7	228217
2018-01-01	2018-12-31	H3260_v1_7	228218
2012-01-01	2015-12-31	H3260_v1_5	230201
1899-01-01	2006-12-31	H3260_v1_0	230686
2007-01-01	2007-12-31	H3260_v1_2	230686
2008-01-01	2009-12-31	H3260_v1_3	230686
2010-01-01	2011-12-31	H3260_v1_4	230686
2012-01-01	2015-12-31	H3260_v1_5	230686
2016-01-01	2017-12-31	H3260_v1_6	230686
1899-01-01	2006-12-31	H3260_v1_0	230687
2007-01-01	2007-12-31	H3260_v1_2	230687
2008-01-01	2009-12-31	H3260_v1_3	230687
2010-01-01	2011-12-31	H3260_v1_4	230687
2016-01-01	2017-12-31	H3260_v1_6	230687
1899-01-01	2006-12-31	H3260_v1_0	230688
2007-01-01	2007-12-31	H3260_v1_2	230688
2008-01-01	2009-12-31	H3260_v1_3	230688
2010-01-01	2011-12-31	H3260_v1_4	230688
2016-01-01	2017-12-31	H3260_v1_6	230688
1899-01-01	2006-12-31	H3260_v1_0	230689
2007-01-01	2007-12-31	H3260_v1_2	230689
2008-01-01	2009-12-31	H3260_v1_3	230689
2010-01-01	2011-12-31	H3260_v1_4	230689
2016-01-01	2017-12-31	H3260_v1_6	230689
1899-01-01	2006-12-31	H3260_v1_0	230690
2007-01-01	2007-12-31	H3260_v1_2	230690
2008-01-01	2009-12-31	H3260_v1_3	230690
2010-01-01	2011-12-31	H3260_v1_4	230690
2016-01-01	2017-12-31	H3260_v1_6	230690
1899-01-01	2006-12-31	H3260_v1_0	230692
2007-01-01	2007-12-31	H3260_v1_2	230692
2008-01-01	2009-12-31	H3260_v1_3	230692
2010-01-01	2011-12-31	H3260_v1_4	230692
2012-01-01	2015-12-31	H3260_v1_5	230692
2016-01-01	2017-12-31	H3260_v1_6	230692
2018-01-01	2018-12-31	H3260_v1_7	230692
1899-01-01	2006-12-31	H3260_v1_0	230693
2007-01-01	2007-12-31	H3260_v1_2	230693
2008-01-01	2009-12-31	H3260_v1_3	230693
2010-01-01	2011-12-31	H3260_v1_4	230693
2012-01-01	2015-12-31	H3260_v1_5	230693
2016-01-01	2017-12-31	H3260_v1_6	230693
2018-01-01	2018-12-31	H3260_v1_7	230693
1899-01-01	2006-12-31	H3260_v1_0	230694
2007-01-01	2007-12-31	H3260_v1_2	230694
2008-01-01	2009-12-31	H3260_v1_3	230694
2010-01-01	2011-12-31	H3260_v1_4	230694
2012-01-01	2015-12-31	H3260_v1_5	230694
2016-01-01	2017-12-31	H3260_v1_6	230694
2018-01-01	2018-12-31	H3260_v1_7	230694
1899-01-01	2006-12-31	H3260_v1_0	230695
2007-01-01	2007-12-31	H3260_v1_2	230695
2008-01-01	2009-12-31	H3260_v1_3	230695
2010-01-01	2011-12-31	H3260_v1_4	230695
2012-01-01	2015-12-31	H3260_v1_5	230695
2016-01-01	2017-12-31	H3260_v1_6	230695
2018-01-01	2018-12-31	H3260_v1_7	230695
1899-01-01	2006-12-31	H3260_v1_0	230696
2007-01-01	2007-12-31	H3260_v1_2	230696
2008-01-01	2009-12-31	H3260_v1_3	230696
2010-01-01	2011-12-31	H3260_v1_4	230696
2012-01-01	2015-12-31	H3260_v1_5	230696
2016-01-01	2017-12-31	H3260_v1_6	230696
2018-01-01	2018-12-31	H3260_v1_7	230696
1899-01-01	2006-12-31	H3260_v1_0	230697
2007-01-01	2007-12-31	H3260_v1_2	230697
2008-01-01	2009-12-31	H3260_v1_3	230697
2010-01-01	2011-12-31	H3260_v1_4	230697
2012-01-01	2015-12-31	H3260_v1_5	230697
2016-01-01	2017-12-31	H3260_v1_6	230697
2018-01-01	2018-12-31	H3260_v1_7	230697
1899-01-01	2006-12-31	H3260_v1_0	230698
2007-01-01	2007-12-31	H3260_v1_2	230698
2008-01-01	2009-12-31	H3260_v1_3	230698
2010-01-01	2011-12-31	H3260_v1_4	230698
2012-01-01	2015-12-31	H3260_v1_5	230698
2016-01-01	2017-12-31	H3260_v1_6	230698
2018-01-01	2018-12-31	H3260_v1_7	230698
1899-01-01	2006-12-31	H3260_v1_0	230699
2007-01-01	2007-12-31	H3260_v1_2	230699
2008-01-01	2009-12-31	H3260_v1_3	230699
2010-01-01	2011-12-31	H3260_v1_4	230699
2012-01-01	2015-12-31	H3260_v1_5	230699
2016-01-01	2017-12-31	H3260_v1_6	230699
2018-01-01	2018-12-31	H3260_v1_7	230699
1899-01-01	2006-12-31	H3260_v1_0	230700
2007-01-01	2007-12-31	H3260_v1_2	230700
2008-01-01	2009-12-31	H3260_v1_3	230700
2010-01-01	2011-12-31	H3260_v1_4	230700
2012-01-01	2015-12-31	H3260_v1_5	230700
2016-01-01	2017-12-31	H3260_v1_6	230700
2018-01-01	2018-12-31	H3260_v1_7	230700
1899-01-01	2006-12-31	H3260_v1_0	230701
2007-01-01	2007-12-31	H3260_v1_2	230701
2008-01-01	2009-12-31	H3260_v1_3	230701
2010-01-01	2011-12-31	H3260_v1_4	230701
2012-01-01	2015-12-31	H3260_v1_5	230701
2016-01-01	2017-12-31	H3260_v1_6	230701
2018-01-01	2018-12-31	H3260_v1_7	230701
1899-01-01	2006-12-31	H3260_v1_0	230702
2007-01-01	2007-12-31	H3260_v1_2	230702
2008-01-01	2009-12-31	H3260_v1_3	230702
2010-01-01	2011-12-31	H3260_v1_4	230702
2012-01-01	2015-12-31	H3260_v1_5	230702
2016-01-01	2017-12-31	H3260_v1_6	230702
2018-01-01	2018-12-31	H3260_v1_7	230702
1899-01-01	2006-12-31	H3260_v1_0	230703
2007-01-01	2007-12-31	H3260_v1_2	230703
2008-01-01	2009-12-31	H3260_v1_3	230703
2010-01-01	2011-12-31	H3260_v1_4	230703
2012-01-01	2015-12-31	H3260_v1_5	230703
2016-01-01	2017-12-31	H3260_v1_6	230703
2018-01-01	2018-12-31	H3260_v1_7	230703
1899-01-01	2006-12-31	H3260_v1_0	230704
2007-01-01	2007-12-31	H3260_v1_2	230704
2008-01-01	2009-12-31	H3260_v1_3	230704
2010-01-01	2011-12-31	H3260_v1_4	230704
2012-01-01	2015-12-31	H3260_v1_5	230704
2016-01-01	2017-12-31	H3260_v1_6	230704
2018-01-01	2018-12-31	H3260_v1_7	230704
1899-01-01	2006-12-31	H3260_v1_0	230705
2007-01-01	2007-12-31	H3260_v1_2	230705
2008-01-01	2009-12-31	H3260_v1_3	230705
2010-01-01	2011-12-31	H3260_v1_4	230705
2012-01-01	2015-12-31	H3260_v1_5	230705
2016-01-01	2017-12-31	H3260_v1_6	230705
2018-01-01	2018-12-31	H3260_v1_7	230705
1899-01-01	2006-12-31	H3260_v1_0	230706
2007-01-01	2007-12-31	H3260_v1_2	230706
2008-01-01	2009-12-31	H3260_v1_3	230706
2010-01-01	2011-12-31	H3260_v1_4	230706
2012-01-01	2015-12-31	H3260_v1_5	230706
2016-01-01	2017-12-31	H3260_v1_6	230706
2018-01-01	2018-12-31	H3260_v1_7	230706
1899-01-01	2006-12-31	H3260_v1_0	230707
2007-01-01	2007-12-31	H3260_v1_2	230707
2008-01-01	2009-12-31	H3260_v1_3	230707
2010-01-01	2011-12-31	H3260_v1_4	230707
2012-01-01	2015-12-31	H3260_v1_5	230707
2016-01-01	2017-12-31	H3260_v1_6	230707
2018-01-01	2018-12-31	H3260_v1_7	230707
1899-01-01	2006-12-31	H3260_v1_0	230708
2007-01-01	2007-12-31	H3260_v1_2	230708
2008-01-01	2009-12-31	H3260_v1_3	230708
2010-01-01	2011-12-31	H3260_v1_4	230708
2012-01-01	2015-12-31	H3260_v1_5	230708
2016-01-01	2017-12-31	H3260_v1_6	230708
2018-01-01	2018-12-31	H3260_v1_7	230708
1899-01-01	2006-12-31	H3260_v1_0	230709
2007-01-01	2007-12-31	H3260_v1_2	230709
2008-01-01	2009-12-31	H3260_v1_3	230709
2010-01-01	2011-12-31	H3260_v1_4	230709
2012-01-01	2015-12-31	H3260_v1_5	230709
2016-01-01	2017-12-31	H3260_v1_6	230709
2018-01-01	2018-12-31	H3260_v1_7	230709
1899-01-01	2006-12-31	H3260_v1_0	230710
2007-01-01	2007-12-31	H3260_v1_2	230710
2008-01-01	2009-12-31	H3260_v1_3	230710
2010-01-01	2011-12-31	H3260_v1_4	230710
2012-01-01	2015-12-31	H3260_v1_5	230710
2016-01-01	2017-12-31	H3260_v1_6	230710
2018-01-01	2018-12-31	H3260_v1_7	230710
1899-01-01	2006-12-31	H3260_v1_0	230711
2007-01-01	2007-12-31	H3260_v1_2	230711
2008-01-01	2009-12-31	H3260_v1_3	230711
2010-01-01	2011-12-31	H3260_v1_4	230711
2012-01-01	2015-12-31	H3260_v1_5	230711
2016-01-01	2017-12-31	H3260_v1_6	230711
2018-01-01	2018-12-31	H3260_v1_7	230711
1899-01-01	2006-12-31	H3260_v1_0	230712
2007-01-01	2007-12-31	H3260_v1_2	230712
2008-01-01	2009-12-31	H3260_v1_3	230712
2010-01-01	2011-12-31	H3260_v1_4	230712
2012-01-01	2015-12-31	H3260_v1_5	230712
2016-01-01	2017-12-31	H3260_v1_6	230712
2018-01-01	2018-12-31	H3260_v1_7	230712
1899-01-01	2006-12-31	H3260_v1_0	230713
2007-01-01	2007-12-31	H3260_v1_2	230713
2008-01-01	2009-12-31	H3260_v1_3	230713
2010-01-01	2011-12-31	H3260_v1_4	230713
2012-01-01	2015-12-31	H3260_v1_5	230713
2016-01-01	2017-12-31	H3260_v1_6	230713
2018-01-01	2018-12-31	H3260_v1_7	230713
1899-01-01	2006-12-31	H3260_v1_0	230714
2007-01-01	2007-12-31	H3260_v1_2	230714
2008-01-01	2009-12-31	H3260_v1_3	230714
2010-01-01	2011-12-31	H3260_v1_4	230714
2012-01-01	2015-12-31	H3260_v1_5	230714
2016-01-01	2017-12-31	H3260_v1_6	230714
2018-01-01	2018-12-31	H3260_v1_7	230714
1899-01-01	2006-12-31	H3260_v1_0	230715
2007-01-01	2007-12-31	H3260_v1_2	230715
2008-01-01	2009-12-31	H3260_v1_3	230715
2010-01-01	2011-12-31	H3260_v1_4	230715
2012-01-01	2015-12-31	H3260_v1_5	230715
2016-01-01	2017-12-31	H3260_v1_6	230715
2018-01-01	2018-12-31	H3260_v1_7	230715
1899-01-01	2006-12-31	H3260_v1_0	230716
2007-01-01	2007-12-31	H3260_v1_2	230716
2008-01-01	2009-12-31	H3260_v1_3	230716
2010-01-01	2011-12-31	H3260_v1_4	230716
2012-01-01	2015-12-31	H3260_v1_5	230716
2016-01-01	2017-12-31	H3260_v1_6	230716
2018-01-01	2018-12-31	H3260_v1_7	230716
1899-01-01	2006-12-31	H3260_v1_0	230717
2007-01-01	2007-12-31	H3260_v1_2	230717
2008-01-01	2009-12-31	H3260_v1_3	230717
2010-01-01	2011-12-31	H3260_v1_4	230717
2012-01-01	2015-12-31	H3260_v1_5	230717
2016-01-01	2017-12-31	H3260_v1_6	230717
2018-01-01	2018-12-31	H3260_v1_7	230717
1899-01-01	2006-12-31	H3260_v1_0	231526
2007-01-01	2007-12-31	H3260_v1_2	231526
2008-01-01	2009-12-31	H3260_v1_3	231526
2010-01-01	2011-12-31	H3260_v1_4	231526
2012-01-01	2015-12-31	H3260_v1_5	231526
2016-01-01	2017-12-31	H3260_v1_6	231526
2018-01-01	2018-12-31	H3260_v1_7	231526
1899-01-01	2006-12-31	H3260_v1_0	231527
2007-01-01	2007-12-31	H3260_v1_2	231527
2008-01-01	2009-12-31	H3260_v1_3	231527
2010-01-01	2011-12-31	H3260_v1_4	231527
2012-01-01	2015-12-31	H3260_v1_5	231527
2016-01-01	2017-12-31	H3260_v1_6	231527
2018-01-01	2018-12-31	H3260_v1_7	231527
1899-01-01	2006-12-31	H3260_v1_0	231528
2007-01-01	2007-12-31	H3260_v1_2	231528
2008-01-01	2009-12-31	H3260_v1_3	231528
2010-01-01	2011-12-31	H3260_v1_4	231528
2012-01-01	2015-12-31	H3260_v1_5	231528
2016-01-01	2017-12-31	H3260_v1_6	231528
2018-01-01	2018-12-31	H3260_v1_7	231528
1899-01-01	2006-12-31	H3260_v1_0	231529
2007-01-01	2007-12-31	H3260_v1_2	231529
2008-01-01	2009-12-31	H3260_v1_3	231529
2010-01-01	2011-12-31	H3260_v1_4	231529
2012-01-01	2015-12-31	H3260_v1_5	231529
2016-01-01	2017-12-31	H3260_v1_6	231529
2018-01-01	2018-12-31	H3260_v1_7	231529
1899-01-01	2006-12-31	H3260_v1_0	231530
2007-01-01	2007-12-31	H3260_v1_2	231530
2008-01-01	2009-12-31	H3260_v1_3	231530
2010-01-01	2011-12-31	H3260_v1_4	231530
2012-01-01	2015-12-31	H3260_v1_5	231530
2016-01-01	2017-12-31	H3260_v1_6	231530
2018-01-01	2018-12-31	H3260_v1_7	231530
1899-01-01	2006-12-31	H3260_v1_0	233090
2007-01-01	2007-12-31	H3260_v1_2	233090
2008-01-01	2009-12-31	H3260_v1_3	233090
2010-01-01	2011-12-31	H3260_v1_4	233090
2012-01-01	2015-12-31	H3260_v1_5	233090
2016-01-01	2017-12-31	H3260_v1_6	233090
2018-01-01	2018-12-31	H3260_v1_7	233090
1899-01-01	2006-12-31	H3260_v1_0	233091
2007-01-01	2007-12-31	H3260_v1_2	233091
2008-01-01	2009-12-31	H3260_v1_3	233091
2010-01-01	2011-12-31	H3260_v1_4	233091
2012-01-01	2015-12-31	H3260_v1_5	233091
2016-01-01	2017-12-31	H3260_v1_6	233091
2018-01-01	2018-12-31	H3260_v1_7	233091
1899-01-01	2006-12-31	H3260_v1_0	233092
2007-01-01	2007-12-31	H3260_v1_2	233092
2008-01-01	2009-12-31	H3260_v1_3	233092
2010-01-01	2011-12-31	H3260_v1_4	233092
2012-01-01	2015-12-31	H3260_v1_5	233092
2016-01-01	2017-12-31	H3260_v1_6	233092
2018-01-01	2018-12-31	H3260_v1_7	233092
1899-01-01	2006-12-31	H3260_v1_0	233093
2007-01-01	2007-12-31	H3260_v1_2	233093
2008-01-01	2009-12-31	H3260_v1_3	233093
2010-01-01	2011-12-31	H3260_v1_4	233093
2012-01-01	2015-12-31	H3260_v1_5	233093
2016-01-01	2017-12-31	H3260_v1_6	233093
2018-01-01	2018-12-31	H3260_v1_7	233093
2018-01-01	2018-12-31	H3260_v1_7	233498
2010-01-01	2011-12-31	H3260_v1_4	235915
2016-01-01	2017-12-31	H3260_v1_6	235915
2010-01-01	2011-12-31	H3260_v1_4	235916
2016-01-01	2017-12-31	H3260_v1_6	235916
2018-01-01	2018-12-31	H3260_v1_7	238258
2018-01-01	2018-12-31	H3260_v1_7	238259
1899-01-01	2006-12-31	H3260_v1_0	238502
2007-01-01	2007-12-31	H3260_v1_2	238502
2008-01-01	2009-12-31	H3260_v1_3	238502
2010-01-01	2011-12-31	H3260_v1_4	238502
2012-01-01	2015-12-31	H3260_v1_5	238502
2016-01-01	2017-12-31	H3260_v1_6	238502
2018-01-01	2018-12-31	H3260_v1_7	238502
1899-01-01	2006-12-31	H3260_v1_0	238503
2007-01-01	2007-12-31	H3260_v1_2	238503
2008-01-01	2009-12-31	H3260_v1_3	238503
2010-01-01	2011-12-31	H3260_v1_4	238503
2012-01-01	2015-12-31	H3260_v1_5	238503
2016-01-01	2017-12-31	H3260_v1_6	238503
2018-01-01	2018-12-31	H3260_v1_7	238503
1899-01-01	2006-12-31	H3260_v1_0	238504
2007-01-01	2007-12-31	H3260_v1_2	238504
2008-01-01	2009-12-31	H3260_v1_3	238504
2010-01-01	2011-12-31	H3260_v1_4	238504
2012-01-01	2015-12-31	H3260_v1_5	238504
2016-01-01	2017-12-31	H3260_v1_6	238504
2018-01-01	2018-12-31	H3260_v1_7	238504
1899-01-01	2006-12-31	H3260_v1_0	238505
2007-01-01	2007-12-31	H3260_v1_2	238505
2008-01-01	2009-12-31	H3260_v1_3	238505
2010-01-01	2011-12-31	H3260_v1_4	238505
2012-01-01	2015-12-31	H3260_v1_5	238505
2016-01-01	2017-12-31	H3260_v1_6	238505
2018-01-01	2018-12-31	H3260_v1_7	238505
1899-01-01	2006-12-31	H3260_v1_0	238506
2007-01-01	2007-12-31	H3260_v1_2	238506
2008-01-01	2009-12-31	H3260_v1_3	238506
2010-01-01	2011-12-31	H3260_v1_4	238506
2012-01-01	2015-12-31	H3260_v1_5	238506
2016-01-01	2017-12-31	H3260_v1_6	238506
2018-01-01	2018-12-31	H3260_v1_7	238506
1899-01-01	2006-12-31	H3260_v1_0	238507
2007-01-01	2007-12-31	H3260_v1_2	238507
2008-01-01	2009-12-31	H3260_v1_3	238507
2010-01-01	2011-12-31	H3260_v1_4	238507
2012-01-01	2015-12-31	H3260_v1_5	238507
2016-01-01	2017-12-31	H3260_v1_6	238507
2018-01-01	2018-12-31	H3260_v1_7	238507
1899-01-01	2006-12-31	H3260_v1_0	238508
2007-01-01	2007-12-31	H3260_v1_2	238508
2008-01-01	2009-12-31	H3260_v1_3	238508
2010-01-01	2011-12-31	H3260_v1_4	238508
2012-01-01	2015-12-31	H3260_v1_5	238508
2016-01-01	2017-12-31	H3260_v1_6	238508
2018-01-01	2018-12-31	H3260_v1_7	238508
1899-01-01	2006-12-31	H3260_v1_0	238509
2007-01-01	2007-12-31	H3260_v1_2	238509
2008-01-01	2009-12-31	H3260_v1_3	238509
2010-01-01	2011-12-31	H3260_v1_4	238509
2012-01-01	2015-12-31	H3260_v1_5	238509
2016-01-01	2017-12-31	H3260_v1_6	238509
2018-01-01	2018-12-31	H3260_v1_7	238509
1899-01-01	2006-12-31	H3260_v1_0	238510
2007-01-01	2007-12-31	H3260_v1_2	238510
2008-01-01	2009-12-31	H3260_v1_3	238510
2010-01-01	2011-12-31	H3260_v1_4	238510
2012-01-01	2015-12-31	H3260_v1_5	238510
2016-01-01	2017-12-31	H3260_v1_6	238510
2018-01-01	2018-12-31	H3260_v1_7	238510
1899-01-01	2006-12-31	H3260_v1_0	238511
2007-01-01	2007-12-31	H3260_v1_2	238511
2008-01-01	2009-12-31	H3260_v1_3	238511
2010-01-01	2011-12-31	H3260_v1_4	238511
2012-01-01	2015-12-31	H3260_v1_5	238511
2016-01-01	2017-12-31	H3260_v1_6	238511
2018-01-01	2018-12-31	H3260_v1_7	238511
2010-01-01	2011-12-31	H3260_v1_4	238512
2016-01-01	2017-12-31	H3260_v1_6	238512
2018-01-01	2018-12-31	H3260_v1_7	238512
1899-01-01	2006-12-31	H3260_v1_0	238513
2007-01-01	2007-12-31	H3260_v1_2	238513
2008-01-01	2009-12-31	H3260_v1_3	238513
2010-01-01	2011-12-31	H3260_v1_4	238513
2016-01-01	2017-12-31	H3260_v1_6	238513
2018-01-01	2018-12-31	H3260_v1_7	238513
1899-01-01	2006-12-31	H3260_v1_0	238514
2007-01-01	2007-12-31	H3260_v1_2	238514
2008-01-01	2009-12-31	H3260_v1_3	238514
2010-01-01	2011-12-31	H3260_v1_4	238514
2016-01-01	2017-12-31	H3260_v1_6	238514
2018-01-01	2018-12-31	H3260_v1_7	238514
1899-01-01	2006-12-31	H3260_v1_0	238515
2007-01-01	2007-12-31	H3260_v1_2	238515
2008-01-01	2009-12-31	H3260_v1_3	238515
2010-01-01	2011-12-31	H3260_v1_4	238515
2016-01-01	2017-12-31	H3260_v1_6	238515
2018-01-01	2018-12-31	H3260_v1_7	238515
1899-01-01	2006-12-31	H3260_v1_0	238516
2007-01-01	2007-12-31	H3260_v1_2	238516
2008-01-01	2009-12-31	H3260_v1_3	238516
2010-01-01	2011-12-31	H3260_v1_4	238516
2016-01-01	2017-12-31	H3260_v1_6	238516
2018-01-01	2018-12-31	H3260_v1_7	238516
1899-01-01	2006-12-31	H3260_v1_0	238517
2007-01-01	2007-12-31	H3260_v1_2	238517
2008-01-01	2009-12-31	H3260_v1_3	238517
2010-01-01	2011-12-31	H3260_v1_4	238517
2012-01-01	2015-12-31	H3260_v1_5	238517
2016-01-01	2017-12-31	H3260_v1_6	238517
2018-01-01	2018-12-31	H3260_v1_7	238517
1899-01-01	2006-12-31	H3260_v1_0	238518
2007-01-01	2007-12-31	H3260_v1_2	238518
2008-01-01	2009-12-31	H3260_v1_3	238518
2010-01-01	2011-12-31	H3260_v1_4	238518
2012-01-01	2015-12-31	H3260_v1_5	238518
2016-01-01	2017-12-31	H3260_v1_6	238518
2018-01-01	2018-12-31	H3260_v1_7	238518
1899-01-01	2006-12-31	H3260_v1_0	238519
2007-01-01	2007-12-31	H3260_v1_2	238519
2008-01-01	2009-12-31	H3260_v1_3	238519
2010-01-01	2011-12-31	H3260_v1_4	238519
2012-01-01	2015-12-31	H3260_v1_5	238519
2016-01-01	2017-12-31	H3260_v1_6	238519
2018-01-01	2018-12-31	H3260_v1_7	238519
1899-01-01	2006-12-31	H3260_v1_0	238520
2007-01-01	2007-12-31	H3260_v1_2	238520
2008-01-01	2009-12-31	H3260_v1_3	238520
2010-01-01	2011-12-31	H3260_v1_4	238520
2012-01-01	2015-12-31	H3260_v1_5	238520
2016-01-01	2017-12-31	H3260_v1_6	238520
2018-01-01	2018-12-31	H3260_v1_7	238520
1899-01-01	2006-12-31	H3260_v1_0	238521
2007-01-01	2007-12-31	H3260_v1_2	238521
2008-01-01	2009-12-31	H3260_v1_3	238521
2010-01-01	2011-12-31	H3260_v1_4	238521
2012-01-01	2015-12-31	H3260_v1_5	238521
2016-01-01	2017-12-31	H3260_v1_6	238521
2018-01-01	2018-12-31	H3260_v1_7	238521
1899-01-01	2006-12-31	H3260_v1_0	238522
2007-01-01	2007-12-31	H3260_v1_2	238522
2008-01-01	2009-12-31	H3260_v1_3	238522
2010-01-01	2011-12-31	H3260_v1_4	238522
2012-01-01	2015-12-31	H3260_v1_5	238522
2016-01-01	2017-12-31	H3260_v1_6	238522
2018-01-01	2018-12-31	H3260_v1_7	238522
1899-01-01	2006-12-31	H3260_v1_0	238523
2007-01-01	2007-12-31	H3260_v1_2	238523
2008-01-01	2009-12-31	H3260_v1_3	238523
2010-01-01	2011-12-31	H3260_v1_4	238523
2012-01-01	2015-12-31	H3260_v1_5	238523
2016-01-01	2017-12-31	H3260_v1_6	238523
2018-01-01	2018-12-31	H3260_v1_7	238523
1899-01-01	2006-12-31	H3260_v1_0	238524
2007-01-01	2007-12-31	H3260_v1_2	238524
2008-01-01	2009-12-31	H3260_v1_3	238524
2010-01-01	2011-12-31	H3260_v1_4	238524
2012-01-01	2015-12-31	H3260_v1_5	238524
2016-01-01	2017-12-31	H3260_v1_6	238524
2018-01-01	2018-12-31	H3260_v1_7	238524
1899-01-01	2006-12-31	H3260_v1_0	238525
2007-01-01	2007-12-31	H3260_v1_2	238525
2008-01-01	2009-12-31	H3260_v1_3	238525
2010-01-01	2011-12-31	H3260_v1_4	238525
2012-01-01	2015-12-31	H3260_v1_5	238525
2016-01-01	2017-12-31	H3260_v1_6	238525
2018-01-01	2018-12-31	H3260_v1_7	238525
1899-01-01	2006-12-31	H3260_v1_0	238526
2007-01-01	2007-12-31	H3260_v1_2	238526
2008-01-01	2009-12-31	H3260_v1_3	238526
2010-01-01	2011-12-31	H3260_v1_4	238526
2012-01-01	2015-12-31	H3260_v1_5	238526
2016-01-01	2017-12-31	H3260_v1_6	238526
2018-01-01	2018-12-31	H3260_v1_7	238526
1899-01-01	2006-12-31	H3260_v1_0	238527
2007-01-01	2007-12-31	H3260_v1_2	238527
2008-01-01	2009-12-31	H3260_v1_3	238527
2010-01-01	2011-12-31	H3260_v1_4	238527
2012-01-01	2015-12-31	H3260_v1_5	238527
2016-01-01	2017-12-31	H3260_v1_6	238527
2018-01-01	2018-12-31	H3260_v1_7	238527
1899-01-01	2006-12-31	H3260_v1_0	238528
2007-01-01	2007-12-31	H3260_v1_2	238528
2008-01-01	2009-12-31	H3260_v1_3	238528
2010-01-01	2011-12-31	H3260_v1_4	238528
2012-01-01	2015-12-31	H3260_v1_5	238528
2016-01-01	2017-12-31	H3260_v1_6	238528
2018-01-01	2018-12-31	H3260_v1_7	238528
1899-01-01	2006-12-31	H3260_v1_0	238529
2007-01-01	2007-12-31	H3260_v1_2	238529
2008-01-01	2009-12-31	H3260_v1_3	238529
2010-01-01	2011-12-31	H3260_v1_4	238529
2012-01-01	2015-12-31	H3260_v1_5	238529
2016-01-01	2017-12-31	H3260_v1_6	238529
2018-01-01	2018-12-31	H3260_v1_7	238529
1899-01-01	2006-12-31	H3260_v1_0	238530
2007-01-01	2007-12-31	H3260_v1_2	238530
2008-01-01	2009-12-31	H3260_v1_3	238530
2010-01-01	2011-12-31	H3260_v1_4	238530
2012-01-01	2015-12-31	H3260_v1_5	238530
2016-01-01	2017-12-31	H3260_v1_6	238530
2018-01-01	2018-12-31	H3260_v1_7	238530
1899-01-01	2006-12-31	H3260_v1_0	238531
2007-01-01	2007-12-31	H3260_v1_2	238531
2008-01-01	2009-12-31	H3260_v1_3	238531
2010-01-01	2011-12-31	H3260_v1_4	238531
2012-01-01	2015-12-31	H3260_v1_5	238531
2016-01-01	2017-12-31	H3260_v1_6	238531
2018-01-01	2018-12-31	H3260_v1_7	238531
1899-01-01	2006-12-31	H3260_v1_0	238532
2007-01-01	2007-12-31	H3260_v1_2	238532
2008-01-01	2009-12-31	H3260_v1_3	238532
2010-01-01	2011-12-31	H3260_v1_4	238532
2012-01-01	2015-12-31	H3260_v1_5	238532
2016-01-01	2017-12-31	H3260_v1_6	238532
2018-01-01	2018-12-31	H3260_v1_7	238532
1899-01-01	2006-12-31	H3260_v1_0	238533
2007-01-01	2007-12-31	H3260_v1_2	238533
2008-01-01	2009-12-31	H3260_v1_3	238533
2010-01-01	2011-12-31	H3260_v1_4	238533
2012-01-01	2015-12-31	H3260_v1_5	238533
2016-01-01	2017-12-31	H3260_v1_6	238533
2018-01-01	2018-12-31	H3260_v1_7	238533
1899-01-01	2006-12-31	H3260_v1_0	238534
2007-01-01	2007-12-31	H3260_v1_2	238534
2008-01-01	2009-12-31	H3260_v1_3	238534
2010-01-01	2011-12-31	H3260_v1_4	238534
2012-01-01	2015-12-31	H3260_v1_5	238534
2016-01-01	2017-12-31	H3260_v1_6	238534
2018-01-01	2018-12-31	H3260_v1_7	238534
1899-01-01	2006-12-31	H3260_v1_0	238535
2007-01-01	2007-12-31	H3260_v1_2	238535
2008-01-01	2009-12-31	H3260_v1_3	238535
2010-01-01	2011-12-31	H3260_v1_4	238535
2012-01-01	2015-12-31	H3260_v1_5	238535
2016-01-01	2017-12-31	H3260_v1_6	238535
2018-01-01	2018-12-31	H3260_v1_7	238535
1899-01-01	2006-12-31	H3260_v1_0	238536
2007-01-01	2007-12-31	H3260_v1_2	238536
2008-01-01	2009-12-31	H3260_v1_3	238536
2010-01-01	2011-12-31	H3260_v1_4	238536
2016-01-01	2017-12-31	H3260_v1_6	238536
2018-01-01	2018-12-31	H3260_v1_7	238536
1899-01-01	2006-12-31	H3260_v1_0	238537
2007-01-01	2007-12-31	H3260_v1_2	238537
2008-01-01	2009-12-31	H3260_v1_3	238537
2010-01-01	2011-12-31	H3260_v1_4	238537
2016-01-01	2017-12-31	H3260_v1_6	238537
2018-01-01	2018-12-31	H3260_v1_7	238537
1899-01-01	2006-12-31	H3260_v1_0	238538
2007-01-01	2007-12-31	H3260_v1_2	238538
2008-01-01	2009-12-31	H3260_v1_3	238538
2010-01-01	2011-12-31	H3260_v1_4	238538
2012-01-01	2015-12-31	H3260_v1_5	238538
2016-01-01	2017-12-31	H3260_v1_6	238538
2018-01-01	2018-12-31	H3260_v1_7	238538
1899-01-01	2006-12-31	H3260_v1_0	238539
2007-01-01	2007-12-31	H3260_v1_2	238539
2008-01-01	2009-12-31	H3260_v1_3	238539
2010-01-01	2011-12-31	H3260_v1_4	238539
2012-01-01	2015-12-31	H3260_v1_5	238539
2016-01-01	2017-12-31	H3260_v1_6	238539
2018-01-01	2018-12-31	H3260_v1_7	238539
1899-01-01	2006-12-31	H3260_v1_0	238540
2007-01-01	2007-12-31	H3260_v1_2	238540
2008-01-01	2009-12-31	H3260_v1_3	238540
2010-01-01	2011-12-31	H3260_v1_4	238540
2012-01-01	2015-12-31	H3260_v1_5	238540
2016-01-01	2017-12-31	H3260_v1_6	238540
2018-01-01	2018-12-31	H3260_v1_7	238540
1899-01-01	2006-12-31	H3260_v1_0	238541
2007-01-01	2007-12-31	H3260_v1_2	238541
2008-01-01	2009-12-31	H3260_v1_3	238541
2010-01-01	2011-12-31	H3260_v1_4	238541
2012-01-01	2015-12-31	H3260_v1_5	238541
2016-01-01	2017-12-31	H3260_v1_6	238541
2018-01-01	2018-12-31	H3260_v1_7	238541
1899-01-01	2006-12-31	H3260_v1_0	238542
2007-01-01	2007-12-31	H3260_v1_2	238542
2008-01-01	2009-12-31	H3260_v1_3	238542
2010-01-01	2011-12-31	H3260_v1_4	238542
2012-01-01	2015-12-31	H3260_v1_5	238542
2016-01-01	2017-12-31	H3260_v1_6	238542
2018-01-01	2018-12-31	H3260_v1_7	238542
1899-01-01	2006-12-31	H3260_v1_0	238543
2007-01-01	2007-12-31	H3260_v1_2	238543
2008-01-01	2009-12-31	H3260_v1_3	238543
2010-01-01	2011-12-31	H3260_v1_4	238543
2012-01-01	2015-12-31	H3260_v1_5	238543
2016-01-01	2017-12-31	H3260_v1_6	238543
2018-01-01	2018-12-31	H3260_v1_7	238543
1899-01-01	2006-12-31	H3260_v1_0	238544
2007-01-01	2007-12-31	H3260_v1_2	238544
2008-01-01	2009-12-31	H3260_v1_3	238544
2010-01-01	2011-12-31	H3260_v1_4	238544
2012-01-01	2015-12-31	H3260_v1_5	238544
2016-01-01	2017-12-31	H3260_v1_6	238544
2018-01-01	2018-12-31	H3260_v1_7	238544
1899-01-01	2006-12-31	H3260_v1_0	238545
2007-01-01	2007-12-31	H3260_v1_2	238545
2008-01-01	2009-12-31	H3260_v1_3	238545
2010-01-01	2011-12-31	H3260_v1_4	238545
2012-01-01	2015-12-31	H3260_v1_5	238545
2016-01-01	2017-12-31	H3260_v1_6	238545
2018-01-01	2018-12-31	H3260_v1_7	238545
1899-01-01	2006-12-31	H3260_v1_0	238546
2007-01-01	2007-12-31	H3260_v1_2	238546
2008-01-01	2009-12-31	H3260_v1_3	238546
2010-01-01	2011-12-31	H3260_v1_4	238546
2012-01-01	2015-12-31	H3260_v1_5	238546
2016-01-01	2017-12-31	H3260_v1_6	238546
2018-01-01	2018-12-31	H3260_v1_7	238546
1899-01-01	2006-12-31	H3260_v1_0	238557
2007-01-01	2007-12-31	H3260_v1_2	238557
2008-01-01	2009-12-31	H3260_v1_3	238557
2010-01-01	2011-12-31	H3260_v1_4	238557
2012-01-01	2015-12-31	H3260_v1_5	238557
2016-01-01	2017-12-31	H3260_v1_6	238557
2018-01-01	2018-12-31	H3260_v1_7	238557
1899-01-01	2006-12-31	H3260_v1_0	238559
2007-01-01	2007-12-31	H3260_v1_2	238559
2008-01-01	2009-12-31	H3260_v1_3	238559
2010-01-01	2011-12-31	H3260_v1_4	238559
2012-01-01	2015-12-31	H3260_v1_5	238559
2016-01-01	2017-12-31	H3260_v1_6	238559
1899-01-01	2006-12-31	H3260_v1_0	238560
2007-01-01	2007-12-31	H3260_v1_2	238560
2008-01-01	2009-12-31	H3260_v1_3	238560
2010-01-01	2011-12-31	H3260_v1_4	238560
2012-01-01	2015-12-31	H3260_v1_5	238560
2016-01-01	2017-12-31	H3260_v1_6	238560
1899-01-01	2006-12-31	H3260_v1_0	238570
2007-01-01	2007-12-31	H3260_v1_2	238570
2008-01-01	2009-12-31	H3260_v1_3	238570
2010-01-01	2011-12-31	H3260_v1_4	238570
2012-01-01	2015-12-31	H3260_v1_5	238570
2016-01-01	2017-12-31	H3260_v1_6	238570
2018-01-01	2018-12-31	H3260_v1_7	238570
1899-01-01	2006-12-31	H3260_v1_0	238571
2007-01-01	2007-12-31	H3260_v1_2	238571
2008-01-01	2009-12-31	H3260_v1_3	238571
2010-01-01	2011-12-31	H3260_v1_4	238571
2012-01-01	2015-12-31	H3260_v1_5	238571
2016-01-01	2017-12-31	H3260_v1_6	238571
2018-01-01	2018-12-31	H3260_v1_7	238571
1899-01-01	2006-12-31	H3260_v1_0	238572
2007-01-01	2007-12-31	H3260_v1_2	238572
2008-01-01	2009-12-31	H3260_v1_3	238572
2010-01-01	2011-12-31	H3260_v1_4	238572
2012-01-01	2015-12-31	H3260_v1_5	238572
2016-01-01	2017-12-31	H3260_v1_6	238572
2018-01-01	2018-12-31	H3260_v1_7	238572
1899-01-01	2006-12-31	H3260_v1_0	238576
2007-01-01	2007-12-31	H3260_v1_2	238576
2008-01-01	2009-12-31	H3260_v1_3	238576
2010-01-01	2011-12-31	H3260_v1_4	238576
2016-01-01	2017-12-31	H3260_v1_6	238576
1899-01-01	2006-12-31	H3260_v1_0	238577
2007-01-01	2007-12-31	H3260_v1_2	238577
2008-01-01	2009-12-31	H3260_v1_3	238577
2010-01-01	2011-12-31	H3260_v1_4	238577
2012-01-01	2015-12-31	H3260_v1_5	238577
2016-01-01	2017-12-31	H3260_v1_6	238577
1899-01-01	2006-12-31	H3260_v1_0	238578
2007-01-01	2007-12-31	H3260_v1_2	238578
2008-01-01	2009-12-31	H3260_v1_3	238578
2010-01-01	2011-12-31	H3260_v1_4	238578
2012-01-01	2015-12-31	H3260_v1_5	238578
2016-01-01	2017-12-31	H3260_v1_6	238578
1899-01-01	2006-12-31	H3260_v1_0	238579
2007-01-01	2007-12-31	H3260_v1_2	238579
2008-01-01	2009-12-31	H3260_v1_3	238579
2010-01-01	2011-12-31	H3260_v1_4	238579
2012-01-01	2015-12-31	H3260_v1_5	238579
2016-01-01	2017-12-31	H3260_v1_6	238579
1899-01-01	2006-12-31	H3260_v1_0	238580
2007-01-01	2007-12-31	H3260_v1_2	238580
2008-01-01	2009-12-31	H3260_v1_3	238580
2010-01-01	2011-12-31	H3260_v1_4	238580
2012-01-01	2015-12-31	H3260_v1_5	238580
2016-01-01	2017-12-31	H3260_v1_6	238580
1899-01-01	2006-12-31	H3260_v1_0	238581
2007-01-01	2007-12-31	H3260_v1_2	238581
2008-01-01	2009-12-31	H3260_v1_3	238581
2010-01-01	2011-12-31	H3260_v1_4	238581
2012-01-01	2015-12-31	H3260_v1_5	238581
2016-01-01	2017-12-31	H3260_v1_6	238581
1899-01-01	2006-12-31	H3260_v1_0	238582
2007-01-01	2007-12-31	H3260_v1_2	238582
2008-01-01	2009-12-31	H3260_v1_3	238582
2010-01-01	2011-12-31	H3260_v1_4	238582
2012-01-01	2015-12-31	H3260_v1_5	238582
2016-01-01	2017-12-31	H3260_v1_6	238582
2018-01-01	2018-12-31	H3260_v1_7	238582
1899-01-01	2006-12-31	H3260_v1_0	238583
2007-01-01	2007-12-31	H3260_v1_2	238583
2008-01-01	2009-12-31	H3260_v1_3	238583
2010-01-01	2011-12-31	H3260_v1_4	238583
2012-01-01	2015-12-31	H3260_v1_5	238583
2016-01-01	2017-12-31	H3260_v1_6	238583
2018-01-01	2018-12-31	H3260_v1_7	238583
1899-01-01	2006-12-31	H3260_v1_0	238584
2007-01-01	2007-12-31	H3260_v1_2	238584
2008-01-01	2009-12-31	H3260_v1_3	238584
2010-01-01	2011-12-31	H3260_v1_4	238584
2012-01-01	2015-12-31	H3260_v1_5	238584
2016-01-01	2017-12-31	H3260_v1_6	238584
2018-01-01	2018-12-31	H3260_v1_7	238584
1899-01-01	2006-12-31	H3260_v1_0	238585
2007-01-01	2007-12-31	H3260_v1_2	238585
2008-01-01	2009-12-31	H3260_v1_3	238585
2010-01-01	2011-12-31	H3260_v1_4	238585
2012-01-01	2015-12-31	H3260_v1_5	238585
2016-01-01	2017-12-31	H3260_v1_6	238585
2018-01-01	2018-12-31	H3260_v1_7	238585
1899-01-01	2006-12-31	H3260_v1_0	238586
2007-01-01	2007-12-31	H3260_v1_2	238586
2008-01-01	2009-12-31	H3260_v1_3	238586
2010-01-01	2011-12-31	H3260_v1_4	238586
2012-01-01	2015-12-31	H3260_v1_5	238586
2016-01-01	2017-12-31	H3260_v1_6	238586
2018-01-01	2018-12-31	H3260_v1_7	238586
1899-01-01	2006-12-31	H3260_v1_0	238587
2007-01-01	2007-12-31	H3260_v1_2	238587
2008-01-01	2009-12-31	H3260_v1_3	238587
2010-01-01	2011-12-31	H3260_v1_4	238587
2012-01-01	2015-12-31	H3260_v1_5	238587
2016-01-01	2017-12-31	H3260_v1_6	238587
2018-01-01	2018-12-31	H3260_v1_7	238587
1899-01-01	2006-12-31	H3260_v1_0	238588
2007-01-01	2007-12-31	H3260_v1_2	238588
2008-01-01	2009-12-31	H3260_v1_3	238588
2010-01-01	2011-12-31	H3260_v1_4	238588
2012-01-01	2015-12-31	H3260_v1_5	238588
2016-01-01	2017-12-31	H3260_v1_6	238588
2018-01-01	2018-12-31	H3260_v1_7	238588
1899-01-01	2006-12-31	H3260_v1_0	238589
2007-01-01	2007-12-31	H3260_v1_2	238589
2008-01-01	2009-12-31	H3260_v1_3	238589
2010-01-01	2011-12-31	H3260_v1_4	238589
2012-01-01	2015-12-31	H3260_v1_5	238589
2016-01-01	2017-12-31	H3260_v1_6	238589
2018-01-01	2018-12-31	H3260_v1_7	238589
1899-01-01	2006-12-31	H3260_v1_0	238590
2007-01-01	2007-12-31	H3260_v1_2	238590
2008-01-01	2009-12-31	H3260_v1_3	238590
2010-01-01	2011-12-31	H3260_v1_4	238590
2012-01-01	2015-12-31	H3260_v1_5	238590
2016-01-01	2017-12-31	H3260_v1_6	238590
2018-01-01	2018-12-31	H3260_v1_7	238590
1899-01-01	2006-12-31	H3260_v1_0	238591
2007-01-01	2007-12-31	H3260_v1_2	238591
2008-01-01	2009-12-31	H3260_v1_3	238591
2010-01-01	2011-12-31	H3260_v1_4	238591
2012-01-01	2015-12-31	H3260_v1_5	238591
2016-01-01	2017-12-31	H3260_v1_6	238591
2018-01-01	2018-12-31	H3260_v1_7	238591
1899-01-01	2006-12-31	H3260_v1_0	238592
2007-01-01	2007-12-31	H3260_v1_2	238592
2008-01-01	2009-12-31	H3260_v1_3	238592
2010-01-01	2011-12-31	H3260_v1_4	238592
2012-01-01	2015-12-31	H3260_v1_5	238592
2016-01-01	2017-12-31	H3260_v1_6	238592
2018-01-01	2018-12-31	H3260_v1_7	238592
1899-01-01	2006-12-31	H3260_v1_0	238593
2007-01-01	2007-12-31	H3260_v1_2	238593
2008-01-01	2009-12-31	H3260_v1_3	238593
2010-01-01	2011-12-31	H3260_v1_4	238593
2012-01-01	2015-12-31	H3260_v1_5	238593
2016-01-01	2017-12-31	H3260_v1_6	238593
2018-01-01	2018-12-31	H3260_v1_7	238593
1899-01-01	2006-12-31	H3260_v1_0	238594
2007-01-01	2007-12-31	H3260_v1_2	238594
2008-01-01	2009-12-31	H3260_v1_3	238594
2010-01-01	2011-12-31	H3260_v1_4	238594
2012-01-01	2015-12-31	H3260_v1_5	238594
2016-01-01	2017-12-31	H3260_v1_6	238594
2018-01-01	2018-12-31	H3260_v1_7	238594
1899-01-01	2006-12-31	H3260_v1_0	238595
2007-01-01	2007-12-31	H3260_v1_2	238595
2008-01-01	2009-12-31	H3260_v1_3	238595
2010-01-01	2011-12-31	H3260_v1_4	238595
2012-01-01	2015-12-31	H3260_v1_5	238595
2016-01-01	2017-12-31	H3260_v1_6	238595
2018-01-01	2018-12-31	H3260_v1_7	238595
1899-01-01	2006-12-31	H3260_v1_0	238596
2007-01-01	2007-12-31	H3260_v1_2	238596
2008-01-01	2009-12-31	H3260_v1_3	238596
2010-01-01	2011-12-31	H3260_v1_4	238596
2012-01-01	2015-12-31	H3260_v1_5	238596
2016-01-01	2017-12-31	H3260_v1_6	238596
2018-01-01	2018-12-31	H3260_v1_7	238596
1899-01-01	2006-12-31	H3260_v1_0	238597
2007-01-01	2007-12-31	H3260_v1_2	238597
2008-01-01	2009-12-31	H3260_v1_3	238597
2010-01-01	2011-12-31	H3260_v1_4	238597
2012-01-01	2015-12-31	H3260_v1_5	238597
2016-01-01	2017-12-31	H3260_v1_6	238597
2018-01-01	2018-12-31	H3260_v1_7	238597
1899-01-01	2006-12-31	H3260_v1_0	238598
2007-01-01	2007-12-31	H3260_v1_2	238598
2008-01-01	2009-12-31	H3260_v1_3	238598
2010-01-01	2011-12-31	H3260_v1_4	238598
2012-01-01	2015-12-31	H3260_v1_5	238598
2016-01-01	2017-12-31	H3260_v1_6	238598
2018-01-01	2018-12-31	H3260_v1_7	238598
1899-01-01	2006-12-31	H3260_v1_0	238599
2007-01-01	2007-12-31	H3260_v1_2	238599
2008-01-01	2009-12-31	H3260_v1_3	238599
2010-01-01	2011-12-31	H3260_v1_4	238599
2012-01-01	2015-12-31	H3260_v1_5	238599
2016-01-01	2017-12-31	H3260_v1_6	238599
2018-01-01	2018-12-31	H3260_v1_7	238599
1899-01-01	2006-12-31	H3260_v1_0	238600
2007-01-01	2007-12-31	H3260_v1_2	238600
2008-01-01	2009-12-31	H3260_v1_3	238600
2010-01-01	2011-12-31	H3260_v1_4	238600
2012-01-01	2015-12-31	H3260_v1_5	238600
2016-01-01	2017-12-31	H3260_v1_6	238600
2018-01-01	2018-12-31	H3260_v1_7	238600
1899-01-01	2006-12-31	H3260_v1_0	238601
2007-01-01	2007-12-31	H3260_v1_2	238601
2008-01-01	2009-12-31	H3260_v1_3	238601
2010-01-01	2011-12-31	H3260_v1_4	238601
2012-01-01	2015-12-31	H3260_v1_5	238601
2016-01-01	2017-12-31	H3260_v1_6	238601
2018-01-01	2018-12-31	H3260_v1_7	238601
1899-01-01	2006-12-31	H3260_v1_0	238602
2007-01-01	2007-12-31	H3260_v1_2	238602
2008-01-01	2009-12-31	H3260_v1_3	238602
2010-01-01	2011-12-31	H3260_v1_4	238602
2012-01-01	2015-12-31	H3260_v1_5	238602
2016-01-01	2017-12-31	H3260_v1_6	238602
2018-01-01	2018-12-31	H3260_v1_7	238602
1899-01-01	2006-12-31	H3260_v1_0	238603
2007-01-01	2007-12-31	H3260_v1_2	238603
2008-01-01	2009-12-31	H3260_v1_3	238603
2010-01-01	2011-12-31	H3260_v1_4	238603
2012-01-01	2015-12-31	H3260_v1_5	238603
2016-01-01	2017-12-31	H3260_v1_6	238603
2018-01-01	2018-12-31	H3260_v1_7	238603
1899-01-01	2006-12-31	H3260_v1_0	238604
2007-01-01	2007-12-31	H3260_v1_2	238604
2008-01-01	2009-12-31	H3260_v1_3	238604
2010-01-01	2011-12-31	H3260_v1_4	238604
2012-01-01	2015-12-31	H3260_v1_5	238604
2016-01-01	2017-12-31	H3260_v1_6	238604
2018-01-01	2018-12-31	H3260_v1_7	238604
1899-01-01	2006-12-31	H3260_v1_0	238605
2007-01-01	2007-12-31	H3260_v1_2	238605
2008-01-01	2009-12-31	H3260_v1_3	238605
2010-01-01	2011-12-31	H3260_v1_4	238605
2012-01-01	2015-12-31	H3260_v1_5	238605
2016-01-01	2017-12-31	H3260_v1_6	238605
2018-01-01	2018-12-31	H3260_v1_7	238605
1899-01-01	2006-12-31	H3260_v1_0	238606
2007-01-01	2007-12-31	H3260_v1_2	238606
2008-01-01	2009-12-31	H3260_v1_3	238606
2010-01-01	2011-12-31	H3260_v1_4	238606
2012-01-01	2015-12-31	H3260_v1_5	238606
2016-01-01	2017-12-31	H3260_v1_6	238606
2018-01-01	2018-12-31	H3260_v1_7	238606
1899-01-01	2006-12-31	H3260_v1_0	238607
2007-01-01	2007-12-31	H3260_v1_2	238607
2008-01-01	2009-12-31	H3260_v1_3	238607
2010-01-01	2011-12-31	H3260_v1_4	238607
2012-01-01	2015-12-31	H3260_v1_5	238607
2016-01-01	2017-12-31	H3260_v1_6	238607
2018-01-01	2018-12-31	H3260_v1_7	238607
1899-01-01	2006-12-31	H3260_v1_0	238608
2007-01-01	2007-12-31	H3260_v1_2	238608
2008-01-01	2009-12-31	H3260_v1_3	238608
2010-01-01	2011-12-31	H3260_v1_4	238608
2012-01-01	2015-12-31	H3260_v1_5	238608
2016-01-01	2017-12-31	H3260_v1_6	238608
2018-01-01	2018-12-31	H3260_v1_7	238608
1899-01-01	2006-12-31	H3260_v1_0	238609
2007-01-01	2007-12-31	H3260_v1_2	238609
2008-01-01	2009-12-31	H3260_v1_3	238609
2010-01-01	2011-12-31	H3260_v1_4	238609
2012-01-01	2015-12-31	H3260_v1_5	238609
2016-01-01	2017-12-31	H3260_v1_6	238609
2018-01-01	2018-12-31	H3260_v1_7	238609
1899-01-01	2006-12-31	H3260_v1_0	238610
2007-01-01	2007-12-31	H3260_v1_2	238610
2008-01-01	2009-12-31	H3260_v1_3	238610
2010-01-01	2011-12-31	H3260_v1_4	238610
2012-01-01	2015-12-31	H3260_v1_5	238610
2016-01-01	2017-12-31	H3260_v1_6	238610
2018-01-01	2018-12-31	H3260_v1_7	238610
1899-01-01	2006-12-31	H3260_v1_0	238611
2007-01-01	2007-12-31	H3260_v1_2	238611
2008-01-01	2009-12-31	H3260_v1_3	238611
2010-01-01	2011-12-31	H3260_v1_4	238611
2012-01-01	2015-12-31	H3260_v1_5	238611
2016-01-01	2017-12-31	H3260_v1_6	238611
2018-01-01	2018-12-31	H3260_v1_7	238611
1899-01-01	2006-12-31	H3260_v1_0	238612
2007-01-01	2007-12-31	H3260_v1_2	238612
2008-01-01	2009-12-31	H3260_v1_3	238612
2010-01-01	2011-12-31	H3260_v1_4	238612
2012-01-01	2015-12-31	H3260_v1_5	238612
2016-01-01	2017-12-31	H3260_v1_6	238612
2018-01-01	2018-12-31	H3260_v1_7	238612
1899-01-01	2006-12-31	H3260_v1_0	238613
2007-01-01	2007-12-31	H3260_v1_2	238613
2008-01-01	2009-12-31	H3260_v1_3	238613
2010-01-01	2011-12-31	H3260_v1_4	238613
2012-01-01	2015-12-31	H3260_v1_5	238613
2016-01-01	2017-12-31	H3260_v1_6	238613
2018-01-01	2018-12-31	H3260_v1_7	238613
1899-01-01	2006-12-31	H3260_v1_0	238614
2007-01-01	2007-12-31	H3260_v1_2	238614
2008-01-01	2009-12-31	H3260_v1_3	238614
2010-01-01	2011-12-31	H3260_v1_4	238614
2012-01-01	2015-12-31	H3260_v1_5	238614
2016-01-01	2017-12-31	H3260_v1_6	238614
2018-01-01	2018-12-31	H3260_v1_7	238614
1899-01-01	2006-12-31	H3260_v1_0	238615
2007-01-01	2007-12-31	H3260_v1_2	238615
2008-01-01	2009-12-31	H3260_v1_3	238615
2010-01-01	2011-12-31	H3260_v1_4	238615
2012-01-01	2015-12-31	H3260_v1_5	238615
2016-01-01	2017-12-31	H3260_v1_6	238615
2018-01-01	2018-12-31	H3260_v1_7	238615
1899-01-01	2006-12-31	H3260_v1_0	238616
2007-01-01	2007-12-31	H3260_v1_2	238616
2008-01-01	2009-12-31	H3260_v1_3	238616
2010-01-01	2011-12-31	H3260_v1_4	238616
2012-01-01	2015-12-31	H3260_v1_5	238616
2016-01-01	2017-12-31	H3260_v1_6	238616
2018-01-01	2018-12-31	H3260_v1_7	238616
1899-01-01	2006-12-31	H3260_v1_0	238617
2007-01-01	2007-12-31	H3260_v1_2	238617
2008-01-01	2009-12-31	H3260_v1_3	238617
2010-01-01	2011-12-31	H3260_v1_4	238617
2012-01-01	2015-12-31	H3260_v1_5	238617
2016-01-01	2017-12-31	H3260_v1_6	238617
2018-01-01	2018-12-31	H3260_v1_7	238617
1899-01-01	2006-12-31	H3260_v1_0	238618
2007-01-01	2007-12-31	H3260_v1_2	238618
2008-01-01	2009-12-31	H3260_v1_3	238618
2010-01-01	2011-12-31	H3260_v1_4	238618
2012-01-01	2015-12-31	H3260_v1_5	238618
2016-01-01	2017-12-31	H3260_v1_6	238618
2018-01-01	2018-12-31	H3260_v1_7	238618
1899-01-01	2006-12-31	H3260_v1_0	238619
2007-01-01	2007-12-31	H3260_v1_2	238619
2008-01-01	2009-12-31	H3260_v1_3	238619
2010-01-01	2011-12-31	H3260_v1_4	238619
2012-01-01	2015-12-31	H3260_v1_5	238619
2016-01-01	2017-12-31	H3260_v1_6	238619
2018-01-01	2018-12-31	H3260_v1_7	238619
1899-01-01	2006-12-31	H3260_v1_0	238620
2007-01-01	2007-12-31	H3260_v1_2	238620
2008-01-01	2009-12-31	H3260_v1_3	238620
2010-01-01	2011-12-31	H3260_v1_4	238620
2012-01-01	2015-12-31	H3260_v1_5	238620
2016-01-01	2017-12-31	H3260_v1_6	238620
2018-01-01	2018-12-31	H3260_v1_7	238620
1899-01-01	2006-12-31	H3260_v1_0	238621
2007-01-01	2007-12-31	H3260_v1_2	238621
2008-01-01	2009-12-31	H3260_v1_3	238621
2010-01-01	2011-12-31	H3260_v1_4	238621
2012-01-01	2015-12-31	H3260_v1_5	238621
2016-01-01	2017-12-31	H3260_v1_6	238621
2018-01-01	2018-12-31	H3260_v1_7	238621
1899-01-01	2006-12-31	H3260_v1_0	238622
2007-01-01	2007-12-31	H3260_v1_2	238622
2008-01-01	2009-12-31	H3260_v1_3	238622
2010-01-01	2011-12-31	H3260_v1_4	238622
2012-01-01	2015-12-31	H3260_v1_5	238622
2016-01-01	2017-12-31	H3260_v1_6	238622
2018-01-01	2018-12-31	H3260_v1_7	238622
1899-01-01	2006-12-31	H3260_v1_0	238623
2007-01-01	2007-12-31	H3260_v1_2	238623
2008-01-01	2009-12-31	H3260_v1_3	238623
2010-01-01	2011-12-31	H3260_v1_4	238623
2012-01-01	2015-12-31	H3260_v1_5	238623
2016-01-01	2017-12-31	H3260_v1_6	238623
2018-01-01	2018-12-31	H3260_v1_7	238623
1899-01-01	2006-12-31	H3260_v1_0	238624
2007-01-01	2007-12-31	H3260_v1_2	238624
2008-01-01	2009-12-31	H3260_v1_3	238624
2010-01-01	2011-12-31	H3260_v1_4	238624
2012-01-01	2015-12-31	H3260_v1_5	238624
2016-01-01	2017-12-31	H3260_v1_6	238624
2018-01-01	2018-12-31	H3260_v1_7	238624
1899-01-01	2006-12-31	H3260_v1_0	238625
2007-01-01	2007-12-31	H3260_v1_2	238625
2008-01-01	2009-12-31	H3260_v1_3	238625
2010-01-01	2011-12-31	H3260_v1_4	238625
2012-01-01	2015-12-31	H3260_v1_5	238625
2016-01-01	2017-12-31	H3260_v1_6	238625
2018-01-01	2018-12-31	H3260_v1_7	238625
1899-01-01	2006-12-31	H3260_v1_0	238626
2007-01-01	2007-12-31	H3260_v1_2	238626
2008-01-01	2009-12-31	H3260_v1_3	238626
2010-01-01	2011-12-31	H3260_v1_4	238626
2012-01-01	2015-12-31	H3260_v1_5	238626
2016-01-01	2017-12-31	H3260_v1_6	238626
2018-01-01	2018-12-31	H3260_v1_7	238626
1899-01-01	2006-12-31	H3260_v1_0	238627
2007-01-01	2007-12-31	H3260_v1_2	238627
2008-01-01	2009-12-31	H3260_v1_3	238627
2010-01-01	2011-12-31	H3260_v1_4	238627
2012-01-01	2015-12-31	H3260_v1_5	238627
2016-01-01	2017-12-31	H3260_v1_6	238627
2018-01-01	2018-12-31	H3260_v1_7	238627
1899-01-01	2006-12-31	H3260_v1_0	238628
2007-01-01	2007-12-31	H3260_v1_2	238628
2008-01-01	2009-12-31	H3260_v1_3	238628
2010-01-01	2011-12-31	H3260_v1_4	238628
2012-01-01	2015-12-31	H3260_v1_5	238628
2016-01-01	2017-12-31	H3260_v1_6	238628
2018-01-01	2018-12-31	H3260_v1_7	238628
1899-01-01	2006-12-31	H3260_v1_0	238629
2007-01-01	2007-12-31	H3260_v1_2	238629
2008-01-01	2009-12-31	H3260_v1_3	238629
2010-01-01	2011-12-31	H3260_v1_4	238629
2012-01-01	2015-12-31	H3260_v1_5	238629
2016-01-01	2017-12-31	H3260_v1_6	238629
2018-01-01	2018-12-31	H3260_v1_7	238629
1899-01-01	2006-12-31	H3260_v1_0	238630
2007-01-01	2007-12-31	H3260_v1_2	238630
2008-01-01	2009-12-31	H3260_v1_3	238630
2010-01-01	2011-12-31	H3260_v1_4	238630
2012-01-01	2015-12-31	H3260_v1_5	238630
2016-01-01	2017-12-31	H3260_v1_6	238630
2018-01-01	2018-12-31	H3260_v1_7	238630
1899-01-01	2006-12-31	H3260_v1_0	238631
2007-01-01	2007-12-31	H3260_v1_2	238631
2008-01-01	2009-12-31	H3260_v1_3	238631
2010-01-01	2011-12-31	H3260_v1_4	238631
2012-01-01	2015-12-31	H3260_v1_5	238631
2016-01-01	2017-12-31	H3260_v1_6	238631
2018-01-01	2018-12-31	H3260_v1_7	238631
1899-01-01	2006-12-31	H3260_v1_0	238632
2007-01-01	2007-12-31	H3260_v1_2	238632
2008-01-01	2009-12-31	H3260_v1_3	238632
2010-01-01	2011-12-31	H3260_v1_4	238632
2012-01-01	2015-12-31	H3260_v1_5	238632
2016-01-01	2017-12-31	H3260_v1_6	238632
2018-01-01	2018-12-31	H3260_v1_7	238632
1899-01-01	2006-12-31	H3260_v1_0	238633
2007-01-01	2007-12-31	H3260_v1_2	238633
2008-01-01	2009-12-31	H3260_v1_3	238633
2010-01-01	2011-12-31	H3260_v1_4	238633
2012-01-01	2015-12-31	H3260_v1_5	238633
2016-01-01	2017-12-31	H3260_v1_6	238633
2018-01-01	2018-12-31	H3260_v1_7	238633
1899-01-01	2006-12-31	H3260_v1_0	238634
2007-01-01	2007-12-31	H3260_v1_2	238634
2008-01-01	2009-12-31	H3260_v1_3	238634
2010-01-01	2011-12-31	H3260_v1_4	238634
2012-01-01	2015-12-31	H3260_v1_5	238634
2016-01-01	2017-12-31	H3260_v1_6	238634
2018-01-01	2018-12-31	H3260_v1_7	238634
1899-01-01	2006-12-31	H3260_v1_0	238635
2007-01-01	2007-12-31	H3260_v1_2	238635
2008-01-01	2009-12-31	H3260_v1_3	238635
2010-01-01	2011-12-31	H3260_v1_4	238635
2012-01-01	2015-12-31	H3260_v1_5	238635
2016-01-01	2017-12-31	H3260_v1_6	238635
2018-01-01	2018-12-31	H3260_v1_7	238635
1899-01-01	2006-12-31	H3260_v1_0	238636
2007-01-01	2007-12-31	H3260_v1_2	238636
2008-01-01	2009-12-31	H3260_v1_3	238636
2010-01-01	2011-12-31	H3260_v1_4	238636
2012-01-01	2015-12-31	H3260_v1_5	238636
2016-01-01	2017-12-31	H3260_v1_6	238636
2018-01-01	2018-12-31	H3260_v1_7	238636
1899-01-01	2006-12-31	H3260_v1_0	238637
2007-01-01	2007-12-31	H3260_v1_2	238637
2008-01-01	2009-12-31	H3260_v1_3	238637
2010-01-01	2011-12-31	H3260_v1_4	238637
2012-01-01	2015-12-31	H3260_v1_5	238637
2016-01-01	2017-12-31	H3260_v1_6	238637
2018-01-01	2018-12-31	H3260_v1_7	238637
1899-01-01	2006-12-31	H3260_v1_0	238638
2007-01-01	2007-12-31	H3260_v1_2	238638
2008-01-01	2009-12-31	H3260_v1_3	238638
2010-01-01	2011-12-31	H3260_v1_4	238638
2012-01-01	2015-12-31	H3260_v1_5	238638
2016-01-01	2017-12-31	H3260_v1_6	238638
2018-01-01	2018-12-31	H3260_v1_7	238638
1899-01-01	2006-12-31	H3260_v1_0	238639
2007-01-01	2007-12-31	H3260_v1_2	238639
2008-01-01	2009-12-31	H3260_v1_3	238639
2010-01-01	2011-12-31	H3260_v1_4	238639
2012-01-01	2015-12-31	H3260_v1_5	238639
2016-01-01	2017-12-31	H3260_v1_6	238639
2018-01-01	2018-12-31	H3260_v1_7	238639
1899-01-01	2006-12-31	H3260_v1_0	238640
2007-01-01	2007-12-31	H3260_v1_2	238640
2008-01-01	2009-12-31	H3260_v1_3	238640
2010-01-01	2011-12-31	H3260_v1_4	238640
2012-01-01	2015-12-31	H3260_v1_5	238640
2016-01-01	2017-12-31	H3260_v1_6	238640
2018-01-01	2018-12-31	H3260_v1_7	238640
1899-01-01	2006-12-31	H3260_v1_0	238641
2007-01-01	2007-12-31	H3260_v1_2	238641
2008-01-01	2009-12-31	H3260_v1_3	238641
2010-01-01	2011-12-31	H3260_v1_4	238641
2012-01-01	2015-12-31	H3260_v1_5	238641
2016-01-01	2017-12-31	H3260_v1_6	238641
2018-01-01	2018-12-31	H3260_v1_7	238641
1899-01-01	2006-12-31	H3260_v1_0	238642
2007-01-01	2007-12-31	H3260_v1_2	238642
2008-01-01	2009-12-31	H3260_v1_3	238642
2010-01-01	2011-12-31	H3260_v1_4	238642
2012-01-01	2015-12-31	H3260_v1_5	238642
2016-01-01	2017-12-31	H3260_v1_6	238642
2018-01-01	2018-12-31	H3260_v1_7	238642
1899-01-01	2006-12-31	H3260_v1_0	238643
2007-01-01	2007-12-31	H3260_v1_2	238643
2008-01-01	2009-12-31	H3260_v1_3	238643
2010-01-01	2011-12-31	H3260_v1_4	238643
2012-01-01	2015-12-31	H3260_v1_5	238643
2016-01-01	2017-12-31	H3260_v1_6	238643
2018-01-01	2018-12-31	H3260_v1_7	238643
1899-01-01	2006-12-31	H3260_v1_0	238644
2007-01-01	2007-12-31	H3260_v1_2	238644
2008-01-01	2009-12-31	H3260_v1_3	238644
2010-01-01	2011-12-31	H3260_v1_4	238644
2012-01-01	2015-12-31	H3260_v1_5	238644
2016-01-01	2017-12-31	H3260_v1_6	238644
2018-01-01	2018-12-31	H3260_v1_7	238644
1899-01-01	2006-12-31	H3260_v1_0	238645
2007-01-01	2007-12-31	H3260_v1_2	238645
2008-01-01	2009-12-31	H3260_v1_3	238645
2010-01-01	2011-12-31	H3260_v1_4	238645
2012-01-01	2015-12-31	H3260_v1_5	238645
2016-01-01	2017-12-31	H3260_v1_6	238645
2018-01-01	2018-12-31	H3260_v1_7	238645
1899-01-01	2006-12-31	H3260_v1_0	238646
2007-01-01	2007-12-31	H3260_v1_2	238646
2008-01-01	2009-12-31	H3260_v1_3	238646
2010-01-01	2011-12-31	H3260_v1_4	238646
2012-01-01	2015-12-31	H3260_v1_5	238646
2016-01-01	2017-12-31	H3260_v1_6	238646
2018-01-01	2018-12-31	H3260_v1_7	238646
1899-01-01	2006-12-31	H3260_v1_0	238647
2007-01-01	2007-12-31	H3260_v1_2	238647
2008-01-01	2009-12-31	H3260_v1_3	238647
2010-01-01	2011-12-31	H3260_v1_4	238647
2012-01-01	2015-12-31	H3260_v1_5	238647
2016-01-01	2017-12-31	H3260_v1_6	238647
2018-01-01	2018-12-31	H3260_v1_7	238647
2018-01-01	2018-12-31	H3260_v1_7	238648
2018-01-01	2018-12-31	H3260_v1_7	238649
2018-01-01	2018-12-31	H3260_v1_7	238650
2018-01-01	2018-12-31	H3260_v1_7	238651
2007-01-01	2007-12-31	H3260_v1_2	238733
2008-01-01	2009-12-31	H3260_v1_3	238733
2010-01-01	2011-12-31	H3260_v1_4	238733
2012-01-01	2015-12-31	H3260_v1_5	238733
2016-01-01	2017-12-31	H3260_v1_6	238733
2018-01-01	2018-12-31	H3260_v1_7	238733
2007-01-01	2007-12-31	H3260_v1_2	238734
2008-01-01	2009-12-31	H3260_v1_3	238734
2010-01-01	2011-12-31	H3260_v1_4	238734
2012-01-01	2015-12-31	H3260_v1_5	238734
2016-01-01	2017-12-31	H3260_v1_6	238734
2018-01-01	2018-12-31	H3260_v1_7	238734
2007-01-01	2007-12-31	H3260_v1_2	238735
2008-01-01	2009-12-31	H3260_v1_3	238735
2010-01-01	2011-12-31	H3260_v1_4	238735
2012-01-01	2015-12-31	H3260_v1_5	238735
2016-01-01	2017-12-31	H3260_v1_6	238735
2018-01-01	2018-12-31	H3260_v1_7	238735
2007-01-01	2007-12-31	H3260_v1_2	238736
2008-01-01	2009-12-31	H3260_v1_3	238736
2010-01-01	2011-12-31	H3260_v1_4	238736
2012-01-01	2015-12-31	H3260_v1_5	238736
2016-01-01	2017-12-31	H3260_v1_6	238736
2018-01-01	2018-12-31	H3260_v1_7	238736
1899-01-01	2006-12-31	H3260_v1_0	238737
2007-01-01	2007-12-31	H3260_v1_2	238737
2008-01-01	2009-12-31	H3260_v1_3	238737
2010-01-01	2011-12-31	H3260_v1_4	238737
2012-01-01	2015-12-31	H3260_v1_5	238737
2016-01-01	2017-12-31	H3260_v1_6	238737
2018-01-01	2018-12-31	H3260_v1_7	238737
1899-01-01	2006-12-31	H3260_v1_0	238738
2007-01-01	2007-12-31	H3260_v1_2	238738
2008-01-01	2009-12-31	H3260_v1_3	238738
2010-01-01	2011-12-31	H3260_v1_4	238738
2012-01-01	2015-12-31	H3260_v1_5	238738
2016-01-01	2017-12-31	H3260_v1_6	238738
2018-01-01	2018-12-31	H3260_v1_7	238738
1899-01-01	2006-12-31	H3260_v1_0	238739
2007-01-01	2007-12-31	H3260_v1_2	238739
2008-01-01	2009-12-31	H3260_v1_3	238739
2010-01-01	2011-12-31	H3260_v1_4	238739
2012-01-01	2015-12-31	H3260_v1_5	238739
2016-01-01	2017-12-31	H3260_v1_6	238739
2018-01-01	2018-12-31	H3260_v1_7	238739
1899-01-01	2006-12-31	H3260_v1_0	238740
2007-01-01	2007-12-31	H3260_v1_2	238740
2008-01-01	2009-12-31	H3260_v1_3	238740
2010-01-01	2011-12-31	H3260_v1_4	238740
2012-01-01	2015-12-31	H3260_v1_5	238740
2016-01-01	2017-12-31	H3260_v1_6	238740
2018-01-01	2018-12-31	H3260_v1_7	238740
1899-01-01	2006-12-31	H3260_v1_0	238741
2007-01-01	2007-12-31	H3260_v1_2	238741
2008-01-01	2009-12-31	H3260_v1_3	238741
2010-01-01	2011-12-31	H3260_v1_4	238741
2012-01-01	2015-12-31	H3260_v1_5	238741
2016-01-01	2017-12-31	H3260_v1_6	238741
2018-01-01	2018-12-31	H3260_v1_7	238741
1899-01-01	2006-12-31	H3260_v1_0	238742
2007-01-01	2007-12-31	H3260_v1_2	238742
2008-01-01	2009-12-31	H3260_v1_3	238742
2010-01-01	2011-12-31	H3260_v1_4	238742
2012-01-01	2015-12-31	H3260_v1_5	238742
2016-01-01	2017-12-31	H3260_v1_6	238742
2018-01-01	2018-12-31	H3260_v1_7	238742
1899-01-01	2006-12-31	H3260_v1_0	238743
2007-01-01	2007-12-31	H3260_v1_2	238743
2008-01-01	2009-12-31	H3260_v1_3	238743
2010-01-01	2011-12-31	H3260_v1_4	238743
2012-01-01	2015-12-31	H3260_v1_5	238743
2016-01-01	2017-12-31	H3260_v1_6	238743
2018-01-01	2018-12-31	H3260_v1_7	238743
1899-01-01	2006-12-31	H3260_v1_0	238744
2007-01-01	2007-12-31	H3260_v1_2	238744
2008-01-01	2009-12-31	H3260_v1_3	238744
2010-01-01	2011-12-31	H3260_v1_4	238744
2012-01-01	2015-12-31	H3260_v1_5	238744
2016-01-01	2017-12-31	H3260_v1_6	238744
2018-01-01	2018-12-31	H3260_v1_7	238744
1899-01-01	2006-12-31	H3260_v1_0	238745
2007-01-01	2007-12-31	H3260_v1_2	238745
2008-01-01	2009-12-31	H3260_v1_3	238745
2010-01-01	2011-12-31	H3260_v1_4	238745
2012-01-01	2015-12-31	H3260_v1_5	238745
2016-01-01	2017-12-31	H3260_v1_6	238745
2018-01-01	2018-12-31	H3260_v1_7	238745
1899-01-01	2006-12-31	H3260_v1_0	238746
2007-01-01	2007-12-31	H3260_v1_2	238746
2008-01-01	2009-12-31	H3260_v1_3	238746
2010-01-01	2011-12-31	H3260_v1_4	238746
2012-01-01	2015-12-31	H3260_v1_5	238746
2016-01-01	2017-12-31	H3260_v1_6	238746
2018-01-01	2018-12-31	H3260_v1_7	238746
1899-01-01	2006-12-31	H3260_v1_0	238747
2007-01-01	2007-12-31	H3260_v1_2	238747
2008-01-01	2009-12-31	H3260_v1_3	238747
2010-01-01	2011-12-31	H3260_v1_4	238747
2012-01-01	2015-12-31	H3260_v1_5	238747
2016-01-01	2017-12-31	H3260_v1_6	238747
2018-01-01	2018-12-31	H3260_v1_7	238747
1899-01-01	2006-12-31	H3260_v1_0	238748
2007-01-01	2007-12-31	H3260_v1_2	238748
2008-01-01	2009-12-31	H3260_v1_3	238748
2010-01-01	2011-12-31	H3260_v1_4	238748
2012-01-01	2015-12-31	H3260_v1_5	238748
2016-01-01	2017-12-31	H3260_v1_6	238748
2018-01-01	2018-12-31	H3260_v1_7	238748
1899-01-01	2006-12-31	H3260_v1_0	238749
2007-01-01	2007-12-31	H3260_v1_2	238749
2008-01-01	2009-12-31	H3260_v1_3	238749
2010-01-01	2011-12-31	H3260_v1_4	238749
2012-01-01	2015-12-31	H3260_v1_5	238749
2016-01-01	2017-12-31	H3260_v1_6	238749
2018-01-01	2018-12-31	H3260_v1_7	238749
1899-01-01	2006-12-31	H3260_v1_0	238750
2007-01-01	2007-12-31	H3260_v1_2	238750
2008-01-01	2009-12-31	H3260_v1_3	238750
2010-01-01	2011-12-31	H3260_v1_4	238750
2012-01-01	2015-12-31	H3260_v1_5	238750
2016-01-01	2017-12-31	H3260_v1_6	238750
2018-01-01	2018-12-31	H3260_v1_7	238750
1899-01-01	2006-12-31	H3260_v1_0	238751
2007-01-01	2007-12-31	H3260_v1_2	238751
2008-01-01	2009-12-31	H3260_v1_3	238751
2010-01-01	2011-12-31	H3260_v1_4	238751
2012-01-01	2015-12-31	H3260_v1_5	238751
2016-01-01	2017-12-31	H3260_v1_6	238751
2018-01-01	2018-12-31	H3260_v1_7	238751
1899-01-01	2006-12-31	H3260_v1_0	238752
2007-01-01	2007-12-31	H3260_v1_2	238752
2008-01-01	2009-12-31	H3260_v1_3	238752
2010-01-01	2011-12-31	H3260_v1_4	238752
2012-01-01	2015-12-31	H3260_v1_5	238752
2016-01-01	2017-12-31	H3260_v1_6	238752
2018-01-01	2018-12-31	H3260_v1_7	238752
1899-01-01	2006-12-31	H3260_v1_0	238753
2007-01-01	2007-12-31	H3260_v1_2	238753
2008-01-01	2009-12-31	H3260_v1_3	238753
2010-01-01	2011-12-31	H3260_v1_4	238753
2012-01-01	2015-12-31	H3260_v1_5	238753
2016-01-01	2017-12-31	H3260_v1_6	238753
2018-01-01	2018-12-31	H3260_v1_7	238753
1899-01-01	2006-12-31	H3260_v1_0	238754
2007-01-01	2007-12-31	H3260_v1_2	238754
2008-01-01	2009-12-31	H3260_v1_3	238754
2010-01-01	2011-12-31	H3260_v1_4	238754
2012-01-01	2015-12-31	H3260_v1_5	238754
2016-01-01	2017-12-31	H3260_v1_6	238754
2018-01-01	2018-12-31	H3260_v1_7	238754
1899-01-01	2006-12-31	H3260_v1_0	238755
2007-01-01	2007-12-31	H3260_v1_2	238755
2008-01-01	2009-12-31	H3260_v1_3	238755
2010-01-01	2011-12-31	H3260_v1_4	238755
2012-01-01	2015-12-31	H3260_v1_5	238755
2016-01-01	2017-12-31	H3260_v1_6	238755
2018-01-01	2018-12-31	H3260_v1_7	238755
1899-01-01	2006-12-31	H3260_v1_0	238756
2007-01-01	2007-12-31	H3260_v1_2	238756
2008-01-01	2009-12-31	H3260_v1_3	238756
2010-01-01	2011-12-31	H3260_v1_4	238756
2012-01-01	2015-12-31	H3260_v1_5	238756
2016-01-01	2017-12-31	H3260_v1_6	238756
2018-01-01	2018-12-31	H3260_v1_7	238756
1899-01-01	2006-12-31	H3260_v1_0	238757
2007-01-01	2007-12-31	H3260_v1_2	238757
2008-01-01	2009-12-31	H3260_v1_3	238757
2010-01-01	2011-12-31	H3260_v1_4	238757
2012-01-01	2015-12-31	H3260_v1_5	238757
2016-01-01	2017-12-31	H3260_v1_6	238757
2018-01-01	2018-12-31	H3260_v1_7	238757
1899-01-01	2006-12-31	H3260_v1_0	238758
2007-01-01	2007-12-31	H3260_v1_2	238758
2008-01-01	2009-12-31	H3260_v1_3	238758
2010-01-01	2011-12-31	H3260_v1_4	238758
2012-01-01	2015-12-31	H3260_v1_5	238758
2016-01-01	2017-12-31	H3260_v1_6	238758
2018-01-01	2018-12-31	H3260_v1_7	238758
1899-01-01	2006-12-31	H3260_v1_0	238759
2007-01-01	2007-12-31	H3260_v1_2	238759
2008-01-01	2009-12-31	H3260_v1_3	238759
2010-01-01	2011-12-31	H3260_v1_4	238759
2012-01-01	2015-12-31	H3260_v1_5	238759
2016-01-01	2017-12-31	H3260_v1_6	238759
2018-01-01	2018-12-31	H3260_v1_7	238759
2007-01-01	2007-12-31	H3260_v1_2	238760
2008-01-01	2009-12-31	H3260_v1_3	238760
2010-01-01	2011-12-31	H3260_v1_4	238760
2012-01-01	2015-12-31	H3260_v1_5	238760
2016-01-01	2017-12-31	H3260_v1_6	238760
2018-01-01	2018-12-31	H3260_v1_7	238760
2007-01-01	2007-12-31	H3260_v1_2	238761
2008-01-01	2009-12-31	H3260_v1_3	238761
2010-01-01	2011-12-31	H3260_v1_4	238761
2012-01-01	2015-12-31	H3260_v1_5	238761
2016-01-01	2017-12-31	H3260_v1_6	238761
2018-01-01	2018-12-31	H3260_v1_7	238761
2007-01-01	2007-12-31	H3260_v1_2	238762
2008-01-01	2009-12-31	H3260_v1_3	238762
2010-01-01	2011-12-31	H3260_v1_4	238762
2012-01-01	2015-12-31	H3260_v1_5	238762
2016-01-01	2017-12-31	H3260_v1_6	238762
2018-01-01	2018-12-31	H3260_v1_7	238762
2007-01-01	2007-12-31	H3260_v1_2	238763
2008-01-01	2009-12-31	H3260_v1_3	238763
2010-01-01	2011-12-31	H3260_v1_4	238763
2012-01-01	2015-12-31	H3260_v1_5	238763
2016-01-01	2017-12-31	H3260_v1_6	238763
2018-01-01	2018-12-31	H3260_v1_7	238763
2007-01-01	2007-12-31	H3260_v1_2	238764
2008-01-01	2009-12-31	H3260_v1_3	238764
2010-01-01	2011-12-31	H3260_v1_4	238764
2012-01-01	2015-12-31	H3260_v1_5	238764
2016-01-01	2017-12-31	H3260_v1_6	238764
2018-01-01	2018-12-31	H3260_v1_7	238764
2007-01-01	2007-12-31	H3260_v1_2	238765
2008-01-01	2009-12-31	H3260_v1_3	238765
2010-01-01	2011-12-31	H3260_v1_4	238765
2012-01-01	2015-12-31	H3260_v1_5	238765
2016-01-01	2017-12-31	H3260_v1_6	238765
2018-01-01	2018-12-31	H3260_v1_7	238765
2018-01-01	2018-12-31	H3260_v1_7	239841
2018-01-01	2018-12-31	H3260_v1_7	240544
2010-01-01	2011-12-31	H3260_v1_4	240569
2016-01-01	2017-12-31	H3260_v1_6	240569
2010-01-01	2011-12-31	H3260_v1_4	240570
2016-01-01	2017-12-31	H3260_v1_6	240570
2010-01-01	2011-12-31	H3260_v1_4	240571
2016-01-01	2017-12-31	H3260_v1_6	240571
2010-01-01	2011-12-31	H3260_v1_4	240572
2016-01-01	2017-12-31	H3260_v1_6	240572
2010-01-01	2011-12-31	H3260_v1_4	240573
2016-01-01	2017-12-31	H3260_v1_6	240573
2010-01-01	2011-12-31	H3260_v1_4	240574
2016-01-01	2017-12-31	H3260_v1_6	240574
2010-01-01	2011-12-31	H3260_v1_4	240575
2016-01-01	2017-12-31	H3260_v1_6	240575
2010-01-01	2011-12-31	H3260_v1_4	240576
2016-01-01	2017-12-31	H3260_v1_6	240576
2010-01-01	2011-12-31	H3260_v1_4	240577
2016-01-01	2017-12-31	H3260_v1_6	240577
2010-01-01	2011-12-31	H3260_v1_4	240578
2016-01-01	2017-12-31	H3260_v1_6	240578
2010-01-01	2011-12-31	H3260_v1_4	240579
2016-01-01	2017-12-31	H3260_v1_6	240579
2010-01-01	2011-12-31	H3260_v1_4	240580
2016-01-01	2017-12-31	H3260_v1_6	240580
2007-01-01	2007-12-31	H3260_v1_2	240773
2008-01-01	2009-12-31	H3260_v1_3	240773
2010-01-01	2011-12-31	H3260_v1_4	240773
2012-01-01	2015-12-31	H3260_v1_5	240773
2016-01-01	2017-12-31	H3260_v1_6	240773
2007-01-01	2007-12-31	H3260_v1_2	240774
2008-01-01	2009-12-31	H3260_v1_3	240774
2010-01-01	2011-12-31	H3260_v1_4	240774
2012-01-01	2015-12-31	H3260_v1_5	240774
2016-01-01	2017-12-31	H3260_v1_6	240774
2007-01-01	2007-12-31	H3260_v1_2	240775
2008-01-01	2009-12-31	H3260_v1_3	240775
2010-01-01	2011-12-31	H3260_v1_4	240775
2012-01-01	2015-12-31	H3260_v1_5	240775
2016-01-01	2017-12-31	H3260_v1_6	240775
2007-01-01	2007-12-31	H3260_v1_2	240776
2008-01-01	2009-12-31	H3260_v1_3	240776
2010-01-01	2011-12-31	H3260_v1_4	240776
2012-01-01	2015-12-31	H3260_v1_5	240776
2016-01-01	2017-12-31	H3260_v1_6	240776
2012-01-01	2015-12-31	H3260_v1_5	240902
2018-01-01	2018-12-31	H3260_v1_7	240902
2018-01-01	2018-12-31	H3260_v1_7	241020
2018-01-01	2018-12-31	H3260_v1_7	241021
2012-01-01	2015-12-31	H3260_v1_5	241336
2012-01-01	2015-12-31	H3260_v1_5	241337
1899-01-01	2006-12-31	H3260_v1_0	241338
2007-01-01	2007-12-31	H3260_v1_2	241338
2008-01-01	2009-12-31	H3260_v1_3	241338
2010-01-01	2011-12-31	H3260_v1_4	241338
2012-01-01	2015-12-31	H3260_v1_5	241338
2016-01-01	2017-12-31	H3260_v1_6	241338
1899-01-01	2006-12-31	H3260_v1_0	241339
2007-01-01	2007-12-31	H3260_v1_2	241339
2008-01-01	2009-12-31	H3260_v1_3	241339
2010-01-01	2011-12-31	H3260_v1_4	241339
2012-01-01	2015-12-31	H3260_v1_5	241339
2016-01-01	2017-12-31	H3260_v1_6	241339
2018-01-01	2018-12-31	H3260_v1_7	241343
1899-01-01	2006-12-31	H3260_v1_0	241375
2007-01-01	2007-12-31	H3260_v1_2	241375
2008-01-01	2009-12-31	H3260_v1_3	241375
2010-01-01	2011-12-31	H3260_v1_4	241375
2012-01-01	2015-12-31	H3260_v1_5	241375
2016-01-01	2017-12-31	H3260_v1_6	241375
2018-01-01	2018-12-31	H3260_v1_7	241375
1899-01-01	2006-12-31	H3260_v1_0	241376
2007-01-01	2007-12-31	H3260_v1_2	241376
2008-01-01	2009-12-31	H3260_v1_3	241376
2010-01-01	2011-12-31	H3260_v1_4	241376
2012-01-01	2015-12-31	H3260_v1_5	241376
2016-01-01	2017-12-31	H3260_v1_6	241376
2018-01-01	2018-12-31	H3260_v1_7	241376
1899-01-01	2006-12-31	H3260_v1_0	241377
2007-01-01	2007-12-31	H3260_v1_2	241377
2008-01-01	2009-12-31	H3260_v1_3	241377
2010-01-01	2011-12-31	H3260_v1_4	241377
2012-01-01	2015-12-31	H3260_v1_5	241377
2016-01-01	2017-12-31	H3260_v1_6	241377
2018-01-01	2018-12-31	H3260_v1_7	241377
1899-01-01	2006-12-31	H3260_v1_0	241378
2007-01-01	2007-12-31	H3260_v1_2	241378
2008-01-01	2009-12-31	H3260_v1_3	241378
2010-01-01	2011-12-31	H3260_v1_4	241378
2012-01-01	2015-12-31	H3260_v1_5	241378
2016-01-01	2017-12-31	H3260_v1_6	241378
2018-01-01	2018-12-31	H3260_v1_7	241378
1899-01-01	2006-12-31	H3260_v1_0	241434
2007-01-01	2007-12-31	H3260_v1_2	241434
2008-01-01	2009-12-31	H3260_v1_3	241434
2010-01-01	2011-12-31	H3260_v1_4	241434
2016-01-01	2017-12-31	H3260_v1_6	241434
1899-01-01	2006-12-31	H3260_v1_0	241435
2007-01-01	2007-12-31	H3260_v1_2	241435
2008-01-01	2009-12-31	H3260_v1_3	241435
2010-01-01	2011-12-31	H3260_v1_4	241435
2016-01-01	2017-12-31	H3260_v1_6	241435
1899-01-01	2006-12-31	H3260_v1_0	241456
2007-01-01	2007-12-31	H3260_v1_2	241456
2008-01-01	2009-12-31	H3260_v1_3	241456
2010-01-01	2011-12-31	H3260_v1_4	241456
2016-01-01	2017-12-31	H3260_v1_6	241456
1899-01-01	2006-12-31	H3260_v1_0	241457
2007-01-01	2007-12-31	H3260_v1_2	241457
2008-01-01	2009-12-31	H3260_v1_3	241457
2010-01-01	2011-12-31	H3260_v1_4	241457
2016-01-01	2017-12-31	H3260_v1_6	241457
1899-01-01	2006-12-31	H3260_v1_0	241460
2007-01-01	2007-12-31	H3260_v1_2	241460
2008-01-01	2009-12-31	H3260_v1_3	241460
2010-01-01	2011-12-31	H3260_v1_4	241460
2016-01-01	2017-12-31	H3260_v1_6	241460
1899-01-01	2006-12-31	H3260_v1_0	241461
2007-01-01	2007-12-31	H3260_v1_2	241461
2008-01-01	2009-12-31	H3260_v1_3	241461
2010-01-01	2011-12-31	H3260_v1_4	241461
2016-01-01	2017-12-31	H3260_v1_6	241461
1899-01-01	2006-12-31	H3260_v1_0	241471
2007-01-01	2007-12-31	H3260_v1_2	241471
2008-01-01	2009-12-31	H3260_v1_3	241471
2010-01-01	2011-12-31	H3260_v1_4	241471
2012-01-01	2015-12-31	H3260_v1_5	241471
2016-01-01	2017-12-31	H3260_v1_6	241471
2018-01-01	2018-12-31	H3260_v1_7	241471
1899-01-01	2006-12-31	H3260_v1_0	241472
2007-01-01	2007-12-31	H3260_v1_2	241472
2008-01-01	2009-12-31	H3260_v1_3	241472
2010-01-01	2011-12-31	H3260_v1_4	241472
2012-01-01	2015-12-31	H3260_v1_5	241472
2016-01-01	2017-12-31	H3260_v1_6	241472
2018-01-01	2018-12-31	H3260_v1_7	241472
2008-01-01	2009-12-31	H3260_v1_3	241527
2010-01-01	2011-12-31	H3260_v1_4	241527
2012-01-01	2015-12-31	H3260_v1_5	241527
2016-01-01	2017-12-31	H3260_v1_6	241527
2018-01-01	2018-12-31	H3260_v1_7	241527
2008-01-01	2009-12-31	H3260_v1_3	241528
2010-01-01	2011-12-31	H3260_v1_4	241528
2012-01-01	2015-12-31	H3260_v1_5	241528
2016-01-01	2017-12-31	H3260_v1_6	241528
2018-01-01	2018-12-31	H3260_v1_7	241528
1899-01-01	2006-12-31	H3260_v1_0	241540
2007-01-01	2007-12-31	H3260_v1_2	241540
2008-01-01	2009-12-31	H3260_v1_3	241540
2010-01-01	2011-12-31	H3260_v1_4	241540
2012-01-01	2015-12-31	H3260_v1_5	241540
2016-01-01	2017-12-31	H3260_v1_6	241540
2018-01-01	2018-12-31	H3260_v1_7	241540
1899-01-01	2006-12-31	H3260_v1_0	241541
2007-01-01	2007-12-31	H3260_v1_2	241541
2008-01-01	2009-12-31	H3260_v1_3	241541
2010-01-01	2011-12-31	H3260_v1_4	241541
2012-01-01	2015-12-31	H3260_v1_5	241541
2016-01-01	2017-12-31	H3260_v1_6	241541
2018-01-01	2018-12-31	H3260_v1_7	241541
1899-01-01	2006-12-31	H3260_v1_0	241551
2007-01-01	2007-12-31	H3260_v1_2	241551
2008-01-01	2009-12-31	H3260_v1_3	241551
2010-01-01	2011-12-31	H3260_v1_4	241551
2016-01-01	2017-12-31	H3260_v1_6	241551
1899-01-01	2006-12-31	H3260_v1_0	241552
2007-01-01	2007-12-31	H3260_v1_2	241552
2008-01-01	2009-12-31	H3260_v1_3	241552
2010-01-01	2011-12-31	H3260_v1_4	241552
2016-01-01	2017-12-31	H3260_v1_6	241552
1899-01-01	2006-12-31	H3260_v1_0	241582
2007-01-01	2007-12-31	H3260_v1_2	241582
2008-01-01	2009-12-31	H3260_v1_3	241582
2010-01-01	2011-12-31	H3260_v1_4	241582
2012-01-01	2015-12-31	H3260_v1_5	241582
2016-01-01	2017-12-31	H3260_v1_6	241582
2018-01-01	2018-12-31	H3260_v1_7	241582
1899-01-01	2006-12-31	H3260_v1_0	241583
2007-01-01	2007-12-31	H3260_v1_2	241583
2008-01-01	2009-12-31	H3260_v1_3	241583
2010-01-01	2011-12-31	H3260_v1_4	241583
2012-01-01	2015-12-31	H3260_v1_5	241583
2016-01-01	2017-12-31	H3260_v1_6	241583
2018-01-01	2018-12-31	H3260_v1_7	241583
1899-01-01	2006-12-31	H3260_v1_0	241605
2007-01-01	2007-12-31	H3260_v1_2	241605
2008-01-01	2009-12-31	H3260_v1_3	241605
2010-01-01	2011-12-31	H3260_v1_4	241605
2012-01-01	2015-12-31	H3260_v1_5	241605
2016-01-01	2017-12-31	H3260_v1_6	241605
2018-01-01	2018-12-31	H3260_v1_7	241605
1899-01-01	2006-12-31	H3260_v1_0	241606
2007-01-01	2007-12-31	H3260_v1_2	241606
2008-01-01	2009-12-31	H3260_v1_3	241606
2010-01-01	2011-12-31	H3260_v1_4	241606
2012-01-01	2015-12-31	H3260_v1_5	241606
2016-01-01	2017-12-31	H3260_v1_6	241606
2018-01-01	2018-12-31	H3260_v1_7	241606
1899-01-01	2006-12-31	H3260_v1_0	241607
2007-01-01	2007-12-31	H3260_v1_2	241607
2008-01-01	2009-12-31	H3260_v1_3	241607
2010-01-01	2011-12-31	H3260_v1_4	241607
2012-01-01	2015-12-31	H3260_v1_5	241607
2016-01-01	2017-12-31	H3260_v1_6	241607
2018-01-01	2018-12-31	H3260_v1_7	241607
1899-01-01	2006-12-31	H3260_v1_0	241616
2007-01-01	2007-12-31	H3260_v1_2	241616
2008-01-01	2009-12-31	H3260_v1_3	241616
2010-01-01	2011-12-31	H3260_v1_4	241616
2012-01-01	2015-12-31	H3260_v1_5	241616
2016-01-01	2017-12-31	H3260_v1_6	241616
1899-01-01	2006-12-31	H3260_v1_0	241617
2007-01-01	2007-12-31	H3260_v1_2	241617
2008-01-01	2009-12-31	H3260_v1_3	241617
2010-01-01	2011-12-31	H3260_v1_4	241617
2012-01-01	2015-12-31	H3260_v1_5	241617
2016-01-01	2017-12-31	H3260_v1_6	241617
1899-01-01	2006-12-31	H3260_v1_0	241618
2007-01-01	2007-12-31	H3260_v1_2	241618
2008-01-01	2009-12-31	H3260_v1_3	241618
2010-01-01	2011-12-31	H3260_v1_4	241618
2012-01-01	2015-12-31	H3260_v1_5	241618
2016-01-01	2017-12-31	H3260_v1_6	241618
1899-01-01	2006-12-31	H3260_v1_0	241619
2007-01-01	2007-12-31	H3260_v1_2	241619
2008-01-01	2009-12-31	H3260_v1_3	241619
2010-01-01	2011-12-31	H3260_v1_4	241619
2012-01-01	2015-12-31	H3260_v1_5	241619
2016-01-01	2017-12-31	H3260_v1_6	241619
1899-01-01	2006-12-31	H3260_v1_0	241620
2007-01-01	2007-12-31	H3260_v1_2	241620
2008-01-01	2009-12-31	H3260_v1_3	241620
2010-01-01	2011-12-31	H3260_v1_4	241620
2012-01-01	2015-12-31	H3260_v1_5	241620
2016-01-01	2017-12-31	H3260_v1_6	241620
1899-01-01	2006-12-31	H3260_v1_0	241625
2007-01-01	2007-12-31	H3260_v1_2	241625
2008-01-01	2009-12-31	H3260_v1_3	241625
2010-01-01	2011-12-31	H3260_v1_4	241625
2012-01-01	2015-12-31	H3260_v1_5	241625
2016-01-01	2017-12-31	H3260_v1_6	241625
2018-01-01	2018-12-31	H3260_v1_7	241625
1899-01-01	2006-12-31	H3260_v1_0	241626
2007-01-01	2007-12-31	H3260_v1_2	241626
2008-01-01	2009-12-31	H3260_v1_3	241626
2010-01-01	2011-12-31	H3260_v1_4	241626
2012-01-01	2015-12-31	H3260_v1_5	241626
2016-01-01	2017-12-31	H3260_v1_6	241626
2018-01-01	2018-12-31	H3260_v1_7	241626
1899-01-01	2006-12-31	H3260_v1_0	241627
2007-01-01	2007-12-31	H3260_v1_2	241627
2008-01-01	2009-12-31	H3260_v1_3	241627
2010-01-01	2011-12-31	H3260_v1_4	241627
2012-01-01	2015-12-31	H3260_v1_5	241627
2016-01-01	2017-12-31	H3260_v1_6	241627
2018-01-01	2018-12-31	H3260_v1_7	241627
1899-01-01	2006-12-31	H3260_v1_0	241628
2007-01-01	2007-12-31	H3260_v1_2	241628
2008-01-01	2009-12-31	H3260_v1_3	241628
2010-01-01	2011-12-31	H3260_v1_4	241628
2012-01-01	2015-12-31	H3260_v1_5	241628
2016-01-01	2017-12-31	H3260_v1_6	241628
2018-01-01	2018-12-31	H3260_v1_7	241628
1899-01-01	2006-12-31	H3260_v1_0	241629
2007-01-01	2007-12-31	H3260_v1_2	241629
2008-01-01	2009-12-31	H3260_v1_3	241629
2010-01-01	2011-12-31	H3260_v1_4	241629
2012-01-01	2015-12-31	H3260_v1_5	241629
2016-01-01	2017-12-31	H3260_v1_6	241629
2018-01-01	2018-12-31	H3260_v1_7	241629
1899-01-01	2006-12-31	H3260_v1_0	241637
2007-01-01	2007-12-31	H3260_v1_2	241637
2008-01-01	2009-12-31	H3260_v1_3	241637
2010-01-01	2011-12-31	H3260_v1_4	241637
2012-01-01	2015-12-31	H3260_v1_5	241637
2016-01-01	2017-12-31	H3260_v1_6	241637
1899-01-01	2006-12-31	H3260_v1_0	241638
2007-01-01	2007-12-31	H3260_v1_2	241638
2008-01-01	2009-12-31	H3260_v1_3	241638
2010-01-01	2011-12-31	H3260_v1_4	241638
2012-01-01	2015-12-31	H3260_v1_5	241638
2016-01-01	2017-12-31	H3260_v1_6	241638
1899-01-01	2006-12-31	H3260_v1_0	241648
2007-01-01	2007-12-31	H3260_v1_2	241648
2008-01-01	2009-12-31	H3260_v1_3	241648
2010-01-01	2011-12-31	H3260_v1_4	241648
2012-01-01	2015-12-31	H3260_v1_5	241648
2016-01-01	2017-12-31	H3260_v1_6	241648
1899-01-01	2006-12-31	H3260_v1_0	241649
2007-01-01	2007-12-31	H3260_v1_2	241649
2008-01-01	2009-12-31	H3260_v1_3	241649
2010-01-01	2011-12-31	H3260_v1_4	241649
2012-01-01	2015-12-31	H3260_v1_5	241649
2016-01-01	2017-12-31	H3260_v1_6	241649
1899-01-01	2006-12-31	H3260_v1_0	241650
2007-01-01	2007-12-31	H3260_v1_2	241650
2008-01-01	2009-12-31	H3260_v1_3	241650
2010-01-01	2011-12-31	H3260_v1_4	241650
2012-01-01	2015-12-31	H3260_v1_5	241650
2016-01-01	2017-12-31	H3260_v1_6	241650
1899-01-01	2006-12-31	H3260_v1_0	241651
2007-01-01	2007-12-31	H3260_v1_2	241651
2008-01-01	2009-12-31	H3260_v1_3	241651
2010-01-01	2011-12-31	H3260_v1_4	241651
2012-01-01	2015-12-31	H3260_v1_5	241651
2016-01-01	2017-12-31	H3260_v1_6	241651
1899-01-01	2006-12-31	H3260_v1_0	241652
2007-01-01	2007-12-31	H3260_v1_2	241652
2008-01-01	2009-12-31	H3260_v1_3	241652
2010-01-01	2011-12-31	H3260_v1_4	241652
2012-01-01	2015-12-31	H3260_v1_5	241652
2016-01-01	2017-12-31	H3260_v1_6	241652
1899-01-01	2006-12-31	H3260_v1_0	241653
2007-01-01	2007-12-31	H3260_v1_2	241653
2008-01-01	2009-12-31	H3260_v1_3	241653
2010-01-01	2011-12-31	H3260_v1_4	241653
2012-01-01	2015-12-31	H3260_v1_5	241653
2016-01-01	2017-12-31	H3260_v1_6	241653
2012-01-01	2015-12-31	H3260_v1_5	245946
2018-01-01	2018-12-31	H3260_v1_7	245946
2010-01-01	2011-12-31	H3260_v1_4	249116
2016-01-01	2017-12-31	H3260_v1_6	249116
2010-01-01	2011-12-31	H3260_v1_4	249117
2016-01-01	2017-12-31	H3260_v1_6	249117
2018-01-01	2018-12-31	H3260_v1_7	249423
2007-01-01	2007-12-31	H3260_v1_2	249682
2008-01-01	2009-12-31	H3260_v1_3	249682
2010-01-01	2011-12-31	H3260_v1_4	249682
2012-01-01	2015-12-31	H3260_v1_5	249682
2016-01-01	2017-12-31	H3260_v1_6	249682
2018-01-01	2018-12-31	H3260_v1_7	249682
1899-01-01	2006-12-31	H3260_v1_0	249683
2007-01-01	2007-12-31	H3260_v1_2	249683
2008-01-01	2009-12-31	H3260_v1_3	249683
2010-01-01	2011-12-31	H3260_v1_4	249683
2012-01-01	2015-12-31	H3260_v1_5	249683
2016-01-01	2017-12-31	H3260_v1_6	249683
2018-01-01	2018-12-31	H3260_v1_7	249683
1899-01-01	2006-12-31	H3260_v1_0	249684
2007-01-01	2007-12-31	H3260_v1_2	249684
2008-01-01	2009-12-31	H3260_v1_3	249684
2010-01-01	2011-12-31	H3260_v1_4	249684
2012-01-01	2015-12-31	H3260_v1_5	249684
2016-01-01	2017-12-31	H3260_v1_6	249684
2018-01-01	2018-12-31	H3260_v1_7	249684
1899-01-01	2006-12-31	H3260_v1_0	249685
2007-01-01	2007-12-31	H3260_v1_2	249685
2008-01-01	2009-12-31	H3260_v1_3	249685
2010-01-01	2011-12-31	H3260_v1_4	249685
2012-01-01	2015-12-31	H3260_v1_5	249685
2016-01-01	2017-12-31	H3260_v1_6	249685
2018-01-01	2018-12-31	H3260_v1_7	249685
1899-01-01	2006-12-31	H3260_v1_0	249686
2007-01-01	2007-12-31	H3260_v1_2	249686
2008-01-01	2009-12-31	H3260_v1_3	249686
2010-01-01	2011-12-31	H3260_v1_4	249686
2012-01-01	2015-12-31	H3260_v1_5	249686
2016-01-01	2017-12-31	H3260_v1_6	249686
1899-01-01	2006-12-31	H3260_v1_0	249687
2007-01-01	2007-12-31	H3260_v1_2	249687
2008-01-01	2009-12-31	H3260_v1_3	249687
2010-01-01	2011-12-31	H3260_v1_4	249687
2012-01-01	2015-12-31	H3260_v1_5	249687
2016-01-01	2017-12-31	H3260_v1_6	249687
1899-01-01	2006-12-31	H3260_v1_0	249688
2007-01-01	2007-12-31	H3260_v1_2	249688
2008-01-01	2009-12-31	H3260_v1_3	249688
2010-01-01	2011-12-31	H3260_v1_4	249688
2012-01-01	2015-12-31	H3260_v1_5	249688
2016-01-01	2017-12-31	H3260_v1_6	249688
1899-01-01	2006-12-31	H3260_v1_0	249689
2007-01-01	2007-12-31	H3260_v1_2	249689
2008-01-01	2009-12-31	H3260_v1_3	249689
2010-01-01	2011-12-31	H3260_v1_4	249689
2012-01-01	2015-12-31	H3260_v1_5	249689
2016-01-01	2017-12-31	H3260_v1_6	249689
1899-01-01	2006-12-31	H3260_v1_0	249690
2007-01-01	2007-12-31	H3260_v1_2	249690
2008-01-01	2009-12-31	H3260_v1_3	249690
2010-01-01	2011-12-31	H3260_v1_4	249690
2012-01-01	2015-12-31	H3260_v1_5	249690
2016-01-01	2017-12-31	H3260_v1_6	249690
1899-01-01	2006-12-31	H3260_v1_0	249691
2007-01-01	2007-12-31	H3260_v1_2	249691
2008-01-01	2009-12-31	H3260_v1_3	249691
2010-01-01	2011-12-31	H3260_v1_4	249691
2012-01-01	2015-12-31	H3260_v1_5	249691
2016-01-01	2017-12-31	H3260_v1_6	249691
1899-01-01	2006-12-31	H3260_v1_0	249692
2007-01-01	2007-12-31	H3260_v1_2	249692
2008-01-01	2009-12-31	H3260_v1_3	249692
2010-01-01	2011-12-31	H3260_v1_4	249692
2012-01-01	2015-12-31	H3260_v1_5	249692
2016-01-01	2017-12-31	H3260_v1_6	249692
1899-01-01	2006-12-31	H3260_v1_0	249693
2007-01-01	2007-12-31	H3260_v1_2	249693
2008-01-01	2009-12-31	H3260_v1_3	249693
2010-01-01	2011-12-31	H3260_v1_4	249693
2012-01-01	2015-12-31	H3260_v1_5	249693
2016-01-01	2017-12-31	H3260_v1_6	249693
1899-01-01	2006-12-31	H3260_v1_0	249694
2007-01-01	2007-12-31	H3260_v1_2	249694
2008-01-01	2009-12-31	H3260_v1_3	249694
2010-01-01	2011-12-31	H3260_v1_4	249694
2012-01-01	2015-12-31	H3260_v1_5	249694
2016-01-01	2017-12-31	H3260_v1_6	249694
1899-01-01	2006-12-31	H3260_v1_0	249695
2007-01-01	2007-12-31	H3260_v1_2	249695
2008-01-01	2009-12-31	H3260_v1_3	249695
2010-01-01	2011-12-31	H3260_v1_4	249695
2012-01-01	2015-12-31	H3260_v1_5	249695
2016-01-01	2017-12-31	H3260_v1_6	249695
1899-01-01	2006-12-31	H3260_v1_0	249696
2007-01-01	2007-12-31	H3260_v1_2	249696
2008-01-01	2009-12-31	H3260_v1_3	249696
2010-01-01	2011-12-31	H3260_v1_4	249696
2012-01-01	2015-12-31	H3260_v1_5	249696
2016-01-01	2017-12-31	H3260_v1_6	249696
1899-01-01	2006-12-31	H3260_v1_0	249697
2007-01-01	2007-12-31	H3260_v1_2	249697
2008-01-01	2009-12-31	H3260_v1_3	249697
2010-01-01	2011-12-31	H3260_v1_4	249697
2012-01-01	2015-12-31	H3260_v1_5	249697
2016-01-01	2017-12-31	H3260_v1_6	249697
1899-01-01	2006-12-31	H3260_v1_0	249698
2007-01-01	2007-12-31	H3260_v1_2	249698
2008-01-01	2009-12-31	H3260_v1_3	249698
2010-01-01	2011-12-31	H3260_v1_4	249698
2012-01-01	2015-12-31	H3260_v1_5	249698
2016-01-01	2017-12-31	H3260_v1_6	249698
1899-01-01	2006-12-31	H3260_v1_0	249699
2007-01-01	2007-12-31	H3260_v1_2	249699
2008-01-01	2009-12-31	H3260_v1_3	249699
2010-01-01	2011-12-31	H3260_v1_4	249699
2012-01-01	2015-12-31	H3260_v1_5	249699
2016-01-01	2017-12-31	H3260_v1_6	249699
1899-01-01	2006-12-31	H3260_v1_0	249700
2007-01-01	2007-12-31	H3260_v1_2	249700
2008-01-01	2009-12-31	H3260_v1_3	249700
2010-01-01	2011-12-31	H3260_v1_4	249700
2012-01-01	2015-12-31	H3260_v1_5	249700
2016-01-01	2017-12-31	H3260_v1_6	249700
1899-01-01	2006-12-31	H3260_v1_0	249701
2007-01-01	2007-12-31	H3260_v1_2	249701
2008-01-01	2009-12-31	H3260_v1_3	249701
2010-01-01	2011-12-31	H3260_v1_4	249701
2012-01-01	2015-12-31	H3260_v1_5	249701
2016-01-01	2017-12-31	H3260_v1_6	249701
1899-01-01	2006-12-31	H3260_v1_0	249702
2007-01-01	2007-12-31	H3260_v1_2	249702
2008-01-01	2009-12-31	H3260_v1_3	249702
2010-01-01	2011-12-31	H3260_v1_4	249702
2012-01-01	2015-12-31	H3260_v1_5	249702
2016-01-01	2017-12-31	H3260_v1_6	249702
1899-01-01	2006-12-31	H3260_v1_0	249703
2007-01-01	2007-12-31	H3260_v1_2	249703
2008-01-01	2009-12-31	H3260_v1_3	249703
2010-01-01	2011-12-31	H3260_v1_4	249703
2012-01-01	2015-12-31	H3260_v1_5	249703
2016-01-01	2017-12-31	H3260_v1_6	249703
1899-01-01	2006-12-31	H3260_v1_0	249704
2007-01-01	2007-12-31	H3260_v1_2	249704
2008-01-01	2009-12-31	H3260_v1_3	249704
2010-01-01	2011-12-31	H3260_v1_4	249704
2012-01-01	2015-12-31	H3260_v1_5	249704
2016-01-01	2017-12-31	H3260_v1_6	249704
1899-01-01	2006-12-31	H3260_v1_0	249705
2007-01-01	2007-12-31	H3260_v1_2	249705
2008-01-01	2009-12-31	H3260_v1_3	249705
2010-01-01	2011-12-31	H3260_v1_4	249705
2012-01-01	2015-12-31	H3260_v1_5	249705
2016-01-01	2017-12-31	H3260_v1_6	249705
1899-01-01	2006-12-31	H3260_v1_0	249706
2007-01-01	2007-12-31	H3260_v1_2	249706
2008-01-01	2009-12-31	H3260_v1_3	249706
2010-01-01	2011-12-31	H3260_v1_4	249706
2012-01-01	2015-12-31	H3260_v1_5	249706
2016-01-01	2017-12-31	H3260_v1_6	249706
1899-01-01	2006-12-31	H3260_v1_0	249707
2007-01-01	2007-12-31	H3260_v1_2	249707
2008-01-01	2009-12-31	H3260_v1_3	249707
2010-01-01	2011-12-31	H3260_v1_4	249707
2012-01-01	2015-12-31	H3260_v1_5	249707
2016-01-01	2017-12-31	H3260_v1_6	249707
1899-01-01	2006-12-31	H3260_v1_0	249708
2007-01-01	2007-12-31	H3260_v1_2	249708
2008-01-01	2009-12-31	H3260_v1_3	249708
2010-01-01	2011-12-31	H3260_v1_4	249708
2012-01-01	2015-12-31	H3260_v1_5	249708
2016-01-01	2017-12-31	H3260_v1_6	249708
1899-01-01	2006-12-31	H3260_v1_0	249709
2007-01-01	2007-12-31	H3260_v1_2	249709
2008-01-01	2009-12-31	H3260_v1_3	249709
2010-01-01	2011-12-31	H3260_v1_4	249709
2012-01-01	2015-12-31	H3260_v1_5	249709
2016-01-01	2017-12-31	H3260_v1_6	249709
1899-01-01	2006-12-31	H3260_v1_0	249710
2007-01-01	2007-12-31	H3260_v1_2	249710
2008-01-01	2009-12-31	H3260_v1_3	249710
2010-01-01	2011-12-31	H3260_v1_4	249710
2012-01-01	2015-12-31	H3260_v1_5	249710
2016-01-01	2017-12-31	H3260_v1_6	249710
1899-01-01	2006-12-31	H3260_v1_0	249711
2007-01-01	2007-12-31	H3260_v1_2	249711
2008-01-01	2009-12-31	H3260_v1_3	249711
2010-01-01	2011-12-31	H3260_v1_4	249711
2012-01-01	2015-12-31	H3260_v1_5	249711
2016-01-01	2017-12-31	H3260_v1_6	249711
1899-01-01	2006-12-31	H3260_v1_0	249712
2007-01-01	2007-12-31	H3260_v1_2	249712
2008-01-01	2009-12-31	H3260_v1_3	249712
2010-01-01	2011-12-31	H3260_v1_4	249712
2012-01-01	2015-12-31	H3260_v1_5	249712
2016-01-01	2017-12-31	H3260_v1_6	249712
2007-01-01	2007-12-31	H3260_v1_2	249713
2008-01-01	2009-12-31	H3260_v1_3	249713
2010-01-01	2011-12-31	H3260_v1_4	249713
2012-01-01	2015-12-31	H3260_v1_5	249713
2016-01-01	2017-12-31	H3260_v1_6	249713
2007-01-01	2007-12-31	H3260_v1_2	249714
2008-01-01	2009-12-31	H3260_v1_3	249714
2010-01-01	2011-12-31	H3260_v1_4	249714
2012-01-01	2015-12-31	H3260_v1_5	249714
2016-01-01	2017-12-31	H3260_v1_6	249714
2018-01-01	2018-12-31	H3260_v1_7	249714
2007-01-01	2007-12-31	H3260_v1_2	249715
2008-01-01	2009-12-31	H3260_v1_3	249715
2010-01-01	2011-12-31	H3260_v1_4	249715
2012-01-01	2015-12-31	H3260_v1_5	249715
2016-01-01	2017-12-31	H3260_v1_6	249715
2018-01-01	2018-12-31	H3260_v1_7	249715
2007-01-01	2007-12-31	H3260_v1_2	249716
2008-01-01	2009-12-31	H3260_v1_3	249716
2010-01-01	2011-12-31	H3260_v1_4	249716
2012-01-01	2015-12-31	H3260_v1_5	249716
2016-01-01	2017-12-31	H3260_v1_6	249716
2018-01-01	2018-12-31	H3260_v1_7	249716
2007-01-01	2007-12-31	H3260_v1_2	249717
2008-01-01	2009-12-31	H3260_v1_3	249717
2010-01-01	2011-12-31	H3260_v1_4	249717
2012-01-01	2015-12-31	H3260_v1_5	249717
2016-01-01	2017-12-31	H3260_v1_6	249717
2018-01-01	2018-12-31	H3260_v1_7	249717
2007-01-01	2007-12-31	H3260_v1_2	249718
2008-01-01	2009-12-31	H3260_v1_3	249718
2010-01-01	2011-12-31	H3260_v1_4	249718
2012-01-01	2015-12-31	H3260_v1_5	249718
2016-01-01	2017-12-31	H3260_v1_6	249718
2018-01-01	2018-12-31	H3260_v1_7	249718
2018-01-01	2018-12-31	H3260_v1_7	250732
2018-01-01	2018-12-31	H3260_v1_7	250733
2018-01-01	2018-12-31	H3260_v1_7	250734
1899-01-01	2006-12-31	H3260_v1_0	251378
2007-01-01	2007-12-31	H3260_v1_2	252489
2008-01-01	2009-12-31	H3260_v1_3	252489
2010-01-01	2011-12-31	H3260_v1_4	252489
2012-01-01	2015-12-31	H3260_v1_5	252489
2016-01-01	2017-12-31	H3260_v1_6	252489
2018-01-01	2018-12-31	H3260_v1_7	252489
2007-01-01	2007-12-31	H3260_v1_2	252490
2008-01-01	2009-12-31	H3260_v1_3	252490
2010-01-01	2011-12-31	H3260_v1_4	252490
2012-01-01	2015-12-31	H3260_v1_5	252490
2016-01-01	2017-12-31	H3260_v1_6	252490
2018-01-01	2018-12-31	H3260_v1_7	252490
2007-01-01	2007-12-31	H3260_v1_2	252491
2008-01-01	2009-12-31	H3260_v1_3	252491
2010-01-01	2011-12-31	H3260_v1_4	252491
2012-01-01	2015-12-31	H3260_v1_5	252491
2016-01-01	2017-12-31	H3260_v1_6	252491
2018-01-01	2018-12-31	H3260_v1_7	252491
2007-01-01	2007-12-31	H3260_v1_2	252492
2008-01-01	2009-12-31	H3260_v1_3	252492
2010-01-01	2011-12-31	H3260_v1_4	252492
2012-01-01	2015-12-31	H3260_v1_5	252492
2016-01-01	2017-12-31	H3260_v1_6	252492
2018-01-01	2018-12-31	H3260_v1_7	252492
2007-01-01	2007-12-31	H3260_v1_2	252493
2008-01-01	2009-12-31	H3260_v1_3	252493
2010-01-01	2011-12-31	H3260_v1_4	252493
2012-01-01	2015-12-31	H3260_v1_5	252493
2016-01-01	2017-12-31	H3260_v1_6	252493
2018-01-01	2018-12-31	H3260_v1_7	252493
2007-01-01	2007-12-31	H3260_v1_2	252494
2008-01-01	2009-12-31	H3260_v1_3	252494
2010-01-01	2011-12-31	H3260_v1_4	252494
2012-01-01	2015-12-31	H3260_v1_5	252494
2016-01-01	2017-12-31	H3260_v1_6	252494
2018-01-01	2018-12-31	H3260_v1_7	252494
1899-01-01	2006-12-31	H3260_v1_0	252495
2007-01-01	2007-12-31	H3260_v1_2	252495
2008-01-01	2009-12-31	H3260_v1_3	252495
2010-01-01	2011-12-31	H3260_v1_4	252495
2012-01-01	2015-12-31	H3260_v1_5	252495
2016-01-01	2017-12-31	H3260_v1_6	252495
2018-01-01	2018-12-31	H3260_v1_7	252495
1899-01-01	2006-12-31	H3260_v1_0	252496
2007-01-01	2007-12-31	H3260_v1_2	252496
2008-01-01	2009-12-31	H3260_v1_3	252496
2010-01-01	2011-12-31	H3260_v1_4	252496
2012-01-01	2015-12-31	H3260_v1_5	252496
2016-01-01	2017-12-31	H3260_v1_6	252496
2018-01-01	2018-12-31	H3260_v1_7	252496
2007-01-01	2007-12-31	H3260_v1_2	252497
2008-01-01	2009-12-31	H3260_v1_3	252497
2010-01-01	2011-12-31	H3260_v1_4	252497
2012-01-01	2015-12-31	H3260_v1_5	252497
2016-01-01	2017-12-31	H3260_v1_6	252497
2018-01-01	2018-12-31	H3260_v1_7	252497
2007-01-01	2007-12-31	H3260_v1_2	252498
2008-01-01	2009-12-31	H3260_v1_3	252498
2010-01-01	2011-12-31	H3260_v1_4	252498
2012-01-01	2015-12-31	H3260_v1_5	252498
2016-01-01	2017-12-31	H3260_v1_6	252498
2018-01-01	2018-12-31	H3260_v1_7	252498
2007-01-01	2007-12-31	H3260_v1_2	252499
2008-01-01	2009-12-31	H3260_v1_3	252499
2010-01-01	2011-12-31	H3260_v1_4	252499
2012-01-01	2015-12-31	H3260_v1_5	252499
2016-01-01	2017-12-31	H3260_v1_6	252499
2018-01-01	2018-12-31	H3260_v1_7	252499
2007-01-01	2007-12-31	H3260_v1_2	252500
2008-01-01	2009-12-31	H3260_v1_3	252500
2010-01-01	2011-12-31	H3260_v1_4	252500
2012-01-01	2015-12-31	H3260_v1_5	252500
2016-01-01	2017-12-31	H3260_v1_6	252500
2018-01-01	2018-12-31	H3260_v1_7	252500
1899-01-01	2006-12-31	H3260_v1_0	252505
2007-01-01	2007-12-31	H3260_v1_2	252505
2008-01-01	2009-12-31	H3260_v1_3	252505
2010-01-01	2011-12-31	H3260_v1_4	252505
2012-01-01	2015-12-31	H3260_v1_5	252505
2016-01-01	2017-12-31	H3260_v1_6	252505
2018-01-01	2018-12-31	H3260_v1_7	252505
1899-01-01	2006-12-31	H3260_v1_0	252506
2007-01-01	2007-12-31	H3260_v1_2	252506
2008-01-01	2009-12-31	H3260_v1_3	252506
2010-01-01	2011-12-31	H3260_v1_4	252506
2012-01-01	2015-12-31	H3260_v1_5	252506
2016-01-01	2017-12-31	H3260_v1_6	252506
2018-01-01	2018-12-31	H3260_v1_7	252506
2007-01-01	2007-12-31	H3260_v1_2	252507
2008-01-01	2009-12-31	H3260_v1_3	252507
2010-01-01	2011-12-31	H3260_v1_4	252507
2012-01-01	2015-12-31	H3260_v1_5	252507
2016-01-01	2017-12-31	H3260_v1_6	252507
2018-01-01	2018-12-31	H3260_v1_7	252507
2007-01-01	2007-12-31	H3260_v1_2	252508
2008-01-01	2009-12-31	H3260_v1_3	252508
2010-01-01	2011-12-31	H3260_v1_4	252508
2012-01-01	2015-12-31	H3260_v1_5	252508
2016-01-01	2017-12-31	H3260_v1_6	252508
2018-01-01	2018-12-31	H3260_v1_7	252508
2007-01-01	2007-12-31	H3260_v1_2	252509
2008-01-01	2009-12-31	H3260_v1_3	252509
2010-01-01	2011-12-31	H3260_v1_4	252509
2012-01-01	2015-12-31	H3260_v1_5	252509
2016-01-01	2017-12-31	H3260_v1_6	252509
2018-01-01	2018-12-31	H3260_v1_7	252509
2007-01-01	2007-12-31	H3260_v1_2	252510
2008-01-01	2009-12-31	H3260_v1_3	252510
2010-01-01	2011-12-31	H3260_v1_4	252510
2012-01-01	2015-12-31	H3260_v1_5	252510
2016-01-01	2017-12-31	H3260_v1_6	252510
2018-01-01	2018-12-31	H3260_v1_7	252510
2007-01-01	2007-12-31	H3260_v1_2	252511
2008-01-01	2009-12-31	H3260_v1_3	252511
2010-01-01	2011-12-31	H3260_v1_4	252511
2012-01-01	2015-12-31	H3260_v1_5	252511
2016-01-01	2017-12-31	H3260_v1_6	252511
2018-01-01	2018-12-31	H3260_v1_7	252511
2007-01-01	2007-12-31	H3260_v1_2	252512
2008-01-01	2009-12-31	H3260_v1_3	252512
2010-01-01	2011-12-31	H3260_v1_4	252512
2012-01-01	2015-12-31	H3260_v1_5	252512
2016-01-01	2017-12-31	H3260_v1_6	252512
2018-01-01	2018-12-31	H3260_v1_7	252512
2007-01-01	2007-12-31	H3260_v1_2	252522
2008-01-01	2009-12-31	H3260_v1_3	252522
2010-01-01	2011-12-31	H3260_v1_4	252522
2012-01-01	2015-12-31	H3260_v1_5	252522
2016-01-01	2017-12-31	H3260_v1_6	252522
2018-01-01	2018-12-31	H3260_v1_7	252522
2007-01-01	2007-12-31	H3260_v1_2	252523
2008-01-01	2009-12-31	H3260_v1_3	252523
2010-01-01	2011-12-31	H3260_v1_4	252523
2012-01-01	2015-12-31	H3260_v1_5	252523
2016-01-01	2017-12-31	H3260_v1_6	252523
2018-01-01	2018-12-31	H3260_v1_7	252523
2007-01-01	2007-12-31	H3260_v1_2	252524
2008-01-01	2009-12-31	H3260_v1_3	252524
2010-01-01	2011-12-31	H3260_v1_4	252524
2012-01-01	2015-12-31	H3260_v1_5	252524
2016-01-01	2017-12-31	H3260_v1_6	252524
2018-01-01	2018-12-31	H3260_v1_7	252524
2007-01-01	2007-12-31	H3260_v1_2	252525
2008-01-01	2009-12-31	H3260_v1_3	252525
2010-01-01	2011-12-31	H3260_v1_4	252525
2012-01-01	2015-12-31	H3260_v1_5	252525
2016-01-01	2017-12-31	H3260_v1_6	252525
2018-01-01	2018-12-31	H3260_v1_7	252525
1899-01-01	2006-12-31	H3260_v1_0	252526
2007-01-01	2007-12-31	H3260_v1_2	252526
2008-01-01	2009-12-31	H3260_v1_3	252526
2010-01-01	2011-12-31	H3260_v1_4	252526
2012-01-01	2015-12-31	H3260_v1_5	252526
2016-01-01	2017-12-31	H3260_v1_6	252526
2018-01-01	2018-12-31	H3260_v1_7	252526
1899-01-01	2006-12-31	H3260_v1_0	252527
2007-01-01	2007-12-31	H3260_v1_2	252527
2008-01-01	2009-12-31	H3260_v1_3	252527
2010-01-01	2011-12-31	H3260_v1_4	252527
2012-01-01	2015-12-31	H3260_v1_5	252527
2016-01-01	2017-12-31	H3260_v1_6	252527
2018-01-01	2018-12-31	H3260_v1_7	252527
1899-01-01	2006-12-31	H3260_v1_0	252528
2007-01-01	2007-12-31	H3260_v1_2	252528
2008-01-01	2009-12-31	H3260_v1_3	252528
2010-01-01	2011-12-31	H3260_v1_4	252528
2012-01-01	2015-12-31	H3260_v1_5	252528
2016-01-01	2017-12-31	H3260_v1_6	252528
2018-01-01	2018-12-31	H3260_v1_7	252528
1899-01-01	2006-12-31	H3260_v1_0	252529
2007-01-01	2007-12-31	H3260_v1_2	252529
2008-01-01	2009-12-31	H3260_v1_3	252529
2010-01-01	2011-12-31	H3260_v1_4	252529
2012-01-01	2015-12-31	H3260_v1_5	252529
2016-01-01	2017-12-31	H3260_v1_6	252529
2018-01-01	2018-12-31	H3260_v1_7	252529
1899-01-01	2006-12-31	H3260_v1_0	252530
2007-01-01	2007-12-31	H3260_v1_2	252530
2008-01-01	2009-12-31	H3260_v1_3	252530
2010-01-01	2011-12-31	H3260_v1_4	252530
2012-01-01	2015-12-31	H3260_v1_5	252530
2016-01-01	2017-12-31	H3260_v1_6	252530
2018-01-01	2018-12-31	H3260_v1_7	252530
1899-01-01	2006-12-31	H3260_v1_0	252531
2007-01-01	2007-12-31	H3260_v1_2	252531
2008-01-01	2009-12-31	H3260_v1_3	252531
2010-01-01	2011-12-31	H3260_v1_4	252531
2012-01-01	2015-12-31	H3260_v1_5	252531
2016-01-01	2017-12-31	H3260_v1_6	252531
2018-01-01	2018-12-31	H3260_v1_7	252531
1899-01-01	2006-12-31	H3260_v1_0	252532
2007-01-01	2007-12-31	H3260_v1_2	252532
2008-01-01	2009-12-31	H3260_v1_3	252532
2010-01-01	2011-12-31	H3260_v1_4	252532
2012-01-01	2015-12-31	H3260_v1_5	252532
2016-01-01	2017-12-31	H3260_v1_6	252532
2018-01-01	2018-12-31	H3260_v1_7	252532
1899-01-01	2006-12-31	H3260_v1_0	252533
2007-01-01	2007-12-31	H3260_v1_2	252533
2008-01-01	2009-12-31	H3260_v1_3	252533
2010-01-01	2011-12-31	H3260_v1_4	252533
2012-01-01	2015-12-31	H3260_v1_5	252533
2016-01-01	2017-12-31	H3260_v1_6	252533
2018-01-01	2018-12-31	H3260_v1_7	252533
1899-01-01	2006-12-31	H3260_v1_0	252534
2007-01-01	2007-12-31	H3260_v1_2	252534
2008-01-01	2009-12-31	H3260_v1_3	252534
2010-01-01	2011-12-31	H3260_v1_4	252534
2012-01-01	2015-12-31	H3260_v1_5	252534
2016-01-01	2017-12-31	H3260_v1_6	252534
2018-01-01	2018-12-31	H3260_v1_7	252534
1899-01-01	2006-12-31	H3260_v1_0	252535
2007-01-01	2007-12-31	H3260_v1_2	252535
2008-01-01	2009-12-31	H3260_v1_3	252535
2010-01-01	2011-12-31	H3260_v1_4	252535
2012-01-01	2015-12-31	H3260_v1_5	252535
2016-01-01	2017-12-31	H3260_v1_6	252535
2018-01-01	2018-12-31	H3260_v1_7	252535
2007-01-01	2007-12-31	H3260_v1_2	252536
2008-01-01	2009-12-31	H3260_v1_3	252536
2010-01-01	2011-12-31	H3260_v1_4	252536
2012-01-01	2015-12-31	H3260_v1_5	252536
2016-01-01	2017-12-31	H3260_v1_6	252536
2018-01-01	2018-12-31	H3260_v1_7	252536
2007-01-01	2007-12-31	H3260_v1_2	252537
2008-01-01	2009-12-31	H3260_v1_3	252537
2010-01-01	2011-12-31	H3260_v1_4	252537
2012-01-01	2015-12-31	H3260_v1_5	252537
2016-01-01	2017-12-31	H3260_v1_6	252537
2018-01-01	2018-12-31	H3260_v1_7	252537
2007-01-01	2007-12-31	H3260_v1_2	252538
2008-01-01	2009-12-31	H3260_v1_3	252538
2010-01-01	2011-12-31	H3260_v1_4	252538
2012-01-01	2015-12-31	H3260_v1_5	252538
2016-01-01	2017-12-31	H3260_v1_6	252538
2018-01-01	2018-12-31	H3260_v1_7	252538
2007-01-01	2007-12-31	H3260_v1_2	252539
2008-01-01	2009-12-31	H3260_v1_3	252539
2010-01-01	2011-12-31	H3260_v1_4	252539
2012-01-01	2015-12-31	H3260_v1_5	252539
2016-01-01	2017-12-31	H3260_v1_6	252539
2018-01-01	2018-12-31	H3260_v1_7	252539
2007-01-01	2007-12-31	H3260_v1_2	252540
2008-01-01	2009-12-31	H3260_v1_3	252540
2010-01-01	2011-12-31	H3260_v1_4	252540
2012-01-01	2015-12-31	H3260_v1_5	252540
2016-01-01	2017-12-31	H3260_v1_6	252540
2018-01-01	2018-12-31	H3260_v1_7	252540
2007-01-01	2007-12-31	H3260_v1_2	252541
2008-01-01	2009-12-31	H3260_v1_3	252541
2010-01-01	2011-12-31	H3260_v1_4	252541
2012-01-01	2015-12-31	H3260_v1_5	252541
2016-01-01	2017-12-31	H3260_v1_6	252541
2018-01-01	2018-12-31	H3260_v1_7	252541
1899-01-01	2006-12-31	H3260_v1_0	252550
2007-01-01	2007-12-31	H3260_v1_2	252550
2008-01-01	2009-12-31	H3260_v1_3	252550
2010-01-01	2011-12-31	H3260_v1_4	252550
2012-01-01	2015-12-31	H3260_v1_5	252550
2016-01-01	2017-12-31	H3260_v1_6	252550
2018-01-01	2018-12-31	H3260_v1_7	252550
1899-01-01	2006-12-31	H3260_v1_0	252551
2007-01-01	2007-12-31	H3260_v1_2	252551
2008-01-01	2009-12-31	H3260_v1_3	252551
2010-01-01	2011-12-31	H3260_v1_4	252551
2012-01-01	2015-12-31	H3260_v1_5	252551
2016-01-01	2017-12-31	H3260_v1_6	252551
2018-01-01	2018-12-31	H3260_v1_7	252551
1899-01-01	2006-12-31	H3260_v1_0	252552
2007-01-01	2007-12-31	H3260_v1_2	252552
2008-01-01	2009-12-31	H3260_v1_3	252552
2010-01-01	2011-12-31	H3260_v1_4	252552
2012-01-01	2015-12-31	H3260_v1_5	252552
2016-01-01	2017-12-31	H3260_v1_6	252552
2018-01-01	2018-12-31	H3260_v1_7	252552
1899-01-01	2006-12-31	H3260_v1_0	252553
2007-01-01	2007-12-31	H3260_v1_2	252553
2008-01-01	2009-12-31	H3260_v1_3	252553
2010-01-01	2011-12-31	H3260_v1_4	252553
2012-01-01	2015-12-31	H3260_v1_5	252553
2016-01-01	2017-12-31	H3260_v1_6	252553
2018-01-01	2018-12-31	H3260_v1_7	252553
1899-01-01	2006-12-31	H3260_v1_0	252554
2007-01-01	2007-12-31	H3260_v1_2	252554
2008-01-01	2009-12-31	H3260_v1_3	252554
2010-01-01	2011-12-31	H3260_v1_4	252554
2012-01-01	2015-12-31	H3260_v1_5	252554
2016-01-01	2017-12-31	H3260_v1_6	252554
2018-01-01	2018-12-31	H3260_v1_7	252554
1899-01-01	2006-12-31	H3260_v1_0	252555
2007-01-01	2007-12-31	H3260_v1_2	252555
2008-01-01	2009-12-31	H3260_v1_3	252555
2010-01-01	2011-12-31	H3260_v1_4	252555
2012-01-01	2015-12-31	H3260_v1_5	252555
2016-01-01	2017-12-31	H3260_v1_6	252555
2018-01-01	2018-12-31	H3260_v1_7	252555
1899-01-01	2006-12-31	H3260_v1_0	252556
2007-01-01	2007-12-31	H3260_v1_2	252556
2008-01-01	2009-12-31	H3260_v1_3	252556
2010-01-01	2011-12-31	H3260_v1_4	252556
2012-01-01	2015-12-31	H3260_v1_5	252556
2016-01-01	2017-12-31	H3260_v1_6	252556
2018-01-01	2018-12-31	H3260_v1_7	252556
1899-01-01	2006-12-31	H3260_v1_0	252557
2007-01-01	2007-12-31	H3260_v1_2	252557
2008-01-01	2009-12-31	H3260_v1_3	252557
2010-01-01	2011-12-31	H3260_v1_4	252557
2012-01-01	2015-12-31	H3260_v1_5	252557
2016-01-01	2017-12-31	H3260_v1_6	252557
2018-01-01	2018-12-31	H3260_v1_7	252557
1899-01-01	2006-12-31	H3260_v1_0	252558
2007-01-01	2007-12-31	H3260_v1_2	252558
2008-01-01	2009-12-31	H3260_v1_3	252558
2010-01-01	2011-12-31	H3260_v1_4	252558
2012-01-01	2015-12-31	H3260_v1_5	252558
2016-01-01	2017-12-31	H3260_v1_6	252558
2018-01-01	2018-12-31	H3260_v1_7	252558
2007-01-01	2007-12-31	H3260_v1_2	252559
2008-01-01	2009-12-31	H3260_v1_3	252559
2010-01-01	2011-12-31	H3260_v1_4	252559
2012-01-01	2015-12-31	H3260_v1_5	252559
2016-01-01	2017-12-31	H3260_v1_6	252559
2018-01-01	2018-12-31	H3260_v1_7	252559
2007-01-01	2007-12-31	H3260_v1_2	252560
2008-01-01	2009-12-31	H3260_v1_3	252560
2010-01-01	2011-12-31	H3260_v1_4	252560
2012-01-01	2015-12-31	H3260_v1_5	252560
2016-01-01	2017-12-31	H3260_v1_6	252560
2018-01-01	2018-12-31	H3260_v1_7	252560
2007-01-01	2007-12-31	H3260_v1_2	252561
2008-01-01	2009-12-31	H3260_v1_3	252561
2010-01-01	2011-12-31	H3260_v1_4	252561
2012-01-01	2015-12-31	H3260_v1_5	252561
2016-01-01	2017-12-31	H3260_v1_6	252561
2018-01-01	2018-12-31	H3260_v1_7	252561
2007-01-01	2007-12-31	H3260_v1_2	252562
2008-01-01	2009-12-31	H3260_v1_3	252562
2010-01-01	2011-12-31	H3260_v1_4	252562
2012-01-01	2015-12-31	H3260_v1_5	252562
2016-01-01	2017-12-31	H3260_v1_6	252562
2018-01-01	2018-12-31	H3260_v1_7	252562
2010-01-01	2011-12-31	H3260_v1_4	252604
2012-01-01	2015-12-31	H3260_v1_5	252604
2016-01-01	2017-12-31	H3260_v1_6	252604
2010-01-01	2011-12-31	H3260_v1_4	252605
2012-01-01	2015-12-31	H3260_v1_5	252605
2016-01-01	2017-12-31	H3260_v1_6	252605
2010-01-01	2011-12-31	H3260_v1_4	252606
2012-01-01	2015-12-31	H3260_v1_5	252606
2016-01-01	2017-12-31	H3260_v1_6	252606
2010-01-01	2011-12-31	H3260_v1_4	252607
2012-01-01	2015-12-31	H3260_v1_5	252607
2016-01-01	2017-12-31	H3260_v1_6	252607
2010-01-01	2011-12-31	H3260_v1_4	252608
2012-01-01	2015-12-31	H3260_v1_5	252608
2016-01-01	2017-12-31	H3260_v1_6	252608
2010-01-01	2011-12-31	H3260_v1_4	252609
2012-01-01	2015-12-31	H3260_v1_5	252609
2016-01-01	2017-12-31	H3260_v1_6	252609
2010-01-01	2011-12-31	H3260_v1_4	252610
2012-01-01	2015-12-31	H3260_v1_5	252610
2016-01-01	2017-12-31	H3260_v1_6	252610
2010-01-01	2011-12-31	H3260_v1_4	252611
2012-01-01	2015-12-31	H3260_v1_5	252611
2016-01-01	2017-12-31	H3260_v1_6	252611
2010-01-01	2011-12-31	H3260_v1_4	252612
2012-01-01	2015-12-31	H3260_v1_5	252612
2016-01-01	2017-12-31	H3260_v1_6	252612
2012-01-01	2015-12-31	H3260_v1_5	252744
2012-01-01	2015-12-31	H3260_v1_5	253257
2012-01-01	2015-12-31	H3260_v1_5	253258
2010-01-01	2011-12-31	H3260_v1_4	255273
2012-01-01	2015-12-31	H3260_v1_5	255273
2016-01-01	2017-12-31	H3260_v1_6	255273
2010-01-01	2011-12-31	H3260_v1_4	255274
2012-01-01	2015-12-31	H3260_v1_5	255274
2016-01-01	2017-12-31	H3260_v1_6	255274
2018-01-01	2018-12-31	H3260_v1_7	255305
2018-01-01	2018-12-31	H3260_v1_7	255306
1899-01-01	2006-12-31	H3260_v1_0	255313
2007-01-01	2007-12-31	H3260_v1_2	255313
2008-01-01	2009-12-31	H3260_v1_3	255313
2010-01-01	2011-12-31	H3260_v1_4	255313
2012-01-01	2015-12-31	H3260_v1_5	255313
2016-01-01	2017-12-31	H3260_v1_6	255313
2018-01-01	2018-12-31	H3260_v1_7	255313
1899-01-01	2006-12-31	H3260_v1_0	255314
2007-01-01	2007-12-31	H3260_v1_2	255314
2008-01-01	2009-12-31	H3260_v1_3	255314
2010-01-01	2011-12-31	H3260_v1_4	255314
2012-01-01	2015-12-31	H3260_v1_5	255314
2016-01-01	2017-12-31	H3260_v1_6	255314
2018-01-01	2018-12-31	H3260_v1_7	255314
1899-01-01	2006-12-31	H3260_v1_0	255315
2007-01-01	2007-12-31	H3260_v1_2	255315
2008-01-01	2009-12-31	H3260_v1_3	255315
2010-01-01	2011-12-31	H3260_v1_4	255315
2012-01-01	2015-12-31	H3260_v1_5	255315
2016-01-01	2017-12-31	H3260_v1_6	255315
2018-01-01	2018-12-31	H3260_v1_7	255315
1899-01-01	2006-12-31	H3260_v1_0	255316
2007-01-01	2007-12-31	H3260_v1_2	255316
2008-01-01	2009-12-31	H3260_v1_3	255316
2010-01-01	2011-12-31	H3260_v1_4	255316
2012-01-01	2015-12-31	H3260_v1_5	255316
2016-01-01	2017-12-31	H3260_v1_6	255316
1899-01-01	2006-12-31	H3260_v1_0	255332
2007-01-01	2007-12-31	H3260_v1_2	255332
2008-01-01	2009-12-31	H3260_v1_3	255332
2010-01-01	2011-12-31	H3260_v1_4	255332
2012-01-01	2015-12-31	H3260_v1_5	255332
2016-01-01	2017-12-31	H3260_v1_6	255332
2018-01-01	2018-12-31	H3260_v1_7	255332
1899-01-01	2006-12-31	H3260_v1_0	255333
2007-01-01	2007-12-31	H3260_v1_2	255333
2008-01-01	2009-12-31	H3260_v1_3	255333
2010-01-01	2011-12-31	H3260_v1_4	255333
2012-01-01	2015-12-31	H3260_v1_5	255333
2016-01-01	2017-12-31	H3260_v1_6	255333
2018-01-01	2018-12-31	H3260_v1_7	255333
1899-01-01	2006-12-31	H3260_v1_0	255334
2007-01-01	2007-12-31	H3260_v1_2	255334
2008-01-01	2009-12-31	H3260_v1_3	255334
2010-01-01	2011-12-31	H3260_v1_4	255334
2012-01-01	2015-12-31	H3260_v1_5	255334
2016-01-01	2017-12-31	H3260_v1_6	255334
2018-01-01	2018-12-31	H3260_v1_7	255334
1899-01-01	2006-12-31	H3260_v1_0	255335
2007-01-01	2007-12-31	H3260_v1_2	255335
2008-01-01	2009-12-31	H3260_v1_3	255335
2010-01-01	2011-12-31	H3260_v1_4	255335
2012-01-01	2015-12-31	H3260_v1_5	255335
2016-01-01	2017-12-31	H3260_v1_6	255335
2018-01-01	2018-12-31	H3260_v1_7	255335
2012-01-01	2015-12-31	H3260_v1_5	255336
2018-01-01	2018-12-31	H3260_v1_7	255336
1899-01-01	2006-12-31	H3260_v1_0	255341
2007-01-01	2007-12-31	H3260_v1_2	255341
2008-01-01	2009-12-31	H3260_v1_3	255341
2010-01-01	2011-12-31	H3260_v1_4	255341
2012-01-01	2015-12-31	H3260_v1_5	255341
2016-01-01	2017-12-31	H3260_v1_6	255341
2018-01-01	2018-12-31	H3260_v1_7	255341
1899-01-01	2006-12-31	H3260_v1_0	255342
2007-01-01	2007-12-31	H3260_v1_2	255342
2008-01-01	2009-12-31	H3260_v1_3	255342
2010-01-01	2011-12-31	H3260_v1_4	255342
2012-01-01	2015-12-31	H3260_v1_5	255342
2016-01-01	2017-12-31	H3260_v1_6	255342
2018-01-01	2018-12-31	H3260_v1_7	255342
1899-01-01	2006-12-31	H3260_v1_0	255343
2007-01-01	2007-12-31	H3260_v1_2	255343
2008-01-01	2009-12-31	H3260_v1_3	255343
2010-01-01	2011-12-31	H3260_v1_4	255343
2012-01-01	2015-12-31	H3260_v1_5	255343
2016-01-01	2017-12-31	H3260_v1_6	255343
2018-01-01	2018-12-31	H3260_v1_7	255343
1899-01-01	2006-12-31	H3260_v1_0	255344
2007-01-01	2007-12-31	H3260_v1_2	255344
2008-01-01	2009-12-31	H3260_v1_3	255344
2010-01-01	2011-12-31	H3260_v1_4	255344
2012-01-01	2015-12-31	H3260_v1_5	255344
2016-01-01	2017-12-31	H3260_v1_6	255344
2018-01-01	2018-12-31	H3260_v1_7	255344
1899-01-01	2006-12-31	H3260_v1_0	255345
2007-01-01	2007-12-31	H3260_v1_2	255345
2008-01-01	2009-12-31	H3260_v1_3	255345
2010-01-01	2011-12-31	H3260_v1_4	255345
2012-01-01	2015-12-31	H3260_v1_5	255345
2016-01-01	2017-12-31	H3260_v1_6	255345
2018-01-01	2018-12-31	H3260_v1_7	255345
1899-01-01	2006-12-31	H3260_v1_0	255346
2007-01-01	2007-12-31	H3260_v1_2	255346
2008-01-01	2009-12-31	H3260_v1_3	255346
2010-01-01	2011-12-31	H3260_v1_4	255346
2012-01-01	2015-12-31	H3260_v1_5	255346
2016-01-01	2017-12-31	H3260_v1_6	255346
2018-01-01	2018-12-31	H3260_v1_7	255346
1899-01-01	2006-12-31	H3260_v1_0	255347
2007-01-01	2007-12-31	H3260_v1_2	255347
2008-01-01	2009-12-31	H3260_v1_3	255347
2010-01-01	2011-12-31	H3260_v1_4	255347
2012-01-01	2015-12-31	H3260_v1_5	255347
2016-01-01	2017-12-31	H3260_v1_6	255347
2018-01-01	2018-12-31	H3260_v1_7	255347
1899-01-01	2006-12-31	H3260_v1_0	255348
2007-01-01	2007-12-31	H3260_v1_2	255348
2008-01-01	2009-12-31	H3260_v1_3	255348
2010-01-01	2011-12-31	H3260_v1_4	255348
2012-01-01	2015-12-31	H3260_v1_5	255348
2016-01-01	2017-12-31	H3260_v1_6	255348
2018-01-01	2018-12-31	H3260_v1_7	255348
1899-01-01	2006-12-31	H3260_v1_0	255349
2007-01-01	2007-12-31	H3260_v1_2	255349
2008-01-01	2009-12-31	H3260_v1_3	255349
2010-01-01	2011-12-31	H3260_v1_4	255349
2016-01-01	2017-12-31	H3260_v1_6	255349
1899-01-01	2006-12-31	H3260_v1_0	255350
2007-01-01	2007-12-31	H3260_v1_2	255350
2008-01-01	2009-12-31	H3260_v1_3	255350
2010-01-01	2011-12-31	H3260_v1_4	255350
2016-01-01	2017-12-31	H3260_v1_6	255350
1899-01-01	2006-12-31	H3260_v1_0	255351
2007-01-01	2007-12-31	H3260_v1_2	255351
2008-01-01	2009-12-31	H3260_v1_3	255351
2010-01-01	2011-12-31	H3260_v1_4	255351
2016-01-01	2017-12-31	H3260_v1_6	255351
1899-01-01	2006-12-31	H3260_v1_0	255352
2007-01-01	2007-12-31	H3260_v1_2	255352
2008-01-01	2009-12-31	H3260_v1_3	255352
2010-01-01	2011-12-31	H3260_v1_4	255352
2012-01-01	2015-12-31	H3260_v1_5	255352
2016-01-01	2017-12-31	H3260_v1_6	255352
2018-01-01	2018-12-31	H3260_v1_7	255352
1899-01-01	2006-12-31	H3260_v1_0	255353
2007-01-01	2007-12-31	H3260_v1_2	255353
2008-01-01	2009-12-31	H3260_v1_3	255353
2010-01-01	2011-12-31	H3260_v1_4	255353
2012-01-01	2015-12-31	H3260_v1_5	255353
2016-01-01	2017-12-31	H3260_v1_6	255353
2018-01-01	2018-12-31	H3260_v1_7	255353
1899-01-01	2006-12-31	H3260_v1_0	255354
2007-01-01	2007-12-31	H3260_v1_2	255354
2008-01-01	2009-12-31	H3260_v1_3	255354
2010-01-01	2011-12-31	H3260_v1_4	255354
2012-01-01	2015-12-31	H3260_v1_5	255354
2016-01-01	2017-12-31	H3260_v1_6	255354
2018-01-01	2018-12-31	H3260_v1_7	255354
1899-01-01	2006-12-31	H3260_v1_0	255355
2007-01-01	2007-12-31	H3260_v1_2	255355
2008-01-01	2009-12-31	H3260_v1_3	255355
2010-01-01	2011-12-31	H3260_v1_4	255355
2012-01-01	2015-12-31	H3260_v1_5	255355
2016-01-01	2017-12-31	H3260_v1_6	255355
2018-01-01	2018-12-31	H3260_v1_7	255355
1899-01-01	2006-12-31	H3260_v1_0	255356
2007-01-01	2007-12-31	H3260_v1_2	255356
2008-01-01	2009-12-31	H3260_v1_3	255356
2010-01-01	2011-12-31	H3260_v1_4	255356
2012-01-01	2015-12-31	H3260_v1_5	255356
2016-01-01	2017-12-31	H3260_v1_6	255356
2018-01-01	2018-12-31	H3260_v1_7	255356
1899-01-01	2006-12-31	H3260_v1_0	255357
2007-01-01	2007-12-31	H3260_v1_2	255357
2008-01-01	2009-12-31	H3260_v1_3	255357
2010-01-01	2011-12-31	H3260_v1_4	255357
2012-01-01	2015-12-31	H3260_v1_5	255357
2016-01-01	2017-12-31	H3260_v1_6	255357
2018-01-01	2018-12-31	H3260_v1_7	255357
1899-01-01	2006-12-31	H3260_v1_0	255358
2007-01-01	2007-12-31	H3260_v1_2	255358
2008-01-01	2009-12-31	H3260_v1_3	255358
2010-01-01	2011-12-31	H3260_v1_4	255358
2012-01-01	2015-12-31	H3260_v1_5	255358
2016-01-01	2017-12-31	H3260_v1_6	255358
2018-01-01	2018-12-31	H3260_v1_7	255358
1899-01-01	2006-12-31	H3260_v1_0	255360
2007-01-01	2007-12-31	H3260_v1_2	255360
2008-01-01	2009-12-31	H3260_v1_3	255360
2010-01-01	2011-12-31	H3260_v1_4	255360
2012-01-01	2015-12-31	H3260_v1_5	255360
2016-01-01	2017-12-31	H3260_v1_6	255360
2018-01-01	2018-12-31	H3260_v1_7	255360
1899-01-01	2006-12-31	H3260_v1_0	255361
2007-01-01	2007-12-31	H3260_v1_2	255361
2008-01-01	2009-12-31	H3260_v1_3	255361
2010-01-01	2011-12-31	H3260_v1_4	255361
2012-01-01	2015-12-31	H3260_v1_5	255361
2016-01-01	2017-12-31	H3260_v1_6	255361
2018-01-01	2018-12-31	H3260_v1_7	255361
1899-01-01	2006-12-31	H3260_v1_0	255362
2007-01-01	2007-12-31	H3260_v1_2	255362
2008-01-01	2009-12-31	H3260_v1_3	255362
2010-01-01	2011-12-31	H3260_v1_4	255362
2012-01-01	2015-12-31	H3260_v1_5	255362
2016-01-01	2017-12-31	H3260_v1_6	255362
2018-01-01	2018-12-31	H3260_v1_7	255362
1899-01-01	2006-12-31	H3260_v1_0	255363
2007-01-01	2007-12-31	H3260_v1_2	255363
2008-01-01	2009-12-31	H3260_v1_3	255363
2010-01-01	2011-12-31	H3260_v1_4	255363
2012-01-01	2015-12-31	H3260_v1_5	255363
2016-01-01	2017-12-31	H3260_v1_6	255363
2018-01-01	2018-12-31	H3260_v1_7	255363
1899-01-01	2006-12-31	H3260_v1_0	255364
2007-01-01	2007-12-31	H3260_v1_2	255364
2008-01-01	2009-12-31	H3260_v1_3	255364
2010-01-01	2011-12-31	H3260_v1_4	255364
2012-01-01	2015-12-31	H3260_v1_5	255364
2016-01-01	2017-12-31	H3260_v1_6	255364
2018-01-01	2018-12-31	H3260_v1_7	255364
1899-01-01	2006-12-31	H3260_v1_0	255365
2007-01-01	2007-12-31	H3260_v1_2	255365
2008-01-01	2009-12-31	H3260_v1_3	255365
2010-01-01	2011-12-31	H3260_v1_4	255365
2012-01-01	2015-12-31	H3260_v1_5	255365
2016-01-01	2017-12-31	H3260_v1_6	255365
2018-01-01	2018-12-31	H3260_v1_7	255365
1899-01-01	2006-12-31	H3260_v1_0	255366
2007-01-01	2007-12-31	H3260_v1_2	255366
2008-01-01	2009-12-31	H3260_v1_3	255366
2010-01-01	2011-12-31	H3260_v1_4	255366
2012-01-01	2015-12-31	H3260_v1_5	255366
2016-01-01	2017-12-31	H3260_v1_6	255366
2018-01-01	2018-12-31	H3260_v1_7	255366
1899-01-01	2006-12-31	H3260_v1_0	255367
2007-01-01	2007-12-31	H3260_v1_2	255367
2008-01-01	2009-12-31	H3260_v1_3	255367
2010-01-01	2011-12-31	H3260_v1_4	255367
2012-01-01	2015-12-31	H3260_v1_5	255367
2016-01-01	2017-12-31	H3260_v1_6	255367
2018-01-01	2018-12-31	H3260_v1_7	255367
1899-01-01	2006-12-31	H3260_v1_0	255368
2007-01-01	2007-12-31	H3260_v1_2	255368
2008-01-01	2009-12-31	H3260_v1_3	255368
2010-01-01	2011-12-31	H3260_v1_4	255368
2012-01-01	2015-12-31	H3260_v1_5	255368
2016-01-01	2017-12-31	H3260_v1_6	255368
2018-01-01	2018-12-31	H3260_v1_7	255368
1899-01-01	2006-12-31	H3260_v1_0	255370
2007-01-01	2007-12-31	H3260_v1_2	255370
2008-01-01	2009-12-31	H3260_v1_3	255370
2010-01-01	2011-12-31	H3260_v1_4	255370
2012-01-01	2015-12-31	H3260_v1_5	255370
2016-01-01	2017-12-31	H3260_v1_6	255370
2018-01-01	2018-12-31	H3260_v1_7	255370
1899-01-01	2006-12-31	H3260_v1_0	255371
2007-01-01	2007-12-31	H3260_v1_2	255371
2008-01-01	2009-12-31	H3260_v1_3	255371
2010-01-01	2011-12-31	H3260_v1_4	255371
2012-01-01	2015-12-31	H3260_v1_5	255371
2016-01-01	2017-12-31	H3260_v1_6	255371
2018-01-01	2018-12-31	H3260_v1_7	255371
1899-01-01	2006-12-31	H3260_v1_0	255372
2007-01-01	2007-12-31	H3260_v1_2	255372
2008-01-01	2009-12-31	H3260_v1_3	255372
2010-01-01	2011-12-31	H3260_v1_4	255372
2012-01-01	2015-12-31	H3260_v1_5	255372
2016-01-01	2017-12-31	H3260_v1_6	255372
2018-01-01	2018-12-31	H3260_v1_7	255372
1899-01-01	2006-12-31	H3260_v1_0	255373
2007-01-01	2007-12-31	H3260_v1_2	255373
2008-01-01	2009-12-31	H3260_v1_3	255373
2010-01-01	2011-12-31	H3260_v1_4	255373
2012-01-01	2015-12-31	H3260_v1_5	255373
2016-01-01	2017-12-31	H3260_v1_6	255373
2018-01-01	2018-12-31	H3260_v1_7	255373
1899-01-01	2006-12-31	H3260_v1_0	255374
2007-01-01	2007-12-31	H3260_v1_2	255374
2008-01-01	2009-12-31	H3260_v1_3	255374
2010-01-01	2011-12-31	H3260_v1_4	255374
2012-01-01	2015-12-31	H3260_v1_5	255374
2016-01-01	2017-12-31	H3260_v1_6	255374
2018-01-01	2018-12-31	H3260_v1_7	255374
1899-01-01	2006-12-31	H3260_v1_0	255375
2007-01-01	2007-12-31	H3260_v1_2	255375
2008-01-01	2009-12-31	H3260_v1_3	255375
2010-01-01	2011-12-31	H3260_v1_4	255375
2012-01-01	2015-12-31	H3260_v1_5	255375
2016-01-01	2017-12-31	H3260_v1_6	255375
2018-01-01	2018-12-31	H3260_v1_7	255375
1899-01-01	2006-12-31	H3260_v1_0	255376
2007-01-01	2007-12-31	H3260_v1_2	255376
2008-01-01	2009-12-31	H3260_v1_3	255376
2010-01-01	2011-12-31	H3260_v1_4	255376
2012-01-01	2015-12-31	H3260_v1_5	255376
2016-01-01	2017-12-31	H3260_v1_6	255376
2018-01-01	2018-12-31	H3260_v1_7	255376
1899-01-01	2006-12-31	H3260_v1_0	255377
2007-01-01	2007-12-31	H3260_v1_2	255377
2008-01-01	2009-12-31	H3260_v1_3	255377
2010-01-01	2011-12-31	H3260_v1_4	255377
2012-01-01	2015-12-31	H3260_v1_5	255377
2016-01-01	2017-12-31	H3260_v1_6	255377
2018-01-01	2018-12-31	H3260_v1_7	255377
1899-01-01	2006-12-31	H3260_v1_0	255378
2007-01-01	2007-12-31	H3260_v1_2	255378
2008-01-01	2009-12-31	H3260_v1_3	255378
2010-01-01	2011-12-31	H3260_v1_4	255378
2012-01-01	2015-12-31	H3260_v1_5	255378
2016-01-01	2017-12-31	H3260_v1_6	255378
2018-01-01	2018-12-31	H3260_v1_7	255378
1899-01-01	2006-12-31	H3260_v1_0	255379
2007-01-01	2007-12-31	H3260_v1_2	255379
2008-01-01	2009-12-31	H3260_v1_3	255379
2010-01-01	2011-12-31	H3260_v1_4	255379
2012-01-01	2015-12-31	H3260_v1_5	255379
2016-01-01	2017-12-31	H3260_v1_6	255379
2018-01-01	2018-12-31	H3260_v1_7	255379
1899-01-01	2006-12-31	H3260_v1_0	255380
2007-01-01	2007-12-31	H3260_v1_2	255380
2008-01-01	2009-12-31	H3260_v1_3	255380
2010-01-01	2011-12-31	H3260_v1_4	255380
2012-01-01	2015-12-31	H3260_v1_5	255380
2016-01-01	2017-12-31	H3260_v1_6	255380
2018-01-01	2018-12-31	H3260_v1_7	255380
1899-01-01	2006-12-31	H3260_v1_0	255381
2007-01-01	2007-12-31	H3260_v1_2	255381
2008-01-01	2009-12-31	H3260_v1_3	255381
2010-01-01	2011-12-31	H3260_v1_4	255381
2012-01-01	2015-12-31	H3260_v1_5	255381
2016-01-01	2017-12-31	H3260_v1_6	255381
2018-01-01	2018-12-31	H3260_v1_7	255381
1899-01-01	2006-12-31	H3260_v1_0	255382
2007-01-01	2007-12-31	H3260_v1_2	255382
2008-01-01	2009-12-31	H3260_v1_3	255382
2010-01-01	2011-12-31	H3260_v1_4	255382
2012-01-01	2015-12-31	H3260_v1_5	255382
2016-01-01	2017-12-31	H3260_v1_6	255382
2018-01-01	2018-12-31	H3260_v1_7	255382
1899-01-01	2006-12-31	H3260_v1_0	255383
2007-01-01	2007-12-31	H3260_v1_2	255383
2008-01-01	2009-12-31	H3260_v1_3	255383
2010-01-01	2011-12-31	H3260_v1_4	255383
2012-01-01	2015-12-31	H3260_v1_5	255383
2016-01-01	2017-12-31	H3260_v1_6	255383
2018-01-01	2018-12-31	H3260_v1_7	255383
2018-01-01	2018-12-31	H3260_v1_7	255384
1899-01-01	2006-12-31	H3260_v1_0	255385
2007-01-01	2007-12-31	H3260_v1_2	255385
2008-01-01	2009-12-31	H3260_v1_3	255385
2010-01-01	2011-12-31	H3260_v1_4	255385
2012-01-01	2015-12-31	H3260_v1_5	255385
2016-01-01	2017-12-31	H3260_v1_6	255385
2018-01-01	2018-12-31	H3260_v1_7	255385
1899-01-01	2006-12-31	H3260_v1_0	255386
2007-01-01	2007-12-31	H3260_v1_2	255386
2008-01-01	2009-12-31	H3260_v1_3	255386
2010-01-01	2011-12-31	H3260_v1_4	255386
2012-01-01	2015-12-31	H3260_v1_5	255386
2016-01-01	2017-12-31	H3260_v1_6	255386
2018-01-01	2018-12-31	H3260_v1_7	255386
1899-01-01	2006-12-31	H3260_v1_0	255387
2007-01-01	2007-12-31	H3260_v1_2	255387
2008-01-01	2009-12-31	H3260_v1_3	255387
2010-01-01	2011-12-31	H3260_v1_4	255387
2012-01-01	2015-12-31	H3260_v1_5	255387
2016-01-01	2017-12-31	H3260_v1_6	255387
2018-01-01	2018-12-31	H3260_v1_7	255387
1899-01-01	2006-12-31	H3260_v1_0	255388
2007-01-01	2007-12-31	H3260_v1_2	255388
2008-01-01	2009-12-31	H3260_v1_3	255388
2010-01-01	2011-12-31	H3260_v1_4	255388
2012-01-01	2015-12-31	H3260_v1_5	255388
2016-01-01	2017-12-31	H3260_v1_6	255388
2018-01-01	2018-12-31	H3260_v1_7	255388
1899-01-01	2006-12-31	H3260_v1_0	255389
2007-01-01	2007-12-31	H3260_v1_2	255389
2008-01-01	2009-12-31	H3260_v1_3	255389
2010-01-01	2011-12-31	H3260_v1_4	255389
2012-01-01	2015-12-31	H3260_v1_5	255389
2016-01-01	2017-12-31	H3260_v1_6	255389
2018-01-01	2018-12-31	H3260_v1_7	255389
2018-01-01	2018-12-31	H3260_v1_7	255390
2018-01-01	2018-12-31	H3260_v1_7	255391
2012-01-01	2015-12-31	H3260_v1_5	255392
2018-01-01	2018-12-31	H3260_v1_7	255392
2012-01-01	2015-12-31	H3260_v1_5	255393
2018-01-01	2018-12-31	H3260_v1_7	255393
1899-01-01	2006-12-31	H3260_v1_0	255400
2007-01-01	2007-12-31	H3260_v1_2	255400
2008-01-01	2009-12-31	H3260_v1_3	255400
2010-01-01	2011-12-31	H3260_v1_4	255400
2012-01-01	2015-12-31	H3260_v1_5	255400
2016-01-01	2017-12-31	H3260_v1_6	255400
2018-01-01	2018-12-31	H3260_v1_7	255400
1899-01-01	2006-12-31	H3260_v1_0	255401
2007-01-01	2007-12-31	H3260_v1_2	255401
2008-01-01	2009-12-31	H3260_v1_3	255401
2010-01-01	2011-12-31	H3260_v1_4	255401
2012-01-01	2015-12-31	H3260_v1_5	255401
2016-01-01	2017-12-31	H3260_v1_6	255401
2018-01-01	2018-12-31	H3260_v1_7	255401
1899-01-01	2006-12-31	H3260_v1_0	255402
2007-01-01	2007-12-31	H3260_v1_2	255402
2008-01-01	2009-12-31	H3260_v1_3	255402
2010-01-01	2011-12-31	H3260_v1_4	255402
2012-01-01	2015-12-31	H3260_v1_5	255402
2016-01-01	2017-12-31	H3260_v1_6	255402
2018-01-01	2018-12-31	H3260_v1_7	255402
1899-01-01	2006-12-31	H3260_v1_0	255403
2007-01-01	2007-12-31	H3260_v1_2	255403
2008-01-01	2009-12-31	H3260_v1_3	255403
2010-01-01	2011-12-31	H3260_v1_4	255403
2012-01-01	2015-12-31	H3260_v1_5	255403
2016-01-01	2017-12-31	H3260_v1_6	255403
2018-01-01	2018-12-31	H3260_v1_7	255403
1899-01-01	2006-12-31	H3260_v1_0	255404
2007-01-01	2007-12-31	H3260_v1_2	255404
2008-01-01	2009-12-31	H3260_v1_3	255404
2010-01-01	2011-12-31	H3260_v1_4	255404
2012-01-01	2015-12-31	H3260_v1_5	255404
2016-01-01	2017-12-31	H3260_v1_6	255404
2018-01-01	2018-12-31	H3260_v1_7	255404
1899-01-01	2006-12-31	H3260_v1_0	255405
2007-01-01	2007-12-31	H3260_v1_2	255405
2008-01-01	2009-12-31	H3260_v1_3	255405
2010-01-01	2011-12-31	H3260_v1_4	255405
2012-01-01	2015-12-31	H3260_v1_5	255405
2016-01-01	2017-12-31	H3260_v1_6	255405
2018-01-01	2018-12-31	H3260_v1_7	255405
1899-01-01	2006-12-31	H3260_v1_0	255406
2007-01-01	2007-12-31	H3260_v1_2	255406
2008-01-01	2009-12-31	H3260_v1_3	255406
2010-01-01	2011-12-31	H3260_v1_4	255406
2012-01-01	2015-12-31	H3260_v1_5	255406
2016-01-01	2017-12-31	H3260_v1_6	255406
2018-01-01	2018-12-31	H3260_v1_7	255406
2018-01-01	2018-12-31	H3260_v1_7	255407
1899-01-01	2006-12-31	H3260_v1_0	255408
2007-01-01	2007-12-31	H3260_v1_2	255408
2008-01-01	2009-12-31	H3260_v1_3	255408
2010-01-01	2011-12-31	H3260_v1_4	255408
2012-01-01	2015-12-31	H3260_v1_5	255408
2016-01-01	2017-12-31	H3260_v1_6	255408
2018-01-01	2018-12-31	H3260_v1_7	255408
1899-01-01	2006-12-31	H3260_v1_0	255409
2007-01-01	2007-12-31	H3260_v1_2	255409
2008-01-01	2009-12-31	H3260_v1_3	255409
2010-01-01	2011-12-31	H3260_v1_4	255409
2012-01-01	2015-12-31	H3260_v1_5	255409
2016-01-01	2017-12-31	H3260_v1_6	255409
2018-01-01	2018-12-31	H3260_v1_7	255409
1899-01-01	2006-12-31	H3260_v1_0	255410
2007-01-01	2007-12-31	H3260_v1_2	255410
2008-01-01	2009-12-31	H3260_v1_3	255410
2010-01-01	2011-12-31	H3260_v1_4	255410
2012-01-01	2015-12-31	H3260_v1_5	255410
2016-01-01	2017-12-31	H3260_v1_6	255410
2018-01-01	2018-12-31	H3260_v1_7	255410
1899-01-01	2006-12-31	H3260_v1_0	255411
2007-01-01	2007-12-31	H3260_v1_2	255411
2008-01-01	2009-12-31	H3260_v1_3	255411
2010-01-01	2011-12-31	H3260_v1_4	255411
2012-01-01	2015-12-31	H3260_v1_5	255411
2016-01-01	2017-12-31	H3260_v1_6	255411
2018-01-01	2018-12-31	H3260_v1_7	255411
2018-01-01	2018-12-31	H3260_v1_7	255412
2018-01-01	2018-12-31	H3260_v1_7	255413
1899-01-01	2006-12-31	H3260_v1_0	255414
2007-01-01	2007-12-31	H3260_v1_2	255414
2008-01-01	2009-12-31	H3260_v1_3	255414
2010-01-01	2011-12-31	H3260_v1_4	255414
2012-01-01	2015-12-31	H3260_v1_5	255414
2016-01-01	2017-12-31	H3260_v1_6	255414
2018-01-01	2018-12-31	H3260_v1_7	255414
1899-01-01	2006-12-31	H3260_v1_0	255415
2007-01-01	2007-12-31	H3260_v1_2	255415
2008-01-01	2009-12-31	H3260_v1_3	255415
2010-01-01	2011-12-31	H3260_v1_4	255415
2012-01-01	2015-12-31	H3260_v1_5	255415
2016-01-01	2017-12-31	H3260_v1_6	255415
2018-01-01	2018-12-31	H3260_v1_7	255415
1899-01-01	2006-12-31	H3260_v1_0	255416
2007-01-01	2007-12-31	H3260_v1_2	255416
2008-01-01	2009-12-31	H3260_v1_3	255416
2010-01-01	2011-12-31	H3260_v1_4	255416
2012-01-01	2015-12-31	H3260_v1_5	255416
2016-01-01	2017-12-31	H3260_v1_6	255416
2018-01-01	2018-12-31	H3260_v1_7	255416
1899-01-01	2006-12-31	H3260_v1_0	255422
2007-01-01	2007-12-31	H3260_v1_2	255422
2008-01-01	2009-12-31	H3260_v1_3	255422
2010-01-01	2011-12-31	H3260_v1_4	255422
2012-01-01	2015-12-31	H3260_v1_5	255422
2016-01-01	2017-12-31	H3260_v1_6	255422
2018-01-01	2018-12-31	H3260_v1_7	255422
1899-01-01	2006-12-31	H3260_v1_0	255423
2007-01-01	2007-12-31	H3260_v1_2	255423
2008-01-01	2009-12-31	H3260_v1_3	255423
2010-01-01	2011-12-31	H3260_v1_4	255423
2012-01-01	2015-12-31	H3260_v1_5	255423
2016-01-01	2017-12-31	H3260_v1_6	255423
2018-01-01	2018-12-31	H3260_v1_7	255423
1899-01-01	2006-12-31	H3260_v1_0	255424
2007-01-01	2007-12-31	H3260_v1_2	255424
2008-01-01	2009-12-31	H3260_v1_3	255424
2010-01-01	2011-12-31	H3260_v1_4	255424
2012-01-01	2015-12-31	H3260_v1_5	255424
2016-01-01	2017-12-31	H3260_v1_6	255424
2018-01-01	2018-12-31	H3260_v1_7	255424
1899-01-01	2006-12-31	H3260_v1_0	255425
2007-01-01	2007-12-31	H3260_v1_2	255425
2008-01-01	2009-12-31	H3260_v1_3	255425
2010-01-01	2011-12-31	H3260_v1_4	255425
2012-01-01	2015-12-31	H3260_v1_5	255425
2016-01-01	2017-12-31	H3260_v1_6	255425
2018-01-01	2018-12-31	H3260_v1_7	255425
1899-01-01	2006-12-31	H3260_v1_0	255426
2007-01-01	2007-12-31	H3260_v1_2	255426
2008-01-01	2009-12-31	H3260_v1_3	255426
2010-01-01	2011-12-31	H3260_v1_4	255426
2012-01-01	2015-12-31	H3260_v1_5	255426
2016-01-01	2017-12-31	H3260_v1_6	255426
2018-01-01	2018-12-31	H3260_v1_7	255426
1899-01-01	2006-12-31	H3260_v1_0	255427
2007-01-01	2007-12-31	H3260_v1_2	255427
2008-01-01	2009-12-31	H3260_v1_3	255427
2010-01-01	2011-12-31	H3260_v1_4	255427
2012-01-01	2015-12-31	H3260_v1_5	255427
2016-01-01	2017-12-31	H3260_v1_6	255427
2018-01-01	2018-12-31	H3260_v1_7	255427
1899-01-01	2006-12-31	H3260_v1_0	255428
2007-01-01	2007-12-31	H3260_v1_2	255428
2008-01-01	2009-12-31	H3260_v1_3	255428
2010-01-01	2011-12-31	H3260_v1_4	255428
2012-01-01	2015-12-31	H3260_v1_5	255428
2016-01-01	2017-12-31	H3260_v1_6	255428
2018-01-01	2018-12-31	H3260_v1_7	255428
1899-01-01	2006-12-31	H3260_v1_0	255429
2007-01-01	2007-12-31	H3260_v1_2	255429
2008-01-01	2009-12-31	H3260_v1_3	255429
2010-01-01	2011-12-31	H3260_v1_4	255429
2012-01-01	2015-12-31	H3260_v1_5	255429
2016-01-01	2017-12-31	H3260_v1_6	255429
2018-01-01	2018-12-31	H3260_v1_7	255429
1899-01-01	2006-12-31	H3260_v1_0	255430
2007-01-01	2007-12-31	H3260_v1_2	255430
2008-01-01	2009-12-31	H3260_v1_3	255430
2010-01-01	2011-12-31	H3260_v1_4	255430
2012-01-01	2015-12-31	H3260_v1_5	255430
2016-01-01	2017-12-31	H3260_v1_6	255430
2018-01-01	2018-12-31	H3260_v1_7	255430
1899-01-01	2006-12-31	H3260_v1_0	255431
2007-01-01	2007-12-31	H3260_v1_2	255431
2008-01-01	2009-12-31	H3260_v1_3	255431
2010-01-01	2011-12-31	H3260_v1_4	255431
2012-01-01	2015-12-31	H3260_v1_5	255431
2016-01-01	2017-12-31	H3260_v1_6	255431
2018-01-01	2018-12-31	H3260_v1_7	255431
1899-01-01	2006-12-31	H3260_v1_0	255432
2007-01-01	2007-12-31	H3260_v1_2	255432
2008-01-01	2009-12-31	H3260_v1_3	255432
2010-01-01	2011-12-31	H3260_v1_4	255432
2012-01-01	2015-12-31	H3260_v1_5	255432
2016-01-01	2017-12-31	H3260_v1_6	255432
2018-01-01	2018-12-31	H3260_v1_7	255432
1899-01-01	2006-12-31	H3260_v1_0	255433
2007-01-01	2007-12-31	H3260_v1_2	255433
2008-01-01	2009-12-31	H3260_v1_3	255433
2010-01-01	2011-12-31	H3260_v1_4	255433
2012-01-01	2015-12-31	H3260_v1_5	255433
2016-01-01	2017-12-31	H3260_v1_6	255433
2018-01-01	2018-12-31	H3260_v1_7	255433
1899-01-01	2006-12-31	H3260_v1_0	255434
2007-01-01	2007-12-31	H3260_v1_2	255434
2008-01-01	2009-12-31	H3260_v1_3	255434
2010-01-01	2011-12-31	H3260_v1_4	255434
2012-01-01	2015-12-31	H3260_v1_5	255434
2016-01-01	2017-12-31	H3260_v1_6	255434
2018-01-01	2018-12-31	H3260_v1_7	255434
2012-01-01	2015-12-31	H3260_v1_5	255435
1899-01-01	2006-12-31	H3260_v1_0	255441
2007-01-01	2007-12-31	H3260_v1_2	255441
2008-01-01	2009-12-31	H3260_v1_3	255441
2010-01-01	2011-12-31	H3260_v1_4	255441
2012-01-01	2015-12-31	H3260_v1_5	255441
2016-01-01	2017-12-31	H3260_v1_6	255441
2018-01-01	2018-12-31	H3260_v1_7	255441
1899-01-01	2006-12-31	H3260_v1_0	255442
2007-01-01	2007-12-31	H3260_v1_2	255442
2008-01-01	2009-12-31	H3260_v1_3	255442
2010-01-01	2011-12-31	H3260_v1_4	255442
2012-01-01	2015-12-31	H3260_v1_5	255442
2016-01-01	2017-12-31	H3260_v1_6	255442
2018-01-01	2018-12-31	H3260_v1_7	255442
1899-01-01	2006-12-31	H3260_v1_0	255443
2007-01-01	2007-12-31	H3260_v1_2	255443
2008-01-01	2009-12-31	H3260_v1_3	255443
2010-01-01	2011-12-31	H3260_v1_4	255443
2012-01-01	2015-12-31	H3260_v1_5	255443
2016-01-01	2017-12-31	H3260_v1_6	255443
2018-01-01	2018-12-31	H3260_v1_7	255443
1899-01-01	2006-12-31	H3260_v1_0	255444
2007-01-01	2007-12-31	H3260_v1_2	255444
2008-01-01	2009-12-31	H3260_v1_3	255444
2010-01-01	2011-12-31	H3260_v1_4	255444
2012-01-01	2015-12-31	H3260_v1_5	255444
2016-01-01	2017-12-31	H3260_v1_6	255444
2018-01-01	2018-12-31	H3260_v1_7	255444
1899-01-01	2006-12-31	H3260_v1_0	255474
2007-01-01	2007-12-31	H3260_v1_2	255474
2008-01-01	2009-12-31	H3260_v1_3	255474
2010-01-01	2011-12-31	H3260_v1_4	255474
2012-01-01	2015-12-31	H3260_v1_5	255474
2016-01-01	2017-12-31	H3260_v1_6	255474
2018-01-01	2018-12-31	H3260_v1_7	255474
1899-01-01	2006-12-31	H3260_v1_0	255475
2007-01-01	2007-12-31	H3260_v1_2	255475
2008-01-01	2009-12-31	H3260_v1_3	255475
2010-01-01	2011-12-31	H3260_v1_4	255475
2012-01-01	2015-12-31	H3260_v1_5	255475
2016-01-01	2017-12-31	H3260_v1_6	255475
2018-01-01	2018-12-31	H3260_v1_7	255475
1899-01-01	2006-12-31	H3260_v1_0	255476
2007-01-01	2007-12-31	H3260_v1_2	255476
2008-01-01	2009-12-31	H3260_v1_3	255476
2010-01-01	2011-12-31	H3260_v1_4	255476
2012-01-01	2015-12-31	H3260_v1_5	255476
2016-01-01	2017-12-31	H3260_v1_6	255476
2018-01-01	2018-12-31	H3260_v1_7	255476
1899-01-01	2006-12-31	H3260_v1_0	255477
2007-01-01	2007-12-31	H3260_v1_2	255477
2008-01-01	2009-12-31	H3260_v1_3	255477
2010-01-01	2011-12-31	H3260_v1_4	255477
2012-01-01	2015-12-31	H3260_v1_5	255477
2016-01-01	2017-12-31	H3260_v1_6	255477
2018-01-01	2018-12-31	H3260_v1_7	255477
1899-01-01	2006-12-31	H3260_v1_0	255478
2007-01-01	2007-12-31	H3260_v1_2	255478
2008-01-01	2009-12-31	H3260_v1_3	255478
2010-01-01	2011-12-31	H3260_v1_4	255478
2012-01-01	2015-12-31	H3260_v1_5	255478
2016-01-01	2017-12-31	H3260_v1_6	255478
2018-01-01	2018-12-31	H3260_v1_7	255478
1899-01-01	2006-12-31	H3260_v1_0	255479
2007-01-01	2007-12-31	H3260_v1_2	255479
2008-01-01	2009-12-31	H3260_v1_3	255479
2010-01-01	2011-12-31	H3260_v1_4	255479
2012-01-01	2015-12-31	H3260_v1_5	255479
2016-01-01	2017-12-31	H3260_v1_6	255479
2018-01-01	2018-12-31	H3260_v1_7	255479
1899-01-01	2006-12-31	H3260_v1_0	255480
2007-01-01	2007-12-31	H3260_v1_2	255480
2008-01-01	2009-12-31	H3260_v1_3	255480
2010-01-01	2011-12-31	H3260_v1_4	255480
2012-01-01	2015-12-31	H3260_v1_5	255480
2016-01-01	2017-12-31	H3260_v1_6	255480
2018-01-01	2018-12-31	H3260_v1_7	255480
1899-01-01	2006-12-31	H3260_v1_0	255481
2007-01-01	2007-12-31	H3260_v1_2	255481
2008-01-01	2009-12-31	H3260_v1_3	255481
2010-01-01	2011-12-31	H3260_v1_4	255481
2012-01-01	2015-12-31	H3260_v1_5	255481
2016-01-01	2017-12-31	H3260_v1_6	255481
2018-01-01	2018-12-31	H3260_v1_7	255481
1899-01-01	2006-12-31	H3260_v1_0	259125
2007-01-01	2007-12-31	H3260_v1_2	259125
2008-01-01	2009-12-31	H3260_v1_3	259125
2010-01-01	2011-12-31	H3260_v1_4	259125
2012-01-01	2015-12-31	H3260_v1_5	259125
2016-01-01	2017-12-31	H3260_v1_6	259125
2018-01-01	2018-12-31	H3260_v1_7	259125
1899-01-01	2006-12-31	H3260_v1_0	259126
2007-01-01	2007-12-31	H3260_v1_2	259126
2008-01-01	2009-12-31	H3260_v1_3	259126
2010-01-01	2011-12-31	H3260_v1_4	259126
2012-01-01	2015-12-31	H3260_v1_5	259126
2016-01-01	2017-12-31	H3260_v1_6	259126
2018-01-01	2018-12-31	H3260_v1_7	259126
1899-01-01	2006-12-31	H3260_v1_0	259127
2007-01-01	2007-12-31	H3260_v1_2	259127
2008-01-01	2009-12-31	H3260_v1_3	259127
2010-01-01	2011-12-31	H3260_v1_4	259127
2012-01-01	2015-12-31	H3260_v1_5	259127
2016-01-01	2017-12-31	H3260_v1_6	259127
2018-01-01	2018-12-31	H3260_v1_7	259127
1899-01-01	2006-12-31	H3260_v1_0	259128
2007-01-01	2007-12-31	H3260_v1_2	259128
2008-01-01	2009-12-31	H3260_v1_3	259128
2010-01-01	2011-12-31	H3260_v1_4	259128
2012-01-01	2015-12-31	H3260_v1_5	259128
2016-01-01	2017-12-31	H3260_v1_6	259128
2018-01-01	2018-12-31	H3260_v1_7	259128
1899-01-01	2006-12-31	H3260_v1_0	259129
2007-01-01	2007-12-31	H3260_v1_2	259129
2008-01-01	2009-12-31	H3260_v1_3	259129
2010-01-01	2011-12-31	H3260_v1_4	259129
2012-01-01	2015-12-31	H3260_v1_5	259129
2016-01-01	2017-12-31	H3260_v1_6	259129
2018-01-01	2018-12-31	H3260_v1_7	259129
1899-01-01	2006-12-31	H3260_v1_0	259130
2007-01-01	2007-12-31	H3260_v1_2	259130
2008-01-01	2009-12-31	H3260_v1_3	259130
2010-01-01	2011-12-31	H3260_v1_4	259130
2012-01-01	2015-12-31	H3260_v1_5	259130
2016-01-01	2017-12-31	H3260_v1_6	259130
2018-01-01	2018-12-31	H3260_v1_7	259130
1899-01-01	2006-12-31	H3260_v1_0	259131
2007-01-01	2007-12-31	H3260_v1_2	259131
2008-01-01	2009-12-31	H3260_v1_3	259131
2010-01-01	2011-12-31	H3260_v1_4	259131
2012-01-01	2015-12-31	H3260_v1_5	259131
2016-01-01	2017-12-31	H3260_v1_6	259131
2018-01-01	2018-12-31	H3260_v1_7	259131
1899-01-01	2006-12-31	H3260_v1_0	259132
2007-01-01	2007-12-31	H3260_v1_2	259132
2008-01-01	2009-12-31	H3260_v1_3	259132
2010-01-01	2011-12-31	H3260_v1_4	259132
2012-01-01	2015-12-31	H3260_v1_5	259132
2016-01-01	2017-12-31	H3260_v1_6	259132
2018-01-01	2018-12-31	H3260_v1_7	259132
1899-01-01	2006-12-31	H3260_v1_0	259133
2007-01-01	2007-12-31	H3260_v1_2	259133
2008-01-01	2009-12-31	H3260_v1_3	259133
2010-01-01	2011-12-31	H3260_v1_4	259133
2012-01-01	2015-12-31	H3260_v1_5	259133
2016-01-01	2017-12-31	H3260_v1_6	259133
2018-01-01	2018-12-31	H3260_v1_7	259133
1899-01-01	2006-12-31	H3260_v1_0	259134
2007-01-01	2007-12-31	H3260_v1_2	259134
2008-01-01	2009-12-31	H3260_v1_3	259134
2010-01-01	2011-12-31	H3260_v1_4	259134
2012-01-01	2015-12-31	H3260_v1_5	259134
2016-01-01	2017-12-31	H3260_v1_6	259134
2018-01-01	2018-12-31	H3260_v1_7	259134
1899-01-01	2006-12-31	H3260_v1_0	259135
2007-01-01	2007-12-31	H3260_v1_2	259135
2008-01-01	2009-12-31	H3260_v1_3	259135
2010-01-01	2011-12-31	H3260_v1_4	259135
2012-01-01	2015-12-31	H3260_v1_5	259135
2016-01-01	2017-12-31	H3260_v1_6	259135
2018-01-01	2018-12-31	H3260_v1_7	259135
1899-01-01	2006-12-31	H3260_v1_0	259136
2007-01-01	2007-12-31	H3260_v1_2	259136
2008-01-01	2009-12-31	H3260_v1_3	259136
2010-01-01	2011-12-31	H3260_v1_4	259136
2012-01-01	2015-12-31	H3260_v1_5	259136
2016-01-01	2017-12-31	H3260_v1_6	259136
2018-01-01	2018-12-31	H3260_v1_7	259136
1899-01-01	2006-12-31	H3260_v1_0	259137
2007-01-01	2007-12-31	H3260_v1_2	259137
2008-01-01	2009-12-31	H3260_v1_3	259137
2010-01-01	2011-12-31	H3260_v1_4	259137
2012-01-01	2015-12-31	H3260_v1_5	259137
2016-01-01	2017-12-31	H3260_v1_6	259137
2018-01-01	2018-12-31	H3260_v1_7	259137
2007-01-01	2007-12-31	H3260_v1_2	259138
2008-01-01	2009-12-31	H3260_v1_3	259138
2010-01-01	2011-12-31	H3260_v1_4	259138
2012-01-01	2015-12-31	H3260_v1_5	259138
2016-01-01	2017-12-31	H3260_v1_6	259138
2018-01-01	2018-12-31	H3260_v1_7	259138
2007-01-01	2007-12-31	H3260_v1_2	259139
2008-01-01	2009-12-31	H3260_v1_3	259139
2010-01-01	2011-12-31	H3260_v1_4	259139
2012-01-01	2015-12-31	H3260_v1_5	259139
2016-01-01	2017-12-31	H3260_v1_6	259139
2018-01-01	2018-12-31	H3260_v1_7	259139
2007-01-01	2007-12-31	H3260_v1_2	259140
2008-01-01	2009-12-31	H3260_v1_3	259140
2010-01-01	2011-12-31	H3260_v1_4	259140
2012-01-01	2015-12-31	H3260_v1_5	259140
2016-01-01	2017-12-31	H3260_v1_6	259140
2018-01-01	2018-12-31	H3260_v1_7	259140
2007-01-01	2007-12-31	H3260_v1_2	259141
2008-01-01	2009-12-31	H3260_v1_3	259141
2010-01-01	2011-12-31	H3260_v1_4	259141
2012-01-01	2015-12-31	H3260_v1_5	259141
2016-01-01	2017-12-31	H3260_v1_6	259141
2018-01-01	2018-12-31	H3260_v1_7	259141
2007-01-01	2007-12-31	H3260_v1_2	259142
2008-01-01	2009-12-31	H3260_v1_3	259142
2010-01-01	2011-12-31	H3260_v1_4	259142
2012-01-01	2015-12-31	H3260_v1_5	259142
2016-01-01	2017-12-31	H3260_v1_6	259142
2018-01-01	2018-12-31	H3260_v1_7	259142
2007-01-01	2007-12-31	H3260_v1_2	259143
2008-01-01	2009-12-31	H3260_v1_3	259143
2010-01-01	2011-12-31	H3260_v1_4	259143
2012-01-01	2015-12-31	H3260_v1_5	259143
2016-01-01	2017-12-31	H3260_v1_6	259143
2018-01-01	2018-12-31	H3260_v1_7	259143
1899-01-01	2006-12-31	H3260_v1_0	259144
2007-01-01	2007-12-31	H3260_v1_2	259144
2008-01-01	2009-12-31	H3260_v1_3	259144
2010-01-01	2011-12-31	H3260_v1_4	259144
2012-01-01	2015-12-31	H3260_v1_5	259144
2016-01-01	2017-12-31	H3260_v1_6	259144
2018-01-01	2018-12-31	H3260_v1_7	259144
1899-01-01	2006-12-31	H3260_v1_0	259145
2007-01-01	2007-12-31	H3260_v1_2	259145
2008-01-01	2009-12-31	H3260_v1_3	259145
2010-01-01	2011-12-31	H3260_v1_4	259145
2012-01-01	2015-12-31	H3260_v1_5	259145
2016-01-01	2017-12-31	H3260_v1_6	259145
2018-01-01	2018-12-31	H3260_v1_7	259145
1899-01-01	2006-12-31	H3260_v1_0	259146
2007-01-01	2007-12-31	H3260_v1_2	259146
2008-01-01	2009-12-31	H3260_v1_3	259146
2010-01-01	2011-12-31	H3260_v1_4	259146
2012-01-01	2015-12-31	H3260_v1_5	259146
2016-01-01	2017-12-31	H3260_v1_6	259146
2018-01-01	2018-12-31	H3260_v1_7	259146
1899-01-01	2006-12-31	H3260_v1_0	259147
2007-01-01	2007-12-31	H3260_v1_2	259147
2008-01-01	2009-12-31	H3260_v1_3	259147
2010-01-01	2011-12-31	H3260_v1_4	259147
2012-01-01	2015-12-31	H3260_v1_5	259147
2016-01-01	2017-12-31	H3260_v1_6	259147
2018-01-01	2018-12-31	H3260_v1_7	259147
1899-01-01	2006-12-31	H3260_v1_0	259148
2007-01-01	2007-12-31	H3260_v1_2	259148
2008-01-01	2009-12-31	H3260_v1_3	259148
2010-01-01	2011-12-31	H3260_v1_4	259148
2012-01-01	2015-12-31	H3260_v1_5	259148
2016-01-01	2017-12-31	H3260_v1_6	259148
2018-01-01	2018-12-31	H3260_v1_7	259148
1899-01-01	2006-12-31	H3260_v1_0	259149
2007-01-01	2007-12-31	H3260_v1_2	259149
2008-01-01	2009-12-31	H3260_v1_3	259149
2010-01-01	2011-12-31	H3260_v1_4	259149
2012-01-01	2015-12-31	H3260_v1_5	259149
2016-01-01	2017-12-31	H3260_v1_6	259149
2018-01-01	2018-12-31	H3260_v1_7	259149
1899-01-01	2006-12-31	H3260_v1_0	259152
2007-01-01	2007-12-31	H3260_v1_2	259152
2008-01-01	2009-12-31	H3260_v1_3	259152
2010-01-01	2011-12-31	H3260_v1_4	259152
2012-01-01	2015-12-31	H3260_v1_5	259152
2016-01-01	2017-12-31	H3260_v1_6	259152
2018-01-01	2018-12-31	H3260_v1_7	259152
1899-01-01	2006-12-31	H3260_v1_0	259153
2007-01-01	2007-12-31	H3260_v1_2	259153
2008-01-01	2009-12-31	H3260_v1_3	259153
2010-01-01	2011-12-31	H3260_v1_4	259153
2012-01-01	2015-12-31	H3260_v1_5	259153
2016-01-01	2017-12-31	H3260_v1_6	259153
2018-01-01	2018-12-31	H3260_v1_7	259153
2007-01-01	2007-12-31	H3260_v1_2	259154
2008-01-01	2009-12-31	H3260_v1_3	259154
2010-01-01	2011-12-31	H3260_v1_4	259154
2012-01-01	2015-12-31	H3260_v1_5	259154
2016-01-01	2017-12-31	H3260_v1_6	259154
2018-01-01	2018-12-31	H3260_v1_7	259154
1899-01-01	2006-12-31	H3260_v1_0	259166
2007-01-01	2007-12-31	H3260_v1_2	259166
2008-01-01	2009-12-31	H3260_v1_3	259166
2010-01-01	2011-12-31	H3260_v1_4	259166
2012-01-01	2015-12-31	H3260_v1_5	259166
2016-01-01	2017-12-31	H3260_v1_6	259166
2018-01-01	2018-12-31	H3260_v1_7	259166
1899-01-01	2006-12-31	H3260_v1_0	259167
2007-01-01	2007-12-31	H3260_v1_2	259167
2008-01-01	2009-12-31	H3260_v1_3	259167
2010-01-01	2011-12-31	H3260_v1_4	259167
2012-01-01	2015-12-31	H3260_v1_5	259167
2016-01-01	2017-12-31	H3260_v1_6	259167
2018-01-01	2018-12-31	H3260_v1_7	259167
2007-01-01	2007-12-31	H3260_v1_2	259168
2008-01-01	2009-12-31	H3260_v1_3	259168
2010-01-01	2011-12-31	H3260_v1_4	259168
2012-01-01	2015-12-31	H3260_v1_5	259168
2016-01-01	2017-12-31	H3260_v1_6	259168
2018-01-01	2018-12-31	H3260_v1_7	259168
2007-01-01	2007-12-31	H3260_v1_2	259169
2008-01-01	2009-12-31	H3260_v1_3	259169
2010-01-01	2011-12-31	H3260_v1_4	259169
2012-01-01	2015-12-31	H3260_v1_5	259169
2016-01-01	2017-12-31	H3260_v1_6	259169
2018-01-01	2018-12-31	H3260_v1_7	259169
2018-01-01	2018-12-31	H3260_v1_7	259170
2018-01-01	2018-12-31	H3260_v1_7	259171
2018-01-01	2018-12-31	H3260_v1_7	259172
2018-01-01	2018-12-31	H3260_v1_7	259888
2018-01-01	2018-12-31	H3260_v1_7	259889
2018-01-01	2018-12-31	H3260_v1_7	260185
2018-01-01	2018-12-31	H3260_v1_7	260186
2018-01-01	2018-12-31	H3260_v1_7	260187
2018-01-01	2018-12-31	H3260_v1_7	260188
2018-01-01	2018-12-31	H3260_v1_7	260189
2018-01-01	2018-12-31	H3260_v1_7	260190
2018-01-01	2018-12-31	H3260_v1_7	260191
2018-01-01	2018-12-31	H3260_v1_7	260203
1899-01-01	2006-12-31	H3260_v1_0	260212
2007-01-01	2007-12-31	H3260_v1_2	260212
2008-01-01	2009-12-31	H3260_v1_3	260212
2010-01-01	2011-12-31	H3260_v1_4	260212
2012-01-01	2015-12-31	H3260_v1_5	260212
2016-01-01	2017-12-31	H3260_v1_6	260212
2018-01-01	2018-12-31	H3260_v1_7	260212
1899-01-01	2006-12-31	H3260_v1_0	260213
2007-01-01	2007-12-31	H3260_v1_2	260213
2008-01-01	2009-12-31	H3260_v1_3	260213
2010-01-01	2011-12-31	H3260_v1_4	260213
2012-01-01	2015-12-31	H3260_v1_5	260213
2016-01-01	2017-12-31	H3260_v1_6	260213
2018-01-01	2018-12-31	H3260_v1_7	260213
1899-01-01	2006-12-31	H3260_v1_0	260214
2007-01-01	2007-12-31	H3260_v1_2	260214
2008-01-01	2009-12-31	H3260_v1_3	260214
2010-01-01	2011-12-31	H3260_v1_4	260214
2012-01-01	2015-12-31	H3260_v1_5	260214
2016-01-01	2017-12-31	H3260_v1_6	260214
2018-01-01	2018-12-31	H3260_v1_7	260214
1899-01-01	2006-12-31	H3260_v1_0	260215
2007-01-01	2007-12-31	H3260_v1_2	260215
2008-01-01	2009-12-31	H3260_v1_3	260215
2010-01-01	2011-12-31	H3260_v1_4	260215
2012-01-01	2015-12-31	H3260_v1_5	260215
2016-01-01	2017-12-31	H3260_v1_6	260215
2018-01-01	2018-12-31	H3260_v1_7	260215
1899-01-01	2006-12-31	H3260_v1_0	260216
2007-01-01	2007-12-31	H3260_v1_2	260216
2008-01-01	2009-12-31	H3260_v1_3	260216
2010-01-01	2011-12-31	H3260_v1_4	260216
2012-01-01	2015-12-31	H3260_v1_5	260216
2016-01-01	2017-12-31	H3260_v1_6	260216
2018-01-01	2018-12-31	H3260_v1_7	260216
1899-01-01	2006-12-31	H3260_v1_0	260217
2007-01-01	2007-12-31	H3260_v1_2	260217
2008-01-01	2009-12-31	H3260_v1_3	260217
2010-01-01	2011-12-31	H3260_v1_4	260217
2012-01-01	2015-12-31	H3260_v1_5	260217
2016-01-01	2017-12-31	H3260_v1_6	260217
2018-01-01	2018-12-31	H3260_v1_7	260217
1899-01-01	2006-12-31	H3260_v1_0	260218
2007-01-01	2007-12-31	H3260_v1_2	260218
2008-01-01	2009-12-31	H3260_v1_3	260218
2010-01-01	2011-12-31	H3260_v1_4	260218
2012-01-01	2015-12-31	H3260_v1_5	260218
2016-01-01	2017-12-31	H3260_v1_6	260218
2018-01-01	2018-12-31	H3260_v1_7	260218
1899-01-01	2006-12-31	H3260_v1_0	260294
2007-01-01	2007-12-31	H3260_v1_2	260294
2008-01-01	2009-12-31	H3260_v1_3	260294
2010-01-01	2011-12-31	H3260_v1_4	260294
2012-01-01	2015-12-31	H3260_v1_5	260294
2016-01-01	2017-12-31	H3260_v1_6	260294
2018-01-01	2018-12-31	H3260_v1_7	260294
1899-01-01	2006-12-31	H3260_v1_0	260295
2007-01-01	2007-12-31	H3260_v1_2	260295
2008-01-01	2009-12-31	H3260_v1_3	260295
2010-01-01	2011-12-31	H3260_v1_4	260295
2012-01-01	2015-12-31	H3260_v1_5	260295
2016-01-01	2017-12-31	H3260_v1_6	260295
2018-01-01	2018-12-31	H3260_v1_7	260295
1899-01-01	2006-12-31	H3260_v1_0	260296
2007-01-01	2007-12-31	H3260_v1_2	260296
2008-01-01	2009-12-31	H3260_v1_3	260296
2010-01-01	2011-12-31	H3260_v1_4	260296
2012-01-01	2015-12-31	H3260_v1_5	260296
2016-01-01	2017-12-31	H3260_v1_6	260296
2018-01-01	2018-12-31	H3260_v1_7	260296
2018-01-01	2018-12-31	H3260_v1_7	260485
2012-01-01	2015-12-31	H3260_v1_5	260486
2018-01-01	2018-12-31	H3260_v1_7	260486
2012-01-01	2015-12-31	H3260_v1_5	260487
2018-01-01	2018-12-31	H3260_v1_7	260487
2018-01-01	2018-12-31	H3260_v1_7	260897
2018-01-01	2018-12-31	H3260_v1_7	260898
2018-01-01	2018-12-31	H3260_v1_7	260899
2018-01-01	2018-12-31	H3260_v1_7	260900
