loc_code	FieldSamplingDate	habfield	x	y	area	nh4	no3	ptot	target
AN_ABH_007	1529280000	3130_aom	192154.25	192768.578125	39479.7265625	0.0698833724162564	0.085842	0.0205	1
AN_ABH_007	1532995200	3130_aom	192154.25	192768.578125	39479.7265625	0.0388240957868091	0.056475	0.0533	1
AN_ABH_007	1535328000	3130_aom	192154.25	192768.578125	39479.7265625	0.0388240957868091	0.038403	0.1119	1
AN_ABH_007	1544486400	3130_aom	192154.25	192768.578125	39479.7265625	0.116472287360427	0.079065	0.0216	1
AN_ARE_001	1433116800	3130_aom	203427.90625	221564.15625	112980.3671875	0.186355659776684	0.27108	0.02	1
AN_ARE_001	1433116800	3130_na	203427.90625	221564.15625	112980.3671875	0.186355659776684	0.27108	0.02	1
AN_ARE_001	1436140800	3130_aom	203427.90625	221564.15625	112980.3671875	0.0776481915736183	0.241713	0.02	1
AN_ARE_001	1436140800	3130_na	203427.90625	221564.15625	112980.3671875	0.0776481915736183	0.241713	0.02	1
AN_ARE_001	1438041600	3130_aom	203427.90625	221564.15625	112980.3671875	0.0388240957868091	0.327555	0.044	1
AN_ARE_001	1438041600	3130_na	203427.90625	221564.15625	112980.3671875	0.0388240957868091	0.327555	0.044	1
AN_ARE_001	1440460800	3130_aom	203427.90625	221564.15625	112980.3671875	0.0388240957868091	0.119727	0.02	1
AN_ARE_001	1440460800	3130_na	203427.90625	221564.15625	112980.3671875	0.0388240957868091	0.119727	0.02	1
AN_ARE_001	1442880000	3130_aom	203427.90625	221564.15625	112980.3671875	0.0388240957868091	0.108432	0.02	1
AN_ARE_001	1442880000	3130_na	203427.90625	221564.15625	112980.3671875	0.0388240957868091	0.108432	0.02	1
AN_ARE_001	1445904000	3130_aom	203427.90625	221564.15625	112980.3671875	0.100942649045704	0.144576	0.02	1
AN_ARE_001	1445904000	3130_na	203427.90625	221564.15625	112980.3671875	0.100942649045704	0.144576	0.02	1
AN_ARE_001	1448236800	3130_aom	203427.90625	221564.15625	112980.3671875	0.232944574720855	0.092619	0.03	1
AN_ARE_001	1448236800	3130_na	203427.90625	221564.15625	112980.3671875	0.232944574720855	0.092619	0.03	1
AN_ARE_001	1451865600	3130_aom	203427.90625	221564.15625	112980.3671875	0.248474213035578	0.124245	0.02	1
AN_ARE_001	1451865600	3130_na	203427.90625	221564.15625	112980.3671875	0.248474213035578	0.124245	0.02	1
AN_ARE_001	1454371200	3130_aom	203427.90625	221564.15625	112980.3671875	0.155296383147237	0.289152	0.02	1
AN_ARE_001	1454371200	3130_na	203427.90625	221564.15625	112980.3671875	0.155296383147237	0.289152	0.02	1
AN_ARE_001	1456790400	3130_aom	203427.90625	221564.15625	112980.3671875	0.116472287360427	0.492462	0.02	1
AN_ARE_001	1456790400	3130_na	203427.90625	221564.15625	112980.3671875	0.116472287360427	0.492462	0.02	1
AN_ARE_001	1459728000	3130_aom	203427.90625	221564.15625	112980.3671875	0.0621185532588946	0.501498	0.02	1
AN_ARE_001	1459728000	3130_na	203427.90625	221564.15625	112980.3671875	0.0621185532588946	0.501498	0.02	1
AN_ARE_001	1462147200	3130_aom	203427.90625	221564.15625	112980.3671875	0.100942649045704	0.467613	0.02	1
AN_ARE_001	1462147200	3130_na	203427.90625	221564.15625	112980.3671875	0.100942649045704	0.467613	0.02	1
AN_BAS_001	1497830400	3150	207029.21875	204705.8125	25126.517578125	0.0388240957868091	0.058734	0.086	1
AN_BAS_001	1500940800	3150	207029.21875	204705.8125	25126.517578125	0.0621185532588946	0.036144	0.136	1
AN_BAS_001	1503273600	3150	207029.21875	204705.8125	25126.517578125	0.0621185532588946	0.083583	0.121	1
AN_BAS_001	1506297600	3150	207029.21875	204705.8125	25126.517578125	0.0388240957868091	0.031626	0.054	1
AN_BAS_001	1507507200	3150	207029.21875	204705.8125	25126.517578125	0.0465889149441709	0.065511	0.1401	1
AN_BAS_001	1511136000	3150	207029.21875	204705.8125	25126.517578125	0.194120478934046	0.06777	0.0776	1
AN_BAS_001	1514851200	3150	207029.21875	204705.8125	25126.517578125	0.396005777025453	0.099396	0.0508	1
AN_BAS_001	1517184000	3150	207029.21875	204705.8125	25126.517578125	0.232944574720855	0.155871	0.084	1
AN_BAS_001	1520812800	3150	207029.21875	204705.8125	25126.517578125	0.0388240957868091	0.040662	0.087	1
AN_BAS_001	1522713600	3150	207029.21875	204705.8125	25126.517578125	0.0388240957868091	0.029367	0.043	1
AN_BAS_001	1526947200	3150	207029.21875	204705.8125	25126.517578125	0.108707468203066	0.09036	0.0911	1
AN_BAS_002	1497830400	3150	206888.703125	204549.1875	1273.93078613281	0.0931778298883419	0.079065	0.142	1
AN_BAS_002	1500940800	3150	206888.703125	204549.1875	1273.93078613281	0.318357585451835	0.070029	0.219	1
AN_BAS_002	1503273600	3150	206888.703125	204549.1875	1273.93078613281	0.504713245228519	0.121986	0.129	1
AN_BAS_002	1506297600	3150	206888.703125	204549.1875	1273.93078613281	0.0388240957868091	0.182979	0.082	1
AN_BAS_002	1507507200	3150	206888.703125	204549.1875	1273.93078613281	0.0931778298883419	0.097137	0.1263	1
AN_BAS_002	1511136000	3150	206888.703125	204549.1875	1273.93078613281	0.139766744832513	0.054216	0.0418	1
AN_BAS_002	1514851200	3150	206888.703125	204549.1875	1273.93078613281	0.201885298091407	0.074547	0.1028	1
AN_BAS_002	1517184000	3150	206888.703125	204549.1875	1273.93078613281	0.0388240957868091	0.06777	0.085	1
AN_BAS_002	1520812800	3150	206888.703125	204549.1875	1273.93078613281	0.0388240957868091	0.038403	0.062	1
AN_BAS_002	1522713600	3150	206888.703125	204549.1875	1273.93078613281	0.0388240957868091	0.038403	0.038	1
AN_BAS_002	1526947200	3150	206888.703125	204549.1875	1273.93078613281	0.0388240957868091	0.070029	0.2295	1
AN_BAS_003	1497830400	3130_aom	207633.671875	204665.96875	307.926391601562	0.217414936406131	0.088101	0.439	1
AN_BAS_003	1500940800	3130_aom	207633.671875	204665.96875	307.926391601562	0.201885298091407	0.047439	0.288	1
AN_BAS_003	1503273600	3130_aom	207633.671875	204665.96875	307.926391601562	0.0388240957868091	0.04518	0.192	1
AN_BAS_003	1506297600	3130_aom	207633.671875	204665.96875	307.926391601562	0.0388240957868091	0.350145	0.093	1
AN_BAS_003	1507507200	3130_aom	207633.671875	204665.96875	307.926391601562	0.0621185532588946	0.167166	0.1382	1
AN_BAS_003	1511136000	3130_aom	207633.671875	204665.96875	307.926391601562	0.0388240957868091	0.058734	0.1641	1
AN_BAS_003	1514851200	3130_aom	207633.671875	204665.96875	307.926391601562	0.155296383147237	0.20331	0.0405	1
AN_BAS_003	1517184000	3130_aom	207633.671875	204665.96875	307.926391601562	0.0388240957868091	0.103914	0.128	1
AN_BAS_003	1520812800	3130_aom	207633.671875	204665.96875	307.926391601562	0.0388240957868091	0.085842	0.13	1
AN_BAS_003	1522713600	3130_aom	207633.671875	204665.96875	307.926391601562	0.0388240957868091	0.038403	0.076	1
AN_BAS_003	1526947200	3130_aom	207633.671875	204665.96875	307.926391601562	0.108707468203066	0.167166	0.4998	1
AN_BAV_001	1497830400	3150	208525.3125	206174.265625	1049.40002441406	0.0931778298883419	0.049698	0.03	1
AN_BAV_001	1500940800	3150	208525.3125	206174.265625	1049.40002441406	0.0388240957868091	0.031626	0.046	1
AN_BAV_001	1503360000	3150	208525.3125	206174.265625	1049.40002441406	0.0388240957868091	0.027108	0.03	1
AN_BAV_001	1506297600	3150	208525.3125	206174.265625	1049.40002441406	0.0388240957868091	0.024849	0.021	1
AN_BAV_001	1507507200	3150	208525.3125	206174.265625	1049.40002441406	0.0388240957868091	0.033885	0.0575	1
AN_BAV_001	1511136000	3150	208525.3125	206174.265625	1049.40002441406	0.0388240957868091	0.042921	0.0261	1
AN_BAV_001	1514851200	3150	208525.3125	206174.265625	1049.40002441406	0.0388240957868091	0.038403	0.02	1
AN_BAV_001	1517184000	3150	208525.3125	206174.265625	1049.40002441406	0.0388240957868091	0.029367	0.02	1
AN_BAV_001	1520812800	3150	208525.3125	206174.265625	1049.40002441406	0.0388240957868091	0.049698	0.025	1
AN_BAV_001	1522713600	3150	208525.3125	206174.265625	1049.40002441406	0.0388240957868091	0.02259	0.02	1
AN_BAV_001	1526947200	3150	208525.3125	206174.265625	1049.40002441406	0.108707468203066	0.085842	0.02	1
AN_BAV_002	1497830400	3150	208219.375	206223.921875	1326.33752441406	1.32001925675151	0.083583	0.149	1
AN_BAV_002	1500940800	3150	208219.375	206223.921875	1326.33752441406	1.31225443759415	0.06777	0.085	1
AN_BAV_002	1503360000	3150	208219.375	206223.921875	1326.33752441406	1.50637491652819	0.081324	0.112	1
AN_BAV_002	1506297600	3150	208219.375	206223.921875	1326.33752441406	1.07930986287329	0.083583	0.177	1
AN_BAV_002	1507507200	3150	208219.375	206223.921875	1326.33752441406	1.27343034180734	0.106173	0.0804	1
AN_BAV_002	1511136000	3150	208219.375	206223.921875	1326.33752441406	1.62284720388862	0.108432	0.2072	1
AN_BAV_002	1514851200	3150	208219.375	206223.921875	1326.33752441406	0.924013479726057	0.117468	0.0266	1
AN_BAV_002	1517184000	3150	208219.375	206223.921875	1326.33752441406	0.4270650536549	0.146835	0.058	1
AN_BAV_002	1520812800	3150	208219.375	206223.921875	1326.33752441406	0.0388240957868091	0.097137	0.232	1
AN_BAV_002	1522713600	3150	208219.375	206223.921875	1326.33752441406	0.0388240957868091	0.049698	0.054	1
AN_BAV_002	1526947200	3150	208219.375	206223.921875	1326.33752441406	1.75484912956377	0.103914	0.0961	1
AN_BEE_001	1399334400	3130_aom	181311.546875	224246.703125	5734.796875	0.0776481915736183	0.040662	NA	1
AN_BEE_001	1399334400	3130_na	181311.546875	224246.703125	5734.796875	0.0776481915736183	0.040662	NA	1
AN_BEE_001	1401667200	3130_aom	181311.546875	224246.703125	5734.796875	0.0776481915736183	0.040662	NA	1
AN_BEE_001	1401667200	3130_na	181311.546875	224246.703125	5734.796875	0.0776481915736183	0.040662	NA	1
AN_BEE_001	1404086400	3130_aom	181311.546875	224246.703125	5734.796875	0.0776481915736183	0.065511	NA	1
AN_BEE_001	1404086400	3130_na	181311.546875	224246.703125	5734.796875	0.0776481915736183	0.065511	NA	1
AN_BEE_001	1407196800	3130_aom	181311.546875	224246.703125	5734.796875	0.0776481915736183	0.047439	NA	1
AN_BEE_001	1407196800	3130_na	181311.546875	224246.703125	5734.796875	0.0776481915736183	0.047439	NA	1
AN_BEE_001	1410220800	3130_aom	181311.546875	224246.703125	5734.796875	0.132001925675151	0.124245	NA	1
AN_BEE_001	1410220800	3130_na	181311.546875	224246.703125	5734.796875	0.132001925675151	0.124245	NA	1
AN_BEE_001	1413849600	3130_aom	181311.546875	224246.703125	5734.796875	0.0776481915736183	0.036144	NA	1
AN_BEE_001	1413849600	3130_na	181311.546875	224246.703125	5734.796875	0.0776481915736183	0.036144	NA	1
AN_BEE_002	1431907200	3130_aom	181411.109375	224207.953125	441.392242431641	0.139766744832513	0.063252	0.0575	1
AN_BEE_002	1433808000	3130_aom	181411.109375	224207.953125	441.392242431641	0.0931778298883419	0.110691	0.054	1
AN_BEE_002	1436745600	3130_aom	181411.109375	224207.953125	441.392242431641	0.0854130107309801	0.070029	0.133	1
AN_BEE_002	1439769600	3130_aom	181411.109375	224207.953125	441.392242431641	0.0388240957868091	0.13554	0.0232	1
AN_BEE_002	1441584000	3130_aom	181411.109375	224207.953125	441.392242431641	0.0388240957868091	0.02259	0.02	1
AN_BEE_002	1444608000	3130_aom	181411.109375	224207.953125	441.392242431641	0.0349416862081282	0.074547	0.02	1
AN_BEE_002	1447027200	3130_aom	181411.109375	224207.953125	441.392242431641	0.0854130107309801	0.198792	0.0343	1
AN_BEE_002	1449532800	3130_aom	181411.109375	224207.953125	441.392242431641	0.0621185532588946	0.094878	0.02	1
AN_BEE_002	1453161600	3130_aom	181411.109375	224207.953125	441.392242431641	0.0388240957868091	0.065511	0.0239	1
AN_BEE_002	1455494400	3130_aom	181411.109375	224207.953125	441.392242431641	0.0465889149441709	0.088101	0.0289	1
AN_BEE_002	1457913600	3130_aom	181411.109375	224207.953125	441.392242431641	0.0388240957868091	0.029367	0.0203	1
AN_BEE_002	1460937600	3130_aom	181411.109375	224207.953125	441.392242431641	0.0388240957868091	0.02259	0.0297	1
AN_BEE_002	1463443200	3130_aom	181411.109375	224207.953125	441.392242431641	0.0621185532588946	0.02259	0.0575	1
AN_BEE_004	1536624000	3130_aom	181402.59375	224245.859375	104.294326782227	0.0388240957868091	0.02259	0.02	1
AN_BEE_005	1540252800	3130_aom	181500.359375	224284.53125	24686.26953125	0.0776481915736183	0.11295	0.02	1
AN_BGO_001	1498521600	3130_aom	205407.515625	211741.671875	4787.599609375	0.0388240957868091	0.040662	0.02	1
AN_BGO_001	1498521600	3130_na	205407.515625	211741.671875	4787.599609375	0.0388240957868091	0.040662	0.02	1
AN_BGO_001	1498521600	3150	205407.515625	211741.671875	4787.599609375	0.0388240957868091	0.040662	0.02	1
AN_BGO_001	1500940800	3130_aom	205407.515625	211741.671875	4787.599609375	0.0388240957868091	0.031626	0.02	1
AN_BGO_001	1500940800	3130_na	205407.515625	211741.671875	4787.599609375	0.0388240957868091	0.031626	0.02	1
AN_BGO_001	1500940800	3150	205407.515625	211741.671875	4787.599609375	0.0388240957868091	0.031626	0.02	1
AN_BGO_001	1502150400	3130_aom	205407.515625	211741.671875	4787.599609375	0.0388240957868091	0.031626	0.02	1
AN_BGO_001	1502150400	3130_na	205407.515625	211741.671875	4787.599609375	0.0388240957868091	0.031626	0.02	1
AN_BGO_001	1502150400	3150	205407.515625	211741.671875	4787.599609375	0.0388240957868091	0.031626	0.02	1
AN_BGO_001	1506384000	3130_aom	205407.515625	211741.671875	4787.599609375	0.0388240957868091	0.027108	0.02	1
AN_BGO_001	1506384000	3130_na	205407.515625	211741.671875	4787.599609375	0.0388240957868091	0.027108	0.02	1
AN_BGO_001	1506384000	3150	205407.515625	211741.671875	4787.599609375	0.0388240957868091	0.027108	0.02	1
AN_BGO_001	1508112000	3130_aom	205407.515625	211741.671875	4787.599609375	0.0388240957868091	0.042921	0.0351	1
AN_BGO_001	1508112000	3130_na	205407.515625	211741.671875	4787.599609375	0.0388240957868091	0.042921	0.0351	1
AN_BGO_001	1508112000	3150	205407.515625	211741.671875	4787.599609375	0.0388240957868091	0.042921	0.0351	1
AN_BGO_001	1511740800	3130_aom	205407.515625	211741.671875	4787.599609375	0.0388240957868091	0.054216	0.027	1
AN_BGO_001	1511740800	3130_na	205407.515625	211741.671875	4787.599609375	0.0388240957868091	0.054216	0.027	1
AN_BGO_001	1511740800	3150	205407.515625	211741.671875	4787.599609375	0.0388240957868091	0.054216	0.027	1
AN_BGO_001	1515974400	3130_aom	205407.515625	211741.671875	4787.599609375	0.295063127979749	0.149094	0.028	1
AN_BGO_001	1515974400	3130_na	205407.515625	211741.671875	4787.599609375	0.295063127979749	0.149094	0.028	1
AN_BGO_001	1515974400	3150	205407.515625	211741.671875	4787.599609375	0.295063127979749	0.149094	0.028	1
AN_BGO_001	1517184000	3130_aom	205407.515625	211741.671875	4787.599609375	0.17082602146196	0.20331	0.02	1
AN_BGO_001	1517184000	3130_na	205407.515625	211741.671875	4787.599609375	0.17082602146196	0.20331	0.02	1
AN_BGO_001	1517184000	3150	205407.515625	211741.671875	4787.599609375	0.17082602146196	0.20331	0.02	1
AN_BGO_001	1520812800	3130_aom	205407.515625	211741.671875	4787.599609375	0.0388240957868091	0.124245	0.076	1
AN_BGO_001	1520812800	3130_na	205407.515625	211741.671875	4787.599609375	0.0388240957868091	0.124245	0.076	1
AN_BGO_001	1520812800	3150	205407.515625	211741.671875	4787.599609375	0.0388240957868091	0.124245	0.076	1
AN_BGO_001	1524441600	3130_aom	205407.515625	211741.671875	4787.599609375	0.0388240957868091	0.036144	0.0375	1
AN_BGO_001	1524441600	3130_na	205407.515625	211741.671875	4787.599609375	0.0388240957868091	0.036144	0.0375	1
AN_BGO_001	1524441600	3150	205407.515625	211741.671875	4787.599609375	0.0388240957868091	0.036144	0.0375	1
AN_BGO_001	1527552000	3130_aom	205407.515625	211741.671875	4787.599609375	0.0388240957868091	0.029367	0.0314	1
AN_BGO_001	1527552000	3130_na	205407.515625	211741.671875	4787.599609375	0.0388240957868091	0.029367	0.0314	1
AN_BGO_001	1527552000	3150	205407.515625	211741.671875	4787.599609375	0.0388240957868091	0.029367	0.0314	1
AN_BGO_002	1498521600	3130_aom	206598.890625	212216.765625	5631.6513671875	0.0388240957868091	0.038403	0.02	1
AN_BGO_002	1498521600	3130_na	206598.890625	212216.765625	5631.6513671875	0.0388240957868091	0.038403	0.02	1
AN_BGO_002	1498521600	3140	206598.890625	212216.765625	5631.6513671875	0.0388240957868091	0.038403	0.02	1
AN_BGO_002	1500940800	3130_aom	206598.890625	212216.765625	5631.6513671875	0.0388240957868091	0.024849	0.02	1
AN_BGO_002	1500940800	3130_na	206598.890625	212216.765625	5631.6513671875	0.0388240957868091	0.024849	0.02	1
AN_BGO_002	1500940800	3140	206598.890625	212216.765625	5631.6513671875	0.0388240957868091	0.024849	0.02	1
AN_BGO_002	1502150400	3130_aom	206598.890625	212216.765625	5631.6513671875	0.0388240957868091	0.033885	0.02	1
AN_BGO_002	1502150400	3130_na	206598.890625	212216.765625	5631.6513671875	0.0388240957868091	0.033885	0.02	1
AN_BGO_002	1502150400	3140	206598.890625	212216.765625	5631.6513671875	0.0388240957868091	0.033885	0.02	1
AN_BGO_002	1506384000	3130_aom	206598.890625	212216.765625	5631.6513671875	0.0388240957868091	0.024849	0.02	1
AN_BGO_002	1506384000	3130_na	206598.890625	212216.765625	5631.6513671875	0.0388240957868091	0.024849	0.02	1
AN_BGO_002	1506384000	3140	206598.890625	212216.765625	5631.6513671875	0.0388240957868091	0.024849	0.02	1
AN_BGO_002	1508112000	3130_aom	206598.890625	212216.765625	5631.6513671875	0.0388240957868091	0.036144	0.02	1
AN_BGO_002	1508112000	3130_na	206598.890625	212216.765625	5631.6513671875	0.0388240957868091	0.036144	0.02	1
AN_BGO_002	1508112000	3140	206598.890625	212216.765625	5631.6513671875	0.0388240957868091	0.036144	0.02	1
AN_BGO_002	1511740800	3130_aom	206598.890625	212216.765625	5631.6513671875	0.0388240957868091	0.099396	0.02	1
AN_BGO_002	1511740800	3130_na	206598.890625	212216.765625	5631.6513671875	0.0388240957868091	0.099396	0.02	1
AN_BGO_002	1511740800	3140	206598.890625	212216.765625	5631.6513671875	0.0388240957868091	0.099396	0.02	1
AN_BGO_002	1514851200	3130_aom	206598.890625	212216.765625	5631.6513671875	0.0388240957868091	0.153612	0.1158	1
AN_BGO_002	1514851200	3130_na	206598.890625	212216.765625	5631.6513671875	0.0388240957868091	0.153612	0.1158	1
AN_BGO_002	1514851200	3140	206598.890625	212216.765625	5631.6513671875	0.0388240957868091	0.153612	0.1158	1
AN_BGO_002	1517184000	3130_aom	206598.890625	212216.765625	5631.6513671875	0.0388240957868091	0.60993	0.02	1
AN_BGO_002	1517184000	3130_na	206598.890625	212216.765625	5631.6513671875	0.0388240957868091	0.60993	0.02	1
AN_BGO_002	1517184000	3140	206598.890625	212216.765625	5631.6513671875	0.0388240957868091	0.60993	0.02	1
AN_BGO_002	1520812800	3130_aom	206598.890625	212216.765625	5631.6513671875	0.0388240957868091	0.031626	0.02	1
AN_BGO_002	1520812800	3130_na	206598.890625	212216.765625	5631.6513671875	0.0388240957868091	0.031626	0.02	1
AN_BGO_002	1520812800	3140	206598.890625	212216.765625	5631.6513671875	0.0388240957868091	0.031626	0.02	1
AN_BGO_002	1524441600	3130_aom	206598.890625	212216.765625	5631.6513671875	0.0388240957868091	0.051957	0.0282	1
AN_BGO_002	1524441600	3130_na	206598.890625	212216.765625	5631.6513671875	0.0388240957868091	0.051957	0.0282	1
AN_BGO_002	1524441600	3140	206598.890625	212216.765625	5631.6513671875	0.0388240957868091	0.051957	0.0282	1
AN_BGO_002	1527552000	3130_aom	206598.890625	212216.765625	5631.6513671875	0.0388240957868091	0.029367	0.02	1
AN_BGO_002	1527552000	3130_na	206598.890625	212216.765625	5631.6513671875	0.0388240957868091	0.029367	0.02	1
AN_BGO_002	1527552000	3140	206598.890625	212216.765625	5631.6513671875	0.0388240957868091	0.029367	0.02	1
AN_BLA_001	1399334400	3130_aom	181371.15625	224970.140625	30188.46484375	0.0776481915736183	0.029367	NA	1
AN_BLA_001	1399334400	3130_na	181371.15625	224970.140625	30188.46484375	0.0776481915736183	0.029367	NA	1
AN_BLA_001	1401667200	3130_aom	181371.15625	224970.140625	30188.46484375	0.0776481915736183	0.040662	NA	1
AN_BLA_001	1401667200	3130_na	181371.15625	224970.140625	30188.46484375	0.0776481915736183	0.040662	NA	1
AN_BLA_001	1404086400	3130_aom	181371.15625	224970.140625	30188.46484375	0.0776481915736183	0.02259	NA	1
AN_BLA_001	1404086400	3130_na	181371.15625	224970.140625	30188.46484375	0.0776481915736183	0.02259	NA	1
AN_BLA_001	1407196800	3130_aom	181371.15625	224970.140625	30188.46484375	0.0776481915736183	0.024849	NA	1
AN_BLA_001	1407196800	3130_na	181371.15625	224970.140625	30188.46484375	0.0776481915736183	0.024849	NA	1
AN_BLA_001	1410220800	3130_aom	181371.15625	224970.140625	30188.46484375	0.0776481915736183	0.054216	NA	1
AN_BLA_001	1410220800	3130_na	181371.15625	224970.140625	30188.46484375	0.0776481915736183	0.054216	NA	1
AN_BLA_001	1413849600	3130_aom	181371.15625	224970.140625	30188.46484375	0.116472287360427	0.042921	NA	1
AN_BLA_001	1413849600	3130_na	181371.15625	224970.140625	30188.46484375	0.116472287360427	0.042921	NA	1
AN_BLA_001	1516060800	3130_aom	181371.15625	224970.140625	30188.46484375	0.419300234497539	0.11295	0.026	1
AN_BLA_001	1516060800	3130_na	181371.15625	224970.140625	30188.46484375	0.419300234497539	0.11295	0.026	1
AN_BLA_002	1434931200	3130_aom	180985.0625	225024.34375	328013.46875	0.0388240957868091	0.047439	0.02	1
AN_BLA_002	1434931200	3130_na	180985.0625	225024.34375	328013.46875	0.0388240957868091	0.047439	0.02	1
AN_BLA_002	1436745600	3130_aom	180985.0625	225024.34375	328013.46875	0.0388240957868091	0.056475	0.02	1
AN_BLA_002	1436745600	3130_na	180985.0625	225024.34375	328013.46875	0.0388240957868091	0.056475	0.02	1
AN_BLA_002	1439769600	3130_aom	180985.0625	225024.34375	328013.46875	0.0388240957868091	0.060993	0.02	1
AN_BLA_002	1439769600	3130_na	180985.0625	225024.34375	328013.46875	0.0388240957868091	0.060993	0.02	1
AN_BLA_002	1441584000	3130_aom	180985.0625	225024.34375	328013.46875	0.0388240957868091	0.117468	0.02	1
AN_BLA_002	1441584000	3130_na	180985.0625	225024.34375	328013.46875	0.0388240957868091	0.117468	0.02	1
AN_BLA_002	1444608000	3130_aom	180985.0625	225024.34375	328013.46875	0.0194120478934046	0.153612	0.02	1
AN_BLA_002	1444608000	3130_na	180985.0625	225024.34375	328013.46875	0.0194120478934046	0.153612	0.02	1
AN_BLA_002	1447027200	3130_aom	180985.0625	225024.34375	328013.46875	0.0388240957868091	0.212346	0.02	1
AN_BLA_002	1447027200	3130_na	180985.0625	225024.34375	328013.46875	0.0388240957868091	0.212346	0.02	1
AN_BLA_002	1449532800	3130_aom	180985.0625	225024.34375	328013.46875	0.0388240957868091	0.2259	0.02	1
AN_BLA_002	1449532800	3130_na	180985.0625	225024.34375	328013.46875	0.0388240957868091	0.2259	0.02	1
AN_BLA_002	1453161600	3130_aom	180985.0625	225024.34375	328013.46875	0.0388240957868091	0.318519	0.02	1
AN_BLA_002	1453161600	3130_na	180985.0625	225024.34375	328013.46875	0.0388240957868091	0.318519	0.02	1
AN_BLA_002	1455494400	3130_aom	180985.0625	225024.34375	328013.46875	0.0388240957868091	0.246231	0.0443	1
AN_BLA_002	1455494400	3130_na	180985.0625	225024.34375	328013.46875	0.0388240957868091	0.246231	0.0443	1
AN_BLA_002	1457913600	3130_aom	180985.0625	225024.34375	328013.46875	0.0388240957868091	0.079065	0.0335	1
AN_BLA_002	1457913600	3130_na	180985.0625	225024.34375	328013.46875	0.0388240957868091	0.079065	0.0335	1
AN_BLA_002	1460937600	3130_aom	180985.0625	225024.34375	328013.46875	0.0931778298883419	0.117468	0.0252	1
AN_BLA_002	1460937600	3130_na	180985.0625	225024.34375	328013.46875	0.0931778298883419	0.117468	0.0252	1
AN_BLA_002	1463443200	3130_aom	180985.0625	225024.34375	328013.46875	0.0698833724162564	0.160389	0.0229	1
AN_BLA_002	1463443200	3130_na	180985.0625	225024.34375	328013.46875	0.0698833724162564	0.160389	0.0229	1
AN_BLA_003	1434931200	3130_aom	181020.265625	224966.40625	41947.8515625	0.0543537341015328	0.370476	0.02	1
AN_BLA_003	1434931200	3130_na	181020.265625	224966.40625	41947.8515625	0.0543537341015328	0.370476	0.02	1
AN_BLA_003	1436745600	3130_aom	181020.265625	224966.40625	41947.8515625	0.116472287360427	0.345627	0.116	1
AN_BLA_003	1436745600	3130_na	181020.265625	224966.40625	41947.8515625	0.116472287360427	0.345627	0.116	1
AN_BLA_003	1439769600	3130_aom	181020.265625	224966.40625	41947.8515625	0.0388240957868091	0.318519	0.02	1
AN_BLA_003	1439769600	3130_na	181020.265625	224966.40625	41947.8515625	0.0388240957868091	0.318519	0.02	1
AN_BLA_003	1441584000	3130_aom	181020.265625	224966.40625	41947.8515625	0.0388240957868091	0.350145	0.02	1
AN_BLA_003	1441584000	3130_na	181020.265625	224966.40625	41947.8515625	0.0388240957868091	0.350145	0.02	1
AN_BLA_003	1444608000	3130_aom	181020.265625	224966.40625	41947.8515625	0.0194120478934046	0.325296	0.02	1
AN_BLA_003	1444608000	3130_na	181020.265625	224966.40625	41947.8515625	0.0194120478934046	0.325296	0.02	1
AN_BLA_003	1447027200	3130_aom	181020.265625	224966.40625	41947.8515625	0.0388240957868091	0.318519	0.0237	1
AN_BLA_003	1447027200	3130_na	181020.265625	224966.40625	41947.8515625	0.0388240957868091	0.318519	0.0237	1
AN_BLA_003	1449532800	3130_aom	181020.265625	224966.40625	41947.8515625	0.0388240957868091	0.314001	0.02	1
AN_BLA_003	1449532800	3130_na	181020.265625	224966.40625	41947.8515625	0.0388240957868091	0.314001	0.02	1
AN_BLA_003	1453161600	3130_aom	181020.265625	224966.40625	41947.8515625	0.0388240957868091	1.045917	0.02	1
AN_BLA_003	1453161600	3130_na	181020.265625	224966.40625	41947.8515625	0.0388240957868091	1.045917	0.02	1
AN_BLA_003	1455494400	3130_aom	181020.265625	224966.40625	41947.8515625	0.0388240957868091	0.440505	0.02	1
AN_BLA_003	1455494400	3130_na	181020.265625	224966.40625	41947.8515625	0.0388240957868091	0.440505	0.02	1
AN_BLA_003	1457913600	3130_aom	181020.265625	224966.40625	41947.8515625	0.0388240957868091	0.58734	0.02	1
AN_BLA_003	1457913600	3130_na	181020.265625	224966.40625	41947.8515625	0.0388240957868091	0.58734	0.02	1
AN_BLA_003	1460937600	3130_aom	181020.265625	224966.40625	41947.8515625	0.0388240957868091	0.517311	0.02	1
AN_BLA_003	1460937600	3130_na	181020.265625	224966.40625	41947.8515625	0.0388240957868091	0.517311	0.02	1
AN_BLA_003	1463443200	3130_aom	181020.265625	224966.40625	41947.8515625	0.0543537341015328	0.580563	0.02	1
AN_BLA_003	1463443200	3130_na	181020.265625	224966.40625	41947.8515625	0.0543537341015328	0.580563	0.02	1
AN_BLA_004	1434931200	3130_aom	181695.921875	224533.453125	18105.166015625	0.0388240957868091	0.02259	0.02	1
AN_BLA_004	1434931200	3130_na	181695.921875	224533.453125	18105.166015625	0.0388240957868091	0.02259	0.02	1
AN_BLA_004	1434931200	3140	181695.921875	224533.453125	18105.166015625	0.0388240957868091	0.02259	0.02	1
AN_BLA_004	1436745600	3130_aom	181695.921875	224533.453125	18105.166015625	0.0388240957868091	0.031626	0.024	1
AN_BLA_004	1436745600	3130_na	181695.921875	224533.453125	18105.166015625	0.0388240957868091	0.031626	0.024	1
AN_BLA_004	1436745600	3140	181695.921875	224533.453125	18105.166015625	0.0388240957868091	0.031626	0.024	1
AN_BLA_004	1439769600	3130_aom	181695.921875	224533.453125	18105.166015625	0.0388240957868091	0.049698	0.02	1
AN_BLA_004	1439769600	3130_na	181695.921875	224533.453125	18105.166015625	0.0388240957868091	0.049698	0.02	1
AN_BLA_004	1439769600	3140	181695.921875	224533.453125	18105.166015625	0.0388240957868091	0.049698	0.02	1
AN_BLA_004	1441584000	3130_aom	181695.921875	224533.453125	18105.166015625	0.0543537341015328	0.049698	0.02	1
AN_BLA_004	1441584000	3130_na	181695.921875	224533.453125	18105.166015625	0.0543537341015328	0.049698	0.02	1
AN_BLA_004	1441584000	3140	181695.921875	224533.453125	18105.166015625	0.0543537341015328	0.049698	0.02	1
AN_BLA_004	1444608000	3130_aom	181695.921875	224533.453125	18105.166015625	0.0194120478934046	0.063252	0.02	1
AN_BLA_004	1444608000	3130_na	181695.921875	224533.453125	18105.166015625	0.0194120478934046	0.063252	0.02	1
AN_BLA_004	1444608000	3140	181695.921875	224533.453125	18105.166015625	0.0194120478934046	0.063252	0.02	1
AN_BLA_004	1447027200	3130_aom	181695.921875	224533.453125	18105.166015625	0.0621185532588946	0.15813	0.02	1
AN_BLA_004	1447027200	3130_na	181695.921875	224533.453125	18105.166015625	0.0621185532588946	0.15813	0.02	1
AN_BLA_004	1447027200	3140	181695.921875	224533.453125	18105.166015625	0.0621185532588946	0.15813	0.02	1
AN_BLA_004	1449532800	3130_aom	181695.921875	224533.453125	18105.166015625	0.0776481915736183	0.246231	0.02	1
AN_BLA_004	1449532800	3130_na	181695.921875	224533.453125	18105.166015625	0.0776481915736183	0.246231	0.02	1
AN_BLA_004	1449532800	3140	181695.921875	224533.453125	18105.166015625	0.0776481915736183	0.246231	0.02	1
AN_BLA_004	1453161600	3130_aom	181695.921875	224533.453125	18105.166015625	0.0465889149441709	0.625743	0.02	1
AN_BLA_004	1453161600	3130_na	181695.921875	224533.453125	18105.166015625	0.0465889149441709	0.625743	0.02	1
AN_BLA_004	1453161600	3140	181695.921875	224533.453125	18105.166015625	0.0465889149441709	0.625743	0.02	1
AN_BLA_004	1455494400	3130_aom	181695.921875	224533.453125	18105.166015625	0.0388240957868091	0.578304	0.02	1
AN_BLA_004	1455494400	3130_na	181695.921875	224533.453125	18105.166015625	0.0388240957868091	0.578304	0.02	1
AN_BLA_004	1455494400	3140	181695.921875	224533.453125	18105.166015625	0.0388240957868091	0.578304	0.02	1
AN_BLA_004	1457913600	3130_aom	181695.921875	224533.453125	18105.166015625	0.0465889149441709	0.801945	0.02	1
AN_BLA_004	1457913600	3130_na	181695.921875	224533.453125	18105.166015625	0.0465889149441709	0.801945	0.02	1
AN_BLA_004	1457913600	3140	181695.921875	224533.453125	18105.166015625	0.0465889149441709	0.801945	0.02	1
AN_BLA_004	1460937600	3130_aom	181695.921875	224533.453125	18105.166015625	0.0388240957868091	0.60993	0.02	1
AN_BLA_004	1460937600	3130_na	181695.921875	224533.453125	18105.166015625	0.0388240957868091	0.60993	0.02	1
AN_BLA_004	1460937600	3140	181695.921875	224533.453125	18105.166015625	0.0388240957868091	0.60993	0.02	1
AN_BLA_004	1463443200	3130_aom	181695.921875	224533.453125	18105.166015625	0.0388240957868091	0.426951	0.0233	1
AN_BLA_004	1463443200	3130_na	181695.921875	224533.453125	18105.166015625	0.0388240957868091	0.426951	0.0233	1
AN_BLA_004	1463443200	3140	181695.921875	224533.453125	18105.166015625	0.0388240957868091	0.426951	0.0233	1
AN_BOG_001	1433116800	3130_aom	197396.5	234690.5	64056.03515625	1.35884335253832	0.02259	0.2421	1
AN_BOG_001	1433116800	3130_na	197396.5	234690.5	64056.03515625	1.35884335253832	0.02259	0.2421	1
AN_BOG_001	1436140800	3130_aom	197396.5	234690.5	64056.03515625	0.0465889149441709	0.04518	0.3607	1
AN_BOG_001	1436140800	3130_na	197396.5	234690.5	64056.03515625	0.0465889149441709	0.04518	0.3607	1
AN_BOG_001	1438041600	3130_aom	197396.5	234690.5	64056.03515625	0.372711319553368	0.09036	0.371	1
AN_BOG_001	1438041600	3130_na	197396.5	234690.5	64056.03515625	0.372711319553368	0.09036	0.371	1
AN_BOG_001	1440460800	3130_aom	197396.5	234690.5	64056.03515625	0.17082602146196	0.072288	0.1907	1
AN_BOG_001	1440460800	3130_na	197396.5	234690.5	64056.03515625	0.17082602146196	0.072288	0.1907	1
AN_BOG_001	1444089600	3130_aom	197396.5	234690.5	64056.03515625	0.0388240957868091	0.038403	0.08	1
AN_BOG_001	1444089600	3130_na	197396.5	234690.5	64056.03515625	0.0388240957868091	0.038403	0.08	1
AN_BOG_001	1445904000	3130_aom	197396.5	234690.5	64056.03515625	0.139766744832513	0.072288	0.14	1
AN_BOG_001	1445904000	3130_na	197396.5	234690.5	64056.03515625	0.139766744832513	0.072288	0.14	1
AN_BOG_001	1448323200	3130_aom	197396.5	234690.5	64056.03515625	1.3821378100104	0.162648	0.068	1
AN_BOG_001	1448323200	3130_na	197396.5	234690.5	64056.03515625	1.3821378100104	0.162648	0.068	1
AN_BOG_001	1451865600	3130_aom	197396.5	234690.5	64056.03515625	0.139766744832513	0.456318	0.0823	1
AN_BOG_001	1451865600	3130_na	197396.5	234690.5	64056.03515625	0.139766744832513	0.456318	0.0823	1
AN_BOG_001	1454371200	3130_aom	197396.5	234690.5	64056.03515625	0.139766744832513	1.357659	0.0811	1
AN_BOG_001	1454371200	3130_na	197396.5	234690.5	64056.03515625	0.139766744832513	1.357659	0.0811	1
AN_BOG_001	1456790400	3130_aom	197396.5	234690.5	64056.03515625	0.155296383147237	1.283112	0.0789	1
AN_BOG_001	1456790400	3130_na	197396.5	234690.5	64056.03515625	0.155296383147237	1.283112	0.0789	1
AN_BOG_001	1460332800	3130_aom	197396.5	234690.5	64056.03515625	0.186355659776684	0.291411	0.0919	1
AN_BOG_001	1460332800	3130_na	197396.5	234690.5	64056.03515625	0.186355659776684	0.291411	0.0919	1
AN_BOG_001	1462147200	3130_aom	197396.5	234690.5	64056.03515625	0.0388240957868091	0.029367	0.064	1
AN_BOG_001	1462147200	3130_na	197396.5	234690.5	64056.03515625	0.0388240957868091	0.029367	0.064	1
AN_BPE_001	1431302400	3140	151454.859375	219382.53125	225189.359375	0.0388240957868091	0.070029	0.02	1
AN_BPE_001	1431302400	3150	151454.859375	219382.53125	225189.359375	0.0388240957868091	0.070029	0.02	1
AN_BPE_001	1434326400	3140	151454.859375	219382.53125	225189.359375	0.0388240957868091	0.033885	0.03	1
AN_BPE_001	1434326400	3150	151454.859375	219382.53125	225189.359375	0.0388240957868091	0.033885	0.03	1
AN_BPE_001	1435622400	3140	151454.859375	219382.53125	225189.359375	0.0388240957868091	0.431469	0.0206	1
AN_BPE_001	1435622400	3150	151454.859375	219382.53125	225189.359375	0.0388240957868091	0.431469	0.0206	1
AN_BPE_001	1437955200	3140	151454.859375	219382.53125	225189.359375	0.0388240957868091	0.065511	0.02	1
AN_BPE_001	1437955200	3150	151454.859375	219382.53125	225189.359375	0.0388240957868091	0.065511	0.02	1
AN_BPE_001	1440374400	3140	151454.859375	219382.53125	225189.359375	0.0388240957868091	0.024849	0.0346	1
AN_BPE_001	1440374400	3150	151454.859375	219382.53125	225189.359375	0.0388240957868091	0.024849	0.0346	1
AN_BPE_001	1442793600	3140	151454.859375	219382.53125	225189.359375	0.0388240957868091	0.02259	0.02	1
AN_BPE_001	1442793600	3150	151454.859375	219382.53125	225189.359375	0.0388240957868091	0.02259	0.02	1
AN_BPE_001	1445817600	3140	151454.859375	219382.53125	225189.359375	0.0388240957868091	0.02259	0.02	1
AN_BPE_001	1445817600	3150	151454.859375	219382.53125	225189.359375	0.0388240957868091	0.02259	0.02	1
AN_BPE_001	1448236800	3140	151454.859375	219382.53125	225189.359375	0.0388240957868091	0.040662	0.02	1
AN_BPE_001	1448236800	3150	151454.859375	219382.53125	225189.359375	0.0388240957868091	0.040662	0.02	1
AN_DEB_001	1497916800	3130_aom	154891.859375	239202.484375	6362.44140625	0.248474213035578	0.347886	0.041	1
AN_DEB_001	1499817600	3130_aom	154891.859375	239202.484375	6362.44140625	0.240709393878217	0.282375	0.1472	1
AN_DEB_001	1501545600	3130_aom	154891.859375	239202.484375	6362.44140625	0.333887223766558	0.460836	0.19	1
AN_DEB_001	1505174400	3130_aom	154891.859375	239202.484375	6362.44140625	0.380476138710729	0.481167	0.1058	1
AN_DEB_001	1507593600	3130_aom	154891.859375	239202.484375	6362.44140625	0.489183606913795	0.70029	0.0406	1
AN_DEB_001	1510012800	3130_aom	154891.859375	239202.484375	6362.44140625	0.209650117248769	0.323037	0.07	1
AN_DEB_001	1512432000	3130_aom	154891.859375	239202.484375	6362.44140625	0.186355659776684	0.291411	0.0404	1
AN_DEB_001	1514937600	3130_aom	154891.859375	239202.484375	6362.44140625	0.116472287360427	0.198792	0.0512	1
AN_DEB_001	1517875200	3130_aom	154891.859375	239202.484375	6362.44140625	0.0543537341015328	0.155871	0.039	1
AN_DEB_001	1521504000	3130_aom	154891.859375	239202.484375	6362.44140625	0.116472287360427	0.178461	0.043	1
AN_DEB_001	1523318400	3130_aom	154891.859375	239202.484375	6362.44140625	0.139766744832513	0.169425	0.024	1
AN_DEB_001	1527033600	3130_aom	154891.859375	239202.484375	6362.44140625	0.163061202304598	0.250749	0.0842	1
AN_DES_003	1399852800	3150	203876.765625	217264.703125	91215.125	0.155296383147237	0.232677	NA	1
AN_DES_003	1402444800	3150	203876.765625	217264.703125	91215.125	0.0776481915736183	0.232677	NA	1
AN_DES_003	1404777600	3150	203876.765625	217264.703125	91215.125	0.0776481915736183	0.056475	NA	1
AN_DES_003	1408320000	3150	203876.765625	217264.703125	91215.125	0.0776481915736183	0.036144	NA	1
AN_DES_003	1410825600	3150	203876.765625	217264.703125	91215.125	0.0776481915736183	0.024849	NA	1
AN_DES_003	1414972800	3150	203876.765625	217264.703125	91215.125	0.0776481915736183	0.243972	NA	1
AN_DES_004	1464652800	3130_aom	205615.1875	217485.078125	8597.330078125	0.0698833724162564	0.070029	0.0253	1
AN_DES_004	1464652800	3160	205615.1875	217485.078125	8597.330078125	0.0698833724162564	0.070029	0.0253	1
AN_DES_004	1466985600	3130_aom	205615.1875	217485.078125	8597.330078125	0.0388240957868091	0.051957	0.02	1
AN_DES_004	1466985600	3160	205615.1875	217485.078125	8597.330078125	0.0388240957868091	0.051957	0.02	1
AN_DES_004	1471305600	3130_aom	205615.1875	217485.078125	8597.330078125	0.0388240957868091	0.02259	0.0341	1
AN_DES_004	1471305600	3160	205615.1875	217485.078125	8597.330078125	0.0388240957868091	0.02259	0.0341	1
AN_DES_004	1473033600	3130_aom	205615.1875	217485.078125	8597.330078125	0.0465889149441709	0.031626	0.02	1
AN_DES_004	1473033600	3160	205615.1875	217485.078125	8597.330078125	0.0465889149441709	0.031626	0.02	1
AN_DES_004	1476144000	3130_aom	205615.1875	217485.078125	8597.330078125	0.0698833724162564	0.056475	0.0282	1
AN_DES_004	1476144000	3160	205615.1875	217485.078125	8597.330078125	0.0698833724162564	0.056475	0.0282	1
AN_DES_004	1478476800	3130_aom	205615.1875	217485.078125	8597.330078125	0.0465889149441709	0.024849	0.0209	1
AN_DES_004	1478476800	3160	205615.1875	217485.078125	8597.330078125	0.0465889149441709	0.024849	0.0209	1
AN_DES_004	1480377600	3130_aom	205615.1875	217485.078125	8597.330078125	0.0388240957868091	0.142317	0.02	1
AN_DES_004	1480377600	3160	205615.1875	217485.078125	8597.330078125	0.0388240957868091	0.142317	0.02	1
AN_DES_004	1483401600	3130_aom	205615.1875	217485.078125	8597.330078125	0.0388240957868091	0.056475	0.02	1
AN_DES_004	1483401600	3160	205615.1875	217485.078125	8597.330078125	0.0388240957868091	0.056475	0.02	1
AN_DES_004	1485734400	3130_aom	205615.1875	217485.078125	8597.330078125	0.0776481915736183	0.081324	0.02	1
AN_DES_004	1485734400	3160	205615.1875	217485.078125	8597.330078125	0.0776481915736183	0.081324	0.02	1
AN_DES_004	1489363200	3130_aom	205615.1875	217485.078125	8597.330078125	0.0388240957868091	0.04518	0.02	1
AN_DES_004	1489363200	3160	205615.1875	217485.078125	8597.330078125	0.0388240957868091	0.04518	0.02	1
AN_DES_004	1491177600	3130_aom	205615.1875	217485.078125	8597.330078125	0.0388240957868091	0.029367	0.02	1
AN_DES_004	1491177600	3160	205615.1875	217485.078125	8597.330078125	0.0388240957868091	0.029367	0.02	1
AN_DES_004	1494201600	3130_aom	205615.1875	217485.078125	8597.330078125	0.0465889149441709	0.060993	0.027	1
AN_DES_004	1494201600	3160	205615.1875	217485.078125	8597.330078125	0.0465889149441709	0.060993	0.027	1
AN_DIE_001	1399852800	3130_aom	208059.3125	215181.84375	90181.640625	0.0776481915736183	0.24849	NA	1
AN_DIE_001	1399852800	3130_na	208059.3125	215181.84375	90181.640625	0.0776481915736183	0.24849	NA	1
AN_DIE_001	1399852800	3140	208059.3125	215181.84375	90181.640625	0.0776481915736183	0.24849	NA	1
AN_DIE_001	1408320000	3130_aom	208059.3125	215181.84375	90181.640625	0.0776481915736183	0.115209	NA	1
AN_DIE_001	1408320000	3130_na	208059.3125	215181.84375	90181.640625	0.0776481915736183	0.115209	NA	1
AN_DIE_001	1408320000	3140	208059.3125	215181.84375	90181.640625	0.0776481915736183	0.115209	NA	1
AN_DIE_001	1411430400	3130_aom	208059.3125	215181.84375	90181.640625	0.0776481915736183	0.047439	NA	1
AN_DIE_001	1411430400	3130_na	208059.3125	215181.84375	90181.640625	0.0776481915736183	0.047439	NA	1
AN_DIE_001	1411430400	3140	208059.3125	215181.84375	90181.640625	0.0776481915736183	0.047439	NA	1
AN_DIE_001	1416182400	3130_aom	208059.3125	215181.84375	90181.640625	0.0776481915736183	0.243972	NA	1
AN_DIE_001	1416182400	3130_na	208059.3125	215181.84375	90181.640625	0.0776481915736183	0.243972	NA	1
AN_DIE_001	1416182400	3140	208059.3125	215181.84375	90181.640625	0.0776481915736183	0.243972	NA	1
AN_DIE_002	1433203200	3130_aom	207802.015625	214971.765625	22096.90234375	0.0388240957868091	0.024849	0.3154	1
AN_DIE_002	1433203200	3130_na	207802.015625	214971.765625	22096.90234375	0.0388240957868091	0.024849	0.3154	1
AN_DIE_002	1433203200	3140	207802.015625	214971.765625	22096.90234375	0.0388240957868091	0.024849	0.3154	1
AN_DIE_002	1433203200	3150	207802.015625	214971.765625	22096.90234375	0.0388240957868091	0.024849	0.3154	1
AN_DIE_002	1435536000	3130_aom	207802.015625	214971.765625	22096.90234375	0.0388240957868091	0.079065	0.02	1
AN_DIE_002	1435536000	3130_na	207802.015625	214971.765625	22096.90234375	0.0388240957868091	0.079065	0.02	1
AN_DIE_002	1435536000	3140	207802.015625	214971.765625	22096.90234375	0.0388240957868091	0.079065	0.02	1
AN_DIE_002	1435536000	3150	207802.015625	214971.765625	22096.90234375	0.0388240957868091	0.079065	0.02	1
AN_DIE_002	1438560000	3130_aom	207802.015625	214971.765625	22096.90234375	0.0388240957868091	0.038403	0.02	1
AN_DIE_002	1438560000	3130_na	207802.015625	214971.765625	22096.90234375	0.0388240957868091	0.038403	0.02	1
AN_DIE_002	1438560000	3140	207802.015625	214971.765625	22096.90234375	0.0388240957868091	0.038403	0.02	1
AN_DIE_002	1438560000	3150	207802.015625	214971.765625	22096.90234375	0.0388240957868091	0.038403	0.02	1
AN_DIE_002	1441065600	3130_aom	207802.015625	214971.765625	22096.90234375	0.0388240957868091	0.04518	0.02	1
AN_DIE_002	1441065600	3130_na	207802.015625	214971.765625	22096.90234375	0.0388240957868091	0.04518	0.02	1
AN_DIE_002	1441065600	3140	207802.015625	214971.765625	22096.90234375	0.0388240957868091	0.04518	0.02	1
AN_DIE_002	1441065600	3150	207802.015625	214971.765625	22096.90234375	0.0388240957868091	0.04518	0.02	1
AN_DIE_002	1444089600	3130_aom	207802.015625	214971.765625	22096.90234375	0.0388240957868091	0.036144	0.02	1
AN_DIE_002	1444089600	3130_na	207802.015625	214971.765625	22096.90234375	0.0388240957868091	0.036144	0.02	1
AN_DIE_002	1444089600	3140	207802.015625	214971.765625	22096.90234375	0.0388240957868091	0.036144	0.02	1
AN_DIE_002	1444089600	3150	207802.015625	214971.765625	22096.90234375	0.0388240957868091	0.036144	0.02	1
AN_DIE_002	1446595200	3130_aom	207802.015625	214971.765625	22096.90234375	0.0388240957868091	0.040662	0.02	1
AN_DIE_002	1446595200	3130_na	207802.015625	214971.765625	22096.90234375	0.0388240957868091	0.040662	0.02	1
AN_DIE_002	1446595200	3140	207802.015625	214971.765625	22096.90234375	0.0388240957868091	0.040662	0.02	1
AN_DIE_002	1446595200	3150	207802.015625	214971.765625	22096.90234375	0.0388240957868091	0.040662	0.02	1
AN_DIE_002	1448928000	3130_aom	207802.015625	214971.765625	22096.90234375	0.0931778298883419	0.140058	0.02	1
AN_DIE_002	1448928000	3130_na	207802.015625	214971.765625	22096.90234375	0.0931778298883419	0.140058	0.02	1
AN_DIE_002	1448928000	3140	207802.015625	214971.765625	22096.90234375	0.0931778298883419	0.140058	0.02	1
AN_DIE_002	1448928000	3150	207802.015625	214971.765625	22096.90234375	0.0931778298883419	0.140058	0.02	1
AN_DIE_002	1452556800	3130_aom	207802.015625	214971.765625	22096.90234375	0.147531563989875	0.149094	0.02	1
AN_DIE_002	1452556800	3130_na	207802.015625	214971.765625	22096.90234375	0.147531563989875	0.149094	0.02	1
AN_DIE_002	1452556800	3140	207802.015625	214971.765625	22096.90234375	0.147531563989875	0.149094	0.02	1
AN_DIE_002	1452556800	3150	207802.015625	214971.765625	22096.90234375	0.147531563989875	0.149094	0.02	1
AN_DIE_002	1454976000	3130_aom	207802.015625	214971.765625	22096.90234375	0.0621185532588946	0.291411	0.02	1
AN_DIE_002	1454976000	3130_na	207802.015625	214971.765625	22096.90234375	0.0621185532588946	0.291411	0.02	1
AN_DIE_002	1454976000	3140	207802.015625	214971.765625	22096.90234375	0.0621185532588946	0.291411	0.02	1
AN_DIE_002	1454976000	3150	207802.015625	214971.765625	22096.90234375	0.0621185532588946	0.291411	0.02	1
AN_DIE_002	1457395200	3130_aom	207802.015625	214971.765625	22096.90234375	0.132001925675151	0.295929	0.0268	1
AN_DIE_002	1457395200	3130_na	207802.015625	214971.765625	22096.90234375	0.132001925675151	0.295929	0.0268	1
AN_DIE_002	1457395200	3140	207802.015625	214971.765625	22096.90234375	0.132001925675151	0.295929	0.0268	1
AN_DIE_002	1457395200	3150	207802.015625	214971.765625	22096.90234375	0.132001925675151	0.295929	0.0268	1
AN_DIE_002	1460419200	3130_aom	207802.015625	214971.765625	22096.90234375	0.0388240957868091	0.411138	0.0215	1
AN_DIE_002	1460419200	3130_na	207802.015625	214971.765625	22096.90234375	0.0388240957868091	0.411138	0.0215	1
AN_DIE_002	1460419200	3140	207802.015625	214971.765625	22096.90234375	0.0388240957868091	0.411138	0.0215	1
AN_DIE_002	1460419200	3150	207802.015625	214971.765625	22096.90234375	0.0388240957868091	0.411138	0.0215	1
AN_DIE_002	1462838400	3130_aom	207802.015625	214971.765625	22096.90234375	0.0854130107309801	0.110691	0.0309	1
AN_DIE_002	1462838400	3130_na	207802.015625	214971.765625	22096.90234375	0.0854130107309801	0.110691	0.0309	1
AN_DIE_002	1462838400	3140	207802.015625	214971.765625	22096.90234375	0.0854130107309801	0.110691	0.0309	1
AN_DIE_002	1462838400	3150	207802.015625	214971.765625	22096.90234375	0.0854130107309801	0.110691	0.0309	1
AN_DUI_001	1399939200	3150	189578.65625	217608.265625	1805.75646972656	0.318357585451835	0.04518	NA	1
AN_DUI_001	1402876800	3150	189578.65625	217608.265625	1805.75646972656	0.0776481915736183	0.042921	NA	1
AN_DUI_001	1405382400	3150	189578.65625	217608.265625	1805.75646972656	0.295063127979749	0.02259	NA	1
AN_DUI_001	1408320000	3150	189578.65625	217608.265625	1805.75646972656	0.0776481915736183	0.038403	NA	1
AN_DUI_001	1411344000	3150	189578.65625	217608.265625	1805.75646972656	0.0776481915736183	0.060993	NA	1
AN_DUI_001	1415059200	3150	189578.65625	217608.265625	1805.75646972656	0.815306011522992	0.040662	NA	1
AN_DVH_001	1399334400	3130_na	174437.140625	224138.078125	30357.583984375	0.0776481915736183	0.420174	NA	1
AN_DVH_001	1401667200	3130_na	174437.140625	224138.078125	30357.583984375	0.0776481915736183	0.060993	NA	1
AN_DVH_001	1404086400	3130_na	174437.140625	224138.078125	30357.583984375	0.0776481915736183	0.027108	NA	1
AN_DVH_001	1407196800	3130_na	174437.140625	224138.078125	30357.583984375	0.0776481915736183	0.024849	NA	1
AN_DVH_001	1410220800	3130_na	174437.140625	224138.078125	30357.583984375	0.0776481915736183	0.036144	NA	1
AN_DVH_001	1413849600	3130_na	174437.140625	224138.078125	30357.583984375	0.116472287360427	0.04518	NA	1
AN_DVH_002	1399334400	3130_aom	174496.671875	224144.03125	249151.5	0.25623903219294	0.06777	NA	1
AN_DVH_002	1399334400	3130_na	174496.671875	224144.03125	249151.5	0.25623903219294	0.06777	NA	1
AN_DVH_002	1401667200	3130_aom	174496.671875	224144.03125	249151.5	0.0776481915736183	0.058734	NA	1
AN_DVH_002	1401667200	3130_na	174496.671875	224144.03125	249151.5	0.0776481915736183	0.058734	NA	1
AN_DVH_002	1404086400	3130_aom	174496.671875	224144.03125	249151.5	0.396005777025453	0.051957	NA	1
AN_DVH_002	1404086400	3130_na	174496.671875	224144.03125	249151.5	0.396005777025453	0.051957	NA	1
AN_DVH_002	1407196800	3130_aom	174496.671875	224144.03125	249151.5	0.0776481915736183	0.02259	NA	1
AN_DVH_002	1407196800	3130_na	174496.671875	224144.03125	249151.5	0.0776481915736183	0.02259	NA	1
AN_DVH_002	1410220800	3130_aom	174496.671875	224144.03125	249151.5	0.0776481915736183	0.02259	NA	1
AN_DVH_002	1410220800	3130_na	174496.671875	224144.03125	249151.5	0.0776481915736183	0.02259	NA	1
AN_DVH_002	1413849600	3130_aom	174496.671875	224144.03125	249151.5	0.0776481915736183	0.036144	NA	1
AN_DVH_002	1413849600	3130_na	174496.671875	224144.03125	249151.5	0.0776481915736183	0.036144	NA	1
AN_DVH_003	1399334400	3130_na	175515.453125	224001.421875	8446.103515625	0.194120478934046	0.031626	NA	1
AN_DVH_003	1401667200	3130_na	175515.453125	224001.421875	8446.103515625	0.0776481915736183	0.02259	NA	1
AN_DVH_003	1404086400	3130_na	175515.453125	224001.421875	8446.103515625	0.0776481915736183	0.101655	NA	1
AN_DVH_003	1407196800	3130_na	175515.453125	224001.421875	8446.103515625	0.0776481915736183	0.02259	NA	1
AN_DVH_003	1410220800	3130_na	175515.453125	224001.421875	8446.103515625	0.0776481915736183	0.040662	NA	1
AN_DVH_003	1413849600	3130_na	175515.453125	224001.421875	8446.103515625	0.0776481915736183	0.038403	NA	1
AN_DVH_004	1434931200	3130_na	175010.625	224807.5	453.551483154297	0.0388240957868091	0.02259	0.023	1
AN_DVH_004	1434931200	3140	175010.625	224807.5	453.551483154297	0.0388240957868091	0.02259	0.023	1
AN_DVH_004	1436745600	3130_na	175010.625	224807.5	453.551483154297	0.0388240957868091	0.040662	0.024	1
AN_DVH_004	1436745600	3140	175010.625	224807.5	453.551483154297	0.0388240957868091	0.040662	0.024	1
AN_DVH_004	1439251200	3130_na	175010.625	224807.5	453.551483154297	0.0388240957868091	0.051957	0.0482	1
AN_DVH_004	1439251200	3140	175010.625	224807.5	453.551483154297	0.0388240957868091	0.051957	0.0482	1
AN_DVH_004	1442188800	3130_na	175010.625	224807.5	453.551483154297	0.0388240957868091	0.058734	0.0265	1
AN_DVH_004	1442188800	3140	175010.625	224807.5	453.551483154297	0.0388240957868091	0.058734	0.0265	1
AN_DVH_004	1444608000	3130_na	175010.625	224807.5	453.551483154297	0.00694951314583883	0.02259	0.02	1
AN_DVH_004	1444608000	3140	175010.625	224807.5	453.551483154297	0.00694951314583883	0.02259	0.02	1
AN_DVH_004	1449446400	3130_na	175010.625	224807.5	453.551483154297	0.0621185532588946	0.054216	0.02	1
AN_DVH_004	1449446400	3140	175010.625	224807.5	453.551483154297	0.0621185532588946	0.054216	0.02	1
AN_DVH_004	1455580800	3130_na	175010.625	224807.5	453.551483154297	0.0388240957868091	1.344105	0.0279	1
AN_DVH_004	1455580800	3140	175010.625	224807.5	453.551483154297	0.0388240957868091	1.344105	0.0279	1
AN_DVH_004	1457913600	3130_na	175010.625	224807.5	453.551483154297	0.0388240957868091	0.325296	0.02	1
AN_DVH_004	1457913600	3140	175010.625	224807.5	453.551483154297	0.0388240957868091	0.325296	0.02	1
AN_DVH_004	1461024000	3130_na	175010.625	224807.5	453.551483154297	0.0388240957868091	0.02259	0.0255	1
AN_DVH_004	1461024000	3140	175010.625	224807.5	453.551483154297	0.0388240957868091	0.02259	0.0255	1
AN_DVH_004	1463529600	3130_na	175010.625	224807.5	453.551483154297	0.0698833724162564	0.024849	0.0301	1
AN_DVH_004	1463529600	3140	175010.625	224807.5	453.551483154297	0.0698833724162564	0.024849	0.0301	1
AN_DVH_005	1434931200	3130_aom	175257.71875	224580.078125	69752.390625	0.0388240957868091	0.024849	0.02	1
AN_DVH_005	1434931200	3130_na	175257.71875	224580.078125	69752.390625	0.0388240957868091	0.024849	0.02	1
AN_DVH_005	1436745600	3130_aom	175257.71875	224580.078125	69752.390625	0.0465889149441709	0.126504	0.02	1
AN_DVH_005	1436745600	3130_na	175257.71875	224580.078125	69752.390625	0.0465889149441709	0.126504	0.02	1
AN_DVH_005	1439251200	3130_aom	175257.71875	224580.078125	69752.390625	0.0388240957868091	0.040662	0.02	1
AN_DVH_005	1439251200	3130_na	175257.71875	224580.078125	69752.390625	0.0388240957868091	0.040662	0.02	1
AN_DVH_005	1442188800	3130_aom	175257.71875	224580.078125	69752.390625	0.0388240957868091	0.038403	0.02	1
AN_DVH_005	1442188800	3130_na	175257.71875	224580.078125	69752.390625	0.0388240957868091	0.038403	0.02	1
AN_DVH_005	1444608000	3130_aom	175257.71875	224580.078125	69752.390625	0.0271768670507664	0.058734	0.02	1
AN_DVH_005	1444608000	3130_na	175257.71875	224580.078125	69752.390625	0.0271768670507664	0.058734	0.02	1
AN_DVH_005	1447027200	3130_aom	175257.71875	224580.078125	69752.390625	0.0621185532588946	0.074547	0.02	1
AN_DVH_005	1447027200	3130_na	175257.71875	224580.078125	69752.390625	0.0621185532588946	0.074547	0.02	1
AN_DVH_005	1449446400	3130_aom	175257.71875	224580.078125	69752.390625	0.116472287360427	0.171684	0.02	1
AN_DVH_005	1449446400	3130_na	175257.71875	224580.078125	69752.390625	0.116472287360427	0.171684	0.02	1
AN_DVH_005	1453075200	3130_aom	175257.71875	224580.078125	69752.390625	0.0776481915736183	0.456318	0.0269	1
AN_DVH_005	1453075200	3130_na	175257.71875	224580.078125	69752.390625	0.0776481915736183	0.456318	0.0269	1
AN_DVH_005	1455580800	3130_aom	175257.71875	224580.078125	69752.390625	0.0776481915736183	0.162648	0.0483	1
AN_DVH_005	1455580800	3130_na	175257.71875	224580.078125	69752.390625	0.0776481915736183	0.162648	0.0483	1
AN_DVH_005	1457913600	3130_aom	175257.71875	224580.078125	69752.390625	0.0388240957868091	0.051957	0.0365	1
AN_DVH_005	1457913600	3130_na	175257.71875	224580.078125	69752.390625	0.0388240957868091	0.051957	0.0365	1
AN_DVH_005	1461024000	3130_aom	175257.71875	224580.078125	69752.390625	0.0931778298883419	0.038403	0.031	1
AN_DVH_005	1461024000	3130_na	175257.71875	224580.078125	69752.390625	0.0931778298883419	0.038403	0.031	1
AN_DVH_005	1463529600	3130_aom	175257.71875	224580.078125	69752.390625	0.0388240957868091	0.02259	0.0317	1
AN_DVH_005	1463529600	3130_na	175257.71875	224580.078125	69752.390625	0.0388240957868091	0.02259	0.0317	1
AN_DVH_006	1434931200	3130_na	174986	224341.171875	25934.427734375	0.0388240957868091	0.02259	0.02	1
AN_DVH_006	1436745600	3130_na	174986	224341.171875	25934.427734375	0.0388240957868091	0.076806	0.025	1
AN_DVH_006	1439251200	3130_na	174986	224341.171875	25934.427734375	0.0388240957868091	0.027108	0.0222	1
AN_DVH_006	1442188800	3130_na	174986	224341.171875	25934.427734375	0.0388240957868091	0.031626	0.02	1
AN_DVH_006	1444608000	3130_na	174986	224341.171875	25934.427734375	0.0194120478934046	0.02259	0.02	1
AN_DVH_006	1447027200	3130_na	174986	224341.171875	25934.427734375	0.0388240957868091	0.024849	0.0365	1
AN_DVH_006	1449446400	3130_na	174986	224341.171875	25934.427734375	0.0854130107309801	0.054216	0.02	1
AN_DVH_006	1453075200	3130_na	174986	224341.171875	25934.427734375	0.116472287360427	0.117468	0.0541	1
AN_DVH_006	1455580800	3130_na	174986	224341.171875	25934.427734375	0.163061202304598	0.160389	0.039	1
AN_DVH_006	1457913600	3130_na	174986	224341.171875	25934.427734375	0.201885298091407	0.20331	0.0275	1
AN_DVH_006	1461024000	3130_na	174986	224341.171875	25934.427734375	0.0388240957868091	0.110691	0.0317	1
AN_DVH_006	1463529600	3130_na	174986	224341.171875	25934.427734375	0.0388240957868091	0.029367	0.0372	1
AN_DVH_007	1466467200	3130_na	175692.625	224558.046875	3249.62060546875	0.0698833724162564	0.275598	0.0386	1
AN_DVH_007	1470009600	3130_na	175692.625	224558.046875	3249.62060546875	0.225179755563493	0.029367	0.0242	1
AN_DVH_007	1472428800	3130_na	175692.625	224558.046875	3249.62060546875	0.0465889149441709	0.029367	0.0369	1
AN_DVH_007	1474243200	3130_na	175692.625	224558.046875	3249.62060546875	0.0776481915736183	0.074547	0.0611	1
AN_DVH_007	1477267200	3130_na	175692.625	224558.046875	3249.62060546875	0.116472287360427	0.02259	0.0306	1
AN_DVH_007	1479772800	3130_na	175692.625	224558.046875	3249.62060546875	0.0776481915736183	0.171684	0.0795	1
AN_DVH_007	1480982400	3130_na	175692.625	224558.046875	3249.62060546875	0.132001925675151	0.042921	0.0783	1
AN_DVH_007	1484611200	3130_na	175692.625	224558.046875	3249.62060546875	0.0388240957868091	0.323037	0.1119	1
AN_DVH_007	1487548800	3130_na	175692.625	224558.046875	3249.62060546875	0.0388240957868091	0.027108	0.0411	1
AN_DVH_007	1490659200	3130_na	175692.625	224558.046875	3249.62060546875	0.34165204292392	0.467613	0.02	1
AN_DVH_007	1492560000	3130_na	175692.625	224558.046875	3249.62060546875	0.0465889149441709	0.06777	0.039	1
AN_DVH_007	1496102400	3130_na	175692.625	224558.046875	3249.62060546875	0.116472287360427	0.049698	0.073	1
AN_DVH_008	1466467200	3150	175541.828125	224506.390625	6698.53857421875	0.0388240957868091	0.054216	0.02	1
AN_DVH_008	1470009600	3150	175541.828125	224506.390625	6698.53857421875	0.0931778298883419	0.040662	0.02	1
AN_DVH_008	1472428800	3150	175541.828125	224506.390625	6698.53857421875	0.0388240957868091	0.027108	0.02	1
AN_DVH_008	1474243200	3150	175541.828125	224506.390625	6698.53857421875	0.0388240957868091	0.031626	0.02	1
AN_DVH_008	1477267200	3150	175541.828125	224506.390625	6698.53857421875	0.271768670507664	0.029367	0.02	1
AN_DVH_008	1479772800	3150	175541.828125	224506.390625	6698.53857421875	0.683304085847841	0.065511	0.0352	1
AN_DVH_008	1480982400	3150	175541.828125	224506.390625	6698.53857421875	0.745422639106735	0.056475	0.0233	1
AN_DVH_008	1484611200	3150	175541.828125	224506.390625	6698.53857421875	0.854130107309801	0.131022	0.02	1
AN_DVH_008	1487548800	3150	175541.828125	224506.390625	6698.53857421875	0.520242883543242	0.228159	0.0465	1
AN_DVH_008	1490659200	3150	175541.828125	224506.390625	6698.53857421875	0.520242883543242	0.196533	0.02	1
AN_DVH_008	1492560000	3150	175541.828125	224506.390625	6698.53857421875	0.295063127979749	0.146835	0.034	1
AN_DVH_008	1496102400	3150	175541.828125	224506.390625	6698.53857421875	0.124237106517789	0.151353	0.02	1
AN_DVH_009	1466467200	3130_na	175188.0625	224113.421875	9996.1220703125	0.318357585451835	0.09036	0.0251	1
AN_DVH_009	1470009600	3130_na	175188.0625	224113.421875	9996.1220703125	0.201885298091407	0.02259	0.02	1
AN_DVH_009	1471910400	3130_na	175188.0625	224113.421875	9996.1220703125	0.0388240957868091	0.027108	0.02	1
AN_DVH_009	1474243200	3130_na	175188.0625	224113.421875	9996.1220703125	0.0388240957868091	0.02259	0.0423	1
AN_DVH_009	1477267200	3130_na	175188.0625	224113.421875	9996.1220703125	0.0776481915736183	0.040662	0.02	1
AN_DVH_009	1479772800	3130_na	175188.0625	224113.421875	9996.1220703125	0.0931778298883419	0.099396	0.02	1
AN_DVH_009	1480982400	3130_na	175188.0625	224113.421875	9996.1220703125	0.0931778298883419	0.079065	0.0388	1
AN_DVH_009	1484611200	3130_na	175188.0625	224113.421875	9996.1220703125	0.0698833724162564	0.133281	0.02	1
AN_DVH_009	1487548800	3130_na	175188.0625	224113.421875	9996.1220703125	0.0388240957868091	0.042921	0.0238	1
AN_DVH_009	1490659200	3130_na	175188.0625	224113.421875	9996.1220703125	0.178590840619322	0.119727	0.02	1
AN_DVH_009	1492560000	3130_na	175188.0625	224113.421875	9996.1220703125	0.100942649045704	0.099396	0.02	1
AN_DVH_009	1496016000	3130_na	175188.0625	224113.421875	9996.1220703125	0.100942649045704	0.065511	0.025	1
AN_DVH_010	1466467200	3130_na	174681.9375	223646.15625	33232.26171875	0.0388240957868091	0.094878	0.0251	1
AN_DVH_010	1470009600	3130_na	174681.9375	223646.15625	33232.26171875	0.0543537341015328	0.02259	0.0201	1
AN_DVH_010	1471910400	3130_na	174681.9375	223646.15625	33232.26171875	0.0388240957868091	0.02259	0.02	1
AN_DVH_010	1474243200	3130_na	174681.9375	223646.15625	33232.26171875	0.0388240957868091	0.036144	0.0278	1
AN_DVH_010	1477267200	3130_na	174681.9375	223646.15625	33232.26171875	0.0698833724162564	0.029367	0.0286	1
AN_DVH_010	1479772800	3130_na	174681.9375	223646.15625	33232.26171875	0.139766744832513	0.092619	0.02	1
AN_DVH_010	1480982400	3130_na	174681.9375	223646.15625	33232.26171875	0.155296383147237	0.081324	0.0241	1
AN_DVH_010	1484611200	3130_na	174681.9375	223646.15625	33232.26171875	0.186355659776684	0.137799	0.02	1
AN_DVH_010	1487548800	3130_na	174681.9375	223646.15625	33232.26171875	0.116472287360427	0.11295	0.02	1
AN_DVH_010	1490659200	3130_na	174681.9375	223646.15625	33232.26171875	0.25623903219294	0.140058	0.02	1
AN_DVH_010	1492560000	3130_na	174681.9375	223646.15625	33232.26171875	0.139766744832513	0.115209	0.02	1
AN_DVH_010	1496016000	3130_na	174681.9375	223646.15625	33232.26171875	0.100942649045704	0.094878	0.025	1
AN_E10_001	1399334400	3130_aom	161606.953125	221461.40625	74933.0234375	0.0776481915736183	0.216864	NA	1
AN_E10_001	1399334400	3130_na	161606.953125	221461.40625	74933.0234375	0.0776481915736183	0.216864	NA	1
AN_E10_001	1399334400	3140	161606.953125	221461.40625	74933.0234375	0.0776481915736183	0.216864	NA	1
AN_E10_001	1401667200	3130_aom	161606.953125	221461.40625	74933.0234375	0.0776481915736183	0.054216	NA	1
AN_E10_001	1401667200	3130_na	161606.953125	221461.40625	74933.0234375	0.0776481915736183	0.054216	NA	1
AN_E10_001	1401667200	3140	161606.953125	221461.40625	74933.0234375	0.0776481915736183	0.054216	NA	1
AN_E10_001	1404086400	3130_aom	161606.953125	221461.40625	74933.0234375	0.0776481915736183	0.02259	NA	1
AN_E10_001	1404086400	3130_na	161606.953125	221461.40625	74933.0234375	0.0776481915736183	0.02259	NA	1
AN_E10_001	1404086400	3140	161606.953125	221461.40625	74933.0234375	0.0776481915736183	0.02259	NA	1
AN_E10_001	1407196800	3130_aom	161606.953125	221461.40625	74933.0234375	0.0776481915736183	0.02259	NA	1
AN_E10_001	1407196800	3130_na	161606.953125	221461.40625	74933.0234375	0.0776481915736183	0.02259	NA	1
AN_E10_001	1407196800	3140	161606.953125	221461.40625	74933.0234375	0.0776481915736183	0.02259	NA	1
AN_E10_001	1410220800	3130_aom	161606.953125	221461.40625	74933.0234375	0.0776481915736183	0.02259	NA	1
AN_E10_001	1410220800	3130_na	161606.953125	221461.40625	74933.0234375	0.0776481915736183	0.02259	NA	1
AN_E10_001	1410220800	3140	161606.953125	221461.40625	74933.0234375	0.0776481915736183	0.02259	NA	1
AN_E10_001	1413849600	3130_aom	161606.953125	221461.40625	74933.0234375	0.0776481915736183	0.042921	NA	1
AN_E10_001	1413849600	3130_na	161606.953125	221461.40625	74933.0234375	0.0776481915736183	0.042921	NA	1
AN_E10_001	1413849600	3140	161606.953125	221461.40625	74933.0234375	0.0776481915736183	0.042921	NA	1
AN_E10_002	1431302400	3130_aom	166511.9375	229677.59375	277001.5	0.0465889149441709	0.196533	0.02	1
AN_E10_002	1431302400	3150	166511.9375	229677.59375	277001.5	0.0465889149441709	0.196533	0.02	1
AN_E10_002	1433808000	3130_aom	166511.9375	229677.59375	277001.5	0.0388240957868091	0.144576	0.02	1
AN_E10_002	1433808000	3150	166511.9375	229677.59375	277001.5	0.0388240957868091	0.144576	0.02	1
AN_E10_002	1437350400	3130_aom	166511.9375	229677.59375	277001.5	0.0388240957868091	0.02259	0.02	1
AN_E10_002	1437350400	3150	166511.9375	229677.59375	277001.5	0.0388240957868091	0.02259	0.02	1
AN_E10_002	1439164800	3130_aom	166511.9375	229677.59375	277001.5	0.0388240957868091	0.029367	0.02	1
AN_E10_002	1439164800	3150	166511.9375	229677.59375	277001.5	0.0388240957868091	0.029367	0.02	1
AN_E10_002	1442188800	3130_aom	166511.9375	229677.59375	277001.5	0.0388240957868091	0.02259	0.02	1
AN_E10_002	1442188800	3150	166511.9375	229677.59375	277001.5	0.0388240957868091	0.02259	0.02	1
AN_E10_002	1445212800	3130_aom	166511.9375	229677.59375	277001.5	0.0543537341015328	0.033885	0.02	1
AN_E10_002	1445212800	3150	166511.9375	229677.59375	277001.5	0.0543537341015328	0.033885	0.02	1
AN_E10_002	1447632000	3130_aom	166511.9375	229677.59375	277001.5	0.0776481915736183	0.033885	0.02	1
AN_E10_002	1447632000	3150	166511.9375	229677.59375	277001.5	0.0776481915736183	0.033885	0.02	1
AN_E10_002	1450051200	3130_aom	166511.9375	229677.59375	277001.5	0.155296383147237	0.097137	0.02	1
AN_E10_002	1450051200	3150	166511.9375	229677.59375	277001.5	0.155296383147237	0.097137	0.02	1
AN_E10_002	1453680000	3130_aom	166511.9375	229677.59375	277001.5	0.0388240957868091	1.027845	0.02	1
AN_E10_002	1453680000	3150	166511.9375	229677.59375	277001.5	0.0388240957868091	1.027845	0.02	1
AN_E10_002	1456099200	3130_aom	166511.9375	229677.59375	277001.5	0.0388240957868091	0.246231	0.02	1
AN_E10_002	1456099200	3150	166511.9375	229677.59375	277001.5	0.0388240957868091	0.246231	0.02	1
AN_E10_002	1459814400	3130_aom	166511.9375	229677.59375	277001.5	0.0543537341015328	0.250749	0.02	1
AN_E10_002	1459814400	3150	166511.9375	229677.59375	277001.5	0.0543537341015328	0.250749	0.02	1
AN_E10_002	1461542400	3130_aom	166511.9375	229677.59375	277001.5	0.0543537341015328	0.223641	0.0206	1
AN_E10_002	1461542400	3150	166511.9375	229677.59375	277001.5	0.0543537341015328	0.223641	0.0206	1
AN_E10_002	1463961600	3130_aom	166511.9375	229677.59375	277001.5	0.0776481915736183	0.187497	0.0229	1
AN_E10_002	1463961600	3150	166511.9375	229677.59375	277001.5	0.0776481915736183	0.187497	0.0229	1
AN_ELS_001	1528675200	3130_aom	180292.25	242267.15625	634.340942382812	0.0388240957868091	0.058734	0.104	1
AN_ELS_001	1532304000	3130_aom	180292.25	242267.15625	634.340942382812	1.03272094792912	0.042921	0.0258	1
AN_ELS_001	1545091200	3130_aom	180292.25	242267.15625	634.340942382812	0.411535415340177	0.359181	0.02	1
AN_ELS_002	1528675200	3130_aom	180686.859375	242951.796875	1086.65673828125	0.0388240957868091	0.040662	0.0339	1
AN_ELS_002	1532304000	3130_aom	180686.859375	242951.796875	1086.65673828125	0.0388240957868091	0.027108	0.041	1
AN_ELS_002	1542672000	3130_aom	180686.859375	242951.796875	1086.65673828125	0.186355659776684	0.02259	0.02	1
AN_ELS_002	1545091200	3130_aom	180686.859375	242951.796875	1086.65673828125	0.0388240957868091	0.02259	0.02	1
AN_ENK_001	1498521600	3130_aom	179565.578125	207741.8125	6990.2734375	0.108707468203066	0.13554	0.094	1
AN_ENK_001	1498521600	3160	179565.578125	207741.8125	6990.2734375	0.108707468203066	0.13554	0.094	1
AN_ENK_001	1501459200	3130_aom	179565.578125	207741.8125	6990.2734375	0.194120478934046	0.259785	0.1227	1
AN_ENK_001	1501459200	3160	179565.578125	207741.8125	6990.2734375	0.194120478934046	0.259785	0.1227	1
AN_ENK_001	1503273600	3130_aom	179565.578125	207741.8125	6990.2734375	0.201885298091407	0.284634	0.133	1
AN_ENK_001	1503273600	3160	179565.578125	207741.8125	6990.2734375	0.201885298091407	0.284634	0.133	1
AN_ENK_001	1506384000	3130_aom	179565.578125	207741.8125	6990.2734375	0.295063127979749	0.438246	0.099	1
AN_ENK_001	1506384000	3160	179565.578125	207741.8125	6990.2734375	0.295063127979749	0.438246	0.099	1
AN_ENK_001	1508112000	3130_aom	179565.578125	207741.8125	6990.2734375	0.302827947137111	0.40662	0.0633	1
AN_ENK_001	1508112000	3160	179565.578125	207741.8125	6990.2734375	0.302827947137111	0.40662	0.0633	1
AN_ENK_001	1511740800	3130_aom	179565.578125	207741.8125	6990.2734375	0.100942649045704	0.2259	0.107	1
AN_ENK_001	1511740800	3160	179565.578125	207741.8125	6990.2734375	0.100942649045704	0.2259	0.107	1
AN_ENK_001	1515974400	3130_aom	179565.578125	207741.8125	6990.2734375	0.100942649045704	0.115209	0.029	1
AN_ENK_001	1515974400	3160	179565.578125	207741.8125	6990.2734375	0.100942649045704	0.115209	0.029	1
AN_ENK_001	1518998400	3130_aom	179565.578125	207741.8125	6990.2734375	0.0388240957868091	0.083583	0.02	1
AN_ENK_001	1518998400	3160	179565.578125	207741.8125	6990.2734375	0.0388240957868091	0.083583	0.02	1
AN_ENK_001	1521417600	3130_aom	179565.578125	207741.8125	6990.2734375	0.0388240957868091	0.054216	0.02	1
AN_ENK_001	1521417600	3160	179565.578125	207741.8125	6990.2734375	0.0388240957868091	0.054216	0.02	1
AN_ENK_001	1524441600	3130_aom	179565.578125	207741.8125	6990.2734375	0.0465889149441709	0.083583	0.02	1
AN_ENK_001	1524441600	3160	179565.578125	207741.8125	6990.2734375	0.0465889149441709	0.083583	0.02	1
AN_ENK_001	1527552000	3130_aom	179565.578125	207741.8125	6990.2734375	0.0698833724162564	0.081324	0.0329	1
AN_ENK_001	1527552000	3160	179565.578125	207741.8125	6990.2734375	0.0698833724162564	0.081324	0.0329	1
AN_ENK_002	1498521600	3130_aom	179518.578125	207815.6875	4774.78662109375	0.139766744832513	0.18072	0.132	1
AN_ENK_002	1498521600	3160	179518.578125	207815.6875	4774.78662109375	0.139766744832513	0.18072	0.132	1
AN_ENK_002	1501459200	3130_aom	179518.578125	207815.6875	4774.78662109375	0.225179755563493	0.304965	0.2258	1
AN_ENK_002	1501459200	3160	179518.578125	207815.6875	4774.78662109375	0.225179755563493	0.304965	0.2258	1
AN_ENK_002	1503273600	3130_aom	179518.578125	207815.6875	4774.78662109375	0.201885298091407	0.282375	0.285	1
AN_ENK_002	1503273600	3160	179518.578125	207815.6875	4774.78662109375	0.201885298091407	0.282375	0.285	1
AN_ENK_002	1506384000	3130_aom	179518.578125	207815.6875	4774.78662109375	0.264003851350302	0.420174	0.178	1
AN_ENK_002	1506384000	3160	179518.578125	207815.6875	4774.78662109375	0.264003851350302	0.420174	0.178	1
AN_ENK_002	1508112000	3130_aom	179518.578125	207815.6875	4774.78662109375	0.232944574720855	0.329814	0.0841	1
AN_ENK_002	1508112000	3160	179518.578125	207815.6875	4774.78662109375	0.232944574720855	0.329814	0.0841	1
AN_ENK_002	1511740800	3130_aom	179518.578125	207815.6875	4774.78662109375	0.0543537341015328	0.151353	0.167	1
AN_ENK_002	1511740800	3160	179518.578125	207815.6875	4774.78662109375	0.0543537341015328	0.151353	0.167	1
AN_ENK_002	1515974400	3130_aom	179518.578125	207815.6875	4774.78662109375	0.0543537341015328	0.09036	0.058	1
AN_ENK_002	1515974400	3160	179518.578125	207815.6875	4774.78662109375	0.0543537341015328	0.09036	0.058	1
AN_ENK_002	1518998400	3130_aom	179518.578125	207815.6875	4774.78662109375	0.0388240957868091	0.108432	0.02	1
AN_ENK_002	1518998400	3160	179518.578125	207815.6875	4774.78662109375	0.0388240957868091	0.108432	0.02	1
AN_ENK_002	1521417600	3130_aom	179518.578125	207815.6875	4774.78662109375	0.0931778298883419	0.169425	0.02	1
AN_ENK_002	1521417600	3160	179518.578125	207815.6875	4774.78662109375	0.0931778298883419	0.169425	0.02	1
AN_ENK_002	1524441600	3130_aom	179518.578125	207815.6875	4774.78662109375	0.139766744832513	0.20331	0.0598	1
AN_ENK_002	1524441600	3160	179518.578125	207815.6875	4774.78662109375	0.139766744832513	0.20331	0.0598	1
AN_ENK_002	1527552000	3130_aom	179518.578125	207815.6875	4774.78662109375	0.0621185532588946	0.2259	0.0404	1
AN_ENK_002	1527552000	3160	179518.578125	207815.6875	4774.78662109375	0.0621185532588946	0.2259	0.0404	1
AN_FOR_001	1528675200	3130_aom	158763.25	224483.484375	46212.8046875	0.0388240957868091	0.031626	0.02	1
AN_FOR_001	1532304000	3130_aom	158763.25	224483.484375	46212.8046875	0.0543537341015328	0.029367	0.02	1
AN_FOR_001	1534723200	3130_aom	158763.25	224483.484375	46212.8046875	0.0388240957868091	0.027108	0.02	1
AN_FOR_001	1536624000	3130_aom	158763.25	224483.484375	46212.8046875	0.0388240957868091	0.027108	0.0651	1
AN_FOR_001	1539561600	3130_aom	158763.25	224483.484375	46212.8046875	0.139766744832513	0.04518	0.02	1
AN_FOR_001	1542672000	3130_aom	158763.25	224483.484375	46212.8046875	0.326122404609197	0.02259	0.02	1
AN_FOR_001	1543881600	3130_aom	158763.25	224483.484375	46212.8046875	0.209650117248769	0.146835	0.0503	1
AN_GIE_001	1465171200	3130_aom	186024.125	219497.65625	73635.5390625	0.0388240957868091	0.121986	0.02	1
AN_GIE_001	1465171200	3130_na	186024.125	219497.65625	73635.5390625	0.0388240957868091	0.121986	0.02	1
AN_GIE_001	1467590400	3130_aom	186024.125	219497.65625	73635.5390625	0.0388240957868091	0.02259	0.02	1
AN_GIE_001	1467590400	3130_na	186024.125	219497.65625	73635.5390625	0.0388240957868091	0.02259	0.02	1
AN_GIE_001	1471305600	3130_aom	186024.125	219497.65625	73635.5390625	0.0388240957868091	0.027108	0.02	1
AN_GIE_001	1471305600	3130_na	186024.125	219497.65625	73635.5390625	0.0388240957868091	0.027108	0.02	1
AN_GIE_001	1473724800	3130_aom	186024.125	219497.65625	73635.5390625	0.0388240957868091	0.02259	0.02	1
AN_GIE_001	1473724800	3130_na	186024.125	219497.65625	73635.5390625	0.0388240957868091	0.02259	0.02	1
AN_GIE_001	1476662400	3130_aom	186024.125	219497.65625	73635.5390625	0.0388240957868091	0.040662	0.02	1
AN_GIE_001	1476662400	3130_na	186024.125	219497.65625	73635.5390625	0.0388240957868091	0.040662	0.02	1
AN_GIE_001	1478476800	3130_aom	186024.125	219497.65625	73635.5390625	0.0854130107309801	0.024849	0.02	1
AN_GIE_001	1478476800	3130_na	186024.125	219497.65625	73635.5390625	0.0854130107309801	0.024849	0.02	1
AN_GIE_001	1480377600	3130_aom	186024.125	219497.65625	73635.5390625	0.108707468203066	0.085842	0.02	1
AN_GIE_001	1480377600	3130_na	186024.125	219497.65625	73635.5390625	0.108707468203066	0.085842	0.02	1
AN_GIE_001	1484524800	3130_aom	186024.125	219497.65625	73635.5390625	0.155296383147237	0.185238	0.02	1
AN_GIE_001	1484524800	3130_na	186024.125	219497.65625	73635.5390625	0.155296383147237	0.185238	0.02	1
AN_GIE_001	1486339200	3130_aom	186024.125	219497.65625	73635.5390625	0.0698833724162564	0.176202	0.02	1
AN_GIE_001	1486339200	3130_na	186024.125	219497.65625	73635.5390625	0.0698833724162564	0.176202	0.02	1
AN_GIE_001	1488758400	3130_aom	186024.125	219497.65625	73635.5390625	0.0621185532588946	0.228159	0.02	1
AN_GIE_001	1488758400	3130_na	186024.125	219497.65625	73635.5390625	0.0621185532588946	0.228159	0.02	1
AN_GIE_001	1493078400	3130_aom	186024.125	219497.65625	73635.5390625	0.0388240957868091	0.146835	0.02	1
AN_GIE_001	1493078400	3130_na	186024.125	219497.65625	73635.5390625	0.0388240957868091	0.146835	0.02	1
AN_GIE_001	1494806400	3130_aom	186024.125	219497.65625	73635.5390625	0.0698833724162564	0.094878	0.02	1
AN_GIE_001	1494806400	3130_na	186024.125	219497.65625	73635.5390625	0.0698833724162564	0.094878	0.02	1
AN_GKH_001	1434931200	3130_na	183212.921875	224814.640625	40803.92578125	0.0388240957868091	0.02259	0.02	1
AN_GKH_001	1436745600	3130_na	183212.921875	224814.640625	40803.92578125	0.0388240957868091	0.036144	0.02	1
AN_GKH_001	1439769600	3130_na	183212.921875	224814.640625	40803.92578125	0.0388240957868091	0.040662	0.02	1
AN_GKH_001	1441584000	3130_na	183212.921875	224814.640625	40803.92578125	0.0388240957868091	0.036144	0.021	1
AN_GKH_001	1444608000	3130_na	183212.921875	224814.640625	40803.92578125	0.0194120478934046	0.02259	0.02	1
AN_GKH_001	1447027200	3130_na	183212.921875	224814.640625	40803.92578125	0.0388240957868091	0.02259	0.02	1
AN_GKH_001	1449532800	3130_na	183212.921875	224814.640625	40803.92578125	0.0388240957868091	0.126504	0.02	1
AN_GKH_001	1453161600	3130_na	183212.921875	224814.640625	40803.92578125	0.0388240957868091	0.456318	0.0344	1
AN_GKH_001	1455494400	3130_na	183212.921875	224814.640625	40803.92578125	0.0388240957868091	0.481167	0.0295	1
AN_GKH_001	1457913600	3130_na	183212.921875	224814.640625	40803.92578125	0.0388240957868091	0.569268	0.0215	1
AN_GKH_001	1460937600	3130_na	183212.921875	224814.640625	40803.92578125	0.0465889149441709	0.370476	0.0235	1
AN_GKH_001	1463443200	3130_na	183212.921875	224814.640625	40803.92578125	0.0388240957868091	0.2259	0.0269	1
AN_GOO_001	1398643200	3130_aom	201625.15625	220217.34375	1611.494140625	0.0776481915736183	0.031626	NA	1
AN_GOO_001	1402444800	3130_aom	201625.15625	220217.34375	1611.494140625	0.0776481915736183	0.042921	NA	1
AN_GOO_001	1405296000	3130_aom	201625.15625	220217.34375	1611.494140625	0.0776481915736183	0.038403	NA	1
AN_GOO_001	1407801600	3130_aom	201625.15625	220217.34375	1611.494140625	0.0776481915736183	0.036144	NA	1
AN_GOO_001	1410825600	3130_aom	201625.15625	220217.34375	1611.494140625	0.0776481915736183	0.033885	NA	1
AN_GOO_001	1414454400	3130_aom	201625.15625	220217.34375	1611.494140625	0.0776481915736183	0.02259	NA	1
AN_GOO_002	1398643200	3130_aom	202003.609375	220382.875	72158.3203125	0.0776481915736183	0.103914	NA	1
AN_GOO_002	1398643200	3140	202003.609375	220382.875	72158.3203125	0.0776481915736183	0.103914	NA	1
AN_GOO_002	1402444800	3130_aom	202003.609375	220382.875	72158.3203125	0.0776481915736183	0.024849	NA	1
AN_GOO_002	1402444800	3140	202003.609375	220382.875	72158.3203125	0.0776481915736183	0.024849	NA	1
AN_GOO_002	1405296000	3130_aom	202003.609375	220382.875	72158.3203125	0.0776481915736183	0.02259	NA	1
AN_GOO_002	1405296000	3140	202003.609375	220382.875	72158.3203125	0.0776481915736183	0.02259	NA	1
AN_GOO_002	1407801600	3130_aom	202003.609375	220382.875	72158.3203125	0.0776481915736183	0.02259	NA	1
AN_GOO_002	1407801600	3140	202003.609375	220382.875	72158.3203125	0.0776481915736183	0.02259	NA	1
AN_GOO_002	1410825600	3130_aom	202003.609375	220382.875	72158.3203125	0.0776481915736183	0.024849	NA	1
AN_GOO_002	1410825600	3140	202003.609375	220382.875	72158.3203125	0.0776481915736183	0.024849	NA	1
AN_GOO_002	1414454400	3130_aom	202003.609375	220382.875	72158.3203125	0.139766744832513	0.033885	NA	1
AN_GOO_002	1414454400	3140	202003.609375	220382.875	72158.3203125	0.139766744832513	0.033885	NA	1
AN_GRD_003	1498435200	3130_na	202222.640625	224309.859375	3032.85888671875	0.0388240957868091	0.038403	0.089	1
AN_GRD_003	1498435200	3140	202222.640625	224309.859375	3032.85888671875	0.0388240957868091	0.038403	0.089	1
AN_GRD_003	1500854400	3130_na	202222.640625	224309.859375	3032.85888671875	0.0776481915736183	0.036144	0.058	1
AN_GRD_003	1500854400	3140	202222.640625	224309.859375	3032.85888671875	0.0776481915736183	0.036144	0.058	1
AN_GRD_003	1503360000	3130_na	202222.640625	224309.859375	3032.85888671875	0.0465889149441709	0.049698	0.046	1
AN_GRD_003	1503360000	3140	202222.640625	224309.859375	3032.85888671875	0.0465889149441709	0.049698	0.046	1
AN_GRD_003	1506384000	3130_na	202222.640625	224309.859375	3032.85888671875	0.0698833724162564	0.063252	0.069	1
AN_GRD_003	1506384000	3140	202222.640625	224309.859375	3032.85888671875	0.0698833724162564	0.063252	0.069	1
AN_GRD_003	1508112000	3130_na	202222.640625	224309.859375	3032.85888671875	0.0388240957868091	0.040662	0.0584	1
AN_GRD_003	1508112000	3140	202222.640625	224309.859375	3032.85888671875	0.0388240957868091	0.040662	0.0584	1
AN_GRD_003	1511222400	3130_na	202222.640625	224309.859375	3032.85888671875	0.0698833724162564	0.054216	0.0439	1
AN_GRD_003	1511222400	3140	202222.640625	224309.859375	3032.85888671875	0.0698833724162564	0.054216	0.0439	1
AN_GRD_003	1513555200	3130_na	202222.640625	224309.859375	3032.85888671875	0.17082602146196	0.099396	0.2431	1
AN_GRD_003	1513555200	3140	202222.640625	224309.859375	3032.85888671875	0.17082602146196	0.099396	0.2431	1
AN_GRD_003	1515974400	3130_na	202222.640625	224309.859375	3032.85888671875	0.100942649045704	0.178461	0.166	1
AN_GRD_003	1515974400	3140	202222.640625	224309.859375	3032.85888671875	0.100942649045704	0.178461	0.166	1
AN_GRD_003	1518393600	3130_na	202222.640625	224309.859375	3032.85888671875	0.0854130107309801	0.076806	0.1469	1
AN_GRD_003	1518393600	3140	202222.640625	224309.859375	3032.85888671875	0.0854130107309801	0.076806	0.1469	1
AN_GRD_003	1522022400	3130_na	202222.640625	224309.859375	3032.85888671875	0.0465889149441709	0.063252	0.09	1
AN_GRD_003	1522022400	3140	202222.640625	224309.859375	3032.85888671875	0.0465889149441709	0.063252	0.09	1
AN_GRD_003	1524441600	3130_na	202222.640625	224309.859375	3032.85888671875	0.0388240957868091	0.076806	0.1848	1
AN_GRD_003	1524441600	3140	202222.640625	224309.859375	3032.85888671875	0.0388240957868091	0.076806	0.1848	1
AN_GRD_003	1526342400	3130_na	202222.640625	224309.859375	3032.85888671875	0.0388240957868091	0.042921	0.119	1
AN_GRD_003	1526342400	3140	202222.640625	224309.859375	3032.85888671875	0.0388240957868091	0.042921	0.119	1
AN_GSV_002	1432598400	3130_na	163229.109375	225139.265625	15768.2607421875	0.0543537341015328	0.060993	0.1539	1
AN_GSV_002	1437350400	3130_na	163229.109375	225139.265625	15768.2607421875	0.0543537341015328	0.04518	0.231	1
AN_GSV_002	1439164800	3130_na	163229.109375	225139.265625	15768.2607421875	0.100942649045704	0.099396	0.2292	1
AN_GSV_002	1442188800	3130_na	163229.109375	225139.265625	15768.2607421875	1.00942649045704	0.09036	0.1234	1
AN_GSV_002	1445212800	3130_na	163229.109375	225139.265625	15768.2607421875	1.53743419315764	0.126504	0.09	1
AN_GSV_002	1447632000	3130_na	163229.109375	225139.265625	15768.2607421875	1.73931949124905	0.119727	0.113	1
AN_GSV_002	1450051200	3130_na	163229.109375	225139.265625	15768.2607421875	0.194120478934046	0.108432	0.0741	1
AN_GSV_002	1453680000	3130_na	163229.109375	225139.265625	15768.2607421875	0.124237106517789	0.508275	0.0268	1
AN_GSV_002	1456099200	3130_na	163229.109375	225139.265625	15768.2607421875	0.0388240957868091	0.065511	0.0218	1
AN_GSV_002	1459814400	3130_na	163229.109375	225139.265625	15768.2607421875	0.0388240957868091	0.146835	0.034	1
AN_GSV_002	1461542400	3130_na	163229.109375	225139.265625	15768.2607421875	0.0388240957868091	0.02259	0.0381	1
AN_GSV_002	1463961600	3130_na	163229.109375	225139.265625	15768.2607421875	0.240709393878217	0.031626	0.0833	1
AN_GSV_003	1437350400	3130_aom	163212.46875	225174.359375	799.032104492188	0.613420713431584	0.02259	0.119	1
AN_GSV_003	1439164800	3130_aom	163212.46875	225174.359375	799.032104492188	1.3433137142236	0.065511	0.1389	1
AN_GSV_003	1442188800	3130_aom	163212.46875	225174.359375	799.032104492188	2.00332334259935	0.06777	0.0862	1
AN_GSV_003	1445212800	3130_aom	163212.46875	225174.359375	799.032104492188	0.737657819949373	0.099396	0.07	1
AN_GSV_003	1447632000	3130_aom	163212.46875	225174.359375	799.032104492188	0.388240957868091	0.060993	0.225	1
AN_GSV_003	1450051200	3130_aom	163212.46875	225174.359375	799.032104492188	0.0854130107309801	0.094878	0.102	1
AN_GSV_003	1453680000	3130_aom	163212.46875	225174.359375	799.032104492188	0.0388240957868091	1.115946	0.0807	1
AN_GSV_003	1456099200	3130_aom	163212.46875	225174.359375	799.032104492188	0.0931778298883419	0.065511	0.0502	1
AN_GSV_003	1459814400	3130_aom	163212.46875	225174.359375	799.032104492188	0.0388240957868091	0.099396	0.0416	1
AN_GSV_003	1461542400	3130_aom	163212.46875	225174.359375	799.032104492188	0.0388240957868091	0.024849	0.0622	1
AN_GSV_003	1463961600	3130_aom	163212.46875	225174.359375	799.032104492188	0.100942649045704	0.054216	0.0795	1
AN_GSV_004	1437350400	3140	162719.6875	225033.875	986.634948730469	0.0465889149441709	0.036144	0.041	1
AN_GSV_004	1437350400	3150	162719.6875	225033.875	986.634948730469	0.0465889149441709	0.036144	0.041	1
AN_GSV_004	1439164800	3140	162719.6875	225033.875	986.634948730469	0.0388240957868091	0.038403	0.0267	1
AN_GSV_004	1439164800	3150	162719.6875	225033.875	986.634948730469	0.0388240957868091	0.038403	0.0267	1
AN_GSV_004	1442188800	3140	162719.6875	225033.875	986.634948730469	0.0465889149441709	0.038403	0.0252	1
AN_GSV_004	1442188800	3150	162719.6875	225033.875	986.634948730469	0.0465889149441709	0.038403	0.0252	1
AN_GSV_004	1445212800	3140	162719.6875	225033.875	986.634948730469	0.0621185532588946	0.070029	0.02	1
AN_GSV_004	1445212800	3150	162719.6875	225033.875	986.634948730469	0.0621185532588946	0.070029	0.02	1
AN_GSV_004	1447632000	3140	162719.6875	225033.875	986.634948730469	0.0388240957868091	0.036144	0.02	1
AN_GSV_004	1447632000	3150	162719.6875	225033.875	986.634948730469	0.0388240957868091	0.036144	0.02	1
AN_GSV_004	1450051200	3140	162719.6875	225033.875	986.634948730469	0.0388240957868091	0.042921	0.022	1
AN_GSV_004	1450051200	3150	162719.6875	225033.875	986.634948730469	0.0388240957868091	0.042921	0.022	1
AN_GSV_004	1453680000	3140	162719.6875	225033.875	986.634948730469	0.0465889149441709	0.630261	0.0205	1
AN_GSV_004	1453680000	3150	162719.6875	225033.875	986.634948730469	0.0465889149441709	0.630261	0.0205	1
AN_GSV_004	1456099200	3140	162719.6875	225033.875	986.634948730469	0.0388240957868091	0.033885	0.0349	1
AN_GSV_004	1456099200	3150	162719.6875	225033.875	986.634948730469	0.0388240957868091	0.033885	0.0349	1
AN_GSV_004	1459814400	3140	162719.6875	225033.875	986.634948730469	0.0388240957868091	0.24849	0.0286	1
AN_GSV_004	1459814400	3150	162719.6875	225033.875	986.634948730469	0.0388240957868091	0.24849	0.0286	1
AN_GSV_004	1461542400	3140	162719.6875	225033.875	986.634948730469	0.0388240957868091	0.02259	0.0471	1
AN_GSV_004	1461542400	3150	162719.6875	225033.875	986.634948730469	0.0388240957868091	0.02259	0.0471	1
AN_GSV_004	1463961600	3140	162719.6875	225033.875	986.634948730469	0.124237106517789	0.070029	0.0436	1
AN_GSV_004	1463961600	3150	162719.6875	225033.875	986.634948730469	0.124237106517789	0.070029	0.0436	1
AN_GSV_005	1465257600	3160	163559.75	226428.9375	14387.86328125	0.116472287360427	0.099396	0.02	1
AN_GSV_005	1467676800	3160	163559.75	226428.9375	14387.86328125	0.0388240957868091	0.02259	0.0332	1
AN_GSV_005	1471824000	3160	163559.75	226428.9375	14387.86328125	0.0388240957868091	0.02259	0.0237	1
AN_GSV_005	1473638400	3160	163559.75	226428.9375	14387.86328125	0.0388240957868091	0.02259	0.0461	1
AN_GSV_005	1477267200	3160	163559.75	226428.9375	14387.86328125	0.108707468203066	0.060993	0.02	1
AN_GSV_005	1479686400	3160	163559.75	226428.9375	14387.86328125	0.566831798487413	0.176202	0.0231	1
AN_GSV_005	1480982400	3160	163559.75	226428.9375	14387.86328125	0.574596617644775	0.189756	0.0349	1
AN_GSV_005	1483920000	3160	163559.75	226428.9375	14387.86328125	0.706598543319926	0.377253	0.023	1
AN_GSV_005	1488153600	3160	163559.75	226428.9375	14387.86328125	0.287298308822388	0.399843	0.02	1
AN_GSV_005	1490659200	3160	163559.75	226428.9375	14387.86328125	0.100942649045704	0.309483	0.02	1
AN_GSV_005	1493078400	3160	163559.75	226428.9375	14387.86328125	0.0388240957868091	0.13554	0.022	1
AN_GSV_005	1496016000	3160	163559.75	226428.9375	14387.86328125	0.100942649045704	0.169425	0.02	1
AN_GSV_006	1465257600	3160	163455.25	226544.671875	2788.05346679688	0.0388240957868091	0.049698	0.02	1
AN_GSV_006	1467676800	3160	163455.25	226544.671875	2788.05346679688	0.0388240957868091	0.02259	0.02	1
AN_GSV_006	1471824000	3160	163455.25	226544.671875	2788.05346679688	0.0388240957868091	0.02259	0.02	1
AN_GSV_006	1473638400	3160	163455.25	226544.671875	2788.05346679688	0.0388240957868091	0.02259	0.02	1
AN_GSV_006	1479686400	3160	163455.25	226544.671875	2788.05346679688	0.248474213035578	0.18072	0.02	1
AN_GSV_006	1480982400	3160	163455.25	226544.671875	2788.05346679688	0.147531563989875	0.083583	0.0272	1
AN_GSV_006	1483920000	3160	163455.25	226544.671875	2788.05346679688	0.0776481915736183	0.131022	0.02	1
AN_GSV_006	1488153600	3160	163455.25	226544.671875	2788.05346679688	0.364946500396006	0.189756	0.02	1
AN_GSV_006	1490659200	3160	163455.25	226544.671875	2788.05346679688	0.0776481915736183	0.140058	0.02	1
AN_GSV_006	1493078400	3160	163455.25	226544.671875	2788.05346679688	0.0388240957868091	0.036144	0.02	1
AN_GSV_006	1496016000	3160	163455.25	226544.671875	2788.05346679688	0.0621185532588946	0.056475	0.02	1
AN_GSV_007	1465257600	3160	165722.140625	227681.015625	17789.455078125	0.0621185532588946	0.054216	0.02	1
AN_GSV_007	1467676800	3160	165722.140625	227681.015625	17789.455078125	0.0388240957868091	0.02259	0.02	1
AN_GSV_007	1471824000	3160	165722.140625	227681.015625	17789.455078125	0.0388240957868091	0.02259	0.02	1
AN_GSV_007	1473638400	3160	165722.140625	227681.015625	17789.455078125	0.0388240957868091	0.02259	0.02	1
AN_GSV_007	1477267200	3160	165722.140625	227681.015625	17789.455078125	0.279533489665026	0.036144	0.02	1
AN_GSV_007	1479686400	3160	165722.140625	227681.015625	17789.455078125	0.473653968599071	0.131022	0.02	1
AN_GSV_007	1480982400	3160	165722.140625	227681.015625	17789.455078125	0.504713245228519	0.101655	0.02	1
AN_GSV_007	1483920000	3160	165722.140625	227681.015625	17789.455078125	0.706598543319926	0.232677	0.02	1
AN_GSV_007	1488153600	3160	165722.140625	227681.015625	17789.455078125	0.34165204292392	0.160389	0.02	1
AN_GSV_007	1490659200	3160	165722.140625	227681.015625	17789.455078125	0.163061202304598	0.099396	0.02	1
AN_GSV_007	1493078400	3160	165722.140625	227681.015625	17789.455078125	0.0465889149441709	0.079065	0.02	1
AN_GSV_007	1496016000	3160	165722.140625	227681.015625	17789.455078125	0.0388240957868091	0.031626	0.02	1
AN_GSV_008	1497916800	3130_aom	166408.6875	229395.015625	1315.71557617188	0.0465889149441709	0.056475	0.02	1
AN_GSV_008	1499817600	3130_aom	166408.6875	229395.015625	1315.71557617188	0.194120478934046	0.070029	0.02	1
AN_GSV_008	1501545600	3130_aom	166408.6875	229395.015625	1315.71557617188	0.0776481915736183	0.031626	0.02	1
AN_GSV_008	1505174400	3130_aom	166408.6875	229395.015625	1315.71557617188	0.0543537341015328	0.06777	0.02	1
AN_GSV_008	1507593600	3130_aom	166408.6875	229395.015625	1315.71557617188	0.0543537341015328	0.049698	0.02	1
AN_GSV_008	1510012800	3130_aom	166408.6875	229395.015625	1315.71557617188	0.0776481915736183	0.042921	0.02	1
AN_GSV_008	1512432000	3130_aom	166408.6875	229395.015625	1315.71557617188	0.0698833724162564	0.054216	0.02	1
AN_GSV_008	1514937600	3130_aom	166408.6875	229395.015625	1315.71557617188	0.0388240957868091	0.058734	0.02	1
AN_GSV_008	1517788800	3130_aom	166408.6875	229395.015625	1315.71557617188	0.0543537341015328	0.038403	0.02	1
AN_GSV_008	1521504000	3130_aom	166408.6875	229395.015625	1315.71557617188	0.0388240957868091	0.054216	0.02	1
AN_GSV_008	1523318400	3130_aom	166408.6875	229395.015625	1315.71557617188	0.0388240957868091	0.029367	0.02	1
AN_GSV_008	1527033600	3130_aom	166408.6875	229395.015625	1315.71557617188	0.0388240957868091	0.04518	0.02	1
AN_GVM_001	1465257600	3140	155371.96875	194454.71875	636331.125	0.0388240957868091	0.15813	0.02	1
AN_GVM_001	1467072000	3140	155371.96875	194454.71875	636331.125	0.0388240957868091	0.02259	0.02	1
AN_GVM_001	1470614400	3140	155371.96875	194454.71875	636331.125	0.0388240957868091	0.02259	0.02	1
AN_GVM_001	1473638400	3140	155371.96875	194454.71875	636331.125	0.0698833724162564	0.02259	0.02	1
AN_GVM_001	1476057600	3140	155371.96875	194454.71875	636331.125	0.0388240957868091	0.040662	0.02	1
AN_GVM_001	1478476800	3140	155371.96875	194454.71875	636331.125	0.0543537341015328	0.047439	0.02	1
AN_GVM_001	1480291200	3140	155371.96875	194454.71875	636331.125	0.209650117248769	0.074547	0.0266	1
AN_GVM_001	1483315200	3140	155371.96875	194454.71875	636331.125	0.186355659776684	0.142317	0.0303	1
AN_GVM_001	1485820800	3140	155371.96875	194454.71875	636331.125	0.0388240957868091	0.352404	0.0201	1
AN_GVM_001	1488240000	3140	155371.96875	194454.71875	636331.125	0.0388240957868091	0.347886	0.02	1
AN_GVM_001	1492560000	3140	155371.96875	194454.71875	636331.125	0.0388240957868091	0.228159	0.02	1
AN_GVM_001	1494288000	3140	155371.96875	194454.71875	636331.125	0.0388240957868091	0.196533	0.02	1
AN_HAZ_001	1465257600	3140	152465.109375	194667.53125	665511.4375	0.0388240957868091	0.408879	0.02	1
AN_HAZ_001	1467072000	3140	152465.109375	194667.53125	665511.4375	0.0388240957868091	0.065511	0.02	1
AN_HAZ_001	1470614400	3140	152465.109375	194667.53125	665511.4375	0.0388240957868091	0.02259	0.0372	1
AN_HAZ_001	1473638400	3140	152465.109375	194667.53125	665511.4375	0.0388240957868091	0.02259	0.02	1
AN_HAZ_001	1476057600	3140	152465.109375	194667.53125	665511.4375	0.0388240957868091	0.02259	0.02	1
AN_HAZ_001	1478476800	3140	152465.109375	194667.53125	665511.4375	0.0388240957868091	0.027108	0.02	1
AN_HAZ_001	1480291200	3140	152465.109375	194667.53125	665511.4375	0.194120478934046	0.072288	0.0277	1
AN_HAZ_001	1483315200	3140	152465.109375	194667.53125	665511.4375	0.194120478934046	0.243972	0.0299	1
AN_HAZ_001	1485820800	3140	152465.109375	194667.53125	665511.4375	0.116472287360427	0.573786	0.045	1
AN_HAZ_001	1488240000	3140	152465.109375	194667.53125	665511.4375	0.0388240957868091	0.580563	0.022	1
AN_HAZ_001	1492560000	3140	152465.109375	194667.53125	665511.4375	0.0388240957868091	0.284634	0.02	1
AN_HAZ_001	1494288000	3140	152465.109375	194667.53125	665511.4375	0.0543537341015328	0.223641	0.02	1
AN_HGA_001	1398124800	3130_aom	184797.171875	194947.34375	638.963439941406	0.0776481915736183	0.04518	NA	1
AN_HGA_001	1402963200	3130_aom	184797.171875	194947.34375	638.963439941406	0.0776481915736183	0.065511	NA	1
AN_HGA_001	1405987200	3130_aom	184797.171875	194947.34375	638.963439941406	0.0776481915736183	0.040662	NA	1
AN_HGA_001	1407715200	3130_aom	184797.171875	194947.34375	638.963439941406	0.0776481915736183	0.042921	NA	1
AN_HGA_001	1411948800	3130_aom	184797.171875	194947.34375	638.963439941406	0.0776481915736183	0.047439	NA	1
AN_HGA_001	1414454400	3130_aom	184797.171875	194947.34375	638.963439941406	0.0776481915736183	0.02259	NA	1
AN_HGA_004	1498521600	3130_aom	184224.90625	194071.703125	4926.1748046875	0.613420713431584	0.133281	0.7665	1
AN_HGA_004	1500940800	3130_aom	184224.90625	194071.703125	4926.1748046875	0.178590840619322	0.036144	0.104	1
AN_HGA_004	1503273600	3130_aom	184224.90625	194071.703125	4926.1748046875	1.99555852344199	0.056475	0.048	1
AN_HGA_004	1505088000	3130_aom	184224.90625	194071.703125	4926.1748046875	2.41485875793953	0.081324	0.0606	1
AN_HGA_004	1508716800	3130_aom	184224.90625	194071.703125	4926.1748046875	0.0388240957868091	0.033885	0.02	1
AN_HGA_004	1511136000	3130_aom	184224.90625	194071.703125	4926.1748046875	0.0388240957868091	0.031626	0.02	1
AN_HGA_004	1513641600	3130_aom	184224.90625	194071.703125	4926.1748046875	0.0388240957868091	0.065511	0.0533	1
AN_HGA_004	1516579200	3130_aom	184224.90625	194071.703125	4926.1748046875	0.0543537341015328	0.060993	0.104	1
AN_HGA_004	1518998400	3130_aom	184224.90625	194071.703125	4926.1748046875	0.0388240957868091	0.063252	0.0982	1
AN_HGA_004	1520812800	3130_aom	184224.90625	194071.703125	4926.1748046875	0.0388240957868091	0.806463	0.089	1
AN_HGA_004	1522800000	3130_aom	184224.90625	194071.703125	4926.1748046875	0.0388240957868091	0.038403	0.061	1
AN_HGA_004	1527552000	3130_aom	184224.90625	194071.703125	4926.1748046875	0.0776481915736183	0.051957	0.0598	1
AN_HGA_005	1529280000	3130_aom	183911.203125	194600.296875	1974.25744628906	0.0776481915736183	0.682218	0.0418	1
AN_HGA_005	1532995200	3130_aom	183911.203125	194600.296875	1974.25744628906	0.108707468203066	0.038403	0.1225	1
AN_HGA_005	1535328000	3130_aom	183911.203125	194600.296875	1974.25744628906	0.885189383939248	0.070029	0.1237	1
AN_HGA_005	1542585600	3130_aom	183911.203125	194600.296875	1974.25744628906	2.1974438215334	0.033885	0.0487	1
AN_HGA_005	1544486400	3130_aom	183911.203125	194600.296875	1974.25744628906	0.55130216017269	0.065511	0.0578	1
AN_HOP_001	1466467200	3150	148381.15625	208669.40625	24170.501953125	0.0388240957868091	0.074547	0.1977	1
AN_HOP_001	1470096000	3150	148381.15625	208669.40625	24170.501953125	0.714363362477288	0.02259	0.305	1
AN_HOP_001	1471392000	3150	148381.15625	208669.40625	24170.501953125	0.0698833724162564	0.02259	0.1709	1
AN_HOP_001	1474934400	3150	148381.15625	208669.40625	24170.501953125	0.17082602146196	0.02259	0.2411	1
AN_HOP_001	1476057600	3150	148381.15625	208669.40625	24170.501953125	0.582361436802137	0.02259	0.3472	1
AN_HOP_001	1478476800	3150	148381.15625	208669.40625	24170.501953125	0.0931778298883419	0.02259	0.0911	1
AN_HOP_001	1480291200	3150	148381.15625	208669.40625	24170.501953125	0.0388240957868091	0.047439	0.2772	1
AN_HOP_001	1483315200	3150	148381.15625	208669.40625	24170.501953125	0.0388240957868091	0.056475	0.2653	1
AN_HOP_001	1485820800	3150	148381.15625	208669.40625	24170.501953125	0.0388240957868091	0.040662	0.0999	1
AN_HOP_001	1488240000	3150	148381.15625	208669.40625	24170.501953125	0.0388240957868091	0.029367	0.1484	1
AN_HOP_001	1492560000	3150	148381.15625	208669.40625	24170.501953125	0.0388240957868091	0.033885	0.143	1
AN_HOP_001	1494288000	3150	148381.15625	208669.40625	24170.501953125	0.0388240957868091	0.047439	0.161	1
AN_HUF_001	1399334400	3130_na	184843.421875	224959.15625	45764.4296875	0.139766744832513	1.89756	NA	1
AN_HUF_001	1401667200	3130_na	184843.421875	224959.15625	45764.4296875	0.271768670507664	1.192752	NA	1
AN_HUF_001	1404086400	3130_na	184843.421875	224959.15625	45764.4296875	0.0776481915736183	0.02259	NA	1
AN_HUF_001	1407196800	3130_na	184843.421875	224959.15625	45764.4296875	0.0776481915736183	0.029367	NA	1
AN_HUF_001	1410134400	3130_na	184843.421875	224959.15625	45764.4296875	0.34165204292392	1.475127	NA	1
AN_HUF_001	1413849600	3130_na	184843.421875	224959.15625	45764.4296875	0.240709393878217	0.465354	NA	1
AN_KAL_002	1432598400	3160	154894.109375	232616.03125	17617.9765625	0.566831798487413	0.060993	0.056	1
AN_KAL_002	1434326400	3160	154894.109375	232616.03125	17617.9765625	0.0543537341015328	0.047439	0.038	1
AN_KAL_002	1435622400	3160	154894.109375	232616.03125	17617.9765625	0.0465889149441709	0.051957	0.02	1
AN_KAL_002	1437955200	3160	154894.109375	232616.03125	17617.9765625	1.11036913950274	0.074547	0.051	1
AN_KAL_002	1440374400	3160	154894.109375	232616.03125	17617.9765625	1.69273057630488	0.049698	0.0469	1
AN_KAL_002	1442793600	3160	154894.109375	232616.03125	17617.9765625	0.0388240957868091	0.02259	0.067	1
AN_KAL_002	1445817600	3160	154894.109375	232616.03125	17617.9765625	0.0388240957868091	0.00289152	0.02	1
AN_KAL_002	1448236800	3160	154894.109375	232616.03125	17617.9765625	0.178590840619322	0.060993	0.02	1
AN_KAL_002	1451952000	3160	154894.109375	232616.03125	17617.9765625	0.0465889149441709	0.063252	0.02	1
AN_KAL_002	1454284800	3160	154894.109375	232616.03125	17617.9765625	0.0388240957868091	0.040662	0.02	1
AN_KAL_002	1456704000	3160	154894.109375	232616.03125	17617.9765625	0.0388240957868091	0.02259	0.02	1
AN_KAL_002	1459814400	3160	154894.109375	232616.03125	17617.9765625	0.0388240957868091	0.074547	0.0222	1
AN_KAL_002	1462233600	3160	154894.109375	232616.03125	17617.9765625	0.0388240957868091	0.02259	0.02	1
AN_KAL_003	1434326400	3160	154357.859375	233252.046875	93314	0.0388240957868091	0.027108	0.029	1
AN_KAL_003	1435622400	3160	154357.859375	233252.046875	93314	0.0388240957868091	0.029367	0.038	1
AN_KAL_003	1437955200	3160	154357.859375	233252.046875	93314	0.248474213035578	0.795168	0.069	1
AN_KAL_003	1440374400	3160	154357.859375	233252.046875	93314	1.23460624602053	0.051957	0.0455	1
AN_KAL_003	1442793600	3160	154357.859375	233252.046875	93314	2.47697731119842	0.054216	0.0878	1
AN_KAL_003	1445817600	3160	154357.859375	233252.046875	93314	2.44591803456897	0.149094	0.11	1
AN_KAL_003	1448236800	3160	154357.859375	233252.046875	93314	2.78757007749289	0.347886	0.095	1
AN_KAL_003	1451952000	3160	154357.859375	233252.046875	93314	2.35274020468063	0.356922	0.04	1
AN_KAL_003	1454284800	3160	154357.859375	233252.046875	93314	0.287298308822388	0.173943	0.0472	1
AN_KAL_003	1456704000	3160	154357.859375	233252.046875	93314	0.0698833724162564	0.117468	0.0365	1
AN_KAL_003	1459814400	3160	154357.859375	233252.046875	93314	0.186355659776684	0.230418	0.0475	1
AN_KAL_003	1462233600	3160	154357.859375	233252.046875	93314	0.0388240957868091	0.074547	0.0523	1
AN_KAL_004	1464566400	3130_aom	155202.0625	231376.875	11560.2822265625	0.0388240957868091	0.02259	0.0235	1
AN_KAL_004	1467072000	3130_aom	155202.0625	231376.875	11560.2822265625	0.0388240957868091	0.02259	0.02	1
AN_KAL_004	1471392000	3130_aom	155202.0625	231376.875	11560.2822265625	0.0543537341015328	0.02259	0.0298	1
AN_KAL_004	1479686400	3130_aom	155202.0625	231376.875	11560.2822265625	0.0698833724162564	0.106173	0.0443	1
AN_KAL_004	1485820800	3130_aom	155202.0625	231376.875	11560.2822265625	0.0388240957868091	0.040662	0.029	1
AN_KAL_004	1488153600	3130_aom	155202.0625	231376.875	11560.2822265625	0.0388240957868091	0.036144	0.0243	1
AN_KAL_004	1491264000	3130_aom	155202.0625	231376.875	11560.2822265625	0.0931778298883419	0.09036	0.0208	1
AN_KAL_006	1464566400	3160	154958.140625	232731.921875	445762.21875	0.89295420309661	0.11295	0.1142	1
AN_KAL_006	1467072000	3160	154958.140625	232731.921875	445762.21875	0.0388240957868091	0.02259	0.0564	1
AN_KAL_006	1471824000	3160	154958.140625	232731.921875	445762.21875	0.0543537341015328	0.033885	0.0847	1
AN_KAL_006	1473120000	3160	154958.140625	232731.921875	445762.21875	0.0388240957868091	0.047439	0.0479	1
AN_KAL_006	1476057600	3160	154958.140625	232731.921875	445762.21875	0.0388240957868091	0.212346	0.188	1
AN_KAL_006	1479686400	3160	154958.140625	232731.921875	445762.21875	0.295063127979749	0.277857	0.1744	1
AN_KAL_006	1480982400	3160	154958.140625	232731.921875	445762.21875	0.434829872812262	0.228159	0.0942	1
AN_KAL_006	1483920000	3160	154958.140625	232731.921875	445762.21875	0.380476138710729	0.295929	0.0903	1
AN_KAL_006	1485820800	3160	154958.140625	232731.921875	445762.21875	0.100942649045704	0.164907	0.0344	1
AN_KAL_006	1488153600	3160	154958.140625	232731.921875	445762.21875	0.271768670507664	0.253008	0.0784	1
AN_KAL_006	1491264000	3160	154958.140625	232731.921875	445762.21875	0.0465889149441709	0.065511	0.0995	1
AN_KAL_006	1496016000	3160	154958.140625	232731.921875	445762.21875	0.0776481915736183	0.162648	0.159	1
AN_KAL_007	1464566400	3160	153546.328125	233789.578125	37602.42578125	0.0388240957868091	0.02259	0.0819	1
AN_KAL_007	1467072000	3160	153546.328125	233789.578125	37602.42578125	0.0388240957868091	0.02259	0.0983	1
AN_KAL_007	1471824000	3160	153546.328125	233789.578125	37602.42578125	0.0388240957868091	0.02259	0.084	1
AN_KAL_007	1473120000	3160	153546.328125	233789.578125	37602.42578125	0.0388240957868091	0.02259	0.02	1
AN_KAL_007	1476057600	3160	153546.328125	233789.578125	37602.42578125	0.17082602146196	0.070029	0.1701	1
AN_KAL_007	1479686400	3160	153546.328125	233789.578125	37602.42578125	0.0388240957868091	0.49698	0.1855	1
AN_KAL_007	1480982400	3160	153546.328125	233789.578125	37602.42578125	0.0388240957868091	0.449541	0.1805	1
AN_KAL_007	1483920000	3160	153546.328125	233789.578125	37602.42578125	0.139766744832513	0.341109	0.1633	1
AN_KAL_007	1485820800	3160	153546.328125	233789.578125	37602.42578125	0.0465889149441709	0.189756	0.1161	1
AN_KAL_007	1488153600	3160	153546.328125	233789.578125	37602.42578125	0.163061202304598	0.370476	0.1134	1
AN_KAL_007	1491264000	3160	153546.328125	233789.578125	37602.42578125	0.0388240957868091	0.056475	0.0999	1
AN_KAL_007	1496016000	3160	153546.328125	233789.578125	37602.42578125	0.0543537341015328	0.083583	0.066	1
AN_KAS_001	1399939200	3130_aom	195111.109375	216434.390625	639.80712890625	0.0776481915736183	0.033885	NA	1
AN_KAS_001	1402876800	3130_aom	195111.109375	216434.390625	639.80712890625	0.0776481915736183	0.049698	NA	1
AN_KAS_001	1405382400	3130_aom	195111.109375	216434.390625	639.80712890625	0.0776481915736183	0.02259	NA	1
AN_KAS_001	1408406400	3130_aom	195111.109375	216434.390625	639.80712890625	0.0776481915736183	0.031626	NA	1
AN_KAS_001	1411344000	3130_aom	195111.109375	216434.390625	639.80712890625	0.0776481915736183	0.031626	NA	1
AN_KAS_001	1415059200	3130_aom	195111.109375	216434.390625	639.80712890625	0.0931778298883419	0.149094	NA	1
AN_KAS_002	1435017600	3130_aom	190766.625	214944.546875	833.589172363281	0.0621185532588946	0.031626	0.3043	1
AN_KAS_002	1442275200	3130_aom	190766.625	214944.546875	833.589172363281	0.0465889149441709	0.02259	0.0366	1
AN_KAS_002	1445299200	3130_aom	190766.625	214944.546875	833.589172363281	0.201885298091407	0.101655	0.07	1
AN_KAS_002	1447718400	3130_aom	190766.625	214944.546875	833.589172363281	0.396005777025453	0.065511	0.067	1
AN_KAS_002	1450137600	3130_aom	190766.625	214944.546875	833.589172363281	0.605655894274222	0.155871	0.1284	1
AN_KAS_003	1464652800	3160	195837.5	216377.21875	925.469970703125	0.0388240957868091	0.024849	0.0285	1
AN_KAS_003	1467676800	3160	195837.5	216377.21875	925.469970703125	0.0388240957868091	0.02259	0.0397	1
AN_KAS_003	1471392000	3160	195837.5	216377.21875	925.469970703125	0.0388240957868091	0.024849	0.0209	1
AN_KAS_003	1473638400	3160	195837.5	216377.21875	925.469970703125	0.0388240957868091	0.02259	0.02	1
AN_KAS_003	1475452800	3160	195837.5	216377.21875	925.469970703125	0.0388240957868091	0.033885	0.0204	1
AN_KAS_003	1478563200	3160	195837.5	216377.21875	925.469970703125	0.0388240957868091	0.02259	0.036	1
AN_KAS_003	1484524800	3160	195837.5	216377.21875	925.469970703125	0.0388240957868091	0.056475	0.2617	1
AN_KAS_003	1486339200	3160	195837.5	216377.21875	925.469970703125	0.0388240957868091	0.042921	0.0683	1
AN_KAS_003	1489363200	3160	195837.5	216377.21875	925.469970703125	0.0698833724162564	0.103914	0.02	1
AN_KAS_003	1491264000	3160	195837.5	216377.21875	925.469970703125	0.100942649045704	0.110691	0.0352	1
AN_KAS_003	1494288000	3160	195837.5	216377.21875	925.469970703125	0.0621185532588946	0.074547	0.07	1
AN_KDN_001	1435017600	3130_aom	179854.03125	215286.078125	3208.59301757812	0.0388240957868091	0.024849	0.0411	1
AN_KDN_001	1436918400	3130_aom	179854.03125	215286.078125	3208.59301757812	0.0543537341015328	0.049698	0.1	1
AN_KDN_001	1439856000	3130_aom	179854.03125	215286.078125	3208.59301757812	0.0698833724162564	0.074547	0.1509	1
AN_KDN_001	1442275200	3130_aom	179854.03125	215286.078125	3208.59301757812	0.0621185532588946	0.036144	0.0525	1
AN_KDN_001	1445299200	3130_aom	179854.03125	215286.078125	3208.59301757812	0.0388240957868091	0.04518	0.02	1
AN_KDN_001	1447718400	3130_aom	179854.03125	215286.078125	3208.59301757812	0.0388240957868091	0.02259	0.032	1
AN_KDN_001	1450137600	3130_aom	179854.03125	215286.078125	3208.59301757812	0.0388240957868091	0.02259	0.0255	1
AN_KDN_001	1453680000	3130_aom	179854.03125	215286.078125	3208.59301757812	0.0388240957868091	0.533124	0.0275	1
AN_KDN_001	1456185600	3130_aom	179854.03125	215286.078125	3208.59301757812	0.0388240957868091	0.031626	0.0294	1
AN_KDN_001	1459728000	3130_aom	179854.03125	215286.078125	3208.59301757812	0.0388240957868091	0.101655	0.0282	1
AN_KDN_001	1461628800	3130_aom	179854.03125	215286.078125	3208.59301757812	0.0388240957868091	0.02259	0.0405	1
AN_KDN_001	1464048000	3130_aom	179854.03125	215286.078125	3208.59301757812	0.100942649045704	0.02259	0.0715	1
AN_KDN_002	1435017600	3130_aom	179506.109375	215010.375	2284.9541015625	0.388240957868091	0.02259	0.1466	1
AN_KDN_002	1435017600	3140	179506.109375	215010.375	2284.9541015625	0.388240957868091	0.02259	0.1466	1
AN_KDN_002	1436918400	3130_aom	179506.109375	215010.375	2284.9541015625	0.0388240957868091	0.029367	0.053	1
AN_KDN_002	1436918400	3140	179506.109375	215010.375	2284.9541015625	0.0388240957868091	0.029367	0.053	1
AN_KDN_002	1439856000	3130_aom	179506.109375	215010.375	2284.9541015625	0.597891075116861	0.040662	0.0543	1
AN_KDN_002	1439856000	3140	179506.109375	215010.375	2284.9541015625	0.597891075116861	0.040662	0.0543	1
AN_KDN_002	1442275200	3130_aom	179506.109375	215010.375	2284.9541015625	0.0931778298883419	0.02259	0.0711	1
AN_KDN_002	1442275200	3140	179506.109375	215010.375	2284.9541015625	0.0931778298883419	0.02259	0.0711	1
AN_KDN_002	1445299200	3130_aom	179506.109375	215010.375	2284.9541015625	0.0388240957868091	0.02259	0.02	1
AN_KDN_002	1445299200	3140	179506.109375	215010.375	2284.9541015625	0.0388240957868091	0.02259	0.02	1
AN_KDN_002	1447718400	3130_aom	179506.109375	215010.375	2284.9541015625	0.0543537341015328	0.031626	0.024	1
AN_KDN_002	1447718400	3140	179506.109375	215010.375	2284.9541015625	0.0543537341015328	0.031626	0.024	1
AN_KDN_002	1450137600	3130_aom	179506.109375	215010.375	2284.9541015625	0.100942649045704	0.024849	0.02	1
AN_KDN_002	1450137600	3140	179506.109375	215010.375	2284.9541015625	0.100942649045704	0.024849	0.02	1
AN_KDN_002	1453680000	3130_aom	179506.109375	215010.375	2284.9541015625	0.0388240957868091	0.201051	0.02	1
AN_KDN_002	1453680000	3140	179506.109375	215010.375	2284.9541015625	0.0388240957868091	0.201051	0.02	1
AN_KDN_002	1456185600	3130_aom	179506.109375	215010.375	2284.9541015625	0.0388240957868091	0.027108	0.02	1
AN_KDN_002	1456185600	3140	179506.109375	215010.375	2284.9541015625	0.0388240957868091	0.027108	0.02	1
AN_KDN_002	1459728000	3130_aom	179506.109375	215010.375	2284.9541015625	0.0388240957868091	0.058734	0.02	1
AN_KDN_002	1459728000	3140	179506.109375	215010.375	2284.9541015625	0.0388240957868091	0.058734	0.02	1
AN_KDN_002	1461628800	3130_aom	179506.109375	215010.375	2284.9541015625	0.0388240957868091	0.02259	0.0316	1
AN_KDN_002	1461628800	3140	179506.109375	215010.375	2284.9541015625	0.0388240957868091	0.02259	0.0316	1
AN_KDN_002	1464048000	3130_aom	179506.109375	215010.375	2284.9541015625	0.0543537341015328	0.02259	0.0255	1
AN_KDN_002	1464048000	3140	179506.109375	215010.375	2284.9541015625	0.0543537341015328	0.02259	0.0255	1
AN_KDN_003	1466380800	3140	179992.9375	215269.140625	1767.1025390625	0.0388240957868091	0.065511	0.1225	1
AN_KDN_003	1470009600	3140	179992.9375	215269.140625	1767.1025390625	0.25623903219294	0.02259	0.0865	1
AN_KDN_003	1471824000	3140	179992.9375	215269.140625	1767.1025390625	0.0388240957868091	0.02259	0.0756	1
AN_KDN_003	1474243200	3140	179992.9375	215269.140625	1767.1025390625	0.0388240957868091	0.02259	0.2042	1
AN_KDN_003	1476748800	3140	179992.9375	215269.140625	1767.1025390625	0.0854130107309801	0.083583	0.1092	1
AN_KDN_003	1478476800	3140	179992.9375	215269.140625	1767.1025390625	0.0388240957868091	0.02259	0.1136	1
AN_KDN_003	1479772800	3140	179992.9375	215269.140625	1767.1025390625	0.0388240957868091	0.076806	0.0926	1
AN_KDN_003	1484611200	3140	179992.9375	215269.140625	1767.1025390625	0.0388240957868091	0.027108	0.0933	1
AN_KDN_003	1487635200	3140	179992.9375	215269.140625	1767.1025390625	0.0388240957868091	0.040662	0.0344	1
AN_KDN_003	1489968000	3140	179992.9375	215269.140625	1767.1025390625	0.0388240957868091	0.065511	0.048	1
AN_KDN_003	1491868800	3140	179992.9375	215269.140625	1767.1025390625	0.0388240957868091	0.04518	0.0464	1
AN_KDN_003	1494288000	3140	179992.9375	215269.140625	1767.1025390625	0.0465889149441709	0.049698	0.153	1
AN_KDN_005	1466380800	3130_aom	179682.09375	214160.484375	757.056579589844	0.0388240957868091	0.094878	0.0684	1
AN_KDN_005	1466380800	3140	179682.09375	214160.484375	757.056579589844	0.0388240957868091	0.094878	0.0684	1
AN_KDN_005	1470009600	3130_aom	179682.09375	214160.484375	757.056579589844	0.0388240957868091	0.02259	0.0399	1
AN_KDN_005	1470009600	3140	179682.09375	214160.484375	757.056579589844	0.0388240957868091	0.02259	0.0399	1
AN_KDN_005	1471824000	3130_aom	179682.09375	214160.484375	757.056579589844	0.0388240957868091	0.02259	0.054	1
AN_KDN_005	1471824000	3140	179682.09375	214160.484375	757.056579589844	0.0388240957868091	0.02259	0.054	1
AN_KDN_005	1474243200	3130_aom	179682.09375	214160.484375	757.056579589844	0.0465889149441709	0.049698	0.0391	1
AN_KDN_005	1474243200	3140	179682.09375	214160.484375	757.056579589844	0.0465889149441709	0.049698	0.0391	1
AN_KDN_005	1476662400	3130_aom	179682.09375	214160.484375	757.056579589844	0.0465889149441709	0.06777	0.0269	1
AN_KDN_005	1476662400	3140	179682.09375	214160.484375	757.056579589844	0.0465889149441709	0.06777	0.0269	1
AN_KDN_005	1478563200	3130_aom	179682.09375	214160.484375	757.056579589844	0.0698833724162564	0.02259	0.0274	1
AN_KDN_005	1478563200	3140	179682.09375	214160.484375	757.056579589844	0.0698833724162564	0.02259	0.0274	1
AN_KDN_005	1479772800	3130_aom	179682.09375	214160.484375	757.056579589844	0.0698833724162564	0.101655	0.0307	1
AN_KDN_005	1479772800	3140	179682.09375	214160.484375	757.056579589844	0.0698833724162564	0.101655	0.0307	1
AN_KDN_005	1484611200	3130_aom	179682.09375	214160.484375	757.056579589844	0.0388240957868091	0.092619	0.02	1
AN_KDN_005	1484611200	3140	179682.09375	214160.484375	757.056579589844	0.0388240957868091	0.092619	0.02	1
AN_KDN_005	1487635200	3130_aom	179682.09375	214160.484375	757.056579589844	0.0388240957868091	0.027108	0.066	1
AN_KDN_005	1487635200	3140	179682.09375	214160.484375	757.056579589844	0.0388240957868091	0.027108	0.066	1
AN_KDN_005	1489968000	3130_aom	179682.09375	214160.484375	757.056579589844	0.0388240957868091	0.142317	0.024	1
AN_KDN_005	1489968000	3140	179682.09375	214160.484375	757.056579589844	0.0388240957868091	0.142317	0.024	1
AN_KDN_005	1491868800	3130_aom	179682.09375	214160.484375	757.056579589844	0.100942649045704	0.056475	0.0242	1
AN_KDN_005	1491868800	3140	179682.09375	214160.484375	757.056579589844	0.100942649045704	0.056475	0.0242	1
AN_KDN_005	1494288000	3130_aom	179682.09375	214160.484375	757.056579589844	0.0388240957868091	0.033885	0.021	1
AN_KDN_005	1494288000	3140	179682.09375	214160.484375	757.056579589844	0.0388240957868091	0.033885	0.021	1
AN_KOO_001	1399334400	3130_na	170195.046875	224044.25	76144.234375	0.0776481915736183	0.560232	NA	1
AN_KOO_001	1401667200	3130_na	170195.046875	224044.25	76144.234375	0.0776481915736183	0.081324	NA	1
AN_KOO_001	1404086400	3130_na	170195.046875	224044.25	76144.234375	0.0776481915736183	0.029367	NA	1
AN_KOO_001	1407196800	3130_na	170195.046875	224044.25	76144.234375	0.0776481915736183	0.02259	NA	1
AN_KOO_001	1410220800	3130_na	170195.046875	224044.25	76144.234375	0.0776481915736183	0.02259	NA	1
AN_KOO_001	1413849600	3130_na	170195.046875	224044.25	76144.234375	0.0854130107309801	0.065511	NA	1
AN_KSV_001	1465257600	3160	158995.453125	227879.21875	15541.9453125	0.0776481915736183	0.117468	0.02	1
AN_KSV_001	1467072000	3160	158995.453125	227879.21875	15541.9453125	0.0543537341015328	0.142317	0.02	1
AN_KSV_001	1471392000	3160	158995.453125	227879.21875	15541.9453125	0.0388240957868091	0.02259	0.0269	1
AN_KSV_001	1473120000	3160	158995.453125	227879.21875	15541.9453125	0.0388240957868091	0.02259	0.0325	1
AN_KSV_001	1476057600	3160	158995.453125	227879.21875	15541.9453125	0.217414936406131	0.083583	0.0653	1
AN_KSV_001	1479686400	3160	158995.453125	227879.21875	15541.9453125	0.574596617644775	0.182979	0.0253	1
AN_KSV_001	1480982400	3160	158995.453125	227879.21875	15541.9453125	0.481418787756433	0.189756	0.038	1
AN_KSV_001	1483920000	3160	158995.453125	227879.21875	15541.9453125	0.528007702700604	0.365958	0.0316	1
AN_KSV_001	1485820800	3160	158995.453125	227879.21875	15541.9453125	0.295063127979749	0.189756	0.0201	1
AN_KSV_001	1488153600	3160	158995.453125	227879.21875	15541.9453125	0.17082602146196	0.207828	0.02	1
AN_KSV_001	1491264000	3160	158995.453125	227879.21875	15541.9453125	0.0388240957868091	0.038403	0.0297	1
AN_KSV_001	1496016000	3160	158995.453125	227879.21875	15541.9453125	0.0776481915736183	0.11295	0.021	1
AN_KSV_004	1497916800	3160	158685.15625	227926.3125	1780.52319335938	0.0388240957868091	0.036144	0.02	1
AN_KSV_004	1499817600	3160	158685.15625	227926.3125	1780.52319335938	0.108707468203066	0.038403	0.0299	1
AN_KSV_004	1501545600	3160	158685.15625	227926.3125	1780.52319335938	0.0388240957868091	0.029367	0.02	1
AN_KSV_004	1505174400	3160	158685.15625	227926.3125	1780.52319335938	0.473653968599071	0.079065	0.0213	1
AN_KSV_004	1507593600	3160	158685.15625	227926.3125	1780.52319335938	0.0543537341015328	0.060993	0.02	1
AN_KSV_004	1510012800	3160	158685.15625	227926.3125	1780.52319335938	0.396005777025453	0.074547	0.02	1
AN_KSV_004	1512432000	3160	158685.15625	227926.3125	1780.52319335938	0.667774447533117	0.149094	0.02	1
AN_KSV_004	1514937600	3160	158685.15625	227926.3125	1780.52319335938	0.155296383147237	0.11295	0.02	1
AN_KSV_004	1517875200	3160	158685.15625	227926.3125	1780.52319335938	0.17082602146196	0.124245	0.02	1
AN_KSV_004	1521504000	3160	158685.15625	227926.3125	1780.52319335938	0.0621185532588946	0.169425	0.02	1
AN_KSV_004	1523318400	3160	158685.15625	227926.3125	1780.52319335938	0.0388240957868091	0.024849	0.02	1
AN_KSV_004	1527033600	3160	158685.15625	227926.3125	1780.52319335938	0.0388240957868091	0.033885	0.02	1
AN_KSV_005	1497916800	3160	158578.078125	227370.421875	3638.41870117188	0.100942649045704	0.13554	0.041	1
AN_KSV_005	1499817600	3160	158578.078125	227370.421875	3638.41870117188	1.02495612877176	0.106173	0.0976	1
AN_KSV_005	1501545600	3160	158578.078125	227370.421875	3638.41870117188	0.124237106517789	0.126504	0.0742	1
AN_KSV_005	1505174400	3160	158578.078125	227370.421875	3638.41870117188	0.574596617644775	0.219123	0.0345	1
AN_KSV_005	1507593600	3160	158578.078125	227370.421875	3638.41870117188	0.0621185532588946	0.094878	0.0384	1
AN_KSV_005	1510012800	3160	158578.078125	227370.421875	3638.41870117188	0.419300234497539	0.097137	0.035	1
AN_KSV_005	1512432000	3160	158578.078125	227370.421875	3638.41870117188	0.271768670507664	0.079065	0.02	1
AN_KSV_005	1514937600	3160	158578.078125	227370.421875	3638.41870117188	0.17082602146196	0.063252	0.022	1
AN_KSV_005	1517875200	3160	158578.078125	227370.421875	3638.41870117188	0.0698833724162564	0.070029	0.02	1
AN_KSV_005	1521504000	3160	158578.078125	227370.421875	3638.41870117188	0.0388240957868091	0.083583	0.02	1
AN_KSV_005	1523318400	3160	158578.078125	227370.421875	3638.41870117188	0.0388240957868091	0.040662	0.02	1
AN_KSV_005	1527033600	3160	158578.078125	227370.421875	3638.41870117188	0.0776481915736183	0.11295	0.02	1
AN_KSV_006	1528675200	3130_aom	158799.609375	225374.046875	633.056762695312	0.0388240957868091	0.065511	0.0938	1
AN_KSV_006	1532304000	3130_aom	158799.609375	225374.046875	633.056762695312	0.0931778298883419	0.070029	0.0694	1
AN_KSV_006	1534723200	3130_aom	158799.609375	225374.046875	633.056762695312	0.100942649045704	0.108432	0.2941	1
AN_KSV_006	1543881600	3130_aom	158799.609375	225374.046875	633.056762695312	2.07320671501561	0.06777	0.0203	1
AN_KVD_002	1497312000	3130_aom	195557.546875	227994.609375	1358.58337402344	0.613420713431584	0.153612	0.02	1
AN_KVD_002	1499126400	3130_aom	195557.546875	227994.609375	1358.58337402344	5.99444038948333	0.036144	0.02	1
AN_KVD_002	1501459200	3130_aom	195557.546875	227994.609375	1358.58337402344	3.10592766294473	0.031626	0.02	1
AN_KVD_002	1506384000	3130_aom	195557.546875	227994.609375	1358.58337402344	0.0388240957868091	0.027108	0.02	1
AN_KVD_002	1508112000	3130_aom	195557.546875	227994.609375	1358.58337402344	0.0388240957868091	0.027108	0.02	1
AN_KVD_002	1511222400	3130_aom	195557.546875	227994.609375	1358.58337402344	0.0388240957868091	0.056475	0.02	1
AN_KVD_002	1512950400	3130_aom	195557.546875	227994.609375	1358.58337402344	0.124237106517789	0.058734	0.0202	1
AN_KVD_002	1515456000	3130_aom	195557.546875	227994.609375	1358.58337402344	0.217414936406131	0.06777	0.0313	1
AN_KVD_002	1517270400	3130_aom	195557.546875	227994.609375	1358.58337402344	0.217414936406131	0.088101	0.02	1
AN_KVD_002	1520294400	3130_aom	195557.546875	227994.609375	1358.58337402344	0.0388240957868091	0.189756	0.022	1
AN_KVD_002	1523232000	3130_aom	195557.546875	227994.609375	1358.58337402344	0.0931778298883419	0.117468	0.02	1
AN_KVD_002	1526342400	3130_aom	195557.546875	227994.609375	1358.58337402344	0.163061202304598	0.201051	0.02	1
AN_KVD_003	1497225600	3130_aom	194704.265625	228095.609375	26129.439453125	0.0465889149441709	0.054216	0.02	1
AN_KVD_003	1497225600	3160	194704.265625	228095.609375	26129.439453125	0.0465889149441709	0.054216	0.02	1
AN_KVD_003	1499126400	3130_aom	194704.265625	228095.609375	26129.439453125	0.0388240957868091	0.033885	0.02	1
AN_KVD_003	1499126400	3160	194704.265625	228095.609375	26129.439453125	0.0388240957868091	0.033885	0.02	1
AN_KVD_003	1501459200	3130_aom	194704.265625	228095.609375	26129.439453125	0.0698833724162564	0.058734	0.02	1
AN_KVD_003	1501459200	3160	194704.265625	228095.609375	26129.439453125	0.0698833724162564	0.058734	0.02	1
AN_KVD_003	1506384000	3130_aom	194704.265625	228095.609375	26129.439453125	0.0698833724162564	0.11295	0.038	1
AN_KVD_003	1506384000	3160	194704.265625	228095.609375	26129.439453125	0.0698833724162564	0.11295	0.038	1
AN_KVD_003	1508112000	3130_aom	194704.265625	228095.609375	26129.439453125	0.124237106517789	0.210087	0.0243	1
AN_KVD_003	1508112000	3160	194704.265625	228095.609375	26129.439453125	0.124237106517789	0.210087	0.0243	1
AN_KVD_003	1511222400	3130_aom	194704.265625	228095.609375	26129.439453125	0.264003851350302	0.277857	0.0269	1
AN_KVD_003	1511222400	3160	194704.265625	228095.609375	26129.439453125	0.264003851350302	0.277857	0.0269	1
AN_KVD_003	1512950400	3130_aom	194704.265625	228095.609375	26129.439453125	0.388240957868091	0.314001	0.0219	1
AN_KVD_003	1512950400	3160	194704.265625	228095.609375	26129.439453125	0.388240957868091	0.314001	0.0219	1
AN_KVD_003	1515456000	3130_aom	194704.265625	228095.609375	26129.439453125	0.264003851350302	0.323037	0.02	1
AN_KVD_003	1515456000	3160	194704.265625	228095.609375	26129.439453125	0.264003851350302	0.323037	0.02	1
AN_KVD_003	1517270400	3130_aom	194704.265625	228095.609375	26129.439453125	0.147531563989875	0.374994	0.02	1
AN_KVD_003	1517270400	3160	194704.265625	228095.609375	26129.439453125	0.147531563989875	0.374994	0.02	1
AN_KVD_003	1520294400	3130_aom	194704.265625	228095.609375	26129.439453125	0.0465889149441709	0.537642	0.02	1
AN_KVD_003	1520294400	3160	194704.265625	228095.609375	26129.439453125	0.0465889149441709	0.537642	0.02	1
AN_KVD_003	1523232000	3130_aom	194704.265625	228095.609375	26129.439453125	0.0931778298883419	0.49698	0.02	1
AN_KVD_003	1523232000	3160	194704.265625	228095.609375	26129.439453125	0.0931778298883419	0.49698	0.02	1
AN_KVD_003	1526342400	3130_aom	194704.265625	228095.609375	26129.439453125	0.0388240957868091	0.185238	0.02	1
AN_KVD_003	1526342400	3160	194704.265625	228095.609375	26129.439453125	0.0388240957868091	0.185238	0.02	1
AN_LAN_004	1398124800	3130_aom	184573.328125	191086.5	2640.28686523438	0.0776481915736183	0.042921	NA	1
AN_LAN_004	1402358400	3130_aom	184573.328125	191086.5	2640.28686523438	0.0776481915736183	0.031626	NA	1
AN_LAN_004	1404691200	3130_aom	184573.328125	191086.5	2640.28686523438	0.0776481915736183	0.029367	NA	1
AN_LAN_004	1407715200	3130_aom	184573.328125	191086.5	2640.28686523438	0.0776481915736183	0.029367	NA	1
AN_LAN_004	1410825600	3130_aom	184573.328125	191086.5	2640.28686523438	0.0776481915736183	0.027108	NA	1
AN_LAN_004	1414368000	3130_aom	184573.328125	191086.5	2640.28686523438	0.0776481915736183	0.029367	NA	1
AN_LAN_005	1398124800	3130_aom	184637.296875	191331.53125	21052.640625	0.0776481915736183	0.031626	NA	1
AN_LAN_005	1402358400	3130_aom	184637.296875	191331.53125	21052.640625	0.0776481915736183	0.033885	NA	1
AN_LAN_005	1404691200	3130_aom	184637.296875	191331.53125	21052.640625	0.0776481915736183	0.024849	NA	1
AN_LAN_005	1407715200	3130_aom	184637.296875	191331.53125	21052.640625	0.0776481915736183	0.038403	NA	1
AN_LAN_005	1410825600	3130_aom	184637.296875	191331.53125	21052.640625	0.0776481915736183	0.047439	NA	1
AN_LAN_005	1414368000	3130_aom	184637.296875	191331.53125	21052.640625	0.0776481915736183	0.024849	NA	1
AN_LAN_006	1398124800	3130_aom	184928.46875	191240.109375	1334.81970214844	0.0776481915736183	0.033885	NA	1
AN_LAN_006	1402358400	3130_aom	184928.46875	191240.109375	1334.81970214844	0.0776481915736183	0.02259	NA	1
AN_LAN_006	1404691200	3130_aom	184928.46875	191240.109375	1334.81970214844	0.0776481915736183	0.027108	NA	1
AN_LAN_006	1407715200	3130_aom	184928.46875	191240.109375	1334.81970214844	0.0776481915736183	0.029367	NA	1
AN_LAN_006	1410825600	3130_aom	184928.46875	191240.109375	1334.81970214844	0.0776481915736183	0.031626	NA	1
AN_LAN_006	1414368000	3130_aom	184928.46875	191240.109375	1334.81970214844	0.0776481915736183	0.029367	NA	1
AN_LAN_007	1407715200	3130_aom	185089.640625	191197.65625	1199.85998535156	0.0776481915736183	0.029367	NA	1
AN_LAN_007	1431302400	3130_aom	185089.640625	191197.65625	1199.85998535156	0.0388240957868091	0.033885	0.0371	1
AN_LAN_007	1433721600	3130_aom	185089.640625	191197.65625	1199.85998535156	0.0388240957868091	0.047439	0.028	1
AN_LAN_007	1436227200	3130_aom	185089.640625	191197.65625	1199.85998535156	0.0388240957868091	0.031626	0.0706	1
AN_LAN_007	1438646400	3130_aom	185089.640625	191197.65625	1199.85998535156	0.0388240957868091	0.063252	0.14	1
AN_LAN_007	1440979200	3130_aom	185089.640625	191197.65625	1199.85998535156	0.0388240957868091	0.024849	0.0399	1
AN_LAN_007	1444003200	3130_aom	185089.640625	191197.65625	1199.85998535156	0.108707468203066	0.036144	0.02	1
AN_LAN_007	1446508800	3130_aom	185089.640625	191197.65625	1199.85998535156	0.0388240957868091	0.02259	0.02	1
AN_LAN_007	1448841600	3130_aom	185089.640625	191197.65625	1199.85998535156	0.0388240957868091	0.036144	0.02	1
AN_LAN_007	1452470400	3130_aom	185089.640625	191197.65625	1199.85998535156	0.0388240957868091	0.040662	0.0203	1
AN_LAN_007	1454889600	3130_aom	185089.640625	191197.65625	1199.85998535156	0.0388240957868091	0.02259	0.0331	1
AN_LAN_007	1457308800	3130_aom	185089.640625	191197.65625	1199.85998535156	0.0543537341015328	0.27108	0.0351	1
AN_LAN_007	1460332800	3130_aom	185089.640625	191197.65625	1199.85998535156	0.0388240957868091	0.074547	0.0355	1
AN_LAN_007	1462752000	3130_aom	185089.640625	191197.65625	1199.85998535156	0.147531563989875	0.047439	0.0327	1
AN_LAN_009	1431302400	3130_aom	185044.671875	190570.5625	3950.11596679688	0.0388240957868091	0.040662	0.02	1
AN_LAN_009	1431302400	3140	185044.671875	190570.5625	3950.11596679688	0.0388240957868091	0.040662	0.02	1
AN_LAN_009	1433721600	3130_aom	185044.671875	190570.5625	3950.11596679688	0.0388240957868091	0.029367	0.02	1
AN_LAN_009	1433721600	3140	185044.671875	190570.5625	3950.11596679688	0.0388240957868091	0.029367	0.02	1
AN_LAN_009	1444003200	3130_aom	185044.671875	190570.5625	3950.11596679688	0.0465889149441709	0.076806	0.02	1
AN_LAN_009	1444003200	3140	185044.671875	190570.5625	3950.11596679688	0.0465889149441709	0.076806	0.02	1
AN_LAN_009	1446508800	3130_aom	185044.671875	190570.5625	3950.11596679688	0.0388240957868091	0.02259	0.02	1
AN_LAN_009	1446508800	3140	185044.671875	190570.5625	3950.11596679688	0.0388240957868091	0.02259	0.02	1
AN_LAN_009	1448841600	3130_aom	185044.671875	190570.5625	3950.11596679688	0.0388240957868091	0.02259	0.02	1
AN_LAN_009	1448841600	3140	185044.671875	190570.5625	3950.11596679688	0.0388240957868091	0.02259	0.02	1
AN_LAN_009	1452470400	3130_aom	185044.671875	190570.5625	3950.11596679688	0.0388240957868091	0.049698	0.0468	1
AN_LAN_009	1452470400	3140	185044.671875	190570.5625	3950.11596679688	0.0388240957868091	0.049698	0.0468	1
AN_LAN_009	1454889600	3130_aom	185044.671875	190570.5625	3950.11596679688	0.458124330284348	0.173943	0.1707	1
AN_LAN_009	1454889600	3140	185044.671875	190570.5625	3950.11596679688	0.458124330284348	0.173943	0.1707	1
AN_LAN_009	1457308800	3130_aom	185044.671875	190570.5625	3950.11596679688	0.574596617644775	0.160389	0.1734	1
AN_LAN_009	1457308800	3140	185044.671875	190570.5625	3950.11596679688	0.574596617644775	0.160389	0.1734	1
AN_LAN_009	1460332800	3130_aom	185044.671875	190570.5625	3950.11596679688	0.0388240957868091	0.054216	0.0457	1
AN_LAN_009	1460332800	3140	185044.671875	190570.5625	3950.11596679688	0.0388240957868091	0.054216	0.0457	1
AN_LAN_009	1462752000	3130_aom	185044.671875	190570.5625	3950.11596679688	0.0465889149441709	0.027108	0.0316	1
AN_LAN_009	1462752000	3140	185044.671875	190570.5625	3950.11596679688	0.0465889149441709	0.027108	0.0316	1
AN_LDL_001	1398643200	3160	196071.59375	225500.859375	26742.73828125	0.0776481915736183	0.027108	NA	1
AN_LDL_001	1402876800	3160	196071.59375	225500.859375	26742.73828125	0.652244809218393	0.033885	NA	1
AN_LDL_001	1405382400	3160	196071.59375	225500.859375	26742.73828125	0.458124330284348	0.027108	NA	1
AN_LDL_001	1408320000	3160	196071.59375	225500.859375	26742.73828125	0.0776481915736183	0.056475	NA	1
AN_LDL_001	1411344000	3160	196071.59375	225500.859375	26742.73828125	0.279533489665026	0.167166	NA	1
AN_LDL_001	1416182400	3160	196071.59375	225500.859375	26742.73828125	0.621185532588946	0.058734	NA	1
AN_LDL_002	1433116800	3130_aom	195490.046875	224209.59375	1950.06457519531	0.0465889149441709	0.047439	0.0637	1
AN_LDL_002	1436140800	3130_aom	195490.046875	224209.59375	1950.06457519531	0.0621185532588946	0.063252	0.086	1
AN_LDL_002	1440460800	3130_aom	195490.046875	224209.59375	1950.06457519531	0.0465889149441709	0.060993	0.0612	1
AN_LDL_002	1442880000	3130_aom	195490.046875	224209.59375	1950.06457519531	0.0388240957868091	0.036144	0.0548	1
AN_LDL_002	1445904000	3130_aom	195490.046875	224209.59375	1950.06457519531	0.0543537341015328	0.063252	0.05	1
AN_LDL_002	1448323200	3130_aom	195490.046875	224209.59375	1950.06457519531	0.0388240957868091	0.047439	0.039	1
AN_LDL_002	1451865600	3130_aom	195490.046875	224209.59375	1950.06457519531	0.0388240957868091	0.049698	0.0505	1
AN_LDL_002	1454371200	3130_aom	195490.046875	224209.59375	1950.06457519531	0.0388240957868091	0.060993	0.0815	1
AN_LDL_002	1456790400	3130_aom	195490.046875	224209.59375	1950.06457519531	0.0388240957868091	0.221382	0.0391	1
AN_LDL_002	1459728000	3130_aom	195490.046875	224209.59375	1950.06457519531	0.0543537341015328	0.121986	0.0415	1
AN_LDL_002	1462147200	3130_aom	195490.046875	224209.59375	1950.06457519531	0.0388240957868091	0.024849	0.0296	1
AN_LDL_003	1433116800	3160	195684.3125	225595.515625	846.603393554688	0.0388240957868091	0.033885	0.0522	1
AN_LDL_003	1440460800	3160	195684.3125	225595.515625	846.603393554688	0.0388240957868091	0.02259	0.1625	1
AN_LDL_003	1442880000	3160	195684.3125	225595.515625	846.603393554688	1.90238069355365	0.06777	0.2277	1
AN_LDL_003	1445904000	3160	195684.3125	225595.515625	846.603393554688	1.72378985293433	0.083583	0.02	1
AN_LDL_003	1448323200	3160	195684.3125	225595.515625	846.603393554688	0.450359511126986	0.042921	0.02	1
AN_LDL_003	1451865600	3160	195684.3125	225595.515625	846.603393554688	0.0854130107309801	0.058734	0.02	1
AN_LDL_003	1454371200	3160	195684.3125	225595.515625	846.603393554688	0.0388240957868091	0.040662	0.02	1
AN_LDL_003	1456790400	3160	195684.3125	225595.515625	846.603393554688	0.0698833724162564	0.047439	0.02	1
AN_LDL_003	1459728000	3160	195684.3125	225595.515625	846.603393554688	0.0388240957868091	0.074547	0.02	1
AN_LDL_003	1462147200	3160	195684.3125	225595.515625	846.603393554688	0.0388240957868091	0.02259	0.02	1
AN_LDL_004	1497225600	3130_aom	194800.40625	224586.140625	10566.8994140625	0.108707468203066	0.146835	0.0453	1
AN_LDL_004	1499126400	3130_aom	194800.40625	224586.140625	10566.8994140625	0.139766744832513	0.085842	0.052	1
AN_LDL_004	1511222400	3130_aom	194800.40625	224586.140625	10566.8994140625	0.0931778298883419	0.117468	0.0754	1
AN_LDL_004	1513555200	3130_aom	194800.40625	224586.140625	10566.8994140625	0.0388240957868091	0.04518	0.0307	1
AN_LDL_004	1515456000	3130_aom	194800.40625	224586.140625	10566.8994140625	0.0388240957868091	0.070029	0.0296	1
AN_LDL_004	1517270400	3130_aom	194800.40625	224586.140625	10566.8994140625	0.0388240957868091	0.058734	0.02	1
AN_LDL_004	1522022400	3130_aom	194800.40625	224586.140625	10566.8994140625	0.0543537341015328	0.063252	0.02	1
AN_LDL_004	1524441600	3130_aom	194800.40625	224586.140625	10566.8994140625	0.0388240957868091	0.079065	0.02	1
AN_LDL_004	1526342400	3130_aom	194800.40625	224586.140625	10566.8994140625	0.0388240957868091	0.04518	0.02	1
AN_LIL_001	1466380800	3130_aom	181694.328125	218141.734375	1480.11926269531	0.209650117248769	0.131022	0.0533	1
AN_LIL_001	1467590400	3130_aom	181694.328125	218141.734375	1480.11926269531	0.17082602146196	0.02259	0.0417	1
AN_LIL_001	1471305600	3130_aom	181694.328125	218141.734375	1480.11926269531	0.0388240957868091	0.02259	0.02	1
AN_LIL_001	1474243200	3130_aom	181694.328125	218141.734375	1480.11926269531	0.0388240957868091	0.029367	0.0341	1
AN_LIL_001	1476662400	3130_aom	181694.328125	218141.734375	1480.11926269531	0.0543537341015328	0.099396	0.02	1
AN_LIL_001	1478563200	3130_aom	181694.328125	218141.734375	1480.11926269531	0.543537341015328	0.02259	0.0443	1
AN_LIL_001	1480896000	3130_aom	181694.328125	218141.734375	1480.11926269531	1.14919323528955	0.040662	0.02	1
AN_LIL_001	1484524800	3130_aom	181694.328125	218141.734375	1480.11926269531	0.489183606913795	0.060993	0.02	1
AN_LIL_001	1487635200	3130_aom	181694.328125	218141.734375	1480.11926269531	0.124237106517789	0.031626	0.02	1
AN_LIL_001	1489968000	3130_aom	181694.328125	218141.734375	1480.11926269531	0.186355659776684	0.06777	0.02	1
AN_LIL_001	1491868800	3130_aom	181694.328125	218141.734375	1480.11926269531	0.0543537341015328	0.040662	0.02	1
AN_LIL_001	1494806400	3130_aom	181694.328125	218141.734375	1480.11926269531	0.0388240957868091	0.056475	0.02	1
AN_LIL_002	1466380800	3130_aom	180601.21875	216867.609375	7253.59228515625	0.0388240957868091	0.094878	0.1046	1
AN_LIL_002	1470009600	3130_aom	180601.21875	216867.609375	7253.59228515625	0.25623903219294	0.02259	0.0318	1
AN_LIL_002	1471305600	3130_aom	180601.21875	216867.609375	7253.59228515625	0.0388240957868091	0.02259	0.0318	1
AN_LIL_002	1474243200	3130_aom	180601.21875	216867.609375	7253.59228515625	0.0388240957868091	0.02259	0.0342	1
AN_LIL_002	1476662400	3130_aom	180601.21875	216867.609375	7253.59228515625	0.0388240957868091	0.042921	0.0221	1
AN_LIL_002	1478476800	3130_aom	180601.21875	216867.609375	7253.59228515625	0.0388240957868091	0.02259	0.02	1
AN_LIL_002	1479772800	3130_aom	180601.21875	216867.609375	7253.59228515625	0.0465889149441709	0.074547	0.0467	1
AN_LIL_002	1484524800	3130_aom	180601.21875	216867.609375	7253.59228515625	0.302827947137111	0.783873	0.1437	1
AN_LIL_002	1487635200	3130_aom	180601.21875	216867.609375	7253.59228515625	0.0388240957868091	0.02259	0.0371	1
AN_LIL_002	1489968000	3130_aom	180601.21875	216867.609375	7253.59228515625	0.232944574720855	0.320778	0.0606	1
AN_LIL_002	1491868800	3130_aom	180601.21875	216867.609375	7253.59228515625	0.0388240957868091	0.042921	0.026	1
AN_LIL_002	1494288000	3130_aom	180601.21875	216867.609375	7253.59228515625	0.0465889149441709	0.031626	0.02	1
AN_LIL_003	1498521600	3130_aom	180379.984375	219663.375	2228.45654296875	0.108707468203066	0.036144	0.02	1
AN_LIL_003	1498521600	3140	180379.984375	219663.375	2228.45654296875	0.108707468203066	0.036144	0.02	1
AN_LIL_003	1500940800	3130_aom	180379.984375	219663.375	2228.45654296875	0.0698833724162564	0.040662	0.02	1
AN_LIL_003	1500940800	3140	180379.984375	219663.375	2228.45654296875	0.0698833724162564	0.040662	0.02	1
AN_LIL_003	1501459200	3130_aom	180379.984375	219663.375	2228.45654296875	0.0543537341015328	0.031626	0.02	1
AN_LIL_003	1501459200	3140	180379.984375	219663.375	2228.45654296875	0.0543537341015328	0.031626	0.02	1
AN_LIL_003	1506384000	3130_aom	180379.984375	219663.375	2228.45654296875	0.0543537341015328	0.047439	0.02	1
AN_LIL_003	1506384000	3140	180379.984375	219663.375	2228.45654296875	0.0543537341015328	0.047439	0.02	1
AN_LIL_003	1508112000	3130_aom	180379.984375	219663.375	2228.45654296875	0.0388240957868091	0.031626	0.02	1
AN_LIL_003	1508112000	3140	180379.984375	219663.375	2228.45654296875	0.0388240957868091	0.031626	0.02	1
AN_LIL_003	1511740800	3130_aom	180379.984375	219663.375	2228.45654296875	0.0776481915736183	0.051957	0.02	1
AN_LIL_003	1511740800	3140	180379.984375	219663.375	2228.45654296875	0.0776481915736183	0.051957	0.02	1
AN_LIL_003	1513641600	3130_aom	180379.984375	219663.375	2228.45654296875	0.163061202304598	0.865197	0.02	1
AN_LIL_003	1513641600	3140	180379.984375	219663.375	2228.45654296875	0.163061202304598	0.865197	0.02	1
AN_LIL_003	1515974400	3130_aom	180379.984375	219663.375	2228.45654296875	0.0698833724162564	0.433728	0.02	1
AN_LIL_003	1515974400	3140	180379.984375	219663.375	2228.45654296875	0.0698833724162564	0.433728	0.02	1
AN_LIL_003	1518998400	3130_aom	180379.984375	219663.375	2228.45654296875	0.0388240957868091	0.142317	0.02	1
AN_LIL_003	1518998400	3140	180379.984375	219663.375	2228.45654296875	0.0388240957868091	0.142317	0.02	1
AN_LIL_003	1521417600	3130_aom	180379.984375	219663.375	2228.45654296875	0.116472287360427	0.079065	0.02	1
AN_LIL_003	1521417600	3140	180379.984375	219663.375	2228.45654296875	0.116472287360427	0.079065	0.02	1
AN_LIL_003	1524441600	3130_aom	180379.984375	219663.375	2228.45654296875	0.0388240957868091	0.031626	0.02	1
AN_LIL_003	1524441600	3140	180379.984375	219663.375	2228.45654296875	0.0388240957868091	0.031626	0.02	1
AN_LIL_003	1527552000	3130_aom	180379.984375	219663.375	2228.45654296875	0.0388240957868091	0.074547	0.0209	1
AN_LIL_003	1527552000	3140	180379.984375	219663.375	2228.45654296875	0.0388240957868091	0.074547	0.0209	1
AN_LIL_004	1528761600	3130_aom	180930.46875	220425.96875	1299.69714355469	0.0388240957868091	0.024849	0.0237	1
AN_LIL_004	1528761600	3140	180930.46875	220425.96875	1299.69714355469	0.0388240957868091	0.024849	0.0237	1
AN_LIL_004	1532995200	3130_aom	180930.46875	220425.96875	1299.69714355469	0.271768670507664	0.038403	0.1379	1
AN_LIL_004	1532995200	3140	180930.46875	220425.96875	1299.69714355469	0.271768670507664	0.038403	0.1379	1
AN_LIL_004	1543276800	3130_aom	180930.46875	220425.96875	1299.69714355469	0.0621185532588946	0.047439	0.0759	1
AN_LIL_004	1543276800	3140	180930.46875	220425.96875	1299.69714355469	0.0621185532588946	0.047439	0.0759	1
AN_LIL_004	1545091200	3130_aom	180930.46875	220425.96875	1299.69714355469	0.0388240957868091	0.029367	0.0259	1
AN_LIL_004	1545091200	3140	180930.46875	220425.96875	1299.69714355469	0.0388240957868091	0.029367	0.0259	1
AN_MEC_001	1431302400	3130_na	160281.28125	190267.203125	82533.4609375	0.225179755563493	0.334332	0.0289	1
AN_MEC_001	1431302400	3140	160281.28125	190267.203125	82533.4609375	0.225179755563493	0.334332	0.0289	1
AN_MEC_001	1434326400	3130_na	160281.28125	190267.203125	82533.4609375	0.0543537341015328	0.29367	0.033	1
AN_MEC_001	1434326400	3140	160281.28125	190267.203125	82533.4609375	0.0543537341015328	0.29367	0.033	1
AN_MEC_001	1436745600	3130_na	160281.28125	190267.203125	82533.4609375	0.0388240957868091	0.040662	0.026	1
AN_MEC_001	1436745600	3140	160281.28125	190267.203125	82533.4609375	0.0388240957868091	0.040662	0.026	1
AN_MEC_001	1439164800	3130_na	160281.28125	190267.203125	82533.4609375	0.0388240957868091	0.056475	0.0308	1
AN_MEC_001	1439164800	3140	160281.28125	190267.203125	82533.4609375	0.0388240957868091	0.056475	0.0308	1
AN_MEC_001	1441584000	3130_na	160281.28125	190267.203125	82533.4609375	0.0388240957868091	0.058734	0.0202	1
AN_MEC_001	1441584000	3140	160281.28125	190267.203125	82533.4609375	0.0388240957868091	0.058734	0.0202	1
AN_MEC_001	1444608000	3130_na	160281.28125	190267.203125	82533.4609375	0.0349416862081282	0.065511	0.02	1
AN_MEC_001	1444608000	3140	160281.28125	190267.203125	82533.4609375	0.0349416862081282	0.065511	0.02	1
AN_MEC_001	1447027200	3130_na	160281.28125	190267.203125	82533.4609375	0.0698833724162564	0.074547	0.02	1
AN_MEC_001	1447027200	3140	160281.28125	190267.203125	82533.4609375	0.0698833724162564	0.074547	0.02	1
AN_MEC_001	1449446400	3130_na	160281.28125	190267.203125	82533.4609375	0.489183606913795	0.072288	0.034	1
AN_MEC_001	1449446400	3140	160281.28125	190267.203125	82533.4609375	0.489183606913795	0.072288	0.034	1
AN_MEC_002	1497830400	3150	159857.703125	189617.53125	61.1664505004883	0.489183606913795	0.140058	0.378	1
AN_MEC_002	1499040000	3150	159857.703125	189617.53125	61.1664505004883	0.100942649045704	0.072288	0.2342	1
AN_MEC_002	1503360000	3150	159857.703125	189617.53125	61.1664505004883	2.29062165142174	0.214605	1.931	1
AN_MEC_002	1506297600	3150	159857.703125	189617.53125	61.1664505004883	0.147531563989875	0.237195	0.439	1
AN_MEC_002	1508198400	3150	159857.703125	189617.53125	61.1664505004883	4.6977155902039	0.304965	0.4272	1
AN_MEC_002	1511740800	3150	159857.703125	189617.53125	61.1664505004883	3.22239995030516	0.286893	0.25	1
AN_MEC_002	1513036800	3150	159857.703125	189617.53125	61.1664505004883	1.86355659776684	0.167166	0.1258	1
AN_MEC_002	1515369600	3150	159857.703125	189617.53125	61.1664505004883	1.25013588433525	0.137799	0.1391	1
AN_MEC_002	1517788800	3150	159857.703125	189617.53125	61.1664505004883	0.706598543319926	0.167166	0.066	1
AN_MEC_002	1521417600	3150	159857.703125	189617.53125	61.1664505004883	0.139766744832513	0.176202	0.033	1
AN_MEC_002	1523836800	3150	159857.703125	189617.53125	61.1664505004883	0.0388240957868091	0.058734	0.0383	1
AN_MEC_002	1527552000	3150	159857.703125	189617.53125	61.1664505004883	0.0698833724162564	0.11295	0.7801	1
AN_MEL_001	1398643200	3130_aom	191463.609375	220697.828125	275400.125	0.0776481915736183	0.040662	NA	1
AN_MEL_001	1398643200	3130_na	191463.609375	220697.828125	275400.125	0.0776481915736183	0.040662	NA	1
AN_MEL_001	1398643200	3140	191463.609375	220697.828125	275400.125	0.0776481915736183	0.040662	NA	1
AN_MEL_001	1402444800	3130_aom	191463.609375	220697.828125	275400.125	0.0776481915736183	0.02259	NA	1
AN_MEL_001	1402444800	3130_na	191463.609375	220697.828125	275400.125	0.0776481915736183	0.02259	NA	1
AN_MEL_001	1402444800	3140	191463.609375	220697.828125	275400.125	0.0776481915736183	0.02259	NA	1
AN_MEL_001	1405296000	3130_aom	191463.609375	220697.828125	275400.125	0.0776481915736183	0.02259	NA	1
AN_MEL_001	1405296000	3130_na	191463.609375	220697.828125	275400.125	0.0776481915736183	0.02259	NA	1
AN_MEL_001	1405296000	3140	191463.609375	220697.828125	275400.125	0.0776481915736183	0.02259	NA	1
AN_MEL_001	1407801600	3130_aom	191463.609375	220697.828125	275400.125	0.0776481915736183	0.02259	NA	1
AN_MEL_001	1407801600	3130_na	191463.609375	220697.828125	275400.125	0.0776481915736183	0.02259	NA	1
AN_MEL_001	1407801600	3140	191463.609375	220697.828125	275400.125	0.0776481915736183	0.02259	NA	1
AN_MEL_001	1410825600	3130_aom	191463.609375	220697.828125	275400.125	0.0776481915736183	0.02259	NA	1
AN_MEL_001	1410825600	3130_na	191463.609375	220697.828125	275400.125	0.0776481915736183	0.02259	NA	1
AN_MEL_001	1410825600	3140	191463.609375	220697.828125	275400.125	0.0776481915736183	0.02259	NA	1
AN_MEL_001	1413763200	3130_aom	191463.609375	220697.828125	275400.125	0.0776481915736183	0.106173	NA	1
AN_MEL_001	1413763200	3130_na	191463.609375	220697.828125	275400.125	0.0776481915736183	0.106173	NA	1
AN_MEL_001	1413763200	3140	191463.609375	220697.828125	275400.125	0.0776481915736183	0.106173	NA	1
AN_MOE_001	1465776000	3130_aom	187252.671875	232387.328125	524.855651855469	0.0465889149441709	0.074547	0.3827	1
AN_MOE_001	1465776000	3140	187252.671875	232387.328125	524.855651855469	0.0465889149441709	0.074547	0.3827	1
AN_MOE_001	1467676800	3130_aom	187252.671875	232387.328125	524.855651855469	0.72212818163465	0.02259	0.368	1
AN_MOE_001	1467676800	3140	187252.671875	232387.328125	524.855651855469	0.72212818163465	0.02259	0.368	1
AN_MOE_001	1471392000	3130_aom	187252.671875	232387.328125	524.855651855469	0.124237106517789	0.02259	0.0561	1
AN_MOE_001	1471392000	3140	187252.671875	232387.328125	524.855651855469	0.124237106517789	0.02259	0.0561	1
AN_MOE_001	1473724800	3130_aom	187252.671875	232387.328125	524.855651855469	0.0388240957868091	0.04518	0.0273	1
AN_MOE_001	1473724800	3140	187252.671875	232387.328125	524.855651855469	0.0388240957868091	0.04518	0.0273	1
AN_MOE_001	1476144000	3130_aom	187252.671875	232387.328125	524.855651855469	0.0388240957868091	0.047439	0.0249	1
AN_MOE_001	1476144000	3140	187252.671875	232387.328125	524.855651855469	0.0388240957868091	0.047439	0.0249	1
AN_MOE_001	1478563200	3130_aom	187252.671875	232387.328125	524.855651855469	0.0388240957868091	0.02259	0.023	1
AN_MOE_001	1478563200	3140	187252.671875	232387.328125	524.855651855469	0.0388240957868091	0.02259	0.023	1
AN_MOE_001	1480896000	3130_aom	187252.671875	232387.328125	524.855651855469	0.0388240957868091	0.04518	0.0278	1
AN_MOE_001	1480896000	3140	187252.671875	232387.328125	524.855651855469	0.0388240957868091	0.04518	0.0278	1
AN_MOE_001	1484524800	3130_aom	187252.671875	232387.328125	524.855651855469	0.0388240957868091	0.535383	0.0272	1
AN_MOE_001	1484524800	3140	187252.671875	232387.328125	524.855651855469	0.0388240957868091	0.535383	0.0272	1
AN_MOE_001	1486339200	3130_aom	187252.671875	232387.328125	524.855651855469	0.0388240957868091	0.02259	0.0291	1
AN_MOE_001	1486339200	3140	187252.671875	232387.328125	524.855651855469	0.0388240957868091	0.02259	0.0291	1
AN_MOE_001	1488758400	3130_aom	187252.671875	232387.328125	524.855651855469	0.0388240957868091	0.036144	0.0267	1
AN_MOE_001	1488758400	3140	187252.671875	232387.328125	524.855651855469	0.0388240957868091	0.036144	0.0267	1
AN_MOE_001	1492473600	3130_aom	187252.671875	232387.328125	524.855651855469	0.0388240957868091	0.038403	0.022	1
AN_MOE_001	1492473600	3140	187252.671875	232387.328125	524.855651855469	0.0388240957868091	0.038403	0.022	1
AN_MOE_001	1494201600	3130_aom	187252.671875	232387.328125	524.855651855469	0.0543537341015328	0.033885	0.02	1
AN_MOE_001	1494201600	3140	187252.671875	232387.328125	524.855651855469	0.0543537341015328	0.033885	0.02	1
AN_MOL_001	1399852800	3130_na	207932.875	212965.953125	1348825.75	0.0776481915736183	0.126504	NA	1
AN_MOL_001	1399852800	3140	207932.875	212965.953125	1348825.75	0.0776481915736183	0.126504	NA	1
AN_MOL_001	1399852800	3150	207932.875	212965.953125	1348825.75	0.0776481915736183	0.126504	NA	1
AN_MOL_001	1403481600	3130_na	207932.875	212965.953125	1348825.75	0.0776481915736183	0.02259	NA	1
AN_MOL_001	1403481600	3140	207932.875	212965.953125	1348825.75	0.0776481915736183	0.02259	NA	1
AN_MOL_001	1403481600	3150	207932.875	212965.953125	1348825.75	0.0776481915736183	0.02259	NA	1
AN_MOL_001	1404777600	3130_na	207932.875	212965.953125	1348825.75	0.0776481915736183	0.024849	NA	1
AN_MOL_001	1404777600	3140	207932.875	212965.953125	1348825.75	0.0776481915736183	0.024849	NA	1
AN_MOL_001	1404777600	3150	207932.875	212965.953125	1348825.75	0.0776481915736183	0.024849	NA	1
AN_MOL_001	1408320000	3130_na	207932.875	212965.953125	1348825.75	0.0776481915736183	0.049698	NA	1
AN_MOL_001	1408320000	3140	207932.875	212965.953125	1348825.75	0.0776481915736183	0.049698	NA	1
AN_MOL_001	1408320000	3150	207932.875	212965.953125	1348825.75	0.0776481915736183	0.049698	NA	1
AN_MOL_001	1410825600	3130_na	207932.875	212965.953125	1348825.75	0.0776481915736183	0.456318	NA	1
AN_MOL_001	1410825600	3140	207932.875	212965.953125	1348825.75	0.0776481915736183	0.456318	NA	1
AN_MOL_001	1410825600	3150	207932.875	212965.953125	1348825.75	0.0776481915736183	0.456318	NA	1
AN_MOL_001	1414972800	3130_na	207932.875	212965.953125	1348825.75	0.0776481915736183	0.063252	NA	1
AN_MOL_001	1414972800	3140	207932.875	212965.953125	1348825.75	0.0776481915736183	0.063252	NA	1
AN_MOL_001	1414972800	3150	207932.875	212965.953125	1348825.75	0.0776481915736183	0.063252	NA	1
AN_MOL_002	1399852800	3150	206216.78125	213576.984375	861700.3125	0.0776481915736183	1.24245	NA	1
AN_MOL_002	1403481600	3150	206216.78125	213576.984375	861700.3125	0.0776481915736183	0.998478	NA	1
AN_MOL_002	1404777600	3150	206216.78125	213576.984375	861700.3125	0.0776481915736183	0.749988	NA	1
AN_MOL_002	1408320000	3150	206216.78125	213576.984375	861700.3125	0.0776481915736183	0.472131	NA	1
AN_MOL_002	1410825600	3150	206216.78125	213576.984375	861700.3125	0.0776481915736183	0.027108	NA	1
AN_MOL_002	1414972800	3150	206216.78125	213576.984375	861700.3125	0.0776481915736183	0.765801	NA	1
AN_MOL_003	1464652800	3130_aom	207743.09375	214068.78125	10759.38671875	0.714363362477288	0.119727	0.0244	1
AN_MOL_003	1464652800	3140	207743.09375	214068.78125	10759.38671875	0.714363362477288	0.119727	0.0244	1
AN_MOL_003	1464652800	3160	207743.09375	214068.78125	10759.38671875	0.714363362477288	0.119727	0.0244	1
AN_MOL_003	1466985600	3130_aom	207743.09375	214068.78125	10759.38671875	0.326122404609197	0.051957	0.02	1
AN_MOL_003	1466985600	3140	207743.09375	214068.78125	10759.38671875	0.326122404609197	0.051957	0.02	1
AN_MOL_003	1466985600	3160	207743.09375	214068.78125	10759.38671875	0.326122404609197	0.051957	0.02	1
AN_MOL_003	1471305600	3130_aom	207743.09375	214068.78125	10759.38671875	0.34165204292392	0.038403	0.02	1
AN_MOL_003	1471305600	3140	207743.09375	214068.78125	10759.38671875	0.34165204292392	0.038403	0.02	1
AN_MOL_003	1471305600	3160	207743.09375	214068.78125	10759.38671875	0.34165204292392	0.038403	0.02	1
AN_MOL_003	1473724800	3130_aom	207743.09375	214068.78125	10759.38671875	0.652244809218393	0.040662	0.02	1
AN_MOL_003	1473724800	3140	207743.09375	214068.78125	10759.38671875	0.652244809218393	0.040662	0.02	1
AN_MOL_003	1473724800	3160	207743.09375	214068.78125	10759.38671875	0.652244809218393	0.040662	0.02	1
AN_MOL_003	1476144000	3130_aom	207743.09375	214068.78125	10759.38671875	1.17248769276164	0.131022	0.0249	1
AN_MOL_003	1476144000	3140	207743.09375	214068.78125	10759.38671875	1.17248769276164	0.131022	0.0249	1
AN_MOL_003	1476144000	3160	207743.09375	214068.78125	10759.38671875	1.17248769276164	0.131022	0.0249	1
AN_MOL_003	1478476800	3130_aom	207743.09375	214068.78125	10759.38671875	1.11036913950274	0.088101	0.0216	1
AN_MOL_003	1478476800	3140	207743.09375	214068.78125	10759.38671875	1.11036913950274	0.088101	0.0216	1
AN_MOL_003	1478476800	3160	207743.09375	214068.78125	10759.38671875	1.11036913950274	0.088101	0.0216	1
AN_MOL_003	1480377600	3130_aom	207743.09375	214068.78125	10759.38671875	0.947307937198143	0.085842	0.0243	1
AN_MOL_003	1480377600	3140	207743.09375	214068.78125	10759.38671875	0.947307937198143	0.085842	0.0243	1
AN_MOL_003	1480377600	3160	207743.09375	214068.78125	10759.38671875	0.947307937198143	0.085842	0.0243	1
AN_MOL_003	1483401600	3130_aom	207743.09375	214068.78125	10759.38671875	0.885189383939248	0.119727	0.02	1
AN_MOL_003	1483401600	3140	207743.09375	214068.78125	10759.38671875	0.885189383939248	0.119727	0.02	1
AN_MOL_003	1483401600	3160	207743.09375	214068.78125	10759.38671875	0.885189383939248	0.119727	0.02	1
AN_MOL_003	1485734400	3130_aom	207743.09375	214068.78125	10759.38671875	1.18801733107636	0.103914	0.024	1
AN_MOL_003	1485734400	3140	207743.09375	214068.78125	10759.38671875	1.18801733107636	0.103914	0.024	1
AN_MOL_003	1485734400	3160	207743.09375	214068.78125	10759.38671875	1.18801733107636	0.103914	0.024	1
AN_MOL_003	1489968000	3130_aom	207743.09375	214068.78125	10759.38671875	0.660009628375755	0.094878	0.02	1
AN_MOL_003	1489968000	3140	207743.09375	214068.78125	10759.38671875	0.660009628375755	0.094878	0.02	1
AN_MOL_003	1489968000	3160	207743.09375	214068.78125	10759.38671875	0.660009628375755	0.094878	0.02	1
AN_MOL_003	1491177600	3130_aom	207743.09375	214068.78125	10759.38671875	0.473653968599071	0.079065	0.02	1
AN_MOL_003	1491177600	3140	207743.09375	214068.78125	10759.38671875	0.473653968599071	0.079065	0.02	1
AN_MOL_003	1491177600	3160	207743.09375	214068.78125	10759.38671875	0.473653968599071	0.079065	0.02	1
AN_MOL_003	1494201600	3130_aom	207743.09375	214068.78125	10759.38671875	0.201885298091407	0.099396	0.02	1
AN_MOL_003	1494201600	3140	207743.09375	214068.78125	10759.38671875	0.201885298091407	0.099396	0.02	1
AN_MOL_003	1494201600	3160	207743.09375	214068.78125	10759.38671875	0.201885298091407	0.099396	0.02	1
AN_MOL_004	1465776000	3140	206365.078125	213583.859375	178094.6875	0.0388240957868091	1.271817	0.0255	1
AN_MOL_004	1467590400	3140	206365.078125	213583.859375	178094.6875	0.0388240957868091	1.183716	0.02	1
AN_MOL_004	1471305600	3140	206365.078125	213583.859375	178094.6875	0.0388240957868091	0.885528	0.02	1
AN_MOL_004	1473724800	3140	206365.078125	213583.859375	178094.6875	0.0388240957868091	0.580563	0.02	1
AN_MOL_004	1476144000	3140	206365.078125	213583.859375	178094.6875	0.0854130107309801	0.709326	0.02	1
AN_MOL_004	1478476800	3140	206365.078125	213583.859375	178094.6875	0.0621185532588946	0.612189	0.02	1
AN_MOL_004	1480377600	3140	206365.078125	213583.859375	178094.6875	0.17082602146196	0.58734	0.02	1
AN_MOL_004	1483401600	3140	206365.078125	213583.859375	178094.6875	0.248474213035578	0.777096	0.02	1
AN_MOL_004	1485734400	3140	206365.078125	213583.859375	178094.6875	0.147531563989875	0.616707	0.02	1
AN_MOL_004	1489968000	3140	206365.078125	213583.859375	178094.6875	0.0388240957868091	1.165644	0.02	1
AN_MOL_004	1492473600	3140	206365.078125	213583.859375	178094.6875	0.0388240957868091	1.384767	0.02	1
AN_MOL_004	1494201600	3140	206365.078125	213583.859375	178094.6875	0.0621185532588946	1.432206	0.02	1
AN_MOS_002	1528675200	3160	210933.6875	207812.171875	120.66185760498	0.0388240957868091	0.060993	0.0903	1
AN_MOS_002	1530489600	3160	210933.6875	207812.171875	120.66185760498	0.0388240957868091	0.072288	0.1141	1
AN_MOS_002	1545004800	3160	210933.6875	207812.171875	120.66185760498	0.55130216017269	0.399843	0.0491	1
AN_MUI_003	1464652800	3140	205654.8125	219027.34375	6542.91162109375	0.613420713431584	0.083583	0.0453	1
AN_MUI_003	1466985600	3140	205654.8125	219027.34375	6542.91162109375	0.0388240957868091	0.9036	0.0246	1
AN_MUI_003	1471305600	3140	205654.8125	219027.34375	6542.91162109375	0.124237106517789	0.02259	0.0576	1
AN_MUI_003	1473033600	3140	205654.8125	219027.34375	6542.91162109375	0.100942649045704	0.027108	0.02	1
AN_MUI_003	1475452800	3140	205654.8125	219027.34375	6542.91162109375	0.100942649045704	0.065511	0.0395	1
AN_MUI_003	1478476800	3140	205654.8125	219027.34375	6542.91162109375	0.186355659776684	0.56475	0.062	1
AN_MUI_003	1480377600	3140	205654.8125	219027.34375	6542.91162109375	0.46588914944171	0.108432	0.0445	1
AN_MUI_003	1483401600	3140	205654.8125	219027.34375	6542.91162109375	0.46588914944171	0.151353	0.0582	1
AN_MUI_003	1485734400	3140	205654.8125	219027.34375	6542.91162109375	0.846365288152439	0.047439	0.0425	1
AN_MUI_003	1489363200	3140	205654.8125	219027.34375	6542.91162109375	0.139766744832513	0.13554	0.02	1
AN_MUI_003	1491177600	3140	205654.8125	219027.34375	6542.91162109375	0.0854130107309801	0.049698	0.0276	1
AN_MUI_003	1494201600	3140	205654.8125	219027.34375	6542.91162109375	0.0388240957868091	0.04518	0.02	1
AN_NEE_001	1528761600	3130_aom	189736.484375	208326.03125	432.417785644531	0.0388240957868091	0.047439	0.0583	1
AN_NEE_001	1535328000	3130_aom	189736.484375	208326.03125	432.417785644531	4.72101004767599	0.121986	1.6795	1
AN_NEE_001	1537747200	3130_aom	189736.484375	208326.03125	432.417785644531	1.32001925675151	0.036144	0.1344	1
AN_NEE_001	1540166400	3130_aom	189736.484375	208326.03125	432.417785644531	9.80696659574799	0.070029	0.1062	1
AN_NEE_001	1543276800	3130_aom	189736.484375	208326.03125	432.417785644531	2.28285683226438	0.038403	0.0616	1
AN_NEE_001	1545091200	3130_aom	189736.484375	208326.03125	432.417785644531	0.0388240957868091	0.033885	0.3486	1
AN_NOL_001	1432598400	3160	154543.8125	234652.890625	33305.09375	0.0388240957868091	0.02259	0.0539	1
AN_NOL_001	1434326400	3160	154543.8125	234652.890625	33305.09375	0.0465889149441709	0.047439	0.047	1
AN_NOL_001	1435622400	3160	154543.8125	234652.890625	33305.09375	0.100942649045704	0.083583	0.0841	1
AN_NOL_001	1437955200	3160	154543.8125	234652.890625	33305.09375	0.0388240957868091	0.027108	0.092	1
AN_NOL_001	1440374400	3160	154543.8125	234652.890625	33305.09375	0.0543537341015328	0.070029	0.0687	1
AN_NOL_001	1442793600	3160	154543.8125	234652.890625	33305.09375	0.450359511126986	0.09036	0.1263	1
AN_NOL_001	1445817600	3160	154543.8125	234652.890625	33305.09375	0.745422639106735	0.124245	0.18	1
AN_NOL_001	1448236800	3160	154543.8125	234652.890625	33305.09375	2.43815321541161	0.155871	0.164	1
AN_NOL_001	1451952000	3160	154543.8125	234652.890625	33305.09375	1.32778407590887	0.207828	0.0441	1
AN_NOL_001	1454284800	3160	154543.8125	234652.890625	33305.09375	0.132001925675151	0.187497	0.0452	1
AN_NOL_001	1456704000	3160	154543.8125	234652.890625	33305.09375	0.0698833724162564	0.182979	0.0358	1
AN_NOL_001	1459814400	3160	154543.8125	234652.890625	33305.09375	0.0465889149441709	0.13554	0.048	1
AN_NOL_001	1462233600	3160	154543.8125	234652.890625	33305.09375	0.0388240957868091	0.02259	0.0354	1
AN_NOL_002	1497916800	3130_aom	156176.421875	234608.671875	32164.80078125	0.0465889149441709	0.038403	0.02	1
AN_NOL_002	1497916800	3160	156176.421875	234608.671875	32164.80078125	0.0465889149441709	0.038403	0.02	1
AN_NOL_002	1499817600	3130_aom	156176.421875	234608.671875	32164.80078125	0.0621185532588946	0.031626	0.02	1
AN_NOL_002	1499817600	3160	156176.421875	234608.671875	32164.80078125	0.0621185532588946	0.031626	0.02	1
AN_NOL_002	1501545600	3130_aom	156176.421875	234608.671875	32164.80078125	0.0388240957868091	0.029367	0.02	1
AN_NOL_002	1501545600	3160	156176.421875	234608.671875	32164.80078125	0.0388240957868091	0.029367	0.02	1
AN_NOL_002	1505174400	3130_aom	156176.421875	234608.671875	32164.80078125	0.0388240957868091	0.038403	0.02	1
AN_NOL_002	1505174400	3160	156176.421875	234608.671875	32164.80078125	0.0388240957868091	0.038403	0.02	1
AN_NOL_002	1507593600	3130_aom	156176.421875	234608.671875	32164.80078125	0.0388240957868091	0.04518	0.02	1
AN_NOL_002	1507593600	3160	156176.421875	234608.671875	32164.80078125	0.0388240957868091	0.04518	0.02	1
AN_NOL_002	1510012800	3130_aom	156176.421875	234608.671875	32164.80078125	0.0388240957868091	0.072288	0.02	1
AN_NOL_002	1510012800	3160	156176.421875	234608.671875	32164.80078125	0.0388240957868091	0.072288	0.02	1
AN_NOL_002	1512432000	3130_aom	156176.421875	234608.671875	32164.80078125	0.0465889149441709	0.176202	0.02	1
AN_NOL_002	1512432000	3160	156176.421875	234608.671875	32164.80078125	0.0465889149441709	0.176202	0.02	1
AN_NOL_002	1514937600	3130_aom	156176.421875	234608.671875	32164.80078125	0.0388240957868091	0.298188	0.02	1
AN_NOL_002	1514937600	3160	156176.421875	234608.671875	32164.80078125	0.0388240957868091	0.298188	0.02	1
AN_NOL_002	1517875200	3130_aom	156176.421875	234608.671875	32164.80078125	0.0388240957868091	0.221382	0.02	1
AN_NOL_002	1517875200	3160	156176.421875	234608.671875	32164.80078125	0.0388240957868091	0.221382	0.02	1
AN_NOL_002	1521504000	3130_aom	156176.421875	234608.671875	32164.80078125	0.0388240957868091	0.060993	0.02	1
AN_NOL_002	1521504000	3160	156176.421875	234608.671875	32164.80078125	0.0388240957868091	0.060993	0.02	1
AN_NOL_002	1523318400	3130_aom	156176.421875	234608.671875	32164.80078125	0.0388240957868091	0.029367	0.02	1
AN_NOL_002	1523318400	3160	156176.421875	234608.671875	32164.80078125	0.0388240957868091	0.029367	0.02	1
AN_NOL_002	1527033600	3130_aom	156176.421875	234608.671875	32164.80078125	0.0388240957868091	0.033885	0.02	1
AN_NOL_002	1527033600	3160	156176.421875	234608.671875	32164.80078125	0.0388240957868091	0.033885	0.02	1
AN_NOL_003	1528675200	3160	154351.375	234226.8125	3135.93505859375	0.590126255959499	0.221382	0.02	1
AN_NOL_003	1532304000	3160	154351.375	234226.8125	3135.93505859375	0.0543537341015328	0.088101	0.02	1
AN_NOL_003	1534723200	3160	154351.375	234226.8125	3135.93505859375	0.318357585451835	0.155871	0.02	1
AN_NOL_003	1536624000	3160	154351.375	234226.8125	3135.93505859375	0.186355659776684	0.110691	0.1014	1
AN_NOL_003	1539561600	3160	154351.375	234226.8125	3135.93505859375	0.349416862081282	0.121986	0.02	1
AN_NOL_003	1542672000	3160	154351.375	234226.8125	3135.93505859375	0.706598543319926	0.063252	0.0582	1
AN_NOL_003	1543881600	3160	154351.375	234226.8125	3135.93505859375	0.574596617644775	0.083583	0.0581	1
AN_OLB_002	1528761600	3130_aom	185390.484375	208939.421875	118.193450927734	0.0698833724162564	0.101655	0.1015	1
AN_OLB_002	1543276800	3130_aom	185390.484375	208939.421875	118.193450927734	0.0388240957868091	0.02259	0.0388	1
AN_OLB_002	1545091200	3130_aom	185390.484375	208939.421875	118.193450927734	0.0543537341015328	0.04518	0.045	1
AN_OLB_003	1528761600	3130_aom	185396.3125	208982.015625	1321.77319335938	0.116472287360427	0.149094	0.0933	1
AN_OLB_003	1545091200	3130_aom	185396.3125	208982.015625	1321.77319335938	0.0388240957868091	0.036144	0.0363	1
AN_PUL_001	1466380800	3130_na	174230.90625	212262.296875	81542.234375	0.0388240957868091	0.201051	0.0732	1
AN_PUL_001	1466380800	3150	174230.90625	212262.296875	81542.234375	0.0388240957868091	0.201051	0.0732	1
AN_PUL_001	1470096000	3130_na	174230.90625	212262.296875	81542.234375	0.240709393878217	0.02259	0.1014	1
AN_PUL_001	1470096000	3150	174230.90625	212262.296875	81542.234375	0.240709393878217	0.02259	0.1014	1
AN_PUL_001	1472515200	3130_na	174230.90625	212262.296875	81542.234375	0.0388240957868091	0.02259	0.0448	1
AN_PUL_001	1472515200	3150	174230.90625	212262.296875	81542.234375	0.0388240957868091	0.02259	0.0448	1
AN_PUL_001	1475452800	3130_na	174230.90625	212262.296875	81542.234375	0.0388240957868091	0.024849	0.0565	1
AN_PUL_001	1475452800	3150	174230.90625	212262.296875	81542.234375	0.0388240957868091	0.024849	0.0565	1
AN_PUL_001	1477267200	3130_na	174230.90625	212262.296875	81542.234375	0.17082602146196	0.221382	0.0365	1
AN_PUL_001	1477267200	3150	174230.90625	212262.296875	81542.234375	0.17082602146196	0.221382	0.0365	1
AN_PUL_001	1479772800	3130_na	174230.90625	212262.296875	81542.234375	0.520242883543242	0.503757	0.058	1
AN_PUL_001	1479772800	3150	174230.90625	212262.296875	81542.234375	0.520242883543242	0.503757	0.058	1
AN_PUL_001	1480982400	3130_na	174230.90625	212262.296875	81542.234375	0.458124330284348	0.343368	0.0402	1
AN_PUL_001	1480982400	3150	174230.90625	212262.296875	81542.234375	0.458124330284348	0.343368	0.0402	1
AN_PUL_001	1484611200	3130_na	174230.90625	212262.296875	81542.234375	0.46588914944171	0.555714	0.0689	1
AN_PUL_001	1484611200	3150	174230.90625	212262.296875	81542.234375	0.46588914944171	0.555714	0.0689	1
AN_PUL_001	1487548800	3130_na	174230.90625	212262.296875	81542.234375	0.0388240957868091	0.02259	0.0906	1
AN_PUL_001	1487548800	3150	174230.90625	212262.296875	81542.234375	0.0388240957868091	0.02259	0.0906	1
AN_PUL_001	1489968000	3130_na	174230.90625	212262.296875	81542.234375	0.0388240957868091	0.036144	0.0342	1
AN_PUL_001	1489968000	3150	174230.90625	212262.296875	81542.234375	0.0388240957868091	0.036144	0.0342	1
AN_PUL_001	1492992000	3130_na	174230.90625	212262.296875	81542.234375	0.0388240957868091	0.033885	0.058	1
AN_PUL_001	1492992000	3150	174230.90625	212262.296875	81542.234375	0.0388240957868091	0.033885	0.058	1
AN_PUL_001	1496016000	3130_na	174230.90625	212262.296875	81542.234375	0.0931778298883419	0.253008	0.05	1
AN_PUL_001	1496016000	3150	174230.90625	212262.296875	81542.234375	0.0931778298883419	0.253008	0.05	1
AN_PUL_002	1466380800	3150	174393.28125	212493.8125	1386.63562011719	0.0388240957868091	0.081324	0.0349	1
AN_PUL_002	1470096000	3150	174393.28125	212493.8125	1386.63562011719	0.201885298091407	0.02259	0.0471	1
AN_PUL_002	1472515200	3150	174393.28125	212493.8125	1386.63562011719	0.0388240957868091	0.02259	0.0408	1
AN_PUL_002	1475452800	3150	174393.28125	212493.8125	1386.63562011719	0.0388240957868091	0.02259	0.0588	1
AN_PUL_002	1477267200	3150	174393.28125	212493.8125	1386.63562011719	0.0388240957868091	0.024849	0.0361	1
AN_PUL_002	1479772800	3150	174393.28125	212493.8125	1386.63562011719	0.0388240957868091	0.033885	0.0663	1
AN_PUL_002	1480982400	3150	174393.28125	212493.8125	1386.63562011719	0.0388240957868091	0.033885	0.032	1
AN_PUL_002	1484611200	3150	174393.28125	212493.8125	1386.63562011719	0.0388240957868091	0.036144	0.0426	1
AN_PUL_002	1487548800	3150	174393.28125	212493.8125	1386.63562011719	0.0388240957868091	0.024849	0.0454	1
AN_PUL_002	1489968000	3150	174393.28125	212493.8125	1386.63562011719	0.0388240957868091	0.06777	0.0205	1
AN_PUL_002	1492992000	3150	174393.28125	212493.8125	1386.63562011719	0.0388240957868091	0.031626	0.049	1
AN_PUL_002	1496016000	3150	174393.28125	212493.8125	1386.63562011719	0.0543537341015328	0.108432	0.047	1
AN_PUL_003	1497916800	3130_na	174466.25	212543.515625	49166.2578125	0.0388240957868091	0.04518	0.028	1
AN_PUL_003	1497916800	3150	174466.25	212543.515625	49166.2578125	0.0388240957868091	0.04518	0.028	1
AN_PUL_003	1499817600	3130_na	174466.25	212543.515625	49166.2578125	0.178590840619322	0.031626	0.037	1
AN_PUL_003	1499817600	3150	174466.25	212543.515625	49166.2578125	0.178590840619322	0.031626	0.037	1
AN_PUL_003	1501459200	3130_na	174466.25	212543.515625	49166.2578125	0.0388240957868091	0.029367	0.0279	1
AN_PUL_003	1501459200	3150	174466.25	212543.515625	49166.2578125	0.0388240957868091	0.029367	0.0279	1
AN_PUL_003	1506384000	3130_na	174466.25	212543.515625	49166.2578125	0.0388240957868091	0.040662	0.033	1
AN_PUL_003	1506384000	3150	174466.25	212543.515625	49166.2578125	0.0388240957868091	0.040662	0.033	1
AN_PUL_003	1508112000	3130_na	174466.25	212543.515625	49166.2578125	0.0621185532588946	0.074547	0.0373	1
AN_PUL_003	1508112000	3150	174466.25	212543.515625	49166.2578125	0.0621185532588946	0.074547	0.0373	1
AN_PUL_003	1511740800	3130_na	174466.25	212543.515625	49166.2578125	0.0698833724162564	0.063252	0.037	1
AN_PUL_003	1511740800	3150	174466.25	212543.515625	49166.2578125	0.0698833724162564	0.063252	0.037	1
AN_PUL_003	1515974400	3130_na	174466.25	212543.515625	49166.2578125	0.264003851350302	0.09036	0.043	1
AN_PUL_003	1515974400	3150	174466.25	212543.515625	49166.2578125	0.264003851350302	0.09036	0.043	1
AN_PUL_003	1518998400	3130_na	174466.25	212543.515625	49166.2578125	0.0388240957868091	0.099396	0.046	1
AN_PUL_003	1518998400	3150	174466.25	212543.515625	49166.2578125	0.0388240957868091	0.099396	0.046	1
AN_PUL_003	1521417600	3130_na	174466.25	212543.515625	49166.2578125	0.0388240957868091	0.054216	0.066	1
AN_PUL_003	1521417600	3150	174466.25	212543.515625	49166.2578125	0.0388240957868091	0.054216	0.066	1
AN_PUL_003	1524441600	3130_na	174466.25	212543.515625	49166.2578125	0.0388240957868091	0.049698	0.0575	1
AN_PUL_003	1524441600	3150	174466.25	212543.515625	49166.2578125	0.0388240957868091	0.049698	0.0575	1
AN_PUL_003	1527552000	3130_na	174466.25	212543.515625	49166.2578125	0.0388240957868091	0.027108	0.0473	1
AN_PUL_003	1527552000	3150	174466.25	212543.515625	49166.2578125	0.0388240957868091	0.027108	0.0473	1
AN_RAV_001	1497225600	3130_aom	196947.40625	229738.203125	5451.9853515625	0.0931778298883419	0.124245	0.0343	1
AN_RAV_001	1497225600	3160	196947.40625	229738.203125	5451.9853515625	0.0931778298883419	0.124245	0.0343	1
AN_RAV_001	1499126400	3130_aom	196947.40625	229738.203125	5451.9853515625	0.0465889149441709	0.101655	0.0269	1
AN_RAV_001	1499126400	3160	196947.40625	229738.203125	5451.9853515625	0.0465889149441709	0.101655	0.0269	1
AN_RAV_001	1501459200	3130_aom	196947.40625	229738.203125	5451.9853515625	0.0621185532588946	0.081324	0.0306	1
AN_RAV_001	1501459200	3160	196947.40625	229738.203125	5451.9853515625	0.0621185532588946	0.081324	0.0306	1
AN_RAV_001	1506384000	3130_aom	196947.40625	229738.203125	5451.9853515625	0.0388240957868091	0.042921	0.02	1
AN_RAV_001	1506384000	3160	196947.40625	229738.203125	5451.9853515625	0.0388240957868091	0.042921	0.02	1
AN_RAV_001	1508112000	3130_aom	196947.40625	229738.203125	5451.9853515625	0.0388240957868091	0.033885	0.02	1
AN_RAV_001	1508112000	3160	196947.40625	229738.203125	5451.9853515625	0.0388240957868091	0.033885	0.02	1
AN_RAV_001	1511222400	3130_aom	196947.40625	229738.203125	5451.9853515625	0.0388240957868091	0.051957	0.02	1
AN_RAV_001	1511222400	3160	196947.40625	229738.203125	5451.9853515625	0.0388240957868091	0.051957	0.02	1
AN_RAV_001	1512950400	3130_aom	196947.40625	229738.203125	5451.9853515625	0.0388240957868091	0.740952	0.02	1
AN_RAV_001	1512950400	3160	196947.40625	229738.203125	5451.9853515625	0.0388240957868091	0.740952	0.02	1
AN_RAV_001	1515456000	3130_aom	196947.40625	229738.203125	5451.9853515625	0.4270650536549	0.257526	0.0267	1
AN_RAV_001	1515456000	3160	196947.40625	229738.203125	5451.9853515625	0.4270650536549	0.257526	0.0267	1
AN_RAV_001	1517270400	3130_aom	196947.40625	229738.203125	5451.9853515625	0.364946500396006	0.187497	0.02	1
AN_RAV_001	1517270400	3160	196947.40625	229738.203125	5451.9853515625	0.364946500396006	0.187497	0.02	1
AN_RAV_001	1520294400	3130_aom	196947.40625	229738.203125	5451.9853515625	0.0698833724162564	0.295929	0.02	1
AN_RAV_001	1520294400	3160	196947.40625	229738.203125	5451.9853515625	0.0698833724162564	0.295929	0.02	1
AN_RAV_001	1523232000	3130_aom	196947.40625	229738.203125	5451.9853515625	0.124237106517789	0.101655	0.02	1
AN_RAV_001	1523232000	3160	196947.40625	229738.203125	5451.9853515625	0.124237106517789	0.101655	0.02	1
AN_RAV_001	1526342400	3130_aom	196947.40625	229738.203125	5451.9853515625	0.132001925675151	0.121986	0.02	1
AN_RAV_001	1526342400	3160	196947.40625	229738.203125	5451.9853515625	0.132001925675151	0.121986	0.02	1
AN_RAV_002	1497225600	3130_aom	198847.484375	231074.75	2163.51318359375	0.0388240957868091	0.04518	0.1634	1
AN_RAV_002	1499126400	3130_aom	198847.484375	231074.75	2163.51318359375	0.0388240957868091	0.049698	0.0948	1
AN_RAV_002	1501459200	3130_aom	198847.484375	231074.75	2163.51318359375	0.0543537341015328	0.076806	0.1748	1
AN_RAV_002	1506384000	3130_aom	198847.484375	231074.75	2163.51318359375	0.124237106517789	0.182979	0.143	1
AN_RAV_002	1508112000	3130_aom	198847.484375	231074.75	2163.51318359375	0.116472287360427	0.365958	0.0587	1
AN_RAV_002	1511222400	3130_aom	198847.484375	231074.75	2163.51318359375	0.0621185532588946	0.795168	0.0641	1
AN_RAV_002	1512950400	3130_aom	198847.484375	231074.75	2163.51318359375	0.17082602146196	1.484163	0.0613	1
AN_RAV_002	1515456000	3130_aom	198847.484375	231074.75	2163.51318359375	0.100942649045704	2.132496	0.0829	1
AN_RAV_002	1517270400	3130_aom	198847.484375	231074.75	2163.51318359375	0.0388240957868091	2.498454	0.053	1
AN_RAV_002	1520294400	3130_aom	198847.484375	231074.75	2163.51318359375	0.0388240957868091	2.550411	0.059	1
AN_RAV_002	1523232000	3130_aom	198847.484375	231074.75	2163.51318359375	0.0698833724162564	1.960812	0.034	1
AN_RAV_002	1526342400	3130_aom	198847.484375	231074.75	2163.51318359375	0.0698833724162564	0.13554	0.0716	1
AN_RAV_003	1497225600	3130_aom	197895.15625	234855.765625	11572.732421875	0.0388240957868091	0.049698	0.2119	1
AN_RAV_003	1499126400	3130_aom	197895.15625	234855.765625	11572.732421875	0.0388240957868091	0.031626	0.1652	1
AN_RAV_003	1501459200	3130_aom	197895.15625	234855.765625	11572.732421875	0.496948426071157	0.058734	0.3508	1
AN_RAV_003	1506384000	3130_aom	197895.15625	234855.765625	11572.732421875	2.88074790738124	0.189756	0.185	1
AN_RAV_003	1508112000	3130_aom	197895.15625	234855.765625	11572.732421875	4.34829872812262	0.094878	0.1165	1
AN_RAV_003	1511222400	3130_aom	197895.15625	234855.765625	11572.732421875	3.20687031199043	0.149094	0.165	1
AN_RAV_003	1512950400	3130_aom	197895.15625	234855.765625	11572.732421875	1.98779370428463	0.702549	0.0676	1
AN_RAV_003	1515456000	3130_aom	197895.15625	234855.765625	11572.732421875	0.295063127979749	5.358348	0.0908	1
AN_RAV_003	1517270400	3130_aom	197895.15625	234855.765625	11572.732421875	0.279533489665026	4.213035	0.049	1
AN_RAV_003	1520294400	3130_aom	197895.15625	234855.765625	11572.732421875	0.108707468203066	3.395277	0.066	1
AN_RAV_003	1523232000	3130_aom	197895.15625	234855.765625	11572.732421875	0.0543537341015328	3.225852	0.087	1
AN_RAV_003	1526342400	3130_aom	197895.15625	234855.765625	11572.732421875	1.42872672495458	0.289152	0.1683	1
AN_RAV_004	1528761600	3130_aom	197218.609375	229494.015625	10270.66015625	1.95673442765518	0.164907	0.0368	1
AN_RAV_004	1528761600	3160	197218.609375	229494.015625	10270.66015625	1.95673442765518	0.164907	0.0368	1
AN_RAV_004	1545091200	3130_aom	197218.609375	229494.015625	10270.66015625	1.29672479927942	6.594021	0.02	1
AN_RAV_004	1545091200	3160	197218.609375	229494.015625	10270.66015625	1.29672479927942	6.594021	0.02	1
AN_RET_001	1401148800	3140	196301.609375	212819.609375	50997.6796875	0.0776481915736183	0.029367	NA	1
AN_RET_001	1402876800	3140	196301.609375	212819.609375	50997.6796875	0.0776481915736183	0.027108	NA	1
AN_RET_001	1404777600	3140	196301.609375	212819.609375	50997.6796875	0.108707468203066	0.047439	NA	1
AN_RET_001	1408406400	3140	196301.609375	212819.609375	50997.6796875	0.0776481915736183	0.070029	NA	1
AN_RET_001	1411344000	3140	196301.609375	212819.609375	50997.6796875	0.0776481915736183	0.074547	NA	1
AN_RET_001	1414454400	3140	196301.609375	212819.609375	50997.6796875	0.186355659776684	0.176202	NA	1
AN_RIN_001	1528675200	3130_aom	164801.796875	219100.90625	10436.681640625	0.0388240957868091	0.02259	0.0229	1
AN_RIN_001	1532304000	3130_aom	164801.796875	219100.90625	10436.681640625	0.0465889149441709	0.02259	0.02	1
AN_RIN_001	1534723200	3130_aom	164801.796875	219100.90625	10436.681640625	0.0388240957868091	0.024849	0.02	1
AN_RIN_001	1536624000	3130_aom	164801.796875	219100.90625	10436.681640625	0.0388240957868091	0.036144	0.0379	1
AN_RIN_001	1539561600	3130_aom	164801.796875	219100.90625	10436.681640625	0.116472287360427	0.042921	0.02	1
AN_RIN_001	1542672000	3130_aom	164801.796875	219100.90625	10436.681640625	0.163061202304598	0.02259	0.02	1
AN_RIN_001	1543881600	3130_aom	164801.796875	219100.90625	10436.681640625	0.0388240957868091	0.027108	0.02	1
AN_RPT_001	1399852800	3130_aom	205404.9375	220199.015625	30224.51171875	0.0776481915736183	0.024849	NA	1
AN_RPT_001	1402444800	3130_aom	205404.9375	220199.015625	30224.51171875	0.0776481915736183	0.02259	NA	1
AN_RPT_001	1405296000	3130_aom	205404.9375	220199.015625	30224.51171875	0.0776481915736183	0.02259	NA	1
AN_RPT_001	1407801600	3130_aom	205404.9375	220199.015625	30224.51171875	0.0776481915736183	0.02259	NA	1
AN_RPT_001	1410825600	3130_aom	205404.9375	220199.015625	30224.51171875	0.0776481915736183	0.027108	NA	1
AN_RPT_001	1416182400	3130_aom	205404.9375	220199.015625	30224.51171875	0.0776481915736183	0.031626	NA	1
AN_RPT_002	1399852800	3130_aom	204866.515625	219958.25	158478.46875	0.0776481915736183	0.02259	NA	1
AN_RPT_002	1399852800	3130_na	204866.515625	219958.25	158478.46875	0.0776481915736183	0.02259	NA	1
AN_RPT_002	1402444800	3130_aom	204866.515625	219958.25	158478.46875	0.0776481915736183	0.024849	NA	1
AN_RPT_002	1402444800	3130_na	204866.515625	219958.25	158478.46875	0.0776481915736183	0.024849	NA	1
AN_RPT_002	1405296000	3130_aom	204866.515625	219958.25	158478.46875	0.0776481915736183	0.02259	NA	1
AN_RPT_002	1405296000	3130_na	204866.515625	219958.25	158478.46875	0.0776481915736183	0.02259	NA	1
AN_RPT_002	1407801600	3130_aom	204866.515625	219958.25	158478.46875	0.0776481915736183	0.02259	NA	1
AN_RPT_002	1407801600	3130_na	204866.515625	219958.25	158478.46875	0.0776481915736183	0.02259	NA	1
AN_RPT_002	1410825600	3130_aom	204866.515625	219958.25	158478.46875	0.0776481915736183	0.02259	NA	1
AN_RPT_002	1410825600	3130_na	204866.515625	219958.25	158478.46875	0.0776481915736183	0.02259	NA	1
AN_RPT_002	1416182400	3130_aom	204866.515625	219958.25	158478.46875	0.0776481915736183	0.02259	NA	1
AN_RPT_002	1416182400	3130_na	204866.515625	219958.25	158478.46875	0.0776481915736183	0.02259	NA	1
AN_RPT_003	1464652800	3130_aom	204634.71875	220535.078125	50866.88671875	0.0543537341015328	0.033885	0.0543	1
AN_RPT_003	1464652800	3130_na	204634.71875	220535.078125	50866.88671875	0.0543537341015328	0.033885	0.0543	1
AN_RPT_003	1466985600	3130_aom	204634.71875	220535.078125	50866.88671875	0.0388240957868091	0.04518	0.0238	1
AN_RPT_003	1466985600	3130_na	204634.71875	220535.078125	50866.88671875	0.0388240957868091	0.04518	0.0238	1
AN_RPT_003	1471305600	3130_aom	204634.71875	220535.078125	50866.88671875	0.0854130107309801	0.02259	0.0413	1
AN_RPT_003	1471305600	3130_na	204634.71875	220535.078125	50866.88671875	0.0854130107309801	0.02259	0.0413	1
AN_RPT_003	1473033600	3130_aom	204634.71875	220535.078125	50866.88671875	0.0388240957868091	0.02259	0.0517	1
AN_RPT_003	1473033600	3130_na	204634.71875	220535.078125	50866.88671875	0.0388240957868091	0.02259	0.0517	1
AN_RPT_003	1475452800	3130_aom	204634.71875	220535.078125	50866.88671875	0.0388240957868091	0.060993	0.027	1
AN_RPT_003	1475452800	3130_na	204634.71875	220535.078125	50866.88671875	0.0388240957868091	0.060993	0.027	1
AN_RPT_003	1478476800	3130_aom	204634.71875	220535.078125	50866.88671875	0.0388240957868091	0.02259	0.0215	1
AN_RPT_003	1478476800	3130_na	204634.71875	220535.078125	50866.88671875	0.0388240957868091	0.02259	0.0215	1
AN_RPT_003	1480377600	3130_aom	204634.71875	220535.078125	50866.88671875	0.0388240957868091	0.054216	0.02	1
AN_RPT_003	1480377600	3130_na	204634.71875	220535.078125	50866.88671875	0.0388240957868091	0.054216	0.02	1
AN_RPT_003	1483401600	3130_aom	204634.71875	220535.078125	50866.88671875	0.0388240957868091	0.126504	0.0253	1
AN_RPT_003	1483401600	3130_na	204634.71875	220535.078125	50866.88671875	0.0388240957868091	0.126504	0.0253	1
AN_RPT_003	1485734400	3130_aom	204634.71875	220535.078125	50866.88671875	0.0931778298883419	0.033885	0.02	1
AN_RPT_003	1485734400	3130_na	204634.71875	220535.078125	50866.88671875	0.0931778298883419	0.033885	0.02	1
AN_RPT_003	1489363200	3130_aom	204634.71875	220535.078125	50866.88671875	0.0388240957868091	0.040662	0.02	1
AN_RPT_003	1489363200	3130_na	204634.71875	220535.078125	50866.88671875	0.0388240957868091	0.040662	0.02	1
AN_RPT_003	1491177600	3130_aom	204634.71875	220535.078125	50866.88671875	0.0388240957868091	0.040662	0.02	1
AN_RPT_003	1491177600	3130_na	204634.71875	220535.078125	50866.88671875	0.0388240957868091	0.040662	0.02	1
AN_RPT_003	1494201600	3130_aom	204634.71875	220535.078125	50866.88671875	0.0388240957868091	0.056475	0.02	1
AN_RPT_003	1494201600	3130_na	204634.71875	220535.078125	50866.88671875	0.0388240957868091	0.056475	0.02	1
AN_RPT_004	1464652800	3130_na	203896.390625	220622.234375	8273.2734375	1.31225443759415	0.085842	0.4537	1
AN_RPT_004	1466985600	3130_na	203896.390625	220622.234375	8273.2734375	0.0388240957868091	0.912636	0.0302	1
AN_RPT_004	1471305600	3130_na	203896.390625	220622.234375	8273.2734375	0.0621185532588946	0.02259	0.0392	1
AN_RPT_004	1473033600	3130_na	203896.390625	220622.234375	8273.2734375	0.0388240957868091	0.02259	0.02	1
AN_RPT_004	1475452800	3130_na	203896.390625	220622.234375	8273.2734375	0.0388240957868091	0.033885	0.03	1
AN_RPT_004	1478476800	3130_na	203896.390625	220622.234375	8273.2734375	0.100942649045704	0.042921	0.0642	1
AN_RPT_004	1480377600	3130_na	203896.390625	220622.234375	8273.2734375	0.0388240957868091	0.042921	0.0508	1
AN_RPT_004	1483401600	3130_na	203896.390625	220622.234375	8273.2734375	0.0388240957868091	0.085842	0.0782	1
AN_RPT_004	1485734400	3130_na	203896.390625	220622.234375	8273.2734375	0.0388240957868091	0.056475	0.0357	1
AN_RPT_004	1489363200	3130_na	203896.390625	220622.234375	8273.2734375	0.0621185532588946	0.099396	0.0236	1
AN_RPT_004	1491177600	3130_na	203896.390625	220622.234375	8273.2734375	0.0698833724162564	0.151353	0.0201	1
AN_RPT_004	1494201600	3130_na	203896.390625	220622.234375	8273.2734375	0.0543537341015328	0.085842	0.035	1
AN_RPT_005	1497312000	3140	204255.671875	221296.28125	2540.80444335938	0.108707468203066	0.063252	0.053	1
AN_RPT_005	1497312000	3150	204255.671875	221296.28125	2540.80444335938	0.108707468203066	0.063252	0.053	1
AN_RPT_005	1499126400	3140	204255.671875	221296.28125	2540.80444335938	0.163061202304598	0.033885	0.0443	1
AN_RPT_005	1499126400	3150	204255.671875	221296.28125	2540.80444335938	0.163061202304598	0.033885	0.0443	1
AN_RPT_005	1501459200	3140	204255.671875	221296.28125	2540.80444335938	0.17082602146196	0.038403	0.0339	1
AN_RPT_005	1501459200	3150	204255.671875	221296.28125	2540.80444335938	0.17082602146196	0.038403	0.0339	1
AN_RPT_005	1506384000	3140	204255.671875	221296.28125	2540.80444335938	0.0698833724162564	0.065511	0.032	1
AN_RPT_005	1506384000	3150	204255.671875	221296.28125	2540.80444335938	0.0698833724162564	0.065511	0.032	1
AN_RPT_005	1508112000	3140	204255.671875	221296.28125	2540.80444335938	0.0854130107309801	0.051957	0.0301	1
AN_RPT_005	1508112000	3150	204255.671875	221296.28125	2540.80444335938	0.0854130107309801	0.051957	0.0301	1
AN_RPT_005	1511222400	3140	204255.671875	221296.28125	2540.80444335938	0.0543537341015328	0.029367	0.0753	1
AN_RPT_005	1511222400	3150	204255.671875	221296.28125	2540.80444335938	0.0543537341015328	0.029367	0.0753	1
AN_RPT_005	1513555200	3140	204255.671875	221296.28125	2540.80444335938	0.0931778298883419	0.083583	0.1069	1
AN_RPT_005	1513555200	3150	204255.671875	221296.28125	2540.80444335938	0.0931778298883419	0.083583	0.1069	1
AN_RPT_005	1515974400	3140	204255.671875	221296.28125	2540.80444335938	0.0621185532588946	0.051957	0.054	1
AN_RPT_005	1515974400	3150	204255.671875	221296.28125	2540.80444335938	0.0621185532588946	0.051957	0.054	1
AN_RPT_005	1518393600	3140	204255.671875	221296.28125	2540.80444335938	0.0465889149441709	0.042921	0.0313	1
AN_RPT_005	1518393600	3150	204255.671875	221296.28125	2540.80444335938	0.0465889149441709	0.042921	0.0313	1
AN_RPT_005	1522022400	3140	204255.671875	221296.28125	2540.80444335938	0.0388240957868091	0.049698	0.029	1
AN_RPT_005	1522022400	3150	204255.671875	221296.28125	2540.80444335938	0.0388240957868091	0.049698	0.029	1
AN_RPT_005	1524441600	3140	204255.671875	221296.28125	2540.80444335938	0.0388240957868091	0.051957	0.0755	1
AN_RPT_005	1524441600	3150	204255.671875	221296.28125	2540.80444335938	0.0388240957868091	0.051957	0.0755	1
AN_RPT_005	1526342400	3140	204255.671875	221296.28125	2540.80444335938	0.0388240957868091	0.024849	0.0325	1
AN_RPT_005	1526342400	3150	204255.671875	221296.28125	2540.80444335938	0.0388240957868091	0.024849	0.0325	1
AN_RVS_002	1433808000	3130_na	173364.0625	226086.953125	31322.822265625	0.0388240957868091	0.047439	0.024	1
AN_RVS_002	1437350400	3130_na	173364.0625	226086.953125	31322.822265625	0.0388240957868091	0.02259	0.022	1
AN_RVS_002	1439251200	3130_na	173364.0625	226086.953125	31322.822265625	0.0388240957868091	0.054216	0.0366	1
AN_RVS_002	1441584000	3130_na	173364.0625	226086.953125	31322.822265625	0.0543537341015328	0.058734	0.041	1
AN_RVS_002	1445212800	3130_na	173364.0625	226086.953125	31322.822265625	0.139766744832513	0.056475	0.04	1
AN_RVS_002	1447027200	3130_na	173364.0625	226086.953125	31322.822265625	0.225179755563493	0.056475	0.0369	1
AN_RVS_002	1449446400	3130_na	173364.0625	226086.953125	31322.822265625	0.473653968599071	0.074547	0.024	1
AN_RVS_002	1453075200	3130_na	173364.0625	226086.953125	31322.822265625	0.947307937198143	0.928449	0.0331	1
AN_RVS_002	1455580800	3130_na	173364.0625	226086.953125	31322.822265625	0.846365288152439	0.149094	0.0424	1
AN_RVS_002	1457913600	3130_na	173364.0625	226086.953125	31322.822265625	0.729893000792011	0.219123	0.0424	1
AN_RVS_002	1461024000	3130_na	173364.0625	226086.953125	31322.822265625	0.380476138710729	0.162648	0.0387	1
AN_RVS_002	1463961600	3130_na	173364.0625	226086.953125	31322.822265625	0.302827947137111	0.167166	0.0475	1
AN_SEL_002	1465862400	3150	197976.546875	207155.109375	921.009948730469	0.124237106517789	0.06777	0.6329	1
AN_SEL_002	1467590400	3150	197976.546875	207155.109375	921.009948730469	0.46588914944171	0.02259	1.1836	1
AN_SEL_002	1472515200	3150	197976.546875	207155.109375	921.009948730469	1.68496575714752	0.02259	2.5912	1
AN_SEL_002	1474934400	3150	197976.546875	207155.109375	921.009948730469	2.09650117248769	0.02259	2.2447	1
AN_SEL_002	1477267200	3150	197976.546875	207155.109375	921.009948730469	1.59178792725917	0.033885	1.0052	1
AN_SEL_002	1479772800	3150	197976.546875	207155.109375	921.009948730469	2.40709393878217	0.070029	1.8905	1
AN_SEL_002	1480982400	3150	197976.546875	207155.109375	921.009948730469	3.43981488671129	0.088101	1.3894	1
AN_SEL_002	1484611200	3150	197976.546875	207155.109375	921.009948730469	2.05767707670088	0.273339	1.5495	1
AN_SEL_002	1487548800	3150	197976.546875	207155.109375	921.009948730469	0.0388240957868091	0.051957	0.711	1
AN_SEL_002	1489968000	3150	197976.546875	207155.109375	921.009948730469	2.91957200316805	0.110691	1.439	1
AN_SEL_002	1492992000	3150	197976.546875	207155.109375	921.009948730469	0.0776481915736183	0.117468	0.366	1
AN_SEL_002	1496016000	3150	197976.546875	207155.109375	921.009948730469	0.232944574720855	0.212346	1.823	1
AN_SLH_001	1433808000	3130_na	174907.171875	228560.8125	4515.62158203125	0.163061202304598	0.162648	1.93	1
AN_SLH_001	1437350400	3130_na	174907.171875	228560.8125	4515.62158203125	2.25179755563493	4.529295	3.419	1
AN_SLH_001	1439251200	3130_na	174907.171875	228560.8125	4515.62158203125	6.56903700712811	0.295929	4.4035	1
AN_SLH_001	1441584000	3130_na	174907.171875	228560.8125	4515.62158203125	1.87908623608156	0.189756	1.6518	1
AN_SLH_001	1445212800	3130_na	174907.171875	228560.8125	4515.62158203125	5.21795847374715	0.18072	2	1
AN_SLH_001	1447027200	3130_na	174907.171875	228560.8125	4515.62158203125	8.85189383939248	0.237195	2.7667	1
AN_SLH_001	1449446400	3130_na	174907.171875	228560.8125	4515.62158203125	4.37159318559471	0.395325	1.311	1
AN_SNE_001	1401148800	3160	185553.640625	210055.796875	2440.833984375	0.108707468203066	0.074547	NA	1
AN_SNE_001	1402963200	3160	185553.640625	210055.796875	2440.833984375	0.0776481915736183	0.054216	NA	1
AN_SNE_001	1405987200	3160	185553.640625	210055.796875	2440.833984375	0.124237106517789	0.038403	NA	1
AN_SNE_001	1408924800	3160	185553.640625	210055.796875	2440.833984375	0.0776481915736183	0.063252	NA	1
AN_SNE_001	1411430400	3160	185553.640625	210055.796875	2440.833984375	0.0776481915736183	0.081324	NA	1
AN_SNE_001	1416182400	3160	185553.640625	210055.796875	2440.833984375	0.116472287360427	0.063252	NA	1
AN_SNE_003	1433203200	3130_aom	185651.765625	209855.03125	7898.44091796875	0.0621185532588946	0.072288	0.098	1
AN_SNE_003	1433203200	3160	185651.765625	209855.03125	7898.44091796875	0.0621185532588946	0.072288	0.098	1
AN_SNE_003	1435536000	3130_aom	185651.765625	209855.03125	7898.44091796875	1.98779370428463	0.085842	0.1068	1
AN_SNE_003	1435536000	3160	185651.765625	209855.03125	7898.44091796875	1.98779370428463	0.085842	0.1068	1
AN_SNE_003	1444089600	3130_aom	185651.765625	209855.03125	7898.44091796875	1.83249732113739	0.076806	0.05	1
AN_SNE_003	1444089600	3160	185651.765625	209855.03125	7898.44091796875	1.83249732113739	0.076806	0.05	1
AN_SNE_003	1446595200	3130_aom	185651.765625	209855.03125	7898.44091796875	0.861894926467163	0.02259	0.04	1
AN_SNE_003	1446595200	3160	185651.765625	209855.03125	7898.44091796875	0.861894926467163	0.02259	0.04	1
AN_SNE_003	1448928000	3130_aom	185651.765625	209855.03125	7898.44091796875	0.380476138710729	0.106173	0.02	1
AN_SNE_003	1448928000	3160	185651.765625	209855.03125	7898.44091796875	0.380476138710729	0.106173	0.02	1
AN_SNE_003	1452556800	3130_aom	185651.765625	209855.03125	7898.44091796875	0.163061202304598	0.097137	0.0206	1
AN_SNE_003	1452556800	3160	185651.765625	209855.03125	7898.44091796875	0.163061202304598	0.097137	0.0206	1
AN_SNE_003	1455580800	3130_aom	185651.765625	209855.03125	7898.44091796875	0.473653968599071	0.173943	0.0406	1
AN_SNE_003	1455580800	3160	185651.765625	209855.03125	7898.44091796875	0.473653968599071	0.173943	0.0406	1
AN_SNE_003	1457395200	3130_aom	185651.765625	209855.03125	7898.44091796875	0.419300234497539	0.099396	0.129	1
AN_SNE_003	1457395200	3160	185651.765625	209855.03125	7898.44091796875	0.419300234497539	0.099396	0.129	1
AN_SNE_003	1460419200	3130_aom	185651.765625	209855.03125	7898.44091796875	0.0465889149441709	0.063252	0.0218	1
AN_SNE_003	1460419200	3160	185651.765625	209855.03125	7898.44091796875	0.0465889149441709	0.063252	0.0218	1
AN_SNE_003	1462838400	3130_aom	185651.765625	209855.03125	7898.44091796875	0.0931778298883419	0.081324	0.0263	1
AN_SNE_003	1462838400	3160	185651.765625	209855.03125	7898.44091796875	0.0931778298883419	0.081324	0.0263	1
AN_SNE_004	1465171200	3130_aom	185748.234375	209981.59375	579.374938964844	0.0931778298883419	0.09036	0.0368	1
AN_SNE_004	1465171200	3160	185748.234375	209981.59375	579.374938964844	0.0931778298883419	0.09036	0.0368	1
AN_SNE_004	1470009600	3130_aom	185748.234375	209981.59375	579.374938964844	0.194120478934046	0.02259	0.0286	1
AN_SNE_004	1470009600	3160	185748.234375	209981.59375	579.374938964844	0.194120478934046	0.02259	0.0286	1
AN_SNE_004	1471910400	3130_aom	185748.234375	209981.59375	579.374938964844	0.0388240957868091	0.02259	0.0542	1
AN_SNE_004	1471910400	3160	185748.234375	209981.59375	579.374938964844	0.0388240957868091	0.02259	0.0542	1
AN_SNE_004	1473638400	3130_aom	185748.234375	209981.59375	579.374938964844	0.0388240957868091	0.02259	0.0295	1
AN_SNE_004	1473638400	3160	185748.234375	209981.59375	579.374938964844	0.0388240957868091	0.02259	0.0295	1
AN_SNE_004	1476748800	3130_aom	185748.234375	209981.59375	579.374938964844	1.13366359697483	0.11295	0.0899	1
AN_SNE_004	1476748800	3160	185748.234375	209981.59375	579.374938964844	1.13366359697483	0.11295	0.0899	1
AN_SNE_004	1479772800	3130_aom	185748.234375	209981.59375	579.374938964844	1.52190455484292	0.2259	0.052	1
AN_SNE_004	1479772800	3160	185748.234375	209981.59375	579.374938964844	1.52190455484292	0.2259	0.052	1
AN_SNE_004	1480896000	3130_aom	185748.234375	209981.59375	579.374938964844	1.66167129967543	0.063252	0.0583	1
AN_SNE_004	1480896000	3160	185748.234375	209981.59375	579.374938964844	1.66167129967543	0.063252	0.0583	1
AN_SNE_004	1484006400	3130_aom	185748.234375	209981.59375	579.374938964844	1.67720093799015	0.092619	0.02	1
AN_SNE_004	1484006400	3160	185748.234375	209981.59375	579.374938964844	1.67720093799015	0.092619	0.02	1
AN_SNE_004	1486425600	3130_aom	185748.234375	209981.59375	579.374938964844	1.33554889506623	0.097137	0.02	1
AN_SNE_004	1486425600	3160	185748.234375	209981.59375	579.374938964844	1.33554889506623	0.097137	0.02	1
AN_SNE_004	1488240000	3130_aom	185748.234375	209981.59375	579.374938964844	0.908483841411333	0.074547	0.02	1
AN_SNE_004	1488240000	3160	185748.234375	209981.59375	579.374938964844	0.908483841411333	0.074547	0.02	1
AN_SNE_004	1491782400	3130_aom	185748.234375	209981.59375	579.374938964844	0.0388240957868091	0.031626	0.02	1
AN_SNE_004	1491782400	3160	185748.234375	209981.59375	579.374938964844	0.0388240957868091	0.031626	0.02	1
AN_SNE_004	1494806400	3130_aom	185748.234375	209981.59375	579.374938964844	0.0465889149441709	0.063252	0.02	1
AN_SNE_004	1494806400	3160	185748.234375	209981.59375	579.374938964844	0.0465889149441709	0.063252	0.02	1
AN_SNE_006	1465171200	3130_aom	185869.75	210130.984375	38714.21875	0.287298308822388	0.182979	0.0309	1
AN_SNE_006	1470009600	3130_aom	185869.75	210130.984375	38714.21875	0.861894926467163	0.02259	0.0887	1
AN_SNE_006	1471910400	3130_aom	185869.75	210130.984375	38714.21875	0.0388240957868091	0.02259	0.0334	1
AN_SNE_006	1473638400	3130_aom	185869.75	210130.984375	38714.21875	0.0388240957868091	0.02259	0.0829	1
AN_SNE_006	1476748800	3130_aom	185869.75	210130.984375	38714.21875	0.675539266690479	0.058734	0.1127	1
AN_SNE_006	1479772800	3130_aom	185869.75	210130.984375	38714.21875	0.753187458264097	0.153612	0.0736	1
AN_SNE_006	1480896000	3130_aom	185869.75	210130.984375	38714.21875	0.869659745624525	0.115209	0.035	1
AN_SNE_006	1484006400	3130_aom	185869.75	210130.984375	38714.21875	0.597891075116861	0.219123	0.02	1
AN_SNE_006	1486425600	3130_aom	185869.75	210130.984375	38714.21875	0.714363362477288	0.099396	0.02	1
AN_SNE_006	1488240000	3130_aom	185869.75	210130.984375	38714.21875	0.388240957868091	0.081324	0.02	1
AN_SNE_006	1491782400	3130_aom	185869.75	210130.984375	38714.21875	0.0388240957868091	0.070029	0.028	1
AN_SNE_006	1494806400	3130_aom	185869.75	210130.984375	38714.21875	0.0621185532588946	0.099396	0.084	1
AN_SNE_007	1465862400	3160	186110.734375	210354.484375	2553.14575195312	0.0388240957868091	0.060993	0.0315	1
AN_SNE_007	1470009600	3160	186110.734375	210354.484375	2553.14575195312	0.108707468203066	0.02259	0.0422	1
AN_SNE_007	1471910400	3160	186110.734375	210354.484375	2553.14575195312	0.201885298091407	0.02259	0.1493	1
AN_SNE_007	1473638400	3160	186110.734375	210354.484375	2553.14575195312	0.0388240957868091	0.02259	0.0363	1
AN_SNE_007	1476748800	3160	186110.734375	210354.484375	2553.14575195312	1.74708431040641	4.547367	0.0362	1
AN_SNE_007	1479772800	3160	186110.734375	210354.484375	2553.14575195312	0.667774447533117	0.411138	0.02	1
AN_SNE_007	1480896000	3160	186110.734375	210354.484375	2553.14575195312	0.760952277421459	0.612189	0.02	1
AN_SNE_007	1484006400	3160	186110.734375	210354.484375	2553.14575195312	0.411535415340177	0.133281	0.02	1
AN_SNE_007	1486425600	3160	186110.734375	210354.484375	2553.14575195312	0.0543537341015328	0.076806	0.02	1
AN_SNE_007	1488240000	3160	186110.734375	210354.484375	2553.14575195312	0.0543537341015328	0.09036	0.02	1
AN_SNE_007	1491782400	3160	186110.734375	210354.484375	2553.14575195312	0.0388240957868091	0.060993	0.02	1
AN_SNE_007	1494806400	3160	186110.734375	210354.484375	2553.14575195312	0.0465889149441709	0.063252	0.023	1
AN_SNE_008	1465862400	3130_aom	185267.609375	211178	73035.09375	0.396005777025453	0.198792	0.3279	1
AN_SNE_008	1470009600	3130_aom	185267.609375	211178	73035.09375	0.217414936406131	0.02259	0.0687	1
AN_SNE_008	1471910400	3130_aom	185267.609375	211178	73035.09375	0.0388240957868091	0.02259	0.1344	1
AN_SNE_008	1473638400	3130_aom	185267.609375	211178	73035.09375	0.0465889149441709	0.02259	0.0665	1
AN_SNE_008	1476748800	3130_aom	185267.609375	211178	73035.09375	0.0388240957868091	0.047439	0.116	1
AN_SNE_008	1479772800	3130_aom	185267.609375	211178	73035.09375	0.116472287360427	0.196533	0.1213	1
AN_SNE_008	1480896000	3130_aom	185267.609375	211178	73035.09375	0.108707468203066	0.18072	0.0865	1
AN_SNE_008	1484006400	3130_aom	185267.609375	211178	73035.09375	0.0931778298883419	0.160389	0.0623	1
AN_SNE_008	1486425600	3130_aom	185267.609375	211178	73035.09375	0.0854130107309801	0.167166	0.1216	1
AN_SNE_008	1488240000	3130_aom	185267.609375	211178	73035.09375	0.0854130107309801	0.341109	0.1416	1
AN_SNE_008	1491782400	3130_aom	185267.609375	211178	73035.09375	0.116472287360427	0.171684	0.121	1
AN_SNE_008	1494806400	3130_aom	185267.609375	211178	73035.09375	1.56072865062973	0.15813	0.241	1
AN_SPB_001	1466467200	3130_aom	195349.96875	203717.34375	668.326232910156	0.0776481915736183	0.126504	0.02	1
AN_SPB_001	1470096000	3130_aom	195349.96875	203717.34375	668.326232910156	0.357181681238644	0.02259	0.251	1
AN_SPB_001	1472515200	3130_aom	195349.96875	203717.34375	668.326232910156	0.0388240957868091	0.02259	0.1916	1
AN_SPB_001	1474934400	3130_aom	195349.96875	203717.34375	668.326232910156	0.0776481915736183	0.02259	0.1671	1
AN_SPB_001	1477267200	3130_aom	195349.96875	203717.34375	668.326232910156	0.0388240957868091	0.02259	0.0728	1
AN_SPB_001	1479772800	3130_aom	195349.96875	203717.34375	668.326232910156	0.0621185532588946	0.06777	0.1533	1
AN_SPB_001	1484611200	3130_aom	195349.96875	203717.34375	668.326232910156	0.0388240957868091	0.029367	0.1355	1
AN_SPB_001	1487548800	3130_aom	195349.96875	203717.34375	668.326232910156	0.0388240957868091	0.058734	0.126	1
AN_SPB_001	1489968000	3130_aom	195349.96875	203717.34375	668.326232910156	0.0388240957868091	0.058734	0.0478	1
AN_SPB_001	1492992000	3130_aom	195349.96875	203717.34375	668.326232910156	0.0388240957868091	0.054216	0.051	1
AN_SPB_001	1496016000	3130_aom	195349.96875	203717.34375	668.326232910156	0.0698833724162564	0.09036	0.087	1
AN_SPB_002	1528675200	3130_aom	195632.703125	203718.34375	554.794982910156	0.0465889149441709	0.085842	0.1399	1
AN_SPB_002	1530489600	3130_aom	195632.703125	203718.34375	554.794982910156	0.0621185532588946	0.09036	0.0334	1
AN_SPB_002	1533513600	3130_aom	195632.703125	203718.34375	554.794982910156	0.0388240957868091	0.085842	0.1416	1
AN_SPB_002	1537747200	3130_aom	195632.703125	203718.34375	554.794982910156	0.0388240957868091	0.083583	0.09	1
AN_SPB_002	1540252800	3130_aom	195632.703125	203718.34375	554.794982910156	0.100942649045704	0.18072	0.1428	1
AN_SPB_002	1542585600	3130_aom	195632.703125	203718.34375	554.794982910156	0.116472287360427	0.036144	0.0479	1
AN_SPB_002	1545004800	3130_aom	195632.703125	203718.34375	554.794982910156	0.0388240957868091	0.040662	0.0288	1
AN_STB_001	1498521600	3150	166546.0625	205004.484375	107.689247131348	0.0543537341015328	0.079065	0.277	1
AN_STB_001	1500940800	3150	166546.0625	205004.484375	107.689247131348	0.0388240957868091	0.033885	0.054	1
AN_STB_001	1503273600	3150	166546.0625	205004.484375	107.689247131348	0.0388240957868091	0.042921	0.178	1
AN_STB_001	1506297600	3150	166546.0625	205004.484375	107.689247131348	0.0388240957868091	0.04518	0.056	1
AN_STB_001	1507507200	3150	166546.0625	205004.484375	107.689247131348	0.0388240957868091	0.063252	0.0684	1
AN_STB_001	1511136000	3150	166546.0625	205004.484375	107.689247131348	0.0388240957868091	0.070029	0.0889	1
AN_STB_001	1515974400	3150	166546.0625	205004.484375	107.689247131348	0.155296383147237	0.133281	2.342	1
AN_STB_001	1518998400	3150	166546.0625	205004.484375	107.689247131348	0.0388240957868091	0.09036	0.7721	1
AN_STB_001	1521417600	3150	166546.0625	205004.484375	107.689247131348	0.0388240957868091	0.295929	0.915	1
AN_STB_001	1524441600	3150	166546.0625	205004.484375	107.689247131348	0.0698833724162564	0.142317	0.625	1
AN_STB_001	1527552000	3150	166546.0625	205004.484375	107.689247131348	0.0388240957868091	0.02259	0.473	1
AN_TIE_002	1435017600	3130_aom	187864.375	217436.09375	79191.90625	0.0388240957868091	0.02259	0.02	1
AN_TIE_002	1435017600	3160	187864.375	217436.09375	79191.90625	0.0388240957868091	0.02259	0.02	1
AN_TIE_002	1436918400	3130_aom	187864.375	217436.09375	79191.90625	0.0388240957868091	0.02259	0.03	1
AN_TIE_002	1436918400	3160	187864.375	217436.09375	79191.90625	0.0388240957868091	0.02259	0.03	1
AN_TIE_002	1439856000	3130_aom	187864.375	217436.09375	79191.90625	0.0388240957868091	0.056475	0.1103	1
AN_TIE_002	1439856000	3160	187864.375	217436.09375	79191.90625	0.0388240957868091	0.056475	0.1103	1
AN_TIE_002	1442275200	3130_aom	187864.375	217436.09375	79191.90625	0.0388240957868091	0.027108	0.0533	1
AN_TIE_002	1442275200	3160	187864.375	217436.09375	79191.90625	0.0388240957868091	0.027108	0.0533	1
AN_TIE_002	1445299200	3130_aom	187864.375	217436.09375	79191.90625	0.0621185532588946	0.063252	0.05	1
AN_TIE_002	1445299200	3160	187864.375	217436.09375	79191.90625	0.0621185532588946	0.063252	0.05	1
AN_TIE_002	1447718400	3130_aom	187864.375	217436.09375	79191.90625	0.349416862081282	0.108432	0.058	1
AN_TIE_002	1447718400	3160	187864.375	217436.09375	79191.90625	0.349416862081282	0.108432	0.058	1
AN_TIE_002	1450137600	3130_aom	187864.375	217436.09375	79191.90625	0.683304085847841	0.110691	0.0379	1
AN_TIE_002	1450137600	3160	187864.375	217436.09375	79191.90625	0.683304085847841	0.110691	0.0379	1
AN_TIE_002	1453680000	3130_aom	187864.375	217436.09375	79191.90625	0.543537341015328	1.192752	0.0219	1
AN_TIE_002	1453680000	3160	187864.375	217436.09375	79191.90625	0.543537341015328	1.192752	0.0219	1
AN_TIE_002	1456185600	3130_aom	187864.375	217436.09375	79191.90625	0.232944574720855	0.119727	0.025	1
AN_TIE_002	1456185600	3160	187864.375	217436.09375	79191.90625	0.232944574720855	0.119727	0.025	1
AN_TIE_002	1459728000	3130_aom	187864.375	217436.09375	79191.90625	0.209650117248769	0.178461	0.0321	1
AN_TIE_002	1459728000	3160	187864.375	217436.09375	79191.90625	0.209650117248769	0.178461	0.0321	1
AN_TIE_002	1461628800	3130_aom	187864.375	217436.09375	79191.90625	0.124237106517789	0.167166	0.0248	1
AN_TIE_002	1461628800	3160	187864.375	217436.09375	79191.90625	0.124237106517789	0.167166	0.0248	1
AN_TIE_002	1464048000	3130_aom	187864.375	217436.09375	79191.90625	0.100942649045704	0.033885	0.0339	1
AN_TIE_002	1464048000	3160	187864.375	217436.09375	79191.90625	0.100942649045704	0.033885	0.0339	1
AN_TIE_003	1435017600	3130_aom	187909.21875	216935.625	20852.447265625	0.0543537341015328	0.024849	0.02	1
AN_TIE_003	1435017600	3160	187909.21875	216935.625	20852.447265625	0.0543537341015328	0.024849	0.02	1
AN_TIE_003	1436918400	3130_aom	187909.21875	216935.625	20852.447265625	0.108707468203066	0.070029	0.045	1
AN_TIE_003	1436918400	3160	187909.21875	216935.625	20852.447265625	0.108707468203066	0.070029	0.045	1
AN_TIE_003	1439856000	3130_aom	187909.21875	216935.625	20852.447265625	0.0388240957868091	0.063252	0.0515	1
AN_TIE_003	1439856000	3160	187909.21875	216935.625	20852.447265625	0.0388240957868091	0.063252	0.0515	1
AN_TIE_003	1442275200	3130_aom	187909.21875	216935.625	20852.447265625	0.0465889149441709	0.042921	0.041	1
AN_TIE_003	1442275200	3160	187909.21875	216935.625	20852.447265625	0.0465889149441709	0.042921	0.041	1
AN_TIE_003	1445299200	3130_aom	187909.21875	216935.625	20852.447265625	0.0388240957868091	0.031626	0.03	1
AN_TIE_003	1445299200	3160	187909.21875	216935.625	20852.447265625	0.0388240957868091	0.031626	0.03	1
AN_TIE_003	1447718400	3130_aom	187909.21875	216935.625	20852.447265625	0.0388240957868091	0.040662	0.04	1
AN_TIE_003	1447718400	3160	187909.21875	216935.625	20852.447265625	0.0388240957868091	0.040662	0.04	1
AN_TIE_003	1450137600	3130_aom	187909.21875	216935.625	20852.447265625	0.0388240957868091	0.029367	0.0263	1
AN_TIE_003	1450137600	3160	187909.21875	216935.625	20852.447265625	0.0388240957868091	0.029367	0.0263	1
AN_TIE_003	1453680000	3130_aom	187909.21875	216935.625	20852.447265625	0.0388240957868091	1.06173	0.0384	1
AN_TIE_003	1453680000	3160	187909.21875	216935.625	20852.447265625	0.0388240957868091	1.06173	0.0384	1
AN_TIE_003	1456185600	3130_aom	187909.21875	216935.625	20852.447265625	0.0621185532588946	0.049698	0.0353	1
AN_TIE_003	1456185600	3160	187909.21875	216935.625	20852.447265625	0.0621185532588946	0.049698	0.0353	1
AN_TIE_003	1459728000	3130_aom	187909.21875	216935.625	20852.447265625	0.0543537341015328	0.2259	0.0312	1
AN_TIE_003	1459728000	3160	187909.21875	216935.625	20852.447265625	0.0543537341015328	0.2259	0.0312	1
AN_TIE_003	1461628800	3130_aom	187909.21875	216935.625	20852.447265625	0.0388240957868091	0.02259	0.0256	1
AN_TIE_003	1461628800	3160	187909.21875	216935.625	20852.447265625	0.0388240957868091	0.02259	0.0256	1
AN_TIE_003	1464048000	3130_aom	187909.21875	216935.625	20852.447265625	0.0621185532588946	0.02259	0.0282	1
AN_TIE_003	1464048000	3160	187909.21875	216935.625	20852.447265625	0.0621185532588946	0.02259	0.0282	1
AN_TIE_004	1465171200	3150	188692.015625	216845.25	253.505813598633	0.0698833724162564	0.094878	0.0426	1
AN_TIE_004	1467676800	3150	188692.015625	216845.25	253.505813598633	0.0388240957868091	0.02259	0.0716	1
AN_TIE_004	1471392000	3150	188692.015625	216845.25	253.505813598633	0.0543537341015328	0.024849	0.0659	1
AN_TIE_004	1473638400	3150	188692.015625	216845.25	253.505813598633	0.0388240957868091	0.02259	0.094	1
AN_TIE_004	1475452800	3150	188692.015625	216845.25	253.505813598633	0.0388240957868091	0.02259	0.1533	1
AN_TIE_004	1478563200	3150	188692.015625	216845.25	253.505813598633	0.0543537341015328	0.02259	0.0632	1
AN_TIE_004	1480377600	3150	188692.015625	216845.25	253.505813598633	0.0388240957868091	0.063252	0.0747	1
AN_TIE_004	1484524800	3150	188692.015625	216845.25	253.505813598633	0.0388240957868091	0.056475	0.1355	1
AN_TIE_004	1487635200	3150	188692.015625	216845.25	253.505813598633	0.0388240957868091	0.033885	0.0641	1
AN_TIE_004	1489363200	3150	188692.015625	216845.25	253.505813598633	0.0388240957868091	0.02259	0.0294	1
AN_TIE_004	1491264000	3150	188692.015625	216845.25	253.505813598633	0.0621185532588946	0.09036	0.0351	1
AN_TIE_004	1494288000	3150	188692.015625	216845.25	253.505813598633	0.116472287360427	0.246231	0.135	1
AN_TIE_005	1465171200	3130_na	188947.40625	217006.171875	3121.56958007812	0.0388240957868091	0.094878	0.0471	1
AN_TIE_005	1465171200	3150	188947.40625	217006.171875	3121.56958007812	0.0388240957868091	0.094878	0.0471	1
AN_TIE_005	1467676800	3130_na	188947.40625	217006.171875	3121.56958007812	0.0931778298883419	0.02259	0.1004	1
AN_TIE_005	1467676800	3150	188947.40625	217006.171875	3121.56958007812	0.0931778298883419	0.02259	0.1004	1
AN_TIE_005	1471392000	3130_na	188947.40625	217006.171875	3121.56958007812	0.0854130107309801	0.02259	0.093	1
AN_TIE_005	1471392000	3150	188947.40625	217006.171875	3121.56958007812	0.0854130107309801	0.02259	0.093	1
AN_TIE_005	1473638400	3130_na	188947.40625	217006.171875	3121.56958007812	0.0388240957868091	0.02259	0.2392	1
AN_TIE_005	1473638400	3150	188947.40625	217006.171875	3121.56958007812	0.0388240957868091	0.02259	0.2392	1
AN_TIE_005	1475452800	3130_na	188947.40625	217006.171875	3121.56958007812	0.0698833724162564	0.029367	0.0719	1
AN_TIE_005	1475452800	3150	188947.40625	217006.171875	3121.56958007812	0.0698833724162564	0.029367	0.0719	1
AN_TIE_005	1478563200	3130_na	188947.40625	217006.171875	3121.56958007812	0.0621185532588946	0.02259	0.0401	1
AN_TIE_005	1478563200	3150	188947.40625	217006.171875	3121.56958007812	0.0621185532588946	0.02259	0.0401	1
AN_TIE_005	1480377600	3130_na	188947.40625	217006.171875	3121.56958007812	0.0388240957868091	0.036144	0.0294	1
AN_TIE_005	1480377600	3150	188947.40625	217006.171875	3121.56958007812	0.0388240957868091	0.036144	0.0294	1
AN_TIE_005	1484524800	3130_na	188947.40625	217006.171875	3121.56958007812	0.248474213035578	0.176202	0.046	1
AN_TIE_005	1484524800	3150	188947.40625	217006.171875	3121.56958007812	0.248474213035578	0.176202	0.046	1
AN_TIE_005	1487635200	3130_na	188947.40625	217006.171875	3121.56958007812	0.0388240957868091	0.024849	0.0611	1
AN_TIE_005	1487635200	3150	188947.40625	217006.171875	3121.56958007812	0.0388240957868091	0.024849	0.0611	1
AN_TIE_005	1489363200	3130_na	188947.40625	217006.171875	3121.56958007812	0.0388240957868091	0.036144	0.0239	1
AN_TIE_005	1489363200	3150	188947.40625	217006.171875	3121.56958007812	0.0388240957868091	0.036144	0.0239	1
AN_TIE_005	1491264000	3130_na	188947.40625	217006.171875	3121.56958007812	0.0621185532588946	0.056475	0.0317	1
AN_TIE_005	1491264000	3150	188947.40625	217006.171875	3121.56958007812	0.0621185532588946	0.056475	0.0317	1
AN_TIE_005	1494288000	3130_na	188947.40625	217006.171875	3121.56958007812	0.0465889149441709	0.040662	0.032	1
AN_TIE_005	1494288000	3150	188947.40625	217006.171875	3121.56958007812	0.0465889149441709	0.040662	0.032	1
AN_TIE_006	1498435200	3130_aom	188364.328125	217601.96875	1184.70959472656	0.0543537341015328	0.049698	0.033	1
AN_TIE_006	1499817600	3130_aom	188364.328125	217601.96875	1184.70959472656	1.66943611883279	0.131022	0.1054	1
AN_TIE_006	1508716800	3130_aom	188364.328125	217601.96875	1184.70959472656	0.0621185532588946	0.079065	0.02	1
AN_TIE_006	1511222400	3130_aom	188364.328125	217601.96875	1184.70959472656	0.100942649045704	0.103914	0.02	1
AN_TIE_006	1513555200	3130_aom	188364.328125	217601.96875	1184.70959472656	0.0388240957868091	0.070029	0.0308	1
AN_TIE_006	1515456000	3130_aom	188364.328125	217601.96875	1184.70959472656	0.0388240957868091	0.031626	0.0237	1
AN_TIE_006	1517270400	3130_aom	188364.328125	217601.96875	1184.70959472656	0.0388240957868091	0.042921	0.02	1
AN_TIE_006	1518998400	3130_aom	188364.328125	217601.96875	1184.70959472656	0.0698833724162564	0.04518	0.02	1
AN_TIE_006	1523232000	3130_aom	188364.328125	217601.96875	1184.70959472656	0.0388240957868091	0.056475	0.02	1
AN_TIE_006	1527033600	3130_aom	188364.328125	217601.96875	1184.70959472656	0.0388240957868091	0.040662	0.02	1
AN_TIE_007	1528761600	3130_aom	188151.3125	217474.984375	21134.984375	0.0388240957868091	0.051957	0.02	1
AN_TIK_002	1464652800	3130_aom	193958.25	218775.796875	1696.58544921875	0.100942649045704	0.698031	0.1007	1
AN_TIK_002	1467676800	3130_aom	193958.25	218775.796875	1696.58544921875	0.147531563989875	0.02259	0.1782	1
AN_TIK_002	1471392000	3130_aom	193958.25	218775.796875	1696.58544921875	0.0698833724162564	0.029367	0.1332	1
AN_TIK_002	1473638400	3130_aom	193958.25	218775.796875	1696.58544921875	0.0388240957868091	0.031626	0.0693	1
AN_TIK_002	1475452800	3130_aom	193958.25	218775.796875	1696.58544921875	0.0388240957868091	0.049698	0.0433	1
AN_TIK_002	1478563200	3130_aom	193958.25	218775.796875	1696.58544921875	0.0388240957868091	0.02259	0.023	1
AN_TIK_002	1480377600	3130_aom	193958.25	218775.796875	1696.58544921875	0.0388240957868091	0.042921	0.0383	1
AN_TIK_002	1484524800	3130_aom	193958.25	218775.796875	1696.58544921875	0.364946500396006	0.734175	0.0974	1
AN_TIK_002	1486339200	3130_aom	193958.25	218775.796875	1696.58544921875	0.0465889149441709	0.047439	0.1489	1
AN_TIK_002	1489363200	3130_aom	193958.25	218775.796875	1696.58544921875	0.178590840619322	0.228159	0.1027	1
AN_TIK_002	1491264000	3130_aom	193958.25	218775.796875	1696.58544921875	0.147531563989875	0.117468	0.1319	1
AN_TIK_002	1494288000	3130_aom	193958.25	218775.796875	1696.58544921875	0.442594691969624	0.169425	0.152	1
AN_TIK_003	1528761600	3130_na	193970.953125	218824.703125	3706.25439453125	0.543537341015328	0.09036	0.274	1
AN_TIK_003	1543276800	3130_na	193970.953125	218824.703125	3706.25439453125	0.186355659776684	0.476649	0.0456	1
AN_TIK_003	1545091200	3130_na	193970.953125	218824.703125	3706.25439453125	0.225179755563493	2.259	0.0873	1
AN_TIK_004	1528761600	3130_aom	193833.125	218911.9375	360.330932617188	0.0388240957868091	0.040662	0.0252	1
AN_TIK_004	1537747200	3130_aom	193833.125	218911.9375	360.330932617188	6.21185532588946	0.639297	0.0492	1
AN_TIK_004	1543276800	3130_aom	193833.125	218911.9375	360.330932617188	0.34165204292392	0.352404	0.0282	1
AN_TIK_004	1545091200	3130_aom	193833.125	218911.9375	360.330932617188	0.116472287360427	0.070029	0.0663	1
AN_TUR_001	1398643200	3130_aom	191823.296875	228252.40625	1338.87622070312	0.559066979330051	0.040662	NA	1
AN_TUR_001	1402876800	3130_aom	191823.296875	228252.40625	1338.87622070312	0.349416862081282	0.063252	NA	1
AN_TUR_001	1405382400	3130_aom	191823.296875	228252.40625	1338.87622070312	0.450359511126986	0.040662	NA	1
AN_TUR_001	1408320000	3130_aom	191823.296875	228252.40625	1338.87622070312	0.442594691969624	0.065511	NA	1
AN_TUR_001	1411344000	3130_aom	191823.296875	228252.40625	1338.87622070312	0.364946500396006	0.085842	NA	1
AN_TUR_001	1416182400	3130_aom	191823.296875	228252.40625	1338.87622070312	0.877424564781886	0.051957	NA	1
AN_TUR_002	1465171200	3150	192299.296875	228130.09375	53964.44140625	0.0698833724162564	0.196533	0.0402	1
AN_TUR_002	1467590400	3150	192299.296875	228130.09375	53964.44140625	0.186355659776684	0.02259	0.0508	1
AN_TUR_002	1471305600	3150	192299.296875	228130.09375	53964.44140625	0.0621185532588946	0.027108	0.1106	1
AN_TUR_002	1473724800	3150	192299.296875	228130.09375	53964.44140625	0.116472287360427	0.027108	0.1084	1
AN_TUR_002	1476144000	3150	192299.296875	228130.09375	53964.44140625	0.17082602146196	0.085842	0.1621	1
AN_TUR_002	1478563200	3150	192299.296875	228130.09375	53964.44140625	0.333887223766558	0.02259	0.2413	1
AN_TUR_002	1480896000	3150	192299.296875	228130.09375	53964.44140625	0.55130216017269	0.074547	0.198	1
AN_TUR_002	1484524800	3150	192299.296875	228130.09375	53964.44140625	0.613420713431584	0.142317	0.2885	1
AN_TUR_002	1486339200	3150	192299.296875	228130.09375	53964.44140625	0.0621185532588946	0.103914	0.21	1
AN_TUR_002	1488758400	3150	192299.296875	228130.09375	53964.44140625	0.0931778298883419	0.445023	0.1311	1
AN_TUR_002	1492473600	3150	192299.296875	228130.09375	53964.44140625	0.473653968599071	0.216864	0.237	1
AN_TUR_002	1494201600	3150	192299.296875	228130.09375	53964.44140625	0.380476138710729	0.354663	0.291	1
AN_TVG_001	1398643200	3130_aom	189758.375	228993.96875	18165.921875	0.0776481915736183	0.11295	NA	1
AN_TVG_001	1401753600	3130_aom	189758.375	228993.96875	18165.921875	0.0776481915736183	0.04518	NA	1
AN_TVG_001	1404172800	3130_aom	189758.375	228993.96875	18165.921875	0.0776481915736183	0.024849	NA	1
AN_TVG_001	1407110400	3130_aom	189758.375	228993.96875	18165.921875	0.0776481915736183	0.024849	NA	1
AN_TVG_001	1410134400	3130_aom	189758.375	228993.96875	18165.921875	0.0776481915736183	0.033885	NA	1
AN_TVG_001	1413763200	3130_aom	189758.375	228993.96875	18165.921875	0.0776481915736183	0.040662	NA	1
AN_TVG_002	1398643200	3110	189915.90625	229130.421875	80875.3046875	0.0776481915736183	0.097137	NA	1
AN_TVG_002	1398643200	3130_aom	189915.90625	229130.421875	80875.3046875	0.0776481915736183	0.097137	NA	1
AN_TVG_002	1398643200	3130_na	189915.90625	229130.421875	80875.3046875	0.0776481915736183	0.097137	NA	1
AN_TVG_002	1401753600	3110	189915.90625	229130.421875	80875.3046875	0.124237106517789	0.146835	NA	1
AN_TVG_002	1401753600	3130_aom	189915.90625	229130.421875	80875.3046875	0.124237106517789	0.146835	NA	1
AN_TVG_002	1401753600	3130_na	189915.90625	229130.421875	80875.3046875	0.124237106517789	0.146835	NA	1
AN_TVG_002	1404172800	3110	189915.90625	229130.421875	80875.3046875	0.0776481915736183	0.02259	NA	1
AN_TVG_002	1404172800	3130_aom	189915.90625	229130.421875	80875.3046875	0.0776481915736183	0.02259	NA	1
AN_TVG_002	1404172800	3130_na	189915.90625	229130.421875	80875.3046875	0.0776481915736183	0.02259	NA	1
AN_TVG_002	1407110400	3110	189915.90625	229130.421875	80875.3046875	0.458124330284348	0.099396	NA	1
AN_TVG_002	1407110400	3130_aom	189915.90625	229130.421875	80875.3046875	0.458124330284348	0.099396	NA	1
AN_TVG_002	1407110400	3130_na	189915.90625	229130.421875	80875.3046875	0.458124330284348	0.099396	NA	1
AN_TVG_002	1410134400	3110	189915.90625	229130.421875	80875.3046875	0.582361436802137	0.223641	NA	1
AN_TVG_002	1410134400	3130_aom	189915.90625	229130.421875	80875.3046875	0.582361436802137	0.223641	NA	1
AN_TVG_002	1410134400	3130_na	189915.90625	229130.421875	80875.3046875	0.582361436802137	0.223641	NA	1
AN_TVG_002	1413763200	3110	189915.90625	229130.421875	80875.3046875	0.100942649045704	0.363699	NA	1
AN_TVG_002	1413763200	3130_aom	189915.90625	229130.421875	80875.3046875	0.100942649045704	0.363699	NA	1
AN_TVG_002	1413763200	3130_na	189915.90625	229130.421875	80875.3046875	0.100942649045704	0.363699	NA	1
AN_TVG_003	1398643200	3130_aom	189374.140625	229237.984375	52803.6015625	0.0776481915736183	0.36144	NA	1
AN_TVG_003	1398643200	3130_na	189374.140625	229237.984375	52803.6015625	0.0776481915736183	0.36144	NA	1
AN_TVG_003	1401753600	3130_aom	189374.140625	229237.984375	52803.6015625	0.0776481915736183	0.02259	NA	1
AN_TVG_003	1401753600	3130_na	189374.140625	229237.984375	52803.6015625	0.0776481915736183	0.02259	NA	1
AN_TVG_003	1404172800	3130_aom	189374.140625	229237.984375	52803.6015625	0.0776481915736183	0.029367	NA	1
AN_TVG_003	1404172800	3130_na	189374.140625	229237.984375	52803.6015625	0.0776481915736183	0.029367	NA	1
AN_TVG_003	1407110400	3130_aom	189374.140625	229237.984375	52803.6015625	0.0776481915736183	0.031626	NA	1
AN_TVG_003	1407110400	3130_na	189374.140625	229237.984375	52803.6015625	0.0776481915736183	0.031626	NA	1
AN_TVG_003	1410134400	3130_aom	189374.140625	229237.984375	52803.6015625	0.0776481915736183	0.054216	NA	1
AN_TVG_003	1410134400	3130_na	189374.140625	229237.984375	52803.6015625	0.0776481915736183	0.054216	NA	1
AN_TVG_003	1413763200	3130_aom	189374.140625	229237.984375	52803.6015625	0.0776481915736183	0.024849	NA	1
AN_TVG_003	1413763200	3130_na	189374.140625	229237.984375	52803.6015625	0.0776481915736183	0.024849	NA	1
AN_TVG_004	1433116800	3130_aom	189494.859375	229054.046875	1827.07373046875	0.0388240957868091	0.036144	0.2685	1
AN_TVG_004	1436140800	3130_aom	189494.859375	229054.046875	1827.07373046875	0.0543537341015328	0.072288	1.2108	1
AN_TVG_004	1440460800	3130_aom	189494.859375	229054.046875	1827.07373046875	0.124237106517789	0.047439	0.0668	1
AN_TVG_004	1442880000	3130_aom	189494.859375	229054.046875	1827.07373046875	0.232944574720855	0.056475	0.07	1
AN_TVG_004	1445904000	3130_aom	189494.859375	229054.046875	1827.07373046875	0.0698833724162564	0.115209	0.04	1
AN_TVG_004	1448323200	3130_aom	189494.859375	229054.046875	1827.07373046875	0.0465889149441709	0.072288	0.033	1
AN_TVG_004	1451865600	3130_aom	189494.859375	229054.046875	1827.07373046875	0.0388240957868091	0.060993	0.0423	1
AN_TVG_004	1454371200	3130_aom	189494.859375	229054.046875	1827.07373046875	0.0388240957868091	0.049698	0.02	1
AN_TVG_004	1456790400	3130_aom	189494.859375	229054.046875	1827.07373046875	0.0388240957868091	0.088101	0.0251	1
AN_TVG_004	1459728000	3130_aom	189494.859375	229054.046875	1827.07373046875	0.0388240957868091	0.072288	0.0312	1
AN_TVG_004	1462147200	3130_aom	189494.859375	229054.046875	1827.07373046875	0.0388240957868091	0.02259	0.0294	1
AN_TVG_005	1433116800	3110	189519.265625	228505.265625	38010.5859375	0.0698833724162564	0.047439	0.0716	1
AN_TVG_005	1433116800	3130_aom	189519.265625	228505.265625	38010.5859375	0.0698833724162564	0.047439	0.0716	1
AN_TVG_005	1433116800	3130_na	189519.265625	228505.265625	38010.5859375	0.0698833724162564	0.047439	0.0716	1
AN_TVG_005	1433116800	3160	189519.265625	228505.265625	38010.5859375	0.0698833724162564	0.047439	0.0716	1
AN_TVG_005	1436140800	3110	189519.265625	228505.265625	38010.5859375	0.0465889149441709	0.042921	0.1269	1
AN_TVG_005	1436140800	3130_aom	189519.265625	228505.265625	38010.5859375	0.0465889149441709	0.042921	0.1269	1
AN_TVG_005	1436140800	3130_na	189519.265625	228505.265625	38010.5859375	0.0465889149441709	0.042921	0.1269	1
AN_TVG_005	1436140800	3160	189519.265625	228505.265625	38010.5859375	0.0465889149441709	0.042921	0.1269	1
AN_TVG_005	1438041600	3110	189519.265625	228505.265625	38010.5859375	0.0388240957868091	0.036144	0.055	1
AN_TVG_005	1438041600	3130_aom	189519.265625	228505.265625	38010.5859375	0.0388240957868091	0.036144	0.055	1
AN_TVG_005	1438041600	3130_na	189519.265625	228505.265625	38010.5859375	0.0388240957868091	0.036144	0.055	1
AN_TVG_005	1438041600	3160	189519.265625	228505.265625	38010.5859375	0.0388240957868091	0.036144	0.055	1
AN_TVG_005	1440460800	3110	189519.265625	228505.265625	38010.5859375	0.0388240957868091	0.047439	0.0401	1
AN_TVG_005	1440460800	3130_aom	189519.265625	228505.265625	38010.5859375	0.0388240957868091	0.047439	0.0401	1
AN_TVG_005	1440460800	3130_na	189519.265625	228505.265625	38010.5859375	0.0388240957868091	0.047439	0.0401	1
AN_TVG_005	1440460800	3160	189519.265625	228505.265625	38010.5859375	0.0388240957868091	0.047439	0.0401	1
AN_TVG_005	1442880000	3110	189519.265625	228505.265625	38010.5859375	0.0621185532588946	0.065511	0.0785	1
AN_TVG_005	1442880000	3130_aom	189519.265625	228505.265625	38010.5859375	0.0621185532588946	0.065511	0.0785	1
AN_TVG_005	1442880000	3130_na	189519.265625	228505.265625	38010.5859375	0.0621185532588946	0.065511	0.0785	1
AN_TVG_005	1442880000	3160	189519.265625	228505.265625	38010.5859375	0.0621185532588946	0.065511	0.0785	1
AN_TVG_005	1445904000	3110	189519.265625	228505.265625	38010.5859375	0.248474213035578	0.140058	0.08	1
AN_TVG_005	1445904000	3130_aom	189519.265625	228505.265625	38010.5859375	0.248474213035578	0.140058	0.08	1
AN_TVG_005	1445904000	3130_na	189519.265625	228505.265625	38010.5859375	0.248474213035578	0.140058	0.08	1
AN_TVG_005	1445904000	3160	189519.265625	228505.265625	38010.5859375	0.248474213035578	0.140058	0.08	1
AN_TVG_005	1448323200	3110	189519.265625	228505.265625	38010.5859375	0.349416862081282	0.167166	0.048	1
AN_TVG_005	1448323200	3130_aom	189519.265625	228505.265625	38010.5859375	0.349416862081282	0.167166	0.048	1
AN_TVG_005	1448323200	3130_na	189519.265625	228505.265625	38010.5859375	0.349416862081282	0.167166	0.048	1
AN_TVG_005	1448323200	3160	189519.265625	228505.265625	38010.5859375	0.349416862081282	0.167166	0.048	1
AN_TVG_005	1451865600	3110	189519.265625	228505.265625	38010.5859375	0.17082602146196	0.24849	0.0238	1
AN_TVG_005	1451865600	3130_aom	189519.265625	228505.265625	38010.5859375	0.17082602146196	0.24849	0.0238	1
AN_TVG_005	1451865600	3130_na	189519.265625	228505.265625	38010.5859375	0.17082602146196	0.24849	0.0238	1
AN_TVG_005	1451865600	3160	189519.265625	228505.265625	38010.5859375	0.17082602146196	0.24849	0.0238	1
AN_TVG_005	1454371200	3110	189519.265625	228505.265625	38010.5859375	0.0776481915736183	0.347886	0.0214	1
AN_TVG_005	1454371200	3130_aom	189519.265625	228505.265625	38010.5859375	0.0776481915736183	0.347886	0.0214	1
AN_TVG_005	1454371200	3130_na	189519.265625	228505.265625	38010.5859375	0.0776481915736183	0.347886	0.0214	1
AN_TVG_005	1454371200	3160	189519.265625	228505.265625	38010.5859375	0.0776481915736183	0.347886	0.0214	1
AN_TVG_005	1456790400	3110	189519.265625	228505.265625	38010.5859375	0.0388240957868091	0.223641	0.025	1
AN_TVG_005	1456790400	3130_aom	189519.265625	228505.265625	38010.5859375	0.0388240957868091	0.223641	0.025	1
AN_TVG_005	1456790400	3130_na	189519.265625	228505.265625	38010.5859375	0.0388240957868091	0.223641	0.025	1
AN_TVG_005	1456790400	3160	189519.265625	228505.265625	38010.5859375	0.0388240957868091	0.223641	0.025	1
AN_TVG_005	1459728000	3110	189519.265625	228505.265625	38010.5859375	0.0388240957868091	0.099396	0.0354	1
AN_TVG_005	1459728000	3130_aom	189519.265625	228505.265625	38010.5859375	0.0388240957868091	0.099396	0.0354	1
AN_TVG_005	1459728000	3130_na	189519.265625	228505.265625	38010.5859375	0.0388240957868091	0.099396	0.0354	1
AN_TVG_005	1459728000	3160	189519.265625	228505.265625	38010.5859375	0.0388240957868091	0.099396	0.0354	1
AN_TVG_005	1462147200	3110	189519.265625	228505.265625	38010.5859375	0.0388240957868091	0.02259	0.0306	1
AN_TVG_005	1462147200	3130_aom	189519.265625	228505.265625	38010.5859375	0.0388240957868091	0.02259	0.0306	1
AN_TVG_005	1462147200	3130_na	189519.265625	228505.265625	38010.5859375	0.0388240957868091	0.02259	0.0306	1
AN_TVG_005	1462147200	3160	189519.265625	228505.265625	38010.5859375	0.0388240957868091	0.02259	0.0306	1
AN_VOL_001	1465776000	3130_aom	199638.671875	205665.5	5159.86181640625	0.396005777025453	0.094878	0.2678	1
AN_VOL_001	1465862400	3130_aom	199638.671875	205665.5	5159.86181640625	0.0465889149441709	0.097137	0.099	1
AN_VOL_001	1470096000	3130_aom	199638.671875	205665.5	5159.86181640625	1.00166167129968	0.027108	0.265	1
AN_VOL_001	1472515200	3130_aom	199638.671875	205665.5	5159.86181640625	0.830835649837715	0.029367	0.1906	1
AN_VOL_001	1474934400	3130_aom	199638.671875	205665.5	5159.86181640625	0.473653968599071	0.047439	0.2235	1
AN_VOL_001	1477267200	3130_aom	199638.671875	205665.5	5159.86181640625	0.287298308822388	0.09036	0.0995	1
AN_VOL_001	1479772800	3130_aom	199638.671875	205665.5	5159.86181640625	0.201885298091407	0.257526	0.132	1
AN_VOL_001	1480896000	3130_aom	199638.671875	205665.5	5159.86181640625	0.178590840619322	0.11295	0.0637	1
AN_VOL_001	1484611200	3130_aom	199638.671875	205665.5	5159.86181640625	0.240709393878217	0.255267	0.0747	1
AN_VOL_001	1485734400	3130_aom	199638.671875	205665.5	5159.86181640625	0.186355659776684	0.065511	0.0449	1
AN_VOL_001	1489363200	3130_aom	199638.671875	205665.5	5159.86181640625	0.132001925675151	0.083583	0.0486	1
AN_VOL_001	1492992000	3130_aom	199638.671875	205665.5	5159.86181640625	0.17082602146196	0.054216	0.096	1
AN_VOL_001	1494806400	3130_aom	199638.671875	205665.5	5159.86181640625	0.139766744832513	0.088101	0.101	1
AN_VOL_002	1465776000	3130_aom	199653.125	206037.234375	4607.0732421875	0.0465889149441709	0.092619	0.0347	1
AN_VOL_002	1465776000	3130_na	199653.125	206037.234375	4607.0732421875	0.0465889149441709	0.092619	0.0347	1
AN_VOL_002	1465862400	3130_aom	199653.125	206037.234375	4607.0732421875	0.0388240957868091	0.06777	0.0393	1
AN_VOL_002	1465862400	3130_na	199653.125	206037.234375	4607.0732421875	0.0388240957868091	0.06777	0.0393	1
AN_VOL_002	1470096000	3130_aom	199653.125	206037.234375	4607.0732421875	0.201885298091407	0.02259	0.0636	1
AN_VOL_002	1470096000	3130_na	199653.125	206037.234375	4607.0732421875	0.201885298091407	0.02259	0.0636	1
AN_VOL_002	1472515200	3130_aom	199653.125	206037.234375	4607.0732421875	0.0388240957868091	0.02259	0.0689	1
AN_VOL_002	1472515200	3130_na	199653.125	206037.234375	4607.0732421875	0.0388240957868091	0.02259	0.0689	1
AN_VOL_002	1474934400	3130_aom	199653.125	206037.234375	4607.0732421875	0.124237106517789	0.02259	0.0685	1
AN_VOL_002	1474934400	3130_na	199653.125	206037.234375	4607.0732421875	0.124237106517789	0.02259	0.0685	1
AN_VOL_002	1477267200	3130_aom	199653.125	206037.234375	4607.0732421875	0.0388240957868091	0.031626	0.045	1
AN_VOL_002	1477267200	3130_na	199653.125	206037.234375	4607.0732421875	0.0388240957868091	0.031626	0.045	1
AN_VOL_002	1479772800	3130_aom	199653.125	206037.234375	4607.0732421875	0.0388240957868091	0.759024	0.0531	1
AN_VOL_002	1479772800	3130_na	199653.125	206037.234375	4607.0732421875	0.0388240957868091	0.759024	0.0531	1
AN_VOL_002	1480896000	3130_aom	199653.125	206037.234375	4607.0732421875	0.0465889149441709	0.051957	0.0423	1
AN_VOL_002	1480896000	3130_na	199653.125	206037.234375	4607.0732421875	0.0465889149441709	0.051957	0.0423	1
AN_VOL_002	1484611200	3130_aom	199653.125	206037.234375	4607.0732421875	0.0388240957868091	0.040662	0.0553	1
AN_VOL_002	1484611200	3130_na	199653.125	206037.234375	4607.0732421875	0.0388240957868091	0.040662	0.0553	1
AN_VOL_002	1485734400	3130_aom	199653.125	206037.234375	4607.0732421875	0.0388240957868091	0.054216	0.0585	1
AN_VOL_002	1485734400	3130_na	199653.125	206037.234375	4607.0732421875	0.0388240957868091	0.054216	0.0585	1
AN_VOL_002	1489363200	3130_aom	199653.125	206037.234375	4607.0732421875	0.0388240957868091	0.040662	0.1116	1
AN_VOL_002	1489363200	3130_na	199653.125	206037.234375	4607.0732421875	0.0388240957868091	0.040662	0.1116	1
AN_VOL_002	1492992000	3130_aom	199653.125	206037.234375	4607.0732421875	0.0543537341015328	0.063252	0.027	1
AN_VOL_002	1492992000	3130_na	199653.125	206037.234375	4607.0732421875	0.0543537341015328	0.063252	0.027	1
AN_VOL_002	1494806400	3130_aom	199653.125	206037.234375	4607.0732421875	0.0543537341015328	0.065511	0.028	1
AN_VOL_002	1494806400	3130_na	199653.125	206037.234375	4607.0732421875	0.0543537341015328	0.065511	0.028	1
AN_VRI_001	1401148800	3130_aom	166536.828125	212266.21875	10387.33203125	0.108707468203066	0.031626	NA	1
AN_VRI_001	1402963200	3130_aom	166536.828125	212266.21875	10387.33203125	0.0776481915736183	0.040662	NA	1
AN_VRI_001	1405987200	3130_aom	166536.828125	212266.21875	10387.33203125	0.0776481915736183	0.04518	NA	1
AN_VRI_001	1408406400	3130_aom	166536.828125	212266.21875	10387.33203125	0.0776481915736183	0.038403	NA	1
AN_VRI_001	1411430400	3130_aom	166536.828125	212266.21875	10387.33203125	0.0776481915736183	0.079065	NA	1
AN_VRI_001	1414972800	3130_aom	166536.828125	212266.21875	10387.33203125	0.0776481915736183	0.02259	NA	1
AN_VVM_001	1465776000	3130_na	181868.171875	233596.6875	4854.13427734375	0.0388240957868091	0.065511	0.0349	1
AN_VVM_001	1465776000	3160	181868.171875	233596.6875	4854.13427734375	0.0388240957868091	0.065511	0.0349	1
AN_VVM_001	1467676800	3130_na	181868.171875	233596.6875	4854.13427734375	0.0388240957868091	0.02259	0.0284	1
AN_VVM_001	1467676800	3160	181868.171875	233596.6875	4854.13427734375	0.0388240957868091	0.02259	0.0284	1
AN_VVM_001	1471392000	3130_na	181868.171875	233596.6875	4854.13427734375	0.0388240957868091	0.02259	0.0385	1
AN_VVM_001	1471392000	3160	181868.171875	233596.6875	4854.13427734375	0.0388240957868091	0.02259	0.0385	1
AN_VVM_001	1478563200	3130_na	181868.171875	233596.6875	4854.13427734375	0.0388240957868091	0.02259	0.0521	1
AN_VVM_001	1478563200	3160	181868.171875	233596.6875	4854.13427734375	0.0388240957868091	0.02259	0.0521	1
AN_VVM_001	1480896000	3130_na	181868.171875	233596.6875	4854.13427734375	0.0465889149441709	0.079065	0.0506	1
AN_VVM_001	1480896000	3160	181868.171875	233596.6875	4854.13427734375	0.0465889149441709	0.079065	0.0506	1
AN_VVM_001	1484524800	3130_na	181868.171875	233596.6875	4854.13427734375	0.0543537341015328	0.117468	0.0386	1
AN_VVM_001	1484524800	3160	181868.171875	233596.6875	4854.13427734375	0.0543537341015328	0.117468	0.0386	1
AN_VVM_001	1486339200	3130_na	181868.171875	233596.6875	4854.13427734375	0.0388240957868091	0.051957	0.0411	1
AN_VVM_001	1486339200	3160	181868.171875	233596.6875	4854.13427734375	0.0388240957868091	0.051957	0.0411	1
AN_VVM_001	1488758400	3130_na	181868.171875	233596.6875	4854.13427734375	0.0388240957868091	0.038403	0.0419	1
AN_VVM_001	1488758400	3160	181868.171875	233596.6875	4854.13427734375	0.0388240957868091	0.038403	0.0419	1
AN_VVM_001	1492473600	3130_na	181868.171875	233596.6875	4854.13427734375	0.0388240957868091	0.031626	0.02	1
AN_VVM_001	1492473600	3160	181868.171875	233596.6875	4854.13427734375	0.0388240957868091	0.031626	0.02	1
AN_VVM_002	1465776000	3160	182609.9375	233919.078125	7706.67724609375	0.0465889149441709	0.085842	0.0421	1
AN_VVM_002	1467676800	3160	182609.9375	233919.078125	7706.67724609375	0.0388240957868091	0.02259	0.0219	1
AN_VVM_002	1471392000	3160	182609.9375	233919.078125	7706.67724609375	0.0388240957868091	0.02259	0.02	1
AN_VVM_002	1473724800	3160	182609.9375	233919.078125	7706.67724609375	0.0388240957868091	0.02259	0.02	1
AN_VVM_002	1476662400	3160	182609.9375	233919.078125	7706.67724609375	0.0388240957868091	0.054216	0.021	1
AN_VVM_002	1478563200	3160	182609.9375	233919.078125	7706.67724609375	0.0388240957868091	0.02259	0.0235	1
AN_VVM_002	1480896000	3160	182609.9375	233919.078125	7706.67724609375	0.0931778298883419	0.131022	0.02	1
AN_VVM_002	1484524800	3160	182609.9375	233919.078125	7706.67724609375	0.403770596182815	0.264303	0.02	1
AN_VVM_002	1486339200	3160	182609.9375	233919.078125	7706.67724609375	0.124237106517789	0.06777	0.02	1
AN_VVM_002	1488758400	3160	182609.9375	233919.078125	7706.67724609375	0.17082602146196	0.110691	0.02	1
AN_VVM_002	1492473600	3160	182609.9375	233919.078125	7706.67724609375	0.178590840619322	0.079065	0.023	1
AN_VVM_002	1496102400	3160	182609.9375	233919.078125	7706.67724609375	0.147531563989875	0.076806	0.045	1
AN_VVM_003	1465776000	3130_aom	176572.65625	240570.921875	495.105773925781	0.0698833724162564	0.097137	0.1264	1
AN_VVM_003	1467676800	3130_aom	176572.65625	240570.921875	495.105773925781	0.0388240957868091	0.02259	0.0862	1
AN_VVM_003	1471392000	3130_aom	176572.65625	240570.921875	495.105773925781	0.0621185532588946	0.02259	0.0338	1
AN_VVM_003	1473638400	3130_aom	176572.65625	240570.921875	495.105773925781	0.116472287360427	0.02259	0.05	1
AN_VVM_003	1476662400	3130_aom	176572.65625	240570.921875	495.105773925781	0.815306011522992	0.094878	0.0811	1
AN_VVM_003	1478563200	3130_aom	176572.65625	240570.921875	495.105773925781	0.458124330284348	0.02259	0.0983	1
AN_VVM_003	1480896000	3130_aom	176572.65625	240570.921875	495.105773925781	0.0854130107309801	0.056475	0.0689	1
AN_VVM_003	1484524800	3130_aom	176572.65625	240570.921875	495.105773925781	0.0388240957868091	0.047439	0.028	1
AN_VVM_003	1486339200	3130_aom	176572.65625	240570.921875	495.105773925781	0.0388240957868091	0.040662	0.0295	1
AN_VVM_003	1488758400	3130_aom	176572.65625	240570.921875	495.105773925781	0.0388240957868091	0.033885	0.0377	1
AN_VVM_003	1492473600	3130_aom	176572.65625	240570.921875	495.105773925781	0.0388240957868091	0.060993	0.095	1
AN_VVM_003	1496102400	3130_aom	176572.65625	240570.921875	495.105773925781	0.0776481915736183	0.063252	0.06	1
AN_VVM_004	1465776000	3130_aom	176535.640625	240775.359375	8718.2998046875	0.225179755563493	0.142317	0.0344	1
AN_VVM_004	1465776000	3160	176535.640625	240775.359375	8718.2998046875	0.225179755563493	0.142317	0.0344	1
AN_VVM_004	1467676800	3130_aom	176535.640625	240775.359375	8718.2998046875	0.0388240957868091	0.02259	0.0221	1
AN_VVM_004	1467676800	3160	176535.640625	240775.359375	8718.2998046875	0.0388240957868091	0.02259	0.0221	1
AN_VVM_004	1471392000	3130_aom	176535.640625	240775.359375	8718.2998046875	0.318357585451835	0.02259	0.0302	1
AN_VVM_004	1471392000	3160	176535.640625	240775.359375	8718.2998046875	0.318357585451835	0.02259	0.0302	1
AN_VVM_004	1473638400	3130_aom	176535.640625	240775.359375	8718.2998046875	0.0388240957868091	0.02259	0.02	1
AN_VVM_004	1473638400	3160	176535.640625	240775.359375	8718.2998046875	0.0388240957868091	0.02259	0.02	1
AN_VVM_004	1476662400	3130_aom	176535.640625	240775.359375	8718.2998046875	0.0388240957868091	0.02259	0.0336	1
AN_VVM_004	1476662400	3160	176535.640625	240775.359375	8718.2998046875	0.0388240957868091	0.02259	0.0336	1
AN_VVM_004	1478563200	3130_aom	176535.640625	240775.359375	8718.2998046875	0.0388240957868091	0.02259	0.0374	1
AN_VVM_004	1478563200	3160	176535.640625	240775.359375	8718.2998046875	0.0388240957868091	0.02259	0.0374	1
AN_VVM_004	1480291200	3130_aom	176535.640625	240775.359375	8718.2998046875	0.481418787756433	0.054216	0.0399	1
AN_VVM_004	1480291200	3160	176535.640625	240775.359375	8718.2998046875	0.481418787756433	0.054216	0.0399	1
AN_VVM_004	1484524800	3130_aom	176535.640625	240775.359375	8718.2998046875	0.72212818163465	0.185238	0.0203	1
AN_VVM_004	1484524800	3160	176535.640625	240775.359375	8718.2998046875	0.72212818163465	0.185238	0.0203	1
AN_VVM_004	1486339200	3130_aom	176535.640625	240775.359375	8718.2998046875	0.217414936406131	0.072288	0.02	1
AN_VVM_004	1486339200	3160	176535.640625	240775.359375	8718.2998046875	0.217414936406131	0.072288	0.02	1
AN_VVM_004	1488758400	3130_aom	176535.640625	240775.359375	8718.2998046875	0.0388240957868091	0.300447	0.0224	1
AN_VVM_004	1488758400	3160	176535.640625	240775.359375	8718.2998046875	0.0388240957868091	0.300447	0.0224	1
AN_VVM_004	1492473600	3130_aom	176535.640625	240775.359375	8718.2998046875	0.0388240957868091	0.033885	0.022	1
AN_VVM_004	1492473600	3160	176535.640625	240775.359375	8718.2998046875	0.0388240957868091	0.033885	0.022	1
AN_VVM_004	1496102400	3130_aom	176535.640625	240775.359375	8718.2998046875	0.100942649045704	0.103914	0.077	1
AN_VVM_004	1496102400	3160	176535.640625	240775.359375	8718.2998046875	0.100942649045704	0.103914	0.077	1
AN_VVM_005	1497225600	3130_na	185899.015625	234175.09375	951.361450195312	0.0388240957868091	0.070029	0.0483	1
AN_VVM_005	1499126400	3130_na	185899.015625	234175.09375	951.361450195312	0.0388240957868091	0.047439	0.1334	1
AN_VVM_005	1501459200	3130_na	185899.015625	234175.09375	951.361450195312	0.124237106517789	0.031626	0.12	1
AN_VVM_005	1506384000	3130_na	185899.015625	234175.09375	951.361450195312	0.0388240957868091	0.031626	0.051	1
AN_VVM_005	1508112000	3130_na	185899.015625	234175.09375	951.361450195312	0.0543537341015328	0.06777	0.0292	1
AN_VVM_005	1511222400	3130_na	185899.015625	234175.09375	951.361450195312	0.0388240957868091	0.033885	0.02	1
AN_VVM_005	1512950400	3130_na	185899.015625	234175.09375	951.361450195312	0.116472287360427	0.051957	0.0354	1
AN_VVM_005	1515456000	3130_na	185899.015625	234175.09375	951.361450195312	0.0388240957868091	0.04518	0.0383	1
AN_VVM_005	1517270400	3130_na	185899.015625	234175.09375	951.361450195312	0.0388240957868091	0.029367	0.02	1
AN_VVM_005	1520294400	3130_na	185899.015625	234175.09375	951.361450195312	0.0388240957868091	0.140058	0.04	1
AN_VVM_005	1523232000	3130_na	185899.015625	234175.09375	951.361450195312	0.0543537341015328	0.049698	0.032	1
AN_VVM_005	1526342400	3130_na	185899.015625	234175.09375	951.361450195312	0.0388240957868091	0.056475	0.0751	1
AN_VVM_006	1528761600	3130_aom	182533.40625	233672.296875	2513.57275390625	0.0465889149441709	0.04518	0.0515	1
AN_VVM_006	1532304000	3130_aom	182533.40625	233672.296875	2513.57275390625	0.0388240957868091	0.02259	0.185	1
AN_VVM_006	1534723200	3130_aom	182533.40625	233672.296875	2513.57275390625	0.100942649045704	0.119727	0.5992	1
AN_VVM_006	1536624000	3130_aom	182533.40625	233672.296875	2513.57275390625	0.0388240957868091	0.176202	0.3858	1
AN_VVM_006	1543276800	3130_aom	182533.40625	233672.296875	2513.57275390625	0.147531563989875	0.083583	0.1187	1
AN_VVM_006	1545091200	3130_aom	182533.40625	233672.296875	2513.57275390625	0.264003851350302	0.079065	0.3336	1
AN_WKV_001	1434326400	3140	155538.234375	194993.296875	158782.5	0.0388240957868091	0.02259	0.02	1
AN_WKV_001	1436745600	3140	155538.234375	194993.296875	158782.5	0.0388240957868091	0.02259	0.02	1
AN_WKV_001	1439164800	3140	155538.234375	194993.296875	158782.5	0.0388240957868091	0.038403	0.02	1
AN_WKV_001	1441584000	3140	155538.234375	194993.296875	158782.5	0.0388240957868091	0.02259	0.02	1
AN_WKV_001	1444608000	3140	155538.234375	194993.296875	158782.5	0.0194120478934046	0.02259	0.1	1
AN_WKV_001	1447027200	3140	155538.234375	194993.296875	158782.5	0.0388240957868091	0.02259	0.02	1
AN_WKV_001	1449446400	3140	155538.234375	194993.296875	158782.5	0.0931778298883419	0.024849	0.02	1
AN_WZA_001	1528675200	3130_aom	177160.078125	215633.65625	5177.6787109375	0.0388240957868091	0.033885	0.0217	1
AN_WZA_001	1532304000	3130_aom	177160.078125	215633.65625	5177.6787109375	0.0465889149441709	0.02259	0.0293	1
AN_WZA_001	1534809600	3130_aom	177160.078125	215633.65625	5177.6787109375	0.0388240957868091	0.038403	0.0421	1
AN_WZA_001	1536624000	3130_aom	177160.078125	215633.65625	5177.6787109375	0.0388240957868091	0.02259	0.0548	1
AN_WZA_001	1539561600	3130_aom	177160.078125	215633.65625	5177.6787109375	0.0931778298883419	0.056475	0.0258	1
AN_WZA_001	1542672000	3130_aom	177160.078125	215633.65625	5177.6787109375	0.155296383147237	0.164907	0.0209	1
AN_WZA_001	1543881600	3130_aom	177160.078125	215633.65625	5177.6787109375	0.885189383939248	0.354663	0.0837	1
AN_ZAM_001	1433203200	3150	191466.3125	198650.578125	881.084106445312	0.0621185532588946	0.058734	0.2712	1
AN_ZAM_001	1441065600	3150	191466.3125	198650.578125	881.084106445312	0.0388240957868091	0.031626	0.144	1
AN_ZAM_001	1444089600	3150	191466.3125	198650.578125	881.084106445312	0.0388240957868091	0.02259	0.02	1
AN_ZAM_001	1446595200	3150	191466.3125	198650.578125	881.084106445312	0.0388240957868091	0.02259	0.02	1
AN_ZAM_001	1448928000	3150	191466.3125	198650.578125	881.084106445312	0.0388240957868091	0.142317	0.07	1
AN_ZAM_001	1452556800	3150	191466.3125	198650.578125	881.084106445312	0.0388240957868091	0.031626	0.1121	1
AN_ZAM_001	1454976000	3150	191466.3125	198650.578125	881.084106445312	0.0388240957868091	0.02259	0.274	1
AN_ZAM_001	1457395200	3150	191466.3125	198650.578125	881.084106445312	0.0854130107309801	0.040662	0.2029	1
AN_ZAM_001	1460419200	3150	191466.3125	198650.578125	881.084106445312	0.0388240957868091	0.092619	0.4094	1
AN_ZAM_001	1462838400	3150	191466.3125	198650.578125	881.084106445312	0.0776481915736183	0.02259	0.1928	1
AN_ZAM_002	1498521600	3150	191516.921875	198850.671875	771.373168945312	0.0621185532588946	0.081324	0.225	1
AN_ZAM_002	1500940800	3150	191516.921875	198850.671875	771.373168945312	0.0388240957868091	0.033885	0.273	1
AN_ZAM_002	1503273600	3150	191516.921875	198850.671875	771.373168945312	0.0698833724162564	0.070029	0.217	1
AN_ZAM_002	1505088000	3150	191516.921875	198850.671875	771.373168945312	0.178590840619322	0.083583	0.3147	1
AN_ZAM_002	1508716800	3150	191516.921875	198850.671875	771.373168945312	0.0621185532588946	0.083583	0.5942	1
AN_ZAM_002	1511136000	3150	191516.921875	198850.671875	771.373168945312	0.100942649045704	0.042921	0.3102	1
AN_ZAM_002	1513641600	3150	191516.921875	198850.671875	771.373168945312	0.442594691969624	0.625743	0.1978	1
AN_ZAM_002	1516579200	3150	191516.921875	198850.671875	771.373168945312	0.496948426071157	0.447282	0.171	1
AN_ZAM_002	1518998400	3150	191516.921875	198850.671875	771.373168945312	0.0543537341015328	0.065511	0.3982	1
AN_ZAM_002	1520812800	3150	191516.921875	198850.671875	771.373168945312	0.0388240957868091	0.072288	0.478	1
AN_ZAM_002	1522800000	3150	191516.921875	198850.671875	771.373168945312	0.0388240957868091	0.058734	0.949	1
AN_ZAM_002	1527552000	3150	191516.921875	198850.671875	771.373168945312	0.0388240957868091	0.02259	1.4839	1
AN_ZAM_003	1498521600	3150	191578.4375	198839.421875	1522.384765625	0.178590840619322	0.221382	2.321	1
AN_ZAM_003	1500940800	3150	191578.4375	198839.421875	1522.384765625	0.302827947137111	0.11295	1.17	1
AN_ZAM_003	1503273600	3150	191578.4375	198839.421875	1522.384765625	2.00332334259935	0.079065	0.538	1
AN_ZAM_003	1505088000	3150	191578.4375	198839.421875	1522.384765625	0.124237106517789	0.167166	0.627	1
AN_ZAM_003	1508716800	3150	191578.4375	198839.421875	1522.384765625	4.57347848368611	0.065511	0.1613	1
AN_ZAM_003	1511136000	3150	191578.4375	198839.421875	1522.384765625	8.15306011522992	0.09036	0.9274	1
AN_ZAM_003	1513641600	3150	191578.4375	198839.421875	1522.384765625	3.37769633345239	0.60993	0.3019	1
AN_ZAM_003	1516579200	3150	191578.4375	198839.421875	1522.384765625	3.45534452502601	0.325296	0.177	1
AN_ZAM_003	1518998400	3150	191578.4375	198839.421875	1522.384765625	1.64614166136071	0.485685	0.1895	1
AN_ZAM_003	1520812800	3150	191578.4375	198839.421875	1522.384765625	0.0388240957868091	0.702549	0.248	1
AN_ZAM_003	1522800000	3150	191578.4375	198839.421875	1522.384765625	0.0543537341015328	0.2259	0.413	1
AN_ZAM_003	1527552000	3150	191578.4375	198839.421875	1522.384765625	0.0388240957868091	0.029367	0.8351	1
AN_ZEG_001	1401148800	3150	190000.171875	209732.6875	1795.00366210938	0.0776481915736183	0.033885	NA	1
AN_ZEG_001	1402963200	3150	190000.171875	209732.6875	1795.00366210938	0.0776481915736183	0.036144	NA	1
AN_ZEG_001	1405987200	3150	190000.171875	209732.6875	1795.00366210938	0.0776481915736183	0.103914	NA	1
AN_ZEG_001	1408924800	3150	190000.171875	209732.6875	1795.00366210938	0.0776481915736183	0.031626	NA	1
AN_ZEG_001	1411430400	3150	190000.171875	209732.6875	1795.00366210938	0.0776481915736183	0.074547	NA	1
AN_ZEG_001	1415059200	3150	190000.171875	209732.6875	1795.00366210938	0.0776481915736183	0.027108	NA	1
AN_ZEG_002	1498435200	3130_aom	189425.125	210062.8125	43779.01171875	0.0388240957868091	0.036144	0.124	1
AN_ZEG_002	1498435200	3130_na	189425.125	210062.8125	43779.01171875	0.0388240957868091	0.036144	0.124	1
AN_ZEG_002	1498435200	3150	189425.125	210062.8125	43779.01171875	0.0388240957868091	0.036144	0.124	1
AN_ZEG_002	1499817600	3130_aom	189425.125	210062.8125	43779.01171875	0.194120478934046	0.031626	0.0787	1
AN_ZEG_002	1499817600	3130_na	189425.125	210062.8125	43779.01171875	0.194120478934046	0.031626	0.0787	1
AN_ZEG_002	1499817600	3150	189425.125	210062.8125	43779.01171875	0.194120478934046	0.031626	0.0787	1
AN_ZEG_002	1501545600	3130_aom	189425.125	210062.8125	43779.01171875	0.0388240957868091	0.056475	0.1074	1
AN_ZEG_002	1501545600	3130_na	189425.125	210062.8125	43779.01171875	0.0388240957868091	0.056475	0.1074	1
AN_ZEG_002	1501545600	3150	189425.125	210062.8125	43779.01171875	0.0388240957868091	0.056475	0.1074	1
AN_ZEG_002	1504483200	3130_aom	189425.125	210062.8125	43779.01171875	0.0388240957868091	0.04518	0.0453	1
AN_ZEG_002	1504483200	3130_na	189425.125	210062.8125	43779.01171875	0.0388240957868091	0.04518	0.0453	1
AN_ZEG_002	1504483200	3150	189425.125	210062.8125	43779.01171875	0.0388240957868091	0.04518	0.0453	1
AN_ZEG_002	1508716800	3130_aom	189425.125	210062.8125	43779.01171875	0.147531563989875	0.072288	0.5885	1
AN_ZEG_002	1508716800	3130_na	189425.125	210062.8125	43779.01171875	0.147531563989875	0.072288	0.5885	1
AN_ZEG_002	1508716800	3150	189425.125	210062.8125	43779.01171875	0.147531563989875	0.072288	0.5885	1
AN_ZEG_002	1511222400	3130_aom	189425.125	210062.8125	43779.01171875	0.644479990061031	0.094878	0.1654	1
AN_ZEG_002	1511222400	3130_na	189425.125	210062.8125	43779.01171875	0.644479990061031	0.094878	0.1654	1
AN_ZEG_002	1511222400	3150	189425.125	210062.8125	43779.01171875	0.644479990061031	0.094878	0.1654	1
AN_ZEG_002	1513555200	3130_aom	189425.125	210062.8125	43779.01171875	0.496948426071157	0.115209	0.133	1
AN_ZEG_002	1513555200	3130_na	189425.125	210062.8125	43779.01171875	0.496948426071157	0.115209	0.133	1
AN_ZEG_002	1513555200	3150	189425.125	210062.8125	43779.01171875	0.496948426071157	0.115209	0.133	1
AN_ZEG_002	1515456000	3130_aom	189425.125	210062.8125	43779.01171875	0.271768670507664	0.126504	0.1044	1
AN_ZEG_002	1515456000	3130_na	189425.125	210062.8125	43779.01171875	0.271768670507664	0.126504	0.1044	1
AN_ZEG_002	1515456000	3150	189425.125	210062.8125	43779.01171875	0.271768670507664	0.126504	0.1044	1
AN_ZEG_002	1517270400	3130_aom	189425.125	210062.8125	43779.01171875	0.124237106517789	0.151353	0.092	1
AN_ZEG_002	1517270400	3130_na	189425.125	210062.8125	43779.01171875	0.124237106517789	0.151353	0.092	1
AN_ZEG_002	1517270400	3150	189425.125	210062.8125	43779.01171875	0.124237106517789	0.151353	0.092	1
AN_ZEG_002	1518998400	3130_aom	189425.125	210062.8125	43779.01171875	0.0388240957868091	0.056475	0.1008	1
AN_ZEG_002	1518998400	3130_na	189425.125	210062.8125	43779.01171875	0.0388240957868091	0.056475	0.1008	1
AN_ZEG_002	1518998400	3150	189425.125	210062.8125	43779.01171875	0.0388240957868091	0.056475	0.1008	1
AN_ZEG_002	1523232000	3130_aom	189425.125	210062.8125	43779.01171875	0.0388240957868091	0.036144	0.048	1
AN_ZEG_002	1523232000	3130_na	189425.125	210062.8125	43779.01171875	0.0388240957868091	0.036144	0.048	1
AN_ZEG_002	1523232000	3150	189425.125	210062.8125	43779.01171875	0.0388240957868091	0.036144	0.048	1
AN_ZEG_002	1527033600	3130_aom	189425.125	210062.8125	43779.01171875	0.0388240957868091	0.051957	0.1036	1
AN_ZEG_002	1527033600	3130_na	189425.125	210062.8125	43779.01171875	0.0388240957868091	0.051957	0.1036	1
AN_ZEG_002	1527033600	3150	189425.125	210062.8125	43779.01171875	0.0388240957868091	0.051957	0.1036	1
AN_ZEG_003	1498435200	3150	189545.34375	210103.953125	8401.3291015625	0.0465889149441709	0.054216	0.146	1
AN_ZEG_003	1499817600	3150	189545.34375	210103.953125	8401.3291015625	0.108707468203066	0.049698	0.2254	1
AN_ZEG_003	1501545600	3150	189545.34375	210103.953125	8401.3291015625	0.0388240957868091	0.079065	0.23	1
AN_ZEG_003	1504483200	3150	189545.34375	210103.953125	8401.3291015625	0.0465889149441709	0.083583	0.1315	1
AN_ZEG_003	1508716800	3150	189545.34375	210103.953125	8401.3291015625	0.0388240957868091	0.04518	0.0644	1
AN_ZEG_003	1511222400	3150	189545.34375	210103.953125	8401.3291015625	0.0388240957868091	0.031626	0.0495	1
AN_ZEG_003	1513555200	3150	189545.34375	210103.953125	8401.3291015625	0.0543537341015328	0.042921	0.0859	1
AN_ZEG_003	1515456000	3150	189545.34375	210103.953125	8401.3291015625	0.0388240957868091	0.04518	0.0691	1
AN_ZEG_003	1517270400	3150	189545.34375	210103.953125	8401.3291015625	0.0388240957868091	0.036144	0.092	1
AN_ZEG_003	1518998400	3150	189545.34375	210103.953125	8401.3291015625	0.0388240957868091	0.04518	0.1226	1
AN_ZEG_003	1523232000	3150	189545.34375	210103.953125	8401.3291015625	0.0388240957868091	0.031626	0.066	1
AN_ZEG_003	1527033600	3150	189545.34375	210103.953125	8401.3291015625	0.0388240957868091	0.049698	0.1587	1
AN_ZEG_004	1498435200	3130_aom	189865.90625	209502.546875	2700.97875976562	0.0388240957868091	0.058734	0.497	1
AN_ZEG_004	1498435200	3150	189865.90625	209502.546875	2700.97875976562	0.0388240957868091	0.058734	0.497	1
AN_ZEG_004	1499817600	3130_aom	189865.90625	209502.546875	2700.97875976562	0.155296383147237	0.029367	0.2736	1
AN_ZEG_004	1499817600	3150	189865.90625	209502.546875	2700.97875976562	0.155296383147237	0.029367	0.2736	1
AN_ZEG_004	1501545600	3130_aom	189865.90625	209502.546875	2700.97875976562	0.0388240957868091	0.051957	0.2996	1
AN_ZEG_004	1501545600	3150	189865.90625	209502.546875	2700.97875976562	0.0388240957868091	0.051957	0.2996	1
AN_ZEG_004	1504483200	3130_aom	189865.90625	209502.546875	2700.97875976562	0.0388240957868091	0.063252	0.2314	1
AN_ZEG_004	1504483200	3150	189865.90625	209502.546875	2700.97875976562	0.0388240957868091	0.063252	0.2314	1
AN_ZEG_004	1508716800	3130_aom	189865.90625	209502.546875	2700.97875976562	0.0621185532588946	0.081324	0.0928	1
AN_ZEG_004	1508716800	3150	189865.90625	209502.546875	2700.97875976562	0.0621185532588946	0.081324	0.0928	1
AN_ZEG_004	1511222400	3130_aom	189865.90625	209502.546875	2700.97875976562	0.0543537341015328	0.074547	0.2704	1
AN_ZEG_004	1511222400	3150	189865.90625	209502.546875	2700.97875976562	0.0543537341015328	0.074547	0.2704	1
AN_ZEG_004	1513555200	3130_aom	189865.90625	209502.546875	2700.97875976562	0.0388240957868091	0.058734	0.0506	1
AN_ZEG_004	1513555200	3150	189865.90625	209502.546875	2700.97875976562	0.0388240957868091	0.058734	0.0506	1
AN_ZEG_004	1515456000	3130_aom	189865.90625	209502.546875	2700.97875976562	0.0388240957868091	0.072288	0.5587	1
AN_ZEG_004	1515456000	3150	189865.90625	209502.546875	2700.97875976562	0.0388240957868091	0.072288	0.5587	1
AN_ZEG_004	1517270400	3130_aom	189865.90625	209502.546875	2700.97875976562	0.178590840619322	0.09036	1.011	1
AN_ZEG_004	1517270400	3150	189865.90625	209502.546875	2700.97875976562	0.178590840619322	0.09036	1.011	1
AN_ZEG_004	1518998400	3130_aom	189865.90625	209502.546875	2700.97875976562	0.0388240957868091	0.054216	0.2295	1
AN_ZEG_004	1518998400	3150	189865.90625	209502.546875	2700.97875976562	0.0388240957868091	0.054216	0.2295	1
AN_ZEG_004	1523232000	3130_aom	189865.90625	209502.546875	2700.97875976562	0.0621185532588946	0.081324	0.356	1
AN_ZEG_004	1523232000	3150	189865.90625	209502.546875	2700.97875976562	0.0621185532588946	0.081324	0.356	1
AN_ZEG_004	1527033600	3130_aom	189865.90625	209502.546875	2700.97875976562	0.0388240957868091	0.04518	0.4297	1
AN_ZEG_004	1527033600	3150	189865.90625	209502.546875	2700.97875976562	0.0388240957868091	0.04518	0.4297	1
LI_ABH_002	1529280000	3130_aom	194985.828125	192950.953125	5831.47802734375	0.0388240957868091	0.081324	0.3247	1
LI_ABH_002	1532995200	3130_aom	194985.828125	192950.953125	5831.47802734375	0.0465889149441709	0.06777	0.078	1
LI_ABH_002	1535328000	3130_aom	194985.828125	192950.953125	5831.47802734375	2.78757007749289	0.11295	0.2484	1
LI_ABH_002	1537747200	3130_aom	194985.828125	192950.953125	5831.47802734375	4.78312860093488	0.18072	0.4688	1
LI_ABH_002	1540252800	3130_aom	194985.828125	192950.953125	5831.47802734375	4.53465438789931	0.237195	0.4403	1
LI_ABH_002	1542585600	3130_aom	194985.828125	192950.953125	5831.47802734375	4.34053390896526	0.137799	0.1608	1
LI_ABH_002	1544486400	3130_aom	194985.828125	192950.953125	5831.47802734375	3.05933874800056	0.395325	0.0957	1
LI_ABH_011	1433203200	3160	196032.53125	193529.21875	14473.166015625	0.0465889149441709	0.040662	0.0638	1
LI_ABH_011	1435622400	3160	196032.53125	193529.21875	14473.166015625	0.0388240957868091	0.049698	0.0471	1
LI_ABH_011	1438041600	3160	196032.53125	193529.21875	14473.166015625	0.0465889149441709	0.054216	0.21	1
LI_ABH_011	1440460800	3160	196032.53125	193529.21875	14473.166015625	0.0465889149441709	0.04518	0.1515	1
LI_ABH_011	1442880000	3160	196032.53125	193529.21875	14473.166015625	0.0388240957868091	0.029367	0.1238	1
LI_ABH_011	1445904000	3160	196032.53125	193529.21875	14473.166015625	0.0388240957868091	0.036144	0.07	1
LI_ABH_011	1448323200	3160	196032.53125	193529.21875	14473.166015625	0.108707468203066	0.058734	0.067	1
LI_ABH_011	1451865600	3160	196032.53125	193529.21875	14473.166015625	0.0388240957868091	0.033885	0.0538	1
LI_ABH_011	1454371200	3160	196032.53125	193529.21875	14473.166015625	0.0931778298883419	0.11295	0.053	1
LI_ABH_011	1456704000	3160	196032.53125	193529.21875	14473.166015625	0.0388240957868091	0.029367	0.0445	1
LI_ABH_011	1459728000	3160	196032.53125	193529.21875	14473.166015625	0.116472287360427	0.137799	0.0362	1
LI_ABH_011	1462147200	3160	196032.53125	193529.21875	14473.166015625	0.0465889149441709	0.092619	0.0364	1
LI_ACH_002	1497312000	3130_aom	228349.5625	219520.796875	17317.369140625	0.0543537341015328	0.038403	0.1283	1
LI_ACH_002	1499040000	3130_aom	228349.5625	219520.796875	17317.369140625	0.116472287360427	0.049698	0.0508	1
LI_ACH_002	1502150400	3130_aom	228349.5625	219520.796875	17317.369140625	0.737657819949373	0.054216	0.372	1
LI_ACH_002	1505088000	3130_aom	228349.5625	219520.796875	17317.369140625	0.0465889149441709	0.076806	0.0209	1
LI_ACH_002	1508803200	3130_aom	228349.5625	219520.796875	17317.369140625	0.396005777025453	0.036144	0.02	1
LI_ACH_002	1511827200	3130_aom	228349.5625	219520.796875	17317.369140625	0.287298308822388	0.070029	0.063	1
LI_ACH_002	1513555200	3130_aom	228349.5625	219520.796875	17317.369140625	0.380476138710729	0.13554	0.1	1
LI_ACH_002	1516060800	3130_aom	228349.5625	219520.796875	17317.369140625	1.0171913096144	0.103914	0.152	1
LI_ACH_002	1518480000	3130_aom	228349.5625	219520.796875	17317.369140625	0.209650117248769	0.085842	0.1234	1
LI_ACH_002	1520899200	3130_aom	228349.5625	219520.796875	17317.369140625	0.0388240957868091	0.049698	0.134	1
LI_ACH_002	1523923200	3130_aom	228349.5625	219520.796875	17317.369140625	0.0388240957868091	0.058734	0.107	1
LI_ACH_002	1526860800	3130_aom	228349.5625	219520.796875	17317.369140625	0.100942649045704	0.056475	0.0836	1
LI_ASB_001	1401062400	3130_aom	238784.859375	179870.234375	9401.9462890625	0.0776481915736183	0.027108	NA	1
LI_ASB_001	1403568000	3130_aom	238784.859375	179870.234375	9401.9462890625	0.0776481915736183	0.024849	NA	1
LI_ASB_001	1406073600	3130_aom	238784.859375	179870.234375	9401.9462890625	0.0776481915736183	0.049698	NA	1
LI_ASB_001	1408320000	3130_aom	238784.859375	179870.234375	9401.9462890625	0.0776481915736183	0.038403	NA	1
LI_ASB_001	1411344000	3130_aom	238784.859375	179870.234375	9401.9462890625	0.0854130107309801	0.106173	NA	1
LI_ASB_001	1414454400	3130_aom	238784.859375	179870.234375	9401.9462890625	0.217414936406131	0.29367	NA	1
LI_ASP_001	1465776000	3130_aom	240870.265625	181364.578125	73360.1015625	0.271768670507664	0.083583	0.1343	1
LI_ASP_001	1465776000	3130_na	240870.265625	181364.578125	73360.1015625	0.271768670507664	0.083583	0.1343	1
LI_ASP_001	1467590400	3130_aom	240870.265625	181364.578125	73360.1015625	0.25623903219294	0.02259	0.1985	1
LI_ASP_001	1467590400	3130_na	240870.265625	181364.578125	73360.1015625	0.25623903219294	0.02259	0.1985	1
LI_ASP_001	1471305600	3130_aom	240870.265625	181364.578125	73360.1015625	0.419300234497539	0.027108	0.1679	1
LI_ASP_001	1471305600	3130_na	240870.265625	181364.578125	73360.1015625	0.419300234497539	0.027108	0.1679	1
LI_ASP_001	1474243200	3130_aom	240870.265625	181364.578125	73360.1015625	0.0388240957868091	0.02259	0.1412	1
LI_ASP_001	1474243200	3130_na	240870.265625	181364.578125	73360.1015625	0.0388240957868091	0.02259	0.1412	1
LI_ASP_001	1476662400	3130_aom	240870.265625	181364.578125	73360.1015625	0.0388240957868091	0.031626	0.0999	1
LI_ASP_001	1476662400	3130_na	240870.265625	181364.578125	73360.1015625	0.0388240957868091	0.031626	0.0999	1
LI_ASP_001	1479686400	3130_aom	240870.265625	181364.578125	73360.1015625	0.450359511126986	0.435987	0.0727	1
LI_ASP_001	1479686400	3130_na	240870.265625	181364.578125	73360.1015625	0.450359511126986	0.435987	0.0727	1
LI_ASP_001	1480896000	3130_aom	240870.265625	181364.578125	73360.1015625	0.442594691969624	0.433728	0.0672	1
LI_ASP_001	1480896000	3130_na	240870.265625	181364.578125	73360.1015625	0.442594691969624	0.433728	0.0672	1
LI_ASP_001	1483920000	3130_aom	240870.265625	181364.578125	73360.1015625	0.349416862081282	0.634779	0.0477	1
LI_ASP_001	1483920000	3130_na	240870.265625	181364.578125	73360.1015625	0.349416862081282	0.634779	0.0477	1
LI_ASP_001	1485734400	3130_aom	240870.265625	181364.578125	73360.1015625	0.0776481915736183	0.623484	0.0231	1
LI_ASP_001	1485734400	3130_na	240870.265625	181364.578125	73360.1015625	0.0776481915736183	0.623484	0.0231	1
LI_ASP_001	1488153600	3130_aom	240870.265625	181364.578125	73360.1015625	0.0465889149441709	0.38403	0.0238	1
LI_ASP_001	1488153600	3130_na	240870.265625	181364.578125	73360.1015625	0.0465889149441709	0.38403	0.0238	1
LI_ASP_001	1491177600	3130_aom	240870.265625	181364.578125	73360.1015625	0.163061202304598	0.074547	0.0373	1
LI_ASP_001	1491177600	3130_na	240870.265625	181364.578125	73360.1015625	0.163061202304598	0.074547	0.0373	1
LI_ASP_001	1494806400	3130_aom	240870.265625	181364.578125	73360.1015625	0.100942649045704	0.273339	0.051	1
LI_ASP_001	1494806400	3130_na	240870.265625	181364.578125	73360.1015625	0.100942649045704	0.273339	0.051	1
LI_ASP_002	1529366400	3130_aom	240792.8125	181131.703125	4384.28271484375	0.0388240957868091	0.049698	0.0587	1
LI_ASP_002	1543190400	3130_aom	240792.8125	181131.703125	4384.28271484375	0.100942649045704	3.47886	0.0272	1
LI_ASP_002	1544400000	3130_aom	240792.8125	181131.703125	4384.28271484375	0.0776481915736183	1.978884	0.02	1
LI_BAT_001	1529280000	3130_aom	244847.765625	203086.875	39875.48828125	0.0388240957868091	0.033885	0.0456	1
LI_BAT_001	1530576000	3130_aom	244847.765625	203086.875	39875.48828125	0.0388240957868091	0.04518	0.02	1
LI_BAT_001	1533513600	3130_aom	244847.765625	203086.875	39875.48828125	0.240709393878217	0.063252	0.1568	1
LI_BAT_001	1544400000	3130_aom	244847.765625	203086.875	39875.48828125	0.0543537341015328	0.173943	0.0314	1
LI_BBV_001	1505088000	3130_aom	236557.21875	192255.34375	899.419372558594	0.0465889149441709	0.065511	0.6189	1
LI_BBV_001	1507507200	3130_aom	236557.21875	192255.34375	899.419372558594	0.0698833724162564	0.088101	0.6419	1
LI_BBV_001	1509926400	3130_aom	236557.21875	192255.34375	899.419372558594	0.0388240957868091	0.036144	0.071	1
LI_BBV_001	1512345600	3130_aom	236557.21875	192255.34375	899.419372558594	0.0388240957868091	0.266562	0.0548	1
LI_BBV_001	1514851200	3130_aom	236557.21875	192255.34375	899.419372558594	0.139766744832513	1.777833	0.86	1
LI_BBV_001	1517184000	3130_aom	236557.21875	192255.34375	899.419372558594	0.0388240957868091	0.327555	0.139	1
LI_BBV_001	1520208000	3130_aom	236557.21875	192255.34375	899.419372558594	0.364946500396006	0.415656	0.327	1
LI_BBV_001	1522713600	3130_aom	236557.21875	192255.34375	899.419372558594	0.0465889149441709	0.042921	0.091	1
LI_BBV_001	1526256000	3130_aom	236557.21875	192255.34375	899.419372558594	0.0388240957868091	0.024849	0.6862	1
LI_BBV_002	1498435200	3130_aom	236997.1875	192673.609375	3260.53100585938	0.0543537341015328	6.987087	0.02	1
LI_BBV_002	1498435200	3130_na	236997.1875	192673.609375	3260.53100585938	0.0543537341015328	6.987087	0.02	1
LI_BBV_002	1500854400	3130_aom	236997.1875	192673.609375	3260.53100585938	0.0621185532588946	5.437413	0.02	1
LI_BBV_002	1500854400	3130_na	236997.1875	192673.609375	3260.53100585938	0.0621185532588946	5.437413	0.02	1
LI_BBV_002	1502064000	3130_aom	236997.1875	192673.609375	3260.53100585938	0.139766744832513	5.159556	0.02	1
LI_BBV_002	1502064000	3130_na	236997.1875	192673.609375	3260.53100585938	0.139766744832513	5.159556	0.02	1
LI_BBV_002	1505088000	3130_aom	236997.1875	192673.609375	3260.53100585938	0.0465889149441709	5.08275	0.02	1
LI_BBV_002	1505088000	3130_na	236997.1875	192673.609375	3260.53100585938	0.0465889149441709	5.08275	0.02	1
LI_BBV_002	1507507200	3130_aom	236997.1875	192673.609375	3260.53100585938	0.0854130107309801	6.467517	0.02	1
LI_BBV_002	1507507200	3130_na	236997.1875	192673.609375	3260.53100585938	0.0854130107309801	6.467517	0.02	1
LI_BBV_002	1509926400	3130_aom	236997.1875	192673.609375	3260.53100585938	0.100942649045704	8.105292	0.02	1
LI_BBV_002	1509926400	3130_na	236997.1875	192673.609375	3260.53100585938	0.100942649045704	8.105292	0.02	1
LI_BBV_002	1512345600	3130_aom	236997.1875	192673.609375	3260.53100585938	0.108707468203066	10.000593	0.02	1
LI_BBV_002	1512345600	3130_na	236997.1875	192673.609375	3260.53100585938	0.108707468203066	10.000593	0.02	1
LI_BBV_002	1514851200	3130_aom	236997.1875	192673.609375	3260.53100585938	0.0776481915736183	10.373328	0.0749	1
LI_BBV_002	1514851200	3130_na	236997.1875	192673.609375	3260.53100585938	0.0776481915736183	10.373328	0.0749	1
LI_BBV_002	1517184000	3130_aom	236997.1875	192673.609375	3260.53100585938	0.0388240957868091	11.444094	0.02	1
LI_BBV_002	1517184000	3130_na	236997.1875	192673.609375	3260.53100585938	0.0388240957868091	11.444094	0.02	1
LI_BBV_002	1520208000	3130_aom	236997.1875	192673.609375	3260.53100585938	0.0854130107309801	13.325841	0.02	1
LI_BBV_002	1520208000	3130_na	236997.1875	192673.609375	3260.53100585938	0.0854130107309801	13.325841	0.02	1
LI_BBV_002	1522713600	3130_aom	236997.1875	192673.609375	3260.53100585938	0.0388240957868091	11.523159	0.02	1
LI_BBV_002	1522713600	3130_na	236997.1875	192673.609375	3260.53100585938	0.0388240957868091	11.523159	0.02	1
LI_BBV_002	1526256000	3130_aom	236997.1875	192673.609375	3260.53100585938	0.0388240957868091	7.795809	0.02	1
LI_BBV_002	1526256000	3130_na	236997.1875	192673.609375	3260.53100585938	0.0388240957868091	7.795809	0.02	1
LI_BEG_001	1399334400	3130_aom	221604.46875	200327.984375	3972.8681640625	0.0776481915736183	0.11295	NA	1
LI_BEG_001	1402876800	3130_aom	221604.46875	200327.984375	3972.8681640625	0.458124330284348	0.241713	NA	1
LI_BEG_001	1405296000	3130_aom	221604.46875	200327.984375	3972.8681640625	0.0776481915736183	0.02259	NA	1
LI_BEG_001	1408406400	3130_aom	221604.46875	200327.984375	3972.8681640625	0.0776481915736183	0.02259	NA	1
LI_BEG_001	1411430400	3130_aom	221604.46875	200327.984375	3972.8681640625	0.0931778298883419	0.137799	NA	1
LI_BEG_001	1414972800	3130_aom	221604.46875	200327.984375	3972.8681640625	0.0776481915736183	0.115209	NA	1
LI_BEG_002	1528675200	3130_aom	221469.4375	200665.21875	10549.08984375	0.0388240957868091	0.047439	0.0851	1
LI_BEG_002	1530489600	3130_aom	221469.4375	200665.21875	10549.08984375	0.0388240957868091	0.033885	0.0532	1
LI_BEG_002	1533513600	3130_aom	221469.4375	200665.21875	10549.08984375	0.0388240957868091	0.06777	0.1373	1
LI_BEG_002	1537747200	3130_aom	221469.4375	200665.21875	10549.08984375	0.520242883543242	0.056475	0.1477	1
LI_BEG_002	1540252800	3130_aom	221469.4375	200665.21875	10549.08984375	1.79367322535058	0.142317	0.2439	1
LI_BEG_002	1542585600	3130_aom	221469.4375	200665.21875	10549.08984375	1.62284720388862	0.047439	0.0727	1
LI_BEG_002	1545091200	3130_aom	221469.4375	200665.21875	10549.08984375	0.644479990061031	0.04518	0.0582	1
LI_BEG_003	1528675200	3130_aom	221679.890625	199685.5	1561.73229980469	0.116472287360427	0.049698	0.0483	1
LI_BEG_003	1530489600	3130_aom	221679.890625	199685.5	1561.73229980469	0.0931778298883419	0.088101	0.0398	1
LI_BEG_003	1545091200	3130_aom	221679.890625	199685.5	1561.73229980469	0.0388240957868091	0.042921	0.045	1
LI_BER_001	1399939200	3130_aom	242761.546875	196188.78125	146987.421875	0.0776481915736183	0.031626	NA	1
LI_BER_001	1399939200	3130_na	242761.546875	196188.78125	146987.421875	0.0776481915736183	0.031626	NA	1
LI_BER_001	1403481600	3130_aom	242761.546875	196188.78125	146987.421875	0.0776481915736183	0.02259	NA	1
LI_BER_001	1403481600	3130_na	242761.546875	196188.78125	146987.421875	0.0776481915736183	0.02259	NA	1
LI_BER_001	1405987200	3130_aom	242761.546875	196188.78125	146987.421875	0.0776481915736183	0.051957	NA	1
LI_BER_001	1405987200	3130_na	242761.546875	196188.78125	146987.421875	0.0776481915736183	0.051957	NA	1
LI_BER_001	1408320000	3130_aom	242761.546875	196188.78125	146987.421875	0.0776481915736183	0.027108	NA	1
LI_BER_001	1408320000	3130_na	242761.546875	196188.78125	146987.421875	0.0776481915736183	0.027108	NA	1
LI_BER_001	1411344000	3130_aom	242761.546875	196188.78125	146987.421875	0.0776481915736183	0.036144	NA	1
LI_BER_001	1411344000	3130_na	242761.546875	196188.78125	146987.421875	0.0776481915736183	0.036144	NA	1
LI_BER_001	1414454400	3130_aom	242761.546875	196188.78125	146987.421875	0.0776481915736183	0.033885	NA	1
LI_BER_001	1414454400	3130_na	242761.546875	196188.78125	146987.421875	0.0776481915736183	0.033885	NA	1
LI_BER_002	1432598400	3130_aom	243101.53125	195509.5	328917.21875	0.0388240957868091	0.02259	0.02	1
LI_BER_002	1432598400	3130_na	243101.53125	195509.5	328917.21875	0.0388240957868091	0.02259	0.02	1
LI_BER_002	1433721600	3130_aom	243101.53125	195509.5	328917.21875	0.0388240957868091	0.024849	0.02	1
LI_BER_002	1433721600	3130_na	243101.53125	195509.5	328917.21875	0.0388240957868091	0.024849	0.02	1
LI_BER_002	1436140800	3130_aom	243101.53125	195509.5	328917.21875	0.0388240957868091	0.033885	0.02	1
LI_BER_002	1436140800	3130_na	243101.53125	195509.5	328917.21875	0.0388240957868091	0.033885	0.02	1
LI_BER_002	1438560000	3130_aom	243101.53125	195509.5	328917.21875	0.0388240957868091	0.02259	0.02	1
LI_BER_002	1438560000	3130_na	243101.53125	195509.5	328917.21875	0.0388240957868091	0.02259	0.02	1
LI_BER_002	1440979200	3130_aom	243101.53125	195509.5	328917.21875	0.0543537341015328	0.033885	0.02	1
LI_BER_002	1440979200	3130_na	243101.53125	195509.5	328917.21875	0.0543537341015328	0.033885	0.02	1
LI_BER_002	1444003200	3130_aom	243101.53125	195509.5	328917.21875	0.0465889149441709	0.033885	0.02	1
LI_BER_002	1444003200	3130_na	243101.53125	195509.5	328917.21875	0.0465889149441709	0.033885	0.02	1
LI_BER_002	1446508800	3130_aom	243101.53125	195509.5	328917.21875	0.0388240957868091	0.02259	0.02	1
LI_BER_002	1446508800	3130_na	243101.53125	195509.5	328917.21875	0.0388240957868091	0.02259	0.02	1
LI_BER_002	1448841600	3130_aom	243101.53125	195509.5	328917.21875	0.0388240957868091	0.031626	0.02	1
LI_BER_002	1448841600	3130_na	243101.53125	195509.5	328917.21875	0.0388240957868091	0.031626	0.02	1
LI_BER_002	1452470400	3130_aom	243101.53125	195509.5	328917.21875	0.0388240957868091	0.040662	0.02	1
LI_BER_002	1452470400	3130_na	243101.53125	195509.5	328917.21875	0.0388240957868091	0.040662	0.02	1
LI_BER_002	1454284800	3130_aom	243101.53125	195509.5	328917.21875	0.0388240957868091	0.088101	0.02	1
LI_BER_002	1454284800	3130_na	243101.53125	195509.5	328917.21875	0.0388240957868091	0.088101	0.02	1
LI_BER_002	1457308800	3130_aom	243101.53125	195509.5	328917.21875	0.0388240957868091	0.128763	0.02	1
LI_BER_002	1457308800	3130_na	243101.53125	195509.5	328917.21875	0.0388240957868091	0.128763	0.02	1
LI_BER_002	1459814400	3130_aom	243101.53125	195509.5	328917.21875	0.0388240957868091	0.054216	0.02	1
LI_BER_002	1459814400	3130_na	243101.53125	195509.5	328917.21875	0.0388240957868091	0.054216	0.02	1
LI_BER_002	1462233600	3130_aom	243101.53125	195509.5	328917.21875	0.0388240957868091	0.027108	0.02	1
LI_BER_002	1462233600	3130_na	243101.53125	195509.5	328917.21875	0.0388240957868091	0.027108	0.02	1
LI_BER_003	1498435200	3130_na	243087.3125	196088.9375	17273.322265625	0.0388240957868091	0.049698	0.025	1
LI_BER_003	1498435200	3140	243087.3125	196088.9375	17273.322265625	0.0388240957868091	0.049698	0.025	1
LI_BER_003	1500854400	3130_na	243087.3125	196088.9375	17273.322265625	0.0388240957868091	0.033885	0.02	1
LI_BER_003	1500854400	3140	243087.3125	196088.9375	17273.322265625	0.0388240957868091	0.033885	0.02	1
LI_BER_003	1502064000	3130_na	243087.3125	196088.9375	17273.322265625	0.124237106517789	0.054216	0.02	1
LI_BER_003	1502064000	3140	243087.3125	196088.9375	17273.322265625	0.124237106517789	0.054216	0.02	1
LI_BER_003	1505088000	3130_na	243087.3125	196088.9375	17273.322265625	0.0621185532588946	0.083583	0.02	1
LI_BER_003	1505088000	3140	243087.3125	196088.9375	17273.322265625	0.0621185532588946	0.083583	0.02	1
LI_BER_003	1507507200	3130_na	243087.3125	196088.9375	17273.322265625	0.0621185532588946	0.083583	0.0264	1
LI_BER_003	1507507200	3140	243087.3125	196088.9375	17273.322265625	0.0621185532588946	0.083583	0.0264	1
LI_BER_003	1509926400	3130_na	243087.3125	196088.9375	17273.322265625	0.225179755563493	0.060993	0.02	1
LI_BER_003	1509926400	3140	243087.3125	196088.9375	17273.322265625	0.225179755563493	0.060993	0.02	1
LI_BER_003	1512345600	3130_na	243087.3125	196088.9375	17273.322265625	0.217414936406131	0.201051	0.022	1
LI_BER_003	1512345600	3140	243087.3125	196088.9375	17273.322265625	0.217414936406131	0.201051	0.022	1
LI_BER_003	1514851200	3130_na	243087.3125	196088.9375	17273.322265625	0.139766744832513	0.291411	0.0538	1
LI_BER_003	1514851200	3140	243087.3125	196088.9375	17273.322265625	0.139766744832513	0.291411	0.0538	1
LI_BER_003	1517184000	3130_na	243087.3125	196088.9375	17273.322265625	0.0388240957868091	0.363699	0.02	1
LI_BER_003	1517184000	3140	243087.3125	196088.9375	17273.322265625	0.0388240957868091	0.363699	0.02	1
LI_BER_003	1520208000	3130_na	243087.3125	196088.9375	17273.322265625	0.0776481915736183	0.307224	0.021	1
LI_BER_003	1520208000	3140	243087.3125	196088.9375	17273.322265625	0.0776481915736183	0.307224	0.021	1
LI_BER_003	1522713600	3130_na	243087.3125	196088.9375	17273.322265625	0.0388240957868091	0.15813	0.02	1
LI_BER_003	1522713600	3140	243087.3125	196088.9375	17273.322265625	0.0388240957868091	0.15813	0.02	1
LI_BER_003	1526256000	3130_na	243087.3125	196088.9375	17273.322265625	0.0388240957868091	0.031626	0.0238	1
LI_BER_003	1526256000	3140	243087.3125	196088.9375	17273.322265625	0.0388240957868091	0.031626	0.0238	1
LI_BER_004	1529280000	3130_aom	242940.40625	196582.65625	1592.33117675781	0.0388240957868091	0.094878	0.215	1
LI_BER_004	1530576000	3130_aom	242940.40625	196582.65625	1592.33117675781	0.0931778298883419	0.074547	0.2538	1
LI_BER_004	1533513600	3130_aom	242940.40625	196582.65625	1592.33117675781	2.79533489665026	0.049698	0.2091	1
LI_BER_004	1536537600	3130_aom	242940.40625	196582.65625	1592.33117675781	3.42428524839656	0.063252	0.2037	1
LI_BER_004	1543190400	3130_aom	242940.40625	196582.65625	1592.33117675781	0.34165204292392	0.027108	0.1294	1
LI_BER_004	1544400000	3130_aom	242940.40625	196582.65625	1592.33117675781	0.621185532588946	0.151353	0.0563	1
LI_BOK_001	1398643200	3150	222063.515625	183724.609375	7508.43408203125	0.0776481915736183	0.027108	NA	1
LI_BOK_001	1402444800	3150	222063.515625	183724.609375	7508.43408203125	0.209650117248769	0.063252	NA	1
LI_BOK_001	1404172800	3150	222063.515625	183724.609375	7508.43408203125	0.108707468203066	0.031626	NA	1
LI_BOK_001	1407196800	3150	222063.515625	183724.609375	7508.43408203125	0.0776481915736183	0.056475	NA	1
LI_BOK_001	1410220800	3150	222063.515625	183724.609375	7508.43408203125	0.0776481915736183	0.079065	NA	1
LI_BOK_001	1413849600	3150	222063.515625	183724.609375	7508.43408203125	0.0776481915736183	0.047439	NA	1
LI_BOK_002	1432598400	3130_na	221766.15625	183584.875	35702.4140625	0.0388240957868091	0.02259	0.077	1
LI_BOK_002	1433808000	3130_na	221766.15625	183584.875	35702.4140625	0.0388240957868091	0.040662	0.046	1
LI_BOK_002	1436227200	3130_na	221766.15625	183584.875	35702.4140625	0.0388240957868091	0.040662	0.0435	1
LI_BOK_002	1438646400	3130_na	221766.15625	183584.875	35702.4140625	0.0388240957868091	0.04518	0.07	1
LI_BOK_002	1441065600	3130_na	221766.15625	183584.875	35702.4140625	0.0388240957868091	0.04518	0.0911	1
LI_BOK_002	1444089600	3130_na	221766.15625	183584.875	35702.4140625	0.209650117248769	0.047439	0.18	1
LI_BOK_002	1446595200	3130_na	221766.15625	183584.875	35702.4140625	0.318357585451835	0.02259	0.06	1
LI_BOK_002	1448928000	3130_na	221766.15625	183584.875	35702.4140625	0.434829872812262	0.192015	0.06	1
LI_BOK_002	1452556800	3130_na	221766.15625	183584.875	35702.4140625	0.512478064385881	0.101655	0.0379	1
LI_BOK_002	1455580800	3130_na	221766.15625	183584.875	35702.4140625	0.411535415340177	0.212346	0.0614	1
LI_BOK_002	1457395200	3130_na	221766.15625	183584.875	35702.4140625	0.4270650536549	0.20331	0.0416	1
LI_BOK_002	1460332800	3130_na	221766.15625	183584.875	35702.4140625	0.0388240957868091	0.106173	0.0461	1
LI_BOK_002	1463529600	3130_na	221766.15625	183584.875	35702.4140625	0.0388240957868091	0.031626	0.0469	1
LI_BOK_003	1433808000	3130_na	221877.15625	183587.25	22481.7109375	0.0854130107309801	0.099396	0.11	1
LI_BOK_003	1436227200	3130_na	221877.15625	183587.25	22481.7109375	0.0388240957868091	0.040662	0.115	1
LI_BOK_003	1438646400	3130_na	221877.15625	183587.25	22481.7109375	0.0388240957868091	0.065511	0.1	1
LI_BOK_003	1441065600	3130_na	221877.15625	183587.25	22481.7109375	0.0388240957868091	0.09036	0.0567	1
LI_BOK_003	1444089600	3130_na	221877.15625	183587.25	22481.7109375	0.0388240957868091	0.031626	0.08	1
LI_BOK_003	1446595200	3130_na	221877.15625	183587.25	22481.7109375	0.0931778298883419	0.040662	0.08	1
LI_BOK_003	1448928000	3130_na	221877.15625	183587.25	22481.7109375	0.279533489665026	0.13554	0.07	1
LI_BOK_003	1452556800	3130_na	221877.15625	183587.25	22481.7109375	2.08873635333033	0.04518	0.1941	1
LI_BOK_003	1455580800	3130_na	221877.15625	183587.25	22481.7109375	1.00942649045704	0.142317	0.0303	1
LI_BOK_003	1457395200	3130_na	221877.15625	183587.25	22481.7109375	0.458124330284348	0.31626	0.0699	1
LI_BOK_003	1460332800	3130_na	221877.15625	183587.25	22481.7109375	0.0388240957868091	0.054216	0.1259	1
LI_BOK_003	1463529600	3130_na	221877.15625	183587.25	22481.7109375	0.178590840619322	0.02259	0.0864	1
LI_BOK_004	1464652800	3130_aom	221885.890625	184125.6875	25928.8359375	0.302827947137111	0.124245	0.0558	1
LI_BOK_004	1464652800	3130_na	221885.890625	184125.6875	25928.8359375	0.302827947137111	0.124245	0.0558	1
LI_BOK_004	1467072000	3130_aom	221885.890625	184125.6875	25928.8359375	0.163061202304598	0.070029	0.0593	1
LI_BOK_004	1467072000	3130_na	221885.890625	184125.6875	25928.8359375	0.163061202304598	0.070029	0.0593	1
LI_BOK_004	1471824000	3130_aom	221885.890625	184125.6875	25928.8359375	0.310592766294473	0.117468	0.0495	1
LI_BOK_004	1471824000	3130_na	221885.890625	184125.6875	25928.8359375	0.310592766294473	0.117468	0.0495	1
LI_BOK_004	1474329600	3130_aom	221885.890625	184125.6875	25928.8359375	0.0388240957868091	0.02259	0.0729	1
LI_BOK_004	1474329600	3130_na	221885.890625	184125.6875	25928.8359375	0.0388240957868091	0.02259	0.0729	1
LI_BOK_004	1476144000	3130_aom	221885.890625	184125.6875	25928.8359375	0.0388240957868091	0.070029	0.0552	1
LI_BOK_004	1476144000	3130_na	221885.890625	184125.6875	25928.8359375	0.0388240957868091	0.070029	0.0552	1
LI_BOK_004	1480291200	3130_aom	221885.890625	184125.6875	25928.8359375	0.116472287360427	0.257526	0.063	1
LI_BOK_004	1480291200	3130_na	221885.890625	184125.6875	25928.8359375	0.116472287360427	0.257526	0.063	1
LI_BOK_004	1480896000	3130_aom	221885.890625	184125.6875	25928.8359375	0.139766744832513	0.309483	0.0639	1
LI_BOK_004	1480896000	3130_na	221885.890625	184125.6875	25928.8359375	0.139766744832513	0.309483	0.0639	1
LI_BOK_004	1483315200	3130_aom	221885.890625	184125.6875	25928.8359375	0.512478064385881	0.341109	0.1428	1
LI_BOK_004	1483315200	3130_na	221885.890625	184125.6875	25928.8359375	0.512478064385881	0.341109	0.1428	1
LI_BOK_004	1491868800	3130_aom	221885.890625	184125.6875	25928.8359375	0.0388240957868091	0.040662	0.0329	1
LI_BOK_004	1491868800	3130_na	221885.890625	184125.6875	25928.8359375	0.0388240957868091	0.040662	0.0329	1
LI_BOK_004	1494892800	3130_aom	221885.890625	184125.6875	25928.8359375	0.0621185532588946	0.063252	0.02	1
LI_BOK_004	1494892800	3130_na	221885.890625	184125.6875	25928.8359375	0.0621185532588946	0.063252	0.02	1
LI_BOK_006	1466467200	3130_aom	221087.171875	182685.875	7062.7392578125	0.0388240957868091	0.083583	0.1156	1
LI_BOK_006	1466467200	3130_na	221087.171875	182685.875	7062.7392578125	0.0388240957868091	0.083583	0.1156	1
LI_BOK_006	1467590400	3130_aom	221087.171875	182685.875	7062.7392578125	0.0388240957868091	0.02259	0.0252	1
LI_BOK_006	1467590400	3130_na	221087.171875	182685.875	7062.7392578125	0.0388240957868091	0.02259	0.0252	1
LI_BOK_006	1471824000	3130_aom	221087.171875	182685.875	7062.7392578125	0.0388240957868091	0.02259	0.0939	1
LI_BOK_006	1471824000	3130_na	221087.171875	182685.875	7062.7392578125	0.0388240957868091	0.02259	0.0939	1
LI_BOK_006	1474329600	3130_aom	221087.171875	182685.875	7062.7392578125	0.0388240957868091	0.02259	0.1059	1
LI_BOK_006	1474329600	3130_na	221087.171875	182685.875	7062.7392578125	0.0388240957868091	0.02259	0.1059	1
LI_BOK_006	1476144000	3130_aom	221087.171875	182685.875	7062.7392578125	0.0388240957868091	0.02259	0.1559	1
LI_BOK_006	1476144000	3130_na	221087.171875	182685.875	7062.7392578125	0.0388240957868091	0.02259	0.1559	1
LI_BOK_006	1480291200	3130_aom	221087.171875	182685.875	7062.7392578125	0.0388240957868091	0.054216	0.0926	1
LI_BOK_006	1480291200	3130_na	221087.171875	182685.875	7062.7392578125	0.0388240957868091	0.054216	0.0926	1
LI_BOK_006	1480896000	3130_aom	221087.171875	182685.875	7062.7392578125	0.0388240957868091	0.047439	0.0902	1
LI_BOK_006	1480896000	3130_na	221087.171875	182685.875	7062.7392578125	0.0388240957868091	0.047439	0.0902	1
LI_BOK_006	1485216000	3130_aom	221087.171875	182685.875	7062.7392578125	0.0388240957868091	0.070029	0.08	1
LI_BOK_006	1485216000	3130_na	221087.171875	182685.875	7062.7392578125	0.0388240957868091	0.070029	0.08	1
LI_BOK_006	1486339200	3130_aom	221087.171875	182685.875	7062.7392578125	0.0388240957868091	0.02259	0.0276	1
LI_BOK_006	1486339200	3130_na	221087.171875	182685.875	7062.7392578125	0.0388240957868091	0.02259	0.0276	1
LI_BOK_006	1488844800	3130_aom	221087.171875	182685.875	7062.7392578125	0.0388240957868091	0.040662	0.0383	1
LI_BOK_006	1488844800	3130_na	221087.171875	182685.875	7062.7392578125	0.0388240957868091	0.040662	0.0383	1
LI_BOK_006	1491868800	3130_aom	221087.171875	182685.875	7062.7392578125	0.0388240957868091	0.04518	0.0512	1
LI_BOK_006	1491868800	3130_na	221087.171875	182685.875	7062.7392578125	0.0388240957868091	0.04518	0.0512	1
LI_BOK_006	1494892800	3130_aom	221087.171875	182685.875	7062.7392578125	0.155296383147237	0.065511	0.042	1
LI_BOK_006	1494892800	3130_na	221087.171875	182685.875	7062.7392578125	0.155296383147237	0.065511	0.042	1
LI_BOK_007	1464652800	3130_aom	221916.984375	184180.90625	23164.75	1.25790070349262	0.097137	0.2567	1
LI_BOK_007	1464652800	3130_na	221916.984375	184180.90625	23164.75	1.25790070349262	0.097137	0.2567	1
LI_BOK_007	1467072000	3130_aom	221916.984375	184180.90625	23164.75	1.84026214029475	0.02259	0.1828	1
LI_BOK_007	1467072000	3130_na	221916.984375	184180.90625	23164.75	1.84026214029475	0.02259	0.1828	1
LI_BOK_007	1471824000	3130_aom	221916.984375	184180.90625	23164.75	0.0388240957868091	0.02259	0.066	1
LI_BOK_007	1471824000	3130_na	221916.984375	184180.90625	23164.75	0.0388240957868091	0.02259	0.066	1
LI_BOK_007	1474329600	3130_aom	221916.984375	184180.90625	23164.75	0.0388240957868091	0.02259	0.0734	1
LI_BOK_007	1474329600	3130_na	221916.984375	184180.90625	23164.75	0.0388240957868091	0.02259	0.0734	1
LI_BOK_007	1476144000	3130_aom	221916.984375	184180.90625	23164.75	0.0854130107309801	0.056475	0.0898	1
LI_BOK_007	1476144000	3130_na	221916.984375	184180.90625	23164.75	0.0854130107309801	0.056475	0.0898	1
LI_BOK_007	1480291200	3130_aom	221916.984375	184180.90625	23164.75	0.0543537341015328	0.162648	0.0525	1
LI_BOK_007	1480291200	3130_na	221916.984375	184180.90625	23164.75	0.0543537341015328	0.162648	0.0525	1
LI_BOK_007	1480896000	3130_aom	221916.984375	184180.90625	23164.75	0.100942649045704	0.198792	0.066	1
LI_BOK_007	1480896000	3130_na	221916.984375	184180.90625	23164.75	0.100942649045704	0.198792	0.066	1
LI_BOK_007	1483315200	3130_aom	221916.984375	184180.90625	23164.75	0.496948426071157	0.298188	0.0519	1
LI_BOK_007	1483315200	3130_na	221916.984375	184180.90625	23164.75	0.496948426071157	0.298188	0.0519	1
LI_BOK_007	1491868800	3130_aom	221916.984375	184180.90625	23164.75	0.0388240957868091	0.054216	0.0307	1
LI_BOK_007	1491868800	3130_na	221916.984375	184180.90625	23164.75	0.0388240957868091	0.054216	0.0307	1
LI_BOK_007	1494892800	3130_aom	221916.984375	184180.90625	23164.75	0.0776481915736183	0.04518	0.023	1
LI_BOK_007	1494892800	3130_na	221916.984375	184180.90625	23164.75	0.0776481915736183	0.04518	0.023	1
LI_BOK_008	1464652800	3130_aom	221573.75	183647.1875	5023.6083984375	0.0698833724162564	0.160389	0.0547	1
LI_BOK_008	1464652800	3130_na	221573.75	183647.1875	5023.6083984375	0.0698833724162564	0.160389	0.0547	1
LI_BOK_008	1467072000	3130_aom	221573.75	183647.1875	5023.6083984375	0.0388240957868091	0.02259	0.0891	1
LI_BOK_008	1467072000	3130_na	221573.75	183647.1875	5023.6083984375	0.0388240957868091	0.02259	0.0891	1
LI_BOK_008	1471824000	3130_aom	221573.75	183647.1875	5023.6083984375	0.0388240957868091	0.02259	0.0627	1
LI_BOK_008	1471824000	3130_na	221573.75	183647.1875	5023.6083984375	0.0388240957868091	0.02259	0.0627	1
LI_BOK_008	1474329600	3130_aom	221573.75	183647.1875	5023.6083984375	0.0388240957868091	0.027108	0.1416	1
LI_BOK_008	1474329600	3130_na	221573.75	183647.1875	5023.6083984375	0.0388240957868091	0.027108	0.1416	1
LI_BOK_008	1476144000	3130_aom	221573.75	183647.1875	5023.6083984375	0.0931778298883419	0.06777	0.1804	1
LI_BOK_008	1476144000	3130_na	221573.75	183647.1875	5023.6083984375	0.0931778298883419	0.06777	0.1804	1
LI_BOK_008	1480291200	3130_aom	221573.75	183647.1875	5023.6083984375	0.0388240957868091	0.02259	0.0652	1
LI_BOK_008	1480291200	3130_na	221573.75	183647.1875	5023.6083984375	0.0388240957868091	0.02259	0.0652	1
LI_BOK_008	1480896000	3130_aom	221573.75	183647.1875	5023.6083984375	0.0388240957868091	0.038403	0.1848	1
LI_BOK_008	1480896000	3130_na	221573.75	183647.1875	5023.6083984375	0.0388240957868091	0.038403	0.1848	1
LI_BOK_008	1485216000	3130_aom	221573.75	183647.1875	5023.6083984375	0.0388240957868091	0.070029	0.0467	1
LI_BOK_008	1485216000	3130_na	221573.75	183647.1875	5023.6083984375	0.0388240957868091	0.070029	0.0467	1
LI_BOK_008	1486339200	3130_aom	221573.75	183647.1875	5023.6083984375	0.0388240957868091	0.040662	0.034	1
LI_BOK_008	1486339200	3130_na	221573.75	183647.1875	5023.6083984375	0.0388240957868091	0.040662	0.034	1
LI_BOK_008	1488844800	3130_aom	221573.75	183647.1875	5023.6083984375	0.0388240957868091	0.024849	0.0654	1
LI_BOK_008	1488844800	3130_na	221573.75	183647.1875	5023.6083984375	0.0388240957868091	0.024849	0.0654	1
LI_BOK_008	1491868800	3130_aom	221573.75	183647.1875	5023.6083984375	0.0388240957868091	0.036144	0.0887	1
LI_BOK_008	1491868800	3130_na	221573.75	183647.1875	5023.6083984375	0.0388240957868091	0.036144	0.0887	1
LI_BOK_008	1494892800	3130_aom	221573.75	183647.1875	5023.6083984375	0.100942649045704	0.092619	0.084	1
LI_BOK_008	1494892800	3130_na	221573.75	183647.1875	5023.6083984375	0.100942649045704	0.092619	0.084	1
LI_DBR_001	1498435200	3150	243286.40625	202514.421875	322.793731689453	0.100942649045704	0.060993	0.127	1
LI_DBR_001	1500854400	3150	243286.40625	202514.421875	322.793731689453	0.0388240957868091	0.027108	0.111	1
LI_DBR_001	1502064000	3150	243286.40625	202514.421875	322.793731689453	0.0698833724162564	0.031626	0.117	1
LI_DBR_001	1505088000	3150	243286.40625	202514.421875	322.793731689453	0.0388240957868091	0.060993	0.0513	1
LI_DBR_001	1507507200	3150	243286.40625	202514.421875	322.793731689453	0.0388240957868091	0.056475	0.0397	1
LI_DBR_001	1509926400	3150	243286.40625	202514.421875	322.793731689453	0.0465889149441709	0.054216	0.024	1
LI_DBR_001	1512345600	3150	243286.40625	202514.421875	322.793731689453	0.0776481915736183	0.036144	0.0417	1
LI_DBR_001	1514851200	3150	243286.40625	202514.421875	322.793731689453	0.155296383147237	0.243972	0.02	1
LI_DBR_001	1517184000	3150	243286.40625	202514.421875	322.793731689453	0.0388240957868091	0.042921	0.033	1
LI_DBR_001	1520208000	3150	243286.40625	202514.421875	322.793731689453	0.209650117248769	0.02259	0.054	1
LI_DBR_001	1522713600	3150	243286.40625	202514.421875	322.793731689453	0.0388240957868091	0.02259	0.037	1
LI_DBR_001	1526256000	3150	243286.40625	202514.421875	322.793731689453	0.0388240957868091	0.036144	0.0458	1
LI_DBR_002	1498435200	3130_aom	243199.796875	202308.84375	2889.62182617188	0.0388240957868091	0.038403	0.042	1
LI_DBR_002	1500854400	3130_aom	243199.796875	202308.84375	2889.62182617188	0.0388240957868091	0.033885	0.034	1
LI_DBR_002	1502064000	3130_aom	243199.796875	202308.84375	2889.62182617188	0.0388240957868091	0.029367	0.106	1
LI_DBR_002	1505088000	3130_aom	243199.796875	202308.84375	2889.62182617188	0.0543537341015328	0.074547	0.1184	1
LI_DBR_002	1507507200	3130_aom	243199.796875	202308.84375	2889.62182617188	0.116472287360427	0.155871	0.0351	1
LI_DBR_002	1509926400	3130_aom	243199.796875	202308.84375	2889.62182617188	0.25623903219294	0.164907	0.306	1
LI_DBR_002	1512345600	3130_aom	243199.796875	202308.84375	2889.62182617188	0.209650117248769	0.282375	0.1054	1
LI_DBR_002	1514851200	3130_aom	243199.796875	202308.84375	2889.62182617188	0.132001925675151	0.162648	0.02	1
LI_DBR_002	1517184000	3130_aom	243199.796875	202308.84375	2889.62182617188	0.0388240957868091	0.070029	0.049	1
LI_DBR_002	1520208000	3130_aom	243199.796875	202308.84375	2889.62182617188	0.178590840619322	0.076806	0.061	1
LI_DBR_002	1522713600	3130_aom	243199.796875	202308.84375	2889.62182617188	0.0388240957868091	0.02259	0.027	1
LI_DBR_002	1526256000	3130_aom	243199.796875	202308.84375	2889.62182617188	0.0543537341015328	0.060993	0.0589	1
LI_DBR_003	1498435200	3130_aom	243734.109375	202424.546875	2957.08520507812	0.0931778298883419	0.121986	0.101	1
LI_DBR_003	1507507200	3130_aom	243734.109375	202424.546875	2957.08520507812	0.0543537341015328	0.072288	0.0285	1
LI_DBR_003	1512345600	3130_aom	243734.109375	202424.546875	2957.08520507812	0.0621185532588946	0.047439	0.0258	1
LI_DBR_003	1514851200	3130_aom	243734.109375	202424.546875	2957.08520507812	0.0388240957868091	0.065511	0.838	1
LI_DBR_003	1517184000	3130_aom	243734.109375	202424.546875	2957.08520507812	0.0388240957868091	0.031626	0.02	1
LI_DBR_003	1520208000	3130_aom	243734.109375	202424.546875	2957.08520507812	0.100942649045704	0.056475	0.02	1
LI_DBR_003	1522713600	3130_aom	243734.109375	202424.546875	2957.08520507812	0.0388240957868091	0.02259	0.02	1
LI_DBR_003	1526256000	3130_aom	243734.109375	202424.546875	2957.08520507812	0.0388240957868091	0.040662	0.02	1
LI_DKV_001	1512345600	3140	228667.390625	163548.375	119.191192626953	0.124237106517789	0.187497	0.3314	1
LI_DKV_001	1515369600	3140	228667.390625	163548.375	119.191192626953	0.0388240957868091	0.058734	0.0433	1
LI_DKV_001	1518393600	3140	228667.390625	163548.375	119.191192626953	0.0388240957868091	0.386289	0.0217	1
LI_DKV_001	1520208000	3140	228667.390625	163548.375	119.191192626953	0.0931778298883419	0.070029	0.039	1
LI_DKV_001	1523836800	3140	228667.390625	163548.375	119.191192626953	0.0388240957868091	0.031626	0.0213	1
LI_DKV_001	1526256000	3140	228667.390625	163548.375	119.191192626953	0.0543537341015328	0.029367	0.0405	1
LI_DKV_001	1530489600	3140	228667.390625	163548.375	119.191192626953	0.0388240957868091	0.036144	0.144	1
LI_DKV_002	1498521600	3140	228701.703125	163526.078125	152.15461730957	0.0388240957868091	0.027108	0.197	1
LI_DKV_002	1512345600	3140	228701.703125	163526.078125	152.15461730957	0.0388240957868091	0.117468	0.2654	1
LI_DKV_002	1515369600	3140	228701.703125	163526.078125	152.15461730957	0.0388240957868091	0.038403	0.0847	1
LI_DKV_002	1518393600	3140	228701.703125	163526.078125	152.15461730957	0.0388240957868091	0.02259	0.0573	1
LI_DKV_002	1520208000	3140	228701.703125	163526.078125	152.15461730957	0.232944574720855	0.081324	0.127	1
LI_DKV_002	1523836800	3140	228701.703125	163526.078125	152.15461730957	0.0388240957868091	0.031626	0.0512	1
LI_DKV_002	1526256000	3140	228701.703125	163526.078125	152.15461730957	0.0465889149441709	0.02259	0.0413	1
LI_DKV_002	1530489600	3140	228701.703125	163526.078125	152.15461730957	0.0388240957868091	0.047439	0.1181	1
LI_DOM_001	1497312000	3150	224666.625	207638.75	5547.3193359375	1.48308045905611	0.074547	0.3156	1
LI_DOM_001	1500940800	3150	224666.625	207638.75	5547.3193359375	1.87908623608156	0.094878	0.293	1
LI_DOM_001	1502150400	3150	224666.625	207638.75	5547.3193359375	2.26732719394965	0.347886	0.323	1
LI_DOM_001	1505088000	3150	224666.625	207638.75	5547.3193359375	1.42096190579721	0.953298	0.2068	1
LI_DOM_001	1506297600	3150	224666.625	207638.75	5547.3193359375	1.52190455484292	0.289152	0.277	1
LI_DOM_001	1508803200	3150	224666.625	207638.75	5547.3193359375	1.47531563989875	0.070029	0.3445	1
LI_DOM_001	1511827200	3150	224666.625	207638.75	5547.3193359375	0.838600468995077	0.103914	0.225	1
LI_DOM_001	1513555200	3150	224666.625	207638.75	5547.3193359375	0.706598543319926	0.33885	0.2322	1
LI_DOM_001	1516060800	3150	224666.625	207638.75	5547.3193359375	0.683304085847841	0.162648	0.228	1
LI_DOM_001	1518480000	3150	224666.625	207638.75	5547.3193359375	0.295063127979749	0.081324	0.1521	1
LI_DOM_001	1520899200	3150	224666.625	207638.75	5547.3193359375	0.0388240957868091	0.049698	0.16	1
LI_DOM_001	1523923200	3150	224666.625	207638.75	5547.3193359375	0.0388240957868091	0.060993	0.1493	1
LI_DOM_001	1526860800	3150	224666.625	207638.75	5547.3193359375	1.06378022455857	0.056475	0.6116	1
LI_DOM_002	1497312000	3150	223910.046875	205672.703125	1412.15588378906	0.116472287360427	0.038403	0.1272	1
LI_DOM_002	1500940800	3150	223910.046875	205672.703125	1412.15588378906	0.0388240957868091	0.065511	0.09	1
LI_DOM_002	1502150400	3150	223910.046875	205672.703125	1412.15588378906	0.0543537341015328	0.058734	0.178	1
LI_DOM_002	1505088000	3150	223910.046875	205672.703125	1412.15588378906	0.0698833724162564	0.056475	0.1688	1
LI_DOM_002	1506297600	3150	223910.046875	205672.703125	1412.15588378906	0.194120478934046	0.033885	0.477	1
LI_DOM_002	1508803200	3150	223910.046875	205672.703125	1412.15588378906	0.0388240957868091	0.029367	0.2026	1
LI_DOM_002	1511827200	3150	223910.046875	205672.703125	1412.15588378906	0.178590840619322	0.038403	0.26	1
LI_DOM_002	1513555200	3150	223910.046875	205672.703125	1412.15588378906	0.264003851350302	0.036144	0.1556	1
LI_DOM_002	1516060800	3150	223910.046875	205672.703125	1412.15588378906	0.372711319553368	0.056475	0.158	1
LI_DOM_002	1518480000	3150	223910.046875	205672.703125	1412.15588378906	0.0543537341015328	0.047439	0.1095	1
LI_DOM_002	1520899200	3150	223910.046875	205672.703125	1412.15588378906	0.0388240957868091	0.036144	0.231	1
LI_DOM_002	1523923200	3150	223910.046875	205672.703125	1412.15588378906	0.0388240957868091	0.058734	0.1109	1
LI_DOM_002	1526860800	3150	223910.046875	205672.703125	1412.15588378906	0.0621185532588946	0.058734	0.2797	1
LI_DON_002	1435017600	3130_aom	230201.390625	194435.484375	85414.390625	0.434829872812262	0.042921	0.0932	1
LI_DON_002	1435017600	3160	230201.390625	194435.484375	85414.390625	0.434829872812262	0.042921	0.0932	1
LI_DON_002	1437436800	3130_aom	230201.390625	194435.484375	85414.390625	0.0621185532588946	0.234936	0.121	1
LI_DON_002	1437436800	3160	230201.390625	194435.484375	85414.390625	0.0621185532588946	0.234936	0.121	1
LI_DON_002	1439856000	3130_aom	230201.390625	194435.484375	85414.390625	0.116472287360427	0.119727	0.1108	1
LI_DON_002	1439856000	3160	230201.390625	194435.484375	85414.390625	0.116472287360427	0.119727	0.1108	1
LI_DON_002	1442707200	3130_aom	230201.390625	194435.484375	85414.390625	0.792011554050906	0.097137	0.1007	1
LI_DON_002	1442707200	3160	230201.390625	194435.484375	85414.390625	0.792011554050906	0.097137	0.1007	1
LI_DON_002	1445299200	3130_aom	230201.390625	194435.484375	85414.390625	1.84802695945211	0.088101	0.08	1
LI_DON_002	1445299200	3160	230201.390625	194435.484375	85414.390625	1.84802695945211	0.088101	0.08	1
LI_DON_002	1447718400	3130_aom	230201.390625	194435.484375	85414.390625	2.85745344990915	0.124245	0.184	1
LI_DON_002	1447718400	3160	230201.390625	194435.484375	85414.390625	2.85745344990915	0.124245	0.184	1
LI_DON_002	1454284800	3130_aom	230201.390625	194435.484375	85414.390625	1.62284720388862	0.329814	0.0404	1
LI_DON_002	1454284800	3160	230201.390625	194435.484375	85414.390625	1.62284720388862	0.329814	0.0404	1
LI_DON_002	1456790400	3130_aom	230201.390625	194435.484375	85414.390625	0.675539266690479	0.494721	0.0303	1
LI_DON_002	1456790400	3160	230201.390625	194435.484375	85414.390625	0.675539266690479	0.494721	0.0303	1
LI_DON_002	1458518400	3130_aom	230201.390625	194435.484375	85414.390625	0.496948426071157	0.393066	0.0318	1
LI_DON_002	1458518400	3160	230201.390625	194435.484375	85414.390625	0.496948426071157	0.393066	0.0318	1
LI_DON_002	1462752000	3130_aom	230201.390625	194435.484375	85414.390625	0.271768670507664	0.402102	0.0456	1
LI_DON_002	1462752000	3160	230201.390625	194435.484375	85414.390625	0.271768670507664	0.402102	0.0456	1
LI_DON_003	1435017600	3160	230028.328125	194452.40625	5086.77099609375	0.0931778298883419	0.162648	0.0672	1
LI_DON_003	1437436800	3160	230028.328125	194452.40625	5086.77099609375	0.209650117248769	0.164907	0.101	1
LI_DON_003	1439856000	3160	230028.328125	194452.40625	5086.77099609375	1.18801733107636	0.164907	0.1415	1
LI_DON_003	1442707200	3160	230028.328125	194452.40625	5086.77099609375	1.7703787678785	0.110691	0.092	1
LI_DON_003	1445299200	3160	230028.328125	194452.40625	5086.77099609375	1.65390648051807	0.110691	0.1	1
LI_DON_003	1447718400	3160	230028.328125	194452.40625	5086.77099609375	2.88074790738124	0.117468	0.119	1
LI_DON_003	1454284800	3160	230028.328125	194452.40625	5086.77099609375	0.0465889149441709	0.063252	0.02	1
LI_DON_003	1456790400	3160	230028.328125	194452.40625	5086.77099609375	0.0388240957868091	0.176202	0.02	1
LI_DON_003	1458518400	3160	230028.328125	194452.40625	5086.77099609375	0.0388240957868091	1.052694	0.0204	1
LI_DON_003	1462752000	3160	230028.328125	194452.40625	5086.77099609375	0.0388240957868091	0.081324	0.0369	1
LI_DON_004	1465257600	3130_aom	230563.828125	195555.90625	47990.453125	0.147531563989875	0.237195	0.0667	1
LI_DON_004	1465257600	3130_na	230563.828125	195555.90625	47990.453125	0.147531563989875	0.237195	0.0667	1
LI_DON_004	1470096000	3130_aom	230563.828125	195555.90625	47990.453125	0.209650117248769	0.02259	0.1065	1
LI_DON_004	1470096000	3130_na	230563.828125	195555.90625	47990.453125	0.209650117248769	0.02259	0.1065	1
LI_DON_004	1472428800	3130_aom	230563.828125	195555.90625	47990.453125	0.0388240957868091	0.02259	0.0869	1
LI_DON_004	1472428800	3130_na	230563.828125	195555.90625	47990.453125	0.0388240957868091	0.02259	0.0869	1
LI_DON_004	1474848000	3130_aom	230563.828125	195555.90625	47990.453125	0.0621185532588946	0.02259	0.0422	1
LI_DON_004	1474848000	3130_na	230563.828125	195555.90625	47990.453125	0.0621185532588946	0.02259	0.0422	1
LI_DON_004	1477353600	3130_aom	230563.828125	195555.90625	47990.453125	0.0388240957868091	0.047439	0.0306	1
LI_DON_004	1477353600	3130_na	230563.828125	195555.90625	47990.453125	0.0388240957868091	0.047439	0.0306	1
LI_DON_004	1480291200	3130_aom	230563.828125	195555.90625	47990.453125	0.116472287360427	0.117468	0.0495	1
LI_DON_004	1480291200	3130_na	230563.828125	195555.90625	47990.453125	0.116472287360427	0.117468	0.0495	1
LI_DON_004	1483315200	3130_aom	230563.828125	195555.90625	47990.453125	0.139766744832513	0.137799	0.0592	1
LI_DON_004	1483315200	3130_na	230563.828125	195555.90625	47990.453125	0.139766744832513	0.137799	0.0592	1
LI_DON_004	1485129600	3130_aom	230563.828125	195555.90625	47990.453125	0.100942649045704	0.176202	0.0725	1
LI_DON_004	1485129600	3130_na	230563.828125	195555.90625	47990.453125	0.100942649045704	0.176202	0.0725	1
LI_DON_004	1486944000	3130_aom	230563.828125	195555.90625	47990.453125	0.0388240957868091	0.115209	0.0815	1
LI_DON_004	1486944000	3130_na	230563.828125	195555.90625	47990.453125	0.0388240957868091	0.115209	0.0815	1
LI_DON_004	1490054400	3130_aom	230563.828125	195555.90625	47990.453125	0.108707468203066	0.142317	0.0567	1
LI_DON_004	1490054400	3130_na	230563.828125	195555.90625	47990.453125	0.108707468203066	0.142317	0.0567	1
LI_DON_004	1492992000	3130_aom	230563.828125	195555.90625	47990.453125	0.178590840619322	0.284634	0.077	1
LI_DON_004	1492992000	3130_na	230563.828125	195555.90625	47990.453125	0.178590840619322	0.284634	0.077	1
LI_DON_004	1496102400	3130_aom	230563.828125	195555.90625	47990.453125	0.163061202304598	0.228159	0.131	1
LI_DON_004	1496102400	3130_na	230563.828125	195555.90625	47990.453125	0.163061202304598	0.228159	0.131	1
LI_EGO_001	1528675200	3150	213213.765625	160340.03125	95.344123840332	0.0388240957868091	0.02259	0.0314	1
LI_EGO_001	1530489600	3150	213213.765625	160340.03125	95.344123840332	0.0388240957868091	0.038403	0.0241	1
LI_EGO_001	1533513600	3150	213213.765625	160340.03125	95.344123840332	0.0388240957868091	0.02259	0.0482	1
LI_EGO_001	1537747200	3150	213213.765625	160340.03125	95.344123840332	0.0621185532588946	0.04518	0.6776	1
LI_EGO_001	1540252800	3150	213213.765625	160340.03125	95.344123840332	0.0465889149441709	0.38403	0.02	1
LI_EGO_001	1542585600	3150	213213.765625	160340.03125	95.344123840332	0.481418787756433	0.027108	0.0263	1
LI_EGO_001	1545091200	3150	213213.765625	160340.03125	95.344123840332	0.0388240957868091	0.02259	0.0422	1
LI_EIM_001	1401062400	3130_aom	242220.78125	189161.625	685765.3125	0.0776481915736183	0.04518	NA	1
LI_EIM_001	1401062400	3130_na	242220.78125	189161.625	685765.3125	0.0776481915736183	0.04518	NA	1
LI_EIM_001	1403568000	3130_aom	242220.78125	189161.625	685765.3125	0.0776481915736183	0.02259	NA	1
LI_EIM_001	1403568000	3130_na	242220.78125	189161.625	685765.3125	0.0776481915736183	0.02259	NA	1
LI_EIM_001	1405987200	3130_aom	242220.78125	189161.625	685765.3125	0.0776481915736183	0.02259	NA	1
LI_EIM_001	1405987200	3130_na	242220.78125	189161.625	685765.3125	0.0776481915736183	0.02259	NA	1
LI_EIM_001	1408320000	3130_aom	242220.78125	189161.625	685765.3125	0.0776481915736183	0.038403	NA	1
LI_EIM_001	1408320000	3130_na	242220.78125	189161.625	685765.3125	0.0776481915736183	0.038403	NA	1
LI_EIM_001	1411344000	3130_aom	242220.78125	189161.625	685765.3125	0.0776481915736183	0.02259	NA	1
LI_EIM_001	1411344000	3130_na	242220.78125	189161.625	685765.3125	0.0776481915736183	0.02259	NA	1
LI_EIM_001	1414454400	3130_aom	242220.78125	189161.625	685765.3125	0.0776481915736183	0.033885	NA	1
LI_EIM_001	1414454400	3130_na	242220.78125	189161.625	685765.3125	0.0776481915736183	0.033885	NA	1
LI_EKS_001	1497830400	3150	217623.609375	205665.875	1155.13024902344	0.0465889149441709	0.04518	0.091	1
LI_EKS_001	1499126400	3150	217623.609375	205665.875	1155.13024902344	0.0776481915736183	0.040662	0.1037	1
LI_EKS_001	1502150400	3150	217623.609375	205665.875	1155.13024902344	0.0931778298883419	0.033885	0.407	1
LI_EKS_001	1506297600	3150	217623.609375	205665.875	1155.13024902344	0.0388240957868091	0.042921	0.032	1
LI_EKS_001	1507507200	3150	217623.609375	205665.875	1155.13024902344	0.0465889149441709	0.058734	0.021	1
LI_EKS_001	1511136000	3150	217623.609375	205665.875	1155.13024902344	0.0388240957868091	0.051957	0.0381	1
LI_EKS_001	1514851200	3150	217623.609375	205665.875	1155.13024902344	0.0388240957868091	0.040662	0.02	1
LI_EKS_001	1517184000	3150	217623.609375	205665.875	1155.13024902344	0.0388240957868091	0.049698	0.024	1
LI_EKS_001	1520812800	3150	217623.609375	205665.875	1155.13024902344	0.0388240957868091	0.024849	0.05	1
LI_EKS_001	1522713600	3150	217623.609375	205665.875	1155.13024902344	0.0388240957868091	0.02259	0.038	1
LI_EKS_001	1526947200	3150	217623.609375	205665.875	1155.13024902344	0.0388240957868091	0.029367	0.0404	1
LI_GDL_001	1433116800	3140	211661.171875	185818.0625	80572.328125	0.0388240957868091	0.029367	0.02	1
LI_GDL_001	1433116800	3150	211661.171875	185818.0625	80572.328125	0.0388240957868091	0.029367	0.02	1
LI_GDL_001	1435536000	3140	211661.171875	185818.0625	80572.328125	0.0465889149441709	0.079065	0.02	1
LI_GDL_001	1435536000	3150	211661.171875	185818.0625	80572.328125	0.0465889149441709	0.079065	0.02	1
LI_GDL_001	1437955200	3140	211661.171875	185818.0625	80572.328125	0.0388240957868091	0.038403	0.02	1
LI_GDL_001	1437955200	3150	211661.171875	185818.0625	80572.328125	0.0388240957868091	0.038403	0.02	1
LI_GDL_001	1440374400	3140	211661.171875	185818.0625	80572.328125	0.0388240957868091	0.029367	0.02	1
LI_GDL_001	1440374400	3150	211661.171875	185818.0625	80572.328125	0.0388240957868091	0.029367	0.02	1
LI_GDL_001	1442707200	3140	211661.171875	185818.0625	80572.328125	0.0388240957868091	0.074547	0.02	1
LI_GDL_001	1442707200	3150	211661.171875	185818.0625	80572.328125	0.0388240957868091	0.074547	0.02	1
LI_GDL_001	1445817600	3140	211661.171875	185818.0625	80572.328125	0.0543537341015328	0.031626	0.02	1
LI_GDL_001	1445817600	3150	211661.171875	185818.0625	80572.328125	0.0543537341015328	0.031626	0.02	1
LI_GDL_001	1448236800	3140	211661.171875	185818.0625	80572.328125	0.0543537341015328	0.049698	0.02	1
LI_GDL_001	1448236800	3150	211661.171875	185818.0625	80572.328125	0.0543537341015328	0.049698	0.02	1
LI_GRD_001	1399334400	3130_aom	204482.59375	185817.21875	41882.046875	0.0776481915736183	0.02259	NA	1
LI_GRD_001	1399334400	3150	204482.59375	185817.21875	41882.046875	0.0776481915736183	0.02259	NA	1
LI_GRD_001	1402358400	3130_aom	204482.59375	185817.21875	41882.046875	0.0854130107309801	0.02259	NA	1
LI_GRD_001	1402358400	3150	204482.59375	185817.21875	41882.046875	0.0854130107309801	0.02259	NA	1
LI_GRD_001	1404691200	3130_aom	204482.59375	185817.21875	41882.046875	0.0776481915736183	0.027108	NA	1
LI_GRD_001	1404691200	3150	204482.59375	185817.21875	41882.046875	0.0776481915736183	0.027108	NA	1
LI_GRD_001	1407715200	3130_aom	204482.59375	185817.21875	41882.046875	0.0776481915736183	0.031626	NA	1
LI_GRD_001	1407715200	3150	204482.59375	185817.21875	41882.046875	0.0776481915736183	0.031626	NA	1
LI_GRD_001	1410739200	3130_aom	204482.59375	185817.21875	41882.046875	0.0776481915736183	0.029367	NA	1
LI_GRD_001	1410739200	3150	204482.59375	185817.21875	41882.046875	0.0776481915736183	0.029367	NA	1
LI_GRD_001	1414368000	3130_aom	204482.59375	185817.21875	41882.046875	0.0776481915736183	0.268821	NA	1
LI_GRD_001	1414368000	3150	204482.59375	185817.21875	41882.046875	0.0776481915736183	0.268821	NA	1
LI_HAG_001	1497312000	3160	223306.71875	217502.640625	2653.01025390625	0.442594691969624	0.171684	0.058	1
LI_HAG_001	1499040000	3160	223306.71875	217502.640625	2653.01025390625	0.116472287360427	0.309483	0.0484	1
LI_HAG_001	1502150400	3160	223306.71875	217502.640625	2653.01025390625	0.163061202304598	0.083583	0.046	1
LI_HAG_001	1505088000	3160	223306.71875	217502.640625	2653.01025390625	0.0776481915736183	0.103914	0.0205	1
LI_HAG_001	1508803200	3160	223306.71875	217502.640625	2653.01025390625	0.186355659776684	0.110691	0.02	1
LI_HAG_001	1511827200	3160	223306.71875	217502.640625	2653.01025390625	0.0388240957868091	0.119727	0.02	1
LI_HAG_001	1513555200	3160	223306.71875	217502.640625	2653.01025390625	0.0388240957868091	0.099396	0.0804	1
LI_HAG_001	1515974400	3160	223306.71875	217502.640625	2653.01025390625	0.0388240957868091	0.13554	0.02	1
LI_HAG_001	1518393600	3160	223306.71875	217502.640625	2653.01025390625	0.0388240957868091	0.036144	0.02	1
LI_HAG_001	1522022400	3160	223306.71875	217502.640625	2653.01025390625	0.0465889149441709	0.302706	0.02	1
LI_HAG_001	1524441600	3160	223306.71875	217502.640625	2653.01025390625	0.0388240957868091	0.088101	0.02	1
LI_HAG_001	1526860800	3160	223306.71875	217502.640625	2653.01025390625	0.0543537341015328	0.092619	0.02	1
LI_HAG_002	1505088000	3130_aom	222966.40625	217474.875	194.639358520508	0.0854130107309801	0.094878	0.02	1
LI_HAG_002	1511827200	3130_aom	222966.40625	217474.875	194.639358520508	0.0698833724162564	0.119727	0.035	1
LI_HAG_002	1513555200	3130_aom	222966.40625	217474.875	194.639358520508	0.0388240957868091	0.076806	0.0276	1
LI_HAG_002	1515974400	3130_aom	222966.40625	217474.875	194.639358520508	0.0388240957868091	0.054216	0.024	1
LI_HAG_002	1518393600	3130_aom	222966.40625	217474.875	194.639358520508	0.0465889149441709	0.079065	0.02	1
LI_HAG_002	1522022400	3130_aom	222966.40625	217474.875	194.639358520508	0.0931778298883419	0.09036	0.02	1
LI_HAG_002	1524441600	3130_aom	222966.40625	217474.875	194.639358520508	0.139766744832513	0.18072	0.0716	1
LI_HAG_002	1526860800	3130_aom	222966.40625	217474.875	194.639358520508	0.163061202304598	0.155871	0.02	1
LI_HAG_003	1497312000	3160	223143.15625	217277.53125	893.817321777344	0.0854130107309801	0.110691	0.0641	1
LI_HAG_003	1499040000	3160	223143.15625	217277.53125	893.817321777344	0.0931778298883419	0.146835	0.0792	1
LI_HAG_003	1502150400	3160	223143.15625	217277.53125	893.817321777344	0.163061202304598	0.18072	0.135	1
LI_HAG_003	1505088000	3160	223143.15625	217277.53125	893.817321777344	0.17082602146196	0.266562	0.0422	1
LI_HAG_003	1508803200	3160	223143.15625	217277.53125	893.817321777344	0.132001925675151	0.164907	0.1937	1
LI_HAG_003	1511827200	3160	223143.15625	217277.53125	893.817321777344	0.0543537341015328	0.117468	0.036	1
LI_HAG_003	1513555200	3160	223143.15625	217277.53125	893.817321777344	0.0854130107309801	0.128763	0.0225	1
LI_HAG_003	1515974400	3160	223143.15625	217277.53125	893.817321777344	0.0543537341015328	0.092619	0.02	1
LI_HAG_003	1518393600	3160	223143.15625	217277.53125	893.817321777344	0.0465889149441709	0.09036	0.02	1
LI_HAG_003	1522022400	3160	223143.15625	217277.53125	893.817321777344	0.0621185532588946	0.119727	0.02	1
LI_HAG_003	1524441600	3160	223143.15625	217277.53125	893.817321777344	0.0776481915736183	0.121986	0.02	1
LI_HAG_003	1526860800	3160	223143.15625	217277.53125	893.817321777344	0.0621185532588946	0.216864	0.02	1
LI_HAG_004	1497312000	3130_aom	222588.234375	217098.4375	10156.041015625	0.434829872812262	0.580563	0.759	1
LI_HAG_004	1497312000	3130_na	222588.234375	217098.4375	10156.041015625	0.434829872812262	0.580563	0.759	1
LI_HAG_004	1499040000	3130_aom	222588.234375	217098.4375	10156.041015625	5.73043653813303	3.248442	0.1746	1
LI_HAG_004	1499040000	3130_na	222588.234375	217098.4375	10156.041015625	5.73043653813303	3.248442	0.1746	1
LI_HAG_004	1505088000	3130_aom	222588.234375	217098.4375	10156.041015625	0.264003851350302	0.707067	0.1006	1
LI_HAG_004	1505088000	3130_na	222588.234375	217098.4375	10156.041015625	0.264003851350302	0.707067	0.1006	1
LI_HAG_004	1508803200	3130_aom	222588.234375	217098.4375	10156.041015625	1.13366359697483	0.582822	0.0808	1
LI_HAG_004	1508803200	3130_na	222588.234375	217098.4375	10156.041015625	1.13366359697483	0.582822	0.0808	1
LI_HAG_004	1511827200	3130_aom	222588.234375	217098.4375	10156.041015625	0.100942649045704	0.440505	0.082	1
LI_HAG_004	1511827200	3130_na	222588.234375	217098.4375	10156.041015625	0.100942649045704	0.440505	0.082	1
LI_HAG_004	1513555200	3130_aom	222588.234375	217098.4375	10156.041015625	0.0465889149441709	0.282375	0.0573	1
LI_HAG_004	1513555200	3130_na	222588.234375	217098.4375	10156.041015625	0.0465889149441709	0.282375	0.0573	1
LI_HAG_004	1515974400	3130_aom	222588.234375	217098.4375	10156.041015625	0.0388240957868091	0.124245	0.047	1
LI_HAG_004	1515974400	3130_na	222588.234375	217098.4375	10156.041015625	0.0388240957868091	0.124245	0.047	1
LI_HAG_004	1518393600	3130_aom	222588.234375	217098.4375	10156.041015625	0.0388240957868091	0.060993	0.0243	1
LI_HAG_004	1518393600	3130_na	222588.234375	217098.4375	10156.041015625	0.0388240957868091	0.060993	0.0243	1
LI_HAG_004	1522022400	3130_aom	222588.234375	217098.4375	10156.041015625	0.100942649045704	0.144576	0.02	1
LI_HAG_004	1522022400	3130_na	222588.234375	217098.4375	10156.041015625	0.100942649045704	0.144576	0.02	1
LI_HAG_004	1524441600	3130_aom	222588.234375	217098.4375	10156.041015625	0.116472287360427	0.164907	0.0321	1
LI_HAG_004	1524441600	3130_na	222588.234375	217098.4375	10156.041015625	0.116472287360427	0.164907	0.0321	1
LI_HAG_004	1526860800	3130_aom	222588.234375	217098.4375	10156.041015625	0.163061202304598	0.162648	0.1232	1
LI_HAG_004	1526860800	3130_na	222588.234375	217098.4375	10156.041015625	0.163061202304598	0.162648	0.1232	1
LI_HAL_002	1498521600	3150	201697.484375	186270.921875	3556.89135742188	0.100942649045704	0.13554	0.171	1
LI_HAL_002	1500940800	3150	201697.484375	186270.921875	3556.89135742188	0.0621185532588946	0.11295	0.191	1
LI_HAL_002	1503273600	3150	201697.484375	186270.921875	3556.89135742188	0.0698833724162564	0.108432	0.104	1
LI_HAL_002	1506297600	3150	201697.484375	186270.921875	3556.89135742188	0.0776481915736183	0.128763	0.106	1
LI_HAL_002	1508716800	3150	201697.484375	186270.921875	3556.89135742188	0.108707468203066	0.144576	0.2813	1
LI_HAL_002	1511136000	3150	201697.484375	186270.921875	3556.89135742188	0.217414936406131	0.124245	0.1041	1
LI_HAL_002	1513641600	3150	201697.484375	186270.921875	3556.89135742188	0.388240957868091	0.169425	0.1333	1
LI_HAL_002	1516579200	3150	201697.484375	186270.921875	3556.89135742188	0.597891075116861	0.115209	0.061	1
LI_HAL_002	1518998400	3150	201697.484375	186270.921875	3556.89135742188	0.279533489665026	0.178461	0.0339	1
LI_HAL_002	1520812800	3150	201697.484375	186270.921875	3556.89135742188	0.0388240957868091	0.182979	0.141	1
LI_HAL_002	1522800000	3150	201697.484375	186270.921875	3556.89135742188	0.0776481915736183	0.146835	0.023	1
LI_HAL_002	1527552000	3150	201697.484375	186270.921875	3556.89135742188	0.132001925675151	0.15813	0.147	1
LI_HAL_003	1529280000	3150	200690.53125	185517.546875	316.263854980469	2.34497538552327	0.06777	0.0314	1
LI_HAL_003	1532995200	3150	200690.53125	185517.546875	316.263854980469	12.726538598916	0.063252	0.7322	1
LI_HAL_003	1535328000	3150	200690.53125	185517.546875	316.263854980469	21.8579659279735	0.063252	0.4644	1
LI_HAL_003	1537747200	3150	200690.53125	185517.546875	316.263854980469	7.13586880561552	0.06777	0.2585	1
LI_HAL_003	1540252800	3150	200690.53125	185517.546875	316.263854980469	12.9206590778501	0.072288	0.02	1
LI_HAL_003	1542585600	3150	200690.53125	185517.546875	316.263854980469	6.996102060783	0.024849	0.02	1
LI_HAL_003	1544486400	3150	200690.53125	185517.546875	316.263854980469	3.50193343997018	0.099396	0.1415	1
LI_HER_001	1498435200	3150	251550.390625	200404.359375	909507.9375	0.186355659776684	1.357659	0.121	1
LI_HER_001	1500854400	3150	251550.390625	200404.359375	909507.9375	0.0621185532588946	1.499976	0.071	1
LI_HER_001	1502064000	3150	251550.390625	200404.359375	909507.9375	0.364946500396006	1.585818	0.067	1
LI_HER_001	1505088000	3150	251550.390625	200404.359375	909507.9375	0.132001925675151	1.51353	0.1643	1
LI_HER_001	1507507200	3150	251550.390625	200404.359375	909507.9375	0.139766744832513	2.600109	0.1498	1
LI_HER_001	1509926400	3150	251550.390625	200404.359375	909507.9375	0.116472287360427	2.839563	0.17	1
LI_HER_001	1512345600	3150	251550.390625	200404.359375	909507.9375	0.132001925675151	2.82375	0.087	1
LI_HER_001	1514851200	3150	251550.390625	200404.359375	909507.9375	0.116472287360427	3.210039	0.034	1
LI_HER_001	1517184000	3150	251550.390625	200404.359375	909507.9375	0.0776481915736183	2.771793	0.066	1
LI_HER_001	1520208000	3150	251550.390625	200404.359375	909507.9375	0.271768670507664	3.43368	0.103	1
LI_HER_001	1522713600	3150	251550.390625	200404.359375	909507.9375	0.0776481915736183	2.98188	0.073	1
LI_HER_001	1526256000	3150	251550.390625	200404.359375	909507.9375	0.116472287360427	2.473605	0.0786	1
LI_HEU_001	1399939200	3110	239773.703125	190505.765625	19347.265625	0.0776481915736183	0.04518	NA	1
LI_HEU_001	1399939200	3130_aom	239773.703125	190505.765625	19347.265625	0.0776481915736183	0.04518	NA	1
LI_HEU_001	1399939200	3160	239773.703125	190505.765625	19347.265625	0.0776481915736183	0.04518	NA	1
LI_HEU_001	1403481600	3110	239773.703125	190505.765625	19347.265625	0.0776481915736183	0.036144	NA	1
LI_HEU_001	1403481600	3130_aom	239773.703125	190505.765625	19347.265625	0.0776481915736183	0.036144	NA	1
LI_HEU_001	1403481600	3160	239773.703125	190505.765625	19347.265625	0.0776481915736183	0.036144	NA	1
LI_HEU_001	1405987200	3110	239773.703125	190505.765625	19347.265625	0.0776481915736183	0.027108	NA	1
LI_HEU_001	1405987200	3130_aom	239773.703125	190505.765625	19347.265625	0.0776481915736183	0.027108	NA	1
LI_HEU_001	1405987200	3160	239773.703125	190505.765625	19347.265625	0.0776481915736183	0.027108	NA	1
LI_HEU_001	1408320000	3110	239773.703125	190505.765625	19347.265625	0.0776481915736183	0.038403	NA	1
LI_HEU_001	1408320000	3130_aom	239773.703125	190505.765625	19347.265625	0.0776481915736183	0.038403	NA	1
LI_HEU_001	1408320000	3160	239773.703125	190505.765625	19347.265625	0.0776481915736183	0.038403	NA	1
LI_HEU_001	1411344000	3110	239773.703125	190505.765625	19347.265625	0.0854130107309801	0.128763	NA	1
LI_HEU_001	1411344000	3130_aom	239773.703125	190505.765625	19347.265625	0.0854130107309801	0.128763	NA	1
LI_HEU_001	1411344000	3160	239773.703125	190505.765625	19347.265625	0.0854130107309801	0.128763	NA	1
LI_HEU_001	1416182400	3110	239773.703125	190505.765625	19347.265625	0.0776481915736183	0.060993	NA	1
LI_HEU_001	1416182400	3130_aom	239773.703125	190505.765625	19347.265625	0.0776481915736183	0.060993	NA	1
LI_HEU_001	1416182400	3160	239773.703125	190505.765625	19347.265625	0.0776481915736183	0.060993	NA	1
LI_HEU_002	1433116800	3160	239121.46875	190224.09375	10840.3310546875	0.0465889149441709	0.04518	0.0984	1
LI_HEU_002	1435536000	3160	239121.46875	190224.09375	10840.3310546875	0.0931778298883419	0.097137	0.0671	1
LI_HEU_002	1438041600	3160	239121.46875	190224.09375	10840.3310546875	0.147531563989875	0.151353	0.128	1
LI_HEU_002	1440374400	3160	239121.46875	190224.09375	10840.3310546875	0.108707468203066	0.108432	0.0557	1
LI_HEU_002	1442707200	3160	239121.46875	190224.09375	10840.3310546875	0.124237106517789	0.115209	0.0516	1
LI_HEU_002	1445817600	3160	239121.46875	190224.09375	10840.3310546875	0.0698833724162564	0.081324	0.05	1
LI_HEU_002	1448236800	3160	239121.46875	190224.09375	10840.3310546875	0.302827947137111	0.058734	0.042	1
LI_HEU_002	1451952000	3160	239121.46875	190224.09375	10840.3310546875	0.295063127979749	0.04518	0.0274	1
LI_HEU_002	1454284800	3160	239121.46875	190224.09375	10840.3310546875	1.02495612877176	0.079065	0.0404	1
LI_HEU_002	1457308800	3160	239121.46875	190224.09375	10840.3310546875	0.652244809218393	0.173943	0.0372	1
LI_HEU_002	1459814400	3160	239121.46875	190224.09375	10840.3310546875	1.04825058624385	0.108432	0.0456	1
LI_HEU_002	1462233600	3160	239121.46875	190224.09375	10840.3310546875	0.543537341015328	0.085842	0.062	1
LI_HEU_003	1466467200	3160	238097.984375	190648.1875	24923.0234375	0.0465889149441709	0.063252	0.0231	1
LI_HEU_003	1470096000	3160	238097.984375	190648.1875	24923.0234375	0.186355659776684	0.02259	0.0335	1
LI_HEU_003	1472428800	3160	238097.984375	190648.1875	24923.0234375	0.0388240957868091	0.02259	0.0443	1
LI_HEU_003	1474848000	3160	238097.984375	190648.1875	24923.0234375	0.0388240957868091	0.02259	0.0421	1
LI_HEU_003	1477353600	3160	238097.984375	190648.1875	24923.0234375	0.0388240957868091	0.054216	0.0384	1
LI_HEU_003	1480291200	3160	238097.984375	190648.1875	24923.0234375	0.0388240957868091	0.049698	0.0438	1
LI_HEU_003	1483315200	3160	238097.984375	190648.1875	24923.0234375	0.0621185532588946	0.063252	0.0433	1
LI_HEU_003	1485129600	3160	238097.984375	190648.1875	24923.0234375	0.0388240957868091	0.049698	0.0373	1
LI_HEU_003	1486944000	3160	238097.984375	190648.1875	24923.0234375	0.0388240957868091	0.049698	0.0611	1
LI_HEU_003	1490054400	3160	238097.984375	190648.1875	24923.0234375	0.0465889149441709	0.094878	0.0604	1
LI_HEU_003	1492992000	3160	238097.984375	190648.1875	24923.0234375	0.0698833724162564	0.11295	0.072	1
LI_HEU_003	1496102400	3160	238097.984375	190648.1875	24923.0234375	0.0388240957868091	0.126504	0.078	1
LI_HEU_004	1529366400	3160	240150.53125	189939.125	10531.427734375	0.0388240957868091	0.058734	0.1616	1
LI_HEU_004	1532908800	3160	240150.53125	189939.125	10531.427734375	0.0388240957868091	0.076806	0.2699	1
LI_HEU_004	1543190400	3160	240150.53125	189939.125	10531.427734375	6.53021291134129	0.15813	0.1755	1
LI_HEU_004	1544400000	3160	240150.53125	189939.125	10531.427734375	0.931778298883419	0.239454	0.0534	1
LI_HOE_001	1529366400	3130_aom	234605.90625	176845.734375	8865.6845703125	0.0388240957868091	0.092619	0.2815	1
LI_HOE_001	1532908800	3130_aom	234605.90625	176845.734375	8865.6845703125	0.0388240957868091	0.076806	0.105	1
LI_HOE_001	1534809600	3130_aom	234605.90625	176845.734375	8865.6845703125	0.0388240957868091	0.060993	0.0993	1
LI_HOE_001	1536537600	3130_aom	234605.90625	176845.734375	8865.6845703125	0.0621185532588946	0.070029	0.1042	1
LI_HOE_001	1538956800	3130_aom	234605.90625	176845.734375	8865.6845703125	0.0465889149441709	0.051957	0.1313	1
LI_HOE_001	1543190400	3130_aom	234605.90625	176845.734375	8865.6845703125	0.217414936406131	0.088101	0.064	1
LI_HOE_001	1544400000	3130_aom	234605.90625	176845.734375	8865.6845703125	0.34165204292392	0.140058	0.0651	1
LI_JUF_001	1465776000	3130_aom	240347.484375	180912.96875	38551.54296875	0.124237106517789	0.119727	0.0281	1
LI_JUF_001	1467590400	3130_aom	240347.484375	180912.96875	38551.54296875	0.0388240957868091	0.042921	0.0283	1
LI_JUF_001	1471305600	3130_aom	240347.484375	180912.96875	38551.54296875	0.0388240957868091	0.02259	0.0396	1
LI_JUF_001	1474243200	3130_aom	240347.484375	180912.96875	38551.54296875	0.0388240957868091	0.02259	0.026	1
LI_JUF_001	1476662400	3130_aom	240347.484375	180912.96875	38551.54296875	0.0388240957868091	0.031626	0.02	1
LI_JUF_001	1479686400	3130_aom	240347.484375	180912.96875	38551.54296875	0.155296383147237	0.081324	0.0478	1
LI_JUF_001	1480896000	3130_aom	240347.484375	180912.96875	38551.54296875	0.0854130107309801	0.137799	0.0319	1
LI_JUF_001	1483920000	3130_aom	240347.484375	180912.96875	38551.54296875	0.194120478934046	0.264303	0.0319	1
LI_JUF_001	1486339200	3130_aom	240347.484375	180912.96875	38551.54296875	0.0931778298883419	0.304965	0.02	1
LI_JUF_001	1488153600	3130_aom	240347.484375	180912.96875	38551.54296875	0.17082602146196	0.314001	0.0282	1
LI_JUF_001	1491177600	3130_aom	240347.484375	180912.96875	38551.54296875	0.0543537341015328	0.070029	0.0278	1
LI_JUF_001	1494806400	3130_aom	240347.484375	180912.96875	38551.54296875	0.0465889149441709	0.079065	0.027	1
LI_KAT_001	1466380800	3130_aom	215240.484375	210132.90625	3520.3134765625	0.0388240957868091	0.085842	0.02	1
LI_KAT_001	1466380800	3160	215240.484375	210132.90625	3520.3134765625	0.0388240957868091	0.085842	0.02	1
LI_KAT_001	1470009600	3130_aom	215240.484375	210132.90625	3520.3134765625	0.0931778298883419	0.02259	0.036	1
LI_KAT_001	1470009600	3160	215240.484375	210132.90625	3520.3134765625	0.0931778298883419	0.02259	0.036	1
LI_KAT_001	1471392000	3130_aom	215240.484375	210132.90625	3520.3134765625	0.0388240957868091	0.02259	0.0507	1
LI_KAT_001	1471392000	3160	215240.484375	210132.90625	3520.3134765625	0.0388240957868091	0.02259	0.0507	1
LI_KAT_001	1474329600	3130_aom	215240.484375	210132.90625	3520.3134765625	0.0388240957868091	0.02259	0.1341	1
LI_KAT_001	1474329600	3160	215240.484375	210132.90625	3520.3134765625	0.0388240957868091	0.02259	0.1341	1
LI_KAT_001	1476748800	3130_aom	215240.484375	210132.90625	3520.3134765625	0.0854130107309801	0.02259	0.0329	1
LI_KAT_001	1476748800	3160	215240.484375	210132.90625	3520.3134765625	0.0854130107309801	0.02259	0.0329	1
LI_KAT_001	1479686400	3130_aom	215240.484375	210132.90625	3520.3134765625	0.248474213035578	0.318519	0.02	1
LI_KAT_001	1479686400	3160	215240.484375	210132.90625	3520.3134765625	0.248474213035578	0.318519	0.02	1
LI_KAT_001	1480896000	3130_aom	215240.484375	210132.90625	3520.3134765625	0.232944574720855	0.051957	0.02	1
LI_KAT_001	1480896000	3160	215240.484375	210132.90625	3520.3134765625	0.232944574720855	0.051957	0.02	1
LI_KAT_001	1484524800	3130_aom	215240.484375	210132.90625	3520.3134765625	0.25623903219294	0.081324	0.0256	1
LI_KAT_001	1484524800	3160	215240.484375	210132.90625	3520.3134765625	0.25623903219294	0.081324	0.0256	1
LI_KAT_001	1486944000	3130_aom	215240.484375	210132.90625	3520.3134765625	0.163061202304598	0.115209	0.0301	1
LI_KAT_001	1486944000	3160	215240.484375	210132.90625	3520.3134765625	0.163061202304598	0.115209	0.0301	1
LI_KAT_001	1488758400	3130_aom	215240.484375	210132.90625	3520.3134765625	0.147531563989875	0.390807	0.02	1
LI_KAT_001	1488758400	3160	215240.484375	210132.90625	3520.3134765625	0.147531563989875	0.390807	0.02	1
LI_KAT_001	1492473600	3130_aom	215240.484375	210132.90625	3520.3134765625	0.0388240957868091	0.058734	0.02	1
LI_KAT_001	1492473600	3160	215240.484375	210132.90625	3520.3134765625	0.0388240957868091	0.058734	0.02	1
LI_KAT_001	1494201600	3130_aom	215240.484375	210132.90625	3520.3134765625	0.0698833724162564	0.072288	0.02	1
LI_KAT_001	1494201600	3160	215240.484375	210132.90625	3520.3134765625	0.0698833724162564	0.072288	0.02	1
LI_KBR_001	1435017600	3130_na	240310.671875	208595.6875	76193.59375	0.0621185532588946	0.433728	0.0399	1
LI_KBR_001	1437436800	3130_na	240310.671875	208595.6875	76193.59375	0.0388240957868091	0.051957	0.039	1
LI_KBR_001	1439856000	3130_na	240310.671875	208595.6875	76193.59375	0.116472287360427	0.187497	0.0384	1
LI_KBR_001	1442275200	3130_na	240310.671875	208595.6875	76193.59375	0.0465889149441709	0.246231	0.0472	1
LI_KBR_001	1445299200	3130_na	240310.671875	208595.6875	76193.59375	0.0698833724162564	0.702549	0.03	1
LI_KBR_001	1447718400	3130_na	240310.671875	208595.6875	76193.59375	0.139766744832513	0.960075	0.031	1
LI_KBR_001	1454284800	3130_na	240310.671875	208595.6875	76193.59375	0.163061202304598	2.611404	0.0809	1
LI_KBR_001	1456099200	3130_na	240310.671875	208595.6875	76193.59375	0.0388240957868091	1.85238	0.0855	1
LI_KBR_001	1458518400	3130_na	240310.671875	208595.6875	76193.59375	0.108707468203066	1.633257	0.0719	1
LI_KBR_001	1461542400	3130_na	240310.671875	208595.6875	76193.59375	0.0388240957868091	0.851643	0.0373	1
LI_KBR_001	1464048000	3130_na	240310.671875	208595.6875	76193.59375	0.0388240957868091	0.072288	0.0704	1
LI_KBR_002	1466380800	3150	240230.96875	208797.4375	17546.37109375	0.706598543319926	0.119727	0.1553	1
LI_KBR_002	1470009600	3150	240230.96875	208797.4375	17546.37109375	0.496948426071157	0.02259	0.0962	1
LI_KBR_002	1471392000	3150	240230.96875	208797.4375	17546.37109375	0.0388240957868091	0.02259	0.1258	1
LI_KBR_002	1474329600	3150	240230.96875	208797.4375	17546.37109375	0.0776481915736183	0.02259	0.0839	1
LI_KBR_002	1476748800	3150	240230.96875	208797.4375	17546.37109375	0.0388240957868091	0.151353	0.0351	1
LI_KBR_002	1479772800	3150	240230.96875	208797.4375	17546.37109375	0.364946500396006	0.386289	0.0857	1
LI_KBR_002	1484524800	3150	240230.96875	208797.4375	17546.37109375	0.209650117248769	0.682218	0.0415	1
LI_KBR_002	1486944000	3150	240230.96875	208797.4375	17546.37109375	0.0388240957868091	0.736434	0.0559	1
LI_KBR_002	1488758400	3150	240230.96875	208797.4375	17546.37109375	0.0388240957868091	1.303443	0.0485	1
LI_KBR_002	1492473600	3150	240230.96875	208797.4375	17546.37109375	0.0388240957868091	0.042921	0.035	1
LI_KBR_002	1494201600	3150	240230.96875	208797.4375	17546.37109375	0.0388240957868091	0.038403	0.02	1
LI_KBR_003	1466380800	3130_aom	240332.421875	208803.875	135956.1875	0.302827947137111	3.560184	0.0657	1
LI_KBR_003	1466380800	3130_na	240332.421875	208803.875	135956.1875	0.302827947137111	3.560184	0.0657	1
LI_KBR_003	1470009600	3130_aom	240332.421875	208803.875	135956.1875	0.0776481915736183	0.02259	0.0637	1
LI_KBR_003	1470009600	3130_na	240332.421875	208803.875	135956.1875	0.0776481915736183	0.02259	0.0637	1
LI_KBR_003	1471392000	3130_aom	240332.421875	208803.875	135956.1875	0.0388240957868091	0.02259	0.1335	1
LI_KBR_003	1471392000	3130_na	240332.421875	208803.875	135956.1875	0.0388240957868091	0.02259	0.1335	1
LI_KBR_003	1474329600	3130_aom	240332.421875	208803.875	135956.1875	0.201885298091407	0.02259	0.223	1
LI_KBR_003	1474329600	3130_na	240332.421875	208803.875	135956.1875	0.201885298091407	0.02259	0.223	1
LI_KBR_003	1479772800	3130_aom	240332.421875	208803.875	135956.1875	1.545199012315	0.58734	0.0752	1
LI_KBR_003	1479772800	3130_na	240332.421875	208803.875	135956.1875	1.545199012315	0.58734	0.0752	1
LI_KBR_003	1484524800	3130_aom	240332.421875	208803.875	135956.1875	0.310592766294473	1.224378	0.0382	1
LI_KBR_003	1484524800	3130_na	240332.421875	208803.875	135956.1875	0.310592766294473	1.224378	0.0382	1
LI_KBR_003	1486944000	3130_aom	240332.421875	208803.875	135956.1875	0.0388240957868091	0.989442	0.0744	1
LI_KBR_003	1486944000	3130_na	240332.421875	208803.875	135956.1875	0.0388240957868091	0.989442	0.0744	1
LI_KBR_003	1488758400	3130_aom	240332.421875	208803.875	135956.1875	0.0388240957868091	0.49698	0.0603	1
LI_KBR_003	1488758400	3130_na	240332.421875	208803.875	135956.1875	0.0388240957868091	0.49698	0.0603	1
LI_KBR_003	1492473600	3130_aom	240332.421875	208803.875	135956.1875	0.0931778298883419	0.524088	0.039	1
LI_KBR_003	1492473600	3130_na	240332.421875	208803.875	135956.1875	0.0931778298883419	0.524088	0.039	1
LI_KBR_003	1494201600	3130_aom	240332.421875	208803.875	135956.1875	0.0465889149441709	0.149094	0.028	1
LI_KBR_003	1494201600	3130_na	240332.421875	208803.875	135956.1875	0.0465889149441709	0.149094	0.028	1
LI_KBR_004	1466380800	3130_na	240799.40625	208496.3125	44601.3359375	0.0388240957868091	0.083583	0.0414	1
LI_KBR_004	1470009600	3130_na	240799.40625	208496.3125	44601.3359375	0.25623903219294	0.02259	0.0559	1
LI_KBR_004	1471392000	3130_na	240799.40625	208496.3125	44601.3359375	0.0388240957868091	0.02259	0.0961	1
LI_KBR_004	1474329600	3130_na	240799.40625	208496.3125	44601.3359375	0.520242883543242	0.02259	0.255	1
LI_KBR_004	1476748800	3130_na	240799.40625	208496.3125	44601.3359375	2.53909586445732	0.02259	0.0832	1
LI_KBR_004	1479772800	3130_na	240799.40625	208496.3125	44601.3359375	0.333887223766558	0.262044	0.0429	1
LI_KBR_004	1484524800	3130_na	240799.40625	208496.3125	44601.3359375	0.0776481915736183	0.221382	0.1117	1
LI_KBR_004	1486944000	3130_na	240799.40625	208496.3125	44601.3359375	0.17082602146196	0.173943	0.107	1
LI_KBR_004	1488758400	3130_na	240799.40625	208496.3125	44601.3359375	0.0388240957868091	0.070029	0.063	1
LI_KBR_004	1492473600	3130_na	240799.40625	208496.3125	44601.3359375	0.0465889149441709	0.038403	0.048	1
LI_KBR_004	1494201600	3130_na	240799.40625	208496.3125	44601.3359375	0.0388240957868091	0.029367	0.02	1
LI_KEL_001	1435017600	3130_aom	225718.4375	192127.15625	18782.251953125	0.0388240957868091	0.02259	0.0232	1
LI_KEL_001	1435017600	3160	225718.4375	192127.15625	18782.251953125	0.0388240957868091	0.02259	0.0232	1
LI_KEL_001	1437350400	3130_aom	225718.4375	192127.15625	18782.251953125	0.0388240957868091	0.056475	0.03	1
LI_KEL_001	1437350400	3160	225718.4375	192127.15625	18782.251953125	0.0388240957868091	0.056475	0.03	1
LI_KEL_001	1439856000	3130_aom	225718.4375	192127.15625	18782.251953125	1.40543226748249	0.641556	0.02	1
LI_KEL_001	1439856000	3160	225718.4375	192127.15625	18782.251953125	1.40543226748249	0.641556	0.02	1
LI_KEL_001	1442275200	3130_aom	225718.4375	192127.15625	18782.251953125	0.302827947137111	0.09036	0.02	1
LI_KEL_001	1442275200	3160	225718.4375	192127.15625	18782.251953125	0.302827947137111	0.09036	0.02	1
LI_KEL_001	1445212800	3130_aom	225718.4375	192127.15625	18782.251953125	0.660009628375755	0.124245	0.02	1
LI_KEL_001	1445212800	3160	225718.4375	192127.15625	18782.251953125	0.660009628375755	0.124245	0.02	1
LI_KEL_001	1453680000	3130_aom	225718.4375	192127.15625	18782.251953125	0.0854130107309801	0.422433	0.0249	1
LI_KEL_001	1453680000	3160	225718.4375	192127.15625	18782.251953125	0.0854130107309801	0.422433	0.0249	1
LI_KEL_001	1456099200	3130_aom	225718.4375	192127.15625	18782.251953125	0.271768670507664	0.928449	0.0236	1
LI_KEL_001	1456099200	3160	225718.4375	192127.15625	18782.251953125	0.271768670507664	0.928449	0.0236	1
LI_KEL_001	1458604800	3130_aom	225718.4375	192127.15625	18782.251953125	0.194120478934046	1.073025	0.0216	1
LI_KEL_001	1458604800	3160	225718.4375	192127.15625	18782.251953125	0.194120478934046	1.073025	0.0216	1
LI_KEL_001	1461542400	3130_aom	225718.4375	192127.15625	18782.251953125	0.0388240957868091	0.149094	0.0262	1
LI_KEL_001	1461542400	3160	225718.4375	192127.15625	18782.251953125	0.0388240957868091	0.149094	0.0262	1
LI_KEL_001	1462752000	3130_aom	225718.4375	192127.15625	18782.251953125	0.0543537341015328	0.417915	0.0415	1
LI_KEL_001	1462752000	3160	225718.4375	192127.15625	18782.251953125	0.0543537341015328	0.417915	0.0415	1
LI_KES_001	1498435200	3150	252961.015625	205092.78125	442724.9375	0.0465889149441709	1.759761	0.02	1
LI_KES_001	1500854400	3150	252961.015625	205092.78125	442724.9375	0.0465889149441709	1.436724	0.02	1
LI_KES_001	1502064000	3150	252961.015625	205092.78125	442724.9375	0.194120478934046	1.459314	0.02	1
LI_KES_001	1505088000	3150	252961.015625	205092.78125	442724.9375	0.0388240957868091	1.283112	0.02	1
LI_KES_001	1507507200	3150	252961.015625	205092.78125	442724.9375	0.0776481915736183	1.364436	0.0242	1
LI_KES_001	1509926400	3150	252961.015625	205092.78125	442724.9375	0.100942649045704	1.441242	0.06	1
LI_KES_001	1512345600	3150	252961.015625	205092.78125	442724.9375	0.0931778298883419	1.617444	0.0634	1
LI_KES_001	1514851200	3150	252961.015625	205092.78125	442724.9375	0.0465889149441709	2.14605	0.0866	1
LI_KES_001	1517184000	3150	252961.015625	205092.78125	442724.9375	0.0465889149441709	2.66562	0.046	1
LI_KES_001	1520208000	3150	252961.015625	205092.78125	442724.9375	0.132001925675151	2.841822	0.091	1
LI_KES_001	1522713600	3150	252961.015625	205092.78125	442724.9375	0.0388240957868091	2.708541	0.053	1
LI_KES_001	1526256000	3150	252961.015625	205092.78125	442724.9375	0.0621185532588946	2.10087	0.0234	1
LI_KOL_001	1497312000	3130_aom	228129.328125	210214.421875	603.814086914062	0.0698833724162564	0.088101	0.0654	1
LI_KOL_001	1499040000	3130_aom	228129.328125	210214.421875	603.814086914062	0.0388240957868091	0.058734	0.0351	1
LI_KOL_001	1502150400	3130_aom	228129.328125	210214.421875	603.814086914062	0.100942649045704	0.11295	0.083	1
LI_KOL_001	1505088000	3130_aom	228129.328125	210214.421875	603.814086914062	0.63671517090367	0.099396	0.02	1
LI_KOL_001	1508803200	3130_aom	228129.328125	210214.421875	603.814086914062	1.11036913950274	0.094878	0.0538	1
LI_KOL_001	1511827200	3130_aom	228129.328125	210214.421875	603.814086914062	0.621185532588946	0.117468	0.028	1
LI_KOL_001	1513555200	3130_aom	228129.328125	210214.421875	603.814086914062	0.46588914944171	0.106173	0.0252	1
LI_KOL_001	1516060800	3130_aom	228129.328125	210214.421875	603.814086914062	0.248474213035578	0.171684	0.02	1
LI_KOL_001	1518480000	3130_aom	228129.328125	210214.421875	603.814086914062	0.0543537341015328	0.133281	0.02	1
LI_KOL_001	1520899200	3130_aom	228129.328125	210214.421875	603.814086914062	0.0388240957868091	0.058734	0.02	1
LI_KOL_001	1523923200	3130_aom	228129.328125	210214.421875	603.814086914062	0.0698833724162564	0.121986	0.0318	1
LI_KOL_001	1526860800	3130_aom	228129.328125	210214.421875	603.814086914062	0.139766744832513	0.115209	0.0529	1
LI_LAN_003	1399852800	3150	223873.921875	182157.59375	40051.140625	0.0776481915736183	0.04518	NA	1
LI_LAN_003	1402963200	3150	223873.921875	182157.59375	40051.140625	0.0776481915736183	0.106173	NA	1
LI_LAN_003	1405382400	3150	223873.921875	182157.59375	40051.140625	0.100942649045704	0.040662	NA	1
LI_LAN_003	1408924800	3150	223873.921875	182157.59375	40051.140625	0.0776481915736183	0.060993	NA	1
LI_LAN_003	1411948800	3150	223873.921875	182157.59375	40051.140625	0.0776481915736183	0.081324	NA	1
LI_LAN_005	1399852800	3130_na	223689.71875	181906.265625	23637.0625	0.0776481915736183	0.076806	NA	1
LI_LAN_005	1399852800	3150	223689.71875	181906.265625	23637.0625	0.0776481915736183	0.076806	NA	1
LI_LAN_005	1402963200	3130_na	223689.71875	181906.265625	23637.0625	0.0776481915736183	0.088101	NA	1
LI_LAN_005	1402963200	3150	223689.71875	181906.265625	23637.0625	0.0776481915736183	0.088101	NA	1
LI_LAN_005	1405382400	3130_na	223689.71875	181906.265625	23637.0625	0.147531563989875	0.128763	NA	1
LI_LAN_005	1405382400	3150	223689.71875	181906.265625	23637.0625	0.147531563989875	0.128763	NA	1
LI_LAN_005	1408924800	3130_na	223689.71875	181906.265625	23637.0625	0.155296383147237	0.232677	NA	1
LI_LAN_005	1408924800	3150	223689.71875	181906.265625	23637.0625	0.155296383147237	0.232677	NA	1
LI_LAN_005	1411948800	3130_na	223689.71875	181906.265625	23637.0625	0.217414936406131	0.232677	NA	1
LI_LAN_005	1411948800	3150	223689.71875	181906.265625	23637.0625	0.217414936406131	0.232677	NA	1
LI_LAN_005	1415059200	3130_na	223689.71875	181906.265625	23637.0625	0.17082602146196	0.18072	NA	1
LI_LAN_005	1415059200	3150	223689.71875	181906.265625	23637.0625	0.17082602146196	0.18072	NA	1
LI_LAN_008	1399852800	3150	223296.5	181749.359375	13590.95703125	2.25179755563493	0.063252	NA	1
LI_LAN_008	1402963200	3150	223296.5	181749.359375	13590.95703125	4.1697078875033	0.079065	NA	1
LI_LAN_008	1405382400	3150	223296.5	181749.359375	13590.95703125	2.42262357709689	0.031626	NA	1
LI_LAN_008	1408924800	3150	223296.5	181749.359375	13590.95703125	1.83249732113739	0.070029	NA	1
LI_LAN_008	1411948800	3150	223296.5	181749.359375	13590.95703125	0.729893000792011	0.094878	NA	1
LI_LAN_008	1415059200	3150	223296.5	181749.359375	13590.95703125	1.59178792725917	0.083583	NA	1
LI_LBV_001	1399334400	3130_aom	219036.3125	190368.375	25257.240234375	0.0776481915736183	0.027108	NA	1
LI_LBV_001	1399334400	3130_na	219036.3125	190368.375	25257.240234375	0.0776481915736183	0.027108	NA	1
LI_LBV_001	1399334400	3140	219036.3125	190368.375	25257.240234375	0.0776481915736183	0.027108	NA	1
LI_LBV_001	1402444800	3130_aom	219036.3125	190368.375	25257.240234375	0.0776481915736183	0.033885	NA	1
LI_LBV_001	1402444800	3130_na	219036.3125	190368.375	25257.240234375	0.0776481915736183	0.033885	NA	1
LI_LBV_001	1402444800	3140	219036.3125	190368.375	25257.240234375	0.0776481915736183	0.033885	NA	1
LI_LBV_001	1404691200	3130_aom	219036.3125	190368.375	25257.240234375	0.0776481915736183	0.027108	NA	1
LI_LBV_001	1404691200	3130_na	219036.3125	190368.375	25257.240234375	0.0776481915736183	0.027108	NA	1
LI_LBV_001	1404691200	3140	219036.3125	190368.375	25257.240234375	0.0776481915736183	0.027108	NA	1
LI_LBV_001	1407715200	3130_aom	219036.3125	190368.375	25257.240234375	0.0776481915736183	0.038403	NA	1
LI_LBV_001	1407715200	3130_na	219036.3125	190368.375	25257.240234375	0.0776481915736183	0.038403	NA	1
LI_LBV_001	1407715200	3140	219036.3125	190368.375	25257.240234375	0.0776481915736183	0.038403	NA	1
LI_LBV_001	1410739200	3130_aom	219036.3125	190368.375	25257.240234375	0.0776481915736183	0.038403	NA	1
LI_LBV_001	1410739200	3130_na	219036.3125	190368.375	25257.240234375	0.0776481915736183	0.038403	NA	1
LI_LBV_001	1410739200	3140	219036.3125	190368.375	25257.240234375	0.0776481915736183	0.038403	NA	1
LI_LBV_001	1414454400	3130_aom	219036.3125	190368.375	25257.240234375	0.0776481915736183	0.033885	NA	1
LI_LBV_001	1414454400	3130_na	219036.3125	190368.375	25257.240234375	0.0776481915736183	0.033885	NA	1
LI_LBV_001	1414454400	3140	219036.3125	190368.375	25257.240234375	0.0776481915736183	0.033885	NA	1
LI_LBV_003	1432598400	3130_na	213543.421875	187686.28125	203376.765625	0.0388240957868091	0.02259	0.0788	1
LI_LBV_003	1432598400	3150	213543.421875	187686.28125	203376.765625	0.0388240957868091	0.02259	0.0788	1
LI_LBV_003	1432598400	3160	213543.421875	187686.28125	203376.765625	0.0388240957868091	0.02259	0.0788	1
LI_LBV_003	1434931200	3130_na	213543.421875	187686.28125	203376.765625	0.0388240957868091	0.02259	0.0622	1
LI_LBV_003	1434931200	3150	213543.421875	187686.28125	203376.765625	0.0388240957868091	0.02259	0.0622	1
LI_LBV_003	1434931200	3160	213543.421875	187686.28125	203376.765625	0.0388240957868091	0.02259	0.0622	1
LI_LBV_003	1437436800	3130_na	213543.421875	187686.28125	203376.765625	0.0388240957868091	0.02259	0.052	1
LI_LBV_003	1437436800	3150	213543.421875	187686.28125	203376.765625	0.0388240957868091	0.02259	0.052	1
LI_LBV_003	1437436800	3160	213543.421875	187686.28125	203376.765625	0.0388240957868091	0.02259	0.052	1
LI_LBV_003	1439856000	3130_na	213543.421875	187686.28125	203376.765625	0.0388240957868091	0.140058	0.097	1
LI_LBV_003	1439856000	3150	213543.421875	187686.28125	203376.765625	0.0388240957868091	0.140058	0.097	1
LI_LBV_003	1439856000	3160	213543.421875	187686.28125	203376.765625	0.0388240957868091	0.140058	0.097	1
LI_LBV_003	1442275200	3130_na	213543.421875	187686.28125	203376.765625	0.0854130107309801	0.04518	0.0829	1
LI_LBV_003	1442275200	3150	213543.421875	187686.28125	203376.765625	0.0854130107309801	0.04518	0.0829	1
LI_LBV_003	1442275200	3160	213543.421875	187686.28125	203376.765625	0.0854130107309801	0.04518	0.0829	1
LI_LBV_003	1445212800	3130_na	213543.421875	187686.28125	203376.765625	0.0388240957868091	0.033885	0.05	1
LI_LBV_003	1445212800	3150	213543.421875	187686.28125	203376.765625	0.0388240957868091	0.033885	0.05	1
LI_LBV_003	1445212800	3160	213543.421875	187686.28125	203376.765625	0.0388240957868091	0.033885	0.05	1
LI_LBV_003	1447632000	3130_na	213543.421875	187686.28125	203376.765625	0.163061202304598	0.140058	0.087	1
LI_LBV_003	1447632000	3150	213543.421875	187686.28125	203376.765625	0.163061202304598	0.140058	0.087	1
LI_LBV_003	1447632000	3160	213543.421875	187686.28125	203376.765625	0.163061202304598	0.140058	0.087	1
LI_LBV_003	1452470400	3130_na	213543.421875	187686.28125	203376.765625	0.100942649045704	0.262044	0.0736	1
LI_LBV_003	1452470400	3150	213543.421875	187686.28125	203376.765625	0.100942649045704	0.262044	0.0736	1
LI_LBV_003	1452470400	3160	213543.421875	187686.28125	203376.765625	0.100942649045704	0.262044	0.0736	1
LI_LBV_003	1454976000	3130_na	213543.421875	187686.28125	203376.765625	0.0388240957868091	0.262044	0.0622	1
LI_LBV_003	1454976000	3150	213543.421875	187686.28125	203376.765625	0.0388240957868091	0.262044	0.0622	1
LI_LBV_003	1454976000	3160	213543.421875	187686.28125	203376.765625	0.0388240957868091	0.262044	0.0622	1
LI_LBV_003	1457395200	3130_na	213543.421875	187686.28125	203376.765625	0.116472287360427	0.318519	0.0376	1
LI_LBV_003	1457395200	3150	213543.421875	187686.28125	203376.765625	0.116472287360427	0.318519	0.0376	1
LI_LBV_003	1457395200	3160	213543.421875	187686.28125	203376.765625	0.116472287360427	0.318519	0.0376	1
LI_LBV_003	1459814400	3130_na	213543.421875	187686.28125	203376.765625	0.0388240957868091	0.117468	0.0926	1
LI_LBV_003	1459814400	3150	213543.421875	187686.28125	203376.765625	0.0388240957868091	0.117468	0.0926	1
LI_LBV_003	1459814400	3160	213543.421875	187686.28125	203376.765625	0.0388240957868091	0.117468	0.0926	1
LI_LBV_003	1463961600	3130_na	213543.421875	187686.28125	203376.765625	0.0776481915736183	0.051957	0.1075	1
LI_LBV_003	1463961600	3150	213543.421875	187686.28125	203376.765625	0.0776481915736183	0.051957	0.1075	1
LI_LBV_003	1463961600	3160	213543.421875	187686.28125	203376.765625	0.0776481915736183	0.051957	0.1075	1
LI_LBV_004	1466467200	3150	218907.9375	190171.453125	30149.390625	0.0543537341015328	0.185238	0.0285	1
LI_LBV_004	1467590400	3150	218907.9375	190171.453125	30149.390625	0.0388240957868091	0.033885	0.0411	1
LI_LBV_004	1471824000	3150	218907.9375	190171.453125	30149.390625	0.0388240957868091	0.02259	0.02	1
LI_LBV_004	1473033600	3150	218907.9375	190171.453125	30149.390625	0.0698833724162564	0.027108	0.0244	1
LI_LBV_004	1476144000	3150	218907.9375	190171.453125	30149.390625	0.147531563989875	0.081324	0.0368	1
LI_LBV_004	1478476800	3150	218907.9375	190171.453125	30149.390625	0.17082602146196	0.081324	0.0279	1
LI_LBV_004	1480291200	3150	218907.9375	190171.453125	30149.390625	0.132001925675151	0.097137	0.02	1
LI_LBV_004	1484611200	3150	218907.9375	190171.453125	30149.390625	0.403770596182815	0.205569	0.02	1
LI_LBV_004	1487030400	3150	218907.9375	190171.453125	30149.390625	0.17082602146196	0.103914	0.02	1
LI_LBV_004	1488844800	3150	218907.9375	190171.453125	30149.390625	0.124237106517789	0.131022	0.0248	1
LI_LBV_004	1491782400	3150	218907.9375	190171.453125	30149.390625	0.0621185532588946	0.056475	0.02	1
LI_LBV_004	1494201600	3150	218907.9375	190171.453125	30149.390625	0.0854130107309801	0.076806	0.02	1
LI_LOM_001	1498521600	3130_aom	210705.15625	212424.140625	11299.603515625	0.100942649045704	0.063252	0.02	1
LI_LOM_001	1499126400	3130_aom	210705.15625	212424.140625	11299.603515625	0.0388240957868091	0.051957	0.0308	1
LI_LOM_001	1502150400	3130_aom	210705.15625	212424.140625	11299.603515625	0.0776481915736183	0.058734	0.026	1
LI_LOM_001	1506384000	3130_aom	210705.15625	212424.140625	11299.603515625	0.0465889149441709	0.031626	0.02	1
LI_LOM_001	1508112000	3130_aom	210705.15625	212424.140625	11299.603515625	0.0698833724162564	0.058734	0.02	1
LI_LOM_001	1511740800	3130_aom	210705.15625	212424.140625	11299.603515625	0.0776481915736183	0.056475	0.02	1
LI_LOM_001	1514851200	3130_aom	210705.15625	212424.140625	11299.603515625	0.108707468203066	0.085842	0.2	1
LI_LOM_001	1517184000	3130_aom	210705.15625	212424.140625	11299.603515625	0.0465889149441709	0.192015	0.023	1
LI_LOM_001	1520812800	3130_aom	210705.15625	212424.140625	11299.603515625	0.0388240957868091	0.15813	0.02	1
LI_LOM_001	1522713600	3130_aom	210705.15625	212424.140625	11299.603515625	0.0388240957868091	0.131022	0.02	1
LI_LOM_001	1527552000	3130_aom	210705.15625	212424.140625	11299.603515625	0.0465889149441709	0.058734	0.02	1
LI_LUY_001	1529280000	3130_aom	240200.75	206979.578125	634.626892089844	0.0465889149441709	0.065511	0.0619	1
LI_LUY_001	1544400000	3130_aom	240200.75	206979.578125	634.626892089844	0.0388240957868091	0.02259	0.0735	1
LI_MAA_001	1433116800	3150	248290.203125	190735.046875	38701.60546875	0.0388240957868091	0.031626	0.5655	1
LI_MAA_001	1435536000	3150	248290.203125	190735.046875	38701.60546875	0.0698833724162564	0.09036	0.8905	1
LI_MAA_001	1437955200	3150	248290.203125	190735.046875	38701.60546875	0.0698833724162564	0.126504	3.094	1
LI_MAA_001	1440374400	3150	248290.203125	190735.046875	38701.60546875	0.0388240957868091	0.027108	0.3829	1
LI_MAA_001	1442707200	3150	248290.203125	190735.046875	38701.60546875	0.0931778298883419	0.074547	1.0094	1
LI_MAA_001	1445817600	3150	248290.203125	190735.046875	38701.60546875	0.0543537341015328	0.056475	1.18	1
LI_MAA_001	1448236800	3150	248290.203125	190735.046875	38701.60546875	0.147531563989875	2.536857	0.266	1
LI_MAA_001	1451952000	3150	248290.203125	190735.046875	38701.60546875	0.0388240957868091	2.929923	0.0918	1
LI_MAA_001	1454284800	3150	248290.203125	190735.046875	38701.60546875	0.0388240957868091	3.738645	0.1599	1
LI_MAA_001	1457308800	3150	248290.203125	190735.046875	38701.60546875	0.100942649045704	3.176154	0.1008	1
LI_MAA_001	1459814400	3150	248290.203125	190735.046875	38701.60546875	0.0388240957868091	1.664883	0.1308	1
LI_MAA_001	1462233600	3150	248290.203125	190735.046875	38701.60546875	0.0388240957868091	0.257526	0.1654	1
LI_MAA_002	1465776000	3150	243189.15625	177611.375	92464.6484375	0.108707468203066	0.092619	0.0987	1
LI_MAA_002	1470096000	3150	243189.15625	177611.375	92464.6484375	0.729893000792011	0.02259	0.0763	1
LI_MAA_002	1471305600	3150	243189.15625	177611.375	92464.6484375	0.357181681238644	0.054216	0.1963	1
LI_MAA_002	1473724800	3150	243189.15625	177611.375	92464.6484375	0.0388240957868091	0.02259	0.3306	1
LI_MAA_002	1476057600	3150	243189.15625	177611.375	92464.6484375	1.07154504371593	0.099396	0.2045	1
LI_MAA_002	1479686400	3150	243189.15625	177611.375	92464.6484375	2.95839609895486	0.320778	0.1491	1
LI_MAA_002	1480982400	3150	243189.15625	177611.375	92464.6484375	3.35440187598031	0.323037	0.1748	1
LI_MAA_002	1483401600	3150	243189.15625	177611.375	92464.6484375	3.13698693957418	0.435987	0.1417	1
LI_MAA_002	1486339200	3150	243189.15625	177611.375	92464.6484375	2.58568477940149	0.510534	0.1285	1
LI_MAA_002	1488153600	3150	243189.15625	177611.375	92464.6484375	2.04991225754352	0.713844	0.1035	1
LI_MAA_002	1491177600	3150	243189.15625	177611.375	92464.6484375	0.302827947137111	0.117468	0.0646	1
LI_MAA_002	1494806400	3150	243189.15625	177611.375	92464.6484375	0.396005777025453	0.121986	0.086	1
LI_MAA_003	1529366400	3150	243248.578125	177841.796875	14454.1142578125	0.0388240957868091	0.029367	0.2542	1
LI_MAA_003	1532908800	3150	243248.578125	177841.796875	14454.1142578125	0.0388240957868091	0.02259	2.4439	1
LI_MAA_003	1534809600	3150	243248.578125	177841.796875	14454.1142578125	0.0388240957868091	0.085842	0.9525	1
LI_MAA_003	1536537600	3150	243248.578125	177841.796875	14454.1142578125	0.0388240957868091	0.108432	1.4013	1
LI_MAA_003	1544400000	3150	243248.578125	177841.796875	14454.1142578125	0.100942649045704	0.02259	0.3486	1
LI_MAT_001	1399852800	3130_na	227166.46875	183856.890625	36693.01953125	0.0776481915736183	0.560232	NA	1
LI_MAT_001	1402963200	3130_na	227166.46875	183856.890625	36693.01953125	0.17082602146196	0.370476	NA	1
LI_MAT_001	1405382400	3130_na	227166.46875	183856.890625	36693.01953125	0.776481915736183	0.117468	NA	1
LI_MAT_001	1408924800	3130_na	227166.46875	183856.890625	36693.01953125	0.0776481915736183	0.230418	NA	1
LI_MAT_001	1411948800	3130_na	227166.46875	183856.890625	36693.01953125	0.0776481915736183	0.411138	NA	1
LI_MAT_001	1415059200	3130_na	227166.46875	183856.890625	36693.01953125	0.0776481915736183	0.223641	NA	1
LI_MAT_002	1399852800	3130_aom	226270.71875	183121.53125	15975.89453125	0.0776481915736183	0.02259	NA	1
LI_MAT_002	1399852800	3130_na	226270.71875	183121.53125	15975.89453125	0.0776481915736183	0.02259	NA	1
LI_MAT_002	1399852800	3140	226270.71875	183121.53125	15975.89453125	0.0776481915736183	0.02259	NA	1
LI_MAT_002	1402963200	3130_aom	226270.71875	183121.53125	15975.89453125	0.0776481915736183	0.036144	NA	1
LI_MAT_002	1402963200	3130_na	226270.71875	183121.53125	15975.89453125	0.0776481915736183	0.036144	NA	1
LI_MAT_002	1402963200	3140	226270.71875	183121.53125	15975.89453125	0.0776481915736183	0.036144	NA	1
LI_MAT_002	1405382400	3130_aom	226270.71875	183121.53125	15975.89453125	0.0776481915736183	0.02259	NA	1
LI_MAT_002	1405382400	3130_na	226270.71875	183121.53125	15975.89453125	0.0776481915736183	0.02259	NA	1
LI_MAT_002	1405382400	3140	226270.71875	183121.53125	15975.89453125	0.0776481915736183	0.02259	NA	1
LI_MAT_002	1408924800	3130_aom	226270.71875	183121.53125	15975.89453125	0.0776481915736183	0.024849	NA	1
LI_MAT_002	1408924800	3130_na	226270.71875	183121.53125	15975.89453125	0.0776481915736183	0.024849	NA	1
LI_MAT_002	1408924800	3140	226270.71875	183121.53125	15975.89453125	0.0776481915736183	0.024849	NA	1
LI_MAT_002	1411948800	3130_aom	226270.71875	183121.53125	15975.89453125	0.0776481915736183	0.027108	NA	1
LI_MAT_002	1411948800	3130_na	226270.71875	183121.53125	15975.89453125	0.0776481915736183	0.027108	NA	1
LI_MAT_002	1411948800	3140	226270.71875	183121.53125	15975.89453125	0.0776481915736183	0.027108	NA	1
LI_MAT_002	1416182400	3130_aom	226270.71875	183121.53125	15975.89453125	0.0776481915736183	0.02259	NA	1
LI_MAT_002	1416182400	3130_na	226270.71875	183121.53125	15975.89453125	0.0776481915736183	0.02259	NA	1
LI_MAT_002	1416182400	3140	226270.71875	183121.53125	15975.89453125	0.0776481915736183	0.02259	NA	1
LI_MAT_003	1399852800	3150	226232.359375	182801.25	6382.56396484375	0.0776481915736183	0.02259	NA	1
LI_MAT_003	1402963200	3150	226232.359375	182801.25	6382.56396484375	0.0776481915736183	0.031626	NA	1
LI_MAT_003	1405382400	3150	226232.359375	182801.25	6382.56396484375	0.0776481915736183	0.027108	NA	1
LI_MAT_003	1408924800	3150	226232.359375	182801.25	6382.56396484375	0.0776481915736183	0.02259	NA	1
LI_MAT_003	1411948800	3150	226232.359375	182801.25	6382.56396484375	0.0776481915736183	0.09036	NA	1
LI_MAT_003	1416182400	3150	226232.359375	182801.25	6382.56396484375	0.0776481915736183	0.09036	NA	1
LI_MAT_004	1399852800	3130_na	226070.6875	182767.78125	15779.3642578125	0.0776481915736183	0.029367	NA	1
LI_MAT_004	1402963200	3130_na	226070.6875	182767.78125	15779.3642578125	0.0776481915736183	0.065511	NA	1
LI_MAT_004	1405382400	3130_na	226070.6875	182767.78125	15779.3642578125	0.0776481915736183	0.02259	NA	1
LI_MAT_004	1408924800	3130_na	226070.6875	182767.78125	15779.3642578125	0.0776481915736183	0.036144	NA	1
LI_MAT_004	1411948800	3130_na	226070.6875	182767.78125	15779.3642578125	0.0776481915736183	0.192015	NA	1
LI_MAT_004	1416182400	3130_na	226070.6875	182767.78125	15779.3642578125	0.0776481915736183	0.027108	NA	1
LI_MAT_005	1399852800	3150	225512.796875	182315.8125	10087.8681640625	0.0776481915736183	0.027108	NA	1
LI_MAT_005	1402963200	3150	225512.796875	182315.8125	10087.8681640625	0.0776481915736183	0.036144	NA	1
LI_MAT_005	1405382400	3150	225512.796875	182315.8125	10087.8681640625	0.0776481915736183	0.02259	NA	1
LI_MAT_005	1408924800	3150	225512.796875	182315.8125	10087.8681640625	0.0776481915736183	0.02259	NA	1
LI_MAT_005	1411948800	3150	225512.796875	182315.8125	10087.8681640625	0.0776481915736183	0.038403	NA	1
LI_MAT_005	1416182400	3150	225512.796875	182315.8125	10087.8681640625	0.0776481915736183	0.033885	NA	1
LI_MAT_007	1433808000	3140	225920.25	182492.15625	31614.06640625	0.0388240957868091	0.029367	0.209	1
LI_MAT_007	1433808000	3150	225920.25	182492.15625	31614.06640625	0.0388240957868091	0.029367	0.209	1
LI_MAT_007	1436227200	3140	225920.25	182492.15625	31614.06640625	0.0388240957868091	0.02259	0.33	1
LI_MAT_007	1436227200	3150	225920.25	182492.15625	31614.06640625	0.0388240957868091	0.02259	0.33	1
LI_MAT_007	1438646400	3140	225920.25	182492.15625	31614.06640625	0.0388240957868091	0.024849	0.15	1
LI_MAT_007	1438646400	3150	225920.25	182492.15625	31614.06640625	0.0388240957868091	0.024849	0.15	1
LI_MAT_007	1441065600	3140	225920.25	182492.15625	31614.06640625	0.0388240957868091	0.092619	0.1439	1
LI_MAT_007	1441065600	3150	225920.25	182492.15625	31614.06640625	0.0388240957868091	0.092619	0.1439	1
LI_MAT_007	1444089600	3140	225920.25	182492.15625	31614.06640625	0.0388240957868091	0.024849	0.11	1
LI_MAT_007	1444089600	3150	225920.25	182492.15625	31614.06640625	0.0388240957868091	0.024849	0.11	1
LI_MAT_007	1446595200	3140	225920.25	182492.15625	31614.06640625	0.0388240957868091	0.02259	0.11	1
LI_MAT_007	1446595200	3150	225920.25	182492.15625	31614.06640625	0.0388240957868091	0.02259	0.11	1
LI_MAT_007	1448928000	3140	225920.25	182492.15625	31614.06640625	0.0621185532588946	0.402102	0.08	1
LI_MAT_007	1448928000	3150	225920.25	182492.15625	31614.06640625	0.0621185532588946	0.402102	0.08	1
LI_MAT_007	1452556800	3140	225920.25	182492.15625	31614.06640625	0.0698833724162564	0.273339	0.1372	1
LI_MAT_007	1452556800	3150	225920.25	182492.15625	31614.06640625	0.0698833724162564	0.273339	0.1372	1
LI_MAT_007	1454889600	3140	225920.25	182492.15625	31614.06640625	0.0465889149441709	0.284634	0.1111	1
LI_MAT_007	1454889600	3150	225920.25	182492.15625	31614.06640625	0.0465889149441709	0.284634	0.1111	1
LI_MAT_007	1457395200	3140	225920.25	182492.15625	31614.06640625	0.0388240957868091	0.115209	0.1036	1
LI_MAT_007	1457395200	3150	225920.25	182492.15625	31614.06640625	0.0388240957868091	0.115209	0.1036	1
LI_MAT_007	1460419200	3140	225920.25	182492.15625	31614.06640625	0.0388240957868091	0.047439	0.1145	1
LI_MAT_007	1460419200	3150	225920.25	182492.15625	31614.06640625	0.0388240957868091	0.047439	0.1145	1
LI_MAT_007	1462838400	3140	225920.25	182492.15625	31614.06640625	0.0465889149441709	0.031626	0.106	1
LI_MAT_007	1462838400	3150	225920.25	182492.15625	31614.06640625	0.0465889149441709	0.031626	0.106	1
LI_MAT_009	1433808000	3130_na	226821.046875	183611.875	20115.529296875	0.0388240957868091	0.02259	0.084	1
LI_MAT_009	1436227200	3130_na	226821.046875	183611.875	20115.529296875	0.0388240957868091	0.02259	0.0681	1
LI_MAT_009	1438646400	3130_na	226821.046875	183611.875	20115.529296875	0.0388240957868091	0.027108	0.07	1
LI_MAT_009	1441065600	3130_na	226821.046875	183611.875	20115.529296875	0.0388240957868091	0.063252	0.0856	1
LI_MAT_009	1444003200	3130_na	226821.046875	183611.875	20115.529296875	0.0388240957868091	0.02259	0.07	1
LI_MAT_009	1446595200	3130_na	226821.046875	183611.875	20115.529296875	0.0388240957868091	0.02259	0.06	1
LI_MAT_009	1448928000	3130_na	226821.046875	183611.875	20115.529296875	0.178590840619322	0.460836	0.07	1
LI_MAT_009	1452556800	3130_na	226821.046875	183611.875	20115.529296875	0.0465889149441709	0.598635	0.0724	1
LI_MAT_009	1454889600	3130_na	226821.046875	183611.875	20115.529296875	0.0388240957868091	0.533124	0.0827	1
LI_MAT_009	1457395200	3130_na	226821.046875	183611.875	20115.529296875	0.0621185532588946	0.725139	0.0791	1
LI_MAT_009	1460419200	3130_na	226821.046875	183611.875	20115.529296875	0.0388240957868091	0.108432	0.0725	1
LI_MAT_009	1462838400	3130_na	226821.046875	183611.875	20115.529296875	0.0931778298883419	0.024849	0.0669	1
LI_MAT_010	1464566400	3130_aom	225528.140625	183052.421875	55244.98046875	0.0388240957868091	0.058734	0.1977	1
LI_MAT_010	1464566400	3130_na	225528.140625	183052.421875	55244.98046875	0.0388240957868091	0.058734	0.1977	1
LI_MAT_010	1470096000	3130_aom	225528.140625	183052.421875	55244.98046875	0.217414936406131	0.02259	0.2231	1
LI_MAT_010	1470096000	3130_na	225528.140625	183052.421875	55244.98046875	0.217414936406131	0.02259	0.2231	1
LI_MAT_010	1471824000	3130_aom	225528.140625	183052.421875	55244.98046875	0.0388240957868091	0.02259	0.114	1
LI_MAT_010	1471824000	3130_na	225528.140625	183052.421875	55244.98046875	0.0388240957868091	0.02259	0.114	1
LI_MAT_010	1474934400	3130_aom	225528.140625	183052.421875	55244.98046875	0.194120478934046	0.02259	0.1072	1
LI_MAT_010	1474934400	3130_na	225528.140625	183052.421875	55244.98046875	0.194120478934046	0.02259	0.1072	1
LI_MAT_010	1477267200	3130_aom	225528.140625	183052.421875	55244.98046875	0.34165204292392	0.038403	0.0435	1
LI_MAT_010	1477267200	3130_na	225528.140625	183052.421875	55244.98046875	0.34165204292392	0.038403	0.0435	1
LI_MAT_010	1480291200	3130_aom	225528.140625	183052.421875	55244.98046875	0.132001925675151	0.178461	0.0589	1
LI_MAT_010	1480291200	3130_na	225528.140625	183052.421875	55244.98046875	0.132001925675151	0.178461	0.0589	1
LI_MAT_010	1487548800	3130_aom	225528.140625	183052.421875	55244.98046875	0.0388240957868091	0.029367	0.1143	1
LI_MAT_010	1487548800	3130_na	225528.140625	183052.421875	55244.98046875	0.0388240957868091	0.029367	0.1143	1
LI_MAT_010	1490659200	3130_aom	225528.140625	183052.421875	55244.98046875	0.186355659776684	0.040662	0.0578	1
LI_MAT_010	1490659200	3130_na	225528.140625	183052.421875	55244.98046875	0.186355659776684	0.040662	0.0578	1
LI_MAT_010	1492560000	3130_aom	225528.140625	183052.421875	55244.98046875	0.0388240957868091	0.058734	0.11	1
LI_MAT_010	1492560000	3130_na	225528.140625	183052.421875	55244.98046875	0.0388240957868091	0.058734	0.11	1
LI_MAT_010	1494892800	3130_aom	225528.140625	183052.421875	55244.98046875	0.0543537341015328	0.065511	0.101	1
LI_MAT_010	1494892800	3130_na	225528.140625	183052.421875	55244.98046875	0.0543537341015328	0.065511	0.101	1
LI_MAT_011	1464566400	3130_na	225663.078125	183169.890625	95843.296875	0.232944574720855	0.115209	0.0935	1
LI_MAT_011	1470096000	3130_na	225663.078125	183169.890625	95843.296875	0.310592766294473	0.02259	0.1546	1
LI_MAT_011	1471824000	3130_na	225663.078125	183169.890625	95843.296875	0.0388240957868091	0.033885	0.0857	1
LI_MAT_011	1474934400	3130_na	225663.078125	183169.890625	95843.296875	0.0388240957868091	0.02259	0.0748	1
LI_MAT_011	1477267200	3130_na	225663.078125	183169.890625	95843.296875	0.0388240957868091	0.02259	0.0758	1
LI_MAT_011	1480291200	3130_na	225663.078125	183169.890625	95843.296875	0.0388240957868091	0.164907	0.048	1
LI_MAT_011	1480896000	3130_na	225663.078125	183169.890625	95843.296875	0.0465889149441709	0.171684	0.0994	1
LI_MAT_011	1487548800	3130_na	225663.078125	183169.890625	95843.296875	0.0388240957868091	0.137799	0.056	1
LI_MAT_011	1490659200	3130_na	225663.078125	183169.890625	95843.296875	0.271768670507664	0.056475	0.056	1
LI_MAT_011	1492560000	3130_na	225663.078125	183169.890625	95843.296875	0.186355659776684	0.289152	0.139	1
LI_MAT_011	1494892800	3130_na	225663.078125	183169.890625	95843.296875	0.0776481915736183	0.072288	0.037	1
LI_MAT_012	1464566400	3130_na	224842.734375	181896.984375	80939.3125	0.0854130107309801	0.036144	0.1098	1
LI_MAT_012	1470096000	3130_na	224842.734375	181896.984375	80939.3125	0.799776373208268	0.02259	0.2142	1
LI_MAT_012	1471824000	3130_na	224842.734375	181896.984375	80939.3125	0.0854130107309801	0.038403	0.1567	1
LI_MAT_012	1474934400	3130_na	224842.734375	181896.984375	80939.3125	0.55130216017269	0.02259	0.2862	1
LI_MAT_012	1477267200	3130_na	224842.734375	181896.984375	80939.3125	0.155296383147237	0.15813	0.0719	1
LI_MAT_012	1480291200	3130_na	224842.734375	181896.984375	80939.3125	0.0931778298883419	0.171684	0.06	1
LI_MAT_012	1480896000	3130_na	224842.734375	181896.984375	80939.3125	0.0854130107309801	0.131022	0.067	1
LI_MAT_012	1485216000	3130_na	224842.734375	181896.984375	80939.3125	0.0388240957868091	0.121986	0.0301	1
LI_MAT_012	1487548800	3130_na	224842.734375	181896.984375	80939.3125	0.0388240957868091	0.027108	0.0594	1
LI_MAT_012	1490659200	3130_na	224842.734375	181896.984375	80939.3125	0.225179755563493	0.088101	0.0651	1
LI_MAT_012	1492560000	3130_na	224842.734375	181896.984375	80939.3125	0.0776481915736183	0.070029	0.128	1
LI_MAT_012	1494892800	3130_na	224842.734375	181896.984375	80939.3125	0.186355659776684	0.076806	0.056	1
LI_MAT_013	1464566400	3130_na	225782.140625	182532.375	37125.78125	0.0621185532588946	0.02259	0.0511	1
LI_MAT_013	1470096000	3130_na	225782.140625	182532.375	37125.78125	0.0776481915736183	0.02259	0.024	1
LI_MAT_013	1471824000	3130_na	225782.140625	182532.375	37125.78125	0.0776481915736183	0.031626	0.0427	1
LI_MAT_013	1487548800	3130_na	225782.140625	182532.375	37125.78125	0.0388240957868091	0.060993	0.0735	1
LI_MAT_013	1490659200	3130_na	225782.140625	182532.375	37125.78125	0.108707468203066	0.054216	0.0228	1
LI_MAT_013	1492560000	3130_na	225782.140625	182532.375	37125.78125	0.0388240957868091	0.02259	0.021	1
LI_MAT_013	1494892800	3130_na	225782.140625	182532.375	37125.78125	0.0621185532588946	0.058734	0.02	1
LI_MAT_015	1498435200	3130_na	226683.9375	183415.71875	16444.025390625	0.0388240957868091	0.047439	0.043	1
LI_MAT_015	1500854400	3130_na	226683.9375	183415.71875	16444.025390625	0.0854130107309801	0.040662	0.07	1
LI_MAT_015	1502064000	3130_na	226683.9375	183415.71875	16444.025390625	0.473653968599071	0.054216	0.145	1
LI_MAT_015	1504483200	3130_na	226683.9375	183415.71875	16444.025390625	0.0388240957868091	0.027108	0.021	1
LI_MAT_015	1506902400	3130_na	226683.9375	183415.71875	16444.025390625	0.0465889149441709	0.036144	0.036	1
LI_MAT_015	1509926400	3130_na	226683.9375	183415.71875	16444.025390625	0.0388240957868091	0.054216	0.037	1
LI_MAT_015	1515369600	3130_na	226683.9375	183415.71875	16444.025390625	0.4270650536549	0.126504	0.0879	1
LI_MAT_015	1518393600	3130_na	226683.9375	183415.71875	16444.025390625	0.279533489665026	0.106173	0.0669	1
LI_MAT_015	1520208000	3130_na	226683.9375	183415.71875	16444.025390625	0.512478064385881	0.133281	0.124	1
LI_MAT_015	1523836800	3130_na	226683.9375	183415.71875	16444.025390625	0.0388240957868091	0.033885	0.0396	1
LI_MAT_015	1526256000	3130_na	226683.9375	183415.71875	16444.025390625	0.0465889149441709	0.031626	0.0491	1
LI_MAT_016	1498435200	3130_na	226597.078125	183362.765625	18914.3359375	0.0388240957868091	0.056475	0.402	1
LI_MAT_016	1500854400	3130_na	226597.078125	183362.765625	18914.3359375	0.0388240957868091	0.031626	0.307	1
LI_MAT_016	1502064000	3130_na	226597.078125	183362.765625	18914.3359375	0.100942649045704	0.036144	0.193	1
LI_MAT_016	1504483200	3130_na	226597.078125	183362.765625	18914.3359375	0.0465889149441709	0.04518	0.1824	1
LI_MAT_016	1506902400	3130_na	226597.078125	183362.765625	18914.3359375	0.0621185532588946	0.04518	0.124	1
LI_MAT_016	1509926400	3130_na	226597.078125	183362.765625	18914.3359375	0.0388240957868091	0.042921	0.223	1
LI_MAT_016	1515369600	3130_na	226597.078125	183362.765625	18914.3359375	0.364946500396006	0.15813	0.0932	1
LI_MAT_016	1518393600	3130_na	226597.078125	183362.765625	18914.3359375	0.302827947137111	0.126504	0.1052	1
LI_MAT_016	1520208000	3130_na	226597.078125	183362.765625	18914.3359375	0.217414936406131	0.056475	0.101	1
LI_MAT_016	1523836800	3130_na	226597.078125	183362.765625	18914.3359375	0.0388240957868091	0.063252	0.0943	1
LI_MAT_016	1526256000	3130_na	226597.078125	183362.765625	18914.3359375	0.0388240957868091	0.024849	0.0945	1
LI_MAT_017	1498435200	3130_na	226608.515625	183162.875	19776.498046875	0.0388240957868091	0.049698	0.068	1
LI_MAT_017	1500854400	3130_na	226608.515625	183162.875	19776.498046875	0.0388240957868091	0.063252	0.051	1
LI_MAT_017	1502064000	3130_na	226608.515625	183162.875	19776.498046875	0.0854130107309801	0.031626	0.045	1
LI_MAT_017	1504483200	3130_na	226608.515625	183162.875	19776.498046875	0.0388240957868091	0.027108	0.0502	1
LI_MAT_017	1506902400	3130_na	226608.515625	183162.875	19776.498046875	0.0388240957868091	0.031626	0.037	1
LI_MAT_017	1509926400	3130_na	226608.515625	183162.875	19776.498046875	0.0388240957868091	0.029367	0.025	1
LI_MAT_017	1515369600	3130_na	226608.515625	183162.875	19776.498046875	0.139766744832513	0.092619	0.1161	1
LI_MAT_017	1518393600	3130_na	226608.515625	183162.875	19776.498046875	0.0698833724162564	0.074547	0.0408	1
LI_MAT_017	1520208000	3130_na	226608.515625	183162.875	19776.498046875	0.139766744832513	0.06777	0.053	1
LI_MAT_017	1523836800	3130_na	226608.515625	183162.875	19776.498046875	0.0388240957868091	0.038403	0.0342	1
LI_MAT_017	1526256000	3130_na	226608.515625	183162.875	19776.498046875	0.0388240957868091	0.033885	0.0512	1
LI_MEC_001	1401062400	3160	237155.140625	185963.453125	3616.3837890625	0.17082602146196	0.040662	NA	1
LI_MEC_001	1406073600	3160	237155.140625	185963.453125	3616.3837890625	0.0776481915736183	0.031626	NA	1
LI_MEC_001	1408924800	3160	237155.140625	185963.453125	3616.3837890625	0.0776481915736183	0.024849	NA	1
LI_MEC_001	1411344000	3160	237155.140625	185963.453125	3616.3837890625	0.0776481915736183	0.049698	NA	1
LI_MEC_001	1414454400	3160	237155.140625	185963.453125	3616.3837890625	0.0776481915736183	0.02259	NA	1
LI_MEC_002	1433721600	3160	237185.296875	185799.9375	7646.359375	0.0776481915736183	0.051957	0.026	1
LI_MEC_002	1444003200	3160	237185.296875	185799.9375	7646.359375	0.0465889149441709	0.033885	0.06	1
LI_MEC_002	1446508800	3160	237185.296875	185799.9375	7646.359375	0.0388240957868091	0.02259	0.02	1
LI_MEC_002	1451952000	3160	237185.296875	185799.9375	7646.359375	0.0388240957868091	0.027108	0.02	1
LI_MEC_002	1454284800	3160	237185.296875	185799.9375	7646.359375	0.0388240957868091	0.04518	0.02	1
LI_MEC_002	1457308800	3160	237185.296875	185799.9375	7646.359375	0.0388240957868091	0.049698	0.02	1
LI_MEC_002	1460332800	3160	237185.296875	185799.9375	7646.359375	0.0543537341015328	0.097137	0.0326	1
LI_MEC_002	1462233600	3160	237185.296875	185799.9375	7646.359375	0.0388240957868091	0.024849	0.0264	1
LI_MLV_001	1398124800	3130_na	216501.34375	186347.34375	161185.140625	0.0776481915736183	0.063252	NA	1
LI_MLV_001	1398124800	3150	216501.34375	186347.34375	161185.140625	0.0776481915736183	0.063252	NA	1
LI_MLV_001	1401753600	3130_na	216501.34375	186347.34375	161185.140625	0.0776481915736183	0.049698	NA	1
LI_MLV_001	1401753600	3150	216501.34375	186347.34375	161185.140625	0.0776481915736183	0.049698	NA	1
LI_MLV_001	1404086400	3130_na	216501.34375	186347.34375	161185.140625	0.0776481915736183	0.042921	NA	1
LI_MLV_001	1404086400	3150	216501.34375	186347.34375	161185.140625	0.0776481915736183	0.042921	NA	1
LI_MLV_001	1407110400	3130_na	216501.34375	186347.34375	161185.140625	0.0776481915736183	0.063252	NA	1
LI_MLV_001	1407110400	3150	216501.34375	186347.34375	161185.140625	0.0776481915736183	0.063252	NA	1
LI_MLV_001	1410134400	3130_na	216501.34375	186347.34375	161185.140625	0.163061202304598	0.06777	NA	1
LI_MLV_001	1410134400	3150	216501.34375	186347.34375	161185.140625	0.163061202304598	0.06777	NA	1
LI_MLV_001	1413763200	3130_na	216501.34375	186347.34375	161185.140625	0.0854130107309801	0.097137	NA	1
LI_MLV_001	1413763200	3150	216501.34375	186347.34375	161185.140625	0.0854130107309801	0.097137	NA	1
LI_MLV_002	1398124800	3130_na	215883.671875	185536.203125	6568.36767578125	0.0776481915736183	0.036144	NA	1
LI_MLV_002	1401753600	3130_na	215883.671875	185536.203125	6568.36767578125	0.0776481915736183	0.02259	NA	1
LI_MLV_002	1404086400	3130_na	215883.671875	185536.203125	6568.36767578125	0.0776481915736183	0.029367	NA	1
LI_MLV_002	1407110400	3130_na	215883.671875	185536.203125	6568.36767578125	0.0776481915736183	0.040662	NA	1
LI_MLV_002	1410134400	3130_na	215883.671875	185536.203125	6568.36767578125	0.0776481915736183	0.09036	NA	1
LI_MLV_002	1413763200	3130_na	215883.671875	185536.203125	6568.36767578125	0.0776481915736183	0.029367	NA	1
LI_MLV_003	1398124800	3130_aom	215602.671875	185405.703125	9037.486328125	0.0776481915736183	0.042921	NA	1
LI_MLV_003	1398124800	3130_na	215602.671875	185405.703125	9037.486328125	0.0776481915736183	0.042921	NA	1
LI_MLV_003	1401753600	3130_aom	215602.671875	185405.703125	9037.486328125	0.0776481915736183	0.02259	NA	1
LI_MLV_003	1401753600	3130_na	215602.671875	185405.703125	9037.486328125	0.0776481915736183	0.02259	NA	1
LI_MLV_003	1404086400	3130_aom	215602.671875	185405.703125	9037.486328125	0.0776481915736183	0.027108	NA	1
LI_MLV_003	1404086400	3130_na	215602.671875	185405.703125	9037.486328125	0.0776481915736183	0.027108	NA	1
LI_MLV_003	1407110400	3130_aom	215602.671875	185405.703125	9037.486328125	0.0776481915736183	0.02259	NA	1
LI_MLV_003	1407110400	3130_na	215602.671875	185405.703125	9037.486328125	0.0776481915736183	0.02259	NA	1
LI_MLV_003	1410134400	3130_aom	215602.671875	185405.703125	9037.486328125	0.0776481915736183	0.063252	NA	1
LI_MLV_003	1410134400	3130_na	215602.671875	185405.703125	9037.486328125	0.0776481915736183	0.063252	NA	1
LI_MLV_003	1413763200	3130_aom	215602.671875	185405.703125	9037.486328125	0.0776481915736183	0.038403	NA	1
LI_MLV_003	1413763200	3130_na	215602.671875	185405.703125	9037.486328125	0.0776481915736183	0.038403	NA	1
LI_MLV_004	1398124800	3130_aom	215334.96875	185356.265625	2496.15234375	0.0776481915736183	0.029367	NA	1
LI_MLV_004	1401753600	3130_aom	215334.96875	185356.265625	2496.15234375	0.0776481915736183	0.029367	NA	1
LI_MLV_004	1404086400	3130_aom	215334.96875	185356.265625	2496.15234375	0.0776481915736183	0.047439	NA	1
LI_MLV_004	1407110400	3130_aom	215334.96875	185356.265625	2496.15234375	0.0776481915736183	0.031626	NA	1
LI_MLV_004	1410134400	3130_aom	215334.96875	185356.265625	2496.15234375	0.0776481915736183	0.106173	NA	1
LI_MLV_004	1413763200	3130_aom	215334.96875	185356.265625	2496.15234375	0.0776481915736183	0.027108	NA	1
LI_MLV_005	1398124800	3130_aom	217188.921875	185826.28125	8895.5126953125	0.0776481915736183	0.042921	NA	1
LI_MLV_005	1398124800	3130_na	217188.921875	185826.28125	8895.5126953125	0.0776481915736183	0.042921	NA	1
LI_MLV_005	1401753600	3130_aom	217188.921875	185826.28125	8895.5126953125	0.0776481915736183	0.031626	NA	1
LI_MLV_005	1401753600	3130_na	217188.921875	185826.28125	8895.5126953125	0.0776481915736183	0.031626	NA	1
LI_MLV_005	1404086400	3130_aom	217188.921875	185826.28125	8895.5126953125	0.0776481915736183	0.02259	NA	1
LI_MLV_005	1404086400	3130_na	217188.921875	185826.28125	8895.5126953125	0.0776481915736183	0.02259	NA	1
LI_MLV_005	1407110400	3130_aom	217188.921875	185826.28125	8895.5126953125	0.0776481915736183	0.033885	NA	1
LI_MLV_005	1407110400	3130_na	217188.921875	185826.28125	8895.5126953125	0.0776481915736183	0.033885	NA	1
LI_MLV_005	1410134400	3130_aom	217188.921875	185826.28125	8895.5126953125	0.0776481915736183	0.06777	NA	1
LI_MLV_005	1410134400	3130_na	217188.921875	185826.28125	8895.5126953125	0.0776481915736183	0.06777	NA	1
LI_MLV_005	1413763200	3130_aom	217188.921875	185826.28125	8895.5126953125	0.0776481915736183	0.047439	NA	1
LI_MLV_005	1413763200	3130_na	217188.921875	185826.28125	8895.5126953125	0.0776481915736183	0.047439	NA	1
LI_MLV_006	1398124800	3130_na	218439.671875	184739.234375	84502.75	0.0776481915736183	0.094878	NA	1
LI_MLV_006	1401753600	3130_na	218439.671875	184739.234375	84502.75	0.0776481915736183	0.185238	NA	1
LI_MLV_006	1404086400	3130_na	218439.671875	184739.234375	84502.75	0.163061202304598	0.051957	NA	1
LI_MLV_006	1407110400	3130_na	218439.671875	184739.234375	84502.75	0.0776481915736183	0.085842	NA	1
LI_MLV_006	1410134400	3130_na	218439.671875	184739.234375	84502.75	0.0776481915736183	0.060993	NA	1
LI_MLV_006	1413763200	3130_na	218439.671875	184739.234375	84502.75	0.0776481915736183	0.036144	NA	1
LI_MLV_008	1398643200	3130_aom	216562.203125	186274.0625	27927.9140625	0.0776481915736183	0.092619	NA	1
LI_MLV_008	1401753600	3130_aom	216562.203125	186274.0625	27927.9140625	0.0776481915736183	0.02259	NA	1
LI_MLV_008	1404086400	3130_aom	216562.203125	186274.0625	27927.9140625	0.0776481915736183	0.024849	NA	1
LI_MLV_008	1407110400	3130_aom	216562.203125	186274.0625	27927.9140625	0.0776481915736183	0.042921	NA	1
LI_MLV_008	1410134400	3130_aom	216562.203125	186274.0625	27927.9140625	0.0776481915736183	0.273339	NA	1
LI_MLV_008	1413763200	3130_aom	216562.203125	186274.0625	27927.9140625	0.0776481915736183	0.099396	NA	1
LI_MLV_010	1434326400	3130_aom	216593.484375	185412.84375	11359.904296875	0.0543537341015328	0.049698	0.037	1
LI_MLV_010	1434326400	3130_na	216593.484375	185412.84375	11359.904296875	0.0543537341015328	0.049698	0.037	1
LI_MLV_010	1434326400	3140	216593.484375	185412.84375	11359.904296875	0.0543537341015328	0.049698	0.037	1
LI_MLV_010	1436918400	3130_aom	216593.484375	185412.84375	11359.904296875	0.0388240957868091	0.027108	0.053	1
LI_MLV_010	1436918400	3130_na	216593.484375	185412.84375	11359.904296875	0.0388240957868091	0.027108	0.053	1
LI_MLV_010	1436918400	3140	216593.484375	185412.84375	11359.904296875	0.0388240957868091	0.027108	0.053	1
LI_MLV_010	1439337600	3130_aom	216593.484375	185412.84375	11359.904296875	0.0388240957868091	0.042921	0.2532	1
LI_MLV_010	1439337600	3130_na	216593.484375	185412.84375	11359.904296875	0.0388240957868091	0.042921	0.2532	1
LI_MLV_010	1439337600	3140	216593.484375	185412.84375	11359.904296875	0.0388240957868091	0.042921	0.2532	1
LI_MLV_010	1441670400	3130_aom	216593.484375	185412.84375	11359.904296875	0.0388240957868091	0.092619	0.2159	1
LI_MLV_010	1441670400	3130_na	216593.484375	185412.84375	11359.904296875	0.0388240957868091	0.092619	0.2159	1
LI_MLV_010	1441670400	3140	216593.484375	185412.84375	11359.904296875	0.0388240957868091	0.092619	0.2159	1
LI_MLV_010	1455580800	3130_aom	216593.484375	185412.84375	11359.904296875	0.0388240957868091	0.707067	0.1088	1
LI_MLV_010	1455580800	3130_na	216593.484375	185412.84375	11359.904296875	0.0388240957868091	0.707067	0.1088	1
LI_MLV_010	1455580800	3140	216593.484375	185412.84375	11359.904296875	0.0388240957868091	0.707067	0.1088	1
LI_MLV_010	1.458e+09	3130_aom	216593.484375	185412.84375	11359.904296875	0.0388240957868091	0.029367	0.0551	1
LI_MLV_010	1.458e+09	3130_na	216593.484375	185412.84375	11359.904296875	0.0388240957868091	0.029367	0.0551	1
LI_MLV_010	1.458e+09	3140	216593.484375	185412.84375	11359.904296875	0.0388240957868091	0.029367	0.0551	1
LI_MLV_010	1461024000	3130_aom	216593.484375	185412.84375	11359.904296875	0.0388240957868091	0.02259	0.0348	1
LI_MLV_010	1461024000	3130_na	216593.484375	185412.84375	11359.904296875	0.0388240957868091	0.02259	0.0348	1
LI_MLV_010	1461024000	3140	216593.484375	185412.84375	11359.904296875	0.0388240957868091	0.02259	0.0348	1
LI_MLV_010	1463443200	3130_aom	216593.484375	185412.84375	11359.904296875	0.0388240957868091	0.024849	0.0441	1
LI_MLV_010	1463443200	3130_na	216593.484375	185412.84375	11359.904296875	0.0388240957868091	0.024849	0.0441	1
LI_MLV_010	1463443200	3140	216593.484375	185412.84375	11359.904296875	0.0388240957868091	0.024849	0.0441	1
LI_MLV_011	1434499200	3130_na	215280.09375	184172	18259.083984375	0.0388240957868091	0.02259	0.12	1
LI_MLV_011	1436918400	3130_na	215280.09375	184172	18259.083984375	0.0388240957868091	0.036144	0.135	1
LI_MLV_011	1439337600	3130_na	215280.09375	184172	18259.083984375	0.0388240957868091	0.031626	0.3511	1
LI_MLV_011	1441670400	3130_na	215280.09375	184172	18259.083984375	0.0465889149441709	0.070029	0.2484	1
LI_MLV_011	1444694400	3130_na	215280.09375	184172	18259.083984375	0.0388240957868091	0.054216	0.11	1
LI_MLV_011	1447027200	3130_na	215280.09375	184172	18259.083984375	0.0388240957868091	0.047439	0.1419	1
LI_MLV_011	1449532800	3130_na	215280.09375	184172	18259.083984375	0.380476138710729	0.128763	0.054	1
LI_MLV_011	1453075200	3130_na	215280.09375	184172	18259.083984375	0.0388240957868091	0.374994	0.0601	1
LI_MLV_011	1455580800	3130_na	215280.09375	184172	18259.083984375	0.0388240957868091	0.036144	0.0731	1
LI_MLV_011	1.458e+09	3130_na	215280.09375	184172	18259.083984375	0.0388240957868091	0.02259	0.0882	1
LI_MLV_011	1461024000	3130_na	215280.09375	184172	18259.083984375	0.248474213035578	0.047439	0.1079	1
LI_MLV_011	1463443200	3130_na	215280.09375	184172	18259.083984375	0.683304085847841	0.033885	0.1949	1
LI_MLV_013	1434499200	3130_aom	218508.15625	184778.0625	39061.81640625	0.100942649045704	0.051957	0.28	1
LI_MLV_013	1434499200	3130_na	218508.15625	184778.0625	39061.81640625	0.100942649045704	0.051957	0.28	1
LI_MLV_013	1436918400	3130_aom	218508.15625	184778.0625	39061.81640625	0.0465889149441709	2.943477	0.319	1
LI_MLV_013	1436918400	3130_na	218508.15625	184778.0625	39061.81640625	0.0465889149441709	2.943477	0.319	1
LI_MLV_013	1439337600	3130_aom	218508.15625	184778.0625	39061.81640625	0.0776481915736183	0.065511	0.5185	1
LI_MLV_013	1439337600	3130_na	218508.15625	184778.0625	39061.81640625	0.0776481915736183	0.065511	0.5185	1
LI_MLV_013	1441670400	3130_aom	218508.15625	184778.0625	39061.81640625	0.0543537341015328	0.079065	1.27	1
LI_MLV_013	1441670400	3130_na	218508.15625	184778.0625	39061.81640625	0.0543537341015328	0.079065	1.27	1
LI_MLV_013	1444694400	3130_aom	218508.15625	184778.0625	39061.81640625	0.0543537341015328	0.155871	0.29	1
LI_MLV_013	1444694400	3130_na	218508.15625	184778.0625	39061.81640625	0.0543537341015328	0.155871	0.29	1
LI_MLV_013	1447027200	3130_aom	218508.15625	184778.0625	39061.81640625	0.0388240957868091	0.047439	0.3012	1
LI_MLV_013	1447027200	3130_na	218508.15625	184778.0625	39061.81640625	0.0388240957868091	0.047439	0.3012	1
LI_MLV_013	1449532800	3130_aom	218508.15625	184778.0625	39061.81640625	0.0931778298883419	0.20331	0.118	1
LI_MLV_013	1449532800	3130_na	218508.15625	184778.0625	39061.81640625	0.0931778298883419	0.20331	0.118	1
LI_MLV_013	1453075200	3130_aom	218508.15625	184778.0625	39061.81640625	0.0543537341015328	0.438246	0.1248	1
LI_MLV_013	1453075200	3130_na	218508.15625	184778.0625	39061.81640625	0.0543537341015328	0.438246	0.1248	1
LI_MLV_013	1455580800	3130_aom	218508.15625	184778.0625	39061.81640625	0.396005777025453	0.291411	0.1657	1
LI_MLV_013	1455580800	3130_na	218508.15625	184778.0625	39061.81640625	0.396005777025453	0.291411	0.1657	1
LI_MLV_013	1.458e+09	3130_aom	218508.15625	184778.0625	39061.81640625	0.0465889149441709	0.668664	0.0577	1
LI_MLV_013	1.458e+09	3130_na	218508.15625	184778.0625	39061.81640625	0.0465889149441709	0.668664	0.0577	1
LI_MLV_013	1461024000	3130_aom	218508.15625	184778.0625	39061.81640625	0.0388240957868091	0.02259	0.0413	1
LI_MLV_013	1461024000	3130_na	218508.15625	184778.0625	39061.81640625	0.0388240957868091	0.02259	0.0413	1
LI_MLV_013	1463443200	3130_aom	218508.15625	184778.0625	39061.81640625	0.0698833724162564	0.027108	0.0673	1
LI_MLV_013	1463443200	3130_na	218508.15625	184778.0625	39061.81640625	0.0698833724162564	0.027108	0.0673	1
LI_MLV_014	1434499200	3130_na	217921.421875	184584.171875	87319.609375	0.0543537341015328	0.228159	0.216	1
LI_MLV_014	1436918400	3130_na	217921.421875	184584.171875	87319.609375	0.194120478934046	0.038403	0.361	1
LI_MLV_014	1439337600	3130_na	217921.421875	184584.171875	87319.609375	1.68496575714752	0.058734	0.3369	1
LI_MLV_014	1441670400	3130_na	217921.421875	184584.171875	87319.609375	0.559066979330051	0.377253	0.1729	1
LI_MLV_014	1444694400	3130_na	217921.421875	184584.171875	87319.609375	0.279533489665026	0.327555	0.12	1
LI_MLV_014	1447027200	3130_na	217921.421875	184584.171875	87319.609375	0.264003851350302	0.201051	0.0908	1
LI_MLV_014	1449532800	3130_na	217921.421875	184584.171875	87319.609375	0.0931778298883419	0.424692	0.084	1
LI_MLV_014	1453075200	3130_na	217921.421875	184584.171875	87319.609375	0.0388240957868091	0.449541	0.0773	1
LI_MLV_014	1455580800	3130_na	217921.421875	184584.171875	87319.609375	0.0388240957868091	0.42921	0.0701	1
LI_MLV_014	1.458e+09	3130_na	217921.421875	184584.171875	87319.609375	0.248474213035578	0.18072	0.2374	1
LI_MLV_014	1463443200	3130_na	217921.421875	184584.171875	87319.609375	0.0621185532588946	0.729657	0.187	1
LI_MLV_015	1434499200	3130_aom	217752.453125	185736.890625	30496.0390625	0.0388240957868091	0.054216	0.366	1
LI_MLV_015	1434499200	3130_na	217752.453125	185736.890625	30496.0390625	0.0388240957868091	0.054216	0.366	1
LI_MLV_015	1436918400	3130_aom	217752.453125	185736.890625	30496.0390625	0.0698833724162564	0.056475	0.708	1
LI_MLV_015	1436918400	3130_na	217752.453125	185736.890625	30496.0390625	0.0698833724162564	0.056475	0.708	1
LI_MLV_015	1439337600	3130_aom	217752.453125	185736.890625	30496.0390625	0.0388240957868091	0.042921	0.1465	1
LI_MLV_015	1439337600	3130_na	217752.453125	185736.890625	30496.0390625	0.0388240957868091	0.042921	0.1465	1
LI_MLV_015	1441670400	3130_aom	217752.453125	185736.890625	30496.0390625	0.0388240957868091	0.06777	0.1232	1
LI_MLV_015	1441670400	3130_na	217752.453125	185736.890625	30496.0390625	0.0388240957868091	0.06777	0.1232	1
LI_MLV_015	1444694400	3130_aom	217752.453125	185736.890625	30496.0390625	0.0388240957868091	0.101655	0.23	1
LI_MLV_015	1444694400	3130_na	217752.453125	185736.890625	30496.0390625	0.0388240957868091	0.101655	0.23	1
LI_MLV_015	1447027200	3130_aom	217752.453125	185736.890625	30496.0390625	0.0388240957868091	0.149094	0.1179	1
LI_MLV_015	1447027200	3130_na	217752.453125	185736.890625	30496.0390625	0.0388240957868091	0.149094	0.1179	1
LI_MLV_015	1449532800	3130_aom	217752.453125	185736.890625	30496.0390625	0.442594691969624	0.817758	0.187	1
LI_MLV_015	1449532800	3130_na	217752.453125	185736.890625	30496.0390625	0.442594691969624	0.817758	0.187	1
LI_MLV_015	1453075200	3130_aom	217752.453125	185736.890625	30496.0390625	0.0388240957868091	0.094878	0.0821	1
LI_MLV_015	1453075200	3130_na	217752.453125	185736.890625	30496.0390625	0.0388240957868091	0.094878	0.0821	1
LI_MLV_015	1455580800	3130_aom	217752.453125	185736.890625	30496.0390625	0.0388240957868091	0.869715	0.0638	1
LI_MLV_015	1455580800	3130_na	217752.453125	185736.890625	30496.0390625	0.0388240957868091	0.869715	0.0638	1
LI_MLV_015	1.458e+09	3130_aom	217752.453125	185736.890625	30496.0390625	0.0543537341015328	0.054216	0.0713	1
LI_MLV_015	1.458e+09	3130_na	217752.453125	185736.890625	30496.0390625	0.0543537341015328	0.054216	0.0713	1
LI_MLV_015	1461024000	3130_aom	217752.453125	185736.890625	30496.0390625	0.0388240957868091	0.182979	0.058	1
LI_MLV_015	1461024000	3130_na	217752.453125	185736.890625	30496.0390625	0.0388240957868091	0.182979	0.058	1
LI_MLV_015	1463443200	3130_aom	217752.453125	185736.890625	30496.0390625	0.0388240957868091	0.029367	0.1398	1
LI_MLV_015	1463443200	3130_na	217752.453125	185736.890625	30496.0390625	0.0388240957868091	0.029367	0.1398	1
LI_MLV_016	1434499200	3130_aom	216701.109375	186049.171875	26814.291015625	0.0388240957868091	0.036144	0.057	1
LI_MLV_016	1434499200	3130_na	216701.109375	186049.171875	26814.291015625	0.0388240957868091	0.036144	0.057	1
LI_MLV_016	1434499200	3140	216701.109375	186049.171875	26814.291015625	0.0388240957868091	0.036144	0.057	1
LI_MLV_016	1436918400	3130_aom	216701.109375	186049.171875	26814.291015625	0.0388240957868091	0.094878	0.047	1
LI_MLV_016	1436918400	3130_na	216701.109375	186049.171875	26814.291015625	0.0388240957868091	0.094878	0.047	1
LI_MLV_016	1436918400	3140	216701.109375	186049.171875	26814.291015625	0.0388240957868091	0.094878	0.047	1
LI_MLV_016	1439337600	3130_aom	216701.109375	186049.171875	26814.291015625	0.0388240957868091	0.616707	0.0534	1
LI_MLV_016	1439337600	3130_na	216701.109375	186049.171875	26814.291015625	0.0388240957868091	0.616707	0.0534	1
LI_MLV_016	1439337600	3140	216701.109375	186049.171875	26814.291015625	0.0388240957868091	0.616707	0.0534	1
LI_MLV_016	1441670400	3130_aom	216701.109375	186049.171875	26814.291015625	0.0388240957868091	0.042921	0.0551	1
LI_MLV_016	1441670400	3130_na	216701.109375	186049.171875	26814.291015625	0.0388240957868091	0.042921	0.0551	1
LI_MLV_016	1441670400	3140	216701.109375	186049.171875	26814.291015625	0.0388240957868091	0.042921	0.0551	1
LI_MLV_016	1444694400	3130_aom	216701.109375	186049.171875	26814.291015625	0.147531563989875	0.126504	0.04	1
LI_MLV_016	1444694400	3130_na	216701.109375	186049.171875	26814.291015625	0.147531563989875	0.126504	0.04	1
LI_MLV_016	1444694400	3140	216701.109375	186049.171875	26814.291015625	0.147531563989875	0.126504	0.04	1
LI_MLV_016	1447027200	3130_aom	216701.109375	186049.171875	26814.291015625	0.0388240957868091	0.02259	0.0494	1
LI_MLV_016	1447027200	3130_na	216701.109375	186049.171875	26814.291015625	0.0388240957868091	0.02259	0.0494	1
LI_MLV_016	1447027200	3140	216701.109375	186049.171875	26814.291015625	0.0388240957868091	0.02259	0.0494	1
LI_MLV_016	1449532800	3130_aom	216701.109375	186049.171875	26814.291015625	2.71768670507664	0.060993	0.202	1
LI_MLV_016	1449532800	3130_na	216701.109375	186049.171875	26814.291015625	2.71768670507664	0.060993	0.202	1
LI_MLV_016	1449532800	3140	216701.109375	186049.171875	26814.291015625	2.71768670507664	0.060993	0.202	1
LI_MLV_016	1455580800	3130_aom	216701.109375	186049.171875	26814.291015625	0.100942649045704	0.228159	0.158	1
LI_MLV_016	1455580800	3130_na	216701.109375	186049.171875	26814.291015625	0.100942649045704	0.228159	0.158	1
LI_MLV_016	1455580800	3140	216701.109375	186049.171875	26814.291015625	0.100942649045704	0.228159	0.158	1
LI_MLV_016	1.458e+09	3130_aom	216701.109375	186049.171875	26814.291015625	0.0388240957868091	0.02259	0.3988	1
LI_MLV_016	1.458e+09	3130_na	216701.109375	186049.171875	26814.291015625	0.0388240957868091	0.02259	0.3988	1
LI_MLV_016	1.458e+09	3140	216701.109375	186049.171875	26814.291015625	0.0388240957868091	0.02259	0.3988	1
LI_MLV_016	1461024000	3130_aom	216701.109375	186049.171875	26814.291015625	0.0388240957868091	0.02259	0.0427	1
LI_MLV_016	1461024000	3130_na	216701.109375	186049.171875	26814.291015625	0.0388240957868091	0.02259	0.0427	1
LI_MLV_016	1461024000	3140	216701.109375	186049.171875	26814.291015625	0.0388240957868091	0.02259	0.0427	1
LI_MLV_016	1463443200	3130_aom	216701.109375	186049.171875	26814.291015625	0.108707468203066	0.02259	0.0989	1
LI_MLV_016	1463443200	3130_na	216701.109375	186049.171875	26814.291015625	0.108707468203066	0.02259	0.0989	1
LI_MLV_016	1463443200	3140	216701.109375	186049.171875	26814.291015625	0.108707468203066	0.02259	0.0989	1
LI_MLV_020	1465862400	3130_aom	216922.296875	186184.625	4892.64404296875	0.0698833724162564	0.092619	0.0661	1
LI_MLV_020	1465862400	3130_na	216922.296875	186184.625	4892.64404296875	0.0698833724162564	0.092619	0.0661	1
LI_MLV_020	1470009600	3130_aom	216922.296875	186184.625	4892.64404296875	0.132001925675151	0.02259	0.0514	1
LI_MLV_020	1470009600	3130_na	216922.296875	186184.625	4892.64404296875	0.132001925675151	0.02259	0.0514	1
LI_MLV_020	1472428800	3130_aom	216922.296875	186184.625	4892.64404296875	0.0388240957868091	0.02259	0.0615	1
LI_MLV_020	1472428800	3130_na	216922.296875	186184.625	4892.64404296875	0.0388240957868091	0.02259	0.0615	1
LI_MLV_020	1473120000	3130_aom	216922.296875	186184.625	4892.64404296875	0.0388240957868091	0.02259	0.3306	1
LI_MLV_020	1473120000	3130_na	216922.296875	186184.625	4892.64404296875	0.0388240957868091	0.02259	0.3306	1
LI_MLV_020	1487030400	3130_aom	216922.296875	186184.625	4892.64404296875	0.0388240957868091	0.397584	0.0583	1
LI_MLV_020	1487030400	3130_na	216922.296875	186184.625	4892.64404296875	0.0388240957868091	0.397584	0.0583	1
LI_MLV_020	1489363200	3130_aom	216922.296875	186184.625	4892.64404296875	0.0543537341015328	0.054216	0.02	1
LI_MLV_020	1489363200	3130_na	216922.296875	186184.625	4892.64404296875	0.0543537341015328	0.054216	0.02	1
LI_MLV_020	1492992000	3130_aom	216922.296875	186184.625	4892.64404296875	0.0388240957868091	0.070029	0.023	1
LI_MLV_020	1492992000	3130_na	216922.296875	186184.625	4892.64404296875	0.0388240957868091	0.070029	0.023	1
LI_MLV_020	1494892800	3130_aom	216922.296875	186184.625	4892.64404296875	0.0388240957868091	0.063252	0.044	1
LI_MLV_020	1494892800	3130_na	216922.296875	186184.625	4892.64404296875	0.0388240957868091	0.063252	0.044	1
LI_MLV_021	1465862400	3130_na	217522.375	186440.265625	5644.576171875	0.0465889149441709	0.128763	0.2507	1
LI_MLV_021	1470009600	3130_na	217522.375	186440.265625	5644.576171875	0.116472287360427	0.02259	0.165	1
LI_MLV_021	1472428800	3130_na	217522.375	186440.265625	5644.576171875	0.0388240957868091	0.027108	0.2108	1
LI_MLV_021	1473120000	3130_na	217522.375	186440.265625	5644.576171875	0.0388240957868091	0.02259	0.0707	1
LI_MLV_021	1477353600	3130_na	217522.375	186440.265625	5644.576171875	0.0465889149441709	0.02259	0.0929	1
LI_MLV_021	1478476800	3130_na	217522.375	186440.265625	5644.576171875	0.0465889149441709	0.02259	0.0814	1
LI_MLV_021	1480377600	3130_na	217522.375	186440.265625	5644.576171875	0.0388240957868091	0.027108	0.0964	1
LI_MLV_021	1487030400	3130_na	217522.375	186440.265625	5644.576171875	0.0388240957868091	0.029367	0.2236	1
LI_MLV_021	1489363200	3130_na	217522.375	186440.265625	5644.576171875	0.0388240957868091	0.04518	0.1158	1
LI_MLV_021	1493078400	3130_na	217522.375	186440.265625	5644.576171875	0.0388240957868091	0.04518	0.103	1
LI_MLV_021	1494892800	3130_na	217522.375	186440.265625	5644.576171875	0.0621185532588946	0.042921	0.204	1
LI_MLV_022	1465862400	3130_na	217606.078125	186503.234375	23057.025390625	0.0388240957868091	0.115209	0.3911	1
LI_MLV_022	1470009600	3130_na	217606.078125	186503.234375	23057.025390625	0.0854130107309801	0.02259	0.248	1
LI_MLV_022	1472428800	3130_na	217606.078125	186503.234375	23057.025390625	0.0388240957868091	0.02259	0.1968	1
LI_MLV_022	1473120000	3130_na	217606.078125	186503.234375	23057.025390625	0.0388240957868091	0.02259	0.02	1
LI_MLV_022	1477353600	3130_na	217606.078125	186503.234375	23057.025390625	0.0465889149441709	0.031626	0.1137	1
LI_MLV_022	1478476800	3130_na	217606.078125	186503.234375	23057.025390625	0.0543537341015328	0.049698	0.1237	1
LI_MLV_022	1480377600	3130_na	217606.078125	186503.234375	23057.025390625	0.0388240957868091	0.042921	0.0854	1
LI_MLV_022	1487030400	3130_na	217606.078125	186503.234375	23057.025390625	0.0388240957868091	0.027108	0.3101	1
LI_MLV_022	1489363200	3130_na	217606.078125	186503.234375	23057.025390625	0.0388240957868091	0.042921	0.1309	1
LI_MLV_022	1493078400	3130_na	217606.078125	186503.234375	23057.025390625	0.0388240957868091	0.063252	0.098	1
LI_MLV_022	1494892800	3130_na	217606.078125	186503.234375	23057.025390625	0.0621185532588946	0.088101	0.152	1
LI_MLV_025	1465171200	3130_aom	215570.953125	185347.203125	22079	0.0465889149441709	0.074547	0.0782	1
LI_MLV_025	1465171200	3130_na	215570.953125	185347.203125	22079	0.0465889149441709	0.074547	0.0782	1
LI_MLV_025	1465171200	3140	215570.953125	185347.203125	22079	0.0465889149441709	0.074547	0.0782	1
LI_MLV_025	1470009600	3130_aom	215570.953125	185347.203125	22079	0.0388240957868091	0.02259	0.0411	1
LI_MLV_025	1470009600	3130_na	215570.953125	185347.203125	22079	0.0388240957868091	0.02259	0.0411	1
LI_MLV_025	1470009600	3140	215570.953125	185347.203125	22079	0.0388240957868091	0.02259	0.0411	1
LI_MLV_025	1472428800	3130_aom	215570.953125	185347.203125	22079	0.0388240957868091	0.02259	0.0363	1
LI_MLV_025	1472428800	3130_na	215570.953125	185347.203125	22079	0.0388240957868091	0.02259	0.0363	1
LI_MLV_025	1472428800	3140	215570.953125	185347.203125	22079	0.0388240957868091	0.02259	0.0363	1
LI_MLV_025	1473120000	3130_aom	215570.953125	185347.203125	22079	0.0388240957868091	0.02259	0.0744	1
LI_MLV_025	1473120000	3130_na	215570.953125	185347.203125	22079	0.0388240957868091	0.02259	0.0744	1
LI_MLV_025	1473120000	3140	215570.953125	185347.203125	22079	0.0388240957868091	0.02259	0.0744	1
LI_MLV_025	1487030400	3130_aom	215570.953125	185347.203125	22079	0.0776481915736183	1.032363	0.1274	1
LI_MLV_025	1487030400	3130_na	215570.953125	185347.203125	22079	0.0776481915736183	1.032363	0.1274	1
LI_MLV_025	1487030400	3140	215570.953125	185347.203125	22079	0.0776481915736183	1.032363	0.1274	1
LI_MLV_025	1489363200	3130_aom	215570.953125	185347.203125	22079	0.0543537341015328	0.036144	0.0237	1
LI_MLV_025	1489363200	3130_na	215570.953125	185347.203125	22079	0.0543537341015328	0.036144	0.0237	1
LI_MLV_025	1489363200	3140	215570.953125	185347.203125	22079	0.0543537341015328	0.036144	0.0237	1
LI_MLV_025	1492992000	3130_aom	215570.953125	185347.203125	22079	0.0388240957868091	0.033885	0.022	1
LI_MLV_025	1492992000	3130_na	215570.953125	185347.203125	22079	0.0388240957868091	0.033885	0.022	1
LI_MLV_025	1492992000	3140	215570.953125	185347.203125	22079	0.0388240957868091	0.033885	0.022	1
LI_MLV_025	1494892800	3130_aom	215570.953125	185347.203125	22079	0.0543537341015328	0.187497	0.027	1
LI_MLV_025	1494892800	3130_na	215570.953125	185347.203125	22079	0.0543537341015328	0.187497	0.027	1
LI_MLV_025	1494892800	3140	215570.953125	185347.203125	22079	0.0543537341015328	0.187497	0.027	1
LI_MLV_026	1465171200	3130_aom	215740.265625	185502.59375	6591.75830078125	0.0388240957868091	0.092619	0.0391	1
LI_MLV_026	1465171200	3130_na	215740.265625	185502.59375	6591.75830078125	0.0388240957868091	0.092619	0.0391	1
LI_MLV_026	1470009600	3130_aom	215740.265625	185502.59375	6591.75830078125	0.178590840619322	0.02259	0.02	1
LI_MLV_026	1470009600	3130_na	215740.265625	185502.59375	6591.75830078125	0.178590840619322	0.02259	0.02	1
LI_MLV_026	1472428800	3130_aom	215740.265625	185502.59375	6591.75830078125	0.0388240957868091	0.02259	0.0287	1
LI_MLV_026	1472428800	3130_na	215740.265625	185502.59375	6591.75830078125	0.0388240957868091	0.02259	0.0287	1
LI_MLV_026	1473120000	3130_aom	215740.265625	185502.59375	6591.75830078125	0.0388240957868091	0.02259	0.0631	1
LI_MLV_026	1473120000	3130_na	215740.265625	185502.59375	6591.75830078125	0.0388240957868091	0.02259	0.0631	1
LI_MLV_026	1480377600	3130_aom	215740.265625	185502.59375	6591.75830078125	0.0388240957868091	0.031626	0.0272	1
LI_MLV_026	1480377600	3130_na	215740.265625	185502.59375	6591.75830078125	0.0388240957868091	0.031626	0.0272	1
LI_MLV_026	1487030400	3130_aom	215740.265625	185502.59375	6591.75830078125	0.0465889149441709	0.449541	0.0575	1
LI_MLV_026	1487030400	3130_na	215740.265625	185502.59375	6591.75830078125	0.0465889149441709	0.449541	0.0575	1
LI_MLV_026	1489363200	3130_aom	215740.265625	185502.59375	6591.75830078125	0.0388240957868091	0.038403	0.024	1
LI_MLV_026	1489363200	3130_na	215740.265625	185502.59375	6591.75830078125	0.0388240957868091	0.038403	0.024	1
LI_MLV_026	1492992000	3130_aom	215740.265625	185502.59375	6591.75830078125	0.0388240957868091	0.033885	0.02	1
LI_MLV_026	1492992000	3130_na	215740.265625	185502.59375	6591.75830078125	0.0388240957868091	0.033885	0.02	1
LI_MLV_026	1494892800	3130_aom	215740.265625	185502.59375	6591.75830078125	0.0543537341015328	0.072288	0.031	1
LI_MLV_026	1494892800	3130_na	215740.265625	185502.59375	6591.75830078125	0.0543537341015328	0.072288	0.031	1
LI_MLV_029	1465171200	3130_na	216558.5625	183644.96875	12914.8515625	0.0621185532588946	0.702549	0.054	1
LI_MLV_029	1470009600	3130_na	216558.5625	183644.96875	12914.8515625	0.0931778298883419	0.02259	0.0325	1
LI_MLV_029	1472428800	3130_na	216558.5625	183644.96875	12914.8515625	0.0388240957868091	0.02259	0.0851	1
LI_MLV_029	1473120000	3130_na	216558.5625	183644.96875	12914.8515625	0.0543537341015328	0.029367	0.0647	1
LI_MLV_029	1487030400	3130_na	216558.5625	183644.96875	12914.8515625	1.55296383147237	0.905859	0.1276	1
LI_MLV_029	1489449600	3130_na	216558.5625	183644.96875	12914.8515625	0.0543537341015328	0.119727	0.0606	1
LI_MLV_029	1492992000	3130_na	216558.5625	183644.96875	12914.8515625	0.0388240957868091	0.051957	0.046	1
LI_MLV_029	1494892800	3130_na	216558.5625	183644.96875	12914.8515625	0.0388240957868091	0.042921	0.05	1
LI_MOB_001	1529280000	3130_na	245784.25	206792.953125	14332.01953125	0.0621185532588946	0.11295	0.2347	1
LI_MOB_001	1529280000	3150	245784.25	206792.953125	14332.01953125	0.0621185532588946	0.11295	0.2347	1
LI_MOB_001	1530576000	3130_na	245784.25	206792.953125	14332.01953125	0.178590840619322	0.210087	0.6396	1
LI_MOB_001	1530576000	3150	245784.25	206792.953125	14332.01953125	0.178590840619322	0.210087	0.6396	1
LI_MOB_001	1538956800	3130_na	245784.25	206792.953125	14332.01953125	1.35107853338096	0.189756	0.0438	1
LI_MOB_001	1538956800	3150	245784.25	206792.953125	14332.01953125	1.35107853338096	0.189756	0.0438	1
LI_MOB_001	1543190400	3130_na	245784.25	206792.953125	14332.01953125	0.264003851350302	1.10691	0.0492	1
LI_MOB_001	1543190400	3150	245784.25	206792.953125	14332.01953125	0.264003851350302	1.10691	0.0492	1
LI_MOB_001	1544400000	3130_na	245784.25	206792.953125	14332.01953125	0.760952277421459	2.4849	0.132	1
LI_MOB_001	1544400000	3150	245784.25	206792.953125	14332.01953125	0.760952277421459	2.4849	0.132	1
LI_MUN_002	1466380800	3130_na	232515.734375	177527.0625	4675.43310546875	0.0854130107309801	0.210087	0.0675	1
LI_MUN_002	1470096000	3130_na	232515.734375	177527.0625	4675.43310546875	0.139766744832513	0.027108	0.02	1
LI_MUN_002	1471305600	3130_na	232515.734375	177527.0625	4675.43310546875	0.0388240957868091	0.02259	0.02	1
LI_MUN_002	1473724800	3130_na	232515.734375	177527.0625	4675.43310546875	0.0388240957868091	0.02259	0.0615	1
LI_MUN_002	1476057600	3130_na	232515.734375	177527.0625	4675.43310546875	0.0388240957868091	0.088101	0.061	1
LI_MUN_002	1479686400	3130_na	232515.734375	177527.0625	4675.43310546875	0.0388240957868091	0.27108	0.0285	1
LI_MUN_002	1480982400	3130_na	232515.734375	177527.0625	4675.43310546875	0.0388240957868091	0.079065	0.02	1
LI_MUN_002	1483401600	3130_na	232515.734375	177527.0625	4675.43310546875	0.0854130107309801	0.11295	0.058	1
LI_MUN_002	1485734400	3130_na	232515.734375	177527.0625	4675.43310546875	0.0388240957868091	0.393066	0.02	1
LI_MUN_002	1488844800	3130_na	232515.734375	177527.0625	4675.43310546875	0.333887223766558	1.030104	0.0676	1
LI_MUN_002	1491177600	3130_na	232515.734375	177527.0625	4675.43310546875	0.0776481915736183	0.826794	0.02	1
LI_MUN_002	1494806400	3130_na	232515.734375	177527.0625	4675.43310546875	0.100942649045704	0.806463	0.02	1
LI_OPH_004	1465257600	3160	232614.484375	194567.03125	22562.162109375	0.100942649045704	0.160389	0.0525	1
LI_OPH_004	1470096000	3160	232614.484375	194567.03125	22562.162109375	0.349416862081282	0.02259	0.0642	1
LI_OPH_004	1472428800	3160	232614.484375	194567.03125	22562.162109375	0.0388240957868091	0.02259	0.0586	1
LI_OPH_004	1474848000	3160	232614.484375	194567.03125	22562.162109375	0.0388240957868091	0.027108	0.0476	1
LI_OPH_004	1477353600	3160	232614.484375	194567.03125	22562.162109375	0.100942649045704	0.029367	0.0836	1
LI_OPH_004	1480291200	3160	232614.484375	194567.03125	22562.162109375	0.729893000792011	0.11295	0.0719	1
LI_OPH_004	1483315200	3160	232614.484375	194567.03125	22562.162109375	0.970602394670228	0.2259	0.0752	1
LI_OPH_004	1485129600	3160	232614.484375	194567.03125	22562.162109375	0.986132032984952	0.196533	0.0755	1
LI_OPH_004	1486944000	3160	232614.484375	194567.03125	22562.162109375	0.72212818163465	0.268821	0.0701	1
LI_OPH_004	1490054400	3160	232614.484375	194567.03125	22562.162109375	0.380476138710729	0.246231	0.0398	1
LI_OPH_004	1492992000	3160	232614.484375	194567.03125	22562.162109375	0.0465889149441709	0.065511	0.056	1
LI_OPH_004	1496102400	3160	232614.484375	194567.03125	22562.162109375	0.0698833724162564	0.106173	0.103	1
LI_OPH_005	1465257600	3160	231848.984375	193868.046875	13510.5419921875	0.0543537341015328	0.094878	0.0744	1
LI_OPH_005	1470096000	3160	231848.984375	193868.046875	13510.5419921875	0.0465889149441709	0.02259	0.1548	1
LI_OPH_005	1472428800	3160	231848.984375	193868.046875	13510.5419921875	0.0388240957868091	0.02259	0.1313	1
LI_OPH_005	1474848000	3160	231848.984375	193868.046875	13510.5419921875	0.0543537341015328	0.02259	0.1924	1
LI_OPH_005	1477353600	3160	231848.984375	193868.046875	13510.5419921875	1.24237106517789	0.038403	0.2356	1
LI_OPH_005	1480291200	3160	231848.984375	193868.046875	13510.5419921875	1.43649154411194	0.182979	0.1857	1
LI_OPH_005	1483315200	3160	231848.984375	193868.046875	13510.5419921875	1.07154504371593	0.182979	0.154	1
LI_OPH_005	1485129600	3160	231848.984375	193868.046875	13510.5419921875	0.628950351746308	0.253008	0.2428	1
LI_OPH_005	1486944000	3160	231848.984375	193868.046875	13510.5419921875	0.17082602146196	0.250749	0.1598	1
LI_OPH_005	1490054400	3160	231848.984375	193868.046875	13510.5419921875	0.597891075116861	0.099396	0.0621	1
LI_OPH_005	1492992000	3160	231848.984375	193868.046875	13510.5419921875	0.201885298091407	0.106173	0.082	1
LI_OPH_005	1496102400	3160	231848.984375	193868.046875	13510.5419921875	0.100942649045704	0.149094	0.313	1
LI_OPH_006	1529366400	3160	232369.421875	193828.78125	21733.119140625	0.0698833724162564	0.110691	0.0999	1
LI_OPH_006	1532908800	3160	232369.421875	193828.78125	21733.119140625	0.0388240957868091	0.038403	0.0585	1
LI_OPH_006	1534809600	3160	232369.421875	193828.78125	21733.119140625	0.0388240957868091	0.027108	0.0362	1
LI_OPH_006	1536537600	3160	232369.421875	193828.78125	21733.119140625	0.0621185532588946	0.04518	0.0283	1
LI_OPH_006	1538956800	3160	232369.421875	193828.78125	21733.119140625	0.72212818163465	0.072288	0.0992	1
LI_OPH_006	1543190400	3160	232369.421875	193828.78125	21733.119140625	2.04214743838616	0.121986	0.1105	1
LI_OPH_006	1544400000	3160	232369.421875	193828.78125	21733.119140625	1.78590840619322	0.275598	0.0877	1
LI_PIJ_001	1466380800	3160	218793.96875	208559.71875	7214.33740234375	0.240709393878217	0.277857	0.02	1
LI_PIJ_001	1470009600	3160	218793.96875	208559.71875	7214.33740234375	0.132001925675151	0.024849	0.0458	1
LI_PIJ_001	1471392000	3160	218793.96875	208559.71875	7214.33740234375	0.0388240957868091	0.02259	0.0577	1
LI_PIJ_001	1479686400	3160	218793.96875	208559.71875	7214.33740234375	3.86687994036619	0.140058	0.0808	1
LI_PIJ_001	1484524800	3160	218793.96875	208559.71875	7214.33740234375	2.57791996024413	0.228159	0.0333	1
LI_PIJ_001	1486944000	3160	218793.96875	208559.71875	7214.33740234375	2.36050502383799	0.284634	0.0618	1
LI_PIJ_001	1488758400	3160	218793.96875	208559.71875	7214.33740234375	2.23626791732021	0.169425	0.0313	1
LI_PIJ_001	1492992000	3160	218793.96875	208559.71875	7214.33740234375	0.0931778298883419	0.119727	0.022	1
LI_PIJ_001	1494201600	3160	218793.96875	208559.71875	7214.33740234375	0.271768670507664	0.194274	0.035	1
LI_PIJ_002	1497830400	3130_aom	218941.21875	207582.0625	2375.23168945312	0.0776481915736183	0.094878	0.064	1
LI_PIJ_002	1499126400	3130_aom	218941.21875	207582.0625	2375.23168945312	0.0543537341015328	0.106173	0.1414	1
LI_PIJ_002	1502150400	3130_aom	218941.21875	207582.0625	2375.23168945312	0.0698833724162564	0.081324	0.042	1
LI_PIJ_002	1506297600	3130_aom	218941.21875	207582.0625	2375.23168945312	0.0388240957868091	0.070029	0.026	1
LI_PIJ_002	1507507200	3130_aom	218941.21875	207582.0625	2375.23168945312	0.0931778298883419	0.117468	0.0281	1
LI_PIJ_002	1511136000	3130_aom	218941.21875	207582.0625	2375.23168945312	0.163061202304598	0.083583	0.0294	1
LI_PIJ_002	1514851200	3130_aom	218941.21875	207582.0625	2375.23168945312	0.574596617644775	0.092619	0.1299	1
LI_PIJ_002	1517184000	3130_aom	218941.21875	207582.0625	2375.23168945312	0.434829872812262	0.094878	0.02	1
LI_PIJ_002	1520812800	3130_aom	218941.21875	207582.0625	2375.23168945312	0.0388240957868091	0.056475	0.025	1
LI_PIJ_002	1522713600	3130_aom	218941.21875	207582.0625	2375.23168945312	0.0388240957868091	0.04518	0.037	1
LI_PIJ_002	1526947200	3130_aom	218941.21875	207582.0625	2375.23168945312	0.0543537341015328	0.063252	0.0314	1
LI_RDP_001	1431302400	3130_aom	224142.703125	191755.546875	228551.4375	0.100942649045704	0.472131	0.02	1
LI_RDP_001	1431302400	3130_na	224142.703125	191755.546875	228551.4375	0.100942649045704	0.472131	0.02	1
LI_RDP_001	1433116800	3130_aom	224142.703125	191755.546875	228551.4375	0.0698833724162564	0.478908	0.02	1
LI_RDP_001	1433116800	3130_na	224142.703125	191755.546875	228551.4375	0.0698833724162564	0.478908	0.02	1
LI_RDP_001	1435536000	3130_aom	224142.703125	191755.546875	228551.4375	0.0388240957868091	0.422433	0.02	1
LI_RDP_001	1435536000	3130_na	224142.703125	191755.546875	228551.4375	0.0388240957868091	0.422433	0.02	1
LI_RDP_001	1437955200	3130_aom	224142.703125	191755.546875	228551.4375	0.0388240957868091	0.347886	0.032	1
LI_RDP_001	1437955200	3130_na	224142.703125	191755.546875	228551.4375	0.0388240957868091	0.347886	0.032	1
LI_RDP_001	1440374400	3130_aom	224142.703125	191755.546875	228551.4375	0.0388240957868091	0.273339	0.02	1
LI_RDP_001	1440374400	3130_na	224142.703125	191755.546875	228551.4375	0.0388240957868091	0.273339	0.02	1
LI_RDP_001	1442707200	3130_aom	224142.703125	191755.546875	228551.4375	0.0388240957868091	0.264303	0.0203	1
LI_RDP_001	1442707200	3130_na	224142.703125	191755.546875	228551.4375	0.0388240957868091	0.264303	0.0203	1
LI_RDP_001	1445817600	3130_aom	224142.703125	191755.546875	228551.4375	0.0465889149441709	0.196533	0.02	1
LI_RDP_001	1445817600	3130_na	224142.703125	191755.546875	228551.4375	0.0465889149441709	0.196533	0.02	1
LI_RDP_001	1448236800	3130_aom	224142.703125	191755.546875	228551.4375	0.0465889149441709	0.239454	0.02	1
LI_RDP_001	1448236800	3130_na	224142.703125	191755.546875	228551.4375	0.0465889149441709	0.239454	0.02	1
LI_SAH_001	1466380800	3130_na	214218.203125	215946.984375	167948.28125	0.0388240957868091	0.058734	0.02	1
LI_SAH_001	1470009600	3130_na	214218.203125	215946.984375	167948.28125	0.132001925675151	0.033885	0.02	1
LI_SAH_001	1471392000	3130_na	214218.203125	215946.984375	167948.28125	0.0388240957868091	0.02259	0.0421	1
LI_SAH_001	1474329600	3130_na	214218.203125	215946.984375	167948.28125	0.0388240957868091	0.029367	0.0584	1
LI_SAH_001	1476748800	3130_na	214218.203125	215946.984375	167948.28125	0.0388240957868091	0.036144	0.02	1
LI_SAH_001	1479686400	3130_na	214218.203125	215946.984375	167948.28125	0.124237106517789	0.214605	0.0311	1
LI_SAH_001	1480896000	3130_na	214218.203125	215946.984375	167948.28125	0.0698833724162564	0.042921	0.02	1
LI_SAH_001	1484524800	3130_na	214218.203125	215946.984375	167948.28125	0.132001925675151	0.318519	0.0326	1
LI_SAH_001	1486944000	3130_na	214218.203125	215946.984375	167948.28125	0.0388240957868091	0.309483	0.0316	1
LI_SAH_001	1488758400	3130_na	214218.203125	215946.984375	167948.28125	0.0388240957868091	0.246231	0.0379	1
LI_SAH_001	1492473600	3130_na	214218.203125	215946.984375	167948.28125	0.0388240957868091	0.049698	0.045	1
LI_SAH_001	1494201600	3130_na	214218.203125	215946.984375	167948.28125	0.0621185532588946	0.049698	0.02	1
LI_SBB_001	1398643200	3130_aom	222769.34375	187264.140625	14762.5390625	0.124237106517789	0.049698	NA	1
LI_SBB_001	1401753600	3130_aom	222769.34375	187264.140625	14762.5390625	0.0854130107309801	0.094878	NA	1
LI_SBB_001	1404172800	3130_aom	222769.34375	187264.140625	14762.5390625	0.0776481915736183	0.049698	NA	1
LI_SBB_001	1407196800	3130_aom	222769.34375	187264.140625	14762.5390625	0.0776481915736183	0.060993	NA	1
LI_SBB_001	1410220800	3130_aom	222769.34375	187264.140625	14762.5390625	0.0776481915736183	0.079065	NA	1
LI_SBB_001	1413849600	3130_aom	222769.34375	187264.140625	14762.5390625	0.0776481915736183	0.083583	NA	1
LI_SBB_002	1433116800	3130_aom	222373.25	186695.734375	49564.07421875	0.0388240957868091	0.029367	0.0756	1
LI_SBB_002	1435536000	3130_aom	222373.25	186695.734375	49564.07421875	0.0388240957868091	0.359181	0.0747	1
LI_SBB_002	1437955200	3130_aom	222373.25	186695.734375	49564.07421875	0.0388240957868091	0.042921	0.087	1
LI_SBB_002	1440460800	3130_aom	222373.25	186695.734375	49564.07421875	0.0621185532588946	0.040662	0.0692	1
LI_SBB_002	1442707200	3130_aom	222373.25	186695.734375	49564.07421875	1.00166167129968	0.081324	0.0918	1
LI_SBB_002	1445817600	3130_aom	222373.25	186695.734375	49564.07421875	0.97836721382759	0.031626	0.06	1
LI_SBB_002	1454976000	3130_aom	222373.25	186695.734375	49564.07421875	0.46588914944171	0.555714	0.1163	1
LI_SBB_002	1457395200	3130_aom	222373.25	186695.734375	49564.07421875	0.100942649045704	0.33885	0.0956	1
LI_SBB_002	1461542400	3130_aom	222373.25	186695.734375	49564.07421875	0.34165204292392	0.038403	0.1251	1
LI_SBB_002	1464048000	3130_aom	222373.25	186695.734375	49564.07421875	0.0698833724162564	0.029367	0.0975	1
LI_SBB_003	1433116800	3150	222211.453125	186773.921875	25578.427734375	0.0388240957868091	0.031626	0.0784	1
LI_SBB_003	1435536000	3150	222211.453125	186773.921875	25578.427734375	0.0465889149441709	0.088101	0.1172	1
LI_SBB_003	1437955200	3150	222211.453125	186773.921875	25578.427734375	0.0621185532588946	0.04518	0.078	1
LI_SBB_003	1440460800	3150	222211.453125	186773.921875	25578.427734375	0.0621185532588946	0.042921	0.1687	1
LI_SBB_003	1442707200	3150	222211.453125	186773.921875	25578.427734375	0.0388240957868091	0.02259	0.1104	1
LI_SBB_003	1445817600	3150	222211.453125	186773.921875	25578.427734375	0.0388240957868091	0.04518	0.17	1
LI_SBB_003	1454976000	3150	222211.453125	186773.921875	25578.427734375	0.194120478934046	0.356922	0.0971	1
LI_SBB_003	1457395200	3150	222211.453125	186773.921875	25578.427734375	0.116472287360427	0.309483	0.0864	1
LI_SBB_003	1461542400	3150	222211.453125	186773.921875	25578.427734375	0.0388240957868091	0.02259	0.0836	1
LI_SBB_003	1464048000	3150	222211.453125	186773.921875	25578.427734375	0.0388240957868091	0.029367	0.1268	1
LI_SBB_004	1465257600	3130_aom	221581.875	186296.8125	16423.921875	0.25623903219294	0.546678	0.1389	1
LI_SBB_004	1465257600	3130_na	221581.875	186296.8125	16423.921875	0.25623903219294	0.546678	0.1389	1
LI_SBB_004	1466985600	3130_aom	221581.875	186296.8125	16423.921875	0.0621185532588946	0.04518	0.1438	1
LI_SBB_004	1466985600	3130_na	221581.875	186296.8125	16423.921875	0.0621185532588946	0.04518	0.1438	1
LI_SBB_004	1470700800	3130_aom	221581.875	186296.8125	16423.921875	0.178590840619322	0.02259	0.1616	1
LI_SBB_004	1470700800	3130_na	221581.875	186296.8125	16423.921875	0.178590840619322	0.02259	0.1616	1
LI_SBB_004	1487030400	3130_aom	221581.875	186296.8125	16423.921875	0.17082602146196	0.314001	0.1168	1
LI_SBB_004	1487030400	3130_na	221581.875	186296.8125	16423.921875	0.17082602146196	0.314001	0.1168	1
LI_SBB_004	1490745600	3130_aom	221581.875	186296.8125	16423.921875	0.0543537341015328	0.047439	0.0326	1
LI_SBB_004	1490745600	3130_na	221581.875	186296.8125	16423.921875	0.0543537341015328	0.047439	0.0326	1
LI_SBB_004	1492473600	3130_aom	221581.875	186296.8125	16423.921875	0.0465889149441709	0.063252	0.033	1
LI_SBB_004	1492473600	3130_na	221581.875	186296.8125	16423.921875	0.0465889149441709	0.063252	0.033	1
LI_SBB_004	1494201600	3130_aom	221581.875	186296.8125	16423.921875	0.139766744832513	0.092619	0.143	1
LI_SBB_004	1494201600	3130_na	221581.875	186296.8125	16423.921875	0.139766744832513	0.092619	0.143	1
LI_SBB_005	1465257600	3130_aom	222968.765625	187536.71875	31029.265625	0.0465889149441709	0.160389	0.0375	1
LI_SBB_005	1465257600	3160	222968.765625	187536.71875	31029.265625	0.0465889149441709	0.160389	0.0375	1
LI_SBB_005	1466985600	3130_aom	222968.765625	187536.71875	31029.265625	0.0388240957868091	0.02259	0.02	1
LI_SBB_005	1466985600	3160	222968.765625	187536.71875	31029.265625	0.0388240957868091	0.02259	0.02	1
LI_SBB_005	1470700800	3130_aom	222968.765625	187536.71875	31029.265625	0.108707468203066	0.024849	0.0303	1
LI_SBB_005	1470700800	3160	222968.765625	187536.71875	31029.265625	0.108707468203066	0.024849	0.0303	1
LI_SBB_005	1487030400	3130_aom	222968.765625	187536.71875	31029.265625	0.0388240957868091	0.027108	0.02	1
LI_SBB_005	1487030400	3160	222968.765625	187536.71875	31029.265625	0.0388240957868091	0.027108	0.02	1
LI_SBB_005	1490745600	3130_aom	222968.765625	187536.71875	31029.265625	0.0388240957868091	0.04518	0.02	1
LI_SBB_005	1490745600	3160	222968.765625	187536.71875	31029.265625	0.0388240957868091	0.04518	0.02	1
LI_SBB_005	1492473600	3130_aom	222968.765625	187536.71875	31029.265625	0.0388240957868091	0.038403	0.02	1
LI_SBB_005	1492473600	3160	222968.765625	187536.71875	31029.265625	0.0388240957868091	0.038403	0.02	1
LI_SBB_005	1494201600	3130_aom	222968.765625	187536.71875	31029.265625	0.0465889149441709	0.056475	0.02	1
LI_SBB_005	1494201600	3160	222968.765625	187536.71875	31029.265625	0.0465889149441709	0.056475	0.02	1
LI_SCH_001	1529280000	3130_na	246202.203125	199016.328125	18629.486328125	0.0621185532588946	0.117468	0.4093	1
LI_SCH_001	1530576000	3130_na	246202.203125	199016.328125	18629.486328125	0.691068905005202	0.173943	0.4672	1
LI_SLU_001	1465776000	3130_aom	240088.671875	180956.3125	11824.970703125	0.209650117248769	0.241713	0.0798	1
LI_SLU_001	1465776000	3160	240088.671875	180956.3125	11824.970703125	0.209650117248769	0.241713	0.0798	1
LI_SLU_001	1467590400	3130_aom	240088.671875	180956.3125	11824.970703125	0.194120478934046	0.13554	0.02	1
LI_SLU_001	1467590400	3160	240088.671875	180956.3125	11824.970703125	0.194120478934046	0.13554	0.02	1
LI_SLU_001	1471305600	3130_aom	240088.671875	180956.3125	11824.970703125	0.100942649045704	0.273339	0.02	1
LI_SLU_001	1471305600	3160	240088.671875	180956.3125	11824.970703125	0.100942649045704	0.273339	0.02	1
LI_SLU_001	1474243200	3130_aom	240088.671875	180956.3125	11824.970703125	0.0388240957868091	0.119727	0.02	1
LI_SLU_001	1474243200	3160	240088.671875	180956.3125	11824.970703125	0.0388240957868091	0.119727	0.02	1
LI_SLU_001	1476662400	3130_aom	240088.671875	180956.3125	11824.970703125	0.0388240957868091	0.54216	0.02	1
LI_SLU_001	1476662400	3160	240088.671875	180956.3125	11824.970703125	0.0388240957868091	0.54216	0.02	1
LI_SLU_001	1479686400	3130_aom	240088.671875	180956.3125	11824.970703125	0.0388240957868091	1.253745	0.02	1
LI_SLU_001	1479686400	3160	240088.671875	180956.3125	11824.970703125	0.0388240957868091	1.253745	0.02	1
LI_SLU_001	1480896000	3130_aom	240088.671875	180956.3125	11824.970703125	0.0465889149441709	1.714581	0.02	1
LI_SLU_001	1480896000	3160	240088.671875	180956.3125	11824.970703125	0.0465889149441709	1.714581	0.02	1
LI_SLU_001	1483920000	3130_aom	240088.671875	180956.3125	11824.970703125	0.0388240957868091	1.610667	0.02	1
LI_SLU_001	1483920000	3160	240088.671875	180956.3125	11824.970703125	0.0388240957868091	1.610667	0.02	1
LI_SLU_001	1486339200	3130_aom	240088.671875	180956.3125	11824.970703125	0.0388240957868091	1.811718	0.02	1
LI_SLU_001	1486339200	3160	240088.671875	180956.3125	11824.970703125	0.0388240957868091	1.811718	0.02	1
LI_SLU_001	1488153600	3130_aom	240088.671875	180956.3125	11824.970703125	0.0388240957868091	0.980406	0.02	1
LI_SLU_001	1488153600	3160	240088.671875	180956.3125	11824.970703125	0.0388240957868091	0.980406	0.02	1
LI_SLU_001	1491177600	3130_aom	240088.671875	180956.3125	11824.970703125	0.0698833724162564	0.329814	0.02	1
LI_SLU_001	1491177600	3160	240088.671875	180956.3125	11824.970703125	0.0698833724162564	0.329814	0.02	1
LI_SLU_001	1494806400	3130_aom	240088.671875	180956.3125	11824.970703125	0.0621185532588946	0.144576	0.021	1
LI_SLU_001	1494806400	3160	240088.671875	180956.3125	11824.970703125	0.0621185532588946	0.144576	0.021	1
LI_STI_001	1401062400	3130_aom	228990.84375	185973.3125	4141.59423828125	0.0776481915736183	0.047439	NA	1
LI_STI_001	1403568000	3130_aom	228990.84375	185973.3125	4141.59423828125	0.0776481915736183	0.13554	NA	1
LI_STI_001	1406073600	3130_aom	228990.84375	185973.3125	4141.59423828125	0.295063127979749	0.042921	NA	1
LI_STI_001	1408924800	3130_aom	228990.84375	185973.3125	4141.59423828125	0.0776481915736183	0.056475	NA	1
LI_STI_001	1411430400	3130_aom	228990.84375	185973.3125	4141.59423828125	0.178590840619322	0.182979	NA	1
LI_STI_001	1414972800	3130_aom	228990.84375	185973.3125	4141.59423828125	0.0776481915736183	0.031626	NA	1
LI_TEU_001	1398643200	3130_aom	224729.484375	188414.890625	2366.53662109375	0.535772521857966	0.038403	NA	1
LI_TEU_001	1398643200	3160	224729.484375	188414.890625	2366.53662109375	0.535772521857966	0.038403	NA	1
LI_TEU_001	1402444800	3130_aom	224729.484375	188414.890625	2366.53662109375	0.0776481915736183	0.079065	NA	1
LI_TEU_001	1402444800	3160	224729.484375	188414.890625	2366.53662109375	0.0776481915736183	0.079065	NA	1
LI_TEU_001	1404691200	3130_aom	224729.484375	188414.890625	2366.53662109375	0.100942649045704	0.720621	NA	1
LI_TEU_001	1404691200	3160	224729.484375	188414.890625	2366.53662109375	0.100942649045704	0.720621	NA	1
LI_TEU_001	1407715200	3130_aom	224729.484375	188414.890625	2366.53662109375	0.0776481915736183	0.438246	NA	1
LI_TEU_001	1407715200	3160	224729.484375	188414.890625	2366.53662109375	0.0776481915736183	0.438246	NA	1
LI_TEU_001	1410739200	3130_aom	224729.484375	188414.890625	2366.53662109375	0.0776481915736183	0.779355	NA	1
LI_TEU_001	1410739200	3160	224729.484375	188414.890625	2366.53662109375	0.0776481915736183	0.779355	NA	1
LI_TEU_001	1414454400	3130_aom	224729.484375	188414.890625	2366.53662109375	0.124237106517789	1.009773	NA	1
LI_TEU_001	1414454400	3160	224729.484375	188414.890625	2366.53662109375	0.124237106517789	1.009773	NA	1
LI_TEU_002	1398643200	3130_aom	223371.1875	188410.6875	3415.19409179688	0.108707468203066	1.31022	NA	1
LI_TEU_002	1398643200	3160	223371.1875	188410.6875	3415.19409179688	0.108707468203066	1.31022	NA	1
LI_TEU_002	1402444800	3130_aom	223371.1875	188410.6875	3415.19409179688	0.139766744832513	0.962334	NA	1
LI_TEU_002	1402444800	3160	223371.1875	188410.6875	3415.19409179688	0.139766744832513	0.962334	NA	1
LI_TEU_002	1404691200	3130_aom	223371.1875	188410.6875	3415.19409179688	0.0776481915736183	0.027108	NA	1
LI_TEU_002	1404691200	3160	223371.1875	188410.6875	3415.19409179688	0.0776481915736183	0.027108	NA	1
LI_TEU_002	1407715200	3130_aom	223371.1875	188410.6875	3415.19409179688	0.0776481915736183	0.027108	NA	1
LI_TEU_002	1407715200	3160	223371.1875	188410.6875	3415.19409179688	0.0776481915736183	0.027108	NA	1
LI_TEU_002	1410739200	3130_aom	223371.1875	188410.6875	3415.19409179688	0.0776481915736183	0.024849	NA	1
LI_TEU_002	1410739200	3160	223371.1875	188410.6875	3415.19409179688	0.0776481915736183	0.024849	NA	1
LI_TEU_002	1414454400	3130_aom	223371.1875	188410.6875	3415.19409179688	0.0776481915736183	0.027108	NA	1
LI_TEU_002	1414454400	3160	223371.1875	188410.6875	3415.19409179688	0.0776481915736183	0.027108	NA	1
LI_TEU_003	1432598400	3110	224869.796875	188885.03125	14337.0546875	0.0388240957868091	0.063252	0.02	1
LI_TEU_003	1432598400	3160	224869.796875	188885.03125	14337.0546875	0.0388240957868091	0.063252	0.02	1
LI_TEU_003	1435017600	3110	224869.796875	188885.03125	14337.0546875	0.0465889149441709	0.038403	0.02	1
LI_TEU_003	1435017600	3160	224869.796875	188885.03125	14337.0546875	0.0465889149441709	0.038403	0.02	1
LI_TEU_003	1437350400	3110	224869.796875	188885.03125	14337.0546875	0.0388240957868091	0.02259	0.02	1
LI_TEU_003	1437350400	3160	224869.796875	188885.03125	14337.0546875	0.0388240957868091	0.02259	0.02	1
LI_TEU_003	1439856000	3110	224869.796875	188885.03125	14337.0546875	0.0388240957868091	0.063252	0.02	1
LI_TEU_003	1439856000	3160	224869.796875	188885.03125	14337.0546875	0.0388240957868091	0.063252	0.02	1
LI_TEU_003	1442275200	3110	224869.796875	188885.03125	14337.0546875	0.0388240957868091	0.117468	0.02	1
LI_TEU_003	1442275200	3160	224869.796875	188885.03125	14337.0546875	0.0388240957868091	0.117468	0.02	1
LI_TEU_003	1445212800	3110	224869.796875	188885.03125	14337.0546875	0.116472287360427	0.36144	0.04	1
LI_TEU_003	1445212800	3160	224869.796875	188885.03125	14337.0546875	0.116472287360427	0.36144	0.04	1
LI_TEU_003	1447632000	3110	224869.796875	188885.03125	14337.0546875	0.108707468203066	0.151353	0.02	1
LI_TEU_003	1447632000	3160	224869.796875	188885.03125	14337.0546875	0.108707468203066	0.151353	0.02	1
LI_TEU_003	1454284800	3110	224869.796875	188885.03125	14337.0546875	0.0388240957868091	0.275598	0.02	1
LI_TEU_003	1454284800	3160	224869.796875	188885.03125	14337.0546875	0.0388240957868091	0.275598	0.02	1
LI_TEU_003	1456099200	3110	224869.796875	188885.03125	14337.0546875	0.0543537341015328	0.194274	0.02	1
LI_TEU_003	1456099200	3160	224869.796875	188885.03125	14337.0546875	0.0543537341015328	0.194274	0.02	1
LI_TEU_003	1460937600	3110	224869.796875	188885.03125	14337.0546875	0.0388240957868091	0.092619	0.02	1
LI_TEU_003	1460937600	3160	224869.796875	188885.03125	14337.0546875	0.0388240957868091	0.092619	0.02	1
LI_TEU_003	1464048000	3110	224869.796875	188885.03125	14337.0546875	0.0388240957868091	0.072288	0.0207	1
LI_TEU_003	1464048000	3160	224869.796875	188885.03125	14337.0546875	0.0388240957868091	0.072288	0.0207	1
LI_TEU_004	1464566400	3130_aom	223425.90625	188509.59375	28180.830078125	0.0388240957868091	0.06777	0.0213	1
LI_TEU_004	1464566400	3160	223425.90625	188509.59375	28180.830078125	0.0388240957868091	0.06777	0.0213	1
LI_TEU_004	1466985600	3130_aom	223425.90625	188509.59375	28180.830078125	0.0388240957868091	0.02259	0.02	1
LI_TEU_004	1466985600	3160	223425.90625	188509.59375	28180.830078125	0.0388240957868091	0.02259	0.02	1
LI_TEU_004	1470614400	3130_aom	223425.90625	188509.59375	28180.830078125	0.0621185532588946	0.02259	0.0237	1
LI_TEU_004	1470614400	3160	223425.90625	188509.59375	28180.830078125	0.0621185532588946	0.02259	0.0237	1
LI_TEU_004	1474243200	3130_aom	223425.90625	188509.59375	28180.830078125	0.0388240957868091	0.02259	0.0216	1
LI_TEU_004	1474243200	3160	223425.90625	188509.59375	28180.830078125	0.0388240957868091	0.02259	0.0216	1
LI_TEU_004	1476748800	3130_aom	223425.90625	188509.59375	28180.830078125	0.0388240957868091	0.024849	0.02	1
LI_TEU_004	1476748800	3160	223425.90625	188509.59375	28180.830078125	0.0388240957868091	0.024849	0.02	1
LI_TEU_004	1478476800	3130_aom	223425.90625	188509.59375	28180.830078125	0.0388240957868091	0.02259	0.02	1
LI_TEU_004	1478476800	3160	223425.90625	188509.59375	28180.830078125	0.0388240957868091	0.02259	0.02	1
LI_TEU_004	1480896000	3130_aom	223425.90625	188509.59375	28180.830078125	0.0931778298883419	0.049698	0.02	1
LI_TEU_004	1480896000	3160	223425.90625	188509.59375	28180.830078125	0.0931778298883419	0.049698	0.02	1
LI_TEU_004	1484611200	3130_aom	223425.90625	188509.59375	28180.830078125	0.0465889149441709	0.076806	0.02	1
LI_TEU_004	1484611200	3160	223425.90625	188509.59375	28180.830078125	0.0465889149441709	0.076806	0.02	1
LI_TEU_004	1486944000	3130_aom	223425.90625	188509.59375	28180.830078125	0.0388240957868091	0.040662	0.02	1
LI_TEU_004	1486944000	3160	223425.90625	188509.59375	28180.830078125	0.0388240957868091	0.040662	0.02	1
LI_TEU_004	1490745600	3130_aom	223425.90625	188509.59375	28180.830078125	0.0465889149441709	0.058734	0.02	1
LI_TEU_004	1490745600	3160	223425.90625	188509.59375	28180.830078125	0.0465889149441709	0.058734	0.02	1
LI_TEU_004	1492473600	3130_aom	223425.90625	188509.59375	28180.830078125	0.0388240957868091	0.049698	0.02	1
LI_TEU_004	1492473600	3160	223425.90625	188509.59375	28180.830078125	0.0388240957868091	0.049698	0.02	1
LI_TEU_004	1494201600	3130_aom	223425.90625	188509.59375	28180.830078125	0.0388240957868091	0.04518	0.02	1
LI_TEU_004	1494201600	3160	223425.90625	188509.59375	28180.830078125	0.0388240957868091	0.04518	0.02	1
LI_TEU_005	1464566400	3130_aom	225814.28125	188375.40625	19811.490234375	0.279533489665026	0.309483	0.0304	1
LI_TEU_005	1464566400	3160	225814.28125	188375.40625	19811.490234375	0.279533489665026	0.309483	0.0304	1
LI_TEU_005	1466985600	3130_aom	225814.28125	188375.40625	19811.490234375	0.0776481915736183	0.2259	0.02	1
LI_TEU_005	1466985600	3160	225814.28125	188375.40625	19811.490234375	0.0776481915736183	0.2259	0.02	1
LI_TEU_005	1470614400	3130_aom	225814.28125	188375.40625	19811.490234375	0.116472287360427	0.160389	0.02	1
LI_TEU_005	1470614400	3160	225814.28125	188375.40625	19811.490234375	0.116472287360427	0.160389	0.02	1
LI_TEU_005	1474243200	3130_aom	225814.28125	188375.40625	19811.490234375	0.155296383147237	0.088101	0.02	1
LI_TEU_005	1474243200	3160	225814.28125	188375.40625	19811.490234375	0.155296383147237	0.088101	0.02	1
LI_TEU_005	1476748800	3130_aom	225814.28125	188375.40625	19811.490234375	0.349416862081282	0.343368	0.02	1
LI_TEU_005	1476748800	3160	225814.28125	188375.40625	19811.490234375	0.349416862081282	0.343368	0.02	1
LI_TEU_005	1478476800	3130_aom	225814.28125	188375.40625	19811.490234375	0.232944574720855	0.492462	0.02	1
LI_TEU_005	1478476800	3160	225814.28125	188375.40625	19811.490234375	0.232944574720855	0.492462	0.02	1
LI_TEU_005	1480896000	3130_aom	225814.28125	188375.40625	19811.490234375	0.25623903219294	0.652851	0.02	1
LI_TEU_005	1480896000	3160	225814.28125	188375.40625	19811.490234375	0.25623903219294	0.652851	0.02	1
LI_TEU_005	1484611200	3130_aom	225814.28125	188375.40625	19811.490234375	0.489183606913795	0.650592	0.02	1
LI_TEU_005	1484611200	3160	225814.28125	188375.40625	19811.490234375	0.489183606913795	0.650592	0.02	1
LI_TEU_005	1486944000	3130_aom	225814.28125	188375.40625	19811.490234375	0.186355659776684	1.33281	0.02	1
LI_TEU_005	1486944000	3160	225814.28125	188375.40625	19811.490234375	0.186355659776684	1.33281	0.02	1
LI_TEU_005	1490745600	3130_aom	225814.28125	188375.40625	19811.490234375	0.201885298091407	0.754506	0.02	1
LI_TEU_005	1490745600	3160	225814.28125	188375.40625	19811.490234375	0.201885298091407	0.754506	0.02	1
LI_TEU_005	1492473600	3130_aom	225814.28125	188375.40625	19811.490234375	0.178590840619322	0.833571	0.02	1
LI_TEU_005	1492473600	3160	225814.28125	188375.40625	19811.490234375	0.178590840619322	0.833571	0.02	1
LI_TEU_005	1494201600	3130_aom	225814.28125	188375.40625	19811.490234375	0.217414936406131	0.740952	0.02	1
LI_TEU_005	1494201600	3160	225814.28125	188375.40625	19811.490234375	0.217414936406131	0.740952	0.02	1
LI_TEU_006	1498435200	3130_aom	224717.59375	188676.96875	10783.5908203125	0.0388240957868091	0.054216	0.03	1
LI_TEU_006	1498435200	3140	224717.59375	188676.96875	10783.5908203125	0.0388240957868091	0.054216	0.03	1
LI_TEU_006	1500854400	3130_aom	224717.59375	188676.96875	10783.5908203125	0.0388240957868091	0.065511	0.032	1
LI_TEU_006	1500854400	3140	224717.59375	188676.96875	10783.5908203125	0.0388240957868091	0.065511	0.032	1
LI_TEU_006	1502064000	3130_aom	224717.59375	188676.96875	10783.5908203125	0.0621185532588946	0.079065	0.096	1
LI_TEU_006	1502064000	3140	224717.59375	188676.96875	10783.5908203125	0.0621185532588946	0.079065	0.096	1
LI_TEU_006	1504483200	3130_aom	224717.59375	188676.96875	10783.5908203125	0.0388240957868091	0.049698	0.0305	1
LI_TEU_006	1504483200	3140	224717.59375	188676.96875	10783.5908203125	0.0388240957868091	0.049698	0.0305	1
LI_TEU_006	1506902400	3130_aom	224717.59375	188676.96875	10783.5908203125	0.0621185532588946	0.074547	0.02	1
LI_TEU_006	1506902400	3140	224717.59375	188676.96875	10783.5908203125	0.0621185532588946	0.074547	0.02	1
LI_TEU_006	1509926400	3130_aom	224717.59375	188676.96875	10783.5908203125	0.0388240957868091	0.024849	0.02	1
LI_TEU_006	1509926400	3140	224717.59375	188676.96875	10783.5908203125	0.0388240957868091	0.024849	0.02	1
LI_TEU_006	1515369600	3130_aom	224717.59375	188676.96875	10783.5908203125	0.0388240957868091	0.029367	0.02	1
LI_TEU_006	1515369600	3140	224717.59375	188676.96875	10783.5908203125	0.0388240957868091	0.029367	0.02	1
LI_TEU_006	1518393600	3130_aom	224717.59375	188676.96875	10783.5908203125	0.0388240957868091	0.027108	0.02	1
LI_TEU_006	1518393600	3140	224717.59375	188676.96875	10783.5908203125	0.0388240957868091	0.027108	0.02	1
LI_TEU_006	1520208000	3130_aom	224717.59375	188676.96875	10783.5908203125	0.0776481915736183	0.027108	0.02	1
LI_TEU_006	1520208000	3140	224717.59375	188676.96875	10783.5908203125	0.0776481915736183	0.027108	0.02	1
LI_TEU_006	1523836800	3130_aom	224717.59375	188676.96875	10783.5908203125	0.0388240957868091	0.040662	0.02	1
LI_TEU_006	1523836800	3140	224717.59375	188676.96875	10783.5908203125	0.0388240957868091	0.040662	0.02	1
LI_TEU_006	1526256000	3130_aom	224717.59375	188676.96875	10783.5908203125	0.0388240957868091	0.040662	0.0287	1
LI_TEU_006	1526256000	3140	224717.59375	188676.96875	10783.5908203125	0.0388240957868091	0.040662	0.0287	1
LI_TEU_007	1498435200	3130_aom	224668.5	188738.34375	6838.12353515625	0.0388240957868091	0.083583	0.02	1
LI_TEU_007	1498435200	3160	224668.5	188738.34375	6838.12353515625	0.0388240957868091	0.083583	0.02	1
LI_TEU_007	1500854400	3130_aom	224668.5	188738.34375	6838.12353515625	0.0465889149441709	0.040662	0.02	1
LI_TEU_007	1500854400	3160	224668.5	188738.34375	6838.12353515625	0.0465889149441709	0.040662	0.02	1
LI_TEU_007	1502064000	3130_aom	224668.5	188738.34375	6838.12353515625	0.0621185532588946	0.056475	0.02	1
LI_TEU_007	1502064000	3160	224668.5	188738.34375	6838.12353515625	0.0621185532588946	0.056475	0.02	1
LI_TEU_007	1504483200	3130_aom	224668.5	188738.34375	6838.12353515625	0.0388240957868091	0.038403	0.02	1
LI_TEU_007	1504483200	3160	224668.5	188738.34375	6838.12353515625	0.0388240957868091	0.038403	0.02	1
LI_TEU_007	1506902400	3130_aom	224668.5	188738.34375	6838.12353515625	0.0388240957868091	0.049698	0.02	1
LI_TEU_007	1506902400	3160	224668.5	188738.34375	6838.12353515625	0.0388240957868091	0.049698	0.02	1
LI_TEU_007	1509926400	3130_aom	224668.5	188738.34375	6838.12353515625	0.0388240957868091	0.042921	0.02	1
LI_TEU_007	1509926400	3160	224668.5	188738.34375	6838.12353515625	0.0388240957868091	0.042921	0.02	1
LI_TEU_007	1515369600	3130_aom	224668.5	188738.34375	6838.12353515625	0.0388240957868091	0.144576	0.02	1
LI_TEU_007	1515369600	3160	224668.5	188738.34375	6838.12353515625	0.0388240957868091	0.144576	0.02	1
LI_TEU_007	1518393600	3130_aom	224668.5	188738.34375	6838.12353515625	0.0621185532588946	0.194274	0.02	1
LI_TEU_007	1518393600	3160	224668.5	188738.34375	6838.12353515625	0.0621185532588946	0.194274	0.02	1
LI_TEU_007	1520208000	3130_aom	224668.5	188738.34375	6838.12353515625	0.0465889149441709	0.121986	0.02	1
LI_TEU_007	1520208000	3160	224668.5	188738.34375	6838.12353515625	0.0465889149441709	0.121986	0.02	1
LI_TEU_007	1523836800	3130_aom	224668.5	188738.34375	6838.12353515625	0.0388240957868091	0.056475	0.02	1
LI_TEU_007	1523836800	3160	224668.5	188738.34375	6838.12353515625	0.0388240957868091	0.056475	0.02	1
LI_TEU_007	1526256000	3130_aom	224668.5	188738.34375	6838.12353515625	0.0388240957868091	0.038403	0.02	1
LI_TEU_007	1526256000	3160	224668.5	188738.34375	6838.12353515625	0.0388240957868091	0.038403	0.02	1
LI_THD_002	1464566400	3130_aom	224304.765625	190838.46875	7269.236328125	0.108707468203066	0.103914	0.0317	1
LI_THD_002	1464566400	3160	224304.765625	190838.46875	7269.236328125	0.108707468203066	0.103914	0.0317	1
LI_THD_002	1466985600	3130_aom	224304.765625	190838.46875	7269.236328125	0.0388240957868091	0.02259	0.0219	1
LI_THD_002	1466985600	3160	224304.765625	190838.46875	7269.236328125	0.0388240957868091	0.02259	0.0219	1
LI_THD_002	1470614400	3130_aom	224304.765625	190838.46875	7269.236328125	0.0388240957868091	0.02259	0.0228	1
LI_THD_002	1470614400	3160	224304.765625	190838.46875	7269.236328125	0.0388240957868091	0.02259	0.0228	1
LI_THD_002	1474243200	3130_aom	224304.765625	190838.46875	7269.236328125	0.0388240957868091	0.033885	0.0381	1
LI_THD_002	1474243200	3160	224304.765625	190838.46875	7269.236328125	0.0388240957868091	0.033885	0.0381	1
LI_THD_002	1476748800	3130_aom	224304.765625	190838.46875	7269.236328125	0.0388240957868091	0.024849	0.02	1
LI_THD_002	1476748800	3160	224304.765625	190838.46875	7269.236328125	0.0388240957868091	0.024849	0.02	1
LI_THD_002	1478476800	3130_aom	224304.765625	190838.46875	7269.236328125	0.0388240957868091	0.02259	0.0202	1
LI_THD_002	1478476800	3160	224304.765625	190838.46875	7269.236328125	0.0388240957868091	0.02259	0.0202	1
LI_THD_002	1484611200	3130_aom	224304.765625	190838.46875	7269.236328125	0.0776481915736183	0.169425	0.02	1
LI_THD_002	1484611200	3160	224304.765625	190838.46875	7269.236328125	0.0776481915736183	0.169425	0.02	1
LI_THD_002	1487030400	3130_aom	224304.765625	190838.46875	7269.236328125	0.0621185532588946	0.133281	0.0476	1
LI_THD_002	1487030400	3160	224304.765625	190838.46875	7269.236328125	0.0621185532588946	0.133281	0.0476	1
LI_THD_002	1490745600	3130_aom	224304.765625	190838.46875	7269.236328125	0.116472287360427	0.155871	0.0209	1
LI_THD_002	1490745600	3160	224304.765625	190838.46875	7269.236328125	0.116472287360427	0.155871	0.0209	1
LI_THD_002	1492473600	3130_aom	224304.765625	190838.46875	7269.236328125	0.0621185532588946	0.097137	0.04	1
LI_THD_002	1492473600	3160	224304.765625	190838.46875	7269.236328125	0.0621185532588946	0.097137	0.04	1
LI_THD_002	1494201600	3130_aom	224304.765625	190838.46875	7269.236328125	0.139766744832513	0.192015	0.038	1
LI_THD_002	1494201600	3160	224304.765625	190838.46875	7269.236328125	0.139766744832513	0.192015	0.038	1
LI_THD_003	1464566400	3130_aom	223533.234375	190341.046875	13856.1279296875	0.0388240957868091	0.759024	0.0301	1
LI_THD_003	1466985600	3130_aom	223533.234375	190341.046875	13856.1279296875	0.0388240957868091	0.02259	0.0314	1
LI_THD_003	1470614400	3130_aom	223533.234375	190341.046875	13856.1279296875	0.0698833724162564	0.02259	0.02	1
LI_THD_003	1478476800	3130_aom	223533.234375	190341.046875	13856.1279296875	0.0543537341015328	0.029367	0.02	1
LI_THD_003	1480896000	3130_aom	223533.234375	190341.046875	13856.1279296875	0.116472287360427	0.085842	0.0268	1
LI_THD_003	1484611200	3130_aom	223533.234375	190341.046875	13856.1279296875	0.0854130107309801	0.117468	0.0435	1
LI_THD_003	1487030400	3130_aom	223533.234375	190341.046875	13856.1279296875	0.0698833724162564	0.124245	0.02	1
LI_THD_003	1490745600	3130_aom	223533.234375	190341.046875	13856.1279296875	0.108707468203066	0.092619	0.02	1
LI_THD_003	1492473600	3130_aom	223533.234375	190341.046875	13856.1279296875	0.0543537341015328	0.072288	0.02	1
LI_THD_003	1494201600	3130_aom	223533.234375	190341.046875	13856.1279296875	0.116472287360427	0.101655	0.025	1
LI_THD_004	1498435200	3130_aom	224181.203125	190939.609375	4851.18115234375	0.0465889149441709	0.06777	0.02	1
LI_THD_004	1500854400	3130_aom	224181.203125	190939.609375	4851.18115234375	0.0465889149441709	0.063252	0.02	1
LI_THD_004	1502064000	3130_aom	224181.203125	190939.609375	4851.18115234375	0.0698833724162564	0.058734	0.02	1
LI_THD_004	1504483200	3130_aom	224181.203125	190939.609375	4851.18115234375	0.0388240957868091	0.058734	0.02	1
LI_THD_004	1506902400	3130_aom	224181.203125	190939.609375	4851.18115234375	0.0854130107309801	0.108432	0.02	1
LI_THD_004	1509926400	3130_aom	224181.203125	190939.609375	4851.18115234375	0.0698833724162564	0.065511	0.02	1
LI_THD_004	1515369600	3130_aom	224181.203125	190939.609375	4851.18115234375	0.0388240957868091	0.040662	0.02	1
LI_THD_004	1518393600	3130_aom	224181.203125	190939.609375	4851.18115234375	0.116472287360427	0.031626	0.02	1
LI_THD_004	1520208000	3130_aom	224181.203125	190939.609375	4851.18115234375	0.0388240957868091	0.076806	0.02	1
LI_THD_004	1523836800	3130_aom	224181.203125	190939.609375	4851.18115234375	0.0388240957868091	0.063252	0.02	1
LI_THD_004	1526256000	3130_aom	224181.203125	190939.609375	4851.18115234375	0.0388240957868091	0.051957	0.02	1
LI_TOM_001	1498521600	3150	215869.171875	180807.5	103.608993530273	0.0543537341015328	0.063252	0.17	1
LI_TOM_001	1500854400	3150	215869.171875	180807.5	103.608993530273	0.0388240957868091	0.083583	0.15	1
LI_TOM_001	1502064000	3150	215869.171875	180807.5	103.608993530273	0.108707468203066	0.079065	0.132	1
LI_TOM_001	1504483200	3150	215869.171875	180807.5	103.608993530273	0.0388240957868091	0.065511	0.0902	1
LI_TOM_001	1506902400	3150	215869.171875	180807.5	103.608993530273	0.0931778298883419	0.133281	0.09	1
LI_TOM_001	1509926400	3150	215869.171875	180807.5	103.608993530273	0.139766744832513	0.092619	0.174	1
LI_TOM_001	1512345600	3150	215869.171875	180807.5	103.608993530273	0.0388240957868091	0.058734	0.1718	1
LI_TOM_001	1515369600	3150	215869.171875	180807.5	103.608993530273	0.0388240957868091	0.058734	0.1727	1
LI_TOM_001	1518393600	3150	215869.171875	180807.5	103.608993530273	0.0698833724162564	0.092619	0.2043	1
LI_TOM_001	1520208000	3150	215869.171875	180807.5	103.608993530273	0.25623903219294	0.051957	0.193	1
LI_TOM_001	1523836800	3150	215869.171875	180807.5	103.608993530273	0.0388240957868091	0.074547	0.1326	1
LI_TOM_001	1526256000	3150	215869.171875	180807.5	103.608993530273	0.0388240957868091	0.04518	0.097	1
LI_TOM_002	1498521600	3130_aom	216064.625	180688.453125	164.589874267578	0.0465889149441709	0.054216	0.166	1
LI_TOM_002	1498521600	3150	216064.625	180688.453125	164.589874267578	0.0465889149441709	0.054216	0.166	1
LI_TOM_002	1500854400	3130_aom	216064.625	180688.453125	164.589874267578	0.0388240957868091	0.051957	0.119	1
LI_TOM_002	1500854400	3150	216064.625	180688.453125	164.589874267578	0.0388240957868091	0.051957	0.119	1
LI_TOM_002	1502064000	3130_aom	216064.625	180688.453125	164.589874267578	0.0621185532588946	0.058734	0.159	1
LI_TOM_002	1502064000	3150	216064.625	180688.453125	164.589874267578	0.0621185532588946	0.058734	0.159	1
LI_TOM_002	1504483200	3130_aom	216064.625	180688.453125	164.589874267578	0.0388240957868091	0.054216	0.0748	1
LI_TOM_002	1504483200	3150	216064.625	180688.453125	164.589874267578	0.0388240957868091	0.054216	0.0748	1
LI_TOM_002	1506902400	3130_aom	216064.625	180688.453125	164.589874267578	0.124237106517789	0.092619	0.052	1
LI_TOM_002	1506902400	3150	216064.625	180688.453125	164.589874267578	0.124237106517789	0.092619	0.052	1
LI_TOM_002	1509926400	3130_aom	216064.625	180688.453125	164.589874267578	0.0388240957868091	0.047439	0.03	1
LI_TOM_002	1509926400	3150	216064.625	180688.453125	164.589874267578	0.0388240957868091	0.047439	0.03	1
LI_TOM_002	1512345600	3130_aom	216064.625	180688.453125	164.589874267578	0.0388240957868091	0.051957	0.0608	1
LI_TOM_002	1512345600	3150	216064.625	180688.453125	164.589874267578	0.0388240957868091	0.051957	0.0608	1
LI_TOM_002	1515369600	3130_aom	216064.625	180688.453125	164.589874267578	0.0388240957868091	0.04518	0.0743	1
LI_TOM_002	1515369600	3150	216064.625	180688.453125	164.589874267578	0.0388240957868091	0.04518	0.0743	1
LI_TOM_002	1518393600	3130_aom	216064.625	180688.453125	164.589874267578	0.0388240957868091	0.047439	0.0991	1
LI_TOM_002	1518393600	3150	216064.625	180688.453125	164.589874267578	0.0388240957868091	0.047439	0.0991	1
LI_TOM_002	1520208000	3130_aom	216064.625	180688.453125	164.589874267578	0.100942649045704	0.079065	0.107	1
LI_TOM_002	1520208000	3150	216064.625	180688.453125	164.589874267578	0.100942649045704	0.079065	0.107	1
LI_TOM_002	1523836800	3130_aom	216064.625	180688.453125	164.589874267578	0.0388240957868091	0.060993	0.0788	1
LI_TOM_002	1523836800	3150	216064.625	180688.453125	164.589874267578	0.0388240957868091	0.060993	0.0788	1
LI_TOM_002	1526256000	3130_aom	216064.625	180688.453125	164.589874267578	0.0388240957868091	0.038403	0.1144	1
LI_TOM_002	1526256000	3150	216064.625	180688.453125	164.589874267578	0.0388240957868091	0.038403	0.1144	1
LI_VBR_001	1529280000	3150	251586.1875	206537.5	131.689468383789	0.0388240957868091	0.038403	0.1493	1
LI_VBR_001	1530576000	3150	251586.1875	206537.5	131.689468383789	0.0388240957868091	0.083583	0.0394	1
LI_VBR_001	1533513600	3150	251586.1875	206537.5	131.689468383789	0.0388240957868091	0.040662	0.161	1
LI_VBR_001	1536537600	3150	251586.1875	206537.5	131.689468383789	0.0698833724162564	0.036144	0.0375	1
LI_VBR_001	1538956800	3150	251586.1875	206537.5	131.689468383789	0.17082602146196	0.060993	0.0368	1
LI_VBR_001	1543190400	3150	251586.1875	206537.5	131.689468383789	0.908483841411333	0.291411	0.0444	1
LI_VBR_001	1544400000	3150	251586.1875	206537.5	131.689468383789	0.209650117248769	0.483426	0.1272	1
LI_VOB_001	1466467200	3130_aom	241047.890625	185436.46875	22558.099609375	0.0388240957868091	0.081324	0.02	1
LI_VOB_001	1466467200	3160	241047.890625	185436.46875	22558.099609375	0.0388240957868091	0.081324	0.02	1
LI_VOB_001	1470009600	3130_aom	241047.890625	185436.46875	22558.099609375	0.139766744832513	0.02259	0.0272	1
LI_VOB_001	1470009600	3160	241047.890625	185436.46875	22558.099609375	0.139766744832513	0.02259	0.0272	1
LI_VOB_001	1471305600	3130_aom	241047.890625	185436.46875	22558.099609375	0.0388240957868091	0.02259	0.0326	1
LI_VOB_001	1471305600	3160	241047.890625	185436.46875	22558.099609375	0.0388240957868091	0.02259	0.0326	1
LI_VOB_001	1474243200	3130_aom	241047.890625	185436.46875	22558.099609375	0.0388240957868091	0.02259	0.0325	1
LI_VOB_001	1474243200	3160	241047.890625	185436.46875	22558.099609375	0.0388240957868091	0.02259	0.0325	1
LI_VOB_001	1476662400	3130_aom	241047.890625	185436.46875	22558.099609375	0.0388240957868091	0.02259	0.022	1
LI_VOB_001	1476662400	3160	241047.890625	185436.46875	22558.099609375	0.0388240957868091	0.02259	0.022	1
LI_VOB_001	1479686400	3130_aom	241047.890625	185436.46875	22558.099609375	0.0388240957868091	0.042921	0.0334	1
LI_VOB_001	1479686400	3160	241047.890625	185436.46875	22558.099609375	0.0388240957868091	0.042921	0.0334	1
LI_VOB_001	1480896000	3130_aom	241047.890625	185436.46875	22558.099609375	0.0388240957868091	0.051957	0.0303	1
LI_VOB_001	1480896000	3160	241047.890625	185436.46875	22558.099609375	0.0388240957868091	0.051957	0.0303	1
LI_VOB_001	1483920000	3130_aom	241047.890625	185436.46875	22558.099609375	0.0388240957868091	0.083583	0.0353	1
LI_VOB_001	1483920000	3160	241047.890625	185436.46875	22558.099609375	0.0388240957868091	0.083583	0.0353	1
LI_VOB_001	1485734400	3130_aom	241047.890625	185436.46875	22558.099609375	0.0465889149441709	0.664146	0.0307	1
LI_VOB_001	1485734400	3160	241047.890625	185436.46875	22558.099609375	0.0465889149441709	0.664146	0.0307	1
LI_VOB_001	1488153600	3130_aom	241047.890625	185436.46875	22558.099609375	0.0388240957868091	0.036144	0.0227	1
LI_VOB_001	1488153600	3160	241047.890625	185436.46875	22558.099609375	0.0388240957868091	0.036144	0.0227	1
LI_VOB_001	1491177600	3130_aom	241047.890625	185436.46875	22558.099609375	0.0388240957868091	0.083583	0.0355	1
LI_VOB_001	1491177600	3160	241047.890625	185436.46875	22558.099609375	0.0388240957868091	0.083583	0.0355	1
LI_VOB_001	1494806400	3130_aom	241047.890625	185436.46875	22558.099609375	0.0543537341015328	0.085842	0.048	1
LI_VOB_001	1494806400	3160	241047.890625	185436.46875	22558.099609375	0.0543537341015328	0.085842	0.048	1
LI_VOB_002	1529366400	3130_aom	241097.34375	185272.421875	529.077819824219	0.0931778298883419	0.140058	0.0751	1
LI_VOB_002	1529366400	3160	241097.34375	185272.421875	529.077819824219	0.0931778298883419	0.140058	0.0751	1
LI_VOB_002	1544400000	3130_aom	241097.34375	185272.421875	529.077819824219	0.139766744832513	0.06777	0.0655	1
LI_VOB_002	1544400000	3160	241097.34375	185272.421875	529.077819824219	0.139766744832513	0.06777	0.0655	1
LI_VOS_001	1466380800	3130_aom	216645.09375	216729.0625	189470.484375	0.0388240957868091	0.121986	0.02	1
LI_VOS_001	1466380800	3130_na	216645.09375	216729.0625	189470.484375	0.0388240957868091	0.121986	0.02	1
LI_VOS_001	1470009600	3130_aom	216645.09375	216729.0625	189470.484375	0.0543537341015328	0.024849	0.02	1
LI_VOS_001	1470009600	3130_na	216645.09375	216729.0625	189470.484375	0.0543537341015328	0.024849	0.02	1
LI_VOS_001	1471392000	3130_aom	216645.09375	216729.0625	189470.484375	0.0388240957868091	0.02259	0.02	1
LI_VOS_001	1471392000	3130_na	216645.09375	216729.0625	189470.484375	0.0388240957868091	0.02259	0.02	1
LI_VOS_001	1474329600	3130_aom	216645.09375	216729.0625	189470.484375	0.0388240957868091	0.029367	0.02	1
LI_VOS_001	1474329600	3130_na	216645.09375	216729.0625	189470.484375	0.0388240957868091	0.029367	0.02	1
LI_VOS_001	1476748800	3130_aom	216645.09375	216729.0625	189470.484375	0.0388240957868091	0.02259	0.02	1
LI_VOS_001	1476748800	3130_na	216645.09375	216729.0625	189470.484375	0.0388240957868091	0.02259	0.02	1
LI_VOS_001	1479686400	3130_aom	216645.09375	216729.0625	189470.484375	0.0621185532588946	0.099396	0.02	1
LI_VOS_001	1479686400	3130_na	216645.09375	216729.0625	189470.484375	0.0621185532588946	0.099396	0.02	1
LI_VOS_001	1480896000	3130_aom	216645.09375	216729.0625	189470.484375	0.0854130107309801	0.065511	0.02	1
LI_VOS_001	1480896000	3130_na	216645.09375	216729.0625	189470.484375	0.0854130107309801	0.065511	0.02	1
LI_VOS_001	1484524800	3130_aom	216645.09375	216729.0625	189470.484375	0.0776481915736183	0.106173	0.02	1
LI_VOS_001	1484524800	3130_na	216645.09375	216729.0625	189470.484375	0.0776481915736183	0.106173	0.02	1
LI_VOS_001	1486944000	3130_aom	216645.09375	216729.0625	189470.484375	0.0543537341015328	0.307224	0.02	1
LI_VOS_001	1486944000	3130_na	216645.09375	216729.0625	189470.484375	0.0543537341015328	0.307224	0.02	1
LI_VOS_001	1488758400	3130_aom	216645.09375	216729.0625	189470.484375	0.0543537341015328	0.121986	0.02	1
LI_VOS_001	1488758400	3130_na	216645.09375	216729.0625	189470.484375	0.0543537341015328	0.121986	0.02	1
LI_VOS_001	1492473600	3130_aom	216645.09375	216729.0625	189470.484375	0.0543537341015328	0.11295	0.02	1
LI_VOS_001	1492473600	3130_na	216645.09375	216729.0625	189470.484375	0.0543537341015328	0.11295	0.02	1
LI_VOS_001	1494201600	3130_aom	216645.09375	216729.0625	189470.484375	0.0621185532588946	0.144576	0.02	1
LI_VOS_001	1494201600	3130_na	216645.09375	216729.0625	189470.484375	0.0621185532588946	0.144576	0.02	1
LI_VZB_001	1399334400	3160	218262.796875	198242.46875	670.039489746094	0.0776481915736183	0.070029	NA	1
LI_VZB_001	1402876800	3160	218262.796875	198242.46875	670.039489746094	0.0776481915736183	0.063252	NA	1
LI_VZB_001	1405296000	3160	218262.796875	198242.46875	670.039489746094	0.0776481915736183	0.02259	NA	1
LI_VZB_001	1408406400	3160	218262.796875	198242.46875	670.039489746094	0.0776481915736183	0.054216	NA	1
LI_VZB_001	1411430400	3160	218262.796875	198242.46875	670.039489746094	0.201885298091407	0.20331	NA	1
LI_VZB_001	1415059200	3160	218262.796875	198242.46875	670.039489746094	0.0776481915736183	0.036144	NA	1
LI_VZB_002	1399334400	3160	220053.09375	197532.90625	6191.64404296875	0.0776481915736183	0.042921	NA	1
LI_VZB_002	1402876800	3160	220053.09375	197532.90625	6191.64404296875	0.302827947137111	0.094878	NA	1
LI_VZB_002	1405296000	3160	220053.09375	197532.90625	6191.64404296875	0.310592766294473	0.219123	NA	1
LI_VZB_002	1408406400	3160	220053.09375	197532.90625	6191.64404296875	0.217414936406131	0.11295	NA	1
LI_VZB_002	1411430400	3160	220053.09375	197532.90625	6191.64404296875	0.931778298883419	0.185238	NA	1
LI_VZB_002	1415059200	3160	220053.09375	197532.90625	6191.64404296875	0.644479990061031	0.481167	NA	1
LI_VZB_003	1399334400	3130_aom	220475.6875	197932.859375	NA	0.0776481915736183	0.02259	NA	1
LI_VZB_003	1399334400	3160	220475.6875	197932.859375	NA	0.0776481915736183	0.02259	NA	1
LI_VZB_003	1399334400	3130_aom	220475.6875	197932.859375	22802.41015625	0.0776481915736183	0.02259	NA	1
LI_VZB_003	1399334400	3160	220475.6875	197932.859375	22802.41015625	0.0776481915736183	0.02259	NA	1
LI_VZB_003	1402876800	3130_aom	220475.6875	197932.859375	NA	0.0776481915736183	0.085842	NA	1
LI_VZB_003	1402876800	3160	220475.6875	197932.859375	NA	0.0776481915736183	0.085842	NA	1
LI_VZB_003	1402876800	3130_aom	220475.6875	197932.859375	22802.41015625	0.0776481915736183	0.085842	NA	1
LI_VZB_003	1402876800	3160	220475.6875	197932.859375	22802.41015625	0.0776481915736183	0.085842	NA	1
LI_VZB_003	1405296000	3130_aom	220475.6875	197932.859375	NA	0.0776481915736183	0.02259	NA	1
LI_VZB_003	1405296000	3160	220475.6875	197932.859375	NA	0.0776481915736183	0.02259	NA	1
LI_VZB_003	1405296000	3130_aom	220475.6875	197932.859375	22802.41015625	0.0776481915736183	0.02259	NA	1
LI_VZB_003	1405296000	3160	220475.6875	197932.859375	22802.41015625	0.0776481915736183	0.02259	NA	1
LI_VZB_003	1408406400	3130_aom	220475.6875	197932.859375	NA	0.0776481915736183	0.063252	NA	1
LI_VZB_003	1408406400	3160	220475.6875	197932.859375	NA	0.0776481915736183	0.063252	NA	1
LI_VZB_003	1408406400	3130_aom	220475.6875	197932.859375	22802.41015625	0.0776481915736183	0.063252	NA	1
LI_VZB_003	1408406400	3160	220475.6875	197932.859375	22802.41015625	0.0776481915736183	0.063252	NA	1
LI_VZB_003	1411430400	3130_aom	220475.6875	197932.859375	NA	1.99555852344199	0.047439	NA	1
LI_VZB_003	1411430400	3160	220475.6875	197932.859375	NA	1.99555852344199	0.047439	NA	1
LI_VZB_003	1411430400	3130_aom	220475.6875	197932.859375	22802.41015625	1.99555852344199	0.047439	NA	1
LI_VZB_003	1411430400	3160	220475.6875	197932.859375	22802.41015625	1.99555852344199	0.047439	NA	1
LI_VZB_003	1415059200	3130_aom	220475.6875	197932.859375	NA	0.846365288152439	0.076806	NA	1
LI_VZB_003	1415059200	3160	220475.6875	197932.859375	NA	0.846365288152439	0.076806	NA	1
LI_VZB_003	1415059200	3130_aom	220475.6875	197932.859375	22802.41015625	0.846365288152439	0.076806	NA	1
LI_VZB_003	1415059200	3160	220475.6875	197932.859375	22802.41015625	0.846365288152439	0.076806	NA	1
LI_VZB_003	1434931200	3130_aom	220475.6875	197932.859375	NA	0.147531563989875	0.359181	0.027	1
LI_VZB_003	1434931200	3160	220475.6875	197932.859375	NA	0.147531563989875	0.359181	0.027	1
LI_VZB_003	1434931200	3130_aom	220475.6875	197932.859375	22802.41015625	0.147531563989875	0.359181	0.027	1
LI_VZB_003	1434931200	3160	220475.6875	197932.859375	22802.41015625	0.147531563989875	0.359181	0.027	1
LI_VZB_003	1437350400	3130_aom	220475.6875	197932.859375	NA	0.0465889149441709	0.354663	0.022	1
LI_VZB_003	1437350400	3160	220475.6875	197932.859375	NA	0.0465889149441709	0.354663	0.022	1
LI_VZB_003	1437350400	3130_aom	220475.6875	197932.859375	22802.41015625	0.0465889149441709	0.354663	0.022	1
LI_VZB_003	1437350400	3160	220475.6875	197932.859375	22802.41015625	0.0465889149441709	0.354663	0.022	1
LI_VZB_003	1439856000	3130_aom	220475.6875	197932.859375	NA	0.0388240957868091	0.076806	0.02	1
LI_VZB_003	1439856000	3160	220475.6875	197932.859375	NA	0.0388240957868091	0.076806	0.02	1
LI_VZB_003	1439856000	3130_aom	220475.6875	197932.859375	22802.41015625	0.0388240957868091	0.076806	0.02	1
LI_VZB_003	1439856000	3160	220475.6875	197932.859375	22802.41015625	0.0388240957868091	0.076806	0.02	1
LI_VZB_003	1442188800	3130_aom	220475.6875	197932.859375	NA	0.0388240957868091	0.02259	0.02	1
LI_VZB_003	1442188800	3160	220475.6875	197932.859375	NA	0.0388240957868091	0.02259	0.02	1
LI_VZB_003	1442188800	3130_aom	220475.6875	197932.859375	22802.41015625	0.0388240957868091	0.02259	0.02	1
LI_VZB_003	1442188800	3160	220475.6875	197932.859375	22802.41015625	0.0388240957868091	0.02259	0.02	1
LI_VZB_003	1445212800	3130_aom	220475.6875	197932.859375	NA	0.0388240957868091	0.049698	0.02	1
LI_VZB_003	1445212800	3160	220475.6875	197932.859375	NA	0.0388240957868091	0.049698	0.02	1
LI_VZB_003	1445212800	3130_aom	220475.6875	197932.859375	22802.41015625	0.0388240957868091	0.049698	0.02	1
LI_VZB_003	1445212800	3160	220475.6875	197932.859375	22802.41015625	0.0388240957868091	0.049698	0.02	1
LI_VZB_003	1447632000	3130_aom	220475.6875	197932.859375	NA	0.0854130107309801	0.101655	0.02	1
LI_VZB_003	1447632000	3160	220475.6875	197932.859375	NA	0.0854130107309801	0.101655	0.02	1
LI_VZB_003	1447632000	3130_aom	220475.6875	197932.859375	22802.41015625	0.0854130107309801	0.101655	0.02	1
LI_VZB_003	1447632000	3160	220475.6875	197932.859375	22802.41015625	0.0854130107309801	0.101655	0.02	1
LI_VZB_003	1453680000	3130_aom	220475.6875	197932.859375	NA	0.0465889149441709	0.286893	0.02	1
LI_VZB_003	1453680000	3160	220475.6875	197932.859375	NA	0.0465889149441709	0.286893	0.02	1
LI_VZB_003	1453680000	3130_aom	220475.6875	197932.859375	22802.41015625	0.0465889149441709	0.286893	0.02	1
LI_VZB_003	1453680000	3160	220475.6875	197932.859375	22802.41015625	0.0465889149441709	0.286893	0.02	1
LI_VZB_003	1456790400	3130_aom	220475.6875	197932.859375	NA	0.0388240957868091	0.365958	0.0261	1
LI_VZB_003	1456790400	3160	220475.6875	197932.859375	NA	0.0388240957868091	0.365958	0.0261	1
LI_VZB_003	1456790400	3130_aom	220475.6875	197932.859375	22802.41015625	0.0388240957868091	0.365958	0.0261	1
LI_VZB_003	1456790400	3160	220475.6875	197932.859375	22802.41015625	0.0388240957868091	0.365958	0.0261	1
LI_VZB_003	1458604800	3130_aom	220475.6875	197932.859375	NA	0.0388240957868091	0.266562	0.0279	1
LI_VZB_003	1458604800	3160	220475.6875	197932.859375	NA	0.0388240957868091	0.266562	0.0279	1
LI_VZB_003	1458604800	3130_aom	220475.6875	197932.859375	22802.41015625	0.0388240957868091	0.266562	0.0279	1
LI_VZB_003	1458604800	3160	220475.6875	197932.859375	22802.41015625	0.0388240957868091	0.266562	0.0279	1
LI_VZB_003	1461628800	3130_aom	220475.6875	197932.859375	NA	0.0388240957868091	0.029367	0.0267	1
LI_VZB_003	1461628800	3160	220475.6875	197932.859375	NA	0.0388240957868091	0.029367	0.0267	1
LI_VZB_003	1461628800	3130_aom	220475.6875	197932.859375	22802.41015625	0.0388240957868091	0.029367	0.0267	1
LI_VZB_003	1461628800	3160	220475.6875	197932.859375	22802.41015625	0.0388240957868091	0.029367	0.0267	1
LI_VZB_003	1463961600	3130_aom	220475.6875	197932.859375	NA	0.0388240957868091	0.042921	0.0282	1
LI_VZB_003	1463961600	3160	220475.6875	197932.859375	NA	0.0388240957868091	0.042921	0.0282	1
LI_VZB_003	1463961600	3130_aom	220475.6875	197932.859375	22802.41015625	0.0388240957868091	0.042921	0.0282	1
LI_VZB_003	1463961600	3160	220475.6875	197932.859375	22802.41015625	0.0388240957868091	0.042921	0.0282	1
LI_VZB_004	1434931200	3130_aom	218953.6875	198862.578125	7354.31103515625	0.0388240957868091	0.02259	0.0697	1
LI_VZB_004	1434931200	3150	218953.6875	198862.578125	7354.31103515625	0.0388240957868091	0.02259	0.0697	1
LI_VZB_004	1434931200	3160	218953.6875	198862.578125	7354.31103515625	0.0388240957868091	0.02259	0.0697	1
LI_VZB_004	1437350400	3130_aom	218953.6875	198862.578125	7354.31103515625	0.0388240957868091	0.042921	0.02	1
LI_VZB_004	1437350400	3150	218953.6875	198862.578125	7354.31103515625	0.0388240957868091	0.042921	0.02	1
LI_VZB_004	1437350400	3160	218953.6875	198862.578125	7354.31103515625	0.0388240957868091	0.042921	0.02	1
LI_VZB_004	1439856000	3130_aom	218953.6875	198862.578125	7354.31103515625	0.0388240957868091	0.027108	0.02	1
LI_VZB_004	1439856000	3150	218953.6875	198862.578125	7354.31103515625	0.0388240957868091	0.027108	0.02	1
LI_VZB_004	1439856000	3160	218953.6875	198862.578125	7354.31103515625	0.0388240957868091	0.027108	0.02	1
LI_VZB_004	1442188800	3130_aom	218953.6875	198862.578125	7354.31103515625	0.0388240957868091	0.033885	0.02	1
LI_VZB_004	1442188800	3150	218953.6875	198862.578125	7354.31103515625	0.0388240957868091	0.033885	0.02	1
LI_VZB_004	1442188800	3160	218953.6875	198862.578125	7354.31103515625	0.0388240957868091	0.033885	0.02	1
LI_VZB_004	1445212800	3130_aom	218953.6875	198862.578125	7354.31103515625	0.0388240957868091	0.040662	0.04	1
LI_VZB_004	1445212800	3150	218953.6875	198862.578125	7354.31103515625	0.0388240957868091	0.040662	0.04	1
LI_VZB_004	1445212800	3160	218953.6875	198862.578125	7354.31103515625	0.0388240957868091	0.040662	0.04	1
LI_VZB_004	1447632000	3130_aom	218953.6875	198862.578125	7354.31103515625	0.0388240957868091	0.024849	0.02	1
LI_VZB_004	1447632000	3150	218953.6875	198862.578125	7354.31103515625	0.0388240957868091	0.024849	0.02	1
LI_VZB_004	1447632000	3160	218953.6875	198862.578125	7354.31103515625	0.0388240957868091	0.024849	0.02	1
LI_VZB_004	1453680000	3130_aom	218953.6875	198862.578125	7354.31103515625	0.0388240957868091	0.178461	0.02	1
LI_VZB_004	1453680000	3150	218953.6875	198862.578125	7354.31103515625	0.0388240957868091	0.178461	0.02	1
LI_VZB_004	1453680000	3160	218953.6875	198862.578125	7354.31103515625	0.0388240957868091	0.178461	0.02	1
LI_VZB_004	1456790400	3130_aom	218953.6875	198862.578125	7354.31103515625	0.0388240957868091	0.140058	0.02	1
LI_VZB_004	1456790400	3150	218953.6875	198862.578125	7354.31103515625	0.0388240957868091	0.140058	0.02	1
LI_VZB_004	1456790400	3160	218953.6875	198862.578125	7354.31103515625	0.0388240957868091	0.140058	0.02	1
LI_VZB_004	1458604800	3130_aom	218953.6875	198862.578125	7354.31103515625	0.0388240957868091	0.06777	0.0303	1
LI_VZB_004	1458604800	3150	218953.6875	198862.578125	7354.31103515625	0.0388240957868091	0.06777	0.0303	1
LI_VZB_004	1458604800	3160	218953.6875	198862.578125	7354.31103515625	0.0388240957868091	0.06777	0.0303	1
LI_VZB_004	1461628800	3130_aom	218953.6875	198862.578125	7354.31103515625	0.0388240957868091	0.079065	0.0227	1
LI_VZB_004	1461628800	3150	218953.6875	198862.578125	7354.31103515625	0.0388240957868091	0.079065	0.0227	1
LI_VZB_004	1461628800	3160	218953.6875	198862.578125	7354.31103515625	0.0388240957868091	0.079065	0.0227	1
LI_VZB_004	1463961600	3130_aom	218953.6875	198862.578125	7354.31103515625	0.0388240957868091	0.027108	0.0302	1
LI_VZB_004	1463961600	3150	218953.6875	198862.578125	7354.31103515625	0.0388240957868091	0.027108	0.0302	1
LI_VZB_004	1463961600	3160	218953.6875	198862.578125	7354.31103515625	0.0388240957868091	0.027108	0.0302	1
LI_VZB_005	1434931200	3130_aom	219975.21875	197342.703125	22527.72265625	0.0388240957868091	0.02259	0.0393	1
LI_VZB_005	1434931200	3160	219975.21875	197342.703125	22527.72265625	0.0388240957868091	0.02259	0.0393	1
LI_VZB_005	1437350400	3130_aom	219975.21875	197342.703125	22527.72265625	0.0388240957868091	0.063252	0.041	1
LI_VZB_005	1437350400	3160	219975.21875	197342.703125	22527.72265625	0.0388240957868091	0.063252	0.041	1
LI_VZB_005	1439856000	3130_aom	219975.21875	197342.703125	22527.72265625	0.0388240957868091	0.024849	0.0269	1
LI_VZB_005	1439856000	3160	219975.21875	197342.703125	22527.72265625	0.0388240957868091	0.024849	0.0269	1
LI_VZB_005	1442188800	3130_aom	219975.21875	197342.703125	22527.72265625	0.613420713431584	0.076806	0.0897	1
LI_VZB_005	1442188800	3160	219975.21875	197342.703125	22527.72265625	0.613420713431584	0.076806	0.0897	1
LI_VZB_005	1445212800	3130_aom	219975.21875	197342.703125	22527.72265625	1.59955274641654	0.149094	0.1	1
LI_VZB_005	1445212800	3160	219975.21875	197342.703125	22527.72265625	1.59955274641654	0.149094	0.1	1
LI_VZB_005	1447632000	3130_aom	219975.21875	197342.703125	22527.72265625	2.44591803456897	0.33885	0.276	1
LI_VZB_005	1447632000	3160	219975.21875	197342.703125	22527.72265625	2.44591803456897	0.33885	0.276	1
LI_VZB_005	1453680000	3130_aom	219975.21875	197342.703125	22527.72265625	0.17082602146196	0.2259	0.0404	1
LI_VZB_005	1453680000	3160	219975.21875	197342.703125	22527.72265625	0.17082602146196	0.2259	0.0404	1
LI_VZB_005	1456790400	3130_aom	219975.21875	197342.703125	22527.72265625	0.0388240957868091	0.126504	0.0238	1
LI_VZB_005	1456790400	3160	219975.21875	197342.703125	22527.72265625	0.0388240957868091	0.126504	0.0238	1
LI_VZB_005	1458604800	3130_aom	219975.21875	197342.703125	22527.72265625	0.0388240957868091	0.058734	0.0333	1
LI_VZB_005	1458604800	3160	219975.21875	197342.703125	22527.72265625	0.0388240957868091	0.058734	0.0333	1
LI_VZB_005	1461628800	3130_aom	219975.21875	197342.703125	22527.72265625	0.0388240957868091	0.02259	0.0321	1
LI_VZB_005	1461628800	3160	219975.21875	197342.703125	22527.72265625	0.0388240957868091	0.02259	0.0321	1
LI_VZB_005	1463961600	3130_aom	219975.21875	197342.703125	22527.72265625	0.0698833724162564	0.024849	0.0419	1
LI_VZB_005	1463961600	3160	219975.21875	197342.703125	22527.72265625	0.0698833724162564	0.024849	0.0419	1
LI_VZB_006	1434931200	3160	217503.65625	197733.984375	7947.3701171875	0.0388240957868091	0.024849	0.0973	1
LI_VZB_006	1437350400	3160	217503.65625	197733.984375	7947.3701171875	0.0388240957868091	0.033885	0.112	1
LI_VZB_006	1439856000	3160	217503.65625	197733.984375	7947.3701171875	0.0388240957868091	0.033885	0.0223	1
LI_VZB_006	1442188800	3160	217503.65625	197733.984375	7947.3701171875	0.0388240957868091	0.038403	0.0782	1
LI_VZB_006	1445212800	3160	217503.65625	197733.984375	7947.3701171875	0.0465889149441709	0.047439	0.12	1
LI_VZB_006	1447632000	3160	217503.65625	197733.984375	7947.3701171875	0.0543537341015328	0.060993	0.024	1
LI_VZB_006	1453680000	3160	217503.65625	197733.984375	7947.3701171875	0.0388240957868091	0.056475	0.02	1
LI_VZB_006	1456790400	3160	217503.65625	197733.984375	7947.3701171875	0.0388240957868091	0.040662	0.02	1
LI_VZB_006	1458604800	3160	217503.65625	197733.984375	7947.3701171875	0.0388240957868091	0.04518	0.2652	1
LI_VZB_006	1461628800	3160	217503.65625	197733.984375	7947.3701171875	0.0388240957868091	0.02259	0.0245	1
LI_VZB_006	1463961600	3160	217503.65625	197733.984375	7947.3701171875	0.0698833724162564	0.031626	0.0411	1
LI_VZB_007	1434931200	3160	219629.671875	197874.109375	14250.78125	0.0388240957868091	0.02259	0.02	1
LI_VZB_007	1437350400	3160	219629.671875	197874.109375	14250.78125	0.0388240957868091	0.074547	0.02	1
LI_VZB_007	1439856000	3160	219629.671875	197874.109375	14250.78125	0.0388240957868091	0.072288	0.02	1
LI_VZB_007	1442188800	3160	219629.671875	197874.109375	14250.78125	0.0388240957868091	0.036144	0.02	1
LI_VZB_007	1445212800	3160	219629.671875	197874.109375	14250.78125	0.178590840619322	0.110691	0.02	1
LI_VZB_007	1447632000	3160	219629.671875	197874.109375	14250.78125	0.302827947137111	0.151353	0.028	1
LI_VZB_007	1453680000	3160	219629.671875	197874.109375	14250.78125	0.411535415340177	0.332073	0.02	1
LI_VZB_007	1456790400	3160	219629.671875	197874.109375	14250.78125	0.0543537341015328	0.239454	0.02	1
LI_VZB_007	1458604800	3160	219629.671875	197874.109375	14250.78125	0.0388240957868091	0.149094	0.0236	1
LI_VZB_007	1461628800	3160	219629.671875	197874.109375	14250.78125	0.0388240957868091	0.097137	0.0207	1
LI_VZB_007	1463961600	3160	219629.671875	197874.109375	14250.78125	0.0388240957868091	0.038403	0.02	1
LI_VZB_008	1467072000	3160	217601.515625	197915.9375	3614.9814453125	0.0621185532588946	0.137799	0.02	1
LI_VZB_008	1470096000	3160	217601.515625	197915.9375	3614.9814453125	0.155296383147237	0.02259	0.02	1
LI_VZB_008	1472428800	3160	217601.515625	197915.9375	3614.9814453125	0.0388240957868091	0.02259	0.02	1
LI_VZB_008	1474848000	3160	217601.515625	197915.9375	3614.9814453125	0.0388240957868091	0.02259	0.02	1
LI_VZB_008	1477353600	3160	217601.515625	197915.9375	3614.9814453125	0.0621185532588946	0.036144	0.02	1
LI_VZB_008	1480291200	3160	217601.515625	197915.9375	3614.9814453125	0.217414936406131	0.133281	0.02	1
LI_VZB_008	1483315200	3160	217601.515625	197915.9375	3614.9814453125	0.372711319553368	0.162648	0.02	1
LI_VZB_008	1485129600	3160	217601.515625	197915.9375	3614.9814453125	0.240709393878217	0.282375	0.02	1
LI_VZB_008	1486944000	3160	217601.515625	197915.9375	3614.9814453125	0.155296383147237	0.241713	0.02	1
LI_VZB_008	1490054400	3160	217601.515625	197915.9375	3614.9814453125	0.194120478934046	0.196533	0.02	1
LI_VZB_008	1492992000	3160	217601.515625	197915.9375	3614.9814453125	0.163061202304598	0.124245	0.02	1
LI_VZB_008	1496102400	3160	217601.515625	197915.9375	3614.9814453125	0.364946500396006	0.11295	0.02	1
LI_WIK_001	1398124800	3130_aom	223521.875	185019.1875	9060.8486328125	0.0776481915736183	0.04518	NA	1
LI_WIK_001	1398124800	3130_na	223521.875	185019.1875	9060.8486328125	0.0776481915736183	0.04518	NA	1
LI_WIK_001	1401753600	3130_aom	223521.875	185019.1875	9060.8486328125	0.0776481915736183	0.076806	NA	1
LI_WIK_001	1401753600	3130_na	223521.875	185019.1875	9060.8486328125	0.0776481915736183	0.076806	NA	1
LI_WIK_001	1404172800	3130_aom	223521.875	185019.1875	9060.8486328125	0.0776481915736183	0.040662	NA	1
LI_WIK_001	1404172800	3130_na	223521.875	185019.1875	9060.8486328125	0.0776481915736183	0.040662	NA	1
LI_WIK_001	1407196800	3130_aom	223521.875	185019.1875	9060.8486328125	0.0776481915736183	0.074547	NA	1
LI_WIK_001	1407196800	3130_na	223521.875	185019.1875	9060.8486328125	0.0776481915736183	0.074547	NA	1
LI_WIK_001	1410220800	3130_aom	223521.875	185019.1875	9060.8486328125	0.124237106517789	0.140058	NA	1
LI_WIK_001	1410220800	3130_na	223521.875	185019.1875	9060.8486328125	0.124237106517789	0.140058	NA	1
LI_WIK_001	1413849600	3130_aom	223521.875	185019.1875	9060.8486328125	0.0776481915736183	0.024849	NA	1
LI_WIK_001	1413849600	3130_na	223521.875	185019.1875	9060.8486328125	0.0776481915736183	0.024849	NA	1
LI_WIK_002	1398124800	3130_aom	223767.859375	185133.90625	5760.74462890625	0.0776481915736183	0.029367	NA	1
LI_WIK_002	1401753600	3130_aom	223767.859375	185133.90625	5760.74462890625	0.0776481915736183	0.031626	NA	1
LI_WIK_002	1404172800	3130_aom	223767.859375	185133.90625	5760.74462890625	0.0776481915736183	0.02259	NA	1
LI_WIK_002	1407196800	3130_aom	223767.859375	185133.90625	5760.74462890625	0.0776481915736183	0.029367	NA	1
LI_WIK_002	1410220800	3130_aom	223767.859375	185133.90625	5760.74462890625	0.0776481915736183	0.024849	NA	1
LI_WIK_002	1413849600	3130_aom	223767.859375	185133.90625	5760.74462890625	0.0776481915736183	0.02259	NA	1
LI_WIK_003	1398643200	3130_aom	224438.453125	185083.890625	35554.51171875	0.0776481915736183	0.027108	NA	1
LI_WIK_003	1401753600	3130_aom	224438.453125	185083.890625	35554.51171875	0.0776481915736183	0.036144	NA	1
LI_WIK_003	1404172800	3130_aom	224438.453125	185083.890625	35554.51171875	0.0776481915736183	0.02259	NA	1
LI_WIK_003	1407196800	3130_aom	224438.453125	185083.890625	35554.51171875	0.0776481915736183	0.024849	NA	1
LI_WIK_003	1410220800	3130_aom	224438.453125	185083.890625	35554.51171875	0.0776481915736183	0.024849	NA	1
LI_WIK_003	1413849600	3130_aom	224438.453125	185083.890625	35554.51171875	0.0776481915736183	0.031626	NA	1
LI_WIK_004	1434326400	3160	224671.65625	184978.265625	29332.9375	0.0543537341015328	0.047439	0.038	1
LI_WIK_004	1436745600	3160	224671.65625	184978.265625	29332.9375	0.0388240957868091	0.04518	0.063	1
LI_WIK_004	1439164800	3160	224671.65625	184978.265625	29332.9375	0.0465889149441709	0.049698	0.066	1
LI_WIK_004	1441584000	3160	224671.65625	184978.265625	29332.9375	0.0388240957868091	0.051957	0.0545	1
LI_WIK_004	1444694400	3160	224671.65625	184978.265625	29332.9375	0.0388240957868091	0.036144	0.05	1
LI_WIK_004	1447027200	3160	224671.65625	184978.265625	29332.9375	0.0388240957868091	0.02259	0.0477	1
LI_WIK_004	1449446400	3160	224671.65625	184978.265625	29332.9375	0.0388240957868091	0.02259	0.044	1
LI_WIK_004	1455580800	3160	224671.65625	184978.265625	29332.9375	0.0388240957868091	0.085842	0.0468	1
LI_WIK_004	1457913600	3160	224671.65625	184978.265625	29332.9375	0.0388240957868091	0.038403	0.045	1
LI_WIK_004	1460937600	3160	224671.65625	184978.265625	29332.9375	0.0388240957868091	0.02259	0.0425	1
LI_WIK_004	1463529600	3160	224671.65625	184978.265625	29332.9375	0.0388240957868091	0.033885	0.0585	1
LI_WIK_005	1434326400	3130_aom	224286.921875	185015.59375	10374.5419921875	0.0621185532588946	0.036144	0.059	1
LI_WIK_005	1436745600	3130_aom	224286.921875	185015.59375	10374.5419921875	0.0543537341015328	0.049698	0.079	1
LI_WIK_005	1439164800	3130_aom	224286.921875	185015.59375	10374.5419921875	2.24403273647757	0.02259	0.2088	1
LI_WIK_005	1441584000	3130_aom	224286.921875	185015.59375	10374.5419921875	0.0543537341015328	0.060993	0.0904	1
LI_WIK_005	1444694400	3130_aom	224286.921875	185015.59375	10374.5419921875	0.0388240957868091	0.024849	0.05	1
LI_WIK_005	1447027200	3130_aom	224286.921875	185015.59375	10374.5419921875	0.0388240957868091	0.02259	0.0492	1
LI_WIK_005	1449446400	3130_aom	224286.921875	185015.59375	10374.5419921875	0.0698833724162564	0.162648	0.066	1
LI_WIK_005	1455580800	3130_aom	224286.921875	185015.59375	10374.5419921875	0.0388240957868091	0.476649	0.0706	1
LI_WIK_005	1457913600	3130_aom	224286.921875	185015.59375	10374.5419921875	0.0388240957868091	0.142317	0.0329	1
LI_WIK_005	1460937600	3130_aom	224286.921875	185015.59375	10374.5419921875	0.0388240957868091	0.02259	0.0564	1
LI_WIK_005	1463529600	3130_aom	224286.921875	185015.59375	10374.5419921875	0.0543537341015328	0.038403	0.0665	1
LI_WIK_006	1434326400	3130_aom	224320.421875	185191.484375	9991.1494140625	0.0698833724162564	0.051957	0.072	1
LI_WIK_006	1436745600	3130_aom	224320.421875	185191.484375	9991.1494140625	0.0388240957868091	0.031626	0.053	1
LI_WIK_006	1439164800	3130_aom	224320.421875	185191.484375	9991.1494140625	0.0388240957868091	0.024849	0.1012	1
LI_WIK_006	1441584000	3130_aom	224320.421875	185191.484375	9991.1494140625	0.0388240957868091	0.054216	0.0875	1
LI_WIK_006	1444694400	3130_aom	224320.421875	185191.484375	9991.1494140625	0.0388240957868091	0.049698	0.05	1
LI_WIK_006	1447027200	3130_aom	224320.421875	185191.484375	9991.1494140625	0.0388240957868091	0.02259	0.0441	1
LI_WIK_006	1449446400	3130_aom	224320.421875	185191.484375	9991.1494140625	0.0465889149441709	0.176202	0.041	1
LI_WIK_006	1455580800	3130_aom	224320.421875	185191.484375	9991.1494140625	0.0543537341015328	0.332073	0.06	1
LI_WIK_006	1457913600	3130_aom	224320.421875	185191.484375	9991.1494140625	0.0388240957868091	0.106173	0.0487	1
LI_WIK_006	1460937600	3130_aom	224320.421875	185191.484375	9991.1494140625	0.0388240957868091	0.02259	0.0674	1
LI_WIK_006	1463529600	3130_aom	224320.421875	185191.484375	9991.1494140625	0.0388240957868091	0.02259	0.0906	1
LI_WIK_007	1464652800	3130_aom	224424.421875	184776.21875	6231.3642578125	0.0621185532588946	0.070029	0.038	1
LI_WIK_007	1464652800	3130_na	224424.421875	184776.21875	6231.3642578125	0.0621185532588946	0.070029	0.038	1
LI_WIK_007	1467590400	3130_aom	224424.421875	184776.21875	6231.3642578125	0.0388240957868091	0.02259	0.0301	1
LI_WIK_007	1467590400	3130_na	224424.421875	184776.21875	6231.3642578125	0.0388240957868091	0.02259	0.0301	1
LI_WIK_007	1470700800	3130_aom	224424.421875	184776.21875	6231.3642578125	0.139766744832513	0.02259	0.0602	1
LI_WIK_007	1470700800	3130_na	224424.421875	184776.21875	6231.3642578125	0.139766744832513	0.02259	0.0602	1
LI_WIK_007	1479772800	3130_aom	224424.421875	184776.21875	6231.3642578125	0.0388240957868091	0.04518	0.0728	1
LI_WIK_007	1479772800	3130_na	224424.421875	184776.21875	6231.3642578125	0.0388240957868091	0.04518	0.0728	1
LI_WIK_007	1480291200	3130_aom	224424.421875	184776.21875	6231.3642578125	0.0388240957868091	0.029367	0.0504	1
LI_WIK_007	1480291200	3130_na	224424.421875	184776.21875	6231.3642578125	0.0388240957868091	0.029367	0.0504	1
LI_WIK_007	1485216000	3130_aom	224424.421875	184776.21875	6231.3642578125	0.0388240957868091	0.060993	0.02	1
LI_WIK_007	1485216000	3130_na	224424.421875	184776.21875	6231.3642578125	0.0388240957868091	0.060993	0.02	1
LI_WIK_007	1486339200	3130_aom	224424.421875	184776.21875	6231.3642578125	0.0388240957868091	0.063252	0.0206	1
LI_WIK_007	1486339200	3130_na	224424.421875	184776.21875	6231.3642578125	0.0388240957868091	0.063252	0.0206	1
LI_WIK_007	1488844800	3130_aom	224424.421875	184776.21875	6231.3642578125	0.0388240957868091	0.036144	0.0243	1
LI_WIK_007	1488844800	3130_na	224424.421875	184776.21875	6231.3642578125	0.0388240957868091	0.036144	0.0243	1
LI_WIK_007	1491782400	3130_aom	224424.421875	184776.21875	6231.3642578125	0.0388240957868091	0.047439	0.0244	1
LI_WIK_007	1491782400	3130_na	224424.421875	184776.21875	6231.3642578125	0.0388240957868091	0.047439	0.0244	1
LI_WIK_007	1494806400	3130_aom	224424.421875	184776.21875	6231.3642578125	0.0543537341015328	0.137799	0.03	1
LI_WIK_007	1494806400	3130_na	224424.421875	184776.21875	6231.3642578125	0.0543537341015328	0.137799	0.03	1
LI_WIK_008	1464652800	3130_aom	224195.28125	185237.125	8779.93359375	0.0621185532588946	0.070029	0.0523	1
LI_WIK_008	1467590400	3130_aom	224195.28125	185237.125	8779.93359375	0.0388240957868091	0.02259	0.0437	1
LI_WIK_008	1470700800	3130_aom	224195.28125	185237.125	8779.93359375	0.0388240957868091	0.02259	0.029	1
LI_WIK_008	1474848000	3130_aom	224195.28125	185237.125	8779.93359375	0.0388240957868091	0.02259	0.0254	1
LI_WIK_008	1476662400	3130_aom	224195.28125	185237.125	8779.93359375	0.0388240957868091	0.02259	0.02	1
LI_WIK_008	1479772800	3130_aom	224195.28125	185237.125	8779.93359375	0.0388240957868091	0.033885	0.02	1
LI_WIK_008	1480291200	3130_aom	224195.28125	185237.125	8779.93359375	0.0388240957868091	0.033885	0.0254	1
LI_WIK_008	1485216000	3130_aom	224195.28125	185237.125	8779.93359375	0.0388240957868091	0.070029	0.0226	1
LI_WIK_008	1486944000	3130_aom	224195.28125	185237.125	8779.93359375	0.0388240957868091	0.040662	0.02	1
LI_WIK_008	1488844800	3130_aom	224195.28125	185237.125	8779.93359375	0.0388240957868091	0.031626	0.02	1
LI_WIK_008	1491782400	3130_aom	224195.28125	185237.125	8779.93359375	0.0388240957868091	0.047439	0.02	1
LI_WIK_008	1494806400	3130_aom	224195.28125	185237.125	8779.93359375	0.0698833724162564	0.079065	0.047	1
LI_WIK_009	1464652800	3130_aom	223858.671875	185189.96875	13587.6376953125	0.0621185532588946	0.049698	0.0291	1
LI_WIK_009	1464652800	3130_na	223858.671875	185189.96875	13587.6376953125	0.0621185532588946	0.049698	0.0291	1
LI_WIK_009	1467590400	3130_aom	223858.671875	185189.96875	13587.6376953125	0.0388240957868091	0.02259	0.0346	1
LI_WIK_009	1467590400	3130_na	223858.671875	185189.96875	13587.6376953125	0.0388240957868091	0.02259	0.0346	1
LI_WIK_009	1470700800	3130_aom	223858.671875	185189.96875	13587.6376953125	0.0543537341015328	0.02259	0.02	1
LI_WIK_009	1470700800	3130_na	223858.671875	185189.96875	13587.6376953125	0.0543537341015328	0.02259	0.02	1
LI_WIK_009	1474848000	3130_aom	223858.671875	185189.96875	13587.6376953125	0.0465889149441709	0.024849	0.02	1
LI_WIK_009	1474848000	3130_na	223858.671875	185189.96875	13587.6376953125	0.0465889149441709	0.024849	0.02	1
LI_WIK_009	1476662400	3130_aom	223858.671875	185189.96875	13587.6376953125	0.0388240957868091	0.054216	0.02	1
LI_WIK_009	1476662400	3130_na	223858.671875	185189.96875	13587.6376953125	0.0388240957868091	0.054216	0.02	1
LI_WIK_009	1479772800	3130_aom	223858.671875	185189.96875	13587.6376953125	0.0388240957868091	0.027108	0.02	1
LI_WIK_009	1479772800	3130_na	223858.671875	185189.96875	13587.6376953125	0.0388240957868091	0.027108	0.02	1
LI_WIK_009	1480291200	3130_aom	223858.671875	185189.96875	13587.6376953125	0.0388240957868091	0.033885	0.0218	1
LI_WIK_009	1480291200	3130_na	223858.671875	185189.96875	13587.6376953125	0.0388240957868091	0.033885	0.0218	1
LI_WIK_009	1485216000	3130_aom	223858.671875	185189.96875	13587.6376953125	0.0388240957868091	0.058734	0.02	1
LI_WIK_009	1485216000	3130_na	223858.671875	185189.96875	13587.6376953125	0.0388240957868091	0.058734	0.02	1
LI_WIK_009	1486944000	3130_aom	223858.671875	185189.96875	13587.6376953125	0.0388240957868091	0.115209	0.02	1
LI_WIK_009	1486944000	3130_na	223858.671875	185189.96875	13587.6376953125	0.0388240957868091	0.115209	0.02	1
LI_WIK_009	1488844800	3130_aom	223858.671875	185189.96875	13587.6376953125	0.0388240957868091	0.038403	0.02	1
LI_WIK_009	1488844800	3130_na	223858.671875	185189.96875	13587.6376953125	0.0388240957868091	0.038403	0.02	1
LI_WIK_009	1491782400	3130_aom	223858.671875	185189.96875	13587.6376953125	0.0388240957868091	0.063252	0.02	1
LI_WIK_009	1491782400	3130_na	223858.671875	185189.96875	13587.6376953125	0.0388240957868091	0.063252	0.02	1
LI_WIK_009	1494806400	3130_aom	223858.671875	185189.96875	13587.6376953125	0.0388240957868091	0.040662	0.02	1
LI_WIK_009	1494806400	3130_na	223858.671875	185189.96875	13587.6376953125	0.0388240957868091	0.040662	0.02	1
LI_ZPB_001	1465776000	3130_na	240330.28125	180375.640625	3739.47241210938	0.0698833724162564	0.119727	0.036	1
LI_ZPB_001	1465776000	3160	240330.28125	180375.640625	3739.47241210938	0.0698833724162564	0.119727	0.036	1
LI_ZPB_001	1467590400	3130_na	240330.28125	180375.640625	3739.47241210938	0.0388240957868091	0.02259	0.02	1
LI_ZPB_001	1467590400	3160	240330.28125	180375.640625	3739.47241210938	0.0388240957868091	0.02259	0.02	1
LI_ZPB_001	1471305600	3130_na	240330.28125	180375.640625	3739.47241210938	0.0388240957868091	0.02259	0.02	1
LI_ZPB_001	1471305600	3160	240330.28125	180375.640625	3739.47241210938	0.0388240957868091	0.02259	0.02	1
LI_ZPB_001	1474243200	3130_na	240330.28125	180375.640625	3739.47241210938	0.0388240957868091	0.036144	0.02	1
LI_ZPB_001	1474243200	3160	240330.28125	180375.640625	3739.47241210938	0.0388240957868091	0.036144	0.02	1
LI_ZPB_001	1476662400	3130_na	240330.28125	180375.640625	3739.47241210938	0.0388240957868091	0.031626	0.02	1
LI_ZPB_001	1476662400	3160	240330.28125	180375.640625	3739.47241210938	0.0388240957868091	0.031626	0.02	1
LI_ZPB_001	1479686400	3130_na	240330.28125	180375.640625	3739.47241210938	0.0465889149441709	0.815499	0.02	1
LI_ZPB_001	1479686400	3160	240330.28125	180375.640625	3739.47241210938	0.0465889149441709	0.815499	0.02	1
LI_ZPB_001	1480896000	3130_na	240330.28125	180375.640625	3739.47241210938	0.147531563989875	0.216864	0.02	1
LI_ZPB_001	1480896000	3160	240330.28125	180375.640625	3739.47241210938	0.147531563989875	0.216864	0.02	1
LI_ZPB_001	1483920000	3130_na	240330.28125	180375.640625	3739.47241210938	0.116472287360427	0.18072	0.0215	1
LI_ZPB_001	1483920000	3160	240330.28125	180375.640625	3739.47241210938	0.116472287360427	0.18072	0.0215	1
LI_ZPB_001	1485734400	3130_na	240330.28125	180375.640625	3739.47241210938	0.0698833724162564	0.137799	0.02	1
LI_ZPB_001	1485734400	3160	240330.28125	180375.640625	3739.47241210938	0.0698833724162564	0.137799	0.02	1
LI_ZPB_001	1488153600	3130_na	240330.28125	180375.640625	3739.47241210938	0.0698833724162564	0.115209	0.02	1
LI_ZPB_001	1488153600	3160	240330.28125	180375.640625	3739.47241210938	0.0698833724162564	0.115209	0.02	1
LI_ZPB_001	1491177600	3130_na	240330.28125	180375.640625	3739.47241210938	0.0465889149441709	0.081324	0.02	1
LI_ZPB_001	1491177600	3160	240330.28125	180375.640625	3739.47241210938	0.0465889149441709	0.081324	0.02	1
LI_ZPB_001	1494806400	3130_na	240330.28125	180375.640625	3739.47241210938	0.124237106517789	0.094878	0.047	1
LI_ZPB_001	1494806400	3160	240330.28125	180375.640625	3739.47241210938	0.124237106517789	0.094878	0.047	1
LI_ZUT_001	1466380800	3130_aom	232076.15625	178523.515625	9515.083984375	0.0388240957868091	0.09036	0.02	1
LI_ZUT_001	1466380800	3140	232076.15625	178523.515625	9515.083984375	0.0388240957868091	0.09036	0.02	1
LI_ZUT_001	1470096000	3130_aom	232076.15625	178523.515625	9515.083984375	0.0776481915736183	0.149094	0.02	1
LI_ZUT_001	1470096000	3140	232076.15625	178523.515625	9515.083984375	0.0776481915736183	0.149094	0.02	1
LI_ZUT_001	1471305600	3130_aom	232076.15625	178523.515625	9515.083984375	0.0388240957868091	0.02259	0.02	1
LI_ZUT_001	1471305600	3140	232076.15625	178523.515625	9515.083984375	0.0388240957868091	0.02259	0.02	1
LI_ZUT_001	1473724800	3130_aom	232076.15625	178523.515625	9515.083984375	0.0388240957868091	0.02259	0.02	1
LI_ZUT_001	1473724800	3140	232076.15625	178523.515625	9515.083984375	0.0388240957868091	0.02259	0.02	1
LI_ZUT_001	1476057600	3130_aom	232076.15625	178523.515625	9515.083984375	0.0388240957868091	0.051957	0.109	1
LI_ZUT_001	1476057600	3140	232076.15625	178523.515625	9515.083984375	0.0388240957868091	0.051957	0.109	1
LI_ZUT_001	1479686400	3130_aom	232076.15625	178523.515625	9515.083984375	0.0388240957868091	0.047439	0.02	1
LI_ZUT_001	1479686400	3140	232076.15625	178523.515625	9515.083984375	0.0388240957868091	0.047439	0.02	1
LI_ZUT_001	1485734400	3130_aom	232076.15625	178523.515625	9515.083984375	0.0388240957868091	0.04518	0.02	1
LI_ZUT_001	1485734400	3140	232076.15625	178523.515625	9515.083984375	0.0388240957868091	0.04518	0.02	1
LI_ZUT_001	1488844800	3130_aom	232076.15625	178523.515625	9515.083984375	0.0388240957868091	0.040662	0.02	1
LI_ZUT_001	1488844800	3140	232076.15625	178523.515625	9515.083984375	0.0388240957868091	0.040662	0.02	1
LI_ZUT_001	1491177600	3130_aom	232076.15625	178523.515625	9515.083984375	0.0388240957868091	0.042921	0.02	1
LI_ZUT_001	1491177600	3140	232076.15625	178523.515625	9515.083984375	0.0388240957868091	0.042921	0.02	1
LI_ZUT_001	1494806400	3130_aom	232076.15625	178523.515625	9515.083984375	0.0543537341015328	0.074547	0.02	1
LI_ZUT_001	1494806400	3140	232076.15625	178523.515625	9515.083984375	0.0543537341015328	0.074547	0.02	1
OV_BLA_001	1433808000	3140	101978.0234375	192892.578125	171487.203125	0.0388240957868091	0.024849	0.024	1
OV_BLA_001	1436140800	3140	101978.0234375	192892.578125	171487.203125	0.0543537341015328	0.033885	0.0313	1
OV_BLA_001	1438560000	3140	101978.0234375	192892.578125	171487.203125	0.0388240957868091	0.02259	0.03	1
OV_BLA_001	1440979200	3140	101978.0234375	192892.578125	171487.203125	0.0388240957868091	0.038403	0.02	1
OV_BLA_001	1444003200	3140	101978.0234375	192892.578125	171487.203125	0.0388240957868091	0.02259	0.02	1
OV_BLA_001	1446508800	3140	101978.0234375	192892.578125	171487.203125	0.0388240957868091	0.02259	0.02	1
OV_BLA_001	1448928000	3140	101978.0234375	192892.578125	171487.203125	0.139766744832513	0.131022	0.07	1
OV_DAM_001	1433808000	3150	112363.7265625	194172.984375	8717.01953125	0.0388240957868091	0.02259	0.046	1
OV_DAM_001	1436140800	3150	112363.7265625	194172.984375	8717.01953125	0.0388240957868091	0.02259	0.1508	1
OV_DAM_001	1438560000	3150	112363.7265625	194172.984375	8717.01953125	0.0388240957868091	0.060993	0.07	1
OV_DAM_001	1440979200	3150	112363.7265625	194172.984375	8717.01953125	0.0388240957868091	0.031626	0.0569	1
OV_DAM_001	1444003200	3150	112363.7265625	194172.984375	8717.01953125	0.0388240957868091	0.029367	0.06	1
OV_DAM_001	1446508800	3150	112363.7265625	194172.984375	8717.01953125	0.0388240957868091	0.040662	0.06	1
OV_DAM_001	1448928000	3150	112363.7265625	194172.984375	8717.01953125	0.349416862081282	0.275598	0.12	1
OV_DAM_001	1452470400	3150	112363.7265625	194172.984375	8717.01953125	0.403770596182815	0.494721	0.1507	1
OV_DAM_001	1454889600	3150	112363.7265625	194172.984375	8717.01953125	0.108707468203066	0.481167	0.1574	1
OV_DAM_001	1457308800	3150	112363.7265625	194172.984375	8717.01953125	0.147531563989875	0.02259	0.1105	1
OV_DAM_001	1460332800	3150	112363.7265625	194172.984375	8717.01953125	0.0388240957868091	0.060993	0.0728	1
OV_DAM_001	1462838400	3150	112363.7265625	194172.984375	8717.01953125	0.139766744832513	0.024849	0.0668	1
OV_DON_001	1434326400	3140	122274.8359375	191612.4375	265285.78125	0.0388240957868091	0.02259	0.022	1
OV_DON_001	1436745600	3140	122274.8359375	191612.4375	265285.78125	0.0388240957868091	0.02259	0.02	1
OV_DON_001	1439164800	3140	122274.8359375	191612.4375	265285.78125	0.0388240957868091	0.02259	0.02	1
OV_DON_001	1441584000	3140	122274.8359375	191612.4375	265285.78125	0.0388240957868091	0.02259	0.02	1
OV_DON_001	1444608000	3140	122274.8359375	191612.4375	265285.78125	0.0194120478934046	0.036144	0.02	1
OV_DON_001	1447027200	3140	122274.8359375	191612.4375	265285.78125	0.0388240957868091	0.02259	0.02	1
OV_DON_001	1449446400	3140	122274.8359375	191612.4375	265285.78125	0.232944574720855	0.027108	0.125	1
OV_DON_001	1452470400	3140	122274.8359375	191612.4375	265285.78125	0.287298308822388	0.072288	0.1558	1
OV_DON_001	1454889600	3140	122274.8359375	191612.4375	265285.78125	0.364946500396006	0.121986	0.1334	1
OV_DON_001	1457308800	3140	122274.8359375	191612.4375	265285.78125	0.264003851350302	0.15813	0.1258	1
OV_DON_001	1460419200	3140	122274.8359375	191612.4375	265285.78125	0.0543537341015328	0.216864	0.1212	1
OV_DON_001	1462838400	3140	122274.8359375	191612.4375	265285.78125	0.0388240957868091	0.02259	0.0264	1
OV_DON_002	1532304000	3150	122460.9609375	192991.0625	354321.625	0.0388240957868091	0.033885	0.2802	1
OV_DON_002	1534809600	3150	122460.9609375	192991.0625	354321.625	0.0388240957868091	0.033885	0.5679	1
OV_DON_002	1536019200	3150	122460.9609375	192991.0625	354321.625	0.0698833724162564	0.054216	0.4951	1
OV_DON_002	1539561600	3150	122460.9609375	192991.0625	354321.625	0.388240957868091	0.02259	0.2791	1
OV_DON_002	1543881600	3150	122460.9609375	192991.0625	354321.625	0.0388240957868091	0.02259	0.1912	1
OV_DON_002	1545091200	3150	122460.9609375	192991.0625	354321.625	0.0543537341015328	0.088101	0.1473	1
OV_DON_003	1532304000	3150	123753.9609375	190798.5625	6936.6767578125	0.0931778298883419	0.033885	0.0908	1
OV_DON_003	1534809600	3150	123753.9609375	190798.5625	6936.6767578125	0.0388240957868091	0.083583	0.1032	1
OV_DON_003	1536019200	3150	123753.9609375	190798.5625	6936.6767578125	0.0388240957868091	0.038403	0.1244	1
OV_DON_003	1539561600	3150	123753.9609375	190798.5625	6936.6767578125	0.0388240957868091	0.02259	0.1112	1
OV_DON_003	1543881600	3150	123753.9609375	190798.5625	6936.6767578125	0.0388240957868091	0.02259	0.1205	1
OV_DON_003	1545091200	3150	123753.9609375	190798.5625	6936.6767578125	0.0388240957868091	0.097137	0.1376	1
OV_FON_001	1497312000	3150	124956.859375	207415.796875	1378.02856445312	0.0388240957868091	0.038403	0.0335	1
OV_FON_001	1499040000	3150	124956.859375	207415.796875	1378.02856445312	0.0388240957868091	0.024849	0.0916	1
OV_FON_001	1501459200	3150	124956.859375	207415.796875	1378.02856445312	0.248474213035578	0.036144	0.1087	1
OV_FON_001	1504569600	3150	124956.859375	207415.796875	1378.02856445312	0.0388240957868091	0.040662	0.043	1
OV_FON_001	1508112000	3150	124956.859375	207415.796875	1378.02856445312	0.0388240957868091	0.031626	0.0333	1
OV_FON_001	1510012800	3150	124956.859375	207415.796875	1378.02856445312	0.0931778298883419	0.036144	0.02	1
OV_FON_001	1512432000	3150	124956.859375	207415.796875	1378.02856445312	0.0543537341015328	0.040662	0.0257	1
OV_FON_001	1515974400	3150	124956.859375	207415.796875	1378.02856445312	0.0388240957868091	0.031626	0.038	1
OV_FON_001	1517875200	3150	124956.859375	207415.796875	1378.02856445312	0.0388240957868091	0.088101	0.02	1
OV_FON_001	1519084800	3150	124956.859375	207415.796875	1378.02856445312	0.0388240957868091	0.027108	0.02	1
OV_FON_001	1522108800	3150	124956.859375	207415.796875	1378.02856445312	0.0388240957868091	0.04518	0.035	1
OV_FON_001	1526256000	3150	124956.859375	207415.796875	1378.02856445312	0.0388240957868091	0.027108	0.0608	1
OV_FON_002	1497312000	3140	124827.3203125	207065.578125	4196.55029296875	0.0388240957868091	0.027108	0.0345	1
OV_FON_002	1499040000	3140	124827.3203125	207065.578125	4196.55029296875	0.0465889149441709	0.031626	0.0375	1
OV_FON_002	1501459200	3140	124827.3203125	207065.578125	4196.55029296875	0.0388240957868091	0.031626	0.02	1
OV_FON_002	1504569600	3140	124827.3203125	207065.578125	4196.55029296875	0.0698833724162564	0.051957	0.02	1
OV_FON_002	1508112000	3140	124827.3203125	207065.578125	4196.55029296875	0.0388240957868091	0.033885	0.02	1
OV_FON_002	1510012800	3140	124827.3203125	207065.578125	4196.55029296875	0.163061202304598	0.101655	0.02	1
OV_FON_002	1512432000	3140	124827.3203125	207065.578125	4196.55029296875	0.232944574720855	0.094878	0.02	1
OV_FON_002	1515974400	3140	124827.3203125	207065.578125	4196.55029296875	0.279533489665026	0.070029	0.02	1
OV_FON_002	1517875200	3140	124827.3203125	207065.578125	4196.55029296875	0.0698833724162564	0.675441	0.02	1
OV_FON_002	1519084800	3140	124827.3203125	207065.578125	4196.55029296875	0.0465889149441709	0.092619	0.02	1
OV_FON_002	1522108800	3140	124827.3203125	207065.578125	4196.55029296875	0.0388240957868091	0.047439	0.02	1
OV_FON_002	1526256000	3140	124827.3203125	207065.578125	4196.55029296875	0.0388240957868091	0.047439	0.02	1
OV_HEI_001	1499040000	3150	120003.5625	189464.484375	1488.05639648438	0.0543537341015328	0.042921	0.403	1
OV_HEI_001	1501459200	3150	120003.5625	189464.484375	1488.05639648438	0.0931778298883419	0.033885	0.232	1
OV_HEI_001	1504569600	3150	120003.5625	189464.484375	1488.05639648438	0.0388240957868091	0.072288	0.1001	1
OV_HEI_001	1510012800	3150	120003.5625	189464.484375	1488.05639648438	0.0776481915736183	0.065511	0.067	1
OV_HEI_001	1512432000	3150	120003.5625	189464.484375	1488.05639648438	0.0388240957868091	0.031626	0.2644	1
OV_HEI_001	1515974400	3150	120003.5625	189464.484375	1488.05639648438	0.178590840619322	0.144576	0.417	1
OV_HEI_001	1517875200	3150	120003.5625	189464.484375	1488.05639648438	0.0388240957868091	0.06777	0.36	1
OV_HEI_001	1522108800	3150	120003.5625	189464.484375	1488.05639648438	0.0388240957868091	0.058734	0.687	1
OV_HEI_001	1526256000	3150	120003.5625	189464.484375	1488.05639648438	0.0388240957868091	0.076806	0.714	1
OV_KRA_001	1399248000	3130_aom	87786.796875	196490.609375	88338.6875	0.310592766294473	0.056475	NA	1
OV_KRA_001	1399248000	3130_na	87786.796875	196490.609375	88338.6875	0.310592766294473	0.056475	NA	1
OV_KRA_001	1411948800	3130_aom	87786.796875	196490.609375	88338.6875	0.0776481915736183	0.063252	NA	1
OV_KRA_001	1411948800	3130_na	87786.796875	196490.609375	88338.6875	0.0776481915736183	0.063252	NA	1
OV_KRA_001	1416268800	3130_aom	87786.796875	196490.609375	88338.6875	0.450359511126986	0.58734	NA	1
OV_KRA_001	1416268800	3130_na	87786.796875	196490.609375	88338.6875	0.450359511126986	0.58734	NA	1
OV_KRA_002	1433808000	3130_aom	87800.5546875	196521.296875	127802.75	0.916248660568695	0.092619	0.126	1
OV_KRA_002	1433808000	3130_na	87800.5546875	196521.296875	127802.75	0.916248660568695	0.092619	0.126	1
OV_KRA_002	1436140800	3130_aom	87800.5546875	196521.296875	127802.75	1.00942649045704	0.162648	0.3064	1
OV_KRA_002	1436140800	3130_na	87800.5546875	196521.296875	127802.75	1.00942649045704	0.162648	0.3064	1
OV_KRA_002	1438560000	3130_aom	87800.5546875	196521.296875	127802.75	0.0388240957868091	0.029367	0.62	1
OV_KRA_002	1438560000	3130_na	87800.5546875	196521.296875	127802.75	0.0388240957868091	0.029367	0.62	1
OV_KRA_002	1440979200	3130_aom	87800.5546875	196521.296875	127802.75	0.0698833724162564	0.942003	0.1182	1
OV_KRA_002	1440979200	3130_na	87800.5546875	196521.296875	127802.75	0.0698833724162564	0.942003	0.1182	1
OV_KRA_002	1444003200	3130_aom	87800.5546875	196521.296875	127802.75	1.85579177860948	0.115209	0.35	1
OV_KRA_002	1444003200	3130_na	87800.5546875	196521.296875	127802.75	1.85579177860948	0.115209	0.35	1
OV_KRA_002	1446508800	3130_aom	87800.5546875	196521.296875	127802.75	4.22406162160483	0.115209	0.32	1
OV_KRA_002	1446508800	3130_na	87800.5546875	196521.296875	127802.75	4.22406162160483	0.115209	0.32	1
OV_KRA_002	1448928000	3130_aom	87800.5546875	196521.296875	127802.75	5.22572329290451	0.386289	0.21	1
OV_KRA_002	1448928000	3130_na	87800.5546875	196521.296875	127802.75	5.22572329290451	0.386289	0.21	1
OV_KRA_002	1452470400	3130_aom	87800.5546875	196521.296875	127802.75	6.81751122016368	0.686736	0.1642	1
OV_KRA_002	1452470400	3130_na	87800.5546875	196521.296875	127802.75	6.81751122016368	0.686736	0.1642	1
OV_KRA_002	1454889600	3130_aom	87800.5546875	196521.296875	127802.75	4.73653968599071	1.292148	0.215	1
OV_KRA_002	1454889600	3130_na	87800.5546875	196521.296875	127802.75	4.73653968599071	1.292148	0.215	1
OV_KRA_002	1457308800	3130_aom	87800.5546875	196521.296875	127802.75	2.15861972574659	1.524825	0.1697	1
OV_KRA_002	1457308800	3130_na	87800.5546875	196521.296875	127802.75	2.15861972574659	1.524825	0.1697	1
OV_KRA_002	1460332800	3130_aom	87800.5546875	196521.296875	127802.75	0.0931778298883419	0.702549	0.13	1
OV_KRA_002	1460332800	3130_na	87800.5546875	196521.296875	127802.75	0.0931778298883419	0.702549	0.13	1
OV_KRA_002	1462752000	3130_aom	87800.5546875	196521.296875	127802.75	0.194120478934046	0.02259	0.0628	1
OV_KRA_002	1462752000	3130_na	87800.5546875	196521.296875	127802.75	0.194120478934046	0.02259	0.0628	1
OV_LIN_001	1497312000	3150	122454.9296875	205645.578125	1131.32897949219	0.0388240957868091	0.027108	0.2743	1
OV_LIN_001	1499040000	3150	122454.9296875	205645.578125	1131.32897949219	0.0388240957868091	0.02259	0.3817	1
OV_LIN_001	1501459200	3150	122454.9296875	205645.578125	1131.32897949219	1.00942649045704	0.031626	0.6205	1
OV_LIN_001	1508112000	3150	122454.9296875	205645.578125	1131.32897949219	1.2811951609647	0.040662	0.02	1
OV_LIN_001	1510012800	3150	122454.9296875	205645.578125	1131.32897949219	3.03604429052847	0.056475	0.02	1
OV_LIN_001	1512432000	3150	122454.9296875	205645.578125	1131.32897949219	1.14919323528955	3.966804	0.0971	1
OV_LIN_001	1515974400	3150	122454.9296875	205645.578125	1131.32897949219	1.47531563989875	0.164907	0.09	1
OV_LIN_001	1517875200	3150	122454.9296875	205645.578125	1131.32897949219	0.240709393878217	0.481167	0.076	1
OV_LIN_001	1519084800	3150	122454.9296875	205645.578125	1131.32897949219	0.271768670507664	0.246231	0.046	1
OV_LIN_001	1522108800	3150	122454.9296875	205645.578125	1131.32897949219	0.232944574720855	0.275598	0.058	1
OV_LIN_001	1526256000	3150	122454.9296875	205645.578125	1131.32897949219	0.0388240957868091	0.036144	0.0907	1
OV_LIO_001	1498521600	3140	138975.65625	215092.984375	563.887023925781	0.124237106517789	0.065511	0.126	1
OV_LIO_001	1501459200	3140	138975.65625	215092.984375	563.887023925781	0.17082602146196	0.085842	0.1401	1
OV_LIO_001	1503964800	3140	138975.65625	215092.984375	563.887023925781	0.0543537341015328	0.074547	0.422	1
OV_LIO_001	1504569600	3140	138975.65625	215092.984375	563.887023925781	0.0388240957868091	0.097137	0.0827	1
OV_LIO_001	1508112000	3140	138975.65625	215092.984375	563.887023925781	0.186355659776684	0.101655	0.1306	1
OV_LIO_001	1510012800	3140	138975.65625	215092.984375	563.887023925781	0.116472287360427	0.04518	0.02	1
OV_LIO_001	1512432000	3140	138975.65625	215092.984375	563.887023925781	0.124237106517789	0.042921	0.02	1
OV_LIO_001	1515974400	3140	138975.65625	215092.984375	563.887023925781	0.0388240957868091	0.058734	0.02	1
OV_LIO_001	1517875200	3140	138975.65625	215092.984375	563.887023925781	0.0388240957868091	0.027108	0.02	1
OV_LIO_001	1519084800	3140	138975.65625	215092.984375	563.887023925781	0.0388240957868091	0.038403	0.02	1
OV_LIO_001	1522108800	3140	138975.65625	215092.984375	563.887023925781	0.0388240957868091	0.065511	0.02	1
OV_LIO_001	1526256000	3140	138975.65625	215092.984375	563.887023925781	0.0388240957868091	0.029367	0.0216	1
OV_MOL_001	1399248000	3150	125664.7265625	199427.46875	239460.296875	1.66167129967543	0.264303	NA	1
OV_MOL_001	1403568000	3150	125664.7265625	199427.46875	239460.296875	0.667774447533117	0.103914	NA	1
OV_MOL_001	1406073600	3150	125664.7265625	199427.46875	239460.296875	0.0776481915736183	0.033885	NA	1
OV_MOL_001	1408924800	3150	125664.7265625	199427.46875	239460.296875	2.3993291196248	0.054216	NA	1
OV_MOL_001	1411948800	3150	125664.7265625	199427.46875	239460.296875	0.396005777025453	0.092619	NA	1
OV_MOL_001	1416182400	3150	125664.7265625	199427.46875	239460.296875	1.42096190579721	0.081324	NA	1
OV_MOL_002	1434326400	3150	125650.84375	199335.875	828.397521972656	0.0465889149441709	0.04518	0.106	1
OV_MOL_002	1436745600	3150	125650.84375	199335.875	828.397521972656	0.0931778298883419	0.027108	0.224	1
OV_MOL_002	1439164800	3150	125650.84375	199335.875	828.397521972656	0.0388240957868091	0.027108	0.2347	1
OV_MOL_002	1441584000	3150	125650.84375	199335.875	828.397521972656	0.0388240957868091	0.031626	0.0571	1
OV_MOL_002	1444608000	3150	125650.84375	199335.875	828.397521972656	0.0232944574720855	0.02259	0.06	1
OV_MOL_002	1447027200	3150	125650.84375	199335.875	828.397521972656	0.0388240957868091	0.02259	0.1085	1
OV_MOL_002	1449446400	3150	125650.84375	199335.875	828.397521972656	0.0698833724162564	0.06777	0.161	1
OV_MOL_002	1452470400	3150	125650.84375	199335.875	828.397521972656	0.0388240957868091	0.124245	0.29	1
OV_MOL_002	1454889600	3150	125650.84375	199335.875	828.397521972656	0.132001925675151	0.230418	0.3767	1
OV_MOL_002	1457308800	3150	125650.84375	199335.875	828.397521972656	0.147531563989875	0.133281	0.1548	1
OV_MOL_002	1460419200	3150	125650.84375	199335.875	828.397521972656	0.0388240957868091	0.065511	0.1506	1
OV_MOL_002	1462838400	3150	125650.84375	199335.875	828.397521972656	0.155296383147237	0.085842	0.136	1
OV_STB_001	1465257600	3130_aom	129192.0546875	214922.34375	257.182647705078	0.201885298091407	0.70029	0.0517	1
OV_STB_001	1465257600	3140	129192.0546875	214922.34375	257.182647705078	0.201885298091407	0.70029	0.0517	1
OV_STB_001	1467072000	3130_aom	129192.0546875	214922.34375	257.182647705078	0.124237106517789	0.02259	0.0533	1
OV_STB_001	1467072000	3140	129192.0546875	214922.34375	257.182647705078	0.124237106517789	0.02259	0.0533	1
OV_STB_001	1470614400	3130_aom	129192.0546875	214922.34375	257.182647705078	0.372711319553368	0.02259	0.0593	1
OV_STB_001	1470614400	3140	129192.0546875	214922.34375	257.182647705078	0.372711319553368	0.02259	0.0593	1
OV_STB_001	1473638400	3130_aom	129192.0546875	214922.34375	257.182647705078	2.73321634339136	0.065511	0.0536	1
OV_STB_001	1473638400	3140	129192.0546875	214922.34375	257.182647705078	2.73321634339136	0.065511	0.0536	1
OV_STB_001	1475452800	3130_aom	129192.0546875	214922.34375	257.182647705078	1.55296383147237	0.024849	0.2138	1
OV_STB_001	1475452800	3140	129192.0546875	214922.34375	257.182647705078	1.55296383147237	0.024849	0.2138	1
OV_STB_001	1478476800	3130_aom	129192.0546875	214922.34375	257.182647705078	0.163061202304598	0.02259	0.7273	1
OV_STB_001	1478476800	3140	129192.0546875	214922.34375	257.182647705078	0.163061202304598	0.02259	0.7273	1
OV_STB_001	1480291200	3130_aom	129192.0546875	214922.34375	257.182647705078	0.0931778298883419	0.088101	0.0496	1
OV_STB_001	1480291200	3140	129192.0546875	214922.34375	257.182647705078	0.0931778298883419	0.088101	0.0496	1
OV_STB_001	1483315200	3130_aom	129192.0546875	214922.34375	257.182647705078	0.349416862081282	0.06777	0.0454	1
OV_STB_001	1483315200	3140	129192.0546875	214922.34375	257.182647705078	0.349416862081282	0.06777	0.0454	1
OV_STB_001	1485820800	3130_aom	129192.0546875	214922.34375	257.182647705078	0.240709393878217	0.076806	0.02	1
OV_STB_001	1485820800	3140	129192.0546875	214922.34375	257.182647705078	0.240709393878217	0.076806	0.02	1
OV_STB_001	1488240000	3130_aom	129192.0546875	214922.34375	257.182647705078	0.264003851350302	0.097137	0.0334	1
OV_STB_001	1488240000	3140	129192.0546875	214922.34375	257.182647705078	0.264003851350302	0.097137	0.0334	1
OV_STB_001	1492560000	3130_aom	129192.0546875	214922.34375	257.182647705078	0.147531563989875	0.042921	0.042	1
OV_STB_001	1492560000	3140	129192.0546875	214922.34375	257.182647705078	0.147531563989875	0.042921	0.042	1
OV_STB_001	1494288000	3130_aom	129192.0546875	214922.34375	257.182647705078	0.0621185532588946	0.060993	0.047	1
OV_STB_001	1494288000	3140	129192.0546875	214922.34375	257.182647705078	0.0621185532588946	0.060993	0.047	1
OV_STB_002	1497312000	3130_aom	129128.3515625	214835.703125	1194.80358886719	0.0388240957868091	0.036144	0.02	1
OV_STB_002	1497312000	3140	129128.3515625	214835.703125	1194.80358886719	0.0388240957868091	0.036144	0.02	1
OV_STB_002	1499040000	3130_aom	129128.3515625	214835.703125	1194.80358886719	0.0388240957868091	0.038403	0.02	1
OV_STB_002	1499040000	3140	129128.3515625	214835.703125	1194.80358886719	0.0388240957868091	0.038403	0.02	1
OV_STB_002	1501459200	3130_aom	129128.3515625	214835.703125	1194.80358886719	0.0543537341015328	0.031626	0.02	1
OV_STB_002	1501459200	3140	129128.3515625	214835.703125	1194.80358886719	0.0543537341015328	0.031626	0.02	1
OV_STB_002	1504569600	3130_aom	129128.3515625	214835.703125	1194.80358886719	0.132001925675151	0.02259	0.0214	1
OV_STB_002	1504569600	3140	129128.3515625	214835.703125	1194.80358886719	0.132001925675151	0.02259	0.0214	1
OV_STB_002	1508112000	3130_aom	129128.3515625	214835.703125	1194.80358886719	0.0388240957868091	0.029367	0.02	1
OV_STB_002	1508112000	3140	129128.3515625	214835.703125	1194.80358886719	0.0388240957868091	0.029367	0.02	1
OV_STB_002	1510012800	3130_aom	129128.3515625	214835.703125	1194.80358886719	0.0388240957868091	0.031626	0.02	1
OV_STB_002	1510012800	3140	129128.3515625	214835.703125	1194.80358886719	0.0388240957868091	0.031626	0.02	1
OV_STB_002	1512432000	3130_aom	129128.3515625	214835.703125	1194.80358886719	0.0543537341015328	0.04518	0.02	1
OV_STB_002	1512432000	3140	129128.3515625	214835.703125	1194.80358886719	0.0543537341015328	0.04518	0.02	1
OV_STB_002	1515974400	3130_aom	129128.3515625	214835.703125	1194.80358886719	0.0698833724162564	0.083583	0.02	1
OV_STB_002	1515974400	3140	129128.3515625	214835.703125	1194.80358886719	0.0698833724162564	0.083583	0.02	1
OV_STB_002	1517875200	3130_aom	129128.3515625	214835.703125	1194.80358886719	0.0388240957868091	0.081324	0.02	1
OV_STB_002	1517875200	3140	129128.3515625	214835.703125	1194.80358886719	0.0388240957868091	0.081324	0.02	1
OV_STB_002	1519084800	3130_aom	129128.3515625	214835.703125	1194.80358886719	0.0388240957868091	0.027108	0.02	1
OV_STB_002	1519084800	3140	129128.3515625	214835.703125	1194.80358886719	0.0388240957868091	0.027108	0.02	1
OV_STB_002	1522108800	3130_aom	129128.3515625	214835.703125	1194.80358886719	0.0388240957868091	0.072288	0.024	1
OV_STB_002	1522108800	3140	129128.3515625	214835.703125	1194.80358886719	0.0388240957868091	0.072288	0.024	1
OV_STB_002	1526256000	3130_aom	129128.3515625	214835.703125	1194.80358886719	0.0388240957868091	0.063252	0.0279	1
OV_STB_002	1526256000	3140	129128.3515625	214835.703125	1194.80358886719	0.0388240957868091	0.063252	0.0279	1
OV_TUM_001	1465257600	3150	119142.296875	205926.03125	7782.66357421875	0.0543537341015328	0.232677	0.0825	1
OV_TUM_001	1467072000	3150	119142.296875	205926.03125	7782.66357421875	0.0388240957868091	0.02259	0.1143	1
OV_TUM_001	1470614400	3150	119142.296875	205926.03125	7782.66357421875	0.186355659776684	0.024849	0.2168	1
OV_TUM_001	1473638400	3150	119142.296875	205926.03125	7782.66357421875	0.116472287360427	0.027108	0.6971	1
OV_TUM_001	1476057600	3150	119142.296875	205926.03125	7782.66357421875	3.6417001848027	0.02259	0.6411	1
OV_TUM_001	1478476800	3150	119142.296875	205926.03125	7782.66357421875	0.163061202304598	0.02259	0.3985	1
OV_TUM_001	1480377600	3150	119142.296875	205926.03125	7782.66357421875	0.0465889149441709	0.352404	0.1011	1
OV_TUM_001	1483315200	3150	119142.296875	205926.03125	7782.66357421875	0.0388240957868091	0.058734	0.1051	1
OV_TUM_001	1485820800	3150	119142.296875	205926.03125	7782.66357421875	0.0388240957868091	0.029367	0.1444	1
OV_TUM_001	1488240000	3150	119142.296875	205926.03125	7782.66357421875	0.0465889149441709	0.070029	0.086	1
OV_TUM_001	1492560000	3150	119142.296875	205926.03125	7782.66357421875	0.0388240957868091	0.027108	0.28	1
OV_TUM_001	1494288000	3150	119142.296875	205926.03125	7782.66357421875	0.0698833724162564	0.040662	0.372	1
OV_VOS_001	1433808000	3150	92676.1640625	187733.953125	161199.265625	0.0388240957868091	0.02259	0.344	1
OV_VOS_001	1436140800	3150	92676.1640625	187733.953125	161199.265625	0.0388240957868091	0.02259	0.4708	1
OV_VOS_001	1438560000	3150	92676.1640625	187733.953125	161199.265625	0.0388240957868091	0.02259	0.25	1
OV_VOS_001	1440979200	3150	92676.1640625	187733.953125	161199.265625	0.0388240957868091	0.027108	0.1039	1
OV_VOS_001	1444003200	3150	92676.1640625	187733.953125	161199.265625	0.0388240957868091	0.029367	0.1	1
OV_VOS_001	1446508800	3150	92676.1640625	187733.953125	161199.265625	0.139766744832513	0.079065	0.12	1
OV_VOS_001	1448928000	3150	92676.1640625	187733.953125	161199.265625	0.209650117248769	0.537642	0.18	1
VB_ABH_009	1529280000	3130_aom	193264.515625	191265.75	3457.37231445312	0.0543537341015328	0.06777	0.0849	1
VB_ABH_009	1532995200	3130_aom	193264.515625	191265.75	3457.37231445312	0.0388240957868091	0.033885	0.1066	1
VB_ABH_009	1535328000	3130_aom	193264.515625	191265.75	3457.37231445312	0.0388240957868091	0.038403	0.2462	1
VB_ABH_009	1537747200	3130_aom	193264.515625	191265.75	3457.37231445312	2.33721056636591	0.070029	0.4837	1
VB_ABH_009	1544486400	3130_aom	193264.515625	191265.75	3457.37231445312	1.71602503377696	0.042921	0.0858	1
VB_ASD_001	1399248000	3130_aom	197135.96875	189862.265625	13612.11328125	0.0776481915736183	0.024849	NA	1
VB_ASD_001	1402358400	3130_aom	197135.96875	189862.265625	13612.11328125	0.0854130107309801	0.049698	NA	1
VB_ASD_001	1404777600	3130_aom	197135.96875	189862.265625	13612.11328125	0.0776481915736183	0.033885	NA	1
VB_ASD_001	1407801600	3130_aom	197135.96875	189862.265625	13612.11328125	0.0776481915736183	0.033885	NA	1
VB_ASD_001	1410825600	3130_aom	197135.96875	189862.265625	13612.11328125	0.0776481915736183	0.029367	NA	1
VB_ASD_001	1414368000	3130_aom	197135.96875	189862.265625	13612.11328125	0.0776481915736183	0.031626	NA	1
VB_KBL_001	1497830400	3150	177105.5625	180428.484375	166.559661865234	0.0543537341015328	0.047439	0.223	1
VB_KBL_001	1499040000	3150	177105.5625	180428.484375	166.559661865234	0.0388240957868091	0.029367	0.0935	1
VB_KBL_001	1503360000	3150	177105.5625	180428.484375	166.559661865234	0.0388240957868091	0.024849	0.083	1
VB_KBL_001	1506297600	3150	177105.5625	180428.484375	166.559661865234	0.0388240957868091	0.070029	0.04	1
VB_KBL_001	1508198400	3150	177105.5625	180428.484375	166.559661865234	0.0465889149441709	0.056475	0.0578	1
VB_KBL_001	1511740800	3150	177105.5625	180428.484375	166.559661865234	0.0388240957868091	0.074547	0.223	1
VB_KBL_001	1513036800	3150	177105.5625	180428.484375	166.559661865234	0.116472287360427	0.142317	0.1863	1
VB_KBL_001	1515369600	3150	177105.5625	180428.484375	166.559661865234	0.108707468203066	0.058734	0.2373	1
VB_KBL_001	1517788800	3150	177105.5625	180428.484375	166.559661865234	0.0543537341015328	0.079065	0.148	1
VB_KBL_001	1521417600	3150	177105.5625	180428.484375	166.559661865234	0.0465889149441709	0.070029	0.27	1
VB_KBL_001	1523836800	3150	177105.5625	180428.484375	166.559661865234	0.0388240957868091	0.058734	0.1532	1
VB_KBL_001	1527552000	3150	177105.5625	180428.484375	166.559661865234	0.0388240957868091	0.02259	0.1147	1
VB_KBL_002	1497830400	3130_aom	176976.15625	180280.984375	238.430313110352	0.116472287360427	0.085842	0.266	1
VB_KBL_002	1499040000	3130_aom	176976.15625	180280.984375	238.430313110352	1.65390648051807	0.072288	0.499	1
VB_KBL_002	1503360000	3130_aom	176976.15625	180280.984375	238.430313110352	2.51580140698523	0.221382	0.676	1
VB_KBL_002	1506297600	3130_aom	176976.15625	180280.984375	238.430313110352	0.209650117248769	0.160389	0.273	1
VB_KBL_002	1508198400	3130_aom	176976.15625	180280.984375	238.430313110352	0.124237106517789	0.185238	0.3862	1
VB_KBL_002	1511740800	3130_aom	176976.15625	180280.984375	238.430313110352	0.0543537341015328	0.099396	0.315	1
VB_KBL_002	1513036800	3130_aom	176976.15625	180280.984375	238.430313110352	0.100942649045704	0.359181	0.3727	1
VB_KBL_002	1515369600	3130_aom	176976.15625	180280.984375	238.430313110352	0.0465889149441709	0.088101	0.3292	1
VB_KBL_002	1517788800	3130_aom	176976.15625	180280.984375	238.430313110352	0.0465889149441709	0.088101	0.242	1
VB_KBL_002	1521417600	3130_aom	176976.15625	180280.984375	238.430313110352	0.0465889149441709	0.108432	0.139	1
VB_KBL_002	1523836800	3130_aom	176976.15625	180280.984375	238.430313110352	0.0465889149441709	0.092619	0.1895	1
VB_KBL_002	1527552000	3130_aom	176976.15625	180280.984375	238.430313110352	0.0388240957868091	0.02259	0.3403	1
VB_KOR_001	1497830400	3150	162843.9375	174953.875	6621.36083984375	0.0776481915736183	0.042921	0.047	1
VB_KOR_001	1499040000	3150	162843.9375	174953.875	6621.36083984375	0.108707468203066	0.029367	0.0265	1
VB_KOR_001	1503360000	3150	162843.9375	174953.875	6621.36083984375	0.0388240957868091	0.027108	0.02	1
VB_KOR_001	1506297600	3150	162843.9375	174953.875	6621.36083984375	0.0465889149441709	0.110691	0.022	1
VB_KOR_001	1508198400	3150	162843.9375	174953.875	6621.36083984375	0.132001925675151	0.04518	0.0496	1
VB_KOR_001	1511740800	3150	162843.9375	174953.875	6621.36083984375	0.0388240957868091	0.033885	0.101	1
VB_KOR_001	1513036800	3150	162843.9375	174953.875	6621.36083984375	0.178590840619322	0.18072	0.0995	1
VB_KOR_001	1515369600	3150	162843.9375	174953.875	6621.36083984375	0.194120478934046	0.630261	0.0244	1
VB_KOR_001	1517788800	3150	162843.9375	174953.875	6621.36083984375	0.0388240957868091	0.02259	0.02	1
VB_KOR_001	1521417600	3150	162843.9375	174953.875	6621.36083984375	0.0388240957868091	0.094878	0.039	1
VB_KOR_001	1523836800	3150	162843.9375	174953.875	6621.36083984375	0.0388240957868091	0.065511	0.0279	1
VB_KOR_001	1527552000	3150	162843.9375	174953.875	6621.36083984375	0.194120478934046	0.051957	0.0478	1
VB_TOR_001	1431907200	3140	162817.96875	179933.484375	13490.5263671875	0.147531563989875	0.512793	0.0357	1
VB_TOR_001	1433203200	3140	162817.96875	179933.484375	13490.5263671875	0.0854130107309801	0.408879	0.03	1
VB_TOR_001	1435622400	3140	162817.96875	179933.484375	13490.5263671875	0.163061202304598	0.137799	0.02	1
VB_TOR_001	1438041600	3140	162817.96875	179933.484375	13490.5263671875	0.0543537341015328	0.216864	0.025	1
VB_TOR_001	1440460800	3140	162817.96875	179933.484375	13490.5263671875	0.0621185532588946	0.092619	0.0268	1
VB_TOR_001	1442880000	3140	162817.96875	179933.484375	13490.5263671875	0.0931778298883419	0.402102	0.0223	1
VB_TOR_001	1445904000	3140	162817.96875	179933.484375	13490.5263671875	0.248474213035578	0.840348	0.02	1
VB_TOR_001	1448323200	3140	162817.96875	179933.484375	13490.5263671875	0.186355659776684	0.815499	0.02	1
VB_TOR_001	1451865600	3140	162817.96875	179933.484375	13490.5263671875	0.0931778298883419	1.922409	0.02	1
VB_TOR_001	1454371200	3140	162817.96875	179933.484375	13490.5263671875	0.0776481915736183	2.68821	0.02	1
VB_TOR_001	1456704000	3140	162817.96875	179933.484375	13490.5263671875	0.0776481915736183	3.223593	0.02	1
VB_TOR_001	1459728000	3140	162817.96875	179933.484375	13490.5263671875	0.0465889149441709	1.606149	0.0241	1
VB_TOR_001	1462147200	3140	162817.96875	179933.484375	13490.5263671875	0.0776481915736183	1.662624	0.02	1
VB_TOR_003	1465776000	3140	162258.96875	179646.171875	42951.75390625	0.0621185532588946	0.216864	0.0334	1
VB_TOR_003	1467072000	3140	162258.96875	179646.171875	42951.75390625	0.0388240957868091	0.033885	0.02	1
VB_TOR_003	1470614400	3140	162258.96875	179646.171875	42951.75390625	0.0931778298883419	0.04518	0.02	1
VB_TOR_003	1473638400	3140	162258.96875	179646.171875	42951.75390625	0.0621185532588946	0.029367	0.02	1
VB_TOR_003	1476057600	3140	162258.96875	179646.171875	42951.75390625	0.186355659776684	0.076806	0.02	1
VB_TOR_003	1478476800	3140	162258.96875	179646.171875	42951.75390625	0.139766744832513	0.221382	0.02	1
VB_TOR_003	1480291200	3140	162258.96875	179646.171875	42951.75390625	0.209650117248769	0.323037	0.02	1
VB_TOR_003	1483315200	3140	162258.96875	179646.171875	42951.75390625	0.372711319553368	0.192015	0.02	1
VB_TOR_003	1485820800	3140	162258.96875	179646.171875	42951.75390625	0.240709393878217	0.266562	0.02	1
VB_TOR_003	1488240000	3140	162258.96875	179646.171875	42951.75390625	0.0776481915736183	0.24849	0.02	1
VB_TOR_003	1492560000	3140	162258.96875	179646.171875	42951.75390625	0.0543537341015328	0.124245	0.02	1
VB_TOR_003	1494288000	3140	162258.96875	179646.171875	42951.75390625	0.0698833724162564	0.187497	0.02	1
VB_VDB_001	1498521600	3150	202022.328125	191033.171875	588.085815429688	0.0931778298883419	0.133281	0.363	1
VB_VDB_001	1500940800	3150	202022.328125	191033.171875	588.085815429688	0.0388240957868091	0.212346	0.556	1
VB_VDB_001	1503273600	3150	202022.328125	191033.171875	588.085815429688	0.139766744832513	0.201051	0.132	1
VB_VDB_001	1506297600	3150	202022.328125	191033.171875	588.085815429688	0.124237106517789	0.20331	0.067	1
VB_VDB_001	1508716800	3150	202022.328125	191033.171875	588.085815429688	0.186355659776684	0.234936	0.2205	1
VB_VDB_001	1511136000	3150	202022.328125	191033.171875	588.085815429688	0.100942649045704	0.121986	0.1433	1
VB_VDB_001	1513641600	3150	202022.328125	191033.171875	588.085815429688	0.0388240957868091	0.070029	0.2507	1
VB_VDB_001	1516579200	3150	202022.328125	191033.171875	588.085815429688	0.0388240957868091	0.047439	0.05	1
VB_VDB_001	1518998400	3150	202022.328125	191033.171875	588.085815429688	0.0388240957868091	0.065511	0.0339	1
VB_VDB_001	1520812800	3150	202022.328125	191033.171875	588.085815429688	0.0388240957868091	0.056475	0.051	1
VB_VDB_001	1522800000	3150	202022.328125	191033.171875	588.085815429688	0.0388240957868091	0.036144	0.024	1
VB_VDB_001	1527552000	3150	202022.328125	191033.171875	588.085815429688	0.0388240957868091	0.11295	0.1367	1
VB_VDB_002	1498521600	3150	202488.1875	192297.75	1428.21118164062	0.0388240957868091	0.054216	0.038	1
VB_VDB_002	1500940800	3150	202488.1875	192297.75	1428.21118164062	0.0543537341015328	0.038403	0.04	1
VB_VDB_002	1503273600	3150	202488.1875	192297.75	1428.21118164062	0.0388240957868091	0.02259	0.02	1
VB_VDB_002	1506297600	3150	202488.1875	192297.75	1428.21118164062	0.0388240957868091	0.040662	0.02	1
VB_VDB_002	1508716800	3150	202488.1875	192297.75	1428.21118164062	0.0388240957868091	0.04518	0.02	1
VB_VDB_002	1511136000	3150	202488.1875	192297.75	1428.21118164062	0.0388240957868091	0.027108	0.02	1
VB_VDB_002	1513641600	3150	202488.1875	192297.75	1428.21118164062	0.0388240957868091	0.119727	0.1182	1
VB_VDB_002	1516579200	3150	202488.1875	192297.75	1428.21118164062	0.0388240957868091	0.033885	0.02	1
VB_VDB_002	1518998400	3150	202488.1875	192297.75	1428.21118164062	0.0388240957868091	0.038403	0.02	1
VB_VDB_002	1520812800	3150	202488.1875	192297.75	1428.21118164062	0.0388240957868091	0.047439	0.037	1
VB_VDB_002	1522800000	3150	202488.1875	192297.75	1428.21118164062	0.0388240957868091	0.02259	0.021	1
VB_VDB_002	1527552000	3150	202488.1875	192297.75	1428.21118164062	0.0388240957868091	0.029367	0.041	1
VB_VIE_001	1399248000	3130_aom	192672.375	189782.375	500.169952392578	0.0776481915736183	0.031626	NA	1
VB_VIE_001	1402358400	3130_aom	192672.375	189782.375	500.169952392578	0.0776481915736183	0.054216	NA	1
VB_VIE_001	1404777600	3130_aom	192672.375	189782.375	500.169952392578	0.0776481915736183	0.02259	NA	1
VB_VIE_001	1407801600	3130_aom	192672.375	189782.375	500.169952392578	0.0776481915736183	0.02259	NA	1
VB_VIE_001	1410825600	3130_aom	192672.375	189782.375	500.169952392578	0.0776481915736183	0.02259	NA	1
VB_VIE_001	1414368000	3130_aom	192672.375	189782.375	500.169952392578	0.0776481915736183	0.02259	NA	1
VB_VIE_002	1399248000	3150	192662.1875	189575.9375	648.220764160156	0.0776481915736183	0.027108	NA	1
VB_VIE_002	1402358400	3150	192662.1875	189575.9375	648.220764160156	0.0776481915736183	0.02259	NA	1
VB_VIE_002	1404777600	3150	192662.1875	189575.9375	648.220764160156	0.0776481915736183	0.02259	NA	1
VB_VIE_002	1407801600	3150	192662.1875	189575.9375	648.220764160156	0.0776481915736183	0.02259	NA	1
VB_VIE_002	1410825600	3150	192662.1875	189575.9375	648.220764160156	0.0776481915736183	0.027108	NA	1
VB_VIE_002	1414368000	3150	192662.1875	189575.9375	648.220764160156	0.0776481915736183	0.027108	NA	1
VB_VIE_003	1399248000	3150	192564.796875	189888.953125	693.308471679688	0.0776481915736183	0.02259	NA	1
VB_VIE_003	1402358400	3150	192564.796875	189888.953125	693.308471679688	0.0776481915736183	0.029367	NA	1
VB_VIE_003	1404777600	3150	192564.796875	189888.953125	693.308471679688	0.0776481915736183	0.031626	NA	1
VB_VIE_003	1407801600	3150	192564.796875	189888.953125	693.308471679688	0.0776481915736183	0.02259	NA	1
VB_VIE_003	1410825600	3150	192564.796875	189888.953125	693.308471679688	0.0776481915736183	0.033885	NA	1
VB_VIE_003	1414368000	3150	192564.796875	189888.953125	693.308471679688	0.0776481915736183	0.040662	NA	1
VB_VIE_004	1431907200	3130_aom	192711.15625	189772.296875	664.403686523438	0.0388240957868091	0.033885	0.0591	1
VB_VIE_004	1431907200	3150	192711.15625	189772.296875	664.403686523438	0.0388240957868091	0.033885	0.0591	1
VB_VIE_004	1433203200	3130_aom	192711.15625	189772.296875	664.403686523438	0.0388240957868091	0.029367	0.0712	1
VB_VIE_004	1433203200	3150	192711.15625	189772.296875	664.403686523438	0.0388240957868091	0.029367	0.0712	1
VB_VIE_004	1435622400	3130_aom	192711.15625	189772.296875	664.403686523438	0.0388240957868091	0.040662	0.0509	1
VB_VIE_004	1435622400	3150	192711.15625	189772.296875	664.403686523438	0.0388240957868091	0.040662	0.0509	1
VB_VIE_004	1438041600	3130_aom	192711.15625	189772.296875	664.403686523438	0.0388240957868091	0.02259	0.09	1
VB_VIE_004	1438041600	3150	192711.15625	189772.296875	664.403686523438	0.0388240957868091	0.02259	0.09	1
VB_VIE_004	1440460800	3130_aom	192711.15625	189772.296875	664.403686523438	0.0388240957868091	0.029367	0.0692	1
VB_VIE_004	1440460800	3150	192711.15625	189772.296875	664.403686523438	0.0388240957868091	0.029367	0.0692	1
VB_VIE_004	1442880000	3130_aom	192711.15625	189772.296875	664.403686523438	0.0388240957868091	0.027108	0.0397	1
VB_VIE_004	1442880000	3150	192711.15625	189772.296875	664.403686523438	0.0388240957868091	0.027108	0.0397	1
VB_VIE_004	1445904000	3130_aom	192711.15625	189772.296875	664.403686523438	0.0388240957868091	0.033885	0.04	1
VB_VIE_004	1445904000	3150	192711.15625	189772.296875	664.403686523438	0.0388240957868091	0.033885	0.04	1
VB_VIE_004	1448323200	3130_aom	192711.15625	189772.296875	664.403686523438	0.0388240957868091	0.038403	0.032	1
VB_VIE_004	1448323200	3150	192711.15625	189772.296875	664.403686523438	0.0388240957868091	0.038403	0.032	1
VB_VIE_004	1451865600	3130_aom	192711.15625	189772.296875	664.403686523438	0.0388240957868091	0.02259	0.0363	1
VB_VIE_004	1451865600	3150	192711.15625	189772.296875	664.403686523438	0.0388240957868091	0.02259	0.0363	1
VB_VIE_004	1454371200	3130_aom	192711.15625	189772.296875	664.403686523438	0.0388240957868091	0.051957	0.0414	1
VB_VIE_004	1454371200	3150	192711.15625	189772.296875	664.403686523438	0.0388240957868091	0.051957	0.0414	1
VB_VIE_004	1456704000	3130_aom	192711.15625	189772.296875	664.403686523438	0.0388240957868091	0.02259	0.0668	1
VB_VIE_004	1456704000	3150	192711.15625	189772.296875	664.403686523438	0.0388240957868091	0.02259	0.0668	1
VB_VIE_004	1459728000	3130_aom	192711.15625	189772.296875	664.403686523438	0.0388240957868091	0.085842	0.0517	1
VB_VIE_004	1459728000	3150	192711.15625	189772.296875	664.403686523438	0.0388240957868091	0.085842	0.0517	1
VB_VIE_004	1462147200	3130_aom	192711.15625	189772.296875	664.403686523438	0.0698833724162564	0.031626	0.062	1
VB_VIE_004	1462147200	3150	192711.15625	189772.296875	664.403686523438	0.0698833724162564	0.031626	0.062	1
VB_VIE_005	1431907200	3150	192703.109375	189693.640625	851.248718261719	0.0388240957868091	0.029367	0.0689	1
VB_VIE_005	1433203200	3150	192703.109375	189693.640625	851.248718261719	0.0388240957868091	0.029367	0.0656	1
VB_VIE_005	1435622400	3150	192703.109375	189693.640625	851.248718261719	0.0543537341015328	0.047439	0.0296	1
VB_VIE_005	1438041600	3150	192703.109375	189693.640625	851.248718261719	0.0388240957868091	0.02259	0.053	1
VB_VIE_005	1440460800	3150	192703.109375	189693.640625	851.248718261719	0.0388240957868091	0.038403	0.0631	1
VB_VIE_005	1442880000	3150	192703.109375	189693.640625	851.248718261719	0.0388240957868091	0.042921	0.044	1
VB_VIE_005	1445904000	3150	192703.109375	189693.640625	851.248718261719	0.0388240957868091	0.02259	0.04	1
VB_VIE_005	1448323200	3150	192703.109375	189693.640625	851.248718261719	0.0388240957868091	0.02259	0.033	1
VB_VIE_005	1451865600	3150	192703.109375	189693.640625	851.248718261719	0.0388240957868091	0.027108	0.0339	1
VB_VIE_005	1454371200	3150	192703.109375	189693.640625	851.248718261719	0.0388240957868091	0.04518	0.0315	1
VB_VIE_005	1456704000	3150	192703.109375	189693.640625	851.248718261719	0.0388240957868091	0.049698	0.0417	1
VB_VIE_005	1459728000	3150	192703.109375	189693.640625	851.248718261719	0.0388240957868091	0.036144	0.0428	1
VB_VIE_005	1462147200	3150	192703.109375	189693.640625	851.248718261719	0.0388240957868091	0.060993	0.0458	1
VB_VIE_006	1431907200	3150	192670.484375	189628.859375	916.399841308594	0.0388240957868091	0.02259	0.0445	1
VB_VIE_006	1433203200	3150	192670.484375	189628.859375	916.399841308594	0.0388240957868091	0.04518	0.057	1
VB_VIE_006	1435622400	3150	192670.484375	189628.859375	916.399841308594	0.0388240957868091	0.024849	0.0322	1
VB_VIE_006	1438041600	3150	192670.484375	189628.859375	916.399841308594	0.0388240957868091	0.02259	0.042	1
VB_VIE_006	1440460800	3150	192670.484375	189628.859375	916.399841308594	0.0388240957868091	0.02259	0.0331	1
VB_VIE_006	1442880000	3150	192670.484375	189628.859375	916.399841308594	0.0388240957868091	0.042921	0.043	1
VB_VIE_006	1445904000	3150	192670.484375	189628.859375	916.399841308594	0.0388240957868091	0.02259	0.04	1
VB_VIE_006	1448323200	3150	192670.484375	189628.859375	916.399841308594	0.264003851350302	0.031626	0.036	1
VB_VIE_006	1451865600	3150	192670.484375	189628.859375	916.399841308594	0.0388240957868091	0.024849	0.0664	1
VB_VIE_006	1454371200	3150	192670.484375	189628.859375	916.399841308594	0.0388240957868091	0.04518	0.1092	1
VB_VIE_006	1456704000	3150	192670.484375	189628.859375	916.399841308594	0.0388240957868091	0.02259	0.0876	1
VB_VIE_006	1459728000	3150	192670.484375	189628.859375	916.399841308594	0.0388240957868091	0.060993	0.0573	1
VB_VIE_006	1462147200	3150	192670.484375	189628.859375	916.399841308594	0.0388240957868091	0.02259	0.0636	1
VB_VIE_007	1465776000	3150	192674.515625	189663.46875	871.330627441406	0.0388240957868091	0.128763	0.1868	1
VB_VIE_007	1467590400	3150	192674.515625	189663.46875	871.330627441406	0.46588914944171	0.02259	0.4344	1
VB_VIE_007	1471305600	3150	192674.515625	189663.46875	871.330627441406	0.0388240957868091	0.02259	0.1715	1
VB_VIE_007	1474243200	3150	192674.515625	189663.46875	871.330627441406	0.0388240957868091	0.02259	0.0963	1
VB_VIE_007	1476662400	3150	192674.515625	189663.46875	871.330627441406	0.0388240957868091	0.02259	0.0383	1
VB_VIE_007	1478476800	3150	192674.515625	189663.46875	871.330627441406	0.0388240957868091	0.02259	0.0738	1
VB_VIE_007	1480291200	3150	192674.515625	189663.46875	871.330627441406	0.248474213035578	0.038403	0.0889	1
VB_VIE_007	1483920000	3150	192674.515625	189663.46875	871.330627441406	0.186355659776684	0.056475	0.1198	1
VB_VIE_007	1486339200	3150	192674.515625	189663.46875	871.330627441406	0.0388240957868091	0.04518	0.0689	1
VB_VIE_007	1488153600	3150	192674.515625	189663.46875	871.330627441406	0.0698833724162564	0.042921	0.0657	1
VB_VIE_007	1491177600	3150	192674.515625	189663.46875	871.330627441406	0.0388240957868091	0.056475	0.02	1
VB_VIE_007	1494288000	3150	192674.515625	189663.46875	871.330627441406	0.0465889149441709	0.164907	0.041	1
VB_VIE_008	1465776000	3150	192565.59375	189816.9375	1043.10717773438	0.201885298091407	0.106173	0.3375	1
VB_VIE_008	1467590400	3150	192565.59375	189816.9375	1043.10717773438	0.559066979330051	0.02259	0.7225	1
VB_VIE_008	1471305600	3150	192565.59375	189816.9375	1043.10717773438	0.0388240957868091	0.02259	0.1193	1
VB_VIE_008	1474243200	3150	192565.59375	189816.9375	1043.10717773438	0.0388240957868091	0.02259	0.1134	1
VB_VIE_008	1476662400	3150	192565.59375	189816.9375	1043.10717773438	0.0388240957868091	0.02259	0.0687	1
VB_VIE_008	1478476800	3150	192565.59375	189816.9375	1043.10717773438	0.0388240957868091	0.02259	0.1035	1
VB_VIE_008	1480291200	3150	192565.59375	189816.9375	1043.10717773438	0.0388240957868091	0.076806	0.0781	1
VB_VIE_008	1483920000	3150	192565.59375	189816.9375	1043.10717773438	0.0388240957868091	0.036144	0.051	1
VB_VIE_008	1486339200	3150	192565.59375	189816.9375	1043.10717773438	0.0388240957868091	0.033885	0.0637	1
VB_VIE_008	1488153600	3150	192565.59375	189816.9375	1043.10717773438	0.0388240957868091	0.029367	0.0573	1
VB_VIE_008	1491177600	3150	192565.59375	189816.9375	1043.10717773438	0.0388240957868091	0.04518	0.0206	1
VB_VIE_008	1494288000	3150	192565.59375	189816.9375	1043.10717773438	0.0388240957868091	0.047439	0.039	1
VB_VIN_002	1528675200	3150	203638.46875	169926.921875	874.109436035156	0.0388240957868091	0.024849	0.095	1
VB_VIN_002	1530489600	3150	203638.46875	169926.921875	874.109436035156	0.0543537341015328	0.065511	0.0614	1
VB_VIN_002	1533513600	3150	203638.46875	169926.921875	874.109436035156	0.0388240957868091	0.047439	0.1868	1
VB_VIN_002	1537747200	3150	203638.46875	169926.921875	874.109436035156	0.17082602146196	0.02259	0.0913	1
VB_VIN_002	1540252800	3150	203638.46875	169926.921875	874.109436035156	0.100942649045704	0.318519	0.1138	1
VB_VIN_002	1542585600	3150	203638.46875	169926.921875	874.109436035156	1.25013588433525	0.02259	0.1253	1
VB_VIN_002	1545091200	3150	203638.46875	169926.921875	874.109436035156	0.784246734893544	0.192015	0.0507	1
VB_VOR_002	1497830400	3150	179795.390625	184791.65625	121.483489990234	1.68496575714752	0.124245	1.5938	1
VB_VOR_002	1499040000	3150	179795.390625	184791.65625	121.483489990234	0.0388240957868091	0.076806	0.854	1
VB_VOR_002	1503360000	3150	179795.390625	184791.65625	121.483489990234	0.124237106517789	0.117468	0.468	1
VB_VOR_002	1506297600	3150	179795.390625	184791.65625	121.483489990234	0.0465889149441709	0.088101	0.698	1
VB_VOR_002	1508198400	3150	179795.390625	184791.65625	121.483489990234	0.411535415340177	0.162648	1.695	1
VB_VOR_002	1511740800	3150	179795.390625	184791.65625	121.483489990234	0.0388240957868091	0.058734	0.403	1
VB_VOR_002	1513036800	3150	179795.390625	184791.65625	121.483489990234	0.450359511126986	0.079065	0.9811	1
VB_VOR_002	1515369600	3150	179795.390625	184791.65625	121.483489990234	0.458124330284348	0.051957	0.2996	1
VB_VOR_002	1517788800	3150	179795.390625	184791.65625	121.483489990234	0.4270650536549	0.033885	0.129	1
VB_VOR_002	1521417600	3150	179795.390625	184791.65625	121.483489990234	0.0388240957868091	0.083583	0.104	1
VB_VOR_002	1523836800	3150	179795.390625	184791.65625	121.483489990234	0.0388240957868091	0.033885	0.0851	1
VB_VOR_002	1527552000	3150	179795.390625	184791.65625	121.483489990234	0.0388240957868091	0.02259	0.3852	1
VB_VOR_003	1497830400	3150	179804.515625	184804.03125	66.1518478393555	0.403770596182815	0.04518	0.6687	1
VB_VOR_003	1499040000	3150	179804.515625	184804.03125	66.1518478393555	0.201885298091407	0.029367	0.4131	1
VB_VOR_003	1503360000	3150	179804.515625	184804.03125	66.1518478393555	0.0388240957868091	0.029367	0.328	1
VB_VOR_003	1506297600	3150	179804.515625	184804.03125	66.1518478393555	0.0388240957868091	0.02259	0.084	1
VB_VOR_003	1508198400	3150	179804.515625	184804.03125	66.1518478393555	0.0543537341015328	0.054216	0.2759	1
VB_VOR_003	1511740800	3150	179804.515625	184804.03125	66.1518478393555	0.0931778298883419	0.040662	0.418	1
VB_VOR_003	1513036800	3150	179804.515625	184804.03125	66.1518478393555	0.419300234497539	0.033885	0.5636	1
VB_VOR_003	1515369600	3150	179804.515625	184804.03125	66.1518478393555	0.628950351746308	0.083583	0.1225	1
VB_VOR_003	1517788800	3150	179804.515625	184804.03125	66.1518478393555	0.0388240957868091	0.042921	0.263	1
VB_VOR_003	1521417600	3150	179804.515625	184804.03125	66.1518478393555	0.163061202304598	0.038403	0.11	1
VB_VOR_003	1523836800	3150	179804.515625	184804.03125	66.1518478393555	0.0388240957868091	0.042921	0.0703	1
VB_VOR_003	1527552000	3150	179804.515625	184804.03125	66.1518478393555	0.0388240957868091	0.031626	0.1145	1
VB_VOR_004	1497830400	3130_aom	179530.640625	184774.484375	596.025512695312	0.0388240957868091	0.040662	0.091	1
VB_VOR_004	1497830400	3140	179530.640625	184774.484375	596.025512695312	0.0388240957868091	0.040662	0.091	1
VB_VOR_004	1497830400	3150	179530.640625	184774.484375	596.025512695312	0.0388240957868091	0.040662	0.091	1
VB_VOR_004	1499040000	3130_aom	179530.640625	184774.484375	596.025512695312	0.0388240957868091	0.027108	0.1674	1
VB_VOR_004	1499040000	3140	179530.640625	184774.484375	596.025512695312	0.0388240957868091	0.027108	0.1674	1
VB_VOR_004	1499040000	3150	179530.640625	184774.484375	596.025512695312	0.0388240957868091	0.027108	0.1674	1
VB_VOR_004	1503360000	3130_aom	179530.640625	184774.484375	596.025512695312	0.0388240957868091	0.031626	0.021	1
VB_VOR_004	1503360000	3140	179530.640625	184774.484375	596.025512695312	0.0388240957868091	0.031626	0.021	1
VB_VOR_004	1503360000	3150	179530.640625	184774.484375	596.025512695312	0.0388240957868091	0.031626	0.021	1
VB_VOR_004	1506297600	3130_aom	179530.640625	184774.484375	596.025512695312	0.0388240957868091	0.085842	0.026	1
VB_VOR_004	1506297600	3140	179530.640625	184774.484375	596.025512695312	0.0388240957868091	0.085842	0.026	1
VB_VOR_004	1506297600	3150	179530.640625	184774.484375	596.025512695312	0.0388240957868091	0.085842	0.026	1
VB_VOR_004	1508198400	3130_aom	179530.640625	184774.484375	596.025512695312	0.0388240957868091	0.038403	0.0323	1
VB_VOR_004	1508198400	3140	179530.640625	184774.484375	596.025512695312	0.0388240957868091	0.038403	0.0323	1
VB_VOR_004	1508198400	3150	179530.640625	184774.484375	596.025512695312	0.0388240957868091	0.038403	0.0323	1
VB_VOR_004	1511740800	3130_aom	179530.640625	184774.484375	596.025512695312	0.0931778298883419	0.20331	0.173	1
VB_VOR_004	1511740800	3140	179530.640625	184774.484375	596.025512695312	0.0931778298883419	0.20331	0.173	1
VB_VOR_004	1511740800	3150	179530.640625	184774.484375	596.025512695312	0.0931778298883419	0.20331	0.173	1
VB_VOR_004	1513036800	3130_aom	179530.640625	184774.484375	596.025512695312	0.279533489665026	0.343368	0.1609	1
VB_VOR_004	1513036800	3140	179530.640625	184774.484375	596.025512695312	0.279533489665026	0.343368	0.1609	1
VB_VOR_004	1513036800	3150	179530.640625	184774.484375	596.025512695312	0.279533489665026	0.343368	0.1609	1
VB_VOR_004	1515369600	3130_aom	179530.640625	184774.484375	596.025512695312	0.279533489665026	0.081324	0.2958	1
VB_VOR_004	1515369600	3140	179530.640625	184774.484375	596.025512695312	0.279533489665026	0.081324	0.2958	1
VB_VOR_004	1515369600	3150	179530.640625	184774.484375	596.025512695312	0.279533489665026	0.081324	0.2958	1
VB_VOR_004	1517788800	3130_aom	179530.640625	184774.484375	596.025512695312	0.504713245228519	0.058734	0.126	1
VB_VOR_004	1517788800	3140	179530.640625	184774.484375	596.025512695312	0.504713245228519	0.058734	0.126	1
VB_VOR_004	1517788800	3150	179530.640625	184774.484375	596.025512695312	0.504713245228519	0.058734	0.126	1
VB_VOR_004	1521417600	3130_aom	179530.640625	184774.484375	596.025512695312	0.217414936406131	0.058734	0.138	1
VB_VOR_004	1521417600	3140	179530.640625	184774.484375	596.025512695312	0.217414936406131	0.058734	0.138	1
VB_VOR_004	1521417600	3150	179530.640625	184774.484375	596.025512695312	0.217414936406131	0.058734	0.138	1
VB_VOR_004	1523836800	3130_aom	179530.640625	184774.484375	596.025512695312	0.0388240957868091	0.085842	0.165	1
VB_VOR_004	1523836800	3140	179530.640625	184774.484375	596.025512695312	0.0388240957868091	0.085842	0.165	1
VB_VOR_004	1523836800	3150	179530.640625	184774.484375	596.025512695312	0.0388240957868091	0.085842	0.165	1
VB_VOR_004	1527552000	3130_aom	179530.640625	184774.484375	596.025512695312	0.295063127979749	0.040662	0.0812	1
VB_VOR_004	1527552000	3140	179530.640625	184774.484375	596.025512695312	0.295063127979749	0.040662	0.0812	1
VB_VOR_004	1527552000	3150	179530.640625	184774.484375	596.025512695312	0.295063127979749	0.040662	0.0812	1
VB_VOR_005	1529280000	3130_aom	179813.578125	184647.140625	91.6908645629883	0.201885298091407	0.09036	0.3327	1
VB_VOR_005	1529280000	3150	179813.578125	184647.140625	91.6908645629883	0.201885298091407	0.09036	0.3327	1
VB_VOR_005	1532995200	3130_aom	179813.578125	184647.140625	91.6908645629883	0.25623903219294	0.040662	0.2132	1
VB_VOR_005	1532995200	3150	179813.578125	184647.140625	91.6908645629883	0.25623903219294	0.040662	0.2132	1
VB_VOR_005	1535328000	3130_aom	179813.578125	184647.140625	91.6908645629883	0.0388240957868091	0.038403	0.1896	1
VB_VOR_005	1535328000	3150	179813.578125	184647.140625	91.6908645629883	0.0388240957868091	0.038403	0.1896	1
VB_VOR_005	1537747200	3130_aom	179813.578125	184647.140625	91.6908645629883	0.0388240957868091	0.027108	0.1078	1
VB_VOR_005	1537747200	3150	179813.578125	184647.140625	91.6908645629883	0.0388240957868091	0.027108	0.1078	1
VB_VOR_005	1540252800	3130_aom	179813.578125	184647.140625	91.6908645629883	0.0465889149441709	0.038403	0.057	1
VB_VOR_005	1540252800	3150	179813.578125	184647.140625	91.6908645629883	0.0465889149441709	0.038403	0.057	1
VB_VOR_005	1542585600	3130_aom	179813.578125	184647.140625	91.6908645629883	0.0388240957868091	0.02259	0.141	1
VB_VOR_005	1542585600	3150	179813.578125	184647.140625	91.6908645629883	0.0388240957868091	0.02259	0.141	1
VB_VOR_005	1544486400	3130_aom	179813.578125	184647.140625	91.6908645629883	0.0388240957868091	0.042921	0.1123	1
VB_VOR_005	1544486400	3150	179813.578125	184647.140625	91.6908645629883	0.0388240957868091	0.042921	0.1123	1
WV_ASS_001	1399248000	3150	72647.8515625	210504.75	428.504455566406	0.0776481915736183	0.02259	NA	1
WV_ASS_001	1403568000	3150	72647.8515625	210504.75	428.504455566406	0.0776481915736183	0.02259	NA	1
WV_ASS_001	1406073600	3150	72647.8515625	210504.75	428.504455566406	0.0931778298883419	0.029367	NA	1
WV_ASS_001	1409011200	3150	72647.8515625	210504.75	428.504455566406	0.0776481915736183	0.02259	NA	1
WV_ASS_001	1411948800	3150	72647.8515625	210504.75	428.504455566406	0.0776481915736183	0.024849	NA	1
WV_ASS_001	1416268800	3150	72647.8515625	210504.75	428.504455566406	0.217414936406131	0.024849	NA	1
WV_BBV_001	1497830400	3130_aom	74791.59375	200228.90625	241.830932617188	0.0388240957868091	0.024849	0.02	1
WV_BBV_001	1499126400	3130_aom	74791.59375	200228.90625	241.830932617188	0.0388240957868091	0.036144	0.02	1
WV_BBV_001	1502064000	3130_aom	74791.59375	200228.90625	241.830932617188	0.0388240957868091	0.027108	0.02	1
WV_BBV_001	1506384000	3130_aom	74791.59375	200228.90625	241.830932617188	0.0388240957868091	0.027108	0.02	1
WV_BBV_001	1508198400	3130_aom	74791.59375	200228.90625	241.830932617188	0.0465889149441709	0.049698	0.02	1
WV_BBV_001	1509926400	3130_aom	74791.59375	200228.90625	241.830932617188	0.0388240957868091	0.029367	0.02	1
WV_BBV_001	1512345600	3130_aom	74791.59375	200228.90625	241.830932617188	0.287298308822388	0.492462	0.02	1
WV_BBV_001	1514851200	3130_aom	74791.59375	200228.90625	241.830932617188	0.357181681238644	0.720621	0.033	1
WV_BBV_001	1517184000	3130_aom	74791.59375	200228.90625	241.830932617188	0.0388240957868091	0.076806	0.026	1
WV_BBV_001	1518480000	3130_aom	74791.59375	200228.90625	241.830932617188	0.0931778298883419	0.284634	0.02	1
WV_BBV_001	1523836800	3130_aom	74791.59375	200228.90625	241.830932617188	0.0388240957868091	0.054216	0.02	1
WV_BBV_001	1526342400	3130_aom	74791.59375	200228.90625	241.830932617188	0.0388240957868091	0.024849	0.02	1
WV_BBV_002	1497830400	3130_aom	74577.546875	200454.15625	5310.55029296875	0.116472287360427	0.074547	0.093	1
WV_BBV_002	1497830400	3130_na	74577.546875	200454.15625	5310.55029296875	0.116472287360427	0.074547	0.093	1
WV_BBV_002	1499126400	3130_aom	74577.546875	200454.15625	5310.55029296875	0.25623903219294	0.06777	0.0716	1
WV_BBV_002	1499126400	3130_na	74577.546875	200454.15625	5310.55029296875	0.25623903219294	0.06777	0.0716	1
WV_BBV_002	1502064000	3130_aom	74577.546875	200454.15625	5310.55029296875	0.0931778298883419	0.029367	0.047	1
WV_BBV_002	1502064000	3130_na	74577.546875	200454.15625	5310.55029296875	0.0931778298883419	0.029367	0.047	1
WV_BBV_002	1506384000	3130_aom	74577.546875	200454.15625	5310.55029296875	0.0388240957868091	0.042921	0.055	1
WV_BBV_002	1506384000	3130_na	74577.546875	200454.15625	5310.55029296875	0.0388240957868091	0.042921	0.055	1
WV_BBV_002	1508198400	3130_aom	74577.546875	200454.15625	5310.55029296875	0.0465889149441709	0.058734	0.0364	1
WV_BBV_002	1508198400	3130_na	74577.546875	200454.15625	5310.55029296875	0.0465889149441709	0.058734	0.0364	1
WV_BBV_002	1509926400	3130_aom	74577.546875	200454.15625	5310.55029296875	0.163061202304598	0.063252	0.026	1
WV_BBV_002	1509926400	3130_na	74577.546875	200454.15625	5310.55029296875	0.163061202304598	0.063252	0.026	1
WV_BBV_002	1512345600	3130_aom	74577.546875	200454.15625	5310.55029296875	0.0543537341015328	0.101655	0.0213	1
WV_BBV_002	1512345600	3130_na	74577.546875	200454.15625	5310.55029296875	0.0543537341015328	0.101655	0.0213	1
WV_BBV_002	1514851200	3130_aom	74577.546875	200454.15625	5310.55029296875	0.0854130107309801	0.085842	0.03	1
WV_BBV_002	1514851200	3130_na	74577.546875	200454.15625	5310.55029296875	0.0854130107309801	0.085842	0.03	1
WV_BBV_002	1517184000	3130_aom	74577.546875	200454.15625	5310.55029296875	0.0621185532588946	0.314001	0.02	1
WV_BBV_002	1517184000	3130_na	74577.546875	200454.15625	5310.55029296875	0.0621185532588946	0.314001	0.02	1
WV_BBV_002	1518480000	3130_aom	74577.546875	200454.15625	5310.55029296875	0.124237106517789	0.04518	0.02	1
WV_BBV_002	1518480000	3130_na	74577.546875	200454.15625	5310.55029296875	0.124237106517789	0.04518	0.02	1
WV_BBV_002	1523836800	3130_aom	74577.546875	200454.15625	5310.55029296875	0.0388240957868091	0.065511	0.02	1
WV_BBV_002	1523836800	3130_na	74577.546875	200454.15625	5310.55029296875	0.0388240957868091	0.065511	0.02	1
WV_BBV_002	1526342400	3130_aom	74577.546875	200454.15625	5310.55029296875	0.0388240957868091	0.097137	0.1089	1
WV_BBV_002	1526342400	3130_na	74577.546875	200454.15625	5310.55029296875	0.0388240957868091	0.097137	0.1089	1
WV_BBV_003	1497830400	3130_aom	74260.6015625	200465.359375	452.31884765625	0.0543537341015328	0.063252	0.024	1
WV_BBV_003	1499126400	3130_aom	74260.6015625	200465.359375	452.31884765625	0.0388240957868091	0.079065	0.0284	1
WV_BBV_003	1502064000	3130_aom	74260.6015625	200465.359375	452.31884765625	0.0698833724162564	0.079065	0.042	1
WV_BBV_003	1506384000	3130_aom	74260.6015625	200465.359375	452.31884765625	0.0621185532588946	0.09036	0.027	1
WV_BBV_003	1508198400	3130_aom	74260.6015625	200465.359375	452.31884765625	0.108707468203066	0.160389	0.0263	1
WV_BBV_003	1509926400	3130_aom	74260.6015625	200465.359375	452.31884765625	0.0854130107309801	0.099396	0.051	1
WV_BBV_003	1512345600	3130_aom	74260.6015625	200465.359375	452.31884765625	0.0388240957868091	0.081324	0.0263	1
WV_BBV_003	1514851200	3130_aom	74260.6015625	200465.359375	452.31884765625	0.0388240957868091	0.047439	0.028	1
WV_BBV_003	1517184000	3130_aom	74260.6015625	200465.359375	452.31884765625	0.0388240957868091	0.072288	0.02	1
WV_BBV_003	1518480000	3130_aom	74260.6015625	200465.359375	452.31884765625	0.0465889149441709	0.063252	0.0252	1
WV_BBV_003	1523836800	3130_aom	74260.6015625	200465.359375	452.31884765625	0.139766744832513	0.2259	0.02	1
WV_BBV_003	1526342400	3130_aom	74260.6015625	200465.359375	452.31884765625	0.0388240957868091	0.099396	0.0514	1
WV_BDH_002	1530489600	2190_a	58695.25	220383.859375	348.973937988281	0.0388240957868091	0.040662	0.02	1
WV_BDH_002	1532390400	2190_a	58695.25	220383.859375	348.973937988281	0.0388240957868091	0.029367	0.02	1
WV_BDH_002	1535414400	2190_a	58695.25	220383.859375	348.973937988281	0.0388240957868091	0.049698	0.1877	1
WV_BDH_002	1537747200	2190_a	58695.25	220383.859375	348.973937988281	0.0854130107309801	0.216864	0.072	1
WV_BDH_002	1541462400	2190_a	58695.25	220383.859375	348.973937988281	0.0465889149441709	0.027108	0.0251	1
WV_BDH_002	1543795200	2190_a	58695.25	220383.859375	348.973937988281	0.0388240957868091	0.051957	0.0246	1
WV_BDH_002	1545004800	2190_a	58695.25	220383.859375	348.973937988281	0.0388240957868091	0.02259	0.0207	1
WV_BDH_006	1530489600	2190_a	57568.3359375	219955.28125	199.717788696289	0.0543537341015328	0.058734	0.02	1
WV_BDH_006	1532390400	2190_a	57568.3359375	219955.28125	199.717788696289	0.0388240957868091	0.038403	0.02	1
WV_BDH_006	1535414400	2190_a	57568.3359375	219955.28125	199.717788696289	0.0388240957868091	0.027108	0.0282	1
WV_BDH_006	1537747200	2190_a	57568.3359375	219955.28125	199.717788696289	0.0854130107309801	0.146835	0.0538	1
WV_BDH_006	1541462400	2190_a	57568.3359375	219955.28125	199.717788696289	0.186355659776684	0.024849	0.022	1
WV_BDH_006	1543795200	2190_a	57568.3359375	219955.28125	199.717788696289	0.100942649045704	0.072288	0.0214	1
WV_BDH_006	1545004800	2190_a	57568.3359375	219955.28125	199.717788696289	0.0854130107309801	0.02259	0.02	1
WV_BDH_008	1497916800	2190_a	59443.44140625	221440.734375	129.716873168945	0.0698833724162564	0.119727	0.056	1
WV_BDH_008	1500940800	2190_a	59443.44140625	221440.734375	129.716873168945	0.0698833724162564	0.033885	0.063	1
WV_BDH_008	1501545600	2190_a	59443.44140625	221440.734375	129.716873168945	0.0388240957868091	0.036144	0.02	1
WV_BDH_008	1507593600	2190_a	59443.44140625	221440.734375	129.716873168945	0.0388240957868091	0.038403	0.02	1
WV_BDH_008	1508803200	2190_a	59443.44140625	221440.734375	129.716873168945	0.0621185532588946	0.036144	0.02	1
WV_BDH_008	1510012800	2190_a	59443.44140625	221440.734375	129.716873168945	0.0465889149441709	0.036144	0.02	1
WV_BDH_008	1514937600	2190_a	59443.44140625	221440.734375	129.716873168945	0.0388240957868091	0.040662	0.02	1
WV_BDH_008	1518480000	2190_a	59443.44140625	221440.734375	129.716873168945	0.0776481915736183	0.02259	0.02	1
WV_BDH_008	1520294400	2190_a	59443.44140625	221440.734375	129.716873168945	0.0388240957868091	0.128763	0.035	1
WV_BDH_008	1522800000	2190_a	59443.44140625	221440.734375	129.716873168945	0.0388240957868091	0.027108	0.02	1
WV_BDH_008	1526342400	2190_a	59443.44140625	221440.734375	129.716873168945	0.0388240957868091	0.042921	0.0414	1
WV_BLA_001	1500854400	3150	44615.96875	186972.359375	6374.12060546875	1.89461587439629	0.047439	2.866	1
WV_BLA_001	1503878400	3150	44615.96875	186972.359375	6374.12060546875	1.52190455484292	0.302706	3.01	1
WV_BLA_001	1506297600	3150	44615.96875	186972.359375	6374.12060546875	1.92567515102573	0.298188	1.185	1
WV_BLA_001	1508803200	3150	44615.96875	186972.359375	6374.12060546875	3.26122404609197	0.076806	1.6692	1
WV_BLA_001	1511740800	3150	44615.96875	186972.359375	6374.12060546875	2.59344959855885	0.352404	1.315	1
WV_BLA_001	1516665600	3150	44615.96875	186972.359375	6374.12060546875	0.605655894274222	1.98792	0.32	1
WV_BLA_001	1518393600	3150	44615.96875	186972.359375	6374.12060546875	0.0854130107309801	1.014291	0.3556	1
WV_BLA_001	1523318400	3150	44615.96875	186972.359375	6374.12060546875	0.0621185532588946	0.192015	0.677	1
WV_BLA_001	1524528000	3150	44615.96875	186972.359375	6374.12060546875	0.108707468203066	0.070029	0.8918	1
WV_BLA_001	1527552000	3150	44615.96875	186972.359375	6374.12060546875	0.0388240957868091	0.02259	1.1145	1
WV_BLA_002	1500854400	3150	44311.69921875	187081.390625	7549.474609375	0.0388240957868091	0.02259	0.616	1
WV_BLA_002	1503878400	3150	44311.69921875	187081.390625	7549.474609375	0.0388240957868091	0.051957	0.638	1
WV_BLA_002	1506297600	3150	44311.69921875	187081.390625	7549.474609375	0.0388240957868091	0.036144	0.308	1
WV_BLA_002	1508803200	3150	44311.69921875	187081.390625	7549.474609375	2.01108816175671	0.063252	0.9238	1
WV_BLA_002	1511740800	3150	44311.69921875	187081.390625	7549.474609375	2.14309008743186	0.266562	0.718	1
WV_BLA_002	1516665600	3150	44311.69921875	187081.390625	7549.474609375	0.0931778298883419	4.890735	0.238	1
WV_BLA_002	1518393600	3150	44311.69921875	187081.390625	7549.474609375	0.0388240957868091	3.097089	0.1747	1
WV_BLA_002	1523318400	3150	44311.69921875	187081.390625	7549.474609375	0.0465889149441709	0.070029	0.233	1
WV_BLA_002	1524528000	3150	44311.69921875	187081.390625	7549.474609375	0.0388240957868091	0.042921	0.6147	1
WV_BLA_002	1527552000	3150	44311.69921875	187081.390625	7549.474609375	0.0388240957868091	0.02259	0.5767	1
WV_BRE_010	1497916800	2190_a	53287.79296875	217363.84375	127.43913269043	0.0931778298883419	0.079065	0.106	1
WV_BRE_010	1500940800	2190_a	53287.79296875	217363.84375	127.43913269043	0.0388240957868091	0.036144	0.02	1
WV_BRE_010	1503964800	2190_a	53287.79296875	217363.84375	127.43913269043	0.0465889149441709	0.065511	0.02	1
WV_BRE_010	1506902400	2190_a	53287.79296875	217363.84375	127.43913269043	0.0621185532588946	0.076806	0.02	1
WV_BRE_010	1508803200	2190_a	53287.79296875	217363.84375	127.43913269043	0.0388240957868091	0.033885	0.02	1
WV_BRE_010	1510012800	2190_a	53287.79296875	217363.84375	127.43913269043	0.0388240957868091	0.031626	0.02	1
WV_BRE_010	1516579200	2190_a	53287.79296875	217363.84375	127.43913269043	0.0388240957868091	0.033885	0.02	1
WV_BRE_010	1518393600	2190_a	53287.79296875	217363.84375	127.43913269043	0.0388240957868091	0.029367	0.02	1
WV_BRE_010	1522713600	2190_a	53287.79296875	217363.84375	127.43913269043	0.0543537341015328	0.140058	0.028	1
WV_BRE_010	1524528000	2190_a	53287.79296875	217363.84375	127.43913269043	0.0388240957868091	0.083583	0.0601	1
WV_BRE_010	1526947200	2190_a	53287.79296875	217363.84375	127.43913269043	0.0388240957868091	0.049698	0.042	1
WV_BUL_001	1399248000	3130_aom	75697.34375	200419.921875	12563.84765625	0.0776481915736183	0.038403	NA	1
WV_BUL_001	1403568000	3130_aom	75697.34375	200419.921875	12563.84765625	0.0776481915736183	0.063252	NA	1
WV_BUL_001	1406073600	3130_aom	75697.34375	200419.921875	12563.84765625	0.0776481915736183	0.092619	NA	1
WV_BUL_001	1409011200	3130_aom	75697.34375	200419.921875	12563.84765625	0.225179755563493	0.223641	NA	1
WV_BUL_001	1411948800	3130_aom	75697.34375	200419.921875	12563.84765625	0.108707468203066	0.121986	NA	1
WV_BUL_001	1416268800	3130_aom	75697.34375	200419.921875	12563.84765625	1.42872672495458	0.117468	NA	1
WV_BUL_002	1465171200	3130_aom	75705.6796875	200526.421875	2194.59887695312	0.0388240957868091	0.214605	0.02	1
WV_BUL_002	1465171200	3160	75705.6796875	200526.421875	2194.59887695312	0.0388240957868091	0.214605	0.02	1
WV_BUL_002	1467676800	3130_aom	75705.6796875	200526.421875	2194.59887695312	0.0388240957868091	0.02259	0.0302	1
WV_BUL_002	1467676800	3160	75705.6796875	200526.421875	2194.59887695312	0.0388240957868091	0.02259	0.0302	1
WV_BUL_002	1470700800	3130_aom	75705.6796875	200526.421875	2194.59887695312	0.0621185532588946	0.02259	0.0276	1
WV_BUL_002	1470700800	3160	75705.6796875	200526.421875	2194.59887695312	0.0621185532588946	0.02259	0.0276	1
WV_BUL_002	1474243200	3130_aom	75705.6796875	200526.421875	2194.59887695312	0.0388240957868091	0.02259	0.0488	1
WV_BUL_002	1474243200	3160	75705.6796875	200526.421875	2194.59887695312	0.0388240957868091	0.02259	0.0488	1
WV_BUL_002	1476144000	3130_aom	75705.6796875	200526.421875	2194.59887695312	0.100942649045704	0.031626	0.1164	1
WV_BUL_002	1476144000	3160	75705.6796875	200526.421875	2194.59887695312	0.100942649045704	0.031626	0.1164	1
WV_BUL_002	1478563200	3130_aom	75705.6796875	200526.421875	2194.59887695312	0.605655894274222	0.06777	0.0786	1
WV_BUL_002	1478563200	3160	75705.6796875	200526.421875	2194.59887695312	0.605655894274222	0.06777	0.0786	1
WV_BUL_002	1480377600	3130_aom	75705.6796875	200526.421875	2194.59887695312	0.729893000792011	0.243972	0.0321	1
WV_BUL_002	1480377600	3160	75705.6796875	200526.421875	2194.59887695312	0.729893000792011	0.243972	0.0321	1
WV_BUL_002	1483401600	3130_aom	75705.6796875	200526.421875	2194.59887695312	0.535772521857966	0.167166	0.0436	1
WV_BUL_002	1483401600	3160	75705.6796875	200526.421875	2194.59887695312	0.535772521857966	0.167166	0.0436	1
WV_BUL_002	1487030400	3130_aom	75705.6796875	200526.421875	2194.59887695312	0.147531563989875	0.228159	0.0347	1
WV_BUL_002	1487030400	3160	75705.6796875	200526.421875	2194.59887695312	0.147531563989875	0.228159	0.0347	1
WV_BUL_002	1489449600	3130_aom	75705.6796875	200526.421875	2194.59887695312	0.0698833724162564	0.194274	0.0303	1
WV_BUL_002	1489449600	3160	75705.6796875	200526.421875	2194.59887695312	0.0698833724162564	0.194274	0.0303	1
WV_BUL_002	1491264000	3130_aom	75705.6796875	200526.421875	2194.59887695312	0.108707468203066	0.115209	0.0287	1
WV_BUL_002	1491264000	3160	75705.6796875	200526.421875	2194.59887695312	0.108707468203066	0.115209	0.0287	1
WV_BUL_002	1494892800	3130_aom	75705.6796875	200526.421875	2194.59887695312	0.0776481915736183	0.101655	0.029	1
WV_BUL_002	1494892800	3160	75705.6796875	200526.421875	2194.59887695312	0.0776481915736183	0.101655	0.029	1
WV_CAB_010	1529280000	2190_a	25581.5390625	196978.078125	9339.4736328125	0.0388240957868091	0.036144	0.0543	1
WV_CAB_010	1530576000	2190_a	25581.5390625	196978.078125	9339.4736328125	0.0388240957868091	0.033885	0.0313	1
WV_CAB_010	1534809600	2190_a	25581.5390625	196978.078125	9339.4736328125	0.0543537341015328	0.024849	0.0399	1
WV_CAB_010	1536624000	2190_a	25581.5390625	196978.078125	9339.4736328125	0.0388240957868091	0.029367	0.0453	1
WV_CAB_010	1538956800	2190_a	25581.5390625	196978.078125	9339.4736328125	0.155296383147237	0.02259	0.0704	1
WV_CAB_010	1543190400	2190_a	25581.5390625	196978.078125	9339.4736328125	0.217414936406131	0.051957	0.0683	1
WV_CAB_010	1544486400	2190_a	25581.5390625	196978.078125	9339.4736328125	0.543537341015328	0.214605	0.0358	1
WV_CAB_023	1529280000	2190_a	23891.390625	196079.0625	51.4310150146484	0.0388240957868091	0.02259	0.1875	1
WV_CAB_023	1530576000	2190_a	23891.390625	196079.0625	51.4310150146484	0.0543537341015328	0.058734	0.2773	1
WV_CAB_031	1529280000	2190_a	24276.9609375	196027.34375	48.6788177490234	0.0388240957868091	0.02259	0.2041	1
WV_CAB_031	1530576000	2190_a	24276.9609375	196027.34375	48.6788177490234	0.0388240957868091	0.074547	0.2143	1
WV_CAB_031	1543190400	2190_a	24276.9609375	196027.34375	48.6788177490234	0.186355659776684	0.02259	0.0939	1
WV_CAB_031	1544486400	2190_a	24276.9609375	196027.34375	48.6788177490234	0.0388240957868091	0.056475	0.0552	1
WV_DAM_001	1497916800	3150	73747.59375	216354.671875	4876.513671875	0.116472287360427	0.054216	0.376	1
WV_DAM_001	1499644800	3150	73747.59375	216354.671875	4876.513671875	0.458124330284348	0.06777	0.69	1
WV_DAM_001	1501545600	3150	73747.59375	216354.671875	4876.513671875	0.0698833724162564	0.036144	0.4966	1
WV_DAM_001	1504569600	3150	73747.59375	216354.671875	4876.513671875	0.0854130107309801	0.047439	0.366	1
WV_DAM_001	1507593600	3150	73747.59375	216354.671875	4876.513671875	0.0698833724162564	0.051957	0.2378	1
WV_DAM_001	1510012800	3150	73747.59375	216354.671875	4876.513671875	0.0621185532588946	0.081324	0.304	1
WV_DAM_001	1514937600	3150	73747.59375	216354.671875	4876.513671875	0.512478064385881	0.397584	0.859	1
WV_DAM_001	1518480000	3150	73747.59375	216354.671875	4876.513671875	0.0698833724162564	0.094878	0.8565	1
WV_DAM_001	1520294400	3150	73747.59375	216354.671875	4876.513671875	0.0388240957868091	0.027108	0.937	1
WV_DAM_001	1522800000	3150	73747.59375	216354.671875	4876.513671875	0.0388240957868091	0.031626	0.871	1
WV_DAM_001	1526342400	3150	73747.59375	216354.671875	4876.513671875	0.0388240957868091	0.029367	1.352	1
WV_DHE_002	1530489600	2190_a	53854.80078125	216280.421875	214.951156616211	0.0543537341015328	0.056475	0.9558	1
WV_DHE_002	1543795200	2190_a	53854.80078125	216280.421875	214.951156616211	0.792011554050906	0.056475	0.1704	1
WV_DHE_002	1545004800	2190_a	53854.80078125	216280.421875	214.951156616211	0.0388240957868091	0.081324	0.142	1
WV_DHE_005	1530489600	2190_a	54256.69921875	216339.65625	263.927154541016	0.124237106517789	0.15813	0.7471	1
WV_DHE_005	1532390400	2190_a	54256.69921875	216339.65625	263.927154541016	0.0388240957868091	0.02259	2.9516	1
WV_DHE_005	1535414400	2190_a	54256.69921875	216339.65625	263.927154541016	0.124237106517789	0.237195	3.411	1
WV_DHE_005	1537747200	2190_a	54256.69921875	216339.65625	263.927154541016	0.116472287360427	1.764279	0.649	1
WV_DHE_005	1541462400	2190_a	54256.69921875	216339.65625	263.927154541016	0.613420713431584	0.544419	0.3399	1
WV_DHE_005	1543795200	2190_a	54256.69921875	216339.65625	263.927154541016	0.628950351746308	0.320778	0.8398	1
WV_DHE_005	1545004800	2190_a	54256.69921875	216339.65625	263.927154541016	0.0388240957868091	0.027108	0.6219	1
WV_DHE_020	1530489600	2190_a	54195.36328125	216181.359375	203.279434204102	0.0465889149441709	0.058734	0.0918	1
WV_DHE_020	1543795200	2190_a	54195.36328125	216181.359375	203.279434204102	0.0388240957868091	0.02259	0.1438	1
WV_DHE_020	1545004800	2190_a	54195.36328125	216181.359375	203.279434204102	0.0388240957868091	0.02259	0.2264	1
WV_DHE_023	1530489600	2190_a	54198.3046875	216181.125	229.922714233398	0.0465889149441709	0.060993	0.1902	1
WV_DHE_023	1543795200	2190_a	54198.3046875	216181.125	229.922714233398	0.0388240957868091	0.054216	0.2251	1
WV_DHE_023	1545004800	2190_a	54198.3046875	216181.125	229.922714233398	0.0388240957868091	0.02259	0.181	1
WV_DIE_001	1454889600	RbbAh	80606.0234375	227183.03125	8349.6572265625	0.683304085847841	0.530865	0.311	1
WV_DIE_001	1457308800	RbbAh	80606.0234375	227183.03125	8349.6572265625	0.0388240957868091	1.280853	0.279	1
WV_DIE_001	1460332800	RbbAh	80606.0234375	227183.03125	8349.6572265625	0.0388240957868091	0.618966	0.1809	1
WV_DIE_001	1462752000	RbbAh	80606.0234375	227183.03125	8349.6572265625	0.481418787756433	0.176202	0.2585	1
WV_DIE_001	1465171200	RbbAh	80606.0234375	227183.03125	8349.6572265625	0.0388240957868091	2.50749	0.257	1
WV_DIE_001	1467676800	RbbAh	80606.0234375	227183.03125	8349.6572265625	0.279533489665026	0.070029	0.5193	1
WV_DIE_001	1470700800	RbbAh	80606.0234375	227183.03125	8349.6572265625	0.481418787756433	0.02259	0.1454	1
WV_DIE_001	1473724800	RbbAh	80606.0234375	227183.03125	8349.6572265625	0.605655894274222	0.02259	1.7944	1
WV_DIE_001	1476144000	RbbAh	80606.0234375	227183.03125	8349.6572265625	0.411535415340177	3.562443	1.5504	1
WV_DIE_001	1478563200	RbbAh	80606.0234375	227183.03125	8349.6572265625	2.39156430046744	0.618966	0.5754	1
WV_DIE_001	1480377600	RbbAh	80606.0234375	227183.03125	8349.6572265625	0.25623903219294	0.600894	0.1921	1
WV_DIE_001	1483401600	RbbAh	80606.0234375	227183.03125	8349.6572265625	1.04048576708648	0.716103	0.1932	1
WV_DIE_001	1487030400	RbbAh	80606.0234375	227183.03125	8349.6572265625	0.613420713431584	0.298188	0.2433	1
WV_DIE_001	1489449600	RbbAh	80606.0234375	227183.03125	8349.6572265625	0.163061202304598	0.350145	0.2112	1
WV_DIE_001	1491264000	RbbAh	80606.0234375	227183.03125	8349.6572265625	0.0388240957868091	0.417915	0.2461	1
WV_DIE_001	1494892800	RbbAh	80606.0234375	227183.03125	8349.6572265625	0.450359511126986	0.280116	0.508	1
WV_DIE_001	1497916800	RbbAh	80606.0234375	227183.03125	8349.6572265625	1.45202118242666	0.381771	2.912	1
WV_DIE_001	1499644800	RbbAh	80606.0234375	227183.03125	8349.6572265625	1.11036913950274	0.506016	1.9318	1
WV_DIE_001	1501545600	RbbAh	80606.0234375	227183.03125	8349.6572265625	0.0388240957868091	0.528606	0.791	1
WV_DIE_001	1504569600	RbbAh	80606.0234375	227183.03125	8349.6572265625	0.178590840619322	0.433728	0.7419	1
WV_DIE_001	1508198400	RbbAh	80606.0234375	227183.03125	8349.6572265625	0.729893000792011	0.682218	0.3754	1
WV_DIE_001	1511222400	RbbAh	80606.0234375	227183.03125	8349.6572265625	0.885189383939248	0.476649	1.9144	1
WV_DIE_001	1516060800	RbbAh	80606.0234375	227183.03125	8349.6572265625	0.675539266690479	0.869715	0.183	1
WV_DIE_001	1519689600	RbbAh	80606.0234375	227183.03125	8349.6572265625	1.67720093799015	0.386289	0.505	1
WV_DIE_001	1522022400	RbbAh	80606.0234375	227183.03125	8349.6572265625	0.590126255959499	0.560232	0.132	1
WV_DIE_001	1524528000	RbbAh	80606.0234375	227183.03125	8349.6572265625	0.0388240957868091	0.336591	0.5026	1
WV_DIE_001	1533600000	RbbAh	80606.0234375	227183.03125	8349.6572265625	1.30448961843679	0.438246	2.7937	1
WV_DIE_001	1535414400	RbbAh	80606.0234375	227183.03125	8349.6572265625	0.0388240957868091	0.381771	1.1132	1
WV_DIE_001	1537833600	RbbAh	80606.0234375	227183.03125	8349.6572265625	0.163061202304598	0.171684	0.9855	1
WV_DIE_001	1539648000	RbbAh	80606.0234375	227183.03125	8349.6572265625	0.815306011522992	4.696461	0.6714	1
WV_DIE_001	1543276800	RbbAh	80606.0234375	227183.03125	8349.6572265625	0.566831798487413	2.301921	0.216	1
WV_DIE_001	1545004800	RbbAh	80606.0234375	227183.03125	8349.6572265625	0.0388240957868091	0.386289	0.4065	1
WV_DIE_001_zuid	1535414400	RbbAh	80606.0234375	227183.03125	10941.69140625	0.0388240957868091	0.372735	1.2822	1
WV_GAV_001	1401062400	3140	76046.0859375	170385.03125	537502.75	0.0776481915736183	1.425429	NA	1
WV_GAV_001	1401062400	3150	76046.0859375	170385.03125	537502.75	0.0776481915736183	1.425429	NA	1
WV_GAV_001	1403568000	3140	76046.0859375	170385.03125	537502.75	0.0776481915736183	0.02259	NA	1
WV_GAV_001	1403568000	3150	76046.0859375	170385.03125	537502.75	0.0776481915736183	0.02259	NA	1
WV_GAV_001	1406073600	3140	76046.0859375	170385.03125	537502.75	0.0776481915736183	1.027845	NA	1
WV_GAV_001	1406073600	3150	76046.0859375	170385.03125	537502.75	0.0776481915736183	1.027845	NA	1
WV_GAV_001	1409011200	3140	76046.0859375	170385.03125	537502.75	0.0776481915736183	0.894564	NA	1
WV_GAV_001	1409011200	3150	76046.0859375	170385.03125	537502.75	0.0776481915736183	0.894564	NA	1
WV_GAV_001	1411948800	3140	76046.0859375	170385.03125	537502.75	0.0776481915736183	0.946521	NA	1
WV_GAV_001	1411948800	3150	76046.0859375	170385.03125	537502.75	0.0776481915736183	0.946521	NA	1
WV_GAV_001	1416268800	3140	76046.0859375	170385.03125	537502.75	0.396005777025453	1.463832	NA	1
WV_GAV_001	1416268800	3150	76046.0859375	170385.03125	537502.75	0.396005777025453	1.463832	NA	1
WV_GUP_001	1497830400	3130_aom	78293.6171875	196644.734375	1170.53747558594	0.264003851350302	0.18072	0.167	1
WV_GUP_001	1499126400	3130_aom	78293.6171875	196644.734375	1170.53747558594	0.0388240957868091	0.081324	0.2197	1
WV_GUP_001	1502064000	3130_aom	78293.6171875	196644.734375	1170.53747558594	0.194120478934046	0.11295	0.282	1
WV_GUP_001	1506384000	3130_aom	78293.6171875	196644.734375	1170.53747558594	0.0621185532588946	0.092619	0.102	1
WV_GUP_001	1508198400	3130_aom	78293.6171875	196644.734375	1170.53747558594	0.0854130107309801	0.103914	0.0895	1
WV_GUP_001	1509926400	3130_aom	78293.6171875	196644.734375	1170.53747558594	0.0698833724162564	0.094878	0.261	1
WV_GUP_001	1512345600	3130_aom	78293.6171875	196644.734375	1170.53747558594	0.0465889149441709	0.056475	0.0351	1
WV_GUP_001	1514851200	3130_aom	78293.6171875	196644.734375	1170.53747558594	0.0465889149441709	1.570005	0.1106	1
WV_GUP_001	1517184000	3130_aom	78293.6171875	196644.734375	1170.53747558594	0.0388240957868091	0.058734	0.047	1
WV_GUP_001	1518480000	3130_aom	78293.6171875	196644.734375	1170.53747558594	0.0388240957868091	0.033885	0.0573	1
WV_GUP_001	1523836800	3130_aom	78293.6171875	196644.734375	1170.53747558594	0.0388240957868091	0.058734	0.0724	1
WV_GUP_001	1526342400	3130_aom	78293.6171875	196644.734375	1170.53747558594	0.0388240957868091	0.042921	0.0514	1
WV_GUP_002	1497830400	3130_aom	78154.046875	196864.640625	7796.77294921875	0.0698833724162564	0.085842	0.419	1
WV_GUP_002	1497830400	3130_na	78154.046875	196864.640625	7796.77294921875	0.0698833724162564	0.085842	0.419	1
WV_GUP_002	1499126400	3130_aom	78154.046875	196864.640625	7796.77294921875	1.50637491652819	0.124245	0.2142	1
WV_GUP_002	1499126400	3130_na	78154.046875	196864.640625	7796.77294921875	1.50637491652819	0.124245	0.2142	1
WV_GUP_002	1506384000	3130_aom	78154.046875	196864.640625	7796.77294921875	0.116472287360427	0.106173	0.12	1
WV_GUP_002	1506384000	3130_na	78154.046875	196864.640625	7796.77294921875	0.116472287360427	0.106173	0.12	1
WV_GUP_002	1508198400	3130_aom	78154.046875	196864.640625	7796.77294921875	1.59178792725917	0.31626	0.219	1
WV_GUP_002	1508198400	3130_na	78154.046875	196864.640625	7796.77294921875	1.59178792725917	0.31626	0.219	1
WV_GUP_002	1509926400	3130_aom	78154.046875	196864.640625	7796.77294921875	1.99555852344199	0.506016	0.593	1
WV_GUP_002	1509926400	3130_na	78154.046875	196864.640625	7796.77294921875	1.99555852344199	0.506016	0.593	1
WV_GUP_002	1512345600	3130_aom	78154.046875	196864.640625	7796.77294921875	0.0388240957868091	0.02259	0.1495	1
WV_GUP_002	1512345600	3130_na	78154.046875	196864.640625	7796.77294921875	0.0388240957868091	0.02259	0.1495	1
WV_GUP_002	1514851200	3130_aom	78154.046875	196864.640625	7796.77294921875	0.17082602146196	0.146835	0.118	1
WV_GUP_002	1514851200	3130_na	78154.046875	196864.640625	7796.77294921875	0.17082602146196	0.146835	0.118	1
WV_GUP_002	1517184000	3130_aom	78154.046875	196864.640625	7796.77294921875	0.0388240957868091	0.081324	0.067	1
WV_GUP_002	1517184000	3130_na	78154.046875	196864.640625	7796.77294921875	0.0388240957868091	0.081324	0.067	1
WV_GUP_002	1518480000	3130_aom	78154.046875	196864.640625	7796.77294921875	0.0465889149441709	0.081324	0.1486	1
WV_GUP_002	1518480000	3130_na	78154.046875	196864.640625	7796.77294921875	0.0465889149441709	0.081324	0.1486	1
WV_GUP_002	1523836800	3130_aom	78154.046875	196864.640625	7796.77294921875	0.0543537341015328	0.101655	0.0478	1
WV_GUP_002	1523836800	3130_na	78154.046875	196864.640625	7796.77294921875	0.0543537341015328	0.101655	0.0478	1
WV_GUP_002	1526342400	3130_aom	78154.046875	196864.640625	7796.77294921875	0.0388240957868091	0.04518	0.1424	1
WV_GUP_002	1526342400	3130_na	78154.046875	196864.640625	7796.77294921875	0.0388240957868091	0.04518	0.1424	1
WV_HOS_001	1497916800	2190_a	25943.890625	200463.015625	125.877487182617	0.0776481915736183	0.076806	0.025	1
WV_HOS_001	1500940800	2190_a	25943.890625	200463.015625	125.877487182617	0.0698833724162564	0.038403	0.02	1
WV_HOS_001	1503964800	2190_a	25943.890625	200463.015625	125.877487182617	0.0388240957868091	0.031626	0.02	1
WV_HOS_001	1506902400	2190_a	25943.890625	200463.015625	125.877487182617	0.0621185532588946	0.070029	0.02	1
WV_HOS_001	1508716800	2190_a	25943.890625	200463.015625	125.877487182617	0.0465889149441709	0.056475	0.02	1
WV_HOS_001	1511136000	2190_a	25943.890625	200463.015625	125.877487182617	0.0388240957868091	0.033885	0.02	1
WV_HOS_001	1515369600	2190_a	25943.890625	200463.015625	125.877487182617	0.0388240957868091	0.038403	0.02	1
WV_HOS_001	1517788800	2190_a	25943.890625	200463.015625	125.877487182617	0.0388240957868091	0.074547	0.02	1
WV_HOS_001	1522713600	2190_a	25943.890625	200463.015625	125.877487182617	0.0465889149441709	0.036144	0.022	1
WV_HOS_001	1523923200	2190_a	25943.890625	200463.015625	125.877487182617	0.0388240957868091	0.042921	0.0305	1
WV_HOS_001	1526947200	2190_a	25943.890625	200463.015625	125.877487182617	0.0621185532588946	0.049698	0.0434	1
WV_IJZ_002	1497916800	2190_a	35554.109375	205965.453125	210.087493896484	0.147531563989875	0.049698	0.524	1
WV_IJZ_002	1500940800	2190_a	35554.109375	205965.453125	210.087493896484	0.0388240957868091	0.029367	0.185	1
WV_IJZ_002	1503964800	2190_a	35554.109375	205965.453125	210.087493896484	0.0388240957868091	0.047439	0.314	1
WV_IJZ_002	1506902400	2190_a	35554.109375	205965.453125	210.087493896484	0.0543537341015328	0.079065	0.127	1
WV_IJZ_002	1508716800	2190_a	35554.109375	205965.453125	210.087493896484	0.0465889149441709	0.054216	0.1466	1
WV_IJZ_002	1511136000	2190_a	35554.109375	205965.453125	210.087493896484	0.0388240957868091	0.058734	0.2279	1
WV_IJZ_002	1516579200	2190_a	35554.109375	205965.453125	210.087493896484	0.108707468203066	0.431469	0.11	1
WV_IJZ_002	1517788800	2190_a	35554.109375	205965.453125	210.087493896484	0.0388240957868091	0.171684	0.035	1
WV_IJZ_002	1522713600	2190_a	35554.109375	205965.453125	210.087493896484	0.0388240957868091	0.300447	0.108	1
WV_IJZ_002	1523923200	2190_a	35554.109375	205965.453125	210.087493896484	0.0388240957868091	0.038403	0.0855	1
WV_IJZ_002	1526947200	2190_a	35554.109375	205965.453125	210.087493896484	0.0388240957868091	0.051957	0.0765	1
WV_KPV_001	1497830400	3150	71202.4921875	201518.609375	707.55908203125	0.100942649045704	0.09036	0.387	1
WV_KPV_001	1499126400	3150	71202.4921875	201518.609375	707.55908203125	0.0388240957868091	0.040662	0.4326	1
WV_KPV_001	1502064000	3150	71202.4921875	201518.609375	707.55908203125	0.147531563989875	0.081324	0.591	1
WV_KPV_001	1506384000	3150	71202.4921875	201518.609375	707.55908203125	0.0621185532588946	0.060993	0.37	1
WV_KPV_001	1508198400	3150	71202.4921875	201518.609375	707.55908203125	0.0621185532588946	0.056475	0.4643	1
WV_KPV_001	1509926400	3150	71202.4921875	201518.609375	707.55908203125	0.186355659776684	0.054216	0.439	1
WV_KPV_001	1512345600	3150	71202.4921875	201518.609375	707.55908203125	0.0698833724162564	0.146835	0.7946	1
WV_KPV_001	1514851200	3150	71202.4921875	201518.609375	707.55908203125	0.698833724162564	1.949517	0.514	1
WV_KPV_001	1517184000	3150	71202.4921875	201518.609375	707.55908203125	0.17082602146196	0.433728	0.424	1
WV_KPV_001	1518480000	3150	71202.4921875	201518.609375	707.55908203125	0.0931778298883419	0.178461	0.5243	1
WV_KPV_001	1523836800	3150	71202.4921875	201518.609375	707.55908203125	0.0388240957868091	0.074547	0.5507	1
WV_KPV_001	1526342400	3150	71202.4921875	201518.609375	707.55908203125	0.0388240957868091	0.040662	0.6195	1
WV_LEI_001	1465171200	3150	72808.359375	205803.96875	2716.8681640625	0.108707468203066	0.246231	0.236	1
WV_LEI_001	1467676800	3150	72808.359375	205803.96875	2716.8681640625	0.0776481915736183	0.02259	0.2893	1
WV_LEI_001	1470700800	3150	72808.359375	205803.96875	2716.8681640625	0.0698833724162564	0.02259	0.1844	1
WV_LEI_001	1473724800	3150	72808.359375	205803.96875	2716.8681640625	0.155296383147237	0.02259	0.1955	1
WV_LEI_001	1476144000	3150	72808.359375	205803.96875	2716.8681640625	0.0698833724162564	0.027108	0.1026	1
WV_LEI_001	1478563200	3150	72808.359375	205803.96875	2716.8681640625	0.194120478934046	0.047439	0.2991	1
WV_LEI_001	1480377600	3150	72808.359375	205803.96875	2716.8681640625	0.0776481915736183	0.128763	0.0866	1
WV_LEI_001	1483401600	3150	72808.359375	205803.96875	2716.8681640625	0.116472287360427	0.079065	0.1539	1
WV_LEI_001	1487030400	3150	72808.359375	205803.96875	2716.8681640625	0.0543537341015328	0.153612	0.0767	1
WV_LEI_001	1489449600	3150	72808.359375	205803.96875	2716.8681640625	0.0621185532588946	0.063252	0.0884	1
WV_LEI_001	1491264000	3150	72808.359375	205803.96875	2716.8681640625	0.0931778298883419	0.060993	0.2006	1
WV_LEI_001	1494892800	3150	72808.359375	205803.96875	2716.8681640625	0.0465889149441709	0.074547	0.163	1
WV_LEI_003	1497830400	3150	73042.921875	205622.390625	151.994033813477	0.0465889149441709	0.054216	0.12	1
WV_LEI_003	1499126400	3150	73042.921875	205622.390625	151.994033813477	0.0388240957868091	0.036144	0.0793	1
WV_LEI_003	1502064000	3150	73042.921875	205622.390625	151.994033813477	0.0465889149441709	0.031626	0.02	1
WV_LEI_003	1506384000	3150	73042.921875	205622.390625	151.994033813477	0.0388240957868091	0.072288	0.043	1
WV_LEI_003	1509926400	3150	73042.921875	205622.390625	151.994033813477	0.0465889149441709	0.056475	0.02	1
WV_LEI_003	1512345600	3150	73042.921875	205622.390625	151.994033813477	0.0388240957868091	0.040662	0.0435	1
WV_LEI_003	1514851200	3150	73042.921875	205622.390625	151.994033813477	0.0465889149441709	3.399795	0.1914	1
WV_LEI_003	1517184000	3150	73042.921875	205622.390625	151.994033813477	0.0388240957868091	0.031626	0.02	1
WV_LEI_003	1518480000	3150	73042.921875	205622.390625	151.994033813477	0.0543537341015328	0.038403	0.02	1
WV_LEI_003	1523836800	3150	73042.921875	205622.390625	151.994033813477	0.0388240957868091	0.06777	0.0644	1
WV_LEI_003	1526342400	3150	73042.921875	205622.390625	151.994033813477	0.0388240957868091	0.060993	0.1332	1
WV_LEP_003	1529366400	2190_a	34738.79296875	204460.8125	1372.38110351562	0.116472287360427	0.024849	0.0446	1
WV_LEP_003	1531094400	2190_a	34738.79296875	204460.8125	1372.38110351562	0.163061202304598	0.031626	0.0516	1
WV_LEP_003	1534723200	2190_a	34738.79296875	204460.8125	1372.38110351562	0.0698833724162564	0.038403	0.0275	1
WV_LEP_003	1535932800	2190_a	34738.79296875	204460.8125	1372.38110351562	0.0698833724162564	0.060993	0.0264	1
WV_LEP_003	1539648000	2190_a	34738.79296875	204460.8125	1372.38110351562	0.209650117248769	0.115209	0.0377	1
WV_LEP_003	1543276800	2190_a	34738.79296875	204460.8125	1372.38110351562	1.85579177860948	0.537642	0.0228	1
WV_LEP_003	1544486400	2190_a	34738.79296875	204460.8125	1372.38110351562	1.27343034180734	1.165644	0.0232	1
WV_LEP_007	1497916800	2190_a	34773.82421875	204578.921875	815.292419433594	0.0543537341015328	0.060993	0.146	1
WV_LEP_007	1500940800	2190_a	34773.82421875	204578.921875	815.292419433594	1.90238069355365	0.04518	0.54	1
WV_LEP_007	1503964800	2190_a	34773.82421875	204578.921875	815.292419433594	0.0388240957868091	0.051957	0.02	1
WV_LEP_007	1506902400	2190_a	34773.82421875	204578.921875	815.292419433594	0.0621185532588946	0.049698	0.052	1
WV_LEP_007	1508716800	2190_a	34773.82421875	204578.921875	815.292419433594	0.0388240957868091	0.027108	0.02	1
WV_LEP_007	1511136000	2190_a	34773.82421875	204578.921875	815.292419433594	0.0388240957868091	0.029367	0.02	1
WV_LEP_007	1515369600	2190_a	34773.82421875	204578.921875	815.292419433594	0.0388240957868091	0.031626	0.0407	1
WV_LEP_007	1517788800	2190_a	34773.82421875	204578.921875	815.292419433594	0.0388240957868091	0.031626	0.02	1
WV_LEP_007	1522713600	2190_a	34773.82421875	204578.921875	815.292419433594	0.0388240957868091	0.121986	0.06	1
WV_LEP_007	1523923200	2190_a	34773.82421875	204578.921875	815.292419433594	0.0388240957868091	0.031626	0.0831	1
WV_LEP_007	1526947200	2190_a	34773.82421875	204578.921875	815.292419433594	0.0388240957868091	0.027108	0.0559	1
WV_LEP_007	1535932800	2190_a	34773.82421875	204578.921875	815.292419433594	0.0388240957868091	0.036144	0.0457	1
WV_MDH_002	1500854400	3130_aom	51232.34375	183677.796875	3423.07397460938	0.0621185532588946	0.051957	0.033	1
WV_MDH_002	1500854400	3140	51232.34375	183677.796875	3423.07397460938	0.0621185532588946	0.051957	0.033	1
WV_MDH_002	1503878400	3130_aom	51232.34375	183677.796875	3423.07397460938	0.201885298091407	0.094878	0.072	1
WV_MDH_002	1503878400	3140	51232.34375	183677.796875	3423.07397460938	0.201885298091407	0.094878	0.072	1
WV_MDH_002	1506297600	3130_aom	51232.34375	183677.796875	3423.07397460938	1.06378022455857	0.234936	0.174	1
WV_MDH_002	1506297600	3140	51232.34375	183677.796875	3423.07397460938	1.06378022455857	0.234936	0.174	1
WV_MDH_002	1508803200	3130_aom	51232.34375	183677.796875	3423.07397460938	1.84026214029475	0.153612	0.4373	1
WV_MDH_002	1508803200	3140	51232.34375	183677.796875	3423.07397460938	1.84026214029475	0.153612	0.4373	1
WV_MDH_002	1511740800	3130_aom	51232.34375	183677.796875	3423.07397460938	0.17082602146196	0.133281	0.15	1
WV_MDH_002	1511740800	3140	51232.34375	183677.796875	3423.07397460938	0.17082602146196	0.133281	0.15	1
WV_MDH_002	1516665600	3130_aom	51232.34375	183677.796875	3423.07397460938	0.0388240957868091	0.04518	0.037	1
WV_MDH_002	1516665600	3140	51232.34375	183677.796875	3423.07397460938	0.0388240957868091	0.04518	0.037	1
WV_MDH_002	1518393600	3130_aom	51232.34375	183677.796875	3423.07397460938	0.0388240957868091	0.040662	0.0356	1
WV_MDH_002	1518393600	3140	51232.34375	183677.796875	3423.07397460938	0.0388240957868091	0.040662	0.0356	1
WV_MDH_002	1524441600	3130_aom	51232.34375	183677.796875	3423.07397460938	0.0388240957868091	0.056475	0.063	1
WV_MDH_002	1524441600	3140	51232.34375	183677.796875	3423.07397460938	0.0388240957868091	0.056475	0.063	1
WV_MDH_002	1527552000	3130_aom	51232.34375	183677.796875	3423.07397460938	0.0388240957868091	0.047439	0.0447	1
WV_MDH_002	1527552000	3140	51232.34375	183677.796875	3423.07397460938	0.0388240957868091	0.047439	0.0447	1
WV_MDH_002	1529884800	3130_aom	51232.34375	183677.796875	3423.07397460938	0.0465889149441709	0.038403	0.0246	1
WV_MDH_002	1529884800	3140	51232.34375	183677.796875	3423.07397460938	0.0465889149441709	0.038403	0.0246	1
WV_MDH_003	1500854400	3130_aom	50460.52734375	184563.296875	368.814727783203	0.0543537341015328	0.065511	0.022	1
WV_MDH_003	1503878400	3130_aom	50460.52734375	184563.296875	368.814727783203	0.0698833724162564	0.076806	0.02	1
WV_MDH_003	1506297600	3130_aom	50460.52734375	184563.296875	368.814727783203	0.0543537341015328	0.085842	0.043	1
WV_MDH_003	1508803200	3130_aom	50460.52734375	184563.296875	368.814727783203	0.0543537341015328	0.063252	0.022	1
WV_MDH_003	1511740800	3130_aom	50460.52734375	184563.296875	368.814727783203	0.0388240957868091	0.063252	0.034	1
WV_MDH_003	1516665600	3130_aom	50460.52734375	184563.296875	368.814727783203	0.0388240957868091	0.058734	0.02	1
WV_MDH_003	1518393600	3130_aom	50460.52734375	184563.296875	368.814727783203	0.0388240957868091	0.06777	0.0278	1
WV_MDH_003	1524441600	3130_aom	50460.52734375	184563.296875	368.814727783203	0.0388240957868091	0.079065	0.0318	1
WV_MDH_003	1527552000	3130_aom	50460.52734375	184563.296875	368.814727783203	0.0543537341015328	0.063252	0.0313	1
WV_MDH_003	1529884800	3130_aom	50460.52734375	184563.296875	368.814727783203	0.0543537341015328	0.063252	0.02	1
WV_MDH_004	1500854400	3130_aom	51306.00390625	185174.078125	146.580917358398	0.0543537341015328	0.081324	0.056	1
WV_MDH_004	1503878400	3130_aom	51306.00390625	185174.078125	146.580917358398	0.0543537341015328	0.103914	0.036	1
WV_MDH_004	1506297600	3130_aom	51306.00390625	185174.078125	146.580917358398	0.0776481915736183	0.11295	0.02	1
WV_MDH_004	1508803200	3130_aom	51306.00390625	185174.078125	146.580917358398	0.0854130107309801	0.106173	0.0695	1
WV_MDH_004	1511740800	3130_aom	51306.00390625	185174.078125	146.580917358398	0.0776481915736183	0.092619	0.069	1
WV_MDH_004	1516665600	3130_aom	51306.00390625	185174.078125	146.580917358398	0.0388240957868091	0.058734	0.045	1
WV_MDH_004	1518393600	3130_aom	51306.00390625	185174.078125	146.580917358398	0.0388240957868091	0.06777	0.0347	1
WV_MDH_004	1524441600	3130_aom	51306.00390625	185174.078125	146.580917358398	0.0388240957868091	0.119727	0.0596	1
WV_MDH_004	1527552000	3130_aom	51306.00390625	185174.078125	146.580917358398	0.0388240957868091	0.060993	0.049	1
WV_MDH_004	1529884800	3130_aom	51306.00390625	185174.078125	146.580917358398	0.0543537341015328	0.058734	0.0629	1
WV_MID_001	1532908800	2190_a	42950.16796875	210669.578125	5891.4716796875	0.0388240957868091	0.038403	0.2016	1
WV_MID_001	1533600000	2190_a	42950.16796875	210669.578125	5891.4716796875	0.147531563989875	0.056475	0.3588	1
WV_MID_001	1536624000	2190_a	42950.16796875	210669.578125	5891.4716796875	0.442594691969624	0.076806	0.1472	1
WV_MID_001	1541462400	2190_a	42950.16796875	210669.578125	5891.4716796875	0.163061202304598	0.512793	0.0604	1
WV_MID_001	1543795200	2190_a	42950.16796875	210669.578125	5891.4716796875	0.0388240957868091	0.356922	0.0496	1
WV_MID_001	1545004800	2190_a	42950.16796875	210669.578125	5891.4716796875	0.0388240957868091	0.377253	0.0492	1
WV_NOD_010	1506902400	2190_a	28494.677734375	200246.90625	1900.87731933594	0.0698833724162564	0.072288	0.02	1
WV_NOD_010	1508716800	2190_a	28494.677734375	200246.90625	1900.87731933594	0.0543537341015328	0.070029	0.02	1
WV_NOD_010	1511136000	2190_a	28494.677734375	200246.90625	1900.87731933594	0.0388240957868091	0.029367	0.02	1
WV_NOD_010	1515369600	2190_a	28494.677734375	200246.90625	1900.87731933594	0.0388240957868091	0.033885	0.02	1
WV_NOD_010	1517788800	2190_a	28494.677734375	200246.90625	1900.87731933594	0.0388240957868091	0.029367	0.02	1
WV_NOD_010	1522713600	2190_a	28494.677734375	200246.90625	1900.87731933594	0.0388240957868091	0.115209	0.02	1
WV_NOD_010	1523923200	2190_a	28494.677734375	200246.90625	1900.87731933594	0.0388240957868091	0.036144	0.02	1
WV_NOD_010	1526947200	2190_a	28494.677734375	200246.90625	1900.87731933594	0.0698833724162564	0.09036	0.0247	1
WV_NOD_016	1529971200	2190_a	28715.5	200382.140625	327.978393554688	0.0388240957868091	0.04518	0.0632	1
WV_NOD_016	1532908800	2190_a	28715.5	200382.140625	327.978393554688	0.0543537341015328	0.664146	0.1237	1
WV_NOD_016	1534723200	2190_a	28715.5	200382.140625	327.978393554688	0.0465889149441709	0.06777	0.8681	1
WV_NOD_016	1535932800	2190_a	28715.5	200382.140625	327.978393554688	0.0543537341015328	0.036144	0.255	1
WV_NOD_016	1543276800	2190_a	28715.5	200382.140625	327.978393554688	0.108707468203066	0.036144	0.1095	1
WV_NOD_016	1544486400	2190_a	28715.5	200382.140625	327.978393554688	0.0931778298883419	0.063252	0.0846	1
WV_POB_001	1529884800	3130_aom	52891.51171875	172292.15625	133.000396728516	0.0543537341015328	0.031626	0.02	1
WV_POB_001	1532304000	3130_aom	52891.51171875	172292.15625	133.000396728516	0.0465889149441709	0.02259	0.0222	1
WV_POB_001	1534809600	3130_aom	52891.51171875	172292.15625	133.000396728516	0.0698833724162564	0.027108	0.02	1
WV_POB_001	1536019200	3130_aom	52891.51171875	172292.15625	133.000396728516	0.0388240957868091	0.027108	0.02	1
WV_POB_001	1539561600	3130_aom	52891.51171875	172292.15625	133.000396728516	0.0698833724162564	0.074547	0.02	1
WV_POB_001	1543881600	3130_aom	52891.51171875	172292.15625	133.000396728516	0.0465889149441709	0.169425	0.02	1
WV_POB_001	1545091200	3130_aom	52891.51171875	172292.15625	133.000396728516	0.512478064385881	0.359181	0.02	1
WV_SBE_001	1529366400	2190_a	38143.59375	205489.640625	2215.33178710938	0.0388240957868091	0.02259	1.5602	1
WV_SBE_001	1531094400	2190_a	38143.59375	205489.640625	2215.33178710938	0.854130107309801	0.036144	2.2674	1
WV_SBE_001	1533600000	2190_a	38143.59375	205489.640625	2215.33178710938	3.75040765300576	0.058734	1.3561	1
WV_SBE_001	1536624000	2190_a	38143.59375	205489.640625	2215.33178710938	0.72212818163465	0.056475	0.9895	1
WV_SBE_001	1541462400	2190_a	38143.59375	205489.640625	2215.33178710938	0.0388240957868091	0.02259	0.0824	1
WV_SBE_001	1543795200	2190_a	38143.59375	205489.640625	2215.33178710938	0.0388240957868091	0.02259	0.0601	1
WV_SBE_001	1545004800	2190_a	38143.59375	205489.640625	2215.33178710938	0.0388240957868091	0.040662	0.0929	1
WV_SBE_002	1529366400	2190_a	38591.99609375	205495.734375	107.696556091309	0.0388240957868091	0.02259	1.1526	1
WV_SBE_004	1529366400	2190_a	38630.29296875	205275.609375	107.010864257812	0.0776481915736183	0.033885	0.8403	1
WV_SBE_004	1531094400	2190_a	38630.29296875	205275.609375	107.010864257812	0.0465889149441709	0.029367	0.7033	1
WV_SBE_004	1533600000	2190_a	38630.29296875	205275.609375	107.010864257812	0.0854130107309801	0.04518	0.8544	1
WV_SBE_004	1536624000	2190_a	38630.29296875	205275.609375	107.010864257812	0.0388240957868091	0.04518	0.5218	1
WV_SBE_004	1541462400	2190_a	38630.29296875	205275.609375	107.010864257812	0.0543537341015328	0.04518	0.8123	1
WV_SBE_004	1543795200	2190_a	38630.29296875	205275.609375	107.010864257812	0.0388240957868091	0.02259	0.339	1
WV_SBE_004	1545004800	2190_a	38630.29296875	205275.609375	107.010864257812	0.0388240957868091	0.02259	0.3823	1
WV_TYD_007	1529971200	2190_a	33336.35546875	203866.859375	95.7875366210938	0.0388240957868091	0.02259	0.0728	1
WV_TYD_007	1532908800	2190_a	33336.35546875	203866.859375	95.7875366210938	0.0388240957868091	0.02259	0.0941	1
WV_TYD_007	1534723200	2190_a	33336.35546875	203866.859375	95.7875366210938	0.0388240957868091	0.036144	0.02	1
WV_TYD_007	1535932800	2190_a	33336.35546875	203866.859375	95.7875366210938	0.0388240957868091	0.040662	0.0615	1
WV_TYD_007	1539648000	2190_a	33336.35546875	203866.859375	95.7875366210938	0.0931778298883419	0.051957	0.02	1
WV_TYD_007	1543276800	2190_a	33336.35546875	203866.859375	95.7875366210938	0.0388240957868091	0.02259	0.039	1
WV_TYD_007	1544486400	2190_a	33336.35546875	203866.859375	95.7875366210938	0.0388240957868091	0.124245	0.0335	1
WV_TYD_009	1529971200	2190_a	32512.6484375	203691.53125	234.076705932617	0.0388240957868091	0.033885	0.0451	1
WV_TYD_009	1532908800	2190_a	32512.6484375	203691.53125	234.076705932617	0.0388240957868091	0.024849	0.0374	1
WV_TYD_009	1534723200	2190_a	32512.6484375	203691.53125	234.076705932617	0.0388240957868091	0.027108	0.0264	1
WV_TYD_009	1535932800	2190_a	32512.6484375	203691.53125	234.076705932617	0.0388240957868091	0.036144	0.0292	1
WV_TYD_009	1544486400	2190_a	32512.6484375	203691.53125	234.076705932617	0.0854130107309801	0.054216	0.0364	1
WV_TYD_017	1532908800	2190_a	33019.046875	202448.78125	75.3778991699219	0.302827947137111	0.076806	0.3702	1
WV_TYD_017	1535932800	2190_a	33019.046875	202448.78125	75.3778991699219	0.0388240957868091	0.04518	0.3289	1
WV_TYD_017	1544486400	2190_a	33019.046875	202448.78125	75.3778991699219	0.0854130107309801	0.106173	0.0702	1
WV_VLO_001	1401062400	3130_aom	60954.16015625	205734.296875	1490.62915039062	0.0776481915736183	0.042921	NA	1
WV_VLO_001	1403568000	3130_aom	60954.16015625	205734.296875	1490.62915039062	0.0776481915736183	0.024849	NA	1
WV_VLO_001	1406073600	3130_aom	60954.16015625	205734.296875	1490.62915039062	0.0776481915736183	0.040662	NA	1
WV_VLO_001	1409011200	3130_aom	60954.16015625	205734.296875	1490.62915039062	0.0776481915736183	0.038403	NA	1
WV_VLO_001	1411948800	3130_aom	60954.16015625	205734.296875	1490.62915039062	0.0776481915736183	0.024849	NA	1
WV_VLO_001	1416268800	3130_aom	60954.16015625	205734.296875	1490.62915039062	0.155296383147237	0.094878	NA	1
WV_VLO_002	1401062400	3130_aom	61406.33203125	205189.25	4473.4013671875	0.0776481915736183	0.06777	NA	1
WV_VLO_002	1403568000	3130_aom	61406.33203125	205189.25	4473.4013671875	0.147531563989875	0.060993	NA	1
WV_VLO_002	1406073600	3130_aom	61406.33203125	205189.25	4473.4013671875	0.0776481915736183	0.079065	NA	1
WV_VLO_002	1409011200	3130_aom	61406.33203125	205189.25	4473.4013671875	0.0776481915736183	0.085842	NA	1
WV_VLO_002	1411948800	3130_aom	61406.33203125	205189.25	4473.4013671875	0.116472287360427	0.106173	NA	1
WV_VLO_002	1416268800	3130_aom	61406.33203125	205189.25	4473.4013671875	0.496948426071157	0.081324	NA	1
WV_VLO_003	1401062400	3130_aom	61525.1328125	205060.953125	2392.74877929688	0.0776481915736183	0.029367	NA	1
WV_VLO_003	1403568000	3130_aom	61525.1328125	205060.953125	2392.74877929688	0.0776481915736183	0.042921	NA	1
WV_VLO_003	1406073600	3130_aom	61525.1328125	205060.953125	2392.74877929688	0.0776481915736183	0.058734	NA	1
WV_VLO_003	1409011200	3130_aom	61525.1328125	205060.953125	2392.74877929688	0.0776481915736183	0.031626	NA	1
WV_VLO_003	1411948800	3130_aom	61525.1328125	205060.953125	2392.74877929688	0.0776481915736183	0.024849	NA	1
WV_VLO_003	1416268800	3130_aom	61525.1328125	205060.953125	2392.74877929688	0.0776481915736183	0.038403	NA	1
WV_WAD_002	1529366400	2190_a	39971.7578125	208759.921875	25.132152557373	0.0388240957868091	0.033885	0.1162	1
WV_WAD_002	1531094400	2190_a	39971.7578125	208759.921875	25.132152557373	0.0465889149441709	0.054216	0.0604	1
WV_WAD_002	1543795200	2190_a	39971.7578125	208759.921875	25.132152557373	0.0388240957868091	0.024849	0.0253	1
WV_WAD_002	1545004800	2190_a	39971.7578125	208759.921875	25.132152557373	0.0388240957868091	0.083583	0.0227	1
WV_WAD_004	1529366400	2190_a	39929.9140625	208582.921875	373.146057128906	0.0388240957868091	0.02259	0.0536	1
WV_WAD_004	1531094400	2190_a	39929.9140625	208582.921875	373.146057128906	0.0388240957868091	0.029367	0.3137	1
WV_WAD_004	1545004800	2190_a	39929.9140625	208582.921875	373.146057128906	0.0388240957868091	0.056475	0.0482	1
WV_WES_003	1534809600	2190_a	23331.56640625	198202.3125	184.321258544922	22.0365567685929	0.088101	1.1351	1
WV_WES_003	1536624000	2190_a	23331.56640625	198202.3125	184.321258544922	3.91346885531036	0.09036	2.2184	1
WV_WES_003	1538956800	2190_a	23331.56640625	198202.3125	184.321258544922	2.40709393878217	0.106173	3.3737	1
WV_WES_003	1543190400	2190_a	23331.56640625	198202.3125	184.321258544922	1.17248769276164	0.11295	1.3628	1
WV_WES_003	1544486400	2190_a	23331.56640625	198202.3125	184.321258544922	0.0388240957868091	0.146835	0.8516	1
WV_WES_006	1529280000	2190_a	23164.548828125	198289.75	136.630355834961	0.0388240957868091	0.040662	0.0477	1
WV_WES_006	1530576000	2190_a	23164.548828125	198289.75	136.630355834961	0.0543537341015328	0.049698	0.0271	1
WV_WES_006	1544486400	2190_a	23164.548828125	198289.75	136.630355834961	1.02495612877176	0.173943	0.1682	1
WV_WES_007	1529280000	2190_a	23183.142578125	198201.25	127.996109008789	0.0465889149441709	0.031626	0.0655	1
WV_WES_007	1530576000	2190_a	23183.142578125	198201.25	127.996109008789	0.0698833724162564	0.056475	0.0291	1
WV_WES_007	1534809600	2190_a	23183.142578125	198201.25	127.996109008789	0.155296383147237	0.049698	0.0586	1
WV_WES_007	1536624000	2190_a	23183.142578125	198201.25	127.996109008789	0.0776481915736183	0.033885	0.0599	1
WV_WES_007	1543190400	2190_a	23183.142578125	198201.25	127.996109008789	5.22572329290451	0.047439	0.4538	1
WV_WES_007	1544486400	2190_a	23183.142578125	198201.25	127.996109008789	1.04048576708648	0.239454	0.0963	1
WV_WES_009	1529280000	2190_a	23089.466796875	198249.765625	82.3178253173828	0.0388240957868091	0.038403	0.0339	1
WV_WES_012	1529280000	2190_a	22869.56640625	198422.484375	90.9928131103516	0.0621185532588946	0.058734	0.0367	1
WV_WES_012	1530576000	2190_a	22869.56640625	198422.484375	90.9928131103516	0.0465889149441709	0.074547	0.02	1
WV_WES_012	1534809600	2190_a	22869.56640625	198422.484375	90.9928131103516	1.09483950118802	0.133281	0.0341	1
WV_WES_012	1536624000	2190_a	22869.56640625	198422.484375	90.9928131103516	1.39766744832513	0.140058	0.0637	1
WV_WES_012	1544486400	2190_a	22869.56640625	198422.484375	90.9928131103516	0.737657819949373	0.377253	0.1918	1
WV_WES_014	1529280000	2190_a	22798.794921875	198419.296875	114.774253845215	0.0388240957868091	0.036144	0.0377	1
WV_WES_018	1529280000	2190_a	22781.501953125	199064.296875	191.410125732422	0.0388240957868091	0.040662	0.0266	1
WV_WES_018	1530576000	2190_a	22781.501953125	199064.296875	191.410125732422	0.0621185532588946	0.070029	0.0219	1
WV_WES_018	1534809600	2190_a	22781.501953125	199064.296875	191.410125732422	0.0388240957868091	0.031626	0.1336	1
WV_WES_018	1536624000	2190_a	22781.501953125	199064.296875	191.410125732422	0.0776481915736183	0.054216	0.0971	1
WV_WES_018	1538956800	2190_a	22781.501953125	199064.296875	191.410125732422	0.481418787756433	0.036144	0.216	1
WV_WES_018	1543190400	2190_a	22781.501953125	199064.296875	191.410125732422	1.61508238473126	0.040662	0.2071	1
WV_WES_031	1529280000	2190_a	22723.33203125	199089.015625	345.088287353516	0.0388240957868091	0.036144	0.0413	1
WV_WES_031	1530576000	2190_a	22723.33203125	199089.015625	345.088287353516	0.0388240957868091	0.04518	0.0317	1
WV_WES_038	1497916800	2190_a	24306.9375	199038.671875	11789.6806640625	0.0698833724162564	0.036144	0.021	1
WV_WES_038	1500940800	2190_a	24306.9375	199038.671875	11789.6806640625	0.0854130107309801	0.033885	0.035	1
WV_WES_038	1503964800	2190_a	24306.9375	199038.671875	11789.6806640625	0.0388240957868091	0.024849	0.02	1
WV_WES_038	1506902400	2190_a	24306.9375	199038.671875	11789.6806640625	0.0388240957868091	0.033885	0.02	1
WV_WES_038	1508716800	2190_a	24306.9375	199038.671875	11789.6806640625	0.0388240957868091	0.031626	0.02	1
WV_WES_038	1511136000	2190_a	24306.9375	199038.671875	11789.6806640625	0.0388240957868091	0.027108	0.4158	1
WV_WES_038	1515369600	2190_a	24306.9375	199038.671875	11789.6806640625	0.0388240957868091	0.04518	0.02	1
WV_WES_038	1517788800	2190_a	24306.9375	199038.671875	11789.6806640625	0.0388240957868091	0.027108	0.02	1
WV_WES_038	1522713600	2190_a	24306.9375	199038.671875	11789.6806640625	0.0465889149441709	0.09036	0.02	1
WV_WES_038	1523923200	2190_a	24306.9375	199038.671875	11789.6806640625	0.0388240957868091	0.04518	0.0219	1
WV_WES_038	1526947200	2190_a	24306.9375	199038.671875	11789.6806640625	0.0388240957868091	0.036144	0.0238	1
WV_WES_044	1529280000	2190_a	23869.7734375	198223.09375	125.829216003418	0.0388240957868091	0.024849	0.0863	1
WV_ZEB_001	1530489600	2190_a	65181.39453125	224203.09375	4237.18115234375	0.0388240957868091	0.027108	0.0255	1
WV_ZEB_001	1532390400	2190_a	65181.39453125	224203.09375	4237.18115234375	0.0465889149441709	0.04518	0.0241	1
WV_ZEB_001	1535414400	2190_a	65181.39453125	224203.09375	4237.18115234375	0.0388240957868091	0.042921	0.162	1
WV_ZEB_001	1537747200	2190_a	65181.39453125	224203.09375	4237.18115234375	0.0388240957868091	0.108432	0.0964	1
WV_ZEB_001	1541462400	2190_a	65181.39453125	224203.09375	4237.18115234375	0.489183606913795	0.085842	0.0891	1
WV_ZEB_001	1543276800	2190_a	65181.39453125	224203.09375	4237.18115234375	0.745422639106735	0.176202	0.097	1
WV_ZEB_001	1545004800	2190_a	65181.39453125	224203.09375	4237.18115234375	0.357181681238644	0.169425	0.028	1
WV_ZEB_003	1530489600	2190_a	65559.6953125	224346.390625	10080.1962890625	0.0388240957868091	0.031626	0.0325	1
WV_ZEB_003	1532390400	2190_a	65559.6953125	224346.390625	10080.1962890625	0.0388240957868091	0.029367	0.0313	1
WV_ZEB_003	1535414400	2190_a	65559.6953125	224346.390625	10080.1962890625	0.0388240957868091	0.042921	0.0324	1
WV_ZEB_003	1537747200	2190_a	65559.6953125	224346.390625	10080.1962890625	0.0388240957868091	0.295929	0.0283	1
WV_ZEB_003	1541462400	2190_a	65559.6953125	224346.390625	10080.1962890625	0.0465889149441709	0.042921	0.02	1
WV_ZEB_003	1543276800	2190_a	65559.6953125	224346.390625	10080.1962890625	0.0698833724162564	0.056475	0.033	1
WV_ZEB_003	1545004800	2190_a	65559.6953125	224346.390625	10080.1962890625	0.100942649045704	0.101655	0.0275	1
WV_ZEB_004	1497916800	2190_a	65703.5390625	224411.265625	15409.4033203125	0.0931778298883419	0.101655	0.141	1
WV_ZEB_004	1499644800	2190_a	65703.5390625	224411.265625	15409.4033203125	0.481418787756433	0.04518	0.1218	1
WV_ZEB_004	1501545600	2190_a	65703.5390625	224411.265625	15409.4033203125	0.0931778298883419	0.038403	0.0898	1
WV_ZEB_004	1507593600	2190_a	65703.5390625	224411.265625	15409.4033203125	0.248474213035578	0.117468	0.0679	1
WV_ZEB_004	1510012800	2190_a	65703.5390625	224411.265625	15409.4033203125	0.186355659776684	0.458577	0.033	1
WV_ZEB_004	1514937600	2190_a	65703.5390625	224411.265625	15409.4033203125	0.0388240957868091	0.241713	0.0265	1
WV_ZEB_004	1518480000	2190_a	65703.5390625	224411.265625	15409.4033203125	0.0698833724162564	0.024849	0.0426	1
WV_ZEB_004	1520294400	2190_a	65703.5390625	224411.265625	15409.4033203125	0.0388240957868091	0.029367	0.059	1
WV_ZEB_004	1522800000	2190_a	65703.5390625	224411.265625	15409.4033203125	0.0388240957868091	0.02259	0.103	1
WV_ZEB_004	1526342400	2190_a	65703.5390625	224411.265625	15409.4033203125	0.0388240957868091	0.024849	0.1025	1
WV_ZEB_007	1497916800	2190_a	66551.1328125	224715.78125	31753.810546875	0.0388240957868091	0.110691	0.067	1
WV_ZEB_007	1499644800	2190_a	66551.1328125	224715.78125	31753.810546875	0.364946500396006	0.049698	0.0734	1
WV_ZEB_007	1501545600	2190_a	66551.1328125	224715.78125	31753.810546875	0.0388240957868091	0.054216	0.1817	1
WV_ZEB_007	1507593600	2190_a	66551.1328125	224715.78125	31753.810546875	0.225179755563493	0.049698	0.026	1
WV_ZEB_007	1510012800	2190_a	66551.1328125	224715.78125	31753.810546875	0.100942649045704	0.047439	0.02	1
WV_ZEB_007	1514937600	2190_a	66551.1328125	224715.78125	31753.810546875	0.116472287360427	0.216864	0.0368	1
WV_ZEB_007	1518480000	2190_a	66551.1328125	224715.78125	31753.810546875	0.0621185532588946	0.205569	0.0234	1
WV_ZEB_007	1520294400	2190_a	66551.1328125	224715.78125	31753.810546875	0.0388240957868091	0.072288	0.052	1
WV_ZEB_007	1522800000	2190_a	66551.1328125	224715.78125	31753.810546875	0.0388240957868091	0.024849	0.025	1
WV_ZEB_007	1526342400	2190_a	66551.1328125	224715.78125	31753.810546875	0.0388240957868091	0.038403	0.0653	1
WV_ZGV_001	1465171200	3130_aom	70234.84375	197822.828125	5300.826171875	0.628950351746308	0.228159	0.0511	1
WV_ZGV_001	1467676800	3130_aom	70234.84375	197822.828125	5300.826171875	0.0854130107309801	0.02259	0.0602	1
WV_ZGV_001	1470700800	3130_aom	70234.84375	197822.828125	5300.826171875	0.0543537341015328	0.02259	0.0302	1
WV_ZGV_001	1473724800	3130_aom	70234.84375	197822.828125	5300.826171875	0.271768670507664	0.02259	0.0498	1
WV_ZGV_001	1476144000	3130_aom	70234.84375	197822.828125	5300.826171875	0.0388240957868091	0.02259	0.1028	1
WV_ZGV_001	1478563200	3130_aom	70234.84375	197822.828125	5300.826171875	0.481418787756433	0.02259	0.0969	1
WV_ZGV_001	1480377600	3130_aom	70234.84375	197822.828125	5300.826171875	0.481418787756433	0.092619	0.0467	1
WV_ZGV_001	1483401600	3130_aom	70234.84375	197822.828125	5300.826171875	0.652244809218393	0.079065	0.0867	1
WV_ZGV_001	1487030400	3130_aom	70234.84375	197822.828125	5300.826171875	0.240709393878217	0.142317	0.0674	1
WV_ZGV_001	1489449600	3130_aom	70234.84375	197822.828125	5300.826171875	0.240709393878217	0.142317	0.0394	1
WV_ZGV_001	1491264000	3130_aom	70234.84375	197822.828125	5300.826171875	0.0854130107309801	0.065511	0.0552	1
WV_ZGV_001	1494892800	3130_aom	70234.84375	197822.828125	5300.826171875	0.0698833724162564	0.106173	0.092	1
WV_ZWI_006	1529884800	2190_a	78216.5234375	228238.546875	141.998794555664	0.0388240957868091	0.024849	0.0538	1
WV_ZWI_006	1531094400	2190_a	78216.5234375	228238.546875	141.998794555664	0.0388240957868091	0.040662	0.0281	1
WV_ZWI_006	1533600000	2190_a	78216.5234375	228238.546875	141.998794555664	0.0388240957868091	0.031626	0.0428	1
WV_ZWI_006	1537833600	2190_a	78216.5234375	228238.546875	141.998794555664	0.0388240957868091	0.040662	0.0712	1
WV_ZWI_006	1539561600	2190_a	78216.5234375	228238.546875	141.998794555664	0.100942649045704	0.054216	0.0507	1
WV_ZWI_006	1542672000	2190_a	78216.5234375	228238.546875	141.998794555664	0.0854130107309801	0.024849	0.036	1
WV_ZWI_006	1544400000	2190_a	78216.5234375	228238.546875	141.998794555664	0.0388240957868091	0.054216	0.0372	1
WV_ZWI_008	1529884800	2190_a	78264.859375	228107.046875	3164.97265625	0.0388240957868091	0.040662	0.0276	1
WV_ZWI_008	1531094400	2190_a	78264.859375	228107.046875	3164.97265625	0.0465889149441709	0.081324	0.02	1
WV_ZWI_008	1533600000	2190_a	78264.859375	228107.046875	3164.97265625	0.0388240957868091	0.024849	0.0314	1
WV_ZWI_008	1537833600	2190_a	78264.859375	228107.046875	3164.97265625	0.0388240957868091	0.029367	0.0625	1
WV_ZWI_008	1539561600	2190_a	78264.859375	228107.046875	3164.97265625	0.108707468203066	0.047439	0.02	1
WV_ZWI_008	1542672000	2190_a	78264.859375	228107.046875	3164.97265625	0.155296383147237	0.02259	0.0367	1
WV_ZWI_008	1544400000	2190_a	78264.859375	228107.046875	3164.97265625	0.0388240957868091	0.246231	0.034	1
WV_ZWI_011	1529884800	2190_a	77460.4453125	228294.234375	890.821960449219	0.0388240957868091	0.038403	0.0261	1
WV_ZWI_011	1531094400	2190_a	77460.4453125	228294.234375	890.821960449219	0.0388240957868091	0.065511	0.02	1
WV_ZWI_011	1535328000	2190_a	77460.4453125	228294.234375	890.821960449219	0.0388240957868091	0.051957	0.0232	1
WV_ZWI_011	1537833600	2190_a	77460.4453125	228294.234375	890.821960449219	0.0388240957868091	0.196533	0.02	1
WV_ZWI_011	1539561600	2190_a	77460.4453125	228294.234375	890.821960449219	0.0698833724162564	0.056475	0.02	1
WV_ZWI_011	1542672000	2190_a	77460.4453125	228294.234375	890.821960449219	0.0621185532588946	0.02259	0.02	1
WV_ZWI_011	1544400000	2190_a	77460.4453125	228294.234375	890.821960449219	0.0388240957868091	0.042921	0.02	1
WV_ZWI_012	1529884800	2190_a	77507.0625	227732.671875	257.820434570312	0.0776481915736183	0.02259	0.0537	1
WV_ZWI_012	1531094400	2190_a	77507.0625	227732.671875	257.820434570312	2.23626791732021	0.072288	0.1862	1
WV_ZWI_012	1535328000	2190_a	77507.0625	227732.671875	257.820434570312	0.0543537341015328	0.142317	0.9639	1
WV_ZWI_012	1537833600	2190_a	77507.0625	227732.671875	257.820434570312	0.232944574720855	0.074547	0.8436	1
WV_ZWI_012	1539561600	2190_a	77507.0625	227732.671875	257.820434570312	1.13366359697483	0.201051	0.3244	1
WV_ZWI_012	1542672000	2190_a	77507.0625	227732.671875	257.820434570312	3.4165204292392	0.110691	0.1146	1
WV_ZWI_012	1544400000	2190_a	77507.0625	227732.671875	257.820434570312	1.84802695945211	0.153612	0.0531	1
WV_ZWI_013	1499644800	2190_a	78536.609375	228424.375	89.6896591186523	0.815306011522992	0.079065	0.3075	1
WV_ZWI_013	1508198400	2190_a	78536.609375	228424.375	89.6896591186523	0.132001925675151	0.06777	0.0553	1
WV_ZWI_013	1511222400	2190_a	78536.609375	228424.375	89.6896591186523	0.0388240957868091	0.031626	0.02	1
WV_ZWI_013	1516060800	2190_a	78536.609375	228424.375	89.6896591186523	0.0388240957868091	0.033885	0.021	1
WV_ZWI_013	1519689600	2190_a	78536.609375	228424.375	89.6896591186523	0.0465889149441709	0.040662	0.034	1
WV_ZWI_013	1522022400	2190_a	78536.609375	228424.375	89.6896591186523	0.0465889149441709	0.185238	0.027	1
WV_ZWI_013	1524528000	2190_a	78536.609375	228424.375	89.6896591186523	0.0388240957868091	0.092619	0.0436	1
WV_ZWI_013	1529971200	2190_a	78536.609375	228424.375	89.6896591186523	0.0388240957868091	0.031626	0.0519	1
WV_ZWI_040	1497916800	2190_a	77259.2578125	228112.703125	189.883438110352	0.0776481915736183	0.031626	0.051	1
WV_ZWI_040	1499644800	2190_a	77259.2578125	228112.703125	189.883438110352	0.450359511126986	0.036144	0.0388	1
WV_ZWI_040	1501545600	2190_a	77259.2578125	228112.703125	189.883438110352	0.0698833724162564	0.031626	0.0554	1
WV_ZWI_040	1504569600	2190_a	77259.2578125	228112.703125	189.883438110352	0.0388240957868091	0.072288	0.0409	1
WV_ZWI_040	1508198400	2190_a	77259.2578125	228112.703125	189.883438110352	0.116472287360427	0.031626	0.03	1
WV_ZWI_040	1510012800	2190_a	77259.2578125	228112.703125	189.883438110352	0.0931778298883419	0.042921	0.027	1
WV_ZWI_040	1514937600	2190_a	77259.2578125	228112.703125	189.883438110352	0.0543537341015328	0.04518	0.02	1
WV_ZWI_040	1518480000	2190_a	77259.2578125	228112.703125	189.883438110352	0.0543537341015328	0.02259	0.02	1
WV_ZWI_040	1520294400	2190_a	77259.2578125	228112.703125	189.883438110352	0.0388240957868091	0.036144	0.037	1
WV_ZWI_040	1522800000	2190_a	77259.2578125	228112.703125	189.883438110352	0.0388240957868091	0.031626	0.02	1
WV_ZWI_040	1526342400	2190_a	77259.2578125	228112.703125	189.883438110352	0.0388240957868091	0.02259	0.0317	1
WV_ZWI_042	1529884800	2190_a	77983.7890625	228521.921875	169.672210693359	0.0388240957868091	0.02259	0.0251	1
WV_ZWI_042	1531094400	2190_a	77983.7890625	228521.921875	169.672210693359	0.0621185532588946	0.228159	0.0212	1
WV_ZWI_042	1535328000	2190_a	77983.7890625	228521.921875	169.672210693359	0.0388240957868091	0.027108	0.02	1
WV_ZWI_042	1537833600	2190_a	77983.7890625	228521.921875	169.672210693359	0.0388240957868091	0.162648	0.02	1
WV_ZWI_042	1539561600	2190_a	77983.7890625	228521.921875	169.672210693359	0.0621185532588946	0.047439	0.02	1
WV_ZWI_042	1542672000	2190_a	77983.7890625	228521.921875	169.672210693359	0.100942649045704	0.024849	0.022	1
WV_ZWI_042	1544400000	2190_a	77983.7890625	228521.921875	169.672210693359	0.0388240957868091	0.29367	0.02	1
WV_ZWI_043	1529884800	2190_a	77688.28125	228252.8125	131.682907104492	0.0388240957868091	0.029367	0.0381	1
WV_ZWI_043	1531094400	2190_a	77688.28125	228252.8125	131.682907104492	0.0465889149441709	0.058734	0.0277	1
WV_ZWI_043	1535328000	2190_a	77688.28125	228252.8125	131.682907104492	0.0388240957868091	0.049698	0.0575	1
WV_ZWI_043	1537833600	2190_a	77688.28125	228252.8125	131.682907104492	0.0388240957868091	0.192015	0.0348	1
WV_ZWI_043	1539561600	2190_a	77688.28125	228252.8125	131.682907104492	0.163061202304598	0.058734	0.029	1
WV_ZWI_043	1542672000	2190_a	77688.28125	228252.8125	131.682907104492	0.155296383147237	0.02259	0.0292	1
WV_ZWI_043	1544400000	2190_a	77688.28125	228252.8125	131.682907104492	0.0388240957868091	0.083583	0.0315	1
WV_ZWI_045	1529884800	2190_a	78093.9453125	228497.015625	140.512512207031	0.0621185532588946	0.038403	0.0381	1
WV_ZWI_045	1531094400	2190_a	78093.9453125	228497.015625	140.512512207031	0.0465889149441709	0.054216	0.02	1
WV_ZWI_045	1535328000	2190_a	78093.9453125	228497.015625	140.512512207031	0.0543537341015328	0.031626	0.0237	1
WV_ZWI_045	1537833600	2190_a	78093.9453125	228497.015625	140.512512207031	0.0388240957868091	0.063252	0.0228	1
WV_ZWI_045	1539561600	2190_a	78093.9453125	228497.015625	140.512512207031	0.0698833724162564	0.056475	0.02	1
WV_ZWI_045	1542672000	2190_a	78093.9453125	228497.015625	140.512512207031	0.442594691969624	0.029367	0.1298	1
WV_ZWI_045	1544400000	2190_a	78093.9453125	228497.015625	140.512512207031	0.0388240957868091	0.054216	0.02	1
WV_ZWI_060	1497916800	2190_a	76961.734375	226441.359375	219.70866394043	9.37213672293572	0.47439	22.11	1
WV_ZWI_060	1504569600	2190_a	76961.734375	226441.359375	219.70866394043	1.29672479927942	0.198792	4.9099	1
WV_ZWI_060	1507593600	2190_a	76961.734375	226441.359375	219.70866394043	0.108707468203066	0.162648	2.9713	1
WV_ZWI_060	1510012800	2190_a	76961.734375	226441.359375	219.70866394043	1.00166167129968	0.131022	4.087	1
WV_ZWI_060	1514937600	2190_a	76961.734375	226441.359375	219.70866394043	1.13366359697483	0.187497	4.045	1
WV_ZWI_060	1518480000	2190_a	76961.734375	226441.359375	219.70866394043	1.29672479927942	0.727398	3.6747	1
WV_ZWI_060	1520294400	2190_a	76961.734375	226441.359375	219.70866394043	0.0388240957868091	0.246231	4.938	1
WV_ZWI_060	1522800000	2190_a	76961.734375	226441.359375	219.70866394043	0.0854130107309801	0.146835	3.926	1
WV_ZWI_060	1526342400	2190_a	76961.734375	226441.359375	219.70866394043	8.27729722174771	0.108432	6.8685	1
WV_ZWI_116	1454889600	RbbAh	79604.0703125	228246.546875	761.705871582031	0.0388240957868091	0.221382	0.0917	1
WV_ZWI_116	1457308800	RbbAh	79604.0703125	228246.546875	761.705871582031	0.0388240957868091	0.02259	0.131	1
WV_ZWI_116	1460332800	RbbAh	79604.0703125	228246.546875	761.705871582031	0.0388240957868091	0.490203	0.2808	1
WV_ZWI_116	1462752000	RbbAh	79604.0703125	228246.546875	761.705871582031	0.132001925675151	0.02259	0.3712	1
WV_ZWI_116	1465171200	RbbAh	79604.0703125	228246.546875	761.705871582031	0.0388240957868091	2.570742	0.286	1
WV_ZWI_116	1467676800	RbbAh	79604.0703125	228246.546875	761.705871582031	0.108707468203066	0.02259	1.0299	1
WV_ZWI_116	1470700800	RbbAh	79604.0703125	228246.546875	761.705871582031	0.364946500396006	0.783873	1.002	1
WV_ZWI_116	1478563200	RbbAh	79604.0703125	228246.546875	761.705871582031	0.0388240957868091	0.02259	0.1404	1
WV_ZWI_116	1480377600	RbbAh	79604.0703125	228246.546875	761.705871582031	0.442594691969624	0.02259	0.1113	1
WV_ZWI_116	1483401600	RbbAh	79604.0703125	228246.546875	761.705871582031	0.0388240957868091	0.4518	0.0808	1
WV_ZWI_116	1487030400	RbbAh	79604.0703125	228246.546875	761.705871582031	0.504713245228519	0.094878	0.0865	1
WV_ZWI_116	1489449600	RbbAh	79604.0703125	228246.546875	761.705871582031	0.178590840619322	0.054216	0.02	1
WV_ZWI_116	1491264000	RbbAh	79604.0703125	228246.546875	761.705871582031	0.450359511126986	0.381771	0.0829	1
WV_ZWI_116	1494892800	RbbAh	79604.0703125	228246.546875	761.705871582031	0.4270650536549	0.345627	0.353	1
WV_ZWI_116	1497916800	RbbAh	79604.0703125	228246.546875	761.705871582031	1.10260432034538	0.63252	1.051	1
WV_ZWI_116	1499644800	RbbAh	79604.0703125	228246.546875	761.705871582031	2.31391610889382	0.510534	0.4186	1
WV_ZWI_116	1501545600	RbbAh	79604.0703125	228246.546875	761.705871582031	0.0388240957868091	0.02259	1.3072	1
WV_ZWI_116	1504569600	RbbAh	79604.0703125	228246.546875	761.705871582031	0.0388240957868091	0.413397	0.4825	1
WV_ZWI_116	1508198400	RbbAh	79604.0703125	228246.546875	761.705871582031	0.419300234497539	0.304965	0.3893	1
WV_ZWI_116	1511222400	RbbAh	79604.0703125	228246.546875	761.705871582031	2.54686068361468	0.13554	0.02	1
WV_ZWI_116	1516060800	RbbAh	79604.0703125	228246.546875	761.705871582031	0.714363362477288	0.445023	0.044	1
WV_ZWI_116	1519689600	RbbAh	79604.0703125	228246.546875	761.705871582031	1.14142841613219	0.070029	0.39	1
WV_ZWI_116	1522022400	RbbAh	79604.0703125	228246.546875	761.705871582031	0.364946500396006	0.11295	0.073	1
WV_ZWI_116	1524528000	RbbAh	79604.0703125	228246.546875	761.705871582031	0.0388240957868091	0.334332	0.6109	1
WV_ZWI_119	1529971200	RbbAh	79823.3125	228217.53125	196.766891479492	0.535772521857966	0.108432	0.262	1
WV_ZWI_119	1535414400	RbbAh	79823.3125	228217.53125	196.766891479492	0.0388240957868091	0.370476	0.6317	1
WV_ZWI_119	1537833600	RbbAh	79823.3125	228217.53125	196.766891479492	0.792011554050906	0.804204	0.3019	1
WV_ZWI_119	1539648000	RbbAh	79823.3125	228217.53125	196.766891479492	0.986132032984952	2.322252	0.6106	1
WV_ZWI_119	1543276800	RbbAh	79823.3125	228217.53125	196.766891479492	0.613420713431584	2.900556	0.5318	1
WV_ZWI_119	1545004800	RbbAh	79823.3125	228217.53125	196.766891479492	0.0388240957868091	0.219123	0.3799	1
WV_ZWI_120	1529971200	2190_a	78573.328125	228533.453125	61.1241645812988	0.0465889149441709	0.04518	0.0552	1
WV_ZWI_120	1544400000	2190_a	78573.328125	228533.453125	61.1241645812988	0.0388240957868091	0.04518	0.0301	1
WV_ZWI_124	1544400000	2190_a	77324.7578125	227672.78125	35.791862487793	0.0388240957868091	0.070029	0.0723	1
WV_ZWI_129	1529971200	2190_a	79489.2578125	228891.6875	168.186828613281	0.0388240957868091	0.038403	0.0391	1
WV_ZWI_129	1531094400	2190_a	79489.2578125	228891.6875	168.186828613281	0.0776481915736183	0.081324	0.0237	1
WV_ZWI_129	1533600000	2190_a	79489.2578125	228891.6875	168.186828613281	0.0388240957868091	0.033885	0.0347	1
WV_ZWI_129	1537833600	2190_a	79489.2578125	228891.6875	168.186828613281	0.0388240957868091	0.115209	0.022	1
WV_ZWI_129	1539561600	2190_a	79489.2578125	228891.6875	168.186828613281	0.0698833724162564	0.049698	0.02	1
WV_ZWI_129	1542672000	2190_a	79489.2578125	228891.6875	168.186828613281	0.0698833724162564	0.081324	0.0212	1
WV_ZWI_129	1545004800	2190_a	79489.2578125	228891.6875	168.186828613281	0.0388240957868091	0.036144	0.02	1
WV_ZWI_133	1497916800	2190_a	78652.0859375	227751.390625	92.4471206665039	0.17082602146196	0.849384	0.69	1
WV_ZWI_133	1499644800	2190_a	78652.0859375	227751.390625	92.4471206665039	0.310592766294473	0.176202	2.178	1
WV_ZWI_133	1501545600	2190_a	78652.0859375	227751.390625	92.4471206665039	0.0621185532588946	0.11295	1.4482	1
WV_ZWI_133	1504569600	2190_a	78652.0859375	227751.390625	92.4471206665039	0.0543537341015328	0.119727	1.0204	1
WV_ZWI_133	1508198400	2190_a	78652.0859375	227751.390625	92.4471206665039	0.0931778298883419	0.110691	0.4003	1
WV_ZWI_133	1511222400	2190_a	78652.0859375	227751.390625	92.4471206665039	0.186355659776684	0.076806	0.1726	1
WV_ZWI_133	1516060800	2190_a	78652.0859375	227751.390625	92.4471206665039	0.0388240957868091	0.033885	0.102	1
WV_ZWI_133	1519689600	2190_a	78652.0859375	227751.390625	92.4471206665039	0.0465889149441709	0.054216	0.101	1
WV_ZWI_133	1522022400	2190_a	78652.0859375	227751.390625	92.4471206665039	0.0388240957868091	0.966852	0.059	1
WV_ZWI_133	1524528000	2190_a	78652.0859375	227751.390625	92.4471206665039	0.0388240957868091	0.072288	0.1255	1
WV_ZWI_133	1529971200	2190_a	78652.0859375	227751.390625	92.4471206665039	0.0465889149441709	0.054216	0.1232	1
WV_ZWI_149	1529971200	2190_a	79257.71875	227985.859375	1533.29858398438	0.0931778298883419	0.051957	0.2046	1
WV_ZWI_149	1537833600	2190_a	79257.71875	227985.859375	1533.29858398438	0.0388240957868091	0.115209	0.0626	1
WV_ZWI_149	1542672000	2190_a	79257.71875	227985.859375	1533.29858398438	0.0388240957868091	0.027108	0.0624	1
WV_ZWI_149	1545004800	2190_a	79257.71875	227985.859375	1533.29858398438	0.0388240957868091	0.038403	0.044	1
WV_ZWI_157	1497916800	2190_a	78274.7890625	228034.78125	744.377807617188	0.0854130107309801	0.09036	0.142	1
WV_ZWI_157	1501545600	2190_a	78274.7890625	228034.78125	744.377807617188	0.986132032984952	0.088101	0.3939	1
WV_ZWI_157	1504569600	2190_a	78274.7890625	228034.78125	744.377807617188	0.264003851350302	0.144576	0.5684	1
WV_ZWI_157	1508198400	2190_a	78274.7890625	228034.78125	744.377807617188	0.124237106517789	0.06777	0.1339	1
WV_ZWI_157	1511222400	2190_a	78274.7890625	228034.78125	744.377807617188	0.0621185532588946	0.033885	0.0447	1
WV_ZWI_157	1516060800	2190_a	78274.7890625	228034.78125	744.377807617188	0.0388240957868091	0.06777	0.046	1
WV_ZWI_157	1519689600	2190_a	78274.7890625	228034.78125	744.377807617188	0.0388240957868091	0.033885	0.055	1
WV_ZWI_157	1522022400	2190_a	78274.7890625	228034.78125	744.377807617188	0.0388240957868091	0.040662	0.028	1
WV_ZWI_157	1524528000	2190_a	78274.7890625	228034.78125	744.377807617188	0.0388240957868091	0.065511	0.0812	1
WV_ZWI_157	1529971200	2190_a	78274.7890625	228034.78125	744.377807617188	0.0388240957868091	0.036144	0.0866	1
WV_ZWI_158	1529884800	2190_a	77670.9453125	227844.125	102.420120239258	0.0543537341015328	0.042921	0.0615	1
WV_ZWI_158	1537833600	2190_a	77670.9453125	227844.125	102.420120239258	0.0388240957868091	0.056475	0.1019	1
WV_ZWI_158	1542672000	2190_a	77670.9453125	227844.125	102.420120239258	0.209650117248769	0.02259	0.0603	1
WV_ZWI_158	1544400000	2190_a	77670.9453125	227844.125	102.420120239258	0.0388240957868091	0.031626	0.0486	1
WV_ZWI_162	1529884800	2190_a	77376.6015625	227748.3125	171.428085327148	0.0465889149441709	0.038403	0.0629	1
WV_ZWI_162	1537833600	2190_a	77376.6015625	227748.3125	171.428085327148	3.0515739288432	0.146835	0.0679	1
WV_ZWI_162	1544400000	2190_a	77376.6015625	227748.3125	171.428085327148	0.0388240957868091	0.049698	0.0492	1
