loc_code	date_sampling	variable	value	below_loq	loq
1	17700	1	0.09	0	NA
1	17700	2	0.38	0	NA
1	17700	3	0.0205	0	NA
1	17743	1	NA	1	0.05
1	17743	2	0.25	0	NA
1	17743	3	0.0533	0	NA
1	17770	1	NA	1	0.05
1	17770	2	0.17	0	NA
1	17770	3	0.1119	0	NA
1	17876	1	0.15	0	NA
1	17876	2	0.35	0	NA
1	17876	3	0.0216	0	NA
2	16587	1	0.24	0	NA
2	16587	2	1.2	0	NA
2	16587	3	NA	1	0.02
2	16622	1	0.1	0	NA
2	16622	2	1.07	0	NA
2	16622	3	NA	1	0.02
2	16644	1	NA	1	0.05
2	16644	2	1.45	0	NA
2	16644	3	0.044	0	NA
2	16672	1	NA	1	0.05
2	16672	2	0.53	0	NA
2	16672	3	NA	1	0.02
2	16700	1	NA	1	0.05
2	16700	2	0.48	0	NA
2	16700	3	NA	1	0.02
2	16735	1	0.13	0	NA
2	16735	2	0.64	0	NA
2	16735	3	0.02	0	NA
2	16762	1	0.3	0	NA
2	16762	2	0.41	0	NA
2	16762	3	0.03	0	NA
2	16804	1	0.32	0	NA
2	16804	2	0.55	0	NA
2	16804	3	NA	1	0.02
2	16833	1	0.2	0	NA
2	16833	2	1.28	0	NA
2	16833	3	NA	1	0.02
2	16861	1	0.15	0	NA
2	16861	2	2.18	0	NA
2	16861	3	NA	1	0.02
2	16895	1	0.08	0	NA
2	16895	2	2.22	0	NA
2	16895	3	NA	1	0.02
2	16923	1	0.13	0	NA
2	16923	2	2.07	0	NA
2	16923	3	NA	1	0.02
3	17336	1	NA	1	0.05
3	17336	2	0.26	0	NA
3	17336	3	0.086	0	NA
3	17372	1	0.08	0	NA
3	17372	2	0.16	0	NA
3	17372	3	0.136	0	NA
3	17399	1	0.08	0	NA
3	17399	2	0.37	0	NA
3	17399	3	0.121	0	NA
3	17434	1	NA	1	0.05
3	17434	2	0.14	0	NA
3	17434	3	0.054	0	NA
3	17448	1	0.06	0	NA
3	17448	2	0.29	0	NA
3	17448	3	0.1401	0	NA
3	17490	1	0.25	0	NA
3	17490	2	0.3	0	NA
3	17490	3	0.0776	0	NA
3	17533	1	0.51	0	NA
3	17533	2	0.44	0	NA
3	17533	3	0.0508	0	NA
3	17560	1	0.3	0	NA
3	17560	2	0.69	0	NA
3	17560	3	0.084	0	NA
3	17602	1	NA	1	0.05
3	17602	2	0.18	0	NA
3	17602	3	0.087	0	NA
3	17624	1	NA	1	0.05
3	17624	2	0.13	0	NA
3	17624	3	0.043	0	NA
3	17673	1	0.14	0	NA
3	17673	2	0.4	0	NA
3	17673	3	0.0911	0	NA
4	17336	1	0.12	0	NA
4	17336	2	0.35	0	NA
4	17336	3	0.142	0	NA
4	17372	1	0.41	0	NA
4	17372	2	0.31	0	NA
4	17372	3	0.219	0	NA
4	17399	1	0.65	0	NA
4	17399	2	0.54	0	NA
4	17399	3	0.129	0	NA
4	17434	1	NA	1	0.05
4	17434	2	0.81	0	NA
4	17434	3	0.082	0	NA
4	17448	1	0.12	0	NA
4	17448	2	0.43	0	NA
4	17448	3	0.1263	0	NA
4	17490	1	0.18	0	NA
4	17490	2	0.24	0	NA
4	17490	3	0.0418	0	NA
4	17533	1	0.26	0	NA
4	17533	2	0.33	0	NA
4	17533	3	0.1028	0	NA
4	17560	1	NA	1	0.05
4	17560	2	0.3	0	NA
4	17560	3	0.085	0	NA
4	17602	1	NA	1	0.05
4	17602	2	0.17	0	NA
4	17602	3	0.062	0	NA
4	17624	1	NA	1	0.05
4	17624	2	0.17	0	NA
4	17624	3	0.038	0	NA
4	17673	1	NA	1	0.05
4	17673	2	0.31	0	NA
4	17673	3	0.2295	0	NA
5	17336	1	0.28	0	NA
5	17336	2	0.39	0	NA
5	17336	3	0.439	0	NA
5	17372	1	0.26	0	NA
5	17372	2	0.21	0	NA
5	17372	3	0.288	0	NA
5	17399	1	NA	1	0.05
5	17399	2	0.2	0	NA
5	17399	3	0.192	0	NA
5	17434	1	NA	1	0.05
5	17434	2	1.55	0	NA
5	17434	3	0.093	0	NA
5	17448	1	0.08	0	NA
5	17448	2	0.74	0	NA
5	17448	3	0.1382	0	NA
5	17490	1	0.05	0	NA
5	17490	2	0.26	0	NA
5	17490	3	0.1641	0	NA
5	17533	1	0.2	0	NA
5	17533	2	0.9	0	NA
5	17533	3	0.0405	0	NA
5	17560	1	0.05	0	NA
5	17560	2	0.46	0	NA
5	17560	3	0.128	0	NA
5	17602	1	NA	1	0.05
5	17602	2	0.38	0	NA
5	17602	3	0.13	0	NA
5	17624	1	NA	1	0.05
5	17624	2	0.17	0	NA
5	17624	3	0.076	0	NA
5	17673	1	0.14	0	NA
5	17673	2	0.74	0	NA
5	17673	3	0.4998	0	NA
6	17336	1	0.12	0	NA
6	17336	2	0.22	0	NA
6	17336	3	0.03	0	NA
6	17372	1	NA	1	0.05
6	17372	2	0.14	0	NA
6	17372	3	0.046	0	NA
6	17400	1	NA	1	0.05
6	17400	2	0.12	0	NA
6	17400	3	0.03	0	NA
6	17434	1	NA	1	0.05
6	17434	2	0.11	0	NA
6	17434	3	0.021	0	NA
6	17448	1	NA	1	0.05
6	17448	2	0.15	0	NA
6	17448	3	0.0575	0	NA
6	17490	1	NA	1	0.05
6	17490	2	0.19	0	NA
6	17490	3	0.0261	0	NA
6	17533	1	0.05	0	NA
6	17533	2	0.17	0	NA
6	17533	3	NA	1	0.02
6	17560	1	NA	1	0.05
6	17560	2	0.13	0	NA
6	17560	3	NA	1	0.02
6	17602	1	NA	1	0.05
6	17602	2	0.22	0	NA
6	17602	3	0.025	0	NA
6	17624	1	NA	1	0.05
6	17624	2	0.1	0	NA
6	17624	3	NA	1	0.02
6	17673	1	0.14	0	NA
6	17673	2	0.38	0	NA
6	17673	3	NA	1	0.02
7	17336	1	1.7	0	NA
7	17336	2	0.37	0	NA
7	17336	3	0.149	0	NA
7	17372	1	1.69	0	NA
7	17372	2	0.3	0	NA
7	17372	3	0.085	0	NA
7	17400	1	1.94	0	NA
7	17400	2	0.36	0	NA
7	17400	3	0.112	0	NA
7	17434	1	1.39	0	NA
7	17434	2	0.37	0	NA
7	17434	3	0.177	0	NA
7	17448	1	1.64	0	NA
7	17448	2	0.47	0	NA
7	17448	3	0.0804	0	NA
7	17490	1	2.09	0	NA
7	17490	2	0.48	0	NA
7	17490	3	0.2072	0	NA
7	17533	1	1.19	0	NA
7	17533	2	0.52	0	NA
7	17533	3	0.0266	0	NA
7	17560	1	0.55	0	NA
7	17560	2	0.65	0	NA
7	17560	3	0.058	0	NA
7	17602	1	NA	1	0.05
7	17602	2	0.43	0	NA
7	17602	3	0.232	0	NA
7	17624	1	NA	1	0.05
7	17624	2	0.22	0	NA
7	17624	3	0.054	0	NA
7	17673	1	2.26	0	NA
7	17673	2	0.46	0	NA
7	17673	3	0.0961	0	NA
8	16196	1	NA	1	0.1
8	16196	2	0.18	0	NA
8	16223	1	NA	1	0.1
8	16223	2	0.18	0	NA
8	16251	1	NA	1	0.1
8	16251	2	0.29	0	NA
8	16287	1	NA	1	0.1
8	16287	2	0.21	0	NA
8	16322	1	0.17	0	NA
8	16322	2	0.55	0	NA
8	16364	1	NA	1	0.1
8	16364	2	0.16	0	NA
9	16573	1	0.18	0	NA
9	16573	2	0.28	0	NA
9	16573	3	0.0575	0	NA
9	16595	1	0.12	0	NA
9	16595	2	0.49	0	NA
9	16595	3	0.054	0	NA
9	16629	1	0.11	0	NA
9	16629	2	0.31	0	NA
9	16629	3	0.133	0	NA
9	16664	1	NA	1	0.05
9	16664	2	0.6	0	NA
9	16664	3	0.0232	0	NA
9	16685	1	NA	1	0.05
9	16685	2	0.1	0	NA
9	16685	3	NA	1	0.02
9	16720	1	0.045	0	NA
9	16720	2	0.33	0	NA
9	16720	3	0.02	0	NA
9	16748	1	0.11	0	NA
9	16748	2	0.88	0	NA
9	16748	3	0.0343	0	NA
9	16777	1	0.08	0	NA
9	16777	2	0.42	0	NA
9	16777	3	NA	1	0.02
9	16819	1	0.05	0	NA
9	16819	2	0.29	0	NA
9	16819	3	0.0239	0	NA
9	16846	1	0.06	0	NA
9	16846	2	0.39	0	NA
9	16846	3	0.0289	0	NA
9	16874	1	NA	1	0.05
9	16874	2	0.13	0	NA
9	16874	3	0.0203	0	NA
9	16909	1	NA	1	0.05
9	16909	2	NA	1	0.1
9	16909	3	0.0297	0	NA
9	16938	1	0.08	0	NA
9	16938	2	NA	1	0.1
9	16938	3	0.0575	0	NA
10	17785	1	NA	1	0.05
10	17785	2	0.1	0	NA
10	17785	3	NA	1	0.02
11	17827	1	0.1	0	NA
11	17827	2	0.5	0	NA
11	17827	3	0.02	0	NA
12	17344	1	NA	1	0.05
12	17344	2	0.18	0	NA
12	17344	3	NA	1	0.02
12	17372	1	NA	1	0.05
12	17372	2	0.14	0	NA
12	17372	3	NA	1	0.02
12	17386	1	NA	1	0.05
12	17386	2	0.14	0	NA
12	17386	3	NA	1	0.02
12	17435	1	NA	1	0.05
12	17435	2	0.12	0	NA
12	17435	3	NA	1	0.02
12	17455	1	0.05	0	NA
12	17455	2	0.19	0	NA
12	17455	3	0.0351	0	NA
12	17497	1	NA	1	0.05
12	17497	2	0.24	0	NA
12	17497	3	0.027	0	NA
12	17546	1	0.38	0	NA
12	17546	2	0.66	0	NA
12	17546	3	0.028	0	NA
12	17560	1	0.22	0	NA
12	17560	2	0.9	0	NA
12	17560	3	NA	1	0.02
12	17602	1	NA	1	0.05
12	17602	2	0.55	0	NA
12	17602	3	0.076	0	NA
12	17644	1	NA	1	0.05
12	17644	2	0.16	0	NA
12	17644	3	0.0375	0	NA
12	17680	1	0.05	0	NA
12	17680	2	0.13	0	NA
12	17680	3	0.0314	0	NA
13	17344	1	NA	1	0.05
13	17344	2	0.17	0	NA
13	17344	3	NA	1	0.02
13	17372	1	NA	1	0.05
13	17372	2	0.11	0	NA
13	17372	3	NA	1	0.02
13	17386	1	0.05	0	NA
13	17386	2	0.15	0	NA
13	17386	3	NA	1	0.02
13	17435	1	NA	1	0.05
13	17435	2	0.11	0	NA
13	17435	3	NA	1	0.02
13	17455	1	NA	1	0.05
13	17455	2	0.16	0	NA
13	17455	3	NA	1	0.02
13	17497	1	NA	1	0.05
13	17497	2	0.44	0	NA
13	17497	3	NA	1	0.02
13	17533	1	NA	1	0.05
13	17533	2	0.68	0	NA
13	17533	3	0.1158	0	NA
13	17560	1	NA	1	0.05
13	17560	2	2.7	0	NA
13	17560	3	NA	1	0.02
13	17602	1	NA	1	0.05
13	17602	2	0.14	0	NA
13	17602	3	NA	1	0.02
13	17644	1	NA	1	0.05
13	17644	2	0.23	0	NA
13	17644	3	0.0282	0	NA
13	17680	1	NA	1	0.05
13	17680	2	0.13	0	NA
13	17680	3	NA	1	0.02
14	16196	1	NA	1	0.1
14	16196	2	0.13	0	NA
14	16223	1	NA	1	0.1
14	16223	2	0.18	0	NA
14	16251	1	NA	1	0.1
14	16251	2	0.1	0	NA
14	16287	1	NA	1	0.1
14	16287	2	0.11	0	NA
14	16322	1	NA	1	0.1
14	16322	2	0.24	0	NA
14	16364	1	0.15	0	NA
14	16364	2	0.19	0	NA
14	17547	1	0.54	0	NA
14	17547	2	0.5	0	NA
14	17547	3	0.026	0	NA
15	16608	1	NA	1	0.05
15	16608	2	0.21	0	NA
15	16608	3	NA	1	0.02
15	16629	1	NA	1	0.05
15	16629	2	0.25	0	NA
15	16629	3	NA	1	0.02
15	16664	1	0.05	0	NA
15	16664	2	0.27	0	NA
15	16664	3	NA	1	0.02
15	16685	1	NA	1	0.05
15	16685	2	0.52	0	NA
15	16685	3	NA	1	0.02
15	16720	1	0	0	NA
15	16720	2	0.68	0	NA
15	16720	3	NA	1	0.02
15	16748	1	NA	1	0.05
15	16748	2	0.94	0	NA
15	16748	3	NA	1	0.02
15	16777	1	NA	1	0.05
15	16777	2	1	0	NA
15	16777	3	NA	1	0.02
15	16819	1	NA	1	0.05
15	16819	2	1.41	0	NA
15	16819	3	NA	1	0.02
15	16846	1	0.05	0	NA
15	16846	2	1.09	0	NA
15	16846	3	0.0443	0	NA
15	16874	1	NA	1	0.05
15	16874	2	0.35	0	NA
15	16874	3	0.0335	0	NA
15	16909	1	0.12	0	NA
15	16909	2	0.52	0	NA
15	16909	3	0.0252	0	NA
15	16938	1	0.09	0	NA
15	16938	2	0.71	0	NA
15	16938	3	0.0229	0	NA
16	16608	1	0.07	0	NA
16	16608	2	1.64	0	NA
16	16608	3	NA	1	0.02
16	16629	1	0.15	0	NA
16	16629	2	1.53	0	NA
16	16629	3	0.116	0	NA
16	16664	1	NA	1	0.05
16	16664	2	1.41	0	NA
16	16664	3	NA	1	0.02
16	16685	1	NA	1	0.05
16	16685	2	1.55	0	NA
16	16685	3	NA	1	0.02
16	16720	1	0	0	NA
16	16720	2	1.44	0	NA
16	16720	3	NA	1	0.02
16	16748	1	0.05	0	NA
16	16748	2	1.41	0	NA
16	16748	3	0.0237	0	NA
16	16777	1	NA	1	0.05
16	16777	2	1.39	0	NA
16	16777	3	NA	1	0.02
16	16819	1	NA	1	0.05
16	16819	2	4.63	0	NA
16	16819	3	NA	1	0.02
16	16846	1	NA	1	0.05
16	16846	2	1.95	0	NA
16	16846	3	NA	1	0.02
16	16874	1	NA	1	0.05
16	16874	2	2.6	0	NA
16	16874	3	NA	1	0.02
16	16909	1	0.05	0	NA
16	16909	2	2.29	0	NA
16	16909	3	NA	1	0.02
16	16938	1	0.07	0	NA
16	16938	2	2.57	0	NA
16	16938	3	NA	1	0.02
17	16608	1	NA	1	0.05
17	16608	2	NA	1	0.1
17	16608	3	NA	1	0.02
17	16629	1	NA	1	0.05
17	16629	2	0.14	0	NA
17	16629	3	0.024	0	NA
17	16664	1	0.05	0	NA
17	16664	2	0.22	0	NA
17	16664	3	NA	1	0.02
17	16685	1	0.07	0	NA
17	16685	2	0.22	0	NA
17	16685	3	NA	1	0.02
17	16720	1	0.025	0	NA
17	16720	2	0.28	0	NA
17	16720	3	NA	1	0.02
17	16748	1	0.08	0	NA
17	16748	2	0.7	0	NA
17	16748	3	NA	1	0.02
17	16777	1	0.1	0	NA
17	16777	2	1.09	0	NA
17	16777	3	NA	1	0.02
17	16819	1	0.06	0	NA
17	16819	2	2.77	0	NA
17	16819	3	NA	1	0.02
17	16846	1	NA	1	0.05
17	16846	2	2.56	0	NA
17	16846	3	NA	1	0.02
17	16874	1	0.06	0	NA
17	16874	2	3.55	0	NA
17	16874	3	NA	1	0.02
17	16909	1	NA	1	0.05
17	16909	2	2.7	0	NA
17	16909	3	NA	1	0.02
17	16938	1	0.05	0	NA
17	16938	2	1.89	0	NA
17	16938	3	0.0233	0	NA
18	16587	1	1.75	0	NA
18	16587	2	0.1	0	NA
18	16587	3	0.2421	0	NA
18	16622	1	0.06	0	NA
18	16622	2	0.2	0	NA
18	16622	3	0.3607	0	NA
18	16644	1	0.48	0	NA
18	16644	2	0.4	0	NA
18	16644	3	0.371	0	NA
18	16672	1	0.22	0	NA
18	16672	2	0.32	0	NA
18	16672	3	0.1907	0	NA
18	16714	1	NA	1	0.05
18	16714	2	0.17	0	NA
18	16714	3	0.08	0	NA
18	16735	1	0.18	0	NA
18	16735	2	0.32	0	NA
18	16735	3	0.14	0	NA
18	16763	1	1.78	0	NA
18	16763	2	0.72	0	NA
18	16763	3	0.068	0	NA
18	16804	1	0.18	0	NA
18	16804	2	2.02	0	NA
18	16804	3	0.0823	0	NA
18	16833	1	0.18	0	NA
18	16833	2	6.01	0	NA
18	16833	3	0.0811	0	NA
18	16861	1	0.2	0	NA
18	16861	2	5.68	0	NA
18	16861	3	0.0789	0	NA
18	16902	1	0.24	0	NA
18	16902	2	1.29	0	NA
18	16902	3	0.0919	0	NA
18	16923	1	0.05	0	NA
18	16923	2	0.13	0	NA
18	16923	3	0.064	0	NA
19	16566	1	NA	1	0.05
19	16566	2	0.31	0	NA
19	16566	3	NA	1	0.02
19	16601	1	0.05	0	NA
19	16601	2	0.15	0	NA
19	16601	3	0.03	0	NA
19	16616	1	NA	1	0.05
19	16616	2	1.91	0	NA
19	16616	3	0.0206	0	NA
19	16643	1	NA	1	0.05
19	16643	2	0.29	0	NA
19	16643	3	NA	1	0.02
19	16671	1	NA	1	0.05
19	16671	2	0.11	0	NA
19	16671	3	0.0346	0	NA
19	16699	1	NA	1	0.05
19	16699	2	NA	1	0.1
19	16699	3	NA	1	0.02
19	16734	1	NA	1	0.05
19	16734	2	0.1	0	NA
19	16734	3	NA	1	0.02
19	16762	1	NA	1	0.05
19	16762	2	0.18	0	NA
19	16762	3	NA	1	0.02
20	17337	1	0.32	0	NA
20	17337	2	1.54	0	NA
20	17337	3	0.041	0	NA
20	17359	1	0.31	0	NA
20	17359	2	1.25	0	NA
20	17359	3	0.1472	0	NA
20	17379	1	0.43	0	NA
20	17379	2	2.04	0	NA
20	17379	3	0.19	0	NA
20	17421	1	0.49	0	NA
20	17421	2	2.13	0	NA
20	17421	3	0.1058	0	NA
20	17449	1	0.63	0	NA
20	17449	2	3.1	0	NA
20	17449	3	0.0406	0	NA
20	17477	1	0.27	0	NA
20	17477	2	1.43	0	NA
20	17477	3	0.07	0	NA
20	17505	1	0.24	0	NA
20	17505	2	1.29	0	NA
20	17505	3	0.0404	0	NA
20	17534	1	0.15	0	NA
20	17534	2	0.88	0	NA
20	17534	3	0.0512	0	NA
20	17568	1	0.07	0	NA
20	17568	2	0.69	0	NA
20	17568	3	0.039	0	NA
20	17610	1	0.15	0	NA
20	17610	2	0.79	0	NA
20	17610	3	0.043	0	NA
20	17631	1	0.18	0	NA
20	17631	2	0.75	0	NA
20	17631	3	0.024	0	NA
20	17674	1	0.21	0	NA
20	17674	2	1.11	0	NA
20	17674	3	0.0842	0	NA
21	16202	1	0.2	0	NA
21	16202	2	1.03	0	NA
21	16232	1	NA	1	0.1
21	16232	2	1.03	0	NA
21	16259	1	NA	1	0.1
21	16259	2	0.25	0	NA
21	16300	1	NA	1	0.1
21	16300	2	0.16	0	NA
21	16329	1	NA	1	0.1
21	16329	2	0.11	0	NA
21	16377	1	NA	1	0.1
21	16377	2	1.08	0	NA
22	16952	1	0.09	0	NA
22	16952	2	0.31	0	NA
22	16952	3	0.0253	0	NA
22	16979	1	NA	1	0.05
22	16979	2	0.23	0	NA
22	16979	3	NA	1	0.02
22	17029	1	NA	1	0.05
22	17029	2	NA	1	0.1
22	17029	3	0.0341	0	NA
22	17049	1	0.06	0	NA
22	17049	2	0.14	0	NA
22	17049	3	NA	1	0.02
22	17085	1	0.09	0	NA
22	17085	2	0.25	0	NA
22	17085	3	0.0282	0	NA
22	17112	1	0.06	0	NA
22	17112	2	0.11	0	NA
22	17112	3	0.0209	0	NA
22	17134	1	NA	1	0.05
22	17134	2	0.63	0	NA
22	17134	3	NA	1	0.02
22	17169	1	NA	1	0.05
22	17169	2	0.25	0	NA
22	17169	3	NA	1	0.02
22	17196	1	0.1	0	NA
22	17196	2	0.36	0	NA
22	17196	3	NA	1	0.02
22	17238	1	NA	1	0.05
22	17238	2	0.2	0	NA
22	17238	3	NA	1	0.02
22	17259	1	NA	1	0.05
22	17259	2	0.13	0	NA
22	17259	3	NA	1	0.02
22	17294	1	0.06	0	NA
22	17294	2	0.27	0	NA
22	17294	3	0.027	0	NA
23	16202	1	NA	1	0.1
23	16202	2	1.1	0	NA
23	16300	1	NA	1	0.1
23	16300	2	0.51	0	NA
23	16336	1	NA	1	0.1
23	16336	2	0.21	0	NA
23	16391	1	NA	1	0.1
23	16391	2	1.08	0	NA
24	16588	1	NA	1	0.05
24	16588	2	0.11	0	NA
24	16588	3	0.3154	0	NA
24	16615	1	NA	1	0.05
24	16615	2	0.35	0	NA
24	16615	3	NA	1	0.02
24	16650	1	NA	1	0.05
24	16650	2	0.17	0	NA
24	16650	3	NA	1	0.02
24	16679	1	NA	1	0.05
24	16679	2	0.2	0	NA
24	16679	3	NA	1	0.02
24	16714	1	NA	1	0.05
24	16714	2	0.16	0	NA
24	16714	3	NA	1	0.02
24	16743	1	NA	1	0.05
24	16743	2	0.18	0	NA
24	16743	3	0.02	0	NA
24	16770	1	0.12	0	NA
24	16770	2	0.62	0	NA
24	16770	3	NA	1	0.02
24	16812	1	0.19	0	NA
24	16812	2	0.66	0	NA
24	16812	3	NA	1	0.02
24	16840	1	0.08	0	NA
24	16840	2	1.29	0	NA
24	16840	3	NA	1	0.02
24	16868	1	0.17	0	NA
24	16868	2	1.31	0	NA
24	16868	3	0.0268	0	NA
24	16903	1	0.05	0	NA
24	16903	2	1.82	0	NA
24	16903	3	0.0215	0	NA
24	16931	1	0.11	0	NA
24	16931	2	0.49	0	NA
24	16931	3	0.0309	0	NA
25	16203	1	0.41	0	NA
25	16203	2	0.2	0	NA
25	16237	1	NA	1	0.1
25	16237	2	0.19	0	NA
25	16266	1	0.38	0	NA
25	16266	2	NA	1	0.1
25	16300	1	NA	1	0.1
25	16300	2	0.17	0	NA
25	16335	1	NA	1	0.1
25	16335	2	0.27	0	NA
25	16378	1	1.05	0	NA
25	16378	2	0.18	0	NA
26	16196	1	NA	1	0.1
26	16196	2	1.86	0	NA
26	16223	1	0.1	0	NA
26	16223	2	0.27	0	NA
26	16251	1	NA	1	0.1
26	16251	2	0.12	0	NA
26	16287	1	NA	1	0.1
26	16287	2	0.11	0	NA
26	16322	1	NA	1	0.1
26	16322	2	0.16	0	NA
26	16364	1	0.15	0	NA
26	16364	2	0.2	0	NA
27	16196	1	0.33	0	NA
27	16196	2	0.3	0	NA
27	16223	1	NA	1	0.1
27	16223	2	0.26	0	NA
27	16251	1	0.51	0	NA
27	16251	2	0.23	0	NA
27	16287	1	NA	1	0.1
27	16287	2	NA	1	0.1
27	16322	1	NA	1	0.1
27	16322	2	NA	1	0.1
27	16364	1	NA	1	0.1
27	16364	2	0.16	0	NA
28	16196	1	0.25	0	NA
28	16196	2	0.14	0	NA
28	16223	1	NA	1	0.1
28	16223	2	0.1	0	NA
28	16251	1	NA	1	0.1
28	16251	2	0.45	0	NA
28	16287	1	NA	1	0.1
28	16287	2	0.1	0	NA
28	16322	1	NA	1	0.1
28	16322	2	0.18	0	NA
28	16364	1	NA	1	0.1
28	16364	2	0.17	0	NA
29	16608	1	NA	1	0.05
29	16608	2	NA	1	0.1
29	16608	3	0.023	0	NA
29	16629	1	NA	1	0.05
29	16629	2	0.18	0	NA
29	16629	3	0.024	0	NA
29	16658	1	NA	1	0.05
29	16658	2	0.23	0	NA
29	16658	3	0.0482	0	NA
29	16692	1	NA	1	0.05
29	16692	2	0.26	0	NA
29	16692	3	0.0265	0	NA
29	16720	1	0.00895	0	NA
29	16720	2	NA	1	0.1
29	16720	3	0.02	0	NA
29	16776	1	0.08	0	NA
29	16776	2	0.24	0	NA
29	16776	3	NA	1	0.02
29	16847	1	NA	1	0.05
29	16847	2	5.95	0	NA
29	16847	3	0.0279	0	NA
29	16874	1	0.05	0	NA
29	16874	2	1.44	0	NA
29	16874	3	NA	1	0.02
29	16910	1	NA	1	0.05
29	16910	2	NA	1	0.1
29	16910	3	0.0255	0	NA
29	16939	1	0.09	0	NA
29	16939	2	0.11	0	NA
29	16939	3	0.0301	0	NA
30	16608	1	NA	1	0.05
30	16608	2	0.11	0	NA
30	16608	3	NA	1	0.02
30	16629	1	0.06	0	NA
30	16629	2	0.56	0	NA
30	16629	3	NA	1	0.02
30	16658	1	NA	1	0.05
30	16658	2	0.18	0	NA
30	16658	3	NA	1	0.02
30	16692	1	NA	1	0.05
30	16692	2	0.17	0	NA
30	16692	3	NA	1	0.02
30	16720	1	0.035	0	NA
30	16720	2	0.26	0	NA
30	16720	3	0.02	0	NA
30	16748	1	0.08	0	NA
30	16748	2	0.33	0	NA
30	16748	3	NA	1	0.02
30	16776	1	0.15	0	NA
30	16776	2	0.76	0	NA
30	16776	3	NA	1	0.02
30	16818	1	0.1	0	NA
30	16818	2	2.02	0	NA
30	16818	3	0.0269	0	NA
30	16847	1	0.1	0	NA
30	16847	2	0.72	0	NA
30	16847	3	0.0483	0	NA
30	16874	1	NA	1	0.05
30	16874	2	0.23	0	NA
30	16874	3	0.0365	0	NA
30	16910	1	0.12	0	NA
30	16910	2	0.17	0	NA
30	16910	3	0.031	0	NA
30	16939	1	NA	1	0.05
30	16939	2	NA	1	0.1
30	16939	3	0.0317	0	NA
31	16608	1	NA	1	0.05
31	16608	2	0.1	0	NA
31	16608	3	NA	1	0.02
31	16629	1	0.05	0	NA
31	16629	2	0.34	0	NA
31	16629	3	0.025	0	NA
31	16658	1	NA	1	0.05
31	16658	2	0.12	0	NA
31	16658	3	0.0222	0	NA
31	16692	1	NA	1	0.05
31	16692	2	0.14	0	NA
31	16692	3	NA	1	0.02
31	16720	1	0	0	NA
31	16720	2	NA	1	0.1
31	16720	3	0.02	0	NA
31	16748	1	NA	1	0.05
31	16748	2	0.11	0	NA
31	16748	3	0.0365	0	NA
31	16776	1	0.11	0	NA
31	16776	2	0.24	0	NA
31	16776	3	0.02	0	NA
31	16818	1	0.15	0	NA
31	16818	2	0.52	0	NA
31	16818	3	0.0541	0	NA
31	16847	1	0.21	0	NA
31	16847	2	0.71	0	NA
31	16847	3	0.039	0	NA
31	16874	1	0.26	0	NA
31	16874	2	0.9	0	NA
31	16874	3	0.0275	0	NA
31	16910	1	NA	1	0.05
31	16910	2	0.49	0	NA
31	16910	3	0.0317	0	NA
31	16939	1	0.05	0	NA
31	16939	2	0.13	0	NA
31	16939	3	0.0372	0	NA
32	16973	1	0.09	0	NA
32	16973	2	1.22	0	NA
32	16973	3	0.0386	0	NA
32	17014	1	0.29	0	NA
32	17014	2	0.13	0	NA
32	17014	3	0.0242	0	NA
32	17042	1	0.06	0	NA
32	17042	2	0.13	0	NA
32	17042	3	0.0369	0	NA
32	17063	1	0.1	0	NA
32	17063	2	0.33	0	NA
32	17063	3	0.0611	0	NA
32	17098	1	0.15	0	NA
32	17098	2	NA	1	0.1
32	17098	3	0.0306	0	NA
32	17127	1	0.1	0	NA
32	17127	2	0.76	0	NA
32	17127	3	0.0795	0	NA
32	17141	1	0.17	0	NA
32	17141	2	0.19	0	NA
32	17141	3	0.0783	0	NA
32	17183	1	0.05	0	NA
32	17183	2	1.43	0	NA
32	17183	3	0.1119	0	NA
32	17217	1	NA	1	0.05
32	17217	2	0.12	0	NA
32	17217	3	0.0411	0	NA
32	17253	1	0.44	0	NA
32	17253	2	2.07	0	NA
32	17253	3	NA	1	0.02
32	17275	1	0.06	0	NA
32	17275	2	0.3	0	NA
32	17275	3	0.039	0	NA
32	17316	1	0.15	0	NA
32	17316	2	0.22	0	NA
32	17316	3	0.073	0	NA
33	16973	1	0.05	0	NA
33	16973	2	0.24	0	NA
33	16973	3	NA	1	0.02
33	17014	1	0.12	0	NA
33	17014	2	0.18	0	NA
33	17014	3	NA	1	0.02
33	17042	1	NA	1	0.05
33	17042	2	0.12	0	NA
33	17042	3	NA	1	0.02
33	17063	1	NA	1	0.05
33	17063	2	0.14	0	NA
33	17063	3	NA	1	0.02
33	17098	1	0.35	0	NA
33	17098	2	0.13	0	NA
33	17098	3	NA	1	0.02
33	17127	1	0.88	0	NA
33	17127	2	0.29	0	NA
33	17127	3	0.0352	0	NA
33	17141	1	0.96	0	NA
33	17141	2	0.25	0	NA
33	17141	3	0.0233	0	NA
33	17183	1	1.1	0	NA
33	17183	2	0.58	0	NA
33	17183	3	NA	1	0.02
33	17217	1	0.67	0	NA
33	17217	2	1.01	0	NA
33	17217	3	0.0465	0	NA
33	17253	1	0.67	0	NA
33	17253	2	0.87	0	NA
33	17253	3	NA	1	0.02
33	17275	1	0.38	0	NA
33	17275	2	0.65	0	NA
33	17275	3	0.034	0	NA
33	17316	1	0.16	0	NA
33	17316	2	0.67	0	NA
33	17316	3	NA	1	0.02
34	16973	1	0.41	0	NA
34	16973	2	0.4	0	NA
34	16973	3	0.0251	0	NA
34	17014	1	0.26	0	NA
34	17014	2	NA	1	0.1
34	17014	3	NA	1	0.02
34	17036	1	NA	1	0.05
34	17036	2	0.12	0	NA
34	17036	3	NA	1	0.02
34	17063	1	0.05	0	NA
34	17063	2	NA	1	0.1
34	17063	3	0.0423	0	NA
34	17098	1	0.1	0	NA
34	17098	2	0.18	0	NA
34	17098	3	NA	1	0.02
34	17127	1	0.12	0	NA
34	17127	2	0.44	0	NA
34	17127	3	NA	1	0.02
34	17141	1	0.12	0	NA
34	17141	2	0.35	0	NA
34	17141	3	0.0388	0	NA
34	17183	1	0.09	0	NA
34	17183	2	0.59	0	NA
34	17183	3	NA	1	0.02
34	17217	1	0.05	0	NA
34	17217	2	0.19	0	NA
34	17217	3	0.0238	0	NA
34	17253	1	0.23	0	NA
34	17253	2	0.53	0	NA
34	17253	3	NA	1	0.02
34	17275	1	0.13	0	NA
34	17275	2	0.44	0	NA
34	17275	3	NA	1	0.02
34	17315	1	0.13	0	NA
34	17315	2	0.29	0	NA
34	17315	3	0.025	0	NA
35	16973	1	NA	1	0.05
35	16973	2	0.42	0	NA
35	16973	3	0.0251	0	NA
35	17014	1	0.07	0	NA
35	17014	2	NA	1	0.1
35	17014	3	0.0201	0	NA
35	17036	1	NA	1	0.05
35	17036	2	NA	1	0.1
35	17036	3	NA	1	0.02
35	17063	1	NA	1	0.05
35	17063	2	0.16	0	NA
35	17063	3	0.0278	0	NA
35	17098	1	0.09	0	NA
35	17098	2	0.13	0	NA
35	17098	3	0.0286	0	NA
35	17127	1	0.18	0	NA
35	17127	2	0.41	0	NA
35	17127	3	NA	1	0.02
35	17141	1	0.2	0	NA
35	17141	2	0.36	0	NA
35	17141	3	0.0241	0	NA
35	17183	1	0.24	0	NA
35	17183	2	0.61	0	NA
35	17183	3	NA	1	0.02
35	17217	1	0.15	0	NA
35	17217	2	0.5	0	NA
35	17217	3	NA	1	0.02
35	17253	1	0.33	0	NA
35	17253	2	0.62	0	NA
35	17253	3	NA	1	0.02
35	17275	1	0.18	0	NA
35	17275	2	0.51	0	NA
35	17275	3	NA	1	0.02
35	17315	1	0.13	0	NA
35	17315	2	0.42	0	NA
35	17315	3	0.025	0	NA
36	16196	1	NA	1	0.1
36	16196	2	0.96	0	NA
36	16223	1	NA	1	0.1
36	16223	2	0.24	0	NA
36	16251	1	NA	1	0.1
36	16251	2	0.1	0	NA
36	16287	1	NA	1	0.1
36	16287	2	0.1	0	NA
36	16322	1	NA	1	0.1
36	16322	2	NA	1	0.1
36	16364	1	NA	1	0.1
36	16364	2	0.19	0	NA
37	16566	1	0.06	0	NA
37	16566	2	0.87	0	NA
37	16566	3	NA	1	0.02
37	16595	1	NA	1	0.05
37	16595	2	0.64	0	NA
37	16595	3	NA	1	0.02
37	16636	1	NA	1	0.05
37	16636	2	NA	1	0.1
37	16636	3	NA	1	0.02
37	16657	1	NA	1	0.05
37	16657	2	0.13	0	NA
37	16657	3	NA	1	0.02
37	16692	1	NA	1	0.05
37	16692	2	0.1	0	NA
37	16692	3	NA	1	0.02
37	16727	1	0.07	0	NA
37	16727	2	0.15	0	NA
37	16727	3	NA	1	0.02
37	16755	1	0.1	0	NA
37	16755	2	0.15	0	NA
37	16755	3	NA	1	0.02
37	16783	1	0.2	0	NA
37	16783	2	0.43	0	NA
37	16783	3	NA	1	0.02
37	16825	1	NA	1	0.05
37	16825	2	4.55	0	NA
37	16825	3	NA	1	0.02
37	16853	1	NA	1	0.05
37	16853	2	1.09	0	NA
37	16853	3	NA	1	0.02
37	16896	1	0.07	0	NA
37	16896	2	1.11	0	NA
37	16896	3	NA	1	0.02
37	16916	1	0.07	0	NA
37	16916	2	0.99	0	NA
37	16916	3	0.0206	0	NA
37	16944	1	0.1	0	NA
37	16944	2	0.83	0	NA
37	16944	3	0.0229	0	NA
38	17693	1	NA	1	0.05
38	17693	2	0.26	0	NA
38	17693	3	0.104	0	NA
38	17735	1	1.33	0	NA
38	17735	2	0.19	0	NA
38	17735	3	0.0258	0	NA
38	17883	1	0.53	0	NA
38	17883	2	1.59	0	NA
38	17883	3	NA	1	0.02
39	17693	1	NA	1	0.05
39	17693	2	0.18	0	NA
39	17693	3	0.0339	0	NA
39	17735	1	NA	1	0.05
39	17735	2	0.12	0	NA
39	17735	3	0.041	0	NA
39	17855	1	0.24	0	NA
39	17855	2	NA	1	0.1
39	17855	3	NA	1	0.02
39	17883	1	NA	1	0.05
39	17883	2	NA	1	0.1
39	17883	3	NA	1	0.02
40	17344	1	0.14	0	NA
40	17344	2	0.6	0	NA
40	17344	3	0.094	0	NA
40	17378	1	0.25	0	NA
40	17378	2	1.15	0	NA
40	17378	3	0.1227	0	NA
40	17399	1	0.26	0	NA
40	17399	2	1.26	0	NA
40	17399	3	0.133	0	NA
40	17435	1	0.38	0	NA
40	17435	2	1.94	0	NA
40	17435	3	0.099	0	NA
40	17455	1	0.39	0	NA
40	17455	2	1.8	0	NA
40	17455	3	0.0633	0	NA
40	17497	1	0.13	0	NA
40	17497	2	1	0	NA
40	17497	3	0.107	0	NA
40	17546	1	0.13	0	NA
40	17546	2	0.51	0	NA
40	17546	3	0.029	0	NA
40	17581	1	NA	1	0.05
40	17581	2	0.37	0	NA
40	17581	3	NA	1	0.02
40	17609	1	NA	1	0.05
40	17609	2	0.24	0	NA
40	17609	3	NA	1	0.02
40	17644	1	0.06	0	NA
40	17644	2	0.37	0	NA
40	17644	3	NA	1	0.02
40	17680	1	0.09	0	NA
40	17680	2	0.36	0	NA
40	17680	3	0.0329	0	NA
41	17344	1	0.18	0	NA
41	17344	2	0.8	0	NA
41	17344	3	0.132	0	NA
41	17378	1	0.29	0	NA
41	17378	2	1.35	0	NA
41	17378	3	0.2258	0	NA
41	17399	1	0.26	0	NA
41	17399	2	1.25	0	NA
41	17399	3	0.285	0	NA
41	17435	1	0.34	0	NA
41	17435	2	1.86	0	NA
41	17435	3	0.178	0	NA
41	17455	1	0.3	0	NA
41	17455	2	1.46	0	NA
41	17455	3	0.0841	0	NA
41	17497	1	0.07	0	NA
41	17497	2	0.67	0	NA
41	17497	3	0.167	0	NA
41	17546	1	0.07	0	NA
41	17546	2	0.4	0	NA
41	17546	3	0.058	0	NA
41	17581	1	NA	1	0.05
41	17581	2	0.48	0	NA
41	17581	3	0.02	0	NA
41	17609	1	0.12	0	NA
41	17609	2	0.75	0	NA
41	17609	3	NA	1	0.02
41	17644	1	0.18	0	NA
41	17644	2	0.9	0	NA
41	17644	3	0.0598	0	NA
41	17680	1	0.08	0	NA
41	17680	2	1	0	NA
41	17680	3	0.0404	0	NA
42	17693	1	NA	1	0.05
42	17693	2	0.14	0	NA
42	17693	3	NA	1	0.02
42	17735	1	0.07	0	NA
42	17735	2	0.13	0	NA
42	17735	3	NA	1	0.02
42	17763	1	NA	1	0.05
42	17763	2	0.12	0	NA
42	17763	3	NA	1	0.02
42	17785	1	0.05	0	NA
42	17785	2	0.12	0	NA
42	17785	3	0.0651	0	NA
42	17819	1	0.18	0	NA
42	17819	2	0.2	0	NA
42	17819	3	NA	1	0.02
42	17855	1	0.42	0	NA
42	17855	2	NA	1	0.1
42	17855	3	NA	1	0.02
42	17869	1	0.27	0	NA
42	17869	2	0.65	0	NA
42	17869	3	0.0503	0	NA
43	16958	1	NA	1	0.05
43	16958	2	0.54	0	NA
43	16958	3	NA	1	0.02
43	16986	1	0.05	0	NA
43	16986	2	NA	1	0.1
43	16986	3	NA	1	0.02
43	17029	1	NA	1	0.05
43	17029	2	0.12	0	NA
43	17029	3	NA	1	0.02
43	17057	1	NA	1	0.05
43	17057	2	NA	1	0.1
43	17057	3	NA	1	0.02
43	17091	1	NA	1	0.05
43	17091	2	0.18	0	NA
43	17091	3	NA	1	0.02
43	17112	1	0.11	0	NA
43	17112	2	0.11	0	NA
43	17112	3	NA	1	0.02
43	17134	1	0.14	0	NA
43	17134	2	0.38	0	NA
43	17134	3	NA	1	0.02
43	17182	1	0.2	0	NA
43	17182	2	0.82	0	NA
43	17182	3	NA	1	0.02
43	17203	1	0.09	0	NA
43	17203	2	0.78	0	NA
43	17203	3	NA	1	0.02
43	17231	1	0.08	0	NA
43	17231	2	1.01	0	NA
43	17231	3	NA	1	0.02
43	17281	1	0.05	0	NA
43	17281	2	0.65	0	NA
43	17281	3	NA	1	0.02
43	17301	1	0.09	0	NA
43	17301	2	0.42	0	NA
43	17301	3	NA	1	0.02
44	16608	1	NA	1	0.05
44	16608	2	NA	1	0.1
44	16608	3	NA	1	0.02
44	16629	1	NA	1	0.05
44	16629	2	0.16	0	NA
44	16629	3	NA	1	0.02
44	16664	1	NA	1	0.05
44	16664	2	0.18	0	NA
44	16664	3	NA	1	0.02
44	16685	1	NA	1	0.05
44	16685	2	0.16	0	NA
44	16685	3	0.021	0	NA
44	16720	1	0	0	NA
44	16720	2	0.1	0	NA
44	16720	3	NA	1	0.02
44	16748	1	NA	1	0.05
44	16748	2	0.1	0	NA
44	16748	3	NA	1	0.02
44	16777	1	NA	1	0.05
44	16777	2	0.56	0	NA
44	16777	3	NA	1	0.02
44	16819	1	NA	1	0.05
44	16819	2	2.02	0	NA
44	16819	3	0.0344	0	NA
44	16846	1	NA	1	0.05
44	16846	2	2.13	0	NA
44	16846	3	0.0295	0	NA
44	16874	1	NA	1	0.05
44	16874	2	2.52	0	NA
44	16874	3	0.0215	0	NA
44	16909	1	0.06	0	NA
44	16909	2	1.64	0	NA
44	16909	3	0.0235	0	NA
44	16938	1	NA	1	0.05
44	16938	2	1	0	NA
44	16938	3	0.0269	0	NA
45	16188	1	NA	1	0.1
45	16188	2	0.14	0	NA
45	16232	1	NA	1	0.1
45	16232	2	0.19	0	NA
45	16265	1	NA	1	0.1
45	16265	2	0.17	0	NA
45	16294	1	NA	1	0.1
45	16294	2	0.16	0	NA
45	16329	1	NA	1	0.1
45	16329	2	0.15	0	NA
45	16371	1	NA	1	0.1
45	16371	2	NA	1	0.1
46	16188	1	NA	1	0.1
46	16188	2	0.46	0	NA
46	16232	1	NA	1	0.1
46	16232	2	0.11	0	NA
46	16265	1	NA	1	0.1
46	16265	2	NA	1	0.1
46	16294	1	NA	1	0.1
46	16294	2	NA	1	0.1
46	16329	1	NA	1	0.1
46	16329	2	0.11	0	NA
46	16371	1	0.18	0	NA
46	16371	2	0.15	0	NA
47	17343	1	0.05	0	NA
47	17343	2	0.17	0	NA
47	17343	3	0.089	0	NA
47	17371	1	0.1	0	NA
47	17371	2	0.16	0	NA
47	17371	3	0.058	0	NA
47	17400	1	0.06	0	NA
47	17400	2	0.22	0	NA
47	17400	3	0.046	0	NA
47	17435	1	0.09	0	NA
47	17435	2	0.28	0	NA
47	17435	3	0.069	0	NA
47	17455	1	NA	1	0.05
47	17455	2	0.18	0	NA
47	17455	3	0.0584	0	NA
47	17491	1	0.09	0	NA
47	17491	2	0.24	0	NA
47	17491	3	0.0439	0	NA
47	17518	1	0.22	0	NA
47	17518	2	0.44	0	NA
47	17518	3	0.2431	0	NA
47	17546	1	0.13	0	NA
47	17546	2	0.79	0	NA
47	17546	3	0.166	0	NA
47	17574	1	0.11	0	NA
47	17574	2	0.34	0	NA
47	17574	3	0.1469	0	NA
47	17616	1	0.06	0	NA
47	17616	2	0.28	0	NA
47	17616	3	0.09	0	NA
47	17644	1	0.05	0	NA
47	17644	2	0.34	0	NA
47	17644	3	0.1848	0	NA
47	17666	1	NA	1	0.05
47	17666	2	0.19	0	NA
47	17666	3	0.119	0	NA
48	16581	1	0.07	0	NA
48	16581	2	0.27	0	NA
48	16581	3	0.1539	0	NA
48	16636	1	0.07	0	NA
48	16636	2	0.2	0	NA
48	16636	3	0.231	0	NA
48	16657	1	0.13	0	NA
48	16657	2	0.44	0	NA
48	16657	3	0.2292	0	NA
48	16692	1	1.3	0	NA
48	16692	2	0.4	0	NA
48	16692	3	0.1234	0	NA
48	16727	1	1.98	0	NA
48	16727	2	0.56	0	NA
48	16727	3	0.09	0	NA
48	16755	1	2.24	0	NA
48	16755	2	0.53	0	NA
48	16755	3	0.113	0	NA
48	16783	1	0.25	0	NA
48	16783	2	0.48	0	NA
48	16783	3	0.0741	0	NA
48	16825	1	0.16	0	NA
48	16825	2	2.25	0	NA
48	16825	3	0.0268	0	NA
48	16853	1	NA	1	0.05
48	16853	2	0.29	0	NA
48	16853	3	0.0218	0	NA
48	16896	1	NA	1	0.05
48	16896	2	0.65	0	NA
48	16896	3	0.034	0	NA
48	16916	1	NA	1	0.05
48	16916	2	NA	1	0.1
48	16916	3	0.0381	0	NA
48	16944	1	0.31	0	NA
48	16944	2	0.14	0	NA
48	16944	3	0.0833	0	NA
49	16636	1	0.79	0	NA
49	16636	2	NA	1	0.1
49	16636	3	0.119	0	NA
49	16657	1	1.73	0	NA
49	16657	2	0.29	0	NA
49	16657	3	0.1389	0	NA
49	16692	1	2.58	0	NA
49	16692	2	0.3	0	NA
49	16692	3	0.0862	0	NA
49	16727	1	0.95	0	NA
49	16727	2	0.44	0	NA
49	16727	3	0.07	0	NA
49	16755	1	0.5	0	NA
49	16755	2	0.27	0	NA
49	16755	3	0.225	0	NA
49	16783	1	0.11	0	NA
49	16783	2	0.42	0	NA
49	16783	3	0.102	0	NA
49	16825	1	0.05	0	NA
49	16825	2	4.94	0	NA
49	16825	3	0.0807	0	NA
49	16853	1	0.12	0	NA
49	16853	2	0.29	0	NA
49	16853	3	0.0502	0	NA
49	16896	1	0.05	0	NA
49	16896	2	0.44	0	NA
49	16896	3	0.0416	0	NA
49	16916	1	NA	1	0.05
49	16916	2	0.11	0	NA
49	16916	3	0.0622	0	NA
49	16944	1	0.13	0	NA
49	16944	2	0.24	0	NA
49	16944	3	0.0795	0	NA
50	16636	1	0.06	0	NA
50	16636	2	0.16	0	NA
50	16636	3	0.041	0	NA
50	16657	1	0.05	0	NA
50	16657	2	0.17	0	NA
50	16657	3	0.0267	0	NA
50	16692	1	0.06	0	NA
50	16692	2	0.17	0	NA
50	16692	3	0.0252	0	NA
50	16727	1	0.08	0	NA
50	16727	2	0.31	0	NA
50	16727	3	0.02	0	NA
50	16755	1	NA	1	0.05
50	16755	2	0.16	0	NA
50	16755	3	NA	1	0.02
50	16783	1	0.05	0	NA
50	16783	2	0.19	0	NA
50	16783	3	0.022	0	NA
50	16825	1	0.06	0	NA
50	16825	2	2.79	0	NA
50	16825	3	0.0205	0	NA
50	16853	1	0.05	0	NA
50	16853	2	0.15	0	NA
50	16853	3	0.0349	0	NA
50	16896	1	NA	1	0.05
50	16896	2	1.1	0	NA
50	16896	3	0.0286	0	NA
50	16916	1	NA	1	0.05
50	16916	2	NA	1	0.1
50	16916	3	0.0471	0	NA
50	16944	1	0.16	0	NA
50	16944	2	0.31	0	NA
50	16944	3	0.0436	0	NA
51	16959	1	0.15	0	NA
51	16959	2	0.44	0	NA
51	16959	3	NA	1	0.02
51	16987	1	NA	1	0.05
51	16987	2	NA	1	0.1
51	16987	3	0.0332	0	NA
51	17035	1	NA	1	0.05
51	17035	2	NA	1	0.1
51	17035	3	0.0237	0	NA
51	17056	1	NA	1	0.05
51	17056	2	NA	1	0.1
51	17056	3	0.0461	0	NA
51	17098	1	0.14	0	NA
51	17098	2	0.27	0	NA
51	17098	3	NA	1	0.02
51	17126	1	0.73	0	NA
51	17126	2	0.78	0	NA
51	17126	3	0.0231	0	NA
51	17141	1	0.74	0	NA
51	17141	2	0.84	0	NA
51	17141	3	0.0349	0	NA
51	17175	1	0.91	0	NA
51	17175	2	1.67	0	NA
51	17175	3	0.023	0	NA
51	17224	1	0.37	0	NA
51	17224	2	1.77	0	NA
51	17224	3	NA	1	0.02
51	17253	1	0.13	0	NA
51	17253	2	1.37	0	NA
51	17253	3	NA	1	0.02
51	17281	1	0.05	0	NA
51	17281	2	0.6	0	NA
51	17281	3	0.022	0	NA
51	17315	1	0.13	0	NA
51	17315	2	0.75	0	NA
51	17315	3	NA	1	0.02
52	16959	1	NA	1	0.05
52	16959	2	0.22	0	NA
52	16959	3	NA	1	0.02
52	16987	1	NA	1	0.05
52	16987	2	NA	1	0.1
52	16987	3	NA	1	0.02
52	17035	1	NA	1	0.05
52	17035	2	NA	1	0.1
52	17035	3	NA	1	0.02
52	17056	1	0.05	0	NA
52	17056	2	NA	1	0.1
52	17056	3	NA	1	0.02
52	17126	1	0.32	0	NA
52	17126	2	0.8	0	NA
52	17126	3	NA	1	0.02
52	17141	1	0.19	0	NA
52	17141	2	0.37	0	NA
52	17141	3	0.0272	0	NA
52	17175	1	0.1	0	NA
52	17175	2	0.58	0	NA
52	17175	3	NA	1	0.02
52	17224	1	0.47	0	NA
52	17224	2	0.84	0	NA
52	17224	3	NA	1	0.02
52	17253	1	0.1	0	NA
52	17253	2	0.62	0	NA
52	17253	3	NA	1	0.02
52	17281	1	NA	1	0.05
52	17281	2	0.16	0	NA
52	17281	3	NA	1	0.02
52	17315	1	0.08	0	NA
52	17315	2	0.25	0	NA
52	17315	3	NA	1	0.02
53	16959	1	0.08	0	NA
53	16959	2	0.24	0	NA
53	16959	3	NA	1	0.02
53	16987	1	NA	1	0.05
53	16987	2	NA	1	0.1
53	16987	3	NA	1	0.02
53	17035	1	NA	1	0.05
53	17035	2	NA	1	0.1
53	17035	3	NA	1	0.02
53	17056	1	0.05	0	NA
53	17056	2	NA	1	0.1
53	17056	3	NA	1	0.02
53	17098	1	0.36	0	NA
53	17098	2	0.16	0	NA
53	17098	3	NA	1	0.02
53	17126	1	0.61	0	NA
53	17126	2	0.58	0	NA
53	17126	3	NA	1	0.02
53	17141	1	0.65	0	NA
53	17141	2	0.45	0	NA
53	17141	3	NA	1	0.02
53	17175	1	0.91	0	NA
53	17175	2	1.03	0	NA
53	17175	3	NA	1	0.02
53	17224	1	0.44	0	NA
53	17224	2	0.71	0	NA
53	17224	3	NA	1	0.02
53	17253	1	0.21	0	NA
53	17253	2	0.44	0	NA
53	17253	3	NA	1	0.02
53	17281	1	0.06	0	NA
53	17281	2	0.35	0	NA
53	17281	3	NA	1	0.02
53	17315	1	NA	1	0.05
53	17315	2	0.14	0	NA
53	17315	3	NA	1	0.02
54	17337	1	0.06	0	NA
54	17337	2	0.25	0	NA
54	17337	3	NA	1	0.02
54	17359	1	0.25	0	NA
54	17359	2	0.31	0	NA
54	17359	3	NA	1	0.02
54	17379	1	0.1	0	NA
54	17379	2	0.14	0	NA
54	17379	3	NA	1	0.02
54	17421	1	0.07	0	NA
54	17421	2	0.3	0	NA
54	17421	3	NA	1	0.02
54	17449	1	0.07	0	NA
54	17449	2	0.22	0	NA
54	17449	3	NA	1	0.02
54	17477	1	0.1	0	NA
54	17477	2	0.19	0	NA
54	17477	3	NA	1	0.02
54	17505	1	0.09	0	NA
54	17505	2	0.24	0	NA
54	17505	3	NA	1	0.02
54	17534	1	NA	1	0.05
54	17534	2	0.26	0	NA
54	17534	3	NA	1	0.02
54	17567	1	0.07	0	NA
54	17567	2	0.17	0	NA
54	17567	3	NA	1	0.02
54	17610	1	NA	1	0.05
54	17610	2	0.24	0	NA
54	17610	3	NA	1	0.02
54	17631	1	NA	1	0.05
54	17631	2	0.13	0	NA
54	17631	3	0.02	0	NA
54	17674	1	0.05	0	NA
54	17674	2	0.2	0	NA
54	17674	3	NA	1	0.02
55	16959	1	NA	1	0.05
55	16959	2	0.7	0	NA
55	16959	3	NA	1	0.02
55	16980	1	NA	1	0.05
55	16980	2	NA	1	0.1
55	16980	3	NA	1	0.02
55	17021	1	NA	1	0.05
55	17021	2	NA	1	0.1
55	17021	3	NA	1	0.02
55	17056	1	0.09	0	NA
55	17056	2	NA	1	0.1
55	17056	3	NA	1	0.02
55	17084	1	NA	1	0.05
55	17084	2	0.18	0	NA
55	17084	3	NA	1	0.02
55	17112	1	0.07	0	NA
55	17112	2	0.21	0	NA
55	17112	3	NA	1	0.02
55	17133	1	0.27	0	NA
55	17133	2	0.33	0	NA
55	17133	3	0.0266	0	NA
55	17168	1	0.24	0	NA
55	17168	2	0.63	0	NA
55	17168	3	0.0303	0	NA
55	17197	1	NA	1	0.05
55	17197	2	1.56	0	NA
55	17197	3	0.0201	0	NA
55	17225	1	NA	1	0.05
55	17225	2	1.54	0	NA
55	17225	3	NA	1	0.02
55	17275	1	NA	1	0.05
55	17275	2	1.01	0	NA
55	17275	3	NA	1	0.02
55	17295	1	0.05	0	NA
55	17295	2	0.87	0	NA
55	17295	3	NA	1	0.02
56	16959	1	NA	1	0.05
56	16959	2	1.81	0	NA
56	16959	3	NA	1	0.02
56	16980	1	NA	1	0.05
56	16980	2	0.29	0	NA
56	16980	3	NA	1	0.02
56	17021	1	NA	1	0.05
56	17021	2	NA	1	0.1
56	17021	3	0.0372	0	NA
56	17056	1	NA	1	0.05
56	17056	2	NA	1	0.1
56	17056	3	NA	1	0.02
56	17084	1	NA	1	0.05
56	17084	2	NA	1	0.1
56	17084	3	NA	1	0.02
56	17112	1	NA	1	0.05
56	17112	2	0.12	0	NA
56	17112	3	NA	1	0.02
56	17133	1	0.25	0	NA
56	17133	2	0.32	0	NA
56	17133	3	0.0277	0	NA
56	17168	1	0.25	0	NA
56	17168	2	1.08	0	NA
56	17168	3	0.0299	0	NA
56	17197	1	0.15	0	NA
56	17197	2	2.54	0	NA
56	17197	3	0.045	0	NA
56	17225	1	NA	1	0.05
56	17225	2	2.57	0	NA
56	17225	3	0.022	0	NA
56	17275	1	0.05	0	NA
56	17275	2	1.26	0	NA
56	17275	3	NA	1	0.02
56	17295	1	0.07	0	NA
56	17295	2	0.99	0	NA
56	17295	3	NA	1	0.02
57	16182	1	NA	1	0.1
57	16182	2	0.2	0	NA
57	16238	1	NA	1	0.1
57	16238	2	0.29	0	NA
57	16273	1	NA	1	0.1
57	16273	2	0.18	0	NA
57	16293	1	NA	1	0.1
57	16293	2	0.19	0	NA
57	16342	1	NA	1	0.1
57	16342	2	0.21	0	NA
57	16371	1	NA	1	0.1
57	16371	2	0.1	0	NA
58	17344	1	0.79	0	NA
58	17344	2	0.59	0	NA
58	17344	3	0.7665	0	NA
58	17372	1	0.23	0	NA
58	17372	2	0.16	0	NA
58	17372	3	0.104	0	NA
58	17399	1	2.57	0	NA
58	17399	2	0.25	0	NA
58	17399	3	0.048	0	NA
58	17420	1	3.11	0	NA
58	17420	2	0.36	0	NA
58	17420	3	0.0606	0	NA
58	17462	1	NA	1	0.05
58	17462	2	0.15	0	NA
58	17462	3	NA	1	0.02
58	17490	1	NA	1	0.05
58	17490	2	0.14	0	NA
58	17490	3	NA	1	0.02
58	17519	1	0.05	0	NA
58	17519	2	0.29	0	NA
58	17519	3	0.0533	0	NA
58	17553	1	0.07	0	NA
58	17553	2	0.27	0	NA
58	17553	3	0.104	0	NA
58	17581	1	0.05	0	NA
58	17581	2	0.28	0	NA
58	17581	3	0.0982	0	NA
58	17602	1	NA	1	0.05
58	17602	2	3.57	0	NA
58	17602	3	0.089	0	NA
58	17625	1	NA	1	0.05
58	17625	2	0.17	0	NA
58	17625	3	0.061	0	NA
58	17680	1	0.1	0	NA
58	17680	2	0.23	0	NA
58	17680	3	0.0598	0	NA
59	17700	1	0.1	0	NA
59	17700	2	3.02	0	NA
59	17700	3	0.0418	0	NA
59	17743	1	0.14	0	NA
59	17743	2	0.17	0	NA
59	17743	3	0.1225	0	NA
59	17770	1	1.14	0	NA
59	17770	2	0.31	0	NA
59	17770	3	0.1237	0	NA
59	17854	1	2.83	0	NA
59	17854	2	0.15	0	NA
59	17854	3	0.0487	0	NA
59	17876	1	0.71	0	NA
59	17876	2	0.29	0	NA
59	17876	3	0.0578	0	NA
60	16973	1	NA	1	0.05
60	16973	2	0.33	0	NA
60	16973	3	0.1977	0	NA
60	17015	1	0.92	0	NA
60	17015	2	0.1	0	NA
60	17015	3	0.305	0	NA
60	17030	1	0.09	0	NA
60	17030	2	NA	1	0.1
60	17030	3	0.1709	0	NA
60	17071	1	0.22	0	NA
60	17071	2	NA	1	0.1
60	17071	3	0.2411	0	NA
60	17084	1	0.75	0	NA
60	17084	2	NA	1	0.1
60	17084	3	0.3472	0	NA
60	17112	1	0.12	0	NA
60	17112	2	NA	1	0.1
60	17112	3	0.0911	0	NA
60	17133	1	NA	1	0.05
60	17133	2	0.21	0	NA
60	17133	3	0.2772	0	NA
60	17168	1	0.05	0	NA
60	17168	2	0.25	0	NA
60	17168	3	0.2653	0	NA
60	17197	1	NA	1	0.05
60	17197	2	0.18	0	NA
60	17197	3	0.0999	0	NA
60	17225	1	NA	1	0.05
60	17225	2	0.13	0	NA
60	17225	3	0.1484	0	NA
60	17275	1	NA	1	0.05
60	17275	2	0.15	0	NA
60	17275	3	0.143	0	NA
60	17295	1	0.05	0	NA
60	17295	2	0.21	0	NA
60	17295	3	0.161	0	NA
61	16196	1	0.18	0	NA
61	16196	2	8.4	0	NA
61	16223	1	0.35	0	NA
61	16223	2	5.28	0	NA
61	16251	1	NA	1	0.1
61	16251	2	NA	1	0.1
61	16287	1	NA	1	0.1
61	16287	2	0.13	0	NA
61	16321	1	0.44	0	NA
61	16321	2	6.53	0	NA
61	16364	1	0.31	0	NA
61	16364	2	2.06	0	NA
62	16581	1	0.73	0	NA
62	16581	2	0.27	0	NA
62	16581	3	0.056	0	NA
62	16601	1	0.07	0	NA
62	16601	2	0.21	0	NA
62	16601	3	0.038	0	NA
62	16616	1	0.06	0	NA
62	16616	2	0.23	0	NA
62	16616	3	NA	1	0.02
62	16643	1	1.43	0	NA
62	16643	2	0.33	0	NA
62	16643	3	0.051	0	NA
62	16671	1	2.18	0	NA
62	16671	2	0.22	0	NA
62	16671	3	0.0469	0	NA
62	16699	1	0.05	0	NA
62	16699	2	NA	1	0.1
62	16699	3	0.067	0	NA
62	16734	1	NA	1	0.05
62	16734	2	0.0128	0	NA
62	16734	3	0.02	0	NA
62	16762	1	0.23	0	NA
62	16762	2	0.27	0	NA
62	16762	3	NA	1	0.02
62	16805	1	0.06	0	NA
62	16805	2	0.28	0	NA
62	16805	3	NA	1	0.02
62	16832	1	NA	1	0.05
62	16832	2	0.18	0	NA
62	16832	3	NA	1	0.02
62	16860	1	NA	1	0.05
62	16860	2	NA	1	0.1
62	16860	3	NA	1	0.02
62	16896	1	NA	1	0.05
62	16896	2	0.33	0	NA
62	16896	3	0.0222	0	NA
62	16924	1	NA	1	0.05
62	16924	2	NA	1	0.1
62	16924	3	NA	1	0.02
63	16601	1	NA	1	0.05
63	16601	2	0.12	0	NA
63	16601	3	0.029	0	NA
63	16616	1	NA	1	0.05
63	16616	2	0.13	0	NA
63	16616	3	0.038	0	NA
63	16643	1	0.32	0	NA
63	16643	2	3.52	0	NA
63	16643	3	0.069	0	NA
63	16671	1	1.59	0	NA
63	16671	2	0.23	0	NA
63	16671	3	0.0455	0	NA
63	16699	1	3.19	0	NA
63	16699	2	0.24	0	NA
63	16699	3	0.0878	0	NA
63	16734	1	3.15	0	NA
63	16734	2	0.66	0	NA
63	16734	3	0.11	0	NA
63	16762	1	3.59	0	NA
63	16762	2	1.54	0	NA
63	16762	3	0.095	0	NA
63	16805	1	3.03	0	NA
63	16805	2	1.58	0	NA
63	16805	3	0.04	0	NA
63	16832	1	0.37	0	NA
63	16832	2	0.77	0	NA
63	16832	3	0.0472	0	NA
63	16860	1	0.09	0	NA
63	16860	2	0.52	0	NA
63	16860	3	0.0365	0	NA
63	16896	1	0.24	0	NA
63	16896	2	1.02	0	NA
63	16896	3	0.0475	0	NA
63	16924	1	NA	1	0.05
63	16924	2	0.33	0	NA
63	16924	3	0.0523	0	NA
64	16951	1	NA	1	0.05
64	16951	2	NA	1	0.1
64	16951	3	0.0235	0	NA
64	16980	1	NA	1	0.05
64	16980	2	NA	1	0.1
64	16980	3	NA	1	0.02
64	17030	1	0.07	0	NA
64	17030	2	NA	1	0.1
64	17030	3	0.0298	0	NA
64	17126	1	0.09	0	NA
64	17126	2	0.47	0	NA
64	17126	3	0.0443	0	NA
64	17197	1	NA	1	0.05
64	17197	2	0.18	0	NA
64	17197	3	0.029	0	NA
64	17224	1	NA	1	0.05
64	17224	2	0.16	0	NA
64	17224	3	0.0243	0	NA
64	17260	1	0.12	0	NA
64	17260	2	0.4	0	NA
64	17260	3	0.0208	0	NA
65	16951	1	1.15	0	NA
65	16951	2	0.5	0	NA
65	16951	3	0.1142	0	NA
65	16980	1	NA	1	0.05
65	16980	2	NA	1	0.1
65	16980	3	0.0564	0	NA
65	17035	1	0.07	0	NA
65	17035	2	0.15	0	NA
65	17035	3	0.0847	0	NA
65	17050	1	NA	1	0.05
65	17050	2	0.21	0	NA
65	17050	3	0.0479	0	NA
65	17084	1	NA	1	0.05
65	17084	2	0.94	0	NA
65	17084	3	0.188	0	NA
65	17126	1	0.38	0	NA
65	17126	2	1.23	0	NA
65	17126	3	0.1744	0	NA
65	17141	1	0.56	0	NA
65	17141	2	1.01	0	NA
65	17141	3	0.0942	0	NA
65	17175	1	0.49	0	NA
65	17175	2	1.31	0	NA
65	17175	3	0.0903	0	NA
65	17197	1	0.13	0	NA
65	17197	2	0.73	0	NA
65	17197	3	0.0344	0	NA
65	17224	1	0.35	0	NA
65	17224	2	1.12	0	NA
65	17224	3	0.0784	0	NA
65	17260	1	0.06	0	NA
65	17260	2	0.29	0	NA
65	17260	3	0.0995	0	NA
65	17315	1	0.1	0	NA
65	17315	2	0.72	0	NA
65	17315	3	0.159	0	NA
66	16951	1	NA	1	0.05
66	16951	2	NA	1	0.1
66	16951	3	0.0819	0	NA
66	16980	1	NA	1	0.05
66	16980	2	NA	1	0.1
66	16980	3	0.0983	0	NA
66	17035	1	NA	1	0.05
66	17035	2	NA	1	0.1
66	17035	3	0.084	0	NA
66	17050	1	NA	1	0.05
66	17050	2	NA	1	0.1
66	17050	3	NA	1	0.02
66	17084	1	0.22	0	NA
66	17084	2	0.31	0	NA
66	17084	3	0.1701	0	NA
66	17126	1	NA	1	0.05
66	17126	2	2.2	0	NA
66	17126	3	0.1855	0	NA
66	17141	1	0.05	0	NA
66	17141	2	1.99	0	NA
66	17141	3	0.1805	0	NA
66	17175	1	0.18	0	NA
66	17175	2	1.51	0	NA
66	17175	3	0.1633	0	NA
66	17197	1	0.06	0	NA
66	17197	2	0.84	0	NA
66	17197	3	0.1161	0	NA
66	17224	1	0.21	0	NA
66	17224	2	1.64	0	NA
66	17224	3	0.1134	0	NA
66	17260	1	0.05	0	NA
66	17260	2	0.25	0	NA
66	17260	3	0.0999	0	NA
66	17315	1	0.07	0	NA
66	17315	2	0.37	0	NA
66	17315	3	0.066	0	NA
67	16203	1	NA	1	0.1
67	16203	2	0.15	0	NA
67	16237	1	NA	1	0.1
67	16237	2	0.22	0	NA
67	16266	1	NA	1	0.1
67	16266	2	NA	1	0.1
67	16301	1	NA	1	0.1
67	16301	2	0.14	0	NA
67	16335	1	NA	1	0.1
67	16335	2	0.14	0	NA
67	16378	1	0.12	0	NA
67	16378	2	0.66	0	NA
68	16609	1	0.08	0	NA
68	16609	2	0.14	0	NA
68	16609	3	0.3043	0	NA
68	16693	1	0.06	0	NA
68	16693	2	NA	1	0.1
68	16693	3	0.0366	0	NA
68	16728	1	0.26	0	NA
68	16728	2	0.45	0	NA
68	16728	3	0.07	0	NA
68	16756	1	0.51	0	NA
68	16756	2	0.29	0	NA
68	16756	3	0.067	0	NA
68	16784	1	0.78	0	NA
68	16784	2	0.69	0	NA
68	16784	3	0.1284	0	NA
69	16952	1	NA	1	0.05
69	16952	2	0.11	0	NA
69	16952	3	0.0285	0	NA
69	16987	1	NA	1	0.05
69	16987	2	NA	1	0.1
69	16987	3	0.0397	0	NA
69	17030	1	NA	1	0.05
69	17030	2	0.11	0	NA
69	17030	3	0.0209	0	NA
69	17056	1	NA	1	0.05
69	17056	2	NA	1	0.1
69	17056	3	NA	1	0.02
69	17077	1	NA	1	0.05
69	17077	2	0.15	0	NA
69	17077	3	0.0204	0	NA
69	17113	1	NA	1	0.05
69	17113	2	NA	1	0.1
69	17113	3	0.036	0	NA
69	17182	1	NA	1	0.05
69	17182	2	0.25	0	NA
69	17182	3	0.2617	0	NA
69	17203	1	NA	1	0.05
69	17203	2	0.19	0	NA
69	17203	3	0.0683	0	NA
69	17238	1	0.09	0	NA
69	17238	2	0.46	0	NA
69	17238	3	NA	1	0.02
69	17260	1	0.13	0	NA
69	17260	2	0.49	0	NA
69	17260	3	0.0352	0	NA
69	17295	1	0.08	0	NA
69	17295	2	0.33	0	NA
69	17295	3	0.07	0	NA
70	16609	1	0.05	0	NA
70	16609	2	0.11	0	NA
70	16609	3	0.0411	0	NA
70	16631	1	0.07	0	NA
70	16631	2	0.22	0	NA
70	16631	3	0.1	0	NA
70	16665	1	0.09	0	NA
70	16665	2	0.33	0	NA
70	16665	3	0.1509	0	NA
70	16693	1	0.08	0	NA
70	16693	2	0.16	0	NA
70	16693	3	0.0525	0	NA
70	16728	1	0.05	0	NA
70	16728	2	0.2	0	NA
70	16728	3	0.02	0	NA
70	16756	1	NA	1	0.05
70	16756	2	0.1	0	NA
70	16756	3	0.032	0	NA
70	16784	1	NA	1	0.05
70	16784	2	NA	1	0.1
70	16784	3	0.0255	0	NA
70	16825	1	NA	1	0.05
70	16825	2	2.36	0	NA
70	16825	3	0.0275	0	NA
70	16854	1	NA	1	0.05
70	16854	2	0.14	0	NA
70	16854	3	0.0294	0	NA
70	16895	1	NA	1	0.05
70	16895	2	0.45	0	NA
70	16895	3	0.0282	0	NA
70	16917	1	NA	1	0.05
70	16917	2	0.1	0	NA
70	16917	3	0.0405	0	NA
70	16945	1	0.13	0	NA
70	16945	2	NA	1	0.1
70	16945	3	0.0715	0	NA
71	16609	1	0.5	0	NA
71	16609	2	NA	1	0.1
71	16609	3	0.1466	0	NA
71	16631	1	NA	1	0.05
71	16631	2	0.13	0	NA
71	16631	3	0.053	0	NA
71	16665	1	0.77	0	NA
71	16665	2	0.18	0	NA
71	16665	3	0.0543	0	NA
71	16693	1	0.12	0	NA
71	16693	2	0.1	0	NA
71	16693	3	0.0711	0	NA
71	16728	1	0.05	0	NA
71	16728	2	NA	1	0.1
71	16728	3	0.02	0	NA
71	16756	1	0.07	0	NA
71	16756	2	0.14	0	NA
71	16756	3	0.024	0	NA
71	16784	1	0.13	0	NA
71	16784	2	0.11	0	NA
71	16784	3	NA	1	0.02
71	16825	1	0.05	0	NA
71	16825	2	0.89	0	NA
71	16825	3	NA	1	0.02
71	16854	1	NA	1	0.05
71	16854	2	0.12	0	NA
71	16854	3	NA	1	0.02
71	16895	1	NA	1	0.05
71	16895	2	0.26	0	NA
71	16895	3	NA	1	0.02
71	16917	1	NA	1	0.05
71	16917	2	NA	1	0.1
71	16917	3	0.0316	0	NA
71	16945	1	0.07	0	NA
71	16945	2	NA	1	0.1
71	16945	3	0.0255	0	NA
72	16972	1	NA	1	0.05
72	16972	2	0.29	0	NA
72	16972	3	0.1225	0	NA
72	17014	1	0.33	0	NA
72	17014	2	NA	1	0.1
72	17014	3	0.0865	0	NA
72	17035	1	NA	1	0.05
72	17035	2	NA	1	0.1
72	17035	3	0.0756	0	NA
72	17063	1	NA	1	0.05
72	17063	2	NA	1	0.1
72	17063	3	0.2042	0	NA
72	17092	1	0.11	0	NA
72	17092	2	0.37	0	NA
72	17092	3	0.1092	0	NA
72	17112	1	0.05	0	NA
72	17112	2	NA	1	0.1
72	17112	3	0.1136	0	NA
72	17127	1	NA	1	0.05
72	17127	2	0.34	0	NA
72	17127	3	0.0926	0	NA
72	17183	1	NA	1	0.05
72	17183	2	0.12	0	NA
72	17183	3	0.0933	0	NA
72	17218	1	NA	1	0.05
72	17218	2	0.18	0	NA
72	17218	3	0.0344	0	NA
72	17245	1	NA	1	0.05
72	17245	2	0.29	0	NA
72	17245	3	0.048	0	NA
72	17267	1	0.05	0	NA
72	17267	2	0.2	0	NA
72	17267	3	0.0464	0	NA
72	17295	1	0.06	0	NA
72	17295	2	0.22	0	NA
72	17295	3	0.153	0	NA
73	16972	1	NA	1	0.05
73	16972	2	0.42	0	NA
73	16972	3	0.0684	0	NA
73	17014	1	NA	1	0.05
73	17014	2	NA	1	0.1
73	17014	3	0.0399	0	NA
73	17035	1	NA	1	0.05
73	17035	2	NA	1	0.1
73	17035	3	0.054	0	NA
73	17063	1	0.06	0	NA
73	17063	2	0.22	0	NA
73	17063	3	0.0391	0	NA
73	17091	1	0.06	0	NA
73	17091	2	0.3	0	NA
73	17091	3	0.0269	0	NA
73	17113	1	0.09	0	NA
73	17113	2	NA	1	0.1
73	17113	3	0.0274	0	NA
73	17127	1	0.09	0	NA
73	17127	2	0.45	0	NA
73	17127	3	0.0307	0	NA
73	17183	1	NA	1	0.05
73	17183	2	0.41	0	NA
73	17183	3	NA	1	0.02
73	17218	1	NA	1	0.05
73	17218	2	0.12	0	NA
73	17218	3	0.066	0	NA
73	17245	1	0.05	0	NA
73	17245	2	0.63	0	NA
73	17245	3	0.024	0	NA
73	17267	1	0.13	0	NA
73	17267	2	0.25	0	NA
73	17267	3	0.0242	0	NA
73	17295	1	NA	1	0.05
73	17295	2	0.15	0	NA
73	17295	3	0.021	0	NA
74	16196	1	NA	1	0.1
74	16196	2	2.48	0	NA
74	16223	1	NA	1	0.1
74	16223	2	0.36	0	NA
74	16251	1	NA	1	0.1
74	16251	2	0.13	0	NA
74	16287	1	NA	1	0.1
74	16287	2	NA	1	0.1
74	16322	1	NA	1	0.1
74	16322	2	0.1	0	NA
74	16364	1	0.11	0	NA
74	16364	2	0.29	0	NA
75	17337	1	0.13	0	NA
75	17337	2	0.6	0	NA
75	17337	3	0.041	0	NA
75	17359	1	1.32	0	NA
75	17359	2	0.47	0	NA
75	17359	3	0.0976	0	NA
75	17379	1	0.16	0	NA
75	17379	2	0.56	0	NA
75	17379	3	0.0742	0	NA
75	17421	1	0.74	0	NA
75	17421	2	0.97	0	NA
75	17421	3	0.0345	0	NA
75	17449	1	0.08	0	NA
75	17449	2	0.42	0	NA
75	17449	3	0.0384	0	NA
75	17477	1	0.54	0	NA
75	17477	2	0.43	0	NA
75	17477	3	0.035	0	NA
75	17505	1	0.35	0	NA
75	17505	2	0.35	0	NA
75	17505	3	NA	1	0.02
75	17534	1	0.22	0	NA
75	17534	2	0.28	0	NA
75	17534	3	0.022	0	NA
75	17568	1	0.09	0	NA
75	17568	2	0.31	0	NA
75	17568	3	NA	1	0.02
75	17610	1	NA	1	0.05
75	17610	2	0.37	0	NA
75	17610	3	NA	1	0.02
75	17631	1	NA	1	0.05
75	17631	2	0.18	0	NA
75	17631	3	NA	1	0.02
75	17674	1	0.1	0	NA
75	17674	2	0.5	0	NA
75	17674	3	NA	1	0.02
76	17693	1	NA	1	0.05
76	17693	2	0.29	0	NA
76	17693	3	0.0938	0	NA
76	17735	1	0.12	0	NA
76	17735	2	0.31	0	NA
76	17735	3	0.0694	0	NA
76	17763	1	0.13	0	NA
76	17763	2	0.48	0	NA
76	17763	3	0.2941	0	NA
76	17869	1	2.67	0	NA
76	17869	2	0.3	0	NA
76	17869	3	0.0203	0	NA
77	16182	1	NA	1	0.1
77	16182	2	0.19	0	NA
77	16231	1	NA	1	0.1
77	16231	2	0.14	0	NA
77	16258	1	NA	1	0.1
77	16258	2	0.13	0	NA
77	16293	1	NA	1	0.1
77	16293	2	0.13	0	NA
77	16329	1	NA	1	0.1
77	16329	2	0.12	0	NA
77	16370	1	NA	1	0.1
77	16370	2	0.13	0	NA
78	16182	1	NA	1	0.1
78	16182	2	0.14	0	NA
78	16231	1	NA	1	0.1
78	16231	2	0.15	0	NA
78	16258	1	NA	1	0.1
78	16258	2	0.11	0	NA
78	16293	1	NA	1	0.1
78	16293	2	0.17	0	NA
78	16329	1	NA	1	0.1
78	16329	2	0.21	0	NA
78	16370	1	NA	1	0.1
78	16370	2	0.11	0	NA
79	16182	1	NA	1	0.1
79	16182	2	0.15	0	NA
79	16231	1	NA	1	0.1
79	16231	2	0.1	0	NA
79	16258	1	NA	1	0.1
79	16258	2	0.12	0	NA
79	16293	1	NA	1	0.1
79	16293	2	0.13	0	NA
79	16329	1	NA	1	0.1
79	16329	2	0.14	0	NA
79	16370	1	NA	1	0.1
79	16370	2	0.13	0	NA
80	16293	1	NA	1	0.1
80	16293	2	0.13	0	NA
80	16566	1	NA	1	0.05
80	16566	2	0.15	0	NA
80	16566	3	0.0371	0	NA
80	16594	1	NA	1	0.05
80	16594	2	0.21	0	NA
80	16594	3	0.028	0	NA
80	16623	1	NA	1	0.05
80	16623	2	0.14	0	NA
80	16623	3	0.0706	0	NA
80	16651	1	NA	1	0.05
80	16651	2	0.28	0	NA
80	16651	3	0.14	0	NA
80	16678	1	NA	1	0.05
80	16678	2	0.11	0	NA
80	16678	3	0.0399	0	NA
80	16713	1	0.14	0	NA
80	16713	2	0.16	0	NA
80	16713	3	0.02	0	NA
80	16742	1	NA	1	0.05
80	16742	2	NA	1	0.1
80	16742	3	0.02	0	NA
80	16769	1	NA	1	0.05
80	16769	2	0.16	0	NA
80	16769	3	0.02	0	NA
80	16811	1	NA	1	0.05
80	16811	2	0.18	0	NA
80	16811	3	0.0203	0	NA
80	16839	1	NA	1	0.05
80	16839	2	0.1	0	NA
80	16839	3	0.0331	0	NA
80	16867	1	0.07	0	NA
80	16867	2	1.2	0	NA
80	16867	3	0.0351	0	NA
80	16902	1	NA	1	0.05
80	16902	2	0.33	0	NA
80	16902	3	0.0355	0	NA
80	16930	1	0.19	0	NA
80	16930	2	0.21	0	NA
80	16930	3	0.0327	0	NA
81	16566	1	NA	1	0.05
81	16566	2	0.18	0	NA
81	16566	3	NA	1	0.02
81	16594	1	NA	1	0.05
81	16594	2	0.13	0	NA
81	16594	3	NA	1	0.02
81	16713	1	0.06	0	NA
81	16713	2	0.34	0	NA
81	16713	3	0.02	0	NA
81	16742	1	NA	1	0.05
81	16742	2	NA	1	0.1
81	16742	3	NA	1	0.02
81	16769	1	NA	1	0.05
81	16769	2	NA	1	0.1
81	16769	3	0.02	0	NA
81	16811	1	NA	1	0.05
81	16811	2	0.22	0	NA
81	16811	3	0.0468	0	NA
81	16839	1	0.59	0	NA
81	16839	2	0.77	0	NA
81	16839	3	0.1707	0	NA
81	16867	1	0.74	0	NA
81	16867	2	0.71	0	NA
81	16867	3	0.1734	0	NA
81	16902	1	NA	1	0.05
81	16902	2	0.24	0	NA
81	16902	3	0.0457	0	NA
81	16930	1	0.06	0	NA
81	16930	2	0.12	0	NA
81	16930	3	0.0316	0	NA
82	16188	1	NA	1	0.1
82	16188	2	0.12	0	NA
82	16237	1	0.84	0	NA
82	16237	2	0.15	0	NA
82	16266	1	0.59	0	NA
82	16266	2	0.12	0	NA
82	16300	1	NA	1	0.1
82	16300	2	0.25	0	NA
82	16335	1	0.36	0	NA
82	16335	2	0.74	0	NA
82	16391	1	0.8	0	NA
82	16391	2	0.26	0	NA
83	16587	1	0.06	0	NA
83	16587	2	0.21	0	NA
83	16587	3	0.0637	0	NA
83	16622	1	0.08	0	NA
83	16622	2	0.28	0	NA
83	16622	3	0.086	0	NA
83	16672	1	0.06	0	NA
83	16672	2	0.27	0	NA
83	16672	3	0.0612	0	NA
83	16700	1	0.05	0	NA
83	16700	2	0.16	0	NA
83	16700	3	0.0548	0	NA
83	16735	1	0.07	0	NA
83	16735	2	0.28	0	NA
83	16735	3	0.05	0	NA
83	16763	1	NA	1	0.05
83	16763	2	0.21	0	NA
83	16763	3	0.039	0	NA
83	16804	1	NA	1	0.05
83	16804	2	0.22	0	NA
83	16804	3	0.0505	0	NA
83	16833	1	NA	1	0.05
83	16833	2	0.27	0	NA
83	16833	3	0.0815	0	NA
83	16861	1	NA	1	0.05
83	16861	2	0.98	0	NA
83	16861	3	0.0391	0	NA
83	16895	1	0.07	0	NA
83	16895	2	0.54	0	NA
83	16895	3	0.0415	0	NA
83	16923	1	NA	1	0.05
83	16923	2	0.11	0	NA
83	16923	3	0.0296	0	NA
84	16587	1	NA	1	0.05
84	16587	2	0.15	0	NA
84	16587	3	0.0522	0	NA
84	16672	1	NA	1	0.05
84	16672	2	NA	1	0.1
84	16672	3	0.1625	0	NA
84	16700	1	2.45	0	NA
84	16700	2	0.3	0	NA
84	16700	3	0.2277	0	NA
84	16735	1	2.22	0	NA
84	16735	2	0.37	0	NA
84	16735	3	0.02	0	NA
84	16763	1	0.58	0	NA
84	16763	2	0.19	0	NA
84	16763	3	NA	1	0.02
84	16804	1	0.11	0	NA
84	16804	2	0.26	0	NA
84	16804	3	NA	1	0.02
84	16833	1	NA	1	0.05
84	16833	2	0.18	0	NA
84	16833	3	NA	1	0.02
84	16861	1	0.09	0	NA
84	16861	2	0.21	0	NA
84	16861	3	NA	1	0.02
84	16895	1	NA	1	0.05
84	16895	2	0.33	0	NA
84	16895	3	NA	1	0.02
84	16923	1	NA	1	0.05
84	16923	2	NA	1	0.1
84	16923	3	NA	1	0.02
85	17329	1	0.14	0	NA
85	17329	2	0.65	0	NA
85	17329	3	0.0453	0	NA
85	17351	1	0.18	0	NA
85	17351	2	0.38	0	NA
85	17351	3	0.052	0	NA
85	17491	1	0.12	0	NA
85	17491	2	0.52	0	NA
85	17491	3	0.0754	0	NA
85	17518	1	0.05	0	NA
85	17518	2	0.2	0	NA
85	17518	3	0.0307	0	NA
85	17540	1	NA	1	0.05
85	17540	2	0.31	0	NA
85	17540	3	0.0296	0	NA
85	17561	1	NA	1	0.05
85	17561	2	0.26	0	NA
85	17561	3	NA	1	0.02
85	17616	1	0.07	0	NA
85	17616	2	0.28	0	NA
85	17616	3	NA	1	0.02
85	17644	1	NA	1	0.05
85	17644	2	0.35	0	NA
85	17644	3	NA	1	0.02
85	17666	1	NA	1	0.05
85	17666	2	0.2	0	NA
85	17666	3	NA	1	0.02
86	16972	1	0.27	0	NA
86	16972	2	0.58	0	NA
86	16972	3	0.0533	0	NA
86	16986	1	0.22	0	NA
86	16986	2	NA	1	0.1
86	16986	3	0.0417	0	NA
86	17029	1	NA	1	0.05
86	17029	2	NA	1	0.1
86	17029	3	NA	1	0.02
86	17063	1	NA	1	0.05
86	17063	2	0.13	0	NA
86	17063	3	0.0341	0	NA
86	17091	1	0.07	0	NA
86	17091	2	0.44	0	NA
86	17091	3	NA	1	0.02
86	17113	1	0.7	0	NA
86	17113	2	NA	1	0.1
86	17113	3	0.0443	0	NA
86	17140	1	1.48	0	NA
86	17140	2	0.18	0	NA
86	17140	3	NA	1	0.02
86	17182	1	0.63	0	NA
86	17182	2	0.27	0	NA
86	17182	3	NA	1	0.02
86	17218	1	0.16	0	NA
86	17218	2	0.14	0	NA
86	17218	3	NA	1	0.02
86	17245	1	0.24	0	NA
86	17245	2	0.3	0	NA
86	17245	3	NA	1	0.02
86	17267	1	0.07	0	NA
86	17267	2	0.18	0	NA
86	17267	3	NA	1	0.02
86	17301	1	NA	1	0.05
86	17301	2	0.25	0	NA
86	17301	3	0.02	0	NA
87	16972	1	0.05	0	NA
87	16972	2	0.42	0	NA
87	16972	3	0.1046	0	NA
87	17014	1	0.33	0	NA
87	17014	2	0.1	0	NA
87	17014	3	0.0318	0	NA
87	17029	1	NA	1	0.05
87	17029	2	NA	1	0.1
87	17029	3	0.0318	0	NA
87	17063	1	NA	1	0.05
87	17063	2	NA	1	0.1
87	17063	3	0.0342	0	NA
87	17091	1	NA	1	0.05
87	17091	2	0.19	0	NA
87	17091	3	0.0221	0	NA
87	17112	1	NA	1	0.05
87	17112	2	NA	1	0.1
87	17112	3	NA	1	0.02
87	17127	1	0.06	0	NA
87	17127	2	0.33	0	NA
87	17127	3	0.0467	0	NA
87	17182	1	0.39	0	NA
87	17182	2	3.47	0	NA
87	17182	3	0.1437	0	NA
87	17218	1	NA	1	0.05
87	17218	2	NA	1	0.1
87	17218	3	0.0371	0	NA
87	17245	1	0.3	0	NA
87	17245	2	1.42	0	NA
87	17245	3	0.0606	0	NA
87	17267	1	NA	1	0.05
87	17267	2	0.19	0	NA
87	17267	3	0.026	0	NA
87	17295	1	0.06	0	NA
87	17295	2	0.14	0	NA
87	17295	3	NA	1	0.02
88	17344	1	0.14	0	NA
88	17344	2	0.16	0	NA
88	17344	3	NA	1	0.02
88	17372	1	0.09	0	NA
88	17372	2	0.18	0	NA
88	17372	3	NA	1	0.02
88	17378	1	0.07	0	NA
88	17378	2	0.14	0	NA
88	17378	3	NA	1	0.02
88	17435	1	0.07	0	NA
88	17435	2	0.21	0	NA
88	17435	3	NA	1	0.02
88	17455	1	0.05	0	NA
88	17455	2	0.14	0	NA
88	17455	3	NA	1	0.02
88	17497	1	0.1	0	NA
88	17497	2	0.23	0	NA
88	17497	3	NA	1	0.02
88	17519	1	0.21	0	NA
88	17519	2	3.83	0	NA
88	17519	3	NA	1	0.02
88	17546	1	0.09	0	NA
88	17546	2	1.92	0	NA
88	17546	3	NA	1	0.02
88	17581	1	NA	1	0.05
88	17581	2	0.63	0	NA
88	17581	3	NA	1	0.02
88	17609	1	0.15	0	NA
88	17609	2	0.35	0	NA
88	17609	3	NA	1	0.02
88	17644	1	NA	1	0.05
88	17644	2	0.14	0	NA
88	17644	3	NA	1	0.02
88	17680	1	NA	1	0.05
88	17680	2	0.33	0	NA
88	17680	3	0.0209	0	NA
89	17694	1	NA	1	0.05
89	17694	2	0.11	0	NA
89	17694	3	0.0237	0	NA
89	17743	1	0.35	0	NA
89	17743	2	0.17	0	NA
89	17743	3	0.1379	0	NA
89	17862	1	0.08	0	NA
89	17862	2	0.21	0	NA
89	17862	3	0.0759	0	NA
89	17883	1	NA	1	0.05
89	17883	2	0.13	0	NA
89	17883	3	0.0259	0	NA
90	16566	1	0.29	0	NA
90	16566	2	1.48	0	NA
90	16566	3	0.0289	0	NA
90	16601	1	0.07	0	NA
90	16601	2	1.3	0	NA
90	16601	3	0.033	0	NA
90	16629	1	0.05	0	NA
90	16629	2	0.18	0	NA
90	16629	3	0.026	0	NA
90	16657	1	NA	1	0.05
90	16657	2	0.25	0	NA
90	16657	3	0.0308	0	NA
90	16685	1	NA	1	0.05
90	16685	2	0.26	0	NA
90	16685	3	0.0202	0	NA
90	16720	1	0.045	0	NA
90	16720	2	0.29	0	NA
90	16720	3	0.02	0	NA
90	16748	1	0.09	0	NA
90	16748	2	0.33	0	NA
90	16748	3	NA	1	0.02
90	16776	1	0.63	0	NA
90	16776	2	0.32	0	NA
90	16776	3	0.034	0	NA
91	17336	1	0.63	0	NA
91	17336	2	0.62	0	NA
91	17336	3	0.378	0	NA
91	17350	1	0.13	0	NA
91	17350	2	0.32	0	NA
91	17350	3	0.2342	0	NA
91	17400	1	2.95	0	NA
91	17400	2	0.95	0	NA
91	17400	3	1.931	0	NA
91	17434	1	0.19	0	NA
91	17434	2	1.05	0	NA
91	17434	3	0.439	0	NA
91	17456	1	6.05	0	NA
91	17456	2	1.35	0	NA
91	17456	3	0.4272	0	NA
91	17497	1	4.15	0	NA
91	17497	2	1.27	0	NA
91	17497	3	0.25	0	NA
91	17512	1	2.4	0	NA
91	17512	2	0.74	0	NA
91	17512	3	0.1258	0	NA
91	17539	1	1.61	0	NA
91	17539	2	0.61	0	NA
91	17539	3	0.1391	0	NA
91	17567	1	0.91	0	NA
91	17567	2	0.74	0	NA
91	17567	3	0.066	0	NA
91	17609	1	0.18	0	NA
91	17609	2	0.78	0	NA
91	17609	3	0.033	0	NA
91	17637	1	NA	1	0.05
91	17637	2	0.26	0	NA
91	17637	3	0.0383	0	NA
91	17680	1	0.09	0	NA
91	17680	2	0.5	0	NA
91	17680	3	0.7801	0	NA
92	16188	1	NA	1	0.1
92	16188	2	0.18	0	NA
92	16232	1	NA	1	0.1
92	16232	2	0.1	0	NA
92	16265	1	NA	1	0.1
92	16265	2	NA	1	0.1
92	16294	1	NA	1	0.1
92	16294	2	NA	1	0.1
92	16329	1	NA	1	0.1
92	16329	2	NA	1	0.1
92	16363	1	NA	1	0.1
92	16363	2	0.47	0	NA
93	16965	1	0.06	0	NA
93	16965	2	0.33	0	NA
93	16965	3	0.3827	0	NA
93	16987	1	0.93	0	NA
93	16987	2	NA	1	0.1
93	16987	3	0.368	0	NA
93	17030	1	0.16	0	NA
93	17030	2	NA	1	0.1
93	17030	3	0.0561	0	NA
93	17057	1	NA	1	0.05
93	17057	2	0.2	0	NA
93	17057	3	0.0273	0	NA
93	17085	1	0.05	0	NA
93	17085	2	0.21	0	NA
93	17085	3	0.0249	0	NA
93	17113	1	0.05	0	NA
93	17113	2	NA	1	0.1
93	17113	3	0.023	0	NA
93	17140	1	0.05	0	NA
93	17140	2	0.2	0	NA
93	17140	3	0.0278	0	NA
93	17182	1	NA	1	0.05
93	17182	2	2.37	0	NA
93	17182	3	0.0272	0	NA
93	17203	1	NA	1	0.05
93	17203	2	NA	1	0.1
93	17203	3	0.0291	0	NA
93	17231	1	NA	1	0.05
93	17231	2	0.16	0	NA
93	17231	3	0.0267	0	NA
93	17274	1	NA	1	0.05
93	17274	2	0.17	0	NA
93	17274	3	0.022	0	NA
93	17294	1	0.07	0	NA
93	17294	2	0.15	0	NA
93	17294	3	NA	1	0.02
94	16202	1	NA	1	0.1
94	16202	2	0.56	0	NA
94	16244	1	NA	1	0.1
94	16244	2	NA	1	0.1
94	16259	1	NA	1	0.1
94	16259	2	0.11	0	NA
94	16300	1	NA	1	0.1
94	16300	2	0.22	0	NA
94	16329	1	NA	1	0.1
94	16329	2	2.02	0	NA
94	16377	1	NA	1	0.1
94	16377	2	0.28	0	NA
95	16202	1	NA	1	0.1
95	16202	2	5.5	0	NA
95	16244	1	NA	1	0.1
95	16244	2	4.42	0	NA
95	16259	1	NA	1	0.1
95	16259	2	3.32	0	NA
95	16300	1	NA	1	0.1
95	16300	2	2.09	0	NA
95	16329	1	NA	1	0.1
95	16329	2	0.12	0	NA
95	16377	1	NA	1	0.1
95	16377	2	3.39	0	NA
96	16952	1	0.92	0	NA
96	16952	2	0.53	0	NA
96	16952	3	0.0244	0	NA
96	16979	1	0.42	0	NA
96	16979	2	0.23	0	NA
96	16979	3	NA	1	0.02
96	17029	1	0.44	0	NA
96	17029	2	0.17	0	NA
96	17029	3	NA	1	0.02
96	17057	1	0.84	0	NA
96	17057	2	0.18	0	NA
96	17057	3	NA	1	0.02
96	17085	1	1.51	0	NA
96	17085	2	0.58	0	NA
96	17085	3	0.0249	0	NA
96	17112	1	1.43	0	NA
96	17112	2	0.39	0	NA
96	17112	3	0.0216	0	NA
96	17134	1	1.22	0	NA
96	17134	2	0.38	0	NA
96	17134	3	0.0243	0	NA
96	17169	1	1.14	0	NA
96	17169	2	0.53	0	NA
96	17169	3	NA	1	0.02
96	17196	1	1.53	0	NA
96	17196	2	0.46	0	NA
96	17196	3	0.024	0	NA
96	17245	1	0.85	0	NA
96	17245	2	0.42	0	NA
96	17245	3	NA	1	0.02
96	17259	1	0.61	0	NA
96	17259	2	0.35	0	NA
96	17259	3	NA	1	0.02
96	17294	1	0.26	0	NA
96	17294	2	0.44	0	NA
96	17294	3	NA	1	0.02
97	16965	1	NA	1	0.05
97	16965	2	5.63	0	NA
97	16965	3	0.0255	0	NA
97	16986	1	0.05	0	NA
97	16986	2	5.24	0	NA
97	16986	3	NA	1	0.02
97	17029	1	NA	1	0.05
97	17029	2	3.92	0	NA
97	17029	3	NA	1	0.02
97	17057	1	0.05	0	NA
97	17057	2	2.57	0	NA
97	17057	3	NA	1	0.02
97	17085	1	0.11	0	NA
97	17085	2	3.14	0	NA
97	17085	3	NA	1	0.02
97	17112	1	0.08	0	NA
97	17112	2	2.71	0	NA
97	17112	3	NA	1	0.02
97	17134	1	0.22	0	NA
97	17134	2	2.6	0	NA
97	17134	3	NA	1	0.02
97	17169	1	0.32	0	NA
97	17169	2	3.44	0	NA
97	17169	3	NA	1	0.02
97	17196	1	0.19	0	NA
97	17196	2	2.73	0	NA
97	17196	3	NA	1	0.02
97	17245	1	NA	1	0.05
97	17245	2	5.16	0	NA
97	17245	3	NA	1	0.02
97	17274	1	NA	1	0.05
97	17274	2	6.13	0	NA
97	17274	3	NA	1	0.02
97	17294	1	0.08	0	NA
97	17294	2	6.34	0	NA
97	17294	3	NA	1	0.02
98	17693	1	NA	1	0.05
98	17693	2	0.27	0	NA
98	17693	3	0.0903	0	NA
98	17714	1	NA	1	0.05
98	17714	2	0.32	0	NA
98	17714	3	0.1141	0	NA
98	17882	1	0.71	0	NA
98	17882	2	1.77	0	NA
98	17882	3	0.0491	0	NA
99	16952	1	0.79	0	NA
99	16952	2	0.37	0	NA
99	16952	3	0.0453	0	NA
99	16979	1	0.05	0	NA
99	16979	2	4	0	NA
99	16979	3	0.0246	0	NA
99	17029	1	0.16	0	NA
99	17029	2	NA	1	0.1
99	17029	3	0.0576	0	NA
99	17049	1	0.13	0	NA
99	17049	2	0.12	0	NA
99	17049	3	NA	1	0.02
99	17077	1	0.13	0	NA
99	17077	2	0.29	0	NA
99	17077	3	0.0395	0	NA
99	17112	1	0.24	0	NA
99	17112	2	2.5	0	NA
99	17112	3	0.062	0	NA
99	17134	1	0.6	0	NA
99	17134	2	0.48	0	NA
99	17134	3	0.0445	0	NA
99	17169	1	0.6	0	NA
99	17169	2	0.67	0	NA
99	17169	3	0.0582	0	NA
99	17196	1	1.09	0	NA
99	17196	2	0.21	0	NA
99	17196	3	0.0425	0	NA
99	17238	1	0.18	0	NA
99	17238	2	0.6	0	NA
99	17238	3	NA	1	0.02
99	17259	1	0.11	0	NA
99	17259	2	0.22	0	NA
99	17259	3	0.0276	0	NA
99	17294	1	0.05	0	NA
99	17294	2	0.2	0	NA
99	17294	3	0.02	0	NA
100	17694	1	NA	1	0.05
100	17694	2	0.21	0	NA
100	17694	3	0.0583	0	NA
100	17770	1	6.08	0	NA
100	17770	2	0.54	0	NA
100	17770	3	1.6795	0	NA
100	17798	1	1.7	0	NA
100	17798	2	0.16	0	NA
100	17798	3	0.1344	0	NA
100	17826	1	12.63	0	NA
100	17826	2	0.31	0	NA
100	17826	3	0.1062	0	NA
100	17862	1	2.94	0	NA
100	17862	2	0.17	0	NA
100	17862	3	0.0616	0	NA
100	17883	1	NA	1	0.05
100	17883	2	0.15	0	NA
100	17883	3	0.3486	0	NA
101	16581	1	NA	1	0.05
101	16581	2	0.1	0	NA
101	16581	3	0.0539	0	NA
101	16601	1	0.06	0	NA
101	16601	2	0.21	0	NA
101	16601	3	0.047	0	NA
101	16616	1	0.13	0	NA
101	16616	2	0.37	0	NA
101	16616	3	0.0841	0	NA
101	16643	1	NA	1	0.05
101	16643	2	0.12	0	NA
101	16643	3	0.092	0	NA
101	16671	1	0.07	0	NA
101	16671	2	0.31	0	NA
101	16671	3	0.0687	0	NA
101	16699	1	0.58	0	NA
101	16699	2	0.4	0	NA
101	16699	3	0.1263	0	NA
101	16734	1	0.96	0	NA
101	16734	2	0.55	0	NA
101	16734	3	0.18	0	NA
101	16762	1	3.14	0	NA
101	16762	2	0.69	0	NA
101	16762	3	0.164	0	NA
101	16805	1	1.71	0	NA
101	16805	2	0.92	0	NA
101	16805	3	0.0441	0	NA
101	16832	1	0.17	0	NA
101	16832	2	0.83	0	NA
101	16832	3	0.0452	0	NA
101	16860	1	0.09	0	NA
101	16860	2	0.81	0	NA
101	16860	3	0.0358	0	NA
101	16896	1	0.06	0	NA
101	16896	2	0.6	0	NA
101	16896	3	0.048	0	NA
101	16924	1	NA	1	0.05
101	16924	2	0.1	0	NA
101	16924	3	0.0354	0	NA
102	17337	1	0.06	0	NA
102	17337	2	0.17	0	NA
102	17337	3	NA	1	0.02
102	17359	1	0.08	0	NA
102	17359	2	0.14	0	NA
102	17359	3	NA	1	0.02
102	17379	1	NA	1	0.05
102	17379	2	0.13	0	NA
102	17379	3	NA	1	0.02
102	17421	1	NA	1	0.05
102	17421	2	0.17	0	NA
102	17421	3	NA	1	0.02
102	17449	1	NA	1	0.05
102	17449	2	0.2	0	NA
102	17449	3	NA	1	0.02
102	17477	1	0.05	0	NA
102	17477	2	0.32	0	NA
102	17477	3	NA	1	0.02
102	17505	1	0.06	0	NA
102	17505	2	0.78	0	NA
102	17505	3	NA	1	0.02
102	17534	1	0.05	0	NA
102	17534	2	1.32	0	NA
102	17534	3	NA	1	0.02
102	17568	1	NA	1	0.05
102	17568	2	0.98	0	NA
102	17568	3	NA	1	0.02
102	17610	1	NA	1	0.05
102	17610	2	0.27	0	NA
102	17610	3	NA	1	0.02
102	17631	1	NA	1	0.05
102	17631	2	0.13	0	NA
102	17631	3	NA	1	0.02
102	17674	1	NA	1	0.05
102	17674	2	0.15	0	NA
102	17674	3	NA	1	0.02
103	17693	1	0.76	0	NA
103	17693	2	0.98	0	NA
103	17693	3	NA	1	0.02
103	17735	1	0.07	0	NA
103	17735	2	0.39	0	NA
103	17735	3	NA	1	0.02
103	17763	1	0.41	0	NA
103	17763	2	0.69	0	NA
103	17763	3	NA	1	0.02
103	17785	1	0.24	0	NA
103	17785	2	0.49	0	NA
103	17785	3	0.1014	0	NA
103	17819	1	0.45	0	NA
103	17819	2	0.54	0	NA
103	17819	3	NA	1	0.02
103	17855	1	0.91	0	NA
103	17855	2	0.28	0	NA
103	17855	3	0.0582	0	NA
103	17869	1	0.74	0	NA
103	17869	2	0.37	0	NA
103	17869	3	0.0581	0	NA
104	17694	1	0.09	0	NA
104	17694	2	0.45	0	NA
104	17694	3	0.1015	0	NA
104	17862	1	NA	1	0.05
104	17862	2	NA	1	0.1
104	17862	3	0.0388	0	NA
104	17883	1	0.07	0	NA
104	17883	2	0.2	0	NA
104	17883	3	0.045	0	NA
105	17694	1	0.15	0	NA
105	17694	2	0.66	0	NA
105	17694	3	0.0933	0	NA
105	17883	1	NA	1	0.05
105	17883	2	0.16	0	NA
105	17883	3	0.0363	0	NA
106	16972	1	NA	1	0.05
106	16972	2	0.89	0	NA
106	16972	3	0.0732	0	NA
106	17015	1	0.31	0	NA
106	17015	2	NA	1	0.1
106	17015	3	0.1014	0	NA
106	17043	1	NA	1	0.05
106	17043	2	0.1	0	NA
106	17043	3	0.0448	0	NA
106	17077	1	NA	1	0.05
106	17077	2	0.11	0	NA
106	17077	3	0.0565	0	NA
106	17098	1	0.22	0	NA
106	17098	2	0.98	0	NA
106	17098	3	0.0365	0	NA
106	17127	1	0.67	0	NA
106	17127	2	2.23	0	NA
106	17127	3	0.058	0	NA
106	17141	1	0.59	0	NA
106	17141	2	1.52	0	NA
106	17141	3	0.0402	0	NA
106	17183	1	0.6	0	NA
106	17183	2	2.46	0	NA
106	17183	3	0.0689	0	NA
106	17217	1	NA	1	0.05
106	17217	2	0.1	0	NA
106	17217	3	0.0906	0	NA
106	17245	1	NA	1	0.05
106	17245	2	0.16	0	NA
106	17245	3	0.0342	0	NA
106	17280	1	0.05	0	NA
106	17280	2	0.15	0	NA
106	17280	3	0.058	0	NA
106	17315	1	0.12	0	NA
106	17315	2	1.12	0	NA
106	17315	3	0.05	0	NA
107	16972	1	NA	1	0.05
107	16972	2	0.36	0	NA
107	16972	3	0.0349	0	NA
107	17015	1	0.26	0	NA
107	17015	2	NA	1	0.1
107	17015	3	0.0471	0	NA
107	17043	1	NA	1	0.05
107	17043	2	NA	1	0.1
107	17043	3	0.0408	0	NA
107	17077	1	NA	1	0.05
107	17077	2	NA	1	0.1
107	17077	3	0.0588	0	NA
107	17098	1	NA	1	0.05
107	17098	2	0.11	0	NA
107	17098	3	0.0361	0	NA
107	17127	1	NA	1	0.05
107	17127	2	0.15	0	NA
107	17127	3	0.0663	0	NA
107	17141	1	NA	1	0.05
107	17141	2	0.15	0	NA
107	17141	3	0.032	0	NA
107	17183	1	NA	1	0.05
107	17183	2	0.16	0	NA
107	17183	3	0.0426	0	NA
107	17217	1	NA	1	0.05
107	17217	2	0.11	0	NA
107	17217	3	0.0454	0	NA
107	17245	1	NA	1	0.05
107	17245	2	0.3	0	NA
107	17245	3	0.0205	0	NA
107	17280	1	NA	1	0.05
107	17280	2	0.14	0	NA
107	17280	3	0.049	0	NA
107	17315	1	0.07	0	NA
107	17315	2	0.48	0	NA
107	17315	3	0.047	0	NA
108	17337	1	NA	1	0.05
108	17337	2	0.2	0	NA
108	17337	3	0.028	0	NA
108	17359	1	0.23	0	NA
108	17359	2	0.14	0	NA
108	17359	3	0.037	0	NA
108	17378	1	NA	1	0.05
108	17378	2	0.13	0	NA
108	17378	3	0.0279	0	NA
108	17435	1	NA	1	0.05
108	17435	2	0.18	0	NA
108	17435	3	0.033	0	NA
108	17455	1	0.08	0	NA
108	17455	2	0.33	0	NA
108	17455	3	0.0373	0	NA
108	17497	1	0.09	0	NA
108	17497	2	0.28	0	NA
108	17497	3	0.037	0	NA
108	17546	1	0.34	0	NA
108	17546	2	0.4	0	NA
108	17546	3	0.043	0	NA
108	17581	1	0.05	0	NA
108	17581	2	0.44	0	NA
108	17581	3	0.046	0	NA
108	17609	1	0.05	0	NA
108	17609	2	0.24	0	NA
108	17609	3	0.066	0	NA
108	17644	1	NA	1	0.05
108	17644	2	0.22	0	NA
108	17644	3	0.0575	0	NA
108	17680	1	NA	1	0.05
108	17680	2	0.12	0	NA
108	17680	3	0.0473	0	NA
109	17329	1	0.12	0	NA
109	17329	2	0.55	0	NA
109	17329	3	0.0343	0	NA
109	17351	1	0.06	0	NA
109	17351	2	0.45	0	NA
109	17351	3	0.0269	0	NA
109	17378	1	0.08	0	NA
109	17378	2	0.36	0	NA
109	17378	3	0.0306	0	NA
109	17435	1	NA	1	0.05
109	17435	2	0.19	0	NA
109	17435	3	NA	1	0.02
109	17455	1	NA	1	0.05
109	17455	2	0.15	0	NA
109	17455	3	NA	1	0.02
109	17491	1	NA	1	0.05
109	17491	2	0.23	0	NA
109	17491	3	NA	1	0.02
109	17511	1	0.05	0	NA
109	17511	2	3.28	0	NA
109	17511	3	NA	1	0.02
109	17540	1	0.55	0	NA
109	17540	2	1.14	0	NA
109	17540	3	0.0267	0	NA
109	17561	1	0.47	0	NA
109	17561	2	0.83	0	NA
109	17561	3	NA	1	0.02
109	17596	1	0.09	0	NA
109	17596	2	1.31	0	NA
109	17596	3	NA	1	0.02
109	17630	1	0.16	0	NA
109	17630	2	0.45	0	NA
109	17630	3	NA	1	0.02
109	17666	1	0.17	0	NA
109	17666	2	0.54	0	NA
109	17666	3	NA	1	0.02
110	17329	1	NA	1	0.05
110	17329	2	0.2	0	NA
110	17329	3	0.1634	0	NA
110	17351	1	NA	1	0.05
110	17351	2	0.22	0	NA
110	17351	3	0.0948	0	NA
110	17378	1	0.07	0	NA
110	17378	2	0.34	0	NA
110	17378	3	0.1748	0	NA
110	17435	1	0.16	0	NA
110	17435	2	0.81	0	NA
110	17435	3	0.143	0	NA
110	17455	1	0.15	0	NA
110	17455	2	1.62	0	NA
110	17455	3	0.0587	0	NA
110	17491	1	0.08	0	NA
110	17491	2	3.52	0	NA
110	17491	3	0.0641	0	NA
110	17511	1	0.22	0	NA
110	17511	2	6.57	0	NA
110	17511	3	0.0613	0	NA
110	17540	1	0.13	0	NA
110	17540	2	9.44	0	NA
110	17540	3	0.0829	0	NA
110	17561	1	0.05	0	NA
110	17561	2	11.06	0	NA
110	17561	3	0.053	0	NA
110	17596	1	NA	1	0.05
110	17596	2	11.29	0	NA
110	17596	3	0.059	0	NA
110	17630	1	0.09	0	NA
110	17630	2	8.68	0	NA
110	17630	3	0.034	0	NA
110	17666	1	0.09	0	NA
110	17666	2	0.6	0	NA
110	17666	3	0.0716	0	NA
111	17329	1	NA	1	0.05
111	17329	2	0.22	0	NA
111	17329	3	0.2119	0	NA
111	17351	1	NA	1	0.05
111	17351	2	0.14	0	NA
111	17351	3	0.1652	0	NA
111	17378	1	0.64	0	NA
111	17378	2	0.26	0	NA
111	17378	3	0.3508	0	NA
111	17435	1	3.71	0	NA
111	17435	2	0.84	0	NA
111	17435	3	0.185	0	NA
111	17455	1	5.6	0	NA
111	17455	2	0.42	0	NA
111	17455	3	0.1165	0	NA
111	17491	1	4.13	0	NA
111	17491	2	0.66	0	NA
111	17491	3	0.165	0	NA
111	17511	1	2.56	0	NA
111	17511	2	3.11	0	NA
111	17511	3	0.0676	0	NA
111	17540	1	0.38	0	NA
111	17540	2	23.72	0	NA
111	17540	3	0.0908	0	NA
111	17561	1	0.36	0	NA
111	17561	2	18.65	0	NA
111	17561	3	0.049	0	NA
111	17596	1	0.14	0	NA
111	17596	2	15.03	0	NA
111	17596	3	0.066	0	NA
111	17630	1	0.07	0	NA
111	17630	2	14.28	0	NA
111	17630	3	0.087	0	NA
111	17666	1	1.84	0	NA
111	17666	2	1.28	0	NA
111	17666	3	0.1683	0	NA
112	17694	1	2.52	0	NA
112	17694	2	0.73	0	NA
112	17694	3	0.0368	0	NA
112	17883	1	1.67	0	NA
112	17883	2	29.19	0	NA
112	17883	3	NA	1	0.02
113	16217	1	NA	1	0.1
113	16217	2	0.13	0	NA
113	16237	1	NA	1	0.1
113	16237	2	0.12	0	NA
113	16259	1	0.14	0	NA
113	16259	2	0.21	0	NA
113	16301	1	NA	1	0.1
113	16301	2	0.31	0	NA
113	16335	1	NA	1	0.1
113	16335	2	0.33	0	NA
113	16371	1	0.24	0	NA
113	16371	2	0.78	0	NA
114	17693	1	NA	1	0.05
114	17693	2	NA	1	0.1
114	17693	3	0.0229	0	NA
114	17735	1	0.06	0	NA
114	17735	2	0.1	0	NA
114	17735	3	NA	1	0.02
114	17763	1	NA	1	0.05
114	17763	2	0.11	0	NA
114	17763	3	NA	1	0.02
114	17785	1	0.05	0	NA
114	17785	2	0.16	0	NA
114	17785	3	0.0379	0	NA
114	17819	1	0.15	0	NA
114	17819	2	0.19	0	NA
114	17819	3	NA	1	0.02
114	17855	1	0.21	0	NA
114	17855	2	NA	1	0.1
114	17855	3	NA	1	0.02
114	17869	1	0.05	0	NA
114	17869	2	0.12	0	NA
114	17869	3	NA	1	0.02
115	16202	1	NA	1	0.1
115	16202	2	0.11	0	NA
115	16232	1	NA	1	0.1
115	16232	2	0.1	0	NA
115	16265	1	NA	1	0.1
115	16265	2	0.1	0	NA
115	16294	1	NA	1	0.1
115	16294	2	NA	1	0.1
115	16329	1	NA	1	0.1
115	16329	2	0.12	0	NA
115	16391	1	NA	1	0.1
115	16391	2	0.14	0	NA
116	16202	1	NA	1	0.1
116	16202	2	0.1	0	NA
116	16232	1	NA	1	0.1
116	16232	2	0.11	0	NA
116	16265	1	NA	1	0.1
116	16265	2	NA	1	0.1
116	16294	1	NA	1	0.1
116	16294	2	0.1	0	NA
116	16329	1	NA	1	0.1
116	16329	2	0.1	0	NA
116	16391	1	NA	1	0.1
116	16391	2	NA	1	0.1
117	16952	1	0.07	0	NA
117	16952	2	0.15	0	NA
117	16952	3	0.0543	0	NA
117	16979	1	NA	1	0.05
117	16979	2	0.2	0	NA
117	16979	3	0.0238	0	NA
117	17029	1	0.11	0	NA
117	17029	2	NA	1	0.1
117	17029	3	0.0413	0	NA
117	17049	1	NA	1	0.05
117	17049	2	NA	1	0.1
117	17049	3	0.0517	0	NA
117	17077	1	NA	1	0.05
117	17077	2	0.27	0	NA
117	17077	3	0.027	0	NA
117	17112	1	NA	1	0.05
117	17112	2	NA	1	0.1
117	17112	3	0.0215	0	NA
117	17134	1	NA	1	0.05
117	17134	2	0.24	0	NA
117	17134	3	NA	1	0.02
117	17169	1	NA	1	0.05
117	17169	2	0.56	0	NA
117	17169	3	0.0253	0	NA
117	17196	1	0.12	0	NA
117	17196	2	0.15	0	NA
117	17196	3	NA	1	0.02
117	17238	1	NA	1	0.05
117	17238	2	0.18	0	NA
117	17238	3	NA	1	0.02
117	17259	1	NA	1	0.05
117	17259	2	0.18	0	NA
117	17259	3	NA	1	0.02
117	17294	1	0.05	0	NA
117	17294	2	0.25	0	NA
117	17294	3	NA	1	0.02
118	16952	1	1.69	0	NA
118	16952	2	0.38	0	NA
118	16952	3	0.4537	0	NA
118	16979	1	NA	1	0.05
118	16979	2	4.04	0	NA
118	16979	3	0.0302	0	NA
118	17029	1	0.08	0	NA
118	17029	2	NA	1	0.1
118	17029	3	0.0392	0	NA
118	17049	1	0.05	0	NA
118	17049	2	0.1	0	NA
118	17049	3	NA	1	0.02
118	17077	1	NA	1	0.05
118	17077	2	0.15	0	NA
118	17077	3	0.03	0	NA
118	17112	1	0.13	0	NA
118	17112	2	0.19	0	NA
118	17112	3	0.0642	0	NA
118	17134	1	NA	1	0.05
118	17134	2	0.19	0	NA
118	17134	3	0.0508	0	NA
118	17169	1	0.05	0	NA
118	17169	2	0.38	0	NA
118	17169	3	0.0782	0	NA
118	17196	1	NA	1	0.05
118	17196	2	0.25	0	NA
118	17196	3	0.0357	0	NA
118	17238	1	0.08	0	NA
118	17238	2	0.44	0	NA
118	17238	3	0.0236	0	NA
118	17259	1	0.09	0	NA
118	17259	2	0.67	0	NA
118	17259	3	0.0201	0	NA
118	17294	1	0.07	0	NA
118	17294	2	0.38	0	NA
118	17294	3	0.035	0	NA
119	17330	1	0.14	0	NA
119	17330	2	0.28	0	NA
119	17330	3	0.053	0	NA
119	17351	1	0.21	0	NA
119	17351	2	0.15	0	NA
119	17351	3	0.0443	0	NA
119	17378	1	0.22	0	NA
119	17378	2	0.17	0	NA
119	17378	3	0.0339	0	NA
119	17435	1	0.09	0	NA
119	17435	2	0.29	0	NA
119	17435	3	0.032	0	NA
119	17455	1	0.11	0	NA
119	17455	2	0.23	0	NA
119	17455	3	0.0301	0	NA
119	17491	1	0.07	0	NA
119	17491	2	0.13	0	NA
119	17491	3	0.0753	0	NA
119	17518	1	0.12	0	NA
119	17518	2	0.37	0	NA
119	17518	3	0.1069	0	NA
119	17546	1	0.08	0	NA
119	17546	2	0.23	0	NA
119	17546	3	0.054	0	NA
119	17574	1	0.06	0	NA
119	17574	2	0.19	0	NA
119	17574	3	0.0313	0	NA
119	17616	1	0.05	0	NA
119	17616	2	0.22	0	NA
119	17616	3	0.029	0	NA
119	17644	1	NA	1	0.05
119	17644	2	0.23	0	NA
119	17644	3	0.0755	0	NA
119	17666	1	NA	1	0.05
119	17666	2	0.11	0	NA
119	17666	3	0.0325	0	NA
120	16595	1	0.05	0	NA
120	16595	2	0.21	0	NA
120	16595	3	0.024	0	NA
120	16636	1	NA	1	0.05
120	16636	2	NA	1	0.1
120	16636	3	0.022	0	NA
120	16658	1	0.05	0	NA
120	16658	2	0.24	0	NA
120	16658	3	0.0366	0	NA
120	16685	1	0.07	0	NA
120	16685	2	0.26	0	NA
120	16685	3	0.041	0	NA
120	16727	1	0.18	0	NA
120	16727	2	0.25	0	NA
120	16727	3	0.04	0	NA
120	16748	1	0.29	0	NA
120	16748	2	0.25	0	NA
120	16748	3	0.0369	0	NA
120	16776	1	0.61	0	NA
120	16776	2	0.33	0	NA
120	16776	3	0.024	0	NA
120	16818	1	1.22	0	NA
120	16818	2	4.11	0	NA
120	16818	3	0.0331	0	NA
120	16847	1	1.09	0	NA
120	16847	2	0.66	0	NA
120	16847	3	0.0424	0	NA
120	16874	1	0.94	0	NA
120	16874	2	0.97	0	NA
120	16874	3	0.0424	0	NA
120	16910	1	0.49	0	NA
120	16910	2	0.72	0	NA
120	16910	3	0.0387	0	NA
120	16944	1	0.39	0	NA
120	16944	2	0.74	0	NA
120	16944	3	0.0475	0	NA
121	16966	1	0.16	0	NA
121	16966	2	0.3	0	NA
121	16966	3	0.6329	0	NA
121	16986	1	0.6	0	NA
121	16986	2	NA	1	0.1
121	16986	3	1.1836	0	NA
121	17043	1	2.17	0	NA
121	17043	2	NA	1	0.1
121	17043	3	2.5912	0	NA
121	17071	1	2.7	0	NA
121	17071	2	NA	1	0.1
121	17071	3	2.2447	0	NA
121	17098	1	2.05	0	NA
121	17098	2	0.15	0	NA
121	17098	3	1.0052	0	NA
121	17127	1	3.1	0	NA
121	17127	2	0.31	0	NA
121	17127	3	1.8905	0	NA
121	17141	1	4.43	0	NA
121	17141	2	0.39	0	NA
121	17141	3	1.3894	0	NA
121	17183	1	2.65	0	NA
121	17183	2	1.21	0	NA
121	17183	3	1.5495	0	NA
121	17217	1	NA	1	0.05
121	17217	2	0.23	0	NA
121	17217	3	0.711	0	NA
121	17245	1	3.76	0	NA
121	17245	2	0.49	0	NA
121	17245	3	1.439	0	NA
121	17280	1	0.1	0	NA
121	17280	2	0.52	0	NA
121	17280	3	0.366	0	NA
121	17315	1	0.3	0	NA
121	17315	2	0.94	0	NA
121	17315	3	1.823	0	NA
122	16595	1	0.21	0	NA
122	16595	2	0.72	0	NA
122	16595	3	1.93	0	NA
122	16636	1	2.9	0	NA
122	16636	2	20.05	0	NA
122	16636	3	3.419	0	NA
122	16658	1	8.46	0	NA
122	16658	2	1.31	0	NA
122	16658	3	4.4035	0	NA
122	16685	1	2.42	0	NA
122	16685	2	0.84	0	NA
122	16685	3	1.6518	0	NA
122	16727	1	6.72	0	NA
122	16727	2	0.8	0	NA
122	16727	3	2	0	NA
122	16748	1	11.4	0	NA
122	16748	2	1.05	0	NA
122	16748	3	2.7667	0	NA
122	16776	1	5.63	0	NA
122	16776	2	1.75	0	NA
122	16776	3	1.311	0	NA
123	16217	1	0.14	0	NA
123	16217	2	0.33	0	NA
123	16238	1	NA	1	0.1
123	16238	2	0.24	0	NA
123	16273	1	0.16	0	NA
123	16273	2	0.17	0	NA
123	16307	1	NA	1	0.1
123	16307	2	0.28	0	NA
123	16336	1	NA	1	0.1
123	16336	2	0.36	0	NA
123	16391	1	0.15	0	NA
123	16391	2	0.28	0	NA
124	16588	1	0.08	0	NA
124	16588	2	0.32	0	NA
124	16588	3	0.098	0	NA
124	16615	1	2.56	0	NA
124	16615	2	0.38	0	NA
124	16615	3	0.1068	0	NA
124	16714	1	2.36	0	NA
124	16714	2	0.34	0	NA
124	16714	3	0.05	0	NA
124	16743	1	1.11	0	NA
124	16743	2	0.1	0	NA
124	16743	3	0.04	0	NA
124	16770	1	0.49	0	NA
124	16770	2	0.47	0	NA
124	16770	3	NA	1	0.02
124	16812	1	0.21	0	NA
124	16812	2	0.43	0	NA
124	16812	3	0.0206	0	NA
124	16847	1	0.61	0	NA
124	16847	2	0.77	0	NA
124	16847	3	0.0406	0	NA
124	16868	1	0.54	0	NA
124	16868	2	0.44	0	NA
124	16868	3	0.129	0	NA
124	16903	1	0.06	0	NA
124	16903	2	0.28	0	NA
124	16903	3	0.0218	0	NA
124	16931	1	0.12	0	NA
124	16931	2	0.36	0	NA
124	16931	3	0.0263	0	NA
125	16958	1	0.12	0	NA
125	16958	2	0.4	0	NA
125	16958	3	0.0368	0	NA
125	17014	1	0.25	0	NA
125	17014	2	NA	1	0.1
125	17014	3	0.0286	0	NA
125	17036	1	NA	1	0.05
125	17036	2	NA	1	0.1
125	17036	3	0.0542	0	NA
125	17056	1	0.05	0	NA
125	17056	2	NA	1	0.1
125	17056	3	0.0295	0	NA
125	17092	1	1.46	0	NA
125	17092	2	0.5	0	NA
125	17092	3	0.0899	0	NA
125	17127	1	1.96	0	NA
125	17127	2	1	0	NA
125	17127	3	0.052	0	NA
125	17140	1	2.14	0	NA
125	17140	2	0.28	0	NA
125	17140	3	0.0583	0	NA
125	17176	1	2.16	0	NA
125	17176	2	0.41	0	NA
125	17176	3	NA	1	0.02
125	17204	1	1.72	0	NA
125	17204	2	0.43	0	NA
125	17204	3	NA	1	0.02
125	17225	1	1.17	0	NA
125	17225	2	0.33	0	NA
125	17225	3	NA	1	0.02
125	17266	1	NA	1	0.05
125	17266	2	0.14	0	NA
125	17266	3	NA	1	0.02
125	17301	1	0.06	0	NA
125	17301	2	0.28	0	NA
125	17301	3	NA	1	0.02
126	16958	1	0.37	0	NA
126	16958	2	0.81	0	NA
126	16958	3	0.0309	0	NA
126	17014	1	1.11	0	NA
126	17014	2	NA	1	0.1
126	17014	3	0.0887	0	NA
126	17036	1	NA	1	0.05
126	17036	2	NA	1	0.1
126	17036	3	0.0334	0	NA
126	17056	1	NA	1	0.05
126	17056	2	NA	1	0.1
126	17056	3	0.0829	0	NA
126	17092	1	0.87	0	NA
126	17092	2	0.26	0	NA
126	17092	3	0.1127	0	NA
126	17127	1	0.97	0	NA
126	17127	2	0.68	0	NA
126	17127	3	0.0736	0	NA
126	17140	1	1.12	0	NA
126	17140	2	0.51	0	NA
126	17140	3	0.035	0	NA
126	17176	1	0.77	0	NA
126	17176	2	0.97	0	NA
126	17176	3	NA	1	0.02
126	17204	1	0.92	0	NA
126	17204	2	0.44	0	NA
126	17204	3	NA	1	0.02
126	17225	1	0.5	0	NA
126	17225	2	0.36	0	NA
126	17225	3	NA	1	0.02
126	17266	1	0.05	0	NA
126	17266	2	0.31	0	NA
126	17266	3	0.028	0	NA
126	17301	1	0.08	0	NA
126	17301	2	0.44	0	NA
126	17301	3	0.084	0	NA
127	16966	1	NA	1	0.05
127	16966	2	0.27	0	NA
127	16966	3	0.0315	0	NA
127	17014	1	0.14	0	NA
127	17014	2	NA	1	0.1
127	17014	3	0.0422	0	NA
127	17036	1	0.26	0	NA
127	17036	2	NA	1	0.1
127	17036	3	0.1493	0	NA
127	17056	1	0.05	0	NA
127	17056	2	NA	1	0.1
127	17056	3	0.0363	0	NA
127	17092	1	2.25	0	NA
127	17092	2	20.13	0	NA
127	17092	3	0.0362	0	NA
127	17127	1	0.86	0	NA
127	17127	2	1.82	0	NA
127	17127	3	NA	1	0.02
127	17140	1	0.98	0	NA
127	17140	2	2.71	0	NA
127	17140	3	NA	1	0.02
127	17176	1	0.53	0	NA
127	17176	2	0.59	0	NA
127	17176	3	NA	1	0.02
127	17204	1	0.07	0	NA
127	17204	2	0.34	0	NA
127	17204	3	NA	1	0.02
127	17225	1	0.07	0	NA
127	17225	2	0.4	0	NA
127	17225	3	NA	1	0.02
127	17266	1	NA	1	0.05
127	17266	2	0.27	0	NA
127	17266	3	NA	1	0.02
127	17301	1	0.06	0	NA
127	17301	2	0.28	0	NA
127	17301	3	0.023	0	NA
128	16966	1	0.51	0	NA
128	16966	2	0.88	0	NA
128	16966	3	0.3279	0	NA
128	17014	1	0.28	0	NA
128	17014	2	NA	1	0.1
128	17014	3	0.0687	0	NA
128	17036	1	NA	1	0.05
128	17036	2	NA	1	0.1
128	17036	3	0.1344	0	NA
128	17056	1	0.06	0	NA
128	17056	2	NA	1	0.1
128	17056	3	0.0665	0	NA
128	17092	1	NA	1	0.05
128	17092	2	0.21	0	NA
128	17092	3	0.116	0	NA
128	17127	1	0.15	0	NA
128	17127	2	0.87	0	NA
128	17127	3	0.1213	0	NA
128	17140	1	0.14	0	NA
128	17140	2	0.8	0	NA
128	17140	3	0.0865	0	NA
128	17176	1	0.12	0	NA
128	17176	2	0.71	0	NA
128	17176	3	0.0623	0	NA
128	17204	1	0.11	0	NA
128	17204	2	0.74	0	NA
128	17204	3	0.1216	0	NA
128	17225	1	0.11	0	NA
128	17225	2	1.51	0	NA
128	17225	3	0.1416	0	NA
128	17266	1	0.15	0	NA
128	17266	2	0.76	0	NA
128	17266	3	0.121	0	NA
128	17301	1	2.01	0	NA
128	17301	2	0.7	0	NA
128	17301	3	0.241	0	NA
129	16973	1	0.1	0	NA
129	16973	2	0.56	0	NA
129	16973	3	NA	1	0.02
129	17015	1	0.46	0	NA
129	17015	2	NA	1	0.1
129	17015	3	0.251	0	NA
129	17043	1	NA	1	0.05
129	17043	2	NA	1	0.1
129	17043	3	0.1916	0	NA
129	17071	1	0.1	0	NA
129	17071	2	NA	1	0.1
129	17071	3	0.1671	0	NA
129	17098	1	0.05	0	NA
129	17098	2	NA	1	0.1
129	17098	3	0.0728	0	NA
129	17127	1	0.08	0	NA
129	17127	2	0.3	0	NA
129	17127	3	0.1533	0	NA
129	17183	1	NA	1	0.05
129	17183	2	0.13	0	NA
129	17183	3	0.1355	0	NA
129	17217	1	NA	1	0.05
129	17217	2	0.26	0	NA
129	17217	3	0.126	0	NA
129	17245	1	0.05	0	NA
129	17245	2	0.26	0	NA
129	17245	3	0.0478	0	NA
129	17280	1	NA	1	0.05
129	17280	2	0.24	0	NA
129	17280	3	0.051	0	NA
129	17315	1	0.09	0	NA
129	17315	2	0.4	0	NA
129	17315	3	0.087	0	NA
130	17693	1	0.06	0	NA
130	17693	2	0.38	0	NA
130	17693	3	0.1399	0	NA
130	17714	1	0.08	0	NA
130	17714	2	0.4	0	NA
130	17714	3	0.0334	0	NA
130	17749	1	0.05	0	NA
130	17749	2	0.38	0	NA
130	17749	3	0.1416	0	NA
130	17798	1	0.05	0	NA
130	17798	2	0.37	0	NA
130	17798	3	0.09	0	NA
130	17827	1	0.13	0	NA
130	17827	2	0.8	0	NA
130	17827	3	0.1428	0	NA
130	17854	1	0.15	0	NA
130	17854	2	0.16	0	NA
130	17854	3	0.0479	0	NA
130	17882	1	NA	1	0.05
130	17882	2	0.18	0	NA
130	17882	3	0.0288	0	NA
131	17344	1	0.07	0	NA
131	17344	2	0.35	0	NA
131	17344	3	0.277	0	NA
131	17372	1	0.05	0	NA
131	17372	2	0.15	0	NA
131	17372	3	0.054	0	NA
131	17399	1	NA	1	0.05
131	17399	2	0.19	0	NA
131	17399	3	0.178	0	NA
131	17434	1	NA	1	0.05
131	17434	2	0.2	0	NA
131	17434	3	0.056	0	NA
131	17448	1	0.05	0	NA
131	17448	2	0.28	0	NA
131	17448	3	0.0684	0	NA
131	17490	1	NA	1	0.05
131	17490	2	0.31	0	NA
131	17490	3	0.0889	0	NA
131	17546	1	0.2	0	NA
131	17546	2	0.59	0	NA
131	17546	3	2.342	0	NA
131	17581	1	0.05	0	NA
131	17581	2	0.4	0	NA
131	17581	3	0.7721	0	NA
131	17609	1	NA	1	0.05
131	17609	2	1.31	0	NA
131	17609	3	0.915	0	NA
131	17644	1	0.09	0	NA
131	17644	2	0.63	0	NA
131	17644	3	0.625	0	NA
131	17680	1	NA	1	0.05
131	17680	2	NA	1	0.1
131	17680	3	0.473	0	NA
132	16609	1	NA	1	0.05
132	16609	2	NA	1	0.1
132	16609	3	NA	1	0.02
132	16631	1	NA	1	0.05
132	16631	2	0.1	0	NA
132	16631	3	0.03	0	NA
132	16665	1	NA	1	0.05
132	16665	2	0.25	0	NA
132	16665	3	0.1103	0	NA
132	16693	1	NA	1	0.05
132	16693	2	0.12	0	NA
132	16693	3	0.0533	0	NA
132	16728	1	0.08	0	NA
132	16728	2	0.28	0	NA
132	16728	3	0.05	0	NA
132	16756	1	0.45	0	NA
132	16756	2	0.48	0	NA
132	16756	3	0.058	0	NA
132	16784	1	0.88	0	NA
132	16784	2	0.49	0	NA
132	16784	3	0.0379	0	NA
132	16825	1	0.7	0	NA
132	16825	2	5.28	0	NA
132	16825	3	0.0219	0	NA
132	16854	1	0.3	0	NA
132	16854	2	0.53	0	NA
132	16854	3	0.025	0	NA
132	16895	1	0.27	0	NA
132	16895	2	0.79	0	NA
132	16895	3	0.0321	0	NA
132	16917	1	0.16	0	NA
132	16917	2	0.74	0	NA
132	16917	3	0.0248	0	NA
132	16945	1	0.13	0	NA
132	16945	2	0.15	0	NA
132	16945	3	0.0339	0	NA
133	16609	1	0.07	0	NA
133	16609	2	0.11	0	NA
133	16609	3	NA	1	0.02
133	16631	1	0.14	0	NA
133	16631	2	0.31	0	NA
133	16631	3	0.045	0	NA
133	16665	1	NA	1	0.05
133	16665	2	0.28	0	NA
133	16665	3	0.0515	0	NA
133	16693	1	0.06	0	NA
133	16693	2	0.19	0	NA
133	16693	3	0.041	0	NA
133	16728	1	0.05	0	NA
133	16728	2	0.14	0	NA
133	16728	3	0.03	0	NA
133	16756	1	0.05	0	NA
133	16756	2	0.18	0	NA
133	16756	3	0.04	0	NA
133	16784	1	NA	1	0.05
133	16784	2	0.13	0	NA
133	16784	3	0.0263	0	NA
133	16825	1	0.05	0	NA
133	16825	2	4.7	0	NA
133	16825	3	0.0384	0	NA
133	16854	1	0.08	0	NA
133	16854	2	0.22	0	NA
133	16854	3	0.0353	0	NA
133	16895	1	0.07	0	NA
133	16895	2	1	0	NA
133	16895	3	0.0312	0	NA
133	16917	1	NA	1	0.05
133	16917	2	NA	1	0.1
133	16917	3	0.0256	0	NA
133	16945	1	0.08	0	NA
133	16945	2	NA	1	0.1
133	16945	3	0.0282	0	NA
134	16958	1	0.09	0	NA
134	16958	2	0.42	0	NA
134	16958	3	0.0426	0	NA
134	16987	1	NA	1	0.05
134	16987	2	NA	1	0.1
134	16987	3	0.0716	0	NA
134	17030	1	0.07	0	NA
134	17030	2	0.11	0	NA
134	17030	3	0.0659	0	NA
134	17056	1	NA	1	0.05
134	17056	2	NA	1	0.1
134	17056	3	0.094	0	NA
134	17077	1	NA	1	0.05
134	17077	2	NA	1	0.1
134	17077	3	0.1533	0	NA
134	17113	1	0.07	0	NA
134	17113	2	NA	1	0.1
134	17113	3	0.0632	0	NA
134	17134	1	NA	1	0.05
134	17134	2	0.28	0	NA
134	17134	3	0.0747	0	NA
134	17182	1	NA	1	0.05
134	17182	2	0.25	0	NA
134	17182	3	0.1355	0	NA
134	17218	1	NA	1	0.05
134	17218	2	0.15	0	NA
134	17218	3	0.0641	0	NA
134	17238	1	NA	1	0.05
134	17238	2	NA	1	0.1
134	17238	3	0.0294	0	NA
134	17260	1	0.08	0	NA
134	17260	2	0.4	0	NA
134	17260	3	0.0351	0	NA
134	17295	1	0.15	0	NA
134	17295	2	1.09	0	NA
134	17295	3	0.135	0	NA
135	16958	1	0.05	0	NA
135	16958	2	0.42	0	NA
135	16958	3	0.0471	0	NA
135	16987	1	0.12	0	NA
135	16987	2	NA	1	0.1
135	16987	3	0.1004	0	NA
135	17030	1	0.11	0	NA
135	17030	2	NA	1	0.1
135	17030	3	0.093	0	NA
135	17056	1	NA	1	0.05
135	17056	2	NA	1	0.1
135	17056	3	0.2392	0	NA
135	17077	1	0.09	0	NA
135	17077	2	0.13	0	NA
135	17077	3	0.0719	0	NA
135	17113	1	0.08	0	NA
135	17113	2	NA	1	0.1
135	17113	3	0.0401	0	NA
135	17134	1	NA	1	0.05
135	17134	2	0.16	0	NA
135	17134	3	0.0294	0	NA
135	17182	1	0.32	0	NA
135	17182	2	0.78	0	NA
135	17182	3	0.046	0	NA
135	17218	1	NA	1	0.05
135	17218	2	0.11	0	NA
135	17218	3	0.0611	0	NA
135	17238	1	0.05	0	NA
135	17238	2	0.16	0	NA
135	17238	3	0.0239	0	NA
135	17260	1	0.08	0	NA
135	17260	2	0.25	0	NA
135	17260	3	0.0317	0	NA
135	17295	1	0.06	0	NA
135	17295	2	0.18	0	NA
135	17295	3	0.032	0	NA
136	17343	1	0.07	0	NA
136	17343	2	0.22	0	NA
136	17343	3	0.033	0	NA
136	17359	1	2.15	0	NA
136	17359	2	0.58	0	NA
136	17359	3	0.1054	0	NA
136	17462	1	0.08	0	NA
136	17462	2	0.35	0	NA
136	17462	3	NA	1	0.02
136	17491	1	0.13	0	NA
136	17491	2	0.46	0	NA
136	17491	3	NA	1	0.02
136	17518	1	NA	1	0.05
136	17518	2	0.31	0	NA
136	17518	3	0.0308	0	NA
136	17540	1	NA	1	0.05
136	17540	2	0.14	0	NA
136	17540	3	0.0237	0	NA
136	17561	1	NA	1	0.05
136	17561	2	0.19	0	NA
136	17561	3	NA	1	0.02
136	17581	1	0.09	0	NA
136	17581	2	0.2	0	NA
136	17581	3	NA	1	0.02
136	17630	1	NA	1	0.05
136	17630	2	0.25	0	NA
136	17630	3	NA	1	0.02
136	17674	1	NA	1	0.05
136	17674	2	0.18	0	NA
136	17674	3	NA	1	0.02
137	17694	1	NA	1	0.05
137	17694	2	0.23	0	NA
137	17694	3	NA	1	0.02
138	16952	1	0.13	0	NA
138	16952	2	3.09	0	NA
138	16952	3	0.1007	0	NA
138	16987	1	0.19	0	NA
138	16987	2	NA	1	0.1
138	16987	3	0.1782	0	NA
138	17030	1	0.09	0	NA
138	17030	2	0.13	0	NA
138	17030	3	0.1332	0	NA
138	17056	1	NA	1	0.05
138	17056	2	0.14	0	NA
138	17056	3	0.0693	0	NA
138	17077	1	NA	1	0.05
138	17077	2	0.22	0	NA
138	17077	3	0.0433	0	NA
138	17113	1	NA	1	0.05
138	17113	2	NA	1	0.1
138	17113	3	0.023	0	NA
138	17134	1	NA	1	0.05
138	17134	2	0.19	0	NA
138	17134	3	0.0383	0	NA
138	17182	1	0.47	0	NA
138	17182	2	3.25	0	NA
138	17182	3	0.0974	0	NA
138	17203	1	0.06	0	NA
138	17203	2	0.21	0	NA
138	17203	3	0.1489	0	NA
138	17238	1	0.23	0	NA
138	17238	2	1.01	0	NA
138	17238	3	0.1027	0	NA
138	17260	1	0.19	0	NA
138	17260	2	0.52	0	NA
138	17260	3	0.1319	0	NA
138	17295	1	0.57	0	NA
138	17295	2	0.75	0	NA
138	17295	3	0.152	0	NA
139	17694	1	0.7	0	NA
139	17694	2	0.4	0	NA
139	17694	3	0.274	0	NA
139	17862	1	0.24	0	NA
139	17862	2	2.11	0	NA
139	17862	3	0.0456	0	NA
139	17883	1	0.29	0	NA
139	17883	2	10	0	NA
139	17883	3	0.0873	0	NA
140	17694	1	NA	1	0.05
140	17694	2	0.18	0	NA
140	17694	3	0.0252	0	NA
140	17798	1	8	0	NA
140	17798	2	2.83	0	NA
140	17798	3	0.0492	0	NA
140	17862	1	0.44	0	NA
140	17862	2	1.56	0	NA
140	17862	3	0.0282	0	NA
140	17883	1	0.15	0	NA
140	17883	2	0.31	0	NA
140	17883	3	0.0663	0	NA
141	16188	1	0.72	0	NA
141	16188	2	0.18	0	NA
141	16237	1	0.45	0	NA
141	16237	2	0.28	0	NA
141	16266	1	0.58	0	NA
141	16266	2	0.18	0	NA
141	16300	1	0.57	0	NA
141	16300	2	0.29	0	NA
141	16335	1	0.47	0	NA
141	16335	2	0.38	0	NA
141	16391	1	1.13	0	NA
141	16391	2	0.23	0	NA
142	16958	1	0.09	0	NA
142	16958	2	0.87	0	NA
142	16958	3	0.0402	0	NA
142	16986	1	0.24	0	NA
142	16986	2	0.1	0	NA
142	16986	3	0.0508	0	NA
142	17029	1	0.08	0	NA
142	17029	2	0.12	0	NA
142	17029	3	0.1106	0	NA
142	17057	1	0.15	0	NA
142	17057	2	0.12	0	NA
142	17057	3	0.1084	0	NA
142	17085	1	0.22	0	NA
142	17085	2	0.38	0	NA
142	17085	3	0.1621	0	NA
142	17113	1	0.43	0	NA
142	17113	2	NA	1	0.1
142	17113	3	0.2413	0	NA
142	17140	1	0.71	0	NA
142	17140	2	0.33	0	NA
142	17140	3	0.198	0	NA
142	17182	1	0.79	0	NA
142	17182	2	0.63	0	NA
142	17182	3	0.2885	0	NA
142	17203	1	0.08	0	NA
142	17203	2	0.46	0	NA
142	17203	3	0.21	0	NA
142	17231	1	0.12	0	NA
142	17231	2	1.97	0	NA
142	17231	3	0.1311	0	NA
142	17274	1	0.61	0	NA
142	17274	2	0.96	0	NA
142	17274	3	0.237	0	NA
142	17294	1	0.49	0	NA
142	17294	2	1.57	0	NA
142	17294	3	0.291	0	NA
143	16965	1	0.51	0	NA
143	16965	2	0.42	0	NA
143	16965	3	0.2678	0	NA
143	16966	1	0.06	0	NA
143	16966	2	0.43	0	NA
143	16966	3	0.099	0	NA
143	17015	1	1.29	0	NA
143	17015	2	0.12	0	NA
143	17015	3	0.265	0	NA
143	17043	1	1.07	0	NA
143	17043	2	0.13	0	NA
143	17043	3	0.1906	0	NA
143	17071	1	0.61	0	NA
143	17071	2	0.21	0	NA
143	17071	3	0.2235	0	NA
143	17098	1	0.37	0	NA
143	17098	2	0.4	0	NA
143	17098	3	0.0995	0	NA
143	17127	1	0.26	0	NA
143	17127	2	1.14	0	NA
143	17127	3	0.132	0	NA
143	17140	1	0.23	0	NA
143	17140	2	0.5	0	NA
143	17140	3	0.0637	0	NA
143	17183	1	0.31	0	NA
143	17183	2	1.13	0	NA
143	17183	3	0.0747	0	NA
143	17196	1	0.24	0	NA
143	17196	2	0.29	0	NA
143	17196	3	0.0449	0	NA
143	17238	1	0.17	0	NA
143	17238	2	0.37	0	NA
143	17238	3	0.0486	0	NA
143	17280	1	0.22	0	NA
143	17280	2	0.24	0	NA
143	17280	3	0.096	0	NA
143	17301	1	0.18	0	NA
143	17301	2	0.39	0	NA
143	17301	3	0.101	0	NA
144	16965	1	0.06	0	NA
144	16965	2	0.41	0	NA
144	16965	3	0.0347	0	NA
144	16966	1	NA	1	0.05
144	16966	2	0.3	0	NA
144	16966	3	0.0393	0	NA
144	17015	1	0.26	0	NA
144	17015	2	NA	1	0.1
144	17015	3	0.0636	0	NA
144	17043	1	NA	1	0.05
144	17043	2	NA	1	0.1
144	17043	3	0.0689	0	NA
144	17071	1	0.16	0	NA
144	17071	2	NA	1	0.1
144	17071	3	0.0685	0	NA
144	17098	1	0.05	0	NA
144	17098	2	0.14	0	NA
144	17098	3	0.045	0	NA
144	17127	1	NA	1	0.05
144	17127	2	3.36	0	NA
144	17127	3	0.0531	0	NA
144	17140	1	0.06	0	NA
144	17140	2	0.23	0	NA
144	17140	3	0.0423	0	NA
144	17183	1	NA	1	0.05
144	17183	2	0.18	0	NA
144	17183	3	0.0553	0	NA
144	17196	1	NA	1	0.05
144	17196	2	0.24	0	NA
144	17196	3	0.0585	0	NA
144	17238	1	NA	1	0.05
144	17238	2	0.18	0	NA
144	17238	3	0.1116	0	NA
144	17280	1	0.07	0	NA
144	17280	2	0.28	0	NA
144	17280	3	0.027	0	NA
144	17301	1	0.07	0	NA
144	17301	2	0.29	0	NA
144	17301	3	0.028	0	NA
145	16217	1	0.14	0	NA
145	16217	2	0.14	0	NA
145	16238	1	NA	1	0.1
145	16238	2	0.18	0	NA
145	16273	1	NA	1	0.1
145	16273	2	0.2	0	NA
145	16301	1	NA	1	0.1
145	16301	2	0.17	0	NA
145	16336	1	NA	1	0.1
145	16336	2	0.35	0	NA
145	16377	1	NA	1	0.1
145	16377	2	NA	1	0.1
146	16965	1	0.05	0	NA
146	16965	2	0.29	0	NA
146	16965	3	0.0349	0	NA
146	16987	1	NA	1	0.05
146	16987	2	NA	1	0.1
146	16987	3	0.0284	0	NA
146	17030	1	NA	1	0.05
146	17030	2	NA	1	0.1
146	17030	3	0.0385	0	NA
146	17113	1	NA	1	0.05
146	17113	2	NA	1	0.1
146	17113	3	0.0521	0	NA
146	17140	1	0.06	0	NA
146	17140	2	0.35	0	NA
146	17140	3	0.0506	0	NA
146	17182	1	0.07	0	NA
146	17182	2	0.52	0	NA
146	17182	3	0.0386	0	NA
146	17203	1	NA	1	0.05
146	17203	2	0.23	0	NA
146	17203	3	0.0411	0	NA
146	17231	1	NA	1	0.05
146	17231	2	0.17	0	NA
146	17231	3	0.0419	0	NA
146	17274	1	NA	1	0.05
146	17274	2	0.14	0	NA
146	17274	3	NA	1	0.02
147	16965	1	0.06	0	NA
147	16965	2	0.38	0	NA
147	16965	3	0.0421	0	NA
147	16987	1	NA	1	0.05
147	16987	2	NA	1	0.1
147	16987	3	0.0219	0	NA
147	17030	1	NA	1	0.05
147	17030	2	NA	1	0.1
147	17030	3	NA	1	0.02
147	17057	1	NA	1	0.05
147	17057	2	NA	1	0.1
147	17057	3	NA	1	0.02
147	17091	1	NA	1	0.05
147	17091	2	0.24	0	NA
147	17091	3	0.021	0	NA
147	17113	1	NA	1	0.05
147	17113	2	NA	1	0.1
147	17113	3	0.0235	0	NA
147	17140	1	0.12	0	NA
147	17140	2	0.58	0	NA
147	17140	3	NA	1	0.02
147	17182	1	0.52	0	NA
147	17182	2	1.17	0	NA
147	17182	3	NA	1	0.02
147	17203	1	0.16	0	NA
147	17203	2	0.3	0	NA
147	17203	3	NA	1	0.02
147	17231	1	0.22	0	NA
147	17231	2	0.49	0	NA
147	17231	3	NA	1	0.02
147	17274	1	0.23	0	NA
147	17274	2	0.35	0	NA
147	17274	3	0.023	0	NA
147	17316	1	0.19	0	NA
147	17316	2	0.34	0	NA
147	17316	3	0.045	0	NA
148	16965	1	0.09	0	NA
148	16965	2	0.43	0	NA
148	16965	3	0.1264	0	NA
148	16987	1	NA	1	0.05
148	16987	2	NA	1	0.1
148	16987	3	0.0862	0	NA
148	17030	1	0.08	0	NA
148	17030	2	NA	1	0.1
148	17030	3	0.0338	0	NA
148	17056	1	0.15	0	NA
148	17056	2	0.1	0	NA
148	17056	3	0.05	0	NA
148	17091	1	1.05	0	NA
148	17091	2	0.42	0	NA
148	17091	3	0.0811	0	NA
148	17113	1	0.59	0	NA
148	17113	2	NA	1	0.1
148	17113	3	0.0983	0	NA
148	17140	1	0.11	0	NA
148	17140	2	0.25	0	NA
148	17140	3	0.0689	0	NA
148	17182	1	0.05	0	NA
148	17182	2	0.21	0	NA
148	17182	3	0.028	0	NA
148	17203	1	NA	1	0.05
148	17203	2	0.18	0	NA
148	17203	3	0.0295	0	NA
148	17231	1	NA	1	0.05
148	17231	2	0.15	0	NA
148	17231	3	0.0377	0	NA
148	17274	1	0.05	0	NA
148	17274	2	0.27	0	NA
148	17274	3	0.095	0	NA
148	17316	1	0.1	0	NA
148	17316	2	0.28	0	NA
148	17316	3	0.06	0	NA
149	16965	1	0.29	0	NA
149	16965	2	0.63	0	NA
149	16965	3	0.0344	0	NA
149	16987	1	NA	1	0.05
149	16987	2	NA	1	0.1
149	16987	3	0.0221	0	NA
149	17030	1	0.41	0	NA
149	17030	2	NA	1	0.1
149	17030	3	0.0302	0	NA
149	17056	1	NA	1	0.05
149	17056	2	NA	1	0.1
149	17056	3	NA	1	0.02
149	17091	1	NA	1	0.05
149	17091	2	0.1	0	NA
149	17091	3	0.0336	0	NA
149	17113	1	NA	1	0.05
149	17113	2	NA	1	0.1
149	17113	3	0.0374	0	NA
149	17133	1	0.62	0	NA
149	17133	2	0.24	0	NA
149	17133	3	0.0399	0	NA
149	17182	1	0.93	0	NA
149	17182	2	0.82	0	NA
149	17182	3	0.0203	0	NA
149	17203	1	0.28	0	NA
149	17203	2	0.32	0	NA
149	17203	3	NA	1	0.02
149	17231	1	NA	1	0.05
149	17231	2	1.33	0	NA
149	17231	3	0.0224	0	NA
149	17274	1	0.05	0	NA
149	17274	2	0.15	0	NA
149	17274	3	0.022	0	NA
149	17316	1	0.13	0	NA
149	17316	2	0.46	0	NA
149	17316	3	0.077	0	NA
150	17329	1	0.05	0	NA
150	17329	2	0.31	0	NA
150	17329	3	0.0483	0	NA
150	17351	1	NA	1	0.05
150	17351	2	0.21	0	NA
150	17351	3	0.1334	0	NA
150	17378	1	0.16	0	NA
150	17378	2	0.14	0	NA
150	17378	3	0.12	0	NA
150	17435	1	NA	1	0.05
150	17435	2	0.14	0	NA
150	17435	3	0.051	0	NA
150	17455	1	0.07	0	NA
150	17455	2	0.3	0	NA
150	17455	3	0.0292	0	NA
150	17491	1	NA	1	0.05
150	17491	2	0.15	0	NA
150	17491	3	NA	1	0.02
150	17511	1	0.15	0	NA
150	17511	2	0.23	0	NA
150	17511	3	0.0354	0	NA
150	17540	1	NA	1	0.05
150	17540	2	0.2	0	NA
150	17540	3	0.0383	0	NA
150	17561	1	NA	1	0.05
150	17561	2	0.13	0	NA
150	17561	3	NA	1	0.02
150	17596	1	NA	1	0.05
150	17596	2	0.62	0	NA
150	17596	3	0.04	0	NA
150	17630	1	0.07	0	NA
150	17630	2	0.22	0	NA
150	17630	3	0.032	0	NA
150	17666	1	NA	1	0.05
150	17666	2	0.25	0	NA
150	17666	3	0.0751	0	NA
151	17694	1	0.06	0	NA
151	17694	2	0.2	0	NA
151	17694	3	0.0515	0	NA
151	17735	1	NA	1	0.05
151	17735	2	NA	1	0.1
151	17735	3	0.185	0	NA
151	17763	1	0.13	0	NA
151	17763	2	0.53	0	NA
151	17763	3	0.5992	0	NA
151	17785	1	NA	1	0.05
151	17785	2	0.78	0	NA
151	17785	3	0.3858	0	NA
151	17862	1	0.19	0	NA
151	17862	2	0.37	0	NA
151	17862	3	0.1187	0	NA
151	17883	1	0.34	0	NA
151	17883	2	0.35	0	NA
151	17883	3	0.3336	0	NA
152	16601	1	NA	1	0.05
152	16601	2	0.1	0	NA
152	16601	3	NA	1	0.02
152	16629	1	NA	1	0.05
152	16629	2	NA	1	0.1
152	16629	3	NA	1	0.02
152	16657	1	NA	1	0.05
152	16657	2	0.17	0	NA
152	16657	3	NA	1	0.02
152	16685	1	NA	1	0.05
152	16685	2	NA	1	0.1
152	16685	3	NA	1	0.02
152	16720	1	0	0	NA
152	16720	2	NA	1	0.1
152	16720	3	0.1	0	NA
152	16748	1	NA	1	0.05
152	16748	2	NA	1	0.1
152	16748	3	NA	1	0.02
152	16776	1	0.12	0	NA
152	16776	2	0.11	0	NA
152	16776	3	NA	1	0.02
153	17693	1	NA	1	0.05
153	17693	2	0.15	0	NA
153	17693	3	0.0217	0	NA
153	17735	1	0.06	0	NA
153	17735	2	0.1	0	NA
153	17735	3	0.0293	0	NA
153	17764	1	NA	1	0.05
153	17764	2	0.17	0	NA
153	17764	3	0.0421	0	NA
153	17785	1	NA	1	0.05
153	17785	2	0.1	0	NA
153	17785	3	0.0548	0	NA
153	17819	1	0.12	0	NA
153	17819	2	0.25	0	NA
153	17819	3	0.0258	0	NA
153	17855	1	0.2	0	NA
153	17855	2	0.73	0	NA
153	17855	3	0.0209	0	NA
153	17869	1	1.14	0	NA
153	17869	2	1.57	0	NA
153	17869	3	0.0837	0	NA
154	16588	1	0.08	0	NA
154	16588	2	0.26	0	NA
154	16588	3	0.2712	0	NA
154	16679	1	NA	1	0.05
154	16679	2	0.14	0	NA
154	16679	3	0.144	0	NA
154	16714	1	NA	1	0.05
154	16714	2	NA	1	0.1
154	16714	3	0.02	0	NA
154	16743	1	NA	1	0.05
154	16743	2	NA	1	0.1
154	16743	3	0.02	0	NA
154	16770	1	NA	1	0.05
154	16770	2	0.63	0	NA
154	16770	3	0.07	0	NA
154	16812	1	NA	1	0.05
154	16812	2	0.14	0	NA
154	16812	3	0.1121	0	NA
154	16840	1	NA	1	0.05
154	16840	2	NA	1	0.1
154	16840	3	0.274	0	NA
154	16868	1	0.11	0	NA
154	16868	2	0.18	0	NA
154	16868	3	0.2029	0	NA
154	16903	1	NA	1	0.05
154	16903	2	0.41	0	NA
154	16903	3	0.4094	0	NA
154	16931	1	0.1	0	NA
154	16931	2	NA	1	0.1
154	16931	3	0.1928	0	NA
155	17344	1	0.08	0	NA
155	17344	2	0.36	0	NA
155	17344	3	0.225	0	NA
155	17372	1	NA	1	0.05
155	17372	2	0.15	0	NA
155	17372	3	0.273	0	NA
155	17399	1	0.09	0	NA
155	17399	2	0.31	0	NA
155	17399	3	0.217	0	NA
155	17420	1	0.23	0	NA
155	17420	2	0.37	0	NA
155	17420	3	0.3147	0	NA
155	17462	1	0.08	0	NA
155	17462	2	0.37	0	NA
155	17462	3	0.5942	0	NA
155	17490	1	0.13	0	NA
155	17490	2	0.19	0	NA
155	17490	3	0.3102	0	NA
155	17519	1	0.57	0	NA
155	17519	2	2.77	0	NA
155	17519	3	0.1978	0	NA
155	17553	1	0.64	0	NA
155	17553	2	1.98	0	NA
155	17553	3	0.171	0	NA
155	17581	1	0.07	0	NA
155	17581	2	0.29	0	NA
155	17581	3	0.3982	0	NA
155	17602	1	NA	1	0.05
155	17602	2	0.32	0	NA
155	17602	3	0.478	0	NA
155	17625	1	NA	1	0.05
155	17625	2	0.26	0	NA
155	17625	3	0.949	0	NA
155	17680	1	NA	1	0.05
155	17680	2	NA	1	0.1
155	17680	3	1.4839	0	NA
156	17344	1	0.23	0	NA
156	17344	2	0.98	0	NA
156	17344	3	2.321	0	NA
156	17372	1	0.39	0	NA
156	17372	2	0.5	0	NA
156	17372	3	1.17	0	NA
156	17399	1	2.58	0	NA
156	17399	2	0.35	0	NA
156	17399	3	0.538	0	NA
156	17420	1	0.16	0	NA
156	17420	2	0.74	0	NA
156	17420	3	0.627	0	NA
156	17462	1	5.89	0	NA
156	17462	2	0.29	0	NA
156	17462	3	0.1613	0	NA
156	17490	1	10.5	0	NA
156	17490	2	0.4	0	NA
156	17490	3	0.9274	0	NA
156	17519	1	4.35	0	NA
156	17519	2	2.7	0	NA
156	17519	3	0.3019	0	NA
156	17553	1	4.45	0	NA
156	17553	2	1.44	0	NA
156	17553	3	0.177	0	NA
156	17581	1	2.12	0	NA
156	17581	2	2.15	0	NA
156	17581	3	0.1895	0	NA
156	17602	1	0.05	0	NA
156	17602	2	3.11	0	NA
156	17602	3	0.248	0	NA
156	17625	1	0.07	0	NA
156	17625	2	1	0	NA
156	17625	3	0.413	0	NA
156	17680	1	NA	1	0.05
156	17680	2	0.13	0	NA
156	17680	3	0.8351	0	NA
157	16217	1	NA	1	0.1
157	16217	2	0.15	0	NA
157	16238	1	NA	1	0.1
157	16238	2	0.16	0	NA
157	16273	1	NA	1	0.1
157	16273	2	0.46	0	NA
157	16307	1	NA	1	0.1
157	16307	2	0.14	0	NA
157	16336	1	NA	1	0.1
157	16336	2	0.33	0	NA
157	16378	1	NA	1	0.1
157	16378	2	0.12	0	NA
158	17343	1	NA	1	0.05
158	17343	2	0.16	0	NA
158	17343	3	0.124	0	NA
158	17359	1	0.25	0	NA
158	17359	2	0.14	0	NA
158	17359	3	0.0787	0	NA
158	17379	1	NA	1	0.05
158	17379	2	0.25	0	NA
158	17379	3	0.1074	0	NA
158	17413	1	NA	1	0.05
158	17413	2	0.2	0	NA
158	17413	3	0.0453	0	NA
158	17462	1	0.19	0	NA
158	17462	2	0.32	0	NA
158	17462	3	0.5885	0	NA
158	17491	1	0.83	0	NA
158	17491	2	0.42	0	NA
158	17491	3	0.1654	0	NA
158	17518	1	0.64	0	NA
158	17518	2	0.51	0	NA
158	17518	3	0.133	0	NA
158	17540	1	0.35	0	NA
158	17540	2	0.56	0	NA
158	17540	3	0.1044	0	NA
158	17561	1	0.16	0	NA
158	17561	2	0.67	0	NA
158	17561	3	0.092	0	NA
158	17581	1	NA	1	0.05
158	17581	2	0.25	0	NA
158	17581	3	0.1008	0	NA
158	17630	1	0.05	0	NA
158	17630	2	0.16	0	NA
158	17630	3	0.048	0	NA
158	17674	1	0.05	0	NA
158	17674	2	0.23	0	NA
158	17674	3	0.1036	0	NA
159	17343	1	0.06	0	NA
159	17343	2	0.24	0	NA
159	17343	3	0.146	0	NA
159	17359	1	0.14	0	NA
159	17359	2	0.22	0	NA
159	17359	3	0.2254	0	NA
159	17379	1	NA	1	0.05
159	17379	2	0.35	0	NA
159	17379	3	0.23	0	NA
159	17413	1	0.06	0	NA
159	17413	2	0.37	0	NA
159	17413	3	0.1315	0	NA
159	17462	1	NA	1	0.05
159	17462	2	0.2	0	NA
159	17462	3	0.0644	0	NA
159	17491	1	NA	1	0.05
159	17491	2	0.14	0	NA
159	17491	3	0.0495	0	NA
159	17518	1	0.07	0	NA
159	17518	2	0.19	0	NA
159	17518	3	0.0859	0	NA
159	17540	1	0.05	0	NA
159	17540	2	0.2	0	NA
159	17540	3	0.0691	0	NA
159	17561	1	NA	1	0.05
159	17561	2	0.16	0	NA
159	17561	3	0.092	0	NA
159	17581	1	NA	1	0.05
159	17581	2	0.2	0	NA
159	17581	3	0.1226	0	NA
159	17630	1	NA	1	0.05
159	17630	2	0.14	0	NA
159	17630	3	0.066	0	NA
159	17674	1	NA	1	0.05
159	17674	2	0.22	0	NA
159	17674	3	0.1587	0	NA
160	17343	1	0.05	0	NA
160	17343	2	0.26	0	NA
160	17343	3	0.497	0	NA
160	17359	1	0.2	0	NA
160	17359	2	0.13	0	NA
160	17359	3	0.2736	0	NA
160	17379	1	0.05	0	NA
160	17379	2	0.23	0	NA
160	17379	3	0.2996	0	NA
160	17413	1	0.05	0	NA
160	17413	2	0.28	0	NA
160	17413	3	0.2314	0	NA
160	17462	1	0.08	0	NA
160	17462	2	0.36	0	NA
160	17462	3	0.0928	0	NA
160	17491	1	0.07	0	NA
160	17491	2	0.33	0	NA
160	17491	3	0.2704	0	NA
160	17518	1	NA	1	0.05
160	17518	2	0.26	0	NA
160	17518	3	0.0506	0	NA
160	17540	1	NA	1	0.05
160	17540	2	0.32	0	NA
160	17540	3	0.5587	0	NA
160	17561	1	0.23	0	NA
160	17561	2	0.4	0	NA
160	17561	3	1.011	0	NA
160	17581	1	NA	1	0.05
160	17581	2	0.24	0	NA
160	17581	3	0.2295	0	NA
160	17630	1	0.08	0	NA
160	17630	2	0.36	0	NA
160	17630	3	0.356	0	NA
160	17674	1	NA	1	0.05
160	17674	2	0.2	0	NA
160	17674	3	0.4297	0	NA
161	17700	1	NA	1	0.05
161	17700	2	0.36	0	NA
161	17700	3	0.3247	0	NA
161	17743	1	0.06	0	NA
161	17743	2	0.3	0	NA
161	17743	3	0.078	0	NA
161	17770	1	3.59	0	NA
161	17770	2	0.5	0	NA
161	17770	3	0.2484	0	NA
161	17798	1	6.16	0	NA
161	17798	2	0.8	0	NA
161	17798	3	0.4688	0	NA
161	17827	1	5.84	0	NA
161	17827	2	1.05	0	NA
161	17827	3	0.4403	0	NA
161	17854	1	5.59	0	NA
161	17854	2	0.61	0	NA
161	17854	3	0.1608	0	NA
161	17876	1	3.94	0	NA
161	17876	2	1.75	0	NA
161	17876	3	0.0957	0	NA
162	16588	1	0.06	0	NA
162	16588	2	0.18	0	NA
162	16588	3	0.0638	0	NA
162	16616	1	NA	1	0.05
162	16616	2	0.22	0	NA
162	16616	3	0.0471	0	NA
162	16644	1	0.06	0	NA
162	16644	2	0.24	0	NA
162	16644	3	0.21	0	NA
162	16672	1	0.06	0	NA
162	16672	2	0.2	0	NA
162	16672	3	0.1515	0	NA
162	16700	1	NA	1	0.05
162	16700	2	0.13	0	NA
162	16700	3	0.1238	0	NA
162	16735	1	NA	1	0.05
162	16735	2	0.16	0	NA
162	16735	3	0.07	0	NA
162	16763	1	0.14	0	NA
162	16763	2	0.26	0	NA
162	16763	3	0.067	0	NA
162	16804	1	NA	1	0.05
162	16804	2	0.15	0	NA
162	16804	3	0.0538	0	NA
162	16833	1	0.12	0	NA
162	16833	2	0.5	0	NA
162	16833	3	0.053	0	NA
162	16860	1	NA	1	0.05
162	16860	2	0.13	0	NA
162	16860	3	0.0445	0	NA
162	16895	1	0.15	0	NA
162	16895	2	0.61	0	NA
162	16895	3	0.0362	0	NA
162	16923	1	0.06	0	NA
162	16923	2	0.41	0	NA
162	16923	3	0.0364	0	NA
163	17330	1	0.07	0	NA
163	17330	2	0.17	0	NA
163	17330	3	0.1283	0	NA
163	17350	1	0.15	0	NA
163	17350	2	0.22	0	NA
163	17350	3	0.0508	0	NA
163	17386	1	0.95	0	NA
163	17386	2	0.24	0	NA
163	17386	3	0.372	0	NA
163	17420	1	0.06	0	NA
163	17420	2	0.34	0	NA
163	17420	3	0.0209	0	NA
163	17463	1	0.51	0	NA
163	17463	2	0.16	0	NA
163	17463	3	NA	1	0.02
163	17498	1	0.37	0	NA
163	17498	2	0.31	0	NA
163	17498	3	0.063	0	NA
163	17518	1	0.49	0	NA
163	17518	2	0.6	0	NA
163	17518	3	0.1	0	NA
163	17547	1	1.31	0	NA
163	17547	2	0.46	0	NA
163	17547	3	0.152	0	NA
163	17575	1	0.27	0	NA
163	17575	2	0.38	0	NA
163	17575	3	0.1234	0	NA
163	17603	1	NA	1	0.05
163	17603	2	0.22	0	NA
163	17603	3	0.134	0	NA
163	17638	1	NA	1	0.05
163	17638	2	0.26	0	NA
163	17638	3	0.107	0	NA
163	17672	1	0.13	0	NA
163	17672	2	0.25	0	NA
163	17672	3	0.0836	0	NA
164	16216	1	NA	1	0.1
164	16216	2	0.12	0	NA
164	16245	1	NA	1	0.1
164	16245	2	0.11	0	NA
164	16274	1	NA	1	0.1
164	16274	2	0.22	0	NA
164	16300	1	NA	1	0.1
164	16300	2	0.17	0	NA
164	16335	1	0.11	0	NA
164	16335	2	0.47	0	NA
164	16371	1	0.28	0	NA
164	16371	2	1.3	0	NA
165	16965	1	0.35	0	NA
165	16965	2	0.37	0	NA
165	16965	3	0.1343	0	NA
165	16986	1	0.33	0	NA
165	16986	2	NA	1	0.1
165	16986	3	0.1985	0	NA
165	17029	1	0.54	0	NA
165	17029	2	0.12	0	NA
165	17029	3	0.1679	0	NA
165	17063	1	NA	1	0.05
165	17063	2	NA	1	0.1
165	17063	3	0.1412	0	NA
165	17091	1	NA	1	0.05
165	17091	2	0.14	0	NA
165	17091	3	0.0999	0	NA
165	17126	1	0.58	0	NA
165	17126	2	1.93	0	NA
165	17126	3	0.0727	0	NA
165	17140	1	0.57	0	NA
165	17140	2	1.92	0	NA
165	17140	3	0.0672	0	NA
165	17175	1	0.45	0	NA
165	17175	2	2.81	0	NA
165	17175	3	0.0477	0	NA
165	17196	1	0.1	0	NA
165	17196	2	2.76	0	NA
165	17196	3	0.0231	0	NA
165	17224	1	0.06	0	NA
165	17224	2	1.7	0	NA
165	17224	3	0.0238	0	NA
165	17259	1	0.21	0	NA
165	17259	2	0.33	0	NA
165	17259	3	0.0373	0	NA
165	17301	1	0.13	0	NA
165	17301	2	1.21	0	NA
165	17301	3	0.051	0	NA
166	17701	1	NA	1	0.05
166	17701	2	0.22	0	NA
166	17701	3	0.0587	0	NA
166	17861	1	0.13	0	NA
166	17861	2	15.4	0	NA
166	17861	3	0.0272	0	NA
166	17875	1	0.1	0	NA
166	17875	2	8.76	0	NA
166	17875	3	NA	1	0.02
167	17700	1	0.05	0	NA
167	17700	2	0.15	0	NA
167	17700	3	0.0456	0	NA
167	17715	1	NA	1	0.05
167	17715	2	0.2	0	NA
167	17715	3	NA	1	0.02
167	17749	1	0.31	0	NA
167	17749	2	0.28	0	NA
167	17749	3	0.1568	0	NA
167	17875	1	0.07	0	NA
167	17875	2	0.77	0	NA
167	17875	3	0.0314	0	NA
168	17420	1	0.06	0	NA
168	17420	2	0.29	0	NA
168	17420	3	0.6189	0	NA
168	17448	1	0.09	0	NA
168	17448	2	0.39	0	NA
168	17448	3	0.6419	0	NA
168	17476	1	NA	1	0.05
168	17476	2	0.16	0	NA
168	17476	3	0.071	0	NA
168	17504	1	0.05	0	NA
168	17504	2	1.18	0	NA
168	17504	3	0.0548	0	NA
168	17533	1	0.18	0	NA
168	17533	2	7.87	0	NA
168	17533	3	0.86	0	NA
168	17560	1	NA	1	0.05
168	17560	2	1.45	0	NA
168	17560	3	0.139	0	NA
168	17595	1	0.47	0	NA
168	17595	2	1.84	0	NA
168	17595	3	0.327	0	NA
168	17624	1	0.06	0	NA
168	17624	2	0.19	0	NA
168	17624	3	0.091	0	NA
168	17665	1	NA	1	0.05
168	17665	2	0.11	0	NA
168	17665	3	0.6862	0	NA
169	17343	1	0.07	0	NA
169	17343	2	30.93	0	NA
169	17343	3	NA	1	0.02
169	17371	1	0.08	0	NA
169	17371	2	24.07	0	NA
169	17371	3	NA	1	0.02
169	17385	1	0.18	0	NA
169	17385	2	22.84	0	NA
169	17385	3	NA	1	0.02
169	17420	1	0.06	0	NA
169	17420	2	22.5	0	NA
169	17420	3	NA	1	0.02
169	17448	1	0.11	0	NA
169	17448	2	28.63	0	NA
169	17448	3	NA	1	0.02
169	17476	1	0.13	0	NA
169	17476	2	35.88	0	NA
169	17476	3	NA	1	0.02
169	17504	1	0.14	0	NA
169	17504	2	44.27	0	NA
169	17504	3	NA	1	0.02
169	17533	1	0.1	0	NA
169	17533	2	45.92	0	NA
169	17533	3	0.0749	0	NA
169	17560	1	NA	1	0.05
169	17560	2	50.66	0	NA
169	17560	3	NA	1	0.02
169	17595	1	0.11	0	NA
169	17595	2	58.99	0	NA
169	17595	3	NA	1	0.02
169	17624	1	NA	1	0.05
169	17624	2	51.01	0	NA
169	17624	3	NA	1	0.02
169	17665	1	NA	1	0.05
169	17665	2	34.51	0	NA
169	17665	3	NA	1	0.02
170	16196	1	NA	1	0.1
170	16196	2	0.5	0	NA
170	16237	1	0.59	0	NA
170	16237	2	1.07	0	NA
170	16265	1	NA	1	0.1
170	16265	2	NA	1	0.1
170	16301	1	NA	1	0.1
170	16301	2	0.1	0	NA
170	16336	1	0.12	0	NA
170	16336	2	0.61	0	NA
170	16377	1	NA	1	0.1
170	16377	2	0.51	0	NA
171	17693	1	NA	1	0.05
171	17693	2	0.21	0	NA
171	17693	3	0.0851	0	NA
171	17714	1	NA	1	0.05
171	17714	2	0.15	0	NA
171	17714	3	0.0532	0	NA
171	17749	1	NA	1	0.05
171	17749	2	0.3	0	NA
171	17749	3	0.1373	0	NA
171	17798	1	0.67	0	NA
171	17798	2	0.25	0	NA
171	17798	3	0.1477	0	NA
171	17827	1	2.31	0	NA
171	17827	2	0.63	0	NA
171	17827	3	0.2439	0	NA
171	17854	1	2.09	0	NA
171	17854	2	0.21	0	NA
171	17854	3	0.0727	0	NA
171	17883	1	0.83	0	NA
171	17883	2	0.2	0	NA
171	17883	3	0.0582	0	NA
172	17693	1	0.15	0	NA
172	17693	2	0.22	0	NA
172	17693	3	0.0483	0	NA
172	17714	1	0.12	0	NA
172	17714	2	0.39	0	NA
172	17714	3	0.0398	0	NA
172	17883	1	NA	1	0.05
172	17883	2	0.19	0	NA
172	17883	3	0.045	0	NA
173	16203	1	NA	1	0.1
173	16203	2	0.14	0	NA
173	16244	1	NA	1	0.1
173	16244	2	NA	1	0.1
173	16273	1	NA	1	0.1
173	16273	2	0.23	0	NA
173	16300	1	NA	1	0.1
173	16300	2	0.12	0	NA
173	16335	1	NA	1	0.1
173	16335	2	0.16	0	NA
173	16371	1	NA	1	0.1
173	16371	2	0.15	0	NA
174	16581	1	NA	1	0.05
174	16581	2	0.1	0	NA
174	16581	3	NA	1	0.02
174	16594	1	NA	1	0.05
174	16594	2	0.11	0	NA
174	16594	3	NA	1	0.02
174	16622	1	0.05	0	NA
174	16622	2	0.15	0	NA
174	16622	3	NA	1	0.02
174	16650	1	NA	1	0.05
174	16650	2	0.1	0	NA
174	16650	3	NA	1	0.02
174	16678	1	0.07	0	NA
174	16678	2	0.15	0	NA
174	16678	3	NA	1	0.02
174	16713	1	0.06	0	NA
174	16713	2	0.15	0	NA
174	16713	3	0.02	0	NA
174	16742	1	NA	1	0.05
174	16742	2	NA	1	0.1
174	16742	3	NA	1	0.02
174	16769	1	NA	1	0.05
174	16769	2	0.14	0	NA
174	16769	3	0.02	0	NA
174	16811	1	NA	1	0.05
174	16811	2	0.18	0	NA
174	16811	3	NA	1	0.02
174	16832	1	NA	1	0.05
174	16832	2	0.39	0	NA
174	16832	3	NA	1	0.02
174	16867	1	NA	1	0.05
174	16867	2	0.57	0	NA
174	16867	3	NA	1	0.02
174	16896	1	NA	1	0.05
174	16896	2	0.24	0	NA
174	16896	3	NA	1	0.02
174	16924	1	NA	1	0.05
174	16924	2	0.12	0	NA
174	16924	3	NA	1	0.02
175	17343	1	NA	1	0.05
175	17343	2	0.22	0	NA
175	17343	3	0.025	0	NA
175	17371	1	NA	1	0.05
175	17371	2	0.15	0	NA
175	17371	3	NA	1	0.02
175	17385	1	0.16	0	NA
175	17385	2	0.24	0	NA
175	17385	3	NA	1	0.02
175	17420	1	0.08	0	NA
175	17420	2	0.37	0	NA
175	17420	3	NA	1	0.02
175	17448	1	0.08	0	NA
175	17448	2	0.37	0	NA
175	17448	3	0.0264	0	NA
175	17476	1	0.29	0	NA
175	17476	2	0.27	0	NA
175	17476	3	NA	1	0.02
175	17504	1	0.28	0	NA
175	17504	2	0.89	0	NA
175	17504	3	0.022	0	NA
175	17533	1	0.18	0	NA
175	17533	2	1.29	0	NA
175	17533	3	0.0538	0	NA
175	17560	1	0.05	0	NA
175	17560	2	1.61	0	NA
175	17560	3	NA	1	0.02
175	17595	1	0.1	0	NA
175	17595	2	1.36	0	NA
175	17595	3	0.021	0	NA
175	17624	1	0.05	0	NA
175	17624	2	0.7	0	NA
175	17624	3	NA	1	0.02
175	17665	1	NA	1	0.05
175	17665	2	0.14	0	NA
175	17665	3	0.0238	0	NA
176	17700	1	NA	1	0.05
176	17700	2	0.42	0	NA
176	17700	3	0.215	0	NA
176	17715	1	0.12	0	NA
176	17715	2	0.33	0	NA
176	17715	3	0.2538	0	NA
176	17749	1	3.6	0	NA
176	17749	2	0.22	0	NA
176	17749	3	0.2091	0	NA
176	17784	1	4.41	0	NA
176	17784	2	0.28	0	NA
176	17784	3	0.2037	0	NA
176	17861	1	0.44	0	NA
176	17861	2	0.12	0	NA
176	17861	3	0.1294	0	NA
176	17875	1	0.8	0	NA
176	17875	2	0.67	0	NA
176	17875	3	0.0563	0	NA
177	16188	1	NA	1	0.1
177	16188	2	0.12	0	NA
177	16232	1	0.27	0	NA
177	16232	2	0.28	0	NA
177	16252	1	0.14	0	NA
177	16252	2	0.14	0	NA
177	16287	1	NA	1	0.1
177	16287	2	0.25	0	NA
177	16322	1	NA	1	0.1
177	16322	2	0.35	0	NA
177	16364	1	NA	1	0.1
177	16364	2	0.21	0	NA
178	16581	1	NA	1	0.05
178	16581	2	NA	1	0.1
178	16581	3	0.077	0	NA
178	16595	1	NA	1	0.05
178	16595	2	0.18	0	NA
178	16595	3	0.046	0	NA
178	16623	1	NA	1	0.05
178	16623	2	0.18	0	NA
178	16623	3	0.0435	0	NA
178	16651	1	0.05	0	NA
178	16651	2	0.2	0	NA
178	16651	3	0.07	0	NA
178	16679	1	NA	1	0.05
178	16679	2	0.2	0	NA
178	16679	3	0.0911	0	NA
178	16714	1	0.27	0	NA
178	16714	2	0.21	0	NA
178	16714	3	0.18	0	NA
178	16743	1	0.41	0	NA
178	16743	2	NA	1	0.1
178	16743	3	0.06	0	NA
178	16770	1	0.56	0	NA
178	16770	2	0.85	0	NA
178	16770	3	0.06	0	NA
178	16812	1	0.66	0	NA
178	16812	2	0.45	0	NA
178	16812	3	0.0379	0	NA
178	16847	1	0.53	0	NA
178	16847	2	0.94	0	NA
178	16847	3	0.0614	0	NA
178	16868	1	0.55	0	NA
178	16868	2	0.9	0	NA
178	16868	3	0.0416	0	NA
178	16902	1	NA	1	0.05
178	16902	2	0.47	0	NA
178	16902	3	0.0461	0	NA
178	16939	1	NA	1	0.05
178	16939	2	0.14	0	NA
178	16939	3	0.0469	0	NA
179	16595	1	0.11	0	NA
179	16595	2	0.44	0	NA
179	16595	3	0.11	0	NA
179	16623	1	NA	1	0.05
179	16623	2	0.18	0	NA
179	16623	3	0.115	0	NA
179	16651	1	NA	1	0.05
179	16651	2	0.29	0	NA
179	16651	3	0.1	0	NA
179	16679	1	0.05	0	NA
179	16679	2	0.4	0	NA
179	16679	3	0.0567	0	NA
179	16714	1	NA	1	0.05
179	16714	2	0.14	0	NA
179	16714	3	0.08	0	NA
179	16743	1	0.12	0	NA
179	16743	2	0.18	0	NA
179	16743	3	0.08	0	NA
179	16770	1	0.36	0	NA
179	16770	2	0.6	0	NA
179	16770	3	0.07	0	NA
179	16812	1	2.69	0	NA
179	16812	2	0.2	0	NA
179	16812	3	0.1941	0	NA
179	16847	1	1.3	0	NA
179	16847	2	0.63	0	NA
179	16847	3	0.0303	0	NA
179	16868	1	0.59	0	NA
179	16868	2	1.4	0	NA
179	16868	3	0.0699	0	NA
179	16902	1	NA	1	0.05
179	16902	2	0.24	0	NA
179	16902	3	0.1259	0	NA
179	16939	1	0.23	0	NA
179	16939	2	NA	1	0.1
179	16939	3	0.0864	0	NA
180	16952	1	0.39	0	NA
180	16952	2	0.55	0	NA
180	16952	3	0.0558	0	NA
180	16980	1	0.21	0	NA
180	16980	2	0.31	0	NA
180	16980	3	0.0593	0	NA
180	17035	1	0.4	0	NA
180	17035	2	0.52	0	NA
180	17035	3	0.0495	0	NA
180	17064	1	NA	1	0.05
180	17064	2	NA	1	0.1
180	17064	3	0.0729	0	NA
180	17085	1	NA	1	0.05
180	17085	2	0.31	0	NA
180	17085	3	0.0552	0	NA
180	17133	1	0.15	0	NA
180	17133	2	1.14	0	NA
180	17133	3	0.063	0	NA
180	17140	1	0.18	0	NA
180	17140	2	1.37	0	NA
180	17140	3	0.0639	0	NA
180	17168	1	0.66	0	NA
180	17168	2	1.51	0	NA
180	17168	3	0.1428	0	NA
180	17267	1	NA	1	0.05
180	17267	2	0.18	0	NA
180	17267	3	0.0329	0	NA
180	17302	1	0.08	0	NA
180	17302	2	0.28	0	NA
180	17302	3	NA	1	0.02
181	16973	1	NA	1	0.05
181	16973	2	0.37	0	NA
181	16973	3	0.1156	0	NA
181	16986	1	NA	1	0.05
181	16986	2	NA	1	0.1
181	16986	3	0.0252	0	NA
181	17035	1	NA	1	0.05
181	17035	2	NA	1	0.1
181	17035	3	0.0939	0	NA
181	17064	1	NA	1	0.05
181	17064	2	NA	1	0.1
181	17064	3	0.1059	0	NA
181	17085	1	NA	1	0.05
181	17085	2	NA	1	0.1
181	17085	3	0.1559	0	NA
181	17133	1	NA	1	0.05
181	17133	2	0.24	0	NA
181	17133	3	0.0926	0	NA
181	17140	1	NA	1	0.05
181	17140	2	0.21	0	NA
181	17140	3	0.0902	0	NA
181	17190	1	NA	1	0.05
181	17190	2	0.31	0	NA
181	17190	3	0.08	0	NA
181	17203	1	NA	1	0.05
181	17203	2	0.1	0	NA
181	17203	3	0.0276	0	NA
181	17232	1	NA	1	0.05
181	17232	2	0.18	0	NA
181	17232	3	0.0383	0	NA
181	17267	1	NA	1	0.05
181	17267	2	0.2	0	NA
181	17267	3	0.0512	0	NA
181	17302	1	0.2	0	NA
181	17302	2	0.29	0	NA
181	17302	3	0.042	0	NA
182	16952	1	1.62	0	NA
182	16952	2	0.43	0	NA
182	16952	3	0.2567	0	NA
182	16980	1	2.37	0	NA
182	16980	2	NA	1	0.1
182	16980	3	0.1828	0	NA
182	17035	1	NA	1	0.05
182	17035	2	NA	1	0.1
182	17035	3	0.066	0	NA
182	17064	1	NA	1	0.05
182	17064	2	NA	1	0.1
182	17064	3	0.0734	0	NA
182	17085	1	0.11	0	NA
182	17085	2	0.25	0	NA
182	17085	3	0.0898	0	NA
182	17133	1	0.07	0	NA
182	17133	2	0.72	0	NA
182	17133	3	0.0525	0	NA
182	17140	1	0.13	0	NA
182	17140	2	0.88	0	NA
182	17140	3	0.066	0	NA
182	17168	1	0.64	0	NA
182	17168	2	1.32	0	NA
182	17168	3	0.0519	0	NA
182	17267	1	0.05	0	NA
182	17267	2	0.24	0	NA
182	17267	3	0.0307	0	NA
182	17302	1	0.1	0	NA
182	17302	2	0.2	0	NA
182	17302	3	0.023	0	NA
183	16952	1	0.09	0	NA
183	16952	2	0.71	0	NA
183	16952	3	0.0547	0	NA
183	16980	1	NA	1	0.05
183	16980	2	NA	1	0.1
183	16980	3	0.0891	0	NA
183	17035	1	NA	1	0.05
183	17035	2	NA	1	0.1
183	17035	3	0.0627	0	NA
183	17064	1	NA	1	0.05
183	17064	2	0.12	0	NA
183	17064	3	0.1416	0	NA
183	17085	1	0.12	0	NA
183	17085	2	0.3	0	NA
183	17085	3	0.1804	0	NA
183	17133	1	NA	1	0.05
183	17133	2	NA	1	0.1
183	17133	3	0.0652	0	NA
183	17140	1	NA	1	0.05
183	17140	2	0.17	0	NA
183	17140	3	0.1848	0	NA
183	17190	1	NA	1	0.05
183	17190	2	0.31	0	NA
183	17190	3	0.0467	0	NA
183	17203	1	NA	1	0.05
183	17203	2	0.18	0	NA
183	17203	3	0.034	0	NA
183	17232	1	NA	1	0.05
183	17232	2	0.11	0	NA
183	17232	3	0.0654	0	NA
183	17267	1	NA	1	0.05
183	17267	2	0.16	0	NA
183	17267	3	0.0887	0	NA
183	17302	1	0.13	0	NA
183	17302	2	0.41	0	NA
183	17302	3	0.084	0	NA
184	17343	1	0.13	0	NA
184	17343	2	0.27	0	NA
184	17343	3	0.127	0	NA
184	17371	1	NA	1	0.05
184	17371	2	0.12	0	NA
184	17371	3	0.111	0	NA
184	17385	1	0.09	0	NA
184	17385	2	0.14	0	NA
184	17385	3	0.117	0	NA
184	17420	1	0.05	0	NA
184	17420	2	0.27	0	NA
184	17420	3	0.0513	0	NA
184	17448	1	0.05	0	NA
184	17448	2	0.25	0	NA
184	17448	3	0.0397	0	NA
184	17476	1	0.06	0	NA
184	17476	2	0.24	0	NA
184	17476	3	0.024	0	NA
184	17504	1	0.1	0	NA
184	17504	2	0.16	0	NA
184	17504	3	0.0417	0	NA
184	17533	1	0.2	0	NA
184	17533	2	1.08	0	NA
184	17533	3	0.02	0	NA
184	17560	1	NA	1	0.05
184	17560	2	0.19	0	NA
184	17560	3	0.033	0	NA
184	17595	1	0.27	0	NA
184	17595	2	0.1	0	NA
184	17595	3	0.054	0	NA
184	17624	1	NA	1	0.05
184	17624	2	0.1	0	NA
184	17624	3	0.037	0	NA
184	17665	1	NA	1	0.05
184	17665	2	0.16	0	NA
184	17665	3	0.0458	0	NA
185	17343	1	NA	1	0.05
185	17343	2	0.17	0	NA
185	17343	3	0.042	0	NA
185	17371	1	NA	1	0.05
185	17371	2	0.15	0	NA
185	17371	3	0.034	0	NA
185	17385	1	0.05	0	NA
185	17385	2	0.13	0	NA
185	17385	3	0.106	0	NA
185	17420	1	0.07	0	NA
185	17420	2	0.33	0	NA
185	17420	3	0.1184	0	NA
185	17448	1	0.15	0	NA
185	17448	2	0.69	0	NA
185	17448	3	0.0351	0	NA
185	17476	1	0.33	0	NA
185	17476	2	0.73	0	NA
185	17476	3	0.306	0	NA
185	17504	1	0.27	0	NA
185	17504	2	1.25	0	NA
185	17504	3	0.1054	0	NA
185	17533	1	0.17	0	NA
185	17533	2	0.72	0	NA
185	17533	3	NA	1	0.02
185	17560	1	NA	1	0.05
185	17560	2	0.31	0	NA
185	17560	3	0.049	0	NA
185	17595	1	0.23	0	NA
185	17595	2	0.34	0	NA
185	17595	3	0.061	0	NA
185	17624	1	NA	1	0.05
185	17624	2	NA	1	0.1
185	17624	3	0.027	0	NA
185	17665	1	0.07	0	NA
185	17665	2	0.27	0	NA
185	17665	3	0.0589	0	NA
186	17343	1	0.12	0	NA
186	17343	2	0.54	0	NA
186	17343	3	0.101	0	NA
186	17448	1	0.07	0	NA
186	17448	2	0.32	0	NA
186	17448	3	0.0285	0	NA
186	17504	1	0.08	0	NA
186	17504	2	0.21	0	NA
186	17504	3	0.0258	0	NA
186	17533	1	NA	1	0.05
186	17533	2	0.29	0	NA
186	17533	3	0.838	0	NA
186	17560	1	NA	1	0.05
186	17560	2	0.14	0	NA
186	17560	3	NA	1	0.02
186	17595	1	0.13	0	NA
186	17595	2	0.25	0	NA
186	17595	3	NA	1	0.02
186	17624	1	NA	1	0.05
186	17624	2	NA	1	0.1
186	17624	3	NA	1	0.02
186	17665	1	NA	1	0.05
186	17665	2	0.18	0	NA
186	17665	3	NA	1	0.02
187	17504	1	0.16	0	NA
187	17504	2	0.83	0	NA
187	17504	3	0.3314	0	NA
187	17539	1	NA	1	0.05
187	17539	2	0.26	0	NA
187	17539	3	0.0433	0	NA
187	17574	1	NA	1	0.05
187	17574	2	1.71	0	NA
187	17574	3	0.0217	0	NA
187	17595	1	0.12	0	NA
187	17595	2	0.31	0	NA
187	17595	3	0.039	0	NA
187	17637	1	0.05	0	NA
187	17637	2	0.14	0	NA
187	17637	3	0.0213	0	NA
187	17665	1	0.07	0	NA
187	17665	2	0.13	0	NA
187	17665	3	0.0405	0	NA
187	17714	1	NA	1	0.05
187	17714	2	0.16	0	NA
187	17714	3	0.144	0	NA
188	17344	1	NA	1	0.05
188	17344	2	0.12	0	NA
188	17344	3	0.197	0	NA
188	17504	1	NA	1	0.05
188	17504	2	0.52	0	NA
188	17504	3	0.2654	0	NA
188	17539	1	0.05	0	NA
188	17539	2	0.17	0	NA
188	17539	3	0.0847	0	NA
188	17574	1	NA	1	0.05
188	17574	2	0.1	0	NA
188	17574	3	0.0573	0	NA
188	17595	1	0.3	0	NA
188	17595	2	0.36	0	NA
188	17595	3	0.127	0	NA
188	17637	1	NA	1	0.05
188	17637	2	0.14	0	NA
188	17637	3	0.0512	0	NA
188	17665	1	0.06	0	NA
188	17665	2	0.1	0	NA
188	17665	3	0.0413	0	NA
188	17714	1	NA	1	0.05
188	17714	2	0.21	0	NA
188	17714	3	0.1181	0	NA
189	17330	1	1.91	0	NA
189	17330	2	0.33	0	NA
189	17330	3	0.3156	0	NA
189	17372	1	2.42	0	NA
189	17372	2	0.42	0	NA
189	17372	3	0.293	0	NA
189	17386	1	2.92	0	NA
189	17386	2	1.54	0	NA
189	17386	3	0.323	0	NA
189	17420	1	1.83	0	NA
189	17420	2	4.22	0	NA
189	17420	3	0.2068	0	NA
189	17434	1	1.96	0	NA
189	17434	2	1.28	0	NA
189	17434	3	0.277	0	NA
189	17463	1	1.9	0	NA
189	17463	2	0.31	0	NA
189	17463	3	0.3445	0	NA
189	17498	1	1.08	0	NA
189	17498	2	0.46	0	NA
189	17498	3	0.225	0	NA
189	17518	1	0.91	0	NA
189	17518	2	1.5	0	NA
189	17518	3	0.2322	0	NA
189	17547	1	0.88	0	NA
189	17547	2	0.72	0	NA
189	17547	3	0.228	0	NA
189	17575	1	0.38	0	NA
189	17575	2	0.36	0	NA
189	17575	3	0.1521	0	NA
189	17603	1	NA	1	0.05
189	17603	2	0.22	0	NA
189	17603	3	0.16	0	NA
189	17638	1	NA	1	0.05
189	17638	2	0.27	0	NA
189	17638	3	0.1493	0	NA
189	17672	1	1.37	0	NA
189	17672	2	0.25	0	NA
189	17672	3	0.6116	0	NA
190	17330	1	0.15	0	NA
190	17330	2	0.17	0	NA
190	17330	3	0.1272	0	NA
190	17372	1	0.05	0	NA
190	17372	2	0.29	0	NA
190	17372	3	0.09	0	NA
190	17386	1	0.07	0	NA
190	17386	2	0.26	0	NA
190	17386	3	0.178	0	NA
190	17420	1	0.09	0	NA
190	17420	2	0.25	0	NA
190	17420	3	0.1688	0	NA
190	17434	1	0.25	0	NA
190	17434	2	0.15	0	NA
190	17434	3	0.477	0	NA
190	17463	1	0.05	0	NA
190	17463	2	0.13	0	NA
190	17463	3	0.2026	0	NA
190	17498	1	0.23	0	NA
190	17498	2	0.17	0	NA
190	17498	3	0.26	0	NA
190	17518	1	0.34	0	NA
190	17518	2	0.16	0	NA
190	17518	3	0.1556	0	NA
190	17547	1	0.48	0	NA
190	17547	2	0.25	0	NA
190	17547	3	0.158	0	NA
190	17575	1	0.07	0	NA
190	17575	2	0.21	0	NA
190	17575	3	0.1095	0	NA
190	17603	1	NA	1	0.05
190	17603	2	0.16	0	NA
190	17603	3	0.231	0	NA
190	17638	1	NA	1	0.05
190	17638	2	0.26	0	NA
190	17638	3	0.1109	0	NA
190	17672	1	0.08	0	NA
190	17672	2	0.26	0	NA
190	17672	3	0.2797	0	NA
191	16609	1	0.56	0	NA
191	16609	2	0.19	0	NA
191	16609	3	0.0932	0	NA
191	16637	1	0.08	0	NA
191	16637	2	1.04	0	NA
191	16637	3	0.121	0	NA
191	16665	1	0.15	0	NA
191	16665	2	0.53	0	NA
191	16665	3	0.1108	0	NA
191	16698	1	1.02	0	NA
191	16698	2	0.43	0	NA
191	16698	3	0.1007	0	NA
191	16728	1	2.38	0	NA
191	16728	2	0.39	0	NA
191	16728	3	0.08	0	NA
191	16756	1	3.68	0	NA
191	16756	2	0.55	0	NA
191	16756	3	0.184	0	NA
191	16832	1	2.09	0	NA
191	16832	2	1.46	0	NA
191	16832	3	0.0404	0	NA
191	16861	1	0.87	0	NA
191	16861	2	2.19	0	NA
191	16861	3	0.0303	0	NA
191	16881	1	0.64	0	NA
191	16881	2	1.74	0	NA
191	16881	3	0.0318	0	NA
191	16930	1	0.35	0	NA
191	16930	2	1.78	0	NA
191	16930	3	0.0456	0	NA
192	16609	1	0.12	0	NA
192	16609	2	0.72	0	NA
192	16609	3	0.0672	0	NA
192	16637	1	0.27	0	NA
192	16637	2	0.73	0	NA
192	16637	3	0.101	0	NA
192	16665	1	1.53	0	NA
192	16665	2	0.73	0	NA
192	16665	3	0.1415	0	NA
192	16698	1	2.28	0	NA
192	16698	2	0.49	0	NA
192	16698	3	0.092	0	NA
192	16728	1	2.13	0	NA
192	16728	2	0.49	0	NA
192	16728	3	0.1	0	NA
192	16756	1	3.71	0	NA
192	16756	2	0.52	0	NA
192	16756	3	0.119	0	NA
192	16832	1	0.06	0	NA
192	16832	2	0.28	0	NA
192	16832	3	NA	1	0.02
192	16861	1	0.05	0	NA
192	16861	2	0.78	0	NA
192	16861	3	NA	1	0.02
192	16881	1	0.05	0	NA
192	16881	2	4.66	0	NA
192	16881	3	0.0204	0	NA
192	16930	1	NA	1	0.05
192	16930	2	0.36	0	NA
192	16930	3	0.0369	0	NA
193	16959	1	0.19	0	NA
193	16959	2	1.05	0	NA
193	16959	3	0.0667	0	NA
193	17015	1	0.27	0	NA
193	17015	2	NA	1	0.1
193	17015	3	0.1065	0	NA
193	17042	1	NA	1	0.05
193	17042	2	NA	1	0.1
193	17042	3	0.0869	0	NA
193	17070	1	0.08	0	NA
193	17070	2	NA	1	0.1
193	17070	3	0.0422	0	NA
193	17099	1	NA	1	0.05
193	17099	2	0.21	0	NA
193	17099	3	0.0306	0	NA
193	17133	1	0.15	0	NA
193	17133	2	0.52	0	NA
193	17133	3	0.0495	0	NA
193	17168	1	0.18	0	NA
193	17168	2	0.61	0	NA
193	17168	3	0.0592	0	NA
193	17189	1	0.13	0	NA
193	17189	2	0.78	0	NA
193	17189	3	0.0725	0	NA
193	17210	1	0.05	0	NA
193	17210	2	0.51	0	NA
193	17210	3	0.0815	0	NA
193	17246	1	0.14	0	NA
193	17246	2	0.63	0	NA
193	17246	3	0.0567	0	NA
193	17280	1	0.23	0	NA
193	17280	2	1.26	0	NA
193	17280	3	0.077	0	NA
193	17316	1	0.21	0	NA
193	17316	2	1.01	0	NA
193	17316	3	0.131	0	NA
194	17693	1	NA	1	0.05
194	17693	2	0.1	0	NA
194	17693	3	0.0314	0	NA
194	17714	1	0.05	0	NA
194	17714	2	0.17	0	NA
194	17714	3	0.0241	0	NA
194	17749	1	NA	1	0.05
194	17749	2	0.1	0	NA
194	17749	3	0.0482	0	NA
194	17798	1	0.08	0	NA
194	17798	2	0.2	0	NA
194	17798	3	0.6776	0	NA
194	17827	1	0.06	0	NA
194	17827	2	1.7	0	NA
194	17827	3	NA	1	0.02
194	17854	1	0.62	0	NA
194	17854	2	0.12	0	NA
194	17854	3	0.0263	0	NA
194	17883	1	NA	1	0.05
194	17883	2	NA	1	0.1
194	17883	3	0.0422	0	NA
195	16216	1	NA	1	0.1
195	16216	2	0.2	0	NA
195	16245	1	NA	1	0.1
195	16245	2	NA	1	0.1
195	16273	1	NA	1	0.1
195	16273	2	0.1	0	NA
195	16300	1	NA	1	0.1
195	16300	2	0.17	0	NA
195	16335	1	NA	1	0.1
195	16335	2	NA	1	0.1
195	16371	1	NA	1	0.1
195	16371	2	0.15	0	NA
196	17336	1	0.06	0	NA
196	17336	2	0.2	0	NA
196	17336	3	0.091	0	NA
196	17351	1	0.1	0	NA
196	17351	2	0.18	0	NA
196	17351	3	0.1037	0	NA
196	17386	1	0.12	0	NA
196	17386	2	0.15	0	NA
196	17386	3	0.407	0	NA
196	17434	1	NA	1	0.05
196	17434	2	0.19	0	NA
196	17434	3	0.032	0	NA
196	17448	1	0.06	0	NA
196	17448	2	0.26	0	NA
196	17448	3	0.021	0	NA
196	17490	1	NA	1	0.05
196	17490	2	0.23	0	NA
196	17490	3	0.0381	0	NA
196	17533	1	NA	1	0.05
196	17533	2	0.18	0	NA
196	17533	3	NA	1	0.02
196	17560	1	NA	1	0.05
196	17560	2	0.22	0	NA
196	17560	3	0.024	0	NA
196	17602	1	NA	1	0.05
196	17602	2	0.11	0	NA
196	17602	3	0.05	0	NA
196	17624	1	NA	1	0.05
196	17624	2	0.1	0	NA
196	17624	3	0.038	0	NA
196	17673	1	NA	1	0.05
196	17673	2	0.13	0	NA
196	17673	3	0.0404	0	NA
197	16587	1	NA	1	0.05
197	16587	2	0.13	0	NA
197	16587	3	NA	1	0.02
197	16615	1	0.06	0	NA
197	16615	2	0.35	0	NA
197	16615	3	NA	1	0.02
197	16643	1	NA	1	0.05
197	16643	2	0.17	0	NA
197	16643	3	NA	1	0.02
197	16671	1	NA	1	0.05
197	16671	2	0.13	0	NA
197	16671	3	NA	1	0.02
197	16698	1	NA	1	0.05
197	16698	2	0.33	0	NA
197	16698	3	NA	1	0.02
197	16734	1	0.07	0	NA
197	16734	2	0.14	0	NA
197	16734	3	NA	1	0.02
197	16762	1	0.07	0	NA
197	16762	2	0.22	0	NA
197	16762	3	NA	1	0.02
198	16196	1	NA	1	0.1
198	16196	2	0.1	0	NA
198	16231	1	0.11	0	NA
198	16231	2	NA	1	0.1
198	16258	1	NA	1	0.1
198	16258	2	0.12	0	NA
198	16293	1	NA	1	0.1
198	16293	2	0.14	0	NA
198	16328	1	NA	1	0.1
198	16328	2	0.13	0	NA
198	16370	1	NA	1	0.1
198	16370	2	1.19	0	NA
199	17330	1	0.57	0	NA
199	17330	2	0.76	0	NA
199	17330	3	0.058	0	NA
199	17350	1	0.15	0	NA
199	17350	2	1.37	0	NA
199	17350	3	0.0484	0	NA
199	17386	1	0.21	0	NA
199	17386	2	0.37	0	NA
199	17386	3	0.046	0	NA
199	17420	1	0.1	0	NA
199	17420	2	0.46	0	NA
199	17420	3	0.0205	0	NA
199	17463	1	0.24	0	NA
199	17463	2	0.49	0	NA
199	17463	3	NA	1	0.02
199	17498	1	NA	1	0.05
199	17498	2	0.53	0	NA
199	17498	3	NA	1	0.02
199	17518	1	0.05	0	NA
199	17518	2	0.44	0	NA
199	17518	3	0.0804	0	NA
199	17546	1	NA	1	0.05
199	17546	2	0.6	0	NA
199	17546	3	NA	1	0.02
199	17574	1	NA	1	0.05
199	17574	2	0.16	0	NA
199	17574	3	NA	1	0.02
199	17616	1	0.06	0	NA
199	17616	2	1.34	0	NA
199	17616	3	NA	1	0.02
199	17644	1	0.05	0	NA
199	17644	2	0.39	0	NA
199	17644	3	NA	1	0.02
199	17672	1	0.07	0	NA
199	17672	2	0.41	0	NA
199	17672	3	NA	1	0.02
200	17420	1	0.11	0	NA
200	17420	2	0.42	0	NA
200	17420	3	NA	1	0.02
200	17498	1	0.09	0	NA
200	17498	2	0.53	0	NA
200	17498	3	0.035	0	NA
200	17518	1	0.05	0	NA
200	17518	2	0.34	0	NA
200	17518	3	0.0276	0	NA
200	17546	1	NA	1	0.05
200	17546	2	0.24	0	NA
200	17546	3	0.024	0	NA
200	17574	1	0.06	0	NA
200	17574	2	0.35	0	NA
200	17574	3	NA	1	0.02
200	17616	1	0.12	0	NA
200	17616	2	0.4	0	NA
200	17616	3	NA	1	0.02
200	17644	1	0.18	0	NA
200	17644	2	0.8	0	NA
200	17644	3	0.0716	0	NA
200	17672	1	0.21	0	NA
200	17672	2	0.69	0	NA
200	17672	3	NA	1	0.02
201	17330	1	0.11	0	NA
201	17330	2	0.49	0	NA
201	17330	3	0.0641	0	NA
201	17350	1	0.12	0	NA
201	17350	2	0.65	0	NA
201	17350	3	0.0792	0	NA
201	17386	1	0.21	0	NA
201	17386	2	0.8	0	NA
201	17386	3	0.135	0	NA
201	17420	1	0.22	0	NA
201	17420	2	1.18	0	NA
201	17420	3	0.0422	0	NA
201	17463	1	0.17	0	NA
201	17463	2	0.73	0	NA
201	17463	3	0.1937	0	NA
201	17498	1	0.07	0	NA
201	17498	2	0.52	0	NA
201	17498	3	0.036	0	NA
201	17518	1	0.11	0	NA
201	17518	2	0.57	0	NA
201	17518	3	0.0225	0	NA
201	17546	1	0.07	0	NA
201	17546	2	0.41	0	NA
201	17546	3	NA	1	0.02
201	17574	1	0.06	0	NA
201	17574	2	0.4	0	NA
201	17574	3	NA	1	0.02
201	17616	1	0.08	0	NA
201	17616	2	0.53	0	NA
201	17616	3	NA	1	0.02
201	17644	1	0.1	0	NA
201	17644	2	0.54	0	NA
201	17644	3	NA	1	0.02
201	17672	1	0.08	0	NA
201	17672	2	0.96	0	NA
201	17672	3	NA	1	0.02
202	17330	1	0.56	0	NA
202	17330	2	2.57	0	NA
202	17330	3	0.759	0	NA
202	17350	1	7.38	0	NA
202	17350	2	14.38	0	NA
202	17350	3	0.1746	0	NA
202	17420	1	0.34	0	NA
202	17420	2	3.13	0	NA
202	17420	3	0.1006	0	NA
202	17463	1	1.46	0	NA
202	17463	2	2.58	0	NA
202	17463	3	0.0808	0	NA
202	17498	1	0.13	0	NA
202	17498	2	1.95	0	NA
202	17498	3	0.082	0	NA
202	17518	1	0.06	0	NA
202	17518	2	1.25	0	NA
202	17518	3	0.0573	0	NA
202	17546	1	NA	1	0.05
202	17546	2	0.55	0	NA
202	17546	3	0.047	0	NA
202	17574	1	NA	1	0.05
202	17574	2	0.27	0	NA
202	17574	3	0.0243	0	NA
202	17616	1	0.13	0	NA
202	17616	2	0.64	0	NA
202	17616	3	NA	1	0.02
202	17644	1	0.15	0	NA
202	17644	2	0.73	0	NA
202	17644	3	0.0321	0	NA
202	17672	1	0.21	0	NA
202	17672	2	0.72	0	NA
202	17672	3	0.1232	0	NA
203	17344	1	0.13	0	NA
203	17344	2	0.6	0	NA
203	17344	3	0.171	0	NA
203	17372	1	0.08	0	NA
203	17372	2	0.5	0	NA
203	17372	3	0.191	0	NA
203	17399	1	0.09	0	NA
203	17399	2	0.48	0	NA
203	17399	3	0.104	0	NA
203	17434	1	0.1	0	NA
203	17434	2	0.57	0	NA
203	17434	3	0.106	0	NA
203	17462	1	0.14	0	NA
203	17462	2	0.64	0	NA
203	17462	3	0.2813	0	NA
203	17490	1	0.28	0	NA
203	17490	2	0.55	0	NA
203	17490	3	0.1041	0	NA
203	17519	1	0.5	0	NA
203	17519	2	0.75	0	NA
203	17519	3	0.1333	0	NA
203	17553	1	0.77	0	NA
203	17553	2	0.51	0	NA
203	17553	3	0.061	0	NA
203	17581	1	0.36	0	NA
203	17581	2	0.79	0	NA
203	17581	3	0.0339	0	NA
203	17602	1	NA	1	0.05
203	17602	2	0.81	0	NA
203	17602	3	0.141	0	NA
203	17625	1	0.1	0	NA
203	17625	2	0.65	0	NA
203	17625	3	0.023	0	NA
203	17680	1	0.17	0	NA
203	17680	2	0.7	0	NA
203	17680	3	0.147	0	NA
204	17700	1	3.02	0	NA
204	17700	2	0.3	0	NA
204	17700	3	0.0314	0	NA
204	17743	1	16.39	0	NA
204	17743	2	0.28	0	NA
204	17743	3	0.7322	0	NA
204	17770	1	28.15	0	NA
204	17770	2	0.28	0	NA
204	17770	3	0.4644	0	NA
204	17798	1	9.19	0	NA
204	17798	2	0.3	0	NA
204	17798	3	0.2585	0	NA
204	17827	1	16.64	0	NA
204	17827	2	0.32	0	NA
204	17827	3	NA	1	0.02
204	17854	1	9.01	0	NA
204	17854	2	0.11	0	NA
204	17854	3	NA	1	0.02
204	17876	1	4.51	0	NA
204	17876	2	0.44	0	NA
204	17876	3	0.1415	0	NA
205	17343	1	0.24	0	NA
205	17343	2	6.01	0	NA
205	17343	3	0.121	0	NA
205	17371	1	0.08	0	NA
205	17371	2	6.64	0	NA
205	17371	3	0.071	0	NA
205	17385	1	0.47	0	NA
205	17385	2	7.02	0	NA
205	17385	3	0.067	0	NA
205	17420	1	0.17	0	NA
205	17420	2	6.7	0	NA
205	17420	3	0.1643	0	NA
205	17448	1	0.18	0	NA
205	17448	2	11.51	0	NA
205	17448	3	0.1498	0	NA
205	17476	1	0.15	0	NA
205	17476	2	12.57	0	NA
205	17476	3	0.17	0	NA
205	17504	1	0.17	0	NA
205	17504	2	12.5	0	NA
205	17504	3	0.087	0	NA
205	17533	1	0.15	0	NA
205	17533	2	14.21	0	NA
205	17533	3	0.034	0	NA
205	17560	1	0.1	0	NA
205	17560	2	12.27	0	NA
205	17560	3	0.066	0	NA
205	17595	1	0.35	0	NA
205	17595	2	15.2	0	NA
205	17595	3	0.103	0	NA
205	17624	1	0.1	0	NA
205	17624	2	13.2	0	NA
205	17624	3	0.073	0	NA
205	17665	1	0.15	0	NA
205	17665	2	10.95	0	NA
205	17665	3	0.0786	0	NA
206	16203	1	NA	1	0.1
206	16203	2	0.2	0	NA
206	16244	1	0.1	0	NA
206	16244	2	0.16	0	NA
206	16273	1	NA	1	0.1
206	16273	2	0.12	0	NA
206	16300	1	NA	1	0.1
206	16300	2	0.17	0	NA
206	16335	1	0.11	0	NA
206	16335	2	0.57	0	NA
206	16391	1	NA	1	0.1
206	16391	2	0.27	0	NA
207	16587	1	0.06	0	NA
207	16587	2	0.2	0	NA
207	16587	3	0.0984	0	NA
207	16615	1	0.12	0	NA
207	16615	2	0.43	0	NA
207	16615	3	0.0671	0	NA
207	16644	1	0.19	0	NA
207	16644	2	0.67	0	NA
207	16644	3	0.128	0	NA
207	16671	1	0.14	0	NA
207	16671	2	0.48	0	NA
207	16671	3	0.0557	0	NA
207	16698	1	0.16	0	NA
207	16698	2	0.51	0	NA
207	16698	3	0.0516	0	NA
207	16734	1	0.09	0	NA
207	16734	2	0.36	0	NA
207	16734	3	0.05	0	NA
207	16762	1	0.39	0	NA
207	16762	2	0.26	0	NA
207	16762	3	0.042	0	NA
207	16805	1	0.38	0	NA
207	16805	2	0.2	0	NA
207	16805	3	0.0274	0	NA
207	16832	1	1.32	0	NA
207	16832	2	0.35	0	NA
207	16832	3	0.0404	0	NA
207	16867	1	0.84	0	NA
207	16867	2	0.77	0	NA
207	16867	3	0.0372	0	NA
207	16896	1	1.35	0	NA
207	16896	2	0.48	0	NA
207	16896	3	0.0456	0	NA
207	16924	1	0.7	0	NA
207	16924	2	0.38	0	NA
207	16924	3	0.062	0	NA
208	16973	1	0.06	0	NA
208	16973	2	0.28	0	NA
208	16973	3	0.0231	0	NA
208	17015	1	0.24	0	NA
208	17015	2	NA	1	0.1
208	17015	3	0.0335	0	NA
208	17042	1	NA	1	0.05
208	17042	2	NA	1	0.1
208	17042	3	0.0443	0	NA
208	17070	1	NA	1	0.05
208	17070	2	NA	1	0.1
208	17070	3	0.0421	0	NA
208	17099	1	NA	1	0.05
208	17099	2	0.24	0	NA
208	17099	3	0.0384	0	NA
208	17133	1	NA	1	0.05
208	17133	2	0.22	0	NA
208	17133	3	0.0438	0	NA
208	17168	1	0.08	0	NA
208	17168	2	0.28	0	NA
208	17168	3	0.0433	0	NA
208	17189	1	NA	1	0.05
208	17189	2	0.22	0	NA
208	17189	3	0.0373	0	NA
208	17210	1	NA	1	0.05
208	17210	2	0.22	0	NA
208	17210	3	0.0611	0	NA
208	17246	1	0.06	0	NA
208	17246	2	0.42	0	NA
208	17246	3	0.0604	0	NA
208	17280	1	0.09	0	NA
208	17280	2	0.5	0	NA
208	17280	3	0.072	0	NA
208	17316	1	0.05	0	NA
208	17316	2	0.56	0	NA
208	17316	3	0.078	0	NA
209	17701	1	0.05	0	NA
209	17701	2	0.26	0	NA
209	17701	3	0.1616	0	NA
209	17742	1	0.05	0	NA
209	17742	2	0.34	0	NA
209	17742	3	0.2699	0	NA
209	17861	1	8.41	0	NA
209	17861	2	0.7	0	NA
209	17861	3	0.1755	0	NA
209	17875	1	1.2	0	NA
209	17875	2	1.06	0	NA
209	17875	3	0.0534	0	NA
210	17701	1	NA	1	0.05
210	17701	2	0.41	0	NA
210	17701	3	0.2815	0	NA
210	17742	1	NA	1	0.05
210	17742	2	0.34	0	NA
210	17742	3	0.105	0	NA
210	17764	1	NA	1	0.05
210	17764	2	0.27	0	NA
210	17764	3	0.0993	0	NA
210	17784	1	0.08	0	NA
210	17784	2	0.31	0	NA
210	17784	3	0.1042	0	NA
210	17812	1	0.06	0	NA
210	17812	2	0.23	0	NA
210	17812	3	0.1313	0	NA
210	17861	1	0.28	0	NA
210	17861	2	0.39	0	NA
210	17861	3	0.064	0	NA
210	17875	1	0.44	0	NA
210	17875	2	0.62	0	NA
210	17875	3	0.0651	0	NA
211	16965	1	0.16	0	NA
211	16965	2	0.53	0	NA
211	16965	3	0.0281	0	NA
211	16986	1	NA	1	0.05
211	16986	2	0.19	0	NA
211	16986	3	0.0283	0	NA
211	17029	1	NA	1	0.05
211	17029	2	NA	1	0.1
211	17029	3	0.0396	0	NA
211	17063	1	NA	1	0.05
211	17063	2	NA	1	0.1
211	17063	3	0.026	0	NA
211	17091	1	NA	1	0.05
211	17091	2	0.14	0	NA
211	17091	3	NA	1	0.02
211	17126	1	0.2	0	NA
211	17126	2	0.36	0	NA
211	17126	3	0.0478	0	NA
211	17140	1	0.11	0	NA
211	17140	2	0.61	0	NA
211	17140	3	0.0319	0	NA
211	17175	1	0.25	0	NA
211	17175	2	1.17	0	NA
211	17175	3	0.0319	0	NA
211	17203	1	0.12	0	NA
211	17203	2	1.35	0	NA
211	17203	3	NA	1	0.02
211	17224	1	0.22	0	NA
211	17224	2	1.39	0	NA
211	17224	3	0.0282	0	NA
211	17259	1	0.07	0	NA
211	17259	2	0.31	0	NA
211	17259	3	0.0278	0	NA
211	17301	1	0.06	0	NA
211	17301	2	0.35	0	NA
211	17301	3	0.027	0	NA
212	16972	1	NA	1	0.05
212	16972	2	0.38	0	NA
212	16972	3	NA	1	0.02
212	17014	1	0.12	0	NA
212	17014	2	NA	1	0.1
212	17014	3	0.036	0	NA
212	17030	1	NA	1	0.05
212	17030	2	NA	1	0.1
212	17030	3	0.0507	0	NA
212	17064	1	NA	1	0.05
212	17064	2	NA	1	0.1
212	17064	3	0.1341	0	NA
212	17092	1	0.11	0	NA
212	17092	2	NA	1	0.1
212	17092	3	0.0329	0	NA
212	17126	1	0.32	0	NA
212	17126	2	1.41	0	NA
212	17126	3	NA	1	0.02
212	17140	1	0.3	0	NA
212	17140	2	0.23	0	NA
212	17140	3	NA	1	0.02
212	17182	1	0.33	0	NA
212	17182	2	0.36	0	NA
212	17182	3	0.0256	0	NA
212	17210	1	0.21	0	NA
212	17210	2	0.51	0	NA
212	17210	3	0.0301	0	NA
212	17231	1	0.19	0	NA
212	17231	2	1.73	0	NA
212	17231	3	NA	1	0.02
212	17274	1	NA	1	0.05
212	17274	2	0.26	0	NA
212	17274	3	NA	1	0.02
212	17294	1	0.09	0	NA
212	17294	2	0.32	0	NA
212	17294	3	NA	1	0.02
213	16609	1	0.08	0	NA
213	16609	2	1.92	0	NA
213	16609	3	0.0399	0	NA
213	16637	1	0.05	0	NA
213	16637	2	0.23	0	NA
213	16637	3	0.039	0	NA
213	16665	1	0.15	0	NA
213	16665	2	0.83	0	NA
213	16665	3	0.0384	0	NA
213	16693	1	0.06	0	NA
213	16693	2	1.09	0	NA
213	16693	3	0.0472	0	NA
213	16728	1	0.09	0	NA
213	16728	2	3.11	0	NA
213	16728	3	0.03	0	NA
213	16756	1	0.18	0	NA
213	16756	2	4.25	0	NA
213	16756	3	0.031	0	NA
213	16832	1	0.21	0	NA
213	16832	2	11.56	0	NA
213	16832	3	0.0809	0	NA
213	16853	1	NA	1	0.05
213	16853	2	8.2	0	NA
213	16853	3	0.0855	0	NA
213	16881	1	0.14	0	NA
213	16881	2	7.23	0	NA
213	16881	3	0.0719	0	NA
213	16916	1	NA	1	0.05
213	16916	2	3.77	0	NA
213	16916	3	0.0373	0	NA
213	16945	1	NA	1	0.05
213	16945	2	0.32	0	NA
213	16945	3	0.0704	0	NA
214	16972	1	0.91	0	NA
214	16972	2	0.53	0	NA
214	16972	3	0.1553	0	NA
214	17014	1	0.64	0	NA
214	17014	2	NA	1	0.1
214	17014	3	0.0962	0	NA
214	17030	1	NA	1	0.05
214	17030	2	NA	1	0.1
214	17030	3	0.1258	0	NA
214	17064	1	0.1	0	NA
214	17064	2	0.1	0	NA
214	17064	3	0.0839	0	NA
214	17092	1	0.05	0	NA
214	17092	2	0.67	0	NA
214	17092	3	0.0351	0	NA
214	17127	1	0.47	0	NA
214	17127	2	1.71	0	NA
214	17127	3	0.0857	0	NA
214	17182	1	0.27	0	NA
214	17182	2	3.02	0	NA
214	17182	3	0.0415	0	NA
214	17210	1	0.05	0	NA
214	17210	2	3.26	0	NA
214	17210	3	0.0559	0	NA
214	17231	1	0.05	0	NA
214	17231	2	5.77	0	NA
214	17231	3	0.0485	0	NA
214	17274	1	NA	1	0.05
214	17274	2	0.19	0	NA
214	17274	3	0.035	0	NA
214	17294	1	NA	1	0.05
214	17294	2	0.17	0	NA
214	17294	3	NA	1	0.02
215	16972	1	0.39	0	NA
215	16972	2	15.76	0	NA
215	16972	3	0.0657	0	NA
215	17014	1	0.1	0	NA
215	17014	2	NA	1	0.1
215	17014	3	0.0637	0	NA
215	17030	1	NA	1	0.05
215	17030	2	NA	1	0.1
215	17030	3	0.1335	0	NA
215	17064	1	0.26	0	NA
215	17064	2	NA	1	0.1
215	17064	3	0.223	0	NA
215	17127	1	1.99	0	NA
215	17127	2	2.6	0	NA
215	17127	3	0.0752	0	NA
215	17182	1	0.4	0	NA
215	17182	2	5.42	0	NA
215	17182	3	0.0382	0	NA
215	17210	1	NA	1	0.05
215	17210	2	4.38	0	NA
215	17210	3	0.0744	0	NA
215	17231	1	NA	1	0.05
215	17231	2	2.2	0	NA
215	17231	3	0.0603	0	NA
215	17274	1	0.12	0	NA
215	17274	2	2.32	0	NA
215	17274	3	0.039	0	NA
215	17294	1	0.06	0	NA
215	17294	2	0.66	0	NA
215	17294	3	0.028	0	NA
216	16972	1	NA	1	0.05
216	16972	2	0.37	0	NA
216	16972	3	0.0414	0	NA
216	17014	1	0.33	0	NA
216	17014	2	NA	1	0.1
216	17014	3	0.0559	0	NA
216	17030	1	NA	1	0.05
216	17030	2	NA	1	0.1
216	17030	3	0.0961	0	NA
216	17064	1	0.67	0	NA
216	17064	2	NA	1	0.1
216	17064	3	0.255	0	NA
216	17092	1	3.27	0	NA
216	17092	2	0.1	0	NA
216	17092	3	0.0832	0	NA
216	17127	1	0.43	0	NA
216	17127	2	1.16	0	NA
216	17127	3	0.0429	0	NA
216	17182	1	0.1	0	NA
216	17182	2	0.98	0	NA
216	17182	3	0.1117	0	NA
216	17210	1	0.22	0	NA
216	17210	2	0.77	0	NA
216	17210	3	0.107	0	NA
216	17231	1	NA	1	0.05
216	17231	2	0.31	0	NA
216	17231	3	0.063	0	NA
216	17274	1	0.06	0	NA
216	17274	2	0.17	0	NA
216	17274	3	0.048	0	NA
216	17294	1	NA	1	0.05
216	17294	2	0.13	0	NA
216	17294	3	NA	1	0.02
217	16609	1	0.05	0	NA
217	16609	2	NA	1	0.1
217	16609	3	0.0232	0	NA
217	16636	1	0.05	0	NA
217	16636	2	0.25	0	NA
217	16636	3	0.03	0	NA
217	16665	1	1.81	0	NA
217	16665	2	2.84	0	NA
217	16665	3	NA	1	0.02
217	16693	1	0.39	0	NA
217	16693	2	0.4	0	NA
217	16693	3	NA	1	0.02
217	16727	1	0.85	0	NA
217	16727	2	0.55	0	NA
217	16727	3	0.02	0	NA
217	16825	1	0.11	0	NA
217	16825	2	1.87	0	NA
217	16825	3	0.0249	0	NA
217	16853	1	0.35	0	NA
217	16853	2	4.11	0	NA
217	16853	3	0.0236	0	NA
217	16882	1	0.25	0	NA
217	16882	2	4.75	0	NA
217	16882	3	0.0216	0	NA
217	16916	1	NA	1	0.05
217	16916	2	0.66	0	NA
217	16916	3	0.0262	0	NA
217	16930	1	0.07	0	NA
217	16930	2	1.85	0	NA
217	16930	3	0.0415	0	NA
218	17343	1	0.06	0	NA
218	17343	2	7.79	0	NA
218	17343	3	NA	1	0.02
218	17371	1	0.06	0	NA
218	17371	2	6.36	0	NA
218	17371	3	NA	1	0.02
218	17385	1	0.25	0	NA
218	17385	2	6.46	0	NA
218	17385	3	NA	1	0.02
218	17420	1	NA	1	0.05
218	17420	2	5.68	0	NA
218	17420	3	NA	1	0.02
218	17448	1	0.1	0	NA
218	17448	2	6.04	0	NA
218	17448	3	0.0242	0	NA
218	17476	1	0.13	0	NA
218	17476	2	6.38	0	NA
218	17476	3	0.06	0	NA
218	17504	1	0.12	0	NA
218	17504	2	7.16	0	NA
218	17504	3	0.0634	0	NA
218	17533	1	0.06	0	NA
218	17533	2	9.5	0	NA
218	17533	3	0.0866	0	NA
218	17560	1	0.06	0	NA
218	17560	2	11.8	0	NA
218	17560	3	0.046	0	NA
218	17595	1	0.17	0	NA
218	17595	2	12.58	0	NA
218	17595	3	0.091	0	NA
218	17624	1	NA	1	0.05
218	17624	2	11.99	0	NA
218	17624	3	0.053	0	NA
218	17665	1	0.08	0	NA
218	17665	2	9.3	0	NA
218	17665	3	0.0234	0	NA
219	17330	1	0.09	0	NA
219	17330	2	0.39	0	NA
219	17330	3	0.0654	0	NA
219	17350	1	NA	1	0.05
219	17350	2	0.26	0	NA
219	17350	3	0.0351	0	NA
219	17386	1	0.13	0	NA
219	17386	2	0.5	0	NA
219	17386	3	0.083	0	NA
219	17420	1	0.82	0	NA
219	17420	2	0.44	0	NA
219	17420	3	NA	1	0.02
219	17463	1	1.43	0	NA
219	17463	2	0.42	0	NA
219	17463	3	0.0538	0	NA
219	17498	1	0.8	0	NA
219	17498	2	0.52	0	NA
219	17498	3	0.028	0	NA
219	17518	1	0.6	0	NA
219	17518	2	0.47	0	NA
219	17518	3	0.0252	0	NA
219	17547	1	0.32	0	NA
219	17547	2	0.76	0	NA
219	17547	3	NA	1	0.02
219	17575	1	0.07	0	NA
219	17575	2	0.59	0	NA
219	17575	3	NA	1	0.02
219	17603	1	NA	1	0.05
219	17603	2	0.26	0	NA
219	17603	3	NA	1	0.02
219	17638	1	0.09	0	NA
219	17638	2	0.54	0	NA
219	17638	3	0.0318	0	NA
219	17672	1	0.18	0	NA
219	17672	2	0.51	0	NA
219	17672	3	0.0529	0	NA
220	16202	1	NA	1	0.1
220	16202	2	0.2	0	NA
220	16238	1	NA	1	0.1
220	16238	2	0.47	0	NA
220	16266	1	0.13	0	NA
220	16266	2	0.18	0	NA
220	16307	1	NA	1	0.1
220	16307	2	0.27	0	NA
220	16342	1	NA	1	0.1
220	16342	2	0.36	0	NA
221	16202	1	NA	1	0.1
221	16202	2	0.34	0	NA
221	16238	1	0.1	0	NA
221	16238	2	0.39	0	NA
221	16266	1	0.19	0	NA
221	16266	2	0.57	0	NA
221	16307	1	0.2	0	NA
221	16307	2	1.03	0	NA
221	16342	1	0.28	0	NA
221	16342	2	1.03	0	NA
221	16378	1	0.22	0	NA
221	16378	2	0.8	0	NA
222	16202	1	2.9	0	NA
222	16202	2	0.28	0	NA
222	16238	1	5.37	0	NA
222	16238	2	0.35	0	NA
222	16266	1	3.12	0	NA
222	16266	2	0.14	0	NA
222	16307	1	2.36	0	NA
222	16307	2	0.31	0	NA
222	16342	1	0.94	0	NA
222	16342	2	0.42	0	NA
222	16378	1	2.05	0	NA
222	16378	2	0.37	0	NA
223	16196	1	NA	1	0.1
223	16196	2	0.12	0	NA
223	16232	1	NA	1	0.1
223	16232	2	0.15	0	NA
223	16258	1	NA	1	0.1
223	16258	2	0.12	0	NA
223	16293	1	NA	1	0.1
223	16293	2	0.17	0	NA
223	16328	1	NA	1	0.1
223	16328	2	0.17	0	NA
223	16371	1	NA	1	0.1
223	16371	2	0.15	0	NA
224	16581	1	0.05	0	NA
224	16581	2	NA	1	0.1
224	16581	3	0.0788	0	NA
224	16608	1	NA	1	0.05
224	16608	2	NA	1	0.1
224	16608	3	0.0622	0	NA
224	16637	1	NA	1	0.05
224	16637	2	0.1	0	NA
224	16637	3	0.052	0	NA
224	16665	1	NA	1	0.05
224	16665	2	0.62	0	NA
224	16665	3	0.097	0	NA
224	16693	1	0.11	0	NA
224	16693	2	0.2	0	NA
224	16693	3	0.0829	0	NA
224	16727	1	NA	1	0.05
224	16727	2	0.15	0	NA
224	16727	3	0.05	0	NA
224	16755	1	0.21	0	NA
224	16755	2	0.62	0	NA
224	16755	3	0.087	0	NA
224	16811	1	0.13	0	NA
224	16811	2	1.16	0	NA
224	16811	3	0.0736	0	NA
224	16840	1	NA	1	0.05
224	16840	2	1.16	0	NA
224	16840	3	0.0622	0	NA
224	16868	1	0.15	0	NA
224	16868	2	1.41	0	NA
224	16868	3	0.0376	0	NA
224	16896	1	0.05	0	NA
224	16896	2	0.52	0	NA
224	16896	3	0.0926	0	NA
224	16944	1	0.1	0	NA
224	16944	2	0.23	0	NA
224	16944	3	0.1075	0	NA
225	16973	1	0.07	0	NA
225	16973	2	0.82	0	NA
225	16973	3	0.0285	0	NA
225	16986	1	NA	1	0.05
225	16986	2	0.15	0	NA
225	16986	3	0.0411	0	NA
225	17035	1	NA	1	0.05
225	17035	2	NA	1	0.1
225	17035	3	NA	1	0.02
225	17049	1	0.09	0	NA
225	17049	2	0.12	0	NA
225	17049	3	0.0244	0	NA
225	17085	1	0.19	0	NA
225	17085	2	0.36	0	NA
225	17085	3	0.0368	0	NA
225	17112	1	0.22	0	NA
225	17112	2	0.36	0	NA
225	17112	3	0.0279	0	NA
225	17133	1	0.17	0	NA
225	17133	2	0.43	0	NA
225	17133	3	NA	1	0.02
225	17183	1	0.52	0	NA
225	17183	2	0.91	0	NA
225	17183	3	NA	1	0.02
225	17211	1	0.22	0	NA
225	17211	2	0.46	0	NA
225	17211	3	NA	1	0.02
225	17232	1	0.16	0	NA
225	17232	2	0.58	0	NA
225	17232	3	0.0248	0	NA
225	17266	1	0.08	0	NA
225	17266	2	0.25	0	NA
225	17266	3	NA	1	0.02
225	17294	1	0.11	0	NA
225	17294	2	0.34	0	NA
225	17294	3	NA	1	0.02
226	17344	1	0.13	0	NA
226	17344	2	0.28	0	NA
226	17344	3	NA	1	0.02
226	17351	1	0.05	0	NA
226	17351	2	0.23	0	NA
226	17351	3	0.0308	0	NA
226	17386	1	0.1	0	NA
226	17386	2	0.26	0	NA
226	17386	3	0.026	0	NA
226	17435	1	0.06	0	NA
226	17435	2	0.14	0	NA
226	17435	3	NA	1	0.02
226	17455	1	0.09	0	NA
226	17455	2	0.26	0	NA
226	17455	3	NA	1	0.02
226	17497	1	0.1	0	NA
226	17497	2	0.25	0	NA
226	17497	3	NA	1	0.02
226	17533	1	0.14	0	NA
226	17533	2	0.38	0	NA
226	17533	3	0.2	0	NA
226	17560	1	0.06	0	NA
226	17560	2	0.85	0	NA
226	17560	3	0.023	0	NA
226	17602	1	NA	1	0.05
226	17602	2	0.7	0	NA
226	17602	3	NA	1	0.02
226	17624	1	0.05	0	NA
226	17624	2	0.58	0	NA
226	17624	3	NA	1	0.02
226	17680	1	0.06	0	NA
226	17680	2	0.26	0	NA
226	17680	3	NA	1	0.02
227	17700	1	0.06	0	NA
227	17700	2	0.29	0	NA
227	17700	3	0.0619	0	NA
227	17875	1	NA	1	0.05
227	17875	2	NA	1	0.1
227	17875	3	0.0735	0	NA
228	16587	1	NA	1	0.05
228	16587	2	0.14	0	NA
228	16587	3	0.5655	0	NA
228	16615	1	0.09	0	NA
228	16615	2	0.4	0	NA
228	16615	3	0.8905	0	NA
228	16643	1	0.09	0	NA
228	16643	2	0.56	0	NA
228	16643	3	3.094	0	NA
228	16671	1	NA	1	0.05
228	16671	2	0.12	0	NA
228	16671	3	0.3829	0	NA
228	16698	1	0.12	0	NA
228	16698	2	0.33	0	NA
228	16698	3	1.0094	0	NA
228	16734	1	0.07	0	NA
228	16734	2	0.25	0	NA
228	16734	3	1.18	0	NA
228	16762	1	0.19	0	NA
228	16762	2	11.23	0	NA
228	16762	3	0.266	0	NA
228	16805	1	NA	1	0.05
228	16805	2	12.97	0	NA
228	16805	3	0.0918	0	NA
228	16832	1	0.05	0	NA
228	16832	2	16.55	0	NA
228	16832	3	0.1599	0	NA
228	16867	1	0.13	0	NA
228	16867	2	14.06	0	NA
228	16867	3	0.1008	0	NA
228	16896	1	NA	1	0.05
228	16896	2	7.37	0	NA
228	16896	3	0.1308	0	NA
228	16924	1	NA	1	0.05
228	16924	2	1.14	0	NA
228	16924	3	0.1654	0	NA
229	16965	1	0.14	0	NA
229	16965	2	0.41	0	NA
229	16965	3	0.0987	0	NA
229	17015	1	0.94	0	NA
229	17015	2	NA	1	0.1
229	17015	3	0.0763	0	NA
229	17029	1	0.46	0	NA
229	17029	2	0.24	0	NA
229	17029	3	0.1963	0	NA
229	17057	1	NA	1	0.05
229	17057	2	NA	1	0.1
229	17057	3	0.3306	0	NA
229	17084	1	1.38	0	NA
229	17084	2	0.44	0	NA
229	17084	3	0.2045	0	NA
229	17126	1	3.81	0	NA
229	17126	2	1.42	0	NA
229	17126	3	0.1491	0	NA
229	17141	1	4.32	0	NA
229	17141	2	1.43	0	NA
229	17141	3	0.1748	0	NA
229	17169	1	4.04	0	NA
229	17169	2	1.93	0	NA
229	17169	3	0.1417	0	NA
229	17203	1	3.33	0	NA
229	17203	2	2.26	0	NA
229	17203	3	0.1285	0	NA
229	17224	1	2.64	0	NA
229	17224	2	3.16	0	NA
229	17224	3	0.1035	0	NA
229	17259	1	0.39	0	NA
229	17259	2	0.52	0	NA
229	17259	3	0.0646	0	NA
229	17301	1	0.51	0	NA
229	17301	2	0.54	0	NA
229	17301	3	0.086	0	NA
230	17701	1	NA	1	0.05
230	17701	2	0.13	0	NA
230	17701	3	0.2542	0	NA
230	17742	1	NA	1	0.05
230	17742	2	NA	1	0.1
230	17742	3	2.4439	0	NA
230	17764	1	0.05	0	NA
230	17764	2	0.38	0	NA
230	17764	3	0.9525	0	NA
230	17784	1	NA	1	0.05
230	17784	2	0.48	0	NA
230	17784	3	1.4013	0	NA
230	17875	1	0.13	0	NA
230	17875	2	NA	1	0.1
230	17875	3	0.3486	0	NA
231	16202	1	NA	1	0.1
231	16202	2	2.48	0	NA
231	16238	1	0.22	0	NA
231	16238	2	1.64	0	NA
231	16266	1	1	0	NA
231	16266	2	0.52	0	NA
231	16307	1	NA	1	0.1
231	16307	2	1.02	0	NA
231	16342	1	NA	1	0.1
231	16342	2	1.82	0	NA
231	16378	1	NA	1	0.1
231	16378	2	0.99	0	NA
232	16202	1	NA	1	0.1
232	16202	2	NA	1	0.1
232	16238	1	NA	1	0.1
232	16238	2	0.16	0	NA
232	16266	1	NA	1	0.1
232	16266	2	NA	1	0.1
232	16307	1	NA	1	0.1
232	16307	2	0.11	0	NA
232	16342	1	NA	1	0.1
232	16342	2	0.12	0	NA
232	16391	1	NA	1	0.1
232	16391	2	NA	1	0.1
233	16202	1	NA	1	0.1
233	16202	2	0.1	0	NA
233	16238	1	NA	1	0.1
233	16238	2	0.14	0	NA
233	16266	1	NA	1	0.1
233	16266	2	0.12	0	NA
233	16307	1	NA	1	0.1
233	16307	2	NA	1	0.1
233	16342	1	NA	1	0.1
233	16342	2	0.4	0	NA
233	16391	1	NA	1	0.1
233	16391	2	0.4	0	NA
234	16202	1	NA	1	0.1
234	16202	2	0.13	0	NA
234	16238	1	NA	1	0.1
234	16238	2	0.29	0	NA
234	16266	1	NA	1	0.1
234	16266	2	NA	1	0.1
234	16307	1	NA	1	0.1
234	16307	2	0.16	0	NA
234	16342	1	NA	1	0.1
234	16342	2	0.85	0	NA
234	16391	1	NA	1	0.1
234	16391	2	0.12	0	NA
235	16202	1	NA	1	0.1
235	16202	2	0.12	0	NA
235	16238	1	NA	1	0.1
235	16238	2	0.16	0	NA
235	16266	1	NA	1	0.1
235	16266	2	0.1	0	NA
235	16307	1	NA	1	0.1
235	16307	2	NA	1	0.1
235	16342	1	NA	1	0.1
235	16342	2	0.17	0	NA
235	16391	1	NA	1	0.1
235	16391	2	0.15	0	NA
236	16595	1	NA	1	0.05
236	16595	2	0.13	0	NA
236	16595	3	0.209	0	NA
236	16623	1	NA	1	0.05
236	16623	2	NA	1	0.1
236	16623	3	0.33	0	NA
236	16651	1	NA	1	0.05
236	16651	2	0.11	0	NA
236	16651	3	0.15	0	NA
236	16679	1	NA	1	0.05
236	16679	2	0.41	0	NA
236	16679	3	0.1439	0	NA
236	16714	1	NA	1	0.05
236	16714	2	0.11	0	NA
236	16714	3	0.11	0	NA
236	16743	1	NA	1	0.05
236	16743	2	NA	1	0.1
236	16743	3	0.11	0	NA
236	16770	1	0.08	0	NA
236	16770	2	1.78	0	NA
236	16770	3	0.08	0	NA
236	16812	1	0.09	0	NA
236	16812	2	1.21	0	NA
236	16812	3	0.1372	0	NA
236	16839	1	0.06	0	NA
236	16839	2	1.26	0	NA
236	16839	3	0.1111	0	NA
236	16868	1	0.05	0	NA
236	16868	2	0.51	0	NA
236	16868	3	0.1036	0	NA
236	16903	1	NA	1	0.05
236	16903	2	0.21	0	NA
236	16903	3	0.1145	0	NA
236	16931	1	0.06	0	NA
236	16931	2	0.14	0	NA
236	16931	3	0.106	0	NA
237	16595	1	NA	1	0.05
237	16595	2	0.1	0	NA
237	16595	3	0.084	0	NA
237	16623	1	NA	1	0.05
237	16623	2	NA	1	0.1
237	16623	3	0.0681	0	NA
237	16651	1	NA	1	0.05
237	16651	2	0.12	0	NA
237	16651	3	0.07	0	NA
237	16679	1	NA	1	0.05
237	16679	2	0.28	0	NA
237	16679	3	0.0856	0	NA
237	16713	1	NA	1	0.05
237	16713	2	NA	1	0.1
237	16713	3	0.07	0	NA
237	16743	1	NA	1	0.05
237	16743	2	NA	1	0.1
237	16743	3	0.06	0	NA
237	16770	1	0.23	0	NA
237	16770	2	2.04	0	NA
237	16770	3	0.07	0	NA
237	16812	1	0.06	0	NA
237	16812	2	2.65	0	NA
237	16812	3	0.0724	0	NA
237	16839	1	NA	1	0.05
237	16839	2	2.36	0	NA
237	16839	3	0.0827	0	NA
237	16868	1	0.08	0	NA
237	16868	2	3.21	0	NA
237	16868	3	0.0791	0	NA
237	16903	1	NA	1	0.05
237	16903	2	0.48	0	NA
237	16903	3	0.0725	0	NA
237	16931	1	0.12	0	NA
237	16931	2	0.11	0	NA
237	16931	3	0.0669	0	NA
238	16951	1	NA	1	0.05
238	16951	2	0.26	0	NA
238	16951	3	0.1977	0	NA
238	17015	1	0.28	0	NA
238	17015	2	NA	1	0.1
238	17015	3	0.2231	0	NA
238	17035	1	NA	1	0.05
238	17035	2	NA	1	0.1
238	17035	3	0.114	0	NA
238	17071	1	0.25	0	NA
238	17071	2	NA	1	0.1
238	17071	3	0.1072	0	NA
238	17098	1	0.44	0	NA
238	17098	2	0.17	0	NA
238	17098	3	0.0435	0	NA
238	17133	1	0.17	0	NA
238	17133	2	0.79	0	NA
238	17133	3	0.0589	0	NA
238	17217	1	NA	1	0.05
238	17217	2	0.13	0	NA
238	17217	3	0.1143	0	NA
238	17253	1	0.24	0	NA
238	17253	2	0.18	0	NA
238	17253	3	0.0578	0	NA
238	17275	1	0.05	0	NA
238	17275	2	0.26	0	NA
238	17275	3	0.11	0	NA
238	17302	1	0.07	0	NA
238	17302	2	0.29	0	NA
238	17302	3	0.101	0	NA
239	16951	1	0.3	0	NA
239	16951	2	0.51	0	NA
239	16951	3	0.0935	0	NA
239	17015	1	0.4	0	NA
239	17015	2	NA	1	0.1
239	17015	3	0.1546	0	NA
239	17035	1	NA	1	0.05
239	17035	2	0.15	0	NA
239	17035	3	0.0857	0	NA
239	17071	1	NA	1	0.05
239	17071	2	NA	1	0.1
239	17071	3	0.0748	0	NA
239	17098	1	NA	1	0.05
239	17098	2	0.1	0	NA
239	17098	3	0.0758	0	NA
239	17133	1	NA	1	0.05
239	17133	2	0.73	0	NA
239	17133	3	0.048	0	NA
239	17140	1	0.06	0	NA
239	17140	2	0.76	0	NA
239	17140	3	0.0994	0	NA
239	17217	1	NA	1	0.05
239	17217	2	0.61	0	NA
239	17217	3	0.056	0	NA
239	17253	1	0.35	0	NA
239	17253	2	0.25	0	NA
239	17253	3	0.056	0	NA
239	17275	1	0.24	0	NA
239	17275	2	1.28	0	NA
239	17275	3	0.139	0	NA
239	17302	1	0.1	0	NA
239	17302	2	0.32	0	NA
239	17302	3	0.037	0	NA
240	16951	1	0.11	0	NA
240	16951	2	0.16	0	NA
240	16951	3	0.1098	0	NA
240	17015	1	1.03	0	NA
240	17015	2	NA	1	0.1
240	17015	3	0.2142	0	NA
240	17035	1	0.11	0	NA
240	17035	2	0.17	0	NA
240	17035	3	0.1567	0	NA
240	17071	1	0.71	0	NA
240	17071	2	0.1	0	NA
240	17071	3	0.2862	0	NA
240	17098	1	0.2	0	NA
240	17098	2	0.7	0	NA
240	17098	3	0.0719	0	NA
240	17133	1	0.12	0	NA
240	17133	2	0.76	0	NA
240	17133	3	0.06	0	NA
240	17140	1	0.11	0	NA
240	17140	2	0.58	0	NA
240	17140	3	0.067	0	NA
240	17190	1	NA	1	0.05
240	17190	2	0.54	0	NA
240	17190	3	0.0301	0	NA
240	17217	1	NA	1	0.05
240	17217	2	0.12	0	NA
240	17217	3	0.0594	0	NA
240	17253	1	0.29	0	NA
240	17253	2	0.39	0	NA
240	17253	3	0.0651	0	NA
240	17275	1	0.1	0	NA
240	17275	2	0.31	0	NA
240	17275	3	0.128	0	NA
240	17302	1	0.24	0	NA
240	17302	2	0.34	0	NA
240	17302	3	0.056	0	NA
241	16951	1	0.08	0	NA
241	16951	2	NA	1	0.1
241	16951	3	0.0511	0	NA
241	17015	1	0.1	0	NA
241	17015	2	NA	1	0.1
241	17015	3	0.024	0	NA
241	17035	1	0.1	0	NA
241	17035	2	0.14	0	NA
241	17035	3	0.0427	0	NA
241	17217	1	0.05	0	NA
241	17217	2	0.27	0	NA
241	17217	3	0.0735	0	NA
241	17253	1	0.14	0	NA
241	17253	2	0.24	0	NA
241	17253	3	0.0228	0	NA
241	17275	1	NA	1	0.05
241	17275	2	NA	1	0.1
241	17275	3	0.021	0	NA
241	17302	1	0.08	0	NA
241	17302	2	0.26	0	NA
241	17302	3	NA	1	0.02
242	17343	1	NA	1	0.05
242	17343	2	0.21	0	NA
242	17343	3	0.043	0	NA
242	17371	1	0.11	0	NA
242	17371	2	0.18	0	NA
242	17371	3	0.07	0	NA
242	17385	1	0.61	0	NA
242	17385	2	0.24	0	NA
242	17385	3	0.145	0	NA
242	17413	1	NA	1	0.05
242	17413	2	0.12	0	NA
242	17413	3	0.021	0	NA
242	17441	1	0.06	0	NA
242	17441	2	0.16	0	NA
242	17441	3	0.036	0	NA
242	17476	1	0.05	0	NA
242	17476	2	0.24	0	NA
242	17476	3	0.037	0	NA
242	17539	1	0.55	0	NA
242	17539	2	0.56	0	NA
242	17539	3	0.0879	0	NA
242	17574	1	0.36	0	NA
242	17574	2	0.47	0	NA
242	17574	3	0.0669	0	NA
242	17595	1	0.66	0	NA
242	17595	2	0.59	0	NA
242	17595	3	0.124	0	NA
242	17637	1	NA	1	0.05
242	17637	2	0.15	0	NA
242	17637	3	0.0396	0	NA
242	17665	1	0.06	0	NA
242	17665	2	0.14	0	NA
242	17665	3	0.0491	0	NA
243	17343	1	NA	1	0.05
243	17343	2	0.25	0	NA
243	17343	3	0.402	0	NA
243	17371	1	0.05	0	NA
243	17371	2	0.14	0	NA
243	17371	3	0.307	0	NA
243	17385	1	0.13	0	NA
243	17385	2	0.16	0	NA
243	17385	3	0.193	0	NA
243	17413	1	0.06	0	NA
243	17413	2	0.2	0	NA
243	17413	3	0.1824	0	NA
243	17441	1	0.08	0	NA
243	17441	2	0.2	0	NA
243	17441	3	0.124	0	NA
243	17476	1	NA	1	0.05
243	17476	2	0.19	0	NA
243	17476	3	0.223	0	NA
243	17539	1	0.47	0	NA
243	17539	2	0.7	0	NA
243	17539	3	0.0932	0	NA
243	17574	1	0.39	0	NA
243	17574	2	0.56	0	NA
243	17574	3	0.1052	0	NA
243	17595	1	0.28	0	NA
243	17595	2	0.25	0	NA
243	17595	3	0.101	0	NA
243	17637	1	NA	1	0.05
243	17637	2	0.28	0	NA
243	17637	3	0.0943	0	NA
243	17665	1	NA	1	0.05
243	17665	2	0.11	0	NA
243	17665	3	0.0945	0	NA
244	17343	1	NA	1	0.05
244	17343	2	0.22	0	NA
244	17343	3	0.068	0	NA
244	17371	1	NA	1	0.05
244	17371	2	0.28	0	NA
244	17371	3	0.051	0	NA
244	17385	1	0.11	0	NA
244	17385	2	0.14	0	NA
244	17385	3	0.045	0	NA
244	17413	1	NA	1	0.05
244	17413	2	0.12	0	NA
244	17413	3	0.0502	0	NA
244	17441	1	0.05	0	NA
244	17441	2	0.14	0	NA
244	17441	3	0.037	0	NA
244	17476	1	NA	1	0.05
244	17476	2	0.13	0	NA
244	17476	3	0.025	0	NA
244	17539	1	0.18	0	NA
244	17539	2	0.41	0	NA
244	17539	3	0.1161	0	NA
244	17574	1	0.09	0	NA
244	17574	2	0.33	0	NA
244	17574	3	0.0408	0	NA
244	17595	1	0.18	0	NA
244	17595	2	0.3	0	NA
244	17595	3	0.053	0	NA
244	17637	1	NA	1	0.05
244	17637	2	0.17	0	NA
244	17637	3	0.0342	0	NA
244	17665	1	NA	1	0.05
244	17665	2	0.15	0	NA
244	17665	3	0.0512	0	NA
245	16216	1	0.22	0	NA
245	16216	2	0.18	0	NA
245	16274	1	NA	1	0.1
245	16274	2	0.14	0	NA
245	16307	1	NA	1	0.1
245	16307	2	0.11	0	NA
245	16335	1	NA	1	0.1
245	16335	2	0.22	0	NA
245	16371	1	NA	1	0.1
245	16371	2	NA	1	0.1
246	16594	1	0.1	0	NA
246	16594	2	0.23	0	NA
246	16594	3	0.026	0	NA
246	16713	1	0.06	0	NA
246	16713	2	0.15	0	NA
246	16713	3	0.06	0	NA
246	16742	1	NA	1	0.05
246	16742	2	NA	1	0.1
246	16742	3	0.02	0	NA
246	16805	1	NA	1	0.05
246	16805	2	0.12	0	NA
246	16805	3	NA	1	0.02
246	16832	1	0.05	0	NA
246	16832	2	0.2	0	NA
246	16832	3	NA	1	0.02
246	16867	1	0.05	0	NA
246	16867	2	0.22	0	NA
246	16867	3	NA	1	0.02
246	16902	1	0.07	0	NA
246	16902	2	0.43	0	NA
246	16902	3	0.0326	0	NA
246	16924	1	NA	1	0.05
246	16924	2	0.11	0	NA
246	16924	3	0.0264	0	NA
247	16182	1	NA	1	0.1
247	16182	2	0.28	0	NA
247	16224	1	NA	1	0.1
247	16224	2	0.22	0	NA
247	16251	1	NA	1	0.1
247	16251	2	0.19	0	NA
247	16286	1	NA	1	0.1
247	16286	2	0.28	0	NA
247	16321	1	0.21	0	NA
247	16321	2	0.3	0	NA
247	16363	1	0.11	0	NA
247	16363	2	0.43	0	NA
248	16182	1	NA	1	0.1
248	16182	2	0.16	0	NA
248	16224	1	NA	1	0.1
248	16224	2	NA	1	0.1
248	16251	1	NA	1	0.1
248	16251	2	0.13	0	NA
248	16286	1	NA	1	0.1
248	16286	2	0.18	0	NA
248	16321	1	NA	1	0.1
248	16321	2	0.4	0	NA
248	16363	1	NA	1	0.1
248	16363	2	0.13	0	NA
249	16182	1	NA	1	0.1
249	16182	2	0.19	0	NA
249	16224	1	NA	1	0.1
249	16224	2	0.1	0	NA
249	16251	1	NA	1	0.1
249	16251	2	0.12	0	NA
249	16286	1	NA	1	0.1
249	16286	2	NA	1	0.1
249	16321	1	NA	1	0.1
249	16321	2	0.28	0	NA
249	16363	1	NA	1	0.1
249	16363	2	0.17	0	NA
250	16182	1	NA	1	0.1
250	16182	2	0.13	0	NA
250	16224	1	NA	1	0.1
250	16224	2	0.13	0	NA
250	16251	1	NA	1	0.1
250	16251	2	0.21	0	NA
250	16286	1	NA	1	0.1
250	16286	2	0.14	0	NA
250	16321	1	0.1	0	NA
250	16321	2	0.47	0	NA
250	16363	1	NA	1	0.1
250	16363	2	0.12	0	NA
251	16182	1	NA	1	0.1
251	16182	2	0.19	0	NA
251	16224	1	NA	1	0.1
251	16224	2	0.14	0	NA
251	16251	1	NA	1	0.1
251	16251	2	0.1	0	NA
251	16286	1	NA	1	0.1
251	16286	2	0.15	0	NA
251	16321	1	NA	1	0.1
251	16321	2	0.3	0	NA
251	16363	1	NA	1	0.1
251	16363	2	0.21	0	NA
252	16182	1	NA	1	0.1
252	16182	2	0.42	0	NA
252	16224	1	NA	1	0.1
252	16224	2	0.82	0	NA
252	16251	1	0.21	0	NA
252	16251	2	0.23	0	NA
252	16286	1	NA	1	0.1
252	16286	2	0.38	0	NA
252	16321	1	NA	1	0.1
252	16321	2	0.27	0	NA
252	16363	1	NA	1	0.1
252	16363	2	0.16	0	NA
253	16188	1	NA	1	0.1
253	16188	2	0.41	0	NA
253	16224	1	NA	1	0.1
253	16224	2	NA	1	0.1
253	16251	1	NA	1	0.1
253	16251	2	0.11	0	NA
253	16286	1	NA	1	0.1
253	16286	2	0.19	0	NA
253	16321	1	0.1	0	NA
253	16321	2	1.21	0	NA
253	16363	1	NA	1	0.1
253	16363	2	0.44	0	NA
254	16601	1	0.07	0	NA
254	16601	2	0.22	0	NA
254	16601	3	0.037	0	NA
254	16631	1	NA	1	0.05
254	16631	2	0.12	0	NA
254	16631	3	0.053	0	NA
254	16659	1	NA	1	0.05
254	16659	2	0.19	0	NA
254	16659	3	0.2532	0	NA
254	16686	1	0.05	0	NA
254	16686	2	0.41	0	NA
254	16686	3	0.2159	0	NA
254	16847	1	NA	1	0.05
254	16847	2	3.13	0	NA
254	16847	3	0.1088	0	NA
254	16875	1	NA	1	0.05
254	16875	2	0.13	0	NA
254	16875	3	0.0551	0	NA
254	16910	1	NA	1	0.05
254	16910	2	0.1	0	NA
254	16910	3	0.0348	0	NA
254	16938	1	NA	1	0.05
254	16938	2	0.11	0	NA
254	16938	3	0.0441	0	NA
255	16603	1	NA	1	0.05
255	16603	2	NA	1	0.1
255	16603	3	0.12	0	NA
255	16631	1	NA	1	0.05
255	16631	2	0.16	0	NA
255	16631	3	0.135	0	NA
255	16659	1	NA	1	0.05
255	16659	2	0.14	0	NA
255	16659	3	0.3511	0	NA
255	16686	1	0.06	0	NA
255	16686	2	0.31	0	NA
255	16686	3	0.2484	0	NA
255	16721	1	NA	1	0.05
255	16721	2	0.24	0	NA
255	16721	3	0.11	0	NA
255	16748	1	NA	1	0.05
255	16748	2	0.21	0	NA
255	16748	3	0.1419	0	NA
255	16777	1	0.49	0	NA
255	16777	2	0.57	0	NA
255	16777	3	0.054	0	NA
255	16818	1	NA	1	0.05
255	16818	2	1.66	0	NA
255	16818	3	0.0601	0	NA
255	16847	1	NA	1	0.05
255	16847	2	0.16	0	NA
255	16847	3	0.0731	0	NA
255	16875	1	NA	1	0.05
255	16875	2	NA	1	0.1
255	16875	3	0.0882	0	NA
255	16910	1	0.32	0	NA
255	16910	2	0.21	0	NA
255	16910	3	0.1079	0	NA
255	16938	1	0.88	0	NA
255	16938	2	0.15	0	NA
255	16938	3	0.1949	0	NA
256	16603	1	0.13	0	NA
256	16603	2	0.23	0	NA
256	16603	3	0.28	0	NA
256	16631	1	0.06	0	NA
256	16631	2	13.03	0	NA
256	16631	3	0.319	0	NA
256	16659	1	0.1	0	NA
256	16659	2	0.29	0	NA
256	16659	3	0.5185	0	NA
256	16686	1	0.07	0	NA
256	16686	2	0.35	0	NA
256	16686	3	1.27	0	NA
256	16721	1	0.07	0	NA
256	16721	2	0.69	0	NA
256	16721	3	0.29	0	NA
256	16748	1	0.05	0	NA
256	16748	2	0.21	0	NA
256	16748	3	0.3012	0	NA
256	16777	1	0.12	0	NA
256	16777	2	0.9	0	NA
256	16777	3	0.118	0	NA
256	16818	1	0.07	0	NA
256	16818	2	1.94	0	NA
256	16818	3	0.1248	0	NA
256	16847	1	0.51	0	NA
256	16847	2	1.29	0	NA
256	16847	3	0.1657	0	NA
256	16875	1	0.06	0	NA
256	16875	2	2.96	0	NA
256	16875	3	0.0577	0	NA
256	16910	1	NA	1	0.05
256	16910	2	NA	1	0.1
256	16910	3	0.0413	0	NA
256	16938	1	0.09	0	NA
256	16938	2	0.12	0	NA
256	16938	3	0.0673	0	NA
257	16603	1	0.07	0	NA
257	16603	2	1.01	0	NA
257	16603	3	0.216	0	NA
257	16631	1	0.25	0	NA
257	16631	2	0.17	0	NA
257	16631	3	0.361	0	NA
257	16659	1	2.17	0	NA
257	16659	2	0.26	0	NA
257	16659	3	0.3369	0	NA
257	16686	1	0.72	0	NA
257	16686	2	1.67	0	NA
257	16686	3	0.1729	0	NA
257	16721	1	0.36	0	NA
257	16721	2	1.45	0	NA
257	16721	3	0.12	0	NA
257	16748	1	0.34	0	NA
257	16748	2	0.89	0	NA
257	16748	3	0.0908	0	NA
257	16777	1	0.12	0	NA
257	16777	2	1.88	0	NA
257	16777	3	0.084	0	NA
257	16818	1	NA	1	0.05
257	16818	2	1.99	0	NA
257	16818	3	0.0773	0	NA
257	16847	1	NA	1	0.05
257	16847	2	1.9	0	NA
257	16847	3	0.0701	0	NA
257	16875	1	0.32	0	NA
257	16875	2	0.8	0	NA
257	16875	3	0.2374	0	NA
257	16938	1	0.08	0	NA
257	16938	2	3.23	0	NA
257	16938	3	0.187	0	NA
258	16603	1	NA	1	0.05
258	16603	2	0.24	0	NA
258	16603	3	0.366	0	NA
258	16631	1	0.09	0	NA
258	16631	2	0.25	0	NA
258	16631	3	0.708	0	NA
258	16659	1	NA	1	0.05
258	16659	2	0.19	0	NA
258	16659	3	0.1465	0	NA
258	16686	1	NA	1	0.05
258	16686	2	0.3	0	NA
258	16686	3	0.1232	0	NA
258	16721	1	NA	1	0.05
258	16721	2	0.45	0	NA
258	16721	3	0.23	0	NA
258	16748	1	NA	1	0.05
258	16748	2	0.66	0	NA
258	16748	3	0.1179	0	NA
258	16777	1	0.57	0	NA
258	16777	2	3.62	0	NA
258	16777	3	0.187	0	NA
258	16818	1	NA	1	0.05
258	16818	2	0.42	0	NA
258	16818	3	0.0821	0	NA
258	16847	1	NA	1	0.05
258	16847	2	3.85	0	NA
258	16847	3	0.0638	0	NA
258	16875	1	0.07	0	NA
258	16875	2	0.24	0	NA
258	16875	3	0.0713	0	NA
258	16910	1	NA	1	0.05
258	16910	2	0.81	0	NA
258	16910	3	0.058	0	NA
258	16938	1	NA	1	0.05
258	16938	2	0.13	0	NA
258	16938	3	0.1398	0	NA
259	16603	1	NA	1	0.05
259	16603	2	0.16	0	NA
259	16603	3	0.057	0	NA
259	16631	1	NA	1	0.05
259	16631	2	0.42	0	NA
259	16631	3	0.047	0	NA
259	16659	1	NA	1	0.05
259	16659	2	2.73	0	NA
259	16659	3	0.0534	0	NA
259	16686	1	NA	1	0.05
259	16686	2	0.19	0	NA
259	16686	3	0.0551	0	NA
259	16721	1	0.19	0	NA
259	16721	2	0.56	0	NA
259	16721	3	0.04	0	NA
259	16748	1	NA	1	0.05
259	16748	2	NA	1	0.1
259	16748	3	0.0494	0	NA
259	16777	1	3.5	0	NA
259	16777	2	0.27	0	NA
259	16777	3	0.202	0	NA
259	16847	1	0.13	0	NA
259	16847	2	1.01	0	NA
259	16847	3	0.158	0	NA
259	16875	1	NA	1	0.05
259	16875	2	NA	1	0.1
259	16875	3	0.3988	0	NA
259	16910	1	NA	1	0.05
259	16910	2	NA	1	0.1
259	16910	3	0.0427	0	NA
259	16938	1	0.14	0	NA
259	16938	2	NA	1	0.1
259	16938	3	0.0989	0	NA
260	16966	1	0.09	0	NA
260	16966	2	0.41	0	NA
260	16966	3	0.0661	0	NA
260	17014	1	0.17	0	NA
260	17014	2	NA	1	0.1
260	17014	3	0.0514	0	NA
260	17042	1	NA	1	0.05
260	17042	2	NA	1	0.1
260	17042	3	0.0615	0	NA
260	17050	1	NA	1	0.05
260	17050	2	NA	1	0.1
260	17050	3	0.3306	0	NA
260	17211	1	NA	1	0.05
260	17211	2	1.76	0	NA
260	17211	3	0.0583	0	NA
260	17238	1	0.07	0	NA
260	17238	2	0.24	0	NA
260	17238	3	NA	1	0.02
260	17280	1	NA	1	0.05
260	17280	2	0.31	0	NA
260	17280	3	0.023	0	NA
260	17302	1	NA	1	0.05
260	17302	2	0.28	0	NA
260	17302	3	0.044	0	NA
261	16966	1	0.06	0	NA
261	16966	2	0.57	0	NA
261	16966	3	0.2507	0	NA
261	17014	1	0.15	0	NA
261	17014	2	NA	1	0.1
261	17014	3	0.165	0	NA
261	17042	1	NA	1	0.05
261	17042	2	0.12	0	NA
261	17042	3	0.2108	0	NA
261	17050	1	0.05	0	NA
261	17050	2	NA	1	0.1
261	17050	3	0.0707	0	NA
261	17099	1	0.06	0	NA
261	17099	2	0.1	0	NA
261	17099	3	0.0929	0	NA
261	17112	1	0.06	0	NA
261	17112	2	NA	1	0.1
261	17112	3	0.0814	0	NA
261	17134	1	NA	1	0.05
261	17134	2	0.12	0	NA
261	17134	3	0.0964	0	NA
261	17211	1	NA	1	0.05
261	17211	2	0.13	0	NA
261	17211	3	0.2236	0	NA
261	17238	1	NA	1	0.05
261	17238	2	0.2	0	NA
261	17238	3	0.1158	0	NA
261	17281	1	NA	1	0.05
261	17281	2	0.2	0	NA
261	17281	3	0.103	0	NA
261	17302	1	0.08	0	NA
261	17302	2	0.19	0	NA
261	17302	3	0.204	0	NA
262	16966	1	NA	1	0.05
262	16966	2	0.51	0	NA
262	16966	3	0.3911	0	NA
262	17014	1	0.11	0	NA
262	17014	2	NA	1	0.1
262	17014	3	0.248	0	NA
262	17042	1	NA	1	0.05
262	17042	2	NA	1	0.1
262	17042	3	0.1968	0	NA
262	17050	1	NA	1	0.05
262	17050	2	NA	1	0.1
262	17050	3	NA	1	0.02
262	17099	1	0.06	0	NA
262	17099	2	0.14	0	NA
262	17099	3	0.1137	0	NA
262	17112	1	0.07	0	NA
262	17112	2	0.22	0	NA
262	17112	3	0.1237	0	NA
262	17134	1	0.05	0	NA
262	17134	2	0.19	0	NA
262	17134	3	0.0854	0	NA
262	17211	1	NA	1	0.05
262	17211	2	0.12	0	NA
262	17211	3	0.3101	0	NA
262	17238	1	NA	1	0.05
262	17238	2	0.19	0	NA
262	17238	3	0.1309	0	NA
262	17281	1	0.05	0	NA
262	17281	2	0.28	0	NA
262	17281	3	0.098	0	NA
262	17302	1	0.08	0	NA
262	17302	2	0.39	0	NA
262	17302	3	0.152	0	NA
263	16958	1	0.06	0	NA
263	16958	2	0.33	0	NA
263	16958	3	0.0782	0	NA
263	17014	1	0.05	0	NA
263	17014	2	NA	1	0.1
263	17014	3	0.0411	0	NA
263	17042	1	NA	1	0.05
263	17042	2	NA	1	0.1
263	17042	3	0.0363	0	NA
263	17050	1	NA	1	0.05
263	17050	2	NA	1	0.1
263	17050	3	0.0744	0	NA
263	17211	1	0.1	0	NA
263	17211	2	4.57	0	NA
263	17211	3	0.1274	0	NA
263	17238	1	0.07	0	NA
263	17238	2	0.16	0	NA
263	17238	3	0.0237	0	NA
263	17280	1	NA	1	0.05
263	17280	2	0.15	0	NA
263	17280	3	0.022	0	NA
263	17302	1	0.07	0	NA
263	17302	2	0.83	0	NA
263	17302	3	0.027	0	NA
264	16958	1	NA	1	0.05
264	16958	2	0.41	0	NA
264	16958	3	0.0391	0	NA
264	17014	1	0.23	0	NA
264	17014	2	NA	1	0.1
264	17014	3	NA	1	0.02
264	17042	1	NA	1	0.05
264	17042	2	NA	1	0.1
264	17042	3	0.0287	0	NA
264	17050	1	NA	1	0.05
264	17050	2	NA	1	0.1
264	17050	3	0.0631	0	NA
264	17134	1	NA	1	0.05
264	17134	2	0.14	0	NA
264	17134	3	0.0272	0	NA
264	17211	1	0.06	0	NA
264	17211	2	1.99	0	NA
264	17211	3	0.0575	0	NA
264	17238	1	NA	1	0.05
264	17238	2	0.17	0	NA
264	17238	3	0.024	0	NA
264	17280	1	NA	1	0.05
264	17280	2	0.15	0	NA
264	17280	3	NA	1	0.02
264	17302	1	0.07	0	NA
264	17302	2	0.32	0	NA
264	17302	3	0.031	0	NA
265	16958	1	0.08	0	NA
265	16958	2	3.11	0	NA
265	16958	3	0.054	0	NA
265	17014	1	0.12	0	NA
265	17014	2	NA	1	0.1
265	17014	3	0.0325	0	NA
265	17042	1	NA	1	0.05
265	17042	2	NA	1	0.1
265	17042	3	0.0851	0	NA
265	17050	1	0.07	0	NA
265	17050	2	0.13	0	NA
265	17050	3	0.0647	0	NA
265	17211	1	2	0	NA
265	17211	2	4.01	0	NA
265	17211	3	0.1276	0	NA
265	17239	1	0.07	0	NA
265	17239	2	0.53	0	NA
265	17239	3	0.0606	0	NA
265	17280	1	0.05	0	NA
265	17280	2	0.23	0	NA
265	17280	3	0.046	0	NA
265	17302	1	NA	1	0.05
265	17302	2	0.19	0	NA
265	17302	3	0.05	0	NA
266	17700	1	0.08	0	NA
266	17700	2	0.5	0	NA
266	17700	3	0.2347	0	NA
266	17715	1	0.23	0	NA
266	17715	2	0.93	0	NA
266	17715	3	0.6396	0	NA
266	17812	1	1.74	0	NA
266	17812	2	0.84	0	NA
266	17812	3	0.0438	0	NA
266	17861	1	0.34	0	NA
266	17861	2	4.9	0	NA
266	17861	3	0.0492	0	NA
266	17875	1	0.98	0	NA
266	17875	2	11	0	NA
266	17875	3	0.132	0	NA
267	16972	1	0.11	0	NA
267	16972	2	0.93	0	NA
267	16972	3	0.0675	0	NA
267	17015	1	0.18	0	NA
267	17015	2	0.12	0	NA
267	17015	3	NA	1	0.02
267	17029	1	NA	1	0.05
267	17029	2	NA	1	0.1
267	17029	3	NA	1	0.02
267	17057	1	0.05	0	NA
267	17057	2	0.1	0	NA
267	17057	3	0.0615	0	NA
267	17084	1	0.05	0	NA
267	17084	2	0.39	0	NA
267	17084	3	0.061	0	NA
267	17126	1	NA	1	0.05
267	17126	2	1.2	0	NA
267	17126	3	0.0285	0	NA
267	17141	1	0.05	0	NA
267	17141	2	0.35	0	NA
267	17141	3	NA	1	0.02
267	17169	1	0.11	0	NA
267	17169	2	0.5	0	NA
267	17169	3	0.058	0	NA
267	17196	1	0.05	0	NA
267	17196	2	1.74	0	NA
267	17196	3	NA	1	0.02
267	17232	1	0.43	0	NA
267	17232	2	4.56	0	NA
267	17232	3	0.0676	0	NA
267	17259	1	0.1	0	NA
267	17259	2	3.66	0	NA
267	17259	3	NA	1	0.02
267	17301	1	0.13	0	NA
267	17301	2	3.57	0	NA
267	17301	3	0.02	0	NA
268	16959	1	0.13	0	NA
268	16959	2	0.71	0	NA
268	16959	3	0.0525	0	NA
268	17015	1	0.45	0	NA
268	17015	2	NA	1	0.1
268	17015	3	0.0642	0	NA
268	17042	1	0.05	0	NA
268	17042	2	0.1	0	NA
268	17042	3	0.0586	0	NA
268	17070	1	0.05	0	NA
268	17070	2	0.12	0	NA
268	17070	3	0.0476	0	NA
268	17099	1	0.13	0	NA
268	17099	2	0.13	0	NA
268	17099	3	0.0836	0	NA
268	17133	1	0.94	0	NA
268	17133	2	0.5	0	NA
268	17133	3	0.0719	0	NA
268	17168	1	1.25	0	NA
268	17168	2	1	0	NA
268	17168	3	0.0752	0	NA
268	17189	1	1.27	0	NA
268	17189	2	0.87	0	NA
268	17189	3	0.0755	0	NA
268	17210	1	0.93	0	NA
268	17210	2	1.19	0	NA
268	17210	3	0.0701	0	NA
268	17246	1	0.49	0	NA
268	17246	2	1.09	0	NA
268	17246	3	0.0398	0	NA
268	17280	1	0.06	0	NA
268	17280	2	0.29	0	NA
268	17280	3	0.056	0	NA
268	17316	1	0.09	0	NA
268	17316	2	0.47	0	NA
268	17316	3	0.103	0	NA
269	16959	1	0.07	0	NA
269	16959	2	0.42	0	NA
269	16959	3	0.0744	0	NA
269	17015	1	0.06	0	NA
269	17015	2	NA	1	0.1
269	17015	3	0.1548	0	NA
269	17042	1	NA	1	0.05
269	17042	2	NA	1	0.1
269	17042	3	0.1313	0	NA
269	17070	1	0.07	0	NA
269	17070	2	NA	1	0.1
269	17070	3	0.1924	0	NA
269	17099	1	1.6	0	NA
269	17099	2	0.17	0	NA
269	17099	3	0.2356	0	NA
269	17133	1	1.85	0	NA
269	17133	2	0.81	0	NA
269	17133	3	0.1857	0	NA
269	17168	1	1.38	0	NA
269	17168	2	0.81	0	NA
269	17168	3	0.154	0	NA
269	17189	1	0.81	0	NA
269	17189	2	1.12	0	NA
269	17189	3	0.2428	0	NA
269	17210	1	0.22	0	NA
269	17210	2	1.11	0	NA
269	17210	3	0.1598	0	NA
269	17246	1	0.77	0	NA
269	17246	2	0.44	0	NA
269	17246	3	0.0621	0	NA
269	17280	1	0.26	0	NA
269	17280	2	0.47	0	NA
269	17280	3	0.082	0	NA
269	17316	1	0.13	0	NA
269	17316	2	0.66	0	NA
269	17316	3	0.313	0	NA
270	17701	1	0.09	0	NA
270	17701	2	0.49	0	NA
270	17701	3	0.0999	0	NA
270	17742	1	NA	1	0.05
270	17742	2	0.17	0	NA
270	17742	3	0.0585	0	NA
270	17764	1	NA	1	0.05
270	17764	2	0.12	0	NA
270	17764	3	0.0362	0	NA
270	17784	1	0.08	0	NA
270	17784	2	0.2	0	NA
270	17784	3	0.0283	0	NA
270	17812	1	0.93	0	NA
270	17812	2	0.32	0	NA
270	17812	3	0.0992	0	NA
270	17861	1	2.63	0	NA
270	17861	2	0.54	0	NA
270	17861	3	0.1105	0	NA
270	17875	1	2.3	0	NA
270	17875	2	1.22	0	NA
270	17875	3	0.0877	0	NA
271	16972	1	0.31	0	NA
271	16972	2	1.23	0	NA
271	16972	3	NA	1	0.02
271	17014	1	0.17	0	NA
271	17014	2	0.11	0	NA
271	17014	3	0.0458	0	NA
271	17030	1	NA	1	0.05
271	17030	2	NA	1	0.1
271	17030	3	0.0577	0	NA
271	17126	1	4.98	0	NA
271	17126	2	0.62	0	NA
271	17126	3	0.0808	0	NA
271	17182	1	3.32	0	NA
271	17182	2	1.01	0	NA
271	17182	3	0.0333	0	NA
271	17210	1	3.04	0	NA
271	17210	2	1.26	0	NA
271	17210	3	0.0618	0	NA
271	17231	1	2.88	0	NA
271	17231	2	0.75	0	NA
271	17231	3	0.0313	0	NA
271	17280	1	0.12	0	NA
271	17280	2	0.53	0	NA
271	17280	3	0.022	0	NA
271	17294	1	0.35	0	NA
271	17294	2	0.86	0	NA
271	17294	3	0.035	0	NA
272	17336	1	0.1	0	NA
272	17336	2	0.42	0	NA
272	17336	3	0.064	0	NA
272	17351	1	0.07	0	NA
272	17351	2	0.47	0	NA
272	17351	3	0.1414	0	NA
272	17386	1	0.09	0	NA
272	17386	2	0.36	0	NA
272	17386	3	0.042	0	NA
272	17434	1	0.05	0	NA
272	17434	2	0.31	0	NA
272	17434	3	0.026	0	NA
272	17448	1	0.12	0	NA
272	17448	2	0.52	0	NA
272	17448	3	0.0281	0	NA
272	17490	1	0.21	0	NA
272	17490	2	0.37	0	NA
272	17490	3	0.0294	0	NA
272	17533	1	0.74	0	NA
272	17533	2	0.41	0	NA
272	17533	3	0.1299	0	NA
272	17560	1	0.56	0	NA
272	17560	2	0.42	0	NA
272	17560	3	NA	1	0.02
272	17602	1	NA	1	0.05
272	17602	2	0.25	0	NA
272	17602	3	0.025	0	NA
272	17624	1	NA	1	0.05
272	17624	2	0.2	0	NA
272	17624	3	0.037	0	NA
272	17673	1	0.07	0	NA
272	17673	2	0.28	0	NA
272	17673	3	0.0314	0	NA
273	16566	1	0.13	0	NA
273	16566	2	2.09	0	NA
273	16566	3	NA	1	0.02
273	16587	1	0.09	0	NA
273	16587	2	2.12	0	NA
273	16587	3	NA	1	0.02
273	16615	1	NA	1	0.05
273	16615	2	1.87	0	NA
273	16615	3	NA	1	0.02
273	16643	1	0.05	0	NA
273	16643	2	1.54	0	NA
273	16643	3	0.032	0	NA
273	16671	1	NA	1	0.05
273	16671	2	1.21	0	NA
273	16671	3	NA	1	0.02
273	16698	1	NA	1	0.05
273	16698	2	1.17	0	NA
273	16698	3	0.0203	0	NA
273	16734	1	0.06	0	NA
273	16734	2	0.87	0	NA
273	16734	3	NA	1	0.02
273	16762	1	0.06	0	NA
273	16762	2	1.06	0	NA
273	16762	3	NA	1	0.02
274	16972	1	NA	1	0.05
274	16972	2	0.26	0	NA
274	16972	3	NA	1	0.02
274	17014	1	0.17	0	NA
274	17014	2	0.15	0	NA
274	17014	3	NA	1	0.02
274	17030	1	NA	1	0.05
274	17030	2	NA	1	0.1
274	17030	3	0.0421	0	NA
274	17064	1	NA	1	0.05
274	17064	2	0.13	0	NA
274	17064	3	0.0584	0	NA
274	17092	1	0.05	0	NA
274	17092	2	0.16	0	NA
274	17092	3	NA	1	0.02
274	17126	1	0.16	0	NA
274	17126	2	0.95	0	NA
274	17126	3	0.0311	0	NA
274	17140	1	0.09	0	NA
274	17140	2	0.19	0	NA
274	17140	3	NA	1	0.02
274	17182	1	0.17	0	NA
274	17182	2	1.41	0	NA
274	17182	3	0.0326	0	NA
274	17210	1	NA	1	0.05
274	17210	2	1.37	0	NA
274	17210	3	0.0316	0	NA
274	17231	1	NA	1	0.05
274	17231	2	1.09	0	NA
274	17231	3	0.0379	0	NA
274	17274	1	NA	1	0.05
274	17274	2	0.22	0	NA
274	17274	3	0.045	0	NA
274	17294	1	0.08	0	NA
274	17294	2	0.22	0	NA
274	17294	3	NA	1	0.02
275	16188	1	0.16	0	NA
275	16188	2	0.22	0	NA
275	16224	1	0.11	0	NA
275	16224	2	0.42	0	NA
275	16252	1	NA	1	0.1
275	16252	2	0.22	0	NA
275	16287	1	NA	1	0.1
275	16287	2	0.27	0	NA
275	16322	1	NA	1	0.1
275	16322	2	0.35	0	NA
275	16364	1	NA	1	0.1
275	16364	2	0.37	0	NA
276	16587	1	NA	1	0.05
276	16587	2	0.13	0	NA
276	16587	3	0.0756	0	NA
276	16615	1	NA	1	0.05
276	16615	2	1.59	0	NA
276	16615	3	0.0747	0	NA
276	16643	1	0.05	0	NA
276	16643	2	0.19	0	NA
276	16643	3	0.087	0	NA
276	16672	1	0.08	0	NA
276	16672	2	0.18	0	NA
276	16672	3	0.0692	0	NA
276	16698	1	1.29	0	NA
276	16698	2	0.36	0	NA
276	16698	3	0.0918	0	NA
276	16734	1	1.26	0	NA
276	16734	2	0.14	0	NA
276	16734	3	0.06	0	NA
276	16840	1	0.6	0	NA
276	16840	2	2.46	0	NA
276	16840	3	0.1163	0	NA
276	16868	1	0.13	0	NA
276	16868	2	1.5	0	NA
276	16868	3	0.0956	0	NA
276	16916	1	0.44	0	NA
276	16916	2	0.17	0	NA
276	16916	3	0.1251	0	NA
276	16945	1	0.09	0	NA
276	16945	2	0.13	0	NA
276	16945	3	0.0975	0	NA
277	16587	1	NA	1	0.05
277	16587	2	0.14	0	NA
277	16587	3	0.0784	0	NA
277	16615	1	0.06	0	NA
277	16615	2	0.39	0	NA
277	16615	3	0.1172	0	NA
277	16643	1	0.08	0	NA
277	16643	2	0.2	0	NA
277	16643	3	0.078	0	NA
277	16672	1	0.08	0	NA
277	16672	2	0.19	0	NA
277	16672	3	0.1687	0	NA
277	16698	1	NA	1	0.05
277	16698	2	NA	1	0.1
277	16698	3	0.1104	0	NA
277	16734	1	0.05	0	NA
277	16734	2	0.2	0	NA
277	16734	3	0.17	0	NA
277	16840	1	0.25	0	NA
277	16840	2	1.58	0	NA
277	16840	3	0.0971	0	NA
277	16868	1	0.15	0	NA
277	16868	2	1.37	0	NA
277	16868	3	0.0864	0	NA
277	16916	1	NA	1	0.05
277	16916	2	NA	1	0.1
277	16916	3	0.0836	0	NA
277	16945	1	NA	1	0.05
277	16945	2	0.13	0	NA
277	16945	3	0.1268	0	NA
278	16959	1	0.33	0	NA
278	16959	2	2.42	0	NA
278	16959	3	0.1389	0	NA
278	16979	1	0.08	0	NA
278	16979	2	0.2	0	NA
278	16979	3	0.1438	0	NA
278	17022	1	0.23	0	NA
278	17022	2	NA	1	0.1
278	17022	3	0.1616	0	NA
278	17211	1	0.22	0	NA
278	17211	2	1.39	0	NA
278	17211	3	0.1168	0	NA
278	17254	1	0.07	0	NA
278	17254	2	0.21	0	NA
278	17254	3	0.0326	0	NA
278	17274	1	0.06	0	NA
278	17274	2	0.28	0	NA
278	17274	3	0.033	0	NA
278	17294	1	0.18	0	NA
278	17294	2	0.41	0	NA
278	17294	3	0.143	0	NA
279	16959	1	0.06	0	NA
279	16959	2	0.71	0	NA
279	16959	3	0.0375	0	NA
279	16979	1	NA	1	0.05
279	16979	2	NA	1	0.1
279	16979	3	NA	1	0.02
279	17022	1	0.14	0	NA
279	17022	2	0.11	0	NA
279	17022	3	0.0303	0	NA
279	17211	1	NA	1	0.05
279	17211	2	0.12	0	NA
279	17211	3	NA	1	0.02
279	17254	1	NA	1	0.05
279	17254	2	0.2	0	NA
279	17254	3	NA	1	0.02
279	17274	1	NA	1	0.05
279	17274	2	0.17	0	NA
279	17274	3	NA	1	0.02
279	17294	1	0.06	0	NA
279	17294	2	0.25	0	NA
279	17294	3	NA	1	0.02
280	17700	1	0.08	0	NA
280	17700	2	0.52	0	NA
280	17700	3	0.4093	0	NA
280	17715	1	0.89	0	NA
280	17715	2	0.77	0	NA
280	17715	3	0.4672	0	NA
281	16965	1	0.27	0	NA
281	16965	2	1.07	0	NA
281	16965	3	0.0798	0	NA
281	16986	1	0.25	0	NA
281	16986	2	0.6	0	NA
281	16986	3	NA	1	0.02
281	17029	1	0.13	0	NA
281	17029	2	1.21	0	NA
281	17029	3	NA	1	0.02
281	17063	1	NA	1	0.05
281	17063	2	0.53	0	NA
281	17063	3	NA	1	0.02
281	17091	1	NA	1	0.05
281	17091	2	2.4	0	NA
281	17091	3	NA	1	0.02
281	17126	1	0.05	0	NA
281	17126	2	5.55	0	NA
281	17126	3	NA	1	0.02
281	17140	1	0.06	0	NA
281	17140	2	7.59	0	NA
281	17140	3	NA	1	0.02
281	17175	1	0.05	0	NA
281	17175	2	7.13	0	NA
281	17175	3	NA	1	0.02
281	17203	1	NA	1	0.05
281	17203	2	8.02	0	NA
281	17203	3	NA	1	0.02
281	17224	1	0.05	0	NA
281	17224	2	4.34	0	NA
281	17224	3	NA	1	0.02
281	17259	1	0.09	0	NA
281	17259	2	1.46	0	NA
281	17259	3	NA	1	0.02
281	17301	1	0.08	0	NA
281	17301	2	0.64	0	NA
281	17301	3	0.021	0	NA
282	16216	1	NA	1	0.1
282	16216	2	0.21	0	NA
282	16245	1	NA	1	0.1
282	16245	2	0.6	0	NA
282	16274	1	0.38	0	NA
282	16274	2	0.19	0	NA
282	16307	1	NA	1	0.1
282	16307	2	0.25	0	NA
282	16336	1	0.23	0	NA
282	16336	2	0.81	0	NA
282	16377	1	NA	1	0.1
282	16377	2	0.14	0	NA
283	16188	1	0.69	0	NA
283	16188	2	0.17	0	NA
283	16232	1	NA	1	0.1
283	16232	2	0.35	0	NA
283	16258	1	0.13	0	NA
283	16258	2	3.19	0	NA
283	16293	1	NA	1	0.1
283	16293	2	1.94	0	NA
283	16328	1	NA	1	0.1
283	16328	2	3.45	0	NA
283	16371	1	0.16	0	NA
283	16371	2	4.47	0	NA
284	16188	1	0.14	0	NA
284	16188	2	5.8	0	NA
284	16232	1	0.18	0	NA
284	16232	2	4.26	0	NA
284	16258	1	NA	1	0.1
284	16258	2	0.12	0	NA
284	16293	1	NA	1	0.1
284	16293	2	0.12	0	NA
284	16328	1	NA	1	0.1
284	16328	2	0.11	0	NA
284	16371	1	NA	1	0.1
284	16371	2	0.12	0	NA
285	16581	1	NA	1	0.05
285	16581	2	0.28	0	NA
285	16581	3	NA	1	0.02
285	16609	1	0.06	0	NA
285	16609	2	0.17	0	NA
285	16609	3	NA	1	0.02
285	16636	1	NA	1	0.05
285	16636	2	NA	1	0.1
285	16636	3	NA	1	0.02
285	16665	1	NA	1	0.05
285	16665	2	0.28	0	NA
285	16665	3	NA	1	0.02
285	16693	1	NA	1	0.05
285	16693	2	0.52	0	NA
285	16693	3	NA	1	0.02
285	16727	1	0.15	0	NA
285	16727	2	1.6	0	NA
285	16727	3	0.04	0	NA
285	16755	1	0.14	0	NA
285	16755	2	0.67	0	NA
285	16755	3	NA	1	0.02
285	16832	1	NA	1	0.05
285	16832	2	1.22	0	NA
285	16832	3	NA	1	0.02
285	16853	1	0.07	0	NA
285	16853	2	0.86	0	NA
285	16853	3	NA	1	0.02
285	16909	1	0.05	0	NA
285	16909	2	0.41	0	NA
285	16909	3	NA	1	0.02
285	16945	1	0.05	0	NA
285	16945	2	0.32	0	NA
285	16945	3	0.0207	0	NA
286	16951	1	NA	1	0.05
286	16951	2	0.3	0	NA
286	16951	3	0.0213	0	NA
286	16979	1	NA	1	0.05
286	16979	2	NA	1	0.1
286	16979	3	NA	1	0.02
286	17021	1	0.08	0	NA
286	17021	2	NA	1	0.1
286	17021	3	0.0237	0	NA
286	17063	1	NA	1	0.05
286	17063	2	NA	1	0.1
286	17063	3	0.0216	0	NA
286	17092	1	NA	1	0.05
286	17092	2	0.11	0	NA
286	17092	3	NA	1	0.02
286	17112	1	0.05	0	NA
286	17112	2	NA	1	0.1
286	17112	3	NA	1	0.02
286	17140	1	0.12	0	NA
286	17140	2	0.22	0	NA
286	17140	3	NA	1	0.02
286	17183	1	0.06	0	NA
286	17183	2	0.34	0	NA
286	17183	3	NA	1	0.02
286	17210	1	NA	1	0.05
286	17210	2	0.18	0	NA
286	17210	3	NA	1	0.02
286	17254	1	0.06	0	NA
286	17254	2	0.26	0	NA
286	17254	3	NA	1	0.02
286	17274	1	0.05	0	NA
286	17274	2	0.22	0	NA
286	17274	3	NA	1	0.02
286	17294	1	NA	1	0.05
286	17294	2	0.2	0	NA
286	17294	3	NA	1	0.02
287	16951	1	0.36	0	NA
287	16951	2	1.37	0	NA
287	16951	3	0.0304	0	NA
287	16979	1	0.1	0	NA
287	16979	2	1	0	NA
287	16979	3	NA	1	0.02
287	17021	1	0.15	0	NA
287	17021	2	0.71	0	NA
287	17021	3	NA	1	0.02
287	17063	1	0.2	0	NA
287	17063	2	0.39	0	NA
287	17063	3	NA	1	0.02
287	17092	1	0.45	0	NA
287	17092	2	1.52	0	NA
287	17092	3	NA	1	0.02
287	17112	1	0.3	0	NA
287	17112	2	2.18	0	NA
287	17112	3	NA	1	0.02
287	17140	1	0.33	0	NA
287	17140	2	2.89	0	NA
287	17140	3	NA	1	0.02
287	17183	1	0.63	0	NA
287	17183	2	2.88	0	NA
287	17183	3	NA	1	0.02
287	17210	1	0.24	0	NA
287	17210	2	5.9	0	NA
287	17210	3	NA	1	0.02
287	17254	1	0.26	0	NA
287	17254	2	3.34	0	NA
287	17254	3	NA	1	0.02
287	17274	1	0.23	0	NA
287	17274	2	3.69	0	NA
287	17274	3	NA	1	0.02
287	17294	1	0.28	0	NA
287	17294	2	3.28	0	NA
287	17294	3	NA	1	0.02
288	17343	1	NA	1	0.05
288	17343	2	0.24	0	NA
288	17343	3	0.03	0	NA
288	17371	1	NA	1	0.05
288	17371	2	0.29	0	NA
288	17371	3	0.032	0	NA
288	17385	1	0.08	0	NA
288	17385	2	0.35	0	NA
288	17385	3	0.096	0	NA
288	17413	1	NA	1	0.05
288	17413	2	0.22	0	NA
288	17413	3	0.0305	0	NA
288	17441	1	0.08	0	NA
288	17441	2	0.33	0	NA
288	17441	3	NA	1	0.02
288	17476	1	NA	1	0.05
288	17476	2	0.11	0	NA
288	17476	3	NA	1	0.02
288	17539	1	NA	1	0.05
288	17539	2	0.13	0	NA
288	17539	3	NA	1	0.02
288	17574	1	NA	1	0.05
288	17574	2	0.12	0	NA
288	17574	3	NA	1	0.02
288	17595	1	0.1	0	NA
288	17595	2	0.12	0	NA
288	17595	3	NA	1	0.02
288	17637	1	NA	1	0.05
288	17637	2	0.18	0	NA
288	17637	3	NA	1	0.02
288	17665	1	NA	1	0.05
288	17665	2	0.18	0	NA
288	17665	3	0.0287	0	NA
289	17343	1	0.05	0	NA
289	17343	2	0.37	0	NA
289	17343	3	NA	1	0.02
289	17371	1	0.06	0	NA
289	17371	2	0.18	0	NA
289	17371	3	NA	1	0.02
289	17385	1	0.08	0	NA
289	17385	2	0.25	0	NA
289	17385	3	NA	1	0.02
289	17413	1	NA	1	0.05
289	17413	2	0.17	0	NA
289	17413	3	NA	1	0.02
289	17441	1	0.05	0	NA
289	17441	2	0.22	0	NA
289	17441	3	NA	1	0.02
289	17476	1	NA	1	0.05
289	17476	2	0.19	0	NA
289	17476	3	NA	1	0.02
289	17539	1	NA	1	0.05
289	17539	2	0.64	0	NA
289	17539	3	NA	1	0.02
289	17574	1	0.08	0	NA
289	17574	2	0.86	0	NA
289	17574	3	NA	1	0.02
289	17595	1	0.06	0	NA
289	17595	2	0.54	0	NA
289	17595	3	NA	1	0.02
289	17637	1	NA	1	0.05
289	17637	2	0.25	0	NA
289	17637	3	NA	1	0.02
289	17665	1	NA	1	0.05
289	17665	2	0.17	0	NA
289	17665	3	NA	1	0.02
290	16951	1	0.14	0	NA
290	16951	2	0.46	0	NA
290	16951	3	0.0317	0	NA
290	16979	1	NA	1	0.05
290	16979	2	NA	1	0.1
290	16979	3	0.0219	0	NA
290	17021	1	0.05	0	NA
290	17021	2	NA	1	0.1
290	17021	3	0.0228	0	NA
290	17063	1	NA	1	0.05
290	17063	2	0.15	0	NA
290	17063	3	0.0381	0	NA
290	17092	1	NA	1	0.05
290	17092	2	0.11	0	NA
290	17092	3	NA	1	0.02
290	17112	1	0.05	0	NA
290	17112	2	NA	1	0.1
290	17112	3	0.0202	0	NA
290	17183	1	0.1	0	NA
290	17183	2	0.75	0	NA
290	17183	3	NA	1	0.02
290	17211	1	0.08	0	NA
290	17211	2	0.59	0	NA
290	17211	3	0.0476	0	NA
290	17254	1	0.15	0	NA
290	17254	2	0.69	0	NA
290	17254	3	0.0209	0	NA
290	17274	1	0.08	0	NA
290	17274	2	0.43	0	NA
290	17274	3	0.04	0	NA
290	17294	1	0.18	0	NA
290	17294	2	0.85	0	NA
290	17294	3	0.038	0	NA
291	16951	1	0.05	0	NA
291	16951	2	3.36	0	NA
291	16951	3	0.0301	0	NA
291	16979	1	NA	1	0.05
291	16979	2	NA	1	0.1
291	16979	3	0.0314	0	NA
291	17021	1	0.09	0	NA
291	17021	2	NA	1	0.1
291	17021	3	NA	1	0.02
291	17112	1	0.07	0	NA
291	17112	2	0.13	0	NA
291	17112	3	NA	1	0.02
291	17140	1	0.15	0	NA
291	17140	2	0.38	0	NA
291	17140	3	0.0268	0	NA
291	17183	1	0.11	0	NA
291	17183	2	0.52	0	NA
291	17183	3	0.0435	0	NA
291	17211	1	0.09	0	NA
291	17211	2	0.55	0	NA
291	17211	3	NA	1	0.02
291	17254	1	0.14	0	NA
291	17254	2	0.41	0	NA
291	17254	3	0.02	0	NA
291	17274	1	0.07	0	NA
291	17274	2	0.32	0	NA
291	17274	3	NA	1	0.02
291	17294	1	0.15	0	NA
291	17294	2	0.45	0	NA
291	17294	3	0.025	0	NA
292	17343	1	0.06	0	NA
292	17343	2	0.3	0	NA
292	17343	3	NA	1	0.02
292	17371	1	0.06	0	NA
292	17371	2	0.28	0	NA
292	17371	3	NA	1	0.02
292	17385	1	0.09	0	NA
292	17385	2	0.26	0	NA
292	17385	3	NA	1	0.02
292	17413	1	NA	1	0.05
292	17413	2	0.26	0	NA
292	17413	3	NA	1	0.02
292	17441	1	0.11	0	NA
292	17441	2	0.48	0	NA
292	17441	3	NA	1	0.02
292	17476	1	0.09	0	NA
292	17476	2	0.29	0	NA
292	17476	3	NA	1	0.02
292	17539	1	NA	1	0.05
292	17539	2	0.18	0	NA
292	17539	3	NA	1	0.02
292	17574	1	0.15	0	NA
292	17574	2	0.14	0	NA
292	17574	3	NA	1	0.02
292	17595	1	NA	1	0.05
292	17595	2	0.34	0	NA
292	17595	3	NA	1	0.02
292	17637	1	NA	1	0.05
292	17637	2	0.28	0	NA
292	17637	3	NA	1	0.02
292	17665	1	NA	1	0.05
292	17665	2	0.23	0	NA
292	17665	3	NA	1	0.02
293	17344	1	0.07	0	NA
293	17344	2	0.28	0	NA
293	17344	3	0.17	0	NA
293	17371	1	NA	1	0.05
293	17371	2	0.37	0	NA
293	17371	3	0.15	0	NA
293	17385	1	0.14	0	NA
293	17385	2	0.35	0	NA
293	17385	3	0.132	0	NA
293	17413	1	NA	1	0.05
293	17413	2	0.29	0	NA
293	17413	3	0.0902	0	NA
293	17441	1	0.12	0	NA
293	17441	2	0.59	0	NA
293	17441	3	0.09	0	NA
293	17476	1	0.18	0	NA
293	17476	2	0.41	0	NA
293	17476	3	0.174	0	NA
293	17504	1	NA	1	0.05
293	17504	2	0.26	0	NA
293	17504	3	0.1718	0	NA
293	17539	1	NA	1	0.05
293	17539	2	0.26	0	NA
293	17539	3	0.1727	0	NA
293	17574	1	0.09	0	NA
293	17574	2	0.41	0	NA
293	17574	3	0.2043	0	NA
293	17595	1	0.33	0	NA
293	17595	2	0.23	0	NA
293	17595	3	0.193	0	NA
293	17637	1	0.05	0	NA
293	17637	2	0.33	0	NA
293	17637	3	0.1326	0	NA
293	17665	1	NA	1	0.05
293	17665	2	0.2	0	NA
293	17665	3	0.097	0	NA
294	17344	1	0.06	0	NA
294	17344	2	0.24	0	NA
294	17344	3	0.166	0	NA
294	17371	1	NA	1	0.05
294	17371	2	0.23	0	NA
294	17371	3	0.119	0	NA
294	17385	1	0.08	0	NA
294	17385	2	0.26	0	NA
294	17385	3	0.159	0	NA
294	17413	1	NA	1	0.05
294	17413	2	0.24	0	NA
294	17413	3	0.0748	0	NA
294	17441	1	0.16	0	NA
294	17441	2	0.41	0	NA
294	17441	3	0.052	0	NA
294	17476	1	0.05	0	NA
294	17476	2	0.21	0	NA
294	17476	3	0.03	0	NA
294	17504	1	NA	1	0.05
294	17504	2	0.23	0	NA
294	17504	3	0.0608	0	NA
294	17539	1	NA	1	0.05
294	17539	2	0.2	0	NA
294	17539	3	0.0743	0	NA
294	17574	1	NA	1	0.05
294	17574	2	0.21	0	NA
294	17574	3	0.0991	0	NA
294	17595	1	0.13	0	NA
294	17595	2	0.35	0	NA
294	17595	3	0.107	0	NA
294	17637	1	NA	1	0.05
294	17637	2	0.27	0	NA
294	17637	3	0.0788	0	NA
294	17665	1	NA	1	0.05
294	17665	2	0.17	0	NA
294	17665	3	0.1144	0	NA
295	17700	1	NA	1	0.05
295	17700	2	0.17	0	NA
295	17700	3	0.1493	0	NA
295	17715	1	0.05	0	NA
295	17715	2	0.37	0	NA
295	17715	3	0.0394	0	NA
295	17749	1	NA	1	0.05
295	17749	2	0.18	0	NA
295	17749	3	0.161	0	NA
295	17784	1	0.09	0	NA
295	17784	2	0.16	0	NA
295	17784	3	0.0375	0	NA
295	17812	1	0.22	0	NA
295	17812	2	0.27	0	NA
295	17812	3	0.0368	0	NA
295	17861	1	1.17	0	NA
295	17861	2	1.29	0	NA
295	17861	3	0.0444	0	NA
295	17875	1	0.27	0	NA
295	17875	2	2.14	0	NA
295	17875	3	0.1272	0	NA
296	16973	1	NA	1	0.05
296	16973	2	0.36	0	NA
296	16973	3	NA	1	0.02
296	17014	1	0.18	0	NA
296	17014	2	NA	1	0.1
296	17014	3	0.0272	0	NA
296	17029	1	NA	1	0.05
296	17029	2	NA	1	0.1
296	17029	3	0.0326	0	NA
296	17063	1	NA	1	0.05
296	17063	2	NA	1	0.1
296	17063	3	0.0325	0	NA
296	17091	1	NA	1	0.05
296	17091	2	0.1	0	NA
296	17091	3	0.022	0	NA
296	17126	1	NA	1	0.05
296	17126	2	0.19	0	NA
296	17126	3	0.0334	0	NA
296	17140	1	NA	1	0.05
296	17140	2	0.23	0	NA
296	17140	3	0.0303	0	NA
296	17175	1	NA	1	0.05
296	17175	2	0.37	0	NA
296	17175	3	0.0353	0	NA
296	17196	1	0.06	0	NA
296	17196	2	2.94	0	NA
296	17196	3	0.0307	0	NA
296	17224	1	NA	1	0.05
296	17224	2	0.16	0	NA
296	17224	3	0.0227	0	NA
296	17259	1	0.05	0	NA
296	17259	2	0.37	0	NA
296	17259	3	0.0355	0	NA
296	17301	1	0.07	0	NA
296	17301	2	0.38	0	NA
296	17301	3	0.048	0	NA
297	17701	1	0.12	0	NA
297	17701	2	0.62	0	NA
297	17701	3	0.0751	0	NA
297	17875	1	0.18	0	NA
297	17875	2	0.3	0	NA
297	17875	3	0.0655	0	NA
298	16972	1	NA	1	0.05
298	16972	2	0.54	0	NA
298	16972	3	NA	1	0.02
298	17014	1	0.07	0	NA
298	17014	2	0.11	0	NA
298	17014	3	NA	1	0.02
298	17030	1	NA	1	0.05
298	17030	2	NA	1	0.1
298	17030	3	NA	1	0.02
298	17064	1	NA	1	0.05
298	17064	2	0.13	0	NA
298	17064	3	NA	1	0.02
298	17092	1	NA	1	0.05
298	17092	2	NA	1	0.1
298	17092	3	NA	1	0.02
298	17126	1	0.08	0	NA
298	17126	2	0.44	0	NA
298	17126	3	NA	1	0.02
298	17140	1	0.11	0	NA
298	17140	2	0.29	0	NA
298	17140	3	NA	1	0.02
298	17182	1	0.1	0	NA
298	17182	2	0.47	0	NA
298	17182	3	NA	1	0.02
298	17210	1	0.07	0	NA
298	17210	2	1.36	0	NA
298	17210	3	NA	1	0.02
298	17231	1	0.07	0	NA
298	17231	2	0.54	0	NA
298	17231	3	NA	1	0.02
298	17274	1	0.07	0	NA
298	17274	2	0.5	0	NA
298	17274	3	NA	1	0.02
298	17294	1	0.08	0	NA
298	17294	2	0.64	0	NA
298	17294	3	NA	1	0.02
299	16196	1	NA	1	0.1
299	16196	2	0.31	0	NA
299	16237	1	NA	1	0.1
299	16237	2	0.28	0	NA
299	16265	1	NA	1	0.1
299	16265	2	NA	1	0.1
299	16301	1	NA	1	0.1
299	16301	2	0.24	0	NA
299	16336	1	0.26	0	NA
299	16336	2	0.9	0	NA
299	16378	1	NA	1	0.1
299	16378	2	0.16	0	NA
300	16196	1	NA	1	0.1
300	16196	2	0.19	0	NA
300	16237	1	0.39	0	NA
300	16237	2	0.42	0	NA
300	16265	1	0.4	0	NA
300	16265	2	0.97	0	NA
300	16301	1	0.28	0	NA
300	16301	2	0.5	0	NA
300	16336	1	1.2	0	NA
300	16336	2	0.82	0	NA
300	16378	1	0.83	0	NA
300	16378	2	2.13	0	NA
301	16196	1	NA	1	0.1
301	16196	2	0.1	0	NA
301	16237	1	0.1	0	NA
301	16237	2	0.38	0	NA
301	16265	1	NA	1	0.1
301	16265	2	0.1	0	NA
301	16301	1	NA	1	0.1
301	16301	2	0.28	0	NA
301	16336	1	2.57	0	NA
301	16336	2	0.21	0	NA
301	16378	1	1.09	0	NA
301	16378	2	0.34	0	NA
301	16608	1	0.19	0	NA
301	16608	2	1.59	0	NA
301	16608	3	0.027	0	NA
301	16636	1	0.06	0	NA
301	16636	2	1.57	0	NA
301	16636	3	0.022	0	NA
301	16665	1	NA	1	0.05
301	16665	2	0.34	0	NA
301	16665	3	NA	1	0.02
301	16692	1	NA	1	0.05
301	16692	2	0.1	0	NA
301	16692	3	NA	1	0.02
301	16727	1	NA	1	0.05
301	16727	2	0.22	0	NA
301	16727	3	0.02	0	NA
301	16755	1	0.11	0	NA
301	16755	2	0.45	0	NA
301	16755	3	0.02	0	NA
301	16825	1	0.06	0	NA
301	16825	2	1.27	0	NA
301	16825	3	NA	1	0.02
301	16861	1	NA	1	0.05
301	16861	2	1.62	0	NA
301	16861	3	0.0261	0	NA
301	16882	1	NA	1	0.05
301	16882	2	1.18	0	NA
301	16882	3	0.0279	0	NA
301	16917	1	NA	1	0.05
301	16917	2	0.13	0	NA
301	16917	3	0.0267	0	NA
301	16944	1	0.05	0	NA
301	16944	2	0.19	0	NA
301	16944	3	0.0282	0	NA
302	16608	1	0.05	0	NA
302	16608	2	NA	1	0.1
302	16608	3	0.0697	0	NA
302	16636	1	NA	1	0.05
302	16636	2	0.19	0	NA
302	16636	3	NA	1	0.02
302	16665	1	NA	1	0.05
302	16665	2	0.12	0	NA
302	16665	3	NA	1	0.02
302	16692	1	NA	1	0.05
302	16692	2	0.15	0	NA
302	16692	3	NA	1	0.02
302	16727	1	NA	1	0.05
302	16727	2	0.18	0	NA
302	16727	3	0.04	0	NA
302	16755	1	NA	1	0.05
302	16755	2	0.11	0	NA
302	16755	3	NA	1	0.02
302	16825	1	NA	1	0.05
302	16825	2	0.79	0	NA
302	16825	3	NA	1	0.02
302	16861	1	NA	1	0.05
302	16861	2	0.62	0	NA
302	16861	3	NA	1	0.02
302	16882	1	NA	1	0.05
302	16882	2	0.3	0	NA
302	16882	3	0.0303	0	NA
302	16917	1	NA	1	0.05
302	16917	2	0.35	0	NA
302	16917	3	0.0227	0	NA
302	16944	1	NA	1	0.05
302	16944	2	0.12	0	NA
302	16944	3	0.0302	0	NA
303	16608	1	0.05	0	NA
303	16608	2	NA	1	0.1
303	16608	3	0.0393	0	NA
303	16636	1	NA	1	0.05
303	16636	2	0.28	0	NA
303	16636	3	0.041	0	NA
303	16665	1	NA	1	0.05
303	16665	2	0.11	0	NA
303	16665	3	0.0269	0	NA
303	16692	1	0.79	0	NA
303	16692	2	0.34	0	NA
303	16692	3	0.0897	0	NA
303	16727	1	2.06	0	NA
303	16727	2	0.66	0	NA
303	16727	3	0.1	0	NA
303	16755	1	3.15	0	NA
303	16755	2	1.5	0	NA
303	16755	3	0.276	0	NA
303	16825	1	0.22	0	NA
303	16825	2	1	0	NA
303	16825	3	0.0404	0	NA
303	16861	1	NA	1	0.05
303	16861	2	0.56	0	NA
303	16861	3	0.0238	0	NA
303	16882	1	NA	1	0.05
303	16882	2	0.26	0	NA
303	16882	3	0.0333	0	NA
303	16917	1	NA	1	0.05
303	16917	2	NA	1	0.1
303	16917	3	0.0321	0	NA
303	16944	1	0.09	0	NA
303	16944	2	0.11	0	NA
303	16944	3	0.0419	0	NA
304	16608	1	0.05	0	NA
304	16608	2	0.11	0	NA
304	16608	3	0.0973	0	NA
304	16636	1	NA	1	0.05
304	16636	2	0.15	0	NA
304	16636	3	0.112	0	NA
304	16665	1	NA	1	0.05
304	16665	2	0.15	0	NA
304	16665	3	0.0223	0	NA
304	16692	1	0.05	0	NA
304	16692	2	0.17	0	NA
304	16692	3	0.0782	0	NA
304	16727	1	0.06	0	NA
304	16727	2	0.21	0	NA
304	16727	3	0.12	0	NA
304	16755	1	0.07	0	NA
304	16755	2	0.27	0	NA
304	16755	3	0.024	0	NA
304	16825	1	NA	1	0.05
304	16825	2	0.25	0	NA
304	16825	3	NA	1	0.02
304	16861	1	NA	1	0.05
304	16861	2	0.18	0	NA
304	16861	3	NA	1	0.02
304	16882	1	NA	1	0.05
304	16882	2	0.2	0	NA
304	16882	3	0.2652	0	NA
304	16917	1	NA	1	0.05
304	16917	2	NA	1	0.1
304	16917	3	0.0245	0	NA
304	16944	1	0.09	0	NA
304	16944	2	0.14	0	NA
304	16944	3	0.0411	0	NA
305	16608	1	NA	1	0.05
305	16608	2	NA	1	0.1
305	16608	3	NA	1	0.02
305	16636	1	0.05	0	NA
305	16636	2	0.33	0	NA
305	16636	3	NA	1	0.02
305	16665	1	NA	1	0.05
305	16665	2	0.32	0	NA
305	16665	3	NA	1	0.02
305	16692	1	0.05	0	NA
305	16692	2	0.16	0	NA
305	16692	3	NA	1	0.02
305	16727	1	0.23	0	NA
305	16727	2	0.49	0	NA
305	16727	3	NA	1	0.02
305	16755	1	0.39	0	NA
305	16755	2	0.67	0	NA
305	16755	3	0.028	0	NA
305	16825	1	0.53	0	NA
305	16825	2	1.47	0	NA
305	16825	3	NA	1	0.02
305	16861	1	0.07	0	NA
305	16861	2	1.06	0	NA
305	16861	3	NA	1	0.02
305	16882	1	NA	1	0.05
305	16882	2	0.66	0	NA
305	16882	3	0.0236	0	NA
305	16917	1	NA	1	0.05
305	16917	2	0.43	0	NA
305	16917	3	0.0207	0	NA
305	16944	1	0.05	0	NA
305	16944	2	0.17	0	NA
305	16944	3	NA	1	0.02
306	16980	1	0.08	0	NA
306	16980	2	0.61	0	NA
306	16980	3	NA	1	0.02
306	17015	1	0.2	0	NA
306	17015	2	0.1	0	NA
306	17015	3	NA	1	0.02
306	17042	1	NA	1	0.05
306	17042	2	NA	1	0.1
306	17042	3	NA	1	0.02
306	17070	1	0.05	0	NA
306	17070	2	NA	1	0.1
306	17070	3	NA	1	0.02
306	17099	1	0.08	0	NA
306	17099	2	0.16	0	NA
306	17099	3	NA	1	0.02
306	17133	1	0.28	0	NA
306	17133	2	0.59	0	NA
306	17133	3	NA	1	0.02
306	17168	1	0.48	0	NA
306	17168	2	0.72	0	NA
306	17168	3	NA	1	0.02
306	17189	1	0.31	0	NA
306	17189	2	1.25	0	NA
306	17189	3	NA	1	0.02
306	17210	1	0.2	0	NA
306	17210	2	1.07	0	NA
306	17210	3	NA	1	0.02
306	17246	1	0.25	0	NA
306	17246	2	0.87	0	NA
306	17246	3	NA	1	0.02
306	17280	1	0.21	0	NA
306	17280	2	0.55	0	NA
306	17280	3	NA	1	0.02
306	17316	1	0.47	0	NA
306	17316	2	0.5	0	NA
306	17316	3	NA	1	0.02
307	16182	1	NA	1	0.1
307	16182	2	0.2	0	NA
307	16224	1	NA	1	0.1
307	16224	2	0.34	0	NA
307	16252	1	NA	1	0.1
307	16252	2	0.18	0	NA
307	16287	1	NA	1	0.1
307	16287	2	0.33	0	NA
307	16322	1	0.16	0	NA
307	16322	2	0.62	0	NA
307	16364	1	NA	1	0.1
307	16364	2	0.11	0	NA
308	16182	1	NA	1	0.1
308	16182	2	0.13	0	NA
308	16224	1	NA	1	0.1
308	16224	2	0.14	0	NA
308	16252	1	NA	1	0.1
308	16252	2	NA	1	0.1
308	16287	1	NA	1	0.1
308	16287	2	0.13	0	NA
308	16322	1	NA	1	0.1
308	16322	2	0.11	0	NA
308	16364	1	NA	1	0.1
308	16364	2	0.1	0	NA
309	16188	1	NA	1	0.1
309	16188	2	0.12	0	NA
309	16224	1	NA	1	0.1
309	16224	2	0.16	0	NA
309	16252	1	NA	1	0.1
309	16252	2	NA	1	0.1
309	16287	1	NA	1	0.1
309	16287	2	0.11	0	NA
309	16322	1	NA	1	0.1
309	16322	2	0.11	0	NA
309	16364	1	NA	1	0.1
309	16364	2	0.14	0	NA
310	16601	1	0.07	0	NA
310	16601	2	0.21	0	NA
310	16601	3	0.038	0	NA
310	16629	1	NA	1	0.05
310	16629	2	0.2	0	NA
310	16629	3	0.063	0	NA
310	16657	1	0.06	0	NA
310	16657	2	0.22	0	NA
310	16657	3	0.066	0	NA
310	16685	1	NA	1	0.05
310	16685	2	0.23	0	NA
310	16685	3	0.0545	0	NA
310	16721	1	0.05	0	NA
310	16721	2	0.16	0	NA
310	16721	3	0.05	0	NA
310	16748	1	NA	1	0.05
310	16748	2	NA	1	0.1
310	16748	3	0.0477	0	NA
310	16776	1	NA	1	0.05
310	16776	2	0.1	0	NA
310	16776	3	0.044	0	NA
310	16847	1	NA	1	0.05
310	16847	2	0.38	0	NA
310	16847	3	0.0468	0	NA
310	16874	1	NA	1	0.05
310	16874	2	0.17	0	NA
310	16874	3	0.045	0	NA
310	16909	1	NA	1	0.05
310	16909	2	NA	1	0.1
310	16909	3	0.0425	0	NA
310	16939	1	NA	1	0.05
310	16939	2	0.15	0	NA
310	16939	3	0.0585	0	NA
311	16601	1	0.08	0	NA
311	16601	2	0.16	0	NA
311	16601	3	0.059	0	NA
311	16629	1	0.07	0	NA
311	16629	2	0.22	0	NA
311	16629	3	0.079	0	NA
311	16657	1	2.89	0	NA
311	16657	2	0.1	0	NA
311	16657	3	0.2088	0	NA
311	16685	1	0.07	0	NA
311	16685	2	0.27	0	NA
311	16685	3	0.0904	0	NA
311	16721	1	NA	1	0.05
311	16721	2	0.11	0	NA
311	16721	3	0.05	0	NA
311	16748	1	NA	1	0.05
311	16748	2	0.1	0	NA
311	16748	3	0.0492	0	NA
311	16776	1	0.09	0	NA
311	16776	2	0.72	0	NA
311	16776	3	0.066	0	NA
311	16847	1	0.05	0	NA
311	16847	2	2.11	0	NA
311	16847	3	0.0706	0	NA
311	16874	1	NA	1	0.05
311	16874	2	0.63	0	NA
311	16874	3	0.0329	0	NA
311	16909	1	NA	1	0.05
311	16909	2	NA	1	0.1
311	16909	3	0.0564	0	NA
311	16939	1	0.07	0	NA
311	16939	2	0.17	0	NA
311	16939	3	0.0665	0	NA
312	16601	1	0.09	0	NA
312	16601	2	0.23	0	NA
312	16601	3	0.072	0	NA
312	16629	1	NA	1	0.05
312	16629	2	0.14	0	NA
312	16629	3	0.053	0	NA
312	16657	1	NA	1	0.05
312	16657	2	0.11	0	NA
312	16657	3	0.1012	0	NA
312	16685	1	NA	1	0.05
312	16685	2	0.24	0	NA
312	16685	3	0.0875	0	NA
312	16721	1	NA	1	0.05
312	16721	2	0.22	0	NA
312	16721	3	0.05	0	NA
312	16748	1	NA	1	0.05
312	16748	2	NA	1	0.1
312	16748	3	0.0441	0	NA
312	16776	1	0.06	0	NA
312	16776	2	0.78	0	NA
312	16776	3	0.041	0	NA
312	16847	1	0.07	0	NA
312	16847	2	1.47	0	NA
312	16847	3	0.06	0	NA
312	16874	1	NA	1	0.05
312	16874	2	0.47	0	NA
312	16874	3	0.0487	0	NA
312	16909	1	NA	1	0.05
312	16909	2	NA	1	0.1
312	16909	3	0.0674	0	NA
312	16939	1	NA	1	0.05
312	16939	2	NA	1	0.1
312	16939	3	0.0906	0	NA
313	16952	1	0.08	0	NA
313	16952	2	0.31	0	NA
313	16952	3	0.038	0	NA
313	16986	1	NA	1	0.05
313	16986	2	NA	1	0.1
313	16986	3	0.0301	0	NA
313	17022	1	0.18	0	NA
313	17022	2	NA	1	0.1
313	17022	3	0.0602	0	NA
313	17127	1	NA	1	0.05
313	17127	2	0.2	0	NA
313	17127	3	0.0728	0	NA
313	17133	1	NA	1	0.05
313	17133	2	0.13	0	NA
313	17133	3	0.0504	0	NA
313	17190	1	NA	1	0.05
313	17190	2	0.27	0	NA
313	17190	3	NA	1	0.02
313	17203	1	NA	1	0.05
313	17203	2	0.28	0	NA
313	17203	3	0.0206	0	NA
313	17232	1	NA	1	0.05
313	17232	2	0.16	0	NA
313	17232	3	0.0243	0	NA
313	17266	1	NA	1	0.05
313	17266	2	0.21	0	NA
313	17266	3	0.0244	0	NA
313	17301	1	0.07	0	NA
313	17301	2	0.61	0	NA
313	17301	3	0.03	0	NA
314	16952	1	0.08	0	NA
314	16952	2	0.31	0	NA
314	16952	3	0.0523	0	NA
314	16986	1	NA	1	0.05
314	16986	2	NA	1	0.1
314	16986	3	0.0437	0	NA
314	17022	1	NA	1	0.05
314	17022	2	NA	1	0.1
314	17022	3	0.029	0	NA
314	17070	1	NA	1	0.05
314	17070	2	NA	1	0.1
314	17070	3	0.0254	0	NA
314	17091	1	NA	1	0.05
314	17091	2	NA	1	0.1
314	17091	3	NA	1	0.02
314	17127	1	NA	1	0.05
314	17127	2	0.15	0	NA
314	17127	3	NA	1	0.02
314	17133	1	NA	1	0.05
314	17133	2	0.15	0	NA
314	17133	3	0.0254	0	NA
314	17190	1	NA	1	0.05
314	17190	2	0.31	0	NA
314	17190	3	0.0226	0	NA
314	17210	1	NA	1	0.05
314	17210	2	0.18	0	NA
314	17210	3	NA	1	0.02
314	17232	1	NA	1	0.05
314	17232	2	0.14	0	NA
314	17232	3	NA	1	0.02
314	17266	1	NA	1	0.05
314	17266	2	0.21	0	NA
314	17266	3	NA	1	0.02
314	17301	1	0.09	0	NA
314	17301	2	0.35	0	NA
314	17301	3	0.047	0	NA
315	16952	1	0.08	0	NA
315	16952	2	0.22	0	NA
315	16952	3	0.0291	0	NA
315	16986	1	NA	1	0.05
315	16986	2	NA	1	0.1
315	16986	3	0.0346	0	NA
315	17022	1	0.07	0	NA
315	17022	2	NA	1	0.1
315	17022	3	NA	1	0.02
315	17070	1	0.06	0	NA
315	17070	2	0.11	0	NA
315	17070	3	NA	1	0.02
315	17091	1	NA	1	0.05
315	17091	2	0.24	0	NA
315	17091	3	NA	1	0.02
315	17127	1	NA	1	0.05
315	17127	2	0.12	0	NA
315	17127	3	NA	1	0.02
315	17133	1	NA	1	0.05
315	17133	2	0.15	0	NA
315	17133	3	0.0218	0	NA
315	17190	1	NA	1	0.05
315	17190	2	0.26	0	NA
315	17190	3	NA	1	0.02
315	17210	1	0.05	0	NA
315	17210	2	0.51	0	NA
315	17210	3	NA	1	0.02
315	17232	1	NA	1	0.05
315	17232	2	0.17	0	NA
315	17232	3	NA	1	0.02
315	17266	1	0.05	0	NA
315	17266	2	0.28	0	NA
315	17266	3	NA	1	0.02
315	17301	1	0.05	0	NA
315	17301	2	0.18	0	NA
315	17301	3	NA	1	0.02
316	16965	1	0.09	0	NA
316	16965	2	0.53	0	NA
316	16965	3	0.036	0	NA
316	16986	1	NA	1	0.05
316	16986	2	NA	1	0.1
316	16986	3	NA	1	0.02
316	17029	1	NA	1	0.05
316	17029	2	NA	1	0.1
316	17029	3	NA	1	0.02
316	17063	1	NA	1	0.05
316	17063	2	0.16	0	NA
316	17063	3	NA	1	0.02
316	17091	1	NA	1	0.05
316	17091	2	0.14	0	NA
316	17091	3	NA	1	0.02
316	17126	1	0.06	0	NA
316	17126	2	3.61	0	NA
316	17126	3	NA	1	0.02
316	17140	1	0.19	0	NA
316	17140	2	0.96	0	NA
316	17140	3	NA	1	0.02
316	17175	1	0.15	0	NA
316	17175	2	0.8	0	NA
316	17175	3	0.0215	0	NA
316	17196	1	0.09	0	NA
316	17196	2	0.61	0	NA
316	17196	3	NA	1	0.02
316	17224	1	0.09	0	NA
316	17224	2	0.51	0	NA
316	17224	3	NA	1	0.02
316	17259	1	0.06	0	NA
316	17259	2	0.36	0	NA
316	17259	3	NA	1	0.02
316	17301	1	0.16	0	NA
316	17301	2	0.42	0	NA
316	17301	3	0.047	0	NA
317	16972	1	NA	1	0.05
317	16972	2	0.4	0	NA
317	16972	3	NA	1	0.02
317	17015	1	0.1	0	NA
317	17015	2	0.66	0	NA
317	17015	3	NA	1	0.02
317	17029	1	NA	1	0.05
317	17029	2	NA	1	0.1
317	17029	3	NA	1	0.02
317	17057	1	NA	1	0.05
317	17057	2	NA	1	0.1
317	17057	3	NA	1	0.02
317	17084	1	NA	1	0.05
317	17084	2	0.23	0	NA
317	17084	3	0.109	0	NA
317	17126	1	NA	1	0.05
317	17126	2	0.21	0	NA
317	17126	3	NA	1	0.02
317	17196	1	NA	1	0.05
317	17196	2	0.2	0	NA
317	17196	3	NA	1	0.02
317	17232	1	NA	1	0.05
317	17232	2	0.18	0	NA
317	17232	3	NA	1	0.02
317	17259	1	NA	1	0.05
317	17259	2	0.19	0	NA
317	17259	3	NA	1	0.02
317	17301	1	0.07	0	NA
317	17301	2	0.33	0	NA
317	17301	3	NA	1	0.02
318	16595	1	NA	1	0.05
318	16595	2	0.11	0	NA
318	16595	3	0.024	0	NA
318	16622	1	0.07	0	NA
318	16622	2	0.15	0	NA
318	16622	3	0.0313	0	NA
318	16650	1	NA	1	0.05
318	16650	2	NA	1	0.1
318	16650	3	0.03	0	NA
318	16678	1	NA	1	0.05
318	16678	2	0.17	0	NA
318	16678	3	NA	1	0.02
318	16713	1	NA	1	0.05
318	16713	2	0.1	0	NA
318	16713	3	0.02	0	NA
318	16742	1	NA	1	0.05
318	16742	2	0.1	0	NA
318	16742	3	0.02	0	NA
318	16770	1	0.18	0	NA
318	16770	2	0.58	0	NA
318	16770	3	0.07	0	NA
319	16595	1	NA	1	0.05
319	16595	2	0.1	0	NA
319	16595	3	0.046	0	NA
319	16622	1	NA	1	0.05
319	16622	2	0.1	0	NA
319	16622	3	0.1508	0	NA
319	16650	1	NA	1	0.05
319	16650	2	0.27	0	NA
319	16650	3	0.07	0	NA
319	16678	1	NA	1	0.05
319	16678	2	0.14	0	NA
319	16678	3	0.0569	0	NA
319	16713	1	NA	1	0.05
319	16713	2	0.13	0	NA
319	16713	3	0.06	0	NA
319	16742	1	NA	1	0.05
319	16742	2	0.18	0	NA
319	16742	3	0.06	0	NA
319	16770	1	0.45	0	NA
319	16770	2	1.22	0	NA
319	16770	3	0.12	0	NA
319	16811	1	0.52	0	NA
319	16811	2	2.19	0	NA
319	16811	3	0.1507	0	NA
319	16839	1	0.14	0	NA
319	16839	2	2.13	0	NA
319	16839	3	0.1574	0	NA
319	16867	1	0.19	0	NA
319	16867	2	NA	1	0.1
319	16867	3	0.1105	0	NA
319	16902	1	NA	1	0.05
319	16902	2	0.27	0	NA
319	16902	3	0.0728	0	NA
319	16931	1	0.18	0	NA
319	16931	2	0.11	0	NA
319	16931	3	0.0668	0	NA
320	16601	1	NA	1	0.05
320	16601	2	NA	1	0.1
320	16601	3	0.022	0	NA
320	16629	1	NA	1	0.05
320	16629	2	NA	1	0.1
320	16629	3	NA	1	0.02
320	16657	1	NA	1	0.05
320	16657	2	NA	1	0.1
320	16657	3	NA	1	0.02
320	16685	1	NA	1	0.05
320	16685	2	NA	1	0.1
320	16685	3	NA	1	0.02
320	16720	1	0	0	NA
320	16720	2	0.16	0	NA
320	16720	3	NA	1	0.02
320	16748	1	NA	1	0.05
320	16748	2	NA	1	0.1
320	16748	3	NA	1	0.02
320	16776	1	0.3	0	NA
320	16776	2	0.12	0	NA
320	16776	3	0.125	0	NA
320	16811	1	0.37	0	NA
320	16811	2	0.32	0	NA
320	16811	3	0.1558	0	NA
320	16839	1	0.47	0	NA
320	16839	2	0.54	0	NA
320	16839	3	0.1334	0	NA
320	16867	1	0.34	0	NA
320	16867	2	0.7	0	NA
320	16867	3	0.1258	0	NA
320	16903	1	0.07	0	NA
320	16903	2	0.96	0	NA
320	16903	3	0.1212	0	NA
320	16931	1	0.05	0	NA
320	16931	2	NA	1	0.1
320	16931	3	0.0264	0	NA
321	17735	1	NA	1	0.05
321	17735	2	0.15	0	NA
321	17735	3	0.2802	0	NA
321	17764	1	NA	1	0.05
321	17764	2	0.15	0	NA
321	17764	3	0.5679	0	NA
321	17778	1	0.09	0	NA
321	17778	2	0.24	0	NA
321	17778	3	0.4951	0	NA
321	17819	1	0.5	0	NA
321	17819	2	NA	1	0.1
321	17819	3	0.2791	0	NA
321	17869	1	NA	1	0.05
321	17869	2	NA	1	0.1
321	17869	3	0.1912	0	NA
321	17883	1	0.07	0	NA
321	17883	2	0.39	0	NA
321	17883	3	0.1473	0	NA
322	17735	1	0.12	0	NA
322	17735	2	0.15	0	NA
322	17735	3	0.0908	0	NA
322	17764	1	NA	1	0.05
322	17764	2	0.37	0	NA
322	17764	3	0.1032	0	NA
322	17778	1	NA	1	0.05
322	17778	2	0.17	0	NA
322	17778	3	0.1244	0	NA
322	17819	1	NA	1	0.05
322	17819	2	NA	1	0.1
322	17819	3	0.1112	0	NA
322	17869	1	NA	1	0.05
322	17869	2	NA	1	0.1
322	17869	3	0.1205	0	NA
322	17883	1	NA	1	0.05
322	17883	2	0.43	0	NA
322	17883	3	0.1376	0	NA
323	17330	1	NA	1	0.05
323	17330	2	0.17	0	NA
323	17330	3	0.0335	0	NA
323	17350	1	NA	1	0.05
323	17350	2	0.11	0	NA
323	17350	3	0.0916	0	NA
323	17378	1	0.32	0	NA
323	17378	2	0.16	0	NA
323	17378	3	0.1087	0	NA
323	17414	1	0.05	0	NA
323	17414	2	0.18	0	NA
323	17414	3	0.043	0	NA
323	17455	1	0.05	0	NA
323	17455	2	0.14	0	NA
323	17455	3	0.0333	0	NA
323	17477	1	0.12	0	NA
323	17477	2	0.16	0	NA
323	17477	3	NA	1	0.02
323	17505	1	0.07	0	NA
323	17505	2	0.18	0	NA
323	17505	3	0.0257	0	NA
323	17546	1	NA	1	0.05
323	17546	2	0.14	0	NA
323	17546	3	0.038	0	NA
323	17568	1	NA	1	0.05
323	17568	2	0.39	0	NA
323	17568	3	NA	1	0.02
323	17582	1	NA	1	0.05
323	17582	2	0.12	0	NA
323	17582	3	NA	1	0.02
323	17617	1	NA	1	0.05
323	17617	2	0.2	0	NA
323	17617	3	0.035	0	NA
323	17665	1	NA	1	0.05
323	17665	2	0.12	0	NA
323	17665	3	0.0608	0	NA
324	17330	1	0.05	0	NA
324	17330	2	0.12	0	NA
324	17330	3	0.0345	0	NA
324	17350	1	0.06	0	NA
324	17350	2	0.14	0	NA
324	17350	3	0.0375	0	NA
324	17378	1	NA	1	0.05
324	17378	2	0.14	0	NA
324	17378	3	NA	1	0.02
324	17414	1	0.09	0	NA
324	17414	2	0.23	0	NA
324	17414	3	NA	1	0.02
324	17455	1	NA	1	0.05
324	17455	2	0.15	0	NA
324	17455	3	NA	1	0.02
324	17477	1	0.21	0	NA
324	17477	2	0.45	0	NA
324	17477	3	NA	1	0.02
324	17505	1	0.3	0	NA
324	17505	2	0.42	0	NA
324	17505	3	NA	1	0.02
324	17546	1	0.36	0	NA
324	17546	2	0.31	0	NA
324	17546	3	NA	1	0.02
324	17568	1	0.09	0	NA
324	17568	2	2.99	0	NA
324	17568	3	NA	1	0.02
324	17582	1	0.06	0	NA
324	17582	2	0.41	0	NA
324	17582	3	NA	1	0.02
324	17617	1	NA	1	0.05
324	17617	2	0.21	0	NA
324	17617	3	0.02	0	NA
324	17665	1	NA	1	0.05
324	17665	2	0.21	0	NA
324	17665	3	NA	1	0.02
325	17350	1	0.07	0	NA
325	17350	2	0.19	0	NA
325	17350	3	0.403	0	NA
325	17378	1	0.12	0	NA
325	17378	2	0.15	0	NA
325	17378	3	0.232	0	NA
325	17414	1	0.05	0	NA
325	17414	2	0.32	0	NA
325	17414	3	0.1001	0	NA
325	17477	1	0.1	0	NA
325	17477	2	0.29	0	NA
325	17477	3	0.067	0	NA
325	17505	1	0.05	0	NA
325	17505	2	0.14	0	NA
325	17505	3	0.2644	0	NA
325	17546	1	0.23	0	NA
325	17546	2	0.64	0	NA
325	17546	3	0.417	0	NA
325	17568	1	0.05	0	NA
325	17568	2	0.3	0	NA
325	17568	3	0.36	0	NA
325	17617	1	0.05	0	NA
325	17617	2	0.26	0	NA
325	17617	3	0.687	0	NA
325	17665	1	NA	1	0.05
325	17665	2	0.34	0	NA
325	17665	3	0.714	0	NA
326	16195	1	0.4	0	NA
326	16195	2	0.25	0	NA
326	16342	1	NA	1	0.1
326	16342	2	0.28	0	NA
326	16392	1	0.58	0	NA
326	16392	2	2.6	0	NA
327	16595	1	1.18	0	NA
327	16595	2	0.41	0	NA
327	16595	3	0.126	0	NA
327	16622	1	1.3	0	NA
327	16622	2	0.72	0	NA
327	16622	3	0.3064	0	NA
327	16650	1	NA	1	0.05
327	16650	2	0.13	0	NA
327	16650	3	0.62	0	NA
327	16678	1	0.09	0	NA
327	16678	2	4.17	0	NA
327	16678	3	0.1182	0	NA
327	16713	1	2.39	0	NA
327	16713	2	0.51	0	NA
327	16713	3	0.35	0	NA
327	16742	1	5.44	0	NA
327	16742	2	0.51	0	NA
327	16742	3	0.32	0	NA
327	16770	1	6.73	0	NA
327	16770	2	1.71	0	NA
327	16770	3	0.21	0	NA
327	16811	1	8.78	0	NA
327	16811	2	3.04	0	NA
327	16811	3	0.1642	0	NA
327	16839	1	6.1	0	NA
327	16839	2	5.72	0	NA
327	16839	3	0.215	0	NA
327	16867	1	2.78	0	NA
327	16867	2	6.75	0	NA
327	16867	3	0.1697	0	NA
327	16902	1	0.12	0	NA
327	16902	2	3.11	0	NA
327	16902	3	0.13	0	NA
327	16930	1	0.25	0	NA
327	16930	2	0.1	0	NA
327	16930	3	0.0628	0	NA
328	17330	1	NA	1	0.05
328	17330	2	0.12	0	NA
328	17330	3	0.2743	0	NA
328	17350	1	NA	1	0.05
328	17350	2	NA	1	0.1
328	17350	3	0.3817	0	NA
328	17378	1	1.3	0	NA
328	17378	2	0.14	0	NA
328	17378	3	0.6205	0	NA
328	17455	1	1.65	0	NA
328	17455	2	0.18	0	NA
328	17455	3	NA	1	0.02
328	17477	1	3.91	0	NA
328	17477	2	0.25	0	NA
328	17477	3	NA	1	0.02
328	17505	1	1.48	0	NA
328	17505	2	17.56	0	NA
328	17505	3	0.0971	0	NA
328	17546	1	1.9	0	NA
328	17546	2	0.73	0	NA
328	17546	3	0.09	0	NA
328	17568	1	0.31	0	NA
328	17568	2	2.13	0	NA
328	17568	3	0.076	0	NA
328	17582	1	0.35	0	NA
328	17582	2	1.09	0	NA
328	17582	3	0.046	0	NA
328	17617	1	0.3	0	NA
328	17617	2	1.22	0	NA
328	17617	3	0.058	0	NA
328	17665	1	NA	1	0.05
328	17665	2	0.16	0	NA
328	17665	3	0.0907	0	NA
329	17344	1	0.16	0	NA
329	17344	2	0.29	0	NA
329	17344	3	0.126	0	NA
329	17378	1	0.22	0	NA
329	17378	2	0.38	0	NA
329	17378	3	0.1401	0	NA
329	17407	1	0.07	0	NA
329	17407	2	0.33	0	NA
329	17407	3	0.422	0	NA
329	17414	1	0.05	0	NA
329	17414	2	0.43	0	NA
329	17414	3	0.0827	0	NA
329	17455	1	0.24	0	NA
329	17455	2	0.45	0	NA
329	17455	3	0.1306	0	NA
329	17477	1	0.15	0	NA
329	17477	2	0.2	0	NA
329	17477	3	NA	1	0.02
329	17505	1	0.16	0	NA
329	17505	2	0.19	0	NA
329	17505	3	NA	1	0.02
329	17546	1	NA	1	0.05
329	17546	2	0.26	0	NA
329	17546	3	NA	1	0.02
329	17568	1	NA	1	0.05
329	17568	2	0.12	0	NA
329	17568	3	NA	1	0.02
329	17582	1	NA	1	0.05
329	17582	2	0.17	0	NA
329	17582	3	NA	1	0.02
329	17617	1	NA	1	0.05
329	17617	2	0.29	0	NA
329	17617	3	NA	1	0.02
329	17665	1	NA	1	0.05
329	17665	2	0.13	0	NA
329	17665	3	0.0216	0	NA
330	16195	1	2.14	0	NA
330	16195	2	1.17	0	NA
330	16245	1	0.86	0	NA
330	16245	2	0.46	0	NA
330	16274	1	NA	1	0.1
330	16274	2	0.15	0	NA
330	16307	1	3.09	0	NA
330	16307	2	0.24	0	NA
330	16342	1	0.51	0	NA
330	16342	2	0.41	0	NA
330	16391	1	1.83	0	NA
330	16391	2	0.36	0	NA
331	16601	1	0.06	0	NA
331	16601	2	0.2	0	NA
331	16601	3	0.106	0	NA
331	16629	1	0.12	0	NA
331	16629	2	0.12	0	NA
331	16629	3	0.224	0	NA
331	16657	1	NA	1	0.05
331	16657	2	0.12	0	NA
331	16657	3	0.2347	0	NA
331	16685	1	NA	1	0.05
331	16685	2	0.14	0	NA
331	16685	3	0.0571	0	NA
331	16720	1	0.03	0	NA
331	16720	2	0.1	0	NA
331	16720	3	0.06	0	NA
331	16748	1	NA	1	0.05
331	16748	2	NA	1	0.1
331	16748	3	0.1085	0	NA
331	16776	1	0.09	0	NA
331	16776	2	0.3	0	NA
331	16776	3	0.161	0	NA
331	16811	1	NA	1	0.05
331	16811	2	0.55	0	NA
331	16811	3	0.29	0	NA
331	16839	1	0.17	0	NA
331	16839	2	1.02	0	NA
331	16839	3	0.3767	0	NA
331	16867	1	0.19	0	NA
331	16867	2	0.59	0	NA
331	16867	3	0.1548	0	NA
331	16903	1	NA	1	0.05
331	16903	2	0.29	0	NA
331	16903	3	0.1506	0	NA
331	16931	1	0.2	0	NA
331	16931	2	0.38	0	NA
331	16931	3	0.136	0	NA
332	16959	1	0.26	0	NA
332	16959	2	3.1	0	NA
332	16959	3	0.0517	0	NA
332	16980	1	0.16	0	NA
332	16980	2	0.1	0	NA
332	16980	3	0.0533	0	NA
332	17021	1	0.48	0	NA
332	17021	2	NA	1	0.1
332	17021	3	0.0593	0	NA
332	17056	1	3.52	0	NA
332	17056	2	0.29	0	NA
332	17056	3	0.0536	0	NA
332	17077	1	2	0	NA
332	17077	2	0.11	0	NA
332	17077	3	0.2138	0	NA
332	17112	1	0.21	0	NA
332	17112	2	NA	1	0.1
332	17112	3	0.7273	0	NA
332	17133	1	0.12	0	NA
332	17133	2	0.39	0	NA
332	17133	3	0.0496	0	NA
332	17168	1	0.45	0	NA
332	17168	2	0.3	0	NA
332	17168	3	0.0454	0	NA
332	17197	1	0.31	0	NA
332	17197	2	0.34	0	NA
332	17197	3	NA	1	0.02
332	17225	1	0.34	0	NA
332	17225	2	0.43	0	NA
332	17225	3	0.0334	0	NA
332	17275	1	0.19	0	NA
332	17275	2	0.19	0	NA
332	17275	3	0.042	0	NA
332	17295	1	0.08	0	NA
332	17295	2	0.27	0	NA
332	17295	3	0.047	0	NA
333	17330	1	NA	1	0.05
333	17330	2	0.16	0	NA
333	17330	3	NA	1	0.02
333	17350	1	NA	1	0.05
333	17350	2	0.17	0	NA
333	17350	3	NA	1	0.02
333	17378	1	0.07	0	NA
333	17378	2	0.14	0	NA
333	17378	3	NA	1	0.02
333	17414	1	0.17	0	NA
333	17414	2	0.1	0	NA
333	17414	3	0.0214	0	NA
333	17455	1	0.05	0	NA
333	17455	2	0.13	0	NA
333	17455	3	NA	1	0.02
333	17477	1	0.05	0	NA
333	17477	2	0.14	0	NA
333	17477	3	NA	1	0.02
333	17505	1	0.07	0	NA
333	17505	2	0.2	0	NA
333	17505	3	NA	1	0.02
333	17546	1	0.09	0	NA
333	17546	2	0.37	0	NA
333	17546	3	NA	1	0.02
333	17568	1	NA	1	0.05
333	17568	2	0.36	0	NA
333	17568	3	NA	1	0.02
333	17582	1	NA	1	0.05
333	17582	2	0.12	0	NA
333	17582	3	NA	1	0.02
333	17617	1	NA	1	0.05
333	17617	2	0.32	0	NA
333	17617	3	0.024	0	NA
333	17665	1	NA	1	0.05
333	17665	2	0.28	0	NA
333	17665	3	0.0279	0	NA
334	16959	1	0.07	0	NA
334	16959	2	1.03	0	NA
334	16959	3	0.0825	0	NA
334	16980	1	NA	1	0.05
334	16980	2	NA	1	0.1
334	16980	3	0.1143	0	NA
334	17021	1	0.24	0	NA
334	17021	2	0.11	0	NA
334	17021	3	0.2168	0	NA
334	17056	1	0.15	0	NA
334	17056	2	0.12	0	NA
334	17056	3	0.6971	0	NA
334	17084	1	4.69	0	NA
334	17084	2	0.1	0	NA
334	17084	3	0.6411	0	NA
334	17112	1	0.21	0	NA
334	17112	2	NA	1	0.1
334	17112	3	0.3985	0	NA
334	17134	1	0.06	0	NA
334	17134	2	1.56	0	NA
334	17134	3	0.1011	0	NA
334	17168	1	0.05	0	NA
334	17168	2	0.26	0	NA
334	17168	3	0.1051	0	NA
334	17197	1	NA	1	0.05
334	17197	2	0.13	0	NA
334	17197	3	0.1444	0	NA
334	17225	1	0.06	0	NA
334	17225	2	0.31	0	NA
334	17225	3	0.086	0	NA
334	17275	1	NA	1	0.05
334	17275	2	0.12	0	NA
334	17275	3	0.28	0	NA
334	17295	1	0.09	0	NA
334	17295	2	0.18	0	NA
334	17295	3	0.372	0	NA
335	16595	1	0.05	0	NA
335	16595	2	NA	1	0.1
335	16595	3	0.344	0	NA
335	16622	1	NA	1	0.05
335	16622	2	0.1	0	NA
335	16622	3	0.4708	0	NA
335	16650	1	NA	1	0.05
335	16650	2	NA	1	0.1
335	16650	3	0.25	0	NA
335	16678	1	NA	1	0.05
335	16678	2	0.12	0	NA
335	16678	3	0.1039	0	NA
335	16713	1	NA	1	0.05
335	16713	2	0.13	0	NA
335	16713	3	0.1	0	NA
335	16742	1	0.18	0	NA
335	16742	2	0.35	0	NA
335	16742	3	0.12	0	NA
335	16770	1	0.27	0	NA
335	16770	2	2.38	0	NA
335	16770	3	0.18	0	NA
336	17700	1	0.07	0	NA
336	17700	2	0.3	0	NA
336	17700	3	0.0849	0	NA
336	17743	1	NA	1	0.05
336	17743	2	0.15	0	NA
336	17743	3	0.1066	0	NA
336	17770	1	NA	1	0.05
336	17770	2	0.17	0	NA
336	17770	3	0.2462	0	NA
336	17798	1	3.01	0	NA
336	17798	2	0.31	0	NA
336	17798	3	0.4837	0	NA
336	17876	1	2.21	0	NA
336	17876	2	0.19	0	NA
336	17876	3	0.0858	0	NA
337	16195	1	NA	1	0.1
337	16195	2	0.11	0	NA
337	16231	1	0.11	0	NA
337	16231	2	0.22	0	NA
337	16259	1	NA	1	0.1
337	16259	2	0.15	0	NA
337	16294	1	NA	1	0.1
337	16294	2	0.15	0	NA
337	16329	1	NA	1	0.1
337	16329	2	0.13	0	NA
337	16370	1	NA	1	0.1
337	16370	2	0.14	0	NA
338	17336	1	0.07	0	NA
338	17336	2	0.21	0	NA
338	17336	3	0.223	0	NA
338	17350	1	NA	1	0.05
338	17350	2	0.13	0	NA
338	17350	3	0.0935	0	NA
338	17400	1	NA	1	0.05
338	17400	2	0.11	0	NA
338	17400	3	0.083	0	NA
338	17434	1	0.05	0	NA
338	17434	2	0.31	0	NA
338	17434	3	0.04	0	NA
338	17456	1	0.06	0	NA
338	17456	2	0.25	0	NA
338	17456	3	0.0578	0	NA
338	17497	1	0.05	0	NA
338	17497	2	0.33	0	NA
338	17497	3	0.223	0	NA
338	17512	1	0.15	0	NA
338	17512	2	0.63	0	NA
338	17512	3	0.1863	0	NA
338	17539	1	0.14	0	NA
338	17539	2	0.26	0	NA
338	17539	3	0.2373	0	NA
338	17567	1	0.07	0	NA
338	17567	2	0.35	0	NA
338	17567	3	0.148	0	NA
338	17609	1	0.06	0	NA
338	17609	2	0.31	0	NA
338	17609	3	0.27	0	NA
338	17637	1	NA	1	0.05
338	17637	2	0.26	0	NA
338	17637	3	0.1532	0	NA
338	17680	1	NA	1	0.05
338	17680	2	NA	1	0.1
338	17680	3	0.1147	0	NA
339	17336	1	0.15	0	NA
339	17336	2	0.38	0	NA
339	17336	3	0.266	0	NA
339	17350	1	2.13	0	NA
339	17350	2	0.32	0	NA
339	17350	3	0.499	0	NA
339	17400	1	3.24	0	NA
339	17400	2	0.98	0	NA
339	17400	3	0.676	0	NA
339	17434	1	0.27	0	NA
339	17434	2	0.71	0	NA
339	17434	3	0.273	0	NA
339	17456	1	0.16	0	NA
339	17456	2	0.82	0	NA
339	17456	3	0.3862	0	NA
339	17497	1	0.07	0	NA
339	17497	2	0.44	0	NA
339	17497	3	0.315	0	NA
339	17512	1	0.13	0	NA
339	17512	2	1.59	0	NA
339	17512	3	0.3727	0	NA
339	17539	1	0.06	0	NA
339	17539	2	0.39	0	NA
339	17539	3	0.3292	0	NA
339	17567	1	0.06	0	NA
339	17567	2	0.39	0	NA
339	17567	3	0.242	0	NA
339	17609	1	0.06	0	NA
339	17609	2	0.48	0	NA
339	17609	3	0.139	0	NA
339	17637	1	0.06	0	NA
339	17637	2	0.41	0	NA
339	17637	3	0.1895	0	NA
339	17680	1	NA	1	0.05
339	17680	2	NA	1	0.1
339	17680	3	0.3403	0	NA
340	17336	1	0.1	0	NA
340	17336	2	0.19	0	NA
340	17336	3	0.047	0	NA
340	17350	1	0.14	0	NA
340	17350	2	0.13	0	NA
340	17350	3	0.0265	0	NA
340	17400	1	NA	1	0.05
340	17400	2	0.12	0	NA
340	17400	3	NA	1	0.02
340	17434	1	0.06	0	NA
340	17434	2	0.49	0	NA
340	17434	3	0.022	0	NA
340	17456	1	0.17	0	NA
340	17456	2	0.2	0	NA
340	17456	3	0.0496	0	NA
340	17497	1	NA	1	0.05
340	17497	2	0.15	0	NA
340	17497	3	0.101	0	NA
340	17512	1	0.23	0	NA
340	17512	2	0.8	0	NA
340	17512	3	0.0995	0	NA
340	17539	1	0.25	0	NA
340	17539	2	2.79	0	NA
340	17539	3	0.0244	0	NA
340	17567	1	0.05	0	NA
340	17567	2	0.1	0	NA
340	17567	3	NA	1	0.02
340	17609	1	NA	1	0.05
340	17609	2	0.42	0	NA
340	17609	3	0.039	0	NA
340	17637	1	NA	1	0.05
340	17637	2	0.29	0	NA
340	17637	3	0.0279	0	NA
340	17680	1	0.25	0	NA
340	17680	2	0.23	0	NA
340	17680	3	0.0478	0	NA
341	16573	1	0.19	0	NA
341	16573	2	2.27	0	NA
341	16573	3	0.0357	0	NA
341	16588	1	0.11	0	NA
341	16588	2	1.81	0	NA
341	16588	3	0.03	0	NA
341	16616	1	0.21	0	NA
341	16616	2	0.61	0	NA
341	16616	3	NA	1	0.02
341	16644	1	0.07	0	NA
341	16644	2	0.96	0	NA
341	16644	3	0.025	0	NA
341	16672	1	0.08	0	NA
341	16672	2	0.41	0	NA
341	16672	3	0.0268	0	NA
341	16700	1	0.12	0	NA
341	16700	2	1.78	0	NA
341	16700	3	0.0223	0	NA
341	16735	1	0.32	0	NA
341	16735	2	3.72	0	NA
341	16735	3	0.02	0	NA
341	16763	1	0.24	0	NA
341	16763	2	3.61	0	NA
341	16763	3	NA	1	0.02
341	16804	1	0.12	0	NA
341	16804	2	8.51	0	NA
341	16804	3	NA	1	0.02
341	16833	1	0.1	0	NA
341	16833	2	11.9	0	NA
341	16833	3	NA	1	0.02
341	16860	1	0.1	0	NA
341	16860	2	14.27	0	NA
341	16860	3	NA	1	0.02
341	16895	1	0.06	0	NA
341	16895	2	7.11	0	NA
341	16895	3	0.0241	0	NA
341	16923	1	0.1	0	NA
341	16923	2	7.36	0	NA
341	16923	3	NA	1	0.02
342	16965	1	0.08	0	NA
342	16965	2	0.96	0	NA
342	16965	3	0.0334	0	NA
342	16980	1	0.05	0	NA
342	16980	2	0.15	0	NA
342	16980	3	NA	1	0.02
342	17021	1	0.12	0	NA
342	17021	2	0.2	0	NA
342	17021	3	NA	1	0.02
342	17056	1	0.08	0	NA
342	17056	2	0.13	0	NA
342	17056	3	NA	1	0.02
342	17084	1	0.24	0	NA
342	17084	2	0.34	0	NA
342	17084	3	NA	1	0.02
342	17112	1	0.18	0	NA
342	17112	2	0.98	0	NA
342	17112	3	NA	1	0.02
342	17133	1	0.27	0	NA
342	17133	2	1.43	0	NA
342	17133	3	NA	1	0.02
342	17168	1	0.48	0	NA
342	17168	2	0.85	0	NA
342	17168	3	NA	1	0.02
342	17197	1	0.31	0	NA
342	17197	2	1.18	0	NA
342	17197	3	NA	1	0.02
342	17225	1	0.1	0	NA
342	17225	2	1.1	0	NA
342	17225	3	NA	1	0.02
342	17275	1	0.07	0	NA
342	17275	2	0.55	0	NA
342	17275	3	NA	1	0.02
342	17295	1	0.09	0	NA
342	17295	2	0.83	0	NA
342	17295	3	NA	1	0.02
343	17344	1	0.12	0	NA
343	17344	2	0.59	0	NA
343	17344	3	0.363	0	NA
343	17372	1	0.05	0	NA
343	17372	2	0.94	0	NA
343	17372	3	0.556	0	NA
343	17399	1	0.18	0	NA
343	17399	2	0.89	0	NA
343	17399	3	0.132	0	NA
343	17434	1	0.16	0	NA
343	17434	2	0.9	0	NA
343	17434	3	0.067	0	NA
343	17462	1	0.24	0	NA
343	17462	2	1.04	0	NA
343	17462	3	0.2205	0	NA
343	17490	1	0.13	0	NA
343	17490	2	0.54	0	NA
343	17490	3	0.1433	0	NA
343	17519	1	0.05	0	NA
343	17519	2	0.31	0	NA
343	17519	3	0.2507	0	NA
343	17553	1	NA	1	0.05
343	17553	2	0.21	0	NA
343	17553	3	0.05	0	NA
343	17581	1	NA	1	0.05
343	17581	2	0.29	0	NA
343	17581	3	0.0339	0	NA
343	17602	1	NA	1	0.05
343	17602	2	0.25	0	NA
343	17602	3	0.051	0	NA
343	17625	1	NA	1	0.05
343	17625	2	0.16	0	NA
343	17625	3	0.024	0	NA
343	17680	1	NA	1	0.05
343	17680	2	0.5	0	NA
343	17680	3	0.1367	0	NA
344	17344	1	NA	1	0.05
344	17344	2	0.24	0	NA
344	17344	3	0.038	0	NA
344	17372	1	0.07	0	NA
344	17372	2	0.17	0	NA
344	17372	3	0.04	0	NA
344	17399	1	NA	1	0.05
344	17399	2	0.1	0	NA
344	17399	3	NA	1	0.02
344	17434	1	NA	1	0.05
344	17434	2	0.18	0	NA
344	17434	3	NA	1	0.02
344	17462	1	NA	1	0.05
344	17462	2	0.2	0	NA
344	17462	3	NA	1	0.02
344	17490	1	NA	1	0.05
344	17490	2	0.12	0	NA
344	17490	3	NA	1	0.02
344	17519	1	NA	1	0.05
344	17519	2	0.53	0	NA
344	17519	3	0.1182	0	NA
344	17553	1	NA	1	0.05
344	17553	2	0.15	0	NA
344	17553	3	NA	1	0.02
344	17581	1	NA	1	0.05
344	17581	2	0.17	0	NA
344	17581	3	NA	1	0.02
344	17602	1	NA	1	0.05
344	17602	2	0.21	0	NA
344	17602	3	0.037	0	NA
344	17625	1	NA	1	0.05
344	17625	2	NA	1	0.1
344	17625	3	0.021	0	NA
344	17680	1	NA	1	0.05
344	17680	2	0.13	0	NA
344	17680	3	0.041	0	NA
345	16195	1	NA	1	0.1
345	16195	2	0.14	0	NA
345	16231	1	NA	1	0.1
345	16231	2	0.24	0	NA
345	16259	1	NA	1	0.1
345	16259	2	NA	1	0.1
345	16294	1	NA	1	0.1
345	16294	2	0.1	0	NA
345	16329	1	NA	1	0.1
345	16329	2	NA	1	0.1
345	16370	1	NA	1	0.1
345	16370	2	NA	1	0.1
346	16195	1	NA	1	0.1
346	16195	2	0.12	0	NA
346	16231	1	NA	1	0.1
346	16231	2	0.1	0	NA
346	16259	1	NA	1	0.1
346	16259	2	0.1	0	NA
346	16294	1	NA	1	0.1
346	16294	2	NA	1	0.1
346	16329	1	NA	1	0.1
346	16329	2	0.12	0	NA
346	16370	1	NA	1	0.1
346	16370	2	0.12	0	NA
347	16195	1	NA	1	0.1
347	16195	2	NA	1	0.1
347	16231	1	NA	1	0.1
347	16231	2	0.13	0	NA
347	16259	1	NA	1	0.1
347	16259	2	0.14	0	NA
347	16294	1	NA	1	0.1
347	16294	2	NA	1	0.1
347	16329	1	NA	1	0.1
347	16329	2	0.15	0	NA
347	16370	1	NA	1	0.1
347	16370	2	0.18	0	NA
348	16573	1	NA	1	0.05
348	16573	2	0.15	0	NA
348	16573	3	0.0591	0	NA
348	16588	1	NA	1	0.05
348	16588	2	0.13	0	NA
348	16588	3	0.0712	0	NA
348	16616	1	NA	1	0.05
348	16616	2	0.18	0	NA
348	16616	3	0.0509	0	NA
348	16644	1	NA	1	0.05
348	16644	2	NA	1	0.1
348	16644	3	0.09	0	NA
348	16672	1	NA	1	0.05
348	16672	2	0.13	0	NA
348	16672	3	0.0692	0	NA
348	16700	1	NA	1	0.05
348	16700	2	0.12	0	NA
348	16700	3	0.0397	0	NA
348	16735	1	NA	1	0.05
348	16735	2	0.15	0	NA
348	16735	3	0.04	0	NA
348	16763	1	0.05	0	NA
348	16763	2	0.17	0	NA
348	16763	3	0.032	0	NA
348	16804	1	NA	1	0.05
348	16804	2	NA	1	0.1
348	16804	3	0.0363	0	NA
348	16833	1	NA	1	0.05
348	16833	2	0.23	0	NA
348	16833	3	0.0414	0	NA
348	16860	1	NA	1	0.05
348	16860	2	NA	1	0.1
348	16860	3	0.0668	0	NA
348	16895	1	NA	1	0.05
348	16895	2	0.38	0	NA
348	16895	3	0.0517	0	NA
348	16923	1	0.09	0	NA
348	16923	2	0.14	0	NA
348	16923	3	0.062	0	NA
349	16573	1	NA	1	0.05
349	16573	2	0.13	0	NA
349	16573	3	0.0689	0	NA
349	16588	1	NA	1	0.05
349	16588	2	0.13	0	NA
349	16588	3	0.0656	0	NA
349	16616	1	0.07	0	NA
349	16616	2	0.21	0	NA
349	16616	3	0.0296	0	NA
349	16644	1	NA	1	0.05
349	16644	2	NA	1	0.1
349	16644	3	0.053	0	NA
349	16672	1	NA	1	0.05
349	16672	2	0.17	0	NA
349	16672	3	0.0631	0	NA
349	16700	1	NA	1	0.05
349	16700	2	0.19	0	NA
349	16700	3	0.044	0	NA
349	16735	1	NA	1	0.05
349	16735	2	NA	1	0.1
349	16735	3	0.04	0	NA
349	16763	1	NA	1	0.05
349	16763	2	NA	1	0.1
349	16763	3	0.033	0	NA
349	16804	1	NA	1	0.05
349	16804	2	0.12	0	NA
349	16804	3	0.0339	0	NA
349	16833	1	NA	1	0.05
349	16833	2	0.2	0	NA
349	16833	3	0.0315	0	NA
349	16860	1	NA	1	0.05
349	16860	2	0.22	0	NA
349	16860	3	0.0417	0	NA
349	16895	1	NA	1	0.05
349	16895	2	0.16	0	NA
349	16895	3	0.0428	0	NA
349	16923	1	NA	1	0.05
349	16923	2	0.27	0	NA
349	16923	3	0.0458	0	NA
350	16573	1	NA	1	0.05
350	16573	2	NA	1	0.1
350	16573	3	0.0445	0	NA
350	16588	1	NA	1	0.05
350	16588	2	0.2	0	NA
350	16588	3	0.057	0	NA
350	16616	1	NA	1	0.05
350	16616	2	0.11	0	NA
350	16616	3	0.0322	0	NA
350	16644	1	NA	1	0.05
350	16644	2	NA	1	0.1
350	16644	3	0.042	0	NA
350	16672	1	NA	1	0.05
350	16672	2	NA	1	0.1
350	16672	3	0.0331	0	NA
350	16700	1	0.05	0	NA
350	16700	2	0.19	0	NA
350	16700	3	0.043	0	NA
350	16735	1	NA	1	0.05
350	16735	2	NA	1	0.1
350	16735	3	0.04	0	NA
350	16763	1	0.34	0	NA
350	16763	2	0.14	0	NA
350	16763	3	0.036	0	NA
350	16804	1	NA	1	0.05
350	16804	2	0.11	0	NA
350	16804	3	0.0664	0	NA
350	16833	1	NA	1	0.05
350	16833	2	0.2	0	NA
350	16833	3	0.1092	0	NA
350	16860	1	NA	1	0.05
350	16860	2	NA	1	0.1
350	16860	3	0.0876	0	NA
350	16895	1	NA	1	0.05
350	16895	2	0.27	0	NA
350	16895	3	0.0573	0	NA
350	16923	1	NA	1	0.05
350	16923	2	NA	1	0.1
350	16923	3	0.0636	0	NA
351	16965	1	NA	1	0.05
351	16965	2	0.57	0	NA
351	16965	3	0.1868	0	NA
351	16986	1	0.6	0	NA
351	16986	2	NA	1	0.1
351	16986	3	0.4344	0	NA
351	17029	1	NA	1	0.05
351	17029	2	NA	1	0.1
351	17029	3	0.1715	0	NA
351	17063	1	NA	1	0.05
351	17063	2	NA	1	0.1
351	17063	3	0.0963	0	NA
351	17091	1	NA	1	0.05
351	17091	2	NA	1	0.1
351	17091	3	0.0383	0	NA
351	17112	1	NA	1	0.05
351	17112	2	NA	1	0.1
351	17112	3	0.0738	0	NA
351	17133	1	0.32	0	NA
351	17133	2	0.17	0	NA
351	17133	3	0.0889	0	NA
351	17175	1	0.24	0	NA
351	17175	2	0.25	0	NA
351	17175	3	0.1198	0	NA
351	17203	1	NA	1	0.05
351	17203	2	0.2	0	NA
351	17203	3	0.0689	0	NA
351	17224	1	0.09	0	NA
351	17224	2	0.19	0	NA
351	17224	3	0.0657	0	NA
351	17259	1	NA	1	0.05
351	17259	2	0.25	0	NA
351	17259	3	NA	1	0.02
351	17295	1	0.06	0	NA
351	17295	2	0.73	0	NA
351	17295	3	0.041	0	NA
352	16965	1	0.26	0	NA
352	16965	2	0.47	0	NA
352	16965	3	0.3375	0	NA
352	16986	1	0.72	0	NA
352	16986	2	NA	1	0.1
352	16986	3	0.7225	0	NA
352	17029	1	NA	1	0.05
352	17029	2	NA	1	0.1
352	17029	3	0.1193	0	NA
352	17063	1	NA	1	0.05
352	17063	2	NA	1	0.1
352	17063	3	0.1134	0	NA
352	17091	1	NA	1	0.05
352	17091	2	NA	1	0.1
352	17091	3	0.0687	0	NA
352	17112	1	NA	1	0.05
352	17112	2	NA	1	0.1
352	17112	3	0.1035	0	NA
352	17133	1	NA	1	0.05
352	17133	2	0.34	0	NA
352	17133	3	0.0781	0	NA
352	17175	1	NA	1	0.05
352	17175	2	0.16	0	NA
352	17175	3	0.051	0	NA
352	17203	1	NA	1	0.05
352	17203	2	0.15	0	NA
352	17203	3	0.0637	0	NA
352	17224	1	NA	1	0.05
352	17224	2	0.13	0	NA
352	17224	3	0.0573	0	NA
352	17259	1	NA	1	0.05
352	17259	2	0.2	0	NA
352	17259	3	0.0206	0	NA
352	17295	1	NA	1	0.05
352	17295	2	0.21	0	NA
352	17295	3	0.039	0	NA
353	17693	1	NA	1	0.05
353	17693	2	0.11	0	NA
353	17693	3	0.095	0	NA
353	17714	1	0.07	0	NA
353	17714	2	0.29	0	NA
353	17714	3	0.0614	0	NA
353	17749	1	0.05	0	NA
353	17749	2	0.21	0	NA
353	17749	3	0.1868	0	NA
353	17798	1	0.22	0	NA
353	17798	2	NA	1	0.1
353	17798	3	0.0913	0	NA
353	17827	1	0.13	0	NA
353	17827	2	1.41	0	NA
353	17827	3	0.1138	0	NA
353	17854	1	1.61	0	NA
353	17854	2	NA	1	0.1
353	17854	3	0.1253	0	NA
353	17883	1	1.01	0	NA
353	17883	2	0.85	0	NA
353	17883	3	0.0507	0	NA
354	17336	1	2.17	0	NA
354	17336	2	0.55	0	NA
354	17336	3	1.5938	0	NA
354	17350	1	NA	1	0.05
354	17350	2	0.34	0	NA
354	17350	3	0.854	0	NA
354	17400	1	0.16	0	NA
354	17400	2	0.52	0	NA
354	17400	3	0.468	0	NA
354	17434	1	0.06	0	NA
354	17434	2	0.39	0	NA
354	17434	3	0.698	0	NA
354	17456	1	0.53	0	NA
354	17456	2	0.72	0	NA
354	17456	3	1.695	0	NA
354	17497	1	0.05	0	NA
354	17497	2	0.26	0	NA
354	17497	3	0.403	0	NA
354	17512	1	0.58	0	NA
354	17512	2	0.35	0	NA
354	17512	3	0.9811	0	NA
354	17539	1	0.59	0	NA
354	17539	2	0.23	0	NA
354	17539	3	0.2996	0	NA
354	17567	1	0.55	0	NA
354	17567	2	0.15	0	NA
354	17567	3	0.129	0	NA
354	17609	1	NA	1	0.05
354	17609	2	0.37	0	NA
354	17609	3	0.104	0	NA
354	17637	1	NA	1	0.05
354	17637	2	0.15	0	NA
354	17637	3	0.0851	0	NA
354	17680	1	NA	1	0.05
354	17680	2	NA	1	0.1
354	17680	3	0.3852	0	NA
355	17336	1	0.52	0	NA
355	17336	2	0.2	0	NA
355	17336	3	0.6687	0	NA
355	17350	1	0.26	0	NA
355	17350	2	0.13	0	NA
355	17350	3	0.4131	0	NA
355	17400	1	NA	1	0.05
355	17400	2	0.13	0	NA
355	17400	3	0.328	0	NA
355	17434	1	NA	1	0.05
355	17434	2	NA	1	0.1
355	17434	3	0.084	0	NA
355	17456	1	0.07	0	NA
355	17456	2	0.24	0	NA
355	17456	3	0.2759	0	NA
355	17497	1	0.12	0	NA
355	17497	2	0.18	0	NA
355	17497	3	0.418	0	NA
355	17512	1	0.54	0	NA
355	17512	2	0.15	0	NA
355	17512	3	0.5636	0	NA
355	17539	1	0.81	0	NA
355	17539	2	0.37	0	NA
355	17539	3	0.1225	0	NA
355	17567	1	0.05	0	NA
355	17567	2	0.19	0	NA
355	17567	3	0.263	0	NA
355	17609	1	0.21	0	NA
355	17609	2	0.17	0	NA
355	17609	3	0.11	0	NA
355	17637	1	NA	1	0.05
355	17637	2	0.19	0	NA
355	17637	3	0.0703	0	NA
355	17680	1	NA	1	0.05
355	17680	2	0.14	0	NA
355	17680	3	0.1145	0	NA
356	17336	1	NA	1	0.05
356	17336	2	0.18	0	NA
356	17336	3	0.091	0	NA
356	17350	1	0.05	0	NA
356	17350	2	0.12	0	NA
356	17350	3	0.1674	0	NA
356	17400	1	NA	1	0.05
356	17400	2	0.14	0	NA
356	17400	3	0.021	0	NA
356	17434	1	NA	1	0.05
356	17434	2	0.38	0	NA
356	17434	3	0.026	0	NA
356	17456	1	NA	1	0.05
356	17456	2	0.17	0	NA
356	17456	3	0.0323	0	NA
356	17497	1	0.12	0	NA
356	17497	2	0.9	0	NA
356	17497	3	0.173	0	NA
356	17512	1	0.36	0	NA
356	17512	2	1.52	0	NA
356	17512	3	0.1609	0	NA
356	17539	1	0.36	0	NA
356	17539	2	0.36	0	NA
356	17539	3	0.2958	0	NA
356	17567	1	0.65	0	NA
356	17567	2	0.26	0	NA
356	17567	3	0.126	0	NA
356	17609	1	0.28	0	NA
356	17609	2	0.26	0	NA
356	17609	3	0.138	0	NA
356	17637	1	NA	1	0.05
356	17637	2	0.38	0	NA
356	17637	3	0.165	0	NA
356	17680	1	0.38	0	NA
356	17680	2	0.18	0	NA
356	17680	3	0.0812	0	NA
357	17700	1	0.26	0	NA
357	17700	2	0.4	0	NA
357	17700	3	0.3327	0	NA
357	17743	1	0.33	0	NA
357	17743	2	0.18	0	NA
357	17743	3	0.2132	0	NA
357	17770	1	NA	1	0.05
357	17770	2	0.17	0	NA
357	17770	3	0.1896	0	NA
357	17798	1	NA	1	0.05
357	17798	2	0.12	0	NA
357	17798	3	0.1078	0	NA
357	17827	1	0.06	0	NA
357	17827	2	0.17	0	NA
357	17827	3	0.057	0	NA
357	17854	1	NA	1	0.05
357	17854	2	NA	1	0.1
357	17854	3	0.141	0	NA
357	17876	1	0.05	0	NA
357	17876	2	0.19	0	NA
357	17876	3	0.1123	0	NA
358	16195	1	NA	1	0.1
358	16195	2	0.1	0	NA
358	16245	1	NA	1	0.1
358	16245	2	NA	1	0.1
358	16274	1	0.12	0	NA
358	16274	2	0.13	0	NA
358	16308	1	NA	1	0.1
358	16308	2	NA	1	0.1
358	16342	1	NA	1	0.1
358	16342	2	0.11	0	NA
358	16392	1	0.28	0	NA
358	16392	2	0.11	0	NA
359	17336	1	NA	1	0.05
359	17336	2	0.11	0	NA
359	17336	3	NA	1	0.02
359	17351	1	NA	1	0.05
359	17351	2	0.16	0	NA
359	17351	3	NA	1	0.02
359	17385	1	NA	1	0.05
359	17385	2	0.12	0	NA
359	17385	3	NA	1	0.02
359	17435	1	NA	1	0.05
359	17435	2	0.12	0	NA
359	17435	3	NA	1	0.02
359	17456	1	0.06	0	NA
359	17456	2	0.22	0	NA
359	17456	3	NA	1	0.02
359	17476	1	NA	1	0.05
359	17476	2	0.13	0	NA
359	17476	3	NA	1	0.02
359	17504	1	0.37	0	NA
359	17504	2	2.18	0	NA
359	17504	3	NA	1	0.02
359	17533	1	0.46	0	NA
359	17533	2	3.19	0	NA
359	17533	3	0.033	0	NA
359	17560	1	0.05	0	NA
359	17560	2	0.34	0	NA
359	17560	3	0.026	0	NA
359	17575	1	0.12	0	NA
359	17575	2	1.26	0	NA
359	17575	3	NA	1	0.02
359	17637	1	NA	1	0.05
359	17637	2	0.24	0	NA
359	17637	3	NA	1	0.02
359	17666	1	NA	1	0.05
359	17666	2	0.11	0	NA
359	17666	3	NA	1	0.02
360	17336	1	0.15	0	NA
360	17336	2	0.33	0	NA
360	17336	3	0.093	0	NA
360	17351	1	0.33	0	NA
360	17351	2	0.3	0	NA
360	17351	3	0.0716	0	NA
360	17385	1	0.12	0	NA
360	17385	2	0.13	0	NA
360	17385	3	0.047	0	NA
360	17435	1	NA	1	0.05
360	17435	2	0.19	0	NA
360	17435	3	0.055	0	NA
360	17456	1	0.06	0	NA
360	17456	2	0.26	0	NA
360	17456	3	0.0364	0	NA
360	17476	1	0.21	0	NA
360	17476	2	0.28	0	NA
360	17476	3	0.026	0	NA
360	17504	1	0.07	0	NA
360	17504	2	0.45	0	NA
360	17504	3	0.0213	0	NA
360	17533	1	0.11	0	NA
360	17533	2	0.38	0	NA
360	17533	3	0.03	0	NA
360	17560	1	0.08	0	NA
360	17560	2	1.39	0	NA
360	17560	3	NA	1	0.02
360	17575	1	0.16	0	NA
360	17575	2	0.2	0	NA
360	17575	3	0.02	0	NA
360	17637	1	NA	1	0.05
360	17637	2	0.29	0	NA
360	17637	3	NA	1	0.02
360	17666	1	NA	1	0.05
360	17666	2	0.43	0	NA
360	17666	3	0.1089	0	NA
361	17336	1	0.07	0	NA
361	17336	2	0.28	0	NA
361	17336	3	0.024	0	NA
361	17351	1	0.05	0	NA
361	17351	2	0.35	0	NA
361	17351	3	0.0284	0	NA
361	17385	1	0.09	0	NA
361	17385	2	0.35	0	NA
361	17385	3	0.042	0	NA
361	17435	1	0.08	0	NA
361	17435	2	0.4	0	NA
361	17435	3	0.027	0	NA
361	17456	1	0.14	0	NA
361	17456	2	0.71	0	NA
361	17456	3	0.0263	0	NA
361	17476	1	0.11	0	NA
361	17476	2	0.44	0	NA
361	17476	3	0.051	0	NA
361	17504	1	0.05	0	NA
361	17504	2	0.36	0	NA
361	17504	3	0.0263	0	NA
361	17533	1	NA	1	0.05
361	17533	2	0.21	0	NA
361	17533	3	0.028	0	NA
361	17560	1	NA	1	0.05
361	17560	2	0.32	0	NA
361	17560	3	NA	1	0.02
361	17575	1	0.06	0	NA
361	17575	2	0.28	0	NA
361	17575	3	0.0252	0	NA
361	17637	1	0.18	0	NA
361	17637	2	1	0	NA
361	17637	3	NA	1	0.02
361	17666	1	NA	1	0.05
361	17666	2	0.44	0	NA
361	17666	3	0.0514	0	NA
362	17714	1	NA	1	0.05
362	17714	2	0.18	0	NA
362	17714	3	NA	1	0.02
362	17736	1	NA	1	0.05
362	17736	2	0.13	0	NA
362	17736	3	NA	1	0.02
362	17771	1	NA	1	0.05
362	17771	2	0.22	0	NA
362	17771	3	0.1877	0	NA
362	17798	1	0.11	0	NA
362	17798	2	0.96	0	NA
362	17798	3	0.072	0	NA
362	17841	1	0.06	0	NA
362	17841	2	0.12	0	NA
362	17841	3	0.0251	0	NA
362	17868	1	NA	1	0.05
362	17868	2	0.23	0	NA
362	17868	3	0.0246	0	NA
362	17882	1	NA	1	0.05
362	17882	2	NA	1	0.1
362	17882	3	0.0207	0	NA
363	17714	1	0.07	0	NA
363	17714	2	0.26	0	NA
363	17714	3	NA	1	0.02
363	17736	1	NA	1	0.05
363	17736	2	0.17	0	NA
363	17736	3	NA	1	0.02
363	17771	1	NA	1	0.05
363	17771	2	0.12	0	NA
363	17771	3	0.0282	0	NA
363	17798	1	0.11	0	NA
363	17798	2	0.65	0	NA
363	17798	3	0.0538	0	NA
363	17841	1	0.24	0	NA
363	17841	2	0.11	0	NA
363	17841	3	0.022	0	NA
363	17868	1	0.13	0	NA
363	17868	2	0.32	0	NA
363	17868	3	0.0214	0	NA
363	17882	1	0.11	0	NA
363	17882	2	NA	1	0.1
363	17882	3	NA	1	0.02
364	17337	1	0.09	0	NA
364	17337	2	0.53	0	NA
364	17337	3	0.056	0	NA
364	17372	1	0.09	0	NA
364	17372	2	0.15	0	NA
364	17372	3	0.063	0	NA
364	17379	1	NA	1	0.05
364	17379	2	0.16	0	NA
364	17379	3	NA	1	0.02
364	17449	1	0.05	0	NA
364	17449	2	0.17	0	NA
364	17449	3	NA	1	0.02
364	17463	1	0.08	0	NA
364	17463	2	0.16	0	NA
364	17463	3	NA	1	0.02
364	17477	1	0.06	0	NA
364	17477	2	0.16	0	NA
364	17477	3	NA	1	0.02
364	17534	1	NA	1	0.05
364	17534	2	0.18	0	NA
364	17534	3	NA	1	0.02
364	17575	1	0.1	0	NA
364	17575	2	0.1	0	NA
364	17575	3	NA	1	0.02
364	17596	1	0.05	0	NA
364	17596	2	0.57	0	NA
364	17596	3	0.035	0	NA
364	17625	1	NA	1	0.05
364	17625	2	0.12	0	NA
364	17625	3	NA	1	0.02
364	17666	1	NA	1	0.05
364	17666	2	0.19	0	NA
364	17666	3	0.0414	0	NA
365	17371	1	2.44	0	NA
365	17371	2	0.21	0	NA
365	17371	3	2.866	0	NA
365	17406	1	1.96	0	NA
365	17406	2	1.34	0	NA
365	17406	3	3.01	0	NA
365	17434	1	2.48	0	NA
365	17434	2	1.32	0	NA
365	17434	3	1.185	0	NA
365	17463	1	4.2	0	NA
365	17463	2	0.34	0	NA
365	17463	3	1.6692	0	NA
365	17497	1	3.34	0	NA
365	17497	2	1.56	0	NA
365	17497	3	1.315	0	NA
365	17554	1	0.78	0	NA
365	17554	2	8.8	0	NA
365	17554	3	0.32	0	NA
365	17574	1	0.11	0	NA
365	17574	2	4.49	0	NA
365	17574	3	0.3556	0	NA
365	17631	1	0.08	0	NA
365	17631	2	0.85	0	NA
365	17631	3	0.677	0	NA
365	17645	1	0.14	0	NA
365	17645	2	0.31	0	NA
365	17645	3	0.8918	0	NA
365	17680	1	NA	1	0.05
365	17680	2	NA	1	0.1
365	17680	3	1.1145	0	NA
366	17371	1	NA	1	0.05
366	17371	2	NA	1	0.1
366	17371	3	0.616	0	NA
366	17406	1	NA	1	0.05
366	17406	2	0.23	0	NA
366	17406	3	0.638	0	NA
366	17434	1	NA	1	0.05
366	17434	2	0.16	0	NA
366	17434	3	0.308	0	NA
366	17463	1	2.59	0	NA
366	17463	2	0.28	0	NA
366	17463	3	0.9238	0	NA
366	17497	1	2.76	0	NA
366	17497	2	1.18	0	NA
366	17497	3	0.718	0	NA
366	17554	1	0.12	0	NA
366	17554	2	21.65	0	NA
366	17554	3	0.238	0	NA
366	17574	1	NA	1	0.05
366	17574	2	13.71	0	NA
366	17574	3	0.1747	0	NA
366	17631	1	0.06	0	NA
366	17631	2	0.31	0	NA
366	17631	3	0.233	0	NA
366	17645	1	NA	1	0.05
366	17645	2	0.19	0	NA
366	17645	3	0.6147	0	NA
366	17680	1	NA	1	0.05
366	17680	2	NA	1	0.1
366	17680	3	0.5767	0	NA
367	17337	1	0.12	0	NA
367	17337	2	0.35	0	NA
367	17337	3	0.106	0	NA
367	17372	1	0.05	0	NA
367	17372	2	0.16	0	NA
367	17372	3	NA	1	0.02
367	17407	1	0.06	0	NA
367	17407	2	0.29	0	NA
367	17407	3	NA	1	0.02
367	17441	1	0.08	0	NA
367	17441	2	0.34	0	NA
367	17441	3	NA	1	0.02
367	17463	1	0.05	0	NA
367	17463	2	0.15	0	NA
367	17463	3	NA	1	0.02
367	17477	1	NA	1	0.05
367	17477	2	0.14	0	NA
367	17477	3	NA	1	0.02
367	17553	1	NA	1	0.05
367	17553	2	0.15	0	NA
367	17553	3	NA	1	0.02
367	17574	1	NA	1	0.05
367	17574	2	0.13	0	NA
367	17574	3	NA	1	0.02
367	17624	1	0.07	0	NA
367	17624	2	0.62	0	NA
367	17624	3	0.028	0	NA
367	17645	1	NA	1	0.05
367	17645	2	0.37	0	NA
367	17645	3	0.0601	0	NA
367	17673	1	NA	1	0.05
367	17673	2	0.22	0	NA
367	17673	3	0.042	0	NA
368	16195	1	NA	1	0.1
368	16195	2	0.17	0	NA
368	16245	1	NA	1	0.1
368	16245	2	0.28	0	NA
368	16274	1	NA	1	0.1
368	16274	2	0.41	0	NA
368	16308	1	0.29	0	NA
368	16308	2	0.99	0	NA
368	16342	1	0.14	0	NA
368	16342	2	0.54	0	NA
368	16392	1	1.84	0	NA
368	16392	2	0.52	0	NA
369	16958	1	0.05	0	NA
369	16958	2	0.95	0	NA
369	16958	3	NA	1	0.02
369	16987	1	NA	1	0.05
369	16987	2	NA	1	0.1
369	16987	3	0.0302	0	NA
369	17022	1	0.08	0	NA
369	17022	2	NA	1	0.1
369	17022	3	0.0276	0	NA
369	17063	1	NA	1	0.05
369	17063	2	NA	1	0.1
369	17063	3	0.0488	0	NA
369	17085	1	0.13	0	NA
369	17085	2	0.14	0	NA
369	17085	3	0.1164	0	NA
369	17113	1	0.78	0	NA
369	17113	2	0.3	0	NA
369	17113	3	0.0786	0	NA
369	17134	1	0.94	0	NA
369	17134	2	1.08	0	NA
369	17134	3	0.0321	0	NA
369	17169	1	0.69	0	NA
369	17169	2	0.74	0	NA
369	17169	3	0.0436	0	NA
369	17211	1	0.19	0	NA
369	17211	2	1.01	0	NA
369	17211	3	0.0347	0	NA
369	17239	1	0.09	0	NA
369	17239	2	0.86	0	NA
369	17239	3	0.0303	0	NA
369	17260	1	0.14	0	NA
369	17260	2	0.51	0	NA
369	17260	3	0.0287	0	NA
369	17302	1	0.1	0	NA
369	17302	2	0.45	0	NA
369	17302	3	0.029	0	NA
370	17700	1	NA	1	0.05
370	17700	2	0.16	0	NA
370	17700	3	0.0543	0	NA
370	17715	1	NA	1	0.05
370	17715	2	0.15	0	NA
370	17715	3	0.0313	0	NA
370	17764	1	0.07	0	NA
370	17764	2	0.11	0	NA
370	17764	3	0.0399	0	NA
370	17785	1	NA	1	0.05
370	17785	2	0.13	0	NA
370	17785	3	0.0453	0	NA
370	17812	1	0.2	0	NA
370	17812	2	NA	1	0.1
370	17812	3	0.0704	0	NA
370	17861	1	0.28	0	NA
370	17861	2	0.23	0	NA
370	17861	3	0.0683	0	NA
370	17876	1	0.7	0	NA
370	17876	2	0.95	0	NA
370	17876	3	0.0358	0	NA
371	17700	1	NA	1	0.05
371	17700	2	NA	1	0.1
371	17700	3	0.1875	0	NA
371	17715	1	0.07	0	NA
371	17715	2	0.26	0	NA
371	17715	3	0.2773	0	NA
372	17700	1	NA	1	0.05
372	17700	2	NA	1	0.1
372	17700	3	0.2041	0	NA
372	17715	1	0.05	0	NA
372	17715	2	0.33	0	NA
372	17715	3	0.2143	0	NA
372	17861	1	0.24	0	NA
372	17861	2	NA	1	0.1
372	17861	3	0.0939	0	NA
372	17876	1	NA	1	0.05
372	17876	2	0.25	0	NA
372	17876	3	0.0552	0	NA
373	17337	1	0.15	0	NA
373	17337	2	0.24	0	NA
373	17337	3	0.376	0	NA
373	17357	1	0.59	0	NA
373	17357	2	0.3	0	NA
373	17357	3	0.69	0	NA
373	17379	1	0.09	0	NA
373	17379	2	0.16	0	NA
373	17379	3	0.4966	0	NA
373	17414	1	0.11	0	NA
373	17414	2	0.21	0	NA
373	17414	3	0.366	0	NA
373	17449	1	0.09	0	NA
373	17449	2	0.23	0	NA
373	17449	3	0.2378	0	NA
373	17477	1	0.08	0	NA
373	17477	2	0.36	0	NA
373	17477	3	0.304	0	NA
373	17534	1	0.66	0	NA
373	17534	2	1.76	0	NA
373	17534	3	0.859	0	NA
373	17575	1	0.09	0	NA
373	17575	2	0.42	0	NA
373	17575	3	0.8565	0	NA
373	17596	1	NA	1	0.05
373	17596	2	0.12	0	NA
373	17596	3	0.937	0	NA
373	17625	1	NA	1	0.05
373	17625	2	0.14	0	NA
373	17625	3	0.871	0	NA
373	17666	1	NA	1	0.05
373	17666	2	0.13	0	NA
373	17666	3	1.352	0	NA
374	17714	1	0.07	0	NA
374	17714	2	0.25	0	NA
374	17714	3	0.9558	0	NA
374	17868	1	1.02	0	NA
374	17868	2	0.25	0	NA
374	17868	3	0.1704	0	NA
374	17882	1	NA	1	0.05
374	17882	2	0.36	0	NA
374	17882	3	0.142	0	NA
375	17714	1	0.16	0	NA
375	17714	2	0.7	0	NA
375	17714	3	0.7471	0	NA
375	17736	1	NA	1	0.05
375	17736	2	NA	1	0.1
375	17736	3	2.9516	0	NA
375	17771	1	0.16	0	NA
375	17771	2	1.05	0	NA
375	17771	3	3.411	0	NA
375	17798	1	0.15	0	NA
375	17798	2	7.81	0	NA
375	17798	3	0.649	0	NA
375	17841	1	0.79	0	NA
375	17841	2	2.41	0	NA
375	17841	3	0.3399	0	NA
375	17868	1	0.81	0	NA
375	17868	2	1.42	0	NA
375	17868	3	0.8398	0	NA
375	17882	1	NA	1	0.05
375	17882	2	0.12	0	NA
375	17882	3	0.6219	0	NA
376	17714	1	0.06	0	NA
376	17714	2	0.26	0	NA
376	17714	3	0.0918	0	NA
376	17868	1	NA	1	0.05
376	17868	2	NA	1	0.1
376	17868	3	0.1438	0	NA
376	17882	1	NA	1	0.05
376	17882	2	NA	1	0.1
376	17882	3	0.2264	0	NA
377	17714	1	0.06	0	NA
377	17714	2	0.27	0	NA
377	17714	3	0.1902	0	NA
377	17868	1	NA	1	0.05
377	17868	2	0.24	0	NA
377	17868	3	0.2251	0	NA
377	17882	1	NA	1	0.05
377	17882	2	NA	1	0.1
377	17882	3	0.181	0	NA
378	16839	1	0.88	0	NA
378	16839	2	2.35	0	NA
378	16839	3	0.311	0	NA
378	16867	1	NA	1	0.05
378	16867	2	5.67	0	NA
378	16867	3	0.279	0	NA
378	16902	1	NA	1	0.05
378	16902	2	2.74	0	NA
378	16902	3	0.1809	0	NA
378	16930	1	0.62	0	NA
378	16930	2	0.78	0	NA
378	16930	3	0.2585	0	NA
378	16958	1	NA	1	0.05
378	16958	2	11.1	0	NA
378	16958	3	0.257	0	NA
378	16987	1	0.36	0	NA
378	16987	2	0.31	0	NA
378	16987	3	0.5193	0	NA
378	17022	1	0.62	0	NA
378	17022	2	NA	1	0.1
378	17022	3	0.1454	0	NA
378	17057	1	0.78	0	NA
378	17057	2	NA	1	0.1
378	17057	3	1.7944	0	NA
378	17085	1	0.53	0	NA
378	17085	2	15.77	0	NA
378	17085	3	1.5504	0	NA
378	17113	1	3.08	0	NA
378	17113	2	2.74	0	NA
378	17113	3	0.5754	0	NA
378	17134	1	0.33	0	NA
378	17134	2	2.66	0	NA
378	17134	3	0.1921	0	NA
378	17169	1	1.34	0	NA
378	17169	2	3.17	0	NA
378	17169	3	0.1932	0	NA
378	17211	1	0.79	0	NA
378	17211	2	1.32	0	NA
378	17211	3	0.2433	0	NA
378	17239	1	0.21	0	NA
378	17239	2	1.55	0	NA
378	17239	3	0.2112	0	NA
378	17260	1	NA	1	0.05
378	17260	2	1.85	0	NA
378	17260	3	0.2461	0	NA
378	17302	1	0.58	0	NA
378	17302	2	1.24	0	NA
378	17302	3	0.508	0	NA
378	17337	1	1.87	0	NA
378	17337	2	1.69	0	NA
378	17337	3	2.912	0	NA
378	17357	1	1.43	0	NA
378	17357	2	2.24	0	NA
378	17357	3	1.9318	0	NA
378	17379	1	NA	1	0.05
378	17379	2	2.34	0	NA
378	17379	3	0.791	0	NA
378	17414	1	0.23	0	NA
378	17414	2	1.92	0	NA
378	17414	3	0.7419	0	NA
378	17456	1	0.94	0	NA
378	17456	2	3.02	0	NA
378	17456	3	0.3754	0	NA
378	17491	1	1.14	0	NA
378	17491	2	2.11	0	NA
378	17491	3	1.9144	0	NA
378	17547	1	0.87	0	NA
378	17547	2	3.85	0	NA
378	17547	3	0.183	0	NA
378	17589	1	2.16	0	NA
378	17589	2	1.71	0	NA
378	17589	3	0.505	0	NA
378	17616	1	0.76	0	NA
378	17616	2	2.48	0	NA
378	17616	3	0.132	0	NA
378	17645	1	NA	1	0.05
378	17645	2	1.49	0	NA
378	17645	3	0.5026	0	NA
378	17750	1	1.68	0	NA
378	17750	2	1.94	0	NA
378	17750	3	2.7937	0	NA
378	17771	1	NA	1	0.05
378	17771	2	1.69	0	NA
378	17771	3	1.1132	0	NA
378	17799	1	0.21	0	NA
378	17799	2	0.76	0	NA
378	17799	3	0.9855	0	NA
378	17820	1	1.05	0	NA
378	17820	2	20.79	0	NA
378	17820	3	0.6714	0	NA
378	17862	1	0.73	0	NA
378	17862	2	10.19	0	NA
378	17862	3	0.216	0	NA
378	17882	1	NA	1	0.05
378	17882	2	1.71	0	NA
378	17882	3	0.4065	0	NA
379	17771	1	NA	1	0.05
379	17771	2	1.65	0	NA
379	17771	3	1.2822	0	NA
380	16216	1	NA	1	0.1
380	16216	2	6.31	0	NA
380	16245	1	NA	1	0.1
380	16245	2	NA	1	0.1
380	16274	1	NA	1	0.1
380	16274	2	4.55	0	NA
380	16308	1	NA	1	0.1
380	16308	2	3.96	0	NA
380	16342	1	NA	1	0.1
380	16342	2	4.19	0	NA
380	16392	1	0.51	0	NA
380	16392	2	6.48	0	NA
381	17336	1	0.34	0	NA
381	17336	2	0.8	0	NA
381	17336	3	0.167	0	NA
381	17351	1	NA	1	0.05
381	17351	2	0.36	0	NA
381	17351	3	0.2197	0	NA
381	17385	1	0.25	0	NA
381	17385	2	0.5	0	NA
381	17385	3	0.282	0	NA
381	17435	1	0.08	0	NA
381	17435	2	0.41	0	NA
381	17435	3	0.102	0	NA
381	17456	1	0.11	0	NA
381	17456	2	0.46	0	NA
381	17456	3	0.0895	0	NA
381	17476	1	0.09	0	NA
381	17476	2	0.42	0	NA
381	17476	3	0.261	0	NA
381	17504	1	0.06	0	NA
381	17504	2	0.25	0	NA
381	17504	3	0.0351	0	NA
381	17533	1	0.06	0	NA
381	17533	2	6.95	0	NA
381	17533	3	0.1106	0	NA
381	17560	1	NA	1	0.05
381	17560	2	0.26	0	NA
381	17560	3	0.047	0	NA
381	17575	1	NA	1	0.05
381	17575	2	0.15	0	NA
381	17575	3	0.0573	0	NA
381	17637	1	NA	1	0.05
381	17637	2	0.26	0	NA
381	17637	3	0.0724	0	NA
381	17666	1	NA	1	0.05
381	17666	2	0.19	0	NA
381	17666	3	0.0514	0	NA
382	17336	1	0.09	0	NA
382	17336	2	0.38	0	NA
382	17336	3	0.419	0	NA
382	17351	1	1.94	0	NA
382	17351	2	0.55	0	NA
382	17351	3	0.2142	0	NA
382	17435	1	0.15	0	NA
382	17435	2	0.47	0	NA
382	17435	3	0.12	0	NA
382	17456	1	2.05	0	NA
382	17456	2	1.4	0	NA
382	17456	3	0.219	0	NA
382	17476	1	2.57	0	NA
382	17476	2	2.24	0	NA
382	17476	3	0.593	0	NA
382	17504	1	NA	1	0.05
382	17504	2	NA	1	0.1
382	17504	3	0.1495	0	NA
382	17533	1	0.22	0	NA
382	17533	2	0.65	0	NA
382	17533	3	0.118	0	NA
382	17560	1	0.05	0	NA
382	17560	2	0.36	0	NA
382	17560	3	0.067	0	NA
382	17575	1	0.06	0	NA
382	17575	2	0.36	0	NA
382	17575	3	0.1486	0	NA
382	17637	1	0.07	0	NA
382	17637	2	0.45	0	NA
382	17637	3	0.0478	0	NA
382	17666	1	NA	1	0.05
382	17666	2	0.2	0	NA
382	17666	3	0.1424	0	NA
383	17337	1	0.1	0	NA
383	17337	2	0.34	0	NA
383	17337	3	0.025	0	NA
383	17372	1	0.09	0	NA
383	17372	2	0.17	0	NA
383	17372	3	0.02	0	NA
383	17407	1	NA	1	0.05
383	17407	2	0.14	0	NA
383	17407	3	NA	1	0.02
383	17441	1	0.08	0	NA
383	17441	2	0.31	0	NA
383	17441	3	NA	1	0.02
383	17462	1	0.06	0	NA
383	17462	2	0.25	0	NA
383	17462	3	NA	1	0.02
383	17490	1	NA	1	0.05
383	17490	2	0.15	0	NA
383	17490	3	NA	1	0.02
383	17539	1	NA	1	0.05
383	17539	2	0.17	0	NA
383	17539	3	NA	1	0.02
383	17567	1	NA	1	0.05
383	17567	2	0.33	0	NA
383	17567	3	NA	1	0.02
383	17624	1	0.06	0	NA
383	17624	2	0.16	0	NA
383	17624	3	0.022	0	NA
383	17638	1	NA	1	0.05
383	17638	2	0.19	0	NA
383	17638	3	0.0305	0	NA
383	17673	1	0.08	0	NA
383	17673	2	0.22	0	NA
383	17673	3	0.0434	0	NA
384	17337	1	0.19	0	NA
384	17337	2	0.22	0	NA
384	17337	3	0.524	0	NA
384	17372	1	NA	1	0.05
384	17372	2	0.13	0	NA
384	17372	3	0.185	0	NA
384	17407	1	0.05	0	NA
384	17407	2	0.21	0	NA
384	17407	3	0.314	0	NA
384	17441	1	0.07	0	NA
384	17441	2	0.35	0	NA
384	17441	3	0.127	0	NA
384	17462	1	0.06	0	NA
384	17462	2	0.24	0	NA
384	17462	3	0.1466	0	NA
384	17490	1	NA	1	0.05
384	17490	2	0.26	0	NA
384	17490	3	0.2279	0	NA
384	17553	1	0.14	0	NA
384	17553	2	1.91	0	NA
384	17553	3	0.11	0	NA
384	17567	1	0.05	0	NA
384	17567	2	0.76	0	NA
384	17567	3	0.035	0	NA
384	17624	1	0.05	0	NA
384	17624	2	1.33	0	NA
384	17624	3	0.108	0	NA
384	17638	1	NA	1	0.05
384	17638	2	0.17	0	NA
384	17638	3	0.0855	0	NA
384	17673	1	NA	1	0.05
384	17673	2	0.23	0	NA
384	17673	3	0.0765	0	NA
385	17336	1	0.13	0	NA
385	17336	2	0.4	0	NA
385	17336	3	0.387	0	NA
385	17351	1	NA	1	0.05
385	17351	2	0.18	0	NA
385	17351	3	0.4326	0	NA
385	17385	1	0.19	0	NA
385	17385	2	0.36	0	NA
385	17385	3	0.591	0	NA
385	17435	1	0.08	0	NA
385	17435	2	0.27	0	NA
385	17435	3	0.37	0	NA
385	17456	1	0.08	0	NA
385	17456	2	0.25	0	NA
385	17456	3	0.4643	0	NA
385	17476	1	0.24	0	NA
385	17476	2	0.24	0	NA
385	17476	3	0.439	0	NA
385	17504	1	0.09	0	NA
385	17504	2	0.65	0	NA
385	17504	3	0.7946	0	NA
385	17533	1	0.9	0	NA
385	17533	2	8.63	0	NA
385	17533	3	0.514	0	NA
385	17560	1	0.22	0	NA
385	17560	2	1.92	0	NA
385	17560	3	0.424	0	NA
385	17575	1	0.12	0	NA
385	17575	2	0.79	0	NA
385	17575	3	0.5243	0	NA
385	17637	1	NA	1	0.05
385	17637	2	0.33	0	NA
385	17637	3	0.5507	0	NA
385	17666	1	NA	1	0.05
385	17666	2	0.18	0	NA
385	17666	3	0.6195	0	NA
386	16958	1	0.14	0	NA
386	16958	2	1.09	0	NA
386	16958	3	0.236	0	NA
386	16987	1	0.1	0	NA
386	16987	2	NA	1	0.1
386	16987	3	0.2893	0	NA
386	17022	1	0.09	0	NA
386	17022	2	NA	1	0.1
386	17022	3	0.1844	0	NA
386	17057	1	0.2	0	NA
386	17057	2	NA	1	0.1
386	17057	3	0.1955	0	NA
386	17085	1	0.09	0	NA
386	17085	2	0.12	0	NA
386	17085	3	0.1026	0	NA
386	17113	1	0.25	0	NA
386	17113	2	0.21	0	NA
386	17113	3	0.2991	0	NA
386	17134	1	0.1	0	NA
386	17134	2	0.57	0	NA
386	17134	3	0.0866	0	NA
386	17169	1	0.15	0	NA
386	17169	2	0.35	0	NA
386	17169	3	0.1539	0	NA
386	17211	1	0.07	0	NA
386	17211	2	0.68	0	NA
386	17211	3	0.0767	0	NA
386	17239	1	0.08	0	NA
386	17239	2	0.28	0	NA
386	17239	3	0.0884	0	NA
386	17260	1	0.12	0	NA
386	17260	2	0.27	0	NA
386	17260	3	0.2006	0	NA
386	17302	1	0.06	0	NA
386	17302	2	0.33	0	NA
386	17302	3	0.163	0	NA
387	17336	1	0.06	0	NA
387	17336	2	0.24	0	NA
387	17336	3	0.12	0	NA
387	17351	1	NA	1	0.05
387	17351	2	0.16	0	NA
387	17351	3	0.0793	0	NA
387	17385	1	0.06	0	NA
387	17385	2	0.14	0	NA
387	17385	3	NA	1	0.02
387	17435	1	0.05	0	NA
387	17435	2	0.32	0	NA
387	17435	3	0.043	0	NA
387	17476	1	0.06	0	NA
387	17476	2	0.25	0	NA
387	17476	3	NA	1	0.02
387	17504	1	NA	1	0.05
387	17504	2	0.18	0	NA
387	17504	3	0.0435	0	NA
387	17533	1	0.06	0	NA
387	17533	2	15.05	0	NA
387	17533	3	0.1914	0	NA
387	17560	1	NA	1	0.05
387	17560	2	0.14	0	NA
387	17560	3	NA	1	0.02
387	17575	1	0.07	0	NA
387	17575	2	0.17	0	NA
387	17575	3	NA	1	0.02
387	17637	1	NA	1	0.05
387	17637	2	0.3	0	NA
387	17637	3	0.0644	0	NA
387	17666	1	NA	1	0.05
387	17666	2	0.27	0	NA
387	17666	3	0.1332	0	NA
388	17701	1	0.15	0	NA
388	17701	2	0.11	0	NA
388	17701	3	0.0446	0	NA
388	17721	1	0.21	0	NA
388	17721	2	0.14	0	NA
388	17721	3	0.0516	0	NA
388	17763	1	0.09	0	NA
388	17763	2	0.17	0	NA
388	17763	3	0.0275	0	NA
388	17777	1	0.09	0	NA
388	17777	2	0.27	0	NA
388	17777	3	0.0264	0	NA
388	17820	1	0.27	0	NA
388	17820	2	0.51	0	NA
388	17820	3	0.0377	0	NA
388	17862	1	2.39	0	NA
388	17862	2	2.38	0	NA
388	17862	3	0.0228	0	NA
388	17876	1	1.64	0	NA
388	17876	2	5.16	0	NA
388	17876	3	0.0232	0	NA
389	17337	1	0.07	0	NA
389	17337	2	0.27	0	NA
389	17337	3	0.146	0	NA
389	17372	1	2.45	0	NA
389	17372	2	0.2	0	NA
389	17372	3	0.54	0	NA
389	17407	1	NA	1	0.05
389	17407	2	0.23	0	NA
389	17407	3	NA	1	0.02
389	17441	1	0.08	0	NA
389	17441	2	0.22	0	NA
389	17441	3	0.052	0	NA
389	17462	1	NA	1	0.05
389	17462	2	0.12	0	NA
389	17462	3	NA	1	0.02
389	17490	1	NA	1	0.05
389	17490	2	0.13	0	NA
389	17490	3	NA	1	0.02
389	17539	1	NA	1	0.05
389	17539	2	0.14	0	NA
389	17539	3	0.0407	0	NA
389	17567	1	NA	1	0.05
389	17567	2	0.14	0	NA
389	17567	3	NA	1	0.02
389	17624	1	0.05	0	NA
389	17624	2	0.54	0	NA
389	17624	3	0.06	0	NA
389	17638	1	NA	1	0.05
389	17638	2	0.14	0	NA
389	17638	3	0.0831	0	NA
389	17673	1	NA	1	0.05
389	17673	2	0.12	0	NA
389	17673	3	0.0559	0	NA
389	17777	1	NA	1	0.05
389	17777	2	0.16	0	NA
389	17777	3	0.0457	0	NA
390	17371	1	0.08	0	NA
390	17371	2	0.23	0	NA
390	17371	3	0.033	0	NA
390	17406	1	0.26	0	NA
390	17406	2	0.42	0	NA
390	17406	3	0.072	0	NA
390	17434	1	1.37	0	NA
390	17434	2	1.04	0	NA
390	17434	3	0.174	0	NA
390	17463	1	2.37	0	NA
390	17463	2	0.68	0	NA
390	17463	3	0.4373	0	NA
390	17497	1	0.22	0	NA
390	17497	2	0.59	0	NA
390	17497	3	0.15	0	NA
390	17554	1	NA	1	0.05
390	17554	2	0.2	0	NA
390	17554	3	0.037	0	NA
390	17574	1	NA	1	0.05
390	17574	2	0.18	0	NA
390	17574	3	0.0356	0	NA
390	17644	1	NA	1	0.05
390	17644	2	0.25	0	NA
390	17644	3	0.063	0	NA
390	17680	1	NA	1	0.05
390	17680	2	0.21	0	NA
390	17680	3	0.0447	0	NA
390	17707	1	0.06	0	NA
390	17707	2	0.17	0	NA
390	17707	3	0.0246	0	NA
391	17371	1	0.07	0	NA
391	17371	2	0.29	0	NA
391	17371	3	0.022	0	NA
391	17406	1	0.09	0	NA
391	17406	2	0.34	0	NA
391	17406	3	NA	1	0.02
391	17434	1	0.07	0	NA
391	17434	2	0.38	0	NA
391	17434	3	0.043	0	NA
391	17463	1	0.07	0	NA
391	17463	2	0.28	0	NA
391	17463	3	0.022	0	NA
391	17497	1	NA	1	0.05
391	17497	2	0.28	0	NA
391	17497	3	0.034	0	NA
391	17554	1	NA	1	0.05
391	17554	2	0.26	0	NA
391	17554	3	0.02	0	NA
391	17574	1	NA	1	0.05
391	17574	2	0.3	0	NA
391	17574	3	0.0278	0	NA
391	17644	1	0.05	0	NA
391	17644	2	0.35	0	NA
391	17644	3	0.0318	0	NA
391	17680	1	0.07	0	NA
391	17680	2	0.28	0	NA
391	17680	3	0.0313	0	NA
391	17707	1	0.07	0	NA
391	17707	2	0.28	0	NA
391	17707	3	NA	1	0.02
392	17371	1	0.07	0	NA
392	17371	2	0.36	0	NA
392	17371	3	0.056	0	NA
392	17406	1	0.07	0	NA
392	17406	2	0.46	0	NA
392	17406	3	0.036	0	NA
392	17434	1	0.1	0	NA
392	17434	2	0.5	0	NA
392	17434	3	NA	1	0.02
392	17463	1	0.11	0	NA
392	17463	2	0.47	0	NA
392	17463	3	0.0695	0	NA
392	17497	1	0.1	0	NA
392	17497	2	0.41	0	NA
392	17497	3	0.069	0	NA
392	17554	1	NA	1	0.05
392	17554	2	0.26	0	NA
392	17554	3	0.045	0	NA
392	17574	1	NA	1	0.05
392	17574	2	0.3	0	NA
392	17574	3	0.0347	0	NA
392	17644	1	NA	1	0.05
392	17644	2	0.53	0	NA
392	17644	3	0.0596	0	NA
392	17680	1	NA	1	0.05
392	17680	2	0.27	0	NA
392	17680	3	0.049	0	NA
392	17707	1	0.07	0	NA
392	17707	2	0.26	0	NA
392	17707	3	0.0629	0	NA
393	17742	1	NA	1	0.05
393	17742	2	0.17	0	NA
393	17742	3	0.2016	0	NA
393	17750	1	0.19	0	NA
393	17750	2	0.25	0	NA
393	17750	3	0.3588	0	NA
393	17785	1	0.57	0	NA
393	17785	2	0.34	0	NA
393	17785	3	0.1472	0	NA
393	17841	1	0.21	0	NA
393	17841	2	2.27	0	NA
393	17841	3	0.0604	0	NA
393	17868	1	NA	1	0.05
393	17868	2	1.58	0	NA
393	17868	3	0.0496	0	NA
393	17882	1	NA	1	0.05
393	17882	2	1.67	0	NA
393	17882	3	0.0492	0	NA
394	17441	1	0.09	0	NA
394	17441	2	0.32	0	NA
394	17441	3	NA	1	0.02
394	17462	1	0.07	0	NA
394	17462	2	0.31	0	NA
394	17462	3	NA	1	0.02
394	17490	1	NA	1	0.05
394	17490	2	0.13	0	NA
394	17490	3	NA	1	0.02
394	17539	1	NA	1	0.05
394	17539	2	0.15	0	NA
394	17539	3	NA	1	0.02
394	17567	1	NA	1	0.05
394	17567	2	0.13	0	NA
394	17567	3	NA	1	0.02
394	17624	1	0.05	0	NA
394	17624	2	0.51	0	NA
394	17624	3	NA	1	0.02
394	17638	1	NA	1	0.05
394	17638	2	0.16	0	NA
394	17638	3	NA	1	0.02
394	17673	1	0.09	0	NA
394	17673	2	0.4	0	NA
394	17673	3	0.0247	0	NA
395	17708	1	NA	1	0.05
395	17708	2	0.2	0	NA
395	17708	3	0.0632	0	NA
395	17742	1	0.07	0	NA
395	17742	2	2.94	0	NA
395	17742	3	0.1237	0	NA
395	17763	1	0.06	0	NA
395	17763	2	0.3	0	NA
395	17763	3	0.8681	0	NA
395	17777	1	0.07	0	NA
395	17777	2	0.16	0	NA
395	17777	3	0.255	0	NA
395	17862	1	0.14	0	NA
395	17862	2	0.16	0	NA
395	17862	3	0.1095	0	NA
395	17876	1	0.12	0	NA
395	17876	2	0.28	0	NA
395	17876	3	0.0846	0	NA
396	17707	1	0.07	0	NA
396	17707	2	0.14	0	NA
396	17707	3	NA	1	0.02
396	17735	1	0.06	0	NA
396	17735	2	0.1	0	NA
396	17735	3	0.0222	0	NA
396	17764	1	0.09	0	NA
396	17764	2	0.12	0	NA
396	17764	3	NA	1	0.02
396	17778	1	NA	1	0.05
396	17778	2	0.12	0	NA
396	17778	3	NA	1	0.02
396	17819	1	0.09	0	NA
396	17819	2	0.33	0	NA
396	17819	3	NA	1	0.02
396	17869	1	0.06	0	NA
396	17869	2	0.75	0	NA
396	17869	3	NA	1	0.02
396	17883	1	0.66	0	NA
396	17883	2	1.59	0	NA
396	17883	3	NA	1	0.02
397	17701	1	NA	1	0.05
397	17701	2	NA	1	0.1
397	17701	3	1.5602	0	NA
397	17721	1	1.1	0	NA
397	17721	2	0.16	0	NA
397	17721	3	2.2674	0	NA
397	17750	1	4.83	0	NA
397	17750	2	0.26	0	NA
397	17750	3	1.3561	0	NA
397	17785	1	0.93	0	NA
397	17785	2	0.25	0	NA
397	17785	3	0.9895	0	NA
397	17841	1	0.05	0	NA
397	17841	2	NA	1	0.1
397	17841	3	0.0824	0	NA
397	17868	1	NA	1	0.05
397	17868	2	NA	1	0.1
397	17868	3	0.0601	0	NA
397	17882	1	NA	1	0.05
397	17882	2	0.18	0	NA
397	17882	3	0.0929	0	NA
398	17701	1	NA	1	0.05
398	17701	2	NA	1	0.1
398	17701	3	1.1526	0	NA
399	17701	1	0.1	0	NA
399	17701	2	0.15	0	NA
399	17701	3	0.8403	0	NA
399	17721	1	0.06	0	NA
399	17721	2	0.13	0	NA
399	17721	3	0.7033	0	NA
399	17750	1	0.11	0	NA
399	17750	2	0.2	0	NA
399	17750	3	0.8544	0	NA
399	17785	1	NA	1	0.05
399	17785	2	0.2	0	NA
399	17785	3	0.5218	0	NA
399	17841	1	0.07	0	NA
399	17841	2	0.2	0	NA
399	17841	3	0.8123	0	NA
399	17868	1	NA	1	0.05
399	17868	2	NA	1	0.1
399	17868	3	0.339	0	NA
399	17882	1	NA	1	0.05
399	17882	2	NA	1	0.1
399	17882	3	0.3823	0	NA
400	17708	1	NA	1	0.05
400	17708	2	0.1	0	NA
400	17708	3	0.0728	0	NA
400	17742	1	NA	1	0.05
400	17742	2	0.1	0	NA
400	17742	3	0.0941	0	NA
400	17763	1	NA	1	0.05
400	17763	2	0.16	0	NA
400	17763	3	NA	1	0.02
400	17777	1	NA	1	0.05
400	17777	2	0.18	0	NA
400	17777	3	0.0615	0	NA
400	17820	1	0.12	0	NA
400	17820	2	0.23	0	NA
400	17820	3	NA	1	0.02
400	17862	1	0.05	0	NA
400	17862	2	NA	1	0.1
400	17862	3	0.039	0	NA
400	17876	1	0.05	0	NA
400	17876	2	0.55	0	NA
400	17876	3	0.0335	0	NA
401	17708	1	NA	1	0.05
401	17708	2	0.15	0	NA
401	17708	3	0.0451	0	NA
401	17742	1	NA	1	0.05
401	17742	2	0.11	0	NA
401	17742	3	0.0374	0	NA
401	17763	1	NA	1	0.05
401	17763	2	0.12	0	NA
401	17763	3	0.0264	0	NA
401	17777	1	NA	1	0.05
401	17777	2	0.16	0	NA
401	17777	3	0.0292	0	NA
401	17876	1	0.11	0	NA
401	17876	2	0.24	0	NA
401	17876	3	0.0364	0	NA
402	17742	1	0.39	0	NA
402	17742	2	0.34	0	NA
402	17742	3	0.3702	0	NA
402	17777	1	NA	1	0.05
402	17777	2	0.2	0	NA
402	17777	3	0.3289	0	NA
402	17876	1	0.11	0	NA
402	17876	2	0.47	0	NA
402	17876	3	0.0702	0	NA
403	16216	1	NA	1	0.1
403	16216	2	0.19	0	NA
403	16245	1	NA	1	0.1
403	16245	2	0.11	0	NA
403	16274	1	NA	1	0.1
403	16274	2	0.18	0	NA
403	16308	1	NA	1	0.1
403	16308	2	0.17	0	NA
403	16342	1	NA	1	0.1
403	16342	2	0.11	0	NA
403	16392	1	0.2	0	NA
403	16392	2	0.42	0	NA
404	16216	1	NA	1	0.1
404	16216	2	0.3	0	NA
404	16245	1	0.19	0	NA
404	16245	2	0.27	0	NA
404	16274	1	NA	1	0.1
404	16274	2	0.35	0	NA
404	16308	1	NA	1	0.1
404	16308	2	0.38	0	NA
404	16342	1	0.15	0	NA
404	16342	2	0.47	0	NA
404	16392	1	0.64	0	NA
404	16392	2	0.36	0	NA
405	16216	1	NA	1	0.1
405	16216	2	0.13	0	NA
405	16245	1	NA	1	0.1
405	16245	2	0.19	0	NA
405	16274	1	NA	1	0.1
405	16274	2	0.26	0	NA
405	16308	1	NA	1	0.1
405	16308	2	0.14	0	NA
405	16342	1	NA	1	0.1
405	16342	2	0.11	0	NA
405	16392	1	NA	1	0.1
405	16392	2	0.17	0	NA
406	17701	1	NA	1	0.05
406	17701	2	0.15	0	NA
406	17701	3	0.1162	0	NA
406	17721	1	0.06	0	NA
406	17721	2	0.24	0	NA
406	17721	3	0.0604	0	NA
406	17868	1	NA	1	0.05
406	17868	2	0.11	0	NA
406	17868	3	0.0253	0	NA
406	17882	1	NA	1	0.05
406	17882	2	0.37	0	NA
406	17882	3	0.0227	0	NA
407	17701	1	NA	1	0.05
407	17701	2	0.1	0	NA
407	17701	3	0.0536	0	NA
407	17721	1	0.05	0	NA
407	17721	2	0.13	0	NA
407	17721	3	0.3137	0	NA
407	17882	1	NA	1	0.05
407	17882	2	0.25	0	NA
407	17882	3	0.0482	0	NA
408	17764	1	28.38	0	NA
408	17764	2	0.39	0	NA
408	17764	3	1.1351	0	NA
408	17785	1	5.04	0	NA
408	17785	2	0.4	0	NA
408	17785	3	2.2184	0	NA
408	17812	1	3.1	0	NA
408	17812	2	0.47	0	NA
408	17812	3	3.3737	0	NA
408	17861	1	1.51	0	NA
408	17861	2	0.5	0	NA
408	17861	3	1.3628	0	NA
408	17876	1	NA	1	0.05
408	17876	2	0.65	0	NA
408	17876	3	0.8516	0	NA
409	17700	1	NA	1	0.05
409	17700	2	0.18	0	NA
409	17700	3	0.0477	0	NA
409	17715	1	0.07	0	NA
409	17715	2	0.22	0	NA
409	17715	3	0.0271	0	NA
409	17876	1	1.32	0	NA
409	17876	2	0.77	0	NA
409	17876	3	0.1682	0	NA
410	17700	1	0.06	0	NA
410	17700	2	0.14	0	NA
410	17700	3	0.0655	0	NA
410	17715	1	0.09	0	NA
410	17715	2	0.25	0	NA
410	17715	3	0.0291	0	NA
410	17764	1	0.2	0	NA
410	17764	2	0.22	0	NA
410	17764	3	0.0586	0	NA
410	17785	1	0.1	0	NA
410	17785	2	0.15	0	NA
410	17785	3	0.0599	0	NA
410	17861	1	6.73	0	NA
410	17861	2	0.21	0	NA
410	17861	3	0.4538	0	NA
410	17876	1	1.34	0	NA
410	17876	2	1.06	0	NA
410	17876	3	0.0963	0	NA
411	17700	1	NA	1	0.05
411	17700	2	0.17	0	NA
411	17700	3	0.0339	0	NA
412	17700	1	0.08	0	NA
412	17700	2	0.26	0	NA
412	17700	3	0.0367	0	NA
412	17715	1	0.06	0	NA
412	17715	2	0.33	0	NA
412	17715	3	NA	1	0.02
412	17764	1	1.41	0	NA
412	17764	2	0.59	0	NA
412	17764	3	0.0341	0	NA
412	17785	1	1.8	0	NA
412	17785	2	0.62	0	NA
412	17785	3	0.0637	0	NA
412	17876	1	0.95	0	NA
412	17876	2	1.67	0	NA
412	17876	3	0.1918	0	NA
413	17700	1	NA	1	0.05
413	17700	2	0.16	0	NA
413	17700	3	0.0377	0	NA
414	17700	1	NA	1	0.05
414	17700	2	0.18	0	NA
414	17700	3	0.0266	0	NA
414	17715	1	0.08	0	NA
414	17715	2	0.31	0	NA
414	17715	3	0.0219	0	NA
414	17764	1	NA	1	0.05
414	17764	2	0.14	0	NA
414	17764	3	0.1336	0	NA
414	17785	1	0.1	0	NA
414	17785	2	0.24	0	NA
414	17785	3	0.0971	0	NA
414	17812	1	0.62	0	NA
414	17812	2	0.16	0	NA
414	17812	3	0.216	0	NA
414	17861	1	2.08	0	NA
414	17861	2	0.18	0	NA
414	17861	3	0.2071	0	NA
415	17700	1	NA	1	0.05
415	17700	2	0.16	0	NA
415	17700	3	0.0413	0	NA
415	17715	1	0.05	0	NA
415	17715	2	0.2	0	NA
415	17715	3	0.0317	0	NA
416	17337	1	0.09	0	NA
416	17337	2	0.16	0	NA
416	17337	3	0.021	0	NA
416	17372	1	0.11	0	NA
416	17372	2	0.15	0	NA
416	17372	3	0.035	0	NA
416	17407	1	NA	1	0.05
416	17407	2	0.11	0	NA
416	17407	3	NA	1	0.02
416	17441	1	0.05	0	NA
416	17441	2	0.15	0	NA
416	17441	3	NA	1	0.02
416	17462	1	0.05	0	NA
416	17462	2	0.14	0	NA
416	17462	3	NA	1	0.02
416	17490	1	NA	1	0.05
416	17490	2	0.12	0	NA
416	17490	3	0.4158	0	NA
416	17539	1	NA	1	0.05
416	17539	2	0.2	0	NA
416	17539	3	NA	1	0.02
416	17567	1	NA	1	0.05
416	17567	2	0.12	0	NA
416	17567	3	NA	1	0.02
416	17624	1	0.06	0	NA
416	17624	2	0.4	0	NA
416	17624	3	0.02	0	NA
416	17638	1	NA	1	0.05
416	17638	2	0.2	0	NA
416	17638	3	0.0219	0	NA
416	17673	1	NA	1	0.05
416	17673	2	0.16	0	NA
416	17673	3	0.0238	0	NA
417	17700	1	NA	1	0.05
417	17700	2	0.11	0	NA
417	17700	3	0.0863	0	NA
418	17714	1	NA	1	0.05
418	17714	2	0.12	0	NA
418	17714	3	0.0255	0	NA
418	17736	1	0.06	0	NA
418	17736	2	0.2	0	NA
418	17736	3	0.0241	0	NA
418	17771	1	NA	1	0.05
418	17771	2	0.19	0	NA
418	17771	3	0.162	0	NA
418	17798	1	NA	1	0.05
418	17798	2	0.48	0	NA
418	17798	3	0.0964	0	NA
418	17841	1	0.63	0	NA
418	17841	2	0.38	0	NA
418	17841	3	0.0891	0	NA
418	17862	1	0.96	0	NA
418	17862	2	0.78	0	NA
418	17862	3	0.097	0	NA
418	17882	1	0.46	0	NA
418	17882	2	0.75	0	NA
418	17882	3	0.028	0	NA
419	17714	1	0.05	0	NA
419	17714	2	0.14	0	NA
419	17714	3	0.0325	0	NA
419	17736	1	0.05	0	NA
419	17736	2	0.13	0	NA
419	17736	3	0.0313	0	NA
419	17771	1	NA	1	0.05
419	17771	2	0.19	0	NA
419	17771	3	0.0324	0	NA
419	17798	1	NA	1	0.05
419	17798	2	1.31	0	NA
419	17798	3	0.0283	0	NA
419	17841	1	0.06	0	NA
419	17841	2	0.19	0	NA
419	17841	3	NA	1	0.02
419	17862	1	0.09	0	NA
419	17862	2	0.25	0	NA
419	17862	3	0.033	0	NA
419	17882	1	0.13	0	NA
419	17882	2	0.45	0	NA
419	17882	3	0.0275	0	NA
420	17337	1	0.12	0	NA
420	17337	2	0.45	0	NA
420	17337	3	0.141	0	NA
420	17357	1	0.62	0	NA
420	17357	2	0.2	0	NA
420	17357	3	0.1218	0	NA
420	17379	1	0.12	0	NA
420	17379	2	0.17	0	NA
420	17379	3	0.0898	0	NA
420	17449	1	0.32	0	NA
420	17449	2	0.52	0	NA
420	17449	3	0.0679	0	NA
420	17477	1	0.24	0	NA
420	17477	2	2.03	0	NA
420	17477	3	0.033	0	NA
420	17534	1	0.05	0	NA
420	17534	2	1.07	0	NA
420	17534	3	0.0265	0	NA
420	17575	1	0.09	0	NA
420	17575	2	0.11	0	NA
420	17575	3	0.0426	0	NA
420	17596	1	NA	1	0.05
420	17596	2	0.13	0	NA
420	17596	3	0.059	0	NA
420	17625	1	NA	1	0.05
420	17625	2	0.1	0	NA
420	17625	3	0.103	0	NA
420	17666	1	NA	1	0.05
420	17666	2	0.11	0	NA
420	17666	3	0.1025	0	NA
421	17337	1	NA	1	0.05
421	17337	2	0.49	0	NA
421	17337	3	0.067	0	NA
421	17357	1	0.47	0	NA
421	17357	2	0.22	0	NA
421	17357	3	0.0734	0	NA
421	17379	1	NA	1	0.05
421	17379	2	0.24	0	NA
421	17379	3	0.1817	0	NA
421	17449	1	0.29	0	NA
421	17449	2	0.22	0	NA
421	17449	3	0.026	0	NA
421	17477	1	0.13	0	NA
421	17477	2	0.21	0	NA
421	17477	3	0.02	0	NA
421	17534	1	0.15	0	NA
421	17534	2	0.96	0	NA
421	17534	3	0.0368	0	NA
421	17575	1	0.08	0	NA
421	17575	2	0.91	0	NA
421	17575	3	0.0234	0	NA
421	17596	1	NA	1	0.05
421	17596	2	0.32	0	NA
421	17596	3	0.052	0	NA
421	17625	1	NA	1	0.05
421	17625	2	0.11	0	NA
421	17625	3	0.025	0	NA
421	17666	1	NA	1	0.05
421	17666	2	0.17	0	NA
421	17666	3	0.0653	0	NA
422	16958	1	0.81	0	NA
422	16958	2	1.01	0	NA
422	16958	3	0.0511	0	NA
422	16987	1	0.11	0	NA
422	16987	2	NA	1	0.1
422	16987	3	0.0602	0	NA
422	17022	1	0.07	0	NA
422	17022	2	NA	1	0.1
422	17022	3	0.0302	0	NA
422	17057	1	0.35	0	NA
422	17057	2	0.1	0	NA
422	17057	3	0.0498	0	NA
422	17085	1	NA	1	0.05
422	17085	2	NA	1	0.1
422	17085	3	0.1028	0	NA
422	17113	1	0.62	0	NA
422	17113	2	0.1	0	NA
422	17113	3	0.0969	0	NA
422	17134	1	0.62	0	NA
422	17134	2	0.41	0	NA
422	17134	3	0.0467	0	NA
422	17169	1	0.84	0	NA
422	17169	2	0.35	0	NA
422	17169	3	0.0867	0	NA
422	17211	1	0.31	0	NA
422	17211	2	0.63	0	NA
422	17211	3	0.0674	0	NA
422	17239	1	0.31	0	NA
422	17239	2	0.63	0	NA
422	17239	3	0.0394	0	NA
422	17260	1	0.11	0	NA
422	17260	2	0.29	0	NA
422	17260	3	0.0552	0	NA
422	17302	1	0.09	0	NA
422	17302	2	0.47	0	NA
422	17302	3	0.092	0	NA
423	17707	1	NA	1	0.05
423	17707	2	0.11	0	NA
423	17707	3	0.0538	0	NA
423	17721	1	0.05	0	NA
423	17721	2	0.18	0	NA
423	17721	3	0.0281	0	NA
423	17750	1	NA	1	0.05
423	17750	2	0.14	0	NA
423	17750	3	0.0428	0	NA
423	17799	1	NA	1	0.05
423	17799	2	0.18	0	NA
423	17799	3	0.0712	0	NA
423	17819	1	0.13	0	NA
423	17819	2	0.24	0	NA
423	17819	3	0.0507	0	NA
423	17855	1	0.11	0	NA
423	17855	2	0.11	0	NA
423	17855	3	0.036	0	NA
423	17875	1	NA	1	0.05
423	17875	2	0.24	0	NA
423	17875	3	0.0372	0	NA
424	17707	1	NA	1	0.05
424	17707	2	0.18	0	NA
424	17707	3	0.0276	0	NA
424	17721	1	0.06	0	NA
424	17721	2	0.36	0	NA
424	17721	3	NA	1	0.02
424	17750	1	NA	1	0.05
424	17750	2	0.11	0	NA
424	17750	3	0.0314	0	NA
424	17799	1	NA	1	0.05
424	17799	2	0.13	0	NA
424	17799	3	0.0625	0	NA
424	17819	1	0.14	0	NA
424	17819	2	0.21	0	NA
424	17819	3	NA	1	0.02
424	17855	1	0.2	0	NA
424	17855	2	NA	1	0.1
424	17855	3	0.0367	0	NA
424	17875	1	NA	1	0.05
424	17875	2	1.09	0	NA
424	17875	3	0.034	0	NA
425	17707	1	NA	1	0.05
425	17707	2	0.17	0	NA
425	17707	3	0.0261	0	NA
425	17721	1	0.05	0	NA
425	17721	2	0.29	0	NA
425	17721	3	NA	1	0.02
425	17770	1	NA	1	0.05
425	17770	2	0.23	0	NA
425	17770	3	0.0232	0	NA
425	17799	1	NA	1	0.05
425	17799	2	0.87	0	NA
425	17799	3	NA	1	0.02
425	17819	1	0.09	0	NA
425	17819	2	0.25	0	NA
425	17819	3	NA	1	0.02
425	17855	1	0.08	0	NA
425	17855	2	NA	1	0.1
425	17855	3	NA	1	0.02
425	17875	1	NA	1	0.05
425	17875	2	0.19	0	NA
425	17875	3	NA	1	0.02
426	17707	1	0.1	0	NA
426	17707	2	0.1	0	NA
426	17707	3	0.0537	0	NA
426	17721	1	2.88	0	NA
426	17721	2	0.32	0	NA
426	17721	3	0.1862	0	NA
426	17770	1	0.07	0	NA
426	17770	2	0.63	0	NA
426	17770	3	0.9639	0	NA
426	17799	1	0.3	0	NA
426	17799	2	0.33	0	NA
426	17799	3	0.8436	0	NA
426	17819	1	1.46	0	NA
426	17819	2	0.89	0	NA
426	17819	3	0.3244	0	NA
426	17855	1	4.4	0	NA
426	17855	2	0.49	0	NA
426	17855	3	0.1146	0	NA
426	17875	1	2.38	0	NA
426	17875	2	0.68	0	NA
426	17875	3	0.0531	0	NA
427	17357	1	1.05	0	NA
427	17357	2	0.35	0	NA
427	17357	3	0.3075	0	NA
427	17456	1	0.17	0	NA
427	17456	2	0.3	0	NA
427	17456	3	0.0553	0	NA
427	17491	1	NA	1	0.05
427	17491	2	0.14	0	NA
427	17491	3	NA	1	0.02
427	17547	1	NA	1	0.05
427	17547	2	0.15	0	NA
427	17547	3	0.021	0	NA
427	17589	1	0.06	0	NA
427	17589	2	0.18	0	NA
427	17589	3	0.034	0	NA
427	17616	1	0.06	0	NA
427	17616	2	0.82	0	NA
427	17616	3	0.027	0	NA
427	17645	1	NA	1	0.05
427	17645	2	0.41	0	NA
427	17645	3	0.0436	0	NA
427	17708	1	NA	1	0.05
427	17708	2	0.14	0	NA
427	17708	3	0.0519	0	NA
428	17337	1	0.1	0	NA
428	17337	2	0.14	0	NA
428	17337	3	0.051	0	NA
428	17357	1	0.58	0	NA
428	17357	2	0.16	0	NA
428	17357	3	0.0388	0	NA
428	17379	1	0.09	0	NA
428	17379	2	0.14	0	NA
428	17379	3	0.0554	0	NA
428	17414	1	0.05	0	NA
428	17414	2	0.32	0	NA
428	17414	3	0.0409	0	NA
428	17456	1	0.15	0	NA
428	17456	2	0.14	0	NA
428	17456	3	0.03	0	NA
428	17477	1	0.12	0	NA
428	17477	2	0.19	0	NA
428	17477	3	0.027	0	NA
428	17534	1	0.07	0	NA
428	17534	2	0.2	0	NA
428	17534	3	NA	1	0.02
428	17575	1	0.07	0	NA
428	17575	2	0.1	0	NA
428	17575	3	NA	1	0.02
428	17596	1	NA	1	0.05
428	17596	2	0.16	0	NA
428	17596	3	0.037	0	NA
428	17625	1	NA	1	0.05
428	17625	2	0.14	0	NA
428	17625	3	NA	1	0.02
428	17666	1	NA	1	0.05
428	17666	2	0.1	0	NA
428	17666	3	0.0317	0	NA
429	17707	1	NA	1	0.05
429	17707	2	0.1	0	NA
429	17707	3	0.0251	0	NA
429	17721	1	0.08	0	NA
429	17721	2	1.01	0	NA
429	17721	3	0.0212	0	NA
429	17770	1	NA	1	0.05
429	17770	2	0.12	0	NA
429	17770	3	NA	1	0.02
429	17799	1	NA	1	0.05
429	17799	2	0.72	0	NA
429	17799	3	NA	1	0.02
429	17819	1	0.08	0	NA
429	17819	2	0.21	0	NA
429	17819	3	NA	1	0.02
429	17855	1	0.13	0	NA
429	17855	2	0.11	0	NA
429	17855	3	0.022	0	NA
429	17875	1	NA	1	0.05
429	17875	2	1.3	0	NA
429	17875	3	NA	1	0.02
430	17707	1	NA	1	0.05
430	17707	2	0.13	0	NA
430	17707	3	0.0381	0	NA
430	17721	1	0.06	0	NA
430	17721	2	0.26	0	NA
430	17721	3	0.0277	0	NA
430	17770	1	NA	1	0.05
430	17770	2	0.22	0	NA
430	17770	3	0.0575	0	NA
430	17799	1	NA	1	0.05
430	17799	2	0.85	0	NA
430	17799	3	0.0348	0	NA
430	17819	1	0.21	0	NA
430	17819	2	0.26	0	NA
430	17819	3	0.029	0	NA
430	17855	1	0.2	0	NA
430	17855	2	NA	1	0.1
430	17855	3	0.0292	0	NA
430	17875	1	NA	1	0.05
430	17875	2	0.37	0	NA
430	17875	3	0.0315	0	NA
431	17707	1	0.08	0	NA
431	17707	2	0.17	0	NA
431	17707	3	0.0381	0	NA
431	17721	1	0.06	0	NA
431	17721	2	0.24	0	NA
431	17721	3	NA	1	0.02
431	17770	1	0.07	0	NA
431	17770	2	0.14	0	NA
431	17770	3	0.0237	0	NA
431	17799	1	NA	1	0.05
431	17799	2	0.28	0	NA
431	17799	3	0.0228	0	NA
431	17819	1	0.09	0	NA
431	17819	2	0.25	0	NA
431	17819	3	NA	1	0.02
431	17855	1	0.57	0	NA
431	17855	2	0.13	0	NA
431	17855	3	0.1298	0	NA
431	17875	1	NA	1	0.05
431	17875	2	0.24	0	NA
431	17875	3	NA	1	0.02
432	17337	1	12.07	0	NA
432	17337	2	2.1	0	NA
432	17337	3	22.11	0	NA
432	17414	1	1.67	0	NA
432	17414	2	0.88	0	NA
432	17414	3	4.9099	0	NA
432	17449	1	0.14	0	NA
432	17449	2	0.72	0	NA
432	17449	3	2.9713	0	NA
432	17477	1	1.29	0	NA
432	17477	2	0.58	0	NA
432	17477	3	4.087	0	NA
432	17534	1	1.46	0	NA
432	17534	2	0.83	0	NA
432	17534	3	4.045	0	NA
432	17575	1	1.67	0	NA
432	17575	2	3.22	0	NA
432	17575	3	3.6747	0	NA
432	17596	1	0.05	0	NA
432	17596	2	1.09	0	NA
432	17596	3	4.938	0	NA
432	17625	1	0.11	0	NA
432	17625	2	0.65	0	NA
432	17625	3	3.926	0	NA
432	17666	1	10.66	0	NA
432	17666	2	0.48	0	NA
432	17666	3	6.8685	0	NA
433	16839	1	NA	1	0.05
433	16839	2	0.98	0	NA
433	16839	3	0.0917	0	NA
433	16867	1	NA	1	0.05
433	16867	2	NA	1	0.1
433	16867	3	0.131	0	NA
433	16902	1	NA	1	0.05
433	16902	2	2.17	0	NA
433	16902	3	0.2808	0	NA
433	16930	1	0.17	0	NA
433	16930	2	NA	1	0.1
433	16930	3	0.3712	0	NA
433	16958	1	NA	1	0.05
433	16958	2	11.38	0	NA
433	16958	3	0.286	0	NA
433	16987	1	0.14	0	NA
433	16987	2	NA	1	0.1
433	16987	3	1.0299	0	NA
433	17022	1	0.47	0	NA
433	17022	2	3.47	0	NA
433	17022	3	1.002	0	NA
433	17113	1	NA	1	0.05
433	17113	2	NA	1	0.1
433	17113	3	0.1404	0	NA
433	17134	1	0.57	0	NA
433	17134	2	NA	1	0.1
433	17134	3	0.1113	0	NA
433	17169	1	NA	1	0.05
433	17169	2	2	0	NA
433	17169	3	0.0808	0	NA
433	17211	1	0.65	0	NA
433	17211	2	0.42	0	NA
433	17211	3	0.0865	0	NA
433	17239	1	0.23	0	NA
433	17239	2	0.24	0	NA
433	17239	3	NA	1	0.02
433	17260	1	0.58	0	NA
433	17260	2	1.69	0	NA
433	17260	3	0.0829	0	NA
433	17302	1	0.55	0	NA
433	17302	2	1.53	0	NA
433	17302	3	0.353	0	NA
433	17337	1	1.42	0	NA
433	17337	2	2.8	0	NA
433	17337	3	1.051	0	NA
433	17357	1	2.98	0	NA
433	17357	2	2.26	0	NA
433	17357	3	0.4186	0	NA
433	17379	1	NA	1	0.05
433	17379	2	NA	1	0.1
433	17379	3	1.3072	0	NA
433	17414	1	NA	1	0.05
433	17414	2	1.83	0	NA
433	17414	3	0.4825	0	NA
433	17456	1	0.54	0	NA
433	17456	2	1.35	0	NA
433	17456	3	0.3893	0	NA
433	17491	1	3.28	0	NA
433	17491	2	0.6	0	NA
433	17491	3	NA	1	0.02
433	17547	1	0.92	0	NA
433	17547	2	1.97	0	NA
433	17547	3	0.044	0	NA
433	17589	1	1.47	0	NA
433	17589	2	0.31	0	NA
433	17589	3	0.39	0	NA
433	17616	1	0.47	0	NA
433	17616	2	0.5	0	NA
433	17616	3	0.073	0	NA
433	17645	1	NA	1	0.05
433	17645	2	1.48	0	NA
433	17645	3	0.6109	0	NA
434	17708	1	0.69	0	NA
434	17708	2	0.48	0	NA
434	17708	3	0.262	0	NA
434	17771	1	NA	1	0.05
434	17771	2	1.64	0	NA
434	17771	3	0.6317	0	NA
434	17799	1	1.02	0	NA
434	17799	2	3.56	0	NA
434	17799	3	0.3019	0	NA
434	17820	1	1.27	0	NA
434	17820	2	10.28	0	NA
434	17820	3	0.6106	0	NA
434	17862	1	0.79	0	NA
434	17862	2	12.84	0	NA
434	17862	3	0.5318	0	NA
434	17882	1	NA	1	0.05
434	17882	2	0.97	0	NA
434	17882	3	0.3799	0	NA
435	17708	1	0.06	0	NA
435	17708	2	0.2	0	NA
435	17708	3	0.0552	0	NA
435	17875	1	NA	1	0.05
435	17875	2	0.2	0	NA
435	17875	3	0.0301	0	NA
436	17875	1	NA	1	0.05
436	17875	2	0.31	0	NA
436	17875	3	0.0723	0	NA
437	17708	1	NA	1	0.05
437	17708	2	0.17	0	NA
437	17708	3	0.0391	0	NA
437	17721	1	0.1	0	NA
437	17721	2	0.36	0	NA
437	17721	3	0.0237	0	NA
437	17750	1	NA	1	0.05
437	17750	2	0.15	0	NA
437	17750	3	0.0347	0	NA
437	17799	1	NA	1	0.05
437	17799	2	0.51	0	NA
437	17799	3	0.022	0	NA
437	17819	1	0.09	0	NA
437	17819	2	0.22	0	NA
437	17819	3	NA	1	0.02
437	17855	1	0.09	0	NA
437	17855	2	0.36	0	NA
437	17855	3	0.0212	0	NA
437	17882	1	NA	1	0.05
437	17882	2	0.16	0	NA
437	17882	3	NA	1	0.02
438	17337	1	0.22	0	NA
438	17337	2	3.76	0	NA
438	17337	3	0.69	0	NA
438	17357	1	0.4	0	NA
438	17357	2	0.78	0	NA
438	17357	3	2.178	0	NA
438	17379	1	0.08	0	NA
438	17379	2	0.5	0	NA
438	17379	3	1.4482	0	NA
438	17414	1	0.07	0	NA
438	17414	2	0.53	0	NA
438	17414	3	1.0204	0	NA
438	17456	1	0.12	0	NA
438	17456	2	0.49	0	NA
438	17456	3	0.4003	0	NA
438	17491	1	0.24	0	NA
438	17491	2	0.34	0	NA
438	17491	3	0.1726	0	NA
438	17547	1	NA	1	0.05
438	17547	2	0.15	0	NA
438	17547	3	0.102	0	NA
438	17589	1	0.06	0	NA
438	17589	2	0.24	0	NA
438	17589	3	0.101	0	NA
438	17616	1	0.05	0	NA
438	17616	2	4.28	0	NA
438	17616	3	0.059	0	NA
438	17645	1	NA	1	0.05
438	17645	2	0.32	0	NA
438	17645	3	0.1255	0	NA
438	17708	1	0.06	0	NA
438	17708	2	0.24	0	NA
438	17708	3	0.1232	0	NA
439	17708	1	0.12	0	NA
439	17708	2	0.23	0	NA
439	17708	3	0.2046	0	NA
439	17799	1	NA	1	0.05
439	17799	2	0.51	0	NA
439	17799	3	0.0626	0	NA
439	17855	1	NA	1	0.05
439	17855	2	0.12	0	NA
439	17855	3	0.0624	0	NA
439	17882	1	0.05	0	NA
439	17882	2	0.17	0	NA
439	17882	3	0.044	0	NA
440	17337	1	0.11	0	NA
440	17337	2	0.4	0	NA
440	17337	3	0.142	0	NA
440	17379	1	1.27	0	NA
440	17379	2	0.39	0	NA
440	17379	3	0.3939	0	NA
440	17414	1	0.34	0	NA
440	17414	2	0.64	0	NA
440	17414	3	0.5684	0	NA
440	17456	1	0.16	0	NA
440	17456	2	0.3	0	NA
440	17456	3	0.1339	0	NA
440	17491	1	0.08	0	NA
440	17491	2	0.15	0	NA
440	17491	3	0.0447	0	NA
440	17547	1	NA	1	0.05
440	17547	2	0.3	0	NA
440	17547	3	0.046	0	NA
440	17589	1	0.05	0	NA
440	17589	2	0.15	0	NA
440	17589	3	0.055	0	NA
440	17616	1	NA	1	0.05
440	17616	2	0.18	0	NA
440	17616	3	0.028	0	NA
440	17645	1	NA	1	0.05
440	17645	2	0.29	0	NA
440	17645	3	0.0812	0	NA
440	17708	1	NA	1	0.05
440	17708	2	0.16	0	NA
440	17708	3	0.0866	0	NA
441	17707	1	0.07	0	NA
441	17707	2	0.19	0	NA
441	17707	3	0.0615	0	NA
441	17799	1	NA	1	0.05
441	17799	2	0.25	0	NA
441	17799	3	0.1019	0	NA
441	17855	1	0.27	0	NA
441	17855	2	NA	1	0.1
441	17855	3	0.0603	0	NA
441	17875	1	NA	1	0.05
441	17875	2	0.14	0	NA
441	17875	3	0.0486	0	NA
442	17707	1	0.06	0	NA
442	17707	2	0.17	0	NA
442	17707	3	0.0629	0	NA
442	17799	1	3.93	0	NA
442	17799	2	0.65	0	NA
442	17799	3	0.0679	0	NA
442	17875	1	NA	1	0.05
442	17875	2	0.22	0	NA
442	17875	3	0.0492	0	NA
