stratum	sp_poststratum	panel_set	panel_address	panel_id
2	1	1	2	28
2	1	1	3	9
2	1	1	4	44
2	1	1	5	5
2	1	1	6	36
2	1	1	7	20
2	1	1	10	32
2	1	1	11	16
2	1	1	12	45
2	1	1	13	4
2	1	1	14	40
2	1	1	15	24
2	1	1	18	25
2	1	1	19	11
2	1	1	20	42
2	1	1	21	7
2	1	1	22	34
2	1	1	23	17
2	1	1	26	30
2	1	1	27	13
2	1	1	28	48
2	1	1	29	1
2	1	1	30	37
2	1	1	31	21
2	1	1	34	27
2	1	1	35	10
2	1	1	36	43
2	1	1	37	6
2	1	1	38	35
2	1	1	39	19
2	1	1	42	31
2	1	1	43	15
2	1	1	44	46
2	1	1	45	3
2	1	1	46	39
2	1	1	47	23
2	1	1	50	26
2	1	1	51	12
2	1	1	52	41
2	1	1	53	8
2	1	1	54	33
2	1	1	55	18
2	1	1	58	29
2	1	1	59	14
2	1	1	60	47
2	1	1	61	2
2	1	1	62	38
2	1	1	63	22
2	1	2	0	33
2	1	2	1	19
2	1	2	4	29
2	1	2	5	11
2	1	2	6	46
2	1	2	7	2
2	1	2	8	39
2	1	2	9	21
2	1	2	12	26
2	1	2	13	16
2	1	2	14	41
2	1	2	15	8
2	1	2	16	35
2	1	2	17	18
2	1	2	20	32
2	1	2	21	9
2	1	2	22	48
2	1	2	23	4
2	1	2	24	38
2	1	2	25	23
2	1	2	28	28
2	1	2	29	14
2	1	2	30	44
2	1	2	31	5
2	1	2	32	34
2	1	2	33	20
2	1	2	36	30
2	1	2	37	12
2	1	2	38	45
2	1	2	39	1
2	1	2	40	40
2	1	2	41	22
2	1	2	44	25
2	1	2	45	15
2	1	2	46	42
2	1	2	47	7
2	1	2	48	36
2	1	2	49	17
2	1	2	52	31
2	1	2	53	10
2	1	2	54	47
2	1	2	55	3
2	1	2	56	37
2	1	2	57	24
2	1	2	60	27
2	1	2	61	13
2	1	2	62	43
2	1	2	63	6
7	1	1	0	22
7	1	1	1	30
7	1	1	3	44
7	1	1	4	14
7	1	1	5	37
7	1	1	6	5
7	1	1	8	20
7	1	1	9	25
7	1	1	11	45
7	1	1	12	11
7	1	1	13	33
7	1	1	14	1
7	1	1	16	23
7	1	1	17	31
7	1	1	19	41
7	1	1	20	15
7	1	1	21	39
7	1	1	22	8
7	1	1	24	18
7	1	1	25	27
7	1	1	27	47
7	1	1	28	10
7	1	1	29	36
7	1	1	30	4
7	1	1	32	21
7	1	1	33	29
7	1	1	35	43
7	1	1	36	13
7	1	1	37	38
7	1	1	38	6
7	1	1	40	19
7	1	1	41	26
7	1	1	43	46
7	1	1	44	12
7	1	1	45	34
7	1	1	46	2
7	1	1	48	24
7	1	1	49	32
7	1	1	51	42
7	1	1	52	16
7	1	1	53	40
7	1	1	54	7
7	1	1	56	17
7	1	1	57	28
7	1	1	59	48
7	1	1	60	9
7	1	1	61	35
7	1	1	62	3
7	1	2	0	30
7	1	2	1	21
7	1	2	2	41
7	1	2	3	6
7	1	2	4	40
7	1	2	5	12
7	1	2	8	26
7	1	2	9	18
7	1	2	10	46
7	1	2	11	1
7	1	2	12	35
7	1	2	13	15
7	1	2	16	31
7	1	2	17	24
7	1	2	18	43
7	1	2	19	7
7	1	2	20	38
7	1	2	21	10
7	1	2	24	28
7	1	2	25	19
7	1	2	26	47
7	1	2	27	3
7	1	2	28	34
7	1	2	29	13
7	1	2	32	29
7	1	2	33	22
7	1	2	34	42
7	1	2	35	5
7	1	2	36	39
7	1	2	37	11
7	1	2	40	25
7	1	2	41	17
7	1	2	42	45
7	1	2	43	2
7	1	2	44	36
7	1	2	45	16
7	1	2	48	32
7	1	2	49	23
7	1	2	50	44
7	1	2	51	8
7	1	2	52	37
7	1	2	53	9
7	1	2	56	27
7	1	2	57	20
7	1	2	58	48
7	1	2	59	4
7	1	2	60	33
7	1	2	61	14
8	1	1	0	47
8	1	1	1	22
8	1	1	2	32
8	1	1	3	7
8	1	1	5	14
8	1	1	6	39
8	1	1	8	43
8	1	1	9	19
8	1	1	10	28
8	1	1	11	4
8	1	1	13	9
8	1	1	14	36
8	1	1	16	46
8	1	1	17	23
8	1	1	18	30
8	1	1	19	5
8	1	1	21	15
8	1	1	22	38
8	1	1	24	41
8	1	1	25	18
8	1	1	26	25
8	1	1	27	1
8	1	1	29	11
8	1	1	30	33
8	1	1	32	48
8	1	1	33	21
8	1	1	34	31
8	1	1	35	8
8	1	1	37	13
8	1	1	38	40
8	1	1	40	44
8	1	1	41	20
8	1	1	42	27
8	1	1	43	3
8	1	1	45	10
8	1	1	46	35
8	1	1	48	45
8	1	1	49	24
8	1	1	50	29
8	1	1	51	6
8	1	1	53	16
8	1	1	54	37
8	1	1	56	42
8	1	1	57	17
8	1	1	58	26
8	1	1	59	2
8	1	1	61	12
8	1	1	62	34
8	1	2	1	1
8	1	2	2	34
8	1	2	3	22
8	1	2	4	43
8	1	2	6	31
8	1	2	7	13
8	1	2	9	8
8	1	2	10	37
8	1	2	11	20
8	1	2	12	48
8	1	2	14	26
8	1	2	15	10
8	1	2	17	4
8	1	2	18	35
8	1	2	19	23
8	1	2	20	41
8	1	2	22	29
8	1	2	23	16
8	1	2	25	5
8	1	2	26	40
8	1	2	27	17
8	1	2	28	45
8	1	2	30	28
8	1	2	31	11
8	1	2	33	2
8	1	2	34	33
8	1	2	35	21
8	1	2	36	44
8	1	2	38	32
8	1	2	39	14
8	1	2	41	7
8	1	2	42	38
8	1	2	43	19
8	1	2	44	47
8	1	2	46	25
8	1	2	47	9
8	1	2	49	3
8	1	2	50	36
8	1	2	51	24
8	1	2	52	42
8	1	2	54	30
8	1	2	55	15
8	1	2	57	6
8	1	2	58	39
8	1	2	59	18
8	1	2	60	46
8	1	2	62	27
8	1	2	63	12
9	1	1	1	33
9	1	1	2	12
9	1	1	4	8
9	1	1	5	30
9	1	1	6	20
9	1	1	7	44
9	1	1	9	37
9	1	1	10	15
9	1	1	12	1
9	1	1	13	27
9	1	1	14	24
9	1	1	15	47
9	1	1	17	35
9	1	1	18	10
9	1	1	20	6
9	1	1	21	32
9	1	1	22	17
9	1	1	23	41
9	1	1	25	39
9	1	1	26	13
9	1	1	28	3
9	1	1	29	25
9	1	1	30	21
9	1	1	31	45
9	1	1	33	34
9	1	1	34	11
9	1	1	36	7
9	1	1	37	29
9	1	1	38	19
9	1	1	39	43
9	1	1	41	38
9	1	1	42	16
9	1	1	44	2
9	1	1	45	28
9	1	1	46	23
9	1	1	47	48
9	1	1	49	36
9	1	1	50	9
9	1	1	52	5
9	1	1	53	31
9	1	1	54	18
9	1	1	55	42
9	1	1	57	40
9	1	1	58	14
9	1	1	60	4
9	1	1	61	26
9	1	1	62	22
9	1	1	63	46
9	1	2	0	44
9	1	2	1	20
9	1	2	2	33
9	1	2	5	10
9	1	2	6	25
9	1	2	7	2
9	1	2	8	45
9	1	2	9	23
9	1	2	10	37
9	1	2	13	13
9	1	2	14	32
9	1	2	15	5
9	1	2	16	41
9	1	2	17	17
9	1	2	18	35
9	1	2	21	11
9	1	2	22	28
9	1	2	23	3
9	1	2	24	48
9	1	2	25	21
9	1	2	26	40
9	1	2	29	16
9	1	2	30	30
9	1	2	31	8
9	1	2	32	43
9	1	2	33	19
9	1	2	34	34
9	1	2	37	9
9	1	2	38	26
9	1	2	39	1
9	1	2	40	46
9	1	2	41	24
9	1	2	42	38
9	1	2	45	14
9	1	2	46	31
9	1	2	47	6
9	1	2	48	42
9	1	2	49	18
9	1	2	50	36
9	1	2	53	12
9	1	2	54	27
9	1	2	55	4
9	1	2	56	47
9	1	2	57	22
9	1	2	58	39
9	1	2	61	15
9	1	2	62	29
9	1	2	63	7
10	1	1	0	31
10	1	1	1	3
10	1	1	2	43
10	1	1	3	14
10	1	1	4	34
10	1	1	7	22
10	1	1	8	26
10	1	1	9	5
10	1	1	10	46
10	1	1	11	12
10	1	1	12	38
10	1	1	15	17
10	1	1	16	30
10	1	1	17	2
10	1	1	18	41
10	1	1	19	16
10	1	1	20	35
10	1	1	23	24
10	1	1	24	28
10	1	1	25	7
10	1	1	26	48
10	1	1	27	10
10	1	1	28	40
10	1	1	31	19
10	1	1	32	32
10	1	1	33	4
10	1	1	34	44
10	1	1	35	13
10	1	1	36	33
10	1	1	39	21
10	1	1	40	25
10	1	1	41	6
10	1	1	42	45
10	1	1	43	11
10	1	1	44	37
10	1	1	47	18
10	1	1	48	29
10	1	1	49	1
10	1	1	50	42
10	1	1	51	15
10	1	1	52	36
10	1	1	55	23
10	1	1	56	27
10	1	1	57	8
10	1	1	58	47
10	1	1	59	9
10	1	1	60	39
10	1	1	63	20
10	1	2	0	34
10	1	2	1	8
10	1	2	3	21
10	1	2	4	26
10	1	2	6	46
10	1	2	7	10
10	1	2	8	37
10	1	2	9	1
10	1	2	11	20
10	1	2	12	29
10	1	2	14	42
10	1	2	15	16
10	1	2	16	35
10	1	2	17	6
10	1	2	19	24
10	1	2	20	28
10	1	2	22	47
10	1	2	23	12
10	1	2	24	40
10	1	2	25	3
10	1	2	27	18
10	1	2	28	31
10	1	2	30	44
10	1	2	31	14
10	1	2	32	33
10	1	2	33	7
10	1	2	35	22
10	1	2	36	25
10	1	2	38	45
10	1	2	39	9
10	1	2	40	38
10	1	2	41	2
10	1	2	43	19
10	1	2	44	30
10	1	2	46	41
10	1	2	47	15
10	1	2	48	36
10	1	2	49	5
10	1	2	51	23
10	1	2	52	27
10	1	2	54	48
10	1	2	55	11
10	1	2	56	39
10	1	2	57	4
10	1	2	59	17
10	1	2	60	32
10	1	2	62	43
10	1	2	63	13
11	1	1	0	29
11	1	1	1	5
11	1	1	2	45
11	1	1	3	20
11	1	1	4	40
11	1	1	7	11
11	1	1	8	28
11	1	1	9	1
11	1	1	10	43
11	1	1	11	23
11	1	1	12	33
11	1	1	15	13
11	1	1	16	31
11	1	1	17	7
11	1	1	18	48
11	1	1	19	17
11	1	1	20	37
11	1	1	23	10
11	1	1	24	25
11	1	1	25	4
11	1	1	26	42
11	1	1	27	22
11	1	1	28	35
11	1	1	31	15
11	1	1	32	30
11	1	1	33	6
11	1	1	34	46
11	1	1	35	19
11	1	1	36	39
11	1	1	39	12
11	1	1	40	27
11	1	1	41	2
11	1	1	42	44
11	1	1	43	24
11	1	1	44	34
11	1	1	47	14
11	1	1	48	32
11	1	1	49	8
11	1	1	50	47
11	1	1	51	18
11	1	1	52	38
11	1	1	55	9
11	1	1	56	26
11	1	1	57	3
11	1	1	58	41
11	1	1	59	21
11	1	1	60	36
11	1	1	63	16
11	1	2	0	36
11	1	2	1	21
11	1	2	2	41
11	1	2	4	26
11	1	2	5	9
11	1	2	7	4
11	1	2	8	38
11	1	2	9	17
11	1	2	10	48
11	1	2	12	32
11	1	2	13	14
11	1	2	15	6
11	1	2	16	33
11	1	2	17	23
11	1	2	18	43
11	1	2	20	28
11	1	2	21	12
11	1	2	23	1
11	1	2	24	40
11	1	2	25	20
11	1	2	26	46
11	1	2	28	29
11	1	2	29	16
11	1	2	31	7
11	1	2	32	35
11	1	2	33	22
11	1	2	34	42
11	1	2	36	25
11	1	2	37	10
11	1	2	39	3
11	1	2	40	37
11	1	2	41	18
11	1	2	42	47
11	1	2	44	31
11	1	2	45	13
11	1	2	47	5
11	1	2	48	34
11	1	2	49	24
11	1	2	50	44
11	1	2	52	27
11	1	2	53	11
11	1	2	55	2
11	1	2	56	39
11	1	2	57	19
11	1	2	58	45
11	1	2	60	30
11	1	2	61	15
11	1	2	63	8
12	1	1	1	33
12	1	1	2	9
12	1	1	4	3
12	1	1	5	31
12	1	1	6	21
12	1	1	7	44
12	1	1	9	39
12	1	1	10	13
12	1	1	12	7
12	1	1	13	25
12	1	1	14	17
12	1	1	15	46
12	1	1	17	36
12	1	1	18	12
12	1	1	20	2
12	1	1	21	29
12	1	1	22	23
12	1	1	23	42
12	1	1	25	37
12	1	1	26	15
12	1	1	28	6
12	1	1	29	27
12	1	1	30	20
12	1	1	31	47
12	1	1	33	34
12	1	1	34	10
12	1	1	36	4
12	1	1	37	32
12	1	1	38	22
12	1	1	39	43
12	1	1	41	40
12	1	1	42	14
12	1	1	44	8
12	1	1	45	26
12	1	1	46	18
12	1	1	47	45
12	1	1	49	35
12	1	1	50	11
12	1	1	52	1
12	1	1	53	30
12	1	1	54	24
12	1	1	55	41
12	1	1	57	38
12	1	1	58	16
12	1	1	60	5
12	1	1	61	28
12	1	1	62	19
12	1	1	63	48
12	1	2	0	1
12	1	2	2	24
12	1	2	3	36
12	1	2	5	41
12	1	2	6	12
12	1	2	7	28
12	1	2	8	5
12	1	2	10	20
12	1	2	11	39
12	1	2	13	48
12	1	2	14	15
12	1	2	15	30
12	1	2	16	3
12	1	2	18	21
12	1	2	19	34
12	1	2	21	44
12	1	2	22	10
12	1	2	23	25
12	1	2	24	7
12	1	2	26	17
12	1	2	27	37
12	1	2	29	46
12	1	2	30	14
12	1	2	31	32
12	1	2	32	2
12	1	2	34	23
12	1	2	35	35
12	1	2	37	42
12	1	2	38	11
12	1	2	39	27
12	1	2	40	6
12	1	2	42	19
12	1	2	43	40
12	1	2	45	47
12	1	2	46	16
12	1	2	47	29
12	1	2	48	4
12	1	2	50	22
12	1	2	51	33
12	1	2	53	43
12	1	2	54	9
12	1	2	55	26
12	1	2	56	8
12	1	2	58	18
12	1	2	59	38
12	1	2	61	45
12	1	2	62	13
12	1	2	63	31
16	1	1	1	26
16	1	1	2	13
16	1	1	3	46
16	1	1	4	3
16	1	1	5	35
16	1	1	6	20
16	1	1	9	29
16	1	1	10	11
16	1	1	11	43
16	1	1	12	5
16	1	1	13	38
16	1	1	14	21
16	1	1	17	27
16	1	1	18	16
16	1	1	19	48
16	1	1	20	1
16	1	1	21	33
16	1	1	22	17
16	1	1	25	31
16	1	1	26	9
16	1	1	27	41
16	1	1	28	7
16	1	1	29	39
16	1	1	30	24
16	1	1	33	25
16	1	1	34	14
16	1	1	35	45
16	1	1	36	4
16	1	1	37	36
16	1	1	38	19
16	1	1	41	30
16	1	1	42	12
16	1	1	43	44
16	1	1	44	6
16	1	1	45	37
16	1	1	46	22
16	1	1	49	28
16	1	1	50	15
16	1	1	51	47
16	1	1	52	2
16	1	1	53	34
16	1	1	54	18
16	1	1	57	32
16	1	1	58	10
16	1	1	59	42
16	1	1	60	8
16	1	1	61	40
16	1	1	62	23
16	1	2	0	33
16	1	2	2	46
16	1	2	3	17
16	1	2	4	28
16	1	2	5	1
16	1	2	7	14
16	1	2	8	40
16	1	2	10	42
16	1	2	11	22
16	1	2	12	31
16	1	2	13	8
16	1	2	15	11
16	1	2	16	35
16	1	2	18	48
16	1	2	19	20
16	1	2	20	26
16	1	2	21	3
16	1	2	23	15
16	1	2	24	38
16	1	2	26	44
16	1	2	27	24
16	1	2	28	30
16	1	2	29	6
16	1	2	31	10
16	1	2	32	34
16	1	2	34	45
16	1	2	35	18
16	1	2	36	27
16	1	2	37	2
16	1	2	39	13
16	1	2	40	39
16	1	2	42	41
16	1	2	43	21
16	1	2	44	32
16	1	2	45	7
16	1	2	47	12
16	1	2	48	36
16	1	2	50	47
16	1	2	51	19
16	1	2	52	25
16	1	2	53	4
16	1	2	55	16
16	1	2	56	37
16	1	2	58	43
16	1	2	59	23
16	1	2	60	29
16	1	2	61	5
16	1	2	63	9
17	1	1	0	27
17	1	1	1	19
17	1	1	2	46
17	1	1	4	39
17	1	1	5	12
17	1	1	7	2
17	1	1	8	29
17	1	1	9	22
17	1	1	10	44
17	1	1	12	34
17	1	1	13	16
17	1	1	15	8
17	1	1	16	25
17	1	1	17	18
17	1	1	18	48
17	1	1	20	37
17	1	1	21	9
17	1	1	23	3
17	1	1	24	31
17	1	1	25	23
17	1	1	26	41
17	1	1	28	36
17	1	1	29	13
17	1	1	31	5
17	1	1	32	28
17	1	1	33	20
17	1	1	34	45
17	1	1	36	40
17	1	1	37	11
17	1	1	39	1
17	1	1	40	30
17	1	1	41	21
17	1	1	42	43
17	1	1	44	33
17	1	1	45	15
17	1	1	47	7
17	1	1	48	26
17	1	1	49	17
17	1	1	50	47
17	1	1	52	38
17	1	1	53	10
17	1	1	55	4
17	1	1	56	32
17	1	1	57	24
17	1	1	58	42
17	1	1	60	35
17	1	1	61	14
17	1	1	63	6
17	1	2	0	13
17	1	2	1	45
17	1	2	2	6
17	1	2	3	34
17	1	2	4	17
17	1	2	7	28
17	1	2	8	9
17	1	2	9	42
17	1	2	10	4
17	1	2	11	39
17	1	2	12	24
17	1	2	15	32
17	1	2	16	16
17	1	2	17	48
17	1	2	18	7
17	1	2	19	35
17	1	2	20	19
17	1	2	23	26
17	1	2	24	12
17	1	2	25	44
17	1	2	26	2
17	1	2	27	38
17	1	2	28	22
17	1	2	31	29
17	1	2	32	14
17	1	2	33	46
17	1	2	34	5
17	1	2	35	33
17	1	2	36	18
17	1	2	39	27
17	1	2	40	10
17	1	2	41	41
17	1	2	42	3
17	1	2	43	40
17	1	2	44	23
17	1	2	47	31
17	1	2	48	15
17	1	2	49	47
17	1	2	50	8
17	1	2	51	36
17	1	2	52	20
17	1	2	55	25
17	1	2	56	11
17	1	2	57	43
17	1	2	58	1
17	1	2	59	37
17	1	2	60	21
17	1	2	63	30
18	1	1	0	2
18	1	1	1	44
18	1	1	2	21
18	1	1	3	27
18	1	1	6	12
18	1	1	7	36
18	1	1	8	6
18	1	1	9	48
18	1	1	10	18
18	1	1	11	31
18	1	1	14	13
18	1	1	15	37
18	1	1	16	3
18	1	1	17	42
18	1	1	18	24
18	1	1	19	25
18	1	1	22	9
18	1	1	23	34
18	1	1	24	8
18	1	1	25	45
18	1	1	26	19
18	1	1	27	30
18	1	1	30	16
18	1	1	31	40
18	1	1	32	1
18	1	1	33	43
18	1	1	34	22
18	1	1	35	28
18	1	1	38	11
18	1	1	39	35
18	1	1	40	5
18	1	1	41	47
18	1	1	42	17
18	1	1	43	32
18	1	1	46	14
18	1	1	47	38
18	1	1	48	4
18	1	1	49	41
18	1	1	50	23
18	1	1	51	26
18	1	1	54	10
18	1	1	55	33
18	1	1	56	7
18	1	1	57	46
18	1	1	58	20
18	1	1	59	29
18	1	1	62	15
18	1	1	63	39
18	1	2	1	15
18	1	2	2	40
18	1	2	4	42
18	1	2	5	18
18	1	2	6	27
18	1	2	7	3
18	1	2	9	9
18	1	2	10	35
18	1	2	12	48
18	1	2	13	21
18	1	2	14	30
18	1	2	15	8
18	1	2	17	14
18	1	2	18	38
18	1	2	20	43
18	1	2	21	20
18	1	2	22	25
18	1	2	23	2
18	1	2	25	12
18	1	2	26	34
18	1	2	28	46
18	1	2	29	24
18	1	2	30	32
18	1	2	31	5
18	1	2	33	16
18	1	2	34	39
18	1	2	36	41
18	1	2	37	17
18	1	2	38	28
18	1	2	39	4
18	1	2	41	10
18	1	2	42	36
18	1	2	44	47
18	1	2	45	22
18	1	2	46	29
18	1	2	47	7
18	1	2	49	13
18	1	2	50	37
18	1	2	52	44
18	1	2	53	19
18	1	2	54	26
18	1	2	55	1
18	1	2	57	11
18	1	2	58	33
18	1	2	60	45
18	1	2	61	23
18	1	2	62	31
18	1	2	63	6
19	1	1	0	21
19	1	1	1	35
19	1	1	4	12
19	1	1	5	27
19	1	1	6	8
19	1	1	7	44
19	1	1	8	19
19	1	1	9	38
19	1	1	12	16
19	1	1	13	29
19	1	1	14	1
19	1	1	15	48
19	1	1	16	23
19	1	1	17	34
19	1	1	20	10
19	1	1	21	26
19	1	1	22	5
19	1	1	23	42
19	1	1	24	17
19	1	1	25	40
19	1	1	28	13
19	1	1	29	31
19	1	1	30	4
19	1	1	31	46
19	1	1	32	22
19	1	1	33	36
19	1	1	36	11
19	1	1	37	28
19	1	1	38	7
19	1	1	39	43
19	1	1	40	20
19	1	1	41	37
19	1	1	44	15
19	1	1	45	30
19	1	1	46	2
19	1	1	47	47
19	1	1	48	24
19	1	1	49	33
19	1	1	52	9
19	1	1	53	25
19	1	1	54	6
19	1	1	55	41
19	1	1	56	18
19	1	1	57	39
19	1	1	60	14
19	1	1	61	32
19	1	1	62	3
19	1	1	63	45
19	1	2	0	19
19	1	2	1	43
19	1	2	3	40
19	1	2	4	11
19	1	2	6	3
19	1	2	7	25
19	1	2	8	22
19	1	2	9	46
19	1	2	11	33
19	1	2	12	13
19	1	2	14	6
19	1	2	15	30
19	1	2	16	17
19	1	2	17	42
19	1	2	19	37
19	1	2	20	10
19	1	2	22	1
19	1	2	23	28
19	1	2	24	24
19	1	2	25	48
19	1	2	27	35
19	1	2	28	15
19	1	2	30	8
19	1	2	31	31
19	1	2	32	20
19	1	2	33	44
19	1	2	35	39
19	1	2	36	12
19	1	2	38	4
19	1	2	39	26
19	1	2	40	21
19	1	2	41	45
19	1	2	43	34
19	1	2	44	14
19	1	2	46	5
19	1	2	47	29
19	1	2	48	18
19	1	2	49	41
19	1	2	51	38
19	1	2	52	9
19	1	2	54	2
19	1	2	55	27
19	1	2	56	23
19	1	2	57	47
19	1	2	59	36
19	1	2	60	16
19	1	2	62	7
19	1	2	63	32
20	2	1	0	17
20	2	1	1	34
20	2	1	4	12
20	2	1	5	28
20	2	1	6	4
20	2	1	7	41
20	2	1	8	24
20	2	1	9	37
20	2	1	12	15
20	2	1	13	31
20	2	1	14	8
20	2	1	15	48
20	2	1	16	20
20	2	1	17	35
20	2	1	20	9
20	2	1	21	26
20	2	1	22	1
20	2	1	23	43
20	2	1	24	21
20	2	1	25	39
20	2	1	28	13
20	2	1	29	29
20	2	1	30	5
20	2	1	31	46
20	2	1	32	18
20	2	1	33	33
20	2	1	36	11
20	2	1	37	27
20	2	1	38	3
20	2	1	39	42
20	2	1	40	23
20	2	1	41	38
20	2	1	44	16
20	2	1	45	32
20	2	1	46	7
20	2	1	47	47
20	2	1	48	19
20	2	1	49	36
20	2	1	52	10
20	2	1	53	25
20	2	1	54	2
20	2	1	55	44
20	2	1	56	22
20	2	1	57	40
20	2	1	60	14
20	2	1	61	30
20	2	1	62	6
20	2	1	63	45
20	2	2	0	36
20	2	2	1	9
20	2	2	3	3
20	2	2	4	30
20	2	2	5	22
20	2	2	6	47
20	2	2	8	40
20	2	2	9	14
20	2	2	11	6
20	2	2	12	26
20	2	2	13	20
20	2	2	14	44
20	2	2	16	34
20	2	2	17	11
20	2	2	19	1
20	2	2	20	32
20	2	2	21	24
20	2	2	22	45
20	2	2	24	37
20	2	2	25	16
20	2	2	27	7
20	2	2	28	27
20	2	2	29	17
20	2	2	30	41
20	2	2	32	35
20	2	2	33	10
20	2	2	35	4
20	2	2	36	29
20	2	2	37	21
20	2	2	38	48
20	2	2	40	39
20	2	2	41	13
20	2	2	43	5
20	2	2	44	25
20	2	2	45	19
20	2	2	46	43
20	2	2	48	33
20	2	2	49	12
20	2	2	51	2
20	2	2	52	31
20	2	2	53	23
20	2	2	54	46
20	2	2	56	38
20	2	2	57	15
20	2	2	59	8
20	2	2	60	28
20	2	2	61	18
20	2	2	62	42
20	3	1	1	24
20	3	1	2	38
20	3	1	3	6
20	3	1	4	42
20	3	1	5	13
20	3	1	6	27
20	3	1	9	20
20	3	1	10	34
20	3	1	11	4
20	3	1	12	46
20	3	1	13	9
20	3	1	14	32
20	3	1	17	21
20	3	1	18	40
20	3	1	19	8
20	3	1	20	44
20	3	1	21	16
20	3	1	22	26
20	3	1	25	17
20	3	1	26	35
20	3	1	27	1
20	3	1	28	48
20	3	1	29	12
20	3	1	30	30
20	3	1	33	23
20	3	1	34	37
20	3	1	35	5
20	3	1	36	41
20	3	1	37	14
20	3	1	38	28
20	3	1	41	19
20	3	1	42	33
20	3	1	43	3
20	3	1	44	45
20	3	1	45	10
20	3	1	46	31
20	3	1	49	22
20	3	1	50	39
20	3	1	51	7
20	3	1	52	43
20	3	1	53	15
20	3	1	54	25
20	3	1	57	18
20	3	1	58	36
20	3	1	59	2
20	3	1	60	47
20	3	1	61	11
20	3	1	62	29
20	3	2	1	47
20	3	2	2	16
20	3	2	3	37
20	3	2	4	5
20	3	2	6	20
20	3	2	7	27
20	3	2	9	42
20	3	2	10	11
20	3	2	11	35
20	3	2	12	4
20	3	2	14	21
20	3	2	15	29
20	3	2	17	46
20	3	2	18	14
20	3	2	19	40
20	3	2	20	7
20	3	2	22	18
20	3	2	23	25
20	3	2	25	44
20	3	2	26	10
20	3	2	27	33
20	3	2	28	2
20	3	2	30	24
20	3	2	31	31
20	3	2	33	48
20	3	2	34	15
20	3	2	35	38
20	3	2	36	6
20	3	2	38	19
20	3	2	39	28
20	3	2	41	41
20	3	2	42	12
20	3	2	43	36
20	3	2	44	3
20	3	2	46	22
20	3	2	47	30
20	3	2	49	45
20	3	2	50	13
20	3	2	51	39
20	3	2	52	8
20	3	2	54	17
20	3	2	55	26
20	3	2	57	43
20	3	2	58	9
20	3	2	59	34
20	3	2	60	1
20	3	2	62	23
20	3	2	63	32
20	4	1	0	3
20	4	1	2	18
20	4	1	3	33
20	4	1	5	45
20	4	1	6	12
20	4	1	7	32
20	4	1	8	7
20	4	1	10	21
20	4	1	11	38
20	4	1	13	42
20	4	1	14	15
20	4	1	15	27
20	4	1	16	2
20	4	1	18	20
20	4	1	19	35
20	4	1	21	47
20	4	1	22	10
20	4	1	23	30
20	4	1	24	6
20	4	1	26	24
20	4	1	27	40
20	4	1	29	44
20	4	1	30	13
20	4	1	31	25
20	4	1	32	4
20	4	1	34	17
20	4	1	35	34
20	4	1	37	46
20	4	1	38	11
20	4	1	39	31
20	4	1	40	8
20	4	1	42	22
20	4	1	43	37
20	4	1	45	41
20	4	1	46	16
20	4	1	47	28
20	4	1	48	1
20	4	1	50	19
20	4	1	51	36
20	4	1	53	48
20	4	1	54	9
20	4	1	55	29
20	4	1	56	5
20	4	1	58	23
20	4	1	59	39
20	4	1	61	43
20	4	1	62	14
20	4	1	63	26
20	4	2	0	38
20	4	2	1	20
20	4	2	3	8
20	4	2	4	27
20	4	2	5	13
20	4	2	6	41
20	4	2	8	34
20	4	2	9	21
20	4	2	11	2
20	4	2	12	30
20	4	2	13	11
20	4	2	14	48
20	4	2	16	40
20	4	2	17	18
20	4	2	19	5
20	4	2	20	26
20	4	2	21	15
20	4	2	22	43
20	4	2	24	36
20	4	2	25	23
20	4	2	27	4
20	4	2	28	31
20	4	2	29	9
20	4	2	30	46
20	4	2	32	37
20	4	2	33	19
20	4	2	35	7
20	4	2	36	28
20	4	2	37	14
20	4	2	38	42
20	4	2	40	33
20	4	2	41	22
20	4	2	43	1
20	4	2	44	29
20	4	2	45	12
20	4	2	46	47
20	4	2	48	39
20	4	2	49	17
20	4	2	51	6
20	4	2	52	25
20	4	2	53	16
20	4	2	54	44
20	4	2	56	35
20	4	2	57	24
20	4	2	59	3
20	4	2	60	32
20	4	2	61	10
20	4	2	62	45
20	5	1	0	17
20	5	1	3	30
20	5	1	4	14
20	5	1	5	48
20	5	1	6	5
20	5	1	7	38
20	5	1	8	22
20	5	1	11	25
20	5	1	12	12
20	5	1	13	44
20	5	1	14	4
20	5	1	15	33
20	5	1	16	20
20	5	1	19	32
20	5	1	20	15
20	5	1	21	45
20	5	1	22	8
20	5	1	23	40
20	5	1	24	23
20	5	1	27	28
20	5	1	28	10
20	5	1	29	41
20	5	1	30	2
20	5	1	31	35
20	5	1	32	18
20	5	1	35	29
20	5	1	36	13
20	5	1	37	47
20	5	1	38	6
20	5	1	39	37
20	5	1	40	21
20	5	1	43	26
20	5	1	44	11
20	5	1	45	43
20	5	1	46	3
20	5	1	47	34
20	5	1	48	19
20	5	1	51	31
20	5	1	52	16
20	5	1	53	46
20	5	1	54	7
20	5	1	55	39
20	5	1	56	24
20	5	1	59	27
20	5	1	60	9
20	5	1	61	42
20	5	1	62	1
20	5	1	63	36
20	5	2	0	28
20	5	2	1	8
20	5	2	3	13
20	5	2	4	39
20	5	2	6	47
20	5	2	7	17
20	5	2	8	30
20	5	2	9	1
20	5	2	11	10
20	5	2	12	36
20	5	2	14	43
20	5	2	15	22
20	5	2	16	26
20	5	2	17	5
20	5	2	19	15
20	5	2	20	37
20	5	2	22	45
20	5	2	23	19
20	5	2	24	32
20	5	2	25	4
20	5	2	27	12
20	5	2	28	33
20	5	2	30	41
20	5	2	31	24
20	5	2	32	27
20	5	2	33	7
20	5	2	35	14
20	5	2	36	40
20	5	2	38	48
20	5	2	39	18
20	5	2	40	29
20	5	2	41	2
20	5	2	43	9
20	5	2	44	35
20	5	2	46	44
20	5	2	47	21
20	5	2	48	25
20	5	2	49	6
20	5	2	51	16
20	5	2	52	38
20	5	2	54	46
20	5	2	55	20
20	5	2	56	31
20	5	2	57	3
20	5	2	59	11
20	5	2	60	34
20	5	2	62	42
20	5	2	63	23
20	6	1	0	47
20	6	1	1	10
20	6	1	2	27
20	6	1	5	24
20	6	1	6	34
20	6	1	7	4
20	6	1	8	41
20	6	1	9	14
20	6	1	10	29
20	6	1	13	20
20	6	1	14	37
20	6	1	15	5
20	6	1	16	45
20	6	1	17	11
20	6	1	18	25
20	6	1	21	21
20	6	1	22	36
20	6	1	23	2
20	6	1	24	43
20	6	1	25	15
20	6	1	26	32
20	6	1	29	17
20	6	1	30	40
20	6	1	31	8
20	6	1	32	48
20	6	1	33	9
20	6	1	34	28
20	6	1	37	23
20	6	1	38	33
20	6	1	39	3
20	6	1	40	42
20	6	1	41	13
20	6	1	42	30
20	6	1	45	19
20	6	1	46	38
20	6	1	47	6
20	6	1	48	46
20	6	1	49	12
20	6	1	50	26
20	6	1	53	22
20	6	1	54	35
20	6	1	55	1
20	6	1	56	44
20	6	1	57	16
20	6	1	58	31
20	6	1	61	18
20	6	1	62	39
20	6	1	63	7
20	6	2	0	13
20	6	2	1	37
20	6	2	4	24
20	6	2	5	32
20	6	2	6	5
20	6	2	7	42
20	6	2	8	9
20	6	2	9	33
20	6	2	12	20
20	6	2	13	26
20	6	2	14	2
20	6	2	15	45
20	6	2	16	16
20	6	2	17	39
20	6	2	20	21
20	6	2	21	30
20	6	2	22	7
20	6	2	23	44
20	6	2	24	12
20	6	2	25	36
20	6	2	28	18
20	6	2	29	28
20	6	2	30	4
20	6	2	31	48
20	6	2	32	14
20	6	2	33	38
20	6	2	36	23
20	6	2	37	31
20	6	2	38	6
20	6	2	39	41
20	6	2	40	10
20	6	2	41	34
20	6	2	44	19
20	6	2	45	25
20	6	2	46	1
20	6	2	47	46
20	6	2	48	15
20	6	2	49	40
20	6	2	52	22
20	6	2	53	29
20	6	2	54	8
20	6	2	55	43
20	6	2	56	11
20	6	2	57	35
20	6	2	60	17
20	6	2	61	27
20	6	2	62	3
20	6	2	63	47
22	2	1	0	11
22	2	1	1	42
22	2	1	3	32
22	2	1	4	17
22	2	1	6	6
22	2	1	7	33
22	2	1	8	13
22	2	1	9	48
22	2	1	11	28
22	2	1	12	22
22	2	1	14	3
22	2	1	15	39
22	2	1	16	10
22	2	1	17	44
22	2	1	19	30
22	2	1	20	20
22	2	1	22	7
22	2	1	23	36
22	2	1	24	16
22	2	1	25	45
22	2	1	27	26
22	2	1	28	24
22	2	1	30	1
22	2	1	31	37
22	2	1	32	12
22	2	1	33	41
22	2	1	35	31
22	2	1	36	18
22	2	1	38	5
22	2	1	39	34
22	2	1	40	14
22	2	1	41	47
22	2	1	43	27
22	2	1	44	21
22	2	1	46	4
22	2	1	47	40
22	2	1	48	9
22	2	1	49	43
22	2	1	51	29
22	2	1	52	19
22	2	1	54	8
22	2	1	55	35
22	2	1	56	15
22	2	1	57	46
22	2	1	59	25
22	2	1	60	23
22	2	1	62	2
22	2	1	63	38
22	2	2	0	31
22	2	2	1	17
22	2	2	3	4
22	2	2	4	36
22	2	2	5	13
22	2	2	6	46
22	2	2	8	27
22	2	2	9	22
22	2	2	11	8
22	2	2	12	37
22	2	2	13	10
22	2	2	14	42
22	2	2	16	30
22	2	2	17	19
22	2	2	19	2
22	2	2	20	34
22	2	2	21	15
22	2	2	22	48
22	2	2	24	25
22	2	2	25	23
22	2	2	27	5
22	2	2	28	40
22	2	2	29	11
22	2	2	30	43
22	2	2	32	32
22	2	2	33	18
22	2	2	35	3
22	2	2	36	35
22	2	2	37	14
22	2	2	38	45
22	2	2	40	28
22	2	2	41	21
22	2	2	43	7
22	2	2	44	38
22	2	2	45	9
22	2	2	46	41
22	2	2	48	29
22	2	2	49	20
22	2	2	51	1
22	2	2	52	33
22	2	2	53	16
22	2	2	54	47
22	2	2	56	26
22	2	2	57	24
22	2	2	59	6
22	2	2	60	39
22	2	2	61	12
22	2	2	62	44
22	3	1	2	18
22	3	1	3	29
22	3	1	4	1
22	3	1	5	47
22	3	1	6	15
22	3	1	7	40
22	3	1	10	21
22	3	1	11	26
22	3	1	12	6
22	3	1	13	42
22	3	1	14	9
22	3	1	15	36
22	3	1	18	19
22	3	1	19	31
22	3	1	20	3
22	3	1	21	45
22	3	1	22	13
22	3	1	23	38
22	3	1	26	24
22	3	1	27	28
22	3	1	28	7
22	3	1	29	43
22	3	1	30	12
22	3	1	31	33
22	3	1	34	17
22	3	1	35	30
22	3	1	36	2
22	3	1	37	48
22	3	1	38	16
22	3	1	39	39
22	3	1	42	22
22	3	1	43	25
22	3	1	44	5
22	3	1	45	41
22	3	1	46	10
22	3	1	47	35
22	3	1	50	20
22	3	1	51	32
22	3	1	52	4
22	3	1	53	46
22	3	1	54	14
22	3	1	55	37
22	3	1	58	23
22	3	1	59	27
22	3	1	60	8
22	3	1	61	44
22	3	1	62	11
22	3	1	63	34
22	3	2	0	7
22	3	2	1	39
22	3	2	2	16
22	3	2	5	30
22	3	2	6	22
22	3	2	7	42
22	3	2	8	1
22	3	2	9	33
22	3	2	10	10
22	3	2	13	25
22	3	2	14	19
22	3	2	15	45
22	3	2	16	6
22	3	2	17	37
22	3	2	18	13
22	3	2	21	32
22	3	2	22	23
22	3	2	23	44
22	3	2	24	4
22	3	2	25	35
22	3	2	26	12
22	3	2	29	27
22	3	2	30	17
22	3	2	31	48
22	3	2	32	8
22	3	2	33	40
22	3	2	34	15
22	3	2	37	29
22	3	2	38	21
22	3	2	39	41
22	3	2	40	2
22	3	2	41	34
22	3	2	42	9
22	3	2	45	26
22	3	2	46	20
22	3	2	47	46
22	3	2	48	5
22	3	2	49	38
22	3	2	50	14
22	3	2	53	31
22	3	2	54	24
22	3	2	55	43
22	3	2	56	3
22	3	2	57	36
22	3	2	58	11
22	3	2	61	28
22	3	2	62	18
22	3	2	63	47
22	4	1	1	42
22	4	1	2	23
22	4	1	3	30
22	4	1	4	2
22	4	1	6	10
22	4	1	7	34
22	4	1	9	47
22	4	1	10	20
22	4	1	11	28
22	4	1	12	6
22	4	1	14	13
22	4	1	15	39
22	4	1	17	44
22	4	1	18	21
22	4	1	19	32
22	4	1	20	4
22	4	1	22	11
22	4	1	23	35
22	4	1	25	45
22	4	1	26	18
22	4	1	27	25
22	4	1	28	7
22	4	1	30	16
22	4	1	31	37
22	4	1	33	41
22	4	1	34	24
22	4	1	35	29
22	4	1	36	1
22	4	1	38	9
22	4	1	39	33
22	4	1	41	48
22	4	1	42	19
22	4	1	43	27
22	4	1	44	5
22	4	1	46	14
22	4	1	47	40
22	4	1	49	43
22	4	1	50	22
22	4	1	51	31
22	4	1	52	3
22	4	1	54	12
22	4	1	55	36
22	4	1	57	46
22	4	1	58	17
22	4	1	59	26
22	4	1	60	8
22	4	1	62	15
22	4	1	63	38
22	4	2	2	30
22	4	2	3	10
22	4	2	4	47
22	4	2	5	7
22	4	2	6	34
22	4	2	7	23
22	4	2	10	27
22	4	2	11	13
22	4	2	12	42
22	4	2	13	4
22	4	2	14	37
22	4	2	15	18
22	4	2	18	31
22	4	2	19	12
22	4	2	20	46
22	4	2	21	6
22	4	2	22	36
22	4	2	23	21
22	4	2	26	26
22	4	2	27	15
22	4	2	28	43
22	4	2	29	2
22	4	2	30	40
22	4	2	31	19
22	4	2	34	29
22	4	2	35	9
22	4	2	36	48
22	4	2	37	8
22	4	2	38	33
22	4	2	39	24
22	4	2	42	28
22	4	2	43	14
22	4	2	44	41
22	4	2	45	3
22	4	2	46	38
22	4	2	47	17
22	4	2	50	32
22	4	2	51	11
22	4	2	52	45
22	4	2	53	5
22	4	2	54	35
22	4	2	55	22
22	4	2	58	25
22	4	2	59	16
22	4	2	60	44
22	4	2	61	1
22	4	2	62	39
22	4	2	63	20
22	5	1	0	47
22	5	1	1	22
22	5	1	2	37
22	5	1	5	15
22	5	1	6	27
22	5	1	7	8
22	5	1	8	43
22	5	1	9	19
22	5	1	10	34
22	5	1	13	12
22	5	1	14	29
22	5	1	15	1
22	5	1	16	46
22	5	1	17	23
22	5	1	18	40
22	5	1	21	13
22	5	1	22	26
22	5	1	23	5
22	5	1	24	41
22	5	1	25	17
22	5	1	26	35
22	5	1	29	10
22	5	1	30	32
22	5	1	31	4
22	5	1	32	48
22	5	1	33	21
22	5	1	34	38
22	5	1	37	16
22	5	1	38	28
22	5	1	39	7
22	5	1	40	44
22	5	1	41	20
22	5	1	42	33
22	5	1	45	11
22	5	1	46	30
22	5	1	47	2
22	5	1	48	45
22	5	1	49	24
22	5	1	50	39
22	5	1	53	14
22	5	1	54	25
22	5	1	55	6
22	5	1	56	42
22	5	1	57	18
22	5	1	58	36
22	5	1	61	9
22	5	1	62	31
22	5	1	63	3
22	5	2	0	36
22	5	2	1	22
22	5	2	2	43
22	5	2	4	27
22	5	2	5	10
22	5	2	7	5
22	5	2	8	37
22	5	2	9	18
22	5	2	10	46
22	5	2	12	32
22	5	2	13	14
22	5	2	15	4
22	5	2	16	33
22	5	2	17	23
22	5	2	18	42
22	5	2	20	25
22	5	2	21	11
22	5	2	23	7
22	5	2	24	40
22	5	2	25	20
22	5	2	26	48
22	5	2	28	29
22	5	2	29	15
22	5	2	31	1
22	5	2	32	35
22	5	2	33	21
22	5	2	34	44
22	5	2	36	28
22	5	2	37	9
22	5	2	39	6
22	5	2	40	38
22	5	2	41	17
22	5	2	42	45
22	5	2	44	31
22	5	2	45	13
22	5	2	47	3
22	5	2	48	34
22	5	2	49	24
22	5	2	50	41
22	5	2	52	26
22	5	2	53	12
22	5	2	55	8
22	5	2	56	39
22	5	2	57	19
22	5	2	58	47
22	5	2	60	30
22	5	2	61	16
22	5	2	63	2
22	6	1	0	3
22	6	1	1	29
22	6	1	2	23
22	6	1	3	46
22	6	1	5	40
22	6	1	6	13
22	6	1	8	8
22	6	1	9	26
22	6	1	10	20
22	6	1	11	44
22	6	1	13	36
22	6	1	14	10
22	6	1	16	2
22	6	1	17	31
22	6	1	18	21
22	6	1	19	47
22	6	1	21	37
22	6	1	22	15
22	6	1	24	6
22	6	1	25	27
22	6	1	26	18
22	6	1	27	41
22	6	1	29	34
22	6	1	30	12
22	6	1	32	4
22	6	1	33	30
22	6	1	34	24
22	6	1	35	45
22	6	1	37	39
22	6	1	38	14
22	6	1	40	7
22	6	1	41	25
22	6	1	42	19
22	6	1	43	43
22	6	1	45	35
22	6	1	46	9
22	6	1	48	1
22	6	1	49	32
22	6	1	50	22
22	6	1	51	48
22	6	1	53	38
22	6	1	54	16
22	6	1	56	5
22	6	1	57	28
22	6	1	58	17
22	6	1	59	42
22	6	1	61	33
22	6	1	62	11
22	6	2	0	16
22	6	2	1	35
22	6	2	4	19
22	6	2	5	28
22	6	2	6	1
22	6	2	7	47
22	6	2	8	9
22	6	2	9	37
22	6	2	12	21
22	6	2	13	31
22	6	2	14	6
22	6	2	15	41
22	6	2	16	13
22	6	2	17	33
22	6	2	20	17
22	6	2	21	26
22	6	2	22	3
22	6	2	23	46
22	6	2	24	11
22	6	2	25	40
22	6	2	28	24
22	6	2	29	29
22	6	2	30	7
22	6	2	31	44
22	6	2	32	15
22	6	2	33	36
22	6	2	36	20
22	6	2	37	27
22	6	2	38	2
22	6	2	39	48
22	6	2	40	10
22	6	2	41	38
22	6	2	44	22
22	6	2	45	32
22	6	2	46	5
22	6	2	47	42
22	6	2	48	14
22	6	2	49	34
22	6	2	52	18
22	6	2	53	25
22	6	2	54	4
22	6	2	55	45
22	6	2	56	12
22	6	2	57	39
22	6	2	60	23
22	6	2	61	30
22	6	2	62	8
22	6	2	63	43
23	2	1	0	32
23	2	1	1	14
23	2	1	2	44
23	2	1	3	6
23	2	1	4	39
23	2	1	5	19
23	2	1	8	28
23	2	1	9	9
23	2	1	10	48
23	2	1	11	4
23	2	1	12	33
23	2	1	13	23
23	2	1	16	30
23	2	1	17	16
23	2	1	18	42
23	2	1	19	8
23	2	1	20	37
23	2	1	21	18
23	2	1	24	25
23	2	1	25	12
23	2	1	26	46
23	2	1	27	2
23	2	1	28	35
23	2	1	29	22
23	2	1	32	31
23	2	1	33	13
23	2	1	34	43
23	2	1	35	5
23	2	1	36	40
23	2	1	37	20
23	2	1	40	27
23	2	1	41	10
23	2	1	42	47
23	2	1	43	3
23	2	1	44	34
23	2	1	45	24
23	2	1	48	29
23	2	1	49	15
23	2	1	50	41
23	2	1	51	7
23	2	1	52	38
23	2	1	53	17
23	2	1	56	26
23	2	1	57	11
23	2	1	58	45
23	2	1	59	1
23	2	1	60	36
23	2	1	61	21
23	2	2	1	28
23	2	2	2	17
23	2	2	3	45
23	2	2	4	3
23	2	2	5	34
23	2	2	6	14
23	2	2	9	30
23	2	2	10	22
23	2	2	11	44
23	2	2	12	6
23	2	2	13	37
23	2	2	14	12
23	2	2	17	26
23	2	2	18	20
23	2	2	19	47
23	2	2	20	2
23	2	2	21	35
23	2	2	22	16
23	2	2	25	31
23	2	2	26	23
23	2	2	27	41
23	2	2	28	7
23	2	2	29	39
23	2	2	30	10
23	2	2	33	27
23	2	2	34	18
23	2	2	35	46
23	2	2	36	4
23	2	2	37	33
23	2	2	38	13
23	2	2	41	29
23	2	2	42	21
23	2	2	43	43
23	2	2	44	5
23	2	2	45	38
23	2	2	46	11
23	2	2	49	25
23	2	2	50	19
23	2	2	51	48
23	2	2	52	1
23	2	2	53	36
23	2	2	54	15
23	2	2	57	32
23	2	2	58	24
23	2	2	59	42
23	2	2	60	8
23	2	2	61	40
23	2	2	62	9
23	3	1	1	47
23	3	1	2	9
23	3	1	3	30
23	3	1	4	6
23	3	1	6	18
23	3	1	7	39
23	3	1	9	44
23	3	1	10	13
23	3	1	11	25
23	3	1	12	3
23	3	1	14	22
23	3	1	15	36
23	3	1	17	46
23	3	1	18	12
23	3	1	19	32
23	3	1	20	8
23	3	1	22	20
23	3	1	23	38
23	3	1	25	42
23	3	1	26	16
23	3	1	27	27
23	3	1	28	1
23	3	1	30	24
23	3	1	31	33
23	3	1	33	48
23	3	1	34	10
23	3	1	35	29
23	3	1	36	5
23	3	1	38	17
23	3	1	39	40
23	3	1	41	43
23	3	1	42	14
23	3	1	43	26
23	3	1	44	4
23	3	1	46	21
23	3	1	47	35
23	3	1	49	45
23	3	1	50	11
23	3	1	51	31
23	3	1	52	7
23	3	1	54	19
23	3	1	55	37
23	3	1	57	41
23	3	1	58	15
23	3	1	59	28
23	3	1	60	2
23	3	1	62	23
23	3	1	63	34
23	3	2	0	11
23	3	2	1	39
23	3	2	2	3
23	3	2	4	23
23	3	2	5	27
23	3	2	7	41
23	3	2	8	13
23	3	2	9	33
23	3	2	10	5
23	3	2	12	19
23	3	2	13	32
23	3	2	15	48
23	3	2	16	10
23	3	2	17	38
23	3	2	18	1
23	3	2	20	22
23	3	2	21	25
23	3	2	23	44
23	3	2	24	15
23	3	2	25	35
23	3	2	26	7
23	3	2	28	18
23	3	2	29	30
23	3	2	31	45
23	3	2	32	12
23	3	2	33	40
23	3	2	34	4
23	3	2	36	24
23	3	2	37	28
23	3	2	39	42
23	3	2	40	14
23	3	2	41	34
23	3	2	42	6
23	3	2	44	20
23	3	2	45	31
23	3	2	47	47
23	3	2	48	9
23	3	2	49	37
23	3	2	50	2
23	3	2	52	21
23	3	2	53	26
23	3	2	55	43
23	3	2	56	16
23	3	2	57	36
23	3	2	58	8
23	3	2	60	17
23	3	2	61	29
23	3	2	63	46
23	4	1	2	16
23	4	1	3	36
23	4	1	4	1
23	4	1	5	43
23	4	1	6	21
23	4	1	7	30
23	4	1	10	12
23	4	1	11	39
23	4	1	12	6
23	4	1	13	46
23	4	1	14	19
23	4	1	15	26
23	4	1	18	13
23	4	1	19	33
23	4	1	20	3
23	4	1	21	42
23	4	1	22	23
23	4	1	23	32
23	4	1	26	9
23	4	1	27	38
23	4	1	28	8
23	4	1	29	48
23	4	1	30	18
23	4	1	31	27
23	4	1	34	15
23	4	1	35	35
23	4	1	36	2
23	4	1	37	44
23	4	1	38	22
23	4	1	39	29
23	4	1	42	11
23	4	1	43	40
23	4	1	44	5
23	4	1	45	45
23	4	1	46	20
23	4	1	47	25
23	4	1	50	14
23	4	1	51	34
23	4	1	52	4
23	4	1	53	41
23	4	1	54	24
23	4	1	55	31
23	4	1	58	10
23	4	1	59	37
23	4	1	60	7
23	4	1	61	47
23	4	1	62	17
23	4	1	63	28
23	4	2	0	20
23	4	2	1	33
23	4	2	2	2
23	4	2	4	10
23	4	2	5	28
23	4	2	7	41
23	4	2	8	23
23	4	2	9	38
23	4	2	10	7
23	4	2	12	16
23	4	2	13	29
23	4	2	15	46
23	4	2	16	17
23	4	2	17	35
23	4	2	18	3
23	4	2	20	12
23	4	2	21	26
23	4	2	23	43
23	4	2	24	22
23	4	2	25	39
23	4	2	26	6
23	4	2	28	13
23	4	2	29	31
23	4	2	31	48
23	4	2	32	19
23	4	2	33	34
23	4	2	34	1
23	4	2	36	9
23	4	2	37	27
23	4	2	39	42
23	4	2	40	24
23	4	2	41	37
23	4	2	42	8
23	4	2	44	15
23	4	2	45	30
23	4	2	47	45
23	4	2	48	18
23	4	2	49	36
23	4	2	50	4
23	4	2	52	11
23	4	2	53	25
23	4	2	55	44
23	4	2	56	21
23	4	2	57	40
23	4	2	58	5
23	4	2	60	14
23	4	2	61	32
23	4	2	63	47
23	5	1	0	16
23	5	1	3	35
23	5	1	4	18
23	5	1	5	42
23	5	1	6	3
23	5	1	7	26
23	5	1	8	10
23	5	1	11	40
23	5	1	12	24
23	5	1	13	46
23	5	1	14	5
23	5	1	15	32
23	5	1	16	14
23	5	1	19	33
23	5	1	20	20
23	5	1	21	43
23	5	1	22	1
23	5	1	23	27
23	5	1	24	12
23	5	1	27	38
23	5	1	28	21
23	5	1	29	47
23	5	1	30	8
23	5	1	31	29
23	5	1	32	15
23	5	1	35	36
23	5	1	36	17
23	5	1	37	41
23	5	1	38	4
23	5	1	39	25
23	5	1	40	9
23	5	1	43	39
23	5	1	44	23
23	5	1	45	45
23	5	1	46	6
23	5	1	47	31
23	5	1	48	13
23	5	1	51	34
23	5	1	52	19
23	5	1	53	44
23	5	1	54	2
23	5	1	55	28
23	5	1	56	11
23	5	1	59	37
23	5	1	60	22
23	5	1	61	48
23	5	1	62	7
23	5	1	63	30
23	5	2	0	32
23	5	2	1	1
23	5	2	3	17
23	5	2	4	33
23	5	2	6	46
23	5	2	7	11
23	5	2	8	26
23	5	2	9	8
23	5	2	11	24
23	5	2	12	38
23	5	2	14	44
23	5	2	15	15
23	5	2	16	29
23	5	2	17	4
23	5	2	19	19
23	5	2	20	36
23	5	2	22	47
23	5	2	23	9
23	5	2	24	27
23	5	2	25	5
23	5	2	27	22
23	5	2	28	40
23	5	2	30	42
23	5	2	31	14
23	5	2	32	31
23	5	2	33	2
23	5	2	35	18
23	5	2	36	34
23	5	2	38	45
23	5	2	39	12
23	5	2	40	25
23	5	2	41	7
23	5	2	43	23
23	5	2	44	37
23	5	2	46	43
23	5	2	47	16
23	5	2	48	30
23	5	2	49	3
23	5	2	51	20
23	5	2	52	35
23	5	2	54	48
23	5	2	55	10
23	5	2	56	28
23	5	2	57	6
23	5	2	59	21
23	5	2	60	39
23	5	2	62	41
23	5	2	63	13
23	6	1	0	42
23	6	1	1	4
23	6	1	2	36
23	6	1	3	11
23	6	1	6	28
23	6	1	7	19
23	6	1	8	46
23	6	1	9	5
23	6	1	10	38
23	6	1	11	14
23	6	1	14	29
23	6	1	15	24
23	6	1	16	44
23	6	1	17	1
23	6	1	18	34
23	6	1	19	9
23	6	1	22	25
23	6	1	23	18
23	6	1	24	47
23	6	1	25	8
23	6	1	26	40
23	6	1	27	16
23	6	1	30	31
23	6	1	31	21
23	6	1	32	41
23	6	1	33	3
23	6	1	34	35
23	6	1	35	12
23	6	1	38	27
23	6	1	39	20
23	6	1	40	45
23	6	1	41	6
23	6	1	42	37
23	6	1	43	13
23	6	1	46	30
23	6	1	47	23
23	6	1	48	43
23	6	1	49	2
23	6	1	50	33
23	6	1	51	10
23	6	1	54	26
23	6	1	55	17
23	6	1	56	48
23	6	1	57	7
23	6	1	58	39
23	6	1	59	15
23	6	1	62	32
23	6	1	63	22
23	6	2	0	37
23	6	2	1	21
23	6	2	2	44
23	6	2	4	32
23	6	2	5	12
23	6	2	7	7
23	6	2	8	34
23	6	2	9	17
23	6	2	10	46
23	6	2	12	26
23	6	2	13	15
23	6	2	15	2
23	6	2	16	40
23	6	2	17	24
23	6	2	18	42
23	6	2	20	29
23	6	2	21	9
23	6	2	23	5
23	6	2	24	36
23	6	2	25	19
23	6	2	26	48
23	6	2	28	28
23	6	2	29	13
23	6	2	31	3
23	6	2	32	38
23	6	2	33	22
23	6	2	34	43
23	6	2	36	31
23	6	2	37	11
23	6	2	39	8
23	6	2	40	33
23	6	2	41	18
23	6	2	42	45
23	6	2	44	25
23	6	2	45	16
23	6	2	47	1
23	6	2	48	39
23	6	2	49	23
23	6	2	50	41
23	6	2	52	30
23	6	2	53	10
23	6	2	55	6
23	6	2	56	35
23	6	2	57	20
23	6	2	58	47
23	6	2	60	27
23	6	2	61	14
23	6	2	63	4
118	1	1	0	20
118	1	1	1	41
118	1	1	2	2
118	1	1	3	37
118	1	1	4	10
118	1	1	7	28
118	1	1	8	22
118	1	1	9	48
118	1	1	10	8
118	1	1	11	35
118	1	1	12	15
118	1	1	15	29
118	1	1	16	18
118	1	1	17	44
118	1	1	18	4
118	1	1	19	39
118	1	1	20	11
118	1	1	23	26
118	1	1	24	23
118	1	1	25	46
118	1	1	26	5
118	1	1	27	34
118	1	1	28	14
118	1	1	31	31
118	1	1	32	19
118	1	1	33	42
118	1	1	34	1
118	1	1	35	38
118	1	1	36	9
118	1	1	39	27
118	1	1	40	21
118	1	1	41	47
118	1	1	42	7
118	1	1	43	36
118	1	1	44	16
118	1	1	47	30
118	1	1	48	17
118	1	1	49	43
118	1	1	50	3
118	1	1	51	40
118	1	1	52	12
118	1	1	55	25
118	1	1	56	24
118	1	1	57	45
118	1	1	58	6
118	1	1	59	33
118	1	1	60	13
118	1	1	63	32
118	1	2	1	14
118	1	2	2	33
118	1	2	3	3
118	1	2	4	46
118	1	2	5	22
118	1	2	6	30
118	1	2	9	9
118	1	2	10	39
118	1	2	11	7
118	1	2	12	44
118	1	2	13	18
118	1	2	14	28
118	1	2	17	16
118	1	2	18	36
118	1	2	19	2
118	1	2	20	47
118	1	2	21	24
118	1	2	22	32
118	1	2	25	12
118	1	2	26	37
118	1	2	27	5
118	1	2	28	42
118	1	2	29	19
118	1	2	30	25
118	1	2	33	13
118	1	2	34	34
118	1	2	35	4
118	1	2	36	45
118	1	2	37	21
118	1	2	38	29
118	1	2	41	10
118	1	2	42	40
118	1	2	43	8
118	1	2	44	43
118	1	2	45	17
118	1	2	46	27
118	1	2	49	15
118	1	2	50	35
118	1	2	51	1
118	1	2	52	48
118	1	2	53	23
118	1	2	54	31
118	1	2	57	11
118	1	2	58	38
118	1	2	59	6
118	1	2	60	41
118	1	2	61	20
118	1	2	62	26
24	1	2	0	31
24	1	2	1	12
24	1	2	4	37
24	1	2	5	24
24	1	2	6	46
24	1	2	7	8
24	1	2	8	28
24	1	2	9	16
24	1	2	12	34
24	1	2	13	18
24	1	2	14	44
24	1	2	15	4
24	1	2	16	29
24	1	2	17	10
24	1	2	20	39
24	1	2	21	22
24	1	2	22	48
24	1	2	23	6
24	1	2	24	26
24	1	2	25	14
24	1	2	28	36
24	1	2	29	20
24	1	2	30	42
24	1	2	31	2
24	1	2	32	32
24	1	2	33	11
24	1	2	36	38
24	1	2	37	23
24	1	2	38	45
24	1	2	39	7
24	1	2	40	27
24	1	2	41	15
24	1	2	44	33
24	1	2	45	17
24	1	2	46	43
24	1	2	47	3
24	1	2	48	30
24	1	2	49	9
24	1	2	52	40
24	1	2	53	21
24	1	2	54	47
24	1	2	55	5
24	1	2	56	25
24	1	2	57	13
24	1	2	60	35
24	1	2	61	19
24	1	2	62	41
24	1	2	63	1
24	2	1	1	23
24	2	1	2	25
24	2	1	3	5
24	2	1	4	41
24	2	1	5	15
24	2	1	6	39
24	2	1	9	19
24	2	1	10	29
24	2	1	11	4
24	2	1	12	47
24	2	1	13	12
24	2	1	14	36
24	2	1	17	21
24	2	1	18	28
24	2	1	19	8
24	2	1	20	44
24	2	1	21	13
24	2	1	22	37
24	2	1	25	17
24	2	1	26	32
24	2	1	27	1
24	2	1	28	46
24	2	1	29	9
24	2	1	30	33
24	2	1	33	24
24	2	1	34	26
24	2	1	35	6
24	2	1	36	42
24	2	1	37	16
24	2	1	38	40
24	2	1	41	20
24	2	1	42	30
24	2	1	43	3
24	2	1	44	48
24	2	1	45	11
24	2	1	46	35
24	2	1	49	22
24	2	1	50	27
24	2	1	51	7
24	2	1	52	43
24	2	1	53	14
24	2	1	54	38
24	2	1	57	18
24	2	1	58	31
24	2	1	59	2
24	2	1	60	45
24	2	1	61	10
24	2	1	62	34
24	2	2	2	31
24	2	2	3	18
24	2	2	4	42
24	2	2	5	6
24	2	2	6	39
24	2	2	7	9
24	2	2	10	26
24	2	2	11	22
24	2	2	12	45
24	2	2	13	3
24	2	2	14	34
24	2	2	15	14
24	2	2	18	30
24	2	2	19	19
24	2	2	20	44
24	2	2	21	7
24	2	2	22	38
24	2	2	23	12
24	2	2	26	28
24	2	2	27	24
24	2	2	28	48
24	2	2	29	1
24	2	2	30	35
24	2	2	31	15
24	2	2	34	32
24	2	2	35	17
24	2	2	36	41
24	2	2	37	5
24	2	2	38	40
24	2	2	39	10
24	2	2	42	25
24	2	2	43	21
24	2	2	44	46
24	2	2	45	4
24	2	2	46	33
24	2	2	47	13
24	2	2	50	29
24	2	2	51	20
24	2	2	52	43
24	2	2	53	8
24	2	2	54	37
24	2	2	55	11
24	2	2	58	27
24	2	2	59	23
24	2	2	60	47
24	2	2	61	2
24	2	2	62	36
24	2	2	63	16
24	3	1	1	13
24	3	1	2	31
24	3	1	3	1
24	3	1	4	48
24	3	1	5	23
24	3	1	6	37
24	3	1	9	10
24	3	1	10	28
24	3	1	11	6
24	3	1	12	44
24	3	1	13	17
24	3	1	14	36
24	3	1	17	15
24	3	1	18	29
24	3	1	19	3
24	3	1	20	45
24	3	1	21	22
24	3	1	22	39
24	3	1	25	11
24	3	1	26	25
24	3	1	27	8
24	3	1	28	41
24	3	1	29	20
24	3	1	30	33
24	3	1	33	14
24	3	1	34	32
24	3	1	35	2
24	3	1	36	47
24	3	1	37	24
24	3	1	38	38
24	3	1	41	9
24	3	1	42	27
24	3	1	43	5
24	3	1	44	43
24	3	1	45	18
24	3	1	46	35
24	3	1	49	16
24	3	1	50	30
24	3	1	51	4
24	3	1	52	46
24	3	1	53	21
24	3	1	54	40
24	3	1	57	12
24	3	1	58	26
24	3	1	59	7
24	3	1	60	42
24	3	1	61	19
24	3	1	62	34
24	4	1	0	10
24	4	1	1	38
24	4	1	3	42
24	4	1	4	22
24	4	1	5	29
24	4	1	6	2
24	4	1	8	16
24	4	1	9	33
24	4	1	11	45
24	4	1	12	20
24	4	1	13	27
24	4	1	14	8
24	4	1	16	11
24	4	1	17	39
24	4	1	19	44
24	4	1	20	23
24	4	1	21	31
24	4	1	22	3
24	4	1	24	14
24	4	1	25	35
24	4	1	27	47
24	4	1	28	17
24	4	1	29	25
24	4	1	30	6
24	4	1	32	9
24	4	1	33	37
24	4	1	35	41
24	4	1	36	21
24	4	1	37	30
24	4	1	38	1
24	4	1	40	15
24	4	1	41	34
24	4	1	43	46
24	4	1	44	19
24	4	1	45	28
24	4	1	46	7
24	4	1	48	12
24	4	1	49	40
24	4	1	51	43
24	4	1	52	24
24	4	1	53	32
24	4	1	54	4
24	4	1	56	13
24	4	1	57	36
24	4	1	59	48
24	4	1	60	18
24	4	1	61	26
24	4	1	62	5
24	4	2	1	26
24	4	2	2	18
24	4	2	4	6
24	4	2	5	36
24	4	2	6	10
24	4	2	7	48
24	4	2	9	31
24	4	2	10	22
24	4	2	12	1
24	4	2	13	38
24	4	2	14	15
24	4	2	15	42
24	4	2	17	28
24	4	2	18	19
24	4	2	20	8
24	4	2	21	34
24	4	2	22	11
24	4	2	23	45
24	4	2	25	30
24	4	2	26	23
24	4	2	28	4
24	4	2	29	39
24	4	2	30	13
24	4	2	31	43
24	4	2	33	25
24	4	2	34	17
24	4	2	36	5
24	4	2	37	35
24	4	2	38	9
24	4	2	39	47
24	4	2	41	32
24	4	2	42	21
24	4	2	44	2
24	4	2	45	37
24	4	2	46	16
24	4	2	47	41
24	4	2	49	27
24	4	2	50	20
24	4	2	52	7
24	4	2	53	33
24	4	2	54	12
24	4	2	55	46
24	4	2	57	29
24	4	2	58	24
24	4	2	60	3
24	4	2	61	40
24	4	2	62	14
24	4	2	63	44
25	1	2	1	14
25	1	2	2	38
25	1	2	3	7
25	1	2	4	47
25	1	2	5	18
25	1	2	6	29
25	1	2	9	12
25	1	2	10	34
25	1	2	11	3
25	1	2	12	43
25	1	2	13	22
25	1	2	14	28
25	1	2	17	16
25	1	2	18	40
25	1	2	19	6
25	1	2	20	45
25	1	2	21	20
25	1	2	22	31
25	1	2	25	10
25	1	2	26	35
25	1	2	27	1
25	1	2	28	42
25	1	2	29	23
25	1	2	30	26
25	1	2	33	13
25	1	2	34	37
25	1	2	35	8
25	1	2	36	48
25	1	2	37	17
25	1	2	38	30
25	1	2	41	11
25	1	2	42	33
25	1	2	43	4
25	1	2	44	44
25	1	2	45	21
25	1	2	46	27
25	1	2	49	15
25	1	2	50	39
25	1	2	51	5
25	1	2	52	46
25	1	2	53	19
25	1	2	54	32
25	1	2	57	9
25	1	2	58	36
25	1	2	59	2
25	1	2	60	41
25	1	2	61	24
25	1	2	62	25
25	2	1	0	15
25	2	1	3	33
25	2	1	4	23
25	2	1	5	44
25	2	1	6	4
25	2	1	7	32
25	2	1	8	9
25	2	1	11	37
25	2	1	12	17
25	2	1	13	47
25	2	1	14	7
25	2	1	15	28
25	2	1	16	14
25	2	1	19	35
25	2	1	20	21
25	2	1	21	42
25	2	1	22	1
25	2	1	23	30
25	2	1	24	11
25	2	1	27	39
25	2	1	28	20
25	2	1	29	46
25	2	1	30	5
25	2	1	31	26
25	2	1	32	16
25	2	1	35	34
25	2	1	36	24
25	2	1	37	43
25	2	1	38	3
25	2	1	39	31
25	2	1	40	10
25	2	1	43	38
25	2	1	44	18
25	2	1	45	48
25	2	1	46	8
25	2	1	47	27
25	2	1	48	13
25	2	1	51	36
25	2	1	52	22
25	2	1	53	41
25	2	1	54	2
25	2	1	55	29
25	2	1	56	12
25	2	1	59	40
25	2	1	60	19
25	2	1	61	45
25	2	1	62	6
25	2	1	63	25
25	3	1	0	40
25	3	1	1	21
25	3	1	2	47
25	3	1	3	8
25	3	1	4	29
25	3	1	5	12
25	3	1	8	36
25	3	1	9	19
25	3	1	10	41
25	3	1	11	1
25	3	1	12	26
25	3	1	13	14
25	3	1	16	37
25	3	1	17	23
25	3	1	18	45
25	3	1	19	6
25	3	1	20	31
25	3	1	21	10
25	3	1	24	33
25	3	1	25	17
25	3	1	26	44
25	3	1	27	3
25	3	1	28	27
25	3	1	29	15
25	3	1	32	39
25	3	1	33	22
25	3	1	34	48
25	3	1	35	7
25	3	1	36	30
25	3	1	37	11
25	3	1	40	35
25	3	1	41	20
25	3	1	42	42
25	3	1	43	2
25	3	1	44	25
25	3	1	45	13
25	3	1	48	38
25	3	1	49	24
25	3	1	50	46
25	3	1	51	5
25	3	1	52	32
25	3	1	53	9
25	3	1	56	34
25	3	1	57	18
25	3	1	58	43
25	3	1	59	4
25	3	1	60	28
25	3	1	61	16
25	4	1	0	25
25	4	1	1	5
25	4	1	2	45
25	4	1	3	20
25	4	1	4	34
25	4	1	7	9
25	4	1	8	32
25	4	1	9	1
25	4	1	10	42
25	4	1	11	23
25	4	1	12	38
25	4	1	15	15
25	4	1	16	28
25	4	1	17	8
25	4	1	18	47
25	4	1	19	18
25	4	1	20	36
25	4	1	23	12
25	4	1	24	30
25	4	1	25	4
25	4	1	26	44
25	4	1	27	21
25	4	1	28	40
25	4	1	31	13
25	4	1	32	26
25	4	1	33	6
25	4	1	34	46
25	4	1	35	19
25	4	1	36	33
25	4	1	39	10
25	4	1	40	31
25	4	1	41	2
25	4	1	42	41
25	4	1	43	24
25	4	1	44	37
25	4	1	47	16
25	4	1	48	27
25	4	1	49	7
25	4	1	50	48
25	4	1	51	17
25	4	1	52	35
25	4	1	55	11
25	4	1	56	29
25	4	1	57	3
25	4	1	58	43
25	4	1	59	22
25	4	1	60	39
25	4	1	63	14
25	4	2	0	42
25	4	2	1	12
25	4	2	2	35
25	4	2	5	21
25	4	2	6	27
25	4	2	7	6
25	4	2	8	48
25	4	2	9	13
25	4	2	10	38
25	4	2	13	20
25	4	2	14	30
25	4	2	15	3
25	4	2	16	44
25	4	2	17	9
25	4	2	18	34
25	4	2	21	24
25	4	2	22	26
25	4	2	23	8
25	4	2	24	45
25	4	2	25	15
25	4	2	26	39
25	4	2	29	18
25	4	2	30	31
25	4	2	31	2
25	4	2	32	41
25	4	2	33	11
25	4	2	34	36
25	4	2	37	22
25	4	2	38	28
25	4	2	39	5
25	4	2	40	47
25	4	2	41	14
25	4	2	42	37
25	4	2	45	19
25	4	2	46	29
25	4	2	47	4
25	4	2	48	43
25	4	2	49	10
25	4	2	50	33
25	4	2	53	23
25	4	2	54	25
25	4	2	55	7
25	4	2	56	46
25	4	2	57	16
25	4	2	58	40
25	4	2	61	17
25	4	2	62	32
25	4	2	63	1
25	5	1	0	45
25	5	1	1	11
25	5	1	2	27
25	5	1	3	6
25	5	1	5	23
25	5	1	6	39
25	5	1	8	42
25	5	1	9	14
25	5	1	10	30
25	5	1	11	1
25	5	1	13	19
25	5	1	14	35
25	5	1	16	48
25	5	1	17	10
25	5	1	18	25
25	5	1	19	8
25	5	1	21	22
25	5	1	22	37
25	5	1	24	44
25	5	1	25	16
25	5	1	26	32
25	5	1	27	3
25	5	1	29	17
25	5	1	30	33
25	5	1	32	46
25	5	1	33	12
25	5	1	34	28
25	5	1	35	5
25	5	1	37	24
25	5	1	38	40
25	5	1	40	41
25	5	1	41	13
25	5	1	42	29
25	5	1	43	2
25	5	1	45	20
25	5	1	46	36
25	5	1	48	47
25	5	1	49	9
25	5	1	50	26
25	5	1	51	7
25	5	1	53	21
25	5	1	54	38
25	5	1	56	43
25	5	1	57	15
25	5	1	58	31
25	5	1	59	4
25	5	1	61	18
25	5	1	62	34
25	5	2	0	11
25	5	2	1	29
25	5	2	2	5
25	5	2	3	45
25	5	2	4	19
25	5	2	5	35
25	5	2	8	13
25	5	2	9	28
25	5	2	10	1
25	5	2	11	41
25	5	2	12	22
25	5	2	13	40
25	5	2	16	10
25	5	2	17	31
25	5	2	18	7
25	5	2	19	48
25	5	2	20	18
25	5	2	21	33
25	5	2	24	15
25	5	2	25	25
25	5	2	26	3
25	5	2	27	44
25	5	2	28	24
25	5	2	29	37
25	5	2	32	12
25	5	2	33	30
25	5	2	34	6
25	5	2	35	46
25	5	2	36	20
25	5	2	37	36
25	5	2	40	14
25	5	2	41	27
25	5	2	42	2
25	5	2	43	42
25	5	2	44	21
25	5	2	45	39
25	5	2	48	9
25	5	2	49	32
25	5	2	50	8
25	5	2	51	47
25	5	2	52	17
25	5	2	53	34
25	5	2	56	16
25	5	2	57	26
25	5	2	58	4
25	5	2	59	43
25	5	2	60	23
25	5	2	61	38
25	6	1	0	20
25	6	1	1	32
25	6	1	2	7
25	6	1	4	11
25	6	1	5	33
25	6	1	7	42
25	6	1	8	21
25	6	1	9	26
25	6	1	10	3
25	6	1	12	14
25	6	1	13	39
25	6	1	15	48
25	6	1	16	18
25	6	1	17	30
25	6	1	18	6
25	6	1	20	9
25	6	1	21	36
25	6	1	23	43
25	6	1	24	23
25	6	1	25	27
25	6	1	26	1
25	6	1	28	16
25	6	1	29	37
25	6	1	31	45
25	6	1	32	19
25	6	1	33	31
25	6	1	34	8
25	6	1	36	12
25	6	1	37	34
25	6	1	39	41
25	6	1	40	22
25	6	1	41	25
25	6	1	42	4
25	6	1	44	13
25	6	1	45	40
25	6	1	47	47
25	6	1	48	17
25	6	1	49	29
25	6	1	50	5
25	6	1	52	10
25	6	1	53	35
25	6	1	55	44
25	6	1	56	24
25	6	1	57	28
25	6	1	58	2
25	6	1	60	15
25	6	1	61	38
25	6	1	63	46
26	1	2	0	45
26	1	2	1	8
26	1	2	2	25
26	1	2	3	15
26	1	2	6	39
26	1	2	7	19
26	1	2	8	41
26	1	2	9	1
26	1	2	10	30
26	1	2	11	12
26	1	2	14	34
26	1	2	15	24
26	1	2	16	48
26	1	2	17	6
26	1	2	18	28
26	1	2	19	14
26	1	2	22	38
26	1	2	23	17
26	1	2	24	44
26	1	2	25	4
26	1	2	26	32
26	1	2	27	9
26	1	2	30	36
26	1	2	31	21
26	1	2	32	46
26	1	2	33	7
26	1	2	34	26
26	1	2	35	16
26	1	2	38	40
26	1	2	39	20
26	1	2	40	42
26	1	2	41	2
26	1	2	42	29
26	1	2	43	11
26	1	2	46	33
26	1	2	47	23
26	1	2	48	47
26	1	2	49	5
26	1	2	50	27
26	1	2	51	13
26	1	2	54	37
26	1	2	55	18
26	1	2	56	43
26	1	2	57	3
26	1	2	58	31
26	1	2	59	10
26	1	2	62	35
26	1	2	63	22
26	2	1	0	43
26	2	1	1	16
26	2	1	2	31
26	2	1	3	4
26	2	1	5	24
26	2	1	6	38
26	2	1	8	47
26	2	1	9	9
26	2	1	10	27
26	2	1	11	5
26	2	1	13	20
26	2	1	14	36
26	2	1	16	41
26	2	1	17	13
26	2	1	18	29
26	2	1	19	1
26	2	1	21	22
26	2	1	22	40
26	2	1	24	46
26	2	1	25	11
26	2	1	26	26
26	2	1	27	7
26	2	1	29	17
26	2	1	30	33
26	2	1	32	44
26	2	1	33	15
26	2	1	34	32
26	2	1	35	3
26	2	1	37	23
26	2	1	38	37
26	2	1	40	48
26	2	1	41	10
26	2	1	42	28
26	2	1	43	6
26	2	1	45	19
26	2	1	46	35
26	2	1	48	42
26	2	1	49	14
26	2	1	50	30
26	2	1	51	2
26	2	1	53	21
26	2	1	54	39
26	2	1	56	45
26	2	1	57	12
26	2	1	58	25
26	2	1	59	8
26	2	1	61	18
26	2	1	62	34
26	3	1	0	47
26	3	1	1	5
26	3	1	2	40
26	3	1	3	18
26	3	1	6	29
26	3	1	7	16
26	3	1	8	44
26	3	1	9	3
26	3	1	10	34
26	3	1	11	24
26	3	1	14	27
26	3	1	15	9
26	3	1	16	45
26	3	1	17	7
26	3	1	18	37
26	3	1	19	20
26	3	1	22	31
26	3	1	23	14
26	3	1	24	41
26	3	1	25	2
26	3	1	26	36
26	3	1	27	22
26	3	1	30	26
26	3	1	31	12
26	3	1	32	48
26	3	1	33	6
26	3	1	34	39
26	3	1	35	17
26	3	1	38	30
26	3	1	39	15
26	3	1	40	43
26	3	1	41	4
26	3	1	42	33
26	3	1	43	23
26	3	1	46	28
26	3	1	47	10
26	3	1	48	46
26	3	1	49	8
26	3	1	50	38
26	3	1	51	19
26	3	1	54	32
26	3	1	55	13
26	3	1	56	42
26	3	1	57	1
26	3	1	58	35
26	3	1	59	21
26	3	1	62	25
26	3	1	63	11
26	4	1	0	13
26	4	1	1	47
26	4	1	2	4
26	4	1	3	25
26	4	1	4	22
26	4	1	7	33
26	4	1	8	12
26	4	1	9	42
26	4	1	10	7
26	4	1	11	31
26	4	1	12	18
26	4	1	15	37
26	4	1	16	16
26	4	1	17	46
26	4	1	18	1
26	4	1	19	28
26	4	1	20	24
26	4	1	23	35
26	4	1	24	9
26	4	1	25	44
26	4	1	26	6
26	4	1	27	30
26	4	1	28	20
26	4	1	31	40
26	4	1	32	14
26	4	1	33	48
26	4	1	34	3
26	4	1	35	26
26	4	1	36	21
26	4	1	39	34
26	4	1	40	11
26	4	1	41	41
26	4	1	42	8
26	4	1	43	32
26	4	1	44	17
26	4	1	47	38
26	4	1	48	15
26	4	1	49	45
26	4	1	50	2
26	4	1	51	27
26	4	1	52	23
26	4	1	55	36
26	4	1	56	10
26	4	1	57	43
26	4	1	58	5
26	4	1	59	29
26	4	1	60	19
26	4	1	63	39
26	5	1	0	47
26	5	1	2	28
26	5	1	3	12
26	5	1	5	6
26	5	1	6	34
26	5	1	7	24
26	5	1	8	43
26	5	1	10	31
26	5	1	11	14
26	5	1	13	1
26	5	1	14	39
26	5	1	15	20
26	5	1	16	46
26	5	1	18	26
26	5	1	19	10
26	5	1	21	8
26	5	1	22	35
26	5	1	23	21
26	5	1	24	42
26	5	1	26	29
26	5	1	27	16
26	5	1	29	4
26	5	1	30	37
26	5	1	31	17
26	5	1	32	48
26	5	1	34	27
26	5	1	35	11
26	5	1	37	5
26	5	1	38	33
26	5	1	39	23
26	5	1	40	44
26	5	1	42	32
26	5	1	43	13
26	5	1	45	2
26	5	1	46	40
26	5	1	47	19
26	5	1	48	45
26	5	1	50	25
26	5	1	51	9
26	5	1	53	7
26	5	1	54	36
26	5	1	55	22
26	5	1	56	41
26	5	1	58	30
26	5	1	59	15
26	5	1	61	3
26	5	1	62	38
26	5	1	63	18
26	6	1	0	36
26	6	1	1	3
26	6	1	3	13
26	6	1	4	30
26	6	1	6	46
26	6	1	7	24
26	6	1	8	40
26	6	1	9	7
26	6	1	11	11
26	6	1	12	27
26	6	1	14	43
26	6	1	15	19
26	6	1	16	34
26	6	1	17	2
26	6	1	19	15
26	6	1	20	31
26	6	1	22	47
26	6	1	23	22
26	6	1	24	37
26	6	1	25	5
26	6	1	27	10
26	6	1	28	26
26	6	1	30	42
26	6	1	31	18
26	6	1	32	35
26	6	1	33	4
26	6	1	35	14
26	6	1	36	29
26	6	1	38	45
26	6	1	39	23
26	6	1	40	39
26	6	1	41	8
26	6	1	43	12
26	6	1	44	28
26	6	1	46	44
26	6	1	47	20
26	6	1	48	33
26	6	1	49	1
26	6	1	51	16
26	6	1	52	32
26	6	1	54	48
26	6	1	55	21
26	6	1	56	38
26	6	1	57	6
26	6	1	59	9
26	6	1	60	25
26	6	1	62	41
26	6	1	63	17
27	1	2	1	35
27	1	2	2	14
27	1	2	4	1
27	1	2	5	25
27	1	2	6	22
27	1	2	7	45
27	1	2	9	38
27	1	2	10	9
27	1	2	12	7
27	1	2	13	30
27	1	2	14	19
27	1	2	15	43
27	1	2	17	33
27	1	2	18	16
27	1	2	20	4
27	1	2	21	27
27	1	2	22	23
27	1	2	23	48
27	1	2	25	39
27	1	2	26	12
27	1	2	28	6
27	1	2	29	31
27	1	2	30	18
27	1	2	31	42
27	1	2	33	36
27	1	2	34	13
27	1	2	36	2
27	1	2	37	26
27	1	2	38	21
27	1	2	39	46
27	1	2	41	37
27	1	2	42	10
27	1	2	44	8
27	1	2	45	29
27	1	2	46	20
27	1	2	47	44
27	1	2	49	34
27	1	2	50	15
27	1	2	52	3
27	1	2	53	28
27	1	2	54	24
27	1	2	55	47
27	1	2	57	40
27	1	2	58	11
27	1	2	60	5
27	1	2	61	32
27	1	2	62	17
27	1	2	63	41
27	2	1	0	32
27	2	1	1	3
27	2	1	3	24
27	2	1	4	40
27	2	1	6	44
27	2	1	7	16
27	2	1	8	26
27	2	1	9	8
27	2	1	11	17
27	2	1	12	36
27	2	1	14	48
27	2	1	15	10
27	2	1	16	30
27	2	1	17	2
27	2	1	19	22
27	2	1	20	38
27	2	1	22	41
27	2	1	23	14
27	2	1	24	27
27	2	1	25	5
27	2	1	27	19
27	2	1	28	33
27	2	1	30	46
27	2	1	31	12
27	2	1	32	31
27	2	1	33	4
27	2	1	35	23
27	2	1	36	39
27	2	1	38	43
27	2	1	39	15
27	2	1	40	25
27	2	1	41	7
27	2	1	43	18
27	2	1	44	35
27	2	1	46	47
27	2	1	47	9
27	2	1	48	29
27	2	1	49	1
27	2	1	51	21
27	2	1	52	37
27	2	1	54	42
27	2	1	55	13
27	2	1	56	28
27	2	1	57	6
27	2	1	59	20
27	2	1	60	34
27	2	1	62	45
27	2	1	63	11
27	4	1	0	31
27	4	1	1	1
27	4	1	2	46
27	4	1	3	9
27	4	1	4	39
27	4	1	7	17
27	4	1	8	26
27	4	1	9	7
27	4	1	10	44
27	4	1	11	13
27	4	1	12	34
27	4	1	15	22
27	4	1	16	29
27	4	1	17	3
27	4	1	18	48
27	4	1	19	11
27	4	1	20	37
27	4	1	23	19
27	4	1	24	27
27	4	1	25	6
27	4	1	26	41
27	4	1	27	16
27	4	1	28	36
27	4	1	31	24
27	4	1	32	32
27	4	1	33	2
27	4	1	34	45
27	4	1	35	10
27	4	1	36	40
27	4	1	39	18
27	4	1	40	25
27	4	1	41	8
27	4	1	42	43
27	4	1	43	14
27	4	1	44	33
27	4	1	47	21
27	4	1	48	30
27	4	1	49	4
27	4	1	50	47
27	4	1	51	12
27	4	1	52	38
27	4	1	55	20
27	4	1	56	28
27	4	1	57	5
27	4	1	58	42
27	4	1	59	15
27	4	1	60	35
27	4	1	63	23
27	6	1	0	23
27	6	1	3	26
27	6	1	4	15
27	6	1	5	43
27	6	1	6	3
27	6	1	7	40
27	6	1	8	18
27	6	1	11	32
27	6	1	12	12
27	6	1	13	47
27	6	1	14	8
27	6	1	15	35
27	6	1	16	22
27	6	1	19	27
27	6	1	20	13
27	6	1	21	42
27	6	1	22	2
27	6	1	23	37
27	6	1	24	20
27	6	1	27	29
27	6	1	28	10
27	6	1	29	46
27	6	1	30	6
27	6	1	31	34
27	6	1	32	24
27	6	1	35	25
27	6	1	36	16
27	6	1	37	44
27	6	1	38	4
27	6	1	39	39
27	6	1	40	17
27	6	1	43	31
27	6	1	44	11
27	6	1	45	48
27	6	1	46	7
27	6	1	47	36
27	6	1	48	21
27	6	1	51	28
27	6	1	52	14
27	6	1	53	41
27	6	1	54	1
27	6	1	55	38
27	6	1	56	19
27	6	1	59	30
27	6	1	60	9
27	6	1	61	45
27	6	1	62	5
27	6	1	63	33
28	1	1	0	47
28	1	1	1	16
28	1	1	2	25
28	1	1	5	18
28	1	1	6	36
28	1	1	7	4
28	1	1	8	42
28	1	1	9	10
28	1	1	10	31
28	1	1	13	23
28	1	1	14	39
28	1	1	15	6
28	1	1	16	45
28	1	1	17	13
28	1	1	18	28
28	1	1	21	20
28	1	1	22	33
28	1	1	23	1
28	1	1	24	43
28	1	1	25	12
28	1	1	26	30
28	1	1	29	21
28	1	1	30	37
28	1	1	31	7
28	1	1	32	48
28	1	1	33	15
28	1	1	34	26
28	1	1	37	17
28	1	1	38	35
28	1	1	39	3
28	1	1	40	41
28	1	1	41	9
28	1	1	42	32
28	1	1	45	24
28	1	1	46	40
28	1	1	47	5
28	1	1	48	46
28	1	1	49	14
28	1	1	50	27
28	1	1	53	19
28	1	1	54	34
28	1	1	55	2
28	1	1	56	44
28	1	1	57	11
28	1	1	58	29
28	1	1	61	22
28	1	1	62	38
28	1	1	63	8
28	1	2	0	31
28	1	2	2	45
28	1	2	3	18
28	1	2	4	36
28	1	2	5	5
28	1	2	7	12
28	1	2	8	25
28	1	2	10	42
28	1	2	11	21
28	1	2	12	38
28	1	2	13	4
28	1	2	15	15
28	1	2	16	29
28	1	2	18	48
28	1	2	19	20
28	1	2	20	33
28	1	2	21	7
28	1	2	23	9
28	1	2	24	27
28	1	2	26	44
28	1	2	27	24
28	1	2	28	39
28	1	2	29	1
28	1	2	31	13
28	1	2	32	32
28	1	2	34	46
28	1	2	35	17
28	1	2	36	35
28	1	2	37	6
28	1	2	39	11
28	1	2	40	26
28	1	2	42	41
28	1	2	43	22
28	1	2	44	37
28	1	2	45	3
28	1	2	47	16
28	1	2	48	30
28	1	2	50	47
28	1	2	51	19
28	1	2	52	34
28	1	2	53	8
28	1	2	55	10
28	1	2	56	28
28	1	2	58	43
28	1	2	59	23
28	1	2	60	40
28	1	2	61	2
28	1	2	63	14
29	1	2	1	33
29	1	2	2	14
29	1	2	3	44
29	1	2	4	5
29	1	2	5	30
29	1	2	6	18
29	1	2	9	40
29	1	2	10	9
29	1	2	11	46
29	1	2	12	3
29	1	2	13	26
29	1	2	14	23
29	1	2	17	35
29	1	2	18	16
29	1	2	19	41
29	1	2	20	7
29	1	2	21	32
29	1	2	22	20
29	1	2	25	38
29	1	2	26	11
29	1	2	27	47
29	1	2	28	1
29	1	2	29	27
29	1	2	30	22
29	1	2	33	34
29	1	2	34	13
29	1	2	35	43
29	1	2	36	6
29	1	2	37	29
29	1	2	38	17
29	1	2	41	39
29	1	2	42	10
29	1	2	43	45
29	1	2	44	4
29	1	2	45	25
29	1	2	46	24
29	1	2	49	36
29	1	2	50	15
29	1	2	51	42
29	1	2	52	8
29	1	2	53	31
29	1	2	54	19
29	1	2	57	37
29	1	2	58	12
29	1	2	59	48
29	1	2	60	2
29	1	2	61	28
29	1	2	62	21
29	2	1	0	24
29	2	1	1	43
29	2	1	3	26
29	2	1	4	10
29	2	1	6	5
29	2	1	7	34
29	2	1	8	17
29	2	1	9	46
29	2	1	11	31
29	2	1	12	16
29	2	1	14	1
29	2	1	15	40
29	2	1	16	22
29	2	1	17	42
29	2	1	19	28
29	2	1	20	12
29	2	1	22	7
29	2	1	23	36
29	2	1	24	20
29	2	1	25	48
29	2	1	27	29
29	2	1	28	13
29	2	1	30	3
29	2	1	31	38
29	2	1	32	23
29	2	1	33	44
29	2	1	35	25
29	2	1	36	9
29	2	1	38	6
29	2	1	39	33
29	2	1	40	18
29	2	1	41	45
29	2	1	43	32
29	2	1	44	15
29	2	1	46	2
29	2	1	47	39
29	2	1	48	21
29	2	1	49	41
29	2	1	51	27
29	2	1	52	11
29	2	1	54	8
29	2	1	55	35
29	2	1	56	19
29	2	1	57	47
29	2	1	59	30
29	2	1	60	14
29	2	1	62	4
29	2	1	63	37
29	4	1	0	32
29	4	1	1	24
29	4	1	2	45
29	4	1	3	3
29	4	1	4	35
29	4	1	5	9
29	4	1	8	27
29	4	1	9	18
29	4	1	10	44
29	4	1	11	7
29	4	1	12	38
29	4	1	13	15
29	4	1	16	30
29	4	1	17	22
29	4	1	18	47
29	4	1	19	2
29	4	1	20	33
29	4	1	21	12
29	4	1	24	25
29	4	1	25	19
29	4	1	26	42
29	4	1	27	6
29	4	1	28	40
29	4	1	29	13
29	4	1	32	31
29	4	1	33	23
29	4	1	34	46
29	4	1	35	4
29	4	1	36	36
29	4	1	37	10
29	4	1	40	28
29	4	1	41	17
29	4	1	42	43
29	4	1	43	8
29	4	1	44	37
29	4	1	45	16
29	4	1	48	29
29	4	1	49	21
29	4	1	50	48
29	4	1	51	1
29	4	1	52	34
29	4	1	53	11
29	4	1	56	26
29	4	1	57	20
29	4	1	58	41
29	4	1	59	5
29	4	1	60	39
29	4	1	61	14
29	6	1	1	45
29	6	1	2	11
29	6	1	3	27
29	6	1	4	8
29	6	1	6	20
29	6	1	7	38
29	6	1	9	41
29	6	1	10	16
29	6	1	11	32
29	6	1	12	2
29	6	1	14	24
29	6	1	15	33
29	6	1	17	48
29	6	1	18	9
29	6	1	19	26
29	6	1	20	5
29	6	1	22	17
29	6	1	23	40
29	6	1	25	44
29	6	1	26	13
29	6	1	27	29
29	6	1	28	4
29	6	1	30	21
29	6	1	31	36
29	6	1	33	46
29	6	1	34	12
29	6	1	35	28
29	6	1	36	7
29	6	1	38	19
29	6	1	39	37
29	6	1	41	42
29	6	1	42	15
29	6	1	43	31
29	6	1	44	1
29	6	1	46	23
29	6	1	47	34
29	6	1	49	47
29	6	1	50	10
29	6	1	51	25
29	6	1	52	6
29	6	1	54	18
29	6	1	55	39
29	6	1	57	43
29	6	1	58	14
29	6	1	59	30
29	6	1	60	3
29	6	1	62	22
29	6	1	63	35
30	2	1	0	45
30	2	1	2	37
30	2	1	3	18
30	2	1	5	4
30	2	1	6	26
30	2	1	7	15
30	2	1	8	43
30	2	1	10	35
30	2	1	11	24
30	2	1	13	6
30	2	1	14	30
30	2	1	15	12
30	2	1	16	48
30	2	1	18	39
30	2	1	19	19
30	2	1	21	2
30	2	1	22	28
30	2	1	23	14
30	2	1	24	41
30	2	1	26	33
30	2	1	27	21
30	2	1	29	8
30	2	1	30	32
30	2	1	31	10
30	2	1	32	46
30	2	1	34	38
30	2	1	35	17
30	2	1	37	3
30	2	1	38	25
30	2	1	39	16
30	2	1	40	44
30	2	1	42	36
30	2	1	43	23
30	2	1	45	5
30	2	1	46	29
30	2	1	47	11
30	2	1	48	47
30	2	1	50	40
30	2	1	51	20
30	2	1	53	1
30	2	1	54	27
30	2	1	55	13
30	2	1	56	42
30	2	1	58	34
30	2	1	59	22
30	2	1	61	7
30	2	1	62	31
30	2	1	63	9
30	3	1	0	17
30	3	1	3	33
30	3	1	4	11
30	3	1	5	42
30	3	1	6	8
30	3	1	7	28
30	3	1	8	22
30	3	1	11	38
30	3	1	12	15
30	3	1	13	48
30	3	1	14	4
30	3	1	15	31
30	3	1	16	19
30	3	1	19	36
30	3	1	20	10
30	3	1	21	43
30	3	1	22	5
30	3	1	23	25
30	3	1	24	23
30	3	1	27	39
30	3	1	28	13
30	3	1	29	45
30	3	1	30	2
30	3	1	31	29
30	3	1	32	18
30	3	1	35	34
30	3	1	36	12
30	3	1	37	41
30	3	1	38	7
30	3	1	39	27
30	3	1	40	21
30	3	1	43	37
30	3	1	44	16
30	3	1	45	47
30	3	1	46	3
30	3	1	47	32
30	3	1	48	20
30	3	1	51	35
30	3	1	52	9
30	3	1	53	44
30	3	1	54	6
30	3	1	55	26
30	3	1	56	24
30	3	1	59	40
30	3	1	60	14
30	3	1	61	46
30	3	1	62	1
30	3	1	63	30
30	3	2	0	48
30	3	2	1	8
30	3	2	2	39
30	3	2	3	19
30	3	2	6	28
30	3	2	7	11
30	3	2	8	44
30	3	2	9	4
30	3	2	10	34
30	3	2	11	24
30	3	2	14	31
30	3	2	15	14
30	3	2	16	45
30	3	2	17	5
30	3	2	18	38
30	3	2	19	18
30	3	2	22	25
30	3	2	23	9
30	3	2	24	41
30	3	2	25	1
30	3	2	26	35
30	3	2	27	21
30	3	2	30	29
30	3	2	31	15
30	3	2	32	47
30	3	2	33	7
30	3	2	34	40
30	3	2	35	20
30	3	2	38	27
30	3	2	39	12
30	3	2	40	43
30	3	2	41	3
30	3	2	42	33
30	3	2	43	23
30	3	2	46	32
30	3	2	47	13
30	3	2	48	46
30	3	2	49	6
30	3	2	50	37
30	3	2	51	17
30	3	2	54	26
30	3	2	55	10
30	3	2	56	42
30	3	2	57	2
30	3	2	58	36
30	3	2	59	22
30	3	2	62	30
30	3	2	63	16
30	4	1	0	21
30	4	1	3	25
30	4	1	4	15
30	4	1	5	43
30	4	1	6	2
30	4	1	7	39
30	4	1	8	19
30	4	1	11	30
30	4	1	12	12
30	4	1	13	48
30	4	1	14	7
30	4	1	15	35
30	4	1	16	23
30	4	1	19	27
30	4	1	20	13
30	4	1	21	42
30	4	1	22	4
30	4	1	23	38
30	4	1	24	17
30	4	1	27	32
30	4	1	28	9
30	4	1	29	45
30	4	1	30	5
30	4	1	31	33
30	4	1	32	22
30	4	1	35	26
30	4	1	36	16
30	4	1	37	44
30	4	1	38	1
30	4	1	39	40
30	4	1	40	20
30	4	1	43	29
30	4	1	44	11
30	4	1	45	47
30	4	1	46	8
30	4	1	47	36
30	4	1	48	24
30	4	1	51	28
30	4	1	52	14
30	4	1	53	41
30	4	1	54	3
30	4	1	55	37
30	4	1	56	18
30	4	1	59	31
30	4	1	60	10
30	4	1	61	46
30	4	1	62	6
30	4	1	63	34
30	4	2	0	39
30	4	2	1	1
30	4	2	2	41
30	4	2	3	14
30	4	2	4	25
30	4	2	7	24
30	4	2	8	33
30	4	2	9	6
30	4	2	10	45
30	4	2	11	9
30	4	2	12	30
30	4	2	15	20
30	4	2	16	38
30	4	2	17	4
30	4	2	18	43
30	4	2	19	16
30	4	2	20	27
30	4	2	23	22
30	4	2	24	36
30	4	2	25	7
30	4	2	26	47
30	4	2	27	11
30	4	2	28	32
30	4	2	31	18
30	4	2	32	40
30	4	2	33	2
30	4	2	34	42
30	4	2	35	13
30	4	2	36	26
30	4	2	39	23
30	4	2	40	34
30	4	2	41	5
30	4	2	42	46
30	4	2	43	10
30	4	2	44	29
30	4	2	47	19
30	4	2	48	37
30	4	2	49	3
30	4	2	50	44
30	4	2	51	15
30	4	2	52	28
30	4	2	55	21
30	4	2	56	35
30	4	2	57	8
30	4	2	58	48
30	4	2	59	12
30	4	2	60	31
30	4	2	63	17
30	5	1	0	24
30	5	1	1	33
30	5	1	2	6
30	5	1	4	9
30	5	1	5	32
30	5	1	7	47
30	5	1	8	17
30	5	1	9	39
30	5	1	10	4
30	5	1	12	14
30	5	1	13	28
30	5	1	15	44
30	5	1	16	22
30	5	1	17	36
30	5	1	18	8
30	5	1	20	11
30	5	1	21	30
30	5	1	23	46
30	5	1	24	20
30	5	1	25	38
30	5	1	26	2
30	5	1	28	16
30	5	1	29	26
30	5	1	31	41
30	5	1	32	23
30	5	1	33	34
30	5	1	34	5
30	5	1	36	10
30	5	1	37	31
30	5	1	39	48
30	5	1	40	18
30	5	1	41	40
30	5	1	42	3
30	5	1	44	13
30	5	1	45	27
30	5	1	47	43
30	5	1	48	21
30	5	1	49	35
30	5	1	50	7
30	5	1	52	12
30	5	1	53	29
30	5	1	55	45
30	5	1	56	19
30	5	1	57	37
30	5	1	58	1
30	5	1	60	15
30	5	1	61	25
30	5	1	63	42
30	6	1	0	33
30	6	1	2	46
30	6	1	3	16
30	6	1	4	29
30	6	1	5	2
30	6	1	7	21
30	6	1	8	40
30	6	1	10	43
30	6	1	11	12
30	6	1	12	26
30	6	1	13	7
30	6	1	15	20
30	6	1	16	36
30	6	1	18	47
30	6	1	19	13
30	6	1	20	31
30	6	1	21	3
30	6	1	23	24
30	6	1	24	37
30	6	1	26	41
30	6	1	27	10
30	6	1	28	27
30	6	1	29	6
30	6	1	31	18
30	6	1	32	34
30	6	1	34	45
30	6	1	35	15
30	6	1	36	30
30	6	1	37	1
30	6	1	39	22
30	6	1	40	39
30	6	1	42	44
30	6	1	43	11
30	6	1	44	25
30	6	1	45	8
30	6	1	47	19
30	6	1	48	35
30	6	1	50	48
30	6	1	51	14
30	6	1	52	32
30	6	1	53	4
30	6	1	55	23
30	6	1	56	38
30	6	1	58	42
30	6	1	59	9
30	6	1	60	28
30	6	1	61	5
30	6	1	63	17
31	1	2	0	28
31	1	2	1	4
31	1	2	3	23
31	1	2	4	37
31	1	2	6	42
31	1	2	7	11
31	1	2	8	32
31	1	2	9	5
31	1	2	11	17
31	1	2	12	35
31	1	2	14	45
31	1	2	15	13
31	1	2	16	25
31	1	2	17	2
31	1	2	19	21
31	1	2	20	39
31	1	2	22	44
31	1	2	23	10
31	1	2	24	30
31	1	2	25	8
31	1	2	27	19
31	1	2	28	34
31	1	2	30	47
31	1	2	31	15
31	1	2	32	27
31	1	2	33	3
31	1	2	35	24
31	1	2	36	38
31	1	2	38	41
31	1	2	39	12
31	1	2	40	31
31	1	2	41	6
31	1	2	43	18
31	1	2	44	36
31	1	2	46	46
31	1	2	47	14
31	1	2	48	26
31	1	2	49	1
31	1	2	51	22
31	1	2	52	40
31	1	2	54	43
31	1	2	55	9
31	1	2	56	29
31	1	2	57	7
31	1	2	59	20
31	1	2	60	33
31	1	2	62	48
31	1	2	63	16
31	2	1	0	43
31	2	1	1	1
31	2	1	2	25
31	2	1	3	24
31	2	1	6	36
31	2	1	7	16
31	2	1	8	46
31	2	1	9	7
31	2	1	10	31
31	2	1	11	20
31	2	1	14	37
31	2	1	15	11
31	2	1	16	42
31	2	1	17	3
31	2	1	18	28
31	2	1	19	21
31	2	1	22	33
31	2	1	23	14
31	2	1	24	48
31	2	1	25	5
31	2	1	26	29
31	2	1	27	17
31	2	1	30	39
31	2	1	31	10
31	2	1	32	44
31	2	1	33	2
31	2	1	34	26
31	2	1	35	23
31	2	1	38	35
31	2	1	39	15
31	2	1	40	45
31	2	1	41	8
31	2	1	42	32
31	2	1	43	19
31	2	1	46	38
31	2	1	47	12
31	2	1	48	41
31	2	1	49	4
31	2	1	50	27
31	2	1	51	22
31	2	1	54	34
31	2	1	55	13
31	2	1	56	47
31	2	1	57	6
31	2	1	58	30
31	2	1	59	18
31	2	1	62	40
31	2	1	63	9
31	4	1	0	4
31	4	1	1	36
31	4	1	2	16
31	4	1	3	48
31	4	1	5	31
31	4	1	6	23
31	4	1	8	5
31	4	1	9	39
31	4	1	10	12
31	4	1	11	43
31	4	1	13	25
31	4	1	14	19
31	4	1	16	1
31	4	1	17	34
31	4	1	18	13
31	4	1	19	45
31	4	1	21	29
31	4	1	22	21
31	4	1	24	8
31	4	1	25	37
31	4	1	26	10
31	4	1	27	42
31	4	1	29	27
31	4	1	30	18
31	4	1	32	3
31	4	1	33	35
31	4	1	34	15
31	4	1	35	47
31	4	1	37	32
31	4	1	38	24
31	4	1	40	6
31	4	1	41	40
31	4	1	42	11
31	4	1	43	44
31	4	1	45	26
31	4	1	46	20
31	4	1	48	2
31	4	1	49	33
31	4	1	50	14
31	4	1	51	46
31	4	1	53	30
31	4	1	54	22
31	4	1	56	7
31	4	1	57	38
31	4	1	58	9
31	4	1	59	41
31	4	1	61	28
31	4	1	62	17
31	6	1	0	42
31	6	1	1	7
31	6	1	2	34
31	6	1	3	21
31	6	1	6	29
31	6	1	7	14
31	6	1	8	47
31	6	1	9	3
31	6	1	10	39
31	6	1	11	19
31	6	1	14	28
31	6	1	15	12
31	6	1	16	43
31	6	1	17	5
31	6	1	18	35
31	6	1	19	23
31	6	1	22	32
31	6	1	23	16
31	6	1	24	45
31	6	1	25	1
31	6	1	26	37
31	6	1	27	17
31	6	1	30	25
31	6	1	31	9
31	6	1	32	41
31	6	1	33	8
31	6	1	34	33
31	6	1	35	22
31	6	1	38	30
31	6	1	39	13
31	6	1	40	48
31	6	1	41	4
31	6	1	42	40
31	6	1	43	20
31	6	1	46	27
31	6	1	47	11
31	6	1	48	44
31	6	1	49	6
31	6	1	50	36
31	6	1	51	24
31	6	1	54	31
31	6	1	55	15
31	6	1	56	46
31	6	1	57	2
31	6	1	58	38
31	6	1	59	18
31	6	1	62	26
31	6	1	63	10
32	1	1	0	6
32	1	1	1	31
32	1	1	2	22
32	1	1	3	45
32	1	1	5	33
32	1	1	6	13
32	1	1	8	2
32	1	1	9	25
32	1	1	10	20
32	1	1	11	42
32	1	1	13	37
32	1	1	14	11
32	1	1	16	7
32	1	1	17	30
32	1	1	18	23
32	1	1	19	48
32	1	1	21	36
32	1	1	22	16
32	1	1	24	3
32	1	1	25	28
32	1	1	26	17
32	1	1	27	43
32	1	1	29	39
32	1	1	30	9
32	1	1	32	5
32	1	1	33	32
32	1	1	34	21
32	1	1	35	46
32	1	1	37	34
32	1	1	38	14
32	1	1	40	1
32	1	1	41	26
32	1	1	42	19
32	1	1	43	41
32	1	1	45	38
32	1	1	46	12
32	1	1	48	8
32	1	1	49	29
32	1	1	50	24
32	1	1	51	47
32	1	1	53	35
32	1	1	54	15
32	1	1	56	4
32	1	1	57	27
32	1	1	58	18
32	1	1	59	44
32	1	1	61	40
32	1	1	62	10
32	1	2	2	16
32	1	2	3	28
32	1	2	4	2
32	1	2	5	41
32	1	2	6	19
32	1	2	7	37
32	1	2	10	12
32	1	2	11	31
32	1	2	12	7
32	1	2	13	48
32	1	2	14	23
32	1	2	15	33
32	1	2	18	14
32	1	2	19	25
32	1	2	20	3
32	1	2	21	43
32	1	2	22	18
32	1	2	23	39
32	1	2	26	9
32	1	2	27	30
32	1	2	28	5
32	1	2	29	45
32	1	2	30	22
32	1	2	31	36
32	1	2	34	15
32	1	2	35	27
32	1	2	36	1
32	1	2	37	42
32	1	2	38	20
32	1	2	39	38
32	1	2	42	11
32	1	2	43	32
32	1	2	44	8
32	1	2	45	47
32	1	2	46	24
32	1	2	47	34
32	1	2	50	13
32	1	2	51	26
32	1	2	52	4
32	1	2	53	44
32	1	2	54	17
32	1	2	55	40
32	1	2	58	10
32	1	2	59	29
32	1	2	60	6
32	1	2	61	46
32	1	2	62	21
32	1	2	63	35
33	2	1	1	26
33	2	1	2	18
33	2	1	3	44
33	2	1	4	8
33	2	1	5	34
33	2	1	6	15
33	2	1	9	29
33	2	1	10	21
33	2	1	11	46
33	2	1	12	4
33	2	1	13	40
33	2	1	14	11
33	2	1	17	28
33	2	1	18	19
33	2	1	19	42
33	2	1	20	5
33	2	1	21	36
33	2	1	22	13
33	2	1	25	32
33	2	1	26	23
33	2	1	27	47
33	2	1	28	1
33	2	1	29	38
33	2	1	30	9
33	2	1	33	25
33	2	1	34	17
33	2	1	35	43
33	2	1	36	7
33	2	1	37	33
33	2	1	38	16
33	2	1	41	30
33	2	1	42	22
33	2	1	43	45
33	2	1	44	3
33	2	1	45	39
33	2	1	46	12
33	2	1	49	27
33	2	1	50	20
33	2	1	51	41
33	2	1	52	6
33	2	1	53	35
33	2	1	54	14
33	2	1	57	31
33	2	1	58	24
33	2	1	59	48
33	2	1	60	2
33	2	1	61	37
33	2	1	62	10
33	2	2	0	48
33	2	2	1	9
33	2	2	2	30
33	2	2	5	24
33	2	2	6	35
33	2	2	7	5
33	2	2	8	43
33	2	2	9	15
33	2	2	10	27
33	2	2	13	17
33	2	2	14	40
33	2	2	15	2
33	2	2	16	45
33	2	2	17	12
33	2	2	18	32
33	2	2	21	21
33	2	2	22	33
33	2	2	23	7
33	2	2	24	41
33	2	2	25	13
33	2	2	26	26
33	2	2	29	20
33	2	2	30	37
33	2	2	31	4
33	2	2	32	47
33	2	2	33	10
33	2	2	34	29
33	2	2	37	23
33	2	2	38	36
33	2	2	39	6
33	2	2	40	44
33	2	2	41	16
33	2	2	42	28
33	2	2	45	18
33	2	2	46	39
33	2	2	47	1
33	2	2	48	46
33	2	2	49	11
33	2	2	50	31
33	2	2	53	22
33	2	2	54	34
33	2	2	55	8
33	2	2	56	42
33	2	2	57	14
33	2	2	58	25
33	2	2	61	19
33	2	2	62	38
33	2	2	63	3
33	4	1	0	4
33	4	1	1	48
33	4	1	2	17
33	4	1	3	40
33	4	1	6	13
33	4	1	7	28
33	4	1	8	6
33	4	1	9	42
33	4	1	10	23
33	4	1	11	33
33	4	1	14	11
33	4	1	15	31
33	4	1	16	2
33	4	1	17	45
33	4	1	18	20
33	4	1	19	38
33	4	1	22	15
33	4	1	23	25
33	4	1	24	8
33	4	1	25	43
33	4	1	26	21
33	4	1	27	35
33	4	1	30	10
33	4	1	31	29
33	4	1	32	3
33	4	1	33	47
33	4	1	34	18
33	4	1	35	39
33	4	1	38	14
33	4	1	39	27
33	4	1	40	5
33	4	1	41	41
33	4	1	42	24
33	4	1	43	34
33	4	1	46	12
33	4	1	47	32
33	4	1	48	1
33	4	1	49	46
33	4	1	50	19
33	4	1	51	37
33	4	1	54	16
33	4	1	55	26
33	4	1	56	7
33	4	1	57	44
33	4	1	58	22
33	4	1	59	36
33	4	1	62	9
33	4	1	63	30
33	4	2	1	47
33	4	2	2	20
33	4	2	3	31
33	4	2	4	5
33	4	2	6	11
33	4	2	7	35
33	4	2	9	43
33	4	2	10	24
33	4	2	11	25
33	4	2	12	4
33	4	2	14	15
33	4	2	15	40
33	4	2	17	45
33	4	2	18	17
33	4	2	19	30
33	4	2	20	8
33	4	2	22	9
33	4	2	23	34
33	4	2	25	41
33	4	2	26	22
33	4	2	27	27
33	4	2	28	1
33	4	2	30	13
33	4	2	31	37
33	4	2	33	48
33	4	2	34	19
33	4	2	35	32
33	4	2	36	6
33	4	2	38	12
33	4	2	39	36
33	4	2	41	44
33	4	2	42	23
33	4	2	43	26
33	4	2	44	3
33	4	2	46	16
33	4	2	47	39
33	4	2	49	46
33	4	2	50	18
33	4	2	51	29
33	4	2	52	7
33	4	2	54	10
33	4	2	55	33
33	4	2	57	42
33	4	2	58	21
33	4	2	59	28
33	4	2	60	2
33	4	2	62	14
33	4	2	63	38
33	6	1	0	39
33	6	1	1	12
33	6	1	4	32
33	6	1	5	19
33	6	1	6	42
33	6	1	7	8
33	6	1	8	33
33	6	1	9	16
33	6	1	12	26
33	6	1	13	22
33	6	1	14	47
33	6	1	15	2
33	6	1	16	37
33	6	1	17	9
33	6	1	20	29
33	6	1	21	17
33	6	1	22	43
33	6	1	23	5
33	6	1	24	36
33	6	1	25	13
33	6	1	28	28
33	6	1	29	24
33	6	1	30	45
33	6	1	31	4
33	6	1	32	40
33	6	1	33	11
33	6	1	36	31
33	6	1	37	20
33	6	1	38	41
33	6	1	39	7
33	6	1	40	34
33	6	1	41	15
33	6	1	44	25
33	6	1	45	21
33	6	1	46	48
33	6	1	47	1
33	6	1	48	38
33	6	1	49	10
33	6	1	52	30
33	6	1	53	18
33	6	1	54	44
33	6	1	55	6
33	6	1	56	35
33	6	1	57	14
33	6	1	60	27
33	6	1	61	23
33	6	1	62	46
33	6	1	63	3
34	1	2	0	7
34	1	2	1	39
34	1	2	2	16
34	1	2	3	43
34	1	2	5	27
34	1	2	6	23
34	1	2	8	4
34	1	2	9	36
34	1	2	10	9
34	1	2	11	45
34	1	2	13	32
34	1	2	14	19
34	1	2	16	6
34	1	2	17	37
34	1	2	18	14
34	1	2	19	42
34	1	2	21	25
34	1	2	22	22
34	1	2	24	1
34	1	2	25	33
34	1	2	26	12
34	1	2	27	47
34	1	2	29	30
34	1	2	30	17
34	1	2	32	8
34	1	2	33	40
34	1	2	34	15
34	1	2	35	44
34	1	2	37	28
34	1	2	38	24
34	1	2	40	3
34	1	2	41	35
34	1	2	42	10
34	1	2	43	46
34	1	2	45	31
34	1	2	46	20
34	1	2	48	5
34	1	2	49	38
34	1	2	50	13
34	1	2	51	41
34	1	2	53	26
34	1	2	54	21
34	1	2	56	2
34	1	2	57	34
34	1	2	58	11
34	1	2	59	48
34	1	2	61	29
34	1	2	62	18
34	4	1	1	17
34	4	1	2	25
34	4	1	3	8
34	4	1	4	45
34	4	1	5	12
34	4	1	6	35
34	4	1	9	24
34	4	1	10	30
34	4	1	11	1
34	4	1	12	41
34	4	1	13	16
34	4	1	14	38
34	4	1	17	20
34	4	1	18	27
34	4	1	19	6
34	4	1	20	48
34	4	1	21	9
34	4	1	22	34
34	4	1	25	22
34	4	1	26	32
34	4	1	27	4
34	4	1	28	43
34	4	1	29	14
34	4	1	30	39
34	4	1	33	18
34	4	1	34	26
34	4	1	35	7
34	4	1	36	46
34	4	1	37	11
34	4	1	38	36
34	4	1	41	23
34	4	1	42	29
34	4	1	43	2
34	4	1	44	42
34	4	1	45	15
34	4	1	46	37
34	4	1	49	19
34	4	1	50	28
34	4	1	51	5
34	4	1	52	47
34	4	1	53	10
34	4	1	54	33
34	4	1	57	21
34	4	1	58	31
34	4	1	59	3
34	4	1	60	44
34	4	1	61	13
34	4	1	62	40
34	6	1	1	15
34	6	1	2	32
34	6	1	3	4
34	6	1	4	47
34	6	1	5	23
34	6	1	6	40
34	6	1	9	11
34	6	1	10	25
34	6	1	11	6
34	6	1	12	44
34	6	1	13	19
34	6	1	14	34
34	6	1	17	14
34	6	1	18	29
34	6	1	19	1
34	6	1	20	46
34	6	1	21	22
34	6	1	22	37
34	6	1	25	10
34	6	1	26	28
34	6	1	27	8
34	6	1	28	41
34	6	1	29	17
34	6	1	30	36
34	6	1	33	16
34	6	1	34	31
34	6	1	35	3
34	6	1	36	48
34	6	1	37	24
34	6	1	38	39
34	6	1	41	12
34	6	1	42	26
34	6	1	43	5
34	6	1	44	43
34	6	1	45	20
34	6	1	46	33
34	6	1	49	13
34	6	1	50	30
34	6	1	51	2
34	6	1	52	45
34	6	1	53	21
34	6	1	54	38
34	6	1	57	9
34	6	1	58	27
34	6	1	59	7
34	6	1	60	42
34	6	1	61	18
34	6	1	62	35
35	1	1	0	12
35	1	1	3	31
35	1	1	4	23
35	1	1	5	46
35	1	1	6	7
35	1	1	7	36
35	1	1	8	13
35	1	1	11	26
35	1	1	12	18
35	1	1	13	41
35	1	1	14	4
35	1	1	15	40
35	1	1	16	10
35	1	1	19	29
35	1	1	20	21
35	1	1	21	48
35	1	1	22	6
35	1	1	23	33
35	1	1	24	16
35	1	1	27	28
35	1	1	28	19
35	1	1	29	43
35	1	1	30	1
35	1	1	31	37
35	1	1	32	11
35	1	1	35	32
35	1	1	36	24
35	1	1	37	45
35	1	1	38	8
35	1	1	39	35
35	1	1	40	14
35	1	1	43	25
35	1	1	44	17
35	1	1	45	42
35	1	1	46	3
35	1	1	47	39
35	1	1	48	9
35	1	1	51	30
35	1	1	52	22
35	1	1	53	47
35	1	1	54	5
35	1	1	55	34
35	1	1	56	15
35	1	1	59	27
35	1	1	60	20
35	1	1	61	44
35	1	1	62	2
35	1	1	63	38
35	1	2	1	7
35	1	2	2	35
35	1	2	3	21
35	1	2	4	47
35	1	2	6	31
35	1	2	7	15
35	1	2	9	4
35	1	2	10	40
35	1	2	11	18
35	1	2	12	42
35	1	2	14	26
35	1	2	15	12
35	1	2	17	6
35	1	2	18	34
35	1	2	19	24
35	1	2	20	46
35	1	2	22	29
35	1	2	23	13
35	1	2	25	2
35	1	2	26	37
35	1	2	27	20
35	1	2	28	43
35	1	2	30	27
35	1	2	31	10
35	1	2	33	8
35	1	2	34	36
35	1	2	35	22
35	1	2	36	48
35	1	2	38	32
35	1	2	39	16
35	1	2	41	3
35	1	2	42	39
35	1	2	43	17
35	1	2	44	41
35	1	2	46	25
35	1	2	47	11
35	1	2	49	5
35	1	2	50	33
35	1	2	51	23
35	1	2	52	45
35	1	2	54	30
35	1	2	55	14
35	1	2	57	1
35	1	2	58	38
35	1	2	59	19
35	1	2	60	44
35	1	2	62	28
35	1	2	63	9
36	1	1	2	14
36	1	1	3	27
36	1	1	4	6
36	1	1	5	47
36	1	1	6	17
36	1	1	7	40
36	1	1	10	10
36	1	1	11	30
36	1	1	12	2
36	1	1	13	43
36	1	1	14	24
36	1	1	15	34
36	1	1	18	16
36	1	1	19	25
36	1	1	20	8
36	1	1	21	45
36	1	1	22	19
36	1	1	23	37
36	1	1	26	12
36	1	1	27	31
36	1	1	28	4
36	1	1	29	42
36	1	1	30	22
36	1	1	31	36
36	1	1	34	13
36	1	1	35	28
36	1	1	36	5
36	1	1	37	48
36	1	1	38	18
36	1	1	39	39
36	1	1	42	9
36	1	1	43	29
36	1	1	44	1
36	1	1	45	44
36	1	1	46	23
36	1	1	47	33
36	1	1	50	15
36	1	1	51	26
36	1	1	52	7
36	1	1	53	46
36	1	1	54	20
36	1	1	55	38
36	1	1	58	11
36	1	1	59	32
36	1	1	60	3
36	1	1	61	41
36	1	1	62	21
36	1	1	63	35
36	1	2	0	15
36	1	2	2	7
36	1	2	3	29
36	1	2	4	21
36	1	2	5	45
36	1	2	7	40
36	1	2	8	12
36	1	2	10	2
36	1	2	11	26
36	1	2	12	17
36	1	2	13	43
36	1	2	15	34
36	1	2	16	13
36	1	2	18	6
36	1	2	19	31
36	1	2	20	23
36	1	2	21	48
36	1	2	23	38
36	1	2	24	10
36	1	2	26	4
36	1	2	27	28
36	1	2	28	19
36	1	2	29	41
36	1	2	31	36
36	1	2	32	16
36	1	2	34	8
36	1	2	35	30
36	1	2	36	22
36	1	2	37	46
36	1	2	39	39
36	1	2	40	11
36	1	2	42	1
36	1	2	43	25
36	1	2	44	18
36	1	2	45	44
36	1	2	47	33
36	1	2	48	14
36	1	2	50	5
36	1	2	51	32
36	1	2	52	24
36	1	2	53	47
36	1	2	55	37
36	1	2	56	9
36	1	2	58	3
36	1	2	59	27
36	1	2	60	20
36	1	2	61	42
36	1	2	63	35
37	1	2	2	32
37	1	2	3	23
37	1	2	4	48
37	1	2	5	1
37	1	2	6	33
37	1	2	7	11
37	1	2	10	26
37	1	2	11	18
37	1	2	12	42
37	1	2	13	6
37	1	2	14	40
37	1	2	15	14
37	1	2	18	30
37	1	2	19	22
37	1	2	20	45
37	1	2	21	4
37	1	2	22	36
37	1	2	23	10
37	1	2	26	28
37	1	2	27	20
37	1	2	28	43
37	1	2	29	8
37	1	2	30	37
37	1	2	31	15
37	1	2	34	31
37	1	2	35	24
37	1	2	36	47
37	1	2	37	2
37	1	2	38	34
37	1	2	39	12
37	1	2	42	25
37	1	2	43	17
37	1	2	44	41
37	1	2	45	5
37	1	2	46	39
37	1	2	47	13
37	1	2	50	29
37	1	2	51	21
37	1	2	52	46
37	1	2	53	3
37	1	2	54	35
37	1	2	55	9
37	1	2	58	27
37	1	2	59	19
37	1	2	60	44
37	1	2	61	7
37	1	2	62	38
37	1	2	63	16
37	2	1	0	25
37	2	1	1	5
37	2	1	2	45
37	2	1	3	9
37	2	1	4	36
37	2	1	7	20
37	2	1	8	29
37	2	1	9	4
37	2	1	10	43
37	2	1	11	15
37	2	1	12	37
37	2	1	15	23
37	2	1	16	28
37	2	1	17	8
37	2	1	18	47
37	2	1	19	11
37	2	1	20	34
37	2	1	23	18
37	2	1	24	32
37	2	1	25	1
37	2	1	26	42
37	2	1	27	13
37	2	1	28	40
37	2	1	31	22
37	2	1	32	26
37	2	1	33	6
37	2	1	34	46
37	2	1	35	10
37	2	1	36	35
37	2	1	39	19
37	2	1	40	30
37	2	1	41	3
37	2	1	42	44
37	2	1	43	16
37	2	1	44	38
37	2	1	47	24
37	2	1	48	27
37	2	1	49	7
37	2	1	50	48
37	2	1	51	12
37	2	1	52	33
37	2	1	55	17
37	2	1	56	31
37	2	1	57	2
37	2	1	58	41
37	2	1	59	14
37	2	1	60	39
37	2	1	63	21
37	4	1	0	22
37	4	1	1	41
37	4	1	3	25
37	4	1	4	13
37	4	1	6	7
37	4	1	7	38
37	4	1	8	17
37	4	1	9	45
37	4	1	11	32
37	4	1	12	10
37	4	1	14	4
37	4	1	15	36
37	4	1	16	23
37	4	1	17	43
37	4	1	19	28
37	4	1	20	16
37	4	1	22	6
37	4	1	23	39
37	4	1	24	20
37	4	1	25	48
37	4	1	27	30
37	4	1	28	12
37	4	1	30	2
37	4	1	31	34
37	4	1	32	21
37	4	1	33	42
37	4	1	35	26
37	4	1	36	14
37	4	1	38	8
37	4	1	39	37
37	4	1	40	18
37	4	1	41	46
37	4	1	43	31
37	4	1	44	9
37	4	1	46	3
37	4	1	47	35
37	4	1	48	24
37	4	1	49	44
37	4	1	51	27
37	4	1	52	15
37	4	1	54	5
37	4	1	55	40
37	4	1	56	19
37	4	1	57	47
37	4	1	59	29
37	4	1	60	11
37	4	1	62	1
37	4	1	63	33
37	4	2	1	10
37	4	2	2	31
37	4	2	4	45
37	4	2	5	20
37	4	2	6	33
37	4	2	7	7
37	4	2	9	16
37	4	2	10	25
37	4	2	12	41
37	4	2	13	22
37	4	2	14	40
37	4	2	15	2
37	4	2	17	12
37	4	2	18	30
37	4	2	20	48
37	4	2	21	17
37	4	2	22	35
37	4	2	23	5
37	4	2	25	13
37	4	2	26	28
37	4	2	28	43
37	4	2	29	24
37	4	2	30	37
37	4	2	31	3
37	4	2	33	9
37	4	2	34	32
37	4	2	36	46
37	4	2	37	19
37	4	2	38	34
37	4	2	39	8
37	4	2	41	15
37	4	2	42	26
37	4	2	44	42
37	4	2	45	21
37	4	2	46	39
37	4	2	47	1
37	4	2	49	11
37	4	2	50	29
37	4	2	52	47
37	4	2	53	18
37	4	2	54	36
37	4	2	55	6
37	4	2	57	14
37	4	2	58	27
37	4	2	60	44
37	4	2	61	23
37	4	2	62	38
37	4	2	63	4
37	6	1	0	40
37	6	1	1	1
37	6	1	3	11
37	6	1	4	31
37	6	1	6	41
37	6	1	7	18
37	6	1	8	35
37	6	1	9	6
37	6	1	11	16
37	6	1	12	27
37	6	1	14	48
37	6	1	15	21
37	6	1	16	38
37	6	1	17	4
37	6	1	19	9
37	6	1	20	30
37	6	1	22	43
37	6	1	23	19
37	6	1	24	34
37	6	1	25	7
37	6	1	27	13
37	6	1	28	26
37	6	1	30	45
37	6	1	31	24
37	6	1	32	39
37	6	1	33	2
37	6	1	35	12
37	6	1	36	32
37	6	1	38	42
37	6	1	39	17
37	6	1	40	36
37	6	1	41	5
37	6	1	43	15
37	6	1	44	28
37	6	1	46	47
37	6	1	47	22
37	6	1	48	37
37	6	1	49	3
37	6	1	51	10
37	6	1	52	29
37	6	1	54	44
37	6	1	55	20
37	6	1	56	33
37	6	1	57	8
37	6	1	59	14
37	6	1	60	25
37	6	1	62	46
37	6	1	63	23
37	6	2	1	11
37	6	2	2	32
37	6	2	4	44
37	6	2	5	21
37	6	2	6	33
37	6	2	7	1
37	6	2	9	15
37	6	2	10	26
37	6	2	12	46
37	6	2	13	17
37	6	2	14	38
37	6	2	15	8
37	6	2	17	10
37	6	2	18	29
37	6	2	20	42
37	6	2	21	24
37	6	2	22	36
37	6	2	23	4
37	6	2	25	13
37	6	2	26	27
37	6	2	28	48
37	6	2	29	20
37	6	2	30	39
37	6	2	31	5
37	6	2	33	12
37	6	2	34	31
37	6	2	36	43
37	6	2	37	22
37	6	2	38	34
37	6	2	39	2
37	6	2	41	16
37	6	2	42	25
37	6	2	44	45
37	6	2	45	18
37	6	2	46	37
37	6	2	47	7
37	6	2	49	9
37	6	2	50	30
37	6	2	52	41
37	6	2	53	23
37	6	2	54	35
37	6	2	55	3
37	6	2	57	14
37	6	2	58	28
37	6	2	60	47
37	6	2	61	19
37	6	2	62	40
37	6	2	63	6
38	1	2	0	43
38	1	2	1	15
38	1	2	2	36
38	1	2	3	2
38	1	2	5	20
38	1	2	6	26
38	1	2	8	45
38	1	2	9	11
38	1	2	10	37
38	1	2	11	5
38	1	2	13	21
38	1	2	14	29
38	1	2	16	41
38	1	2	17	13
38	1	2	18	34
38	1	2	19	3
38	1	2	21	17
38	1	2	22	28
38	1	2	24	47
38	1	2	25	9
38	1	2	26	40
38	1	2	27	8
38	1	2	29	23
38	1	2	30	31
38	1	2	32	44
38	1	2	33	16
38	1	2	34	35
38	1	2	35	1
38	1	2	37	19
38	1	2	38	25
38	1	2	40	46
38	1	2	41	12
38	1	2	42	38
38	1	2	43	6
38	1	2	45	22
38	1	2	46	30
38	1	2	48	42
38	1	2	49	14
38	1	2	50	33
38	1	2	51	4
38	1	2	53	18
38	1	2	54	27
38	1	2	56	48
38	1	2	57	10
38	1	2	58	39
38	1	2	59	7
38	1	2	61	24
38	1	2	62	32
38	2	1	0	21
38	2	1	1	28
38	2	1	2	4
38	2	1	3	43
38	2	1	4	11
38	2	1	5	38
38	2	1	8	18
38	2	1	9	32
38	2	1	10	5
38	2	1	11	47
38	2	1	12	15
38	2	1	13	34
38	2	1	16	23
38	2	1	17	26
38	2	1	18	1
38	2	1	19	42
38	2	1	20	10
38	2	1	21	40
38	2	1	24	19
38	2	1	25	29
38	2	1	26	7
38	2	1	27	45
38	2	1	28	13
38	2	1	29	36
38	2	1	32	22
38	2	1	33	27
38	2	1	34	3
38	2	1	35	44
38	2	1	36	12
38	2	1	37	37
38	2	1	40	17
38	2	1	41	31
38	2	1	42	6
38	2	1	43	48
38	2	1	44	16
38	2	1	45	33
38	2	1	48	24
38	2	1	49	25
38	2	1	50	2
38	2	1	51	41
38	2	1	52	9
38	2	1	53	39
38	2	1	56	20
38	2	1	57	30
38	2	1	58	8
38	2	1	59	46
38	2	1	60	14
38	2	1	61	35
38	4	1	0	30
38	4	1	2	48
38	4	1	3	17
38	4	1	4	35
38	4	1	5	2
38	4	1	7	16
38	4	1	8	26
38	4	1	10	41
38	4	1	11	22
38	4	1	12	38
38	4	1	13	7
38	4	1	15	12
38	4	1	16	32
38	4	1	18	46
38	4	1	19	20
38	4	1	20	34
38	4	1	21	4
38	4	1	23	13
38	4	1	24	28
38	4	1	26	43
38	4	1	27	24
38	4	1	28	39
38	4	1	29	6
38	4	1	31	9
38	4	1	32	29
38	4	1	34	47
38	4	1	35	18
38	4	1	36	36
38	4	1	37	1
38	4	1	39	15
38	4	1	40	25
38	4	1	42	42
38	4	1	43	21
38	4	1	44	37
38	4	1	45	8
38	4	1	47	11
38	4	1	48	31
38	4	1	50	45
38	4	1	51	19
38	4	1	52	33
38	4	1	53	3
38	4	1	55	14
38	4	1	56	27
38	4	1	58	44
38	4	1	59	23
38	4	1	60	40
38	4	1	61	5
38	4	1	63	10
38	6	1	1	47
38	6	1	2	12
38	6	1	3	34
38	6	1	4	4
38	6	1	6	20
38	6	1	7	26
38	6	1	9	44
38	6	1	10	13
38	6	1	11	37
38	6	1	12	5
38	6	1	14	24
38	6	1	15	32
38	6	1	17	46
38	6	1	18	10
38	6	1	19	35
38	6	1	20	2
38	6	1	22	17
38	6	1	23	28
38	6	1	25	42
38	6	1	26	16
38	6	1	27	39
38	6	1	28	8
38	6	1	30	22
38	6	1	31	29
38	6	1	33	48
38	6	1	34	11
38	6	1	35	33
38	6	1	36	3
38	6	1	38	19
38	6	1	39	25
38	6	1	41	43
38	6	1	42	14
38	6	1	43	38
38	6	1	44	6
38	6	1	46	23
38	6	1	47	31
38	6	1	49	45
38	6	1	50	9
38	6	1	51	36
38	6	1	52	1
38	6	1	54	18
38	6	1	55	27
38	6	1	57	41
38	6	1	58	15
38	6	1	59	40
38	6	1	60	7
38	6	1	62	21
38	6	1	63	30
39	1	1	1	38
39	1	1	2	24
39	1	1	4	5
39	1	1	5	26
39	1	1	6	13
39	1	1	7	44
39	1	1	9	34
39	1	1	10	17
39	1	1	12	4
39	1	1	13	30
39	1	1	14	12
39	1	1	15	47
39	1	1	17	40
39	1	1	18	22
39	1	1	20	7
39	1	1	21	27
39	1	1	22	15
39	1	1	23	42
39	1	1	25	35
39	1	1	26	20
39	1	1	28	1
39	1	1	29	32
39	1	1	30	9
39	1	1	31	45
39	1	1	33	37
39	1	1	34	23
39	1	1	36	6
39	1	1	37	25
39	1	1	38	14
39	1	1	39	43
39	1	1	41	33
39	1	1	42	18
39	1	1	44	3
39	1	1	45	29
39	1	1	46	11
39	1	1	47	48
39	1	1	49	39
39	1	1	50	21
39	1	1	52	8
39	1	1	53	28
39	1	1	54	16
39	1	1	55	41
39	1	1	57	36
39	1	1	58	19
39	1	1	60	2
39	1	1	61	31
39	1	1	62	10
39	1	1	63	46
39	1	2	0	43
39	1	2	1	3
39	1	2	2	38
39	1	2	3	23
39	1	2	6	25
39	1	2	7	10
39	1	2	8	48
39	1	2	9	7
39	1	2	10	35
39	1	2	11	17
39	1	2	14	32
39	1	2	15	13
39	1	2	16	41
39	1	2	17	1
39	1	2	18	40
39	1	2	19	21
39	1	2	22	27
39	1	2	23	11
39	1	2	24	45
39	1	2	25	5
39	1	2	26	34
39	1	2	27	20
39	1	2	30	29
39	1	2	31	16
39	1	2	32	44
39	1	2	33	4
39	1	2	34	37
39	1	2	35	24
39	1	2	38	26
39	1	2	39	9
39	1	2	40	47
39	1	2	41	8
39	1	2	42	36
39	1	2	43	18
39	1	2	46	31
39	1	2	47	14
39	1	2	48	42
39	1	2	49	2
39	1	2	50	39
39	1	2	51	22
39	1	2	54	28
39	1	2	55	12
39	1	2	56	46
39	1	2	57	6
39	1	2	58	33
39	1	2	59	19
39	1	2	62	30
39	1	2	63	15
39	2	1	0	33
39	2	1	3	24
39	2	1	4	25
39	2	1	5	6
39	2	1	6	48
39	2	1	7	12
39	2	1	8	37
39	2	1	11	20
39	2	1	12	29
39	2	1	13	4
39	2	1	14	44
39	2	1	15	16
39	2	1	16	35
39	2	1	19	21
39	2	1	20	28
39	2	1	21	8
39	2	1	22	46
39	2	1	23	10
39	2	1	24	40
39	2	1	27	18
39	2	1	28	31
39	2	1	29	2
39	2	1	30	42
39	2	1	31	14
39	2	1	32	34
39	2	1	35	23
39	2	1	36	26
39	2	1	37	5
39	2	1	38	47
39	2	1	39	11
39	2	1	40	38
39	2	1	43	19
39	2	1	44	30
39	2	1	45	3
39	2	1	46	43
39	2	1	47	15
39	2	1	48	36
39	2	1	51	22
39	2	1	52	27
39	2	1	53	7
39	2	1	54	45
39	2	1	55	9
39	2	1	56	39
39	2	1	59	17
39	2	1	60	32
39	2	1	61	1
39	2	1	62	41
39	2	1	63	13
39	4	1	0	18
39	4	1	1	29
39	4	1	3	43
39	4	1	4	16
39	4	1	5	34
39	4	1	6	5
39	4	1	8	23
39	4	1	9	28
39	4	1	11	46
39	4	1	12	10
39	4	1	13	38
39	4	1	14	1
39	4	1	16	20
39	4	1	17	31
39	4	1	19	41
39	4	1	20	13
39	4	1	21	35
39	4	1	22	8
39	4	1	24	21
39	4	1	25	25
39	4	1	27	48
39	4	1	28	11
39	4	1	29	39
39	4	1	30	4
39	4	1	32	17
39	4	1	33	30
39	4	1	35	44
39	4	1	36	15
39	4	1	37	33
39	4	1	38	6
39	4	1	40	24
39	4	1	41	27
39	4	1	43	45
39	4	1	44	9
39	4	1	45	37
39	4	1	46	2
39	4	1	48	19
39	4	1	49	32
39	4	1	51	42
39	4	1	52	14
39	4	1	53	36
39	4	1	54	7
39	4	1	56	22
39	4	1	57	26
39	4	1	59	47
39	4	1	60	12
39	4	1	61	40
39	4	1	62	3
40	1	1	1	1
40	1	1	2	35
40	1	1	3	13
40	1	1	4	42
40	1	1	6	27
40	1	1	7	24
40	1	1	9	5
40	1	1	10	40
40	1	1	11	10
40	1	1	12	45
40	1	1	14	32
40	1	1	15	20
40	1	1	17	4
40	1	1	18	33
40	1	1	19	16
40	1	1	20	43
40	1	1	22	25
40	1	1	23	21
40	1	1	25	7
40	1	1	26	37
40	1	1	27	12
40	1	1	28	47
40	1	1	30	29
40	1	1	31	18
40	1	1	33	2
40	1	1	34	36
40	1	1	35	14
40	1	1	36	41
40	1	1	38	28
40	1	1	39	23
40	1	1	41	6
40	1	1	42	39
40	1	1	43	9
40	1	1	44	46
40	1	1	46	31
40	1	1	47	19
40	1	1	49	3
40	1	1	50	34
40	1	1	51	15
40	1	1	52	44
40	1	1	54	26
40	1	1	55	22
40	1	1	57	8
40	1	1	58	38
40	1	1	59	11
40	1	1	60	48
40	1	1	62	30
40	1	1	63	17
40	1	2	0	39
40	1	2	1	3
40	1	2	3	20
40	1	2	4	29
40	1	2	6	45
40	1	2	7	9
40	1	2	8	34
40	1	2	9	6
40	1	2	11	24
40	1	2	12	27
40	1	2	14	43
40	1	2	15	15
40	1	2	16	37
40	1	2	17	2
40	1	2	19	18
40	1	2	20	32
40	1	2	22	47
40	1	2	23	11
40	1	2	24	36
40	1	2	25	7
40	1	2	27	21
40	1	2	28	25
40	1	2	30	42
40	1	2	31	13
40	1	2	32	40
40	1	2	33	4
40	1	2	35	19
40	1	2	36	30
40	1	2	38	46
40	1	2	39	10
40	1	2	40	33
40	1	2	41	5
40	1	2	43	23
40	1	2	44	28
40	1	2	46	44
40	1	2	47	16
40	1	2	48	38
40	1	2	49	1
40	1	2	51	17
40	1	2	52	31
40	1	2	54	48
40	1	2	55	12
40	1	2	56	35
40	1	2	57	8
40	1	2	59	22
40	1	2	60	26
40	1	2	62	41
40	1	2	63	14
41	1	2	0	15
41	1	2	3	40
41	1	2	4	23
41	1	2	5	42
41	1	2	6	2
41	1	2	7	32
41	1	2	8	11
41	1	2	11	34
41	1	2	12	17
41	1	2	13	48
41	1	2	14	5
41	1	2	15	26
41	1	2	16	14
41	1	2	19	37
41	1	2	20	21
41	1	2	21	44
41	1	2	22	3
41	1	2	23	29
41	1	2	24	10
41	1	2	27	35
41	1	2	28	19
41	1	2	29	46
41	1	2	30	7
41	1	2	31	27
41	1	2	32	16
41	1	2	35	39
41	1	2	36	24
41	1	2	37	41
41	1	2	38	1
41	1	2	39	31
41	1	2	40	12
41	1	2	43	33
41	1	2	44	18
41	1	2	45	47
41	1	2	46	6
41	1	2	47	25
41	1	2	48	13
41	1	2	51	38
41	1	2	52	22
41	1	2	53	43
41	1	2	54	4
41	1	2	55	30
41	1	2	56	9
41	1	2	59	36
41	1	2	60	20
41	1	2	61	45
41	1	2	62	8
41	1	2	63	28
41	2	1	1	1
41	2	1	2	27
41	2	1	3	14
41	2	1	4	45
41	2	1	6	40
41	2	1	7	21
41	2	1	9	5
41	2	1	10	31
41	2	1	11	11
41	2	1	12	41
41	2	1	14	34
41	2	1	15	19
41	2	1	17	3
41	2	1	18	25
41	2	1	19	16
41	2	1	20	48
41	2	1	22	37
41	2	1	23	24
41	2	1	25	7
41	2	1	26	29
41	2	1	27	10
41	2	1	28	44
41	2	1	30	35
41	2	1	31	17
41	2	1	33	2
41	2	1	34	28
41	2	1	35	13
41	2	1	36	46
41	2	1	38	39
41	2	1	39	22
41	2	1	41	6
41	2	1	42	32
41	2	1	43	12
41	2	1	44	42
41	2	1	46	33
41	2	1	47	20
41	2	1	49	4
41	2	1	50	26
41	2	1	51	15
41	2	1	52	47
41	2	1	54	38
41	2	1	55	23
41	2	1	57	8
41	2	1	58	30
41	2	1	59	9
41	2	1	60	43
41	2	1	62	36
41	2	1	63	18
41	3	1	0	22
41	3	1	1	31
41	3	1	3	43
41	3	1	4	9
41	3	1	5	40
41	3	1	6	5
41	3	1	8	18
41	3	1	9	27
41	3	1	11	47
41	3	1	12	13
41	3	1	13	35
41	3	1	14	4
41	3	1	16	24
41	3	1	17	29
41	3	1	19	42
41	3	1	20	11
41	3	1	21	37
41	3	1	22	7
41	3	1	24	20
41	3	1	25	25
41	3	1	27	46
41	3	1	28	15
41	3	1	29	34
41	3	1	30	2
41	3	1	32	21
41	3	1	33	32
41	3	1	35	44
41	3	1	36	10
41	3	1	37	39
41	3	1	38	6
41	3	1	40	17
41	3	1	41	28
41	3	1	43	48
41	3	1	44	14
41	3	1	45	36
41	3	1	46	3
41	3	1	48	23
41	3	1	49	30
41	3	1	51	41
41	3	1	52	12
41	3	1	53	38
41	3	1	54	8
41	3	1	56	19
41	3	1	57	26
41	3	1	59	45
41	3	1	60	16
41	3	1	61	33
41	3	1	62	1
41	3	2	0	44
41	3	2	2	35
41	3	2	3	22
41	3	2	5	1
41	3	2	6	27
41	3	2	7	13
41	3	2	8	47
41	3	2	10	40
41	3	2	11	20
41	3	2	13	8
41	3	2	14	31
41	3	2	15	11
41	3	2	16	42
41	3	2	18	34
41	3	2	19	23
41	3	2	21	4
41	3	2	22	26
41	3	2	23	16
41	3	2	24	45
41	3	2	26	37
41	3	2	27	17
41	3	2	29	5
41	3	2	30	29
41	3	2	31	9
41	3	2	32	43
41	3	2	34	36
41	3	2	35	21
41	3	2	37	2
41	3	2	38	28
41	3	2	39	14
41	3	2	40	48
41	3	2	42	39
41	3	2	43	19
41	3	2	45	7
41	3	2	46	32
41	3	2	47	12
41	3	2	48	41
41	3	2	50	33
41	3	2	51	24
41	3	2	53	3
41	3	2	54	25
41	3	2	55	15
41	3	2	56	46
41	3	2	58	38
41	3	2	59	18
41	3	2	61	6
41	3	2	62	30
41	3	2	63	10
41	4	1	0	24
41	4	1	2	3
41	4	1	3	39
41	4	1	4	16
41	4	1	5	46
41	4	1	7	29
41	4	1	8	19
41	4	1	10	8
41	4	1	11	33
41	4	1	12	12
41	4	1	13	42
41	4	1	15	28
41	4	1	16	21
41	4	1	18	2
41	4	1	19	37
41	4	1	20	14
41	4	1	21	47
41	4	1	23	31
41	4	1	24	17
41	4	1	26	5
41	4	1	27	36
41	4	1	28	9
41	4	1	29	43
41	4	1	31	25
41	4	1	32	23
41	4	1	34	4
41	4	1	35	40
41	4	1	36	15
41	4	1	37	45
41	4	1	39	30
41	4	1	40	20
41	4	1	42	7
41	4	1	43	34
41	4	1	44	11
41	4	1	45	41
41	4	1	47	27
41	4	1	48	22
41	4	1	50	1
41	4	1	51	38
41	4	1	52	13
41	4	1	53	48
41	4	1	55	32
41	4	1	56	18
41	4	1	58	6
41	4	1	59	35
41	4	1	60	10
41	4	1	61	44
41	4	1	63	26
41	4	2	2	14
41	4	2	3	27
41	4	2	4	8
41	4	2	5	47
41	4	2	6	21
41	4	2	7	39
41	4	2	10	10
41	4	2	11	31
41	4	2	12	2
41	4	2	13	41
41	4	2	14	20
41	4	2	15	33
41	4	2	18	15
41	4	2	19	25
41	4	2	20	6
41	4	2	21	45
41	4	2	22	23
41	4	2	23	38
41	4	2	26	12
41	4	2	27	29
41	4	2	28	4
41	4	2	29	44
41	4	2	30	18
41	4	2	31	36
41	4	2	34	13
41	4	2	35	28
41	4	2	36	7
41	4	2	37	48
41	4	2	38	22
41	4	2	39	40
41	4	2	42	9
41	4	2	43	32
41	4	2	44	1
41	4	2	45	42
41	4	2	46	19
41	4	2	47	34
41	4	2	50	16
41	4	2	51	26
41	4	2	52	5
41	4	2	53	46
41	4	2	54	24
41	4	2	55	37
41	4	2	58	11
41	4	2	59	30
41	4	2	60	3
41	4	2	61	43
41	4	2	62	17
41	4	2	63	35
41	5	1	1	48
41	5	1	2	24
41	5	1	3	37
41	5	1	4	4
41	5	1	6	15
41	5	1	7	27
41	5	1	9	43
41	5	1	10	18
41	5	1	11	36
41	5	1	12	5
41	5	1	14	11
41	5	1	15	30
41	5	1	17	46
41	5	1	18	21
41	5	1	19	40
41	5	1	20	1
41	5	1	22	13
41	5	1	23	26
41	5	1	25	41
41	5	1	26	19
41	5	1	27	34
41	5	1	28	7
41	5	1	30	10
41	5	1	31	32
41	5	1	33	47
41	5	1	34	23
41	5	1	35	38
41	5	1	36	3
41	5	1	38	16
41	5	1	39	28
41	5	1	41	44
41	5	1	42	17
41	5	1	43	35
41	5	1	44	6
41	5	1	46	12
41	5	1	47	29
41	5	1	49	45
41	5	1	50	22
41	5	1	51	39
41	5	1	52	2
41	5	1	54	14
41	5	1	55	25
41	5	1	57	42
41	5	1	58	20
41	5	1	59	33
41	5	1	60	8
41	5	1	62	9
41	5	1	63	31
41	6	1	1	34
41	6	1	2	20
41	6	1	4	5
41	6	1	5	31
41	6	1	6	10
41	6	1	7	47
41	6	1	9	38
41	6	1	10	22
41	6	1	12	1
41	6	1	13	25
41	6	1	14	15
41	6	1	15	42
41	6	1	17	35
41	6	1	18	18
41	6	1	20	7
41	6	1	21	30
41	6	1	22	11
41	6	1	23	45
41	6	1	25	39
41	6	1	26	24
41	6	1	28	4
41	6	1	29	28
41	6	1	30	13
41	6	1	31	43
41	6	1	33	33
41	6	1	34	19
41	6	1	36	6
41	6	1	37	32
41	6	1	38	9
41	6	1	39	48
41	6	1	41	37
41	6	1	42	21
41	6	1	44	2
41	6	1	45	26
41	6	1	46	16
41	6	1	47	41
41	6	1	49	36
41	6	1	50	17
41	6	1	52	8
41	6	1	53	29
41	6	1	54	12
41	6	1	55	46
41	6	1	57	40
41	6	1	58	23
41	6	1	60	3
41	6	1	61	27
41	6	1	62	14
41	6	1	63	44
42	1	2	0	28
42	1	2	2	41
42	1	2	3	15
42	1	2	4	39
42	1	2	5	1
42	1	2	7	17
42	1	2	8	30
42	1	2	10	47
42	1	2	11	10
42	1	2	12	34
42	1	2	13	7
42	1	2	15	24
42	1	2	16	26
42	1	2	18	44
42	1	2	19	13
42	1	2	20	37
42	1	2	21	3
42	1	2	23	20
42	1	2	24	32
42	1	2	26	46
42	1	2	27	11
42	1	2	28	35
42	1	2	29	5
42	1	2	31	21
42	1	2	32	27
42	1	2	34	42
42	1	2	35	16
42	1	2	36	40
42	1	2	37	2
42	1	2	39	18
42	1	2	40	29
42	1	2	42	48
42	1	2	43	9
42	1	2	44	33
42	1	2	45	8
42	1	2	47	23
42	1	2	48	25
42	1	2	50	43
42	1	2	51	14
42	1	2	52	38
42	1	2	53	4
42	1	2	55	19
42	1	2	56	31
42	1	2	58	45
42	1	2	59	12
42	1	2	60	36
42	1	2	61	6
42	1	2	63	22
42	2	1	0	4
42	2	1	1	31
42	2	1	2	23
42	2	1	5	39
42	2	1	6	15
42	2	1	7	47
42	2	1	8	6
42	2	1	9	28
42	2	1	10	18
42	2	1	13	33
42	2	1	14	9
42	2	1	15	43
42	2	1	16	2
42	2	1	17	29
42	2	1	18	22
42	2	1	21	38
42	2	1	22	13
42	2	1	23	45
42	2	1	24	7
42	2	1	25	25
42	2	1	26	20
42	2	1	29	35
42	2	1	30	11
42	2	1	31	41
42	2	1	32	3
42	2	1	33	32
42	2	1	34	24
42	2	1	37	40
42	2	1	38	16
42	2	1	39	48
42	2	1	40	5
42	2	1	41	27
42	2	1	42	17
42	2	1	45	34
42	2	1	46	10
42	2	1	47	44
42	2	1	48	1
42	2	1	49	30
42	2	1	50	21
42	2	1	53	37
42	2	1	54	14
42	2	1	55	46
42	2	1	56	8
42	2	1	57	26
42	2	1	58	19
42	2	1	61	36
42	2	1	62	12
42	2	1	63	42
42	3	1	0	23
42	3	1	2	2
42	3	1	3	26
42	3	1	4	12
42	3	1	5	42
42	3	1	7	37
42	3	1	8	19
42	3	1	10	7
42	3	1	11	29
42	3	1	12	13
42	3	1	13	47
42	3	1	15	34
42	3	1	16	21
42	3	1	18	3
42	3	1	19	27
42	3	1	20	10
42	3	1	21	44
42	3	1	23	39
42	3	1	24	18
42	3	1	26	5
42	3	1	27	31
42	3	1	28	15
42	3	1	29	45
42	3	1	31	36
42	3	1	32	24
42	3	1	34	1
42	3	1	35	25
42	3	1	36	11
42	3	1	37	41
42	3	1	39	38
42	3	1	40	20
42	3	1	42	8
42	3	1	43	30
42	3	1	44	14
42	3	1	45	48
42	3	1	47	33
42	3	1	48	22
42	3	1	50	4
42	3	1	51	28
42	3	1	52	9
42	3	1	53	43
42	3	1	55	40
42	3	1	56	17
42	3	1	58	6
42	3	1	59	32
42	3	1	60	16
42	3	1	61	46
42	3	1	63	35
42	4	1	0	35
42	4	1	1	20
42	4	1	2	44
42	4	1	3	4
42	4	1	4	31
42	4	1	5	9
42	4	1	8	37
42	4	1	9	22
42	4	1	10	45
42	4	1	11	7
42	4	1	12	26
42	4	1	13	14
42	4	1	16	34
42	4	1	17	18
42	4	1	18	42
42	4	1	19	2
42	4	1	20	30
42	4	1	21	11
42	4	1	24	40
42	4	1	25	23
42	4	1	26	48
42	4	1	27	6
42	4	1	28	27
42	4	1	29	15
42	4	1	32	36
42	4	1	33	19
42	4	1	34	43
42	4	1	35	3
42	4	1	36	32
42	4	1	37	10
42	4	1	40	38
42	4	1	41	21
42	4	1	42	46
42	4	1	43	8
42	4	1	44	25
42	4	1	45	13
42	4	1	48	33
42	4	1	49	17
42	4	1	50	41
42	4	1	51	1
42	4	1	52	29
42	4	1	53	12
42	4	1	56	39
42	4	1	57	24
42	4	1	58	47
42	4	1	59	5
42	4	1	60	28
42	4	1	61	16
42	5	1	1	16
42	5	1	2	31
42	5	1	3	6
42	5	1	4	48
42	5	1	5	19
42	5	1	6	40
42	5	1	9	11
42	5	1	10	26
42	5	1	11	3
42	5	1	12	42
42	5	1	13	22
42	5	1	14	34
42	5	1	17	14
42	5	1	18	29
42	5	1	19	8
42	5	1	20	45
42	5	1	21	18
42	5	1	22	37
42	5	1	25	9
42	5	1	26	27
42	5	1	27	1
42	5	1	28	43
42	5	1	29	24
42	5	1	30	36
42	5	1	33	15
42	5	1	34	32
42	5	1	35	5
42	5	1	36	47
42	5	1	37	20
42	5	1	38	39
42	5	1	41	12
42	5	1	42	25
42	5	1	43	4
42	5	1	44	41
42	5	1	45	21
42	5	1	46	33
42	5	1	49	13
42	5	1	50	30
42	5	1	51	7
42	5	1	52	46
42	5	1	53	17
42	5	1	54	38
42	5	1	57	10
42	5	1	58	28
42	5	1	59	2
42	5	1	60	44
42	5	1	61	23
42	5	1	62	35
43	1	2	0	17
43	1	2	1	36
43	1	2	2	7
43	1	2	4	10
43	1	2	5	26
43	1	2	7	42
43	1	2	8	21
43	1	2	9	37
43	1	2	10	3
43	1	2	12	15
43	1	2	13	30
43	1	2	15	45
43	1	2	16	19
43	1	2	17	33
43	1	2	18	5
43	1	2	20	11
43	1	2	21	28
43	1	2	23	44
43	1	2	24	24
43	1	2	25	39
43	1	2	26	1
43	1	2	28	14
43	1	2	29	32
43	1	2	31	48
43	1	2	32	18
43	1	2	33	35
43	1	2	34	8
43	1	2	36	9
43	1	2	37	25
43	1	2	39	41
43	1	2	40	22
43	1	2	41	38
43	1	2	42	4
43	1	2	44	16
43	1	2	45	29
43	1	2	47	46
43	1	2	48	20
43	1	2	49	34
43	1	2	50	6
43	1	2	52	12
43	1	2	53	27
43	1	2	55	43
43	1	2	56	23
43	1	2	57	40
43	1	2	58	2
43	1	2	60	13
43	1	2	61	31
43	1	2	63	47
43	4	1	0	30
43	4	1	1	3
43	4	1	3	23
43	4	1	4	34
43	4	1	6	44
43	4	1	7	9
43	4	1	8	25
43	4	1	9	6
43	4	1	11	19
43	4	1	12	37
43	4	1	14	47
43	4	1	15	15
43	4	1	16	31
43	4	1	17	2
43	4	1	19	21
43	4	1	20	35
43	4	1	22	42
43	4	1	23	12
43	4	1	24	27
43	4	1	25	8
43	4	1	27	18
43	4	1	28	40
43	4	1	30	45
43	4	1	31	13
43	4	1	32	29
43	4	1	33	4
43	4	1	35	24
43	4	1	36	33
43	4	1	38	43
43	4	1	39	10
43	4	1	40	26
43	4	1	41	5
43	4	1	43	20
43	4	1	44	38
43	4	1	46	48
43	4	1	47	16
43	4	1	48	32
43	4	1	49	1
43	4	1	51	22
43	4	1	52	36
43	4	1	54	41
43	4	1	55	11
43	4	1	56	28
43	4	1	57	7
43	4	1	59	17
43	4	1	60	39
43	4	1	62	46
43	4	1	63	14
43	5	1	1	7
43	5	1	2	36
43	5	1	3	21
43	5	1	4	41
43	5	1	6	26
43	5	1	7	9
43	5	1	9	2
43	5	1	10	39
43	5	1	11	19
43	5	1	12	48
43	5	1	14	31
43	5	1	15	15
43	5	1	17	5
43	5	1	18	34
43	5	1	19	23
43	5	1	20	44
43	5	1	22	28
43	5	1	23	12
43	5	1	25	4
43	5	1	26	37
43	5	1	27	18
43	5	1	28	45
43	5	1	30	30
43	5	1	31	13
43	5	1	33	8
43	5	1	34	35
43	5	1	35	22
43	5	1	36	42
43	5	1	38	25
43	5	1	39	10
43	5	1	41	1
43	5	1	42	40
43	5	1	43	20
43	5	1	44	47
43	5	1	46	32
43	5	1	47	16
43	5	1	49	6
43	5	1	50	33
43	5	1	51	24
43	5	1	52	43
43	5	1	54	27
43	5	1	55	11
43	5	1	57	3
43	5	1	58	38
43	5	1	59	17
43	5	1	60	46
43	5	1	62	29
43	5	1	63	14
44	2	1	2	28
44	2	1	3	11
44	2	1	4	42
44	2	1	5	5
44	2	1	6	33
44	2	1	7	18
44	2	1	10	32
44	2	1	11	16
44	2	1	12	47
44	2	1	13	4
44	2	1	14	37
44	2	1	15	21
44	2	1	18	25
44	2	1	19	10
44	2	1	20	44
44	2	1	21	7
44	2	1	22	35
44	2	1	23	19
44	2	1	26	30
44	2	1	27	14
44	2	1	28	46
44	2	1	29	1
44	2	1	30	40
44	2	1	31	23
44	2	1	34	27
44	2	1	35	12
44	2	1	36	41
44	2	1	37	6
44	2	1	38	34
44	2	1	39	17
44	2	1	42	31
44	2	1	43	15
44	2	1	44	48
44	2	1	45	3
44	2	1	46	38
44	2	1	47	22
44	2	1	50	26
44	2	1	51	9
44	2	1	52	43
44	2	1	53	8
44	2	1	54	36
44	2	1	55	20
44	2	1	58	29
44	2	1	59	13
44	2	1	60	45
44	2	1	61	2
44	2	1	62	39
44	2	1	63	24
44	2	2	0	14
44	2	2	1	31
44	2	2	2	4
44	2	2	3	47
44	2	2	4	22
44	2	2	5	35
44	2	2	8	11
44	2	2	9	27
44	2	2	10	8
44	2	2	11	42
44	2	2	12	20
44	2	2	13	40
44	2	2	16	15
44	2	2	17	30
44	2	2	18	2
44	2	2	19	46
44	2	2	20	24
44	2	2	21	33
44	2	2	24	9
44	2	2	25	25
44	2	2	26	6
44	2	2	27	43
44	2	2	28	17
44	2	2	29	37
44	2	2	32	13
44	2	2	33	32
44	2	2	34	3
44	2	2	35	48
44	2	2	36	21
44	2	2	37	36
44	2	2	40	12
44	2	2	41	28
44	2	2	42	7
44	2	2	43	41
44	2	2	44	19
44	2	2	45	39
44	2	2	48	16
44	2	2	49	29
44	2	2	50	1
44	2	2	51	45
44	2	2	52	23
44	2	2	53	34
44	2	2	56	10
44	2	2	57	26
44	2	2	58	5
44	2	2	59	44
44	2	2	60	18
44	2	2	61	38
44	3	1	0	11
44	3	1	1	35
44	3	1	2	7
44	3	1	3	44
44	3	1	4	21
44	3	1	5	32
44	3	1	8	15
44	3	1	9	39
44	3	1	10	1
44	3	1	11	46
44	3	1	12	20
44	3	1	13	26
44	3	1	16	10
44	3	1	17	33
44	3	1	18	5
44	3	1	19	41
44	3	1	20	24
44	3	1	21	29
44	3	1	24	14
44	3	1	25	37
44	3	1	26	4
44	3	1	27	47
44	3	1	28	18
44	3	1	29	27
44	3	1	32	12
44	3	1	33	36
44	3	1	34	8
44	3	1	35	43
44	3	1	36	22
44	3	1	37	31
44	3	1	40	16
44	3	1	41	40
44	3	1	42	2
44	3	1	43	45
44	3	1	44	19
44	3	1	45	25
44	3	1	48	9
44	3	1	49	34
44	3	1	50	6
44	3	1	51	42
44	3	1	52	23
44	3	1	53	30
44	3	1	56	13
44	3	1	57	38
44	3	1	58	3
44	3	1	59	48
44	3	1	60	17
44	3	1	61	28
44	3	2	0	1
44	3	2	1	35
44	3	2	2	15
44	3	2	3	41
44	3	2	5	30
44	3	2	6	21
44	3	2	8	8
44	3	2	9	38
44	3	2	10	12
44	3	2	11	47
44	3	2	13	27
44	3	2	14	18
44	3	2	16	3
44	3	2	17	33
44	3	2	18	13
44	3	2	19	43
44	3	2	21	31
44	3	2	22	23
44	3	2	24	5
44	3	2	25	40
44	3	2	26	10
44	3	2	27	45
44	3	2	29	25
44	3	2	30	19
44	3	2	32	2
44	3	2	33	36
44	3	2	34	16
44	3	2	35	42
44	3	2	37	29
44	3	2	38	22
44	3	2	40	7
44	3	2	41	37
44	3	2	42	11
44	3	2	43	48
44	3	2	45	28
44	3	2	46	17
44	3	2	48	4
44	3	2	49	34
44	3	2	50	14
44	3	2	51	44
44	3	2	53	32
44	3	2	54	24
44	3	2	56	6
44	3	2	57	39
44	3	2	58	9
44	3	2	59	46
44	3	2	61	26
44	3	2	62	20
44	4	1	0	42
44	4	1	2	39
44	4	1	3	11
44	4	1	5	3
44	4	1	6	28
44	4	1	7	19
44	4	1	8	45
44	4	1	10	33
44	4	1	11	15
44	4	1	13	5
44	4	1	14	32
44	4	1	15	22
44	4	1	16	43
44	4	1	18	38
44	4	1	19	9
44	4	1	21	2
44	4	1	22	26
44	4	1	23	18
44	4	1	24	47
44	4	1	26	35
44	4	1	27	14
44	4	1	29	7
44	4	1	30	30
44	4	1	31	24
44	4	1	32	41
44	4	1	34	40
44	4	1	35	12
44	4	1	37	4
44	4	1	38	27
44	4	1	39	20
44	4	1	40	46
44	4	1	42	34
44	4	1	43	16
44	4	1	45	6
44	4	1	46	31
44	4	1	47	21
44	4	1	48	44
44	4	1	50	37
44	4	1	51	10
44	4	1	53	1
44	4	1	54	25
44	4	1	55	17
44	4	1	56	48
44	4	1	58	36
44	4	1	59	13
44	4	1	61	8
44	4	1	62	29
44	4	1	63	23
44	4	2	0	27
44	4	2	1	19
44	4	2	4	40
44	4	2	5	14
44	4	2	6	44
44	4	2	7	4
44	4	2	8	29
44	4	2	9	23
44	4	2	12	35
44	4	2	13	11
44	4	2	14	47
44	4	2	15	8
44	4	2	16	25
44	4	2	17	17
44	4	2	20	37
44	4	2	21	16
44	4	2	22	41
44	4	2	23	1
44	4	2	24	32
44	4	2	25	22
44	4	2	28	34
44	4	2	29	9
44	4	2	30	45
44	4	2	31	5
44	4	2	32	28
44	4	2	33	20
44	4	2	36	39
44	4	2	37	13
44	4	2	38	43
44	4	2	39	3
44	4	2	40	30
44	4	2	41	24
44	4	2	44	36
44	4	2	45	12
44	4	2	46	48
44	4	2	47	7
44	4	2	48	26
44	4	2	49	18
44	4	2	52	38
44	4	2	53	15
44	4	2	54	42
44	4	2	55	2
44	4	2	56	31
44	4	2	57	21
44	4	2	60	33
44	4	2	61	10
44	4	2	62	46
44	4	2	63	6
44	7	1	0	6
44	7	1	1	36
44	7	1	2	17
44	7	1	3	45
44	7	1	5	26
44	7	1	6	12
44	7	1	8	3
44	7	1	9	38
44	7	1	10	22
44	7	1	11	43
44	7	1	13	30
44	7	1	14	16
44	7	1	16	7
44	7	1	17	34
44	7	1	18	19
44	7	1	19	47
44	7	1	21	27
44	7	1	22	9
44	7	1	24	1
44	7	1	25	40
44	7	1	26	24
44	7	1	27	42
44	7	1	29	31
44	7	1	30	13
44	7	1	32	5
44	7	1	33	35
44	7	1	34	18
44	7	1	35	46
44	7	1	37	25
44	7	1	38	11
44	7	1	40	4
44	7	1	41	37
44	7	1	42	21
44	7	1	43	44
44	7	1	45	29
44	7	1	46	15
44	7	1	48	8
44	7	1	49	33
44	7	1	50	20
44	7	1	51	48
44	7	1	53	28
44	7	1	54	10
44	7	1	56	2
44	7	1	57	39
44	7	1	58	23
44	7	1	59	41
44	7	1	61	32
44	7	1	62	14
44	7	2	0	17
44	7	2	1	31
44	7	2	2	8
44	7	2	4	9
44	7	2	5	35
44	7	2	7	41
44	7	2	8	21
44	7	2	9	28
44	7	2	10	3
44	7	2	12	16
44	7	2	13	38
44	7	2	15	48
44	7	2	16	19
44	7	2	17	30
44	7	2	18	5
44	7	2	20	11
44	7	2	21	33
44	7	2	23	43
44	7	2	24	24
44	7	2	25	26
44	7	2	26	1
44	7	2	28	14
44	7	2	29	39
44	7	2	31	46
44	7	2	32	18
44	7	2	33	32
44	7	2	34	7
44	7	2	36	10
44	7	2	37	36
44	7	2	39	42
44	7	2	40	22
44	7	2	41	27
44	7	2	42	4
44	7	2	44	15
44	7	2	45	37
44	7	2	47	47
44	7	2	48	20
44	7	2	49	29
44	7	2	50	6
44	7	2	52	12
44	7	2	53	34
44	7	2	55	44
44	7	2	56	23
44	7	2	57	25
44	7	2	58	2
44	7	2	60	13
44	7	2	61	40
44	7	2	63	45
46	2	1	0	11
46	2	1	1	41
46	2	1	2	5
46	2	1	3	38
46	2	1	4	17
46	2	1	7	28
46	2	1	8	14
46	2	1	9	47
46	2	1	10	2
46	2	1	11	33
46	2	1	12	23
46	2	1	15	31
46	2	1	16	9
46	2	1	17	43
46	2	1	18	8
46	2	1	19	40
46	2	1	20	19
46	2	1	23	26
46	2	1	24	16
46	2	1	25	45
46	2	1	26	4
46	2	1	27	36
46	2	1	28	21
46	2	1	31	29
46	2	1	32	12
46	2	1	33	42
46	2	1	34	6
46	2	1	35	37
46	2	1	36	18
46	2	1	39	27
46	2	1	40	13
46	2	1	41	48
46	2	1	42	1
46	2	1	43	34
46	2	1	44	24
46	2	1	47	32
46	2	1	48	10
46	2	1	49	44
46	2	1	50	7
46	2	1	51	39
46	2	1	52	20
46	2	1	55	25
46	2	1	56	15
46	2	1	57	46
46	2	1	58	3
46	2	1	59	35
46	2	1	60	22
46	2	1	63	30
46	2	2	0	46
46	2	2	1	3
46	2	2	2	31
46	2	2	3	19
46	2	2	6	35
46	2	2	7	11
46	2	2	8	42
46	2	2	9	6
46	2	2	10	27
46	2	2	11	24
46	2	2	14	37
46	2	2	15	15
46	2	2	16	48
46	2	2	17	1
46	2	2	18	30
46	2	2	19	18
46	2	2	22	33
46	2	2	23	10
46	2	2	24	43
46	2	2	25	7
46	2	2	26	25
46	2	2	27	22
46	2	2	30	39
46	2	2	31	14
46	2	2	32	45
46	2	2	33	4
46	2	2	34	32
46	2	2	35	20
46	2	2	38	36
46	2	2	39	12
46	2	2	40	41
46	2	2	41	5
46	2	2	42	28
46	2	2	43	23
46	2	2	46	38
46	2	2	47	16
46	2	2	48	47
46	2	2	49	2
46	2	2	50	29
46	2	2	51	17
46	2	2	54	34
46	2	2	55	9
46	2	2	56	44
46	2	2	57	8
46	2	2	58	26
46	2	2	59	21
46	2	2	62	40
46	2	2	63	13
46	3	1	0	21
46	3	1	3	32
46	3	1	4	10
46	3	1	5	46
46	3	1	6	5
46	3	1	7	40
46	3	1	8	20
46	3	1	11	25
46	3	1	12	13
46	3	1	13	43
46	3	1	14	2
46	3	1	15	34
46	3	1	16	23
46	3	1	19	29
46	3	1	20	11
46	3	1	21	48
46	3	1	22	8
46	3	1	23	38
46	3	1	24	17
46	3	1	27	28
46	3	1	28	16
46	3	1	29	41
46	3	1	30	4
46	3	1	31	35
46	3	1	32	22
46	3	1	35	31
46	3	1	36	9
46	3	1	37	45
46	3	1	38	6
46	3	1	39	39
46	3	1	40	19
46	3	1	43	26
46	3	1	44	14
46	3	1	45	44
46	3	1	46	1
46	3	1	47	33
46	3	1	48	24
46	3	1	51	30
46	3	1	52	12
46	3	1	53	47
46	3	1	54	7
46	3	1	55	37
46	3	1	56	18
46	3	1	59	27
46	3	1	60	15
46	3	1	61	42
46	3	1	62	3
46	3	1	63	36
46	3	2	0	13
46	3	2	1	26
46	3	2	2	6
46	3	2	4	17
46	3	2	5	38
46	3	2	7	45
46	3	2	8	11
46	3	2	9	30
46	3	2	10	4
46	3	2	12	22
46	3	2	13	35
46	3	2	15	43
46	3	2	16	16
46	3	2	17	28
46	3	2	18	7
46	3	2	20	19
46	3	2	21	39
46	3	2	23	48
46	3	2	24	10
46	3	2	25	31
46	3	2	26	1
46	3	2	28	23
46	3	2	29	34
46	3	2	31	41
46	3	2	32	14
46	3	2	33	25
46	3	2	34	5
46	3	2	36	18
46	3	2	37	37
46	3	2	39	46
46	3	2	40	12
46	3	2	41	29
46	3	2	42	3
46	3	2	44	21
46	3	2	45	36
46	3	2	47	44
46	3	2	48	15
46	3	2	49	27
46	3	2	50	8
46	3	2	52	20
46	3	2	53	40
46	3	2	55	47
46	3	2	56	9
46	3	2	57	32
46	3	2	58	2
46	3	2	60	24
46	3	2	61	33
46	3	2	63	42
46	4	1	0	38
46	4	1	1	19
46	4	1	2	45
46	4	1	3	1
46	4	1	4	27
46	4	1	5	16
46	4	1	8	36
46	4	1	9	21
46	4	1	10	43
46	4	1	11	5
46	4	1	12	31
46	4	1	13	10
46	4	1	16	39
46	4	1	17	18
46	4	1	18	47
46	4	1	19	4
46	4	1	20	25
46	4	1	21	13
46	4	1	24	33
46	4	1	25	24
46	4	1	26	41
46	4	1	27	7
46	4	1	28	30
46	4	1	29	12
46	4	1	32	37
46	4	1	33	20
46	4	1	34	46
46	4	1	35	2
46	4	1	36	28
46	4	1	37	15
46	4	1	40	35
46	4	1	41	22
46	4	1	42	44
46	4	1	43	6
46	4	1	44	32
46	4	1	45	9
46	4	1	48	40
46	4	1	49	17
46	4	1	50	48
46	4	1	51	3
46	4	1	52	26
46	4	1	53	14
46	4	1	56	34
46	4	1	57	23
46	4	1	58	42
46	4	1	59	8
46	4	1	60	29
46	4	1	61	11
46	4	2	1	25
46	4	2	2	10
46	4	2	4	3
46	4	2	5	40
46	4	2	6	23
46	4	2	7	43
46	4	2	9	29
46	4	2	10	15
46	4	2	12	8
46	4	2	13	36
46	4	2	14	17
46	4	2	15	45
46	4	2	17	27
46	4	2	18	11
46	4	2	20	2
46	4	2	21	37
46	4	2	22	22
46	4	2	23	42
46	4	2	25	32
46	4	2	26	13
46	4	2	28	5
46	4	2	29	34
46	4	2	30	19
46	4	2	31	48
46	4	2	33	26
46	4	2	34	9
46	4	2	36	4
46	4	2	37	39
46	4	2	38	24
46	4	2	39	44
46	4	2	41	30
46	4	2	42	16
46	4	2	44	7
46	4	2	45	35
46	4	2	46	18
46	4	2	47	46
46	4	2	49	28
46	4	2	50	12
46	4	2	52	1
46	4	2	53	38
46	4	2	54	21
46	4	2	55	41
46	4	2	57	31
46	4	2	58	14
46	4	2	60	6
46	4	2	61	33
46	4	2	62	20
46	4	2	63	47
46	5	1	0	2
46	5	1	2	15
46	5	1	3	31
46	5	1	5	45
46	5	1	6	19
46	5	1	7	40
46	5	1	8	7
46	5	1	10	11
46	5	1	11	28
46	5	1	13	43
46	5	1	14	23
46	5	1	15	34
46	5	1	16	4
46	5	1	18	13
46	5	1	19	29
46	5	1	21	47
46	5	1	22	17
46	5	1	23	37
46	5	1	24	5
46	5	1	26	9
46	5	1	27	26
46	5	1	29	42
46	5	1	30	21
46	5	1	31	35
46	5	1	32	1
46	5	1	34	16
46	5	1	35	32
46	5	1	37	46
46	5	1	38	20
46	5	1	39	39
46	5	1	40	8
46	5	1	42	12
46	5	1	43	27
46	5	1	45	44
46	5	1	46	24
46	5	1	47	33
46	5	1	48	3
46	5	1	50	14
46	5	1	51	30
46	5	1	53	48
46	5	1	54	18
46	5	1	55	38
46	5	1	56	6
46	5	1	58	10
46	5	1	59	25
46	5	1	61	41
46	5	1	62	22
46	5	1	63	36
46	5	2	2	26
46	5	2	3	12
46	5	2	4	41
46	5	2	5	5
46	5	2	6	40
46	5	2	7	23
46	5	2	10	30
46	5	2	11	15
46	5	2	12	47
46	5	2	13	3
46	5	2	14	34
46	5	2	15	17
46	5	2	18	27
46	5	2	19	9
46	5	2	20	44
46	5	2	21	7
46	5	2	22	38
46	5	2	23	22
46	5	2	26	31
46	5	2	27	13
46	5	2	28	45
46	5	2	29	1
46	5	2	30	35
46	5	2	31	20
46	5	2	34	25
46	5	2	35	11
46	5	2	36	42
46	5	2	37	6
46	5	2	38	39
46	5	2	39	24
46	5	2	42	29
46	5	2	43	16
46	5	2	44	48
46	5	2	45	4
46	5	2	46	33
46	5	2	47	18
46	5	2	50	28
46	5	2	51	10
46	5	2	52	43
46	5	2	53	8
46	5	2	54	37
46	5	2	55	21
46	5	2	58	32
46	5	2	59	14
46	5	2	60	46
46	5	2	61	2
46	5	2	62	36
46	5	2	63	19
46	6	1	0	44
46	6	1	1	10
46	6	1	2	33
46	6	1	5	19
46	6	1	6	30
46	6	1	7	1
46	6	1	8	48
46	6	1	9	14
46	6	1	10	38
46	6	1	13	22
46	6	1	14	28
46	6	1	15	5
46	6	1	16	42
46	6	1	17	12
46	6	1	18	36
46	6	1	21	17
46	6	1	22	32
46	6	1	23	4
46	6	1	24	45
46	6	1	25	16
46	6	1	26	39
46	6	1	29	23
46	6	1	30	26
46	6	1	31	8
46	6	1	32	43
46	6	1	33	9
46	6	1	34	34
46	6	1	37	20
46	6	1	38	29
46	6	1	39	2
46	6	1	40	47
46	6	1	41	13
46	6	1	42	37
46	6	1	45	21
46	6	1	46	27
46	6	1	47	6
46	6	1	48	41
46	6	1	49	11
46	6	1	50	35
46	6	1	53	18
46	6	1	54	31
46	6	1	55	3
46	6	1	56	46
46	6	1	57	15
46	6	1	58	40
46	6	1	61	24
46	6	1	62	25
46	6	1	63	7
46	6	2	1	31
46	6	2	2	16
46	6	2	3	43
46	6	2	4	8
46	6	2	5	36
46	6	2	6	17
46	6	2	9	28
46	6	2	10	11
46	6	2	11	45
46	6	2	12	2
46	6	2	13	37
46	6	2	14	24
46	6	2	17	30
46	6	2	18	13
46	6	2	19	41
46	6	2	20	5
46	6	2	21	33
46	6	2	22	20
46	6	2	25	26
46	6	2	26	10
46	6	2	27	48
46	6	2	28	4
46	6	2	29	40
46	6	2	30	21
46	6	2	33	32
46	6	2	34	15
46	6	2	35	44
46	6	2	36	7
46	6	2	37	35
46	6	2	38	18
46	6	2	41	27
46	6	2	42	12
46	6	2	43	46
46	6	2	44	1
46	6	2	45	38
46	6	2	46	23
46	6	2	49	29
46	6	2	50	14
46	6	2	51	42
46	6	2	52	6
46	6	2	53	34
46	6	2	54	19
46	6	2	57	25
46	6	2	58	9
46	6	2	59	47
46	6	2	60	3
46	6	2	61	39
46	6	2	62	22
47	2	1	0	18
47	2	1	1	33
47	2	1	2	3
47	2	1	3	44
47	2	1	4	9
47	2	1	5	27
47	2	1	8	21
47	2	1	9	40
47	2	1	10	8
47	2	1	11	46
47	2	1	12	15
47	2	1	13	30
47	2	1	16	19
47	2	1	17	35
47	2	1	18	2
47	2	1	19	42
47	2	1	20	11
47	2	1	21	26
47	2	1	24	23
47	2	1	25	37
47	2	1	26	6
47	2	1	27	48
47	2	1	28	13
47	2	1	29	31
47	2	1	32	17
47	2	1	33	34
47	2	1	34	4
47	2	1	35	43
47	2	1	36	10
47	2	1	37	28
47	2	1	40	22
47	2	1	41	39
47	2	1	42	7
47	2	1	43	45
47	2	1	44	16
47	2	1	45	29
47	2	1	48	20
47	2	1	49	36
47	2	1	50	1
47	2	1	51	41
47	2	1	52	12
47	2	1	53	25
47	2	1	56	24
47	2	1	57	38
47	2	1	58	5
47	2	1	59	47
47	2	1	60	14
47	2	1	61	32
47	2	2	1	29
47	2	2	2	10
47	2	2	4	1
47	2	2	5	36
47	2	2	6	21
47	2	2	7	42
47	2	2	9	25
47	2	2	10	13
47	2	2	12	5
47	2	2	13	37
47	2	2	14	20
47	2	2	15	45
47	2	2	17	31
47	2	2	18	11
47	2	2	20	4
47	2	2	21	34
47	2	2	22	23
47	2	2	23	43
47	2	2	25	28
47	2	2	26	15
47	2	2	28	8
47	2	2	29	40
47	2	2	30	18
47	2	2	31	47
47	2	2	33	30
47	2	2	34	9
47	2	2	36	2
47	2	2	37	35
47	2	2	38	22
47	2	2	39	41
47	2	2	41	26
47	2	2	42	14
47	2	2	44	6
47	2	2	45	38
47	2	2	46	19
47	2	2	47	46
47	2	2	49	32
47	2	2	50	12
47	2	2	52	3
47	2	2	53	33
47	2	2	54	24
47	2	2	55	44
47	2	2	57	27
47	2	2	58	16
47	2	2	60	7
47	2	2	61	39
47	2	2	62	17
47	2	2	63	48
47	3	1	0	28
47	3	1	1	7
47	3	1	2	42
47	3	1	3	14
47	3	1	4	33
47	3	1	7	23
47	3	1	8	31
47	3	1	9	3
47	3	1	10	47
47	3	1	11	9
47	3	1	12	40
47	3	1	15	20
47	3	1	16	25
47	3	1	17	5
47	3	1	18	43
47	3	1	19	15
47	3	1	20	35
47	3	1	23	21
47	3	1	24	29
47	3	1	25	1
47	3	1	26	45
47	3	1	27	11
47	3	1	28	37
47	3	1	31	17
47	3	1	32	27
47	3	1	33	8
47	3	1	34	41
47	3	1	35	13
47	3	1	36	34
47	3	1	39	24
47	3	1	40	32
47	3	1	41	4
47	3	1	42	48
47	3	1	43	10
47	3	1	44	39
47	3	1	47	19
47	3	1	48	26
47	3	1	49	6
47	3	1	50	44
47	3	1	51	16
47	3	1	52	36
47	3	1	55	22
47	3	1	56	30
47	3	1	57	2
47	3	1	58	46
47	3	1	59	12
47	3	1	60	38
47	3	1	63	18
47	3	2	0	19
47	3	2	1	42
47	3	2	2	4
47	3	2	3	33
47	3	2	4	15
47	3	2	7	25
47	3	2	8	24
47	3	2	9	46
47	3	2	10	6
47	3	2	11	37
47	3	2	12	11
47	3	2	15	31
47	3	2	16	17
47	3	2	17	43
47	3	2	18	1
47	3	2	19	35
47	3	2	20	14
47	3	2	23	28
47	3	2	24	22
47	3	2	25	47
47	3	2	26	7
47	3	2	27	39
47	3	2	28	9
47	3	2	31	30
47	3	2	32	20
47	3	2	33	41
47	3	2	34	3
47	3	2	35	34
47	3	2	36	16
47	3	2	39	26
47	3	2	40	23
47	3	2	41	45
47	3	2	42	5
47	3	2	43	38
47	3	2	44	12
47	3	2	47	32
47	3	2	48	18
47	3	2	49	44
47	3	2	50	2
47	3	2	51	36
47	3	2	52	13
47	3	2	55	27
47	3	2	56	21
47	3	2	57	48
47	3	2	58	8
47	3	2	59	40
47	3	2	60	10
47	3	2	63	29
47	4	1	1	1
47	4	1	2	33
47	4	1	3	13
47	4	1	4	47
47	4	1	6	25
47	4	1	7	22
47	4	1	9	6
47	4	1	10	38
47	4	1	11	10
47	4	1	12	41
47	4	1	14	32
47	4	1	15	20
47	4	1	17	3
47	4	1	18	36
47	4	1	19	15
47	4	1	20	45
47	4	1	22	27
47	4	1	23	24
47	4	1	25	7
47	4	1	26	39
47	4	1	27	12
47	4	1	28	43
47	4	1	30	29
47	4	1	31	17
47	4	1	33	2
47	4	1	34	34
47	4	1	35	14
47	4	1	36	48
47	4	1	38	26
47	4	1	39	21
47	4	1	41	5
47	4	1	42	37
47	4	1	43	9
47	4	1	44	42
47	4	1	46	31
47	4	1	47	19
47	4	1	49	4
47	4	1	50	35
47	4	1	51	16
47	4	1	52	46
47	4	1	54	28
47	4	1	55	23
47	4	1	57	8
47	4	1	58	40
47	4	1	59	11
47	4	1	60	44
47	4	1	62	30
47	4	1	63	18
47	4	2	0	21
47	4	2	1	32
47	4	2	3	46
47	4	2	4	14
47	4	2	5	36
47	4	2	6	1
47	4	2	8	18
47	4	2	9	26
47	4	2	11	41
47	4	2	12	9
47	4	2	13	39
47	4	2	14	6
47	4	2	16	23
47	4	2	17	30
47	4	2	19	48
47	4	2	20	15
47	4	2	21	34
47	4	2	22	4
47	4	2	24	20
47	4	2	25	27
47	4	2	27	43
47	4	2	28	11
47	4	2	29	37
47	4	2	30	7
47	4	2	32	22
47	4	2	33	31
47	4	2	35	45
47	4	2	36	13
47	4	2	37	35
47	4	2	38	2
47	4	2	40	17
47	4	2	41	25
47	4	2	43	42
47	4	2	44	10
47	4	2	45	40
47	4	2	46	5
47	4	2	48	24
47	4	2	49	29
47	4	2	51	47
47	4	2	52	16
47	4	2	53	33
47	4	2	54	3
47	4	2	56	19
47	4	2	57	28
47	4	2	59	44
47	4	2	60	12
47	4	2	61	38
47	4	2	62	8
47	5	1	0	33
47	5	1	1	21
47	5	1	2	46
47	5	1	4	27
47	5	1	5	12
47	5	1	7	7
47	5	1	8	40
47	5	1	9	20
47	5	1	10	42
47	5	1	12	29
47	5	1	13	14
47	5	1	15	2
47	5	1	16	35
47	5	1	17	24
47	5	1	18	47
47	5	1	20	26
47	5	1	21	10
47	5	1	23	6
47	5	1	24	38
47	5	1	25	18
47	5	1	26	43
47	5	1	28	31
47	5	1	29	16
47	5	1	31	3
47	5	1	32	34
47	5	1	33	22
47	5	1	34	45
47	5	1	36	28
47	5	1	37	11
47	5	1	39	8
47	5	1	40	39
47	5	1	41	19
47	5	1	42	41
47	5	1	44	30
47	5	1	45	13
47	5	1	47	1
47	5	1	48	36
47	5	1	49	23
47	5	1	50	48
47	5	1	52	25
47	5	1	53	9
47	5	1	55	5
47	5	1	56	37
47	5	1	57	17
47	5	1	58	44
47	5	1	60	32
47	5	1	61	15
47	5	1	63	4
47	5	2	1	36
47	5	2	2	17
47	5	2	4	8
47	5	2	5	28
47	5	2	6	11
47	5	2	7	45
47	5	2	9	40
47	5	2	10	21
47	5	2	12	3
47	5	2	13	30
47	5	2	14	14
47	5	2	15	43
47	5	2	17	33
47	5	2	18	19
47	5	2	20	6
47	5	2	21	25
47	5	2	22	9
47	5	2	23	48
47	5	2	25	37
47	5	2	26	24
47	5	2	28	1
47	5	2	29	31
47	5	2	30	16
47	5	2	31	41
47	5	2	33	35
47	5	2	34	18
47	5	2	36	7
47	5	2	37	27
47	5	2	38	12
47	5	2	39	46
47	5	2	41	39
47	5	2	42	22
47	5	2	44	4
47	5	2	45	29
47	5	2	46	13
47	5	2	47	44
47	5	2	49	34
47	5	2	50	20
47	5	2	52	5
47	5	2	53	26
47	5	2	54	10
47	5	2	55	47
47	5	2	57	38
47	5	2	58	23
47	5	2	60	2
47	5	2	61	32
47	5	2	62	15
47	5	2	63	42
47	6	1	0	26
47	6	1	1	6
47	6	1	3	13
47	6	1	4	36
47	6	1	6	44
47	6	1	7	22
47	6	1	8	32
47	6	1	9	1
47	6	1	11	9
47	6	1	12	40
47	6	1	14	48
47	6	1	15	17
47	6	1	16	28
47	6	1	17	7
47	6	1	19	16
47	6	1	20	34
47	6	1	22	42
47	6	1	23	24
47	6	1	24	30
47	6	1	25	4
47	6	1	27	11
47	6	1	28	38
47	6	1	30	46
47	6	1	31	19
47	6	1	32	25
47	6	1	33	5
47	6	1	35	14
47	6	1	36	35
47	6	1	38	43
47	6	1	39	21
47	6	1	40	31
47	6	1	41	2
47	6	1	43	10
47	6	1	44	39
47	6	1	46	47
47	6	1	47	18
47	6	1	48	27
47	6	1	49	8
47	6	1	51	15
47	6	1	52	33
47	6	1	54	41
47	6	1	55	23
47	6	1	56	29
47	6	1	57	3
47	6	1	59	12
47	6	1	60	37
47	6	1	62	45
47	6	1	63	20
47	6	2	0	43
47	6	2	1	16
47	6	2	2	36
47	6	2	3	5
47	6	2	5	21
47	6	2	6	25
47	6	2	8	45
47	6	2	9	10
47	6	2	10	38
47	6	2	11	2
47	6	2	13	20
47	6	2	14	32
47	6	2	16	42
47	6	2	17	13
47	6	2	18	34
47	6	2	19	8
47	6	2	21	24
47	6	2	22	28
47	6	2	24	47
47	6	2	25	11
47	6	2	26	39
47	6	2	27	3
47	6	2	29	17
47	6	2	30	29
47	6	2	32	44
47	6	2	33	15
47	6	2	34	35
47	6	2	35	6
47	6	2	37	22
47	6	2	38	26
47	6	2	40	46
47	6	2	41	9
47	6	2	42	37
47	6	2	43	1
47	6	2	45	19
47	6	2	46	31
47	6	2	48	41
47	6	2	49	14
47	6	2	50	33
47	6	2	51	7
47	6	2	53	23
47	6	2	54	27
47	6	2	56	48
47	6	2	57	12
47	6	2	58	40
47	6	2	59	4
47	6	2	61	18
47	6	2	62	30
47	7	1	0	8
47	7	1	2	18
47	7	1	3	35
47	7	1	5	46
47	7	1	6	10
47	7	1	7	31
47	7	1	8	2
47	7	1	10	22
47	7	1	11	38
47	7	1	13	44
47	7	1	14	16
47	7	1	15	25
47	7	1	16	6
47	7	1	18	19
47	7	1	19	33
47	7	1	21	47
47	7	1	22	11
47	7	1	23	30
47	7	1	24	4
47	7	1	26	24
47	7	1	27	39
47	7	1	29	41
47	7	1	30	13
47	7	1	31	28
47	7	1	32	7
47	7	1	34	17
47	7	1	35	36
47	7	1	37	45
47	7	1	38	9
47	7	1	39	32
47	7	1	40	1
47	7	1	42	21
47	7	1	43	37
47	7	1	45	43
47	7	1	46	15
47	7	1	47	26
47	7	1	48	5
47	7	1	50	20
47	7	1	51	34
47	7	1	53	48
47	7	1	54	12
47	7	1	55	29
47	7	1	56	3
47	7	1	58	23
47	7	1	59	40
47	7	1	61	42
47	7	1	62	14
47	7	1	63	27
47	7	2	2	11
47	7	2	3	25
47	7	2	4	4
47	7	2	5	47
47	7	2	6	20
47	7	2	7	38
47	7	2	10	13
47	7	2	11	30
47	7	2	12	5
47	7	2	13	42
47	7	2	14	22
47	7	2	15	36
47	7	2	18	10
47	7	2	19	27
47	7	2	20	1
47	7	2	21	45
47	7	2	22	18
47	7	2	23	40
47	7	2	26	16
47	7	2	27	32
47	7	2	28	8
47	7	2	29	43
47	7	2	30	23
47	7	2	31	33
47	7	2	34	12
47	7	2	35	26
47	7	2	36	3
47	7	2	37	48
47	7	2	38	19
47	7	2	39	37
47	7	2	42	14
47	7	2	43	29
47	7	2	44	6
47	7	2	45	41
47	7	2	46	21
47	7	2	47	35
47	7	2	50	9
47	7	2	51	28
47	7	2	52	2
47	7	2	53	46
47	7	2	54	17
47	7	2	55	39
47	7	2	58	15
47	7	2	59	31
47	7	2	60	7
47	7	2	61	44
47	7	2	62	24
47	7	2	63	34
48	3	1	1	48
48	3	1	2	14
48	3	1	3	33
48	3	1	4	3
48	3	1	6	24
48	3	1	7	28
48	3	1	9	44
48	3	1	10	11
48	3	1	11	40
48	3	1	12	5
48	3	1	14	17
48	3	1	15	30
48	3	1	17	46
48	3	1	18	15
48	3	1	19	36
48	3	1	20	2
48	3	1	22	22
48	3	1	23	26
48	3	1	25	42
48	3	1	26	9
48	3	1	27	37
48	3	1	28	7
48	3	1	30	20
48	3	1	31	31
48	3	1	33	47
48	3	1	34	13
48	3	1	35	34
48	3	1	36	4
48	3	1	38	23
48	3	1	39	27
48	3	1	41	43
48	3	1	42	12
48	3	1	43	39
48	3	1	44	6
48	3	1	46	18
48	3	1	47	29
48	3	1	49	45
48	3	1	50	16
48	3	1	51	35
48	3	1	52	1
48	3	1	54	21
48	3	1	55	25
48	3	1	57	41
48	3	1	58	10
48	3	1	59	38
48	3	1	60	8
48	3	1	62	19
48	3	1	63	32
48	3	2	0	39
48	3	2	1	19
48	3	2	4	30
48	3	2	5	9
48	3	2	6	45
48	3	2	7	3
48	3	2	8	33
48	3	2	9	21
48	3	2	12	27
48	3	2	13	13
48	3	2	14	42
48	3	2	15	7
48	3	2	16	37
48	3	2	17	17
48	3	2	20	32
48	3	2	21	11
48	3	2	22	47
48	3	2	23	2
48	3	2	24	35
48	3	2	25	23
48	3	2	28	25
48	3	2	29	16
48	3	2	30	43
48	3	2	31	5
48	3	2	32	40
48	3	2	33	20
48	3	2	36	29
48	3	2	37	10
48	3	2	38	46
48	3	2	39	4
48	3	2	40	34
48	3	2	41	22
48	3	2	44	28
48	3	2	45	14
48	3	2	46	41
48	3	2	47	8
48	3	2	48	38
48	3	2	49	18
48	3	2	52	31
48	3	2	53	12
48	3	2	54	48
48	3	2	55	1
48	3	2	56	36
48	3	2	57	24
48	3	2	60	26
48	3	2	61	15
48	3	2	62	44
48	3	2	63	6
48	4	1	0	3
48	4	1	1	41
48	4	1	2	23
48	4	1	3	27
48	4	1	6	13
48	4	1	7	34
48	4	1	8	5
48	4	1	9	46
48	4	1	10	19
48	4	1	11	29
48	4	1	14	10
48	4	1	15	39
48	4	1	16	1
48	4	1	17	44
48	4	1	18	22
48	4	1	19	25
48	4	1	22	16
48	4	1	23	35
48	4	1	24	7
48	4	1	25	47
48	4	1	26	18
48	4	1	27	32
48	4	1	30	12
48	4	1	31	38
48	4	1	32	4
48	4	1	33	42
48	4	1	34	24
48	4	1	35	28
48	4	1	38	14
48	4	1	39	33
48	4	1	40	6
48	4	1	41	45
48	4	1	42	20
48	4	1	43	30
48	4	1	46	9
48	4	1	47	40
48	4	1	48	2
48	4	1	49	43
48	4	1	50	21
48	4	1	51	26
48	4	1	54	15
48	4	1	55	36
48	4	1	56	8
48	4	1	57	48
48	4	1	58	17
48	4	1	59	31
48	4	1	62	11
48	4	1	63	37
48	4	2	0	32
48	4	2	3	16
48	4	2	4	36
48	4	2	5	4
48	4	2	6	45
48	4	2	7	19
48	4	2	8	28
48	4	2	11	10
48	4	2	12	39
48	4	2	13	8
48	4	2	14	42
48	4	2	15	23
48	4	2	16	29
48	4	2	19	13
48	4	2	20	33
48	4	2	21	2
48	4	2	22	47
48	4	2	23	17
48	4	2	24	26
48	4	2	27	11
48	4	2	28	37
48	4	2	29	5
48	4	2	30	44
48	4	2	31	22
48	4	2	32	31
48	4	2	35	15
48	4	2	36	35
48	4	2	37	3
48	4	2	38	46
48	4	2	39	20
48	4	2	40	27
48	4	2	43	9
48	4	2	44	40
48	4	2	45	7
48	4	2	46	41
48	4	2	47	24
48	4	2	48	30
48	4	2	51	14
48	4	2	52	34
48	4	2	53	1
48	4	2	54	48
48	4	2	55	18
48	4	2	56	25
48	4	2	59	12
48	4	2	60	38
48	4	2	61	6
48	4	2	62	43
48	4	2	63	21
51	1	1	0	25
51	1	1	1	18
51	1	1	3	4
51	1	1	4	33
51	1	1	5	12
51	1	1	6	46
51	1	1	8	32
51	1	1	9	21
51	1	1	11	5
51	1	1	12	38
51	1	1	13	16
51	1	1	14	43
51	1	1	16	28
51	1	1	17	19
51	1	1	19	1
51	1	1	20	36
51	1	1	21	10
51	1	1	22	47
51	1	1	24	30
51	1	1	25	23
51	1	1	27	7
51	1	1	28	39
51	1	1	29	13
51	1	1	30	42
51	1	1	32	26
51	1	1	33	17
51	1	1	35	3
51	1	1	36	34
51	1	1	37	11
51	1	1	38	45
51	1	1	40	31
51	1	1	41	22
51	1	1	43	6
51	1	1	44	37
51	1	1	45	15
51	1	1	46	44
51	1	1	48	27
51	1	1	49	20
51	1	1	51	2
51	1	1	52	35
51	1	1	53	9
51	1	1	54	48
51	1	1	56	29
51	1	1	57	24
51	1	1	59	8
51	1	1	60	40
51	1	1	61	14
51	1	1	62	41
51	1	2	1	22
51	1	2	2	34
51	1	2	3	4
51	1	2	4	41
51	1	2	5	10
51	1	2	6	30
51	1	2	9	20
51	1	2	10	37
51	1	2	11	5
51	1	2	12	45
51	1	2	13	16
51	1	2	14	25
51	1	2	17	24
51	1	2	18	36
51	1	2	19	1
51	1	2	20	43
51	1	2	21	12
51	1	2	22	32
51	1	2	25	18
51	1	2	26	40
51	1	2	27	7
51	1	2	28	48
51	1	2	29	14
51	1	2	30	28
51	1	2	33	21
51	1	2	34	33
51	1	2	35	3
51	1	2	36	42
51	1	2	37	9
51	1	2	38	29
51	1	2	41	19
51	1	2	42	38
51	1	2	43	6
51	1	2	44	46
51	1	2	45	15
51	1	2	46	26
51	1	2	49	23
51	1	2	50	35
51	1	2	51	2
51	1	2	52	44
51	1	2	53	11
51	1	2	54	31
51	1	2	57	17
51	1	2	58	39
51	1	2	59	8
51	1	2	60	47
51	1	2	61	13
51	1	2	62	27
52	4	1	2	18
52	4	1	3	36
52	4	1	4	1
52	4	1	5	45
52	4	1	6	13
52	4	1	7	25
52	4	1	10	22
52	4	1	11	39
52	4	1	12	7
52	4	1	13	41
52	4	1	14	11
52	4	1	15	32
52	4	1	18	20
52	4	1	19	33
52	4	1	20	4
52	4	1	21	47
52	4	1	22	16
52	4	1	23	27
52	4	1	26	24
52	4	1	27	37
52	4	1	28	6
52	4	1	29	44
52	4	1	30	9
52	4	1	31	30
52	4	1	34	17
52	4	1	35	35
52	4	1	36	2
52	4	1	37	46
52	4	1	38	14
52	4	1	39	26
52	4	1	42	21
52	4	1	43	40
52	4	1	44	8
52	4	1	45	42
52	4	1	46	12
52	4	1	47	31
52	4	1	50	19
52	4	1	51	34
52	4	1	52	3
52	4	1	53	48
52	4	1	54	15
52	4	1	55	28
52	4	1	58	23
52	4	1	59	38
52	4	1	60	5
52	4	1	61	43
52	4	1	62	10
52	4	1	63	29
52	4	2	0	23
52	4	2	1	29
52	4	2	4	14
52	4	2	5	39
52	4	2	6	3
52	4	2	7	47
52	4	2	8	17
52	4	2	9	26
52	4	2	12	10
52	4	2	13	36
52	4	2	14	7
52	4	2	15	44
52	4	2	16	21
52	4	2	17	32
52	4	2	20	16
52	4	2	21	38
52	4	2	22	2
52	4	2	23	46
52	4	2	24	20
52	4	2	25	28
52	4	2	28	12
52	4	2	29	34
52	4	2	30	5
52	4	2	31	41
52	4	2	32	24
52	4	2	33	30
52	4	2	36	13
52	4	2	37	40
52	4	2	38	4
52	4	2	39	48
52	4	2	40	18
52	4	2	41	25
52	4	2	44	9
52	4	2	45	35
52	4	2	46	8
52	4	2	47	43
52	4	2	48	22
52	4	2	49	31
52	4	2	52	15
52	4	2	53	37
52	4	2	54	1
52	4	2	55	45
52	4	2	56	19
52	4	2	57	27
52	4	2	60	11
52	4	2	61	33
52	4	2	62	6
52	4	2	63	42
52	7	1	0	21
52	7	1	1	48
52	7	1	3	33
52	7	1	4	16
52	7	1	6	4
52	7	1	7	30
52	7	1	8	20
52	7	1	9	44
52	7	1	11	40
52	7	1	12	10
52	7	1	14	5
52	7	1	15	26
52	7	1	16	24
52	7	1	17	46
52	7	1	19	36
52	7	1	20	13
52	7	1	22	2
52	7	1	23	31
52	7	1	24	17
52	7	1	25	42
52	7	1	27	38
52	7	1	28	11
52	7	1	30	8
52	7	1	31	28
52	7	1	32	22
52	7	1	33	47
52	7	1	35	34
52	7	1	36	15
52	7	1	38	3
52	7	1	39	29
52	7	1	40	19
52	7	1	41	43
52	7	1	43	39
52	7	1	44	9
52	7	1	46	6
52	7	1	47	25
52	7	1	48	23
52	7	1	49	45
52	7	1	51	35
52	7	1	52	14
52	7	1	54	1
52	7	1	55	32
52	7	1	56	18
52	7	1	57	41
52	7	1	59	37
52	7	1	60	12
52	7	1	62	7
52	7	1	63	27
52	7	2	0	4
52	7	2	1	40
52	7	2	2	22
52	7	2	5	30
52	7	2	6	16
52	7	2	7	44
52	7	2	8	5
52	7	2	9	35
52	7	2	10	17
52	7	2	13	26
52	7	2	14	10
52	7	2	15	48
52	7	2	16	1
52	7	2	17	38
52	7	2	18	24
52	7	2	21	31
52	7	2	22	14
52	7	2	23	41
52	7	2	24	7
52	7	2	25	34
52	7	2	26	19
52	7	2	29	27
52	7	2	30	12
52	7	2	31	46
52	7	2	32	3
52	7	2	33	39
52	7	2	34	21
52	7	2	37	29
52	7	2	38	15
52	7	2	39	43
52	7	2	40	6
52	7	2	41	36
52	7	2	42	18
52	7	2	45	25
52	7	2	46	9
52	7	2	47	47
52	7	2	48	2
52	7	2	49	37
52	7	2	50	23
52	7	2	53	32
52	7	2	54	13
52	7	2	55	42
52	7	2	56	8
52	7	2	57	33
52	7	2	58	20
52	7	2	61	28
52	7	2	62	11
52	7	2	63	45
53	1	1	0	48
53	1	1	1	8
53	1	1	2	35
53	1	1	3	16
53	1	1	6	26
53	1	1	7	22
53	1	1	8	43
53	1	1	9	3
53	1	1	10	37
53	1	1	11	9
53	1	1	14	29
53	1	1	15	17
53	1	1	16	46
53	1	1	17	5
53	1	1	18	33
53	1	1	19	13
53	1	1	22	28
53	1	1	23	23
53	1	1	24	42
53	1	1	25	1
53	1	1	26	40
53	1	1	27	11
53	1	1	30	31
53	1	1	31	20
53	1	1	32	47
53	1	1	33	7
53	1	1	34	36
53	1	1	35	15
53	1	1	38	25
53	1	1	39	21
53	1	1	40	44
53	1	1	41	4
53	1	1	42	38
53	1	1	43	10
53	1	1	46	30
53	1	1	47	18
53	1	1	48	45
53	1	1	49	6
53	1	1	50	34
53	1	1	51	14
53	1	1	54	27
53	1	1	55	24
53	1	1	56	41
53	1	1	57	2
53	1	1	58	39
53	1	1	59	12
53	1	1	62	32
53	1	1	63	19
53	1	2	1	27
53	1	2	2	14
53	1	2	4	4
53	1	2	5	39
53	1	2	6	22
53	1	2	7	45
53	1	2	9	32
53	1	2	10	11
53	1	2	12	7
53	1	2	13	36
53	1	2	14	17
53	1	2	15	41
53	1	2	17	25
53	1	2	18	15
53	1	2	20	1
53	1	2	21	37
53	1	2	22	24
53	1	2	23	47
53	1	2	25	29
53	1	2	26	10
53	1	2	28	6
53	1	2	29	34
53	1	2	30	20
53	1	2	31	44
53	1	2	33	28
53	1	2	34	13
53	1	2	36	3
53	1	2	37	40
53	1	2	38	21
53	1	2	39	46
53	1	2	41	31
53	1	2	42	12
53	1	2	44	8
53	1	2	45	35
53	1	2	46	18
53	1	2	47	42
53	1	2	49	26
53	1	2	50	16
53	1	2	52	2
53	1	2	53	38
53	1	2	54	23
53	1	2	55	48
53	1	2	57	30
53	1	2	58	9
53	1	2	60	5
53	1	2	61	33
53	1	2	62	19
53	1	2	63	43
55	2	1	0	20
55	2	1	1	25
55	2	1	4	13
55	2	1	5	38
55	2	1	6	3
55	2	1	7	45
55	2	1	8	21
55	2	1	9	29
55	2	1	12	10
55	2	1	13	36
55	2	1	14	5
55	2	1	15	42
55	2	1	16	17
55	2	1	17	28
55	2	1	20	16
55	2	1	21	40
55	2	1	22	2
55	2	1	23	47
55	2	1	24	24
55	2	1	25	31
55	2	1	28	12
55	2	1	29	34
55	2	1	30	8
55	2	1	31	44
55	2	1	32	19
55	2	1	33	26
55	2	1	36	14
55	2	1	37	37
55	2	1	38	4
55	2	1	39	46
55	2	1	40	22
55	2	1	41	30
55	2	1	44	9
55	2	1	45	35
55	2	1	46	6
55	2	1	47	41
55	2	1	48	18
55	2	1	49	27
55	2	1	52	15
55	2	1	53	39
55	2	1	54	1
55	2	1	55	48
55	2	1	56	23
55	2	1	57	32
55	2	1	60	11
55	2	1	61	33
55	2	1	62	7
55	2	1	63	43
55	2	2	0	40
55	2	2	3	15
55	2	2	4	27
55	2	2	5	5
55	2	2	6	41
55	2	2	7	24
55	2	2	8	35
55	2	2	11	11
55	2	2	12	29
55	2	2	13	1
55	2	2	14	45
55	2	2	15	17
55	2	2	16	37
55	2	2	19	14
55	2	2	20	25
55	2	2	21	8
55	2	2	22	43
55	2	2	23	22
55	2	2	24	33
55	2	2	27	9
55	2	2	28	32
55	2	2	29	3
55	2	2	30	48
55	2	2	31	20
55	2	2	32	39
55	2	2	35	16
55	2	2	36	28
55	2	2	37	6
55	2	2	38	42
55	2	2	39	23
55	2	2	40	36
55	2	2	43	12
55	2	2	44	30
55	2	2	45	2
55	2	2	46	46
55	2	2	47	18
55	2	2	48	38
55	2	2	51	13
55	2	2	52	26
55	2	2	53	7
55	2	2	54	44
55	2	2	55	21
55	2	2	56	34
55	2	2	59	10
55	2	2	60	31
55	2	2	61	4
55	2	2	62	47
55	2	2	63	19
55	3	1	0	6
55	3	1	1	33
55	3	1	2	22
55	3	1	3	41
55	3	1	5	27
55	3	1	6	10
55	3	1	8	4
55	3	1	9	40
55	3	1	10	20
55	3	1	11	45
55	3	1	13	30
55	3	1	14	14
55	3	1	16	7
55	3	1	17	36
55	3	1	18	24
55	3	1	19	43
55	3	1	21	26
55	3	1	22	12
55	3	1	24	2
55	3	1	25	38
55	3	1	26	18
55	3	1	27	47
55	3	1	29	32
55	3	1	30	16
55	3	1	32	5
55	3	1	33	34
55	3	1	34	21
55	3	1	35	42
55	3	1	37	28
55	3	1	38	9
55	3	1	40	3
55	3	1	41	39
55	3	1	42	19
55	3	1	43	46
55	3	1	45	29
55	3	1	46	13
55	3	1	48	8
55	3	1	49	35
55	3	1	50	23
55	3	1	51	44
55	3	1	53	25
55	3	1	54	11
55	3	1	56	1
55	3	1	57	37
55	3	1	58	17
55	3	1	59	48
55	3	1	61	31
55	3	1	62	15
55	3	2	1	48
55	3	2	2	11
55	3	2	3	28
55	3	2	4	3
55	3	2	6	23
55	3	2	7	39
55	3	2	9	44
55	3	2	10	16
55	3	2	11	32
55	3	2	12	5
55	3	2	14	20
55	3	2	15	36
55	3	2	17	46
55	3	2	18	10
55	3	2	19	25
55	3	2	20	1
55	3	2	22	22
55	3	2	23	38
55	3	2	25	41
55	3	2	26	14
55	3	2	27	29
55	3	2	28	8
55	3	2	30	17
55	3	2	31	34
55	3	2	33	47
55	3	2	34	12
55	3	2	35	27
55	3	2	36	4
55	3	2	38	24
55	3	2	39	40
55	3	2	41	43
55	3	2	42	15
55	3	2	43	31
55	3	2	44	6
55	3	2	46	19
55	3	2	47	35
55	3	2	49	45
55	3	2	50	9
55	3	2	51	26
55	3	2	52	2
55	3	2	54	21
55	3	2	55	37
55	3	2	57	42
55	3	2	58	13
55	3	2	59	30
55	3	2	60	7
55	3	2	62	18
55	3	2	63	33
55	4	1	0	18
55	4	1	2	1
55	4	1	3	25
55	4	1	4	12
55	4	1	5	48
55	4	1	7	40
55	4	1	8	23
55	4	1	10	5
55	4	1	11	32
55	4	1	12	16
55	4	1	13	41
55	4	1	15	35
55	4	1	16	20
55	4	1	18	3
55	4	1	19	27
55	4	1	20	9
55	4	1	21	46
55	4	1	23	37
55	4	1	24	21
55	4	1	26	8
55	4	1	27	29
55	4	1	28	14
55	4	1	29	43
55	4	1	31	34
55	4	1	32	17
55	4	1	34	2
55	4	1	35	26
55	4	1	36	11
55	4	1	37	47
55	4	1	39	39
55	4	1	40	24
55	4	1	42	6
55	4	1	43	31
55	4	1	44	15
55	4	1	45	42
55	4	1	47	36
55	4	1	48	19
55	4	1	50	4
55	4	1	51	28
55	4	1	52	10
55	4	1	53	45
55	4	1	55	38
55	4	1	56	22
55	4	1	58	7
55	4	1	59	30
55	4	1	60	13
55	4	1	61	44
55	4	1	63	33
55	4	2	1	19
55	4	2	2	25
55	4	2	4	46
55	4	2	5	11
55	4	2	6	33
55	4	2	7	3
55	4	2	9	21
55	4	2	10	31
55	4	2	12	44
55	4	2	13	13
55	4	2	14	40
55	4	2	15	6
55	4	2	17	17
55	4	2	18	27
55	4	2	20	47
55	4	2	21	10
55	4	2	22	35
55	4	2	23	2
55	4	2	25	24
55	4	2	26	29
55	4	2	28	41
55	4	2	29	16
55	4	2	30	37
55	4	2	31	8
55	4	2	33	20
55	4	2	34	26
55	4	2	36	45
55	4	2	37	12
55	4	2	38	34
55	4	2	39	4
55	4	2	41	22
55	4	2	42	32
55	4	2	44	43
55	4	2	45	14
55	4	2	46	39
55	4	2	47	5
55	4	2	49	18
55	4	2	50	28
55	4	2	52	48
55	4	2	53	9
55	4	2	54	36
55	4	2	55	1
55	4	2	57	23
55	4	2	58	30
55	4	2	60	42
55	4	2	61	15
55	4	2	62	38
55	4	2	63	7
55	6	1	1	28
55	6	1	2	21
55	6	1	3	41
55	6	1	4	2
55	6	1	5	38
55	6	1	6	14
55	6	1	9	29
55	6	1	10	20
55	6	1	11	48
55	6	1	12	6
55	6	1	13	36
55	6	1	14	9
55	6	1	17	25
55	6	1	18	24
55	6	1	19	44
55	6	1	20	3
55	6	1	21	39
55	6	1	22	15
55	6	1	25	31
55	6	1	26	18
55	6	1	27	45
55	6	1	28	7
55	6	1	29	33
55	6	1	30	11
55	6	1	33	27
55	6	1	34	22
55	6	1	35	42
55	6	1	36	1
55	6	1	37	37
55	6	1	38	13
55	6	1	41	30
55	6	1	42	19
55	6	1	43	47
55	6	1	44	5
55	6	1	45	35
55	6	1	46	10
55	6	1	49	26
55	6	1	50	23
55	6	1	51	43
55	6	1	52	4
55	6	1	53	40
55	6	1	54	16
55	6	1	57	32
55	6	1	58	17
55	6	1	59	46
55	6	1	60	8
55	6	1	61	34
55	6	1	62	12
55	6	2	0	24
55	6	2	1	38
55	6	2	2	6
55	6	2	3	44
55	6	2	4	11
55	6	2	5	31
55	6	2	8	19
55	6	2	9	35
55	6	2	10	2
55	6	2	11	45
55	6	2	12	13
55	6	2	13	28
55	6	2	16	22
55	6	2	17	39
55	6	2	18	8
55	6	2	19	42
55	6	2	20	10
55	6	2	21	30
55	6	2	24	17
55	6	2	25	34
55	6	2	26	3
55	6	2	27	47
55	6	2	28	15
55	6	2	29	26
55	6	2	32	23
55	6	2	33	37
55	6	2	34	5
55	6	2	35	43
55	6	2	36	12
55	6	2	37	32
55	6	2	40	20
55	6	2	41	36
55	6	2	42	1
55	6	2	43	46
55	6	2	44	14
55	6	2	45	27
55	6	2	48	21
55	6	2	49	40
55	6	2	50	7
55	6	2	51	41
55	6	2	52	9
55	6	2	53	29
55	6	2	56	18
55	6	2	57	33
55	6	2	58	4
55	6	2	59	48
55	6	2	60	16
55	6	2	61	25
55	7	1	1	22
55	7	1	2	25
55	7	1	3	2
55	7	1	4	41
55	7	1	5	11
55	7	1	6	33
55	7	1	9	20
55	7	1	10	29
55	7	1	11	7
55	7	1	12	46
55	7	1	13	15
55	7	1	14	37
55	7	1	17	24
55	7	1	18	27
55	7	1	19	4
55	7	1	20	44
55	7	1	21	9
55	7	1	22	36
55	7	1	25	17
55	7	1	26	31
55	7	1	27	5
55	7	1	28	47
55	7	1	29	14
55	7	1	30	40
55	7	1	33	21
55	7	1	34	26
55	7	1	35	1
55	7	1	36	42
55	7	1	37	12
55	7	1	38	34
55	7	1	41	19
55	7	1	42	30
55	7	1	43	8
55	7	1	44	45
55	7	1	45	16
55	7	1	46	38
55	7	1	49	23
55	7	1	50	28
55	7	1	51	3
55	7	1	52	43
55	7	1	53	10
55	7	1	54	35
55	7	1	57	18
55	7	1	58	32
55	7	1	59	6
55	7	1	60	48
55	7	1	61	13
55	7	1	62	39
55	7	2	0	10
55	7	2	2	8
55	7	2	3	38
55	7	2	4	22
55	7	2	5	47
55	7	2	7	32
55	7	2	8	14
55	7	2	10	2
55	7	2	11	34
55	7	2	12	18
55	7	2	13	41
55	7	2	15	26
55	7	2	16	11
55	7	2	18	6
55	7	2	19	40
55	7	2	20	23
55	7	2	21	45
55	7	2	23	30
55	7	2	24	15
55	7	2	26	4
55	7	2	27	36
55	7	2	28	19
55	7	2	29	44
55	7	2	31	27
55	7	2	32	9
55	7	2	34	7
55	7	2	35	37
55	7	2	36	21
55	7	2	37	48
55	7	2	39	31
55	7	2	40	13
55	7	2	42	1
55	7	2	43	33
55	7	2	44	17
55	7	2	45	42
55	7	2	47	25
55	7	2	48	12
55	7	2	50	5
55	7	2	51	39
55	7	2	52	24
55	7	2	53	46
55	7	2	55	29
55	7	2	56	16
55	7	2	58	3
55	7	2	59	35
55	7	2	60	20
55	7	2	61	43
55	7	2	63	28
56	2	1	0	38
56	2	1	1	18
56	2	1	3	2
56	2	1	4	29
56	2	1	5	13
56	2	1	6	46
56	2	1	8	33
56	2	1	9	24
56	2	1	11	8
56	2	1	12	26
56	2	1	13	9
56	2	1	14	41
56	2	1	16	39
56	2	1	17	19
56	2	1	19	4
56	2	1	20	31
56	2	1	21	16
56	2	1	22	48
56	2	1	24	36
56	2	1	25	21
56	2	1	27	6
56	2	1	28	27
56	2	1	29	11
56	2	1	30	43
56	2	1	32	37
56	2	1	33	17
56	2	1	35	1
56	2	1	36	30
56	2	1	37	14
56	2	1	38	45
56	2	1	40	34
56	2	1	41	23
56	2	1	43	7
56	2	1	44	25
56	2	1	45	10
56	2	1	46	42
56	2	1	48	40
56	2	1	49	20
56	2	1	51	3
56	2	1	52	32
56	2	1	53	15
56	2	1	54	47
56	2	1	56	35
56	2	1	57	22
56	2	1	59	5
56	2	1	60	28
56	2	1	61	12
56	2	1	62	44
56	2	2	0	4
56	2	2	2	19
56	2	2	3	40
56	2	2	5	41
56	2	2	6	11
56	2	2	7	29
56	2	2	8	5
56	2	2	10	22
56	2	2	11	34
56	2	2	13	45
56	2	2	14	16
56	2	2	15	27
56	2	2	16	1
56	2	2	18	18
56	2	2	19	37
56	2	2	21	44
56	2	2	22	9
56	2	2	23	31
56	2	2	24	8
56	2	2	26	24
56	2	2	27	35
56	2	2	29	47
56	2	2	30	14
56	2	2	31	26
56	2	2	32	3
56	2	2	34	20
56	2	2	35	39
56	2	2	37	42
56	2	2	38	12
56	2	2	39	30
56	2	2	40	6
56	2	2	42	21
56	2	2	43	33
56	2	2	45	46
56	2	2	46	15
56	2	2	47	28
56	2	2	48	2
56	2	2	50	17
56	2	2	51	38
56	2	2	53	43
56	2	2	54	10
56	2	2	55	32
56	2	2	56	7
56	2	2	58	23
56	2	2	59	36
56	2	2	61	48
56	2	2	62	13
56	2	2	63	25
56	3	1	1	5
56	3	1	2	37
56	3	1	3	24
56	3	1	4	43
56	3	1	6	29
56	3	1	7	10
56	3	1	9	1
56	3	1	10	36
56	3	1	11	17
56	3	1	12	46
56	3	1	14	27
56	3	1	15	16
56	3	1	17	8
56	3	1	18	40
56	3	1	19	21
56	3	1	20	42
56	3	1	22	32
56	3	1	23	11
56	3	1	25	4
56	3	1	26	34
56	3	1	27	20
56	3	1	28	48
56	3	1	30	25
56	3	1	31	13
56	3	1	33	6
56	3	1	34	38
56	3	1	35	23
56	3	1	36	44
56	3	1	38	30
56	3	1	39	9
56	3	1	41	2
56	3	1	42	35
56	3	1	43	18
56	3	1	44	45
56	3	1	46	28
56	3	1	47	15
56	3	1	49	7
56	3	1	50	39
56	3	1	51	22
56	3	1	52	41
56	3	1	54	31
56	3	1	55	12
56	3	1	57	3
56	3	1	58	33
56	3	1	59	19
56	3	1	60	47
56	3	1	62	26
56	3	1	63	14
56	3	2	0	35
56	3	2	1	10
56	3	2	3	1
56	3	2	4	32
56	3	2	5	18
56	3	2	6	42
56	3	2	8	37
56	3	2	9	13
56	3	2	11	5
56	3	2	12	25
56	3	2	13	21
56	3	2	14	48
56	3	2	16	34
56	3	2	17	12
56	3	2	19	3
56	3	2	20	29
56	3	2	21	20
56	3	2	22	43
56	3	2	24	39
56	3	2	25	16
56	3	2	27	8
56	3	2	28	27
56	3	2	29	24
56	3	2	30	46
56	3	2	32	36
56	3	2	33	9
56	3	2	35	2
56	3	2	36	31
56	3	2	37	17
56	3	2	38	41
56	3	2	40	38
56	3	2	41	14
56	3	2	43	6
56	3	2	44	26
56	3	2	45	22
56	3	2	46	47
56	3	2	48	33
56	3	2	49	11
56	3	2	51	4
56	3	2	52	30
56	3	2	53	19
56	3	2	54	44
56	3	2	56	40
56	3	2	57	15
56	3	2	59	7
56	3	2	60	28
56	3	2	61	23
56	3	2	62	45
56	4	1	0	16
56	4	1	1	36
56	4	1	3	44
56	4	1	4	23
56	4	1	5	32
56	4	1	6	5
56	4	1	8	9
56	4	1	9	39
56	4	1	11	48
56	4	1	12	19
56	4	1	13	25
56	4	1	14	1
56	4	1	16	13
56	4	1	17	33
56	4	1	19	41
56	4	1	20	22
56	4	1	21	30
56	4	1	22	7
56	4	1	24	11
56	4	1	25	37
56	4	1	27	46
56	4	1	28	17
56	4	1	29	27
56	4	1	30	3
56	4	1	32	15
56	4	1	33	35
56	4	1	35	43
56	4	1	36	24
56	4	1	37	31
56	4	1	38	6
56	4	1	40	10
56	4	1	41	40
56	4	1	43	47
56	4	1	44	20
56	4	1	45	26
56	4	1	46	2
56	4	1	48	14
56	4	1	49	34
56	4	1	51	42
56	4	1	52	21
56	4	1	53	29
56	4	1	54	8
56	4	1	56	12
56	4	1	57	38
56	4	1	59	45
56	4	1	60	18
56	4	1	61	28
56	4	1	62	4
56	4	2	0	5
56	4	2	1	40
56	4	2	2	23
56	4	2	3	47
56	4	2	5	30
56	4	2	6	15
56	4	2	8	1
56	4	2	9	34
56	4	2	10	20
56	4	2	11	41
56	4	2	13	27
56	4	2	14	9
56	4	2	16	7
56	4	2	17	38
56	4	2	18	21
56	4	2	19	45
56	4	2	21	31
56	4	2	22	13
56	4	2	24	3
56	4	2	25	36
56	4	2	26	17
56	4	2	27	43
56	4	2	29	26
56	4	2	30	11
56	4	2	32	6
56	4	2	33	39
56	4	2	34	24
56	4	2	35	48
56	4	2	37	29
56	4	2	38	16
56	4	2	40	2
56	4	2	41	33
56	4	2	42	19
56	4	2	43	42
56	4	2	45	28
56	4	2	46	10
56	4	2	48	8
56	4	2	49	37
56	4	2	50	22
56	4	2	51	46
56	4	2	53	32
56	4	2	54	14
56	4	2	56	4
56	4	2	57	35
56	4	2	58	18
56	4	2	59	44
56	4	2	61	25
56	4	2	62	12
56	5	1	0	27
56	5	1	1	24
56	5	1	3	8
56	5	1	4	33
56	5	1	5	12
56	5	1	6	43
56	5	1	8	29
56	5	1	9	17
56	5	1	11	4
56	5	1	12	38
56	5	1	13	14
56	5	1	14	48
56	5	1	16	25
56	5	1	17	22
56	5	1	19	6
56	5	1	20	36
56	5	1	21	9
56	5	1	22	41
56	5	1	24	31
56	5	1	25	20
56	5	1	27	2
56	5	1	28	39
56	5	1	29	15
56	5	1	30	46
56	5	1	32	28
56	5	1	33	23
56	5	1	35	7
56	5	1	36	34
56	5	1	37	11
56	5	1	38	44
56	5	1	40	30
56	5	1	41	18
56	5	1	43	3
56	5	1	44	37
56	5	1	45	13
56	5	1	46	47
56	5	1	48	26
56	5	1	49	21
56	5	1	51	5
56	5	1	52	35
56	5	1	53	10
56	5	1	54	42
56	5	1	56	32
56	5	1	57	19
56	5	1	59	1
56	5	1	60	40
56	5	1	61	16
56	5	1	62	45
56	5	2	0	18
56	5	2	1	35
56	5	2	3	48
56	5	2	4	11
56	5	2	5	30
56	5	2	6	8
56	5	2	8	21
56	5	2	9	39
56	5	2	11	43
56	5	2	12	13
56	5	2	13	28
56	5	2	14	4
56	5	2	16	20
56	5	2	17	34
56	5	2	19	46
56	5	2	20	9
56	5	2	21	31
56	5	2	22	6
56	5	2	24	24
56	5	2	25	37
56	5	2	27	41
56	5	2	28	16
56	5	2	29	26
56	5	2	30	2
56	5	2	32	17
56	5	2	33	36
56	5	2	35	47
56	5	2	36	12
56	5	2	37	29
56	5	2	38	7
56	5	2	40	22
56	5	2	41	40
56	5	2	43	44
56	5	2	44	14
56	5	2	45	27
56	5	2	46	3
56	5	2	48	19
56	5	2	49	33
56	5	2	51	45
56	5	2	52	10
56	5	2	53	32
56	5	2	54	5
56	5	2	56	23
56	5	2	57	38
56	5	2	59	42
56	5	2	60	15
56	5	2	61	25
56	5	2	62	1
56	6	1	0	27
56	6	1	1	4
56	6	1	2	45
56	6	1	3	23
56	6	1	4	40
56	6	1	7	16
56	6	1	8	29
56	6	1	9	8
56	6	1	10	44
56	6	1	11	18
56	6	1	12	36
56	6	1	15	10
56	6	1	16	25
56	6	1	17	1
56	6	1	18	47
56	6	1	19	22
56	6	1	20	37
56	6	1	23	13
56	6	1	24	31
56	6	1	25	5
56	6	1	26	41
56	6	1	27	20
56	6	1	28	33
56	6	1	31	11
56	6	1	32	28
56	6	1	33	3
56	6	1	34	46
56	6	1	35	24
56	6	1	36	39
56	6	1	39	15
56	6	1	40	30
56	6	1	41	7
56	6	1	42	43
56	6	1	43	17
56	6	1	44	35
56	6	1	47	9
56	6	1	48	26
56	6	1	49	2
56	6	1	50	48
56	6	1	51	21
56	6	1	52	38
56	6	1	55	14
56	6	1	56	32
56	6	1	57	6
56	6	1	58	42
56	6	1	59	19
56	6	1	60	34
56	6	1	63	12
56	6	2	0	22
56	6	2	1	31
56	6	2	3	41
56	6	2	4	9
56	6	2	5	33
56	6	2	6	2
56	6	2	8	17
56	6	2	9	27
56	6	2	11	46
56	6	2	12	14
56	6	2	13	40
56	6	2	14	8
56	6	2	16	24
56	6	2	17	30
56	6	2	19	43
56	6	2	20	11
56	6	2	21	35
56	6	2	22	4
56	6	2	24	19
56	6	2	25	26
56	6	2	27	48
56	6	2	28	15
56	6	2	29	38
56	6	2	30	5
56	6	2	32	21
56	6	2	33	32
56	6	2	35	42
56	6	2	36	10
56	6	2	37	34
56	6	2	38	1
56	6	2	40	18
56	6	2	41	28
56	6	2	43	45
56	6	2	44	13
56	6	2	45	39
56	6	2	46	7
56	6	2	48	23
56	6	2	49	29
56	6	2	51	44
56	6	2	52	12
56	6	2	53	36
56	6	2	54	3
56	6	2	56	20
56	6	2	57	25
56	6	2	59	47
56	6	2	60	16
56	6	2	61	37
56	6	2	62	6
57	2	1	2	14
57	2	1	3	32
57	2	1	4	1
57	2	1	5	44
57	2	1	6	24
57	2	1	7	39
57	2	1	10	12
57	2	1	11	28
57	2	1	12	6
57	2	1	13	47
57	2	1	14	17
57	2	1	15	34
57	2	1	18	15
57	2	1	19	30
57	2	1	20	3
57	2	1	21	42
57	2	1	22	22
57	2	1	23	38
57	2	1	26	10
57	2	1	27	25
57	2	1	28	8
57	2	1	29	46
57	2	1	30	20
57	2	1	31	36
57	2	1	34	13
57	2	1	35	31
57	2	1	36	2
57	2	1	37	43
57	2	1	38	23
57	2	1	39	40
57	2	1	42	11
57	2	1	43	27
57	2	1	44	5
57	2	1	45	48
57	2	1	46	18
57	2	1	47	33
57	2	1	50	16
57	2	1	51	29
57	2	1	52	4
57	2	1	53	41
57	2	1	54	21
57	2	1	55	37
57	2	1	58	9
57	2	1	59	26
57	2	1	60	7
57	2	1	61	45
57	2	1	62	19
57	2	1	63	35
57	2	2	0	21
57	2	2	2	5
57	2	2	3	30
57	2	2	4	14
57	2	2	5	45
57	2	2	7	33
57	2	2	8	19
57	2	2	10	2
57	2	2	11	26
57	2	2	12	10
57	2	2	13	41
57	2	2	15	38
57	2	2	16	23
57	2	2	18	8
57	2	2	19	31
57	2	2	20	15
57	2	2	21	48
57	2	2	23	35
57	2	2	24	17
57	2	2	26	4
57	2	2	27	28
57	2	2	28	11
57	2	2	29	44
57	2	2	31	39
57	2	2	32	22
57	2	2	34	6
57	2	2	35	29
57	2	2	36	13
57	2	2	37	46
57	2	2	39	34
57	2	2	40	20
57	2	2	42	1
57	2	2	43	25
57	2	2	44	9
57	2	2	45	42
57	2	2	47	37
57	2	2	48	24
57	2	2	50	7
57	2	2	51	32
57	2	2	52	16
57	2	2	53	47
57	2	2	55	36
57	2	2	56	18
57	2	2	58	3
57	2	2	59	27
57	2	2	60	12
57	2	2	61	43
57	2	2	63	40
57	3	1	0	26
57	3	1	3	12
57	3	1	4	37
57	3	1	5	5
57	3	1	6	44
57	3	1	7	19
57	3	1	8	29
57	3	1	11	13
57	3	1	12	36
57	3	1	13	4
57	3	1	14	48
57	3	1	15	22
57	3	1	16	28
57	3	1	19	9
57	3	1	20	40
57	3	1	21	7
57	3	1	22	41
57	3	1	23	17
57	3	1	24	31
57	3	1	27	15
57	3	1	28	33
57	3	1	29	2
57	3	1	30	45
57	3	1	31	24
57	3	1	32	25
57	3	1	35	11
57	3	1	36	38
57	3	1	37	6
57	3	1	38	43
57	3	1	39	20
57	3	1	40	30
57	3	1	43	14
57	3	1	44	35
57	3	1	45	3
57	3	1	46	47
57	3	1	47	21
57	3	1	48	27
57	3	1	51	10
57	3	1	52	39
57	3	1	53	8
57	3	1	54	42
57	3	1	55	18
57	3	1	56	32
57	3	1	59	16
57	3	1	60	34
57	3	1	61	1
57	3	1	62	46
57	3	1	63	23
57	3	2	0	32
57	3	2	3	23
57	3	2	4	33
57	3	2	5	8
57	3	2	6	45
57	3	2	7	11
57	3	2	8	26
57	3	2	11	19
57	3	2	12	37
57	3	2	13	4
57	3	2	14	43
57	3	2	15	14
57	3	2	16	30
57	3	2	19	22
57	3	2	20	36
57	3	2	21	6
57	3	2	22	48
57	3	2	23	9
57	3	2	24	28
57	3	2	27	17
57	3	2	28	40
57	3	2	29	2
57	3	2	30	42
57	3	2	31	15
57	3	2	32	31
57	3	2	35	24
57	3	2	36	34
57	3	2	37	7
57	3	2	38	46
57	3	2	39	12
57	3	2	40	25
57	3	2	43	20
57	3	2	44	38
57	3	2	45	3
57	3	2	46	44
57	3	2	47	13
57	3	2	48	29
57	3	2	51	21
57	3	2	52	35
57	3	2	53	5
57	3	2	54	47
57	3	2	55	10
57	3	2	56	27
57	3	2	59	18
57	3	2	60	39
57	3	2	61	1
57	3	2	62	41
57	3	2	63	16
57	4	1	0	11
57	4	1	1	25
57	4	1	2	1
57	4	1	4	23
57	4	1	5	34
57	4	1	7	42
57	4	1	8	13
57	4	1	9	30
57	4	1	10	6
57	4	1	12	18
57	4	1	13	38
57	4	1	15	46
57	4	1	16	10
57	4	1	17	28
57	4	1	18	3
57	4	1	20	22
57	4	1	21	35
57	4	1	23	44
57	4	1	24	16
57	4	1	25	31
57	4	1	26	7
57	4	1	28	19
57	4	1	29	40
57	4	1	31	47
57	4	1	32	12
57	4	1	33	26
57	4	1	34	2
57	4	1	36	24
57	4	1	37	33
57	4	1	39	41
57	4	1	40	14
57	4	1	41	29
57	4	1	42	5
57	4	1	44	17
57	4	1	45	37
57	4	1	47	45
57	4	1	48	9
57	4	1	49	27
57	4	1	50	4
57	4	1	52	21
57	4	1	53	36
57	4	1	55	43
57	4	1	56	15
57	4	1	57	32
57	4	1	58	8
57	4	1	60	20
57	4	1	61	39
57	4	1	63	48
57	4	2	0	1
57	4	2	2	21
57	4	2	3	38
57	4	2	5	42
57	4	2	6	16
57	4	2	7	28
57	4	2	8	8
57	4	2	10	20
57	4	2	11	33
57	4	2	13	47
57	4	2	14	12
57	4	2	15	29
57	4	2	16	3
57	4	2	18	24
57	4	2	19	40
57	4	2	21	44
57	4	2	22	14
57	4	2	23	26
57	4	2	24	6
57	4	2	26	17
57	4	2	27	36
57	4	2	29	45
57	4	2	30	10
57	4	2	31	32
57	4	2	32	2
57	4	2	34	22
57	4	2	35	37
57	4	2	37	41
57	4	2	38	15
57	4	2	39	27
57	4	2	40	7
57	4	2	42	19
57	4	2	43	34
57	4	2	45	48
57	4	2	46	11
57	4	2	47	30
57	4	2	48	4
57	4	2	50	23
57	4	2	51	39
57	4	2	53	43
57	4	2	54	13
57	4	2	55	25
57	4	2	56	5
57	4	2	58	18
57	4	2	59	35
57	4	2	61	46
57	4	2	62	9
57	4	2	63	31
57	5	1	0	5
57	5	1	2	13
57	5	1	3	34
57	5	1	5	44
57	5	1	6	18
57	5	1	7	25
57	5	1	8	1
57	5	1	10	11
57	5	1	11	40
57	5	1	13	48
57	5	1	14	21
57	5	1	15	29
57	5	1	16	7
57	5	1	18	16
57	5	1	19	35
57	5	1	21	41
57	5	1	22	20
57	5	1	23	28
57	5	1	24	4
57	5	1	26	9
57	5	1	27	38
57	5	1	29	46
57	5	1	30	24
57	5	1	31	32
57	5	1	32	6
57	5	1	34	14
57	5	1	35	33
57	5	1	37	43
57	5	1	38	17
57	5	1	39	26
57	5	1	40	2
57	5	1	42	12
57	5	1	43	39
57	5	1	45	47
57	5	1	46	22
57	5	1	47	30
57	5	1	48	8
57	5	1	50	15
57	5	1	51	36
57	5	1	53	42
57	5	1	54	19
57	5	1	55	27
57	5	1	56	3
57	5	1	58	10
57	5	1	59	37
57	5	1	61	45
57	5	1	62	23
57	5	1	63	31
57	5	2	1	27
57	5	2	2	10
57	5	2	4	4
57	5	2	5	40
57	5	2	6	17
57	5	2	7	46
57	5	2	9	30
57	5	2	10	15
57	5	2	12	8
57	5	2	13	33
57	5	2	14	23
57	5	2	15	42
57	5	2	17	25
57	5	2	18	12
57	5	2	20	1
57	5	2	21	37
57	5	2	22	20
57	5	2	23	48
57	5	2	25	32
57	5	2	26	13
57	5	2	28	6
57	5	2	29	36
57	5	2	30	22
57	5	2	31	44
57	5	2	33	28
57	5	2	34	9
57	5	2	36	3
57	5	2	37	39
57	5	2	38	18
57	5	2	39	45
57	5	2	41	29
57	5	2	42	16
57	5	2	44	7
57	5	2	45	34
57	5	2	46	24
57	5	2	47	41
57	5	2	49	26
57	5	2	50	11
57	5	2	52	2
57	5	2	53	38
57	5	2	54	19
57	5	2	55	47
57	5	2	57	31
57	5	2	58	14
57	5	2	60	5
57	5	2	61	35
57	5	2	62	21
57	5	2	63	43
57	6	1	0	13
57	6	1	1	30
57	6	1	3	45
57	6	1	4	20
57	6	1	5	40
57	6	1	6	2
57	6	1	8	12
57	6	1	9	28
57	6	1	11	42
57	6	1	12	23
57	6	1	13	33
57	6	1	14	7
57	6	1	16	15
57	6	1	17	32
57	6	1	19	48
57	6	1	20	17
57	6	1	21	37
57	6	1	22	4
57	6	1	24	9
57	6	1	25	25
57	6	1	27	43
57	6	1	28	22
57	6	1	29	36
57	6	1	30	5
57	6	1	32	14
57	6	1	33	29
57	6	1	35	46
57	6	1	36	19
57	6	1	37	39
57	6	1	38	1
57	6	1	40	11
57	6	1	41	27
57	6	1	43	41
57	6	1	44	24
57	6	1	45	34
57	6	1	46	8
57	6	1	48	16
57	6	1	49	31
57	6	1	51	47
57	6	1	52	18
57	6	1	53	38
57	6	1	54	3
57	6	1	56	10
57	6	1	57	26
57	6	1	59	44
57	6	1	60	21
57	6	1	61	35
57	6	1	62	6
57	6	2	1	16
57	6	2	2	33
57	6	2	3	3
57	6	2	4	42
57	6	2	5	21
57	6	2	6	27
57	6	2	9	10
57	6	2	10	37
57	6	2	11	7
57	6	2	12	47
57	6	2	13	19
57	6	2	14	29
57	6	2	17	14
57	6	2	18	36
57	6	2	19	2
57	6	2	20	44
57	6	2	21	23
57	6	2	22	25
57	6	2	25	12
57	6	2	26	39
57	6	2	27	6
57	6	2	28	46
57	6	2	29	18
57	6	2	30	32
57	6	2	33	15
57	6	2	34	34
57	6	2	35	4
57	6	2	36	41
57	6	2	37	22
57	6	2	38	28
57	6	2	41	9
57	6	2	42	38
57	6	2	43	8
57	6	2	44	48
57	6	2	45	20
57	6	2	46	30
57	6	2	49	13
57	6	2	50	35
57	6	2	51	1
57	6	2	52	43
57	6	2	53	24
57	6	2	54	26
57	6	2	57	11
57	6	2	58	40
57	6	2	59	5
57	6	2	60	45
57	6	2	61	17
57	6	2	62	31
57	7	1	0	37
57	7	1	1	10
57	7	1	4	30
57	7	1	5	23
57	7	1	6	44
57	7	1	7	6
57	7	1	8	33
57	7	1	9	16
57	7	1	12	27
57	7	1	13	17
57	7	1	14	48
57	7	1	15	1
57	7	1	16	39
57	7	1	17	11
57	7	1	20	32
57	7	1	21	22
57	7	1	22	42
57	7	1	23	8
57	7	1	24	35
57	7	1	25	14
57	7	1	28	25
57	7	1	29	19
57	7	1	30	46
57	7	1	31	4
57	7	1	32	38
57	7	1	33	9
57	7	1	36	29
57	7	1	37	24
57	7	1	38	43
57	7	1	39	5
57	7	1	40	34
57	7	1	41	15
57	7	1	44	28
57	7	1	45	18
57	7	1	46	47
57	7	1	47	2
57	7	1	48	40
57	7	1	49	12
57	7	1	52	31
57	7	1	53	21
57	7	1	54	41
57	7	1	55	7
57	7	1	56	36
57	7	1	57	13
57	7	1	60	26
57	7	1	61	20
57	7	1	62	45
57	7	1	63	3
57	7	2	0	15
57	7	2	1	33
57	7	2	2	5
57	7	2	4	18
57	7	2	5	31
57	7	2	7	44
57	7	2	8	11
57	7	2	9	37
57	7	2	10	3
57	7	2	12	23
57	7	2	13	27
57	7	2	15	46
57	7	2	16	14
57	7	2	17	35
57	7	2	18	8
57	7	2	20	20
57	7	2	21	29
57	7	2	23	42
57	7	2	24	9
57	7	2	25	40
57	7	2	26	1
57	7	2	28	21
57	7	2	29	26
57	7	2	31	47
57	7	2	32	16
57	7	2	33	34
57	7	2	34	6
57	7	2	36	17
57	7	2	37	32
57	7	2	39	43
57	7	2	40	12
57	7	2	41	38
57	7	2	42	4
57	7	2	44	24
57	7	2	45	28
57	7	2	47	45
57	7	2	48	13
57	7	2	49	36
57	7	2	50	7
57	7	2	52	19
57	7	2	53	30
57	7	2	55	41
57	7	2	56	10
57	7	2	57	39
57	7	2	58	2
57	7	2	60	22
57	7	2	61	25
57	7	2	63	48
58	4	1	0	10
58	4	1	1	36
58	4	1	4	21
58	4	1	5	26
58	4	1	6	3
58	4	1	7	48
58	4	1	8	16
58	4	1	9	38
58	4	1	12	18
58	4	1	13	29
58	4	1	14	6
58	4	1	15	41
58	4	1	16	12
58	4	1	17	33
58	4	1	20	24
58	4	1	21	27
58	4	1	22	2
58	4	1	23	46
58	4	1	24	13
58	4	1	25	40
58	4	1	28	20
58	4	1	29	32
58	4	1	30	7
58	4	1	31	44
58	4	1	32	9
58	4	1	33	35
58	4	1	36	22
58	4	1	37	25
58	4	1	38	4
58	4	1	39	47
58	4	1	40	15
58	4	1	41	37
58	4	1	44	17
58	4	1	45	30
58	4	1	46	5
58	4	1	47	42
58	4	1	48	11
58	4	1	49	34
58	4	1	52	23
58	4	1	53	28
58	4	1	54	1
58	4	1	55	45
58	4	1	56	14
58	4	1	57	39
58	4	1	60	19
58	4	1	61	31
58	4	1	62	8
58	4	1	63	43
58	4	2	0	27
58	4	2	1	7
58	4	2	3	22
58	4	2	4	39
58	4	2	6	45
58	4	2	7	11
58	4	2	8	31
58	4	2	9	3
58	4	2	11	19
58	4	2	12	35
58	4	2	14	43
58	4	2	15	15
58	4	2	16	25
58	4	2	17	5
58	4	2	19	24
58	4	2	20	37
58	4	2	22	47
58	4	2	23	10
58	4	2	24	30
58	4	2	25	1
58	4	2	27	18
58	4	2	28	34
58	4	2	30	42
58	4	2	31	13
58	4	2	32	28
58	4	2	33	8
58	4	2	35	21
58	4	2	36	40
58	4	2	38	46
58	4	2	39	12
58	4	2	40	32
58	4	2	41	4
58	4	2	43	20
58	4	2	44	36
58	4	2	46	44
58	4	2	47	16
58	4	2	48	26
58	4	2	49	6
58	4	2	51	23
58	4	2	52	38
58	4	2	54	48
58	4	2	55	9
58	4	2	56	29
58	4	2	57	2
58	4	2	59	17
58	4	2	60	33
58	4	2	62	41
58	4	2	63	14
58	7	1	0	10
58	7	1	3	28
58	7	1	4	22
58	7	1	5	48
58	7	1	6	7
58	7	1	7	34
58	7	1	8	16
58	7	1	11	31
58	7	1	12	17
58	7	1	13	41
58	7	1	14	1
58	7	1	15	40
58	7	1	16	12
58	7	1	19	25
58	7	1	20	24
58	7	1	21	45
58	7	1	22	5
58	7	1	23	36
58	7	1	24	13
58	7	1	27	30
58	7	1	28	20
58	7	1	29	44
58	7	1	30	3
58	7	1	31	37
58	7	1	32	9
58	7	1	35	27
58	7	1	36	21
58	7	1	37	47
58	7	1	38	8
58	7	1	39	33
58	7	1	40	15
58	7	1	43	32
58	7	1	44	18
58	7	1	45	42
58	7	1	46	2
58	7	1	47	39
58	7	1	48	11
58	7	1	51	26
58	7	1	52	23
58	7	1	53	46
58	7	1	54	6
58	7	1	55	35
58	7	1	56	14
58	7	1	59	29
58	7	1	60	19
58	7	1	61	43
58	7	1	62	4
58	7	1	63	38
58	7	2	0	45
58	7	2	1	20
58	7	2	2	37
58	7	2	3	6
58	7	2	5	9
58	7	2	6	25
58	7	2	8	42
58	7	2	9	24
58	7	2	10	36
58	7	2	11	1
58	7	2	13	14
58	7	2	14	30
58	7	2	16	47
58	7	2	17	18
58	7	2	18	39
58	7	2	19	7
58	7	2	21	11
58	7	2	22	28
58	7	2	24	44
58	7	2	25	22
58	7	2	26	33
58	7	2	27	3
58	7	2	29	16
58	7	2	30	32
58	7	2	32	46
58	7	2	33	19
58	7	2	34	38
58	7	2	35	5
58	7	2	37	10
58	7	2	38	26
58	7	2	40	41
58	7	2	41	23
58	7	2	42	35
58	7	2	43	2
58	7	2	45	13
58	7	2	46	29
58	7	2	48	48
58	7	2	49	17
58	7	2	50	40
58	7	2	51	8
58	7	2	53	12
58	7	2	54	27
58	7	2	56	43
58	7	2	57	21
58	7	2	58	34
58	7	2	59	4
58	7	2	61	15
58	7	2	62	31
59	1	1	0	1
59	1	1	1	47
59	1	1	2	16
59	1	1	3	38
59	1	1	6	24
59	1	1	7	30
59	1	1	8	8
59	1	1	9	43
59	1	1	10	9
59	1	1	11	36
59	1	1	14	20
59	1	1	15	27
59	1	1	16	3
59	1	1	17	45
59	1	1	18	14
59	1	1	19	40
59	1	1	22	21
59	1	1	23	32
59	1	1	24	6
59	1	1	25	41
59	1	1	26	11
59	1	1	27	33
59	1	1	30	17
59	1	1	31	25
59	1	1	32	2
59	1	1	33	48
59	1	1	34	15
59	1	1	35	37
59	1	1	38	23
59	1	1	39	29
59	1	1	40	7
59	1	1	41	44
59	1	1	42	10
59	1	1	43	35
59	1	1	46	19
59	1	1	47	28
59	1	1	48	4
59	1	1	49	46
59	1	1	50	13
59	1	1	51	39
59	1	1	54	22
59	1	1	55	31
59	1	1	56	5
59	1	1	57	42
59	1	1	58	12
59	1	1	59	34
59	1	1	62	18
59	1	1	63	26
59	1	2	0	42
59	1	2	1	4
59	1	2	2	34
59	1	2	3	13
59	1	2	6	26
59	1	2	7	22
59	1	2	8	46
59	1	2	9	6
59	1	2	10	39
59	1	2	11	10
59	1	2	14	30
59	1	2	15	20
59	1	2	16	44
59	1	2	17	1
59	1	2	18	35
59	1	2	19	16
59	1	2	22	28
59	1	2	23	24
59	1	2	24	48
59	1	2	25	7
59	1	2	26	38
59	1	2	27	11
59	1	2	30	31
59	1	2	31	17
59	1	2	32	41
59	1	2	33	3
59	1	2	34	33
59	1	2	35	14
59	1	2	38	25
59	1	2	39	21
59	1	2	40	45
59	1	2	41	5
59	1	2	42	40
59	1	2	43	9
59	1	2	46	29
59	1	2	47	19
59	1	2	48	43
59	1	2	49	2
59	1	2	50	36
59	1	2	51	15
59	1	2	54	27
59	1	2	55	23
59	1	2	56	47
59	1	2	57	8
59	1	2	58	37
59	1	2	59	12
59	1	2	62	32
59	1	2	63	18
59	2	1	0	34
59	2	1	1	16
59	2	1	4	30
59	2	1	5	18
59	2	1	6	44
59	2	1	7	1
59	2	1	8	40
59	2	1	9	11
59	2	1	12	28
59	2	1	13	23
59	2	1	14	48
59	2	1	15	7
59	2	1	16	35
59	2	1	17	13
59	2	1	20	32
59	2	1	21	19
59	2	1	22	42
59	2	1	23	3
59	2	1	24	37
59	2	1	25	10
59	2	1	28	25
59	2	1	29	21
59	2	1	30	45
59	2	1	31	5
59	2	1	32	33
59	2	1	33	15
59	2	1	36	29
59	2	1	37	17
59	2	1	38	43
59	2	1	39	2
59	2	1	40	39
59	2	1	41	12
59	2	1	44	27
59	2	1	45	24
59	2	1	46	47
59	2	1	47	8
59	2	1	48	36
59	2	1	49	14
59	2	1	52	31
59	2	1	53	20
59	2	1	54	41
59	2	1	55	4
59	2	1	56	38
59	2	1	57	9
59	2	1	60	26
59	2	1	61	22
59	2	1	62	46
59	2	1	63	6
59	2	2	0	6
59	2	2	1	37
59	2	2	2	11
59	2	2	5	32
59	2	2	6	18
59	2	2	7	48
59	2	2	8	2
59	2	2	9	34
59	2	2	10	16
59	2	2	13	27
59	2	2	14	22
59	2	2	15	42
59	2	2	16	8
59	2	2	17	39
59	2	2	18	10
59	2	2	21	30
59	2	2	22	19
59	2	2	23	45
59	2	2	24	3
59	2	2	25	36
59	2	2	26	14
59	2	2	29	25
59	2	2	30	23
59	2	2	31	44
59	2	2	32	5
59	2	2	33	38
59	2	2	34	12
59	2	2	37	31
59	2	2	38	17
59	2	2	39	47
59	2	2	40	1
59	2	2	41	33
59	2	2	42	15
59	2	2	45	28
59	2	2	46	21
59	2	2	47	41
59	2	2	48	7
59	2	2	49	40
59	2	2	50	9
59	2	2	53	29
59	2	2	54	20
59	2	2	55	46
59	2	2	56	4
59	2	2	57	35
59	2	2	58	13
59	2	2	61	26
59	2	2	62	24
59	2	2	63	43
59	3	1	1	31
59	3	1	2	22
59	3	1	4	8
59	3	1	5	40
59	3	1	6	11
59	3	1	7	42
59	3	1	9	25
59	3	1	10	20
59	3	1	12	3
59	3	1	13	35
59	3	1	14	13
59	3	1	15	48
59	3	1	17	30
59	3	1	18	24
59	3	1	20	6
59	3	1	21	37
59	3	1	22	9
59	3	1	23	44
59	3	1	25	27
59	3	1	26	18
59	3	1	28	1
59	3	1	29	33
59	3	1	30	15
59	3	1	31	46
59	3	1	33	32
59	3	1	34	21
59	3	1	36	7
59	3	1	37	39
59	3	1	38	12
59	3	1	39	41
59	3	1	41	26
59	3	1	42	19
59	3	1	44	4
59	3	1	45	36
59	3	1	46	14
59	3	1	47	47
59	3	1	49	29
59	3	1	50	23
59	3	1	52	5
59	3	1	53	38
59	3	1	54	10
59	3	1	55	43
59	3	1	57	28
59	3	1	58	17
59	3	1	60	2
59	3	1	61	34
59	3	1	62	16
59	3	1	63	45
59	3	2	1	33
59	3	2	2	18
59	3	2	4	7
59	3	2	5	28
59	3	2	6	14
59	3	2	7	47
59	3	2	9	39
59	3	2	10	21
59	3	2	12	1
59	3	2	13	29
59	3	2	14	10
59	3	2	15	44
59	3	2	17	36
59	3	2	18	20
59	3	2	20	6
59	3	2	21	25
59	3	2	22	16
59	3	2	23	45
59	3	2	25	38
59	3	2	26	23
59	3	2	28	4
59	3	2	29	31
59	3	2	30	12
59	3	2	31	41
59	3	2	33	34
59	3	2	34	17
59	3	2	36	8
59	3	2	37	27
59	3	2	38	13
59	3	2	39	48
59	3	2	41	40
59	3	2	42	22
59	3	2	44	2
59	3	2	45	30
59	3	2	46	9
59	3	2	47	43
59	3	2	49	35
59	3	2	50	19
59	3	2	52	5
59	3	2	53	26
59	3	2	54	15
59	3	2	55	46
59	3	2	57	37
59	3	2	58	24
59	3	2	60	3
59	3	2	61	32
59	3	2	62	11
59	3	2	63	42
59	4	1	1	40
59	4	1	2	19
59	4	1	3	47
59	4	1	4	6
59	4	1	5	26
59	4	1	6	10
59	4	1	9	33
59	4	1	10	22
59	4	1	11	44
59	4	1	12	1
59	4	1	13	31
59	4	1	14	15
59	4	1	17	37
59	4	1	18	18
59	4	1	19	45
59	4	1	20	7
59	4	1	21	28
59	4	1	22	11
59	4	1	25	36
59	4	1	26	23
59	4	1	27	41
59	4	1	28	3
59	4	1	29	29
59	4	1	30	13
59	4	1	33	39
59	4	1	34	20
59	4	1	35	48
59	4	1	36	5
59	4	1	37	25
59	4	1	38	9
59	4	1	41	34
59	4	1	42	21
59	4	1	43	43
59	4	1	44	2
59	4	1	45	32
59	4	1	46	16
59	4	1	49	38
59	4	1	50	17
59	4	1	51	46
59	4	1	52	8
59	4	1	53	27
59	4	1	54	12
59	4	1	57	35
59	4	1	58	24
59	4	1	59	42
59	4	1	60	4
59	4	1	61	30
59	4	1	62	14
59	4	2	0	11
59	4	2	2	1
59	4	2	3	28
59	4	2	4	20
59	4	2	5	48
59	4	2	7	40
59	4	2	8	14
59	4	2	10	5
59	4	2	11	29
59	4	2	12	21
59	4	2	13	43
59	4	2	15	33
59	4	2	16	10
59	4	2	18	4
59	4	2	19	26
59	4	2	20	17
59	4	2	21	46
59	4	2	23	37
59	4	2	24	15
59	4	2	26	7
59	4	2	27	32
59	4	2	28	24
59	4	2	29	42
59	4	2	31	35
59	4	2	32	12
59	4	2	34	2
59	4	2	35	27
59	4	2	36	19
59	4	2	37	47
59	4	2	39	39
59	4	2	40	13
59	4	2	42	6
59	4	2	43	30
59	4	2	44	22
59	4	2	45	44
59	4	2	47	34
59	4	2	48	9
59	4	2	50	3
59	4	2	51	25
59	4	2	52	18
59	4	2	53	45
59	4	2	55	38
59	4	2	56	16
59	4	2	58	8
59	4	2	59	31
59	4	2	60	23
59	4	2	61	41
59	4	2	63	36
59	7	1	0	25
59	7	1	1	6
59	7	1	2	45
59	7	1	3	22
59	7	1	4	34
59	7	1	7	16
59	7	1	8	32
59	7	1	9	4
59	7	1	10	42
59	7	1	11	19
59	7	1	12	37
59	7	1	15	12
59	7	1	16	28
59	7	1	17	7
59	7	1	18	48
59	7	1	19	23
59	7	1	20	36
59	7	1	23	14
59	7	1	24	29
59	7	1	25	2
59	7	1	26	43
59	7	1	27	17
59	7	1	28	40
59	7	1	31	10
59	7	1	32	26
59	7	1	33	5
59	7	1	34	46
59	7	1	35	21
59	7	1	36	33
59	7	1	39	15
59	7	1	40	31
59	7	1	41	3
59	7	1	42	41
59	7	1	43	20
59	7	1	44	38
59	7	1	47	11
59	7	1	48	27
59	7	1	49	8
59	7	1	50	47
59	7	1	51	24
59	7	1	52	35
59	7	1	55	13
59	7	1	56	30
59	7	1	57	1
59	7	1	58	44
59	7	1	59	18
59	7	1	60	39
59	7	1	63	9
59	7	2	0	14
59	7	2	2	7
59	7	2	3	26
59	7	2	4	21
59	7	2	5	45
59	7	2	7	35
59	7	2	8	12
59	7	2	10	2
59	7	2	11	29
59	7	2	12	19
59	7	2	13	42
59	7	2	15	39
59	7	2	16	16
59	7	2	18	5
59	7	2	19	27
59	7	2	20	23
59	7	2	21	47
59	7	2	23	33
59	7	2	24	10
59	7	2	26	3
59	7	2	27	32
59	7	2	28	18
59	7	2	29	43
59	7	2	31	37
59	7	2	32	13
59	7	2	34	8
59	7	2	35	25
59	7	2	36	22
59	7	2	37	46
59	7	2	39	36
59	7	2	40	11
59	7	2	42	1
59	7	2	43	30
59	7	2	44	20
59	7	2	45	41
59	7	2	47	40
59	7	2	48	15
59	7	2	50	6
59	7	2	51	28
59	7	2	52	24
59	7	2	53	48
59	7	2	55	34
59	7	2	56	9
59	7	2	58	4
59	7	2	59	31
59	7	2	60	17
59	7	2	61	44
59	7	2	63	38
60	1	2	1	3
60	1	2	2	35
60	1	2	3	23
60	1	2	4	48
60	1	2	6	26
60	1	2	7	9
60	1	2	9	8
60	1	2	10	38
60	1	2	11	17
60	1	2	12	42
60	1	2	14	31
60	1	2	15	16
60	1	2	17	1
60	1	2	18	33
60	1	2	19	21
60	1	2	20	46
60	1	2	22	28
60	1	2	23	11
60	1	2	25	6
60	1	2	26	40
60	1	2	27	20
60	1	2	28	43
60	1	2	30	29
60	1	2	31	14
60	1	2	33	4
60	1	2	34	36
60	1	2	35	24
60	1	2	36	47
60	1	2	38	25
60	1	2	39	10
60	1	2	41	7
60	1	2	42	37
60	1	2	43	18
60	1	2	44	41
60	1	2	46	32
60	1	2	47	15
60	1	2	49	2
60	1	2	50	34
60	1	2	51	22
60	1	2	52	45
60	1	2	54	27
60	1	2	55	12
60	1	2	57	5
60	1	2	58	39
60	1	2	59	19
60	1	2	60	44
60	1	2	62	30
60	1	2	63	13
60	2	1	1	26
60	2	1	2	13
60	2	1	3	48
60	2	1	4	5
60	2	1	5	40
60	2	1	6	21
60	2	1	9	30
60	2	1	10	9
60	2	1	11	44
60	2	1	12	4
60	2	1	13	35
60	2	1	14	19
60	2	1	17	27
60	2	1	18	16
60	2	1	19	46
60	2	1	20	8
60	2	1	21	37
60	2	1	22	24
60	2	1	25	31
60	2	1	26	12
60	2	1	27	41
60	2	1	28	1
60	2	1	29	34
60	2	1	30	17
60	2	1	33	25
60	2	1	34	14
60	2	1	35	47
60	2	1	36	6
60	2	1	37	39
60	2	1	38	22
60	2	1	41	29
60	2	1	42	10
60	2	1	43	43
60	2	1	44	3
60	2	1	45	36
60	2	1	46	20
60	2	1	49	28
60	2	1	50	15
60	2	1	51	45
60	2	1	52	7
60	2	1	53	38
60	2	1	54	23
60	2	1	57	32
60	2	1	58	11
60	2	1	59	42
60	2	1	60	2
60	2	1	61	33
60	2	1	62	18
60	2	2	1	18
60	2	2	2	39
60	2	2	3	8
60	2	2	4	48
60	2	2	5	9
60	2	2	6	26
60	2	2	9	24
60	2	2	10	36
60	2	2	11	2
60	2	2	12	44
60	2	2	13	15
60	2	2	14	32
60	2	2	17	19
60	2	2	18	37
60	2	2	19	5
60	2	2	20	45
60	2	2	21	12
60	2	2	22	28
60	2	2	25	21
60	2	2	26	34
60	2	2	27	4
60	2	2	28	41
60	2	2	29	14
60	2	2	30	30
60	2	2	33	17
60	2	2	34	40
60	2	2	35	7
60	2	2	36	47
60	2	2	37	10
60	2	2	38	25
60	2	2	41	23
60	2	2	42	35
60	2	2	43	1
60	2	2	44	43
60	2	2	45	16
60	2	2	46	31
60	2	2	49	20
60	2	2	50	38
60	2	2	51	6
60	2	2	52	46
60	2	2	53	11
60	2	2	54	27
60	2	2	57	22
60	2	2	58	33
60	2	2	59	3
60	2	2	60	42
60	2	2	61	13
60	2	2	62	29
60	4	1	0	22
60	4	1	1	25
60	4	1	4	9
60	4	1	5	35
60	4	1	6	1
60	4	1	7	48
60	4	1	8	17
60	4	1	9	29
60	4	1	12	14
60	4	1	13	40
60	4	1	14	7
60	4	1	15	42
60	4	1	16	23
60	4	1	17	27
60	4	1	20	11
60	4	1	21	34
60	4	1	22	3
60	4	1	23	46
60	4	1	24	20
60	4	1	25	31
60	4	1	28	15
60	4	1	29	37
60	4	1	30	5
60	4	1	31	43
60	4	1	32	21
60	4	1	33	26
60	4	1	36	10
60	4	1	37	36
60	4	1	38	2
60	4	1	39	47
60	4	1	40	18
60	4	1	41	30
60	4	1	44	13
60	4	1	45	39
60	4	1	46	8
60	4	1	47	41
60	4	1	48	24
60	4	1	49	28
60	4	1	52	12
60	4	1	53	33
60	4	1	54	4
60	4	1	55	45
60	4	1	56	19
60	4	1	57	32
60	4	1	60	16
60	4	1	61	38
60	4	1	62	6
60	4	1	63	44
60	4	2	0	19
60	4	2	3	28
60	4	2	4	13
60	4	2	5	41
60	4	2	6	5
60	4	2	7	40
60	4	2	8	22
60	4	2	11	30
60	4	2	12	10
60	4	2	13	47
60	4	2	14	4
60	4	2	15	35
60	4	2	16	17
60	4	2	19	25
60	4	2	20	16
60	4	2	21	43
60	4	2	22	8
60	4	2	23	37
60	4	2	24	24
60	4	2	27	32
60	4	2	28	11
60	4	2	29	46
60	4	2	30	1
60	4	2	31	33
60	4	2	32	20
60	4	2	35	27
60	4	2	36	14
60	4	2	37	42
60	4	2	38	6
60	4	2	39	39
60	4	2	40	21
60	4	2	43	29
60	4	2	44	9
60	4	2	45	48
60	4	2	46	3
60	4	2	47	36
60	4	2	48	18
60	4	2	51	26
60	4	2	52	15
60	4	2	53	44
60	4	2	54	7
60	4	2	55	38
60	4	2	56	23
60	4	2	59	31
60	4	2	60	12
60	4	2	61	45
60	4	2	62	2
60	4	2	63	34
61	4	1	1	21
61	4	1	2	30
61	4	1	4	46
61	4	1	5	15
61	4	1	6	35
61	4	1	7	8
61	4	1	9	19
61	4	1	10	28
61	4	1	12	43
61	4	1	13	10
61	4	1	14	40
61	4	1	15	2
61	4	1	17	24
61	4	1	18	32
61	4	1	20	47
61	4	1	21	14
61	4	1	22	34
61	4	1	23	5
61	4	1	25	17
61	4	1	26	26
61	4	1	28	41
61	4	1	29	12
61	4	1	30	37
61	4	1	31	4
61	4	1	33	22
61	4	1	34	29
61	4	1	36	45
61	4	1	37	16
61	4	1	38	36
61	4	1	39	7
61	4	1	41	20
61	4	1	42	27
61	4	1	44	44
61	4	1	45	9
61	4	1	46	39
61	4	1	47	1
61	4	1	49	23
61	4	1	50	31
61	4	1	52	48
61	4	1	53	13
61	4	1	54	33
61	4	1	55	6
61	4	1	57	18
61	4	1	58	25
61	4	1	60	42
61	4	1	61	11
61	4	1	62	38
61	4	1	63	3
61	4	2	0	14
61	4	2	1	30
61	4	2	2	1
61	4	2	4	20
61	4	2	5	39
61	4	2	7	45
61	4	2	8	11
61	4	2	9	28
61	4	2	10	5
61	4	2	12	21
61	4	2	13	33
61	4	2	15	41
61	4	2	16	15
61	4	2	17	32
61	4	2	18	4
61	4	2	20	17
61	4	2	21	38
61	4	2	23	47
61	4	2	24	10
61	4	2	25	26
61	4	2	26	8
61	4	2	28	24
61	4	2	29	36
61	4	2	31	43
61	4	2	32	13
61	4	2	33	29
61	4	2	34	2
61	4	2	36	19
61	4	2	37	40
61	4	2	39	46
61	4	2	40	12
61	4	2	41	27
61	4	2	42	6
61	4	2	44	22
61	4	2	45	34
61	4	2	47	42
61	4	2	48	16
61	4	2	49	31
61	4	2	50	3
61	4	2	52	18
61	4	2	53	37
61	4	2	55	48
61	4	2	56	9
61	4	2	57	25
61	4	2	58	7
61	4	2	60	23
61	4	2	61	35
61	4	2	63	44
61	7	1	1	6
61	7	1	2	40
61	7	1	3	20
61	7	1	4	47
61	7	1	6	28
61	7	1	7	14
61	7	1	9	3
61	7	1	10	34
61	7	1	11	24
61	7	1	12	43
61	7	1	14	31
61	7	1	15	11
61	7	1	17	8
61	7	1	18	37
61	7	1	19	17
61	7	1	20	46
61	7	1	22	26
61	7	1	23	16
61	7	1	25	2
61	7	1	26	35
61	7	1	27	21
61	7	1	28	41
61	7	1	30	29
61	7	1	31	10
61	7	1	33	5
61	7	1	34	39
61	7	1	35	19
61	7	1	36	48
61	7	1	38	27
61	7	1	39	13
61	7	1	41	4
61	7	1	42	33
61	7	1	43	23
61	7	1	44	44
61	7	1	46	32
61	7	1	47	12
61	7	1	49	7
61	7	1	50	38
61	7	1	51	18
61	7	1	52	45
61	7	1	54	25
61	7	1	55	15
61	7	1	57	1
61	7	1	58	36
61	7	1	59	22
61	7	1	60	42
61	7	1	62	30
61	7	1	63	9
61	7	2	0	31
61	7	2	1	6
61	7	2	3	16
61	7	2	4	34
61	7	2	6	43
61	7	2	7	22
61	7	2	8	28
61	7	2	9	2
61	7	2	11	9
61	7	2	12	37
61	7	2	14	47
61	7	2	15	19
61	7	2	16	29
61	7	2	17	7
61	7	2	19	13
61	7	2	20	36
61	7	2	22	41
61	7	2	23	24
61	7	2	24	26
61	7	2	25	3
61	7	2	27	12
61	7	2	28	39
61	7	2	30	46
61	7	2	31	17
61	7	2	32	32
61	7	2	33	5
61	7	2	35	15
61	7	2	36	33
61	7	2	38	44
61	7	2	39	21
61	7	2	40	27
61	7	2	41	1
61	7	2	43	10
61	7	2	44	38
61	7	2	46	48
61	7	2	47	20
61	7	2	48	30
61	7	2	49	8
61	7	2	51	14
61	7	2	52	35
61	7	2	54	42
61	7	2	55	23
61	7	2	56	25
61	7	2	57	4
61	7	2	59	11
61	7	2	60	40
61	7	2	62	45
61	7	2	63	18
62	1	2	0	10
62	1	2	2	5
62	1	2	3	32
62	1	2	4	24
62	1	2	5	45
62	1	2	7	35
62	1	2	8	14
62	1	2	10	2
62	1	2	11	28
62	1	2	12	17
62	1	2	13	42
62	1	2	15	37
62	1	2	16	12
62	1	2	18	8
62	1	2	19	29
62	1	2	20	21
62	1	2	21	48
62	1	2	23	34
62	1	2	24	16
62	1	2	26	4
62	1	2	27	25
62	1	2	28	20
62	1	2	29	44
62	1	2	31	39
62	1	2	32	9
62	1	2	34	6
62	1	2	35	31
62	1	2	36	23
62	1	2	37	46
62	1	2	39	36
62	1	2	40	13
62	1	2	42	1
62	1	2	43	27
62	1	2	44	18
62	1	2	45	41
62	1	2	47	38
62	1	2	48	11
62	1	2	50	7
62	1	2	51	30
62	1	2	52	22
62	1	2	53	47
62	1	2	55	33
62	1	2	56	15
62	1	2	58	3
62	1	2	59	26
62	1	2	60	19
62	1	2	61	43
62	1	2	63	40
62	4	1	1	48
62	4	1	2	15
62	4	1	3	33
62	4	1	4	7
62	4	1	6	20
62	4	1	7	32
62	4	1	9	41
62	4	1	10	9
62	4	1	11	37
62	4	1	12	4
62	4	1	14	24
62	4	1	15	26
62	4	1	17	45
62	4	1	18	13
62	4	1	19	35
62	4	1	20	6
62	4	1	22	18
62	4	1	23	30
62	4	1	25	43
62	4	1	26	12
62	4	1	27	40
62	4	1	28	1
62	4	1	30	21
62	4	1	31	27
62	4	1	33	47
62	4	1	34	16
62	4	1	35	34
62	4	1	36	8
62	4	1	38	19
62	4	1	39	31
62	4	1	41	42
62	4	1	42	10
62	4	1	43	38
62	4	1	44	3
62	4	1	46	23
62	4	1	47	25
62	4	1	49	46
62	4	1	50	14
62	4	1	51	36
62	4	1	52	5
62	4	1	54	17
62	4	1	55	29
62	4	1	57	44
62	4	1	58	11
62	4	1	59	39
62	4	1	60	2
62	4	1	62	22
62	4	1	63	28
62	4	2	0	17
62	4	2	3	26
62	4	2	4	9
62	4	2	5	46
62	4	2	6	2
62	4	2	7	34
62	4	2	8	23
62	4	2	11	29
62	4	2	12	15
62	4	2	13	41
62	4	2	14	8
62	4	2	15	38
62	4	2	16	20
62	4	2	19	27
62	4	2	20	11
62	4	2	21	48
62	4	2	22	3
62	4	2	23	35
62	4	2	24	21
62	4	2	27	32
62	4	2	28	13
62	4	2	29	44
62	4	2	30	6
62	4	2	31	40
62	4	2	32	18
62	4	2	35	25
62	4	2	36	10
62	4	2	37	45
62	4	2	38	1
62	4	2	39	33
62	4	2	40	24
62	4	2	43	30
62	4	2	44	16
62	4	2	45	42
62	4	2	46	7
62	4	2	47	37
62	4	2	48	19
62	4	2	51	28
62	4	2	52	12
62	4	2	53	47
62	4	2	54	4
62	4	2	55	36
62	4	2	56	22
62	4	2	59	31
62	4	2	60	14
62	4	2	61	43
62	4	2	62	5
62	4	2	63	39
62	7	1	0	5
62	7	1	1	48
62	7	1	2	11
62	7	1	3	37
62	7	1	6	20
62	7	1	7	28
62	7	1	8	1
62	7	1	9	42
62	7	1	10	15
62	7	1	11	35
62	7	1	14	21
62	7	1	15	30
62	7	1	16	7
62	7	1	17	46
62	7	1	18	10
62	7	1	19	39
62	7	1	22	18
62	7	1	23	26
62	7	1	24	4
62	7	1	25	44
62	7	1	26	13
62	7	1	27	34
62	7	1	30	24
62	7	1	31	32
62	7	1	32	6
62	7	1	33	47
62	7	1	34	12
62	7	1	35	38
62	7	1	38	19
62	7	1	39	27
62	7	1	40	2
62	7	1	41	41
62	7	1	42	16
62	7	1	43	36
62	7	1	46	22
62	7	1	47	29
62	7	1	48	8
62	7	1	49	45
62	7	1	50	9
62	7	1	51	40
62	7	1	54	17
62	7	1	55	25
62	7	1	56	3
62	7	1	57	43
62	7	1	58	14
62	7	1	59	33
62	7	1	62	23
62	7	1	63	31
62	7	2	0	31
62	7	2	1	20
62	7	2	2	44
62	7	2	3	2
62	7	2	4	33
62	7	2	5	14
62	7	2	8	25
62	7	2	9	21
62	7	2	10	46
62	7	2	11	8
62	7	2	12	40
62	7	2	13	12
62	7	2	16	30
62	7	2	17	17
62	7	2	18	42
62	7	2	19	3
62	7	2	20	35
62	7	2	21	16
62	7	2	24	28
62	7	2	25	23
62	7	2	26	48
62	7	2	27	6
62	7	2	28	37
62	7	2	29	10
62	7	2	32	32
62	7	2	33	19
62	7	2	34	43
62	7	2	35	1
62	7	2	36	34
62	7	2	37	13
62	7	2	40	26
62	7	2	41	22
62	7	2	42	45
62	7	2	43	7
62	7	2	44	39
62	7	2	45	11
62	7	2	48	29
62	7	2	49	18
62	7	2	50	41
62	7	2	51	4
62	7	2	52	36
62	7	2	53	15
62	7	2	56	27
62	7	2	57	24
62	7	2	58	47
62	7	2	59	5
62	7	2	60	38
62	7	2	61	9
63	1	1	1	7
63	1	1	2	35
63	1	1	3	11
63	1	1	4	43
63	1	1	6	27
63	1	1	7	22
63	1	1	9	1
63	1	1	10	38
63	1	1	11	13
63	1	1	12	48
63	1	1	14	31
63	1	1	15	18
63	1	1	17	6
63	1	1	18	34
63	1	1	19	10
63	1	1	20	41
63	1	1	22	26
63	1	1	23	24
63	1	1	25	3
63	1	1	26	39
63	1	1	27	16
63	1	1	28	45
63	1	1	30	30
63	1	1	31	20
63	1	1	33	8
63	1	1	34	36
63	1	1	35	12
63	1	1	36	44
63	1	1	38	28
63	1	1	39	21
63	1	1	41	2
63	1	1	42	37
63	1	1	43	14
63	1	1	44	47
63	1	1	46	32
63	1	1	47	17
63	1	1	49	5
63	1	1	50	33
63	1	1	51	9
63	1	1	52	42
63	1	1	54	25
63	1	1	55	23
63	1	1	57	4
63	1	1	58	40
63	1	1	59	15
63	1	1	60	46
63	1	1	62	29
63	1	1	63	19
63	1	2	1	6
63	1	2	2	29
63	1	2	3	20
63	1	2	4	42
63	1	2	6	39
63	1	2	7	16
63	1	2	9	4
63	1	2	10	26
63	1	2	11	22
63	1	2	12	46
63	1	2	14	35
63	1	2	15	11
63	1	2	17	8
63	1	2	18	32
63	1	2	19	17
63	1	2	20	43
63	1	2	22	37
63	1	2	23	14
63	1	2	25	2
63	1	2	26	27
63	1	2	27	24
63	1	2	28	48
63	1	2	30	33
63	1	2	31	9
63	1	2	33	5
63	1	2	34	30
63	1	2	35	19
63	1	2	36	41
63	1	2	38	40
63	1	2	39	15
63	1	2	41	3
63	1	2	42	25
63	1	2	43	21
63	1	2	44	45
63	1	2	46	36
63	1	2	47	12
63	1	2	49	7
63	1	2	50	31
63	1	2	51	18
63	1	2	52	44
63	1	2	54	38
63	1	2	55	13
63	1	2	57	1
63	1	2	58	28
63	1	2	59	23
63	1	2	60	47
63	1	2	62	34
63	1	2	63	10
64	1	1	0	44
64	1	1	1	21
64	1	1	2	35
64	1	1	5	11
64	1	1	6	28
64	1	1	7	1
64	1	1	8	46
64	1	1	9	17
64	1	1	10	40
64	1	1	13	16
64	1	1	14	32
64	1	1	15	5
64	1	1	16	41
64	1	1	17	23
64	1	1	18	34
64	1	1	21	10
64	1	1	22	25
64	1	1	23	3
64	1	1	24	48
64	1	1	25	20
64	1	1	26	37
64	1	1	29	13
64	1	1	30	30
64	1	1	31	8
64	1	1	32	43
64	1	1	33	22
64	1	1	34	36
64	1	1	37	12
64	1	1	38	27
64	1	1	39	2
64	1	1	40	45
64	1	1	41	18
64	1	1	42	39
64	1	1	45	15
64	1	1	46	31
64	1	1	47	6
64	1	1	48	42
64	1	1	49	24
64	1	1	50	33
64	1	1	53	9
64	1	1	54	26
64	1	1	55	4
64	1	1	56	47
64	1	1	57	19
64	1	1	58	38
64	1	1	61	14
64	1	1	62	29
64	1	1	63	7
64	1	2	0	39
64	1	2	1	22
64	1	2	4	27
64	1	2	5	9
64	1	2	6	41
64	1	2	7	2
64	1	2	8	34
64	1	2	9	20
64	1	2	12	32
64	1	2	13	16
64	1	2	14	47
64	1	2	15	6
64	1	2	16	38
64	1	2	17	24
64	1	2	20	26
64	1	2	21	11
64	1	2	22	43
64	1	2	23	4
64	1	2	24	35
64	1	2	25	17
64	1	2	28	29
64	1	2	29	13
64	1	2	30	45
64	1	2	31	8
64	1	2	32	40
64	1	2	33	21
64	1	2	36	28
64	1	2	37	10
64	1	2	38	42
64	1	2	39	1
64	1	2	40	33
64	1	2	41	19
64	1	2	44	31
64	1	2	45	15
64	1	2	46	48
64	1	2	47	5
64	1	2	48	37
64	1	2	49	23
64	1	2	52	25
64	1	2	53	12
64	1	2	54	44
64	1	2	55	3
64	1	2	56	36
64	1	2	57	18
64	1	2	60	30
64	1	2	61	14
64	1	2	62	46
64	1	2	63	7
65	1	1	0	37
65	1	1	1	7
65	1	1	3	20
65	1	1	4	26
65	1	1	6	42
65	1	1	7	16
65	1	1	8	34
65	1	1	9	2
65	1	1	11	23
65	1	1	12	32
65	1	1	14	48
65	1	1	15	10
65	1	1	16	39
65	1	1	17	6
65	1	1	19	17
65	1	1	20	27
65	1	1	22	43
65	1	1	23	13
65	1	1	24	36
65	1	1	25	4
65	1	1	27	22
65	1	1	28	30
65	1	1	30	46
65	1	1	31	11
65	1	1	32	38
65	1	1	33	8
65	1	1	35	19
65	1	1	36	25
65	1	1	38	41
65	1	1	39	15
65	1	1	40	33
65	1	1	41	1
65	1	1	43	24
65	1	1	44	31
65	1	1	46	47
65	1	1	47	9
65	1	1	48	40
65	1	1	49	5
65	1	1	51	18
65	1	1	52	28
65	1	1	54	44
65	1	1	55	14
65	1	1	56	35
65	1	1	57	3
65	1	1	59	21
65	1	1	60	29
65	1	1	62	45
65	1	1	63	12
65	1	2	0	44
65	1	2	1	13
65	1	2	2	27
65	1	2	3	4
65	1	2	5	18
65	1	2	6	39
65	1	2	8	48
65	1	2	9	11
65	1	2	10	29
65	1	2	11	8
65	1	2	13	23
65	1	2	14	34
65	1	2	16	42
65	1	2	17	16
65	1	2	18	25
65	1	2	19	1
65	1	2	21	19
65	1	2	22	37
65	1	2	24	45
65	1	2	25	10
65	1	2	26	32
65	1	2	27	6
65	1	2	29	22
65	1	2	30	36
65	1	2	32	43
65	1	2	33	14
65	1	2	34	28
65	1	2	35	3
65	1	2	37	17
65	1	2	38	40
65	1	2	40	47
65	1	2	41	12
65	1	2	42	30
65	1	2	43	7
65	1	2	45	24
65	1	2	46	33
65	1	2	48	41
65	1	2	49	15
65	1	2	50	26
65	1	2	51	2
65	1	2	53	20
65	1	2	54	38
65	1	2	56	46
65	1	2	57	9
65	1	2	58	31
65	1	2	59	5
65	1	2	61	21
65	1	2	62	35
65	2	1	0	9
65	2	1	1	47
65	2	1	3	27
65	2	1	4	17
65	2	1	6	8
65	2	1	7	38
65	2	1	8	14
65	2	1	9	44
65	2	1	11	29
65	2	1	12	24
65	2	1	14	1
65	2	1	15	35
65	2	1	16	12
65	2	1	17	46
65	2	1	19	26
65	2	1	20	20
65	2	1	22	5
65	2	1	23	40
65	2	1	24	16
65	2	1	25	42
65	2	1	27	32
65	2	1	28	22
65	2	1	30	3
65	2	1	31	34
65	2	1	32	10
65	2	1	33	48
65	2	1	35	28
65	2	1	36	18
65	2	1	38	7
65	2	1	39	37
65	2	1	40	13
65	2	1	41	43
65	2	1	43	30
65	2	1	44	23
65	2	1	46	2
65	2	1	47	36
65	2	1	48	11
65	2	1	49	45
65	2	1	51	25
65	2	1	52	19
65	2	1	54	6
65	2	1	55	39
65	2	1	56	15
65	2	1	57	41
65	2	1	59	31
65	2	1	60	21
65	2	1	62	4
65	2	1	63	33
65	2	2	0	45
65	2	2	2	40
65	2	2	3	22
65	2	2	5	2
65	2	2	6	32
65	2	2	7	9
65	2	2	8	42
65	2	2	10	36
65	2	2	11	18
65	2	2	13	5
65	2	2	14	27
65	2	2	15	16
65	2	2	16	48
65	2	2	18	38
65	2	2	19	23
65	2	2	21	4
65	2	2	22	30
65	2	2	23	11
65	2	2	24	44
65	2	2	26	34
65	2	2	27	19
65	2	2	29	8
65	2	2	30	25
65	2	2	31	13
65	2	2	32	46
65	2	2	34	39
65	2	2	35	21
65	2	2	37	1
65	2	2	38	31
65	2	2	39	10
65	2	2	40	41
65	2	2	42	35
65	2	2	43	17
65	2	2	45	6
65	2	2	46	28
65	2	2	47	15
65	2	2	48	47
65	2	2	50	37
65	2	2	51	24
65	2	2	53	3
65	2	2	54	29
65	2	2	55	12
65	2	2	56	43
65	2	2	58	33
65	2	2	59	20
65	2	2	61	7
65	2	2	62	26
65	2	2	63	14
65	3	1	0	2
65	3	1	1	46
65	3	1	2	22
65	3	1	3	29
65	3	1	6	16
65	3	1	7	36
65	3	1	8	8
65	3	1	9	41
65	3	1	10	18
65	3	1	11	28
65	3	1	14	10
65	3	1	15	39
65	3	1	16	3
65	3	1	17	47
65	3	1	18	24
65	3	1	19	32
65	3	1	22	13
65	3	1	23	34
65	3	1	24	6
65	3	1	25	43
65	3	1	26	19
65	3	1	27	26
65	3	1	30	11
65	3	1	31	38
65	3	1	32	1
65	3	1	33	45
65	3	1	34	21
65	3	1	35	30
65	3	1	38	15
65	3	1	39	35
65	3	1	40	7
65	3	1	41	42
65	3	1	42	17
65	3	1	43	27
65	3	1	46	9
65	3	1	47	40
65	3	1	48	4
65	3	1	49	48
65	3	1	50	23
65	3	1	51	31
65	3	1	54	14
65	3	1	55	33
65	3	1	56	5
65	3	1	57	44
65	3	1	58	20
65	3	1	59	25
65	3	1	62	12
65	3	1	63	37
65	3	2	0	12
65	3	2	3	28
65	3	2	4	17
65	3	2	5	43
65	3	2	6	5
65	3	2	7	35
65	3	2	8	16
65	3	2	11	29
65	3	2	12	24
65	3	2	13	48
65	3	2	14	2
65	3	2	15	38
65	3	2	16	9
65	3	2	19	26
65	3	2	20	19
65	3	2	21	41
65	3	2	22	7
65	3	2	23	34
65	3	2	24	13
65	3	2	27	31
65	3	2	28	21
65	3	2	29	46
65	3	2	30	4
65	3	2	31	39
65	3	2	32	11
65	3	2	35	27
65	3	2	36	18
65	3	2	37	44
65	3	2	38	6
65	3	2	39	36
65	3	2	40	15
65	3	2	43	30
65	3	2	44	23
65	3	2	45	47
65	3	2	46	1
65	3	2	47	37
65	3	2	48	10
65	3	2	51	25
65	3	2	52	20
65	3	2	53	42
65	3	2	54	8
65	3	2	55	33
65	3	2	56	14
65	3	2	59	32
65	3	2	60	22
65	3	2	61	45
65	3	2	62	3
65	3	2	63	40
65	4	1	0	28
65	4	1	1	10
65	4	1	2	47
65	4	1	3	3
65	4	1	4	36
65	4	1	5	24
65	4	1	8	29
65	4	1	9	15
65	4	1	10	41
65	4	1	11	8
65	4	1	12	37
65	4	1	13	19
65	4	1	16	26
65	4	1	17	11
65	4	1	18	46
65	4	1	19	1
65	4	1	20	34
65	4	1	21	22
65	4	1	24	31
65	4	1	25	13
65	4	1	26	44
65	4	1	27	6
65	4	1	28	39
65	4	1	29	18
65	4	1	32	27
65	4	1	33	9
65	4	1	34	48
65	4	1	35	4
65	4	1	36	35
65	4	1	37	23
65	4	1	40	30
65	4	1	41	16
65	4	1	42	42
65	4	1	43	7
65	4	1	44	38
65	4	1	45	20
65	4	1	48	25
65	4	1	49	12
65	4	1	50	45
65	4	1	51	2
65	4	1	52	33
65	4	1	53	21
65	4	1	56	32
65	4	1	57	14
65	4	1	58	43
65	4	1	59	5
65	4	1	60	40
65	4	1	61	17
65	4	2	0	29
65	4	2	1	14
65	4	2	2	44
65	4	2	4	34
65	4	2	5	19
65	4	2	7	3
65	4	2	8	28
65	4	2	9	12
65	4	2	10	47
65	4	2	12	37
65	4	2	13	22
65	4	2	15	5
65	4	2	16	32
65	4	2	17	16
65	4	2	18	41
65	4	2	20	35
65	4	2	21	17
65	4	2	23	1
65	4	2	24	25
65	4	2	25	10
65	4	2	26	46
65	4	2	28	40
65	4	2	29	24
65	4	2	31	8
65	4	2	32	30
65	4	2	33	13
65	4	2	34	43
65	4	2	36	33
65	4	2	37	20
65	4	2	39	4
65	4	2	40	27
65	4	2	41	11
65	4	2	42	48
65	4	2	44	38
65	4	2	45	21
65	4	2	47	6
65	4	2	48	31
65	4	2	49	15
65	4	2	50	42
65	4	2	52	36
65	4	2	53	18
65	4	2	55	2
65	4	2	56	26
65	4	2	57	9
65	4	2	58	45
65	4	2	60	39
65	4	2	61	23
65	4	2	63	7
65	7	1	0	1
65	7	1	1	25
65	7	1	2	14
65	7	1	3	41
65	7	1	5	34
65	7	1	6	17
65	7	1	8	7
65	7	1	9	32
65	7	1	10	11
65	7	1	11	45
65	7	1	13	39
65	7	1	14	23
65	7	1	16	3
65	7	1	17	27
65	7	1	18	15
65	7	1	19	43
65	7	1	21	36
65	7	1	22	20
65	7	1	24	6
65	7	1	25	29
65	7	1	26	9
65	7	1	27	47
65	7	1	29	38
65	7	1	30	22
65	7	1	32	2
65	7	1	33	26
65	7	1	34	13
65	7	1	35	42
65	7	1	37	33
65	7	1	38	18
65	7	1	40	8
65	7	1	41	31
65	7	1	42	12
65	7	1	43	46
65	7	1	45	40
65	7	1	46	24
65	7	1	48	4
65	7	1	49	28
65	7	1	50	16
65	7	1	51	44
65	7	1	53	35
65	7	1	54	19
65	7	1	56	5
65	7	1	57	30
65	7	1	58	10
65	7	1	59	48
65	7	1	61	37
65	7	1	62	21
65	7	2	0	25
65	7	2	1	3
65	7	2	3	20
65	7	2	4	34
65	7	2	6	45
65	7	2	7	11
65	7	2	8	29
65	7	2	9	8
65	7	2	11	22
65	7	2	12	40
65	7	2	14	44
65	7	2	15	15
65	7	2	16	28
65	7	2	17	1
65	7	2	19	17
65	7	2	20	36
65	7	2	22	48
65	7	2	23	9
65	7	2	24	32
65	7	2	25	5
65	7	2	27	24
65	7	2	28	37
65	7	2	30	42
65	7	2	31	13
65	7	2	32	26
65	7	2	33	4
65	7	2	35	19
65	7	2	36	33
65	7	2	38	46
65	7	2	39	12
65	7	2	40	30
65	7	2	41	7
65	7	2	43	21
65	7	2	44	39
65	7	2	46	43
65	7	2	47	16
65	7	2	48	27
65	7	2	49	2
65	7	2	51	18
65	7	2	52	35
65	7	2	54	47
65	7	2	55	10
65	7	2	56	31
65	7	2	57	6
65	7	2	59	23
65	7	2	60	38
65	7	2	62	41
65	7	2	63	14
66	1	1	0	44
66	1	1	1	16
66	1	1	2	35
66	1	1	3	8
66	1	1	5	19
66	1	1	6	25
66	1	1	8	48
66	1	1	9	11
66	1	1	10	40
66	1	1	11	3
66	1	1	13	23
66	1	1	14	32
66	1	1	16	42
66	1	1	17	14
66	1	1	18	34
66	1	1	19	5
66	1	1	21	18
66	1	1	22	27
66	1	1	24	45
66	1	1	25	10
66	1	1	26	37
66	1	1	27	1
66	1	1	29	21
66	1	1	30	29
66	1	1	32	43
66	1	1	33	15
66	1	1	34	36
66	1	1	35	7
66	1	1	37	20
66	1	1	38	26
66	1	1	40	47
66	1	1	41	12
66	1	1	42	39
66	1	1	43	4
66	1	1	45	24
66	1	1	46	31
66	1	1	48	41
66	1	1	49	13
66	1	1	50	33
66	1	1	51	6
66	1	1	53	17
66	1	1	54	28
66	1	1	56	46
66	1	1	57	9
66	1	1	58	38
66	1	1	59	2
66	1	1	61	22
66	1	1	62	30
66	1	2	0	47
66	1	2	2	35
66	1	2	3	18
66	1	2	5	5
66	1	2	6	25
66	1	2	7	12
66	1	2	8	43
66	1	2	10	39
66	1	2	11	22
66	1	2	13	2
66	1	2	14	30
66	1	2	15	15
66	1	2	16	46
66	1	2	18	34
66	1	2	19	20
66	1	2	21	8
66	1	2	22	27
66	1	2	23	10
66	1	2	24	42
66	1	2	26	38
66	1	2	27	23
66	1	2	29	4
66	1	2	30	31
66	1	2	31	14
66	1	2	32	48
66	1	2	34	36
66	1	2	35	17
66	1	2	37	6
66	1	2	38	26
66	1	2	39	11
66	1	2	40	44
66	1	2	42	40
66	1	2	43	21
66	1	2	45	1
66	1	2	46	29
66	1	2	47	16
66	1	2	48	45
66	1	2	50	33
66	1	2	51	19
66	1	2	53	7
66	1	2	54	28
66	1	2	55	9
66	1	2	56	41
66	1	2	58	37
66	1	2	59	24
66	1	2	61	3
66	1	2	62	32
66	1	2	63	13
67	4	1	0	18
67	4	1	1	33
67	4	1	2	6
67	4	1	4	11
67	4	1	5	29
67	4	1	7	41
67	4	1	8	23
67	4	1	9	39
67	4	1	10	4
67	4	1	12	15
67	4	1	13	25
67	4	1	15	48
67	4	1	16	19
67	4	1	17	36
67	4	1	18	8
67	4	1	20	9
67	4	1	21	32
67	4	1	23	44
67	4	1	24	21
67	4	1	25	37
67	4	1	26	1
67	4	1	28	14
67	4	1	29	27
67	4	1	31	46
67	4	1	32	17
67	4	1	33	34
67	4	1	34	5
67	4	1	36	12
67	4	1	37	30
67	4	1	39	42
67	4	1	40	24
67	4	1	41	40
67	4	1	42	3
67	4	1	44	16
67	4	1	45	26
67	4	1	47	47
67	4	1	48	20
67	4	1	49	35
67	4	1	50	7
67	4	1	52	10
67	4	1	53	31
67	4	1	55	43
67	4	1	56	22
67	4	1	57	38
67	4	1	58	2
67	4	1	60	13
67	4	1	61	28
67	4	1	63	45
67	4	2	0	28
67	4	2	1	3
67	4	2	3	24
67	4	2	4	35
67	4	2	6	45
67	4	2	7	16
67	4	2	8	32
67	4	2	9	6
67	4	2	11	17
67	4	2	12	37
67	4	2	14	43
67	4	2	15	12
67	4	2	16	25
67	4	2	17	2
67	4	2	19	22
67	4	2	20	34
67	4	2	22	48
67	4	2	23	13
67	4	2	24	30
67	4	2	25	8
67	4	2	27	19
67	4	2	28	40
67	4	2	30	42
67	4	2	31	9
67	4	2	32	27
67	4	2	33	4
67	4	2	35	23
67	4	2	36	36
67	4	2	38	46
67	4	2	39	15
67	4	2	40	31
67	4	2	41	5
67	4	2	43	18
67	4	2	44	38
67	4	2	46	44
67	4	2	47	11
67	4	2	48	26
67	4	2	49	1
67	4	2	51	21
67	4	2	52	33
67	4	2	54	47
67	4	2	55	14
67	4	2	56	29
67	4	2	57	7
67	4	2	59	20
67	4	2	60	39
67	4	2	62	41
67	4	2	63	10
67	7	1	0	34
67	7	1	2	46
67	7	1	3	14
67	7	1	4	29
67	7	1	5	7
67	7	1	7	20
67	7	1	8	38
67	7	1	10	43
67	7	1	11	10
67	7	1	12	27
67	7	1	13	2
67	7	1	15	21
67	7	1	16	35
67	7	1	18	48
67	7	1	19	16
67	7	1	20	31
67	7	1	21	5
67	7	1	23	17
67	7	1	24	40
67	7	1	26	41
67	7	1	27	11
67	7	1	28	26
67	7	1	29	4
67	7	1	31	23
67	7	1	32	33
67	7	1	34	45
67	7	1	35	13
67	7	1	36	30
67	7	1	37	8
67	7	1	39	19
67	7	1	40	37
67	7	1	42	44
67	7	1	43	9
67	7	1	44	28
67	7	1	45	1
67	7	1	47	22
67	7	1	48	36
67	7	1	50	47
67	7	1	51	15
67	7	1	52	32
67	7	1	53	6
67	7	1	55	18
67	7	1	56	39
67	7	1	58	42
67	7	1	59	12
67	7	1	60	25
67	7	1	61	3
67	7	1	63	24
67	7	2	0	16
67	7	2	1	44
67	7	2	3	27
67	7	2	4	19
67	7	2	6	4
67	7	2	7	34
67	7	2	8	12
67	7	2	9	47
67	7	2	11	31
67	7	2	12	21
67	7	2	14	7
67	7	2	15	40
67	7	2	16	14
67	7	2	17	42
67	7	2	19	26
67	7	2	20	17
67	7	2	22	2
67	7	2	23	35
67	7	2	24	9
67	7	2	25	45
67	7	2	27	30
67	7	2	28	24
67	7	2	30	6
67	7	2	31	38
67	7	2	32	15
67	7	2	33	43
67	7	2	35	28
67	7	2	36	20
67	7	2	38	3
67	7	2	39	33
67	7	2	40	11
67	7	2	41	48
67	7	2	43	32
67	7	2	44	22
67	7	2	46	8
67	7	2	47	39
67	7	2	48	13
67	7	2	49	41
67	7	2	51	25
67	7	2	52	18
67	7	2	54	1
67	7	2	55	36
67	7	2	56	10
67	7	2	57	46
67	7	2	59	29
67	7	2	60	23
67	7	2	62	5
67	7	2	63	37
68	1	1	0	27
68	1	1	1	23
68	1	1	3	3
68	1	1	4	40
68	1	1	5	9
68	1	1	6	44
68	1	1	8	32
68	1	1	9	17
68	1	1	11	8
68	1	1	12	36
68	1	1	13	16
68	1	1	14	48
68	1	1	16	26
68	1	1	17	22
68	1	1	19	2
68	1	1	20	38
68	1	1	21	11
68	1	1	22	42
68	1	1	24	29
68	1	1	25	20
68	1	1	27	5
68	1	1	28	33
68	1	1	29	14
68	1	1	30	45
68	1	1	32	28
68	1	1	33	24
68	1	1	35	4
68	1	1	36	39
68	1	1	37	10
68	1	1	38	43
68	1	1	40	31
68	1	1	41	18
68	1	1	43	7
68	1	1	44	35
68	1	1	45	15
68	1	1	46	47
68	1	1	48	25
68	1	1	49	21
68	1	1	51	1
68	1	1	52	37
68	1	1	53	12
68	1	1	54	41
68	1	1	56	30
68	1	1	57	19
68	1	1	59	6
68	1	1	60	34
68	1	1	61	13
68	1	1	62	46
68	1	2	0	12
68	1	2	1	38
68	1	2	2	2
68	1	2	3	44
68	1	2	4	20
68	1	2	5	30
68	1	2	8	15
68	1	2	9	34
68	1	2	10	6
68	1	2	11	46
68	1	2	12	21
68	1	2	13	25
68	1	2	16	9
68	1	2	17	39
68	1	2	18	3
68	1	2	19	42
68	1	2	20	17
68	1	2	21	31
68	1	2	24	13
68	1	2	25	35
68	1	2	26	8
68	1	2	27	48
68	1	2	28	24
68	1	2	29	27
68	1	2	32	11
68	1	2	33	37
68	1	2	34	1
68	1	2	35	43
68	1	2	36	19
68	1	2	37	29
68	1	2	40	16
68	1	2	41	33
68	1	2	42	5
68	1	2	43	45
68	1	2	44	22
68	1	2	45	26
68	1	2	48	10
68	1	2	49	40
68	1	2	50	4
68	1	2	51	41
68	1	2	52	18
68	1	2	53	32
68	1	2	56	14
68	1	2	57	36
68	1	2	58	7
68	1	2	59	47
68	1	2	60	23
68	1	2	61	28
69	1	2	0	44
69	1	2	1	24
69	1	2	2	25
69	1	2	3	2
69	1	2	5	16
69	1	2	6	37
69	1	2	8	48
69	1	2	9	17
69	1	2	10	29
69	1	2	11	5
69	1	2	13	12
69	1	2	14	33
69	1	2	16	42
69	1	2	17	21
69	1	2	18	27
69	1	2	19	4
69	1	2	21	14
69	1	2	22	40
69	1	2	24	46
69	1	2	25	19
69	1	2	26	32
69	1	2	27	7
69	1	2	29	10
69	1	2	30	36
69	1	2	32	43
69	1	2	33	23
69	1	2	34	26
69	1	2	35	1
69	1	2	37	15
69	1	2	38	38
69	1	2	40	47
69	1	2	41	18
69	1	2	42	30
69	1	2	43	6
69	1	2	45	11
69	1	2	46	34
69	1	2	48	41
69	1	2	49	22
69	1	2	50	28
69	1	2	51	3
69	1	2	53	13
69	1	2	54	39
69	1	2	56	45
69	1	2	57	20
69	1	2	58	31
69	1	2	59	8
69	1	2	61	9
69	1	2	62	35
69	2	1	0	40
69	2	1	1	15
69	2	1	3	7
69	2	1	4	25
69	2	1	5	24
69	2	1	6	46
69	2	1	8	36
69	2	1	9	9
69	2	1	11	2
69	2	1	12	30
69	2	1	13	20
69	2	1	14	42
69	2	1	16	38
69	2	1	17	13
69	2	1	19	5
69	2	1	20	28
69	2	1	21	21
69	2	1	22	48
69	2	1	24	34
69	2	1	25	12
69	2	1	27	3
69	2	1	28	31
69	2	1	29	17
69	2	1	30	44
69	2	1	32	39
69	2	1	33	16
69	2	1	35	8
69	2	1	36	26
69	2	1	37	23
69	2	1	38	45
69	2	1	40	35
69	2	1	41	10
69	2	1	43	1
69	2	1	44	29
69	2	1	45	19
69	2	1	46	41
69	2	1	48	37
69	2	1	49	14
69	2	1	51	6
69	2	1	52	27
69	2	1	53	22
69	2	1	54	47
69	2	1	56	33
69	2	1	57	11
69	2	1	59	4
69	2	1	60	32
69	2	1	61	18
69	2	1	62	43
69	2	2	0	47
69	2	2	1	14
69	2	2	2	36
69	2	2	3	6
69	2	2	5	20
69	2	2	6	31
69	2	2	8	44
69	2	2	9	11
69	2	2	10	39
69	2	2	11	3
69	2	2	13	22
69	2	2	14	28
69	2	2	16	46
69	2	2	17	16
69	2	2	18	33
69	2	2	19	7
69	2	2	21	18
69	2	2	22	30
69	2	2	24	42
69	2	2	25	10
69	2	2	26	37
69	2	2	27	1
69	2	2	29	24
69	2	2	30	26
69	2	2	32	48
69	2	2	33	13
69	2	2	34	35
69	2	2	35	5
69	2	2	37	19
69	2	2	38	32
69	2	2	40	43
69	2	2	41	12
69	2	2	42	40
69	2	2	43	4
69	2	2	45	21
69	2	2	46	27
69	2	2	48	45
69	2	2	49	15
69	2	2	50	34
69	2	2	51	8
69	2	2	53	17
69	2	2	54	29
69	2	2	56	41
69	2	2	57	9
69	2	2	58	38
69	2	2	59	2
69	2	2	61	23
69	2	2	62	25
69	4	1	1	32
69	4	1	2	24
69	4	1	3	45
69	4	1	4	5
69	4	1	5	37
69	4	1	6	12
69	4	1	9	27
69	4	1	10	18
69	4	1	11	44
69	4	1	12	1
69	4	1	13	35
69	4	1	14	16
69	4	1	17	29
69	4	1	18	22
69	4	1	19	48
69	4	1	20	7
69	4	1	21	40
69	4	1	22	9
69	4	1	25	26
69	4	1	26	19
69	4	1	27	42
69	4	1	28	3
69	4	1	29	34
69	4	1	30	14
69	4	1	33	31
69	4	1	34	23
69	4	1	35	46
69	4	1	36	6
69	4	1	37	38
69	4	1	38	11
69	4	1	41	28
69	4	1	42	17
69	4	1	43	43
69	4	1	44	2
69	4	1	45	36
69	4	1	46	15
69	4	1	49	30
69	4	1	50	21
69	4	1	51	47
69	4	1	52	8
69	4	1	53	39
69	4	1	54	10
69	4	1	57	25
69	4	1	58	20
69	4	1	59	41
69	4	1	60	4
69	4	1	61	33
69	4	1	62	13
69	4	2	2	32
69	4	2	3	16
69	4	2	4	42
69	4	2	5	2
69	4	2	6	35
69	4	2	7	18
69	4	2	10	28
69	4	2	11	10
69	4	2	12	46
69	4	2	13	8
69	4	2	14	39
69	4	2	15	24
69	4	2	18	29
69	4	2	19	14
69	4	2	20	44
69	4	2	21	3
69	4	2	22	34
69	4	2	23	20
69	4	2	26	26
69	4	2	27	12
69	4	2	28	47
69	4	2	29	5
69	4	2	30	38
69	4	2	31	21
69	4	2	34	31
69	4	2	35	15
69	4	2	36	41
69	4	2	37	1
69	4	2	38	36
69	4	2	39	17
69	4	2	42	27
69	4	2	43	9
69	4	2	44	45
69	4	2	45	7
69	4	2	46	40
69	4	2	47	23
69	4	2	50	30
69	4	2	51	13
69	4	2	52	43
69	4	2	53	4
69	4	2	54	33
69	4	2	55	19
69	4	2	58	25
69	4	2	59	11
69	4	2	60	48
69	4	2	61	6
69	4	2	62	37
69	4	2	63	22
70	2	1	0	41
70	2	1	2	33
70	2	1	3	24
70	2	1	5	1
70	2	1	6	25
70	2	1	7	15
70	2	1	8	45
70	2	1	10	40
70	2	1	11	20
70	2	1	13	6
70	2	1	14	30
70	2	1	15	12
70	2	1	16	44
70	2	1	18	35
70	2	1	19	21
70	2	1	21	3
70	2	1	22	28
70	2	1	23	13
70	2	1	24	47
70	2	1	26	38
70	2	1	27	17
70	2	1	29	8
70	2	1	30	32
70	2	1	31	10
70	2	1	32	42
70	2	1	34	34
70	2	1	35	23
70	2	1	37	2
70	2	1	38	26
70	2	1	39	16
70	2	1	40	46
70	2	1	42	39
70	2	1	43	19
70	2	1	45	5
70	2	1	46	29
70	2	1	47	11
70	2	1	48	43
70	2	1	50	36
70	2	1	51	22
70	2	1	53	4
70	2	1	54	27
70	2	1	55	14
70	2	1	56	48
70	2	1	58	37
70	2	1	59	18
70	2	1	61	7
70	2	1	62	31
70	2	1	63	9
70	2	2	1	47
70	2	2	2	11
70	2	2	3	35
70	2	2	4	3
70	2	2	6	24
70	2	2	7	30
70	2	2	9	44
70	2	2	10	15
70	2	2	11	38
70	2	2	12	8
70	2	2	14	19
70	2	2	15	28
70	2	2	17	45
70	2	2	18	10
70	2	2	19	34
70	2	2	20	1
70	2	2	22	21
70	2	2	23	31
70	2	2	25	41
70	2	2	26	14
70	2	2	27	39
70	2	2	28	6
70	2	2	30	18
70	2	2	31	26
70	2	2	33	48
70	2	2	34	12
70	2	2	35	36
70	2	2	36	4
70	2	2	38	23
70	2	2	39	29
70	2	2	41	43
70	2	2	42	16
70	2	2	43	37
70	2	2	44	7
70	2	2	46	20
70	2	2	47	27
70	2	2	49	46
70	2	2	50	9
70	2	2	51	33
70	2	2	52	2
70	2	2	54	22
70	2	2	55	32
70	2	2	57	42
70	2	2	58	13
70	2	2	59	40
70	2	2	60	5
70	2	2	62	17
70	2	2	63	25
70	3	1	0	34
70	3	1	1	15
70	3	1	3	4
70	3	1	4	27
70	3	1	5	21
70	3	1	6	41
70	3	1	8	39
70	3	1	9	12
70	3	1	11	7
70	3	1	12	29
70	3	1	13	19
70	3	1	14	47
70	3	1	16	35
70	3	1	17	13
70	3	1	19	1
70	3	1	20	26
70	3	1	21	23
70	3	1	22	43
70	3	1	24	38
70	3	1	25	9
70	3	1	27	5
70	3	1	28	31
70	3	1	29	17
70	3	1	30	46
70	3	1	32	33
70	3	1	33	16
70	3	1	35	3
70	3	1	36	28
70	3	1	37	22
70	3	1	38	42
70	3	1	40	40
70	3	1	41	11
70	3	1	43	8
70	3	1	44	30
70	3	1	45	20
70	3	1	46	48
70	3	1	48	36
70	3	1	49	14
70	3	1	51	2
70	3	1	52	25
70	3	1	53	24
70	3	1	54	44
70	3	1	56	37
70	3	1	57	10
70	3	1	59	6
70	3	1	60	32
70	3	1	61	18
70	3	1	62	45
70	3	2	1	46
70	3	2	2	9
70	3	2	3	26
70	3	2	4	8
70	3	2	6	23
70	3	2	7	38
70	3	2	9	41
70	3	2	10	15
70	3	2	11	30
70	3	2	12	4
70	3	2	14	18
70	3	2	15	33
70	3	2	17	47
70	3	2	18	12
70	3	2	19	27
70	3	2	20	6
70	3	2	22	22
70	3	2	23	40
70	3	2	25	44
70	3	2	26	13
70	3	2	27	31
70	3	2	28	1
70	3	2	30	19
70	3	2	31	35
70	3	2	33	45
70	3	2	34	10
70	3	2	35	25
70	3	2	36	7
70	3	2	38	24
70	3	2	39	37
70	3	2	41	42
70	3	2	42	16
70	3	2	43	29
70	3	2	44	3
70	3	2	46	17
70	3	2	47	34
70	3	2	49	48
70	3	2	50	11
70	3	2	51	28
70	3	2	52	5
70	3	2	54	21
70	3	2	55	39
70	3	2	57	43
70	3	2	58	14
70	3	2	59	32
70	3	2	60	2
70	3	2	62	20
70	3	2	63	36
70	4	1	0	9
70	4	1	2	5
70	4	1	3	30
70	4	1	4	22
70	4	1	5	47
70	4	1	7	39
70	4	1	8	15
70	4	1	10	1
70	4	1	11	26
70	4	1	12	17
70	4	1	13	41
70	4	1	15	34
70	4	1	16	11
70	4	1	18	7
70	4	1	19	32
70	4	1	20	23
70	4	1	21	46
70	4	1	23	37
70	4	1	24	13
70	4	1	26	3
70	4	1	27	28
70	4	1	28	20
70	4	1	29	43
70	4	1	31	36
70	4	1	32	10
70	4	1	34	6
70	4	1	35	29
70	4	1	36	21
70	4	1	37	48
70	4	1	39	40
70	4	1	40	16
70	4	1	42	2
70	4	1	43	25
70	4	1	44	18
70	4	1	45	42
70	4	1	47	33
70	4	1	48	12
70	4	1	50	8
70	4	1	51	31
70	4	1	52	24
70	4	1	53	45
70	4	1	55	38
70	4	1	56	14
70	4	1	58	4
70	4	1	59	27
70	4	1	60	19
70	4	1	61	44
70	4	1	63	35
70	4	2	0	30
70	4	2	1	22
70	4	2	3	1
70	4	2	4	37
70	4	2	5	14
70	4	2	6	46
70	4	2	8	25
70	4	2	9	19
70	4	2	11	7
70	4	2	12	36
70	4	2	13	11
70	4	2	14	44
70	4	2	16	31
70	4	2	17	24
70	4	2	19	3
70	4	2	20	39
70	4	2	21	15
70	4	2	22	47
70	4	2	24	28
70	4	2	25	17
70	4	2	27	6
70	4	2	28	33
70	4	2	29	9
70	4	2	30	41
70	4	2	32	29
70	4	2	33	21
70	4	2	35	2
70	4	2	36	38
70	4	2	37	13
70	4	2	38	45
70	4	2	40	26
70	4	2	41	20
70	4	2	43	8
70	4	2	44	35
70	4	2	45	12
70	4	2	46	43
70	4	2	48	32
70	4	2	49	23
70	4	2	51	4
70	4	2	52	40
70	4	2	53	16
70	4	2	54	48
70	4	2	56	27
70	4	2	57	18
70	4	2	59	5
70	4	2	60	34
70	4	2	61	10
70	4	2	62	42
70	6	1	0	20
70	6	1	1	47
70	6	1	3	28
70	6	1	4	11
70	6	1	6	4
70	6	1	7	39
70	6	1	8	24
70	6	1	9	42
70	6	1	11	29
70	6	1	12	13
70	6	1	14	5
70	6	1	15	33
70	6	1	16	17
70	6	1	17	45
70	6	1	19	25
70	6	1	20	9
70	6	1	22	2
70	6	1	23	37
70	6	1	24	22
70	6	1	25	44
70	6	1	27	31
70	6	1	28	15
70	6	1	30	8
70	6	1	31	35
70	6	1	32	19
70	6	1	33	48
70	6	1	35	27
70	6	1	36	12
70	6	1	38	3
70	6	1	39	40
70	6	1	40	23
70	6	1	41	41
70	6	1	43	30
70	6	1	44	14
70	6	1	46	6
70	6	1	47	34
70	6	1	48	18
70	6	1	49	46
70	6	1	51	26
70	6	1	52	10
70	6	1	54	1
70	6	1	55	38
70	6	1	56	21
70	6	1	57	43
70	6	1	59	32
70	6	1	60	16
70	6	1	62	7
70	6	1	63	36
70	6	2	0	19
70	6	2	1	31
70	6	2	3	45
70	6	2	4	9
70	6	2	5	39
70	6	2	6	1
70	6	2	8	22
70	6	2	9	28
70	6	2	11	42
70	6	2	12	14
70	6	2	13	33
70	6	2	14	8
70	6	2	16	17
70	6	2	17	29
70	6	2	19	47
70	6	2	20	11
70	6	2	21	38
70	6	2	22	4
70	6	2	24	24
70	6	2	25	26
70	6	2	27	44
70	6	2	28	16
70	6	2	29	36
70	6	2	30	6
70	6	2	32	20
70	6	2	33	32
70	6	2	35	46
70	6	2	36	10
70	6	2	37	40
70	6	2	38	2
70	6	2	40	21
70	6	2	41	27
70	6	2	43	41
70	6	2	44	13
70	6	2	45	34
70	6	2	46	7
70	6	2	48	18
70	6	2	49	30
70	6	2	51	48
70	6	2	52	12
70	6	2	53	37
70	6	2	54	3
70	6	2	56	23
70	6	2	57	25
70	6	2	59	43
70	6	2	60	15
70	6	2	61	35
70	6	2	62	5
71	4	1	0	38
71	4	1	2	48
71	4	1	3	23
71	4	1	4	28
71	4	1	5	3
71	4	1	7	9
71	4	1	8	34
71	4	1	10	43
71	4	1	11	20
71	4	1	12	32
71	4	1	13	7
71	4	1	15	16
71	4	1	16	39
71	4	1	18	45
71	4	1	19	21
71	4	1	20	25
71	4	1	21	2
71	4	1	23	11
71	4	1	24	36
71	4	1	26	42
71	4	1	27	18
71	4	1	28	30
71	4	1	29	6
71	4	1	31	13
71	4	1	32	37
71	4	1	34	47
71	4	1	35	24
71	4	1	36	27
71	4	1	37	4
71	4	1	39	10
71	4	1	40	33
71	4	1	42	44
71	4	1	43	19
71	4	1	44	31
71	4	1	45	8
71	4	1	47	15
71	4	1	48	40
71	4	1	50	46
71	4	1	51	22
71	4	1	52	26
71	4	1	53	1
71	4	1	55	12
71	4	1	56	35
71	4	1	58	41
71	4	1	59	17
71	4	1	60	29
71	4	1	61	5
71	4	1	63	14
71	4	2	0	9
71	4	2	1	47
71	4	2	2	3
71	4	2	3	34
71	4	2	4	20
71	4	2	7	30
71	4	2	8	13
71	4	2	9	41
71	4	2	10	7
71	4	2	11	38
71	4	2	12	21
71	4	2	15	25
71	4	2	16	12
71	4	2	17	46
71	4	2	18	1
71	4	2	19	36
71	4	2	20	17
71	4	2	23	32
71	4	2	24	15
71	4	2	25	44
71	4	2	26	5
71	4	2	27	40
71	4	2	28	23
71	4	2	31	28
71	4	2	32	10
71	4	2	33	48
71	4	2	34	4
71	4	2	35	33
71	4	2	36	19
71	4	2	39	29
71	4	2	40	14
71	4	2	41	42
71	4	2	42	8
71	4	2	43	37
71	4	2	44	22
71	4	2	47	26
71	4	2	48	11
71	4	2	49	45
71	4	2	50	2
71	4	2	51	35
71	4	2	52	18
71	4	2	55	31
71	4	2	56	16
71	4	2	57	43
71	4	2	58	6
71	4	2	59	39
71	4	2	60	24
71	4	2	63	27
71	6	1	0	18
71	6	1	1	43
71	6	1	3	37
71	6	1	4	11
71	6	1	6	3
71	6	1	7	27
71	6	1	8	21
71	6	1	9	48
71	6	1	11	36
71	6	1	12	13
71	6	1	14	6
71	6	1	15	32
71	6	1	16	20
71	6	1	17	42
71	6	1	19	39
71	6	1	20	10
71	6	1	22	2
71	6	1	23	25
71	6	1	24	23
71	6	1	25	45
71	6	1	27	33
71	6	1	28	16
71	6	1	30	7
71	6	1	31	30
71	6	1	32	17
71	6	1	33	44
71	6	1	35	38
71	6	1	36	12
71	6	1	38	4
71	6	1	39	28
71	6	1	40	22
71	6	1	41	47
71	6	1	43	35
71	6	1	44	14
71	6	1	46	5
71	6	1	47	31
71	6	1	48	19
71	6	1	49	41
71	6	1	51	40
71	6	1	52	9
71	6	1	54	1
71	6	1	55	26
71	6	1	56	24
71	6	1	57	46
71	6	1	59	34
71	6	1	60	15
71	6	1	62	8
71	6	1	63	29
71	6	2	0	14
71	6	2	1	42
71	6	2	3	38
71	6	2	4	20
71	6	2	6	3
71	6	2	7	27
71	6	2	8	10
71	6	2	9	48
71	6	2	11	36
71	6	2	12	23
71	6	2	14	6
71	6	2	15	29
71	6	2	16	16
71	6	2	17	43
71	6	2	19	39
71	6	2	20	17
71	6	2	22	2
71	6	2	23	25
71	6	2	24	11
71	6	2	25	46
71	6	2	27	33
71	6	2	28	21
71	6	2	30	7
71	6	2	31	31
71	6	2	32	13
71	6	2	33	41
71	6	2	35	37
71	6	2	36	19
71	6	2	38	4
71	6	2	39	28
71	6	2	40	9
71	6	2	41	47
71	6	2	43	35
71	6	2	44	24
71	6	2	46	5
71	6	2	47	30
71	6	2	48	15
71	6	2	49	44
71	6	2	51	40
71	6	2	52	18
71	6	2	54	1
71	6	2	55	26
71	6	2	56	12
71	6	2	57	45
71	6	2	59	34
71	6	2	60	22
71	6	2	62	8
71	6	2	63	32
72	2	1	0	32
72	2	1	2	42
72	2	1	3	24
72	2	1	4	36
72	2	1	5	4
72	2	1	7	13
72	2	1	8	28
72	2	1	10	45
72	2	1	11	19
72	2	1	12	38
72	2	1	13	8
72	2	1	15	9
72	2	1	16	29
72	2	1	18	44
72	2	1	19	22
72	2	1	20	33
72	2	1	21	2
72	2	1	23	15
72	2	1	24	26
72	2	1	26	48
72	2	1	27	17
72	2	1	28	40
72	2	1	29	6
72	2	1	31	12
72	2	1	32	31
72	2	1	34	41
72	2	1	35	23
72	2	1	36	35
72	2	1	37	3
72	2	1	39	14
72	2	1	40	27
72	2	1	42	46
72	2	1	43	20
72	2	1	44	37
72	2	1	45	7
72	2	1	47	10
72	2	1	48	30
72	2	1	50	43
72	2	1	51	21
72	2	1	52	34
72	2	1	53	1
72	2	1	55	16
72	2	1	56	25
72	2	1	58	47
72	2	1	59	18
72	2	1	60	39
72	2	1	61	5
72	2	1	63	11
72	2	2	0	15
72	2	2	1	28
72	2	2	4	21
72	2	2	5	35
72	2	2	6	5
72	2	2	7	44
72	2	2	8	11
72	2	2	9	32
72	2	2	12	18
72	2	2	13	38
72	2	2	14	1
72	2	2	15	48
72	2	2	16	14
72	2	2	17	26
72	2	2	20	23
72	2	2	21	34
72	2	2	22	8
72	2	2	23	41
72	2	2	24	10
72	2	2	25	29
72	2	2	28	19
72	2	2	29	39
72	2	2	30	4
72	2	2	31	46
72	2	2	32	16
72	2	2	33	27
72	2	2	36	22
72	2	2	37	36
72	2	2	38	6
72	2	2	39	43
72	2	2	40	12
72	2	2	41	31
72	2	2	44	17
72	2	2	45	37
72	2	2	46	2
72	2	2	47	47
72	2	2	48	13
72	2	2	49	25
72	2	2	52	24
72	2	2	53	33
72	2	2	54	7
72	2	2	55	42
72	2	2	56	9
72	2	2	57	30
72	2	2	60	20
72	2	2	61	40
72	2	2	62	3
72	2	2	63	45
72	3	1	0	26
72	3	1	1	3
72	3	1	2	43
72	3	1	3	9
72	3	1	4	33
72	3	1	7	24
72	3	1	8	31
72	3	1	9	5
72	3	1	10	48
72	3	1	11	14
72	3	1	12	37
72	3	1	15	19
72	3	1	16	28
72	3	1	17	1
72	3	1	18	42
72	3	1	19	12
72	3	1	20	35
72	3	1	23	21
72	3	1	24	30
72	3	1	25	7
72	3	1	26	46
72	3	1	27	15
72	3	1	28	39
72	3	1	31	18
72	3	1	32	25
72	3	1	33	4
72	3	1	34	44
72	3	1	35	10
72	3	1	36	34
72	3	1	39	23
72	3	1	40	32
72	3	1	41	6
72	3	1	42	47
72	3	1	43	13
72	3	1	44	38
72	3	1	47	20
72	3	1	48	27
72	3	1	49	2
72	3	1	50	41
72	3	1	51	11
72	3	1	52	36
72	3	1	55	22
72	3	1	56	29
72	3	1	57	8
72	3	1	58	45
72	3	1	59	16
72	3	1	60	40
72	3	1	63	17
72	3	2	0	46
72	3	2	1	3
72	3	2	2	40
72	3	2	3	11
72	3	2	6	26
72	3	2	7	23
72	3	2	8	42
72	3	2	9	7
72	3	2	10	36
72	3	2	11	16
72	3	2	14	30
72	3	2	15	17
72	3	2	16	48
72	3	2	17	2
72	3	2	18	37
72	3	2	19	10
72	3	2	22	27
72	3	2	23	21
72	3	2	24	44
72	3	2	25	5
72	3	2	26	33
72	3	2	27	14
72	3	2	30	31
72	3	2	31	20
72	3	2	32	45
72	3	2	33	4
72	3	2	34	39
72	3	2	35	12
72	3	2	38	25
72	3	2	39	24
72	3	2	40	41
72	3	2	41	8
72	3	2	42	35
72	3	2	43	15
72	3	2	46	29
72	3	2	47	18
72	3	2	48	47
72	3	2	49	1
72	3	2	50	38
72	3	2	51	9
72	3	2	54	28
72	3	2	55	22
72	3	2	56	43
72	3	2	57	6
72	3	2	58	34
72	3	2	59	13
72	3	2	62	32
72	3	2	63	19
72	4	1	2	39
72	4	1	3	22
72	4	1	4	43
72	4	1	5	5
72	4	1	6	29
72	4	1	7	13
72	4	1	10	34
72	4	1	11	18
72	4	1	12	48
72	4	1	13	2
72	4	1	14	27
72	4	1	15	12
72	4	1	18	38
72	4	1	19	24
72	4	1	20	42
72	4	1	21	8
72	4	1	22	31
72	4	1	23	16
72	4	1	26	36
72	4	1	27	19
72	4	1	28	46
72	4	1	29	4
72	4	1	30	26
72	4	1	31	10
72	4	1	34	40
72	4	1	35	21
72	4	1	36	44
72	4	1	37	6
72	4	1	38	30
72	4	1	39	14
72	4	1	42	33
72	4	1	43	17
72	4	1	44	47
72	4	1	45	1
72	4	1	46	28
72	4	1	47	11
72	4	1	50	37
72	4	1	51	23
72	4	1	52	41
72	4	1	53	7
72	4	1	54	32
72	4	1	55	15
72	4	1	58	35
72	4	1	59	20
72	4	1	60	45
72	4	1	61	3
72	4	1	62	25
72	4	1	63	9
72	4	2	0	40
72	4	2	1	5
72	4	2	3	11
72	4	2	4	31
72	4	2	6	44
72	4	2	7	20
72	4	2	8	33
72	4	2	9	4
72	4	2	11	15
72	4	2	12	28
72	4	2	14	47
72	4	2	15	23
72	4	2	16	38
72	4	2	17	7
72	4	2	19	10
72	4	2	20	30
72	4	2	22	42
72	4	2	23	18
72	4	2	24	36
72	4	2	25	1
72	4	2	27	14
72	4	2	28	25
72	4	2	30	46
72	4	2	31	21
72	4	2	32	39
72	4	2	33	6
72	4	2	35	12
72	4	2	36	32
72	4	2	38	43
72	4	2	39	19
72	4	2	40	34
72	4	2	41	3
72	4	2	43	16
72	4	2	44	27
72	4	2	46	48
72	4	2	47	24
72	4	2	48	37
72	4	2	49	8
72	4	2	51	9
72	4	2	52	29
72	4	2	54	41
72	4	2	55	17
72	4	2	56	35
72	4	2	57	2
72	4	2	59	13
72	4	2	60	26
72	4	2	62	45
72	4	2	63	22
72	5	1	0	44
72	5	1	1	5
72	5	1	2	26
72	5	1	3	23
72	5	1	6	39
72	5	1	7	15
72	5	1	8	48
72	5	1	9	3
72	5	1	10	32
72	5	1	11	19
72	5	1	14	34
72	5	1	15	9
72	5	1	16	42
72	5	1	17	8
72	5	1	18	27
72	5	1	19	22
72	5	1	22	38
72	5	1	23	13
72	5	1	24	45
72	5	1	25	1
72	5	1	26	30
72	5	1	27	17
72	5	1	30	36
72	5	1	31	12
72	5	1	32	43
72	5	1	33	6
72	5	1	34	25
72	5	1	35	24
72	5	1	38	40
72	5	1	39	16
72	5	1	40	47
72	5	1	41	4
72	5	1	42	31
72	5	1	43	20
72	5	1	46	33
72	5	1	47	10
72	5	1	48	41
72	5	1	49	7
72	5	1	50	28
72	5	1	51	21
72	5	1	54	37
72	5	1	55	14
72	5	1	56	46
72	5	1	57	2
72	5	1	58	29
72	5	1	59	18
72	5	1	62	35
72	5	1	63	11
72	5	2	0	48
72	5	2	2	29
72	5	2	3	18
72	5	2	5	2
72	5	2	6	33
72	5	2	7	9
72	5	2	8	44
72	5	2	10	26
72	5	2	11	22
72	5	2	13	7
72	5	2	14	38
72	5	2	15	16
72	5	2	16	46
72	5	2	18	32
72	5	2	19	19
72	5	2	21	3
72	5	2	22	35
72	5	2	23	12
72	5	2	24	42
72	5	2	26	27
72	5	2	27	23
72	5	2	29	5
72	5	2	30	40
72	5	2	31	13
72	5	2	32	47
72	5	2	34	30
72	5	2	35	17
72	5	2	37	1
72	5	2	38	34
72	5	2	39	10
72	5	2	40	43
72	5	2	42	25
72	5	2	43	21
72	5	2	45	8
72	5	2	46	37
72	5	2	47	15
72	5	2	48	45
72	5	2	50	31
72	5	2	51	20
72	5	2	53	4
72	5	2	54	36
72	5	2	55	11
72	5	2	56	41
72	5	2	58	28
72	5	2	59	24
72	5	2	61	6
72	5	2	62	39
72	5	2	63	14
72	6	1	0	14
72	6	1	1	42
72	6	1	2	8
72	6	1	3	32
72	6	1	4	23
72	6	1	7	39
72	6	1	8	10
72	6	1	9	47
72	6	1	10	4
72	6	1	11	25
72	6	1	12	18
72	6	1	15	36
72	6	1	16	15
72	6	1	17	43
72	6	1	18	5
72	6	1	19	30
72	6	1	20	22
72	6	1	23	38
72	6	1	24	12
72	6	1	25	46
72	6	1	26	1
72	6	1	27	27
72	6	1	28	20
72	6	1	31	33
72	6	1	32	13
72	6	1	33	41
72	6	1	34	7
72	6	1	35	31
72	6	1	36	24
72	6	1	39	40
72	6	1	40	9
72	6	1	41	48
72	6	1	42	3
72	6	1	43	26
72	6	1	44	17
72	6	1	47	35
72	6	1	48	16
72	6	1	49	44
72	6	1	50	6
72	6	1	51	29
72	6	1	52	21
72	6	1	55	37
72	6	1	56	11
72	6	1	57	45
72	6	1	58	2
72	6	1	59	28
72	6	1	60	19
72	6	1	63	34
72	6	2	0	40
72	6	2	3	22
72	6	2	4	26
72	6	2	5	3
72	6	2	6	44
72	6	2	7	13
72	6	2	8	34
72	6	2	11	19
72	6	2	12	29
72	6	2	13	6
72	6	2	14	46
72	6	2	15	9
72	6	2	16	38
72	6	2	19	23
72	6	2	20	28
72	6	2	21	1
72	6	2	22	41
72	6	2	23	16
72	6	2	24	35
72	6	2	27	17
72	6	2	28	32
72	6	2	29	8
72	6	2	30	48
72	6	2	31	12
72	6	2	32	39
72	6	2	35	21
72	6	2	36	25
72	6	2	37	4
72	6	2	38	43
72	6	2	39	14
72	6	2	40	33
72	6	2	43	20
72	6	2	44	30
72	6	2	45	5
72	6	2	46	45
72	6	2	47	10
72	6	2	48	37
72	6	2	51	24
72	6	2	52	27
72	6	2	53	2
72	6	2	54	42
72	6	2	55	15
72	6	2	56	36
72	6	2	59	18
72	6	2	60	31
72	6	2	61	7
72	6	2	62	47
72	6	2	63	11
73	2	1	0	35
73	2	1	1	24
73	2	1	3	4
73	2	1	4	29
73	2	1	5	16
73	2	1	6	44
73	2	1	8	37
73	2	1	9	17
73	2	1	11	5
73	2	1	12	26
73	2	1	13	12
73	2	1	14	47
73	2	1	16	34
73	2	1	17	22
73	2	1	19	2
73	2	1	20	32
73	2	1	21	13
73	2	1	22	42
73	2	1	24	39
73	2	1	25	20
73	2	1	27	8
73	2	1	28	28
73	2	1	29	9
73	2	1	30	45
73	2	1	32	36
73	2	1	33	23
73	2	1	35	3
73	2	1	36	30
73	2	1	37	15
73	2	1	38	43
73	2	1	40	38
73	2	1	41	18
73	2	1	43	6
73	2	1	44	25
73	2	1	45	11
73	2	1	46	48
73	2	1	48	33
73	2	1	49	21
73	2	1	51	1
73	2	1	52	31
73	2	1	53	14
73	2	1	54	41
73	2	1	56	40
73	2	1	57	19
73	2	1	59	7
73	2	1	60	27
73	2	1	61	10
73	2	1	62	46
73	2	2	0	15
73	2	2	1	39
73	2	2	4	18
73	2	2	5	26
73	2	2	6	6
73	2	2	7	46
73	2	2	8	10
73	2	2	9	36
73	2	2	12	24
73	2	2	13	30
73	2	2	14	1
73	2	2	15	41
73	2	2	16	14
73	2	2	17	38
73	2	2	20	20
73	2	2	21	27
73	2	2	22	7
73	2	2	23	48
73	2	2	24	11
73	2	2	25	33
73	2	2	28	22
73	2	2	29	31
73	2	2	30	4
73	2	2	31	44
73	2	2	32	16
73	2	2	33	40
73	2	2	36	17
73	2	2	37	25
73	2	2	38	5
73	2	2	39	45
73	2	2	40	9
73	2	2	41	35
73	2	2	44	23
73	2	2	45	29
73	2	2	46	2
73	2	2	47	42
73	2	2	48	13
73	2	2	49	37
73	2	2	52	19
73	2	2	53	28
73	2	2	54	8
73	2	2	55	47
73	2	2	56	12
73	2	2	57	34
73	2	2	60	21
73	2	2	61	32
73	2	2	62	3
73	2	2	63	43
73	3	1	0	22
73	3	1	1	27
73	3	1	2	7
73	3	1	4	16
73	3	1	5	38
73	3	1	7	48
73	3	1	8	19
73	3	1	9	31
73	3	1	10	3
73	3	1	12	10
73	3	1	13	36
73	3	1	15	41
73	3	1	16	24
73	3	1	17	25
73	3	1	18	6
73	3	1	20	14
73	3	1	21	39
73	3	1	23	46
73	3	1	24	17
73	3	1	25	30
73	3	1	26	1
73	3	1	28	12
73	3	1	29	34
73	3	1	31	44
73	3	1	32	21
73	3	1	33	28
73	3	1	34	8
73	3	1	36	15
73	3	1	37	37
73	3	1	39	47
73	3	1	40	20
73	3	1	41	32
73	3	1	42	4
73	3	1	44	9
73	3	1	45	35
73	3	1	47	42
73	3	1	48	23
73	3	1	49	26
73	3	1	50	5
73	3	1	52	13
73	3	1	53	40
73	3	1	55	45
73	3	1	56	18
73	3	1	57	29
73	3	1	58	2
73	3	1	60	11
73	3	1	61	33
73	3	1	63	43
73	3	2	0	14
73	3	2	2	5
73	3	2	3	33
73	3	2	4	19
73	3	2	5	48
73	3	2	7	26
73	3	2	8	12
73	3	2	10	3
73	3	2	11	39
73	3	2	12	24
73	3	2	13	42
73	3	2	15	32
73	3	2	16	16
73	3	2	18	8
73	3	2	19	36
73	3	2	20	18
73	3	2	21	46
73	3	2	23	28
73	3	2	24	10
73	3	2	26	1
73	3	2	27	38
73	3	2	28	22
73	3	2	29	44
73	3	2	31	30
73	3	2	32	13
73	3	2	34	6
73	3	2	35	34
73	3	2	36	20
73	3	2	37	47
73	3	2	39	25
73	3	2	40	11
73	3	2	42	4
73	3	2	43	40
73	3	2	44	23
73	3	2	45	41
73	3	2	47	31
73	3	2	48	15
73	3	2	50	7
73	3	2	51	35
73	3	2	52	17
73	3	2	53	45
73	3	2	55	27
73	3	2	56	9
73	3	2	58	2
73	3	2	59	37
73	3	2	60	21
73	3	2	61	43
73	3	2	63	29
73	4	1	0	39
73	4	1	1	16
73	4	1	4	26
73	4	1	5	23
73	4	1	6	46
73	4	1	7	1
73	4	1	8	36
73	4	1	9	12
73	4	1	12	31
73	4	1	13	19
73	4	1	14	41
73	4	1	15	5
73	4	1	16	37
73	4	1	17	14
73	4	1	20	27
73	4	1	21	22
73	4	1	22	47
73	4	1	23	4
73	4	1	24	34
73	4	1	25	9
73	4	1	28	29
73	4	1	29	17
73	4	1	30	44
73	4	1	31	8
73	4	1	32	40
73	4	1	33	15
73	4	1	36	25
73	4	1	37	24
73	4	1	38	45
73	4	1	39	2
73	4	1	40	35
73	4	1	41	11
73	4	1	44	32
73	4	1	45	20
73	4	1	46	42
73	4	1	47	6
73	4	1	48	38
73	4	1	49	13
73	4	1	52	28
73	4	1	53	21
73	4	1	54	48
73	4	1	55	3
73	4	1	56	33
73	4	1	57	10
73	4	1	60	30
73	4	1	61	18
73	4	1	62	43
73	4	1	63	7
73	4	2	1	4
73	4	2	2	38
73	4	2	3	13
73	4	2	4	45
73	4	2	6	32
73	4	2	7	24
73	4	2	9	6
73	4	2	10	35
73	4	2	11	11
73	4	2	12	42
73	4	2	14	27
73	4	2	15	18
73	4	2	17	1
73	4	2	18	39
73	4	2	19	15
73	4	2	20	47
73	4	2	22	29
73	4	2	23	21
73	4	2	25	7
73	4	2	26	34
73	4	2	27	9
73	4	2	28	44
73	4	2	30	25
73	4	2	31	20
73	4	2	33	3
73	4	2	34	37
73	4	2	35	14
73	4	2	36	46
73	4	2	38	31
73	4	2	39	23
73	4	2	41	5
73	4	2	42	36
73	4	2	43	12
73	4	2	44	41
73	4	2	46	28
73	4	2	47	17
73	4	2	49	2
73	4	2	50	40
73	4	2	51	16
73	4	2	52	48
73	4	2	54	30
73	4	2	55	22
73	4	2	57	8
73	4	2	58	33
73	4	2	59	10
73	4	2	60	43
73	4	2	62	26
73	4	2	63	19
73	5	1	0	20
73	5	1	1	38
73	5	1	2	6
73	5	1	4	9
73	5	1	5	26
73	5	1	7	43
73	5	1	8	21
73	5	1	9	34
73	5	1	10	3
73	5	1	12	14
73	5	1	13	29
73	5	1	15	48
73	5	1	16	17
73	5	1	17	40
73	5	1	18	7
73	5	1	20	11
73	5	1	21	27
73	5	1	23	41
73	5	1	24	23
73	5	1	25	35
73	5	1	26	1
73	5	1	28	15
73	5	1	29	31
73	5	1	31	45
73	5	1	32	19
73	5	1	33	37
73	5	1	34	5
73	5	1	36	10
73	5	1	37	25
73	5	1	39	44
73	5	1	40	22
73	5	1	41	33
73	5	1	42	4
73	5	1	44	13
73	5	1	45	30
73	5	1	47	47
73	5	1	48	18
73	5	1	49	39
73	5	1	50	8
73	5	1	52	12
73	5	1	53	28
73	5	1	55	42
73	5	1	56	24
73	5	1	57	36
73	5	1	58	2
73	5	1	60	16
73	5	1	61	32
73	5	1	63	46
73	5	2	0	1
73	5	2	1	39
73	5	2	2	19
73	5	2	5	26
73	5	2	6	11
73	5	2	7	43
73	5	2	8	8
73	5	2	9	33
73	5	2	10	24
73	5	2	13	29
73	5	2	14	14
73	5	2	15	45
73	5	2	16	4
73	5	2	17	37
73	5	2	18	18
73	5	2	21	27
73	5	2	22	9
73	5	2	23	42
73	5	2	24	6
73	5	2	25	36
73	5	2	26	22
73	5	2	29	31
73	5	2	30	16
73	5	2	31	48
73	5	2	32	2
73	5	2	33	40
73	5	2	34	20
73	5	2	37	25
73	5	2	38	12
73	5	2	39	44
73	5	2	40	7
73	5	2	41	34
73	5	2	42	23
73	5	2	45	30
73	5	2	46	13
73	5	2	47	46
73	5	2	48	3
73	5	2	49	38
73	5	2	50	17
73	5	2	53	28
73	5	2	54	10
73	5	2	55	41
73	5	2	56	5
73	5	2	57	35
73	5	2	58	21
73	5	2	61	32
73	5	2	62	15
73	5	2	63	47
73	6	1	0	1
73	6	1	1	46
73	6	1	2	20
73	6	1	3	33
73	6	1	6	12
73	6	1	7	28
73	6	1	8	7
73	6	1	9	43
73	6	1	10	22
73	6	1	11	40
73	6	1	14	16
73	6	1	15	32
73	6	1	16	3
73	6	1	17	48
73	6	1	18	17
73	6	1	19	35
73	6	1	22	9
73	6	1	23	26
73	6	1	24	6
73	6	1	25	41
73	6	1	26	24
73	6	1	27	37
73	6	1	30	14
73	6	1	31	29
73	6	1	32	2
73	6	1	33	45
73	6	1	34	19
73	6	1	35	34
73	6	1	38	11
73	6	1	39	27
73	6	1	40	8
73	6	1	41	44
73	6	1	42	21
73	6	1	43	39
73	6	1	46	15
73	6	1	47	31
73	6	1	48	4
73	6	1	49	47
73	6	1	50	18
73	6	1	51	36
73	6	1	54	10
73	6	1	55	25
73	6	1	56	5
73	6	1	57	42
73	6	1	58	23
73	6	1	59	38
73	6	1	62	13
73	6	1	63	30
73	6	2	0	22
73	6	2	1	27
73	6	2	4	13
73	6	2	5	38
73	6	2	6	1
73	6	2	7	46
73	6	2	8	18
73	6	2	9	30
73	6	2	12	11
73	6	2	13	33
73	6	2	14	6
73	6	2	15	41
73	6	2	16	24
73	6	2	17	25
73	6	2	20	16
73	6	2	21	39
73	6	2	22	3
73	6	2	23	47
73	6	2	24	19
73	6	2	25	32
73	6	2	28	9
73	6	2	29	35
73	6	2	30	8
73	6	2	31	43
73	6	2	32	21
73	6	2	33	28
73	6	2	36	14
73	6	2	37	37
73	6	2	38	2
73	6	2	39	45
73	6	2	40	17
73	6	2	41	29
73	6	2	44	12
73	6	2	45	34
73	6	2	46	5
73	6	2	47	42
73	6	2	48	23
73	6	2	49	26
73	6	2	52	15
73	6	2	53	40
73	6	2	54	4
73	6	2	55	48
73	6	2	56	20
73	6	2	57	31
73	6	2	60	10
73	6	2	61	36
73	6	2	62	7
73	6	2	63	44
74	1	1	0	7
74	1	1	1	27
74	1	1	2	22
74	1	1	5	34
74	1	1	6	13
74	1	1	7	48
74	1	1	8	1
74	1	1	9	29
74	1	1	10	20
74	1	1	13	37
74	1	1	14	11
74	1	1	15	42
74	1	1	16	5
74	1	1	17	25
74	1	1	18	24
74	1	1	21	35
74	1	1	22	15
74	1	1	23	45
74	1	1	24	3
74	1	1	25	32
74	1	1	26	18
74	1	1	29	40
74	1	1	30	10
74	1	1	31	43
74	1	1	32	8
74	1	1	33	28
74	1	1	34	21
74	1	1	37	33
74	1	1	38	14
74	1	1	39	47
74	1	1	40	2
74	1	1	41	30
74	1	1	42	19
74	1	1	45	38
74	1	1	46	12
74	1	1	47	41
74	1	1	48	6
74	1	1	49	26
74	1	1	50	23
74	1	1	53	36
74	1	1	54	16
74	1	1	55	46
74	1	1	56	4
74	1	1	57	31
74	1	1	58	17
74	1	1	61	39
74	1	1	62	9
74	1	1	63	44
74	1	2	0	5
74	1	2	1	43
74	1	2	2	22
74	1	2	3	26
74	1	2	6	12
74	1	2	7	36
74	1	2	8	1
74	1	2	9	47
74	1	2	10	17
74	1	2	11	31
74	1	2	14	16
74	1	2	15	38
74	1	2	16	7
74	1	2	17	42
74	1	2	18	23
74	1	2	19	27
74	1	2	22	10
74	1	2	23	34
74	1	2	24	3
74	1	2	25	46
74	1	2	26	20
74	1	2	27	29
74	1	2	30	13
74	1	2	31	39
74	1	2	32	6
74	1	2	33	44
74	1	2	34	21
74	1	2	35	25
74	1	2	38	11
74	1	2	39	35
74	1	2	40	2
74	1	2	41	48
74	1	2	42	18
74	1	2	43	32
74	1	2	46	15
74	1	2	47	37
74	1	2	48	8
74	1	2	49	41
74	1	2	50	24
74	1	2	51	28
74	1	2	54	9
74	1	2	55	33
74	1	2	56	4
74	1	2	57	45
74	1	2	58	19
74	1	2	59	30
74	1	2	62	14
74	1	2	63	40
75	4	1	2	20
75	4	1	3	31
75	4	1	4	7
75	4	1	5	48
75	4	1	6	13
75	4	1	7	36
75	4	1	10	22
75	4	1	11	26
75	4	1	12	2
75	4	1	13	41
75	4	1	14	12
75	4	1	15	40
75	4	1	18	17
75	4	1	19	29
75	4	1	20	6
75	4	1	21	45
75	4	1	22	16
75	4	1	23	34
75	4	1	26	24
75	4	1	27	28
75	4	1	28	3
75	4	1	29	44
75	4	1	30	9
75	4	1	31	38
75	4	1	34	19
75	4	1	35	32
75	4	1	36	8
75	4	1	37	47
75	4	1	38	14
75	4	1	39	35
75	4	1	42	21
75	4	1	43	25
75	4	1	44	1
75	4	1	45	42
75	4	1	46	11
75	4	1	47	39
75	4	1	50	18
75	4	1	51	30
75	4	1	52	5
75	4	1	53	46
75	4	1	54	15
75	4	1	55	33
75	4	1	58	23
75	4	1	59	27
75	4	1	60	4
75	4	1	61	43
75	4	1	62	10
75	4	1	63	37
75	4	2	0	10
75	4	2	1	32
75	4	2	2	5
75	4	2	3	42
75	4	2	4	21
75	4	2	5	38
75	4	2	8	13
75	4	2	9	26
75	4	2	10	1
75	4	2	11	46
75	4	2	12	18
75	4	2	13	35
75	4	2	16	11
75	4	2	17	30
75	4	2	18	8
75	4	2	19	43
75	4	2	20	23
75	4	2	21	39
75	4	2	24	16
75	4	2	25	28
75	4	2	26	4
75	4	2	27	47
75	4	2	28	19
75	4	2	29	34
75	4	2	32	9
75	4	2	33	31
75	4	2	34	6
75	4	2	35	41
75	4	2	36	22
75	4	2	37	37
75	4	2	40	14
75	4	2	41	25
75	4	2	42	2
75	4	2	43	45
75	4	2	44	17
75	4	2	45	36
75	4	2	48	12
75	4	2	49	29
75	4	2	50	7
75	4	2	51	44
75	4	2	52	24
75	4	2	53	40
75	4	2	56	15
75	4	2	57	27
75	4	2	58	3
75	4	2	59	48
75	4	2	60	20
75	4	2	61	33
75	7	1	1	1
75	7	1	2	35
75	7	1	3	22
75	7	1	4	41
75	7	1	6	26
75	7	1	7	9
75	7	1	9	8
75	7	1	10	38
75	7	1	11	20
75	7	1	12	45
75	7	1	14	30
75	7	1	15	15
75	7	1	17	4
75	7	1	18	34
75	7	1	19	23
75	7	1	20	43
75	7	1	22	28
75	7	1	23	12
75	7	1	25	6
75	7	1	26	39
75	7	1	27	17
75	7	1	28	48
75	7	1	30	32
75	7	1	31	13
75	7	1	33	2
75	7	1	34	36
75	7	1	35	21
75	7	1	36	42
75	7	1	38	25
75	7	1	39	10
75	7	1	41	7
75	7	1	42	37
75	7	1	43	19
75	7	1	44	46
75	7	1	46	29
75	7	1	47	16
75	7	1	49	3
75	7	1	50	33
75	7	1	51	24
75	7	1	52	44
75	7	1	54	27
75	7	1	55	11
75	7	1	57	5
75	7	1	58	40
75	7	1	59	18
75	7	1	60	47
75	7	1	62	31
75	7	1	63	14
75	7	2	0	3
75	7	2	1	33
75	7	2	2	23
75	7	2	5	26
75	7	2	6	13
75	7	2	7	46
75	7	2	8	6
75	7	2	9	39
75	7	2	10	19
75	7	2	13	30
75	7	2	14	10
75	7	2	15	43
75	7	2	16	2
75	7	2	17	35
75	7	2	18	21
75	7	2	21	27
75	7	2	22	15
75	7	2	23	48
75	7	2	24	8
75	7	2	25	37
75	7	2	26	17
75	7	2	29	32
75	7	2	30	11
75	7	2	31	42
75	7	2	32	4
75	7	2	33	34
75	7	2	34	24
75	7	2	37	25
75	7	2	38	14
75	7	2	39	45
75	7	2	40	5
75	7	2	41	40
75	7	2	42	20
75	7	2	45	29
75	7	2	46	9
75	7	2	47	44
75	7	2	48	1
75	7	2	49	36
75	7	2	50	22
75	7	2	53	28
75	7	2	54	16
75	7	2	55	47
75	7	2	56	7
75	7	2	57	38
75	7	2	58	18
75	7	2	61	31
75	7	2	62	12
75	7	2	63	41
76	1	1	0	22
76	1	1	3	28
76	1	1	4	9
76	1	1	5	47
76	1	1	6	1
76	1	1	7	39
76	1	1	8	19
76	1	1	11	32
76	1	1	12	16
76	1	1	13	42
76	1	1	14	5
76	1	1	15	33
76	1	1	16	23
76	1	1	19	25
76	1	1	20	12
76	1	1	21	45
76	1	1	22	4
76	1	1	23	38
76	1	1	24	17
76	1	1	27	30
76	1	1	28	14
76	1	1	29	44
76	1	1	30	8
76	1	1	31	35
76	1	1	32	21
76	1	1	35	27
76	1	1	36	10
76	1	1	37	48
76	1	1	38	2
76	1	1	39	40
76	1	1	40	20
76	1	1	43	31
76	1	1	44	15
76	1	1	45	41
76	1	1	46	6
76	1	1	47	34
76	1	1	48	24
76	1	1	51	26
76	1	1	52	11
76	1	1	53	46
76	1	1	54	3
76	1	1	55	37
76	1	1	56	18
76	1	1	59	29
76	1	1	60	13
76	1	1	61	43
76	1	1	62	7
76	1	1	63	36
76	1	2	0	46
76	1	2	1	14
76	1	2	2	33
76	1	2	3	3
76	1	2	5	21
76	1	2	6	32
76	1	2	8	42
76	1	2	9	10
76	1	2	10	40
76	1	2	11	6
76	1	2	13	19
76	1	2	14	25
76	1	2	16	47
76	1	2	17	16
76	1	2	18	35
76	1	2	19	2
76	1	2	21	23
76	1	2	22	29
76	1	2	24	43
76	1	2	25	11
76	1	2	26	38
76	1	2	27	8
76	1	2	29	18
76	1	2	30	27
76	1	2	32	45
76	1	2	33	13
76	1	2	34	34
76	1	2	35	4
76	1	2	37	22
76	1	2	38	31
76	1	2	40	41
76	1	2	41	9
76	1	2	42	39
76	1	2	43	5
76	1	2	45	20
76	1	2	46	26
76	1	2	48	48
76	1	2	49	15
76	1	2	50	36
76	1	2	51	1
76	1	2	53	24
76	1	2	54	30
76	1	2	56	44
76	1	2	57	12
76	1	2	58	37
76	1	2	59	7
76	1	2	61	17
76	1	2	62	28
80	4	1	0	20
80	4	1	1	40
80	4	1	2	8
80	4	1	3	42
80	4	1	4	11
80	4	1	5	30
80	4	1	8	22
80	4	1	9	33
80	4	1	10	2
80	4	1	11	45
80	4	1	12	16
80	4	1	13	26
80	4	1	16	18
80	4	1	17	38
80	4	1	18	6
80	4	1	19	43
80	4	1	20	10
80	4	1	21	31
80	4	1	24	24
80	4	1	25	36
80	4	1	26	3
80	4	1	27	48
80	4	1	28	14
80	4	1	29	28
80	4	1	32	19
80	4	1	33	39
80	4	1	34	7
80	4	1	35	41
80	4	1	36	12
80	4	1	37	29
80	4	1	40	21
80	4	1	41	34
80	4	1	42	1
80	4	1	43	46
80	4	1	44	15
80	4	1	45	25
80	4	1	48	17
80	4	1	49	37
80	4	1	50	5
80	4	1	51	44
80	4	1	52	9
80	4	1	53	32
80	4	1	56	23
80	4	1	57	35
80	4	1	58	4
80	4	1	59	47
80	4	1	60	13
80	4	1	61	27
80	4	2	2	37
80	4	2	3	19
80	4	2	4	45
80	4	2	5	7
80	4	2	6	25
80	4	2	7	12
80	4	2	10	34
80	4	2	11	21
80	4	2	12	41
80	4	2	13	4
80	4	2	14	32
80	4	2	15	13
80	4	2	18	39
80	4	2	19	18
80	4	2	20	48
80	4	2	21	6
80	4	2	22	28
80	4	2	23	10
80	4	2	26	35
80	4	2	27	23
80	4	2	28	43
80	4	2	29	2
80	4	2	30	29
80	4	2	31	16
80	4	2	34	38
80	4	2	35	20
80	4	2	36	46
80	4	2	37	8
80	4	2	38	26
80	4	2	39	11
80	4	2	42	33
80	4	2	43	22
80	4	2	44	42
80	4	2	45	3
80	4	2	46	31
80	4	2	47	14
80	4	2	50	40
80	4	2	51	17
80	4	2	52	47
80	4	2	53	5
80	4	2	54	27
80	4	2	55	9
80	4	2	58	36
80	4	2	59	24
80	4	2	60	44
80	4	2	61	1
80	4	2	62	30
80	4	2	63	15
80	7	1	0	2
80	7	1	1	48
80	7	1	2	19
80	7	1	3	39
80	7	1	6	16
80	7	1	7	29
80	7	1	8	5
80	7	1	9	42
80	7	1	10	24
80	7	1	11	34
80	7	1	14	10
80	7	1	15	25
80	7	1	16	4
80	7	1	17	45
80	7	1	18	17
80	7	1	19	37
80	7	1	22	14
80	7	1	23	32
80	7	1	24	7
80	7	1	25	44
80	7	1	26	22
80	7	1	27	36
80	7	1	30	12
80	7	1	31	28
80	7	1	32	1
80	7	1	33	47
80	7	1	34	20
80	7	1	35	40
80	7	1	38	15
80	7	1	39	30
80	7	1	40	6
80	7	1	41	41
80	7	1	42	23
80	7	1	43	33
80	7	1	46	9
80	7	1	47	26
80	7	1	48	3
80	7	1	49	46
80	7	1	50	18
80	7	1	51	38
80	7	1	54	13
80	7	1	55	31
80	7	1	56	8
80	7	1	57	43
80	7	1	58	21
80	7	1	59	35
80	7	1	62	11
80	7	1	63	27
80	7	2	2	18
80	7	2	3	32
80	7	2	4	1
80	7	2	5	43
80	7	2	6	10
80	7	2	7	35
80	7	2	10	22
80	7	2	11	26
80	7	2	12	5
80	7	2	13	45
80	7	2	14	14
80	7	2	15	37
80	7	2	18	19
80	7	2	19	30
80	7	2	20	4
80	7	2	21	41
80	7	2	22	12
80	7	2	23	33
80	7	2	26	23
80	7	2	27	28
80	7	2	28	7
80	7	2	29	47
80	7	2	30	15
80	7	2	31	39
80	7	2	34	17
80	7	2	35	31
80	7	2	36	2
80	7	2	37	44
80	7	2	38	9
80	7	2	39	36
80	7	2	42	21
80	7	2	43	25
80	7	2	44	6
80	7	2	45	46
80	7	2	46	13
80	7	2	47	38
80	7	2	50	20
80	7	2	51	29
80	7	2	52	3
80	7	2	53	42
80	7	2	54	11
80	7	2	55	34
80	7	2	58	24
80	7	2	59	27
80	7	2	60	8
80	7	2	61	48
80	7	2	62	16
80	7	2	63	40
81	2	1	0	46
81	2	1	2	30
81	2	1	3	17
81	2	1	5	6
81	2	1	6	33
81	2	1	7	11
81	2	1	8	41
81	2	1	10	27
81	2	1	11	24
81	2	1	13	1
81	2	1	14	40
81	2	1	15	13
81	2	1	16	48
81	2	1	18	32
81	2	1	19	20
81	2	1	21	8
81	2	1	22	36
81	2	1	23	10
81	2	1	24	44
81	2	1	26	26
81	2	1	27	21
81	2	1	29	3
81	2	1	30	38
81	2	1	31	15
81	2	1	32	45
81	2	1	34	29
81	2	1	35	18
81	2	1	37	5
81	2	1	38	34
81	2	1	39	12
81	2	1	40	42
81	2	1	42	28
81	2	1	43	23
81	2	1	45	2
81	2	1	46	39
81	2	1	47	14
81	2	1	48	47
81	2	1	50	31
81	2	1	51	19
81	2	1	53	7
81	2	1	54	35
81	2	1	55	9
81	2	1	56	43
81	2	1	58	25
81	2	1	59	22
81	2	1	61	4
81	2	1	62	37
81	2	1	63	16
81	2	2	1	7
81	2	2	2	29
81	2	2	3	23
81	2	2	4	41
81	2	2	6	40
81	2	2	7	12
81	2	2	9	4
81	2	2	10	26
81	2	2	11	20
81	2	2	12	48
81	2	2	14	35
81	2	2	15	13
81	2	2	17	6
81	2	2	18	31
81	2	2	19	21
81	2	2	20	43
81	2	2	22	38
81	2	2	23	9
81	2	2	25	2
81	2	2	26	27
81	2	2	27	18
81	2	2	28	45
81	2	2	30	33
81	2	2	31	16
81	2	2	33	8
81	2	2	34	30
81	2	2	35	24
81	2	2	36	42
81	2	2	38	39
81	2	2	39	11
81	2	2	41	3
81	2	2	42	25
81	2	2	43	19
81	2	2	44	47
81	2	2	46	36
81	2	2	47	14
81	2	2	49	5
81	2	2	50	32
81	2	2	51	22
81	2	2	52	44
81	2	2	54	37
81	2	2	55	10
81	2	2	57	1
81	2	2	58	28
81	2	2	59	17
81	2	2	60	46
81	2	2	62	34
81	2	2	63	15
81	3	1	0	36
81	3	1	1	17
81	3	1	3	8
81	3	1	4	31
81	3	1	5	14
81	3	1	6	42
81	3	1	8	38
81	3	1	9	21
81	3	1	11	1
81	3	1	12	27
81	3	1	13	9
81	3	1	14	45
81	3	1	16	33
81	3	1	17	20
81	3	1	19	5
81	3	1	20	30
81	3	1	21	16
81	3	1	22	43
81	3	1	24	40
81	3	1	25	23
81	3	1	27	3
81	3	1	28	25
81	3	1	29	12
81	3	1	30	48
81	3	1	32	35
81	3	1	33	18
81	3	1	35	7
81	3	1	36	32
81	3	1	37	13
81	3	1	38	41
81	3	1	40	37
81	3	1	41	22
81	3	1	43	2
81	3	1	44	28
81	3	1	45	10
81	3	1	46	46
81	3	1	48	34
81	3	1	49	19
81	3	1	51	6
81	3	1	52	29
81	3	1	53	15
81	3	1	54	44
81	3	1	56	39
81	3	1	57	24
81	3	1	59	4
81	3	1	60	26
81	3	1	61	11
81	3	1	62	47
81	3	2	0	18
81	3	2	2	6
81	3	2	3	40
81	3	2	4	14
81	3	2	5	46
81	3	2	7	32
81	3	2	8	24
81	3	2	10	2
81	3	2	11	35
81	3	2	12	10
81	3	2	13	43
81	3	2	15	28
81	3	2	16	19
81	3	2	18	8
81	3	2	19	38
81	3	2	20	15
81	3	2	21	47
81	3	2	23	30
81	3	2	24	22
81	3	2	26	3
81	3	2	27	33
81	3	2	28	12
81	3	2	29	41
81	3	2	31	25
81	3	2	32	17
81	3	2	34	5
81	3	2	35	39
81	3	2	36	13
81	3	2	37	45
81	3	2	39	31
81	3	2	40	23
81	3	2	42	1
81	3	2	43	36
81	3	2	44	9
81	3	2	45	44
81	3	2	47	27
81	3	2	48	20
81	3	2	50	7
81	3	2	51	37
81	3	2	52	16
81	3	2	53	48
81	3	2	55	29
81	3	2	56	21
81	3	2	58	4
81	3	2	59	34
81	3	2	60	11
81	3	2	61	42
81	3	2	63	26
81	4	1	1	43
81	4	1	2	11
81	4	1	3	39
81	4	1	4	3
81	4	1	6	18
81	4	1	7	30
81	4	1	9	47
81	4	1	10	15
81	4	1	11	34
81	4	1	12	8
81	4	1	14	22
81	4	1	15	25
81	4	1	17	42
81	4	1	18	10
81	4	1	19	37
81	4	1	20	2
81	4	1	22	19
81	4	1	23	32
81	4	1	25	45
81	4	1	26	14
81	4	1	27	36
81	4	1	28	5
81	4	1	30	24
81	4	1	31	27
81	4	1	33	44
81	4	1	34	12
81	4	1	35	40
81	4	1	36	4
81	4	1	38	17
81	4	1	39	29
81	4	1	41	48
81	4	1	42	16
81	4	1	43	33
81	4	1	44	7
81	4	1	46	21
81	4	1	47	26
81	4	1	49	41
81	4	1	50	9
81	4	1	51	38
81	4	1	52	1
81	4	1	54	20
81	4	1	55	31
81	4	1	57	46
81	4	1	58	13
81	4	1	59	35
81	4	1	60	6
81	4	1	62	23
81	4	1	63	28
81	4	2	0	34
81	4	2	1	22
81	4	2	2	48
81	4	2	4	27
81	4	2	5	9
81	4	2	7	7
81	4	2	8	40
81	4	2	9	20
81	4	2	10	41
81	4	2	12	31
81	4	2	13	14
81	4	2	15	2
81	4	2	16	35
81	4	2	17	23
81	4	2	18	46
81	4	2	20	26
81	4	2	21	12
81	4	2	23	6
81	4	2	24	37
81	4	2	25	17
81	4	2	26	43
81	4	2	28	29
81	4	2	29	15
81	4	2	31	4
81	4	2	32	33
81	4	2	33	21
81	4	2	34	47
81	4	2	36	28
81	4	2	37	10
81	4	2	39	8
81	4	2	40	39
81	4	2	41	19
81	4	2	42	42
81	4	2	44	32
81	4	2	45	13
81	4	2	47	1
81	4	2	48	36
81	4	2	49	24
81	4	2	50	45
81	4	2	52	25
81	4	2	53	11
81	4	2	55	5
81	4	2	56	38
81	4	2	57	18
81	4	2	58	44
81	4	2	60	30
81	4	2	61	16
81	4	2	63	3
81	5	1	0	39
81	5	1	1	18
81	5	1	2	47
81	5	1	3	5
81	5	1	4	30
81	5	1	5	12
81	5	1	8	35
81	5	1	9	21
81	5	1	10	42
81	5	1	11	2
81	5	1	12	25
81	5	1	13	14
81	5	1	16	37
81	5	1	17	20
81	5	1	18	46
81	5	1	19	7
81	5	1	20	31
81	5	1	21	10
81	5	1	24	34
81	5	1	25	23
81	5	1	26	43
81	5	1	27	4
81	5	1	28	27
81	5	1	29	15
81	5	1	32	40
81	5	1	33	17
81	5	1	34	48
81	5	1	35	6
81	5	1	36	29
81	5	1	37	11
81	5	1	40	36
81	5	1	41	22
81	5	1	42	41
81	5	1	43	1
81	5	1	44	26
81	5	1	45	13
81	5	1	48	38
81	5	1	49	19
81	5	1	50	45
81	5	1	51	8
81	5	1	52	32
81	5	1	53	9
81	5	1	56	33
81	5	1	57	24
81	5	1	58	44
81	5	1	59	3
81	5	1	60	28
81	5	1	61	16
81	5	2	0	7
81	5	2	1	35
81	5	2	2	14
81	5	2	5	26
81	5	2	6	18
81	5	2	7	48
81	5	2	8	4
81	5	2	9	38
81	5	2	10	12
81	5	2	13	32
81	5	2	14	21
81	5	2	15	43
81	5	2	16	6
81	5	2	17	34
81	5	2	18	15
81	5	2	21	27
81	5	2	22	20
81	5	2	23	46
81	5	2	24	1
81	5	2	25	39
81	5	2	26	9
81	5	2	29	29
81	5	2	30	23
81	5	2	31	42
81	5	2	32	8
81	5	2	33	36
81	5	2	34	13
81	5	2	37	25
81	5	2	38	17
81	5	2	39	47
81	5	2	40	3
81	5	2	41	37
81	5	2	42	11
81	5	2	45	31
81	5	2	46	22
81	5	2	47	44
81	5	2	48	5
81	5	2	49	33
81	5	2	50	16
81	5	2	53	28
81	5	2	54	19
81	5	2	55	45
81	5	2	56	2
81	5	2	57	40
81	5	2	58	10
81	5	2	61	30
81	5	2	62	24
81	5	2	63	41
81	6	1	0	11
81	6	1	2	3
81	6	1	3	32
81	6	1	4	19
81	6	1	5	47
81	6	1	7	39
81	6	1	8	16
81	6	1	10	7
81	6	1	11	27
81	6	1	12	22
81	6	1	13	44
81	6	1	15	33
81	6	1	16	9
81	6	1	18	2
81	6	1	19	30
81	6	1	20	18
81	6	1	21	46
81	6	1	23	37
81	6	1	24	13
81	6	1	26	5
81	6	1	27	25
81	6	1	28	23
81	6	1	29	42
81	6	1	31	35
81	6	1	32	12
81	6	1	34	4
81	6	1	35	31
81	6	1	36	20
81	6	1	37	48
81	6	1	39	40
81	6	1	40	15
81	6	1	42	8
81	6	1	43	28
81	6	1	44	21
81	6	1	45	43
81	6	1	47	34
81	6	1	48	10
81	6	1	50	1
81	6	1	51	29
81	6	1	52	17
81	6	1	53	45
81	6	1	55	38
81	6	1	56	14
81	6	1	58	6
81	6	1	59	26
81	6	1	60	24
81	6	1	61	41
81	6	1	63	36
81	6	2	0	35
81	6	2	1	4
81	6	2	3	24
81	6	2	4	28
81	6	2	6	48
81	6	2	7	16
81	6	2	8	40
81	6	2	9	8
81	6	2	11	20
81	6	2	12	30
81	6	2	14	43
81	6	2	15	12
81	6	2	16	33
81	6	2	17	1
81	6	2	19	22
81	6	2	20	25
81	6	2	22	45
81	6	2	23	14
81	6	2	24	37
81	6	2	25	6
81	6	2	27	18
81	6	2	28	31
81	6	2	30	42
81	6	2	31	10
81	6	2	32	36
81	6	2	33	3
81	6	2	35	23
81	6	2	36	27
81	6	2	38	47
81	6	2	39	15
81	6	2	40	39
81	6	2	41	7
81	6	2	43	19
81	6	2	44	29
81	6	2	46	44
81	6	2	47	11
81	6	2	48	34
81	6	2	49	2
81	6	2	51	21
81	6	2	52	26
81	6	2	54	46
81	6	2	55	13
81	6	2	56	38
81	6	2	57	5
81	6	2	59	17
81	6	2	60	32
81	6	2	62	41
81	6	2	63	9
81	7	1	0	21
81	7	1	2	3
81	7	1	3	36
81	7	1	4	14
81	7	1	5	47
81	7	1	7	25
81	7	1	8	17
81	7	1	10	8
81	7	1	11	37
81	7	1	12	9
81	7	1	13	43
81	7	1	15	31
81	7	1	16	23
81	7	1	18	1
81	7	1	19	33
81	7	1	20	15
81	7	1	21	45
81	7	1	23	27
81	7	1	24	19
81	7	1	26	6
81	7	1	27	40
81	7	1	28	11
81	7	1	29	41
81	7	1	31	29
81	7	1	32	22
81	7	1	34	4
81	7	1	35	35
81	7	1	36	13
81	7	1	37	48
81	7	1	39	26
81	7	1	40	18
81	7	1	42	7
81	7	1	43	38
81	7	1	44	10
81	7	1	45	44
81	7	1	47	32
81	7	1	48	24
81	7	1	50	2
81	7	1	51	34
81	7	1	52	16
81	7	1	53	46
81	7	1	55	28
81	7	1	56	20
81	7	1	58	5
81	7	1	59	39
81	7	1	60	12
81	7	1	61	42
81	7	1	63	30
81	7	2	0	5
81	7	2	1	25
81	7	2	2	24
81	7	2	5	38
81	7	2	6	9
81	7	2	7	47
81	7	2	8	2
81	7	2	9	32
81	7	2	10	19
81	7	2	13	33
81	7	2	14	16
81	7	2	15	44
81	7	2	16	8
81	7	2	17	27
81	7	2	18	22
81	7	2	21	39
81	7	2	22	11
81	7	2	23	46
81	7	2	24	3
81	7	2	25	30
81	7	2	26	17
81	7	2	29	35
81	7	2	30	13
81	7	2	31	41
81	7	2	32	6
81	7	2	33	26
81	7	2	34	23
81	7	2	37	37
81	7	2	38	10
81	7	2	39	48
81	7	2	40	1
81	7	2	41	31
81	7	2	42	20
81	7	2	45	34
81	7	2	46	15
81	7	2	47	43
81	7	2	48	7
81	7	2	49	28
81	7	2	50	21
81	7	2	53	40
81	7	2	54	12
81	7	2	55	45
81	7	2	56	4
81	7	2	57	29
81	7	2	58	18
81	7	2	61	36
81	7	2	62	14
81	7	2	63	42
83	1	1	0	4
83	1	1	1	47
83	1	1	2	13
83	1	1	3	26
83	1	1	6	23
83	1	1	7	38
83	1	1	8	7
83	1	1	9	44
83	1	1	10	9
83	1	1	11	29
83	1	1	14	20
83	1	1	15	33
83	1	1	16	1
83	1	1	17	45
83	1	1	18	16
83	1	1	19	27
83	1	1	22	22
83	1	1	23	39
83	1	1	24	6
83	1	1	25	42
83	1	1	26	12
83	1	1	27	31
83	1	1	30	18
83	1	1	31	35
83	1	1	32	3
83	1	1	33	48
83	1	1	34	14
83	1	1	35	25
83	1	1	38	24
83	1	1	39	37
83	1	1	40	8
83	1	1	41	43
83	1	1	42	10
83	1	1	43	30
83	1	1	46	19
83	1	1	47	34
83	1	1	48	2
83	1	1	49	46
83	1	1	50	15
83	1	1	51	28
83	1	1	54	21
83	1	1	55	40
83	1	1	56	5
83	1	1	57	41
83	1	1	58	11
83	1	1	59	32
83	1	1	62	17
83	1	1	63	36
83	1	2	2	23
83	1	2	3	32
83	1	2	4	8
83	1	2	5	44
83	1	2	6	16
83	1	2	7	34
83	1	2	10	19
83	1	2	11	28
83	1	2	12	3
83	1	2	13	45
83	1	2	14	9
83	1	2	15	37
83	1	2	18	21
83	1	2	19	30
83	1	2	20	5
83	1	2	21	41
83	1	2	22	14
83	1	2	23	36
83	1	2	26	18
83	1	2	27	26
83	1	2	28	2
83	1	2	29	48
83	1	2	30	12
83	1	2	31	40
83	1	2	34	24
83	1	2	35	31
83	1	2	36	7
83	1	2	37	43
83	1	2	38	15
83	1	2	39	33
83	1	2	42	20
83	1	2	43	27
83	1	2	44	4
83	1	2	45	46
83	1	2	46	10
83	1	2	47	38
83	1	2	50	22
83	1	2	51	29
83	1	2	52	6
83	1	2	53	42
83	1	2	54	13
83	1	2	55	35
83	1	2	58	17
83	1	2	59	25
83	1	2	60	1
83	1	2	61	47
83	1	2	62	11
83	1	2	63	39
84	4	1	0	32
84	4	1	2	43
84	4	1	3	13
84	4	1	4	37
84	4	1	5	6
84	4	1	7	21
84	4	1	8	27
84	4	1	10	45
84	4	1	11	9
84	4	1	12	34
84	4	1	13	1
84	4	1	15	20
84	4	1	16	30
84	4	1	18	42
84	4	1	19	15
84	4	1	20	39
84	4	1	21	8
84	4	1	23	24
84	4	1	24	26
84	4	1	26	47
84	4	1	27	12
84	4	1	28	35
84	4	1	29	4
84	4	1	31	18
84	4	1	32	31
84	4	1	34	44
84	4	1	35	14
84	4	1	36	38
84	4	1	37	5
84	4	1	39	22
84	4	1	40	28
84	4	1	42	46
84	4	1	43	10
84	4	1	44	33
84	4	1	45	2
84	4	1	47	19
84	4	1	48	29
84	4	1	50	41
84	4	1	51	16
84	4	1	52	40
84	4	1	53	7
84	4	1	55	23
84	4	1	56	25
84	4	1	58	48
84	4	1	59	11
84	4	1	60	36
84	4	1	61	3
84	4	1	63	17
84	4	2	1	44
84	4	2	2	13
84	4	2	3	39
84	4	2	4	3
84	4	2	6	19
84	4	2	7	29
84	4	2	9	46
84	4	2	10	11
84	4	2	11	35
84	4	2	12	5
84	4	2	14	22
84	4	2	15	25
84	4	2	17	41
84	4	2	18	16
84	4	2	19	37
84	4	2	20	2
84	4	2	22	18
84	4	2	23	31
84	4	2	25	47
84	4	2	26	9
84	4	2	27	33
84	4	2	28	8
84	4	2	30	23
84	4	2	31	28
84	4	2	33	43
84	4	2	34	14
84	4	2	35	40
84	4	2	36	4
84	4	2	38	20
84	4	2	39	30
84	4	2	41	45
84	4	2	42	12
84	4	2	43	36
84	4	2	44	6
84	4	2	46	21
84	4	2	47	26
84	4	2	49	42
84	4	2	50	15
84	4	2	51	38
84	4	2	52	1
84	4	2	54	17
84	4	2	55	32
84	4	2	57	48
84	4	2	58	10
84	4	2	59	34
84	4	2	60	7
84	4	2	62	24
84	4	2	63	27
84	7	1	0	28
84	7	1	1	24
84	7	1	2	48
84	7	1	4	33
84	7	1	5	13
84	7	1	7	2
84	7	1	8	32
84	7	1	9	18
84	7	1	10	44
84	7	1	12	40
84	7	1	13	12
84	7	1	15	6
84	7	1	16	26
84	7	1	17	21
84	7	1	18	46
84	7	1	20	35
84	7	1	21	16
84	7	1	23	4
84	7	1	24	30
84	7	1	25	20
84	7	1	26	42
84	7	1	28	37
84	7	1	29	9
84	7	1	31	7
84	7	1	32	27
84	7	1	33	23
84	7	1	34	47
84	7	1	36	34
84	7	1	37	14
84	7	1	39	1
84	7	1	40	31
84	7	1	41	17
84	7	1	42	43
84	7	1	44	39
84	7	1	45	11
84	7	1	47	5
84	7	1	48	25
84	7	1	49	22
84	7	1	50	45
84	7	1	52	36
84	7	1	53	15
84	7	1	55	3
84	7	1	56	29
84	7	1	57	19
84	7	1	58	41
84	7	1	60	38
84	7	1	61	10
84	7	1	63	8
84	7	2	1	24
84	7	2	2	38
84	7	2	3	3
84	7	2	4	46
84	7	2	5	13
84	7	2	6	32
84	7	2	9	18
84	7	2	10	36
84	7	2	11	7
84	7	2	12	44
84	7	2	13	12
84	7	2	14	25
84	7	2	17	22
84	7	2	18	40
84	7	2	19	1
84	7	2	20	47
84	7	2	21	16
84	7	2	22	30
84	7	2	25	19
84	7	2	26	34
84	7	2	27	5
84	7	2	28	42
84	7	2	29	10
84	7	2	30	28
84	7	2	33	23
84	7	2	34	37
84	7	2	35	4
84	7	2	36	45
84	7	2	37	14
84	7	2	38	31
84	7	2	41	17
84	7	2	42	35
84	7	2	43	8
84	7	2	44	43
84	7	2	45	11
84	7	2	46	26
84	7	2	49	21
84	7	2	50	39
84	7	2	51	2
84	7	2	52	48
84	7	2	53	15
84	7	2	54	29
84	7	2	57	20
84	7	2	58	33
84	7	2	59	6
84	7	2	60	41
84	7	2	61	9
84	7	2	62	27
85	4	1	2	28
85	4	1	3	14
85	4	1	4	48
85	4	1	5	8
85	4	1	6	40
85	4	1	7	19
85	4	1	10	29
85	4	1	11	12
85	4	1	12	41
85	4	1	13	1
85	4	1	14	36
85	4	1	15	23
85	4	1	18	26
85	4	1	19	16
85	4	1	20	46
85	4	1	21	5
85	4	1	22	38
85	4	1	23	17
85	4	1	26	32
85	4	1	27	9
85	4	1	28	44
85	4	1	29	4
85	4	1	30	34
85	4	1	31	21
85	4	1	34	27
85	4	1	35	13
85	4	1	36	47
85	4	1	37	7
85	4	1	38	39
85	4	1	39	20
85	4	1	42	30
85	4	1	43	11
85	4	1	44	42
85	4	1	45	2
85	4	1	46	35
85	4	1	47	24
85	4	1	50	25
85	4	1	51	15
85	4	1	52	45
85	4	1	53	6
85	4	1	54	37
85	4	1	55	18
85	4	1	58	31
85	4	1	59	10
85	4	1	60	43
85	4	1	61	3
85	4	1	62	33
85	4	1	63	22
85	4	2	2	32
85	4	2	3	13
85	4	2	4	48
85	4	2	5	7
85	4	2	6	34
85	4	2	7	24
85	4	2	10	28
85	4	2	11	9
85	4	2	12	42
85	4	2	13	4
85	4	2	14	40
85	4	2	15	18
85	4	2	18	29
85	4	2	19	16
85	4	2	20	45
85	4	2	21	6
85	4	2	22	35
85	4	2	23	22
85	4	2	26	26
85	4	2	27	12
85	4	2	28	44
85	4	2	29	2
85	4	2	30	37
85	4	2	31	19
85	4	2	34	31
85	4	2	35	14
85	4	2	36	47
85	4	2	37	8
85	4	2	38	33
85	4	2	39	23
85	4	2	42	27
85	4	2	43	10
85	4	2	44	41
85	4	2	45	3
85	4	2	46	39
85	4	2	47	17
85	4	2	50	30
85	4	2	51	15
85	4	2	52	46
85	4	2	53	5
85	4	2	54	36
85	4	2	55	21
85	4	2	58	25
85	4	2	59	11
85	4	2	60	43
85	4	2	61	1
85	4	2	62	38
85	4	2	63	20
85	7	1	0	45
85	7	1	1	6
85	7	1	2	33
85	7	1	3	10
85	7	1	6	25
85	7	1	7	18
85	7	1	8	44
85	7	1	9	2
85	7	1	10	39
85	7	1	11	13
85	7	1	14	32
85	7	1	15	24
85	7	1	16	47
85	7	1	17	7
85	7	1	18	35
85	7	1	19	11
85	7	1	22	27
85	7	1	23	20
85	7	1	24	41
85	7	1	25	4
85	7	1	26	38
85	7	1	27	15
85	7	1	30	30
85	7	1	31	21
85	7	1	32	46
85	7	1	33	5
85	7	1	34	34
85	7	1	35	9
85	7	1	38	26
85	7	1	39	17
85	7	1	40	43
85	7	1	41	1
85	7	1	42	40
85	7	1	43	14
85	7	1	46	31
85	7	1	47	23
85	7	1	48	48
85	7	1	49	8
85	7	1	50	36
85	7	1	51	12
85	7	1	54	28
85	7	1	55	19
85	7	1	56	42
85	7	1	57	3
85	7	1	58	37
85	7	1	59	16
85	7	1	62	29
85	7	1	63	22
85	7	2	0	9
85	7	2	1	35
85	7	2	2	1
85	7	2	3	43
85	7	2	4	19
85	7	2	5	30
85	7	2	8	14
85	7	2	9	38
85	7	2	10	6
85	7	2	11	45
85	7	2	12	22
85	7	2	13	26
85	7	2	16	12
85	7	2	17	33
85	7	2	18	4
85	7	2	19	42
85	7	2	20	18
85	7	2	21	32
85	7	2	24	15
85	7	2	25	39
85	7	2	26	8
85	7	2	27	48
85	7	2	28	24
85	7	2	29	28
85	7	2	32	10
85	7	2	33	36
85	7	2	34	2
85	7	2	35	44
85	7	2	36	20
85	7	2	37	29
85	7	2	40	13
85	7	2	41	37
85	7	2	42	5
85	7	2	43	46
85	7	2	44	21
85	7	2	45	25
85	7	2	48	11
85	7	2	49	34
85	7	2	50	3
85	7	2	51	41
85	7	2	52	17
85	7	2	53	31
85	7	2	56	16
85	7	2	57	40
85	7	2	58	7
85	7	2	59	47
85	7	2	60	23
85	7	2	61	27
86	2	1	1	42
86	2	1	2	24
86	2	1	3	25
86	2	1	4	3
86	2	1	6	9
86	2	1	7	36
86	2	1	9	48
86	2	1	10	18
86	2	1	11	32
86	2	1	12	6
86	2	1	14	13
86	2	1	15	39
86	2	1	17	43
86	2	1	18	21
86	2	1	19	28
86	2	1	20	1
86	2	1	22	11
86	2	1	23	34
86	2	1	25	46
86	2	1	26	19
86	2	1	27	29
86	2	1	28	8
86	2	1	30	15
86	2	1	31	38
86	2	1	33	41
86	2	1	34	23
86	2	1	35	26
86	2	1	36	4
86	2	1	38	10
86	2	1	39	35
86	2	1	41	47
86	2	1	42	17
86	2	1	43	31
86	2	1	44	5
86	2	1	46	14
86	2	1	47	40
86	2	1	49	44
86	2	1	50	22
86	2	1	51	27
86	2	1	52	2
86	2	1	54	12
86	2	1	55	33
86	2	1	57	45
86	2	1	58	20
86	2	1	59	30
86	2	1	60	7
86	2	1	62	16
86	2	1	63	37
86	2	2	0	39
86	2	2	1	16
86	2	2	2	44
86	2	2	3	6
86	2	2	4	27
86	2	2	5	20
86	2	2	8	34
86	2	2	9	9
86	2	2	10	45
86	2	2	11	3
86	2	2	12	31
86	2	2	13	24
86	2	2	16	37
86	2	2	17	14
86	2	2	18	42
86	2	2	19	8
86	2	2	20	26
86	2	2	21	17
86	2	2	24	36
86	2	2	25	12
86	2	2	26	48
86	2	2	27	1
86	2	2	28	29
86	2	2	29	22
86	2	2	32	40
86	2	2	33	15
86	2	2	34	43
86	2	2	35	5
86	2	2	36	28
86	2	2	37	19
86	2	2	40	33
86	2	2	41	10
86	2	2	42	46
86	2	2	43	4
86	2	2	44	32
86	2	2	45	23
86	2	2	48	38
86	2	2	49	13
86	2	2	50	41
86	2	2	51	7
86	2	2	52	25
86	2	2	53	18
86	2	2	56	35
86	2	2	57	11
86	2	2	58	47
86	2	2	59	2
86	2	2	60	30
86	2	2	61	21
86	4	1	0	11
86	4	1	1	29
86	4	1	2	7
86	4	1	4	19
86	4	1	5	39
86	4	1	7	44
86	4	1	8	13
86	4	1	9	28
86	4	1	10	2
86	4	1	12	23
86	4	1	13	35
86	4	1	15	46
86	4	1	16	9
86	4	1	17	32
86	4	1	18	5
86	4	1	20	18
86	4	1	21	38
86	4	1	23	42
86	4	1	24	16
86	4	1	25	26
86	4	1	26	4
86	4	1	28	22
86	4	1	29	34
86	4	1	31	47
86	4	1	32	12
86	4	1	33	30
86	4	1	34	8
86	4	1	36	20
86	4	1	37	40
86	4	1	39	43
86	4	1	40	14
86	4	1	41	27
86	4	1	42	1
86	4	1	44	24
86	4	1	45	36
86	4	1	47	45
86	4	1	48	10
86	4	1	49	31
86	4	1	50	6
86	4	1	52	17
86	4	1	53	37
86	4	1	55	41
86	4	1	56	15
86	4	1	57	25
86	4	1	58	3
86	4	1	60	21
86	4	1	61	33
86	4	1	63	48
86	4	2	1	7
86	4	2	2	31
86	4	2	3	24
86	4	2	4	44
86	4	2	6	39
86	4	2	7	14
86	4	2	9	2
86	4	2	10	27
86	4	2	11	18
86	4	2	12	48
86	4	2	14	36
86	4	2	15	9
86	4	2	17	5
86	4	2	18	30
86	4	2	19	21
86	4	2	20	41
86	4	2	22	38
86	4	2	23	15
86	4	2	25	4
86	4	2	26	26
86	4	2	27	19
86	4	2	28	45
86	4	2	30	34
86	4	2	31	11
86	4	2	33	8
86	4	2	34	32
86	4	2	35	23
86	4	2	36	43
86	4	2	38	40
86	4	2	39	13
86	4	2	41	1
86	4	2	42	28
86	4	2	43	17
86	4	2	44	47
86	4	2	46	35
86	4	2	47	10
86	4	2	49	6
86	4	2	50	29
86	4	2	51	22
86	4	2	52	42
86	4	2	54	37
86	4	2	55	16
86	4	2	57	3
86	4	2	58	25
86	4	2	59	20
86	4	2	60	46
86	4	2	62	33
86	4	2	63	12
86	7	1	2	9
86	7	1	3	35
86	7	1	4	3
86	7	1	5	48
86	7	1	6	17
86	7	1	7	29
86	7	1	10	13
86	7	1	11	37
86	7	1	12	6
86	7	1	13	43
86	7	1	14	21
86	7	1	15	28
86	7	1	18	11
86	7	1	19	33
86	7	1	20	2
86	7	1	21	46
86	7	1	22	19
86	7	1	23	31
86	7	1	26	16
86	7	1	27	39
86	7	1	28	7
86	7	1	29	41
86	7	1	30	24
86	7	1	31	26
86	7	1	34	10
86	7	1	35	36
86	7	1	36	4
86	7	1	37	47
86	7	1	38	18
86	7	1	39	30
86	7	1	42	14
86	7	1	43	38
86	7	1	44	5
86	7	1	45	44
86	7	1	46	22
86	7	1	47	27
86	7	1	50	12
86	7	1	51	34
86	7	1	52	1
86	7	1	53	45
86	7	1	54	20
86	7	1	55	32
86	7	1	58	15
86	7	1	59	40
86	7	1	60	8
86	7	1	61	42
86	7	1	62	23
86	7	1	63	25
86	7	2	0	2
86	7	2	2	11
86	7	2	3	37
86	7	2	5	48
86	7	2	6	22
86	7	2	7	29
86	7	2	8	6
86	7	2	10	15
86	7	2	11	33
86	7	2	13	44
86	7	2	14	19
86	7	2	15	25
86	7	2	16	4
86	7	2	18	10
86	7	2	19	39
86	7	2	21	45
86	7	2	22	24
86	7	2	23	31
86	7	2	24	8
86	7	2	26	14
86	7	2	27	35
86	7	2	29	41
86	7	2	30	17
86	7	2	31	28
86	7	2	32	1
86	7	2	34	12
86	7	2	35	38
86	7	2	37	47
86	7	2	38	21
86	7	2	39	30
86	7	2	40	5
86	7	2	42	16
86	7	2	43	34
86	7	2	45	43
86	7	2	46	20
86	7	2	47	26
86	7	2	48	3
86	7	2	50	9
86	7	2	51	40
86	7	2	53	46
86	7	2	54	23
86	7	2	55	32
86	7	2	56	7
86	7	2	58	13
86	7	2	59	36
86	7	2	61	42
86	7	2	62	18
86	7	2	63	27
87	2	1	0	28
87	2	1	1	7
87	2	1	3	16
87	2	1	4	39
87	2	1	6	41
87	2	1	7	23
87	2	1	8	29
87	2	1	9	3
87	2	1	11	10
87	2	1	12	35
87	2	1	14	45
87	2	1	15	18
87	2	1	16	26
87	2	1	17	6
87	2	1	19	13
87	2	1	20	37
87	2	1	22	43
87	2	1	23	21
87	2	1	24	32
87	2	1	25	2
87	2	1	27	12
87	2	1	28	34
87	2	1	30	48
87	2	1	31	20
87	2	1	32	27
87	2	1	33	8
87	2	1	35	15
87	2	1	36	40
87	2	1	38	42
87	2	1	39	24
87	2	1	40	30
87	2	1	41	4
87	2	1	43	9
87	2	1	44	36
87	2	1	46	46
87	2	1	47	17
87	2	1	48	25
87	2	1	49	5
87	2	1	51	14
87	2	1	52	38
87	2	1	54	44
87	2	1	55	22
87	2	1	56	31
87	2	1	57	1
87	2	1	59	11
87	2	1	60	33
87	2	1	62	47
87	2	1	63	19
87	2	2	1	26
87	2	2	2	18
87	2	2	4	1
87	2	2	5	33
87	2	2	6	11
87	2	2	7	41
87	2	2	9	32
87	2	2	10	23
87	2	2	12	6
87	2	2	13	39
87	2	2	14	14
87	2	2	15	48
87	2	2	17	27
87	2	2	18	20
87	2	2	20	3
87	2	2	21	36
87	2	2	22	9
87	2	2	23	43
87	2	2	25	29
87	2	2	26	21
87	2	2	28	8
87	2	2	29	37
87	2	2	30	15
87	2	2	31	46
87	2	2	33	25
87	2	2	34	17
87	2	2	36	2
87	2	2	37	34
87	2	2	38	12
87	2	2	39	42
87	2	2	41	31
87	2	2	42	24
87	2	2	44	5
87	2	2	45	40
87	2	2	46	13
87	2	2	47	47
87	2	2	49	28
87	2	2	50	19
87	2	2	52	4
87	2	2	53	35
87	2	2	54	10
87	2	2	55	44
87	2	2	57	30
87	2	2	58	22
87	2	2	60	7
87	2	2	61	38
87	2	2	62	16
87	2	2	63	45
87	3	1	1	31
87	3	1	2	20
87	3	1	3	45
87	3	1	4	1
87	3	1	5	38
87	3	1	6	11
87	3	1	9	26
87	3	1	10	21
87	3	1	11	42
87	3	1	12	6
87	3	1	13	34
87	3	1	14	13
87	3	1	17	29
87	3	1	18	18
87	3	1	19	47
87	3	1	20	3
87	3	1	21	40
87	3	1	22	9
87	3	1	25	27
87	3	1	26	23
87	3	1	27	43
87	3	1	28	8
87	3	1	29	35
87	3	1	30	16
87	3	1	33	32
87	3	1	34	19
87	3	1	35	46
87	3	1	36	2
87	3	1	37	37
87	3	1	38	12
87	3	1	41	25
87	3	1	42	22
87	3	1	43	41
87	3	1	44	5
87	3	1	45	33
87	3	1	46	14
87	3	1	49	30
87	3	1	50	17
87	3	1	51	48
87	3	1	52	4
87	3	1	53	39
87	3	1	54	10
87	3	1	57	28
87	3	1	58	24
87	3	1	59	44
87	3	1	60	7
87	3	1	61	36
87	3	1	62	15
87	3	2	0	48
87	3	2	2	30
87	3	2	3	10
87	3	2	5	2
87	3	2	6	37
87	3	2	7	19
87	3	2	8	41
87	3	2	10	26
87	3	2	11	15
87	3	2	13	5
87	3	2	14	34
87	3	2	15	24
87	3	2	16	45
87	3	2	18	32
87	3	2	19	11
87	3	2	21	3
87	3	2	22	40
87	3	2	23	18
87	3	2	24	44
87	3	2	26	28
87	3	2	27	14
87	3	2	29	8
87	3	2	30	36
87	3	2	31	21
87	3	2	32	47
87	3	2	34	29
87	3	2	35	9
87	3	2	37	1
87	3	2	38	38
87	3	2	39	20
87	3	2	40	42
87	3	2	42	25
87	3	2	43	16
87	3	2	45	6
87	3	2	46	33
87	3	2	47	23
87	3	2	48	46
87	3	2	50	31
87	3	2	51	12
87	3	2	53	4
87	3	2	54	39
87	3	2	55	17
87	3	2	56	43
87	3	2	58	27
87	3	2	59	13
87	3	2	61	7
87	3	2	62	35
87	3	2	63	22
87	4	1	0	8
87	4	1	2	17
87	4	1	3	35
87	4	1	5	41
87	4	1	6	9
87	4	1	7	25
87	4	1	8	2
87	4	1	10	22
87	4	1	11	37
87	4	1	13	45
87	4	1	14	16
87	4	1	15	29
87	4	1	16	6
87	4	1	18	20
87	4	1	19	34
87	4	1	21	44
87	4	1	22	11
87	4	1	23	27
87	4	1	24	3
87	4	1	26	23
87	4	1	27	40
87	4	1	29	48
87	4	1	30	14
87	4	1	31	31
87	4	1	32	7
87	4	1	34	18
87	4	1	35	36
87	4	1	37	42
87	4	1	38	10
87	4	1	39	26
87	4	1	40	1
87	4	1	42	21
87	4	1	43	38
87	4	1	45	46
87	4	1	46	15
87	4	1	47	30
87	4	1	48	5
87	4	1	50	19
87	4	1	51	33
87	4	1	53	43
87	4	1	54	12
87	4	1	55	28
87	4	1	56	4
87	4	1	58	24
87	4	1	59	39
87	4	1	61	47
87	4	1	62	13
87	4	1	63	32
87	4	2	1	46
87	4	2	2	15
87	4	2	3	35
87	4	2	4	8
87	4	2	6	20
87	4	2	7	30
87	4	2	9	44
87	4	2	10	10
87	4	2	11	40
87	4	2	12	3
87	4	2	14	23
87	4	2	15	28
87	4	2	17	48
87	4	2	18	13
87	4	2	19	33
87	4	2	20	6
87	4	2	22	17
87	4	2	23	31
87	4	2	25	42
87	4	2	26	11
87	4	2	27	37
87	4	2	28	2
87	4	2	30	22
87	4	2	31	25
87	4	2	33	45
87	4	2	34	16
87	4	2	35	36
87	4	2	36	7
87	4	2	38	19
87	4	2	39	29
87	4	2	41	43
87	4	2	42	9
87	4	2	43	39
87	4	2	44	4
87	4	2	46	24
87	4	2	47	27
87	4	2	49	47
87	4	2	50	14
87	4	2	51	34
87	4	2	52	5
87	4	2	54	18
87	4	2	55	32
87	4	2	57	41
87	4	2	58	12
87	4	2	59	38
87	4	2	60	1
87	4	2	62	21
87	4	2	63	26
87	5	1	1	5
87	5	1	2	31
87	5	1	3	20
87	5	1	4	45
87	5	1	6	36
87	5	1	7	12
87	5	1	9	4
87	5	1	10	27
87	5	1	11	22
87	5	1	12	43
87	5	1	14	37
87	5	1	15	13
87	5	1	17	7
87	5	1	18	30
87	5	1	19	17
87	5	1	20	47
87	5	1	22	33
87	5	1	23	10
87	5	1	25	1
87	5	1	26	25
87	5	1	27	24
87	5	1	28	42
87	5	1	30	39
87	5	1	31	15
87	5	1	33	6
87	5	1	34	32
87	5	1	35	19
87	5	1	36	46
87	5	1	38	35
87	5	1	39	11
87	5	1	41	3
87	5	1	42	28
87	5	1	43	21
87	5	1	44	44
87	5	1	46	38
87	5	1	47	14
87	5	1	49	8
87	5	1	50	29
87	5	1	51	18
87	5	1	52	48
87	5	1	54	34
87	5	1	55	9
87	5	1	57	2
87	5	1	58	26
87	5	1	59	23
87	5	1	60	41
87	5	1	62	40
87	5	1	63	16
87	5	2	0	17
87	5	2	3	38
87	5	2	4	14
87	5	2	5	42
87	5	2	6	1
87	5	2	7	32
87	5	2	8	24
87	5	2	11	34
87	5	2	12	11
87	5	2	13	48
87	5	2	14	5
87	5	2	15	25
87	5	2	16	20
87	5	2	19	39
87	5	2	20	16
87	5	2	21	43
87	5	2	22	3
87	5	2	23	29
87	5	2	24	21
87	5	2	27	36
87	5	2	28	9
87	5	2	29	46
87	5	2	30	8
87	5	2	31	27
87	5	2	32	18
87	5	2	35	37
87	5	2	36	13
87	5	2	37	41
87	5	2	38	2
87	5	2	39	31
87	5	2	40	23
87	5	2	43	33
87	5	2	44	12
87	5	2	45	47
87	5	2	46	6
87	5	2	47	26
87	5	2	48	19
87	5	2	51	40
87	5	2	52	15
87	5	2	53	44
87	5	2	54	4
87	5	2	55	30
87	5	2	56	22
87	5	2	59	35
87	5	2	60	10
87	5	2	61	45
87	5	2	62	7
87	5	2	63	28
87	6	1	0	5
87	6	1	1	27
87	6	1	2	17
87	6	1	5	38
87	6	1	6	10
87	6	1	7	45
87	6	1	8	1
87	6	1	9	32
87	6	1	10	23
87	6	1	13	33
87	6	1	14	13
87	6	1	15	41
87	6	1	16	8
87	6	1	17	26
87	6	1	18	19
87	6	1	21	40
87	6	1	22	12
87	6	1	23	47
87	6	1	24	4
87	6	1	25	30
87	6	1	26	21
87	6	1	29	35
87	6	1	30	16
87	6	1	31	44
87	6	1	32	6
87	6	1	33	28
87	6	1	34	18
87	6	1	37	37
87	6	1	38	9
87	6	1	39	46
87	6	1	40	2
87	6	1	41	31
87	6	1	42	24
87	6	1	45	34
87	6	1	46	14
87	6	1	47	42
87	6	1	48	7
87	6	1	49	25
87	6	1	50	20
87	6	1	53	39
87	6	1	54	11
87	6	1	55	48
87	6	1	56	3
87	6	1	57	29
87	6	1	58	22
87	6	1	61	36
87	6	1	62	15
87	6	1	63	43
87	6	2	0	31
87	6	2	1	5
87	6	2	2	48
87	6	2	3	11
87	6	2	4	33
87	6	2	7	19
87	6	2	8	27
87	6	2	9	2
87	6	2	10	41
87	6	2	11	14
87	6	2	12	37
87	6	2	15	21
87	6	2	16	29
87	6	2	17	8
87	6	2	18	45
87	6	2	19	10
87	6	2	20	36
87	6	2	23	18
87	6	2	24	26
87	6	2	25	4
87	6	2	26	43
87	6	2	27	16
87	6	2	28	39
87	6	2	31	23
87	6	2	32	32
87	6	2	33	6
87	6	2	34	47
87	6	2	35	12
87	6	2	36	34
87	6	2	39	20
87	6	2	40	28
87	6	2	41	1
87	6	2	42	42
87	6	2	43	13
87	6	2	44	38
87	6	2	47	22
87	6	2	48	30
87	6	2	49	7
87	6	2	50	46
87	6	2	51	9
87	6	2	52	35
87	6	2	55	17
87	6	2	56	25
87	6	2	57	3
87	6	2	58	44
87	6	2	59	15
87	6	2	60	40
87	6	2	63	24
89	1	1	1	24
89	1	1	2	40
89	1	1	3	1
89	1	1	4	43
89	1	1	5	14
89	1	1	6	32
89	1	1	9	19
89	1	1	10	34
89	1	1	11	7
89	1	1	12	46
89	1	1	13	9
89	1	1	14	26
89	1	1	17	22
89	1	1	18	37
89	1	1	19	3
89	1	1	20	42
89	1	1	21	15
89	1	1	22	30
89	1	1	25	17
89	1	1	26	35
89	1	1	27	5
89	1	1	28	47
89	1	1	29	11
89	1	1	30	28
89	1	1	33	23
89	1	1	34	39
89	1	1	35	2
89	1	1	36	44
89	1	1	37	13
89	1	1	38	31
89	1	1	41	20
89	1	1	42	33
89	1	1	43	8
89	1	1	44	45
89	1	1	45	10
89	1	1	46	25
89	1	1	49	21
89	1	1	50	38
89	1	1	51	4
89	1	1	52	41
89	1	1	53	16
89	1	1	54	29
89	1	1	57	18
89	1	1	58	36
89	1	1	59	6
89	1	1	60	48
89	1	1	61	12
89	1	1	62	27
89	1	2	1	37
89	1	2	2	9
89	1	2	4	6
89	1	2	5	25
89	1	2	6	19
89	1	2	7	48
89	1	2	9	34
89	1	2	10	16
89	1	2	12	3
89	1	2	13	31
89	1	2	14	21
89	1	2	15	42
89	1	2	17	39
89	1	2	18	11
89	1	2	20	7
89	1	2	21	28
89	1	2	22	17
89	1	2	23	46
89	1	2	25	36
89	1	2	26	13
89	1	2	28	2
89	1	2	29	30
89	1	2	30	24
89	1	2	31	43
89	1	2	33	38
89	1	2	34	10
89	1	2	36	5
89	1	2	37	26
89	1	2	38	20
89	1	2	39	47
89	1	2	41	33
89	1	2	42	15
89	1	2	44	4
89	1	2	45	32
89	1	2	46	22
89	1	2	47	41
89	1	2	49	40
89	1	2	50	12
89	1	2	52	8
89	1	2	53	27
89	1	2	54	18
89	1	2	55	45
89	1	2	57	35
89	1	2	58	14
89	1	2	60	1
89	1	2	61	29
89	1	2	62	23
89	1	2	63	44
90	2	1	0	29
90	2	1	1	17
90	2	1	2	46
90	2	1	3	1
90	2	1	4	34
90	2	1	5	10
90	2	1	8	28
90	2	1	9	21
90	2	1	10	41
90	2	1	11	6
90	2	1	12	40
90	2	1	13	14
90	2	1	16	31
90	2	1	17	19
90	2	1	18	48
90	2	1	19	3
90	2	1	20	36
90	2	1	21	11
90	2	1	24	25
90	2	1	25	23
90	2	1	26	44
90	2	1	27	7
90	2	1	28	38
90	2	1	29	16
90	2	1	32	30
90	2	1	33	18
90	2	1	34	45
90	2	1	35	2
90	2	1	36	33
90	2	1	37	9
90	2	1	40	27
90	2	1	41	22
90	2	1	42	42
90	2	1	43	5
90	2	1	44	39
90	2	1	45	13
90	2	1	48	32
90	2	1	49	20
90	2	1	50	47
90	2	1	51	4
90	2	1	52	35
90	2	1	53	12
90	2	1	56	26
90	2	1	57	24
90	2	1	58	43
90	2	1	59	8
90	2	1	60	37
90	2	1	61	15
90	2	2	0	27
90	2	2	3	18
90	2	2	4	35
90	2	2	5	4
90	2	2	6	45
90	2	2	7	10
90	2	2	8	30
90	2	2	11	22
90	2	2	12	38
90	2	2	13	5
90	2	2	14	41
90	2	2	15	16
90	2	2	16	26
90	2	2	19	20
90	2	2	20	34
90	2	2	21	1
90	2	2	22	47
90	2	2	23	12
90	2	2	24	31
90	2	2	27	24
90	2	2	28	39
90	2	2	29	8
90	2	2	30	43
90	2	2	31	13
90	2	2	32	28
90	2	2	35	17
90	2	2	36	36
90	2	2	37	3
90	2	2	38	46
90	2	2	39	9
90	2	2	40	29
90	2	2	43	21
90	2	2	44	37
90	2	2	45	6
90	2	2	46	42
90	2	2	47	15
90	2	2	48	25
90	2	2	51	19
90	2	2	52	33
90	2	2	53	2
90	2	2	54	48
90	2	2	55	11
90	2	2	56	32
90	2	2	59	23
90	2	2	60	40
90	2	2	61	7
90	2	2	62	44
90	2	2	63	14
90	3	1	1	12
90	3	1	2	32
90	3	1	4	41
90	3	1	5	24
90	3	1	6	39
90	3	1	7	5
90	3	1	9	15
90	3	1	10	27
90	3	1	12	45
90	3	1	13	17
90	3	1	14	36
90	3	1	15	1
90	3	1	17	9
90	3	1	18	30
90	3	1	20	44
90	3	1	21	21
90	3	1	22	38
90	3	1	23	7
90	3	1	25	13
90	3	1	26	25
90	3	1	28	48
90	3	1	29	20
90	3	1	30	33
90	3	1	31	4
90	3	1	33	11
90	3	1	34	31
90	3	1	36	42
90	3	1	37	23
90	3	1	38	40
90	3	1	39	6
90	3	1	41	16
90	3	1	42	28
90	3	1	44	46
90	3	1	45	18
90	3	1	46	35
90	3	1	47	2
90	3	1	49	10
90	3	1	50	29
90	3	1	52	43
90	3	1	53	22
90	3	1	54	37
90	3	1	55	8
90	3	1	57	14
90	3	1	58	26
90	3	1	60	47
90	3	1	61	19
90	3	1	62	34
90	3	1	63	3
90	3	2	0	6
90	3	2	1	46
90	3	2	2	17
90	3	2	3	39
90	3	2	6	10
90	3	2	7	26
90	3	2	8	3
90	3	2	9	42
90	3	2	10	23
90	3	2	11	33
90	3	2	14	16
90	3	2	15	30
90	3	2	16	7
90	3	2	17	47
90	3	2	18	19
90	3	2	19	37
90	3	2	22	11
90	3	2	23	27
90	3	2	24	1
90	3	2	25	44
90	3	2	26	22
90	3	2	27	35
90	3	2	30	14
90	3	2	31	32
90	3	2	32	5
90	3	2	33	45
90	3	2	34	18
90	3	2	35	40
90	3	2	38	9
90	3	2	39	25
90	3	2	40	4
90	3	2	41	41
90	3	2	42	24
90	3	2	43	34
90	3	2	46	15
90	3	2	47	29
90	3	2	48	8
90	3	2	49	48
90	3	2	50	20
90	3	2	51	38
90	3	2	54	12
90	3	2	55	28
90	3	2	56	2
90	3	2	57	43
90	3	2	58	21
90	3	2	59	36
90	3	2	62	13
90	3	2	63	31
90	4	1	0	13
90	4	1	1	42
90	4	1	3	34
90	4	1	4	21
90	4	1	6	5
90	4	1	7	27
90	4	1	8	9
90	4	1	9	45
90	4	1	11	37
90	4	1	12	17
90	4	1	14	4
90	4	1	15	29
90	4	1	16	16
90	4	1	17	43
90	4	1	19	36
90	4	1	20	23
90	4	1	22	8
90	4	1	23	25
90	4	1	24	12
90	4	1	25	48
90	4	1	27	39
90	4	1	28	20
90	4	1	30	1
90	4	1	31	31
90	4	1	32	14
90	4	1	33	41
90	4	1	35	33
90	4	1	36	22
90	4	1	38	6
90	4	1	39	28
90	4	1	40	10
90	4	1	41	46
90	4	1	43	38
90	4	1	44	18
90	4	1	46	3
90	4	1	47	30
90	4	1	48	15
90	4	1	49	44
90	4	1	51	35
90	4	1	52	24
90	4	1	54	7
90	4	1	55	26
90	4	1	56	11
90	4	1	57	47
90	4	1	59	40
90	4	1	60	19
90	4	1	62	2
90	4	1	63	32
90	4	2	0	27
90	4	2	1	18
90	4	2	3	3
90	4	2	4	39
90	4	2	5	12
90	4	2	6	41
90	4	2	8	31
90	4	2	9	24
90	4	2	11	8
90	4	2	12	36
90	4	2	13	14
90	4	2	14	48
90	4	2	16	26
90	4	2	17	20
90	4	2	19	2
90	4	2	20	37
90	4	2	21	9
90	4	2	22	44
90	4	2	24	30
90	4	2	25	21
90	4	2	27	6
90	4	2	28	34
90	4	2	29	16
90	4	2	30	45
90	4	2	32	28
90	4	2	33	17
90	4	2	35	4
90	4	2	36	40
90	4	2	37	11
90	4	2	38	42
90	4	2	40	32
90	4	2	41	23
90	4	2	43	7
90	4	2	44	35
90	4	2	45	13
90	4	2	46	47
90	4	2	48	25
90	4	2	49	19
90	4	2	51	1
90	4	2	52	38
90	4	2	53	10
90	4	2	54	43
90	4	2	56	29
90	4	2	57	22
90	4	2	59	5
90	4	2	60	33
90	4	2	61	15
90	4	2	62	46
90	7	1	0	31
90	7	1	3	13
90	7	1	4	33
90	7	1	5	3
90	7	1	6	47
90	7	1	7	23
90	7	1	8	27
90	7	1	11	10
90	7	1	12	37
90	7	1	13	8
90	7	1	14	44
90	7	1	15	17
90	7	1	16	30
90	7	1	19	16
90	7	1	20	35
90	7	1	21	2
90	7	1	22	45
90	7	1	23	21
90	7	1	24	25
90	7	1	27	11
90	7	1	28	40
90	7	1	29	6
90	7	1	30	42
90	7	1	31	19
90	7	1	32	32
90	7	1	35	14
90	7	1	36	34
90	7	1	37	4
90	7	1	38	48
90	7	1	39	24
90	7	1	40	28
90	7	1	43	9
90	7	1	44	38
90	7	1	45	7
90	7	1	46	43
90	7	1	47	18
90	7	1	48	29
90	7	1	51	15
90	7	1	52	36
90	7	1	53	1
90	7	1	54	46
90	7	1	55	22
90	7	1	56	26
90	7	1	59	12
90	7	1	60	39
90	7	1	61	5
90	7	1	62	41
90	7	1	63	20
90	7	2	1	25
90	7	2	2	10
90	7	2	4	1
90	7	2	5	36
90	7	2	6	19
90	7	2	7	46
90	7	2	9	30
90	7	2	10	13
90	7	2	12	6
90	7	2	13	38
90	7	2	14	24
90	7	2	15	43
90	7	2	17	27
90	7	2	18	12
90	7	2	20	4
90	7	2	21	33
90	7	2	22	17
90	7	2	23	48
90	7	2	25	32
90	7	2	26	15
90	7	2	28	8
90	7	2	29	39
90	7	2	30	22
90	7	2	31	41
90	7	2	33	26
90	7	2	34	9
90	7	2	36	2
90	7	2	37	35
90	7	2	38	20
90	7	2	39	45
90	7	2	41	29
90	7	2	42	14
90	7	2	44	5
90	7	2	45	37
90	7	2	46	23
90	7	2	47	44
90	7	2	49	28
90	7	2	50	11
90	7	2	52	3
90	7	2	53	34
90	7	2	54	18
90	7	2	55	47
90	7	2	57	31
90	7	2	58	16
90	7	2	60	7
90	7	2	61	40
90	7	2	62	21
90	7	2	63	42
91	4	1	0	8
91	4	1	1	27
91	4	1	2	23
91	4	1	3	41
91	4	1	5	34
91	4	1	6	15
91	4	1	8	4
91	4	1	9	32
91	4	1	10	19
91	4	1	11	46
91	4	1	13	40
91	4	1	14	9
91	4	1	16	6
91	4	1	17	25
91	4	1	18	21
91	4	1	19	43
91	4	1	21	36
91	4	1	22	14
91	4	1	24	1
91	4	1	25	29
91	4	1	26	18
91	4	1	27	48
91	4	1	29	37
91	4	1	30	12
91	4	1	32	7
91	4	1	33	28
91	4	1	34	24
91	4	1	35	42
91	4	1	37	33
91	4	1	38	16
91	4	1	40	3
91	4	1	41	31
91	4	1	42	20
91	4	1	43	45
91	4	1	45	39
91	4	1	46	10
91	4	1	48	5
91	4	1	49	26
91	4	1	50	22
91	4	1	51	44
91	4	1	53	35
91	4	1	54	13
91	4	1	56	2
91	4	1	57	30
91	4	1	58	17
91	4	1	59	47
91	4	1	61	38
91	4	1	62	11
91	4	2	0	21
91	4	2	3	40
91	4	2	4	15
91	4	2	5	41
91	4	2	6	5
91	4	2	7	25
91	4	2	8	20
91	4	2	11	36
91	4	2	12	11
91	4	2	13	47
91	4	2	14	3
91	4	2	15	30
91	4	2	16	23
91	4	2	19	37
91	4	2	20	14
91	4	2	21	43
91	4	2	22	8
91	4	2	23	28
91	4	2	24	17
91	4	2	27	34
91	4	2	28	9
91	4	2	29	46
91	4	2	30	1
91	4	2	31	32
91	4	2	32	22
91	4	2	35	39
91	4	2	36	16
91	4	2	37	42
91	4	2	38	6
91	4	2	39	26
91	4	2	40	19
91	4	2	43	35
91	4	2	44	12
91	4	2	45	48
91	4	2	46	4
91	4	2	47	29
91	4	2	48	24
91	4	2	51	38
91	4	2	52	13
91	4	2	53	44
91	4	2	54	7
91	4	2	55	27
91	4	2	56	18
91	4	2	59	33
91	4	2	60	10
91	4	2	61	45
91	4	2	62	2
91	4	2	63	31
91	7	1	1	32
91	7	1	2	17
91	7	1	3	48
91	7	1	4	4
91	7	1	5	34
91	7	1	6	12
91	7	1	9	27
91	7	1	10	21
91	7	1	11	42
91	7	1	12	7
91	7	1	13	38
91	7	1	14	14
91	7	1	17	30
91	7	1	18	19
91	7	1	19	46
91	7	1	20	1
91	7	1	21	35
91	7	1	22	9
91	7	1	25	25
91	7	1	26	23
91	7	1	27	44
91	7	1	28	6
91	7	1	29	40
91	7	1	30	16
91	7	1	33	31
91	7	1	34	18
91	7	1	35	47
91	7	1	36	3
91	7	1	37	33
91	7	1	38	11
91	7	1	41	28
91	7	1	42	22
91	7	1	43	41
91	7	1	44	8
91	7	1	45	37
91	7	1	46	13
91	7	1	49	29
91	7	1	50	20
91	7	1	51	45
91	7	1	52	2
91	7	1	53	36
91	7	1	54	10
91	7	1	57	26
91	7	1	58	24
91	7	1	59	43
91	7	1	60	5
91	7	1	61	39
91	7	1	62	15
91	7	2	1	22
91	7	2	2	38
91	7	2	3	4
91	7	2	4	47
91	7	2	5	10
91	7	2	6	29
91	7	2	9	17
91	7	2	10	36
91	7	2	11	5
91	7	2	12	44
91	7	2	13	15
91	7	2	14	25
91	7	2	17	23
91	7	2	18	39
91	7	2	19	1
91	7	2	20	46
91	7	2	21	12
91	7	2	22	32
91	7	2	25	20
91	7	2	26	34
91	7	2	27	7
91	7	2	28	41
91	7	2	29	13
91	7	2	30	28
91	7	2	33	21
91	7	2	34	37
91	7	2	35	3
91	7	2	36	48
91	7	2	37	9
91	7	2	38	30
91	7	2	41	18
91	7	2	42	35
91	7	2	43	6
91	7	2	44	43
91	7	2	45	16
91	7	2	46	26
91	7	2	49	24
91	7	2	50	40
91	7	2	51	2
91	7	2	52	45
91	7	2	53	11
91	7	2	54	31
91	7	2	57	19
91	7	2	58	33
91	7	2	59	8
91	7	2	60	42
91	7	2	61	14
91	7	2	62	27
92	2	1	0	23
92	2	1	1	48
92	2	1	3	25
92	2	1	4	13
92	2	1	6	1
92	2	1	7	33
92	2	1	8	18
92	2	1	9	41
92	2	1	11	30
92	2	1	12	11
92	2	1	14	6
92	2	1	15	37
92	2	1	16	22
92	2	1	17	45
92	2	1	19	27
92	2	1	20	15
92	2	1	22	4
92	2	1	23	35
92	2	1	24	20
92	2	1	25	43
92	2	1	27	31
92	2	1	28	9
92	2	1	30	7
92	2	1	31	40
92	2	1	32	24
92	2	1	33	47
92	2	1	35	26
92	2	1	36	14
92	2	1	38	2
92	2	1	39	34
92	2	1	40	17
92	2	1	41	42
92	2	1	43	29
92	2	1	44	12
92	2	1	46	5
92	2	1	47	38
92	2	1	48	21
92	2	1	49	46
92	2	1	51	28
92	2	1	52	16
92	2	1	54	3
92	2	1	55	36
92	2	1	56	19
92	2	1	57	44
92	2	1	59	32
92	2	1	60	10
92	2	1	62	8
92	2	1	63	39
92	2	2	1	41
92	2	2	2	18
92	2	2	3	25
92	2	2	4	2
92	2	2	6	15
92	2	2	7	37
92	2	2	9	47
92	2	2	10	24
92	2	2	11	29
92	2	2	12	6
92	2	2	14	11
92	2	2	15	35
92	2	2	17	44
92	2	2	18	20
92	2	2	19	28
92	2	2	20	3
92	2	2	22	14
92	2	2	23	40
92	2	2	25	46
92	2	2	26	22
92	2	2	27	32
92	2	2	28	8
92	2	2	30	9
92	2	2	31	34
92	2	2	33	42
92	2	2	34	17
92	2	2	35	26
92	2	2	36	1
92	2	2	38	16
92	2	2	39	38
92	2	2	41	48
92	2	2	42	23
92	2	2	43	30
92	2	2	44	5
92	2	2	46	12
92	2	2	47	36
92	2	2	49	43
92	2	2	50	19
92	2	2	51	27
92	2	2	52	4
92	2	2	54	13
92	2	2	55	39
92	2	2	57	45
92	2	2	58	21
92	2	2	59	31
92	2	2	60	7
92	2	2	62	10
92	2	2	63	33
92	3	1	0	44
92	3	1	1	13
92	3	1	2	25
92	3	1	3	5
92	3	1	5	20
92	3	1	6	39
92	3	1	8	47
92	3	1	9	11
92	3	1	10	29
92	3	1	11	1
92	3	1	13	21
92	3	1	14	33
92	3	1	16	41
92	3	1	17	15
92	3	1	18	27
92	3	1	19	8
92	3	1	21	18
92	3	1	22	38
92	3	1	24	46
92	3	1	25	10
92	3	1	26	32
92	3	1	27	4
92	3	1	29	24
92	3	1	30	35
92	3	1	32	43
92	3	1	33	14
92	3	1	34	26
92	3	1	35	6
92	3	1	37	19
92	3	1	38	40
92	3	1	40	48
92	3	1	41	12
92	3	1	42	30
92	3	1	43	2
92	3	1	45	22
92	3	1	46	34
92	3	1	48	42
92	3	1	49	16
92	3	1	50	28
92	3	1	51	7
92	3	1	53	17
92	3	1	54	37
92	3	1	56	45
92	3	1	57	9
92	3	1	58	31
92	3	1	59	3
92	3	1	61	23
92	3	1	62	36
92	3	2	1	1
92	3	2	2	25
92	3	2	3	15
92	3	2	4	42
92	3	2	6	36
92	3	2	7	24
92	3	2	9	5
92	3	2	10	30
92	3	2	11	10
92	3	2	12	48
92	3	2	14	39
92	3	2	15	18
92	3	2	17	3
92	3	2	18	28
92	3	2	19	14
92	3	2	20	43
92	3	2	22	34
92	3	2	23	22
92	3	2	25	7
92	3	2	26	32
92	3	2	27	11
92	3	2	28	46
92	3	2	30	37
92	3	2	31	20
92	3	2	33	2
92	3	2	34	26
92	3	2	35	16
92	3	2	36	41
92	3	2	38	35
92	3	2	39	23
92	3	2	41	6
92	3	2	42	29
92	3	2	43	9
92	3	2	44	47
92	3	2	46	40
92	3	2	47	17
92	3	2	49	4
92	3	2	50	27
92	3	2	51	13
92	3	2	52	44
92	3	2	54	33
92	3	2	55	21
92	3	2	57	8
92	3	2	58	31
92	3	2	59	12
92	3	2	60	45
92	3	2	62	38
92	3	2	63	19
92	4	1	0	42
92	4	1	1	7
92	4	1	2	26
92	4	1	3	16
92	4	1	6	40
92	4	1	7	23
92	4	1	8	45
92	4	1	9	2
92	4	1	10	32
92	4	1	11	12
92	4	1	14	35
92	4	1	15	19
92	4	1	16	43
92	4	1	17	6
92	4	1	18	28
92	4	1	19	14
92	4	1	22	38
92	4	1	23	21
92	4	1	24	47
92	4	1	25	4
92	4	1	26	30
92	4	1	27	10
92	4	1	30	34
92	4	1	31	17
92	4	1	32	41
92	4	1	33	8
92	4	1	34	25
92	4	1	35	15
92	4	1	38	39
92	4	1	39	24
92	4	1	40	46
92	4	1	41	1
92	4	1	42	31
92	4	1	43	11
92	4	1	46	36
92	4	1	47	20
92	4	1	48	44
92	4	1	49	5
92	4	1	50	27
92	4	1	51	13
92	4	1	54	37
92	4	1	55	22
92	4	1	56	48
92	4	1	57	3
92	4	1	58	29
92	4	1	59	9
92	4	1	62	33
92	4	1	63	18
92	4	2	0	34
92	4	2	1	15
92	4	2	4	30
92	4	2	5	19
92	4	2	6	44
92	4	2	7	5
92	4	2	8	38
92	4	2	9	12
92	4	2	12	26
92	4	2	13	23
92	4	2	14	48
92	4	2	15	2
92	4	2	16	36
92	4	2	17	14
92	4	2	20	32
92	4	2	21	17
92	4	2	22	42
92	4	2	23	8
92	4	2	24	40
92	4	2	25	10
92	4	2	28	27
92	4	2	29	22
92	4	2	30	46
92	4	2	31	4
92	4	2	32	33
92	4	2	33	16
92	4	2	36	29
92	4	2	37	20
92	4	2	38	43
92	4	2	39	6
92	4	2	40	37
92	4	2	41	11
92	4	2	44	25
92	4	2	45	24
92	4	2	46	47
92	4	2	47	1
92	4	2	48	35
92	4	2	49	13
92	4	2	52	31
92	4	2	53	18
92	4	2	54	41
92	4	2	55	7
92	4	2	56	39
92	4	2	57	9
92	4	2	60	28
92	4	2	61	21
92	4	2	62	45
92	4	2	63	3
92	6	1	2	18
92	6	1	3	30
92	6	1	4	2
92	6	1	5	48
92	6	1	6	16
92	6	1	7	33
92	6	1	10	21
92	6	1	11	27
92	6	1	12	5
92	6	1	13	41
92	6	1	14	12
92	6	1	15	38
92	6	1	18	20
92	6	1	19	32
92	6	1	20	3
92	6	1	21	46
92	6	1	22	13
92	6	1	23	36
92	6	1	26	24
92	6	1	27	26
92	6	1	28	7
92	6	1	29	44
92	6	1	30	10
92	6	1	31	39
92	6	1	34	17
92	6	1	35	29
92	6	1	36	1
92	6	1	37	47
92	6	1	38	15
92	6	1	39	34
92	6	1	42	22
92	6	1	43	28
92	6	1	44	6
92	6	1	45	42
92	6	1	46	11
92	6	1	47	37
92	6	1	50	19
92	6	1	51	31
92	6	1	52	4
92	6	1	53	45
92	6	1	54	14
92	6	1	55	35
92	6	1	58	23
92	6	1	59	25
92	6	1	60	8
92	6	1	61	43
92	6	1	62	9
92	6	1	63	40
92	6	2	1	19
92	6	2	2	27
92	6	2	3	2
92	6	2	4	44
92	6	2	5	11
92	6	2	6	40
92	6	2	9	24
92	6	2	10	29
92	6	2	11	5
92	6	2	12	46
92	6	2	13	14
92	6	2	14	34
92	6	2	17	17
92	6	2	18	25
92	6	2	19	3
92	6	2	20	42
92	6	2	21	10
92	6	2	22	38
92	6	2	25	21
92	6	2	26	32
92	6	2	27	7
92	6	2	28	47
92	6	2	29	16
92	6	2	30	36
92	6	2	33	20
92	6	2	34	28
92	6	2	35	1
92	6	2	36	43
92	6	2	37	12
92	6	2	38	39
92	6	2	41	23
92	6	2	42	30
92	6	2	43	6
92	6	2	44	45
92	6	2	45	13
92	6	2	46	33
92	6	2	49	18
92	6	2	50	26
92	6	2	51	4
92	6	2	52	41
92	6	2	53	9
92	6	2	54	37
92	6	2	57	22
92	6	2	58	31
92	6	2	59	8
92	6	2	60	48
92	6	2	61	15
92	6	2	62	35
93	2	1	0	4
93	2	1	1	39
93	2	1	2	11
93	2	1	3	46
93	2	1	5	32
93	2	1	6	22
93	2	1	8	7
93	2	1	9	36
93	2	1	10	14
93	2	1	11	43
93	2	1	13	27
93	2	1	14	18
93	2	1	16	1
93	2	1	17	37
93	2	1	18	10
93	2	1	19	48
93	2	1	21	30
93	2	1	22	24
93	2	1	24	5
93	2	1	25	33
93	2	1	26	16
93	2	1	27	42
93	2	1	29	25
93	2	1	30	19
93	2	1	32	3
93	2	1	33	40
93	2	1	34	12
93	2	1	35	45
93	2	1	37	31
93	2	1	38	21
93	2	1	40	8
93	2	1	41	35
93	2	1	42	13
93	2	1	43	44
93	2	1	45	28
93	2	1	46	17
93	2	1	48	2
93	2	1	49	38
93	2	1	50	9
93	2	1	51	47
93	2	1	53	29
93	2	1	54	23
93	2	1	56	6
93	2	1	57	34
93	2	1	58	15
93	2	1	59	41
93	2	1	61	26
93	2	1	62	20
93	2	2	1	41
93	2	2	2	17
93	2	2	3	35
93	2	2	4	3
93	2	2	6	11
93	2	2	7	32
93	2	2	9	48
93	2	2	10	23
93	2	2	11	37
93	2	2	12	6
93	2	2	14	16
93	2	2	15	28
93	2	2	17	44
93	2	2	18	19
93	2	2	19	33
93	2	2	20	2
93	2	2	22	10
93	2	2	23	29
93	2	2	25	45
93	2	2	26	22
93	2	2	27	40
93	2	2	28	7
93	2	2	30	13
93	2	2	31	25
93	2	2	33	42
93	2	2	34	18
93	2	2	35	36
93	2	2	36	4
93	2	2	38	12
93	2	2	39	31
93	2	2	41	47
93	2	2	42	24
93	2	2	43	38
93	2	2	44	5
93	2	2	46	15
93	2	2	47	27
93	2	2	49	43
93	2	2	50	20
93	2	2	51	34
93	2	2	52	1
93	2	2	54	9
93	2	2	55	30
93	2	2	57	46
93	2	2	58	21
93	2	2	59	39
93	2	2	60	8
93	2	2	62	14
93	2	2	63	26
93	3	1	1	40
93	3	1	2	21
93	3	1	4	8
93	3	1	5	32
93	3	1	6	10
93	3	1	7	41
93	3	1	9	35
93	3	1	10	17
93	3	1	12	4
93	3	1	13	27
93	3	1	14	14
93	3	1	15	47
93	3	1	17	38
93	3	1	18	23
93	3	1	20	5
93	3	1	21	30
93	3	1	22	11
93	3	1	23	43
93	3	1	25	34
93	3	1	26	20
93	3	1	28	1
93	3	1	29	25
93	3	1	30	15
93	3	1	31	45
93	3	1	33	39
93	3	1	34	22
93	3	1	36	7
93	3	1	37	31
93	3	1	38	9
93	3	1	39	42
93	3	1	41	36
93	3	1	42	18
93	3	1	44	3
93	3	1	45	28
93	3	1	46	13
93	3	1	47	48
93	3	1	49	37
93	3	1	50	24
93	3	1	52	6
93	3	1	53	29
93	3	1	54	12
93	3	1	55	44
93	3	1	57	33
93	3	1	58	19
93	3	1	60	2
93	3	1	61	26
93	3	1	62	16
93	3	1	63	46
93	3	2	0	13
93	3	2	1	37
93	3	2	4	22
93	3	2	5	29
93	3	2	6	1
93	3	2	7	43
93	3	2	8	9
93	3	2	9	34
93	3	2	12	19
93	3	2	13	27
93	3	2	14	6
93	3	2	15	47
93	3	2	16	15
93	3	2	17	40
93	3	2	20	24
93	3	2	21	31
93	3	2	22	4
93	3	2	23	42
93	3	2	24	12
93	3	2	25	35
93	3	2	28	17
93	3	2	29	26
93	3	2	30	8
93	3	2	31	46
93	3	2	32	14
93	3	2	33	38
93	3	2	36	21
93	3	2	37	30
93	3	2	38	2
93	3	2	39	44
93	3	2	40	10
93	3	2	41	33
93	3	2	44	20
93	3	2	45	28
93	3	2	46	5
93	3	2	47	48
93	3	2	48	16
93	3	2	49	39
93	3	2	52	23
93	3	2	53	32
93	3	2	54	3
93	3	2	55	41
93	3	2	56	11
93	3	2	57	36
93	3	2	60	18
93	3	2	61	25
93	3	2	62	7
93	3	2	63	45
93	4	1	0	41
93	4	1	2	26
93	4	1	3	17
93	4	1	5	8
93	4	1	6	39
93	4	1	7	9
93	4	1	8	45
93	4	1	10	32
93	4	1	11	24
93	4	1	13	3
93	4	1	14	33
93	4	1	15	15
93	4	1	16	43
93	4	1	18	27
93	4	1	19	20
93	4	1	21	5
93	4	1	22	38
93	4	1	23	11
93	4	1	24	48
93	4	1	26	29
93	4	1	27	21
93	4	1	29	2
93	4	1	30	36
93	4	1	31	14
93	4	1	32	42
93	4	1	34	25
93	4	1	35	18
93	4	1	37	7
93	4	1	38	40
93	4	1	39	10
93	4	1	40	46
93	4	1	42	31
93	4	1	43	23
93	4	1	45	4
93	4	1	46	34
93	4	1	47	16
93	4	1	48	44
93	4	1	50	28
93	4	1	51	19
93	4	1	53	6
93	4	1	54	37
93	4	1	55	12
93	4	1	56	47
93	4	1	58	30
93	4	1	59	22
93	4	1	61	1
93	4	1	62	35
93	4	1	63	13
93	4	2	0	14
93	4	2	1	42
93	4	2	3	30
93	4	2	4	19
93	4	2	6	6
93	4	2	7	33
93	4	2	8	12
93	4	2	9	45
93	4	2	11	27
93	4	2	12	23
93	4	2	14	3
93	4	2	15	39
93	4	2	16	15
93	4	2	17	43
93	4	2	19	32
93	4	2	20	18
93	4	2	22	8
93	4	2	23	36
93	4	2	24	10
93	4	2	25	48
93	4	2	27	25
93	4	2	28	21
93	4	2	30	1
93	4	2	31	37
93	4	2	32	13
93	4	2	33	41
93	4	2	35	29
93	4	2	36	20
93	4	2	38	5
93	4	2	39	34
93	4	2	40	11
93	4	2	41	46
93	4	2	43	28
93	4	2	44	24
93	4	2	46	4
93	4	2	47	40
93	4	2	48	16
93	4	2	49	44
93	4	2	51	31
93	4	2	52	17
93	4	2	54	7
93	4	2	55	35
93	4	2	56	9
93	4	2	57	47
93	4	2	59	26
93	4	2	60	22
93	4	2	62	2
93	4	2	63	38
93	6	1	0	21
93	6	1	1	46
93	6	1	2	1
93	6	1	3	27
93	6	1	4	11
93	6	1	7	34
93	6	1	8	19
93	6	1	9	42
93	6	1	10	7
93	6	1	11	30
93	6	1	12	13
93	6	1	15	37
93	6	1	16	23
93	6	1	17	47
93	6	1	18	4
93	6	1	19	26
93	6	1	20	9
93	6	1	23	36
93	6	1	24	18
93	6	1	25	44
93	6	1	26	6
93	6	1	27	32
93	6	1	28	15
93	6	1	31	39
93	6	1	32	22
93	6	1	33	45
93	6	1	34	2
93	6	1	35	28
93	6	1	36	12
93	6	1	39	33
93	6	1	40	20
93	6	1	41	41
93	6	1	42	8
93	6	1	43	29
93	6	1	44	14
93	6	1	47	38
93	6	1	48	24
93	6	1	49	48
93	6	1	50	3
93	6	1	51	25
93	6	1	52	10
93	6	1	55	35
93	6	1	56	17
93	6	1	57	43
93	6	1	58	5
93	6	1	59	31
93	6	1	60	16
93	6	1	63	40
94	2	1	0	42
94	2	1	1	24
94	2	1	2	40
94	2	1	5	15
94	2	1	6	28
94	2	1	7	1
94	2	1	8	47
94	2	1	9	19
94	2	1	10	34
94	2	1	13	10
94	2	1	14	32
94	2	1	15	5
94	2	1	16	44
94	2	1	17	21
94	2	1	18	38
94	2	1	21	13
94	2	1	22	26
94	2	1	23	4
94	2	1	24	46
94	2	1	25	17
94	2	1	26	35
94	2	1	29	12
94	2	1	30	30
94	2	1	31	7
94	2	1	32	41
94	2	1	33	23
94	2	1	34	39
94	2	1	37	16
94	2	1	38	27
94	2	1	39	2
94	2	1	40	48
94	2	1	41	20
94	2	1	42	33
94	2	1	45	9
94	2	1	46	31
94	2	1	47	6
94	2	1	48	43
94	2	1	49	22
94	2	1	50	37
94	2	1	53	14
94	2	1	54	25
94	2	1	55	3
94	2	1	56	45
94	2	1	57	18
94	2	1	58	36
94	2	1	61	11
94	2	1	62	29
94	2	1	63	8
94	2	2	0	22
94	2	2	1	37
94	2	2	4	10
94	2	2	5	30
94	2	2	6	3
94	2	2	7	42
94	2	2	8	17
94	2	2	9	35
94	2	2	12	14
94	2	2	13	28
94	2	2	14	5
94	2	2	15	46
94	2	2	16	24
94	2	2	17	40
94	2	2	20	12
94	2	2	21	32
94	2	2	22	1
94	2	2	23	43
94	2	2	24	20
94	2	2	25	33
94	2	2	28	16
94	2	2	29	25
94	2	2	30	8
94	2	2	31	47
94	2	2	32	21
94	2	2	33	38
94	2	2	36	9
94	2	2	37	29
94	2	2	38	4
94	2	2	39	41
94	2	2	40	18
94	2	2	41	36
94	2	2	44	13
94	2	2	45	27
94	2	2	46	6
94	2	2	47	45
94	2	2	48	23
94	2	2	49	39
94	2	2	52	11
94	2	2	53	31
94	2	2	54	2
94	2	2	55	44
94	2	2	56	19
94	2	2	57	34
94	2	2	60	15
94	2	2	61	26
94	2	2	62	7
94	2	2	63	48
94	3	1	0	42
94	3	1	2	32
94	3	1	3	14
94	3	1	5	8
94	3	1	6	38
94	3	1	7	23
94	3	1	8	45
94	3	1	10	28
94	3	1	11	11
94	3	1	13	2
94	3	1	14	35
94	3	1	15	18
94	3	1	16	44
94	3	1	18	29
94	3	1	19	16
94	3	1	21	6
94	3	1	22	39
94	3	1	23	22
94	3	1	24	48
94	3	1	26	25
94	3	1	27	9
94	3	1	29	3
94	3	1	30	33
94	3	1	31	19
94	3	1	32	41
94	3	1	34	31
94	3	1	35	13
94	3	1	37	7
94	3	1	38	37
94	3	1	39	24
94	3	1	40	46
94	3	1	42	27
94	3	1	43	12
94	3	1	45	1
94	3	1	46	36
94	3	1	47	17
94	3	1	48	43
94	3	1	50	30
94	3	1	51	15
94	3	1	53	5
94	3	1	54	40
94	3	1	55	21
94	3	1	56	47
94	3	1	58	26
94	3	1	59	10
94	3	1	61	4
94	3	1	62	34
94	3	1	63	20
94	3	2	1	39
94	3	2	2	15
94	3	2	3	43
94	3	2	4	3
94	3	2	5	31
94	3	2	6	18
94	3	2	9	33
94	3	2	10	12
94	3	2	11	48
94	3	2	12	6
94	3	2	13	27
94	3	2	14	23
94	3	2	17	38
94	3	2	18	14
94	3	2	19	42
94	3	2	20	1
94	3	2	21	30
94	3	2	22	19
94	3	2	25	36
94	3	2	26	10
94	3	2	27	45
94	3	2	28	7
94	3	2	29	25
94	3	2	30	21
94	3	2	33	40
94	3	2	34	16
94	3	2	35	44
94	3	2	36	4
94	3	2	37	32
94	3	2	38	17
94	3	2	41	34
94	3	2	42	11
94	3	2	43	47
94	3	2	44	5
94	3	2	45	28
94	3	2	46	24
94	3	2	49	37
94	3	2	50	13
94	3	2	51	41
94	3	2	52	2
94	3	2	53	29
94	3	2	54	20
94	3	2	57	35
94	3	2	58	9
94	3	2	59	46
94	3	2	60	8
94	3	2	61	26
94	3	2	62	22
94	4	1	0	3
94	4	1	1	31
94	4	1	2	15
94	4	1	3	48
94	4	1	5	36
94	4	1	6	19
94	4	1	8	7
94	4	1	9	26
94	4	1	10	9
94	4	1	11	41
94	4	1	13	40
94	4	1	14	23
94	4	1	16	2
94	4	1	17	30
94	4	1	18	13
94	4	1	19	45
94	4	1	21	34
94	4	1	22	18
94	4	1	24	6
94	4	1	25	27
94	4	1	26	12
94	4	1	27	44
94	4	1	29	38
94	4	1	30	22
94	4	1	32	4
94	4	1	33	32
94	4	1	34	16
94	4	1	35	47
94	4	1	37	35
94	4	1	38	20
94	4	1	40	8
94	4	1	41	25
94	4	1	42	10
94	4	1	43	42
94	4	1	45	39
94	4	1	46	24
94	4	1	48	1
94	4	1	49	29
94	4	1	50	14
94	4	1	51	46
94	4	1	53	33
94	4	1	54	17
94	4	1	56	5
94	4	1	57	28
94	4	1	58	11
94	4	1	59	43
94	4	1	61	37
94	4	1	62	21
94	4	2	0	48
94	4	2	1	22
94	4	2	2	28
94	4	2	3	1
94	4	2	5	14
94	4	2	6	40
94	4	2	8	43
94	4	2	9	17
94	4	2	10	32
94	4	2	11	8
94	4	2	13	9
94	4	2	14	34
94	4	2	16	46
94	4	2	17	23
94	4	2	18	26
94	4	2	19	3
94	4	2	21	15
94	4	2	22	38
94	4	2	24	41
94	4	2	25	19
94	4	2	26	29
94	4	2	27	5
94	4	2	29	11
94	4	2	30	35
94	4	2	32	47
94	4	2	33	21
94	4	2	34	27
94	4	2	35	2
94	4	2	37	13
94	4	2	38	39
94	4	2	40	44
94	4	2	41	18
94	4	2	42	31
94	4	2	43	7
94	4	2	45	10
94	4	2	46	33
94	4	2	48	45
94	4	2	49	24
94	4	2	50	25
94	4	2	51	4
94	4	2	53	16
94	4	2	54	37
94	4	2	56	42
94	4	2	57	20
94	4	2	58	30
94	4	2	59	6
94	4	2	61	12
94	4	2	62	36
94	5	1	0	2
94	5	1	1	33
94	5	1	2	21
94	5	1	3	44
94	5	1	5	26
94	5	1	6	13
94	5	1	8	8
94	5	1	9	37
94	5	1	10	20
94	5	1	11	47
94	5	1	13	32
94	5	1	14	12
94	5	1	16	4
94	5	1	17	35
94	5	1	18	23
94	5	1	19	41
94	5	1	21	28
94	5	1	22	15
94	5	1	24	5
94	5	1	25	40
94	5	1	26	18
94	5	1	27	46
94	5	1	29	30
94	5	1	30	10
94	5	1	32	1
94	5	1	33	34
94	5	1	34	22
94	5	1	35	43
94	5	1	37	25
94	5	1	38	14
94	5	1	40	7
94	5	1	41	38
94	5	1	42	19
94	5	1	43	48
94	5	1	45	31
94	5	1	46	11
94	5	1	48	3
94	5	1	49	36
94	5	1	50	24
94	5	1	51	42
94	5	1	53	27
94	5	1	54	16
94	5	1	56	6
94	5	1	57	39
94	5	1	58	17
94	5	1	59	45
94	5	1	61	29
94	5	1	62	9
94	5	2	0	27
94	5	2	1	10
94	5	2	4	37
94	5	2	5	17
94	5	2	6	42
94	5	2	7	2
94	5	2	8	32
94	5	2	9	15
94	5	2	12	36
94	5	2	13	21
94	5	2	14	46
94	5	2	15	6
94	5	2	16	26
94	5	2	17	12
94	5	2	20	40
94	5	2	21	19
94	5	2	22	44
94	5	2	23	3
94	5	2	24	30
94	5	2	25	14
94	5	2	28	33
94	5	2	29	23
94	5	2	30	47
94	5	2	31	8
94	5	2	32	28
94	5	2	33	9
94	5	2	36	38
94	5	2	37	18
94	5	2	38	41
94	5	2	39	1
94	5	2	40	31
94	5	2	41	16
94	5	2	44	35
94	5	2	45	22
94	5	2	46	45
94	5	2	47	5
94	5	2	48	25
94	5	2	49	11
94	5	2	52	39
94	5	2	53	20
94	5	2	54	43
94	5	2	55	4
94	5	2	56	29
94	5	2	57	13
94	5	2	60	34
94	5	2	61	24
94	5	2	62	48
94	5	2	63	7
94	6	1	2	35
94	6	1	3	10
94	6	1	4	44
94	6	1	5	8
94	6	1	6	25
94	6	1	7	21
94	6	1	10	39
94	6	1	11	14
94	6	1	12	45
94	6	1	13	3
94	6	1	14	31
94	6	1	15	19
94	6	1	18	34
94	6	1	19	12
94	6	1	20	42
94	6	1	21	5
94	6	1	22	27
94	6	1	23	24
94	6	1	26	37
94	6	1	27	15
94	6	1	28	48
94	6	1	29	1
94	6	1	30	29
94	6	1	31	17
94	6	1	34	36
94	6	1	35	9
94	6	1	36	43
94	6	1	37	7
94	6	1	38	26
94	6	1	39	22
94	6	1	42	40
94	6	1	43	13
94	6	1	44	46
94	6	1	45	4
94	6	1	46	32
94	6	1	47	20
94	6	1	50	33
94	6	1	51	11
94	6	1	52	41
94	6	1	53	6
94	6	1	54	28
94	6	1	55	23
94	6	1	58	38
94	6	1	59	16
94	6	1	60	47
94	6	1	61	2
94	6	1	62	30
94	6	1	63	18
94	6	2	0	36
94	6	2	1	4
94	6	2	2	42
94	6	2	3	16
94	6	2	4	30
94	6	2	7	21
94	6	2	8	39
94	6	2	9	5
94	6	2	10	46
94	6	2	11	11
94	6	2	12	26
94	6	2	15	20
94	6	2	16	33
94	6	2	17	2
94	6	2	18	43
94	6	2	19	14
94	6	2	20	31
94	6	2	23	23
94	6	2	24	37
94	6	2	25	7
94	6	2	26	48
94	6	2	27	9
94	6	2	28	27
94	6	2	31	17
94	6	2	32	35
94	6	2	33	3
94	6	2	34	41
94	6	2	35	15
94	6	2	36	29
94	6	2	39	22
94	6	2	40	40
94	6	2	41	6
94	6	2	42	45
94	6	2	43	12
94	6	2	44	25
94	6	2	47	19
94	6	2	48	34
94	6	2	49	1
94	6	2	50	44
94	6	2	51	13
94	6	2	52	32
94	6	2	55	24
94	6	2	56	38
94	6	2	57	8
94	6	2	58	47
94	6	2	59	10
94	6	2	60	28
94	6	2	63	18
